mode k UX UY UZ VOLT(zero: no VOLT dof)
  1.    1.   0.99960987E+00   0.00000000E+00   0.93286605E+00   0.00000000E+00
  1.    2.   0.99960987E+00   0.34337014E-09   0.93260019E+00   0.00000000E+00
  1.    3.   0.99960987E+00   0.58660543E-09   0.93182073E+00   0.00000000E+00
  1.    4.   0.99960987E+00   0.74195521E-09   0.93058080E+00   0.00000000E+00
  1.    5.   0.99960987E+00   0.89284329E-09   0.92896488E+00   0.00000000E+00
  1.    6.   0.99960987E+00   0.10139608E-08   0.92708309E+00   0.00000000E+00
  1.    7.   0.99960987E+00   0.10395920E-08   0.92506368E+00   0.00000000E+00
  1.    8.   0.99960987E+00   0.93731286E-09   0.92304426E+00   0.00000000E+00
  1.    9.   0.99960987E+00   0.74567610E-09   0.92116245E+00   0.00000000E+00
  1.   10.   0.99960987E+00   0.57334696E-09   0.91954650E+00   0.00000000E+00
  1.   11.   0.99960987E+00   0.46667579E-09   0.91830653E+00   0.00000000E+00
  1.   12.   0.99960987E+00   0.28882384E-09   0.91752705E+00   0.00000000E+00
  1.   13.   0.99960987E+00   0.00000000E+00   0.91726118E+00   0.00000000E+00
  1.   14.   0.99960987E+00   0.00000000E+00   0.94261888E+00   0.00000000E+00
  1.   15.   0.99960987E+00   0.21077764E-09   0.94202070E+00   0.00000000E+00
  1.   16.   0.99960987E+00   0.24607452E-09   0.94026694E+00   0.00000000E+00
  1.   17.   0.99960987E+00   0.17147936E-09   0.93747710E+00   0.00000000E+00
  1.   18.   0.99960987E+00   0.12809525E-09   0.93384131E+00   0.00000000E+00
  1.   19.   0.99960987E+00   0.10777068E-09   0.92960732E+00   0.00000000E+00
  1.   20.   0.99960987E+00   0.42148997E-10   0.92506366E+00   0.00000000E+00
  1.   21.   0.99960987E+00  -0.17558051E-09   0.92051996E+00   0.00000000E+00
  1.   22.   0.99960987E+00  -0.48307147E-09   0.91628587E+00   0.00000000E+00
  1.   23.   0.99960987E+00  -0.72009107E-09   0.91264994E+00   0.00000000E+00
  1.   24.   0.99960986E+00  -0.70589714E-09   0.90985996E+00   0.00000000E+00
  1.   25.   0.99960986E+00  -0.39585986E-09   0.90810610E+00   0.00000000E+00
  1.   26.   0.99960986E+00   0.00000000E+00   0.90750789E+00   0.00000000E+00
  1.   27.   0.99960987E+00   0.00000000E+00   0.95237168E+00   0.00000000E+00
  1.   28.   0.99960987E+00   0.18826308E-09   0.95144119E+00   0.00000000E+00
  1.   29.   0.99960987E+00   0.13450056E-09   0.94871311E+00   0.00000000E+00
  1.   30.   0.99960987E+00  -0.11559427E-09   0.94437339E+00   0.00000000E+00
  1.   31.   0.99960987E+00  -0.27929693E-09   0.93871774E+00   0.00000000E+00
  1.   32.   0.99960987E+00  -0.31631066E-09   0.93213156E+00   0.00000000E+00
  1.   33.   0.99960987E+00  -0.50206632E-09   0.92506367E+00   0.00000000E+00
  1.   34.   0.99960987E+00  -0.99785937E-09   0.91799570E+00   0.00000000E+00
  1.   35.   0.99960987E+00  -0.16110649E-08   0.91140932E+00   0.00000000E+00
  1.   36.   0.99960987E+00  -0.20595020E-08   0.90575339E+00   0.00000000E+00
  1.   37.   0.99960986E+00  -0.20266595E-08   0.90141337E+00   0.00000000E+00
  1.   38.   0.99960986E+00  -0.11980765E-08   0.89868509E+00   0.00000000E+00
  1.   39.   0.99960986E+00   0.00000000E+00   0.89775452E+00   0.00000000E+00
  1.   40.   0.99960988E+00   0.00000000E+00   0.96212446E+00   0.00000000E+00
  1.   41.   0.99960988E+00   0.17459212E-09   0.96086165E+00   0.00000000E+00
  1.   42.   0.99960988E+00  -0.11507809E-09   0.95715928E+00   0.00000000E+00
  1.   43.   0.99960987E+00  -0.54440589E-09   0.95126967E+00   0.00000000E+00
  1.   44.   0.99960987E+00  -0.90442122E-09   0.94359418E+00   0.00000000E+00
  1.   45.   0.99960987E+00  -0.96603592E-09   0.93465583E+00   0.00000000E+00
  1.   46.   0.99960987E+00  -0.11316196E-08   0.92506371E+00   0.00000000E+00
  1.   47.   0.99960987E+00  -0.17358166E-08   0.91547148E+00   0.00000000E+00
  1.   48.   0.99960987E+00  -0.26932019E-08   0.90653282E+00   0.00000000E+00
  1.   49.   0.99960986E+00  -0.34725957E-08   0.89885687E+00   0.00000000E+00
  1.   50.   0.99960986E+00  -0.35292583E-08   0.89296677E+00   0.00000000E+00
  1.   51.   0.99960986E+00  -0.20897168E-08   0.88926403E+00   0.00000000E+00
  1.   52.   0.99960986E+00   0.00000000E+00   0.88800109E+00   0.00000000E+00
  1.   53.   0.99960988E+00   0.00000000E+00   0.97187724E+00   0.00000000E+00
  1.   54.   0.99960988E+00   0.12811820E-09   0.97028211E+00   0.00000000E+00
  1.   55.   0.99960988E+00  -0.39462053E-09   0.96560544E+00   0.00000000E+00
  1.   56.   0.99960988E+00  -0.82699704E-09   0.95816596E+00   0.00000000E+00
  1.   57.   0.99960987E+00  -0.13839192E-08   0.94847063E+00   0.00000000E+00
  1.   58.   0.99960987E+00  -0.15614186E-08   0.93718012E+00   0.00000000E+00
  1.   59.   0.99960987E+00  -0.17893811E-08   0.92506378E+00   0.00000000E+00
  1.   60.   0.99960987E+00  -0.23804364E-08   0.91294731E+00   0.00000000E+00
  1.   61.   0.99960987E+00  -0.35306165E-08   0.90165637E+00   0.00000000E+00
  1.   62.   0.99960986E+00  -0.46987535E-08   0.89196039E+00   0.00000000E+00
  1.   63.   0.99960986E+00  -0.49052676E-08   0.88452019E+00   0.00000000E+00
  1.   64.   0.99960986E+00  -0.27365078E-08   0.87984297E+00   0.00000000E+00
  1.   65.   0.99960986E+00   0.00000000E+00   0.87824764E+00   0.00000000E+00
  1.   66.   0.99999999E+00   0.00000000E+00   0.97187724E+00   0.00000000E+00
  1.   67.   0.99999999E+00  -0.13472166E-09   0.97028211E+00   0.00000000E+00
  1.   68.   0.99999999E+00   0.37236398E-09   0.96560544E+00   0.00000000E+00
  1.   69.   0.99999999E+00   0.76233077E-09   0.95816596E+00   0.00000000E+00
  1.   70.   0.99999999E+00   0.12775037E-08   0.94847063E+00   0.00000000E+00
  1.   71.   0.99999999E+00   0.14639436E-08   0.93718012E+00   0.00000000E+00
  1.   72.   0.99999999E+00   0.17576112E-08   0.92506378E+00   0.00000000E+00
  1.   73.   0.99999999E+00   0.24149773E-08   0.91294731E+00   0.00000000E+00
  1.   74.   0.99999999E+00   0.36552945E-08   0.90165637E+00   0.00000000E+00
  1.   75.   0.10000000E+01   0.48175151E-08   0.89196039E+00   0.00000000E+00
  1.   76.   0.10000000E+01   0.50162248E-08   0.88452019E+00   0.00000000E+00
  1.   77.   0.10000000E+01   0.28008250E-08   0.87984297E+00   0.00000000E+00
  1.   78.   0.10000000E+01   0.00000000E+00   0.87824764E+00   0.00000000E+00
  2.    1.  -0.43421976E-01   0.00000000E+00  -0.92783544E-01   0.00000000E+00
  2.    2.  -0.43421976E-01  -0.10602503E-09  -0.87464161E-01   0.00000000E+00
  2.    3.  -0.43421976E-01  -0.18110988E-09  -0.71868519E-01   0.00000000E+00
  2.    4.  -0.43421976E-01  -0.22247518E-09  -0.47059435E-01   0.00000000E+00
  2.    5.  -0.43421976E-01  -0.24410911E-09  -0.14727607E-01   0.00000000E+00
  2.    6.  -0.43421976E-01  -0.25043941E-09   0.22923604E-01   0.00000000E+00
  2.    7.  -0.43421976E-01  -0.24270716E-09   0.63328331E-01   0.00000000E+00
  2.    8.  -0.43421975E-01  -0.21946264E-09   0.10373306E+00   0.00000000E+00
  2.    9.  -0.43421975E-01  -0.17518228E-09   0.14138427E+00   0.00000000E+00
  2.   10.  -0.43421975E-01  -0.10435110E-09   0.17371611E+00   0.00000000E+00
  2.   11.  -0.43421975E-01  -0.23689892E-10   0.19852519E+00   0.00000000E+00
  2.   12.  -0.43421975E-01   0.15593958E-10   0.21412084E+00   0.00000000E+00
  2.   13.  -0.43421975E-01   0.00000000E+00   0.21944023E+00   0.00000000E+00
  2.   14.  -0.43421976E-01   0.00000000E+00  -0.28792337E+00   0.00000000E+00
  2.   15.  -0.43421976E-01  -0.17810059E-09  -0.27595476E+00   0.00000000E+00
  2.   16.  -0.43421976E-01  -0.25816769E-09  -0.24086456E+00   0.00000000E+00
  2.   17.  -0.43421976E-01  -0.25680628E-09  -0.18504412E+00   0.00000000E+00
  2.   18.  -0.43421976E-01  -0.22336662E-09  -0.11229752E+00   0.00000000E+00
  2.   19.  -0.43421976E-01  -0.17618679E-09  -0.27582295E-01   0.00000000E+00
  2.   20.  -0.43421976E-01  -0.11770975E-09   0.63328338E-01   0.00000000E+00
  2.   21.  -0.43421975E-01  -0.40254532E-10   0.15423898E+00   0.00000000E+00
  2.   22.  -0.43421975E-01   0.64344079E-10   0.23895421E+00   0.00000000E+00
  2.   23.  -0.43421975E-01   0.18380549E-09   0.31170084E+00   0.00000000E+00
  2.   24.  -0.43421975E-01   0.28549496E-09   0.36752130E+00   0.00000000E+00
  2.   25.  -0.43421974E-01   0.24384624E-09   0.40261151E+00   0.00000000E+00
  2.   26.  -0.43421974E-01   0.00000000E+00   0.41458013E+00   0.00000000E+00
  2.   27.  -0.43421976E-01   0.00000000E+00  -0.48306320E+00   0.00000000E+00
  2.   28.  -0.43421976E-01  -0.31596928E-09  -0.46444536E+00   0.00000000E+00
  2.   29.  -0.43421976E-01  -0.41042610E-09  -0.40986060E+00   0.00000000E+00
  2.   30.  -0.43421976E-01  -0.33961852E-09  -0.32302881E+00   0.00000000E+00
  2.   31.  -0.43421976E-01  -0.23529449E-09  -0.20986742E+00   0.00000000E+00
  2.   32.  -0.43421976E-01  -0.14514100E-09  -0.78088193E-01   0.00000000E+00
  2.   33.  -0.43421976E-01  -0.57009227E-10   0.63328341E-01   0.00000000E+00
  2.   34.  -0.43421976E-01   0.53574219E-10   0.20474488E+00   0.00000000E+00
  2.   35.  -0.43421975E-01   0.20652282E-09   0.33652414E+00   0.00000000E+00
  2.   36.  -0.43421975E-01   0.39062555E-09   0.44968557E+00   0.00000000E+00
  2.   37.  -0.43421974E-01   0.55779430E-09   0.53651741E+00   0.00000000E+00
  2.   38.  -0.43421974E-01   0.47563107E-09   0.59110220E+00   0.00000000E+00
  2.   39.  -0.43421974E-01   0.00000000E+00   0.60972006E+00   0.00000000E+00
  2.   40.  -0.43421976E-01   0.00000000E+00  -0.67820303E+00   0.00000000E+00
  2.   41.  -0.43421976E-01  -0.50049412E-09  -0.65293595E+00   0.00000000E+00
  2.   42.  -0.43421976E-01  -0.50728821E-09  -0.57885663E+00   0.00000000E+00
  2.   43.  -0.43421976E-01  -0.33794058E-09  -0.46101348E+00   0.00000000E+00
  2.   44.  -0.43421976E-01  -0.17578873E-09  -0.30743732E+00   0.00000000E+00
  2.   45.  -0.43421976E-01  -0.76312154E-10  -0.12859409E+00   0.00000000E+00
  2.   46.  -0.43421976E-01   0.69461166E-12   0.63328341E-01   0.00000000E+00
  2.   47.  -0.43421976E-01   0.10941591E-09   0.25525079E+00   0.00000000E+00
  2.   48.  -0.43421975E-01   0.29835822E-09   0.43409406E+00   0.00000000E+00
  2.   49.  -0.43421974E-01   0.54568977E-09   0.58767030E+00   0.00000000E+00
  2.   50.  -0.43421974E-01   0.79078132E-09   0.70551353E+00   0.00000000E+00
  2.   51.  -0.43421973E-01   0.71861293E-09   0.77959291E+00   0.00000000E+00
  2.   52.  -0.43421973E-01   0.00000000E+00   0.80486002E+00   0.00000000E+00
  2.   53.  -0.43421976E-01   0.00000000E+00  -0.87334287E+00   0.00000000E+00
  2.   54.  -0.43421976E-01  -0.69396549E-09  -0.84142654E+00   0.00000000E+00
  2.   55.  -0.43421976E-01  -0.54351899E-09  -0.74785266E+00   0.00000000E+00
  2.   56.  -0.43421976E-01  -0.32618145E-09  -0.59899816E+00   0.00000000E+00
  2.   57.  -0.43421976E-01  -0.12208524E-09  -0.40500722E+00   0.00000000E+00
  2.   58.  -0.43421976E-01  -0.93018891E-13  -0.17909999E+00   0.00000000E+00
  2.   59.  -0.43421976E-01   0.83223234E-10   0.63328338E-01   0.00000000E+00
  2.   60.  -0.43421976E-01   0.20810265E-09   0.30575669E+00   0.00000000E+00
  2.   61.  -0.43421975E-01   0.46147494E-09   0.53166399E+00   0.00000000E+00
  2.   62.  -0.43421974E-01   0.74882298E-09   0.72565504E+00   0.00000000E+00
  2.   63.  -0.43421974E-01   0.10218617E-08   0.87450966E+00   0.00000000E+00
  2.   64.  -0.43421973E-01   0.10678943E-08   0.96808363E+00   0.00000000E+00
  2.   65.  -0.43421973E-01   0.00000000E+00   0.10000000E+01   0.00000000E+00
  2.   66.  -0.51227569E-01   0.00000000E+00  -0.87334287E+00   0.00000000E+00
  2.   67.  -0.51227569E-01   0.68187730E-09  -0.84142654E+00   0.00000000E+00
  2.   68.  -0.51227569E-01   0.53006309E-09  -0.74785266E+00   0.00000000E+00
  2.   69.  -0.51227569E-01   0.33636742E-09  -0.59899816E+00   0.00000000E+00
  2.   70.  -0.51227569E-01   0.16349968E-09  -0.40500722E+00   0.00000000E+00
  2.   71.  -0.51227569E-01   0.57047164E-10  -0.17909999E+00   0.00000000E+00
  2.   72.  -0.51227569E-01  -0.20559813E-10   0.63328338E-01   0.00000000E+00
  2.   73.  -0.51227570E-01  -0.13399565E-09   0.30575669E+00   0.00000000E+00
  2.   74.  -0.51227570E-01  -0.36236327E-09   0.53166399E+00   0.00000000E+00
  2.   75.  -0.51227571E-01  -0.66435894E-09   0.72565504E+00   0.00000000E+00
  2.   76.  -0.51227572E-01  -0.94360387E-09   0.87450966E+00   0.00000000E+00
  2.   77.  -0.51227572E-01  -0.10213029E-08   0.96808363E+00   0.00000000E+00
  2.   78.  -0.51227572E-01   0.00000000E+00   0.10000000E+01   0.00000000E+00
  3.    1.  -0.64481133E+00   0.00000000E+00   0.74292394E+00   0.00000000E+00
  3.    2.  -0.64481133E+00   0.18859636E-10   0.74117201E+00   0.00000000E+00
  3.    3.  -0.64481133E+00  -0.10593431E-09   0.73603561E+00   0.00000000E+00
  3.    4.  -0.64481133E+00  -0.32488906E-09   0.72786478E+00   0.00000000E+00
  3.    5.  -0.64481133E+00  -0.46958173E-09   0.71721636E+00   0.00000000E+00
  3.    6.  -0.64481132E+00  -0.51810911E-09   0.70481601E+00   0.00000000E+00
  3.    7.  -0.64481132E+00  -0.52912765E-09   0.69150880E+00   0.00000000E+00
  3.    8.  -0.64481132E+00  -0.52333586E-09   0.67820159E+00   0.00000000E+00
  3.    9.  -0.64481132E+00  -0.47242423E-09   0.66580124E+00   0.00000000E+00
  3.   10.  -0.64481132E+00  -0.32606681E-09   0.65515283E+00   0.00000000E+00
  3.   11.  -0.64481132E+00  -0.12406163E-09   0.64698202E+00   0.00000000E+00
  3.   12.  -0.64481132E+00   0.50622659E-12   0.64184563E+00   0.00000000E+00
  3.   13.  -0.64481132E+00   0.00000000E+00   0.64009371E+00   0.00000000E+00
  3.   14.  -0.64481133E+00   0.00000000E+00   0.80719293E+00   0.00000000E+00
  3.   15.  -0.64481133E+00   0.31455265E-09   0.80325108E+00   0.00000000E+00
  3.   16.  -0.64481133E+00   0.30302532E-09   0.79169418E+00   0.00000000E+00
  3.   17.  -0.64481133E+00   0.10428832E-09   0.77330981E+00   0.00000000E+00
  3.   18.  -0.64481133E+00  -0.69595380E-10   0.74935084E+00   0.00000000E+00
  3.   19.  -0.64481133E+00  -0.17619532E-09   0.72145004E+00   0.00000000E+00
  3.   20.  -0.64481132E+00  -0.18556383E-09   0.69150881E+00   0.00000000E+00
  3.   21.  -0.64481132E+00  -0.91334013E-10   0.66156759E+00   0.00000000E+00
  3.   22.  -0.64481132E+00   0.12645459E-09   0.63366683E+00   0.00000000E+00
  3.   23.  -0.64481132E+00   0.41589328E-09   0.60970791E+00   0.00000000E+00
  3.   24.  -0.64481132E+00   0.68249591E-09   0.59132361E+00   0.00000000E+00
  3.   25.  -0.64481132E+00   0.57328672E-09   0.57976677E+00   0.00000000E+00
  3.   26.  -0.64481132E+00   0.00000000E+00   0.57582495E+00   0.00000000E+00
  3.   27.  -0.64481133E+00   0.00000000E+00   0.87146194E+00   0.00000000E+00
  3.   28.  -0.64481133E+00   0.63479841E-09   0.86533017E+00   0.00000000E+00
  3.   29.  -0.64481133E+00   0.77665944E-09   0.84735274E+00   0.00000000E+00
  3.   30.  -0.64481133E+00   0.57268810E-09   0.81875482E+00   0.00000000E+00
  3.   31.  -0.64481133E+00   0.30096733E-09   0.78148531E+00   0.00000000E+00
  3.   32.  -0.64481133E+00   0.10913495E-09   0.73808407E+00   0.00000000E+00
  3.   33.  -0.64481132E+00   0.90038401E-10   0.69150882E+00   0.00000000E+00
  3.   34.  -0.64481132E+00   0.27617512E-09   0.64493358E+00   0.00000000E+00
  3.   35.  -0.64481132E+00   0.67040362E-09   0.60153239E+00   0.00000000E+00
  3.   36.  -0.64481132E+00   0.11654152E-08   0.56426299E+00   0.00000000E+00
  3.   37.  -0.64481132E+00   0.15382069E-08   0.53566523E+00   0.00000000E+00
  3.   38.  -0.64481132E+00   0.11679254E-08   0.51768796E+00   0.00000000E+00
  3.   39.  -0.64481132E+00   0.00000000E+00   0.51155625E+00   0.00000000E+00
  3.   40.  -0.64481133E+00   0.00000000E+00   0.93573096E+00   0.00000000E+00
  3.   41.  -0.64481133E+00   0.10632922E-08   0.92740926E+00   0.00000000E+00
  3.   42.  -0.64481133E+00   0.11995699E-08   0.90301130E+00   0.00000000E+00
  3.   43.  -0.64481133E+00   0.88639815E-09   0.86419981E+00   0.00000000E+00
  3.   44.  -0.64481133E+00   0.55614535E-09   0.81361975E+00   0.00000000E+00
  3.   45.  -0.64481132E+00   0.29828263E-09   0.75471808E+00   0.00000000E+00
  3.   46.  -0.64481132E+00   0.19414137E-09   0.69150881E+00   0.00000000E+00
  3.   47.  -0.64481132E+00   0.38025854E-09   0.62829955E+00   0.00000000E+00
  3.   48.  -0.64481132E+00   0.10251740E-08   0.56939793E+00   0.00000000E+00
  3.   49.  -0.64481132E+00   0.18429405E-08   0.51881806E+00   0.00000000E+00
  3.   50.  -0.64481132E+00   0.24076839E-08   0.48000685E+00   0.00000000E+00
  3.   51.  -0.64481132E+00   0.17794985E-08   0.45560917E+00   0.00000000E+00
  3.   52.  -0.64481132E+00   0.00000000E+00   0.44728759E+00   0.00000000E+00
  3.   53.  -0.64481133E+00   0.00000000E+00   0.10000000E+01   0.00000000E+00
  3.   54.  -0.64481133E+00   0.15319481E-08   0.98948835E+00   0.00000000E+00
  3.   55.  -0.64481133E+00   0.15232696E-08   0.95866985E+00   0.00000000E+00
  3.   56.  -0.64481133E+00   0.10934137E-08   0.90964480E+00   0.00000000E+00
  3.   57.  -0.64481133E+00   0.73959676E-09   0.84575419E+00   0.00000000E+00
  3.   58.  -0.64481132E+00   0.40362563E-09   0.77135207E+00   0.00000000E+00
  3.   59.  -0.64481132E+00   0.24550125E-09   0.69150880E+00   0.00000000E+00
  3.   60.  -0.64481132E+00   0.45882464E-09   0.61166551E+00   0.00000000E+00
  3.   61.  -0.64481132E+00   0.13711031E-08   0.53726346E+00   0.00000000E+00
  3.   62.  -0.64481132E+00   0.25117430E-08   0.47337310E+00   0.00000000E+00
  3.   63.  -0.64481132E+00   0.32495383E-08   0.42434847E+00   0.00000000E+00
  3.   64.  -0.64481132E+00   0.23884571E-08   0.39353040E+00   0.00000000E+00
  3.   65.  -0.64481132E+00   0.00000000E+00   0.38301896E+00   0.00000000E+00
  3.   66.  -0.64224057E+00   0.00000000E+00   0.10000000E+01   0.00000000E+00
  3.   67.  -0.64224057E+00  -0.15313838E-08   0.98948835E+00   0.00000000E+00
  3.   68.  -0.64224057E+00  -0.15315980E-08   0.95866985E+00   0.00000000E+00
  3.   69.  -0.64224057E+00  -0.11400850E-08   0.90964480E+00   0.00000000E+00
  3.   70.  -0.64224057E+00  -0.82337381E-09   0.84575419E+00   0.00000000E+00
  3.   71.  -0.64224057E+00  -0.48265919E-09   0.77135207E+00   0.00000000E+00
  3.   72.  -0.64224057E+00  -0.28242010E-09   0.69150880E+00   0.00000000E+00
  3.   73.  -0.64224057E+00  -0.45509687E-09   0.61166551E+00   0.00000000E+00
  3.   74.  -0.64224057E+00  -0.13040402E-08   0.53726346E+00   0.00000000E+00
  3.   75.  -0.64224057E+00  -0.24388337E-08   0.47337310E+00   0.00000000E+00
  3.   76.  -0.64224057E+00  -0.31823193E-08   0.42434847E+00   0.00000000E+00
  3.   77.  -0.64224057E+00  -0.23488568E-08   0.39353040E+00   0.00000000E+00
  3.   78.  -0.64224057E+00   0.00000000E+00   0.38301896E+00   0.00000000E+00
  4.    1.  -0.20843601E-02   0.00000000E+00   0.42047852E-01   0.00000000E+00
  4.    2.  -0.20221741E-02   0.57249878E-03   0.36414509E-01   0.00000000E+00
  4.    3.  -0.18346751E-02   0.10934796E-02   0.21023929E-01   0.00000000E+00
  4.    4.  -0.15221377E-02   0.15222595E-02   0.55160429E-08   0.00000000E+00
  4.    5.  -0.10933577E-02   0.18347969E-02  -0.21023919E-01   0.00000000E+00
  4.    6.  -0.57237689E-03   0.20222959E-02  -0.36414501E-01   0.00000000E+00
  4.    7.   0.12193089E-06   0.20844819E-02  -0.42047848E-01   0.00000000E+00
  4.    8.   0.57262077E-03   0.20222959E-02  -0.36414510E-01   0.00000000E+00
  4.    9.   0.10936017E-02   0.18347969E-02  -0.21023936E-01   0.00000000E+00
  4.   10.   0.15223817E-02   0.15222596E-02  -0.17604216E-07   0.00000000E+00
  4.   11.   0.18349191E-02   0.10934796E-02   0.21023902E-01   0.00000000E+00
  4.   12.   0.20224182E-02   0.57249883E-03   0.36414480E-01   0.00000000E+00
  4.   13.   0.20846042E-02   0.00000000E+00   0.42047824E-01   0.00000000E+00
  4.   14.  -0.36555107E-02   0.00000000E+00   0.18301484E+00   0.00000000E+00
  4.   15.  -0.35841440E-02   0.11446772E-02   0.15849551E+00   0.00000000E+00
  4.   16.  -0.33437458E-02   0.21361160E-02   0.91507434E-01   0.00000000E+00
  4.   17.  -0.28754686E-02   0.28755904E-02   0.24707897E-07   0.00000000E+00
  4.   18.  -0.21359942E-02   0.33438676E-02  -0.91507387E-01   0.00000000E+00
  4.   19.  -0.11445553E-02   0.35842658E-02  -0.15849547E+00   0.00000000E+00
  4.   20.   0.12186416E-06   0.36556326E-02  -0.18301481E+00   0.00000000E+00
  4.   21.   0.11447991E-02   0.35842659E-02  -0.15849549E+00   0.00000000E+00
  4.   22.   0.21362381E-02   0.33438677E-02  -0.91507430E-01   0.00000000E+00
  4.   23.   0.28757126E-02   0.28755905E-02  -0.30874957E-07   0.00000000E+00
  4.   24.   0.33439899E-02   0.21361162E-02   0.91507374E-01   0.00000000E+00
  4.   25.   0.35843882E-02   0.11446773E-02   0.15849545E+00   0.00000000E+00
  4.   26.   0.36557550E-02   0.00000000E+00   0.18301479E+00   0.00000000E+00
  4.   27.  -0.50783365E-02   0.00000000E+00   0.40337240E+00   0.00000000E+00
  4.   28.  -0.49937770E-02   0.16446314E-02   0.34933075E+00   0.00000000E+00
  4.   29.  -0.46940278E-02   0.30520475E-02   0.20168622E+00   0.00000000E+00
  4.   30.  -0.40743802E-02   0.40745020E-02   0.45519485E-07   0.00000000E+00
  4.   31.  -0.30519257E-02   0.46941497E-02  -0.20168613E+00   0.00000000E+00
  4.   32.  -0.16445097E-02   0.49938989E-02  -0.34933068E+00   0.00000000E+00
  4.   33.   0.12175703E-06   0.50784585E-02  -0.40337235E+00   0.00000000E+00
  4.   34.   0.16447533E-02   0.49938990E-02  -0.34933072E+00   0.00000000E+00
  4.   35.   0.30521695E-02   0.46941499E-02  -0.20168621E+00   0.00000000E+00
  4.   36.   0.40746243E-02   0.40745023E-02  -0.48540415E-07   0.00000000E+00
  4.   37.   0.46942722E-02   0.30520478E-02   0.20168613E+00   0.00000000E+00
  4.   38.   0.49940215E-02   0.16446317E-02   0.34933067E+00   0.00000000E+00
  4.   39.   0.50785811E-02   0.00000000E+00   0.40337233E+00   0.00000000E+00
  4.   40.  -0.60171055E-02   0.00000000E+00   0.68262432E+00   0.00000000E+00
  4.   41.  -0.59632326E-02   0.21215071E-02   0.59117000E+00   0.00000000E+00
  4.   42.  -0.57167383E-02   0.38846652E-02   0.34131219E+00   0.00000000E+00
  4.   43.  -0.50806496E-02   0.50807714E-02   0.66617492E-07   0.00000000E+00
  4.   44.  -0.38845435E-02   0.57168602E-02  -0.34131206E+00   0.00000000E+00
  4.   45.  -0.21213854E-02   0.59633545E-02  -0.59116990E+00   0.00000000E+00
  4.   46.   0.12160200E-06   0.60172275E-02  -0.68262425E+00   0.00000000E+00
  4.   47.   0.21216288E-02   0.59633548E-02  -0.59116997E+00   0.00000000E+00
  4.   48.   0.38847872E-02   0.57168607E-02  -0.34131218E+00   0.00000000E+00
  4.   49.   0.50808939E-02   0.50807720E-02  -0.70598488E-07   0.00000000E+00
  4.   50.   0.57169829E-02   0.38846658E-02   0.34131207E+00   0.00000000E+00
  4.   51.   0.59634774E-02   0.21215075E-02   0.59116992E+00   0.00000000E+00
  4.   52.   0.60173504E-02   0.00000000E+00   0.68262426E+00   0.00000000E+00
  4.   53.  -0.66594980E-02   0.00000000E+00   0.99999378E+00   0.00000000E+00
  4.   54.  -0.66463654E-02   0.25215070E-02   0.86602002E+00   0.00000000E+00
  4.   55.  -0.64826286E-02   0.45688339E-02   0.49999692E+00   0.00000000E+00
  4.   56.  -0.58771033E-02   0.58772251E-02   0.88096497E-07   0.00000000E+00
  4.   57.  -0.45687122E-02   0.64827506E-02  -0.49999675E+00   0.00000000E+00
  4.   58.  -0.25213853E-02   0.66464874E-02  -0.86601988E+00   0.00000000E+00
  4.   59.   0.12141097E-06   0.66596200E-02  -0.99999370E+00   0.00000000E+00
  4.   60.   0.25216284E-02   0.66464878E-02  -0.86602000E+00   0.00000000E+00
  4.   61.   0.45689560E-02   0.64827512E-02  -0.49999693E+00   0.00000000E+00
  4.   62.   0.58773477E-02   0.58772259E-02  -0.96836205E-07   0.00000000E+00
  4.   63.   0.64828735E-02   0.45688347E-02   0.49999678E+00   0.00000000E+00
  4.   64.   0.66466105E-02   0.25215076E-02   0.86601993E+00   0.00000000E+00
  4.   65.   0.66597431E-02   0.00000000E+00   0.99999374E+00   0.00000000E+00
  4.   66.   0.66597427E-02   0.00000000E+00   0.99999378E+00   0.00000000E+00
  4.   67.   0.66466102E-02  -0.25215069E-02   0.86602002E+00   0.00000000E+00
  4.   68.   0.64828733E-02  -0.45688338E-02   0.49999692E+00   0.00000000E+00
  4.   69.   0.58773480E-02  -0.58772251E-02   0.88096564E-07   0.00000000E+00
  4.   70.   0.45689569E-02  -0.64827506E-02  -0.49999675E+00   0.00000000E+00
  4.   71.   0.25216299E-02  -0.66464874E-02  -0.86601988E+00   0.00000000E+00
  4.   72.   0.12324371E-06  -0.66596200E-02  -0.99999370E+00   0.00000000E+00
  4.   73.  -0.25213838E-02  -0.66464878E-02  -0.86602000E+00   0.00000000E+00
  4.   74.  -0.45687113E-02  -0.64827512E-02  -0.49999693E+00   0.00000000E+00
  4.   75.  -0.58771030E-02  -0.58772259E-02  -0.96836286E-07   0.00000000E+00
  4.   76.  -0.64826288E-02  -0.45688347E-02   0.49999678E+00   0.00000000E+00
  4.   77.  -0.66463659E-02  -0.25215076E-02   0.86601993E+00   0.00000000E+00
  4.   78.  -0.66594985E-02   0.00000000E+00   0.99999374E+00   0.00000000E+00
  5.    1.   0.74521206E-02   0.00000000E+00   0.99997190E+00   0.00000000E+00
  5.    2.   0.71981939E-02   0.19287649E-02   0.99997190E+00   0.00000000E+00
  5.    3.   0.64537186E-02   0.37260875E-02   0.99997191E+00   0.00000000E+00
  5.    4.   0.52694293E-02   0.52694834E-02   0.99997191E+00   0.00000000E+00
  5.    5.   0.37260335E-02   0.64537727E-02   0.99997191E+00   0.00000000E+00
  5.    6.   0.19287108E-02   0.71982483E-02   0.99997192E+00   0.00000000E+00
  5.    7.  -0.54162355E-07   0.74521751E-02   0.99997193E+00   0.00000000E+00
  5.    8.  -0.19288191E-02   0.71982484E-02   0.99997193E+00   0.00000000E+00
  5.    9.  -0.37261419E-02   0.64537730E-02   0.99997193E+00   0.00000000E+00
  5.   10.  -0.52695378E-02   0.52694837E-02   0.99997193E+00   0.00000000E+00
  5.   11.  -0.64538272E-02   0.37260879E-02   0.99997194E+00   0.00000000E+00
  5.   12.  -0.71983027E-02   0.19287652E-02   0.99997194E+00   0.00000000E+00
  5.   13.  -0.74522294E-02   0.00000000E+00   0.99997194E+00   0.00000000E+00
  5.   14.   0.77327101E-02   0.00000000E+00   0.63478361E+00   0.00000000E+00
  5.   15.   0.74692225E-02   0.20013868E-02   0.63478361E+00   0.00000000E+00
  5.   16.   0.66967161E-02   0.38663822E-02   0.63478361E+00   0.00000000E+00
  5.   17.   0.54678359E-02   0.54678901E-02   0.63478362E+00   0.00000000E+00
  5.   18.   0.38663280E-02   0.66967704E-02   0.63478363E+00   0.00000000E+00
  5.   19.   0.20013325E-02   0.74692769E-02   0.63478364E+00   0.00000000E+00
  5.   20.  -0.54307945E-07   0.77327646E-02   0.63478364E+00   0.00000000E+00
  5.   21.  -0.20014412E-02   0.74692771E-02   0.63478365E+00   0.00000000E+00
  5.   22.  -0.38664367E-02   0.66967707E-02   0.63478366E+00   0.00000000E+00
  5.   23.  -0.54679446E-02   0.54678905E-02   0.63478366E+00   0.00000000E+00
  5.   24.  -0.66968248E-02   0.38663826E-02   0.63478367E+00   0.00000000E+00
  5.   25.  -0.74693313E-02   0.20013871E-02   0.63478368E+00   0.00000000E+00
  5.   26.  -0.77328189E-02   0.00000000E+00   0.63478368E+00   0.00000000E+00
  5.   27.   0.87726615E-02   0.00000000E+00   0.21910619E+00   0.00000000E+00
  5.   28.   0.84737384E-02   0.22705459E-02   0.21910620E+00   0.00000000E+00
  5.   29.   0.75973403E-02   0.43863578E-02   0.21910620E+00   0.00000000E+00
  5.   30.   0.62031924E-02   0.62032468E-02   0.21910621E+00   0.00000000E+00
  5.   31.   0.43863035E-02   0.75973948E-02   0.21910622E+00   0.00000000E+00
  5.   32.   0.22704915E-02   0.84737931E-02   0.21910623E+00   0.00000000E+00
  5.   33.  -0.54473514E-07   0.87727163E-02   0.21910623E+00   0.00000000E+00
  5.   34.  -0.22706005E-02   0.84737933E-02   0.21910624E+00   0.00000000E+00
  5.   35.  -0.43864124E-02   0.75973953E-02   0.21910625E+00   0.00000000E+00
  5.   36.  -0.62033013E-02   0.62032474E-02   0.21910626E+00   0.00000000E+00
  5.   37.  -0.75974493E-02   0.43863584E-02   0.21910627E+00   0.00000000E+00
  5.   38.  -0.84738474E-02   0.22705464E-02   0.21910628E+00   0.00000000E+00
  5.   39.  -0.87727706E-02   0.00000000E+00   0.21910629E+00   0.00000000E+00
  5.   40.   0.88727654E-02   0.00000000E+00  -0.22611079E+00   0.00000000E+00
  5.   41.   0.85704313E-02   0.22964545E-02  -0.22611078E+00   0.00000000E+00
  5.   42.   0.76840328E-02   0.44364097E-02  -0.22611076E+00   0.00000000E+00
  5.   43.   0.62739764E-02   0.62740309E-02  -0.22611075E+00   0.00000000E+00
  5.   44.   0.44363552E-02   0.76840874E-02  -0.22611075E+00   0.00000000E+00
  5.   45.   0.22964001E-02   0.85704861E-02  -0.22611075E+00   0.00000000E+00
  5.   46.  -0.54647022E-07   0.88728203E-02  -0.22611075E+00   0.00000000E+00
  5.   47.  -0.22965093E-02   0.85704864E-02  -0.22611075E+00   0.00000000E+00
  5.   48.  -0.44364644E-02   0.76840880E-02  -0.22611073E+00   0.00000000E+00
  5.   49.  -0.62740855E-02   0.62740317E-02  -0.22611071E+00   0.00000000E+00
  5.   50.  -0.76841419E-02   0.44364104E-02  -0.22611069E+00   0.00000000E+00
  5.   51.  -0.85705405E-02   0.22964551E-02  -0.22611068E+00   0.00000000E+00
  5.   52.  -0.88728747E-02   0.00000000E+00  -0.22611068E+00   0.00000000E+00
  5.   53.   0.83403433E-02   0.00000000E+00  -0.65722481E+00   0.00000000E+00
  5.   54.   0.80561510E-02   0.21586533E-02  -0.65722479E+00   0.00000000E+00
  5.   55.   0.72229415E-02   0.41701985E-02  -0.65722477E+00   0.00000000E+00
  5.   56.   0.58974970E-02   0.58975516E-02  -0.65722475E+00   0.00000000E+00
  5.   57.   0.41701440E-02   0.72229962E-02  -0.65722475E+00   0.00000000E+00
  5.   58.   0.21585989E-02   0.80562057E-02  -0.65722477E+00   0.00000000E+00
  5.   59.  -0.54824541E-07   0.83403981E-02  -0.65722478E+00   0.00000000E+00
  5.   60.  -0.21587084E-02   0.80562061E-02  -0.65722478E+00   0.00000000E+00
  5.   61.  -0.41702533E-02   0.72229969E-02  -0.65722476E+00   0.00000000E+00
  5.   62.  -0.58976062E-02   0.58975524E-02  -0.65722473E+00   0.00000000E+00
  5.   63.  -0.72230507E-02   0.41701993E-02  -0.65722470E+00   0.00000000E+00
  5.   64.  -0.80562602E-02   0.21586539E-02  -0.65722469E+00   0.00000000E+00
  5.   65.  -0.83404525E-02   0.00000000E+00  -0.65722469E+00   0.00000000E+00
  5.   66.  -0.83404528E-02   0.00000000E+00  -0.65722481E+00   0.00000000E+00
  5.   67.  -0.80562605E-02  -0.21586533E-02  -0.65722479E+00   0.00000000E+00
  5.   68.  -0.72230511E-02  -0.41701985E-02  -0.65722477E+00   0.00000000E+00
  5.   69.  -0.58976065E-02  -0.58975515E-02  -0.65722475E+00   0.00000000E+00
  5.   70.  -0.41702535E-02  -0.72229962E-02  -0.65722475E+00   0.00000000E+00
  5.   71.  -0.21587084E-02  -0.80562057E-02  -0.65722477E+00   0.00000000E+00
  5.   72.  -0.54722004E-07  -0.83403981E-02  -0.65722478E+00   0.00000000E+00
  5.   73.   0.21585988E-02  -0.80562061E-02  -0.65722478E+00   0.00000000E+00
  5.   74.   0.41701438E-02  -0.72229969E-02  -0.65722476E+00   0.00000000E+00
  5.   75.   0.58974967E-02  -0.58975524E-02  -0.65722473E+00   0.00000000E+00
  5.   76.   0.72229412E-02  -0.41701994E-02  -0.65722470E+00   0.00000000E+00
  5.   77.   0.80561507E-02  -0.21586540E-02  -0.65722469E+00   0.00000000E+00
  5.   78.   0.83403431E-02   0.00000000E+00  -0.65722469E+00   0.00000000E+00
  6.    1.   0.73146416E-03   0.00000000E+00  -0.97502294E-02   0.00000000E+00
  6.    2.   0.63987411E-03  -0.38961906E-03  -0.68944573E-02   0.00000000E+00
  6.    3.   0.38324144E-03  -0.66374793E-03  -0.13854782E-07   0.00000000E+00
  6.    4.   0.17522620E-04  -0.74893402E-03   0.68944298E-02   0.00000000E+00
  6.    5.  -0.36569231E-03  -0.63344388E-03   0.97502019E-02   0.00000000E+00
  6.    6.  -0.65731720E-03  -0.35931511E-03   0.68944300E-02   0.00000000E+00
  6.    7.  -0.76640336E-03  -0.27686974E-09  -0.13913497E-07   0.00000000E+00
  6.    8.  -0.65731721E-03   0.35931457E-03  -0.68944586E-02   0.00000000E+00
  6.    9.  -0.36569232E-03   0.63344341E-03  -0.97502325E-02   0.00000000E+00
  6.   10.   0.17522627E-04   0.74893365E-03  -0.68944628E-02   0.00000000E+00
  6.   11.   0.38324148E-03   0.66374768E-03  -0.21276712E-07   0.00000000E+00
  6.   12.   0.63987418E-03   0.38961896E-03   0.68944211E-02   0.00000000E+00
  6.   13.   0.73146425E-03   0.00000000E+00   0.97501933E-02   0.00000000E+00
  6.   14.   0.26558891E-02   0.00000000E+00  -0.87275181E-01   0.00000000E+00
  6.   15.   0.23463480E-02  -0.15006398E-02  -0.61712873E-01   0.00000000E+00
  6.   16.   0.14543892E-02  -0.25190302E-02  -0.33600823E-08   0.00000000E+00
  6.   17.   0.12645791E-03  -0.27822942E-02   0.61712868E-01   0.00000000E+00
  6.   18.  -0.13279047E-02  -0.23000448E-02   0.87275177E-01   0.00000000E+00
  6.   19.  -0.24727263E-02  -0.12816546E-02   0.61712873E-01   0.00000000E+00
  6.   20.  -0.29086988E-02  -0.39869852E-09   0.26722094E-08   0.00000000E+00
  6.   21.  -0.24727265E-02   0.12816538E-02  -0.61712872E-01   0.00000000E+00
  6.   22.  -0.13279049E-02   0.23000441E-02  -0.87275188E-01   0.00000000E+00
  6.   23.   0.12645768E-03   0.27822937E-02  -0.61712892E-01   0.00000000E+00
  6.   24.   0.14543890E-02   0.25190299E-02  -0.29640110E-07   0.00000000E+00
  6.   25.   0.23463480E-02   0.15006398E-02   0.61712838E-01   0.00000000E+00
  6.   26.   0.26558891E-02   0.00000000E+00   0.87275150E-01   0.00000000E+00
  6.   27.   0.52169504E-02   0.00000000E+00  -0.28463654E+00   0.00000000E+00
  6.   28.   0.46793752E-02  -0.32106663E-02  -0.20126842E+00   0.00000000E+00
  6.   29.   0.30493325E-02  -0.52815531E-02   0.79541679E-08   0.00000000E+00
  6.   30.   0.44087060E-03  -0.56577682E-02   0.20126844E+00   0.00000000E+00
  6.   31.  -0.26084353E-02  -0.45179890E-02   0.28463656E+00   0.00000000E+00
  6.   32.  -0.51201661E-02  -0.24471023E-02   0.20126846E+00   0.00000000E+00
  6.   33.  -0.60985855E-02  -0.51385239E-09   0.27755682E-07   0.00000000E+00
  6.   34.  -0.51201665E-02   0.24471014E-02  -0.20126842E+00   0.00000000E+00
  6.   35.  -0.26084358E-02   0.45179882E-02  -0.28463655E+00   0.00000000E+00
  6.   36.   0.44087009E-03   0.56577677E-02  -0.20126847E+00   0.00000000E+00
  6.   37.   0.30493322E-02   0.52815530E-02  -0.50760468E-07   0.00000000E+00
  6.   38.   0.46793751E-02   0.32106665E-02   0.20126838E+00   0.00000000E+00
  6.   39.   0.52169505E-02   0.00000000E+00   0.28463651E+00   0.00000000E+00
  6.   40.   0.72433421E-02   0.00000000E+00  -0.59949874E+00   0.00000000E+00
  6.   41.   0.66794928E-02  -0.51390021E-02  -0.42390961E+00   0.00000000E+00
  6.   42.   0.47324571E-02  -0.81968106E-02   0.21565175E-07   0.00000000E+00
  6.   43.   0.11107995E-02  -0.83540888E-02   0.42390966E+00   0.00000000E+00
  6.   44.  -0.36216310E-02  -0.62728958E-02   0.59949878E+00   0.00000000E+00
  6.   45.  -0.77902125E-02  -0.32150872E-02   0.42390969E+00   0.00000000E+00
  6.   46.  -0.94648349E-02  -0.55633349E-09   0.58751803E-07   0.00000000E+00
  6.   47.  -0.77902132E-02   0.32150862E-02  -0.42390960E+00   0.00000000E+00
  6.   48.  -0.36216320E-02   0.62728948E-02  -0.59949876E+00   0.00000000E+00
  6.   49.   0.11107987E-02   0.83540883E-02  -0.42390969E+00   0.00000000E+00
  6.   50.   0.47324568E-02   0.81968107E-02  -0.85513385E-07   0.00000000E+00
  6.   51.   0.66794929E-02   0.51390025E-02   0.42390956E+00   0.00000000E+00
  6.   52.   0.72433423E-02   0.00000000E+00   0.59949872E+00   0.00000000E+00
  6.   53.   0.87993022E-02   0.00000000E+00  -0.99998215E+00   0.00000000E+00
  6.   54.   0.82865825E-02  -0.68857806E-02  -0.70709414E+00   0.00000000E+00
  6.   55.   0.62196468E-02  -0.10772699E-01   0.36521059E-07   0.00000000E+00
  6.   56.   0.18200091E-02  -0.10619258E-01   0.70709421E+00   0.00000000E+00
  6.   57.  -0.43996110E-02  -0.76203967E-02   0.99998222E+00   0.00000000E+00
  6.   58.  -0.10106512E-01  -0.37334786E-02   0.70709426E+00   0.00000000E+00
  6.   59.  -0.12439214E-01  -0.60693071E-09   0.93495322E-07   0.00000000E+00
  6.   60.  -0.10106513E-01   0.37334774E-02  -0.70709412E+00   0.00000000E+00
  6.   61.  -0.43996123E-02   0.76203957E-02  -0.99998218E+00   0.00000000E+00
  6.   62.   0.18200081E-02   0.10619258E-01  -0.70709427E+00   0.00000000E+00
  6.   63.   0.62196464E-02   0.10772699E-01  -0.13126090E-06   0.00000000E+00
  6.   64.   0.82865827E-02   0.68857814E-02   0.70709408E+00   0.00000000E+00
  6.   65.   0.87993025E-02   0.00000000E+00   0.99998215E+00   0.00000000E+00
  6.   66.  -0.87992489E-02   0.00000000E+00  -0.99998215E+00   0.00000000E+00
  6.   67.  -0.82865292E-02   0.68857806E-02  -0.70709414E+00   0.00000000E+00
  6.   68.  -0.62195934E-02   0.10772699E-01   0.36521021E-07   0.00000000E+00
  6.   69.  -0.18199558E-02   0.10619258E-01   0.70709421E+00   0.00000000E+00
  6.   70.   0.43996643E-02   0.76203966E-02   0.99998222E+00   0.00000000E+00
  6.   71.   0.10106565E-01   0.37334785E-02   0.70709426E+00   0.00000000E+00
  6.   72.   0.12439268E-01   0.54688315E-09   0.93495449E-07   0.00000000E+00
  6.   73.   0.10106566E-01  -0.37334774E-02  -0.70709412E+00   0.00000000E+00
  6.   74.   0.43996656E-02  -0.76203958E-02  -0.99998218E+00   0.00000000E+00
  6.   75.  -0.18199549E-02  -0.10619258E-01  -0.70709427E+00   0.00000000E+00
  6.   76.  -0.62195932E-02  -0.10772699E-01  -0.13126098E-06   0.00000000E+00
  6.   77.  -0.82865295E-02  -0.68857813E-02   0.70709408E+00   0.00000000E+00
  6.   78.  -0.87992493E-02   0.00000000E+00   0.99998215E+00   0.00000000E+00
  7.    1.  -0.69356069E-02   0.00000000E+00   0.76834072E+00   0.00000000E+00
  7.    2.  -0.77368009E-02   0.29900971E-02   0.74216015E+00   0.00000000E+00
  7.    3.  -0.99257038E-02   0.51789999E-02   0.66540259E+00   0.00000000E+00
  7.    4.  -0.12915801E-01   0.59801939E-02   0.54329894E+00   0.00000000E+00
  7.    5.  -0.15905897E-01   0.51789999E-02   0.38417037E+00   0.00000000E+00
  7.    6.  -0.18094800E-01   0.29900971E-02   0.19886123E+00   0.00000000E+00
  7.    7.  -0.18895995E-01   0.24636832E-09   0.25927452E-07   0.00000000E+00
  7.    8.  -0.18094801E-01  -0.29900967E-02  -0.19886118E+00   0.00000000E+00
  7.    9.  -0.15905898E-01  -0.51789996E-02  -0.38417032E+00   0.00000000E+00
  7.   10.  -0.12915801E-01  -0.59801939E-02  -0.54329890E+00   0.00000000E+00
  7.   11.  -0.99257045E-02  -0.51790001E-02  -0.66540255E+00   0.00000000E+00
  7.   12.  -0.77368016E-02  -0.29900974E-02  -0.74216012E+00   0.00000000E+00
  7.   13.  -0.69356073E-02   0.00000000E+00  -0.76834070E+00   0.00000000E+00
  7.   14.   0.92439764E-04   0.00000000E+00   0.99992275E+00   0.00000000E+00
  7.   15.  -0.65778096E-03   0.27998619E-02   0.96585121E+00   0.00000000E+00
  7.   16.  -0.27074220E-02   0.48495028E-02   0.86595850E+00   0.00000000E+00
  7.   17.  -0.55072836E-02   0.55997234E-02   0.70705216E+00   0.00000000E+00
  7.   18.  -0.83071452E-02   0.48495028E-02   0.49996138E+00   0.00000000E+00
  7.   19.  -0.10356786E-01   0.27998619E-02   0.25879907E+00   0.00000000E+00
  7.   20.  -0.11107007E-01   0.24997137E-09   0.23148463E-07   0.00000000E+00
  7.   21.  -0.10356786E-01  -0.27998614E-02  -0.25879902E+00   0.00000000E+00
  7.   22.  -0.83071457E-02  -0.48495025E-02  -0.49996134E+00   0.00000000E+00
  7.   23.  -0.55072843E-02  -0.55997234E-02  -0.70705212E+00   0.00000000E+00
  7.   24.  -0.27074227E-02  -0.48495031E-02  -0.86595848E+00   0.00000000E+00
  7.   25.  -0.65778168E-03  -0.27998622E-02  -0.96585119E+00   0.00000000E+00
  7.   26.   0.92439162E-04   0.00000000E+00  -0.99992275E+00   0.00000000E+00
  7.   27.   0.11437612E-01   0.00000000E+00   0.70138733E+00   0.00000000E+00
  7.   28.   0.10335956E-01   0.41114359E-02   0.67748813E+00   0.00000000E+00
  7.   29.   0.73261754E-02   0.71212158E-02   0.60741925E+00   0.00000000E+00
  7.   30.   0.32147395E-02   0.82228717E-02   0.49595574E+00   0.00000000E+00
  7.   31.  -0.89669632E-03   0.71212159E-02   0.35069367E+00   0.00000000E+00
  7.   32.  -0.39064763E-02   0.41114361E-02   0.18153241E+00   0.00000000E+00
  7.   33.  -0.50081323E-02   0.39805409E-09   0.10376788E-07   0.00000000E+00
  7.   34.  -0.39064765E-02  -0.41114355E-02  -0.18153239E+00   0.00000000E+00
  7.   35.  -0.89669679E-03  -0.71212155E-02  -0.35069365E+00   0.00000000E+00
  7.   36.   0.32147388E-02  -0.82228717E-02  -0.49595572E+00   0.00000000E+00
  7.   37.   0.73261746E-02  -0.71212162E-02  -0.60741924E+00   0.00000000E+00
  7.   38.   0.10335955E-01  -0.41114365E-02  -0.67748815E+00   0.00000000E+00
  7.   39.   0.11437611E-01   0.00000000E+00  -0.70138735E+00   0.00000000E+00
  7.   40.   0.17422836E-01   0.00000000E+00  -0.50378422E-01   0.00000000E+00
  7.   41.   0.16273529E-01   0.42892735E-02  -0.48661810E-01   0.00000000E+00
  7.   42.   0.13133562E-01   0.74292398E-02  -0.43628972E-01   0.00000000E+00
  7.   43.   0.88442882E-02   0.85785474E-02  -0.35622900E-01   0.00000000E+00
  7.   44.   0.45550145E-02   0.74292401E-02  -0.25189196E-01   0.00000000E+00
  7.   45.   0.14150482E-02   0.42892741E-02  -0.13038895E-01   0.00000000E+00
  7.   46.   0.26574073E-03   0.45143647E-09  -0.11695824E-07   0.00000000E+00
  7.   47.   0.14150481E-02  -0.42892733E-02   0.13038879E-01   0.00000000E+00
  7.   48.   0.45550142E-02  -0.74292397E-02   0.25189194E-01   0.00000000E+00
  7.   49.   0.88442877E-02  -0.85785475E-02   0.35622902E-01   0.00000000E+00
  7.   50.   0.13133561E-01  -0.74292404E-02   0.43628960E-01   0.00000000E+00
  7.   51.   0.16273528E-01  -0.42892742E-02   0.48661776E-01   0.00000000E+00
  7.   52.   0.17422836E-01   0.00000000E+00   0.50378377E-01   0.00000000E+00
  7.   53.   0.17488159E-01   0.00000000E+00  -0.93729766E+00   0.00000000E+00
  7.   54.   0.16574378E-01   0.34102772E-02  -0.90535999E+00   0.00000000E+00
  7.   55.   0.14077881E-01   0.59067739E-02  -0.81172354E+00   0.00000000E+00
  7.   56.   0.10667603E-01   0.68205553E-02  -0.66276948E+00   0.00000000E+00
  7.   57.   0.72573252E-02   0.59067743E-02  -0.46864880E+00   0.00000000E+00
  7.   58.   0.47608287E-02   0.34102780E-02  -0.24259049E+00   0.00000000E+00
  7.   59.   0.38470476E-02   0.42764763E-09  -0.36855248E-07   0.00000000E+00
  7.   60.   0.47608288E-02  -0.34102773E-02   0.24259044E+00   0.00000000E+00
  7.   61.   0.72573253E-02  -0.59067740E-02   0.46864878E+00   0.00000000E+00
  7.   62.   0.10667603E-01  -0.68205554E-02   0.66276947E+00   0.00000000E+00
  7.   63.   0.14077880E-01  -0.59067745E-02   0.81172351E+00   0.00000000E+00
  7.   64.   0.16574377E-01  -0.34102779E-02   0.90535994E+00   0.00000000E+00
  7.   65.   0.17488159E-01   0.00000000E+00   0.93729760E+00   0.00000000E+00
  7.   66.  -0.17488152E-01   0.00000000E+00  -0.93729766E+00   0.00000000E+00
  7.   67.  -0.16574371E-01  -0.34102772E-02  -0.90535999E+00   0.00000000E+00
  7.   68.  -0.14077874E-01  -0.59067739E-02  -0.81172354E+00   0.00000000E+00
  7.   69.  -0.10667596E-01  -0.68205552E-02  -0.66276948E+00   0.00000000E+00
  7.   70.  -0.72573184E-02  -0.59067743E-02  -0.46864880E+00   0.00000000E+00
  7.   71.  -0.47608218E-02  -0.34102781E-02  -0.24259049E+00   0.00000000E+00
  7.   72.  -0.38470408E-02  -0.49339832E-09  -0.36855353E-07   0.00000000E+00
  7.   73.  -0.47608220E-02   0.34102772E-02   0.24259044E+00   0.00000000E+00
  7.   74.  -0.72573184E-02   0.59067739E-02   0.46864878E+00   0.00000000E+00
  7.   75.  -0.10667596E-01   0.68205554E-02   0.66276947E+00   0.00000000E+00
  7.   76.  -0.14077874E-01   0.59067746E-02   0.81172351E+00   0.00000000E+00
  7.   77.  -0.16574370E-01   0.34102779E-02   0.90535994E+00   0.00000000E+00
  7.   78.  -0.17488152E-01   0.00000000E+00   0.93729760E+00   0.00000000E+00
  8.    1.   0.23161009E-03   0.00000000E+00  -0.22717565E-02   0.00000000E+00
  8.    2.   0.16648634E-03  -0.17392065E-03  -0.11358805E-02   0.00000000E+00
  8.    3.   0.52364845E-05  -0.24071257E-03   0.11358716E-02   0.00000000E+00
  8.    4.  -0.16379338E-03  -0.16378158E-03   0.22717484E-02   0.00000000E+00
  8.    5.  -0.24072434E-03   0.52483234E-05   0.11358742E-02   0.00000000E+00
  8.    6.  -0.17393242E-03   0.16649824E-03  -0.11358757E-02   0.00000000E+00
  8.    7.  -0.11773510E-07   0.23162204E-03  -0.22717496E-02   0.00000000E+00
  8.    8.   0.17390886E-03   0.16649833E-03  -0.11358720E-02   0.00000000E+00
  8.    9.   0.24070076E-03   0.52484832E-05   0.11358816E-02   0.00000000E+00
  8.   10.   0.16376977E-03  -0.16378140E-03   0.22717595E-02   0.00000000E+00
  8.   11.  -0.52601398E-05  -0.24071243E-03   0.11358857E-02   0.00000000E+00
  8.   12.  -0.16651004E-03  -0.17392058E-03  -0.11358646E-02   0.00000000E+00
  8.   13.  -0.23163382E-03   0.00000000E+00  -0.22717401E-02   0.00000000E+00
  8.   14.   0.17818122E-02   0.00000000E+00  -0.43538762E-01   0.00000000E+00
  8.   15.   0.12941555E-02  -0.13876787E-02  -0.21769383E-01   0.00000000E+00
  8.   16.   0.66110456E-04  -0.18963517E-02   0.21769375E-01   0.00000000E+00
  8.   17.  -0.12599519E-02  -0.12599401E-02   0.43538755E-01   0.00000000E+00
  8.   18.  -0.18963636E-02   0.66122286E-04   0.21769379E-01   0.00000000E+00
  8.   19.  -0.13876907E-02   0.12941674E-02  -0.21769376E-01   0.00000000E+00
  8.   20.  -0.11970398E-07   0.17818243E-02  -0.43538756E-01   0.00000000E+00
  8.   21.   0.13876668E-02   0.12941676E-02  -0.21769377E-01   0.00000000E+00
  8.   22.   0.18963398E-02   0.66122637E-04   0.21769382E-01   0.00000000E+00
  8.   23.   0.12599283E-02  -0.12599398E-02   0.43538768E-01   0.00000000E+00
  8.   24.  -0.66134089E-04  -0.18963515E-02   0.21769396E-01   0.00000000E+00
  8.   25.  -0.12941792E-02  -0.13876788E-02  -0.21769357E-01   0.00000000E+00
  8.   26.  -0.17818361E-02   0.00000000E+00  -0.43538739E-01   0.00000000E+00
  8.   27.   0.49398221E-02   0.00000000E+00  -0.20787124E+00   0.00000000E+00
  8.   28.   0.37166522E-02  -0.43277533E-02  -0.10393562E+00   0.00000000E+00
  8.   29.   0.43209308E-03  -0.56882623E-02   0.10393562E+00   0.00000000E+00
  8.   30.  -0.34930022E-02  -0.34929905E-02   0.20787125E+00   0.00000000E+00
  8.   31.  -0.56882742E-02   0.43210478E-03   0.10393563E+00   0.00000000E+00
  8.   32.  -0.43277654E-02   0.37166641E-02  -0.10393561E+00   0.00000000E+00
  8.   33.  -0.12284208E-07   0.49398342E-02  -0.20787124E+00   0.00000000E+00
  8.   34.   0.43277411E-02   0.37166646E-02  -0.10393563E+00   0.00000000E+00
  8.   35.   0.56882504E-02   0.43210555E-03   0.10393561E+00   0.00000000E+00
  8.   36.   0.34929788E-02  -0.34929898E-02   0.20787125E+00   0.00000000E+00
  8.   37.  -0.43211658E-03  -0.56882620E-02   0.10393565E+00   0.00000000E+00
  8.   38.  -0.37166760E-02  -0.43277535E-02  -0.10393558E+00   0.00000000E+00
  8.   39.  -0.49398462E-02   0.00000000E+00  -0.20787122E+00   0.00000000E+00
  8.   40.   0.80313087E-02   0.00000000E+00  -0.53598311E+00   0.00000000E+00
  8.   41.   0.64075252E-02  -0.83979345E-02  -0.26799155E+00   0.00000000E+00
  8.   42.   0.14074112E-02  -0.10469050E-01   0.26799156E+00   0.00000000E+00
  8.   43.  -0.56790133E-02  -0.56790018E-02   0.53598313E+00   0.00000000E+00
  8.   44.  -0.10469061E-01   0.14074228E-02   0.26799159E+00   0.00000000E+00
  8.   45.  -0.83979468E-02   0.64075370E-02  -0.26799152E+00   0.00000000E+00
  8.   46.  -0.12693834E-07   0.80313208E-02  -0.53598311E+00   0.00000000E+00
  8.   47.   0.83979220E-02   0.64075376E-02  -0.26799159E+00   0.00000000E+00
  8.   48.   0.10469038E-01   0.14074239E-02   0.26799152E+00   0.00000000E+00
  8.   49.   0.56789903E-02  -0.56790006E-02   0.53598313E+00   0.00000000E+00
  8.   50.  -0.14074345E-02  -0.10469049E-01   0.26799162E+00   0.00000000E+00
  8.   51.  -0.64075490E-02  -0.83979351E-02  -0.26799149E+00   0.00000000E+00
  8.   52.  -0.80313330E-02   0.00000000E+00  -0.53598311E+00   0.00000000E+00
  8.   53.   0.10664253E-01   0.00000000E+00  -0.99996535E+00   0.00000000E+00
  8.   54.   0.88605436E-02  -0.12466267E-01  -0.49998266E+00   0.00000000E+00
  8.   55.   0.25496106E-02  -0.15080341E-01   0.49998269E+00   0.00000000E+00
  8.   56.  -0.75407858E-02  -0.75407744E-02   0.99996539E+00   0.00000000E+00
  8.   57.  -0.15080353E-01   0.25496220E-02   0.49998275E+00   0.00000000E+00
  8.   58.  -0.12466279E-01   0.88605553E-02  -0.49998261E+00   0.00000000E+00
  8.   59.  -0.13118780E-07   0.10664265E-01  -0.99996536E+00   0.00000000E+00
  8.   60.   0.12466254E-01   0.88605561E-02  -0.49998274E+00   0.00000000E+00
  8.   61.   0.15080329E-01   0.25496235E-02   0.49998261E+00   0.00000000E+00
  8.   62.   0.75407632E-02  -0.75407729E-02   0.99996537E+00   0.00000000E+00
  8.   63.  -0.25496336E-02  -0.15080340E-01   0.49998278E+00   0.00000000E+00
  8.   64.  -0.88605674E-02  -0.12466268E-01  -0.49998258E+00   0.00000000E+00
  8.   65.  -0.10664277E-01   0.00000000E+00  -0.99996537E+00   0.00000000E+00
  8.   66.  -0.10664277E-01   0.00000000E+00  -0.99996535E+00   0.00000000E+00
  8.   67.  -0.88605675E-02   0.12466267E-01  -0.49998266E+00   0.00000000E+00
  8.   68.  -0.25496345E-02   0.15080341E-01   0.49998269E+00   0.00000000E+00
  8.   69.   0.75407619E-02   0.75407743E-02   0.99996539E+00   0.00000000E+00
  8.   70.   0.15080329E-01  -0.25496220E-02   0.49998275E+00   0.00000000E+00
  8.   71.   0.12466255E-01  -0.88605553E-02  -0.49998261E+00   0.00000000E+00
  8.   72.  -0.10709052E-07  -0.10664265E-01  -0.99996536E+00   0.00000000E+00
  8.   73.  -0.12466278E-01  -0.88605561E-02  -0.49998274E+00   0.00000000E+00
  8.   74.  -0.15080353E-01  -0.25496234E-02   0.49998261E+00   0.00000000E+00
  8.   75.  -0.75407870E-02   0.75407729E-02   0.99996537E+00   0.00000000E+00
  8.   76.   0.25496098E-02   0.15080341E-01   0.49998278E+00   0.00000000E+00
  8.   77.   0.88605436E-02   0.12466268E-01  -0.49998258E+00   0.00000000E+00
  8.   78.   0.10664253E-01   0.00000000E+00  -0.99996537E+00   0.00000000E+00
  9.    1.  -0.69454033E-04   0.00000000E+00   0.53217775E-03   0.00000000E+00
  9.    2.  -0.35635223E-04   0.63532675E-04   0.13773295E-03   0.00000000E+00
  9.    3.   0.33816746E-04   0.61718226E-04  -0.46089034E-03   0.00000000E+00
  9.    4.   0.71264247E-04  -0.18146210E-05  -0.37631265E-03   0.00000000E+00
  9.    5.   0.37445389E-04  -0.61718721E-04   0.26609548E-03   0.00000000E+00
  9.    6.  -0.35635381E-04  -0.59904364E-04   0.51405675E-03   0.00000000E+00
  9.    7.  -0.73083018E-04  -0.27793281E-09   0.55173018E-08   0.00000000E+00
  9.    8.  -0.35635616E-04   0.59903801E-04  -0.51404776E-03   0.00000000E+00
  9.    9.   0.37444991E-04   0.61718150E-04  -0.26609197E-03   0.00000000E+00
  9.   10.   0.71263784E-04   0.18140782E-05   0.37630885E-03   0.00000000E+00
  9.   11.   0.33816298E-04  -0.61718668E-04   0.46087938E-03   0.00000000E+00
  9.   12.  -0.35635633E-04  -0.63532931E-04  -0.13774913E-03   0.00000000E+00
  9.   13.  -0.69454429E-04   0.00000000E+00  -0.53219592E-03   0.00000000E+00
  9.   14.  -0.11357530E-02   0.00000000E+00   0.22191487E-01   0.00000000E+00
  9.   15.  -0.59202185E-03   0.10736968E-02   0.57435666E-02   0.00000000E+00
  9.   16.   0.54372917E-03   0.10254081E-02  -0.19218420E-01   0.00000000E+00
  9.   17.   0.11840377E-02  -0.48288962E-04  -0.15691766E-01   0.00000000E+00
  9.   18.   0.64030647E-03  -0.10254087E-02   0.11095764E-01   0.00000000E+00
  9.   19.  -0.59202190E-03  -0.97712006E-03   0.21435370E-01   0.00000000E+00
  9.   20.  -0.12323306E-02  -0.31787783E-09   0.22327881E-07   0.00000000E+00
  9.   21.  -0.59202239E-03   0.97711945E-03  -0.21435334E-01   0.00000000E+00
  9.   22.   0.64030576E-03   0.10254081E-02  -0.11095748E-01   0.00000000E+00
  9.   23.   0.11840370E-02   0.48288450E-04   0.15691761E-01   0.00000000E+00
  9.   24.   0.54372877E-03  -0.10254086E-02   0.19218399E-01   0.00000000E+00
  9.   25.  -0.59202210E-03  -0.10736972E-02  -0.57435993E-02   0.00000000E+00
  9.   26.  -0.11357533E-02   0.00000000E+00  -0.22191527E-01   0.00000000E+00
  9.   27.  -0.44846190E-02   0.00000000E+00   0.15401387E+00   0.00000000E+00
  9.   28.  -0.24957308E-02   0.48295686E-02   0.39861707E-01   0.00000000E+00
  9.   29.   0.19888859E-02   0.43227283E-02  -0.13337996E+00   0.00000000E+00
  9.   30.   0.49914549E-02  -0.50684045E-03  -0.10890427E+00   0.00000000E+00
  9.   31.   0.30025670E-02  -0.43227285E-02   0.77006954E-01   0.00000000E+00
  9.   32.  -0.24957303E-02  -0.38158883E-02   0.14876602E+00   0.00000000E+00
  9.   33.  -0.54982996E-02  -0.12263418E-09   0.36301226E-07   0.00000000E+00
  9.   34.  -0.24957313E-02   0.38158881E-02  -0.14876598E+00   0.00000000E+00
  9.   35.   0.30025658E-02   0.43227286E-02  -0.77006952E-01   0.00000000E+00
  9.   36.   0.49914545E-02   0.50684063E-03   0.10890425E+00   0.00000000E+00
  9.   37.   0.19888863E-02  -0.43227284E-02   0.13337994E+00   0.00000000E+00
  9.   38.  -0.24957301E-02  -0.48295692E-02  -0.39861722E-01   0.00000000E+00
  9.   39.  -0.44846186E-02   0.00000000E+00  -0.15401391E+00   0.00000000E+00
  9.   40.  -0.85778310E-02   0.00000000E+00   0.48371383E+00   0.00000000E+00
  9.   41.  -0.53257214E-02   0.11298025E-01   0.12519434E+00   0.00000000E+00
  9.   42.   0.32521069E-02   0.92244155E-02  -0.41890848E+00   0.00000000E+00
  9.   43.   0.10651435E-01  -0.20736091E-02  -0.34203735E+00   0.00000000E+00
  9.   44.   0.73993265E-02  -0.92244153E-02   0.24185690E+00   0.00000000E+00
  9.   45.  -0.53257202E-02  -0.71508061E-02   0.46723171E+00   0.00000000E+00
  9.   46.  -0.12725049E-01   0.34456717E-10   0.44311343E-07   0.00000000E+00
  9.   47.  -0.53257221E-02   0.71508063E-02  -0.46723168E+00   0.00000000E+00
  9.   48.   0.73993249E-02   0.92244159E-02  -0.24185696E+00   0.00000000E+00
  9.   49.   0.10651436E-01   0.20736104E-02   0.34203729E+00   0.00000000E+00
  9.   50.   0.32521084E-02  -0.92244148E-02   0.41890851E+00   0.00000000E+00
  9.   51.  -0.53257199E-02  -0.11298026E-01  -0.12519428E+00   0.00000000E+00
  9.   52.  -0.85778300E-02   0.00000000E+00  -0.48371383E+00   0.00000000E+00
  9.   53.  -0.12387819E-01   0.00000000E+00   0.99994341E+00   0.00000000E+00
  9.   54.  -0.82598167E-02   0.18438230E-01   0.25880440E+00   0.00000000E+00
  9.   55.   0.41279992E-02   0.14306418E-01  -0.86597637E+00   0.00000000E+00
  9.   56.   0.16519626E-01  -0.41318116E-02  -0.70706678E+00   0.00000000E+00
  9.   57.   0.12391625E-01  -0.14306417E-01   0.49997164E+00   0.00000000E+00
  9.   58.  -0.82598151E-02  -0.10174605E-01   0.96587115E+00   0.00000000E+00
  9.   59.  -0.20651443E-01  -0.92329411E-10   0.55831126E-07   0.00000000E+00
  9.   60.  -0.82598178E-02   0.10174605E-01  -0.96587115E+00   0.00000000E+00
  9.   61.   0.12391623E-01   0.14306418E-01  -0.49997180E+00   0.00000000E+00
  9.   62.   0.16519627E-01   0.41318139E-02   0.70706667E+00   0.00000000E+00
  9.   63.   0.41280015E-02  -0.14306416E-01   0.86597646E+00   0.00000000E+00
  9.   64.  -0.82598149E-02  -0.18438231E-01  -0.25880423E+00   0.00000000E+00
  9.   65.  -0.12387818E-01   0.00000000E+00  -0.99994335E+00   0.00000000E+00
  9.   66.   0.12387814E-01   0.00000000E+00   0.99994341E+00   0.00000000E+00
  9.   67.   0.82598121E-02  -0.18438230E-01   0.25880440E+00   0.00000000E+00
  9.   68.  -0.41280038E-02  -0.14306418E-01  -0.86597637E+00   0.00000000E+00
  9.   69.  -0.16519630E-01   0.41318116E-02  -0.70706678E+00   0.00000000E+00
  9.   70.  -0.12391629E-01   0.14306417E-01   0.49997164E+00   0.00000000E+00
  9.   71.   0.82598105E-02   0.10174605E-01   0.96587115E+00   0.00000000E+00
  9.   72.   0.20651438E-01   0.11264752E-09   0.55831186E-07   0.00000000E+00
  9.   73.   0.82598132E-02  -0.10174605E-01  -0.96587115E+00   0.00000000E+00
  9.   74.  -0.12391627E-01  -0.14306418E-01  -0.49997180E+00   0.00000000E+00
  9.   75.  -0.16519631E-01  -0.41318139E-02   0.70706667E+00   0.00000000E+00
  9.   76.  -0.41280061E-02   0.14306416E-01   0.86597646E+00   0.00000000E+00
  9.   77.   0.82598103E-02   0.18438231E-01  -0.25880423E+00   0.00000000E+00
  9.   78.   0.12387813E-01   0.00000000E+00  -0.99994335E+00   0.00000000E+00
 10.    1.  -0.10306906E-01   0.00000000E+00   0.31029220E+00   0.00000000E+00
 10.    2.  -0.10644348E-01   0.52376672E-02   0.26872093E+00   0.00000000E+00
 10.    3.  -0.11230280E-01   0.91445104E-02   0.15514610E+00   0.00000000E+00
 10.    4.  -0.11050887E-01   0.11050888E-01   0.44192855E-08   0.00000000E+00
 10.    5.  -0.91445092E-02   0.11230281E-01  -0.15514609E+00   0.00000000E+00
 10.    6.  -0.52376661E-02   0.10644349E-01  -0.26872092E+00   0.00000000E+00
 10.    7.   0.10479474E-08   0.10306907E-01  -0.31029220E+00   0.00000000E+00
 10.    8.   0.52376683E-02   0.10644349E-01  -0.26872093E+00   0.00000000E+00
 10.    9.   0.91445117E-02   0.11230281E-01  -0.15514611E+00   0.00000000E+00
 10.   10.   0.11050890E-01   0.11050889E-01  -0.19219014E-07   0.00000000E+00
 10.   11.   0.11230283E-01   0.91445107E-02   0.15514608E+00   0.00000000E+00
 10.   12.   0.10644351E-01   0.52376677E-02   0.26872091E+00   0.00000000E+00
 10.   13.   0.10306909E-01   0.00000000E+00   0.31029219E+00   0.00000000E+00
 10.   14.  -0.86599622E-02   0.00000000E+00   0.86380805E+00   0.00000000E+00
 10.   15.  -0.97270356E-02   0.73249933E-02   0.74807971E+00   0.00000000E+00
 10.   16.  -0.12057605E-01   0.12224423E-01   0.43190403E+00   0.00000000E+00
 10.   17.  -0.13566468E-01   0.13566469E-01   0.13492987E-07   0.00000000E+00
 10.   18.  -0.12224422E-01   0.12057606E-01  -0.43190400E+00   0.00000000E+00
 10.   19.  -0.73249923E-02   0.97270370E-02  -0.74807969E+00   0.00000000E+00
 10.   20.   0.89238831E-09   0.86599636E-02  -0.86380804E+00   0.00000000E+00
 10.   21.   0.73249943E-02   0.97270369E-02  -0.74807972E+00   0.00000000E+00
 10.   22.   0.12224424E-01   0.12057606E-01  -0.43190405E+00   0.00000000E+00
 10.   23.   0.13566471E-01   0.13566469E-01  -0.41519066E-07   0.00000000E+00
 10.   24.   0.12057608E-01   0.12224423E-01   0.43190398E+00   0.00000000E+00
 10.   25.   0.97270389E-02   0.73249940E-02   0.74807968E+00   0.00000000E+00
 10.   26.   0.86599653E-02   0.00000000E+00   0.86380804E+00   0.00000000E+00
 10.   27.   0.76116376E-02   0.00000000E+00   0.92100149E+00   0.00000000E+00
 10.   28.   0.46655007E-02   0.80571513E-02   0.79761068E+00   0.00000000E+00
 10.   29.  -0.23982582E-02   0.11765545E-01   0.46050074E+00   0.00000000E+00
 10.   30.  -0.92985799E-02   0.92985818E-02   0.10538182E-07   0.00000000E+00
 10.   31.  -0.11765543E-01   0.23982601E-02  -0.46050071E+00   0.00000000E+00
 10.   32.  -0.80571501E-02  -0.46654991E-02  -0.79761065E+00   0.00000000E+00
 10.   33.   0.68975896E-09  -0.76116362E-02  -0.92100147E+00   0.00000000E+00
 10.   34.   0.80571520E-02  -0.46654993E-02  -0.79761070E+00   0.00000000E+00
 10.   35.   0.11765546E-01   0.23982597E-02  -0.46050077E+00   0.00000000E+00
 10.   36.   0.92985840E-02   0.92985814E-02  -0.38267201E-07   0.00000000E+00
 10.   37.   0.23982624E-02   0.11765544E-01   0.46050071E+00   0.00000000E+00
 10.   38.  -0.46654971E-02   0.80571516E-02   0.79761066E+00   0.00000000E+00
 10.   39.  -0.76116349E-02   0.00000000E+00   0.92100148E+00   0.00000000E+00
 10.   40.   0.21366513E-01   0.00000000E+00   0.14890747E+00   0.00000000E+00
 10.   41.   0.17670896E-01   0.55450664E-02   0.12895764E+00   0.00000000E+00
 10.   42.   0.85742572E-02   0.65154660E-02   0.74453708E-01   0.00000000E+00
 10.   43.  -0.11067025E-02   0.11067049E-02  -0.13689173E-07   0.00000000E+00
 10.   44.  -0.65154634E-02  -0.85742553E-02  -0.74453711E-01   0.00000000E+00
 10.   45.  -0.55450648E-02  -0.17670894E-01  -0.12895761E+00   0.00000000E+00
 10.   46.   0.55288316E-09  -0.21366511E-01  -0.14890745E+00   0.00000000E+00
 10.   47.   0.55450668E-02  -0.17670894E-01  -0.12895766E+00   0.00000000E+00
 10.   48.   0.65154674E-02  -0.85742556E-02  -0.74453746E-01   0.00000000E+00
 10.   49.   0.11067074E-02   0.11067042E-02   0.59679427E-08   0.00000000E+00
 10.   50.  -0.85742527E-02   0.65154650E-02   0.74453743E-01   0.00000000E+00
 10.   51.  -0.17670892E-01   0.55450658E-02   0.12895763E+00   0.00000000E+00
 10.   52.  -0.21366511E-01   0.00000000E+00   0.14890744E+00   0.00000000E+00
 10.   53.   0.23094273E-01   0.00000000E+00  -0.99720376E+00   0.00000000E+00
 10.   54.   0.20373045E-01   0.12417061E-02  -0.86360381E+00   0.00000000E+00
 10.   55.   0.13527901E-01  -0.33673577E-03  -0.49860194E+00   0.00000000E+00
 10.   56.   0.57608529E-02  -0.57608503E-02  -0.50950928E-07   0.00000000E+00
 10.   57.   0.33673892E-03  -0.13527899E-01   0.49860189E+00   0.00000000E+00
 10.   58.  -0.12417042E-02  -0.20373044E-01   0.86360384E+00   0.00000000E+00
 10.   59.   0.52684319E-09  -0.23094272E-01   0.99720380E+00   0.00000000E+00
 10.   60.   0.12417064E-02  -0.20373044E-01   0.86360379E+00   0.00000000E+00
 10.   61.  -0.33673438E-03  -0.13527899E-01   0.49860189E+00   0.00000000E+00
 10.   62.  -0.57608476E-02  -0.57608507E-02   0.70332596E-07   0.00000000E+00
 10.   63.  -0.13527897E-01  -0.33673740E-03  -0.49860181E+00   0.00000000E+00
 10.   64.  -0.20373043E-01   0.12417045E-02  -0.86360380E+00   0.00000000E+00
 10.   65.  -0.23094272E-01   0.00000000E+00  -0.99720384E+00   0.00000000E+00
 10.   66.  -0.23094271E-01   0.00000000E+00  -0.99720376E+00   0.00000000E+00
 10.   67.  -0.20373042E-01  -0.12417061E-02  -0.86360381E+00   0.00000000E+00
 10.   68.  -0.13527898E-01   0.33673576E-03  -0.49860194E+00   0.00000000E+00
 10.   69.  -0.57608499E-02   0.57608503E-02  -0.50950997E-07   0.00000000E+00
 10.   70.  -0.33673593E-03   0.13527899E-01   0.49860189E+00   0.00000000E+00
 10.   71.   0.12417072E-02   0.20373044E-01   0.86360384E+00   0.00000000E+00
 10.   72.   0.24771778E-08   0.23094272E-01   0.99720380E+00   0.00000000E+00
 10.   73.  -0.12417034E-02   0.20373044E-01   0.86360379E+00   0.00000000E+00
 10.   74.   0.33673737E-03   0.13527899E-01   0.49860189E+00   0.00000000E+00
 10.   75.   0.57608505E-02   0.57608507E-02   0.70332678E-07   0.00000000E+00
 10.   76.   0.13527900E-01   0.33673742E-03  -0.49860181E+00   0.00000000E+00
 10.   77.   0.20373046E-01  -0.12417045E-02  -0.86360380E+00   0.00000000E+00
 10.   78.   0.23094275E-01   0.00000000E+00  -0.99720384E+00   0.00000000E+00
 11.    1.   0.18994707E-01   0.00000000E+00   0.99992848E+00   0.00000000E+00
 11.    2.   0.18347478E-01   0.49161925E-02   0.99992848E+00   0.00000000E+00
 11.    3.   0.16449899E-01   0.94973544E-02   0.99992848E+00   0.00000000E+00
 11.    4.   0.13431286E-01   0.13431287E-01   0.99992848E+00   0.00000000E+00
 11.    5.   0.94973531E-02   0.16449900E-01   0.99992848E+00   0.00000000E+00
 11.    6.   0.49161912E-02   0.18347480E-01   0.99992848E+00   0.00000000E+00
 11.    7.  -0.12523212E-08   0.18994709E-01   0.99992848E+00   0.00000000E+00
 11.    8.  -0.49161938E-02   0.18347480E-01   0.99992848E+00   0.00000000E+00
 11.    9.  -0.94973558E-02   0.16449901E-01   0.99992848E+00   0.00000000E+00
 11.   10.  -0.13431289E-01   0.13431288E-01   0.99992848E+00   0.00000000E+00
 11.   11.  -0.16449902E-01   0.94973549E-02   0.99992848E+00   0.00000000E+00
 11.   12.  -0.18347481E-01   0.49161930E-02   0.99992849E+00   0.00000000E+00
 11.   13.  -0.18994710E-01   0.00000000E+00   0.99992849E+00   0.00000000E+00
 11.   14.   0.15160808E-01   0.00000000E+00   0.13328780E+00   0.00000000E+00
 11.   15.   0.14644216E-01   0.39239062E-02   0.13328780E+00   0.00000000E+00
 11.   16.   0.13129644E-01   0.75804046E-02   0.13328780E+00   0.00000000E+00
 11.   17.   0.10720309E-01   0.10720311E-01   0.13328780E+00   0.00000000E+00
 11.   18.   0.75804031E-02   0.13129646E-01   0.13328780E+00   0.00000000E+00
 11.   19.   0.39239048E-02   0.14644217E-01   0.13328780E+00   0.00000000E+00
 11.   20.  -0.13856287E-08   0.15160809E-01   0.13328780E+00   0.00000000E+00
 11.   21.  -0.39239076E-02   0.14644217E-01   0.13328780E+00   0.00000000E+00
 11.   22.  -0.75804060E-02   0.13129646E-01   0.13328780E+00   0.00000000E+00
 11.   23.  -0.10720312E-01   0.10720311E-01   0.13328780E+00   0.00000000E+00
 11.   24.  -0.13129647E-01   0.75804050E-02   0.13328780E+00   0.00000000E+00
 11.   25.  -0.14644219E-01   0.39239066E-02   0.13328780E+00   0.00000000E+00
 11.   26.  -0.15160811E-01   0.00000000E+00   0.13328780E+00   0.00000000E+00
 11.   27.   0.25697673E-02   0.00000000E+00  -0.34255637E+00   0.00000000E+00
 11.   28.   0.24822046E-02   0.66510517E-03  -0.34255637E+00   0.00000000E+00
 11.   29.   0.22254836E-02   0.12848845E-02  -0.34255637E+00   0.00000000E+00
 11.   30.   0.18170994E-02   0.18171011E-02  -0.34255637E+00   0.00000000E+00
 11.   31.   0.12848828E-02   0.22254852E-02  -0.34255637E+00   0.00000000E+00
 11.   32.   0.66510347E-03   0.24822062E-02  -0.34255637E+00   0.00000000E+00
 11.   33.  -0.16143379E-08   0.25697690E-02  -0.34255637E+00   0.00000000E+00
 11.   34.  -0.66510671E-03   0.24822063E-02  -0.34255637E+00   0.00000000E+00
 11.   35.  -0.12848861E-02   0.22254853E-02  -0.34255637E+00   0.00000000E+00
 11.   36.  -0.18171027E-02   0.18171012E-02  -0.34255637E+00   0.00000000E+00
 11.   37.  -0.22254869E-02   0.12848846E-02  -0.34255637E+00   0.00000000E+00
 11.   38.  -0.24822079E-02   0.66510522E-03  -0.34255637E+00   0.00000000E+00
 11.   39.  -0.25697707E-02   0.00000000E+00  -0.34255637E+00   0.00000000E+00
 11.   40.  -0.96984290E-02   0.00000000E+00  -0.13042704E+00   0.00000000E+00
 11.   41.  -0.93679631E-02  -0.25101376E-02  -0.13042705E+00   0.00000000E+00
 11.   42.  -0.83990860E-02  -0.48492136E-02  -0.13042705E+00   0.00000000E+00
 11.   43.  -0.68578253E-02  -0.68578237E-02  -0.13042705E+00   0.00000000E+00
 11.   44.  -0.48492154E-02  -0.83990845E-02  -0.13042704E+00   0.00000000E+00
 11.   45.  -0.25101396E-02  -0.93679615E-02  -0.13042705E+00   0.00000000E+00
 11.   46.  -0.17987633E-08  -0.96984274E-02  -0.13042705E+00   0.00000000E+00
 11.   47.   0.25101360E-02  -0.93679616E-02  -0.13042705E+00   0.00000000E+00
 11.   48.   0.48492119E-02  -0.83990846E-02  -0.13042705E+00   0.00000000E+00
 11.   49.   0.68578219E-02  -0.68578239E-02  -0.13042705E+00   0.00000000E+00
 11.   50.   0.83990826E-02  -0.48492139E-02  -0.13042705E+00   0.00000000E+00
 11.   51.   0.93679597E-02  -0.25101379E-02  -0.13042705E+00   0.00000000E+00
 11.   52.   0.96984258E-02   0.00000000E+00  -0.13042705E+00   0.00000000E+00
 11.   53.  -0.11920681E-01   0.00000000E+00   0.44583473E+00   0.00000000E+00
 11.   54.  -0.11514493E-01  -0.30852985E-02   0.44583472E+00   0.00000000E+00
 11.   55.  -0.10323612E-01  -0.59603394E-02   0.44583472E+00   0.00000000E+00
 11.   56.  -0.84291945E-02  -0.84291930E-02   0.44583472E+00   0.00000000E+00
 11.   57.  -0.59603412E-02  -0.10323611E-01   0.44583473E+00   0.00000000E+00
 11.   58.  -0.30853006E-02  -0.11514492E-01   0.44583473E+00   0.00000000E+00
 11.   59.  -0.18140932E-08  -0.11920679E-01   0.44583473E+00   0.00000000E+00
 11.   60.   0.30852970E-02  -0.11514492E-01   0.44583473E+00   0.00000000E+00
 11.   61.   0.59603377E-02  -0.10323611E-01   0.44583472E+00   0.00000000E+00
 11.   62.   0.84291911E-02  -0.84291932E-02   0.44583472E+00   0.00000000E+00
 11.   63.   0.10323609E-01  -0.59603398E-02   0.44583472E+00   0.00000000E+00
 11.   64.   0.11514490E-01  -0.30852989E-02   0.44583472E+00   0.00000000E+00
 11.   65.   0.11920678E-01   0.00000000E+00   0.44583473E+00   0.00000000E+00
 11.   66.   0.11920677E-01   0.00000000E+00   0.44583473E+00   0.00000000E+00
 11.   67.   0.11514490E-01   0.30852985E-02   0.44583472E+00   0.00000000E+00
 11.   68.   0.10323609E-01   0.59603394E-02   0.44583472E+00   0.00000000E+00
 11.   69.   0.84291913E-02   0.84291930E-02   0.44583472E+00   0.00000000E+00
 11.   70.   0.59603380E-02   0.10323611E-01   0.44583473E+00   0.00000000E+00
 11.   71.   0.30852973E-02   0.11514492E-01   0.44583473E+00   0.00000000E+00
 11.   72.  -0.14602137E-08   0.11920679E-01   0.44583473E+00   0.00000000E+00
 11.   73.  -0.30853003E-02   0.11514492E-01   0.44583473E+00   0.00000000E+00
 11.   74.  -0.59603410E-02   0.10323611E-01   0.44583472E+00   0.00000000E+00
 11.   75.  -0.84291944E-02   0.84291932E-02   0.44583472E+00   0.00000000E+00
 11.   76.  -0.10323612E-01   0.59603398E-02   0.44583472E+00   0.00000000E+00
 11.   77.  -0.11514493E-01   0.30852989E-02   0.44583472E+00   0.00000000E+00
 11.   78.  -0.11920681E-01   0.00000000E+00   0.44583473E+00   0.00000000E+00
 12.    1.   0.20031994E-04   0.00000000E+00  -0.12464780E-03   0.00000000E+00
 12.    2.   0.54445255E-05  -0.20318674E-04   0.32891145E-08   0.00000000E+00
 12.    3.  -0.17347936E-04  -0.10015900E-04   0.12465456E-03   0.00000000E+00
 12.    4.  -0.14874166E-04   0.14874346E-04   0.40061665E-08   0.00000000E+00
 12.    5.   0.10016049E-04   0.17348138E-04  -0.12464649E-03   0.00000000E+00
 12.    6.   0.20318784E-04  -0.54443103E-05   0.49411849E-08   0.00000000E+00
 12.    7.   0.62019548E-10  -0.20031776E-04   0.12465622E-03   0.00000000E+00
 12.    8.  -0.20318666E-04  -0.54443145E-05   0.52680509E-08   0.00000000E+00
 12.    9.  -0.10015944E-04   0.17348134E-04  -0.12464597E-03   0.00000000E+00
 12.   10.   0.14874260E-04   0.14874344E-04   0.46054420E-08   0.00000000E+00
 12.   11.   0.17348025E-04  -0.10015900E-04   0.12465519E-03   0.00000000E+00
 12.   12.  -0.54444401E-05  -0.20318676E-04   0.39088815E-08   0.00000000E+00
 12.   13.  -0.20031913E-04   0.00000000E+00  -0.12464721E-03   0.00000000E+00
 12.   14.   0.69797134E-03   0.00000000E+00  -0.11382985E-01   0.00000000E+00
 12.   15.   0.19628597E-03  -0.73254883E-03  -0.10759901E-08   0.00000000E+00
 12.   16.  -0.60446072E-03  -0.34898561E-03   0.11382983E-01   0.00000000E+00
 12.   17.  -0.53626286E-03   0.53626300E-03  -0.14962922E-09   0.00000000E+00
 12.   18.   0.34898571E-03   0.60446090E-03  -0.11382983E-01   0.00000000E+00
 12.   19.   0.73254896E-03  -0.19628577E-03   0.58349998E-09   0.00000000E+00
 12.   20.   0.12120293E-09  -0.69797120E-03   0.11382986E-01   0.00000000E+00
 12.   21.  -0.73254881E-03  -0.19628588E-03   0.35672652E-08   0.00000000E+00
 12.   22.  -0.34898572E-03   0.60446082E-03  -0.11382982E-01   0.00000000E+00
 12.   23.   0.53626286E-03   0.53626304E-03  -0.12174778E-08   0.00000000E+00
 12.   24.   0.60446083E-03  -0.34898553E-03   0.11382983E-01   0.00000000E+00
 12.   25.  -0.19628580E-03  -0.73254885E-03   0.69603535E-09   0.00000000E+00
 12.   26.  -0.69797127E-03   0.00000000E+00  -0.11382985E-01   0.00000000E+00
 12.   27.   0.39592544E-02   0.00000000E+00  -0.11477215E+00   0.00000000E+00
 12.   28.   0.12723300E-02  -0.47484004E-02  -0.92339786E-09   0.00000000E+00
 12.   29.  -0.34288149E-02  -0.19796273E-02   0.11477215E+00   0.00000000E+00
 12.   30.  -0.34760704E-02   0.34760703E-02   0.76833924E-09   0.00000000E+00
 12.   31.   0.19796271E-02   0.34288151E-02  -0.11477215E+00   0.00000000E+00
 12.   32.   0.47484005E-02  -0.12723298E-02  -0.10977899E-07   0.00000000E+00
 12.   33.   0.43960558E-09  -0.39592544E-02   0.11477215E+00   0.00000000E+00
 12.   34.  -0.47484003E-02  -0.12723303E-02   0.11052644E-07   0.00000000E+00
 12.   35.  -0.19796277E-02   0.34288147E-02  -0.11477215E+00   0.00000000E+00
 12.   36.   0.34760700E-02   0.34760706E-02  -0.18366977E-07   0.00000000E+00
 12.   37.   0.34288153E-02  -0.19796267E-02   0.11477214E+00   0.00000000E+00
 12.   38.  -0.12723294E-02  -0.47484005E-02   0.17332243E-07   0.00000000E+00
 12.   39.  -0.39592543E-02   0.00000000E+00  -0.11477215E+00   0.00000000E+00
 12.   40.   0.89665389E-02   0.00000000E+00  -0.43903108E+00   0.00000000E+00
 12.   41.   0.35864838E-02  -0.13384940E-01   0.39674409E-08   0.00000000E+00
 12.   42.  -0.77652505E-02  -0.44832698E-02   0.43903109E+00   0.00000000E+00
 12.   43.  -0.97984563E-02   0.97984560E-02   0.12806653E-07   0.00000000E+00
 12.   44.   0.44832689E-02   0.77652509E-02  -0.43903109E+00   0.00000000E+00
 12.   45.   0.13384940E-01  -0.35864833E-02  -0.39214030E-07   0.00000000E+00
 12.   46.   0.11394008E-08  -0.89665390E-02   0.43903108E+00   0.00000000E+00
 12.   47.  -0.13384940E-01  -0.35864845E-02   0.39405373E-07   0.00000000E+00
 12.   48.  -0.44832707E-02   0.77652499E-02  -0.43903109E+00   0.00000000E+00
 12.   49.   0.97984556E-02   0.97984568E-02  -0.63096080E-07   0.00000000E+00
 12.   50.   0.77652516E-02  -0.44832680E-02   0.43903109E+00   0.00000000E+00
 12.   51.  -0.35864826E-02  -0.13384940E-01   0.76581565E-07   0.00000000E+00
 12.   52.  -0.89665388E-02   0.00000000E+00  -0.43903108E+00   0.00000000E+00
 12.   53.   0.14022498E-01   0.00000000E+00  -0.99991632E+00   0.00000000E+00
 12.   54.   0.64023205E-02  -0.23893786E-01   0.10109269E-07   0.00000000E+00
 12.   55.  -0.12143839E-01  -0.70112495E-02   0.99991633E+00   0.00000000E+00
 12.   56.  -0.17491466E-01   0.17491465E-01   0.34825487E-07   0.00000000E+00
 12.   57.   0.70112478E-02   0.12143840E-01  -0.99991633E+00   0.00000000E+00
 12.   58.   0.23893786E-01  -0.64023198E-02  -0.85783614E-07   0.00000000E+00
 12.   59.   0.20262660E-08  -0.14022498E-01   0.99991633E+00   0.00000000E+00
 12.   60.  -0.23893786E-01  -0.64023216E-02   0.89437428E-07   0.00000000E+00
 12.   61.  -0.70112513E-02   0.12143838E-01  -0.99991633E+00   0.00000000E+00
 12.   62.   0.17491464E-01   0.17491466E-01  -0.13878447E-06   0.00000000E+00
 12.   63.   0.12143841E-01  -0.70112463E-02   0.99991634E+00   0.00000000E+00
 12.   64.  -0.64023189E-02  -0.23893786E-01   0.17616231E-06   0.00000000E+00
 12.   65.  -0.14022498E-01   0.00000000E+00  -0.99991632E+00   0.00000000E+00
 12.   66.  -0.14022498E-01   0.00000000E+00  -0.99991632E+00   0.00000000E+00
 12.   67.  -0.64023205E-02   0.23893786E-01   0.10109299E-07   0.00000000E+00
 12.   68.   0.12143839E-01   0.70112496E-02   0.99991633E+00   0.00000000E+00
 12.   69.   0.17491466E-01  -0.17491465E-01   0.34825598E-07   0.00000000E+00
 12.   70.  -0.70112478E-02  -0.12143840E-01  -0.99991633E+00   0.00000000E+00
 12.   71.  -0.23893786E-01   0.64023198E-02  -0.85783651E-07   0.00000000E+00
 12.   72.  -0.20111584E-08   0.14022498E-01   0.99991633E+00   0.00000000E+00
 12.   73.   0.23893786E-01   0.64023215E-02   0.89437498E-07   0.00000000E+00
 12.   74.   0.70112513E-02  -0.12143838E-01  -0.99991633E+00   0.00000000E+00
 12.   75.  -0.17491464E-01  -0.17491466E-01  -0.13878463E-06   0.00000000E+00
 12.   76.  -0.12143841E-01   0.70112463E-02   0.99991634E+00   0.00000000E+00
 12.   77.   0.64023190E-02   0.23893786E-01   0.17616227E-06   0.00000000E+00
 12.   78.   0.14022498E-01   0.00000000E+00  -0.99991632E+00   0.00000000E+00
 13.    1.  -0.59843232E-02   0.00000000E+00   0.10352979E+00   0.00000000E+00
 13.    2.  -0.55518831E-02   0.43704342E-02   0.73206620E-01   0.00000000E+00
 13.    3.  -0.40011278E-02   0.69301553E-02   0.41331967E-08   0.00000000E+00
 13.    4.  -0.10089667E-02   0.69932883E-02  -0.73206613E-01   0.00000000E+00
 13.    5.   0.29921602E-02   0.51825755E-02  -0.10352979E+00   0.00000000E+00
 13.    6.   0.65608471E-02   0.26228543E-02  -0.73206619E-01   0.00000000E+00
 13.    7.   0.80022530E-02   0.19803725E-09  -0.48479810E-08   0.00000000E+00
 13.    8.   0.65608474E-02  -0.26228539E-02   0.73206612E-01   0.00000000E+00
 13.    9.   0.29921607E-02  -0.51825751E-02   0.10352979E+00   0.00000000E+00
 13.   10.  -0.10089662E-02  -0.69932881E-02   0.73206620E-01   0.00000000E+00
 13.   11.  -0.40011275E-02  -0.69301554E-02   0.63252338E-08   0.00000000E+00
 13.   12.  -0.55518830E-02  -0.43704345E-02  -0.73206611E-01   0.00000000E+00
 13.   13.  -0.59843231E-02   0.00000000E+00  -0.10352979E+00   0.00000000E+00
 13.   14.  -0.12558984E-01   0.00000000E+00   0.60995871E+00   0.00000000E+00
 13.   15.  -0.12296134E-01   0.11578015E-01   0.43130594E+00   0.00000000E+00
 13.   16.  -0.10158281E-01   0.17594657E-01   0.43084431E-08   0.00000000E+00
 13.   17.  -0.38787894E-02   0.16437771E-01  -0.43130594E+00   0.00000000E+00
 13.   18.   0.62794902E-02   0.10876399E-01  -0.60995872E+00   0.00000000E+00
 13.   19.   0.16174921E-01   0.48597567E-02  -0.43130596E+00   0.00000000E+00
 13.   20.   0.20316559E-01   0.30347593E-09  -0.28147268E-07   0.00000000E+00
 13.   21.   0.16174921E-01  -0.48597560E-02   0.43130592E+00   0.00000000E+00
 13.   22.   0.62794915E-02  -0.10876398E-01   0.60995871E+00   0.00000000E+00
 13.   23.  -0.38787884E-02  -0.16437771E-01   0.43130598E+00   0.00000000E+00
 13.   24.  -0.10158280E-01  -0.17594657E-01   0.49123983E-07   0.00000000E+00
 13.   25.  -0.12296134E-01  -0.11578016E-01  -0.43130590E+00   0.00000000E+00
 13.   26.  -0.12558984E-01   0.00000000E+00  -0.60995871E+00   0.00000000E+00
 13.   27.   0.15669435E-02   0.00000000E+00   0.97929469E+00   0.00000000E+00
 13.   28.  -0.27673299E-02   0.14608784E-01   0.69246592E+00   0.00000000E+00
 13.   29.  -0.10484442E-01   0.18159585E-01   0.39828657E-08   0.00000000E+00
 13.   30.  -0.11267915E-01   0.97009695E-02  -0.69246592E+00   0.00000000E+00
 13.   31.  -0.78347356E-03  -0.13570133E-02  -0.97929470E+00   0.00000000E+00
 13.   32.   0.14035241E-01  -0.49078149E-02  -0.69246595E+00   0.00000000E+00
 13.   33.   0.20968882E-01  -0.35872652E-09  -0.43905226E-07   0.00000000E+00
 13.   34.   0.14035243E-01   0.49078148E-02   0.69246589E+00   0.00000000E+00
 13.   35.  -0.78347184E-03   0.13570142E-02   0.97929470E+00   0.00000000E+00
 13.   36.  -0.11267914E-01  -0.97009683E-02   0.69246598E+00   0.00000000E+00
 13.   37.  -0.10484443E-01  -0.18159585E-01   0.80871253E-07   0.00000000E+00
 13.   38.  -0.27673308E-02  -0.14608785E-01  -0.69246586E+00   0.00000000E+00
 13.   39.   0.15669434E-02   0.00000000E+00  -0.97929469E+00   0.00000000E+00
 13.   40.   0.23086723E-01   0.00000000E+00   0.31991655E+00   0.00000000E+00
 13.   41.   0.14845176E-01   0.76711472E-02   0.22621516E+00   0.00000000E+00
 13.   42.  -0.25226357E-02   0.43693320E-02  -0.34553173E-09   0.00000000E+00
 13.   43.  -0.14065998E-01  -0.90207270E-02  -0.22621517E+00   0.00000000E+00
 13.   44.  -0.11543363E-01  -0.19993690E-01  -0.31991656E+00   0.00000000E+00
 13.   45.  -0.77918180E-03  -0.16691875E-01  -0.22621517E+00   0.00000000E+00
 13.   46.   0.50452690E-02  -0.10661268E-08  -0.13966035E-07   0.00000000E+00
 13.   47.  -0.77918060E-03   0.16691874E-01   0.22621516E+00   0.00000000E+00
 13.   48.  -0.11543362E-01   0.19993690E-01   0.31991656E+00   0.00000000E+00
 13.   49.  -0.14065998E-01   0.90207286E-02   0.22621519E+00   0.00000000E+00
 13.   50.  -0.25226376E-02  -0.43693310E-02   0.27171693E-07   0.00000000E+00
 13.   51.   0.14845175E-01  -0.76711475E-02  -0.22621515E+00   0.00000000E+00
 13.   52.   0.23086723E-01   0.00000000E+00  -0.31991656E+00   0.00000000E+00
 13.   53.   0.27236952E-01   0.00000000E+00  -0.99999432E+00   0.00000000E+00
 13.   54.   0.20836256E-01  -0.33492315E-02  -0.70710276E+00   0.00000000E+00
 13.   55.   0.61008664E-02  -0.10567012E-01  -0.54862647E-08   0.00000000E+00
 13.   56.  -0.75176098E-02  -0.19719344E-01   0.70710276E+00   0.00000000E+00
 13.   57.  -0.13618477E-01  -0.23587893E-01   0.99999433E+00   0.00000000E+00
 13.   58.  -0.13318649E-01  -0.16370113E-01   0.70710281E+00   0.00000000E+00
 13.   59.  -0.12201736E-01  -0.98555777E-09   0.43243251E-07   0.00000000E+00
 13.   60.  -0.13318649E-01   0.16370112E-01  -0.70710274E+00   0.00000000E+00
 13.   61.  -0.13618477E-01   0.23587893E-01  -0.99999432E+00   0.00000000E+00
 13.   62.  -0.75176111E-02   0.19719344E-01  -0.70710282E+00   0.00000000E+00
 13.   63.   0.61008646E-02   0.10567013E-01  -0.83657393E-07   0.00000000E+00
 13.   64.   0.20836255E-01   0.33492321E-02   0.70710270E+00   0.00000000E+00
 13.   65.   0.27236952E-01   0.00000000E+00   0.99999432E+00   0.00000000E+00
 13.   66.  -0.27236953E-01   0.00000000E+00  -0.99999432E+00   0.00000000E+00
 13.   67.  -0.20836258E-01   0.33492315E-02  -0.70710276E+00   0.00000000E+00
 13.   68.  -0.61008681E-02   0.10567012E-01  -0.54862873E-08   0.00000000E+00
 13.   69.   0.75176081E-02   0.19719344E-01   0.70710276E+00   0.00000000E+00
 13.   70.   0.13618475E-01   0.23587893E-01   0.99999433E+00   0.00000000E+00
 13.   71.   0.13318647E-01   0.16370113E-01   0.70710281E+00   0.00000000E+00
 13.   72.   0.12201734E-01   0.10217222E-08   0.43243345E-07   0.00000000E+00
 13.   73.   0.13318647E-01  -0.16370112E-01  -0.70710274E+00   0.00000000E+00
 13.   74.   0.13618476E-01  -0.23587893E-01  -0.99999432E+00   0.00000000E+00
 13.   75.   0.75176093E-02  -0.19719344E-01  -0.70710282E+00   0.00000000E+00
 13.   76.  -0.61008663E-02  -0.10567013E-01  -0.83657505E-07   0.00000000E+00
 13.   77.  -0.20836256E-01  -0.33492321E-02   0.70710270E+00   0.00000000E+00
 13.   78.  -0.27236953E-01   0.00000000E+00   0.99999432E+00   0.00000000E+00
 14.    1.   0.72654631E-02   0.00000000E+00   0.99988248E+00   0.00000000E+00
 14.    2.   0.51593160E-02   0.78602480E-02   0.96581231E+00   0.00000000E+00
 14.    3.  -0.59478468E-03   0.13614349E-01   0.86592363E+00   0.00000000E+00
 14.    4.  -0.84550325E-02   0.15720496E-01   0.70702368E+00   0.00000000E+00
 14.    5.  -0.16315280E-01   0.13614349E-01   0.49994125E+00   0.00000000E+00
 14.    6.  -0.22069381E-01   0.78602482E-02   0.25878864E+00   0.00000000E+00
 14.    7.  -0.24175528E-01   0.46360475E-09   0.17099417E-07   0.00000000E+00
 14.    8.  -0.22069382E-01  -0.78602474E-02  -0.25878861E+00   0.00000000E+00
 14.    9.  -0.16315281E-01  -0.13614348E-01  -0.49994122E+00   0.00000000E+00
 14.   10.  -0.84550335E-02  -0.15720496E-01  -0.70702366E+00   0.00000000E+00
 14.   11.  -0.59478562E-03  -0.13614349E-01  -0.86592361E+00   0.00000000E+00
 14.   12.   0.51593154E-02  -0.78602488E-02  -0.96581230E+00   0.00000000E+00
 14.   13.   0.72654629E-02   0.00000000E+00  -0.99988247E+00   0.00000000E+00
 14.   14.   0.16609809E-01   0.00000000E+00   0.45767428E+00   0.00000000E+00
 14.   15.   0.15156748E-01   0.54228965E-02   0.44207941E+00   0.00000000E+00
 14.   16.   0.11186913E-01   0.93927321E-02   0.39635755E+00   0.00000000E+00
 14.   17.   0.57640161E-02   0.10845793E-01   0.32362459E+00   0.00000000E+00
 14.   18.   0.34111978E-03   0.93927322E-02   0.22883714E+00   0.00000000E+00
 14.   19.  -0.36287159E-02   0.54228966E-02   0.11845483E+00   0.00000000E+00
 14.   20.  -0.50817768E-02   0.32017161E-09   0.71443669E-08   0.00000000E+00
 14.   21.  -0.36287163E-02  -0.54228961E-02  -0.11845481E+00   0.00000000E+00
 14.   22.   0.34111920E-03  -0.93927318E-02  -0.22883713E+00   0.00000000E+00
 14.   23.   0.57640154E-02  -0.10845793E-01  -0.32362458E+00   0.00000000E+00
 14.   24.   0.11186912E-01  -0.93927324E-02  -0.39635755E+00   0.00000000E+00
 14.   25.   0.15156748E-01  -0.54228970E-02  -0.44207940E+00   0.00000000E+00
 14.   26.   0.16609809E-01   0.00000000E+00  -0.45767428E+00   0.00000000E+00
 14.   27.   0.93692518E-02   0.00000000E+00  -0.31035908E+00   0.00000000E+00
 14.   28.   0.88899986E-02   0.17885973E-02  -0.29978385E+00   0.00000000E+00
 14.   29.   0.75806544E-02   0.30979414E-02  -0.26877884E+00   0.00000000E+00
 14.   30.   0.57920571E-02   0.35771946E-02  -0.21945700E+00   0.00000000E+00
 14.   31.   0.40034597E-02   0.30979415E-02  -0.15517954E+00   0.00000000E+00
 14.   32.   0.26941155E-02   0.17885974E-02  -0.80326842E-01   0.00000000E+00
 14.   33.   0.22148623E-02   0.94156653E-10  -0.48822473E-08   0.00000000E+00
 14.   34.   0.26941154E-02  -0.17885973E-02   0.80326833E-01   0.00000000E+00
 14.   35.   0.40034595E-02  -0.30979414E-02   0.15517953E+00   0.00000000E+00
 14.   36.   0.57920569E-02  -0.35771947E-02   0.21945700E+00   0.00000000E+00
 14.   37.   0.75806543E-02  -0.30979415E-02   0.26877884E+00   0.00000000E+00
 14.   38.   0.88899985E-02  -0.17885975E-02   0.29978384E+00   0.00000000E+00
 14.   39.   0.93692518E-02   0.00000000E+00   0.31035908E+00   0.00000000E+00
 14.   40.  -0.11228874E-01   0.00000000E+00  -0.24284933E+00   0.00000000E+00
 14.   41.  -0.10391167E-01  -0.31263648E-02  -0.23457445E+00   0.00000000E+00
 14.   42.  -0.81025090E-02  -0.54150228E-02  -0.21031370E+00   0.00000000E+00
 14.   43.  -0.49761442E-02  -0.62527297E-02  -0.17172041E+00   0.00000000E+00
 14.   44.  -0.18497795E-02  -0.54150227E-02  -0.12142467E+00   0.00000000E+00
 14.   45.   0.43887845E-03  -0.31263649E-02  -0.62854038E-01   0.00000000E+00
 14.   46.   0.12765855E-02  -0.20769342E-09  -0.35739222E-08   0.00000000E+00
 14.   47.   0.43887864E-03   0.31263645E-02   0.62854031E-01   0.00000000E+00
 14.   48.  -0.18497792E-02   0.54150225E-02   0.12142466E+00   0.00000000E+00
 14.   49.  -0.49761438E-02   0.62527297E-02   0.17172041E+00   0.00000000E+00
 14.   50.  -0.81025086E-02   0.54150229E-02   0.21031369E+00   0.00000000E+00
 14.   51.  -0.10391167E-01   0.31263651E-02   0.23457445E+00   0.00000000E+00
 14.   52.  -0.11228874E-01   0.00000000E+00   0.24284934E+00   0.00000000E+00
 14.   53.  -0.16478768E-01   0.00000000E+00   0.52237355E+00   0.00000000E+00
 14.   54.  -0.15516585E-01  -0.35909161E-02   0.50457409E+00   0.00000000E+00
 14.   55.  -0.12887852E-01  -0.62196494E-02   0.45238875E+00   0.00000000E+00
 14.   56.  -0.92969355E-02  -0.71818325E-02   0.36937387E+00   0.00000000E+00
 14.   57.  -0.57060194E-02  -0.62196493E-02   0.26118677E+00   0.00000000E+00
 14.   58.  -0.30772861E-02  -0.35909163E-02   0.13520022E+00   0.00000000E+00
 14.   59.  -0.21151028E-02  -0.23791587E-09   0.82782869E-08   0.00000000E+00
 14.   60.  -0.30772859E-02   0.35909159E-02  -0.13520020E+00   0.00000000E+00
 14.   61.  -0.57060190E-02   0.62196491E-02  -0.26118676E+00   0.00000000E+00
 14.   62.  -0.92969351E-02   0.71818325E-02  -0.36937386E+00   0.00000000E+00
 14.   63.  -0.12887851E-01   0.62196496E-02  -0.45238874E+00   0.00000000E+00
 14.   64.  -0.15516585E-01   0.35909164E-02  -0.50457408E+00   0.00000000E+00
 14.   65.  -0.16478768E-01   0.00000000E+00  -0.52237354E+00   0.00000000E+00
 14.   66.   0.16478769E-01   0.00000000E+00   0.52237355E+00   0.00000000E+00
 14.   67.   0.15516585E-01   0.35909161E-02   0.50457409E+00   0.00000000E+00
 14.   68.   0.12887852E-01   0.62196494E-02   0.45238875E+00   0.00000000E+00
 14.   69.   0.92969358E-02   0.71818325E-02   0.36937387E+00   0.00000000E+00
 14.   70.   0.57060197E-02   0.62196493E-02   0.26118677E+00   0.00000000E+00
 14.   71.   0.30772865E-02   0.35909163E-02   0.13520022E+00   0.00000000E+00
 14.   72.   0.21151031E-02   0.21284954E-09   0.82782557E-08   0.00000000E+00
 14.   73.   0.30772863E-02  -0.35909159E-02  -0.13520020E+00   0.00000000E+00
 14.   74.   0.57060194E-02  -0.62196491E-02  -0.26118676E+00   0.00000000E+00
 14.   75.   0.92969354E-02  -0.71818325E-02  -0.36937386E+00   0.00000000E+00
 14.   76.   0.12887852E-01  -0.62196496E-02  -0.45238874E+00   0.00000000E+00
 14.   77.   0.15516585E-01  -0.35909164E-02  -0.50457408E+00   0.00000000E+00
 14.   78.   0.16478769E-01   0.00000000E+00  -0.52237354E+00   0.00000000E+00
 15.    1.  -0.56077036E-05   0.00000000E+00   0.29112570E-04   0.00000000E+00
 15.    2.  -0.65551472E-07   0.58544451E-05  -0.75450431E-05   0.00000000E+00
 15.    3.   0.56746739E-05  -0.11445693E-06  -0.25226641E-04   0.00000000E+00
 15.    4.   0.13261192E-06  -0.57403133E-05   0.20585535E-04   0.00000000E+00
 15.    5.  -0.58055303E-05   0.11421279E-06   0.14556079E-04   0.00000000E+00
 15.    6.  -0.65302951E-07   0.56257532E-05  -0.28130936E-04   0.00000000E+00
 15.    7.   0.58729317E-05  -0.21601325E-10  -0.23997560E-09   0.00000000E+00
 15.    8.  -0.65302544E-07  -0.56257992E-05   0.28130397E-04   0.00000000E+00
 15.    9.  -0.58055303E-05  -0.11426328E-06  -0.14556813E-04   0.00000000E+00
 15.   10.   0.13261400E-06   0.57402634E-05  -0.20586590E-04   0.00000000E+00
 15.   11.   0.56746825E-05   0.11441591E-06   0.25225235E-04   0.00000000E+00
 15.   12.  -0.65536214E-07  -0.58544694E-05   0.75433652E-05   0.00000000E+00
 15.   13.  -0.56076867E-05   0.00000000E+00  -0.29114360E-04   0.00000000E+00
 15.   14.  -0.41726957E-03   0.00000000E+00   0.58419521E-02   0.00000000E+00
 15.   15.  -0.91790948E-05   0.45152821E-03  -0.15120116E-02   0.00000000E+00
 15.   16.   0.42644985E-03  -0.15899394E-04  -0.50592836E-02   0.00000000E+00
 15.   17.   0.18359450E-04  -0.43562900E-03   0.41308834E-02   0.00000000E+00
 15.   18.  -0.44480788E-03   0.15899240E-04   0.29209758E-02   0.00000000E+00
 15.   19.  -0.91789537E-05   0.41972955E-03  -0.56428957E-02   0.00000000E+00
 15.   20.   0.45398848E-03   0.36711991E-10  -0.25853359E-09   0.00000000E+00
 15.   21.  -0.91788578E-05  -0.41972955E-03   0.56428968E-02   0.00000000E+00
 15.   22.  -0.44480787E-03  -0.15899346E-04  -0.29209737E-02   0.00000000E+00
 15.   23.   0.18359382E-04   0.43562894E-03  -0.41308834E-02   0.00000000E+00
 15.   24.   0.42644986E-03   0.15899416E-04   0.50592828E-02   0.00000000E+00
 15.   25.  -0.91790174E-05  -0.45152824E-03   0.15120116E-02   0.00000000E+00
 15.   26.  -0.41726955E-03   0.00000000E+00  -0.58419535E-02   0.00000000E+00
 15.   27.  -0.34218950E-02   0.00000000E+00   0.85713840E-01   0.00000000E+00
 15.   28.  -0.21508106E-03   0.42245908E-02  -0.22184370E-01   0.00000000E+00
 15.   29.   0.36369776E-02  -0.37253211E-03  -0.74230359E-01   0.00000000E+00
 15.   30.   0.43016372E-03  -0.38520587E-02   0.60608835E-01   0.00000000E+00
 15.   31.  -0.40671397E-02   0.37253197E-03   0.42856924E-01   0.00000000E+00
 15.   32.  -0.21508142E-03   0.34795265E-02  -0.82793207E-01   0.00000000E+00
 15.   33.   0.42822223E-02   0.30975692E-09  -0.92911831E-08   0.00000000E+00
 15.   34.  -0.21508062E-03  -0.34795264E-02   0.82793211E-01   0.00000000E+00
 15.   35.  -0.40671397E-02  -0.37253258E-03  -0.42856907E-01   0.00000000E+00
 15.   36.   0.43016305E-03   0.38520585E-02  -0.60608845E-01   0.00000000E+00
 15.   37.   0.36369776E-02   0.37253276E-03   0.74230350E-01   0.00000000E+00
 15.   38.  -0.21508049E-03  -0.42245908E-02   0.22184386E-01   0.00000000E+00
 15.   39.  -0.34218950E-02   0.00000000E+00  -0.85713840E-01   0.00000000E+00
 15.   40.  -0.92390035E-02   0.00000000E+00   0.39996025E+00   0.00000000E+00
 15.   41.  -0.13714691E-02   0.14357399E-01  -0.10351733E+00   0.00000000E+00
 15.   42.   0.10610475E-01  -0.23754549E-02  -0.34637575E+00   0.00000000E+00
 15.   43.   0.27429405E-02  -0.11981944E-01   0.28281460E+00   0.00000000E+00
 15.   44.  -0.13353413E-01   0.23754547E-02   0.19998015E+00   0.00000000E+00
 15.   45.  -0.13714705E-02   0.96064886E-02  -0.38633193E+00   0.00000000E+00
 15.   46.   0.14724884E-01   0.71498716E-09  -0.41591969E-07   0.00000000E+00
 15.   47.  -0.13714678E-02  -0.96064883E-02   0.38633195E+00   0.00000000E+00
 15.   48.  -0.13353413E-01  -0.23754565E-02  -0.19998008E+00   0.00000000E+00
 15.   49.   0.27429384E-02   0.11981943E-01  -0.28281465E+00   0.00000000E+00
 15.   50.   0.10610475E-01   0.23754572E-02   0.34637571E+00   0.00000000E+00
 15.   51.  -0.13714676E-02  -0.14357399E-01   0.10351741E+00   0.00000000E+00
 15.   52.  -0.92390035E-02   0.00000000E+00  -0.39996025E+00   0.00000000E+00
 15.   53.  -0.15594811E-01   0.00000000E+00   0.99988423E+00   0.00000000E+00
 15.   54.  -0.33033299E-02   0.27923010E-01  -0.25878909E+00   0.00000000E+00
 15.   55.   0.18898143E-01  -0.57215357E-02  -0.86592517E+00   0.00000000E+00
 15.   56.   0.66066625E-02  -0.22201474E-01   0.70702490E+00   0.00000000E+00
 15.   57.  -0.25504803E-01   0.57215354E-02   0.49994218E+00   0.00000000E+00
 15.   58.  -0.33033325E-02   0.16479937E-01  -0.96581399E+00   0.00000000E+00
 15.   59.   0.28808135E-01   0.11341413E-08  -0.10056637E-06   0.00000000E+00
 15.   60.  -0.33033274E-02  -0.16479937E-01   0.96581404E+00   0.00000000E+00
 15.   61.  -0.25504804E-01  -0.57215385E-02  -0.49994201E+00   0.00000000E+00
 15.   62.   0.66066587E-02   0.22201472E-01  -0.70702504E+00   0.00000000E+00
 15.   63.   0.18898145E-01   0.57215402E-02   0.86592507E+00   0.00000000E+00
 15.   64.  -0.33033275E-02  -0.27923009E-01   0.25878928E+00   0.00000000E+00
 15.   65.  -0.15594811E-01   0.00000000E+00  -0.99988423E+00   0.00000000E+00
 15.   66.   0.15594813E-01   0.00000000E+00   0.99988423E+00   0.00000000E+00
 15.   67.   0.33033309E-02  -0.27923010E-01  -0.25878909E+00   0.00000000E+00
 15.   68.  -0.18898142E-01   0.57215357E-02  -0.86592517E+00   0.00000000E+00
 15.   69.  -0.66066614E-02   0.22201474E-01   0.70702490E+00   0.00000000E+00
 15.   70.   0.25504804E-01  -0.57215354E-02   0.49994218E+00   0.00000000E+00
 15.   71.   0.33033336E-02  -0.16479937E-01  -0.96581399E+00   0.00000000E+00
 15.   72.  -0.28808134E-01  -0.11515561E-08  -0.10056635E-06   0.00000000E+00
 15.   73.   0.33033284E-02   0.16479937E-01   0.96581404E+00   0.00000000E+00
 15.   74.   0.25504805E-01   0.57215384E-02  -0.49994201E+00   0.00000000E+00
 15.   75.  -0.66066576E-02  -0.22201472E-01  -0.70702504E+00   0.00000000E+00
 15.   76.  -0.18898143E-01  -0.57215402E-02   0.86592507E+00   0.00000000E+00
 15.   77.   0.33033285E-02   0.27923009E-01   0.25878928E+00   0.00000000E+00
 15.   78.   0.15594812E-01   0.00000000E+00  -0.99988423E+00   0.00000000E+00
 16.    1.  -0.26207698E-02   0.00000000E+00   0.31260132E-01   0.00000000E+00
 16.    2.  -0.20046304E-02   0.24184446E-02   0.15630066E-01   0.00000000E+00
 16.    3.  -0.29261029E-03   0.31275866E-02  -0.15630066E-01   0.00000000E+00
 16.    4.   0.18531646E-02   0.18531645E-02  -0.31260133E-01   0.00000000E+00
 16.    5.   0.31275868E-02  -0.29261045E-03  -0.15630069E-01   0.00000000E+00
 16.    6.   0.24184450E-02  -0.20046307E-02   0.15630061E-01   0.00000000E+00
 16.    7.   0.46585790E-09  -0.26207702E-02   0.31260128E-01   0.00000000E+00
 16.    8.  -0.24184441E-02  -0.20046308E-02   0.15630064E-01   0.00000000E+00
 16.    9.  -0.31275862E-02  -0.29261075E-03  -0.15630067E-01   0.00000000E+00
 16.   10.  -0.18531642E-02   0.18531642E-02  -0.31260134E-01   0.00000000E+00
 16.   11.   0.29261070E-03   0.31275865E-02  -0.15630071E-01   0.00000000E+00
 16.   12.   0.20046309E-02   0.24184447E-02   0.15630060E-01   0.00000000E+00
 16.   13.   0.26207705E-02   0.00000000E+00   0.31260128E-01   0.00000000E+00
 16.   14.  -0.12527048E-01   0.00000000E+00   0.40131259E+00   0.00000000E+00
 16.   15.  -0.10043823E-01   0.13283662E-01   0.20065630E+00   0.00000000E+00
 16.   16.  -0.22909112E-02   0.16495023E-01  -0.20065629E+00   0.00000000E+00
 16.   17.   0.88579608E-02   0.88579609E-02  -0.40131259E+00   0.00000000E+00
 16.   18.   0.16495023E-01  -0.22909110E-02  -0.20065631E+00   0.00000000E+00
 16.   19.   0.13283662E-01  -0.10043823E-01   0.20065627E+00   0.00000000E+00
 16.   20.   0.11801287E-08  -0.12527048E-01   0.40131259E+00   0.00000000E+00
 16.   21.  -0.13283661E-01  -0.10043824E-01   0.20065631E+00   0.00000000E+00
 16.   22.  -0.16495023E-01  -0.22909121E-02  -0.20065627E+00   0.00000000E+00
 16.   23.  -0.88579613E-02   0.88579597E-02  -0.40131259E+00   0.00000000E+00
 16.   24.   0.22909107E-02   0.16495023E-01  -0.20065633E+00   0.00000000E+00
 16.   25.   0.10043823E-01   0.13283663E-01   0.20065625E+00   0.00000000E+00
 16.   26.   0.12527048E-01   0.00000000E+00   0.40131259E+00   0.00000000E+00
 16.   27.  -0.41254697E-02   0.00000000E+00   0.95487832E+00   0.00000000E+00
 16.   28.  -0.81012612E-02   0.22264524E-01   0.47743916E+00   0.00000000E+00
 16.   29.  -0.10014938E-01   0.21471853E-01  -0.47743915E+00   0.00000000E+00
 16.   30.   0.29171478E-02   0.29171482E-02  -0.95487833E+00   0.00000000E+00
 16.   31.   0.21471852E-01  -0.10014938E-01  -0.47743920E+00   0.00000000E+00
 16.   32.   0.22264525E-01  -0.81012619E-02   0.47743912E+00   0.00000000E+00
 16.   33.   0.18192750E-08  -0.41254701E-02   0.95487832E+00   0.00000000E+00
 16.   34.  -0.22264523E-01  -0.81012613E-02   0.47743921E+00   0.00000000E+00
 16.   35.  -0.21471853E-01  -0.10014939E-01  -0.47743910E+00   0.00000000E+00
 16.   36.  -0.29171493E-02   0.29171461E-02  -0.95487833E+00   0.00000000E+00
 16.   37.   0.10014938E-01   0.21471851E-01  -0.47743925E+00   0.00000000E+00
 16.   38.   0.81012624E-02   0.22264525E-01   0.47743907E+00   0.00000000E+00
 16.   39.   0.41254703E-02   0.00000000E+00   0.95487832E+00   0.00000000E+00
 16.   40.   0.23664866E-01   0.00000000E+00   0.45164316E+00   0.00000000E+00
 16.   41.   0.93008410E-02   0.11005799E-01   0.22582158E+00   0.00000000E+00
 16.   42.  -0.14358962E-01   0.12055881E-02  -0.22582158E+00   0.00000000E+00
 16.   43.  -0.16733587E-01  -0.16733587E-01  -0.45164316E+00   0.00000000E+00
 16.   44.   0.12055875E-02  -0.14358964E-01  -0.22582160E+00   0.00000000E+00
 16.   45.   0.11005800E-01   0.93008395E-02   0.22582156E+00   0.00000000E+00
 16.   46.   0.12131823E-08   0.23664866E-01   0.45164316E+00   0.00000000E+00
 16.   47.  -0.11005799E-01   0.93008421E-02   0.22582160E+00   0.00000000E+00
 16.   48.  -0.12055889E-02  -0.14358962E-01  -0.22582155E+00   0.00000000E+00
 16.   49.   0.16733586E-01  -0.16733588E-01  -0.45164316E+00   0.00000000E+00
 16.   50.   0.14358965E-01   0.12055862E-02  -0.22582162E+00   0.00000000E+00
 16.   51.  -0.93008377E-02   0.11005800E-01   0.22582154E+00   0.00000000E+00
 16.   52.  -0.23664865E-01   0.00000000E+00   0.45164316E+00   0.00000000E+00
 16.   53.   0.30681248E-01   0.00000000E+00  -0.99997903E+00   0.00000000E+00
 16.   54.   0.18450960E-01  -0.95883017E-02  -0.49998951E+00   0.00000000E+00
 16.   55.  -0.62668453E-02  -0.19826752E-01   0.49998951E+00   0.00000000E+00
 16.   56.  -0.21694918E-01  -0.21694919E-01   0.99997904E+00   0.00000000E+00
 16.   57.  -0.19826752E-01  -0.62668468E-02   0.49998955E+00   0.00000000E+00
 16.   58.  -0.95883020E-02   0.18450959E-01  -0.49998947E+00   0.00000000E+00
 16.   59.  -0.13634660E-09   0.30681248E-01  -0.99997904E+00   0.00000000E+00
 16.   60.   0.95883016E-02   0.18450961E-01  -0.49998956E+00   0.00000000E+00
 16.   61.   0.19826752E-01  -0.62668444E-02   0.49998946E+00   0.00000000E+00
 16.   62.   0.21694919E-01  -0.21694918E-01   0.99997903E+00   0.00000000E+00
 16.   63.   0.62668485E-02  -0.19826753E-01   0.49998960E+00   0.00000000E+00
 16.   64.  -0.18450957E-01  -0.95883029E-02  -0.49998942E+00   0.00000000E+00
 16.   65.  -0.30681247E-01   0.00000000E+00  -0.99997903E+00   0.00000000E+00
 16.   66.  -0.30681247E-01   0.00000000E+00  -0.99997903E+00   0.00000000E+00
 16.   67.  -0.18450960E-01   0.95883018E-02  -0.49998951E+00   0.00000000E+00
 16.   68.   0.62668460E-02   0.19826752E-01   0.49998951E+00   0.00000000E+00
 16.   69.   0.21694919E-01   0.21694919E-01   0.99997904E+00   0.00000000E+00
 16.   70.   0.19826753E-01   0.62668468E-02   0.49998955E+00   0.00000000E+00
 16.   71.   0.95883027E-02  -0.18450959E-01  -0.49998947E+00   0.00000000E+00
 16.   72.   0.79789306E-09  -0.30681248E-01  -0.99997904E+00   0.00000000E+00
 16.   73.  -0.95883009E-02  -0.18450961E-01  -0.49998956E+00   0.00000000E+00
 16.   74.  -0.19826751E-01   0.62668444E-02   0.49998946E+00   0.00000000E+00
 16.   75.  -0.21694919E-01   0.21694918E-01   0.99997903E+00   0.00000000E+00
 16.   76.  -0.62668479E-02   0.19826753E-01   0.49998960E+00   0.00000000E+00
 16.   77.   0.18450958E-01   0.95883029E-02  -0.49998942E+00   0.00000000E+00
 16.   78.   0.30681248E-01   0.00000000E+00  -0.99997903E+00   0.00000000E+00
 17.    1.  -0.15360227E-05   0.00000000E+00   0.69543884E-05   0.00000000E+00
 17.    2.   0.37861518E-06   0.15410133E-05  -0.32401774E-05   0.00000000E+00
 17.    3.   0.13523038E-05  -0.81126199E-06  -0.33046900E-05   0.00000000E+00
 17.    4.  -0.10904016E-05  -0.10782322E-05   0.67781293E-05   0.00000000E+00
 17.    5.  -0.82287239E-06   0.13619586E-05  -0.34809738E-05   0.00000000E+00
 17.    6.   0.15339230E-05   0.38508700E-06  -0.35455220E-05   0.00000000E+00
 17.    7.   0.15820128E-09  -0.15309523E-05   0.66017878E-05   0.00000000E+00
 17.    8.  -0.15336064E-05   0.38508727E-06  -0.35455655E-05   0.00000000E+00
 17.    9.   0.82319055E-06   0.13619607E-05  -0.34810367E-05   0.00000000E+00
 17.   10.   0.10907220E-05  -0.10782282E-05   0.67780969E-05   0.00000000E+00
 17.   11.  -0.13519825E-05  -0.81125766E-06  -0.33046561E-05   0.00000000E+00
 17.   12.  -0.37829430E-06   0.15410163E-05  -0.32400808E-05   0.00000000E+00
 17.   13.   0.15363437E-05   0.00000000E+00   0.69545139E-05   0.00000000E+00
 17.   14.  -0.24409642E-03   0.00000000E+00   0.29938783E-02   0.00000000E+00
 17.   15.   0.58313331E-04   0.25394495E-03  -0.14966239E-02   0.00000000E+00
 17.   16.   0.22079563E-03  -0.13832701E-03  -0.14967081E-02   0.00000000E+00
 17.   17.  -0.17260774E-03  -0.17260068E-03   0.29936483E-02   0.00000000E+00
 17.   18.  -0.13833591E-03   0.22079751E-03  -0.14969380E-02   0.00000000E+00
 17.   19.   0.25393892E-03   0.58309923E-04  -0.14970228E-02   0.00000000E+00
 17.   20.   0.18356365E-09  -0.24410207E-03   0.29934179E-02   0.00000000E+00
 17.   21.  -0.25393863E-03   0.58309870E-04  -0.14970224E-02   0.00000000E+00
 17.   22.   0.13833618E-03   0.22079753E-03  -0.14969389E-02   0.00000000E+00
 17.   23.   0.17260809E-03  -0.17260064E-03   0.29936480E-02   0.00000000E+00
 17.   24.  -0.22079529E-03  -0.13832704E-03  -0.14967076E-02   0.00000000E+00
 17.   25.  -0.58313053E-04   0.25394494E-03  -0.14966242E-02   0.00000000E+00
 17.   26.   0.24409674E-03   0.00000000E+00   0.29938787E-02   0.00000000E+00
 17.   27.  -0.29069328E-02   0.00000000E+00   0.64037724E-01   0.00000000E+00
 17.   28.   0.58460679E-03   0.34340121E-02  -0.32018922E-01   0.00000000E+00
 17.   29.   0.28415913E-02  -0.20148356E-02  -0.32018908E-01   0.00000000E+00
 17.   30.  -0.20555154E-02  -0.20555166E-02   0.64037769E-01   0.00000000E+00
 17.   31.  -0.20148376E-02   0.28415856E-02  -0.32018857E-01   0.00000000E+00
 17.   32.   0.34340101E-02   0.58459717E-03  -0.32018851E-01   0.00000000E+00
 17.   33.   0.53598996E-09  -0.29069444E-02   0.64037813E-01   0.00000000E+00
 17.   34.  -0.34340100E-02   0.58459659E-03  -0.32018838E-01   0.00000000E+00
 17.   35.   0.20148374E-02   0.28415858E-02  -0.32018870E-01   0.00000000E+00
 17.   36.   0.20555162E-02  -0.20555161E-02   0.64037769E-01   0.00000000E+00
 17.   37.  -0.28415908E-02  -0.20148362E-02  -0.32018896E-01   0.00000000E+00
 17.   38.  -0.58460702E-03   0.34340118E-02  -0.32018934E-01   0.00000000E+00
 17.   39.   0.29069331E-02   0.00000000E+00   0.64037725E-01   0.00000000E+00
 17.   40.  -0.94189296E-02   0.00000000E+00   0.36526616E+00   0.00000000E+00
 17.   41.   0.11050105E-02   0.14072002E-01  -0.18263324E+00   0.00000000E+00
 17.   42.   0.10731770E-01  -0.91690481E-02  -0.18263321E+00   0.00000000E+00
 17.   43.  -0.66601852E-02  -0.66601879E-02   0.36526628E+00   0.00000000E+00
 17.   44.  -0.91690454E-02   0.10731772E-01  -0.18263306E+00   0.00000000E+00
 17.   45.   0.14072004E-01   0.11050168E-02  -0.18263307E+00   0.00000000E+00
 17.   46.   0.17628670E-08  -0.94189228E-02   0.36526639E+00   0.00000000E+00
 17.   47.  -0.14072005E-01   0.11050149E-02  -0.18263300E+00   0.00000000E+00
 17.   48.   0.91690436E-02   0.10731772E-01  -0.18263313E+00   0.00000000E+00
 17.   49.   0.66601878E-02  -0.66601857E-02   0.36526628E+00   0.00000000E+00
 17.   50.  -0.10731770E-01  -0.91690502E-02  -0.18263314E+00   0.00000000E+00
 17.   51.  -0.11050120E-02   0.14072001E-01  -0.18263331E+00   0.00000000E+00
 17.   52.   0.94189299E-02   0.00000000E+00   0.36526616E+00   0.00000000E+00
 17.   53.  -0.17120911E-01   0.00000000E+00   0.99984712E+00   0.00000000E+00
 17.   54.   0.90208336E-03   0.29708404E-01  -0.49992331E+00   0.00000000E+00
 17.   55.   0.21644884E-01  -0.20369141E-01  -0.49992340E+00   0.00000000E+00
 17.   56.  -0.12106308E-01  -0.12106307E-01   0.99984694E+00   0.00000000E+00
 17.   57.  -0.20369142E-01   0.21644891E-01  -0.49992350E+00   0.00000000E+00
 17.   58.   0.29708404E-01   0.90209681E-03  -0.49992372E+00   0.00000000E+00
 17.   59.   0.36250101E-08  -0.17120897E-01   0.99984675E+00   0.00000000E+00
 17.   60.  -0.29708407E-01   0.90209346E-03  -0.49992353E+00   0.00000000E+00
 17.   61.   0.20369138E-01   0.21644892E-01  -0.49992369E+00   0.00000000E+00
 17.   62.   0.12106313E-01  -0.12106303E-01   0.99984694E+00   0.00000000E+00
 17.   63.  -0.21644884E-01  -0.20369145E-01  -0.49992321E+00   0.00000000E+00
 17.   64.  -0.90208628E-03   0.29708401E-01  -0.49992350E+00   0.00000000E+00
 17.   65.   0.17120911E-01   0.00000000E+00   0.99984712E+00   0.00000000E+00
 17.   66.   0.17120912E-01   0.00000000E+00   0.99984712E+00   0.00000000E+00
 17.   67.  -0.90208306E-03  -0.29708404E-01  -0.49992331E+00   0.00000000E+00
 17.   68.  -0.21644884E-01   0.20369141E-01  -0.49992340E+00   0.00000000E+00
 17.   69.   0.12106308E-01   0.12106307E-01   0.99984694E+00   0.00000000E+00
 17.   70.   0.20369142E-01  -0.21644891E-01  -0.49992350E+00   0.00000000E+00
 17.   71.  -0.29708404E-01  -0.90209677E-03  -0.49992372E+00   0.00000000E+00
 17.   72.  -0.33329589E-08   0.17120897E-01   0.99984675E+00   0.00000000E+00
 17.   73.   0.29708407E-01  -0.90209345E-03  -0.49992353E+00   0.00000000E+00
 17.   74.  -0.20369138E-01  -0.21644892E-01  -0.49992369E+00   0.00000000E+00
 17.   75.  -0.12106313E-01   0.12106303E-01   0.99984694E+00   0.00000000E+00
 17.   76.   0.21644884E-01   0.20369145E-01  -0.49992321E+00   0.00000000E+00
 17.   77.   0.90208661E-03  -0.29708401E-01  -0.49992350E+00   0.00000000E+00
 17.   78.  -0.17120911E-01   0.00000000E+00   0.99984712E+00   0.00000000E+00
 18.    1.  -0.10401848E-01   0.00000000E+00   0.70373202E+00   0.00000000E+00
 18.    2.  -0.13202734E-01   0.14468014E-01   0.60944980E+00   0.00000000E+00
 18.    3.  -0.19566173E-01   0.23487758E-01   0.35186601E+00   0.00000000E+00
 18.    4.  -0.24596210E-01   0.24596210E-01   0.94946978E-08   0.00000000E+00
 18.    5.  -0.23487759E-01   0.19566174E-01  -0.35186599E+00   0.00000000E+00
 18.    6.  -0.14468014E-01   0.13202734E-01  -0.60944979E+00   0.00000000E+00
 18.    7.  -0.71583350E-09   0.10401848E-01  -0.70373201E+00   0.00000000E+00
 18.    8.   0.14468013E-01   0.13202734E-01  -0.60944981E+00   0.00000000E+00
 18.    9.   0.23487758E-01   0.19566173E-01  -0.35186603E+00   0.00000000E+00
 18.   10.   0.24596211E-01   0.24596210E-01  -0.31663739E-07   0.00000000E+00
 18.   11.   0.19566174E-01   0.23487759E-01   0.35186598E+00   0.00000000E+00
 18.   12.   0.13202735E-01   0.14468015E-01   0.60944978E+00   0.00000000E+00
 18.   13.   0.10401848E-01   0.00000000E+00   0.70373201E+00   0.00000000E+00
 18.   14.   0.11014567E-01   0.00000000E+00   0.91748109E+00   0.00000000E+00
 18.   15.   0.65784177E-02   0.12304471E-01   0.79456193E+00   0.00000000E+00
 18.   16.  -0.40489308E-02   0.18027521E-01   0.45874055E+00   0.00000000E+00
 18.   17.  -0.14400351E-01   0.14400352E-01   0.91347995E-08   0.00000000E+00
 18.   18.  -0.18027521E-01   0.40489314E-02  -0.45874053E+00   0.00000000E+00
 18.   19.  -0.12304471E-01  -0.65784170E-02  -0.79456192E+00   0.00000000E+00
 18.   20.  -0.59063617E-09  -0.11014567E-01  -0.91748109E+00   0.00000000E+00
 18.   21.   0.12304470E-01  -0.65784180E-02  -0.79456195E+00   0.00000000E+00
 18.   22.   0.18027521E-01   0.40489302E-02  -0.45874057E+00   0.00000000E+00
 18.   23.   0.14400352E-01   0.14400351E-01  -0.42931728E-07   0.00000000E+00
 18.   24.   0.40489324E-02   0.18027521E-01   0.45874051E+00   0.00000000E+00
 18.   25.  -0.65784164E-02   0.12304472E-01   0.79456191E+00   0.00000000E+00
 18.   26.  -0.11014567E-01   0.00000000E+00   0.91748109E+00   0.00000000E+00
 18.   27.   0.22824530E-01   0.00000000E+00  -0.17914341E+00   0.00000000E+00
 18.   28.   0.19423853E-01   0.38815525E-02  -0.15514271E+00   0.00000000E+00
 18.   29.   0.10990065E-01   0.37891777E-02  -0.89571682E-01   0.00000000E+00
 18.   30.   0.18073238E-02  -0.18073218E-02  -0.23745215E-07   0.00000000E+00
 18.   31.  -0.37891760E-02  -0.10990066E-01   0.89571702E-01   0.00000000E+00
 18.   32.  -0.38815550E-02  -0.19423853E-01   0.15514273E+00   0.00000000E+00
 18.   33.  -0.65241232E-10  -0.22824528E-01   0.17914336E+00   0.00000000E+00
 18.   34.   0.38815551E-02  -0.19423854E-01   0.15514274E+00   0.00000000E+00
 18.   35.   0.37891766E-02  -0.10990067E-01   0.89571711E-01   0.00000000E+00
 18.   36.  -0.18073226E-02  -0.18073227E-02  -0.14015911E-07   0.00000000E+00
 18.   37.  -0.10990063E-01   0.37891774E-02  -0.89571673E-01   0.00000000E+00
 18.   38.  -0.19423852E-01   0.38815528E-02  -0.15514271E+00   0.00000000E+00
 18.   39.  -0.22824530E-01   0.00000000E+00  -0.17914341E+00   0.00000000E+00
 18.   40.  -0.14014142E-01   0.00000000E+00  -0.46463030E+00   0.00000000E+00
 18.   41.  -0.11091059E-01  -0.54998531E-02  -0.40238146E+00   0.00000000E+00
 18.   42.  -0.39535869E-02  -0.71663349E-02  -0.23231502E+00   0.00000000E+00
 18.   43.   0.34533252E-02  -0.34533204E-02  -0.13560330E-06   0.00000000E+00
 18.   44.   0.71663416E-02   0.39535790E-02   0.23231514E+00   0.00000000E+00
 18.   45.   0.54998433E-02   0.11091058E-01   0.40238159E+00   0.00000000E+00
 18.   46.   0.51374555E-09   0.14014148E-01   0.46463003E+00   0.00000000E+00
 18.   47.  -0.54998425E-02   0.11091059E-01   0.40238160E+00   0.00000000E+00
 18.   48.  -0.71663414E-02   0.39535798E-02   0.23231516E+00   0.00000000E+00
 18.   49.  -0.34533255E-02  -0.34533198E-02  -0.11027859E-06   0.00000000E+00
 18.   50.   0.39535864E-02  -0.71663348E-02  -0.23231500E+00   0.00000000E+00
 18.   51.   0.11091059E-01  -0.54998536E-02  -0.40238145E+00   0.00000000E+00
 18.   52.   0.14014142E-01   0.00000000E+00  -0.46463030E+00   0.00000000E+00
 18.   53.  -0.27772279E-01   0.00000000E+00   0.75141749E+00   0.00000000E+00
 18.   54.  -0.24014885E-01  -0.33031163E-02   0.65074712E+00   0.00000000E+00
 18.   55.  -0.14645447E-01  -0.24056322E-02   0.37570911E+00   0.00000000E+00
 18.   56.  -0.42779273E-02   0.42779359E-02  -0.35370480E-06   0.00000000E+00
 18.   57.   0.24056468E-02   0.14645431E-01  -0.37570873E+00   0.00000000E+00
 18.   58.   0.33030952E-02   0.24014884E-01  -0.65074675E+00   0.00000000E+00
 18.   59.   0.37335129E-09   0.27772291E-01  -0.75141820E+00   0.00000000E+00
 18.   60.  -0.33030947E-02   0.24014885E-01  -0.65074677E+00   0.00000000E+00
 18.   61.  -0.24056470E-02   0.14645432E-01  -0.37570877E+00   0.00000000E+00
 18.   62.   0.42779267E-02   0.42779369E-02  -0.39666772E-06   0.00000000E+00
 18.   63.   0.14645447E-01  -0.24056317E-02   0.37570907E+00   0.00000000E+00
 18.   64.   0.24014885E-01  -0.33031165E-02   0.65074710E+00   0.00000000E+00
 18.   65.   0.27772279E-01   0.00000000E+00   0.75141748E+00   0.00000000E+00
 18.   66.   0.27772279E-01   0.00000000E+00   0.75141749E+00   0.00000000E+00
 18.   67.   0.24014885E-01   0.33031163E-02   0.65074712E+00   0.00000000E+00
 18.   68.   0.14645448E-01   0.24056321E-02   0.37570911E+00   0.00000000E+00
 18.   69.   0.42779277E-02  -0.42779359E-02  -0.35370478E-06   0.00000000E+00
 18.   70.  -0.24056465E-02  -0.14645431E-01  -0.37570873E+00   0.00000000E+00
 18.   71.  -0.33030948E-02  -0.24014884E-01  -0.65074675E+00   0.00000000E+00
 18.   72.  -0.42876303E-10  -0.27772291E-01  -0.75141820E+00   0.00000000E+00
 18.   73.   0.33030950E-02  -0.24014885E-01  -0.65074677E+00   0.00000000E+00
 18.   74.   0.24056473E-02  -0.14645432E-01  -0.37570877E+00   0.00000000E+00
 18.   75.  -0.42779263E-02  -0.42779369E-02  -0.39666773E-06   0.00000000E+00
 18.   76.  -0.14645446E-01   0.24056317E-02   0.37570907E+00   0.00000000E+00
 18.   77.  -0.24014884E-01   0.33031165E-02   0.65074710E+00   0.00000000E+00
 18.   78.  -0.27772279E-01   0.00000000E+00   0.75141748E+00   0.00000000E+00
 19.    1.   0.10110926E-02   0.00000000E+00  -0.90767183E-02   0.00000000E+00
 19.    2.   0.55889513E-03  -0.10747326E-02  -0.23492359E-02   0.00000000E+00
 19.    3.  -0.45219748E-03  -0.96803504E-03   0.78606474E-02   0.00000000E+00
 19.    4.  -0.11177903E-02   0.10669738E-03   0.64181896E-02   0.00000000E+00
 19.    5.  -0.66559274E-03   0.96803446E-03  -0.45383652E-02   0.00000000E+00
 19.    6.   0.55889537E-03   0.86133677E-03  -0.87674381E-02   0.00000000E+00
 19.    7.   0.12244884E-02  -0.39766044E-09  -0.12712981E-07   0.00000000E+00
 19.    8.   0.55889568E-03  -0.86133758E-03   0.87674134E-02   0.00000000E+00
 19.    9.  -0.66559226E-03  -0.96803531E-03   0.45383415E-02   0.00000000E+00
 19.   10.  -0.11177898E-02  -0.10669818E-03  -0.64182141E-02   0.00000000E+00
 19.   11.  -0.45219691E-03   0.96803446E-03  -0.78606741E-02   0.00000000E+00
 19.   12.   0.55889581E-03   0.10747324E-02   0.23492081E-02   0.00000000E+00
 19.   13.   0.10110934E-02   0.00000000E+00   0.90766914E-02   0.00000000E+00
 19.   14.   0.10644037E-01   0.00000000E+00  -0.25634969E+00   0.00000000E+00
 19.   15.   0.62166201E-02  -0.12556705E-01  -0.66348177E-01   0.00000000E+00
 19.   16.  -0.44274162E-02  -0.10767502E-01   0.22200535E+00   0.00000000E+00
 19.   17.  -0.12433240E-01   0.17892030E-02   0.18126661E+00   0.00000000E+00
 19.   18.  -0.80058234E-02   0.10767501E-01  -0.12817483E+00   0.00000000E+00
 19.   19.   0.62166196E-02   0.89782984E-02  -0.24761479E+00   0.00000000E+00
 19.   20.   0.14222444E-01   0.37056025E-09  -0.13245308E-07   0.00000000E+00
 19.   21.   0.62166212E-02  -0.89782980E-02   0.24761479E+00   0.00000000E+00
 19.   22.  -0.80058221E-02  -0.10767502E-01   0.12817487E+00   0.00000000E+00
 19.   23.  -0.12433240E-01  -0.17892047E-02  -0.18126658E+00   0.00000000E+00
 19.   24.  -0.44274172E-02   0.10767501E-01  -0.22200536E+00   0.00000000E+00
 19.   25.   0.62166195E-02   0.12556706E-01   0.66348149E-01   0.00000000E+00
 19.   26.   0.10644037E-01   0.00000000E+00   0.25634969E+00   0.00000000E+00
 19.   27.   0.88297169E-02   0.00000000E+00  -0.89125560E+00   0.00000000E+00
 19.   28.   0.10154356E-01  -0.29066852E-01  -0.23067392E+00   0.00000000E+00
 19.   29.   0.13246394E-02  -0.17587859E-01   0.77184999E+00   0.00000000E+00
 19.   30.  -0.20308709E-01   0.11478993E-01   0.63021290E+00   0.00000000E+00
 19.   31.  -0.21633349E-01   0.17587859E-01  -0.44562776E+00   0.00000000E+00
 19.   32.   0.10154354E-01   0.61088658E-02  -0.86088682E+00   0.00000000E+00
 19.   33.   0.31787704E-01   0.33985843E-09  -0.60136220E-07   0.00000000E+00
 19.   34.   0.10154357E-01  -0.61088643E-02   0.86088679E+00   0.00000000E+00
 19.   35.  -0.21633347E-01  -0.17587858E-01   0.44562787E+00   0.00000000E+00
 19.   36.  -0.20308711E-01  -0.11478995E-01  -0.63021281E+00   0.00000000E+00
 19.   37.   0.13246371E-02   0.17587856E-01  -0.77185004E+00   0.00000000E+00
 19.   38.   0.10154355E-01   0.29066853E-01   0.23067380E+00   0.00000000E+00
 19.   39.   0.88297165E-02   0.00000000E+00   0.89125560E+00   0.00000000E+00
 19.   40.  -0.23482032E-01   0.00000000E+00  -0.55831001E+00   0.00000000E+00
 19.   41.  -0.22030966E-02  -0.15259963E-01  -0.14450127E+00   0.00000000E+00
 19.   42.   0.21278936E-01   0.38158754E-02   0.48351064E+00   0.00000000E+00
 19.   43.   0.44061948E-02   0.19075839E-01   0.39478480E+00   0.00000000E+00
 19.   44.  -0.16872741E-01  -0.38158748E-02  -0.27915498E+00   0.00000000E+00
 19.   45.  -0.22030979E-02  -0.22891715E-01  -0.53928607E+00   0.00000000E+00
 19.   46.   0.14669645E-01  -0.18971320E-08  -0.41583286E-07   0.00000000E+00
 19.   47.  -0.22030951E-02   0.22891714E-01   0.53928604E+00   0.00000000E+00
 19.   48.  -0.16872742E-01   0.38158780E-02   0.27915504E+00   0.00000000E+00
 19.   49.   0.44061917E-02  -0.19075838E-01  -0.39478475E+00   0.00000000E+00
 19.   50.   0.21278936E-01  -0.38158784E-02  -0.48351069E+00   0.00000000E+00
 19.   51.  -0.22030929E-02   0.15259963E-01   0.14450118E+00   0.00000000E+00
 19.   52.  -0.23482032E-01   0.00000000E+00   0.55831001E+00   0.00000000E+00
 19.   53.  -0.33746280E-01   0.00000000E+00   0.99995866E+00   0.00000000E+00
 19.   54.  -0.13484809E-01   0.16579711E-01   0.25880835E+00   0.00000000E+00
 19.   55.   0.20261471E-01   0.23356374E-01  -0.86598959E+00   0.00000000E+00
 19.   56.   0.26969618E-01   0.67766628E-02  -0.70707756E+00   0.00000000E+00
 19.   57.   0.67081475E-02  -0.23356373E-01   0.49997930E+00   0.00000000E+00
 19.   58.  -0.13484808E-01  -0.30133037E-01   0.96588591E+00   0.00000000E+00
 19.   59.  -0.20192955E-01  -0.22506044E-08   0.73277479E-07   0.00000000E+00
 19.   60.  -0.13484809E-01   0.30133035E-01  -0.96588587E+00   0.00000000E+00
 19.   61.   0.67081451E-02   0.23356375E-01  -0.49997940E+00   0.00000000E+00
 19.   62.   0.26969617E-01  -0.67766602E-02   0.70707747E+00   0.00000000E+00
 19.   63.   0.20261474E-01  -0.23356374E-01   0.86598966E+00   0.00000000E+00
 19.   64.  -0.13484805E-01  -0.16579713E-01  -0.25880821E+00   0.00000000E+00
 19.   65.  -0.33746279E-01   0.00000000E+00  -0.99995865E+00   0.00000000E+00
 19.   66.   0.33746281E-01   0.00000000E+00   0.99995866E+00   0.00000000E+00
 19.   67.   0.13484809E-01  -0.16579711E-01   0.25880835E+00   0.00000000E+00
 19.   68.  -0.20261470E-01  -0.23356374E-01  -0.86598959E+00   0.00000000E+00
 19.   69.  -0.26969617E-01  -0.67766628E-02  -0.70707756E+00   0.00000000E+00
 19.   70.  -0.67081467E-02   0.23356373E-01   0.49997930E+00   0.00000000E+00
 19.   71.   0.13484809E-01   0.30133037E-01   0.96588591E+00   0.00000000E+00
 19.   72.   0.20192955E-01   0.22103876E-08   0.73277483E-07   0.00000000E+00
 19.   73.   0.13484810E-01  -0.30133035E-01  -0.96588587E+00   0.00000000E+00
 19.   74.  -0.67081444E-02  -0.23356375E-01  -0.49997940E+00   0.00000000E+00
 19.   75.  -0.26969617E-01   0.67766602E-02   0.70707747E+00   0.00000000E+00
 19.   76.  -0.20261473E-01   0.23356374E-01   0.86598966E+00   0.00000000E+00
 19.   77.   0.13484805E-01   0.16579713E-01  -0.25880821E+00   0.00000000E+00
 19.   78.   0.33746280E-01   0.00000000E+00  -0.99995865E+00   0.00000000E+00
 20.    1.   0.33892441E-01   0.00000000E+00   0.99987241E+00   0.00000000E+00
 20.    2.   0.32737584E-01   0.87720093E-02   0.99987241E+00   0.00000000E+00
 20.    3.   0.29351715E-01   0.16946220E-01   0.99987241E+00   0.00000000E+00
 20.    4.   0.23965575E-01   0.23965575E-01   0.99987241E+00   0.00000000E+00
 20.    5.   0.16946221E-01   0.29351715E-01   0.99987241E+00   0.00000000E+00
 20.    6.   0.87720097E-02   0.32737584E-01   0.99987241E+00   0.00000000E+00
 20.    7.   0.43723779E-09   0.33892441E-01   0.99987242E+00   0.00000000E+00
 20.    8.  -0.87720089E-02   0.32737584E-01   0.99987242E+00   0.00000000E+00
 20.    9.  -0.16946220E-01   0.29351715E-01   0.99987241E+00   0.00000000E+00
 20.   10.  -0.23965575E-01   0.23965575E-01   0.99987241E+00   0.00000000E+00
 20.   11.  -0.29351715E-01   0.16946221E-01   0.99987242E+00   0.00000000E+00
 20.   12.  -0.32737584E-01   0.87720102E-02   0.99987242E+00   0.00000000E+00
 20.   13.  -0.33892441E-01   0.00000000E+00   0.99987242E+00   0.00000000E+00
 20.   14.   0.12935490E-01   0.00000000E+00  -0.32186826E+00   0.00000000E+00
 20.   15.   0.12494724E-01   0.33479511E-02  -0.32186826E+00   0.00000000E+00
 20.   16.   0.11202463E-01   0.64677450E-02  -0.32186826E+00   0.00000000E+00
 20.   17.   0.91467727E-02   0.91467728E-02  -0.32186826E+00   0.00000000E+00
 20.   18.   0.64677451E-02   0.11202463E-01  -0.32186826E+00   0.00000000E+00
 20.   19.   0.33479513E-02   0.12494724E-01  -0.32186826E+00   0.00000000E+00
 20.   20.   0.15547731E-09   0.12935490E-01  -0.32186826E+00   0.00000000E+00
 20.   21.  -0.33479511E-02   0.12494724E-01  -0.32186826E+00   0.00000000E+00
 20.   22.  -0.64677450E-02   0.11202463E-01  -0.32186826E+00   0.00000000E+00
 20.   23.  -0.91467728E-02   0.91467731E-02  -0.32186826E+00   0.00000000E+00
 20.   24.  -0.11202463E-01   0.64677454E-02  -0.32186826E+00   0.00000000E+00
 20.   25.  -0.12494724E-01   0.33479516E-02  -0.32186826E+00   0.00000000E+00
 20.   26.  -0.12935490E-01   0.00000000E+00  -0.32186826E+00   0.00000000E+00
 20.   27.  -0.15334942E-01   0.00000000E+00  -0.99399843E-01   0.00000000E+00
 20.   28.  -0.14812417E-01  -0.39689752E-02  -0.99399841E-01   0.00000000E+00
 20.   29.  -0.13280450E-01  -0.76674711E-02  -0.99399836E-01   0.00000000E+00
 20.   30.  -0.10843442E-01  -0.10843442E-01  -0.99399836E-01   0.00000000E+00
 20.   31.  -0.76674714E-02  -0.13280449E-01  -0.99399842E-01   0.00000000E+00
 20.   32.  -0.39689753E-02  -0.14812417E-01  -0.99399844E-01   0.00000000E+00
 20.   33.  -0.15420455E-09  -0.15334942E-01  -0.99399839E-01   0.00000000E+00
 20.   34.   0.39689748E-02  -0.14812417E-01  -0.99399836E-01   0.00000000E+00
 20.   35.   0.76674707E-02  -0.13280450E-01  -0.99399838E-01   0.00000000E+00
 20.   36.   0.10843441E-01  -0.10843442E-01  -0.99399843E-01   0.00000000E+00
 20.   37.   0.13280449E-01  -0.76674713E-02  -0.99399844E-01   0.00000000E+00
 20.   38.   0.14812417E-01  -0.39689754E-02  -0.99399839E-01   0.00000000E+00
 20.   39.   0.15334942E-01   0.00000000E+00  -0.99399836E-01   0.00000000E+00
 20.   40.   0.52165635E-02   0.00000000E+00   0.28927318E+00   0.00000000E+00
 20.   41.   0.50388135E-02   0.13501460E-02   0.28927318E+00   0.00000000E+00
 20.   42.   0.45176767E-02   0.26082818E-02   0.28927318E+00   0.00000000E+00
 20.   43.   0.36886675E-02   0.36886676E-02   0.28927318E+00   0.00000000E+00
 20.   44.   0.26082817E-02   0.45176766E-02   0.28927318E+00   0.00000000E+00
 20.   45.   0.13501460E-02   0.50388134E-02   0.28927318E+00   0.00000000E+00
 20.   46.   0.37990070E-10   0.52165636E-02   0.28927318E+00   0.00000000E+00
 20.   47.  -0.13501461E-02   0.50388137E-02   0.28927318E+00   0.00000000E+00
 20.   48.  -0.26082819E-02   0.45176767E-02   0.28927318E+00   0.00000000E+00
 20.   49.  -0.36886675E-02   0.36886675E-02   0.28927318E+00   0.00000000E+00
 20.   50.  -0.45176765E-02   0.26082819E-02   0.28927317E+00   0.00000000E+00
 20.   51.  -0.50388136E-02   0.13501463E-02   0.28927318E+00   0.00000000E+00
 20.   52.  -0.52165639E-02   0.00000000E+00   0.28927318E+00   0.00000000E+00
 20.   53.   0.17384694E-01   0.00000000E+00  -0.41660456E+00   0.00000000E+00
 20.   54.   0.16792325E-01   0.44994901E-02  -0.41660457E+00   0.00000000E+00
 20.   55.   0.15055587E-01   0.86923472E-02  -0.41660457E+00   0.00000000E+00
 20.   56.   0.12292835E-01   0.12292835E-01  -0.41660457E+00   0.00000000E+00
 20.   57.   0.86923472E-02   0.15055587E-01  -0.41660457E+00   0.00000000E+00
 20.   58.   0.44994901E-02   0.16792325E-01  -0.41660456E+00   0.00000000E+00
 20.   59.   0.11890591E-10   0.17384694E-01  -0.41660457E+00   0.00000000E+00
 20.   60.  -0.44994899E-02   0.16792326E-01  -0.41660457E+00   0.00000000E+00
 20.   61.  -0.86923469E-02   0.15055587E-01  -0.41660457E+00   0.00000000E+00
 20.   62.  -0.12292835E-01   0.12292835E-01  -0.41660456E+00   0.00000000E+00
 20.   63.  -0.15055587E-01   0.86923474E-02  -0.41660456E+00   0.00000000E+00
 20.   64.  -0.16792325E-01   0.44994903E-02  -0.41660457E+00   0.00000000E+00
 20.   65.  -0.17384695E-01   0.00000000E+00  -0.41660457E+00   0.00000000E+00
 20.   66.  -0.17384694E-01   0.00000000E+00  -0.41660456E+00   0.00000000E+00
 20.   67.  -0.16792325E-01  -0.44994901E-02  -0.41660457E+00   0.00000000E+00
 20.   68.  -0.15055587E-01  -0.86923472E-02  -0.41660457E+00   0.00000000E+00
 20.   69.  -0.12292836E-01  -0.12292835E-01  -0.41660457E+00   0.00000000E+00
 20.   70.  -0.86923474E-02  -0.15055587E-01  -0.41660457E+00   0.00000000E+00
 20.   71.  -0.44994903E-02  -0.16792325E-01  -0.41660456E+00   0.00000000E+00
 20.   72.  -0.20616079E-09  -0.17384694E-01  -0.41660457E+00   0.00000000E+00
 20.   73.   0.44994897E-02  -0.16792326E-01  -0.41660457E+00   0.00000000E+00
 20.   74.   0.86923467E-02  -0.15055587E-01  -0.41660457E+00   0.00000000E+00
 20.   75.   0.12292835E-01  -0.12292835E-01  -0.41660456E+00   0.00000000E+00
 20.   76.   0.15055587E-01  -0.86923474E-02  -0.41660456E+00   0.00000000E+00
 20.   77.   0.16792325E-01  -0.44994903E-02  -0.41660457E+00   0.00000000E+00
 20.   78.   0.17384695E-01   0.00000000E+00  -0.41660457E+00   0.00000000E+00
 21.    1.  -0.41153762E-06   0.00000000E+00   0.15681355E-05   0.00000000E+00
 21.    2.   0.20253700E-06   0.36762092E-06  -0.11180065E-05   0.00000000E+00
 21.    3.   0.21396170E-06  -0.37081406E-06  -0.49919215E-08   0.00000000E+00
 21.    4.  -0.41975389E-06   0.82226880E-08   0.11082759E-05   0.00000000E+00
 21.    5.   0.20575895E-06   0.35618462E-06  -0.15770949E-05   0.00000000E+00
 21.    6.   0.21720044E-06  -0.35941273E-06   0.11103285E-05   0.00000000E+00
 21.    7.  -0.42793180E-06  -0.27513346E-10  -0.99176658E-09   0.00000000E+00
 21.    8.   0.21722048E-06   0.35935871E-06  -0.11123231E-05   0.00000000E+00
 21.    9.   0.20579810E-06  -0.35623565E-06   0.15750663E-05   0.00000000E+00
 21.   10.  -0.41969804E-06  -0.82681599E-08  -0.11103727E-05   0.00000000E+00
 21.   11.   0.21403114E-06   0.37077896E-06   0.27992320E-08   0.00000000E+00
 21.   12.   0.20261584E-06  -0.36764036E-06   0.11157256E-05   0.00000000E+00
 21.   13.  -0.41145555E-06   0.00000000E+00  -0.15704535E-05   0.00000000E+00
 21.   14.  -0.14030702E-03   0.00000000E+00   0.15307277E-02   0.00000000E+00
 21.   15.   0.67855878E-04   0.13008378E-03  -0.10823861E-02   0.00000000E+00
 21.   16.   0.76430308E-04  -0.13238136E-03   0.10188391E-08   0.00000000E+00
 21.   17.  -0.14658394E-03   0.62768837E-05   0.10823877E-02   0.00000000E+00
 21.   18.   0.70153433E-04   0.12150937E-03  -0.15307271E-02   0.00000000E+00
 21.   19.   0.78727947E-04  -0.12380689E-03   0.10823866E-02   0.00000000E+00
 21.   20.  -0.15286072E-03  -0.15276192E-10   0.53642926E-09   0.00000000E+00
 21.   21.   0.78727926E-04   0.12380691E-03  -0.10823861E-02   0.00000000E+00
 21.   22.   0.70153483E-04  -0.12150935E-03   0.15307279E-02   0.00000000E+00
 21.   23.  -0.14658391E-03  -0.62769257E-05  -0.10823864E-02   0.00000000E+00
 21.   24.   0.76430313E-04   0.13238135E-03  -0.53838277E-09   0.00000000E+00
 21.   25.   0.67855938E-04  -0.13008378E-03   0.10823868E-02   0.00000000E+00
 21.   26.  -0.14030699E-03   0.00000000E+00  -0.15307274E-02   0.00000000E+00
 21.   27.  -0.24342013E-02   0.00000000E+00   0.47818720E-01   0.00000000E+00
 21.   28.   0.11007493E-02   0.25423101E-02  -0.33812940E-01   0.00000000E+00
 21.   29.   0.15349792E-02  -0.26586616E-02   0.76324633E-09   0.00000000E+00
 21.   30.  -0.27520797E-02   0.31787827E-03   0.33812944E-01   0.00000000E+00
 21.   31.   0.12171005E-02   0.21080804E-02  -0.47818720E-01   0.00000000E+00
 21.   32.   0.16513309E-02  -0.22244317E-02   0.33812936E-01   0.00000000E+00
 21.   33.  -0.30699580E-02  -0.24140552E-09   0.60827294E-08   0.00000000E+00
 21.   34.   0.16513303E-02   0.22244319E-02  -0.33812944E-01   0.00000000E+00
 21.   35.   0.12171011E-02  -0.21080800E-02   0.47818719E-01   0.00000000E+00
 21.   36.  -0.27520798E-02  -0.31787883E-03  -0.33812935E-01   0.00000000E+00
 21.   37.   0.15349787E-02   0.26586619E-02  -0.11834813E-07   0.00000000E+00
 21.   38.   0.11007497E-02  -0.25423097E-02   0.33812948E-01   0.00000000E+00
 21.   39.  -0.24342013E-02   0.00000000E+00  -0.47818720E-01   0.00000000E+00
 21.   40.  -0.95212481E-02   0.00000000E+00   0.33412196E+00   0.00000000E+00
 21.   41.   0.36101448E-02   0.12539290E-01  -0.23625991E+00   0.00000000E+00
 21.   42.   0.79037920E-02  -0.13689769E-01  -0.12551712E-07   0.00000000E+00
 21.   43.  -0.12664416E-01   0.31431672E-02   0.23625992E+00   0.00000000E+00
 21.   44.   0.47606230E-02   0.82456433E-02  -0.33412196E+00   0.00000000E+00
 21.   45.   0.90542723E-02  -0.93961216E-02   0.23625988E+00   0.00000000E+00
 21.   46.  -0.15807583E-01  -0.97227869E-09   0.41891755E-07   0.00000000E+00
 21.   47.   0.90542694E-02   0.93961223E-02  -0.23625994E+00   0.00000000E+00
 21.   48.   0.47606262E-02  -0.82456414E-02   0.33412196E+00   0.00000000E+00
 21.   49.  -0.12664416E-01  -0.31431700E-02  -0.23625986E+00   0.00000000E+00
 21.   50.   0.79037903E-02   0.13689770E-01  -0.70291709E-07   0.00000000E+00
 21.   51.   0.36101468E-02  -0.12539287E-01   0.23625996E+00   0.00000000E+00
 21.   52.  -0.95212480E-02   0.00000000E+00  -0.33412196E+00   0.00000000E+00
 21.   53.  -0.18611525E-01   0.00000000E+00   0.99980506E+00   0.00000000E+00
 21.   54.   0.59569686E-02   0.28615922E-01  -0.70696893E+00   0.00000000E+00
 21.   55.   0.18454837E-01  -0.31964715E-01  -0.35742827E-07   0.00000000E+00
 21.   56.  -0.27760599E-01   0.91490735E-02   0.70696896E+00   0.00000000E+00
 21.   57.   0.93057599E-02   0.16118055E-01  -0.99980505E+00   0.00000000E+00
 21.   58.   0.21803634E-01  -0.19466847E-01   0.70696885E+00   0.00000000E+00
 21.   59.  -0.36909674E-01  -0.18147548E-08   0.12547013E-06   0.00000000E+00
 21.   60.   0.21803627E-01   0.19466848E-01  -0.70696903E+00   0.00000000E+00
 21.   61.   0.93057675E-02  -0.16118050E-01   0.99980505E+00   0.00000000E+00
 21.   62.  -0.27760602E-01  -0.91490797E-02  -0.70696879E+00   0.00000000E+00
 21.   63.   0.18454834E-01   0.31964717E-01  -0.21118859E-06   0.00000000E+00
 21.   64.   0.59569727E-02  -0.28615916E-01   0.70696911E+00   0.00000000E+00
 21.   65.  -0.18611524E-01   0.00000000E+00  -0.99980505E+00   0.00000000E+00
 21.   66.   0.18611525E-01   0.00000000E+00   0.99980506E+00   0.00000000E+00
 21.   67.  -0.59569686E-02  -0.28615922E-01  -0.70696893E+00   0.00000000E+00
 21.   68.  -0.18454837E-01   0.31964715E-01  -0.35742817E-07   0.00000000E+00
 21.   69.   0.27760599E-01  -0.91490735E-02   0.70696896E+00   0.00000000E+00
 21.   70.  -0.93057599E-02  -0.16118055E-01  -0.99980505E+00   0.00000000E+00
 21.   71.  -0.21803634E-01   0.19466847E-01   0.70696885E+00   0.00000000E+00
 21.   72.   0.36909674E-01   0.18466363E-08   0.12547012E-06   0.00000000E+00
 21.   73.  -0.21803627E-01  -0.19466848E-01  -0.70696903E+00   0.00000000E+00
 21.   74.  -0.93057674E-02   0.16118050E-01   0.99980505E+00   0.00000000E+00
 21.   75.   0.27760602E-01   0.91490797E-02  -0.70696879E+00   0.00000000E+00
 21.   76.  -0.18454834E-01  -0.31964717E-01  -0.21118858E-06   0.00000000E+00
 21.   77.  -0.59569726E-02   0.28615916E-01   0.70696911E+00   0.00000000E+00
 21.   78.   0.18611524E-01   0.00000000E+00  -0.99980505E+00   0.00000000E+00
 22.    1.   0.12244588E-01   0.00000000E+00  -0.31633942E+00   0.00000000E+00
 22.    2.   0.12753821E-01  -0.14145070E-01  -0.22368575E+00   0.00000000E+00
 22.    3.   0.11995374E-01  -0.20776597E-01  -0.64866575E-08   0.00000000E+00
 22.    4.   0.58730795E-02  -0.18117668E-01   0.22368574E+00   0.00000000E+00
 22.    5.  -0.61222938E-02  -0.10604125E-01   0.31633942E+00   0.00000000E+00
 22.    6.  -0.18626900E-01  -0.39725983E-02   0.22368576E+00   0.00000000E+00
 22.    7.  -0.23990747E-01  -0.16365608E-09   0.15180036E-07   0.00000000E+00
 22.    8.  -0.18626901E-01   0.39725978E-02  -0.22368573E+00   0.00000000E+00
 22.    9.  -0.61222953E-02   0.10604124E-01  -0.31633941E+00   0.00000000E+00
 22.   10.   0.58730783E-02   0.18117667E-01  -0.22368576E+00   0.00000000E+00
 22.   11.   0.11995373E-01   0.20776597E-01  -0.18008117E-07   0.00000000E+00
 22.   12.   0.12753821E-01   0.14145071E-01   0.22368573E+00   0.00000000E+00
 22.   13.   0.12244588E-01   0.00000000E+00   0.31633942E+00   0.00000000E+00
 22.   14.   0.31353605E-02   0.00000000E+00  -0.99399829E+00   0.00000000E+00
 22.   15.   0.81958778E-02  -0.22021469E-01  -0.70286293E+00   0.00000000E+00
 22.   16.   0.16540892E-01  -0.28649666E-01  -0.73779764E-08   0.00000000E+00
 22.   17.   0.14973212E-01  -0.18108573E-01   0.70286293E+00   0.00000000E+00
 22.   18.  -0.15676797E-02  -0.27153024E-02   0.99399830E+00   0.00000000E+00
 22.   19.  -0.23169089E-01   0.39128957E-02   0.70286296E+00   0.00000000E+00
 22.   20.  -0.33081785E-01   0.32640423E-09   0.41469567E-07   0.00000000E+00
 22.   21.  -0.23169091E-01  -0.39128957E-02  -0.70286290E+00   0.00000000E+00
 22.   22.  -0.15676821E-02   0.27153011E-02  -0.99399830E+00   0.00000000E+00
 22.   23.   0.14973211E-01   0.18108571E-01  -0.70286299E+00   0.00000000E+00
 22.   24.   0.16540893E-01   0.28649666E-01  -0.76208977E-07   0.00000000E+00
 22.   25.   0.81958787E-02   0.22021470E-01   0.70286287E+00   0.00000000E+00
 22.   26.   0.31353605E-02   0.00000000E+00   0.99399829E+00   0.00000000E+00
 22.   27.  -0.29941298E-01   0.00000000E+00  -0.12447690E+00   0.00000000E+00
 22.   28.  -0.19962822E-01  -0.72988814E-02  -0.88018459E-01   0.00000000E+00
 22.   29.   0.13317785E-02  -0.23067086E-02   0.44196627E-09   0.00000000E+00
 22.   30.   0.16302428E-01   0.13638870E-01   0.88018460E-01   0.00000000E+00
 22.   31.   0.14970649E-01   0.25929925E-01   0.12447690E+00   0.00000000E+00
 22.   32.   0.36603947E-02   0.20937752E-01   0.88018462E-01   0.00000000E+00
 22.   33.  -0.26635575E-02   0.12547824E-08   0.46978468E-08   0.00000000E+00
 22.   34.   0.36603936E-02  -0.20937751E-01  -0.88018456E-01   0.00000000E+00
 22.   35.   0.14970648E-01  -0.25929925E-01  -0.12447690E+00   0.00000000E+00
 22.   36.   0.16302428E-01  -0.13638872E-01  -0.88018469E-01   0.00000000E+00
 22.   37.   0.13317807E-02   0.23067073E-02  -0.11823050E-07   0.00000000E+00
 22.   38.  -0.19962820E-01   0.72988817E-02   0.88018452E-01   0.00000000E+00
 22.   39.  -0.29941298E-01   0.00000000E+00   0.12447690E+00   0.00000000E+00
 22.   40.   0.11069991E-01   0.00000000E+00   0.57784740E+00   0.00000000E+00
 22.   41.   0.58941316E-02   0.82465799E-02   0.40859981E+00   0.00000000E+00
 22.   42.  -0.45538178E-02   0.78874439E-02   0.36261397E-08   0.00000000E+00
 22.   43.  -0.10088814E-01  -0.98117764E-03  -0.40859981E+00   0.00000000E+00
 22.   44.  -0.55349960E-02  -0.95868935E-02  -0.57784740E+00   0.00000000E+00
 22.   45.   0.41946813E-02  -0.92277580E-02  -0.40859983E+00   0.00000000E+00
 22.   46.   0.91076356E-02  -0.60517765E-09  -0.23900828E-07   0.00000000E+00
 22.   47.   0.41946823E-02   0.92277574E-02   0.40859980E+00   0.00000000E+00
 22.   48.  -0.55349951E-02   0.95868940E-02   0.57784741E+00   0.00000000E+00
 22.   49.  -0.10088814E-01   0.98117872E-03   0.40859985E+00   0.00000000E+00
 22.   50.  -0.45538188E-02  -0.78874433E-02   0.44241964E-07   0.00000000E+00
 22.   51.   0.58941305E-02  -0.82465804E-02  -0.40859978E+00   0.00000000E+00
 22.   52.   0.11069991E-01   0.00000000E+00  -0.57784740E+00   0.00000000E+00
 22.   53.   0.33837190E-01   0.00000000E+00  -0.80974138E+00   0.00000000E+00
 22.   54.   0.24891659E-01  -0.45201423E-03  -0.57257362E+00   0.00000000E+00
 22.   55.   0.48642214E-02  -0.84250783E-02  -0.65484362E-08   0.00000000E+00
 22.   56.  -0.12054374E-01  -0.21782816E-01   0.57257362E+00   0.00000000E+00
 22.   57.  -0.16918595E-01  -0.29303867E-01   0.80974138E+00   0.00000000E+00
 22.   58.  -0.12837286E-01  -0.21330803E-01   0.57257365E+00   0.00000000E+00
 22.   59.  -0.97284428E-02  -0.12797510E-08   0.33488086E-07   0.00000000E+00
 22.   60.  -0.12837285E-01   0.21330802E-01  -0.57257360E+00   0.00000000E+00
 22.   61.  -0.16918595E-01   0.29303867E-01  -0.80974138E+00   0.00000000E+00
 22.   62.  -0.12054375E-01   0.21782818E-01  -0.57257366E+00   0.00000000E+00
 22.   63.   0.48642192E-02   0.84250796E-02  -0.60107691E-07   0.00000000E+00
 22.   64.   0.24891657E-01   0.45201459E-03   0.57257357E+00   0.00000000E+00
 22.   65.   0.33837190E-01   0.00000000E+00   0.80974137E+00   0.00000000E+00
 22.   66.  -0.33837190E-01   0.00000000E+00  -0.80974138E+00   0.00000000E+00
 22.   67.  -0.24891659E-01   0.45201424E-03  -0.57257362E+00   0.00000000E+00
 22.   68.  -0.48642215E-02   0.84250783E-02  -0.65484461E-08   0.00000000E+00
 22.   69.   0.12054374E-01   0.21782816E-01   0.57257362E+00   0.00000000E+00
 22.   70.   0.16918595E-01   0.29303867E-01   0.80974138E+00   0.00000000E+00
 22.   71.   0.12837286E-01   0.21330803E-01   0.57257365E+00   0.00000000E+00
 22.   72.   0.97284426E-02   0.12439296E-08   0.33487924E-07   0.00000000E+00
 22.   73.   0.12837285E-01  -0.21330802E-01  -0.57257360E+00   0.00000000E+00
 22.   74.   0.16918595E-01  -0.29303867E-01  -0.80974138E+00   0.00000000E+00
 22.   75.   0.12054375E-01  -0.21782818E-01  -0.57257366E+00   0.00000000E+00
 22.   76.  -0.48642194E-02  -0.84250796E-02  -0.60107650E-07   0.00000000E+00
 22.   77.  -0.24891658E-01  -0.45201457E-03   0.57257357E+00   0.00000000E+00
 22.   78.  -0.33837190E-01   0.00000000E+00   0.80974137E+00   0.00000000E+00
 23.    1.   0.24057860E-01   0.00000000E+00   0.99982133E+00   0.00000000E+00
 23.    2.   0.20855578E-01   0.11951079E-01   0.96575325E+00   0.00000000E+00
 23.    3.   0.12106781E-01   0.20699876E-01   0.86587068E+00   0.00000000E+00
 23.    4.   0.15570225E-03   0.23902158E-01   0.70698045E+00   0.00000000E+00
 23.    5.  -0.11795377E-01   0.20699877E-01   0.49991068E+00   0.00000000E+00
 23.    6.  -0.20544174E-01   0.11951080E-01   0.25877282E+00   0.00000000E+00
 23.    7.  -0.23746456E-01   0.68021860E-09   0.15205117E-07   0.00000000E+00
 23.    8.  -0.20544175E-01  -0.11951079E-01  -0.25877279E+00   0.00000000E+00
 23.    9.  -0.11795378E-01  -0.20699876E-01  -0.49991065E+00   0.00000000E+00
 23.   10.   0.15570083E-03  -0.23902158E-01  -0.70698043E+00   0.00000000E+00
 23.   11.   0.12106780E-01  -0.20699877E-01  -0.86587066E+00   0.00000000E+00
 23.   12.   0.20855578E-01  -0.11951080E-01  -0.96575324E+00   0.00000000E+00
 23.   13.   0.24057860E-01   0.00000000E+00  -0.99982133E+00   0.00000000E+00
 23.   14.   0.18130264E-01   0.00000000E+00  -0.16972108E+00   0.00000000E+00
 23.   15.   0.17041846E-01   0.40620323E-02  -0.16393798E+00   0.00000000E+00
 23.   16.   0.14068232E-01   0.70356463E-02  -0.14698277E+00   0.00000000E+00
 23.   17.   0.10006199E-01   0.81240646E-02  -0.12001093E+00   0.00000000E+00
 23.   18.   0.59441670E-02   0.70356464E-02  -0.84860541E-01   0.00000000E+00
 23.   19.   0.29705529E-02   0.40620325E-02  -0.43927049E-01   0.00000000E+00
 23.   20.   0.18821345E-02   0.24136853E-09  -0.22671237E-08   0.00000000E+00
 23.   21.   0.29705526E-02  -0.40620321E-02   0.43927045E-01   0.00000000E+00
 23.   22.   0.59441666E-02  -0.70356462E-02   0.84860537E-01   0.00000000E+00
 23.   23.   0.10006199E-01  -0.81240646E-02   0.12001092E+00   0.00000000E+00
 23.   24.   0.14068231E-01  -0.70356465E-02   0.14698277E+00   0.00000000E+00
 23.   25.   0.17041845E-01  -0.40620327E-02   0.16393798E+00   0.00000000E+00
 23.   26.   0.18130264E-01   0.00000000E+00   0.16972108E+00   0.00000000E+00
 23.   27.  -0.14321663E-01   0.00000000E+00  -0.18945128E+00   0.00000000E+00
 23.   28.  -0.13271786E-01  -0.39181936E-02  -0.18299589E+00   0.00000000E+00
 23.   29.  -0.10403469E-01  -0.67865104E-02  -0.16406962E+00   0.00000000E+00
 23.   30.  -0.64852753E-02  -0.78363872E-02  -0.13396229E+00   0.00000000E+00
 23.   31.  -0.25670818E-02  -0.67865105E-02  -0.94725642E-01   0.00000000E+00
 23.   32.   0.30123503E-03  -0.39181938E-02  -0.49033602E-01   0.00000000E+00
 23.   33.   0.13511119E-02  -0.22029507E-09  -0.31385159E-08   0.00000000E+00
 23.   34.   0.30123528E-03   0.39181934E-02   0.49033597E-01   0.00000000E+00
 23.   35.  -0.25670814E-02   0.67865102E-02   0.94725638E-01   0.00000000E+00
 23.   36.  -0.64852749E-02   0.78363872E-02   0.13396228E+00   0.00000000E+00
 23.   37.  -0.10403469E-01   0.67865106E-02   0.16406962E+00   0.00000000E+00
 23.   38.  -0.13271786E-01   0.39181940E-02   0.18299589E+00   0.00000000E+00
 23.   39.  -0.14321663E-01   0.00000000E+00   0.18945128E+00   0.00000000E+00
 23.   40.   0.32040456E-02   0.00000000E+00   0.28806345E+00   0.00000000E+00
 23.   41.   0.28880438E-02   0.11793348E-02   0.27824792E+00   0.00000000E+00
 23.   42.   0.20247109E-02   0.20426676E-02   0.24947026E+00   0.00000000E+00
 23.   43.   0.84537611E-03   0.23586694E-02   0.20369161E+00   0.00000000E+00
 23.   44.  -0.33395857E-03   0.20426677E-02   0.14403172E+00   0.00000000E+00
 23.   45.  -0.11972915E-02   0.11793347E-02   0.74556308E-01   0.00000000E+00
 23.   46.  -0.15132933E-02   0.44453763E-10   0.36918839E-08   0.00000000E+00
 23.   47.  -0.11972915E-02  -0.11793346E-02  -0.74556300E-01   0.00000000E+00
 23.   48.  -0.33395871E-03  -0.20426676E-02  -0.14403171E+00   0.00000000E+00
 23.   49.   0.84537594E-03  -0.23586694E-02  -0.20369161E+00   0.00000000E+00
 23.   50.   0.20247107E-02  -0.20426677E-02  -0.24947025E+00   0.00000000E+00
 23.   51.   0.28880437E-02  -0.11793349E-02  -0.27824792E+00   0.00000000E+00
 23.   52.   0.32040455E-02   0.00000000E+00  -0.28806344E+00   0.00000000E+00
 23.   53.   0.17736466E-01   0.00000000E+00  -0.39689123E+00   0.00000000E+00
 23.   54.   0.16654497E-01   0.40379638E-02  -0.38336749E+00   0.00000000E+00
 23.   55.   0.13698502E-01   0.69939584E-02  -0.34371789E+00   0.00000000E+00
 23.   56.   0.96605386E-02   0.80759276E-02  -0.28064448E+00   0.00000000E+00
 23.   57.   0.56225749E-02   0.69939585E-02  -0.19844562E+00   0.00000000E+00
 23.   58.   0.26665802E-02   0.40379639E-02  -0.10272301E+00   0.00000000E+00
 23.   59.   0.15846108E-02   0.20355100E-09  -0.53275681E-08   0.00000000E+00
 23.   60.   0.26665800E-02  -0.40379635E-02   0.10272300E+00   0.00000000E+00
 23.   61.   0.56225744E-02  -0.69939583E-02   0.19844561E+00   0.00000000E+00
 23.   62.   0.96605381E-02  -0.80759275E-02   0.28064447E+00   0.00000000E+00
 23.   63.   0.13698502E-01  -0.69939586E-02   0.34371788E+00   0.00000000E+00
 23.   64.   0.16654497E-01  -0.40379642E-02   0.38336749E+00   0.00000000E+00
 23.   65.   0.17736466E-01   0.00000000E+00   0.39689123E+00   0.00000000E+00
 23.   66.  -0.17736466E-01   0.00000000E+00  -0.39689123E+00   0.00000000E+00
 23.   67.  -0.16654497E-01  -0.40379639E-02  -0.38336749E+00   0.00000000E+00
 23.   68.  -0.13698503E-01  -0.69939584E-02  -0.34371789E+00   0.00000000E+00
 23.   69.  -0.96605387E-02  -0.80759276E-02  -0.28064448E+00   0.00000000E+00
 23.   70.  -0.56225750E-02  -0.69939586E-02  -0.19844562E+00   0.00000000E+00
 23.   71.  -0.26665803E-02  -0.40379639E-02  -0.10272301E+00   0.00000000E+00
 23.   72.  -0.15846109E-02  -0.22955065E-09  -0.53274396E-08   0.00000000E+00
 23.   73.  -0.26665801E-02   0.40379635E-02   0.10272300E+00   0.00000000E+00
 23.   74.  -0.56225745E-02   0.69939583E-02   0.19844561E+00   0.00000000E+00
 23.   75.  -0.96605382E-02   0.80759275E-02   0.28064447E+00   0.00000000E+00
 23.   76.  -0.13698502E-01   0.69939586E-02   0.34371788E+00   0.00000000E+00
 23.   77.  -0.16654497E-01   0.40379642E-02   0.38336749E+00   0.00000000E+00
 23.   78.  -0.17736466E-01   0.00000000E+00   0.39689123E+00   0.00000000E+00
 24.    1.  -0.36099279E-03   0.00000000E+00   0.25696881E-02   0.00000000E+00
 24.    2.  -0.11020044E-03   0.41127371E-03  -0.16309203E-08   0.00000000E+00
 24.    3.   0.31262900E-03   0.18049639E-03  -0.25696913E-02   0.00000000E+00
 24.    4.   0.30107333E-03  -0.30107326E-03  -0.17937732E-08   0.00000000E+00
 24.    5.  -0.18049631E-03  -0.31262894E-03   0.25696879E-02   0.00000000E+00
 24.    6.  -0.41127360E-03   0.11020050E-03  -0.12834890E-08   0.00000000E+00
 24.    7.   0.20101606E-09   0.36099291E-03  -0.25696903E-02   0.00000000E+00
 24.    8.   0.41127393E-03   0.11020061E-03   0.36404774E-09   0.00000000E+00
 24.    9.   0.18049660E-03  -0.31262882E-03   0.25696911E-02   0.00000000E+00
 24.   10.  -0.30107314E-03  -0.30107323E-03   0.23391289E-08   0.00000000E+00
 24.   11.  -0.31262888E-03   0.18049639E-03  -0.25696875E-02   0.00000000E+00
 24.   12.   0.11020051E-03   0.41127374E-03   0.17429126E-08   0.00000000E+00
 24.   13.   0.36099294E-03   0.00000000E+00   0.25696918E-02   0.00000000E+00
 24.   14.  -0.82540359E-02   0.00000000E+00   0.15987954E+00   0.00000000E+00
 24.   15.  -0.27539639E-02   0.10277934E-01   0.71052229E-10   0.00000000E+00
 24.   16.   0.71482048E-02   0.41270181E-02  -0.15987954E+00   0.00000000E+00
 24.   17.   0.75239699E-02  -0.75239696E-02  -0.37244847E-08   0.00000000E+00
 24.   18.  -0.41270175E-02  -0.71482051E-02   0.15987954E+00   0.00000000E+00
 24.   19.  -0.10277934E-01   0.27539636E-02   0.11768733E-07   0.00000000E+00
 24.   20.  -0.61199093E-09   0.82540360E-02  -0.15987954E+00   0.00000000E+00
 24.   21.   0.10277934E-01   0.27539647E-02  -0.14017122E-07   0.00000000E+00
 24.   22.   0.41270190E-02  -0.71482043E-02   0.15987954E+00   0.00000000E+00
 24.   23.  -0.75239689E-02  -0.75239703E-02   0.22213746E-07   0.00000000E+00
 24.   24.  -0.71482054E-02   0.41270168E-02  -0.15987954E+00   0.00000000E+00
 24.   25.   0.27539631E-02   0.10277934E-01  -0.27382252E-07   0.00000000E+00
 24.   26.   0.82540360E-02   0.00000000E+00   0.15987954E+00   0.00000000E+00
 24.   27.  -0.12421547E-01   0.00000000E+00   0.80777019E+00   0.00000000E+00
 24.   28.  -0.89448151E-02   0.33382505E-01  -0.88288620E-09   0.00000000E+00
 24.   29.   0.10757375E-01   0.62107740E-02  -0.80777019E+00   0.00000000E+00
 24.   30.   0.24437690E-01  -0.24437690E-01  -0.22098871E-07   0.00000000E+00
 24.   31.  -0.62107716E-02  -0.10757376E-01   0.80777019E+00   0.00000000E+00
 24.   32.  -0.33382505E-01   0.89448148E-02   0.64103671E-07   0.00000000E+00
 24.   33.  -0.24872028E-08   0.12421547E-01  -0.80777019E+00   0.00000000E+00
 24.   34.   0.33382505E-01   0.89448159E-02  -0.68503323E-07   0.00000000E+00
 24.   35.   0.62107765E-02  -0.10757373E-01   0.80777019E+00   0.00000000E+00
 24.   36.  -0.24437689E-01  -0.24437691E-01   0.10944820E-06   0.00000000E+00
 24.   37.  -0.10757377E-01   0.62107693E-02  -0.80777019E+00   0.00000000E+00
 24.   38.   0.89448144E-02   0.33382505E-01  -0.13499102E-06   0.00000000E+00
 24.   39.   0.12421547E-01   0.00000000E+00   0.80777019E+00   0.00000000E+00
 24.   40.   0.22690343E-01   0.00000000E+00   0.64709419E+00   0.00000000E+00
 24.   41.  -0.52791349E-02   0.19702000E-01  -0.31560648E-08   0.00000000E+00
 24.   42.  -0.19650414E-01  -0.11345171E-01  -0.64709419E+00   0.00000000E+00
 24.   43.   0.14422865E-01  -0.14422865E-01  -0.18903333E-07   0.00000000E+00
 24.   44.   0.11345173E-01   0.19650413E-01   0.64709418E+00   0.00000000E+00
 24.   45.  -0.19702000E-01   0.52791369E-02   0.53310178E-07   0.00000000E+00
 24.   46.  -0.17829825E-08  -0.22690343E-01  -0.64709419E+00   0.00000000E+00
 24.   47.   0.19702001E-01   0.52791328E-02  -0.53230782E-07   0.00000000E+00
 24.   48.  -0.11345169E-01   0.19650415E-01   0.64709419E+00   0.00000000E+00
 24.   49.  -0.14422867E-01  -0.14422862E-01   0.87639083E-07   0.00000000E+00
 24.   50.   0.19650412E-01  -0.11345174E-01  -0.64709419E+00   0.00000000E+00
 24.   51.   0.52791392E-02   0.19701999E-01  -0.10733456E-06   0.00000000E+00
 24.   52.  -0.22690343E-01   0.00000000E+00   0.64709419E+00   0.00000000E+00
 24.   53.   0.36575758E-01   0.00000000E+00  -0.99993332E+00   0.00000000E+00
 24.   54.   0.62519726E-02  -0.23332679E-01  -0.42198828E-08   0.00000000E+00
 24.   55.  -0.31675535E-01  -0.18287880E-01   0.99993333E+00   0.00000000E+00
 24.   56.  -0.17080707E-01   0.17080706E-01   0.28682617E-07   0.00000000E+00
 24.   57.   0.18287879E-01   0.31675536E-01  -0.99993333E+00   0.00000000E+00
 24.   58.   0.23332680E-01  -0.62519702E-02  -0.70768689E-07   0.00000000E+00
 24.   59.   0.16446597E-08  -0.36575758E-01   0.99993332E+00   0.00000000E+00
 24.   60.  -0.23332678E-01  -0.62519752E-02   0.90869582E-07   0.00000000E+00
 24.   61.  -0.18287881E-01   0.31675535E-01  -0.99993333E+00   0.00000000E+00
 24.   62.   0.17080704E-01   0.17080710E-01  -0.13596948E-06   0.00000000E+00
 24.   63.   0.31675537E-01  -0.18287877E-01   0.99993333E+00   0.00000000E+00
 24.   64.  -0.62519672E-02  -0.23332680E-01   0.15832921E-06   0.00000000E+00
 24.   65.  -0.36575758E-01   0.00000000E+00  -0.99993332E+00   0.00000000E+00
 24.   66.  -0.36575758E-01   0.00000000E+00  -0.99993332E+00   0.00000000E+00
 24.   67.  -0.62519724E-02   0.23332679E-01  -0.42205485E-08   0.00000000E+00
 24.   68.   0.31675536E-01   0.18287880E-01   0.99993333E+00   0.00000000E+00
 24.   69.   0.17080708E-01  -0.17080706E-01   0.28682638E-07   0.00000000E+00
 24.   70.  -0.18287879E-01  -0.31675536E-01  -0.99993333E+00   0.00000000E+00
 24.   71.  -0.23332679E-01   0.62519700E-02  -0.70770670E-07   0.00000000E+00
 24.   72.  -0.13037111E-08   0.36575758E-01   0.99993332E+00   0.00000000E+00
 24.   73.   0.23332678E-01   0.62519751E-02   0.90867979E-07   0.00000000E+00
 24.   74.   0.18287881E-01  -0.31675535E-01  -0.99993333E+00   0.00000000E+00
 24.   75.  -0.17080703E-01  -0.17080710E-01  -0.13597079E-06   0.00000000E+00
 24.   76.  -0.31675537E-01   0.18287877E-01   0.99993333E+00   0.00000000E+00
 24.   77.   0.62519675E-02   0.23332680E-01   0.15832894E-06   0.00000000E+00
 24.   78.   0.36575758E-01   0.00000000E+00  -0.99993332E+00   0.00000000E+00
