mode k UX UY UZ VOLT
  1.    1.   0.24394199E-02   0.00000000E+00   0.99396635E-01   0.00000000E+00
  1.    2.   0.23562986E-02   0.63136832E-03   0.99396635E-01   0.00000000E+00
  1.    3.   0.21125996E-02   0.12197099E-02   0.99396635E-01   0.00000000E+00
  1.    4.   0.17249303E-02   0.17249303E-02   0.99396635E-01   0.00000000E+00
  1.    5.   0.12197099E-02   0.21125996E-02   0.99396635E-01   0.00000000E+00
  1.    6.   0.63136832E-03   0.23562986E-02   0.99396635E-01   0.00000000E+00
  1.    7.   0.28863500E-11   0.24394199E-02   0.99396635E-01   0.00000000E+00
  1.    8.  -0.63136831E-03   0.23562986E-02   0.99396635E-01   0.00000000E+00
  1.    9.  -0.12197099E-02   0.21125996E-02   0.99396635E-01   0.00000000E+00
  1.   10.  -0.17249303E-02   0.17249303E-02   0.99396635E-01   0.00000000E+00
  1.   11.  -0.21125996E-02   0.12197099E-02   0.99396635E-01   0.00000000E+00
  1.   12.  -0.23562986E-02   0.63136832E-03   0.99396635E-01   0.00000000E+00
  1.   13.  -0.24394199E-02   0.00000000E+00   0.99396635E-01   0.00000000E+00
  1.   14.   0.35619350E-02   0.00000000E+00   0.60169007E-01   0.00000000E+00
  1.   15.   0.34405650E-02   0.92189661E-03   0.60169007E-01   0.00000000E+00
  1.   16.   0.30847262E-02   0.17809675E-02   0.60169007E-01   0.00000000E+00
  1.   17.   0.25186684E-02   0.25186684E-02   0.60169007E-01   0.00000000E+00
  1.   18.   0.17809675E-02   0.30847262E-02   0.60169007E-01   0.00000000E+00
  1.   19.   0.92189661E-03   0.34405650E-02   0.60169007E-01   0.00000000E+00
  1.   20.   0.42260004E-11   0.35619350E-02   0.60169007E-01   0.00000000E+00
  1.   21.  -0.92189660E-03   0.34405650E-02   0.60169007E-01   0.00000000E+00
  1.   22.  -0.17809675E-02   0.30847262E-02   0.60169007E-01   0.00000000E+00
  1.   23.  -0.25186684E-02   0.25186684E-02   0.60169007E-01   0.00000000E+00
  1.   24.  -0.30847262E-02   0.17809675E-02   0.60169007E-01   0.00000000E+00
  1.   25.  -0.34405650E-02   0.92189661E-03   0.60169007E-01   0.00000000E+00
  1.   26.  -0.35619350E-02   0.00000000E+00   0.60169007E-01   0.00000000E+00
  1.   27.   0.27291661E-02   0.00000000E+00   0.18784754E-01   0.00000000E+00
  1.   28.   0.26361720E-02   0.70636016E-03   0.18784754E-01   0.00000000E+00
  1.   29.   0.23635272E-02   0.13645830E-02   0.18784754E-01   0.00000000E+00
  1.   30.   0.19298119E-02   0.19298118E-02   0.18784754E-01   0.00000000E+00
  1.   31.   0.13645830E-02   0.23635272E-02   0.18784754E-01   0.00000000E+00
  1.   32.   0.70636016E-03   0.26361720E-02   0.18784754E-01   0.00000000E+00
  1.   33.   0.32371904E-11   0.27291661E-02   0.18784754E-01   0.00000000E+00
  1.   34.  -0.70636016E-03   0.26361720E-02   0.18784754E-01   0.00000000E+00
  1.   35.  -0.13645830E-02   0.23635272E-02   0.18784754E-01   0.00000000E+00
  1.   36.  -0.19298118E-02   0.19298119E-02   0.18784754E-01   0.00000000E+00
  1.   37.  -0.23635272E-02   0.13645830E-02   0.18784754E-01   0.00000000E+00
  1.   38.  -0.26361720E-02   0.70636017E-03   0.18784754E-01   0.00000000E+00
  1.   39.  -0.27291661E-02   0.00000000E+00   0.18784754E-01   0.00000000E+00
  1.   40.   0.00000000E+00   0.00000000E+00   0.00000000E+00   0.00000000E+00
  1.   41.   0.00000000E+00   0.00000000E+00   0.00000000E+00   0.00000000E+00
  1.   42.   0.00000000E+00   0.00000000E+00   0.00000000E+00   0.00000000E+00
  1.   43.   0.00000000E+00   0.00000000E+00   0.00000000E+00   0.00000000E+00
  1.   44.   0.00000000E+00   0.00000000E+00   0.00000000E+00   0.00000000E+00
  1.   45.   0.00000000E+00   0.00000000E+00   0.00000000E+00   0.00000000E+00
  1.   46.   0.00000000E+00   0.00000000E+00   0.00000000E+00   0.00000000E+00
  1.   47.   0.00000000E+00   0.00000000E+00   0.00000000E+00   0.00000000E+00
  1.   48.   0.00000000E+00   0.00000000E+00   0.00000000E+00   0.00000000E+00
  1.   49.   0.00000000E+00   0.00000000E+00   0.00000000E+00   0.00000000E+00
  1.   50.   0.00000000E+00   0.00000000E+00   0.00000000E+00   0.00000000E+00
  1.   51.   0.00000000E+00   0.00000000E+00   0.00000000E+00   0.00000000E+00
  1.   52.   0.00000000E+00   0.00000000E+00   0.00000000E+00   0.00000000E+00
  1.   53.   0.00000000E+00   0.00000000E+00   0.00000000E+00   0.00000000E+00
  1.   54.   0.00000000E+00   0.00000000E+00   0.00000000E+00   0.00000000E+00
  1.   55.   0.00000000E+00   0.00000000E+00   0.00000000E+00   0.00000000E+00
  1.   56.   0.00000000E+00   0.00000000E+00   0.00000000E+00   0.00000000E+00
  1.   57.   0.00000000E+00   0.00000000E+00   0.00000000E+00   0.00000000E+00
  1.   58.   0.00000000E+00   0.00000000E+00   0.00000000E+00   0.00000000E+00
  1.   59.   0.00000000E+00   0.00000000E+00   0.00000000E+00   0.00000000E+00
  1.   60.   0.00000000E+00   0.00000000E+00   0.00000000E+00   0.00000000E+00
  1.   61.   0.00000000E+00   0.00000000E+00   0.00000000E+00   0.00000000E+00
  1.   62.   0.00000000E+00   0.00000000E+00   0.00000000E+00   0.00000000E+00
  1.   63.   0.00000000E+00   0.00000000E+00   0.00000000E+00   0.00000000E+00
  1.   64.   0.00000000E+00   0.00000000E+00   0.00000000E+00   0.00000000E+00
  1.   65.   0.00000000E+00   0.00000000E+00   0.00000000E+00   0.00000000E+00
  2.    1.   0.20917579E-02   0.00000000E+00  -0.40968831E-01   0.00000000E+00
  2.    2.   0.21669577E-02  -0.28064951E-03  -0.39572852E-01   0.00000000E+00
  2.    3.   0.23724074E-02  -0.48609922E-03  -0.35480048E-01   0.00000000E+00
  2.    4.   0.26530570E-02  -0.56129903E-03  -0.28969338E-01   0.00000000E+00
  2.    5.   0.29337065E-02  -0.48609922E-03  -0.20484415E-01   0.00000000E+00
  2.    6.   0.31391562E-02  -0.28064951E-03  -0.10603514E-01   0.00000000E+00
  2.    7.   0.32143560E-02  -0.13436127E-11  -0.48143180E-10   0.00000000E+00
  2.    8.   0.31391562E-02   0.28064951E-03   0.10603514E-01   0.00000000E+00
  2.    9.   0.29337065E-02   0.48609922E-03   0.20484415E-01   0.00000000E+00
  2.   10.   0.26530570E-02   0.56129903E-03   0.28969338E-01   0.00000000E+00
  2.   11.   0.23724075E-02   0.48609922E-03   0.35480048E-01   0.00000000E+00
  2.   12.   0.21669577E-02   0.28064952E-03   0.39572852E-01   0.00000000E+00
  2.   13.   0.20917579E-02   0.00000000E+00   0.40968831E-01   0.00000000E+00
  2.   14.  -0.11683390E-02   0.00000000E+00  -0.46526476E-01   0.00000000E+00
  2.   15.  -0.96655035E-03  -0.75308547E-03  -0.44941125E-01   0.00000000E+00
  2.   16.  -0.41525353E-03  -0.13043823E-02  -0.40293110E-01   0.00000000E+00
  2.   17.   0.33783194E-03  -0.15061709E-02  -0.32899187E-01   0.00000000E+00
  2.   18.   0.10909174E-02  -0.13043823E-02  -0.23263238E-01   0.00000000E+00
  2.   19.   0.16422142E-02  -0.75308547E-03  -0.12041938E-01   0.00000000E+00
  2.   20.   0.18440029E-02  -0.35538766E-11  -0.54545575E-10   0.00000000E+00
  2.   21.   0.16422142E-02   0.75308546E-03   0.12041938E-01   0.00000000E+00
  2.   22.   0.10909174E-02   0.13043823E-02   0.23263238E-01   0.00000000E+00
  2.   23.   0.33783195E-03   0.15061709E-02   0.32899187E-01   0.00000000E+00
  2.   24.  -0.41525352E-03   0.13043823E-02   0.40293110E-01   0.00000000E+00
  2.   25.  -0.96655035E-03   0.75308547E-03   0.44941125E-01   0.00000000E+00
  2.   26.  -0.11683390E-02   0.00000000E+00   0.46526476E-01   0.00000000E+00
  2.   27.  -0.25162711E-02   0.00000000E+00  -0.19931671E-01   0.00000000E+00
  2.   28.  -0.23122084E-02  -0.76157242E-03  -0.19252516E-01   0.00000000E+00
  2.   29.  -0.17546987E-02  -0.13190821E-02  -0.17261333E-01   0.00000000E+00
  2.   30.  -0.99312630E-03  -0.15231448E-02  -0.14093820E-01   0.00000000E+00
  2.   31.  -0.23155388E-03  -0.13190821E-02  -0.99658355E-02   0.00000000E+00
  2.   32.   0.32595583E-03  -0.76157242E-03  -0.51586961E-02   0.00000000E+00
  2.   33.   0.53001854E-03  -0.35725868E-11  -0.23329094E-10   0.00000000E+00
  2.   34.   0.32595583E-03   0.76157242E-03   0.51586960E-02   0.00000000E+00
  2.   35.  -0.23155387E-03   0.13190821E-02   0.99658355E-02   0.00000000E+00
  2.   36.  -0.99312630E-03   0.15231448E-02   0.14093820E-01   0.00000000E+00
  2.   37.  -0.17546987E-02   0.13190821E-02   0.17261333E-01   0.00000000E+00
  2.   38.  -0.23122084E-02   0.76157243E-03   0.19252516E-01   0.00000000E+00
  2.   39.  -0.25162711E-02   0.00000000E+00   0.19931671E-01   0.00000000E+00
  2.   40.   0.00000000E+00   0.00000000E+00   0.00000000E+00   0.00000000E+00
  2.   41.   0.00000000E+00   0.00000000E+00   0.00000000E+00   0.00000000E+00
  2.   42.   0.00000000E+00   0.00000000E+00   0.00000000E+00   0.00000000E+00
  2.   43.   0.00000000E+00   0.00000000E+00   0.00000000E+00   0.00000000E+00
  2.   44.   0.00000000E+00   0.00000000E+00   0.00000000E+00   0.00000000E+00
  2.   45.   0.00000000E+00   0.00000000E+00   0.00000000E+00   0.00000000E+00
  2.   46.   0.00000000E+00   0.00000000E+00   0.00000000E+00   0.00000000E+00
  2.   47.   0.00000000E+00   0.00000000E+00   0.00000000E+00   0.00000000E+00
  2.   48.   0.00000000E+00   0.00000000E+00   0.00000000E+00   0.00000000E+00
  2.   49.   0.00000000E+00   0.00000000E+00   0.00000000E+00   0.00000000E+00
  2.   50.   0.00000000E+00   0.00000000E+00   0.00000000E+00   0.00000000E+00
  2.   51.   0.00000000E+00   0.00000000E+00   0.00000000E+00   0.00000000E+00
  2.   52.   0.00000000E+00   0.00000000E+00   0.00000000E+00   0.00000000E+00
  2.   53.   0.00000000E+00   0.00000000E+00   0.00000000E+00   0.00000000E+00
  2.   54.   0.00000000E+00   0.00000000E+00   0.00000000E+00   0.00000000E+00
  2.   55.   0.00000000E+00   0.00000000E+00   0.00000000E+00   0.00000000E+00
  2.   56.   0.00000000E+00   0.00000000E+00   0.00000000E+00   0.00000000E+00
  2.   57.   0.00000000E+00   0.00000000E+00   0.00000000E+00   0.00000000E+00
  2.   58.   0.00000000E+00   0.00000000E+00   0.00000000E+00   0.00000000E+00
  2.   59.   0.00000000E+00   0.00000000E+00   0.00000000E+00   0.00000000E+00
  2.   60.   0.00000000E+00   0.00000000E+00   0.00000000E+00   0.00000000E+00
  2.   61.   0.00000000E+00   0.00000000E+00   0.00000000E+00   0.00000000E+00
  2.   62.   0.00000000E+00   0.00000000E+00   0.00000000E+00   0.00000000E+00
  2.   63.   0.00000000E+00   0.00000000E+00   0.00000000E+00   0.00000000E+00
  2.   64.   0.00000000E+00   0.00000000E+00   0.00000000E+00   0.00000000E+00
  2.   65.   0.00000000E+00   0.00000000E+00   0.00000000E+00   0.00000000E+00
  3.    1.   0.18161033E-02   0.00000000E+00  -0.14396881E-01   0.00000000E+00
  3.    2.   0.18106509E-02  -0.68064094E-03  -0.12468064E-01   0.00000000E+00
  3.    3.   0.17616093E-02  -0.12350936E-02  -0.71984404E-02   0.00000000E+00
  3.    4.   0.15925170E-02  -0.15925170E-02  -0.20257683E-10   0.00000000E+00
  3.    5.   0.12350936E-02  -0.17616093E-02   0.71984404E-02   0.00000000E+00
  3.    6.   0.68064094E-03  -0.18106509E-02   0.12468064E-01   0.00000000E+00
  3.    7.   0.31613648E-11  -0.18161033E-02   0.14396881E-01   0.00000000E+00
  3.    8.  -0.68064093E-03  -0.18106509E-02   0.12468065E-01   0.00000000E+00
  3.    9.  -0.12350936E-02  -0.17616093E-02   0.71984404E-02   0.00000000E+00
  3.   10.  -0.15925170E-02  -0.15925170E-02   0.46314888E-10   0.00000000E+00
  3.   11.  -0.17616093E-02  -0.12350936E-02  -0.71984403E-02   0.00000000E+00
  3.   12.  -0.18106509E-02  -0.68064094E-03  -0.12468064E-01   0.00000000E+00
  3.   13.  -0.18161033E-02   0.00000000E+00  -0.14396881E-01   0.00000000E+00
  3.   14.   0.26406583E-03   0.00000000E+00  -0.30621719E-01   0.00000000E+00
  3.   15.   0.53401316E-03  -0.11093828E-02  -0.26519186E-01   0.00000000E+00
  3.   16.   0.11620564E-02  -0.17486749E-02  -0.15310859E-01   0.00000000E+00
  3.   17.   0.17109074E-02  -0.17109074E-02  -0.41385234E-10   0.00000000E+00
  3.   18.   0.17486749E-02  -0.11620564E-02   0.15310859E-01   0.00000000E+00
  3.   19.   0.11093828E-02  -0.53401316E-03   0.26519186E-01   0.00000000E+00
  3.   20.   0.53984750E-11  -0.26406583E-03   0.30621719E-01   0.00000000E+00
  3.   21.  -0.11093828E-02  -0.53401316E-03   0.26519186E-01   0.00000000E+00
  3.   22.  -0.17486749E-02  -0.11620564E-02   0.15310859E-01   0.00000000E+00
  3.   23.  -0.17109074E-02  -0.17109074E-02   0.10038152E-09   0.00000000E+00
  3.   24.  -0.11620564E-02  -0.17486749E-02  -0.15310859E-01   0.00000000E+00
  3.   25.  -0.53401317E-03  -0.11093828E-02  -0.26519186E-01   0.00000000E+00
  3.   26.  -0.26406583E-03   0.00000000E+00  -0.30621719E-01   0.00000000E+00
  3.   27.  -0.19307364E-02   0.00000000E+00  -0.17937466E-01   0.00000000E+00
  3.   28.  -0.14920991E-02  -0.89178020E-03  -0.15534301E-01   0.00000000E+00
  3.   29.  -0.42448957E-03  -0.11954989E-02  -0.89687330E-02   0.00000000E+00
  3.   30.   0.67204823E-03  -0.67204824E-03  -0.24075861E-10   0.00000000E+00
  3.   31.   0.11954989E-02   0.42448957E-03   0.89687330E-02   0.00000000E+00
  3.   32.   0.89178021E-03   0.14920991E-02   0.15534301E-01   0.00000000E+00
  3.   33.   0.45296441E-11   0.19307364E-02   0.17937466E-01   0.00000000E+00
  3.   34.  -0.89178020E-03   0.14920991E-02   0.15534301E-01   0.00000000E+00
  3.   35.  -0.11954989E-02   0.42448958E-03   0.89687331E-02   0.00000000E+00
  3.   36.  -0.67204824E-03  -0.67204823E-03   0.58982509E-10   0.00000000E+00
  3.   37.   0.42448956E-03  -0.11954989E-02  -0.89687329E-02   0.00000000E+00
  3.   38.   0.14920991E-02  -0.89178021E-03  -0.15534301E-01   0.00000000E+00
  3.   39.   0.19307364E-02   0.00000000E+00  -0.17937466E-01   0.00000000E+00
  3.   40.   0.00000000E+00   0.00000000E+00   0.00000000E+00   0.00000000E+00
  3.   41.   0.00000000E+00   0.00000000E+00   0.00000000E+00   0.00000000E+00
  3.   42.   0.00000000E+00   0.00000000E+00   0.00000000E+00   0.00000000E+00
  3.   43.   0.00000000E+00   0.00000000E+00   0.00000000E+00   0.00000000E+00
  3.   44.   0.00000000E+00   0.00000000E+00   0.00000000E+00   0.00000000E+00
  3.   45.   0.00000000E+00   0.00000000E+00   0.00000000E+00   0.00000000E+00
  3.   46.   0.00000000E+00   0.00000000E+00   0.00000000E+00   0.00000000E+00
  3.   47.   0.00000000E+00   0.00000000E+00   0.00000000E+00   0.00000000E+00
  3.   48.   0.00000000E+00   0.00000000E+00   0.00000000E+00   0.00000000E+00
  3.   49.   0.00000000E+00   0.00000000E+00   0.00000000E+00   0.00000000E+00
  3.   50.   0.00000000E+00   0.00000000E+00   0.00000000E+00   0.00000000E+00
  3.   51.   0.00000000E+00   0.00000000E+00   0.00000000E+00   0.00000000E+00
  3.   52.   0.00000000E+00   0.00000000E+00   0.00000000E+00   0.00000000E+00
  3.   53.   0.00000000E+00   0.00000000E+00   0.00000000E+00   0.00000000E+00
  3.   54.   0.00000000E+00   0.00000000E+00   0.00000000E+00   0.00000000E+00
  3.   55.   0.00000000E+00   0.00000000E+00   0.00000000E+00   0.00000000E+00
  3.   56.   0.00000000E+00   0.00000000E+00   0.00000000E+00   0.00000000E+00
  3.   57.   0.00000000E+00   0.00000000E+00   0.00000000E+00   0.00000000E+00
  3.   58.   0.00000000E+00   0.00000000E+00   0.00000000E+00   0.00000000E+00
  3.   59.   0.00000000E+00   0.00000000E+00   0.00000000E+00   0.00000000E+00
  3.   60.   0.00000000E+00   0.00000000E+00   0.00000000E+00   0.00000000E+00
  3.   61.   0.00000000E+00   0.00000000E+00   0.00000000E+00   0.00000000E+00
  3.   62.   0.00000000E+00   0.00000000E+00   0.00000000E+00   0.00000000E+00
  3.   63.   0.00000000E+00   0.00000000E+00   0.00000000E+00   0.00000000E+00
  3.   64.   0.00000000E+00   0.00000000E+00   0.00000000E+00   0.00000000E+00
  3.   65.   0.00000000E+00   0.00000000E+00   0.00000000E+00   0.00000000E+00
  4.    1.   0.18710936E-02   0.00000000E+00   0.11751526E-01   0.00000000E+00
  4.    2.   0.18073376E-02   0.48427466E-03   0.11751526E-01   0.00000000E+00
  4.    3.   0.16204146E-02   0.93554680E-03   0.11751526E-01   0.00000000E+00
  4.    4.   0.13230630E-02   0.13230630E-02   0.11751526E-01   0.00000000E+00
  4.    5.   0.93554680E-03   0.16204146E-02   0.11751526E-01   0.00000000E+00
  4.    6.   0.48427466E-03   0.18073376E-02   0.11751526E-01   0.00000000E+00
  4.    7.   0.22089916E-11   0.18710936E-02   0.11751526E-01   0.00000000E+00
  4.    8.  -0.48427466E-03   0.18073376E-02   0.11751526E-01   0.00000000E+00
  4.    9.  -0.93554680E-03   0.16204146E-02   0.11751526E-01   0.00000000E+00
  4.   10.  -0.13230630E-02   0.13230630E-02   0.11751526E-01   0.00000000E+00
  4.   11.  -0.16204146E-02   0.93554681E-03   0.11751526E-01   0.00000000E+00
  4.   12.  -0.18073376E-02   0.48427466E-03   0.11751526E-01   0.00000000E+00
  4.   13.  -0.18710936E-02   0.00000000E+00   0.11751526E-01   0.00000000E+00
  4.   14.   0.93170024E-03   0.00000000E+00  -0.85297399E-02   0.00000000E+00
  4.   15.   0.89995332E-03   0.24114177E-03  -0.85297399E-02   0.00000000E+00
  4.   16.   0.80687608E-03   0.46585012E-03  -0.85297399E-02   0.00000000E+00
  4.   17.   0.65881156E-03   0.65881156E-03  -0.85297399E-02   0.00000000E+00
  4.   18.   0.46585012E-03   0.80687608E-03  -0.85297399E-02   0.00000000E+00
  4.   19.   0.24114177E-03   0.89995332E-03  -0.85297399E-02   0.00000000E+00
  4.   20.   0.10894836E-11   0.93170024E-03  -0.85297399E-02   0.00000000E+00
  4.   21.  -0.24114176E-03   0.89995332E-03  -0.85297399E-02   0.00000000E+00
  4.   22.  -0.46585012E-03   0.80687608E-03  -0.85297399E-02   0.00000000E+00
  4.   23.  -0.65881156E-03   0.65881156E-03  -0.85297399E-02   0.00000000E+00
  4.   24.  -0.80687607E-03   0.46585012E-03  -0.85297399E-02   0.00000000E+00
  4.   25.  -0.89995332E-03   0.24114177E-03  -0.85297399E-02   0.00000000E+00
  4.   26.  -0.93170024E-03   0.00000000E+00  -0.85297399E-02   0.00000000E+00
  4.   27.  -0.77495475E-03   0.00000000E+00  -0.81925968E-02   0.00000000E+00
  4.   28.  -0.74854880E-03  -0.20057305E-03  -0.81925968E-02   0.00000000E+00
  4.   29.  -0.67113050E-03  -0.38747737E-03  -0.81925968E-02   0.00000000E+00
  4.   30.  -0.54797576E-03  -0.54797576E-03  -0.81925968E-02   0.00000000E+00
  4.   31.  -0.38747737E-03  -0.67113050E-03  -0.81925968E-02   0.00000000E+00
  4.   32.  -0.20057305E-03  -0.74854880E-03  -0.81925968E-02   0.00000000E+00
  4.   33.  -0.92219183E-12  -0.77495475E-03  -0.81925968E-02   0.00000000E+00
  4.   34.   0.20057305E-03  -0.74854880E-03  -0.81925968E-02   0.00000000E+00
  4.   35.   0.38747737E-03  -0.67113050E-03  -0.81925968E-02   0.00000000E+00
  4.   36.   0.54797576E-03  -0.54797576E-03  -0.81925968E-02   0.00000000E+00
  4.   37.   0.67113050E-03  -0.38747737E-03  -0.81925968E-02   0.00000000E+00
  4.   38.   0.74854880E-03  -0.20057305E-03  -0.81925968E-02   0.00000000E+00
  4.   39.   0.77495475E-03   0.00000000E+00  -0.81925968E-02   0.00000000E+00
  4.   40.   0.00000000E+00   0.00000000E+00   0.00000000E+00   0.00000000E+00
  4.   41.   0.00000000E+00   0.00000000E+00   0.00000000E+00   0.00000000E+00
  4.   42.   0.00000000E+00   0.00000000E+00   0.00000000E+00   0.00000000E+00
  4.   43.   0.00000000E+00   0.00000000E+00   0.00000000E+00   0.00000000E+00
  4.   44.   0.00000000E+00   0.00000000E+00   0.00000000E+00   0.00000000E+00
  4.   45.   0.00000000E+00   0.00000000E+00   0.00000000E+00   0.00000000E+00
  4.   46.   0.00000000E+00   0.00000000E+00   0.00000000E+00   0.00000000E+00
  4.   47.   0.00000000E+00   0.00000000E+00   0.00000000E+00   0.00000000E+00
  4.   48.   0.00000000E+00   0.00000000E+00   0.00000000E+00   0.00000000E+00
  4.   49.   0.00000000E+00   0.00000000E+00   0.00000000E+00   0.00000000E+00
  4.   50.   0.00000000E+00   0.00000000E+00   0.00000000E+00   0.00000000E+00
  4.   51.   0.00000000E+00   0.00000000E+00   0.00000000E+00   0.00000000E+00
  4.   52.   0.00000000E+00   0.00000000E+00   0.00000000E+00   0.00000000E+00
  4.   53.   0.00000000E+00   0.00000000E+00   0.00000000E+00   0.00000000E+00
  4.   54.   0.00000000E+00   0.00000000E+00   0.00000000E+00   0.00000000E+00
  4.   55.   0.00000000E+00   0.00000000E+00   0.00000000E+00   0.00000000E+00
  4.   56.   0.00000000E+00   0.00000000E+00   0.00000000E+00   0.00000000E+00
  4.   57.   0.00000000E+00   0.00000000E+00   0.00000000E+00   0.00000000E+00
  4.   58.   0.00000000E+00   0.00000000E+00   0.00000000E+00   0.00000000E+00
  4.   59.   0.00000000E+00   0.00000000E+00   0.00000000E+00   0.00000000E+00
  4.   60.   0.00000000E+00   0.00000000E+00   0.00000000E+00   0.00000000E+00
  4.   61.   0.00000000E+00   0.00000000E+00   0.00000000E+00   0.00000000E+00
  4.   62.   0.00000000E+00   0.00000000E+00   0.00000000E+00   0.00000000E+00
  4.   63.   0.00000000E+00   0.00000000E+00   0.00000000E+00   0.00000000E+00
  4.   64.   0.00000000E+00   0.00000000E+00   0.00000000E+00   0.00000000E+00
  4.   65.   0.00000000E+00   0.00000000E+00   0.00000000E+00   0.00000000E+00
  5.    1.   0.10100229E-02   0.00000000E+00  -0.50333777E-02   0.00000000E+00
  5.    2.   0.90524253E-03  -0.61897722E-03  -0.35591355E-02   0.00000000E+00
  5.    3.   0.58844018E-03  -0.10192083E-02  -0.29581997E-11   0.00000000E+00
  5.    4.   0.83428731E-04  -0.10934516E-02   0.35591355E-02   0.00000000E+00
  5.    5.  -0.50501145E-03  -0.87470550E-03   0.50333777E-02   0.00000000E+00
  5.    6.  -0.98867126E-03  -0.47447442E-03   0.35591355E-02   0.00000000E+00
  5.    7.  -0.11768804E-02  -0.21986291E-11   0.17805195E-10   0.00000000E+00
  5.    8.  -0.98867126E-03   0.47447442E-03  -0.35591355E-02   0.00000000E+00
  5.    9.  -0.50501146E-03   0.87470549E-03  -0.50333777E-02   0.00000000E+00
  5.   10.   0.83428726E-04   0.10934516E-02  -0.35591355E-02   0.00000000E+00
  5.   11.   0.58844018E-03   0.10192083E-02  -0.32167672E-10   0.00000000E+00
  5.   12.   0.90524253E-03   0.61897722E-03   0.35591355E-02   0.00000000E+00
  5.   13.   0.10100229E-02   0.00000000E+00   0.50333777E-02   0.00000000E+00
  5.   14.   0.84248476E-03   0.00000000E+00  -0.20042819E-01   0.00000000E+00
  5.   15.   0.10086115E-02  -0.14624781E-02  -0.14172413E-01   0.00000000E+00
  5.   16.   0.11834798E-02  -0.20498472E-02  -0.10429380E-10   0.00000000E+00
  5.   17.   0.76223744E-03  -0.16047222E-02   0.14172413E-01   0.00000000E+00
  5.   18.  -0.42124238E-03  -0.72961321E-03   0.20042819E-01   0.00000000E+00
  5.   19.  -0.17708489E-02  -0.14224412E-03   0.14172413E-01   0.00000000E+00
  5.   20.  -0.23669596E-02  -0.19093216E-12   0.71024101E-10   0.00000000E+00
  5.   21.  -0.17708489E-02   0.14224411E-03  -0.14172413E-01   0.00000000E+00
  5.   22.  -0.42124239E-03   0.72961320E-03  -0.20042819E-01   0.00000000E+00
  5.   23.   0.76223743E-03   0.16047222E-02  -0.14172413E-01   0.00000000E+00
  5.   24.   0.11834798E-02   0.20498472E-02  -0.12902674E-09   0.00000000E+00
  5.   25.   0.10086115E-02   0.14624781E-02   0.14172413E-01   0.00000000E+00
  5.   26.   0.84248476E-03   0.00000000E+00   0.20042819E-01   0.00000000E+00
  5.   27.  -0.14316879E-02   0.00000000E+00  -0.16014414E-01   0.00000000E+00
  5.   28.  -0.74586933E-03  -0.11278218E-02  -0.11323901E-01   0.00000000E+00
  5.   29.   0.63381307E-03  -0.10977964E-02  -0.81555090E-11   0.00000000E+00
  5.   30.   0.13496570E-02   0.82030867E-04   0.11323901E-01   0.00000000E+00
  5.   31.   0.71584395E-03   0.12398781E-02   0.16014414E-01   0.00000000E+00
  5.   32.  -0.60378769E-03   0.12098527E-02   0.11323901E-01   0.00000000E+00
  5.   33.  -0.12676261E-02   0.65678351E-11   0.56724010E-10   0.00000000E+00
  5.   34.  -0.60378770E-03  -0.12098527E-02  -0.11323901E-01   0.00000000E+00
  5.   35.   0.71584394E-03  -0.12398781E-02  -0.16014414E-01   0.00000000E+00
  5.   36.   0.13496570E-02  -0.82030880E-04  -0.11323901E-01   0.00000000E+00
  5.   37.   0.63381308E-03   0.10977964E-02  -0.10324689E-09   0.00000000E+00
  5.   38.  -0.74586932E-03   0.11278218E-02   0.11323901E-01   0.00000000E+00
  5.   39.  -0.14316879E-02   0.00000000E+00   0.16014414E-01   0.00000000E+00
  5.   40.   0.00000000E+00   0.00000000E+00   0.00000000E+00   0.00000000E+00
  5.   41.   0.00000000E+00   0.00000000E+00   0.00000000E+00   0.00000000E+00
  5.   42.   0.00000000E+00   0.00000000E+00   0.00000000E+00   0.00000000E+00
  5.   43.   0.00000000E+00   0.00000000E+00   0.00000000E+00   0.00000000E+00
  5.   44.   0.00000000E+00   0.00000000E+00   0.00000000E+00   0.00000000E+00
  5.   45.   0.00000000E+00   0.00000000E+00   0.00000000E+00   0.00000000E+00
  5.   46.   0.00000000E+00   0.00000000E+00   0.00000000E+00   0.00000000E+00
  5.   47.   0.00000000E+00   0.00000000E+00   0.00000000E+00   0.00000000E+00
  5.   48.   0.00000000E+00   0.00000000E+00   0.00000000E+00   0.00000000E+00
  5.   49.   0.00000000E+00   0.00000000E+00   0.00000000E+00   0.00000000E+00
  5.   50.   0.00000000E+00   0.00000000E+00   0.00000000E+00   0.00000000E+00
  5.   51.   0.00000000E+00   0.00000000E+00   0.00000000E+00   0.00000000E+00
  5.   52.   0.00000000E+00   0.00000000E+00   0.00000000E+00   0.00000000E+00
  5.   53.   0.00000000E+00   0.00000000E+00   0.00000000E+00   0.00000000E+00
  5.   54.   0.00000000E+00   0.00000000E+00   0.00000000E+00   0.00000000E+00
  5.   55.   0.00000000E+00   0.00000000E+00   0.00000000E+00   0.00000000E+00
  5.   56.   0.00000000E+00   0.00000000E+00   0.00000000E+00   0.00000000E+00
  5.   57.   0.00000000E+00   0.00000000E+00   0.00000000E+00   0.00000000E+00
  5.   58.   0.00000000E+00   0.00000000E+00   0.00000000E+00   0.00000000E+00
  5.   59.   0.00000000E+00   0.00000000E+00   0.00000000E+00   0.00000000E+00
  5.   60.   0.00000000E+00   0.00000000E+00   0.00000000E+00   0.00000000E+00
  5.   61.   0.00000000E+00   0.00000000E+00   0.00000000E+00   0.00000000E+00
  5.   62.   0.00000000E+00   0.00000000E+00   0.00000000E+00   0.00000000E+00
  5.   63.   0.00000000E+00   0.00000000E+00   0.00000000E+00   0.00000000E+00
  5.   64.   0.00000000E+00   0.00000000E+00   0.00000000E+00   0.00000000E+00
  5.   65.   0.00000000E+00   0.00000000E+00   0.00000000E+00   0.00000000E+00
  6.    1.  -0.26954652E-03   0.00000000E+00  -0.17665071E-01   0.00000000E+00
  6.    2.  -0.15947598E-03  -0.41078881E-03  -0.17063149E-01   0.00000000E+00
  6.    3.   0.14124230E-03  -0.71150710E-03  -0.15298401E-01   0.00000000E+00
  6.    4.   0.55203111E-03  -0.82157763E-03  -0.12491092E-01   0.00000000E+00
  6.    5.   0.96281993E-03  -0.71150710E-03  -0.88325357E-02   0.00000000E+00
  6.    6.   0.12635382E-02  -0.41078882E-03  -0.45720569E-02   0.00000000E+00
  6.    7.   0.13736087E-02  -0.19401461E-11  -0.20823999E-10   0.00000000E+00
  6.    8.   0.12635382E-02   0.41078881E-03   0.45720569E-02   0.00000000E+00
  6.    9.   0.96281993E-03   0.71150710E-03   0.88325356E-02   0.00000000E+00
  6.   10.   0.55203112E-03   0.82157763E-03   0.12491092E-01   0.00000000E+00
  6.   11.   0.14124230E-03   0.71150710E-03   0.15298401E-01   0.00000000E+00
  6.   12.  -0.15947598E-03   0.41078882E-03   0.17063149E-01   0.00000000E+00
  6.   13.  -0.26954652E-03   0.00000000E+00   0.17665071E-01   0.00000000E+00
  6.   14.  -0.18754212E-02   0.00000000E+00   0.12433294E-02   0.00000000E+00
  6.   15.  -0.17530760E-02  -0.45659841E-03   0.12009640E-02   0.00000000E+00
  6.   16.  -0.14188228E-02  -0.79085164E-03   0.10767549E-02   0.00000000E+00
  6.   17.  -0.96222438E-03  -0.91319682E-03   0.87916666E-03   0.00000000E+00
  6.   18.  -0.50562597E-03  -0.79085164E-03   0.62166471E-03   0.00000000E+00
  6.   19.  -0.17137274E-03  -0.45659841E-03   0.32179733E-03   0.00000000E+00
  6.   20.  -0.49027561E-04  -0.21542012E-11   0.14904545E-11   0.00000000E+00
  6.   21.  -0.17137273E-03   0.45659841E-03  -0.32179733E-03   0.00000000E+00
  6.   22.  -0.50562597E-03   0.79085164E-03  -0.62166471E-03   0.00000000E+00
  6.   23.  -0.96222438E-03   0.91319682E-03  -0.87916666E-03   0.00000000E+00
  6.   24.  -0.14188228E-02   0.79085165E-03  -0.10767549E-02   0.00000000E+00
  6.   25.  -0.17530760E-02   0.45659841E-03  -0.12009640E-02   0.00000000E+00
  6.   26.  -0.18754212E-02   0.00000000E+00  -0.12433294E-02   0.00000000E+00
  6.   27.   0.61102142E-03   0.00000000E+00   0.10282658E-01   0.00000000E+00
  6.   28.   0.55194857E-03   0.22046287E-03   0.99322851E-02   0.00000000E+00
  6.   29.   0.39055854E-03   0.38185290E-03   0.89050432E-02   0.00000000E+00
  6.   30.   0.17009567E-03   0.44092574E-03   0.72709373E-02   0.00000000E+00
  6.   31.  -0.50367199E-04   0.38185290E-03   0.51413291E-02   0.00000000E+00
  6.   32.  -0.21175722E-03   0.22046287E-03   0.26613478E-02   0.00000000E+00
  6.   33.  -0.27083007E-03   0.10414935E-11   0.12141724E-10   0.00000000E+00
  6.   34.  -0.21175722E-03  -0.22046287E-03  -0.26613477E-02   0.00000000E+00
  6.   35.  -0.50367201E-04  -0.38185289E-03  -0.51413291E-02   0.00000000E+00
  6.   36.   0.17009567E-03  -0.44092574E-03  -0.72709373E-02   0.00000000E+00
  6.   37.   0.39055854E-03  -0.38185290E-03  -0.89050432E-02   0.00000000E+00
  6.   38.   0.55194857E-03  -0.22046287E-03  -0.99322850E-02   0.00000000E+00
  6.   39.   0.61102142E-03   0.00000000E+00  -0.10282658E-01   0.00000000E+00
  6.   40.   0.00000000E+00   0.00000000E+00   0.00000000E+00   0.00000000E+00
  6.   41.   0.00000000E+00   0.00000000E+00   0.00000000E+00   0.00000000E+00
  6.   42.   0.00000000E+00   0.00000000E+00   0.00000000E+00   0.00000000E+00
  6.   43.   0.00000000E+00   0.00000000E+00   0.00000000E+00   0.00000000E+00
  6.   44.   0.00000000E+00   0.00000000E+00   0.00000000E+00   0.00000000E+00
  6.   45.   0.00000000E+00   0.00000000E+00   0.00000000E+00   0.00000000E+00
  6.   46.   0.00000000E+00   0.00000000E+00   0.00000000E+00   0.00000000E+00
  6.   47.   0.00000000E+00   0.00000000E+00   0.00000000E+00   0.00000000E+00
  6.   48.   0.00000000E+00   0.00000000E+00   0.00000000E+00   0.00000000E+00
  6.   49.   0.00000000E+00   0.00000000E+00   0.00000000E+00   0.00000000E+00
  6.   50.   0.00000000E+00   0.00000000E+00   0.00000000E+00   0.00000000E+00
  6.   51.   0.00000000E+00   0.00000000E+00   0.00000000E+00   0.00000000E+00
  6.   52.   0.00000000E+00   0.00000000E+00   0.00000000E+00   0.00000000E+00
  6.   53.   0.00000000E+00   0.00000000E+00   0.00000000E+00   0.00000000E+00
  6.   54.   0.00000000E+00   0.00000000E+00   0.00000000E+00   0.00000000E+00
  6.   55.   0.00000000E+00   0.00000000E+00   0.00000000E+00   0.00000000E+00
  6.   56.   0.00000000E+00   0.00000000E+00   0.00000000E+00   0.00000000E+00
  6.   57.   0.00000000E+00   0.00000000E+00   0.00000000E+00   0.00000000E+00
  6.   58.   0.00000000E+00   0.00000000E+00   0.00000000E+00   0.00000000E+00
  6.   59.   0.00000000E+00   0.00000000E+00   0.00000000E+00   0.00000000E+00
  6.   60.   0.00000000E+00   0.00000000E+00   0.00000000E+00   0.00000000E+00
  6.   61.   0.00000000E+00   0.00000000E+00   0.00000000E+00   0.00000000E+00
  6.   62.   0.00000000E+00   0.00000000E+00   0.00000000E+00   0.00000000E+00
  6.   63.   0.00000000E+00   0.00000000E+00   0.00000000E+00   0.00000000E+00
  6.   64.   0.00000000E+00   0.00000000E+00   0.00000000E+00   0.00000000E+00
  6.   65.   0.00000000E+00   0.00000000E+00   0.00000000E+00   0.00000000E+00
  7.    1.  -0.44736905E-03   0.00000000E+00   0.16309246E-02   0.00000000E+00
  7.    2.  -0.32956229E-03   0.36569258E-03   0.81546229E-03   0.00000000E+00
  7.    3.  -0.25547969E-04   0.49161943E-03  -0.81546229E-03   0.00000000E+00
  7.    4.   0.31633769E-03   0.31633769E-03  -0.16309246E-02   0.00000000E+00
  7.    5.   0.49161943E-03  -0.25547968E-04  -0.81546230E-03   0.00000000E+00
  7.    6.   0.36569258E-03  -0.32956229E-03   0.81546229E-03   0.00000000E+00
  7.    7.   0.18599397E-11  -0.44736905E-03   0.16309246E-02   0.00000000E+00
  7.    8.  -0.36569258E-03  -0.32956229E-03   0.81546230E-03   0.00000000E+00
  7.    9.  -0.49161943E-03  -0.25547971E-04  -0.81546229E-03   0.00000000E+00
  7.   10.  -0.31633769E-03   0.31633769E-03  -0.16309246E-02   0.00000000E+00
  7.   11.   0.25547966E-04   0.49161943E-03  -0.81546231E-03   0.00000000E+00
  7.   12.   0.32956229E-03   0.36569258E-03   0.81546228E-03   0.00000000E+00
  7.   13.   0.44736905E-03   0.00000000E+00   0.16309246E-02   0.00000000E+00
  7.   14.  -0.91246908E-03   0.00000000E+00   0.12151089E-01   0.00000000E+00
  7.   15.  -0.86781085E-03   0.14759593E-02   0.60755443E-02   0.00000000E+00
  7.   16.  -0.43002589E-03   0.16572958E-02  -0.60755443E-02   0.00000000E+00
  7.   17.   0.64521307E-03   0.64521307E-03  -0.12151089E-01   0.00000000E+00
  7.   18.   0.16572958E-02  -0.43002589E-03  -0.60755443E-02   0.00000000E+00
  7.   19.   0.14759593E-02  -0.86781085E-03   0.60755443E-02   0.00000000E+00
  7.   20.   0.79168862E-11  -0.91246908E-03   0.12151089E-01   0.00000000E+00
  7.   21.  -0.14759593E-02  -0.86781085E-03   0.60755444E-02   0.00000000E+00
  7.   22.  -0.16572958E-02  -0.43002590E-03  -0.60755442E-02   0.00000000E+00
  7.   23.  -0.64521308E-03   0.64521306E-03  -0.12151089E-01   0.00000000E+00
  7.   24.   0.43002589E-03   0.16572958E-02  -0.60755444E-02   0.00000000E+00
  7.   25.   0.86781085E-03   0.14759593E-02   0.60755442E-02   0.00000000E+00
  7.   26.   0.91246908E-03   0.00000000E+00   0.12151089E-01   0.00000000E+00
  7.   27.   0.94509400E-03   0.00000000E+00   0.13217516E-01   0.00000000E+00
  7.   28.   0.14514096E-03   0.12841080E-02   0.66087578E-02   0.00000000E+00
  7.   29.  -0.10106316E-02   0.80537129E-03  -0.66087577E-02   0.00000000E+00
  7.   30.  -0.66828238E-03  -0.66828238E-03  -0.13217516E-01   0.00000000E+00
  7.   31.   0.80537128E-03  -0.10106316E-02  -0.66087578E-02   0.00000000E+00
  7.   32.   0.12841080E-02   0.14514096E-03   0.66087577E-02   0.00000000E+00
  7.   33.   0.76789603E-11   0.94509400E-03   0.13217516E-01   0.00000000E+00
  7.   34.  -0.12841080E-02   0.14514097E-03   0.66087578E-02   0.00000000E+00
  7.   35.  -0.80537130E-03  -0.10106316E-02  -0.66087577E-02   0.00000000E+00
  7.   36.   0.66828237E-03  -0.66828239E-03  -0.13217516E-01   0.00000000E+00
  7.   37.   0.10106316E-02   0.80537128E-03  -0.66087578E-02   0.00000000E+00
  7.   38.  -0.14514095E-03   0.12841080E-02   0.66087576E-02   0.00000000E+00
  7.   39.  -0.94509400E-03   0.00000000E+00   0.13217516E-01   0.00000000E+00
  7.   40.   0.00000000E+00   0.00000000E+00   0.00000000E+00   0.00000000E+00
  7.   41.   0.00000000E+00   0.00000000E+00   0.00000000E+00   0.00000000E+00
  7.   42.   0.00000000E+00   0.00000000E+00   0.00000000E+00   0.00000000E+00
  7.   43.   0.00000000E+00   0.00000000E+00   0.00000000E+00   0.00000000E+00
  7.   44.   0.00000000E+00   0.00000000E+00   0.00000000E+00   0.00000000E+00
  7.   45.   0.00000000E+00   0.00000000E+00   0.00000000E+00   0.00000000E+00
  7.   46.   0.00000000E+00   0.00000000E+00   0.00000000E+00   0.00000000E+00
  7.   47.   0.00000000E+00   0.00000000E+00   0.00000000E+00   0.00000000E+00
  7.   48.   0.00000000E+00   0.00000000E+00   0.00000000E+00   0.00000000E+00
  7.   49.   0.00000000E+00   0.00000000E+00   0.00000000E+00   0.00000000E+00
  7.   50.   0.00000000E+00   0.00000000E+00   0.00000000E+00   0.00000000E+00
  7.   51.   0.00000000E+00   0.00000000E+00   0.00000000E+00   0.00000000E+00
  7.   52.   0.00000000E+00   0.00000000E+00   0.00000000E+00   0.00000000E+00
  7.   53.   0.00000000E+00   0.00000000E+00   0.00000000E+00   0.00000000E+00
  7.   54.   0.00000000E+00   0.00000000E+00   0.00000000E+00   0.00000000E+00
  7.   55.   0.00000000E+00   0.00000000E+00   0.00000000E+00   0.00000000E+00
  7.   56.   0.00000000E+00   0.00000000E+00   0.00000000E+00   0.00000000E+00
  7.   57.   0.00000000E+00   0.00000000E+00   0.00000000E+00   0.00000000E+00
  7.   58.   0.00000000E+00   0.00000000E+00   0.00000000E+00   0.00000000E+00
  7.   59.   0.00000000E+00   0.00000000E+00   0.00000000E+00   0.00000000E+00
  7.   60.   0.00000000E+00   0.00000000E+00   0.00000000E+00   0.00000000E+00
  7.   61.   0.00000000E+00   0.00000000E+00   0.00000000E+00   0.00000000E+00
  7.   62.   0.00000000E+00   0.00000000E+00   0.00000000E+00   0.00000000E+00
  7.   63.   0.00000000E+00   0.00000000E+00   0.00000000E+00   0.00000000E+00
  7.   64.   0.00000000E+00   0.00000000E+00   0.00000000E+00   0.00000000E+00
  7.   65.   0.00000000E+00   0.00000000E+00   0.00000000E+00   0.00000000E+00
  8.    1.  -0.81074524E-03   0.00000000E+00   0.10843271E-01   0.00000000E+00
  8.    2.  -0.89532763E-03   0.62860177E-03   0.93905482E-02   0.00000000E+00
  8.    3.  -0.10775808E-02   0.10556795E-02   0.54216356E-02   0.00000000E+00
  8.    4.  -0.11863986E-02   0.11863986E-02   0.14810051E-10   0.00000000E+00
  8.    5.  -0.10556795E-02   0.10775808E-02  -0.54216355E-02   0.00000000E+00
  8.    6.  -0.62860177E-03   0.89532763E-03  -0.93905482E-02   0.00000000E+00
  8.    7.  -0.30004619E-11   0.81074524E-03  -0.10843271E-01   0.00000000E+00
  8.    8.   0.62860176E-03   0.89532763E-03  -0.93905483E-02   0.00000000E+00
  8.    9.   0.10556795E-02   0.10775808E-02  -0.54216356E-02   0.00000000E+00
  8.   10.   0.11863986E-02   0.11863986E-02  -0.35461389E-10   0.00000000E+00
  8.   11.   0.10775808E-02   0.10556795E-02   0.54216355E-02   0.00000000E+00
  8.   12.   0.89532763E-03   0.62860177E-03   0.93905482E-02   0.00000000E+00
  8.   13.   0.81074524E-03   0.00000000E+00   0.10843271E-01   0.00000000E+00
  8.   14.   0.15900378E-02   0.00000000E+00   0.45362463E-02   0.00000000E+00
  8.   15.   0.12842489E-02   0.52748774E-03   0.39285046E-02   0.00000000E+00
  8.   16.   0.53511097E-03   0.66319836E-03   0.22681232E-02   0.00000000E+00
  8.   17.  -0.25049392E-03   0.25049392E-03   0.60501265E-11   0.00000000E+00
  8.   18.  -0.66319836E-03  -0.53511097E-03  -0.22681232E-02   0.00000000E+00
  8.   19.  -0.52748774E-03  -0.12842489E-02  -0.39285046E-02   0.00000000E+00
  8.   20.  -0.27075113E-11  -0.15900378E-02  -0.45362463E-02   0.00000000E+00
  8.   21.   0.52748774E-03  -0.12842489E-02  -0.39285046E-02   0.00000000E+00
  8.   22.   0.66319836E-03  -0.53511098E-03  -0.22681232E-02   0.00000000E+00
  8.   23.   0.25049392E-03   0.25049391E-03  -0.15015318E-10   0.00000000E+00
  8.   24.  -0.53511096E-03   0.66319836E-03   0.22681231E-02   0.00000000E+00
  8.   25.  -0.12842489E-02   0.52748774E-03   0.39285045E-02   0.00000000E+00
  8.   26.  -0.15900378E-02   0.00000000E+00   0.45362463E-02   0.00000000E+00
  8.   27.  -0.16588608E-03   0.00000000E+00  -0.84945028E-02   0.00000000E+00
  8.   28.  -0.81171479E-04  -0.25212955E-03  -0.73564552E-02   0.00000000E+00
  8.   29.   0.12088561E-03  -0.37526610E-03  -0.42472514E-02   0.00000000E+00
  8.   30.   0.31470455E-03  -0.31470455E-03  -0.11213860E-10   0.00000000E+00
  8.   31.   0.37526610E-03  -0.12088561E-03   0.42472514E-02   0.00000000E+00
  8.   32.   0.25212955E-03   0.81171478E-04   0.73564552E-02   0.00000000E+00
  8.   33.   0.12515604E-11   0.16588608E-03   0.84945028E-02   0.00000000E+00
  8.   34.  -0.25212955E-03   0.81171480E-04   0.73564552E-02   0.00000000E+00
  8.   35.  -0.37526610E-03  -0.12088561E-03   0.42472514E-02   0.00000000E+00
  8.   36.  -0.31470455E-03  -0.31470455E-03   0.28120392E-10   0.00000000E+00
  8.   37.  -0.12088561E-03  -0.37526610E-03  -0.42472514E-02   0.00000000E+00
  8.   38.   0.81171477E-04  -0.25212955E-03  -0.73564552E-02   0.00000000E+00
  8.   39.   0.16588608E-03   0.00000000E+00  -0.84945028E-02   0.00000000E+00
  8.   40.   0.00000000E+00   0.00000000E+00   0.00000000E+00   0.00000000E+00
  8.   41.   0.00000000E+00   0.00000000E+00   0.00000000E+00   0.00000000E+00
  8.   42.   0.00000000E+00   0.00000000E+00   0.00000000E+00   0.00000000E+00
  8.   43.   0.00000000E+00   0.00000000E+00   0.00000000E+00   0.00000000E+00
  8.   44.   0.00000000E+00   0.00000000E+00   0.00000000E+00   0.00000000E+00
  8.   45.   0.00000000E+00   0.00000000E+00   0.00000000E+00   0.00000000E+00
  8.   46.   0.00000000E+00   0.00000000E+00   0.00000000E+00   0.00000000E+00
  8.   47.   0.00000000E+00   0.00000000E+00   0.00000000E+00   0.00000000E+00
  8.   48.   0.00000000E+00   0.00000000E+00   0.00000000E+00   0.00000000E+00
  8.   49.   0.00000000E+00   0.00000000E+00   0.00000000E+00   0.00000000E+00
  8.   50.   0.00000000E+00   0.00000000E+00   0.00000000E+00   0.00000000E+00
  8.   51.   0.00000000E+00   0.00000000E+00   0.00000000E+00   0.00000000E+00
  8.   52.   0.00000000E+00   0.00000000E+00   0.00000000E+00   0.00000000E+00
  8.   53.   0.00000000E+00   0.00000000E+00   0.00000000E+00   0.00000000E+00
  8.   54.   0.00000000E+00   0.00000000E+00   0.00000000E+00   0.00000000E+00
  8.   55.   0.00000000E+00   0.00000000E+00   0.00000000E+00   0.00000000E+00
  8.   56.   0.00000000E+00   0.00000000E+00   0.00000000E+00   0.00000000E+00
  8.   57.   0.00000000E+00   0.00000000E+00   0.00000000E+00   0.00000000E+00
  8.   58.   0.00000000E+00   0.00000000E+00   0.00000000E+00   0.00000000E+00
  8.   59.   0.00000000E+00   0.00000000E+00   0.00000000E+00   0.00000000E+00
  8.   60.   0.00000000E+00   0.00000000E+00   0.00000000E+00   0.00000000E+00
  8.   61.   0.00000000E+00   0.00000000E+00   0.00000000E+00   0.00000000E+00
  8.   62.   0.00000000E+00   0.00000000E+00   0.00000000E+00   0.00000000E+00
  8.   63.   0.00000000E+00   0.00000000E+00   0.00000000E+00   0.00000000E+00
  8.   64.   0.00000000E+00   0.00000000E+00   0.00000000E+00   0.00000000E+00
  8.   65.   0.00000000E+00   0.00000000E+00   0.00000000E+00   0.00000000E+00
  9.    1.   0.10980841E-02   0.00000000E+00   0.64643231E-04   0.00000000E+00
  9.    2.   0.10606678E-02   0.28420508E-03   0.64643231E-04   0.00000000E+00
  9.    3.   0.95096872E-03   0.54904204E-03   0.64643231E-04   0.00000000E+00
  9.    4.   0.77646271E-03   0.77646270E-03   0.64643231E-04   0.00000000E+00
  9.    5.   0.54904205E-03   0.95096872E-03   0.64643231E-04   0.00000000E+00
  9.    6.   0.28420508E-03   0.10606678E-02   0.64643231E-04   0.00000000E+00
  9.    7.   0.12955044E-11   0.10980841E-02   0.64643231E-04   0.00000000E+00
  9.    8.  -0.28420507E-03   0.10606678E-02   0.64643231E-04   0.00000000E+00
  9.    9.  -0.54904204E-03   0.95096872E-03   0.64643231E-04   0.00000000E+00
  9.   10.  -0.77646270E-03   0.77646271E-03   0.64643231E-04   0.00000000E+00
  9.   11.  -0.95096872E-03   0.54904205E-03   0.64643231E-04   0.00000000E+00
  9.   12.  -0.10606678E-02   0.28420508E-03   0.64643231E-04   0.00000000E+00
  9.   13.  -0.10980841E-02   0.00000000E+00   0.64643231E-04   0.00000000E+00
  9.   14.  -0.61142793E-03   0.00000000E+00  -0.28976880E-02   0.00000000E+00
  9.   15.  -0.59059403E-03  -0.15824919E-03  -0.28976880E-02   0.00000000E+00
  9.   16.  -0.52951212E-03  -0.30571396E-03  -0.28976880E-02   0.00000000E+00
  9.   17.  -0.43234484E-03  -0.43234484E-03  -0.28976880E-02   0.00000000E+00
  9.   18.  -0.30571397E-03  -0.52951212E-03  -0.28976880E-02   0.00000000E+00
  9.   19.  -0.15824919E-03  -0.59059403E-03  -0.28976880E-02   0.00000000E+00
  9.   20.  -0.71626613E-12  -0.61142793E-03  -0.28976880E-02   0.00000000E+00
  9.   21.   0.15824919E-03  -0.59059403E-03  -0.28976880E-02   0.00000000E+00
  9.   22.   0.30571396E-03  -0.52951212E-03  -0.28976880E-02   0.00000000E+00
  9.   23.   0.43234483E-03  -0.43234484E-03  -0.28976880E-02   0.00000000E+00
  9.   24.   0.52951212E-03  -0.30571397E-03  -0.28976880E-02   0.00000000E+00
  9.   25.   0.59059403E-03  -0.15824919E-03  -0.28976880E-02   0.00000000E+00
  9.   26.   0.61142793E-03   0.00000000E+00  -0.28976880E-02   0.00000000E+00
  9.   27.   0.34782827E-05   0.00000000E+00   0.36494149E-02   0.00000000E+00
  9.   28.   0.33597631E-05   0.90024580E-06   0.36494149E-02   0.00000000E+00
  9.   29.   0.30122812E-05   0.17391413E-05   0.36494149E-02   0.00000000E+00
  9.   30.   0.24595173E-05   0.24595173E-05   0.36494149E-02   0.00000000E+00
  9.   31.   0.17391413E-05   0.30122812E-05   0.36494149E-02   0.00000000E+00
  9.   32.   0.90024579E-06   0.33597630E-05   0.36494149E-02   0.00000000E+00
  9.   33.   0.98187461E-14   0.34782827E-05   0.36494149E-02   0.00000000E+00
  9.   34.  -0.90024578E-06   0.33597631E-05   0.36494149E-02   0.00000000E+00
  9.   35.  -0.17391413E-05   0.30122812E-05   0.36494149E-02   0.00000000E+00
  9.   36.  -0.24595172E-05   0.24595173E-05   0.36494149E-02   0.00000000E+00
  9.   37.  -0.30122811E-05   0.17391414E-05   0.36494149E-02   0.00000000E+00
  9.   38.  -0.33597631E-05   0.90024582E-06   0.36494149E-02   0.00000000E+00
  9.   39.  -0.34782827E-05   0.00000000E+00   0.36494149E-02   0.00000000E+00
  9.   40.   0.00000000E+00   0.00000000E+00   0.00000000E+00   0.00000000E+00
  9.   41.   0.00000000E+00   0.00000000E+00   0.00000000E+00   0.00000000E+00
  9.   42.   0.00000000E+00   0.00000000E+00   0.00000000E+00   0.00000000E+00
  9.   43.   0.00000000E+00   0.00000000E+00   0.00000000E+00   0.00000000E+00
  9.   44.   0.00000000E+00   0.00000000E+00   0.00000000E+00   0.00000000E+00
  9.   45.   0.00000000E+00   0.00000000E+00   0.00000000E+00   0.00000000E+00
  9.   46.   0.00000000E+00   0.00000000E+00   0.00000000E+00   0.00000000E+00
  9.   47.   0.00000000E+00   0.00000000E+00   0.00000000E+00   0.00000000E+00
  9.   48.   0.00000000E+00   0.00000000E+00   0.00000000E+00   0.00000000E+00
  9.   49.   0.00000000E+00   0.00000000E+00   0.00000000E+00   0.00000000E+00
  9.   50.   0.00000000E+00   0.00000000E+00   0.00000000E+00   0.00000000E+00
  9.   51.   0.00000000E+00   0.00000000E+00   0.00000000E+00   0.00000000E+00
  9.   52.   0.00000000E+00   0.00000000E+00   0.00000000E+00   0.00000000E+00
  9.   53.   0.00000000E+00   0.00000000E+00   0.00000000E+00   0.00000000E+00
  9.   54.   0.00000000E+00   0.00000000E+00   0.00000000E+00   0.00000000E+00
  9.   55.   0.00000000E+00   0.00000000E+00   0.00000000E+00   0.00000000E+00
  9.   56.   0.00000000E+00   0.00000000E+00   0.00000000E+00   0.00000000E+00
  9.   57.   0.00000000E+00   0.00000000E+00   0.00000000E+00   0.00000000E+00
  9.   58.   0.00000000E+00   0.00000000E+00   0.00000000E+00   0.00000000E+00
  9.   59.   0.00000000E+00   0.00000000E+00   0.00000000E+00   0.00000000E+00
  9.   60.   0.00000000E+00   0.00000000E+00   0.00000000E+00   0.00000000E+00
  9.   61.   0.00000000E+00   0.00000000E+00   0.00000000E+00   0.00000000E+00
  9.   62.   0.00000000E+00   0.00000000E+00   0.00000000E+00   0.00000000E+00
  9.   63.   0.00000000E+00   0.00000000E+00   0.00000000E+00   0.00000000E+00
  9.   64.   0.00000000E+00   0.00000000E+00   0.00000000E+00   0.00000000E+00
  9.   65.   0.00000000E+00   0.00000000E+00   0.00000000E+00   0.00000000E+00
 10.    1.   0.18315348E-03   0.00000000E+00  -0.52797516E-03   0.00000000E+00
 10.    2.   0.96777265E-04  -0.17802419E-03  -0.13665003E-03   0.00000000E+00
 10.    3.  -0.86376218E-04  -0.16762314E-03   0.45723990E-03   0.00000000E+00
 10.    4.  -0.19355453E-03   0.10401046E-04   0.37333482E-03   0.00000000E+00
 10.    5.  -0.10717831E-03   0.16762314E-03  -0.26398758E-03   0.00000000E+00
 10.    6.   0.96777264E-04   0.15722209E-03  -0.50998484E-03   0.00000000E+00
 10.    7.   0.20395558E-03   0.82548213E-12  -0.30822162E-11   0.00000000E+00
 10.    8.   0.96777266E-04  -0.15722209E-03   0.50998484E-03   0.00000000E+00
 10.    9.  -0.10717831E-03  -0.16762314E-03   0.26398758E-03   0.00000000E+00
 10.   10.  -0.19355453E-03  -0.10401048E-04  -0.37333481E-03   0.00000000E+00
 10.   11.  -0.86376220E-04   0.16762314E-03  -0.45723991E-03   0.00000000E+00
 10.   12.   0.96777263E-04   0.17802419E-03   0.13665002E-03   0.00000000E+00
 10.   13.   0.18315348E-03   0.00000000E+00   0.52797516E-03   0.00000000E+00
 10.   14.   0.79321070E-03   0.00000000E+00  -0.73590093E-02   0.00000000E+00
 10.   15.   0.55733488E-03  -0.12867914E-02  -0.19046518E-02   0.00000000E+00
 10.   16.  -0.23587582E-03  -0.96533233E-03   0.63730890E-02   0.00000000E+00
 10.   17.  -0.11146698E-02   0.32145906E-03   0.52036054E-02   0.00000000E+00
 10.   18.  -0.87879395E-03   0.96533233E-03  -0.36795046E-02   0.00000000E+00
 10.   19.   0.55733488E-03   0.64387327E-03  -0.71082572E-02   0.00000000E+00
 10.   20.   0.14361288E-02   0.29950189E-11  -0.43356999E-10   0.00000000E+00
 10.   21.   0.55733489E-03  -0.64387326E-03   0.71082572E-02   0.00000000E+00
 10.   22.  -0.87879394E-03  -0.96533233E-03   0.36795047E-02   0.00000000E+00
 10.   23.  -0.11146698E-02  -0.32145907E-03  -0.52036054E-02   0.00000000E+00
 10.   24.  -0.23587582E-03   0.96533232E-03  -0.63730891E-02   0.00000000E+00
 10.   25.   0.55733488E-03   0.12867914E-02   0.19046517E-02   0.00000000E+00
 10.   26.   0.79321070E-03   0.00000000E+00   0.73590093E-02   0.00000000E+00
 10.   27.  -0.58679311E-03   0.00000000E+00  -0.10882680E-01   0.00000000E+00
 10.   28.   0.20896525E-03  -0.13666621E-02  -0.28166450E-02   0.00000000E+00
 10.   29.   0.79575837E-03  -0.36193844E-03   0.94246778E-02   0.00000000E+00
 10.   30.  -0.41793051E-03   0.10047236E-02   0.76952172E-02   0.00000000E+00
 10.   31.  -0.12136889E-02   0.36193844E-03  -0.54413402E-02   0.00000000E+00
 10.   32.   0.20896525E-03  -0.64278518E-03  -0.10511862E-01   0.00000000E+00
 10.   33.   0.14226541E-02  -0.51393269E-11  -0.64241354E-10   0.00000000E+00
 10.   34.   0.20896527E-03   0.64278518E-03   0.10511862E-01   0.00000000E+00
 10.   35.  -0.12136889E-02  -0.36193843E-03   0.54413403E-02   0.00000000E+00
 10.   36.  -0.41793052E-03  -0.10047236E-02  -0.76952171E-02   0.00000000E+00
 10.   37.   0.79575836E-03   0.36193842E-03  -0.94246778E-02   0.00000000E+00
 10.   38.   0.20896527E-03   0.13666621E-02   0.28166449E-02   0.00000000E+00
 10.   39.  -0.58679311E-03   0.00000000E+00   0.10882680E-01   0.00000000E+00
 10.   40.   0.00000000E+00   0.00000000E+00   0.00000000E+00   0.00000000E+00
 10.   41.   0.00000000E+00   0.00000000E+00   0.00000000E+00   0.00000000E+00
 10.   42.   0.00000000E+00   0.00000000E+00   0.00000000E+00   0.00000000E+00
 10.   43.   0.00000000E+00   0.00000000E+00   0.00000000E+00   0.00000000E+00
 10.   44.   0.00000000E+00   0.00000000E+00   0.00000000E+00   0.00000000E+00
 10.   45.   0.00000000E+00   0.00000000E+00   0.00000000E+00   0.00000000E+00
 10.   46.   0.00000000E+00   0.00000000E+00   0.00000000E+00   0.00000000E+00
 10.   47.   0.00000000E+00   0.00000000E+00   0.00000000E+00   0.00000000E+00
 10.   48.   0.00000000E+00   0.00000000E+00   0.00000000E+00   0.00000000E+00
 10.   49.   0.00000000E+00   0.00000000E+00   0.00000000E+00   0.00000000E+00
 10.   50.   0.00000000E+00   0.00000000E+00   0.00000000E+00   0.00000000E+00
 10.   51.   0.00000000E+00   0.00000000E+00   0.00000000E+00   0.00000000E+00
 10.   52.   0.00000000E+00   0.00000000E+00   0.00000000E+00   0.00000000E+00
 10.   53.   0.00000000E+00   0.00000000E+00   0.00000000E+00   0.00000000E+00
 10.   54.   0.00000000E+00   0.00000000E+00   0.00000000E+00   0.00000000E+00
 10.   55.   0.00000000E+00   0.00000000E+00   0.00000000E+00   0.00000000E+00
 10.   56.   0.00000000E+00   0.00000000E+00   0.00000000E+00   0.00000000E+00
 10.   57.   0.00000000E+00   0.00000000E+00   0.00000000E+00   0.00000000E+00
 10.   58.   0.00000000E+00   0.00000000E+00   0.00000000E+00   0.00000000E+00
 10.   59.   0.00000000E+00   0.00000000E+00   0.00000000E+00   0.00000000E+00
 10.   60.   0.00000000E+00   0.00000000E+00   0.00000000E+00   0.00000000E+00
 10.   61.   0.00000000E+00   0.00000000E+00   0.00000000E+00   0.00000000E+00
 10.   62.   0.00000000E+00   0.00000000E+00   0.00000000E+00   0.00000000E+00
 10.   63.   0.00000000E+00   0.00000000E+00   0.00000000E+00   0.00000000E+00
 10.   64.   0.00000000E+00   0.00000000E+00   0.00000000E+00   0.00000000E+00
 10.   65.   0.00000000E+00   0.00000000E+00   0.00000000E+00   0.00000000E+00
 11.    1.   0.84777874E-03   0.00000000E+00  -0.54654772E-02   0.00000000E+00
 11.    2.   0.80992263E-03  -0.70649783E-03  -0.38646760E-02   0.00000000E+00
 11.    3.   0.63077312E-03  -0.10925311E-02  -0.30232024E-11   0.00000000E+00
 11.    4.   0.20688375E-03  -0.10546625E-02   0.38646759E-02   0.00000000E+00
 11.    5.  -0.42388937E-03  -0.73419793E-03   0.54654772E-02   0.00000000E+00
 11.    6.  -0.10168064E-02  -0.34816466E-03   0.38646760E-02   0.00000000E+00
 11.    7.  -0.12615462E-02  -0.15124406E-11   0.19339277E-10   0.00000000E+00
 11.    8.  -0.10168064E-02   0.34816466E-03  -0.38646759E-02   0.00000000E+00
 11.    9.  -0.42388937E-03   0.73419792E-03  -0.54654772E-02   0.00000000E+00
 11.   10.   0.20688375E-03   0.10546625E-02  -0.38646760E-02   0.00000000E+00
 11.   11.   0.63077312E-03   0.10925311E-02  -0.35030390E-10   0.00000000E+00
 11.   12.   0.80992263E-03   0.70649784E-03   0.38646759E-02   0.00000000E+00
 11.   13.   0.84777874E-03   0.00000000E+00   0.54654772E-02   0.00000000E+00
 11.   14.  -0.10247827E-02   0.00000000E+00  -0.67168886E-02   0.00000000E+00
 11.   15.  -0.55668168E-03  -0.72219395E-03  -0.47495575E-02   0.00000000E+00
 11.   16.   0.39138782E-03  -0.67790360E-03  -0.33611306E-11   0.00000000E+00
 11.   17.   0.90377915E-03   0.12100350E-03   0.47495575E-02   0.00000000E+00
 11.   18.   0.51239133E-03   0.88748781E-03   0.67168886E-02   0.00000000E+00
 11.   19.  -0.34709746E-03   0.84319746E-03   0.47495575E-02   0.00000000E+00
 11.   20.  -0.78277565E-03   0.45479435E-11   0.23782144E-10   0.00000000E+00
 11.   21.  -0.34709747E-03  -0.84319745E-03  -0.47495574E-02   0.00000000E+00
 11.   22.   0.51239132E-03  -0.88748781E-03  -0.67168886E-02   0.00000000E+00
 11.   23.   0.90377915E-03  -0.12100351E-03  -0.47495575E-02   0.00000000E+00
 11.   24.   0.39138783E-03   0.67790359E-03  -0.43378003E-10   0.00000000E+00
 11.   25.  -0.55668168E-03   0.72219396E-03   0.47495574E-02   0.00000000E+00
 11.   26.  -0.10247827E-02   0.00000000E+00   0.67168886E-02   0.00000000E+00
 11.   27.  -0.18130239E-03   0.00000000E+00   0.66521268E-02   0.00000000E+00
 11.   28.  -0.21896094E-03   0.32184601E-03   0.47037639E-02   0.00000000E+00
 11.   29.  -0.25989754E-03   0.45015575E-03   0.33329593E-11   0.00000000E+00
 11.   30.  -0.16924635E-03   0.35054874E-03  -0.47037639E-02   0.00000000E+00
 11.   31.   0.90651194E-04   0.15701248E-03  -0.66521268E-02   0.00000000E+00
 11.   32.   0.38820729E-03   0.28702732E-04  -0.47037639E-02   0.00000000E+00
 11.   33.   0.51979509E-03   0.29135290E-13  -0.23514125E-10   0.00000000E+00
 11.   34.   0.38820729E-03  -0.28702731E-04   0.47037639E-02   0.00000000E+00
 11.   35.   0.90651197E-04  -0.15701247E-03   0.66521268E-02   0.00000000E+00
 11.   36.  -0.16924635E-03  -0.35054874E-03   0.47037640E-02   0.00000000E+00
 11.   37.  -0.25989754E-03  -0.45015575E-03   0.43057285E-10   0.00000000E+00
 11.   38.  -0.21896094E-03  -0.32184601E-03  -0.47037639E-02   0.00000000E+00
 11.   39.  -0.18130239E-03   0.00000000E+00  -0.66521268E-02   0.00000000E+00
 11.   40.   0.00000000E+00   0.00000000E+00   0.00000000E+00   0.00000000E+00
 11.   41.   0.00000000E+00   0.00000000E+00   0.00000000E+00   0.00000000E+00
 11.   42.   0.00000000E+00   0.00000000E+00   0.00000000E+00   0.00000000E+00
 11.   43.   0.00000000E+00   0.00000000E+00   0.00000000E+00   0.00000000E+00
 11.   44.   0.00000000E+00   0.00000000E+00   0.00000000E+00   0.00000000E+00
 11.   45.   0.00000000E+00   0.00000000E+00   0.00000000E+00   0.00000000E+00
 11.   46.   0.00000000E+00   0.00000000E+00   0.00000000E+00   0.00000000E+00
 11.   47.   0.00000000E+00   0.00000000E+00   0.00000000E+00   0.00000000E+00
 11.   48.   0.00000000E+00   0.00000000E+00   0.00000000E+00   0.00000000E+00
 11.   49.   0.00000000E+00   0.00000000E+00   0.00000000E+00   0.00000000E+00
 11.   50.   0.00000000E+00   0.00000000E+00   0.00000000E+00   0.00000000E+00
 11.   51.   0.00000000E+00   0.00000000E+00   0.00000000E+00   0.00000000E+00
 11.   52.   0.00000000E+00   0.00000000E+00   0.00000000E+00   0.00000000E+00
 11.   53.   0.00000000E+00   0.00000000E+00   0.00000000E+00   0.00000000E+00
 11.   54.   0.00000000E+00   0.00000000E+00   0.00000000E+00   0.00000000E+00
 11.   55.   0.00000000E+00   0.00000000E+00   0.00000000E+00   0.00000000E+00
 11.   56.   0.00000000E+00   0.00000000E+00   0.00000000E+00   0.00000000E+00
 11.   57.   0.00000000E+00   0.00000000E+00   0.00000000E+00   0.00000000E+00
 11.   58.   0.00000000E+00   0.00000000E+00   0.00000000E+00   0.00000000E+00
 11.   59.   0.00000000E+00   0.00000000E+00   0.00000000E+00   0.00000000E+00
 11.   60.   0.00000000E+00   0.00000000E+00   0.00000000E+00   0.00000000E+00
 11.   61.   0.00000000E+00   0.00000000E+00   0.00000000E+00   0.00000000E+00
 11.   62.   0.00000000E+00   0.00000000E+00   0.00000000E+00   0.00000000E+00
 11.   63.   0.00000000E+00   0.00000000E+00   0.00000000E+00   0.00000000E+00
 11.   64.   0.00000000E+00   0.00000000E+00   0.00000000E+00   0.00000000E+00
 11.   65.   0.00000000E+00   0.00000000E+00   0.00000000E+00   0.00000000E+00
 12.    1.  -0.71762117E-04   0.00000000E+00   0.17158654E-03   0.00000000E+00
 12.    2.  -0.20478439E-04   0.76426574E-04   0.10868148E-12   0.00000000E+00
 12.    3.   0.62147817E-04   0.35881059E-04  -0.17158654E-03   0.00000000E+00
 12.    4.   0.55948135E-04  -0.55948135E-04  -0.70803965E-12   0.00000000E+00
 12.    5.  -0.35881058E-04  -0.62147817E-04   0.17158654E-03   0.00000000E+00
 12.    6.  -0.76426574E-04   0.20478438E-04   0.84158013E-12   0.00000000E+00
 12.    7.  -0.48023861E-12   0.71762117E-04  -0.17158654E-03   0.00000000E+00
 12.    8.   0.76426573E-04   0.20478439E-04  -0.15765752E-11   0.00000000E+00
 12.    9.   0.35881059E-04  -0.62147816E-04   0.17158654E-03   0.00000000E+00
 12.   10.  -0.55948134E-04  -0.55948135E-04   0.16438112E-11   0.00000000E+00
 12.   11.  -0.62147817E-04   0.35881058E-04  -0.17158654E-03   0.00000000E+00
 12.   12.   0.20478438E-04   0.76426574E-04  -0.22479011E-11   0.00000000E+00
 12.   13.   0.71762117E-04   0.00000000E+00   0.17158654E-03   0.00000000E+00
 12.   14.  -0.62675921E-03   0.00000000E+00   0.44739995E-02   0.00000000E+00
 12.   15.  -0.26984987E-03   0.10070934E-02   0.31710660E-11   0.00000000E+00
 12.   16.   0.54278940E-03   0.31337961E-03  -0.44739995E-02   0.00000000E+00
 12.   17.   0.73724354E-03  -0.73724354E-03  -0.18361823E-10   0.00000000E+00
 12.   18.  -0.31337960E-03  -0.54278940E-03   0.44739995E-02   0.00000000E+00
 12.   19.  -0.10070934E-02   0.26984986E-03   0.21184065E-10   0.00000000E+00
 12.   20.  -0.66376860E-11   0.62675921E-03  -0.44739995E-02   0.00000000E+00
 12.   21.   0.10070934E-02   0.26984987E-03  -0.41039981E-10   0.00000000E+00
 12.   22.   0.31337961E-03  -0.54278940E-03   0.44739995E-02   0.00000000E+00
 12.   23.  -0.73724354E-03  -0.73724354E-03   0.43789939E-10   0.00000000E+00
 12.   24.  -0.54278941E-03   0.31337960E-03  -0.44739995E-02   0.00000000E+00
 12.   25.   0.26984986E-03   0.10070934E-02  -0.59044869E-10   0.00000000E+00
 12.   26.   0.62675921E-03   0.00000000E+00   0.44739995E-02   0.00000000E+00
 12.   27.   0.32918323E-03   0.00000000E+00   0.89858442E-02   0.00000000E+00
 12.   28.  -0.36299639E-03   0.13547210E-02   0.63463729E-11   0.00000000E+00
 12.   29.  -0.28508104E-03  -0.16459161E-03  -0.89858442E-02   0.00000000E+00
 12.   30.   0.99172458E-03  -0.99172458E-03  -0.36776305E-10   0.00000000E+00
 12.   31.   0.16459162E-03   0.28508104E-03   0.89858442E-02   0.00000000E+00
 12.   32.  -0.13547210E-02   0.36299639E-03   0.42414264E-10   0.00000000E+00
 12.   33.  -0.10314567E-10  -0.32918323E-03  -0.89858442E-02   0.00000000E+00
 12.   34.   0.13547210E-02   0.36299638E-03  -0.82435089E-10   0.00000000E+00
 12.   35.  -0.16459160E-03   0.28508105E-03   0.89858442E-02   0.00000000E+00
 12.   36.  -0.99172458E-03  -0.99172458E-03   0.88162984E-10   0.00000000E+00
 12.   37.   0.28508103E-03  -0.16459163E-03  -0.89858442E-02   0.00000000E+00
 12.   38.   0.36299640E-03   0.13547210E-02  -0.11870045E-09   0.00000000E+00
 12.   39.  -0.32918323E-03   0.00000000E+00   0.89858442E-02   0.00000000E+00
 12.   40.   0.00000000E+00   0.00000000E+00   0.00000000E+00   0.00000000E+00
 12.   41.   0.00000000E+00   0.00000000E+00   0.00000000E+00   0.00000000E+00
 12.   42.   0.00000000E+00   0.00000000E+00   0.00000000E+00   0.00000000E+00
 12.   43.   0.00000000E+00   0.00000000E+00   0.00000000E+00   0.00000000E+00
 12.   44.   0.00000000E+00   0.00000000E+00   0.00000000E+00   0.00000000E+00
 12.   45.   0.00000000E+00   0.00000000E+00   0.00000000E+00   0.00000000E+00
 12.   46.   0.00000000E+00   0.00000000E+00   0.00000000E+00   0.00000000E+00
 12.   47.   0.00000000E+00   0.00000000E+00   0.00000000E+00   0.00000000E+00
 12.   48.   0.00000000E+00   0.00000000E+00   0.00000000E+00   0.00000000E+00
 12.   49.   0.00000000E+00   0.00000000E+00   0.00000000E+00   0.00000000E+00
 12.   50.   0.00000000E+00   0.00000000E+00   0.00000000E+00   0.00000000E+00
 12.   51.   0.00000000E+00   0.00000000E+00   0.00000000E+00   0.00000000E+00
 12.   52.   0.00000000E+00   0.00000000E+00   0.00000000E+00   0.00000000E+00
 12.   53.   0.00000000E+00   0.00000000E+00   0.00000000E+00   0.00000000E+00
 12.   54.   0.00000000E+00   0.00000000E+00   0.00000000E+00   0.00000000E+00
 12.   55.   0.00000000E+00   0.00000000E+00   0.00000000E+00   0.00000000E+00
 12.   56.   0.00000000E+00   0.00000000E+00   0.00000000E+00   0.00000000E+00
 12.   57.   0.00000000E+00   0.00000000E+00   0.00000000E+00   0.00000000E+00
 12.   58.   0.00000000E+00   0.00000000E+00   0.00000000E+00   0.00000000E+00
 12.   59.   0.00000000E+00   0.00000000E+00   0.00000000E+00   0.00000000E+00
 12.   60.   0.00000000E+00   0.00000000E+00   0.00000000E+00   0.00000000E+00
 12.   61.   0.00000000E+00   0.00000000E+00   0.00000000E+00   0.00000000E+00
 12.   62.   0.00000000E+00   0.00000000E+00   0.00000000E+00   0.00000000E+00
 12.   63.   0.00000000E+00   0.00000000E+00   0.00000000E+00   0.00000000E+00
 12.   64.   0.00000000E+00   0.00000000E+00   0.00000000E+00   0.00000000E+00
 12.   65.   0.00000000E+00   0.00000000E+00   0.00000000E+00   0.00000000E+00
 13.    1.  -0.10380120E-02   0.00000000E+00  -0.62028474E-02   0.00000000E+00
 13.    2.  -0.93657429E-03  -0.37857055E-03  -0.59914905E-02   0.00000000E+00
 13.    3.  -0.65944141E-03  -0.65570343E-03  -0.53718234E-02   0.00000000E+00
 13.    4.  -0.28087086E-03  -0.75714110E-03  -0.43860755E-02   0.00000000E+00
 13.    5.   0.97699691E-04  -0.65570343E-03  -0.31014237E-02   0.00000000E+00
 13.    6.   0.37483257E-03  -0.37857055E-03  -0.16054150E-02   0.00000000E+00
 13.    7.   0.47627024E-03  -0.17860362E-11  -0.73132804E-11   0.00000000E+00
 13.    8.   0.37483257E-03   0.37857055E-03   0.16054150E-02   0.00000000E+00
 13.    9.   0.97699694E-04   0.65570343E-03   0.31014237E-02   0.00000000E+00
 13.   10.  -0.28087086E-03   0.75714110E-03   0.43860754E-02   0.00000000E+00
 13.   11.  -0.65944141E-03   0.65570343E-03   0.53718234E-02   0.00000000E+00
 13.   12.  -0.93657428E-03   0.37857055E-03   0.59914905E-02   0.00000000E+00
 13.   13.  -0.10380120E-02   0.00000000E+00   0.62028474E-02   0.00000000E+00
 13.   14.   0.18240576E-03   0.00000000E+00   0.50617677E-02   0.00000000E+00
 13.   15.   0.15704154E-03   0.94660546E-04   0.48892921E-02   0.00000000E+00
 13.   16.   0.87745213E-04   0.16395688E-03   0.43836194E-02   0.00000000E+00
 13.   17.  -0.69153327E-05   0.18932109E-03   0.35792102E-02   0.00000000E+00
 13.   18.  -0.10157588E-03   0.16395688E-03   0.25308838E-02   0.00000000E+00
 13.   19.  -0.17087221E-03   0.94660547E-04   0.13100819E-02   0.00000000E+00
 13.   20.  -0.19623643E-03   0.44678438E-12   0.59693186E-11   0.00000000E+00
 13.   21.  -0.17087221E-03  -0.94660546E-04  -0.13100819E-02   0.00000000E+00
 13.   22.  -0.10157588E-03  -0.16395688E-03  -0.25308838E-02   0.00000000E+00
 13.   23.  -0.69153336E-05  -0.18932109E-03  -0.35792102E-02   0.00000000E+00
 13.   24.   0.87745213E-04  -0.16395688E-03  -0.43836194E-02   0.00000000E+00
 13.   25.   0.15704154E-03  -0.94660547E-04  -0.48892921E-02   0.00000000E+00
 13.   26.   0.18240576E-03   0.00000000E+00  -0.50617677E-02   0.00000000E+00
 13.   27.   0.30855005E-03   0.00000000E+00  -0.40788753E-02   0.00000000E+00
 13.   28.   0.29498760E-03   0.50615759E-04  -0.39398910E-02   0.00000000E+00
 13.   29.   0.25793429E-03   0.87669066E-04  -0.35324096E-02   0.00000000E+00
 13.   30.   0.20731854E-03   0.10123152E-03  -0.28842004E-02   0.00000000E+00
 13.   31.   0.15670278E-03   0.87669066E-04  -0.20394377E-02   0.00000000E+00
 13.   32.   0.11964947E-03   0.50615759E-04  -0.10556906E-02   0.00000000E+00
 13.   33.   0.10608702E-03   0.23859244E-12  -0.48108527E-11   0.00000000E+00
 13.   34.   0.11964947E-03  -0.50615758E-04   0.10556906E-02   0.00000000E+00
 13.   35.   0.15670278E-03  -0.87669066E-04   0.20394376E-02   0.00000000E+00
 13.   36.   0.20731853E-03  -0.10123152E-03   0.28842004E-02   0.00000000E+00
 13.   37.   0.25793429E-03  -0.87669066E-04   0.35324096E-02   0.00000000E+00
 13.   38.   0.29498760E-03  -0.50615759E-04   0.39398910E-02   0.00000000E+00
 13.   39.   0.30855005E-03   0.00000000E+00   0.40788753E-02   0.00000000E+00
 13.   40.   0.00000000E+00   0.00000000E+00   0.00000000E+00   0.00000000E+00
 13.   41.   0.00000000E+00   0.00000000E+00   0.00000000E+00   0.00000000E+00
 13.   42.   0.00000000E+00   0.00000000E+00   0.00000000E+00   0.00000000E+00
 13.   43.   0.00000000E+00   0.00000000E+00   0.00000000E+00   0.00000000E+00
 13.   44.   0.00000000E+00   0.00000000E+00   0.00000000E+00   0.00000000E+00
 13.   45.   0.00000000E+00   0.00000000E+00   0.00000000E+00   0.00000000E+00
 13.   46.   0.00000000E+00   0.00000000E+00   0.00000000E+00   0.00000000E+00
 13.   47.   0.00000000E+00   0.00000000E+00   0.00000000E+00   0.00000000E+00
 13.   48.   0.00000000E+00   0.00000000E+00   0.00000000E+00   0.00000000E+00
 13.   49.   0.00000000E+00   0.00000000E+00   0.00000000E+00   0.00000000E+00
 13.   50.   0.00000000E+00   0.00000000E+00   0.00000000E+00   0.00000000E+00
 13.   51.   0.00000000E+00   0.00000000E+00   0.00000000E+00   0.00000000E+00
 13.   52.   0.00000000E+00   0.00000000E+00   0.00000000E+00   0.00000000E+00
 13.   53.   0.00000000E+00   0.00000000E+00   0.00000000E+00   0.00000000E+00
 13.   54.   0.00000000E+00   0.00000000E+00   0.00000000E+00   0.00000000E+00
 13.   55.   0.00000000E+00   0.00000000E+00   0.00000000E+00   0.00000000E+00
 13.   56.   0.00000000E+00   0.00000000E+00   0.00000000E+00   0.00000000E+00
 13.   57.   0.00000000E+00   0.00000000E+00   0.00000000E+00   0.00000000E+00
 13.   58.   0.00000000E+00   0.00000000E+00   0.00000000E+00   0.00000000E+00
 13.   59.   0.00000000E+00   0.00000000E+00   0.00000000E+00   0.00000000E+00
 13.   60.   0.00000000E+00   0.00000000E+00   0.00000000E+00   0.00000000E+00
 13.   61.   0.00000000E+00   0.00000000E+00   0.00000000E+00   0.00000000E+00
 13.   62.   0.00000000E+00   0.00000000E+00   0.00000000E+00   0.00000000E+00
 13.   63.   0.00000000E+00   0.00000000E+00   0.00000000E+00   0.00000000E+00
 13.   64.   0.00000000E+00   0.00000000E+00   0.00000000E+00   0.00000000E+00
 13.   65.   0.00000000E+00   0.00000000E+00   0.00000000E+00   0.00000000E+00
 14.    1.   0.27294046E-04   0.00000000E+00  -0.55923754E-04   0.00000000E+00
 14.    2.   0.65343925E-06  -0.29732715E-04   0.14474132E-04   0.00000000E+00
 14.    3.  -0.27947485E-04   0.11317899E-05   0.48431391E-04   0.00000000E+00
 14.    4.  -0.13068786E-05   0.28600925E-04  -0.39544065E-04   0.00000000E+00
 14.    5.   0.29254364E-04  -0.11317898E-05  -0.27961877E-04   0.00000000E+00
 14.    6.   0.65343934E-06  -0.27469135E-04   0.54018198E-04   0.00000000E+00
 14.    7.  -0.29907803E-04  -0.17566360E-12   0.39157793E-12   0.00000000E+00
 14.    8.   0.65343895E-06   0.27469135E-04  -0.54018198E-04   0.00000000E+00
 14.    9.   0.29254364E-04   0.11317902E-05   0.27961876E-04   0.00000000E+00
 14.   10.  -0.13068781E-05  -0.28600925E-04   0.39544066E-04   0.00000000E+00
 14.   11.  -0.27947486E-04  -0.11317903E-05  -0.48431391E-04   0.00000000E+00
 14.   12.   0.65343885E-06   0.29732715E-04  -0.14474133E-04   0.00000000E+00
 14.   13.   0.27294046E-04   0.00000000E+00   0.55923754E-04   0.00000000E+00
 14.   14.   0.46906244E-03   0.00000000E+00  -0.27276281E-02   0.00000000E+00
 14.   15.   0.67152815E-04  -0.71968015E-03   0.70596209E-03   0.00000000E+00
 14.   16.  -0.53621525E-03   0.11631209E-03   0.23621952E-02   0.00000000E+00
 14.   17.  -0.13430563E-03   0.60336806E-03  -0.19287243E-02   0.00000000E+00
 14.   18.   0.67052088E-03  -0.11631208E-03  -0.13638141E-02   0.00000000E+00
 14.   19.   0.67152818E-04  -0.48705598E-03   0.26346864E-02   0.00000000E+00
 14.   20.  -0.73767369E-03  -0.30081050E-11   0.22315907E-10   0.00000000E+00
 14.   21.   0.67152807E-04   0.48705598E-03  -0.26346864E-02   0.00000000E+00
 14.   22.   0.67052088E-03   0.11631209E-03   0.13638140E-02   0.00000000E+00
 14.   23.  -0.13430562E-03  -0.60336806E-03   0.19287243E-02   0.00000000E+00
 14.   24.  -0.53621525E-03  -0.11631210E-03  -0.23621952E-02   0.00000000E+00
 14.   25.   0.67152808E-04   0.71968015E-03  -0.70596214E-03   0.00000000E+00
 14.   26.   0.46906244E-03   0.00000000E+00   0.27276281E-02   0.00000000E+00
 14.   27.  -0.14597256E-03   0.00000000E+00  -0.74350682E-02   0.00000000E+00
 14.   28.   0.37314667E-03  -0.12466298E-02   0.19243372E-02   0.00000000E+00
 14.   29.  -0.22717411E-03   0.64630898E-03   0.64389579E-02   0.00000000E+00
 14.   30.  -0.74629333E-03   0.60032078E-03  -0.52573871E-02   0.00000000E+00
 14.   31.   0.97346744E-03  -0.64630898E-03  -0.37175341E-02   0.00000000E+00
 14.   32.   0.37314667E-03   0.45988209E-04   0.71817244E-02   0.00000000E+00
 14.   33.  -0.13466141E-02   0.27818532E-11   0.61390796E-10   0.00000000E+00
 14.   34.   0.37314665E-03  -0.45988216E-04  -0.71817244E-02   0.00000000E+00
 14.   35.   0.97346745E-03   0.64630899E-03   0.37175340E-02   0.00000000E+00
 14.   36.  -0.74629333E-03  -0.60032076E-03   0.52573872E-02   0.00000000E+00
 14.   37.  -0.22717412E-03  -0.64630900E-03  -0.64389579E-02   0.00000000E+00
 14.   38.   0.37314667E-03   0.12466298E-02  -0.19243374E-02   0.00000000E+00
 14.   39.  -0.14597256E-03   0.00000000E+00   0.74350682E-02   0.00000000E+00
 14.   40.   0.00000000E+00   0.00000000E+00   0.00000000E+00   0.00000000E+00
 14.   41.   0.00000000E+00   0.00000000E+00   0.00000000E+00   0.00000000E+00
 14.   42.   0.00000000E+00   0.00000000E+00   0.00000000E+00   0.00000000E+00
 14.   43.   0.00000000E+00   0.00000000E+00   0.00000000E+00   0.00000000E+00
 14.   44.   0.00000000E+00   0.00000000E+00   0.00000000E+00   0.00000000E+00
 14.   45.   0.00000000E+00   0.00000000E+00   0.00000000E+00   0.00000000E+00
 14.   46.   0.00000000E+00   0.00000000E+00   0.00000000E+00   0.00000000E+00
 14.   47.   0.00000000E+00   0.00000000E+00   0.00000000E+00   0.00000000E+00
 14.   48.   0.00000000E+00   0.00000000E+00   0.00000000E+00   0.00000000E+00
 14.   49.   0.00000000E+00   0.00000000E+00   0.00000000E+00   0.00000000E+00
 14.   50.   0.00000000E+00   0.00000000E+00   0.00000000E+00   0.00000000E+00
 14.   51.   0.00000000E+00   0.00000000E+00   0.00000000E+00   0.00000000E+00
 14.   52.   0.00000000E+00   0.00000000E+00   0.00000000E+00   0.00000000E+00
 14.   53.   0.00000000E+00   0.00000000E+00   0.00000000E+00   0.00000000E+00
 14.   54.   0.00000000E+00   0.00000000E+00   0.00000000E+00   0.00000000E+00
 14.   55.   0.00000000E+00   0.00000000E+00   0.00000000E+00   0.00000000E+00
 14.   56.   0.00000000E+00   0.00000000E+00   0.00000000E+00   0.00000000E+00
 14.   57.   0.00000000E+00   0.00000000E+00   0.00000000E+00   0.00000000E+00
 14.   58.   0.00000000E+00   0.00000000E+00   0.00000000E+00   0.00000000E+00
 14.   59.   0.00000000E+00   0.00000000E+00   0.00000000E+00   0.00000000E+00
 14.   60.   0.00000000E+00   0.00000000E+00   0.00000000E+00   0.00000000E+00
 14.   61.   0.00000000E+00   0.00000000E+00   0.00000000E+00   0.00000000E+00
 14.   62.   0.00000000E+00   0.00000000E+00   0.00000000E+00   0.00000000E+00
 14.   63.   0.00000000E+00   0.00000000E+00   0.00000000E+00   0.00000000E+00
 14.   64.   0.00000000E+00   0.00000000E+00   0.00000000E+00   0.00000000E+00
 14.   65.   0.00000000E+00   0.00000000E+00   0.00000000E+00   0.00000000E+00
 15.    1.  -0.56484445E-03   0.00000000E+00   0.24422017E-02   0.00000000E+00
 15.    2.  -0.44025652E-03   0.55186403E-03   0.12211008E-02   0.00000000E+00
 15.    3.  -0.78918425E-04   0.70153517E-03  -0.12211008E-02   0.00000000E+00
 15.    4.   0.39940534E-03   0.39940534E-03  -0.24422017E-02   0.00000000E+00
 15.    5.   0.70153517E-03  -0.78918424E-04  -0.12211009E-02   0.00000000E+00
 15.    6.   0.55186403E-03  -0.44025652E-03   0.12211008E-02   0.00000000E+00
 15.    7.   0.28572471E-11  -0.56484445E-03   0.24422017E-02   0.00000000E+00
 15.    8.  -0.55186403E-03  -0.44025653E-03   0.12211009E-02   0.00000000E+00
 15.    9.  -0.70153517E-03  -0.78918428E-04  -0.12211008E-02   0.00000000E+00
 15.   10.  -0.39940534E-03   0.39940534E-03  -0.24422017E-02   0.00000000E+00
 15.   11.   0.78918421E-04   0.70153517E-03  -0.12211009E-02   0.00000000E+00
 15.   12.   0.44025652E-03   0.55186403E-03   0.12211008E-02   0.00000000E+00
 15.   13.   0.56484445E-03   0.00000000E+00   0.24422017E-02   0.00000000E+00
 15.   14.   0.48229622E-03   0.00000000E+00   0.67300530E-02   0.00000000E+00
 15.   15.  -0.95352972E-07   0.93208061E-03   0.33650265E-02   0.00000000E+00
 15.   16.  -0.65901310E-03   0.65914795E-03  -0.33650265E-02   0.00000000E+00
 15.   17.  -0.34103493E-03  -0.34103493E-03  -0.67300530E-02   0.00000000E+00
 15.   18.   0.65914795E-03  -0.65901310E-03  -0.33650265E-02   0.00000000E+00
 15.   19.   0.93208062E-03  -0.95355777E-07   0.33650265E-02   0.00000000E+00
 15.   20.   0.54582368E-11   0.48229622E-03   0.67300530E-02   0.00000000E+00
 15.   21.  -0.93208061E-03  -0.95348606E-07   0.33650265E-02   0.00000000E+00
 15.   22.  -0.65914795E-03  -0.65901310E-03  -0.33650265E-02   0.00000000E+00
 15.   23.   0.34103492E-03  -0.34103493E-03  -0.67300530E-02   0.00000000E+00
 15.   24.   0.65901310E-03   0.65914794E-03  -0.33650265E-02   0.00000000E+00
 15.   25.   0.95360135E-07   0.93208062E-03   0.33650264E-02   0.00000000E+00
 15.   26.  -0.48229622E-03   0.00000000E+00   0.67300530E-02   0.00000000E+00
 15.   27.   0.41408960E-03   0.00000000E+00  -0.48938599E-02   0.00000000E+00
 15.   28.   0.31358146E-03  -0.37034228E-03  -0.24469299E-02   0.00000000E+00
 15.   29.   0.40135955E-04  -0.48360711E-03   0.24469299E-02   0.00000000E+00
 15.   30.  -0.29280556E-03  -0.29280557E-03   0.48938599E-02   0.00000000E+00
 15.   31.  -0.48360711E-03   0.40135954E-04   0.24469299E-02   0.00000000E+00
 15.   32.  -0.37034228E-03   0.31358146E-03  -0.24469299E-02   0.00000000E+00
 15.   33.  -0.19314768E-11   0.41408960E-03  -0.48938599E-02   0.00000000E+00
 15.   34.   0.37034227E-03   0.31358146E-03  -0.24469300E-02   0.00000000E+00
 15.   35.   0.48360711E-03   0.40135957E-04   0.24469299E-02   0.00000000E+00
 15.   36.   0.29280557E-03  -0.29280556E-03   0.48938599E-02   0.00000000E+00
 15.   37.  -0.40135952E-04  -0.48360711E-03   0.24469300E-02   0.00000000E+00
 15.   38.  -0.31358146E-03  -0.37034228E-03  -0.24469299E-02   0.00000000E+00
 15.   39.  -0.41408960E-03   0.00000000E+00  -0.48938599E-02   0.00000000E+00
 15.   40.   0.00000000E+00   0.00000000E+00   0.00000000E+00   0.00000000E+00
 15.   41.   0.00000000E+00   0.00000000E+00   0.00000000E+00   0.00000000E+00
 15.   42.   0.00000000E+00   0.00000000E+00   0.00000000E+00   0.00000000E+00
 15.   43.   0.00000000E+00   0.00000000E+00   0.00000000E+00   0.00000000E+00
 15.   44.   0.00000000E+00   0.00000000E+00   0.00000000E+00   0.00000000E+00
 15.   45.   0.00000000E+00   0.00000000E+00   0.00000000E+00   0.00000000E+00
 15.   46.   0.00000000E+00   0.00000000E+00   0.00000000E+00   0.00000000E+00
 15.   47.   0.00000000E+00   0.00000000E+00   0.00000000E+00   0.00000000E+00
 15.   48.   0.00000000E+00   0.00000000E+00   0.00000000E+00   0.00000000E+00
 15.   49.   0.00000000E+00   0.00000000E+00   0.00000000E+00   0.00000000E+00
 15.   50.   0.00000000E+00   0.00000000E+00   0.00000000E+00   0.00000000E+00
 15.   51.   0.00000000E+00   0.00000000E+00   0.00000000E+00   0.00000000E+00
 15.   52.   0.00000000E+00   0.00000000E+00   0.00000000E+00   0.00000000E+00
 15.   53.   0.00000000E+00   0.00000000E+00   0.00000000E+00   0.00000000E+00
 15.   54.   0.00000000E+00   0.00000000E+00   0.00000000E+00   0.00000000E+00
 15.   55.   0.00000000E+00   0.00000000E+00   0.00000000E+00   0.00000000E+00
 15.   56.   0.00000000E+00   0.00000000E+00   0.00000000E+00   0.00000000E+00
 15.   57.   0.00000000E+00   0.00000000E+00   0.00000000E+00   0.00000000E+00
 15.   58.   0.00000000E+00   0.00000000E+00   0.00000000E+00   0.00000000E+00
 15.   59.   0.00000000E+00   0.00000000E+00   0.00000000E+00   0.00000000E+00
 15.   60.   0.00000000E+00   0.00000000E+00   0.00000000E+00   0.00000000E+00
 15.   61.   0.00000000E+00   0.00000000E+00   0.00000000E+00   0.00000000E+00
 15.   62.   0.00000000E+00   0.00000000E+00   0.00000000E+00   0.00000000E+00
 15.   63.   0.00000000E+00   0.00000000E+00   0.00000000E+00   0.00000000E+00
 15.   64.   0.00000000E+00   0.00000000E+00   0.00000000E+00   0.00000000E+00
 15.   65.   0.00000000E+00   0.00000000E+00   0.00000000E+00   0.00000000E+00
 16.    1.   0.83130868E-04   0.00000000E+00   0.66454676E-02   0.00000000E+00
 16.    2.  -0.61614169E-04   0.50810852E-03   0.57551438E-02   0.00000000E+00
 16.    3.  -0.40285477E-03   0.78089580E-03   0.33227338E-02   0.00000000E+00
 16.    4.  -0.71664149E-03   0.71664149E-03   0.88490853E-11   0.00000000E+00
 16.    5.  -0.78089580E-03   0.40285477E-03  -0.33227338E-02   0.00000000E+00
 16.    6.  -0.50810852E-03   0.61614170E-04  -0.57551437E-02   0.00000000E+00
 16.    7.  -0.24884832E-11  -0.83130868E-04  -0.66454676E-02   0.00000000E+00
 16.    8.   0.50810851E-03   0.61614168E-04  -0.57551438E-02   0.00000000E+00
 16.    9.   0.78089580E-03   0.40285477E-03  -0.33227338E-02   0.00000000E+00
 16.   10.   0.71664149E-03   0.71664149E-03  -0.21966511E-10   0.00000000E+00
 16.   11.   0.40285478E-03   0.78089580E-03   0.33227338E-02   0.00000000E+00
 16.   12.   0.61614172E-04   0.50810852E-03   0.57551437E-02   0.00000000E+00
 16.   13.  -0.83130868E-04   0.00000000E+00   0.66454676E-02   0.00000000E+00
 16.   14.   0.44666467E-03   0.00000000E+00  -0.38330169E-02   0.00000000E+00
 16.   15.   0.41184264E-03  -0.42448566E-04  -0.33194900E-02   0.00000000E+00
 16.   16.   0.32123239E-03  -0.10972616E-03  -0.19165084E-02   0.00000000E+00
 16.   17.   0.20873069E-03  -0.20873069E-03  -0.49757999E-11   0.00000000E+00
 16.   18.   0.10972616E-03  -0.32123239E-03   0.19165084E-02   0.00000000E+00
 16.   19.   0.42448566E-04  -0.41184264E-03   0.33194900E-02   0.00000000E+00
 16.   20.   0.16981538E-12  -0.44666467E-03   0.38330169E-02   0.00000000E+00
 16.   21.  -0.42448565E-04  -0.41184264E-03   0.33194900E-02   0.00000000E+00
 16.   22.  -0.10972616E-03  -0.32123240E-03   0.19165084E-02   0.00000000E+00
 16.   23.  -0.20873069E-03  -0.20873069E-03   0.12794147E-10   0.00000000E+00
 16.   24.  -0.32123239E-03  -0.10972616E-03  -0.19165084E-02   0.00000000E+00
 16.   25.  -0.41184264E-03  -0.42448566E-04  -0.33194900E-02   0.00000000E+00
 16.   26.  -0.44666467E-03   0.00000000E+00  -0.38330169E-02   0.00000000E+00
 16.   27.  -0.54089631E-03   0.00000000E+00   0.28850111E-02   0.00000000E+00
 16.   28.  -0.47176083E-03  -0.49238939E-04   0.24984929E-02   0.00000000E+00
 16.   29.  -0.29876810E-03  -0.23414790E-04   0.14425056E-02   0.00000000E+00
 16.   30.  -0.10541481E-03   0.10541481E-03   0.37285609E-11   0.00000000E+00
 16.   31.   0.23414790E-04   0.29876810E-03  -0.14425056E-02   0.00000000E+00
 16.   32.   0.49238939E-04   0.47176083E-03  -0.24984929E-02   0.00000000E+00
 16.   33.   0.28754943E-12   0.54089631E-03  -0.28850111E-02   0.00000000E+00
 16.   34.  -0.49238939E-04   0.47176083E-03  -0.24984929E-02   0.00000000E+00
 16.   35.  -0.23414791E-04   0.29876810E-03  -0.14425056E-02   0.00000000E+00
 16.   36.   0.10541481E-03   0.10541481E-03  -0.96530649E-11   0.00000000E+00
 16.   37.   0.29876809E-03  -0.23414789E-04   0.14425056E-02   0.00000000E+00
 16.   38.   0.47176083E-03  -0.49238939E-04   0.24984929E-02   0.00000000E+00
 16.   39.   0.54089631E-03   0.00000000E+00   0.28850111E-02   0.00000000E+00
 16.   40.   0.00000000E+00   0.00000000E+00   0.00000000E+00   0.00000000E+00
 16.   41.   0.00000000E+00   0.00000000E+00   0.00000000E+00   0.00000000E+00
 16.   42.   0.00000000E+00   0.00000000E+00   0.00000000E+00   0.00000000E+00
 16.   43.   0.00000000E+00   0.00000000E+00   0.00000000E+00   0.00000000E+00
 16.   44.   0.00000000E+00   0.00000000E+00   0.00000000E+00   0.00000000E+00
 16.   45.   0.00000000E+00   0.00000000E+00   0.00000000E+00   0.00000000E+00
 16.   46.   0.00000000E+00   0.00000000E+00   0.00000000E+00   0.00000000E+00
 16.   47.   0.00000000E+00   0.00000000E+00   0.00000000E+00   0.00000000E+00
 16.   48.   0.00000000E+00   0.00000000E+00   0.00000000E+00   0.00000000E+00
 16.   49.   0.00000000E+00   0.00000000E+00   0.00000000E+00   0.00000000E+00
 16.   50.   0.00000000E+00   0.00000000E+00   0.00000000E+00   0.00000000E+00
 16.   51.   0.00000000E+00   0.00000000E+00   0.00000000E+00   0.00000000E+00
 16.   52.   0.00000000E+00   0.00000000E+00   0.00000000E+00   0.00000000E+00
 16.   53.   0.00000000E+00   0.00000000E+00   0.00000000E+00   0.00000000E+00
 16.   54.   0.00000000E+00   0.00000000E+00   0.00000000E+00   0.00000000E+00
 16.   55.   0.00000000E+00   0.00000000E+00   0.00000000E+00   0.00000000E+00
 16.   56.   0.00000000E+00   0.00000000E+00   0.00000000E+00   0.00000000E+00
 16.   57.   0.00000000E+00   0.00000000E+00   0.00000000E+00   0.00000000E+00
 16.   58.   0.00000000E+00   0.00000000E+00   0.00000000E+00   0.00000000E+00
 16.   59.   0.00000000E+00   0.00000000E+00   0.00000000E+00   0.00000000E+00
 16.   60.   0.00000000E+00   0.00000000E+00   0.00000000E+00   0.00000000E+00
 16.   61.   0.00000000E+00   0.00000000E+00   0.00000000E+00   0.00000000E+00
 16.   62.   0.00000000E+00   0.00000000E+00   0.00000000E+00   0.00000000E+00
 16.   63.   0.00000000E+00   0.00000000E+00   0.00000000E+00   0.00000000E+00
 16.   64.   0.00000000E+00   0.00000000E+00   0.00000000E+00   0.00000000E+00
 16.   65.   0.00000000E+00   0.00000000E+00   0.00000000E+00   0.00000000E+00
 17.    1.   0.39966952E-03   0.00000000E+00  -0.19615982E-02   0.00000000E+00
 17.    2.   0.38605111E-03   0.10344208E-03  -0.19615982E-02   0.00000000E+00
 17.    3.   0.34612395E-03   0.19983476E-03  -0.19615982E-02   0.00000000E+00
 17.    4.   0.28260903E-03   0.28260903E-03  -0.19615982E-02   0.00000000E+00
 17.    5.   0.19983476E-03   0.34612395E-03  -0.19615982E-02   0.00000000E+00
 17.    6.   0.10344208E-03   0.38605111E-03  -0.19615982E-02   0.00000000E+00
 17.    7.   0.47076770E-12   0.39966952E-03  -0.19615982E-02   0.00000000E+00
 17.    8.  -0.10344208E-03   0.38605111E-03  -0.19615982E-02   0.00000000E+00
 17.    9.  -0.19983476E-03   0.34612395E-03  -0.19615982E-02   0.00000000E+00
 17.   10.  -0.28260903E-03   0.28260903E-03  -0.19615982E-02   0.00000000E+00
 17.   11.  -0.34612395E-03   0.19983476E-03  -0.19615982E-02   0.00000000E+00
 17.   12.  -0.38605111E-03   0.10344208E-03  -0.19615982E-02   0.00000000E+00
 17.   13.  -0.39966952E-03   0.00000000E+00  -0.19615982E-02   0.00000000E+00
 17.   14.  -0.30684826E-03   0.00000000E+00   0.13980495E-02   0.00000000E+00
 17.   15.  -0.29639266E-03  -0.79418174E-04   0.13980495E-02   0.00000000E+00
 17.   16.  -0.26573839E-03  -0.15342413E-03   0.13980495E-02   0.00000000E+00
 17.   17.  -0.21697449E-03  -0.21697449E-03   0.13980495E-02   0.00000000E+00
 17.   18.  -0.15342413E-03  -0.26573839E-03   0.13980495E-02   0.00000000E+00
 17.   19.  -0.79418174E-04  -0.29639266E-03   0.13980495E-02   0.00000000E+00
 17.   20.  -0.36208297E-12  -0.30684826E-03   0.13980495E-02   0.00000000E+00
 17.   21.   0.79418173E-04  -0.29639266E-03   0.13980495E-02   0.00000000E+00
 17.   22.   0.15342413E-03  -0.26573839E-03   0.13980495E-02   0.00000000E+00
 17.   23.   0.21697449E-03  -0.21697449E-03   0.13980495E-02   0.00000000E+00
 17.   24.   0.26573839E-03  -0.15342413E-03   0.13980495E-02   0.00000000E+00
 17.   25.   0.29639266E-03  -0.79418174E-04   0.13980495E-02   0.00000000E+00
 17.   26.   0.30684826E-03   0.00000000E+00   0.13980495E-02   0.00000000E+00
 17.   27.   0.27498759E-03   0.00000000E+00  -0.11917214E-02   0.00000000E+00
 17.   28.   0.26561762E-03   0.71172027E-04  -0.11917214E-02   0.00000000E+00
 17.   29.   0.23814624E-03   0.13749380E-03  -0.11917214E-02   0.00000000E+00
 17.   30.   0.19444559E-03   0.19444559E-03  -0.11917214E-02   0.00000000E+00
 17.   31.   0.13749380E-03   0.23814624E-03  -0.11917214E-02   0.00000000E+00
 17.   32.   0.71172027E-04   0.26561762E-03  -0.11917214E-02   0.00000000E+00
 17.   33.   0.32459953E-12   0.27498759E-03  -0.11917214E-02   0.00000000E+00
 17.   34.  -0.71172026E-04   0.26561762E-03  -0.11917214E-02   0.00000000E+00
 17.   35.  -0.13749380E-03   0.23814624E-03  -0.11917214E-02   0.00000000E+00
 17.   36.  -0.19444559E-03   0.19444559E-03  -0.11917214E-02   0.00000000E+00
 17.   37.  -0.23814624E-03   0.13749380E-03  -0.11917214E-02   0.00000000E+00
 17.   38.  -0.26561762E-03   0.71172027E-04  -0.11917214E-02   0.00000000E+00
 17.   39.  -0.27498759E-03   0.00000000E+00  -0.11917214E-02   0.00000000E+00
 17.   40.   0.00000000E+00   0.00000000E+00   0.00000000E+00   0.00000000E+00
 17.   41.   0.00000000E+00   0.00000000E+00   0.00000000E+00   0.00000000E+00
 17.   42.   0.00000000E+00   0.00000000E+00   0.00000000E+00   0.00000000E+00
 17.   43.   0.00000000E+00   0.00000000E+00   0.00000000E+00   0.00000000E+00
 17.   44.   0.00000000E+00   0.00000000E+00   0.00000000E+00   0.00000000E+00
 17.   45.   0.00000000E+00   0.00000000E+00   0.00000000E+00   0.00000000E+00
 17.   46.   0.00000000E+00   0.00000000E+00   0.00000000E+00   0.00000000E+00
 17.   47.   0.00000000E+00   0.00000000E+00   0.00000000E+00   0.00000000E+00
 17.   48.   0.00000000E+00   0.00000000E+00   0.00000000E+00   0.00000000E+00
 17.   49.   0.00000000E+00   0.00000000E+00   0.00000000E+00   0.00000000E+00
 17.   50.   0.00000000E+00   0.00000000E+00   0.00000000E+00   0.00000000E+00
 17.   51.   0.00000000E+00   0.00000000E+00   0.00000000E+00   0.00000000E+00
 17.   52.   0.00000000E+00   0.00000000E+00   0.00000000E+00   0.00000000E+00
 17.   53.   0.00000000E+00   0.00000000E+00   0.00000000E+00   0.00000000E+00
 17.   54.   0.00000000E+00   0.00000000E+00   0.00000000E+00   0.00000000E+00
 17.   55.   0.00000000E+00   0.00000000E+00   0.00000000E+00   0.00000000E+00
 17.   56.   0.00000000E+00   0.00000000E+00   0.00000000E+00   0.00000000E+00
 17.   57.   0.00000000E+00   0.00000000E+00   0.00000000E+00   0.00000000E+00
 17.   58.   0.00000000E+00   0.00000000E+00   0.00000000E+00   0.00000000E+00
 17.   59.   0.00000000E+00   0.00000000E+00   0.00000000E+00   0.00000000E+00
 17.   60.   0.00000000E+00   0.00000000E+00   0.00000000E+00   0.00000000E+00
 17.   61.   0.00000000E+00   0.00000000E+00   0.00000000E+00   0.00000000E+00
 17.   62.   0.00000000E+00   0.00000000E+00   0.00000000E+00   0.00000000E+00
 17.   63.   0.00000000E+00   0.00000000E+00   0.00000000E+00   0.00000000E+00
 17.   64.   0.00000000E+00   0.00000000E+00   0.00000000E+00   0.00000000E+00
 17.   65.   0.00000000E+00   0.00000000E+00   0.00000000E+00   0.00000000E+00
 18.    1.  -0.10087534E-04   0.00000000E+00   0.18138263E-04   0.00000000E+00
 18.    2.   0.24035549E-05   0.10517431E-04  -0.90691313E-05   0.00000000E+00
 18.    3.   0.91365167E-05  -0.57373767E-05  -0.90691313E-05   0.00000000E+00
 18.    4.  -0.71329640E-05  -0.71329640E-05   0.18138263E-04   0.00000000E+00
 18.    5.  -0.57373768E-05   0.91365167E-05  -0.90691312E-05   0.00000000E+00
 18.    6.   0.10517431E-04   0.24035550E-05  -0.90691314E-05   0.00000000E+00
 18.    7.   0.91614788E-13  -0.10087534E-04   0.18138263E-04   0.00000000E+00
 18.    8.  -0.10517431E-04   0.24035548E-05  -0.90691311E-05   0.00000000E+00
 18.    9.   0.57373766E-05   0.91365167E-05  -0.90691315E-05   0.00000000E+00
 18.   10.   0.71329641E-05  -0.71329639E-05   0.18138263E-04   0.00000000E+00
 18.   11.  -0.91365166E-05  -0.57373768E-05  -0.90691310E-05   0.00000000E+00
 18.   12.  -0.24035551E-05   0.10517431E-04  -0.90691316E-05   0.00000000E+00
 18.   13.   0.10087534E-04   0.00000000E+00   0.18138263E-04   0.00000000E+00
 18.   14.  -0.33651169E-03   0.00000000E+00   0.16545259E-02   0.00000000E+00
 18.   15.   0.48547945E-04   0.46890726E-03  -0.82726297E-03   0.00000000E+00
 18.   16.   0.36589608E-03  -0.29723892E-03  -0.82726297E-03   0.00000000E+00
 18.   17.  -0.23794969E-03  -0.23794970E-03   0.16545259E-02   0.00000000E+00
 18.   18.  -0.29723892E-03   0.36589608E-03  -0.82726296E-03   0.00000000E+00
 18.   19.   0.46890726E-03   0.48547947E-04  -0.82726298E-03   0.00000000E+00
 18.   20.   0.43956795E-11  -0.33651169E-03   0.16545259E-02   0.00000000E+00
 18.   21.  -0.46890726E-03   0.48547942E-04  -0.82726295E-03   0.00000000E+00
 18.   22.   0.29723892E-03   0.36589608E-03  -0.82726299E-03   0.00000000E+00
 18.   23.   0.23794970E-03  -0.23794969E-03   0.16545259E-02   0.00000000E+00
 18.   24.  -0.36589608E-03  -0.29723893E-03  -0.82726294E-03   0.00000000E+00
 18.   25.  -0.48547950E-04   0.46890726E-03  -0.82726299E-03   0.00000000E+00
 18.   26.   0.33651169E-03   0.00000000E+00   0.16545259E-02   0.00000000E+00
 18.   27.   0.17810866E-04   0.00000000E+00   0.61178152E-02   0.00000000E+00
 18.   28.  -0.29083299E-03   0.10509956E-02  -0.30589076E-02   0.00000000E+00
 18.   29.   0.53751610E-03  -0.94881606E-03  -0.30589076E-02   0.00000000E+00
 18.   30.   0.12594189E-04   0.12594179E-04   0.61178152E-02   0.00000000E+00
 18.   31.  -0.94881607E-03   0.53751611E-03  -0.30589076E-02   0.00000000E+00
 18.   32.   0.10509956E-02  -0.29083299E-03  -0.30589077E-02   0.00000000E+00
 18.   33.   0.11893068E-10   0.17810866E-04   0.61178152E-02   0.00000000E+00
 18.   34.  -0.10509956E-02  -0.29083299E-03  -0.30589076E-02   0.00000000E+00
 18.   35.   0.94881606E-03   0.53751610E-03  -0.30589077E-02   0.00000000E+00
 18.   36.  -0.12594172E-04   0.12594196E-04   0.61178152E-02   0.00000000E+00
 18.   37.  -0.53751611E-03  -0.94881607E-03  -0.30589075E-02   0.00000000E+00
 18.   38.   0.29083299E-03   0.10509955E-02  -0.30589077E-02   0.00000000E+00
 18.   39.  -0.17810866E-04   0.00000000E+00   0.61178152E-02   0.00000000E+00
 18.   40.   0.00000000E+00   0.00000000E+00   0.00000000E+00   0.00000000E+00
 18.   41.   0.00000000E+00   0.00000000E+00   0.00000000E+00   0.00000000E+00
 18.   42.   0.00000000E+00   0.00000000E+00   0.00000000E+00   0.00000000E+00
 18.   43.   0.00000000E+00   0.00000000E+00   0.00000000E+00   0.00000000E+00
 18.   44.   0.00000000E+00   0.00000000E+00   0.00000000E+00   0.00000000E+00
 18.   45.   0.00000000E+00   0.00000000E+00   0.00000000E+00   0.00000000E+00
 18.   46.   0.00000000E+00   0.00000000E+00   0.00000000E+00   0.00000000E+00
 18.   47.   0.00000000E+00   0.00000000E+00   0.00000000E+00   0.00000000E+00
 18.   48.   0.00000000E+00   0.00000000E+00   0.00000000E+00   0.00000000E+00
 18.   49.   0.00000000E+00   0.00000000E+00   0.00000000E+00   0.00000000E+00
 18.   50.   0.00000000E+00   0.00000000E+00   0.00000000E+00   0.00000000E+00
 18.   51.   0.00000000E+00   0.00000000E+00   0.00000000E+00   0.00000000E+00
 18.   52.   0.00000000E+00   0.00000000E+00   0.00000000E+00   0.00000000E+00
 18.   53.   0.00000000E+00   0.00000000E+00   0.00000000E+00   0.00000000E+00
 18.   54.   0.00000000E+00   0.00000000E+00   0.00000000E+00   0.00000000E+00
 18.   55.   0.00000000E+00   0.00000000E+00   0.00000000E+00   0.00000000E+00
 18.   56.   0.00000000E+00   0.00000000E+00   0.00000000E+00   0.00000000E+00
 18.   57.   0.00000000E+00   0.00000000E+00   0.00000000E+00   0.00000000E+00
 18.   58.   0.00000000E+00   0.00000000E+00   0.00000000E+00   0.00000000E+00
 18.   59.   0.00000000E+00   0.00000000E+00   0.00000000E+00   0.00000000E+00
 18.   60.   0.00000000E+00   0.00000000E+00   0.00000000E+00   0.00000000E+00
 18.   61.   0.00000000E+00   0.00000000E+00   0.00000000E+00   0.00000000E+00
 18.   62.   0.00000000E+00   0.00000000E+00   0.00000000E+00   0.00000000E+00
 18.   63.   0.00000000E+00   0.00000000E+00   0.00000000E+00   0.00000000E+00
 18.   64.   0.00000000E+00   0.00000000E+00   0.00000000E+00   0.00000000E+00
 18.   65.   0.00000000E+00   0.00000000E+00   0.00000000E+00   0.00000000E+00
 19.    1.   0.31608849E-03   0.00000000E+00  -0.10370299E-02   0.00000000E+00
 19.    2.   0.17751320E-03  -0.34639978E-03  -0.26840310E-03   0.00000000E+00
 19.    3.  -0.13857529E-03  -0.30746187E-03   0.89809427E-03   0.00000000E+00
 19.    4.  -0.35502639E-03   0.38937903E-04   0.73329091E-03   0.00000000E+00
 19.    5.  -0.21645110E-03   0.30746187E-03  -0.51851497E-03   0.00000000E+00
 19.    6.   0.17751319E-03   0.26852397E-03  -0.10016940E-02   0.00000000E+00
 19.    7.   0.39396430E-03   0.13993954E-11  -0.61123699E-11   0.00000000E+00
 19.    8.   0.17751320E-03  -0.26852397E-03   0.10016940E-02   0.00000000E+00
 19.    9.  -0.21645110E-03  -0.30746187E-03   0.51851498E-03   0.00000000E+00
 19.   10.  -0.35502639E-03  -0.38937906E-04  -0.73329090E-03   0.00000000E+00
 19.   11.  -0.13857529E-03   0.30746187E-03  -0.89809428E-03   0.00000000E+00
 19.   12.   0.17751319E-03   0.34639978E-03   0.26840309E-03   0.00000000E+00
 19.   13.   0.31608849E-03   0.00000000E+00   0.10370299E-02   0.00000000E+00
 19.   14.  -0.97745719E-04   0.00000000E+00  -0.58957054E-02   0.00000000E+00
 19.   15.   0.25837618E-03  -0.10620188E-02  -0.15259208E-02   0.00000000E+00
 19.   16.   0.35612190E-03  -0.44752068E-03   0.51058306E-02   0.00000000E+00
 19.   17.  -0.51675237E-03   0.61449809E-03   0.41688932E-02   0.00000000E+00
 19.   18.  -0.87287428E-03   0.44752068E-03  -0.29478527E-02   0.00000000E+00
 19.   19.   0.25837618E-03  -0.16697741E-03  -0.56948141E-02   0.00000000E+00
 19.   20.   0.11312505E-02  -0.19103158E-11  -0.34769019E-10   0.00000000E+00
 19.   21.   0.25837619E-03   0.16697741E-03   0.56948141E-02   0.00000000E+00
 19.   22.  -0.87287427E-03  -0.44752068E-03   0.29478527E-02   0.00000000E+00
 19.   23.  -0.51675238E-03  -0.61449809E-03  -0.41688932E-02   0.00000000E+00
 19.   24.   0.35612190E-03   0.44752067E-03  -0.51058306E-02   0.00000000E+00
 19.   25.   0.25837619E-03   0.10620188E-02   0.15259208E-02   0.00000000E+00
 19.   26.  -0.97745720E-04   0.00000000E+00   0.58957054E-02   0.00000000E+00
 19.   27.  -0.55530210E-03   0.00000000E+00   0.34804308E-02   0.00000000E+00
 19.   28.  -0.25073875E-03   0.38046766E-03   0.90080177E-03   0.00000000E+00
 19.   29.   0.30456335E-03   0.43429226E-03  -0.30141414E-02   0.00000000E+00
 19.   30.   0.50147751E-03   0.53824599E-04  -0.24610362E-02   0.00000000E+00
 19.   31.   0.19691416E-03  -0.43429226E-03   0.17402154E-02   0.00000000E+00
 19.   32.  -0.25073875E-03  -0.48811686E-03   0.33618380E-02   0.00000000E+00
 19.   33.  -0.44765291E-03  -0.27459053E-11   0.20516295E-10   0.00000000E+00
 19.   34.  -0.25073875E-03   0.48811685E-03  -0.33618379E-02   0.00000000E+00
 19.   35.   0.19691415E-03   0.43429226E-03  -0.17402154E-02   0.00000000E+00
 19.   36.   0.50147750E-03  -0.53824594E-04   0.24610362E-02   0.00000000E+00
 19.   37.   0.30456335E-03  -0.43429226E-03   0.30141415E-02   0.00000000E+00
 19.   38.  -0.25073875E-03  -0.38046766E-03  -0.90080173E-03   0.00000000E+00
 19.   39.  -0.55530210E-03   0.00000000E+00  -0.34804308E-02   0.00000000E+00
 19.   40.   0.00000000E+00   0.00000000E+00   0.00000000E+00   0.00000000E+00
 19.   41.   0.00000000E+00   0.00000000E+00   0.00000000E+00   0.00000000E+00
 19.   42.   0.00000000E+00   0.00000000E+00   0.00000000E+00   0.00000000E+00
 19.   43.   0.00000000E+00   0.00000000E+00   0.00000000E+00   0.00000000E+00
 19.   44.   0.00000000E+00   0.00000000E+00   0.00000000E+00   0.00000000E+00
 19.   45.   0.00000000E+00   0.00000000E+00   0.00000000E+00   0.00000000E+00
 19.   46.   0.00000000E+00   0.00000000E+00   0.00000000E+00   0.00000000E+00
 19.   47.   0.00000000E+00   0.00000000E+00   0.00000000E+00   0.00000000E+00
 19.   48.   0.00000000E+00   0.00000000E+00   0.00000000E+00   0.00000000E+00
 19.   49.   0.00000000E+00   0.00000000E+00   0.00000000E+00   0.00000000E+00
 19.   50.   0.00000000E+00   0.00000000E+00   0.00000000E+00   0.00000000E+00
 19.   51.   0.00000000E+00   0.00000000E+00   0.00000000E+00   0.00000000E+00
 19.   52.   0.00000000E+00   0.00000000E+00   0.00000000E+00   0.00000000E+00
 19.   53.   0.00000000E+00   0.00000000E+00   0.00000000E+00   0.00000000E+00
 19.   54.   0.00000000E+00   0.00000000E+00   0.00000000E+00   0.00000000E+00
 19.   55.   0.00000000E+00   0.00000000E+00   0.00000000E+00   0.00000000E+00
 19.   56.   0.00000000E+00   0.00000000E+00   0.00000000E+00   0.00000000E+00
 19.   57.   0.00000000E+00   0.00000000E+00   0.00000000E+00   0.00000000E+00
 19.   58.   0.00000000E+00   0.00000000E+00   0.00000000E+00   0.00000000E+00
 19.   59.   0.00000000E+00   0.00000000E+00   0.00000000E+00   0.00000000E+00
 19.   60.   0.00000000E+00   0.00000000E+00   0.00000000E+00   0.00000000E+00
 19.   61.   0.00000000E+00   0.00000000E+00   0.00000000E+00   0.00000000E+00
 19.   62.   0.00000000E+00   0.00000000E+00   0.00000000E+00   0.00000000E+00
 19.   63.   0.00000000E+00   0.00000000E+00   0.00000000E+00   0.00000000E+00
 19.   64.   0.00000000E+00   0.00000000E+00   0.00000000E+00   0.00000000E+00
 19.   65.   0.00000000E+00   0.00000000E+00   0.00000000E+00   0.00000000E+00
 20.    1.   0.41329855E-03   0.00000000E+00  -0.47135610E-02   0.00000000E+00
 20.    2.   0.47819550E-03  -0.65549726E-03  -0.33329910E-02   0.00000000E+00
 20.    3.   0.53522880E-03  -0.92704348E-03  -0.24920982E-11   0.00000000E+00
 20.    4.   0.32857953E-03  -0.74187808E-03   0.33329909E-02   0.00000000E+00
 20.    5.  -0.20664927E-03  -0.35792705E-03   0.47135610E-02   0.00000000E+00
 20.    6.  -0.80677502E-03  -0.86380823E-04   0.33329910E-02   0.00000000E+00
 20.    7.  -0.10704576E-02  -0.20058488E-12   0.16682735E-10   0.00000000E+00
 20.    8.  -0.80677503E-03   0.86380821E-04  -0.33329909E-02   0.00000000E+00
 20.    9.  -0.20664928E-03   0.35792704E-03  -0.47135610E-02   0.00000000E+00
 20.   10.   0.32857952E-03   0.74187808E-03  -0.33329910E-02   0.00000000E+00
 20.   11.   0.53522880E-03   0.92704348E-03  -0.30331889E-10   0.00000000E+00
 20.   12.   0.47819550E-03   0.65549726E-03   0.33329909E-02   0.00000000E+00
 20.   13.   0.41329855E-03   0.00000000E+00   0.47135610E-02   0.00000000E+00
 20.   14.  -0.78235459E-03   0.00000000E+00   0.18195311E-02   0.00000000E+00
 20.   15.  -0.57255275E-03  -0.63654141E-06   0.12866028E-02   0.00000000E+00
 20.   16.  -0.10434966E-03   0.18073891E-03   0.89040405E-12   0.00000000E+00
 20.   17.   0.28682764E-03   0.49552695E-03  -0.12866028E-02   0.00000000E+00
 20.   18.   0.39117730E-03   0.67753895E-03  -0.18195311E-02   0.00000000E+00
 20.   19.   0.28572511E-03   0.49616350E-03  -0.12866028E-02   0.00000000E+00
 20.   20.   0.20869932E-03   0.25232438E-11  -0.64429120E-11   0.00000000E+00
 20.   21.   0.28572511E-03  -0.49616349E-03   0.12866028E-02   0.00000000E+00
 20.   22.   0.39117730E-03  -0.67753895E-03   0.18195311E-02   0.00000000E+00
 20.   23.   0.28682764E-03  -0.49552696E-03   0.12866028E-02   0.00000000E+00
 20.   24.  -0.10434966E-03  -0.18073891E-03   0.11778587E-10   0.00000000E+00
 20.   25.  -0.57255275E-03   0.63654074E-06  -0.12866028E-02   0.00000000E+00
 20.   26.  -0.78235459E-03   0.00000000E+00  -0.18195311E-02   0.00000000E+00
 20.   27.   0.66087872E-03   0.00000000E+00  -0.17175812E-02   0.00000000E+00
 20.   28.   0.47559415E-03   0.30612719E-04  -0.12145133E-02   0.00000000E+00
 20.   29.   0.66130895E-04  -0.11454207E-03  -0.81995472E-12   0.00000000E+00
 20.   30.  -0.26430847E-03  -0.39657026E-03   0.12145133E-02   0.00000000E+00
 20.   31.  -0.33043936E-03  -0.57233776E-03   0.17175812E-02   0.00000000E+00
 20.   32.  -0.21128568E-03  -0.42718298E-03   0.12145133E-02   0.00000000E+00
 20.   33.  -0.13226179E-03  -0.21831965E-11   0.60786979E-11   0.00000000E+00
 20.   34.  -0.21128568E-03   0.42718297E-03  -0.12145133E-02   0.00000000E+00
 20.   35.  -0.33043936E-03   0.57233776E-03  -0.17175812E-02   0.00000000E+00
 20.   36.  -0.26430847E-03   0.39657026E-03  -0.12145133E-02   0.00000000E+00
 20.   37.   0.66130891E-04   0.11454207E-03  -0.11135795E-10   0.00000000E+00
 20.   38.   0.47559415E-03  -0.30612718E-04   0.12145133E-02   0.00000000E+00
 20.   39.   0.66087872E-03   0.00000000E+00   0.17175812E-02   0.00000000E+00
 20.   40.   0.00000000E+00   0.00000000E+00   0.00000000E+00   0.00000000E+00
 20.   41.   0.00000000E+00   0.00000000E+00   0.00000000E+00   0.00000000E+00
 20.   42.   0.00000000E+00   0.00000000E+00   0.00000000E+00   0.00000000E+00
 20.   43.   0.00000000E+00   0.00000000E+00   0.00000000E+00   0.00000000E+00
 20.   44.   0.00000000E+00   0.00000000E+00   0.00000000E+00   0.00000000E+00
 20.   45.   0.00000000E+00   0.00000000E+00   0.00000000E+00   0.00000000E+00
 20.   46.   0.00000000E+00   0.00000000E+00   0.00000000E+00   0.00000000E+00
 20.   47.   0.00000000E+00   0.00000000E+00   0.00000000E+00   0.00000000E+00
 20.   48.   0.00000000E+00   0.00000000E+00   0.00000000E+00   0.00000000E+00
 20.   49.   0.00000000E+00   0.00000000E+00   0.00000000E+00   0.00000000E+00
 20.   50.   0.00000000E+00   0.00000000E+00   0.00000000E+00   0.00000000E+00
 20.   51.   0.00000000E+00   0.00000000E+00   0.00000000E+00   0.00000000E+00
 20.   52.   0.00000000E+00   0.00000000E+00   0.00000000E+00   0.00000000E+00
 20.   53.   0.00000000E+00   0.00000000E+00   0.00000000E+00   0.00000000E+00
 20.   54.   0.00000000E+00   0.00000000E+00   0.00000000E+00   0.00000000E+00
 20.   55.   0.00000000E+00   0.00000000E+00   0.00000000E+00   0.00000000E+00
 20.   56.   0.00000000E+00   0.00000000E+00   0.00000000E+00   0.00000000E+00
 20.   57.   0.00000000E+00   0.00000000E+00   0.00000000E+00   0.00000000E+00
 20.   58.   0.00000000E+00   0.00000000E+00   0.00000000E+00   0.00000000E+00
 20.   59.   0.00000000E+00   0.00000000E+00   0.00000000E+00   0.00000000E+00
 20.   60.   0.00000000E+00   0.00000000E+00   0.00000000E+00   0.00000000E+00
 20.   61.   0.00000000E+00   0.00000000E+00   0.00000000E+00   0.00000000E+00
 20.   62.   0.00000000E+00   0.00000000E+00   0.00000000E+00   0.00000000E+00
 20.   63.   0.00000000E+00   0.00000000E+00   0.00000000E+00   0.00000000E+00
 20.   64.   0.00000000E+00   0.00000000E+00   0.00000000E+00   0.00000000E+00
 20.   65.   0.00000000E+00   0.00000000E+00   0.00000000E+00   0.00000000E+00
 21.    1.  -0.63469784E-01   0.00000000E+00  -0.35518027E-03   0.00000000E+00
 21.    2.  -0.63310505E-01  -0.59443779E-03  -0.34307780E-03   0.00000000E+00
 21.    3.  -0.62875346E-01  -0.10295964E-02  -0.30759514E-03   0.00000000E+00
 21.    4.  -0.62280908E-01  -0.11888756E-02  -0.25115038E-03   0.00000000E+00
 21.    5.  -0.61686471E-01  -0.10295964E-02  -0.17759014E-03   0.00000000E+00
 21.    6.  -0.61251312E-01  -0.59443779E-03  -0.91927419E-04   0.00000000E+00
 21.    7.  -0.61092033E-01  -0.28042620E-11  -0.41703421E-12   0.00000000E+00
 21.    8.  -0.61251312E-01   0.59443778E-03   0.91927418E-04   0.00000000E+00
 21.    9.  -0.61686471E-01   0.10295964E-02   0.17759014E-03   0.00000000E+00
 21.   10.  -0.62280908E-01   0.11888756E-02   0.25115038E-03   0.00000000E+00
 21.   11.  -0.62875346E-01   0.10295964E-02   0.30759514E-03   0.00000000E+00
 21.   12.  -0.63310505E-01   0.59443779E-03   0.34307780E-03   0.00000000E+00
 21.   13.  -0.63469784E-01   0.00000000E+00   0.35518027E-03   0.00000000E+00
 21.   14.  -0.46901272E-01   0.00000000E+00  -0.64120984E-03   0.00000000E+00
 21.   15.  -0.46445537E-01  -0.17008253E-02  -0.61936115E-03   0.00000000E+00
 21.   16.  -0.45200446E-01  -0.29459158E-02  -0.55530401E-03   0.00000000E+00
 21.   17.  -0.43499621E-01  -0.34016505E-02  -0.45340383E-03   0.00000000E+00
 21.   18.  -0.41798796E-01  -0.29459158E-02  -0.32060492E-03   0.00000000E+00
 21.   19.  -0.40553705E-01  -0.17008253E-02  -0.16595732E-03   0.00000000E+00
 21.   20.  -0.40097970E-01  -0.80253682E-11  -0.75239258E-12   0.00000000E+00
 21.   21.  -0.40553705E-01   0.17008253E-02   0.16595732E-03   0.00000000E+00
 21.   22.  -0.41798796E-01   0.29459158E-02   0.32060492E-03   0.00000000E+00
 21.   23.  -0.43499621E-01   0.34016505E-02   0.45340383E-03   0.00000000E+00
 21.   24.  -0.45200446E-01   0.29459158E-02   0.55530401E-03   0.00000000E+00
 21.   25.  -0.46445537E-01   0.17008253E-02   0.61936115E-03   0.00000000E+00
 21.   26.  -0.46901272E-01   0.00000000E+00   0.64120984E-03   0.00000000E+00
 21.   27.  -0.23946442E-01   0.00000000E+00  -0.81630621E-03   0.00000000E+00
 21.   28.  -0.23439187E-01  -0.18931014E-02  -0.78849125E-03   0.00000000E+00
 21.   29.  -0.22053341E-01  -0.32789477E-02  -0.70694191E-03   0.00000000E+00
 21.   30.  -0.20160239E-01  -0.37862027E-02  -0.57721565E-03   0.00000000E+00
 21.   31.  -0.18267138E-01  -0.32789477E-02  -0.40815310E-03   0.00000000E+00
 21.   32.  -0.16881292E-01  -0.18931014E-02  -0.21127559E-03   0.00000000E+00
 21.   33.  -0.16374037E-01  -0.89309371E-11  -0.96374323E-12   0.00000000E+00
 21.   34.  -0.16881292E-01   0.18931013E-02   0.21127559E-03   0.00000000E+00
 21.   35.  -0.18267138E-01   0.32789477E-02   0.40815310E-03   0.00000000E+00
 21.   36.  -0.20160239E-01   0.37862027E-02   0.57721565E-03   0.00000000E+00
 21.   37.  -0.22053341E-01   0.32789477E-02   0.70694191E-03   0.00000000E+00
 21.   38.  -0.23439187E-01   0.18931014E-02   0.78849125E-03   0.00000000E+00
 21.   39.  -0.23946442E-01   0.00000000E+00   0.81630621E-03   0.00000000E+00
 21.   40.   0.00000000E+00   0.00000000E+00   0.00000000E+00   0.00000000E+00
 21.   41.   0.00000000E+00   0.00000000E+00   0.00000000E+00   0.00000000E+00
 21.   42.   0.00000000E+00   0.00000000E+00   0.00000000E+00   0.00000000E+00
 21.   43.   0.00000000E+00   0.00000000E+00   0.00000000E+00   0.00000000E+00
 21.   44.   0.00000000E+00   0.00000000E+00   0.00000000E+00   0.00000000E+00
 21.   45.   0.00000000E+00   0.00000000E+00   0.00000000E+00   0.00000000E+00
 21.   46.   0.00000000E+00   0.00000000E+00   0.00000000E+00   0.00000000E+00
 21.   47.   0.00000000E+00   0.00000000E+00   0.00000000E+00   0.00000000E+00
 21.   48.   0.00000000E+00   0.00000000E+00   0.00000000E+00   0.00000000E+00
 21.   49.   0.00000000E+00   0.00000000E+00   0.00000000E+00   0.00000000E+00
 21.   50.   0.00000000E+00   0.00000000E+00   0.00000000E+00   0.00000000E+00
 21.   51.   0.00000000E+00   0.00000000E+00   0.00000000E+00   0.00000000E+00
 21.   52.   0.00000000E+00   0.00000000E+00   0.00000000E+00   0.00000000E+00
 21.   53.   0.00000000E+00   0.00000000E+00   0.00000000E+00   0.00000000E+00
 21.   54.   0.00000000E+00   0.00000000E+00   0.00000000E+00   0.00000000E+00
 21.   55.   0.00000000E+00   0.00000000E+00   0.00000000E+00   0.00000000E+00
 21.   56.   0.00000000E+00   0.00000000E+00   0.00000000E+00   0.00000000E+00
 21.   57.   0.00000000E+00   0.00000000E+00   0.00000000E+00   0.00000000E+00
 21.   58.   0.00000000E+00   0.00000000E+00   0.00000000E+00   0.00000000E+00
 21.   59.   0.00000000E+00   0.00000000E+00   0.00000000E+00   0.00000000E+00
 21.   60.   0.00000000E+00   0.00000000E+00   0.00000000E+00   0.00000000E+00
 21.   61.   0.00000000E+00   0.00000000E+00   0.00000000E+00   0.00000000E+00
 21.   62.   0.00000000E+00   0.00000000E+00   0.00000000E+00   0.00000000E+00
 21.   63.   0.00000000E+00   0.00000000E+00   0.00000000E+00   0.00000000E+00
 21.   64.   0.00000000E+00   0.00000000E+00   0.00000000E+00   0.00000000E+00
 21.   65.   0.00000000E+00   0.00000000E+00   0.00000000E+00   0.00000000E+00
 22.    1.   0.36858447E-05   0.00000000E+00  -0.59235280E-05   0.00000000E+00
 22.    2.  -0.17825381E-05  -0.34173924E-05   0.41885668E-05   0.00000000E+00
 22.    3.  -0.20078953E-05   0.34777767E-05   0.28993356E-14   0.00000000E+00
 22.    4.   0.38508177E-05  -0.16497292E-06  -0.41885668E-05   0.00000000E+00
 22.    5.  -0.18429224E-05  -0.31920352E-05   0.59235280E-05   0.00000000E+00
 22.    6.  -0.20682796E-05   0.32524195E-05  -0.41885668E-05   0.00000000E+00
 22.    7.   0.40157906E-05   0.34545056E-13  -0.60957483E-13   0.00000000E+00
 22.    8.  -0.20682796E-05  -0.32524195E-05   0.41885668E-05   0.00000000E+00
 22.    9.  -0.18429224E-05   0.31920352E-05  -0.59235280E-05   0.00000000E+00
 22.   10.   0.38508177E-05   0.16497299E-06   0.41885667E-05   0.00000000E+00
 22.   11.  -0.20078953E-05  -0.34777767E-05   0.11525057E-12   0.00000000E+00
 22.   12.  -0.17825381E-05   0.34173924E-05  -0.41885669E-05   0.00000000E+00
 22.   13.   0.36858447E-05   0.00000000E+00   0.59235280E-05   0.00000000E+00
 22.   14.   0.23668946E-03   0.00000000E+00  -0.10101107E-02   0.00000000E+00
 22.   15.  -0.98130343E-04  -0.28042022E-03   0.71425610E-03   0.00000000E+00
 22.   16.  -0.17357147E-03   0.30063460E-03   0.15986480E-11   0.00000000E+00
 22.   17.   0.29191620E-03  -0.55226737E-04  -0.71425611E-03   0.00000000E+00
 22.   18.  -0.11834473E-03  -0.20497909E-03   0.10101107E-02   0.00000000E+00
 22.   19.  -0.19378586E-03   0.22519348E-03  -0.71425610E-03   0.00000000E+00
 22.   20.   0.34714294E-03   0.20936356E-11  -0.10683928E-10   0.00000000E+00
 22.   21.  -0.19378586E-03  -0.22519348E-03   0.71425611E-03   0.00000000E+00
 22.   22.  -0.11834474E-03   0.20497909E-03  -0.10101107E-02   0.00000000E+00
 22.   23.   0.29191620E-03   0.55226742E-04   0.71425609E-03   0.00000000E+00
 22.   24.  -0.17357147E-03  -0.30063461E-03   0.19433211E-10   0.00000000E+00
 22.   25.  -0.98130347E-04   0.28042021E-03  -0.71425612E-03   0.00000000E+00
 22.   26.   0.23668946E-03   0.00000000E+00   0.10101107E-02   0.00000000E+00
 22.   27.   0.68555832E-04   0.00000000E+00  -0.50649260E-02   0.00000000E+00
 22.   28.   0.16652577E-03  -0.80878064E-03   0.35814435E-02   0.00000000E+00
 22.   29.  -0.58288378E-03   0.10095843E-02   0.79397854E-11   0.00000000E+00
 22.   30.   0.61716170E-03  -0.54860586E-03  -0.35814435E-02   0.00000000E+00
 22.   31.  -0.34277909E-04  -0.59371095E-04   0.50649260E-02   0.00000000E+00
 22.   32.  -0.78368747E-03   0.26017478E-03  -0.35814435E-02   0.00000000E+00
 22.   33.   0.11657676E-02  -0.65087454E-12  -0.53555202E-10   0.00000000E+00
 22.   34.  -0.78368746E-03  -0.26017477E-03   0.35814436E-02   0.00000000E+00
 22.   35.  -0.34277930E-04   0.59371083E-04  -0.50649260E-02   0.00000000E+00
 22.   36.   0.61716171E-03   0.54860588E-03   0.35814435E-02   0.00000000E+00
 22.   37.  -0.58288378E-03  -0.10095843E-02   0.97544275E-10   0.00000000E+00
 22.   38.   0.16652576E-03   0.80878063E-03  -0.35814436E-02   0.00000000E+00
 22.   39.   0.68555831E-04   0.00000000E+00   0.50649260E-02   0.00000000E+00
 22.   40.   0.00000000E+00   0.00000000E+00   0.00000000E+00   0.00000000E+00
 22.   41.   0.00000000E+00   0.00000000E+00   0.00000000E+00   0.00000000E+00
 22.   42.   0.00000000E+00   0.00000000E+00   0.00000000E+00   0.00000000E+00
 22.   43.   0.00000000E+00   0.00000000E+00   0.00000000E+00   0.00000000E+00
 22.   44.   0.00000000E+00   0.00000000E+00   0.00000000E+00   0.00000000E+00
 22.   45.   0.00000000E+00   0.00000000E+00   0.00000000E+00   0.00000000E+00
 22.   46.   0.00000000E+00   0.00000000E+00   0.00000000E+00   0.00000000E+00
 22.   47.   0.00000000E+00   0.00000000E+00   0.00000000E+00   0.00000000E+00
 22.   48.   0.00000000E+00   0.00000000E+00   0.00000000E+00   0.00000000E+00
 22.   49.   0.00000000E+00   0.00000000E+00   0.00000000E+00   0.00000000E+00
 22.   50.   0.00000000E+00   0.00000000E+00   0.00000000E+00   0.00000000E+00
 22.   51.   0.00000000E+00   0.00000000E+00   0.00000000E+00   0.00000000E+00
 22.   52.   0.00000000E+00   0.00000000E+00   0.00000000E+00   0.00000000E+00
 22.   53.   0.00000000E+00   0.00000000E+00   0.00000000E+00   0.00000000E+00
 22.   54.   0.00000000E+00   0.00000000E+00   0.00000000E+00   0.00000000E+00
 22.   55.   0.00000000E+00   0.00000000E+00   0.00000000E+00   0.00000000E+00
 22.   56.   0.00000000E+00   0.00000000E+00   0.00000000E+00   0.00000000E+00
 22.   57.   0.00000000E+00   0.00000000E+00   0.00000000E+00   0.00000000E+00
 22.   58.   0.00000000E+00   0.00000000E+00   0.00000000E+00   0.00000000E+00
 22.   59.   0.00000000E+00   0.00000000E+00   0.00000000E+00   0.00000000E+00
 22.   60.   0.00000000E+00   0.00000000E+00   0.00000000E+00   0.00000000E+00
 22.   61.   0.00000000E+00   0.00000000E+00   0.00000000E+00   0.00000000E+00
 22.   62.   0.00000000E+00   0.00000000E+00   0.00000000E+00   0.00000000E+00
 22.   63.   0.00000000E+00   0.00000000E+00   0.00000000E+00   0.00000000E+00
 22.   64.   0.00000000E+00   0.00000000E+00   0.00000000E+00   0.00000000E+00
 22.   65.   0.00000000E+00   0.00000000E+00   0.00000000E+00   0.00000000E+00
 23.    1.   0.97431230E-03   0.00000000E+00   0.90591806E-03   0.00000000E+00
 23.    2.   0.90446440E-03   0.26067590E-03   0.87504965E-03   0.00000000E+00
 23.    3.   0.71363640E-03   0.45150390E-03   0.78454805E-03   0.00000000E+00
 23.    4.   0.45296050E-03   0.52135180E-03   0.64058080E-03   0.00000000E+00
 23.    5.   0.19228459E-03   0.45150390E-03   0.45295903E-03   0.00000000E+00
 23.    6.   0.14565911E-05   0.26067590E-03   0.23446885E-03   0.00000000E+00
 23.    7.  -0.68391306E-04   0.12301533E-11   0.10679204E-11   0.00000000E+00
 23.    8.   0.14565899E-05  -0.26067590E-03  -0.23446885E-03   0.00000000E+00
 23.    9.   0.19228459E-03  -0.45150390E-03  -0.45295903E-03   0.00000000E+00
 23.   10.   0.45296049E-03  -0.52135180E-03  -0.64058080E-03   0.00000000E+00
 23.   11.   0.71363639E-03  -0.45150391E-03  -0.78454805E-03   0.00000000E+00
 23.   12.   0.90446440E-03  -0.26067590E-03  -0.87504965E-03   0.00000000E+00
 23.   13.   0.97431230E-03   0.00000000E+00  -0.90591806E-03   0.00000000E+00
 23.   14.  -0.68968912E-03   0.00000000E+00   0.16403059E-03   0.00000000E+00
 23.   15.  -0.64390899E-03  -0.17085378E-03   0.15844138E-03   0.00000000E+00
 23.   16.  -0.51883534E-03  -0.29592743E-03   0.14205466E-03   0.00000000E+00
 23.   17.  -0.34798156E-03  -0.34170757E-03   0.11598714E-03   0.00000000E+00
 23.   18.  -0.17712777E-03  -0.29592743E-03   0.82015295E-04   0.00000000E+00
 23.   19.  -0.52054124E-04  -0.17085378E-03   0.42454241E-04   0.00000000E+00
 23.   20.  -0.62739904E-05  -0.80631286E-12   0.19443324E-12   0.00000000E+00
 23.   21.  -0.52054123E-04   0.17085378E-03  -0.42454240E-04   0.00000000E+00
 23.   22.  -0.17712777E-03   0.29592743E-03  -0.82015295E-04   0.00000000E+00
 23.   23.  -0.34798156E-03   0.34170757E-03  -0.11598714E-03   0.00000000E+00
 23.   24.  -0.51883534E-03   0.29592743E-03  -0.14205466E-03   0.00000000E+00
 23.   25.  -0.64390899E-03   0.17085378E-03  -0.15844138E-03   0.00000000E+00
 23.   26.  -0.68968912E-03   0.00000000E+00  -0.16403059E-03   0.00000000E+00
 23.   27.   0.52536520E-03   0.00000000E+00  -0.89178478E-03   0.00000000E+00
 23.   28.   0.49170577E-03   0.12561871E-03  -0.86139795E-03   0.00000000E+00
 23.   29.   0.39974649E-03   0.21757799E-03  -0.77230827E-03   0.00000000E+00
 23.   30.   0.27412777E-03   0.25123743E-03  -0.63058706E-03   0.00000000E+00
 23.   31.   0.14850906E-03   0.21757799E-03  -0.44589239E-03   0.00000000E+00
 23.   32.   0.56549778E-04   0.12561871E-03  -0.23081088E-03   0.00000000E+00
 23.   33.   0.22890345E-04   0.59298898E-12  -0.10545796E-11   0.00000000E+00
 23.   34.   0.56549777E-04  -0.12561871E-03   0.23081088E-03   0.00000000E+00
 23.   35.   0.14850906E-03  -0.21757799E-03   0.44589239E-03   0.00000000E+00
 23.   36.   0.27412777E-03  -0.25123743E-03   0.63058706E-03   0.00000000E+00
 23.   37.   0.39974649E-03  -0.21757800E-03   0.77230827E-03   0.00000000E+00
 23.   38.   0.49170577E-03  -0.12561871E-03   0.86139795E-03   0.00000000E+00
 23.   39.   0.52536520E-03   0.00000000E+00   0.89178478E-03   0.00000000E+00
 23.   40.   0.00000000E+00   0.00000000E+00   0.00000000E+00   0.00000000E+00
 23.   41.   0.00000000E+00   0.00000000E+00   0.00000000E+00   0.00000000E+00
 23.   42.   0.00000000E+00   0.00000000E+00   0.00000000E+00   0.00000000E+00
 23.   43.   0.00000000E+00   0.00000000E+00   0.00000000E+00   0.00000000E+00
 23.   44.   0.00000000E+00   0.00000000E+00   0.00000000E+00   0.00000000E+00
 23.   45.   0.00000000E+00   0.00000000E+00   0.00000000E+00   0.00000000E+00
 23.   46.   0.00000000E+00   0.00000000E+00   0.00000000E+00   0.00000000E+00
 23.   47.   0.00000000E+00   0.00000000E+00   0.00000000E+00   0.00000000E+00
 23.   48.   0.00000000E+00   0.00000000E+00   0.00000000E+00   0.00000000E+00
 23.   49.   0.00000000E+00   0.00000000E+00   0.00000000E+00   0.00000000E+00
 23.   50.   0.00000000E+00   0.00000000E+00   0.00000000E+00   0.00000000E+00
 23.   51.   0.00000000E+00   0.00000000E+00   0.00000000E+00   0.00000000E+00
 23.   52.   0.00000000E+00   0.00000000E+00   0.00000000E+00   0.00000000E+00
 23.   53.   0.00000000E+00   0.00000000E+00   0.00000000E+00   0.00000000E+00
 23.   54.   0.00000000E+00   0.00000000E+00   0.00000000E+00   0.00000000E+00
 23.   55.   0.00000000E+00   0.00000000E+00   0.00000000E+00   0.00000000E+00
 23.   56.   0.00000000E+00   0.00000000E+00   0.00000000E+00   0.00000000E+00
 23.   57.   0.00000000E+00   0.00000000E+00   0.00000000E+00   0.00000000E+00
 23.   58.   0.00000000E+00   0.00000000E+00   0.00000000E+00   0.00000000E+00
 23.   59.   0.00000000E+00   0.00000000E+00   0.00000000E+00   0.00000000E+00
 23.   60.   0.00000000E+00   0.00000000E+00   0.00000000E+00   0.00000000E+00
 23.   61.   0.00000000E+00   0.00000000E+00   0.00000000E+00   0.00000000E+00
 23.   62.   0.00000000E+00   0.00000000E+00   0.00000000E+00   0.00000000E+00
 23.   63.   0.00000000E+00   0.00000000E+00   0.00000000E+00   0.00000000E+00
 23.   64.   0.00000000E+00   0.00000000E+00   0.00000000E+00   0.00000000E+00
 23.   65.   0.00000000E+00   0.00000000E+00   0.00000000E+00   0.00000000E+00
 24.    1.  -0.16073033E-03   0.00000000E+00   0.42733514E-03   0.00000000E+00
 24.    2.  -0.50064850E-04   0.18684456E-03   0.31751327E-12   0.00000000E+00
 24.    3.   0.13919655E-03   0.80365167E-04  -0.42733514E-03   0.00000000E+00
 24.    4.   0.13677971E-03  -0.13677971E-03  -0.17952396E-11   0.00000000E+00
 24.    5.  -0.80365166E-04  -0.13919655E-03   0.42733514E-03   0.00000000E+00
 24.    6.  -0.18684456E-03   0.50064850E-04   0.20448314E-11   0.00000000E+00
 24.    7.  -0.11788542E-11   0.16073033E-03  -0.42733514E-03   0.00000000E+00
 24.    8.   0.18684456E-03   0.50064851E-04  -0.38975714E-11   0.00000000E+00
 24.    9.   0.80365168E-04  -0.13919655E-03   0.42733514E-03   0.00000000E+00
 24.   10.  -0.13677971E-03  -0.13677972E-03   0.41480052E-11   0.00000000E+00
 24.   11.  -0.13919655E-03   0.80365165E-04  -0.42733514E-03   0.00000000E+00
 24.   12.   0.50064849E-04   0.18684457E-03  -0.56332379E-11   0.00000000E+00
 24.   13.   0.16073033E-03   0.00000000E+00   0.42733514E-03   0.00000000E+00
 24.   14.  -0.13735663E-03   0.00000000E+00   0.48292771E-02   0.00000000E+00
 24.   15.  -0.28586786E-03   0.10668734E-02   0.34124565E-11   0.00000000E+00
 24.   16.   0.11895433E-03   0.68678318E-04  -0.48292771E-02   0.00000000E+00
 24.   17.   0.78100552E-03  -0.78100552E-03  -0.19773109E-10   0.00000000E+00
 24.   18.  -0.68678313E-04  -0.11895434E-03   0.48292771E-02   0.00000000E+00
 24.   19.  -0.10668734E-02   0.28586786E-03   0.22824288E-10   0.00000000E+00
 24.   20.  -0.76517516E-11   0.13735663E-03  -0.48292771E-02   0.00000000E+00
 24.   21.   0.10668734E-02   0.28586786E-03  -0.44331457E-10   0.00000000E+00
 24.   22.   0.68678326E-04  -0.11895433E-03   0.48292771E-02   0.00000000E+00
 24.   23.  -0.78100552E-03  -0.78100552E-03   0.47378230E-10   0.00000000E+00
 24.   24.  -0.11895434E-03   0.68678305E-04  -0.48292771E-02   0.00000000E+00
 24.   25.   0.28586786E-03   0.10668734E-02  -0.63808677E-10   0.00000000E+00
 24.   26.   0.13735663E-03   0.00000000E+00   0.48292771E-02   0.00000000E+00
 24.   27.   0.63144451E-03   0.00000000E+00  -0.23660465E-02   0.00000000E+00
 24.   28.   0.93894210E-04  -0.35041796E-03  -0.16593815E-11   0.00000000E+00
 24.   29.  -0.54684699E-03  -0.31572226E-03   0.23660465E-02   0.00000000E+00
 24.   30.  -0.25652375E-03   0.25652375E-03   0.96446298E-11   0.00000000E+00
 24.   31.   0.31572226E-03   0.54684699E-03  -0.23660465E-02   0.00000000E+00
 24.   32.   0.35041796E-03  -0.93894208E-04  -0.11153549E-10   0.00000000E+00
 24.   33.   0.18221010E-11  -0.63144451E-03   0.23660465E-02   0.00000000E+00
 24.   34.  -0.35041796E-03  -0.93894215E-04   0.21742972E-10   0.00000000E+00
 24.   35.  -0.31572226E-03   0.54684699E-03  -0.23660465E-02   0.00000000E+00
 24.   36.   0.25652375E-03   0.25652376E-03  -0.23262304E-10   0.00000000E+00
 24.   37.   0.54684699E-03  -0.31572225E-03   0.23660465E-02   0.00000000E+00
 24.   38.  -0.93894203E-04  -0.35041796E-03   0.31281067E-10   0.00000000E+00
 24.   39.  -0.63144451E-03   0.00000000E+00  -0.23660465E-02   0.00000000E+00
 24.   40.   0.00000000E+00   0.00000000E+00   0.00000000E+00   0.00000000E+00
 24.   41.   0.00000000E+00   0.00000000E+00   0.00000000E+00   0.00000000E+00
 24.   42.   0.00000000E+00   0.00000000E+00   0.00000000E+00   0.00000000E+00
 24.   43.   0.00000000E+00   0.00000000E+00   0.00000000E+00   0.00000000E+00
 24.   44.   0.00000000E+00   0.00000000E+00   0.00000000E+00   0.00000000E+00
 24.   45.   0.00000000E+00   0.00000000E+00   0.00000000E+00   0.00000000E+00
 24.   46.   0.00000000E+00   0.00000000E+00   0.00000000E+00   0.00000000E+00
 24.   47.   0.00000000E+00   0.00000000E+00   0.00000000E+00   0.00000000E+00
 24.   48.   0.00000000E+00   0.00000000E+00   0.00000000E+00   0.00000000E+00
 24.   49.   0.00000000E+00   0.00000000E+00   0.00000000E+00   0.00000000E+00
 24.   50.   0.00000000E+00   0.00000000E+00   0.00000000E+00   0.00000000E+00
 24.   51.   0.00000000E+00   0.00000000E+00   0.00000000E+00   0.00000000E+00
 24.   52.   0.00000000E+00   0.00000000E+00   0.00000000E+00   0.00000000E+00
 24.   53.   0.00000000E+00   0.00000000E+00   0.00000000E+00   0.00000000E+00
 24.   54.   0.00000000E+00   0.00000000E+00   0.00000000E+00   0.00000000E+00
 24.   55.   0.00000000E+00   0.00000000E+00   0.00000000E+00   0.00000000E+00
 24.   56.   0.00000000E+00   0.00000000E+00   0.00000000E+00   0.00000000E+00
 24.   57.   0.00000000E+00   0.00000000E+00   0.00000000E+00   0.00000000E+00
 24.   58.   0.00000000E+00   0.00000000E+00   0.00000000E+00   0.00000000E+00
 24.   59.   0.00000000E+00   0.00000000E+00   0.00000000E+00   0.00000000E+00
 24.   60.   0.00000000E+00   0.00000000E+00   0.00000000E+00   0.00000000E+00
 24.   61.   0.00000000E+00   0.00000000E+00   0.00000000E+00   0.00000000E+00
 24.   62.   0.00000000E+00   0.00000000E+00   0.00000000E+00   0.00000000E+00
 24.   63.   0.00000000E+00   0.00000000E+00   0.00000000E+00   0.00000000E+00
 24.   64.   0.00000000E+00   0.00000000E+00   0.00000000E+00   0.00000000E+00
 24.   65.   0.00000000E+00   0.00000000E+00   0.00000000E+00   0.00000000E+00
 25.    1.  -0.48202891E-03   0.00000000E+00   0.27889186E-02   0.00000000E+00
 25.    2.  -0.42064008E-03   0.63864179E-03   0.13944593E-02   0.00000000E+00
 25.    3.  -0.15415049E-03   0.74902539E-03  -0.13944593E-02   0.00000000E+00
 25.    4.   0.34084591E-03   0.34084591E-03  -0.27889186E-02   0.00000000E+00
 25.    5.   0.74902539E-03  -0.15415049E-03  -0.13944593E-02   0.00000000E+00
 25.    6.   0.63864179E-03  -0.42064008E-03   0.13944593E-02   0.00000000E+00
 25.    7.   0.33839306E-11  -0.48202891E-03   0.27889186E-02   0.00000000E+00
 25.    8.  -0.63864179E-03  -0.42064008E-03   0.13944593E-02   0.00000000E+00
 25.    9.  -0.74902539E-03  -0.15415049E-03  -0.13944593E-02   0.00000000E+00
 25.   10.  -0.34084591E-03   0.34084591E-03  -0.27889186E-02   0.00000000E+00
 25.   11.   0.15415049E-03   0.74902539E-03  -0.13944593E-02   0.00000000E+00
 25.   12.   0.42064007E-03   0.63864179E-03   0.13944593E-02   0.00000000E+00
 25.   13.   0.48202891E-03   0.00000000E+00   0.27889186E-02   0.00000000E+00
 25.   14.   0.84030641E-03   0.00000000E+00  -0.35435676E-04   0.00000000E+00
 25.   15.   0.40705736E-03   0.10418858E-03  -0.17717838E-04   0.00000000E+00
 25.   16.  -0.36150547E-03  -0.21416057E-03   0.17717838E-04   0.00000000E+00
 25.   17.  -0.59418636E-03  -0.59418636E-03   0.35435676E-04   0.00000000E+00
 25.   18.  -0.21416057E-03  -0.36150547E-03   0.17717838E-04   0.00000000E+00
 25.   19.   0.10418858E-03   0.40705735E-03  -0.17717838E-04   0.00000000E+00
 25.   20.   0.96503273E-12   0.84030641E-03  -0.35435676E-04   0.00000000E+00
 25.   21.  -0.10418858E-03   0.40705736E-03  -0.17717838E-04   0.00000000E+00
 25.   22.   0.21416056E-03  -0.36150546E-03   0.17717838E-04   0.00000000E+00
 25.   23.   0.59418636E-03  -0.59418636E-03   0.35435676E-04   0.00000000E+00
 25.   24.   0.36150547E-03  -0.21416057E-03   0.17717838E-04   0.00000000E+00
 25.   25.  -0.40705735E-03   0.10418858E-03  -0.17717838E-04   0.00000000E+00
 25.   26.  -0.84030641E-03   0.00000000E+00  -0.35435676E-04   0.00000000E+00
 25.   27.  -0.69391002E-03   0.00000000E+00   0.77003207E-03   0.00000000E+00
 25.   28.  -0.35276149E-03  -0.24007414E-04   0.38501604E-03   0.00000000E+00
 25.   29.   0.26641585E-03   0.23246424E-03  -0.38501604E-03   0.00000000E+00
 25.   30.   0.49066848E-03   0.49066848E-03  -0.77003207E-03   0.00000000E+00
 25.   31.   0.23246424E-03   0.26641585E-03  -0.38501604E-03   0.00000000E+00
 25.   32.  -0.24007414E-04  -0.35276149E-03   0.38501603E-03   0.00000000E+00
 25.   33.  -0.44839586E-12  -0.69391002E-03   0.77003207E-03   0.00000000E+00
 25.   34.   0.24007415E-04  -0.35276150E-03   0.38501604E-03   0.00000000E+00
 25.   35.  -0.23246424E-03   0.26641585E-03  -0.38501603E-03   0.00000000E+00
 25.   36.  -0.49066848E-03   0.49066848E-03  -0.77003207E-03   0.00000000E+00
 25.   37.  -0.26641585E-03   0.23246424E-03  -0.38501604E-03   0.00000000E+00
 25.   38.   0.35276149E-03  -0.24007413E-04   0.38501603E-03   0.00000000E+00
 25.   39.   0.69391002E-03   0.00000000E+00   0.77003207E-03   0.00000000E+00
 25.   40.   0.00000000E+00   0.00000000E+00   0.00000000E+00   0.00000000E+00
 25.   41.   0.00000000E+00   0.00000000E+00   0.00000000E+00   0.00000000E+00
 25.   42.   0.00000000E+00   0.00000000E+00   0.00000000E+00   0.00000000E+00
 25.   43.   0.00000000E+00   0.00000000E+00   0.00000000E+00   0.00000000E+00
 25.   44.   0.00000000E+00   0.00000000E+00   0.00000000E+00   0.00000000E+00
 25.   45.   0.00000000E+00   0.00000000E+00   0.00000000E+00   0.00000000E+00
 25.   46.   0.00000000E+00   0.00000000E+00   0.00000000E+00   0.00000000E+00
 25.   47.   0.00000000E+00   0.00000000E+00   0.00000000E+00   0.00000000E+00
 25.   48.   0.00000000E+00   0.00000000E+00   0.00000000E+00   0.00000000E+00
 25.   49.   0.00000000E+00   0.00000000E+00   0.00000000E+00   0.00000000E+00
 25.   50.   0.00000000E+00   0.00000000E+00   0.00000000E+00   0.00000000E+00
 25.   51.   0.00000000E+00   0.00000000E+00   0.00000000E+00   0.00000000E+00
 25.   52.   0.00000000E+00   0.00000000E+00   0.00000000E+00   0.00000000E+00
 25.   53.   0.00000000E+00   0.00000000E+00   0.00000000E+00   0.00000000E+00
 25.   54.   0.00000000E+00   0.00000000E+00   0.00000000E+00   0.00000000E+00
 25.   55.   0.00000000E+00   0.00000000E+00   0.00000000E+00   0.00000000E+00
 25.   56.   0.00000000E+00   0.00000000E+00   0.00000000E+00   0.00000000E+00
 25.   57.   0.00000000E+00   0.00000000E+00   0.00000000E+00   0.00000000E+00
 25.   58.   0.00000000E+00   0.00000000E+00   0.00000000E+00   0.00000000E+00
 25.   59.   0.00000000E+00   0.00000000E+00   0.00000000E+00   0.00000000E+00
 25.   60.   0.00000000E+00   0.00000000E+00   0.00000000E+00   0.00000000E+00
 25.   61.   0.00000000E+00   0.00000000E+00   0.00000000E+00   0.00000000E+00
 25.   62.   0.00000000E+00   0.00000000E+00   0.00000000E+00   0.00000000E+00
 25.   63.   0.00000000E+00   0.00000000E+00   0.00000000E+00   0.00000000E+00
 25.   64.   0.00000000E+00   0.00000000E+00   0.00000000E+00   0.00000000E+00
 25.   65.   0.00000000E+00   0.00000000E+00   0.00000000E+00   0.00000000E+00
 26.    1.   0.13415535E-05   0.00000000E+00  -0.19554068E-05   0.00000000E+00
 26.    2.  -0.93320100E-06  -0.10061721E-05   0.16934319E-05   0.00000000E+00
 26.    3.  -0.51598330E-07   0.14309245E-05  -0.97770335E-06   0.00000000E+00
 26.    4.   0.10328813E-05  -0.10328813E-05   0.18089721E-13   0.00000000E+00
 26.    5.  -0.14309245E-05   0.51598319E-07   0.97770339E-06   0.00000000E+00
 26.    6.   0.10061720E-05   0.93320102E-06  -0.16934319E-05   0.00000000E+00
 26.    7.   0.15836988E-13  -0.13415535E-05   0.19554067E-05   0.00000000E+00
 26.    8.  -0.10061721E-05   0.93320100E-06  -0.16934319E-05   0.00000000E+00
 26.    9.   0.14309245E-05   0.51598348E-07   0.97770335E-06   0.00000000E+00
 26.   10.  -0.10328813E-05  -0.10328813E-05   0.63205700E-13   0.00000000E+00
 26.   11.   0.51598303E-07   0.14309245E-05  -0.97770338E-06   0.00000000E+00
 26.   12.   0.93320102E-06  -0.10061721E-05   0.16934319E-05   0.00000000E+00
 26.   13.  -0.13415535E-05   0.00000000E+00  -0.19554068E-05   0.00000000E+00
 26.   14.   0.16490806E-03   0.00000000E+00  -0.62292983E-03   0.00000000E+00
 26.   15.  -0.10736180E-03  -0.15111344E-03   0.53947306E-03   0.00000000E+00
 26.   16.  -0.30937083E-04   0.21849266E-03  -0.31146492E-03   0.00000000E+00
 26.   17.   0.16712766E-03  -0.16712765E-03  -0.42738265E-11   0.00000000E+00
 26.   18.  -0.21849266E-03   0.30937082E-04   0.31146492E-03   0.00000000E+00
 26.   19.   0.15111344E-03   0.10736180E-03  -0.53947306E-03   0.00000000E+00
 26.   20.   0.25861199E-11  -0.16490806E-03   0.62292983E-03   0.00000000E+00
 26.   21.  -0.15111344E-03   0.10736180E-03  -0.53947305E-03   0.00000000E+00
 26.   22.   0.21849266E-03   0.30937085E-04   0.31146491E-03   0.00000000E+00
 26.   23.  -0.16712765E-03  -0.16712766E-03   0.10100923E-10   0.00000000E+00
 26.   24.   0.30937079E-04   0.21849266E-03  -0.31146493E-03   0.00000000E+00
 26.   25.   0.10736180E-03  -0.15111344E-03   0.53947307E-03   0.00000000E+00
 26.   26.  -0.16490806E-03   0.00000000E+00  -0.62292983E-03   0.00000000E+00
 26.   27.   0.12581263E-03   0.00000000E+00  -0.42348411E-02   0.00000000E+00
 26.   28.   0.34034495E-04  -0.54799573E-03   0.36674800E-02   0.00000000E+00
 26.   29.  -0.41155752E-03   0.83865116E-03  -0.21174206E-02   0.00000000E+00
 26.   30.   0.76103358E-03  -0.76103358E-03  -0.28903568E-10   0.00000000E+00
 26.   31.  -0.83865116E-03   0.41155752E-03   0.21174206E-02   0.00000000E+00
 26.   32.   0.54799572E-03  -0.34034493E-04  -0.36674800E-02   0.00000000E+00
 26.   33.   0.12517028E-10  -0.12581263E-03   0.42348411E-02   0.00000000E+00
 26.   34.  -0.54799574E-03  -0.34034498E-04  -0.36674800E-02   0.00000000E+00
 26.   35.   0.83865117E-03   0.41155752E-03   0.21174205E-02   0.00000000E+00
 26.   36.  -0.76103358E-03  -0.76103358E-03   0.68883104E-10   0.00000000E+00
 26.   37.   0.41155751E-03   0.83865115E-03  -0.21174206E-02   0.00000000E+00
 26.   38.  -0.34034489E-04  -0.54799571E-03   0.36674800E-02   0.00000000E+00
 26.   39.  -0.12581263E-03   0.00000000E+00  -0.42348411E-02   0.00000000E+00
 26.   40.   0.00000000E+00   0.00000000E+00   0.00000000E+00   0.00000000E+00
 26.   41.   0.00000000E+00   0.00000000E+00   0.00000000E+00   0.00000000E+00
 26.   42.   0.00000000E+00   0.00000000E+00   0.00000000E+00   0.00000000E+00
 26.   43.   0.00000000E+00   0.00000000E+00   0.00000000E+00   0.00000000E+00
 26.   44.   0.00000000E+00   0.00000000E+00   0.00000000E+00   0.00000000E+00
 26.   45.   0.00000000E+00   0.00000000E+00   0.00000000E+00   0.00000000E+00
 26.   46.   0.00000000E+00   0.00000000E+00   0.00000000E+00   0.00000000E+00
 26.   47.   0.00000000E+00   0.00000000E+00   0.00000000E+00   0.00000000E+00
 26.   48.   0.00000000E+00   0.00000000E+00   0.00000000E+00   0.00000000E+00
 26.   49.   0.00000000E+00   0.00000000E+00   0.00000000E+00   0.00000000E+00
 26.   50.   0.00000000E+00   0.00000000E+00   0.00000000E+00   0.00000000E+00
 26.   51.   0.00000000E+00   0.00000000E+00   0.00000000E+00   0.00000000E+00
 26.   52.   0.00000000E+00   0.00000000E+00   0.00000000E+00   0.00000000E+00
 26.   53.   0.00000000E+00   0.00000000E+00   0.00000000E+00   0.00000000E+00
 26.   54.   0.00000000E+00   0.00000000E+00   0.00000000E+00   0.00000000E+00
 26.   55.   0.00000000E+00   0.00000000E+00   0.00000000E+00   0.00000000E+00
 26.   56.   0.00000000E+00   0.00000000E+00   0.00000000E+00   0.00000000E+00
 26.   57.   0.00000000E+00   0.00000000E+00   0.00000000E+00   0.00000000E+00
 26.   58.   0.00000000E+00   0.00000000E+00   0.00000000E+00   0.00000000E+00
 26.   59.   0.00000000E+00   0.00000000E+00   0.00000000E+00   0.00000000E+00
 26.   60.   0.00000000E+00   0.00000000E+00   0.00000000E+00   0.00000000E+00
 26.   61.   0.00000000E+00   0.00000000E+00   0.00000000E+00   0.00000000E+00
 26.   62.   0.00000000E+00   0.00000000E+00   0.00000000E+00   0.00000000E+00
 26.   63.   0.00000000E+00   0.00000000E+00   0.00000000E+00   0.00000000E+00
 26.   64.   0.00000000E+00   0.00000000E+00   0.00000000E+00   0.00000000E+00
 26.   65.   0.00000000E+00   0.00000000E+00   0.00000000E+00   0.00000000E+00
 27.    1.   0.74551193E-04   0.00000000E+00  -0.16739893E-03   0.00000000E+00
 27.    2.   0.32937787E-05  -0.86843743E-04   0.43326031E-04   0.00000000E+00
 27.    3.  -0.77844972E-04   0.57049918E-05   0.14497172E-03   0.00000000E+00
 27.    4.  -0.65875576E-05   0.81138751E-04  -0.11836892E-03   0.00000000E+00
 27.    5.   0.84432529E-04  -0.57049916E-05  -0.83699465E-04   0.00000000E+00
 27.    6.   0.32937790E-05  -0.75433759E-04   0.16169495E-03   0.00000000E+00
 27.    7.  -0.87726308E-04  -0.52032396E-12   0.13184464E-11   0.00000000E+00
 27.    8.   0.32937778E-05   0.75433759E-04  -0.16169495E-03   0.00000000E+00
 27.    9.   0.84432529E-04   0.57049926E-05   0.83699463E-04   0.00000000E+00
 27.   10.  -0.65875564E-05  -0.81138751E-04   0.11836892E-03   0.00000000E+00
 27.   11.  -0.77844972E-04  -0.57049930E-05  -0.14497172E-03   0.00000000E+00
 27.   12.   0.32937777E-05   0.86843743E-04  -0.43326033E-04   0.00000000E+00
 27.   13.   0.74551193E-04   0.00000000E+00   0.16739893E-03   0.00000000E+00
 27.   14.   0.25192619E-03   0.00000000E+00  -0.36865386E-02   0.00000000E+00
 27.   15.   0.18120499E-03  -0.92819242E-03   0.95414639E-03   0.00000000E+00
 27.   16.  -0.43313118E-03   0.31385625E-03   0.31926360E-02   0.00000000E+00
 27.   17.  -0.36240998E-03   0.61433617E-03  -0.26067764E-02   0.00000000E+00
 27.   18.   0.79554115E-03  -0.31385625E-03  -0.18432693E-02   0.00000000E+00
 27.   19.   0.18120499E-03  -0.30047992E-03   0.35609228E-02   0.00000000E+00
 27.   20.  -0.97674615E-03  -0.90979467E-12   0.30422309E-10   0.00000000E+00
 27.   21.   0.18120498E-03   0.30047991E-03  -0.35609228E-02   0.00000000E+00
 27.   22.   0.79554116E-03   0.31385625E-03   0.18432692E-02   0.00000000E+00
 27.   23.  -0.36240997E-03  -0.61433616E-03   0.26067764E-02   0.00000000E+00
 27.   24.  -0.43313118E-03  -0.31385626E-03  -0.31926360E-02   0.00000000E+00
 27.   25.   0.18120499E-03   0.92819241E-03  -0.95414644E-03   0.00000000E+00
 27.   26.   0.25192619E-03   0.00000000E+00   0.36865386E-02   0.00000000E+00
 27.   27.  -0.64200858E-03   0.00000000E+00   0.14447335E-02   0.00000000E+00
 27.   28.   0.96326419E-04   0.28251349E-03  -0.37392453E-03   0.00000000E+00
 27.   29.   0.54568216E-03   0.16684225E-03  -0.12511759E-02   0.00000000E+00
 27.   30.  -0.19265284E-03  -0.44935574E-03   0.10215808E-02   0.00000000E+00
 27.   31.  -0.35302932E-03  -0.16684225E-03   0.72236674E-03   0.00000000E+00
 27.   32.   0.96326418E-04   0.61619799E-03  -0.13955054E-02   0.00000000E+00
 27.   33.   0.25670290E-03   0.49830098E-11  -0.11920437E-10   0.00000000E+00
 27.   34.   0.96326421E-04  -0.61619800E-03   0.13955054E-02   0.00000000E+00
 27.   35.  -0.35302932E-03   0.16684225E-03  -0.72236672E-03   0.00000000E+00
 27.   36.  -0.19265284E-03   0.44935575E-03  -0.10215808E-02   0.00000000E+00
 27.   37.   0.54568216E-03  -0.16684225E-03   0.12511759E-02   0.00000000E+00
 27.   38.   0.96326428E-04  -0.28251349E-03   0.37392456E-03   0.00000000E+00
 27.   39.  -0.64200858E-03   0.00000000E+00  -0.14447335E-02   0.00000000E+00
 27.   40.   0.00000000E+00   0.00000000E+00   0.00000000E+00   0.00000000E+00
 27.   41.   0.00000000E+00   0.00000000E+00   0.00000000E+00   0.00000000E+00
 27.   42.   0.00000000E+00   0.00000000E+00   0.00000000E+00   0.00000000E+00
 27.   43.   0.00000000E+00   0.00000000E+00   0.00000000E+00   0.00000000E+00
 27.   44.   0.00000000E+00   0.00000000E+00   0.00000000E+00   0.00000000E+00
 27.   45.   0.00000000E+00   0.00000000E+00   0.00000000E+00   0.00000000E+00
 27.   46.   0.00000000E+00   0.00000000E+00   0.00000000E+00   0.00000000E+00
 27.   47.   0.00000000E+00   0.00000000E+00   0.00000000E+00   0.00000000E+00
 27.   48.   0.00000000E+00   0.00000000E+00   0.00000000E+00   0.00000000E+00
 27.   49.   0.00000000E+00   0.00000000E+00   0.00000000E+00   0.00000000E+00
 27.   50.   0.00000000E+00   0.00000000E+00   0.00000000E+00   0.00000000E+00
 27.   51.   0.00000000E+00   0.00000000E+00   0.00000000E+00   0.00000000E+00
 27.   52.   0.00000000E+00   0.00000000E+00   0.00000000E+00   0.00000000E+00
 27.   53.   0.00000000E+00   0.00000000E+00   0.00000000E+00   0.00000000E+00
 27.   54.   0.00000000E+00   0.00000000E+00   0.00000000E+00   0.00000000E+00
 27.   55.   0.00000000E+00   0.00000000E+00   0.00000000E+00   0.00000000E+00
 27.   56.   0.00000000E+00   0.00000000E+00   0.00000000E+00   0.00000000E+00
 27.   57.   0.00000000E+00   0.00000000E+00   0.00000000E+00   0.00000000E+00
 27.   58.   0.00000000E+00   0.00000000E+00   0.00000000E+00   0.00000000E+00
 27.   59.   0.00000000E+00   0.00000000E+00   0.00000000E+00   0.00000000E+00
 27.   60.   0.00000000E+00   0.00000000E+00   0.00000000E+00   0.00000000E+00
 27.   61.   0.00000000E+00   0.00000000E+00   0.00000000E+00   0.00000000E+00
 27.   62.   0.00000000E+00   0.00000000E+00   0.00000000E+00   0.00000000E+00
 27.   63.   0.00000000E+00   0.00000000E+00   0.00000000E+00   0.00000000E+00
 27.   64.   0.00000000E+00   0.00000000E+00   0.00000000E+00   0.00000000E+00
 27.   65.   0.00000000E+00   0.00000000E+00   0.00000000E+00   0.00000000E+00
 28.    1.  -0.59087238E-03   0.00000000E+00  -0.31642533E-02   0.00000000E+00
 28.    2.  -0.43293600E-03  -0.36135835E-03  -0.27403238E-02   0.00000000E+00
 28.    3.  -0.50613040E-04  -0.50320802E-03  -0.15821267E-02   0.00000000E+00
 28.    4.   0.33515911E-03  -0.33515912E-03  -0.40617081E-11   0.00000000E+00
 28.    5.   0.50320802E-03   0.50613039E-04   0.15821267E-02   0.00000000E+00
 28.    6.   0.36135835E-03   0.43293600E-03   0.27403238E-02   0.00000000E+00
 28.    7.   0.18107092E-11   0.59087238E-03   0.31642533E-02   0.00000000E+00
 28.    8.  -0.36135835E-03   0.43293600E-03   0.27403238E-02   0.00000000E+00
 28.    9.  -0.50320802E-03   0.50613042E-04   0.15821267E-02   0.00000000E+00
 28.   10.  -0.33515912E-03  -0.33515911E-03   0.10617610E-10   0.00000000E+00
 28.   11.   0.50613036E-04  -0.50320802E-03  -0.15821267E-02   0.00000000E+00
 28.   12.   0.43293600E-03  -0.36135836E-03  -0.27403238E-02   0.00000000E+00
 28.   13.   0.59087238E-03   0.00000000E+00  -0.31642533E-02   0.00000000E+00
 28.   14.   0.61149013E-03   0.00000000E+00   0.13415415E-02   0.00000000E+00
 28.   15.   0.49838996E-03   0.18606920E-03   0.11618090E-02   0.00000000E+00
 28.   16.   0.22084413E-03   0.22897687E-03   0.67077076E-03   0.00000000E+00
 28.   17.  -0.71751861E-04   0.71751862E-04   0.16440817E-11   0.00000000E+00
 28.   18.  -0.22897687E-03  -0.22084413E-03  -0.67077076E-03   0.00000000E+00
 28.   19.  -0.18606920E-03  -0.49838996E-03  -0.11618090E-02   0.00000000E+00
 28.   20.  -0.97182962E-12  -0.61149013E-03  -0.13415415E-02   0.00000000E+00
 28.   21.   0.18606919E-03  -0.49838996E-03  -0.11618090E-02   0.00000000E+00
 28.   22.   0.22897687E-03  -0.22084413E-03  -0.67077077E-03   0.00000000E+00
 28.   23.   0.71751863E-04   0.71751860E-04  -0.45196898E-11   0.00000000E+00
 28.   24.  -0.22084413E-03   0.22897687E-03   0.67077076E-03   0.00000000E+00
 28.   25.  -0.49838996E-03   0.18606920E-03   0.11618090E-02   0.00000000E+00
 28.   26.  -0.61149013E-03   0.00000000E+00   0.13415415E-02   0.00000000E+00
 28.   27.  -0.58508945E-03   0.00000000E+00   0.16016882E-03   0.00000000E+00
 28.   28.  -0.49051350E-03  -0.12712616E-03   0.13871027E-03   0.00000000E+00
 28.   29.  -0.25695365E-03  -0.14003268E-03   0.80084411E-04   0.00000000E+00
 28.   30.  -0.58828310E-05   0.58828301E-05   0.22384395E-12   0.00000000E+00
 28.   31.   0.14003268E-03   0.25695365E-03  -0.80084411E-04   0.00000000E+00
 28.   32.   0.12712616E-03   0.49051350E-03  -0.13871027E-03   0.00000000E+00
 28.   33.   0.67094338E-12   0.58508945E-03  -0.16016882E-03   0.00000000E+00
 28.   34.  -0.12712616E-03   0.49051350E-03  -0.13871027E-03   0.00000000E+00
 28.   35.  -0.14003268E-03   0.25695365E-03  -0.80084412E-04   0.00000000E+00
 28.   36.   0.58828291E-05   0.58828320E-05  -0.55907201E-12   0.00000000E+00
 28.   37.   0.25695364E-03  -0.14003268E-03   0.80084411E-04   0.00000000E+00
 28.   38.   0.49051349E-03  -0.12712616E-03   0.13871027E-03   0.00000000E+00
 28.   39.   0.58508945E-03   0.00000000E+00   0.16016882E-03   0.00000000E+00
 28.   40.   0.00000000E+00   0.00000000E+00   0.00000000E+00   0.00000000E+00
 28.   41.   0.00000000E+00   0.00000000E+00   0.00000000E+00   0.00000000E+00
 28.   42.   0.00000000E+00   0.00000000E+00   0.00000000E+00   0.00000000E+00
 28.   43.   0.00000000E+00   0.00000000E+00   0.00000000E+00   0.00000000E+00
 28.   44.   0.00000000E+00   0.00000000E+00   0.00000000E+00   0.00000000E+00
 28.   45.   0.00000000E+00   0.00000000E+00   0.00000000E+00   0.00000000E+00
 28.   46.   0.00000000E+00   0.00000000E+00   0.00000000E+00   0.00000000E+00
 28.   47.   0.00000000E+00   0.00000000E+00   0.00000000E+00   0.00000000E+00
 28.   48.   0.00000000E+00   0.00000000E+00   0.00000000E+00   0.00000000E+00
 28.   49.   0.00000000E+00   0.00000000E+00   0.00000000E+00   0.00000000E+00
 28.   50.   0.00000000E+00   0.00000000E+00   0.00000000E+00   0.00000000E+00
 28.   51.   0.00000000E+00   0.00000000E+00   0.00000000E+00   0.00000000E+00
 28.   52.   0.00000000E+00   0.00000000E+00   0.00000000E+00   0.00000000E+00
 28.   53.   0.00000000E+00   0.00000000E+00   0.00000000E+00   0.00000000E+00
 28.   54.   0.00000000E+00   0.00000000E+00   0.00000000E+00   0.00000000E+00
 28.   55.   0.00000000E+00   0.00000000E+00   0.00000000E+00   0.00000000E+00
 28.   56.   0.00000000E+00   0.00000000E+00   0.00000000E+00   0.00000000E+00
 28.   57.   0.00000000E+00   0.00000000E+00   0.00000000E+00   0.00000000E+00
 28.   58.   0.00000000E+00   0.00000000E+00   0.00000000E+00   0.00000000E+00
 28.   59.   0.00000000E+00   0.00000000E+00   0.00000000E+00   0.00000000E+00
 28.   60.   0.00000000E+00   0.00000000E+00   0.00000000E+00   0.00000000E+00
 28.   61.   0.00000000E+00   0.00000000E+00   0.00000000E+00   0.00000000E+00
 28.   62.   0.00000000E+00   0.00000000E+00   0.00000000E+00   0.00000000E+00
 28.   63.   0.00000000E+00   0.00000000E+00   0.00000000E+00   0.00000000E+00
 28.   64.   0.00000000E+00   0.00000000E+00   0.00000000E+00   0.00000000E+00
 28.   65.   0.00000000E+00   0.00000000E+00   0.00000000E+00   0.00000000E+00
 29.    1.  -0.68028124E-04   0.00000000E+00  -0.15100483E-02   0.00000000E+00
 29.    2.  -0.65710122E-04  -0.17606974E-04  -0.15100483E-02   0.00000000E+00
 29.    3.  -0.58914084E-04  -0.34014062E-04  -0.15100483E-02   0.00000000E+00
 29.    4.  -0.48103148E-04  -0.48103148E-04  -0.15100483E-02   0.00000000E+00
 29.    5.  -0.34014062E-04  -0.58914084E-04  -0.15100483E-02   0.00000000E+00
 29.    6.  -0.17606974E-04  -0.65710122E-04  -0.15100483E-02   0.00000000E+00
 29.    7.  -0.80370193E-13  -0.68028124E-04  -0.15100483E-02   0.00000000E+00
 29.    8.   0.17606974E-04  -0.65710122E-04  -0.15100483E-02   0.00000000E+00
 29.    9.   0.34014062E-04  -0.58914084E-04  -0.15100483E-02   0.00000000E+00
 29.   10.   0.48103148E-04  -0.48103148E-04  -0.15100483E-02   0.00000000E+00
 29.   11.   0.58914084E-04  -0.34014062E-04  -0.15100483E-02   0.00000000E+00
 29.   12.   0.65710122E-04  -0.17606974E-04  -0.15100483E-02   0.00000000E+00
 29.   13.   0.68028124E-04   0.00000000E+00  -0.15100483E-02   0.00000000E+00
 29.   14.   0.24588272E-03   0.00000000E+00   0.74959833E-03   0.00000000E+00
 29.   15.   0.23750447E-03   0.63639130E-04   0.74959833E-03   0.00000000E+00
 29.   16.   0.21294068E-03   0.12294136E-03   0.74959833E-03   0.00000000E+00
 29.   17.   0.17386534E-03   0.17386534E-03   0.74959833E-03   0.00000000E+00
 29.   18.   0.12294136E-03   0.21294068E-03   0.74959833E-03   0.00000000E+00
 29.   19.   0.63639130E-04   0.23750446E-03   0.74959833E-03   0.00000000E+00
 29.   20.   0.29057244E-12   0.24588272E-03   0.74959833E-03   0.00000000E+00
 29.   21.  -0.63639129E-04   0.23750447E-03   0.74959833E-03   0.00000000E+00
 29.   22.  -0.12294136E-03   0.21294068E-03   0.74959833E-03   0.00000000E+00
 29.   23.  -0.17386534E-03   0.17386534E-03   0.74959833E-03   0.00000000E+00
 29.   24.  -0.21294068E-03   0.12294136E-03   0.74959833E-03   0.00000000E+00
 29.   25.  -0.23750446E-03   0.63639130E-04   0.74959833E-03   0.00000000E+00
 29.   26.  -0.24588272E-03   0.00000000E+00   0.74959833E-03   0.00000000E+00
 29.   27.  -0.26850532E-03   0.00000000E+00   0.11929684E-04   0.00000000E+00
 29.   28.  -0.25935622E-03  -0.69494289E-04   0.11929684E-04   0.00000000E+00
 29.   29.  -0.23253242E-03  -0.13425266E-03   0.11929684E-04   0.00000000E+00
 29.   30.  -0.18986193E-03  -0.18986193E-03   0.11929684E-04   0.00000000E+00
 29.   31.  -0.13425266E-03  -0.23253242E-03   0.11929684E-04   0.00000000E+00
 29.   32.  -0.69494290E-04  -0.25935622E-03   0.11929684E-04   0.00000000E+00
 29.   33.  -0.31751545E-12  -0.26850532E-03   0.11929684E-04   0.00000000E+00
 29.   34.   0.69494289E-04  -0.25935622E-03   0.11929684E-04   0.00000000E+00
 29.   35.   0.13425266E-03  -0.23253242E-03   0.11929684E-04   0.00000000E+00
 29.   36.   0.18986193E-03  -0.18986193E-03   0.11929684E-04   0.00000000E+00
 29.   37.   0.23253242E-03  -0.13425266E-03   0.11929684E-04   0.00000000E+00
 29.   38.   0.25935622E-03  -0.69494290E-04   0.11929684E-04   0.00000000E+00
 29.   39.   0.26850532E-03   0.00000000E+00   0.11929684E-04   0.00000000E+00
 29.   40.   0.00000000E+00   0.00000000E+00   0.00000000E+00   0.00000000E+00
 29.   41.   0.00000000E+00   0.00000000E+00   0.00000000E+00   0.00000000E+00
 29.   42.   0.00000000E+00   0.00000000E+00   0.00000000E+00   0.00000000E+00
 29.   43.   0.00000000E+00   0.00000000E+00   0.00000000E+00   0.00000000E+00
 29.   44.   0.00000000E+00   0.00000000E+00   0.00000000E+00   0.00000000E+00
 29.   45.   0.00000000E+00   0.00000000E+00   0.00000000E+00   0.00000000E+00
 29.   46.   0.00000000E+00   0.00000000E+00   0.00000000E+00   0.00000000E+00
 29.   47.   0.00000000E+00   0.00000000E+00   0.00000000E+00   0.00000000E+00
 29.   48.   0.00000000E+00   0.00000000E+00   0.00000000E+00   0.00000000E+00
 29.   49.   0.00000000E+00   0.00000000E+00   0.00000000E+00   0.00000000E+00
 29.   50.   0.00000000E+00   0.00000000E+00   0.00000000E+00   0.00000000E+00
 29.   51.   0.00000000E+00   0.00000000E+00   0.00000000E+00   0.00000000E+00
 29.   52.   0.00000000E+00   0.00000000E+00   0.00000000E+00   0.00000000E+00
 29.   53.   0.00000000E+00   0.00000000E+00   0.00000000E+00   0.00000000E+00
 29.   54.   0.00000000E+00   0.00000000E+00   0.00000000E+00   0.00000000E+00
 29.   55.   0.00000000E+00   0.00000000E+00   0.00000000E+00   0.00000000E+00
 29.   56.   0.00000000E+00   0.00000000E+00   0.00000000E+00   0.00000000E+00
 29.   57.   0.00000000E+00   0.00000000E+00   0.00000000E+00   0.00000000E+00
 29.   58.   0.00000000E+00   0.00000000E+00   0.00000000E+00   0.00000000E+00
 29.   59.   0.00000000E+00   0.00000000E+00   0.00000000E+00   0.00000000E+00
 29.   60.   0.00000000E+00   0.00000000E+00   0.00000000E+00   0.00000000E+00
 29.   61.   0.00000000E+00   0.00000000E+00   0.00000000E+00   0.00000000E+00
 29.   62.   0.00000000E+00   0.00000000E+00   0.00000000E+00   0.00000000E+00
 29.   63.   0.00000000E+00   0.00000000E+00   0.00000000E+00   0.00000000E+00
 29.   64.   0.00000000E+00   0.00000000E+00   0.00000000E+00   0.00000000E+00
 29.   65.   0.00000000E+00   0.00000000E+00   0.00000000E+00   0.00000000E+00
 30.    1.   0.47411288E-06   0.00000000E+00  -0.63434888E-06   0.00000000E+00
 30.    2.  -0.40775584E-06  -0.24764736E-06   0.61273383E-06   0.00000000E+00
 30.    3.   0.22646533E-06   0.42893766E-06  -0.54936168E-06   0.00000000E+00
 30.    4.   0.21181695E-07  -0.49529452E-06   0.44855234E-06   0.00000000E+00
 30.    5.  -0.26882916E-06   0.42893775E-06  -0.31717436E-06   0.00000000E+00
 30.    6.   0.45011976E-06  -0.24764718E-06   0.16418166E-06   0.00000000E+00
 30.    7.  -0.51647640E-06   0.84547425E-13   0.28562727E-12   0.00000000E+00
 30.    8.   0.45011950E-06   0.24764723E-06  -0.16418131E-06   0.00000000E+00
 30.    9.  -0.26882911E-06  -0.42893779E-06   0.31717423E-06   0.00000000E+00
 30.   10.   0.21182004E-07   0.49529450E-06  -0.44855250E-06   0.00000000E+00
 30.   11.   0.22646566E-06  -0.42893774E-06   0.54936186E-06   0.00000000E+00
 30.   12.  -0.40775553E-06   0.24764718E-06  -0.61273394E-06   0.00000000E+00
 30.   13.   0.47411294E-06   0.00000000E+00   0.63434847E-06   0.00000000E+00
 30.   14.   0.11110159E-03   0.00000000E+00  -0.37714556E-03   0.00000000E+00
 30.   15.  -0.93185483E-04  -0.66863808E-04   0.36429464E-03   0.00000000E+00
 30.   16.   0.44237779E-04   0.11581151E-03  -0.32661764E-03   0.00000000E+00
 30.   17.   0.22626030E-04  -0.13372762E-03   0.26668218E-03   0.00000000E+00
 30.   18.  -0.89489837E-04   0.11581151E-03  -0.18857278E-03   0.00000000E+00
 30.   19.   0.13843754E-03  -0.66863807E-04   0.97612451E-04   0.00000000E+00
 30.   20.  -0.15635364E-03  -0.12900203E-11   0.48980604E-11   0.00000000E+00
 30.   21.   0.13843754E-03   0.66863809E-04  -0.97612460E-04   0.00000000E+00
 30.   22.  -0.89489835E-04  -0.11581151E-03   0.18857279E-03   0.00000000E+00
 30.   23.   0.22626027E-04   0.13372761E-03  -0.26668219E-03   0.00000000E+00
 30.   24.   0.44237782E-04  -0.11581151E-03   0.32661764E-03   0.00000000E+00
 30.   25.  -0.93185485E-04   0.66863805E-04  -0.36429464E-03   0.00000000E+00
 30.   26.   0.11110159E-03   0.00000000E+00   0.37714556E-03   0.00000000E+00
 30.   27.   0.15852909E-03   0.00000000E+00  -0.34757879E-02   0.00000000E+00
 30.   28.  -0.83241064E-04  -0.28097874E-03   0.33573533E-02   0.00000000E+00
 30.   29.  -0.12244965E-03   0.48666945E-03  -0.30101206E-02   0.00000000E+00
 30.   30.   0.40342839E-03  -0.56195748E-03   0.24577532E-02   0.00000000E+00
 30.   31.  -0.68440712E-03   0.48666945E-03  -0.17378939E-02   0.00000000E+00
 30.   32.   0.89009783E-03  -0.28097874E-03   0.89960008E-03   0.00000000E+00
 30.   33.  -0.96538586E-03  -0.10533530E-11   0.45040549E-10   0.00000000E+00
 30.   34.   0.89009783E-03   0.28097874E-03  -0.89960016E-03   0.00000000E+00
 30.   35.  -0.68440711E-03  -0.48666944E-03   0.17378940E-02   0.00000000E+00
 30.   36.   0.40342837E-03   0.56195746E-03  -0.24577532E-02   0.00000000E+00
 30.   37.  -0.12244964E-03  -0.48666943E-03   0.30101207E-02   0.00000000E+00
 30.   38.  -0.83241070E-04   0.28097871E-03  -0.33573533E-02   0.00000000E+00
 30.   39.   0.15852909E-03   0.00000000E+00   0.34757879E-02   0.00000000E+00
 30.   40.   0.00000000E+00   0.00000000E+00   0.00000000E+00   0.00000000E+00
 30.   41.   0.00000000E+00   0.00000000E+00   0.00000000E+00   0.00000000E+00
 30.   42.   0.00000000E+00   0.00000000E+00   0.00000000E+00   0.00000000E+00
 30.   43.   0.00000000E+00   0.00000000E+00   0.00000000E+00   0.00000000E+00
 30.   44.   0.00000000E+00   0.00000000E+00   0.00000000E+00   0.00000000E+00
 30.   45.   0.00000000E+00   0.00000000E+00   0.00000000E+00   0.00000000E+00
 30.   46.   0.00000000E+00   0.00000000E+00   0.00000000E+00   0.00000000E+00
 30.   47.   0.00000000E+00   0.00000000E+00   0.00000000E+00   0.00000000E+00
 30.   48.   0.00000000E+00   0.00000000E+00   0.00000000E+00   0.00000000E+00
 30.   49.   0.00000000E+00   0.00000000E+00   0.00000000E+00   0.00000000E+00
 30.   50.   0.00000000E+00   0.00000000E+00   0.00000000E+00   0.00000000E+00
 30.   51.   0.00000000E+00   0.00000000E+00   0.00000000E+00   0.00000000E+00
 30.   52.   0.00000000E+00   0.00000000E+00   0.00000000E+00   0.00000000E+00
 30.   53.   0.00000000E+00   0.00000000E+00   0.00000000E+00   0.00000000E+00
 30.   54.   0.00000000E+00   0.00000000E+00   0.00000000E+00   0.00000000E+00
 30.   55.   0.00000000E+00   0.00000000E+00   0.00000000E+00   0.00000000E+00
 30.   56.   0.00000000E+00   0.00000000E+00   0.00000000E+00   0.00000000E+00
 30.   57.   0.00000000E+00   0.00000000E+00   0.00000000E+00   0.00000000E+00
 30.   58.   0.00000000E+00   0.00000000E+00   0.00000000E+00   0.00000000E+00
 30.   59.   0.00000000E+00   0.00000000E+00   0.00000000E+00   0.00000000E+00
 30.   60.   0.00000000E+00   0.00000000E+00   0.00000000E+00   0.00000000E+00
 30.   61.   0.00000000E+00   0.00000000E+00   0.00000000E+00   0.00000000E+00
 30.   62.   0.00000000E+00   0.00000000E+00   0.00000000E+00   0.00000000E+00
 30.   63.   0.00000000E+00   0.00000000E+00   0.00000000E+00   0.00000000E+00
 30.   64.   0.00000000E+00   0.00000000E+00   0.00000000E+00   0.00000000E+00
 30.   65.   0.00000000E+00   0.00000000E+00   0.00000000E+00   0.00000000E+00
