mode k UX UY UZ VOLT(zero: no VOLT dof)
  1.    1.   0.51226182E+00   0.00000000E+00   0.62743701E+00   0.00000000E+00
  1.    2.   0.51226182E+00  -0.65482544E-12   0.62489806E+00   0.00000000E+00
  1.    3.   0.51226182E+00  -0.16979917E-11   0.61745422E+00   0.00000000E+00
  1.    4.   0.51226182E+00  -0.30057283E-11   0.60561278E+00   0.00000000E+00
  1.    5.   0.51226182E+00  -0.40609579E-11   0.59018071E+00   0.00000000E+00
  1.    6.   0.51226182E+00  -0.45113940E-11   0.57220969E+00   0.00000000E+00
  1.    7.   0.51226182E+00  -0.46488910E-11   0.55292441E+00   0.00000000E+00
  1.    8.   0.51226182E+00  -0.46146210E-11   0.53363913E+00   0.00000000E+00
  1.    9.   0.51226182E+00  -0.43234246E-11   0.51566811E+00   0.00000000E+00
  1.   10.   0.51226182E+00  -0.34507830E-11   0.50023605E+00   0.00000000E+00
  1.   11.   0.51226182E+00  -0.21133551E-11   0.48839461E+00   0.00000000E+00
  1.   12.   0.51226182E+00  -0.68947819E-12   0.48095077E+00   0.00000000E+00
  1.   13.   0.51226182E+00   0.00000000E+00   0.47841182E+00   0.00000000E+00
  1.   14.   0.51226182E+00   0.00000000E+00   0.72057776E+00   0.00000000E+00
  1.   15.   0.51226182E+00  -0.31523895E-12   0.71486511E+00   0.00000000E+00
  1.   16.   0.51226182E+00  -0.12104587E-11   0.69811647E+00   0.00000000E+00
  1.   17.   0.51226182E+00  -0.28305439E-11   0.67147323E+00   0.00000000E+00
  1.   18.   0.51226182E+00  -0.40807291E-11   0.63675109E+00   0.00000000E+00
  1.   19.   0.51226182E+00  -0.47417635E-11   0.59631629E+00   0.00000000E+00
  1.   20.   0.51226182E+00  -0.49452680E-11   0.55292441E+00   0.00000000E+00
  1.   21.   0.51226182E+00  -0.48494057E-11   0.50953254E+00   0.00000000E+00
  1.   22.   0.51226182E+00  -0.44136952E-11   0.46909774E+00   0.00000000E+00
  1.   23.   0.51226182E+00  -0.35050476E-11   0.43437560E+00   0.00000000E+00
  1.   24.   0.51226182E+00  -0.20717133E-11   0.40773236E+00   0.00000000E+00
  1.   25.   0.51226182E+00  -0.71635720E-12   0.39098372E+00   0.00000000E+00
  1.   26.   0.51226182E+00   0.00000000E+00   0.38527107E+00   0.00000000E+00
  1.   27.   0.51226182E+00   0.00000000E+00   0.81371851E+00   0.00000000E+00
  1.   28.   0.51226182E+00   0.42263048E-12   0.80483216E+00   0.00000000E+00
  1.   29.   0.51226182E+00  -0.27618141E-12   0.77877872E+00   0.00000000E+00
  1.   30.   0.51226182E+00  -0.26297760E-11   0.73733368E+00   0.00000000E+00
  1.   31.   0.51226182E+00  -0.41628671E-11   0.68332146E+00   0.00000000E+00
  1.   32.   0.51226182E+00  -0.46908700E-11   0.62042289E+00   0.00000000E+00
  1.   33.   0.51226182E+00  -0.47616497E-11   0.55292441E+00   0.00000000E+00
  1.   34.   0.51226182E+00  -0.46441051E-11   0.48542594E+00   0.00000000E+00
  1.   35.   0.51226182E+00  -0.41988646E-11   0.42252737E+00   0.00000000E+00
  1.   36.   0.51226182E+00  -0.32933883E-11   0.36851514E+00   0.00000000E+00
  1.   37.   0.51226182E+00  -0.16036934E-11   0.32707011E+00   0.00000000E+00
  1.   38.   0.51226182E+00  -0.38594038E-12   0.30101667E+00   0.00000000E+00
  1.   39.   0.51226182E+00   0.00000000E+00   0.29213032E+00   0.00000000E+00
  1.   40.   0.51226182E+00   0.00000000E+00   0.90685925E+00   0.00000000E+00
  1.   41.   0.51226182E+00   0.13913088E-11   0.89479922E+00   0.00000000E+00
  1.   42.   0.51226182E+00   0.37327121E-12   0.85944098E+00   0.00000000E+00
  1.   43.   0.51226182E+00  -0.27913976E-11   0.80319414E+00   0.00000000E+00
  1.   44.   0.51226182E+00  -0.43676127E-11   0.72989183E+00   0.00000000E+00
  1.   45.   0.51226182E+00  -0.47159185E-11   0.64452949E+00   0.00000000E+00
  1.   46.   0.51226182E+00  -0.47408889E-11   0.55292441E+00   0.00000000E+00
  1.   47.   0.51226182E+00  -0.44806843E-11   0.46131934E+00   0.00000000E+00
  1.   48.   0.51226182E+00  -0.39123014E-11   0.37595699E+00   0.00000000E+00
  1.   49.   0.51226182E+00  -0.29918785E-11   0.30265469E+00   0.00000000E+00
  1.   50.   0.51226182E+00  -0.93451558E-12   0.24640785E+00   0.00000000E+00
  1.   51.   0.51226182E+00   0.43122744E-12   0.21104961E+00   0.00000000E+00
  1.   52.   0.51226182E+00   0.00000000E+00   0.19898957E+00   0.00000000E+00
  1.   53.   0.51226182E+00   0.00000000E+00   0.10000000E+01   0.00000000E+00
  1.   54.   0.51226182E+00   0.22295439E-11   0.98476627E+00   0.00000000E+00
  1.   55.   0.51226182E+00   0.95313056E-12   0.94010323E+00   0.00000000E+00
  1.   56.   0.51226182E+00  -0.27291264E-11   0.86905459E+00   0.00000000E+00
  1.   57.   0.51226182E+00  -0.43622127E-11   0.77646221E+00   0.00000000E+00
  1.   58.   0.51226182E+00  -0.48780293E-11   0.66863609E+00   0.00000000E+00
  1.   59.   0.51226182E+00  -0.52166006E-11   0.55292441E+00   0.00000000E+00
  1.   60.   0.51226182E+00  -0.47125058E-11   0.43721274E+00   0.00000000E+00
  1.   61.   0.51226182E+00  -0.38162311E-11   0.32938662E+00   0.00000000E+00
  1.   62.   0.51226182E+00  -0.28600014E-11   0.23679424E+00   0.00000000E+00
  1.   63.   0.51226182E+00  -0.39962648E-12   0.16574560E+00   0.00000000E+00
  1.   64.   0.51226182E+00   0.10846894E-11   0.12108256E+00   0.00000000E+00
  1.   65.   0.51226182E+00   0.00000000E+00   0.10584883E+00   0.00000000E+00
  1.   66.   0.52716434E+00   0.00000000E+00   0.10000000E+01   0.00000000E+00
  1.   67.   0.52716434E+00  -0.21389920E-11   0.98476627E+00   0.00000000E+00
  1.   68.   0.52716434E+00  -0.77437608E-12   0.94010323E+00   0.00000000E+00
  1.   69.   0.52716434E+00   0.27956894E-11   0.86905459E+00   0.00000000E+00
  1.   70.   0.52716434E+00   0.42450489E-11   0.77646221E+00   0.00000000E+00
  1.   71.   0.52716434E+00   0.46513937E-11   0.66863609E+00   0.00000000E+00
  1.   72.   0.52716434E+00   0.50390357E-11   0.55292441E+00   0.00000000E+00
  1.   73.   0.52716434E+00   0.46651594E-11   0.43721274E+00   0.00000000E+00
  1.   74.   0.52716434E+00   0.37928368E-11   0.32938662E+00   0.00000000E+00
  1.   75.   0.52716434E+00   0.28208276E-11   0.23679424E+00   0.00000000E+00
  1.   76.   0.52716434E+00   0.33986417E-12   0.16574560E+00   0.00000000E+00
  1.   77.   0.52716434E+00  -0.11316761E-11   0.12108256E+00   0.00000000E+00
  1.   78.   0.52716434E+00   0.00000000E+00   0.10584883E+00   0.00000000E+00
  2.    1.  -0.84579837E-01   0.00000000E+00   0.12225587E+00   0.00000000E+00
  2.    2.  -0.84579837E-01  -0.55104951E-12   0.12652850E+00   0.00000000E+00
  2.    3.  -0.84579837E-01  -0.11063698E-11   0.13905522E+00   0.00000000E+00
  2.    4.  -0.84579837E-01  -0.16340041E-11   0.15898234E+00   0.00000000E+00
  2.    5.  -0.84579837E-01  -0.20170394E-11   0.18495188E+00   0.00000000E+00
  2.    6.  -0.84579837E-01  -0.22150628E-11   0.21519405E+00   0.00000000E+00
  2.    7.  -0.84579837E-01  -0.22854081E-11   0.24764789E+00   0.00000000E+00
  2.    8.  -0.84579837E-01  -0.22843634E-11   0.28010173E+00   0.00000000E+00
  2.    9.  -0.84579837E-01  -0.21261789E-11   0.31034390E+00   0.00000000E+00
  2.   10.  -0.84579837E-01  -0.16102416E-11   0.33631344E+00   0.00000000E+00
  2.   11.  -0.84579837E-01  -0.82589123E-12   0.35624056E+00   0.00000000E+00
  2.   12.  -0.84579837E-01  -0.68001517E-13   0.36876728E+00   0.00000000E+00
  2.   13.  -0.84579837E-01   0.00000000E+00   0.37303991E+00   0.00000000E+00
  2.   14.  -0.84579837E-01   0.00000000E+00  -0.34484151E-01   0.00000000E+00
  2.   15.  -0.84579837E-01  -0.91690724E-12  -0.24870735E-01   0.00000000E+00
  2.   16.  -0.84579837E-01  -0.17070236E-11   0.33143752E-02   0.00000000E+00
  2.   17.  -0.84579837E-01  -0.22352834E-11   0.48150410E-01   0.00000000E+00
  2.   18.  -0.84579837E-01  -0.24980349E-11   0.10658187E+00   0.00000000E+00
  2.   19.  -0.84579837E-01  -0.25609401E-11   0.17462674E+00   0.00000000E+00
  2.   20.  -0.84579837E-01  -0.24608278E-11   0.24764789E+00   0.00000000E+00
  2.   21.  -0.84579837E-01  -0.22126657E-11   0.32066904E+00   0.00000000E+00
  2.   22.  -0.84579837E-01  -0.17474451E-11   0.38871391E+00   0.00000000E+00
  2.   23.  -0.84579837E-01  -0.99067290E-12   0.44714537E+00   0.00000000E+00
  2.   24.  -0.84579837E-01   0.83798786E-14   0.49198140E+00   0.00000000E+00
  2.   25.  -0.84579837E-01   0.49393689E-12   0.52016651E+00   0.00000000E+00
  2.   26.  -0.84579837E-01   0.00000000E+00   0.52977993E+00   0.00000000E+00
  2.   27.  -0.84579837E-01   0.00000000E+00  -0.19122417E+00   0.00000000E+00
  2.   28.  -0.84579837E-01  -0.13395378E-11  -0.17626997E+00   0.00000000E+00
  2.   29.  -0.84579837E-01  -0.23054964E-11  -0.13242647E+00   0.00000000E+00
  2.   30.  -0.84579837E-01  -0.26486161E-11  -0.62681523E-01   0.00000000E+00
  2.   31.  -0.84579837E-01  -0.27267743E-11   0.28211858E-01   0.00000000E+00
  2.   32.  -0.84579837E-01  -0.25938870E-11   0.13405944E+00   0.00000000E+00
  2.   33.  -0.84579837E-01  -0.23346114E-11   0.24764789E+00   0.00000000E+00
  2.   34.  -0.84579837E-01  -0.19844590E-11   0.36123634E+00   0.00000000E+00
  2.   35.  -0.84579837E-01  -0.13141198E-11   0.46708392E+00   0.00000000E+00
  2.   36.  -0.84579837E-01  -0.28294446E-12   0.55797730E+00   0.00000000E+00
  2.   37.  -0.84579837E-01   0.14524182E-11   0.62772225E+00   0.00000000E+00
  2.   38.  -0.84579837E-01   0.16277690E-11   0.67156575E+00   0.00000000E+00
  2.   39.  -0.84579837E-01   0.00000000E+00   0.68651995E+00   0.00000000E+00
  2.   40.  -0.84579837E-01   0.00000000E+00  -0.34796420E+00   0.00000000E+00
  2.   41.  -0.84579837E-01  -0.17898328E-11  -0.32766921E+00   0.00000000E+00
  2.   42.  -0.84579837E-01  -0.27528633E-11  -0.26816731E+00   0.00000000E+00
  2.   43.  -0.84579837E-01  -0.28055848E-11  -0.17351346E+00   0.00000000E+00
  2.   44.  -0.84579837E-01  -0.28348720E-11  -0.50158154E-01   0.00000000E+00
  2.   45.  -0.84579837E-01  -0.26976449E-11   0.93492138E-01   0.00000000E+00
  2.   46.  -0.84579837E-01  -0.23916681E-11   0.24764789E+00   0.00000000E+00
  2.   47.  -0.84579837E-01  -0.19070888E-11   0.40180364E+00   0.00000000E+00
  2.   48.  -0.84579837E-01  -0.10374977E-11   0.54545393E+00   0.00000000E+00
  2.   49.  -0.84579837E-01   0.16235989E-12   0.66880923E+00   0.00000000E+00
  2.   50.  -0.84579837E-01   0.29362960E-11   0.76346309E+00   0.00000000E+00
  2.   51.  -0.84579837E-01   0.32963180E-11   0.82296499E+00   0.00000000E+00
  2.   52.  -0.84579837E-01   0.00000000E+00   0.84325998E+00   0.00000000E+00
  2.   53.  -0.84579837E-01   0.00000000E+00  -0.50470422E+00   0.00000000E+00
  2.   54.  -0.84579837E-01  -0.22073624E-11  -0.47906844E+00   0.00000000E+00
  2.   55.  -0.84579837E-01  -0.30324920E-11  -0.40390815E+00   0.00000000E+00
  2.   56.  -0.84579837E-01  -0.29172019E-11  -0.28434539E+00   0.00000000E+00
  2.   57.  -0.84579837E-01  -0.29934429E-11  -0.12852817E+00   0.00000000E+00
  2.   58.  -0.84579837E-01  -0.29148824E-11   0.52924835E-01   0.00000000E+00
  2.   59.  -0.84579837E-01  -0.27016509E-11   0.24764789E+00   0.00000000E+00
  2.   60.  -0.84579837E-01  -0.20726473E-11   0.44237094E+00   0.00000000E+00
  2.   61.  -0.84579837E-01  -0.85131425E-12   0.62382394E+00   0.00000000E+00
  2.   62.  -0.84579837E-01   0.55944532E-12   0.77964117E+00   0.00000000E+00
  2.   63.  -0.84579837E-01   0.43189630E-11   0.89920393E+00   0.00000000E+00
  2.   64.  -0.84579837E-01   0.55350979E-11   0.97436422E+00   0.00000000E+00
  2.   65.  -0.84579837E-01   0.00000000E+00   0.10000000E+01   0.00000000E+00
  2.   66.  -0.10965824E+00   0.00000000E+00  -0.50470422E+00   0.00000000E+00
  2.   67.  -0.10965824E+00   0.21494352E-11  -0.47906844E+00   0.00000000E+00
  2.   68.  -0.10965824E+00   0.29582166E-11  -0.40390815E+00   0.00000000E+00
  2.   69.  -0.10965824E+00   0.29483179E-11  -0.28434539E+00   0.00000000E+00
  2.   70.  -0.10965824E+00   0.31637331E-11  -0.12852817E+00   0.00000000E+00
  2.   71.  -0.10965824E+00   0.31920740E-11   0.52924835E-01   0.00000000E+00
  2.   72.  -0.10965824E+00   0.30044539E-11   0.24764789E+00   0.00000000E+00
  2.   73.  -0.10965824E+00   0.23396327E-11   0.44237094E+00   0.00000000E+00
  2.   74.  -0.10965824E+00   0.94848723E-12   0.62382394E+00   0.00000000E+00
  2.   75.  -0.10965824E+00  -0.61503669E-12   0.77964117E+00   0.00000000E+00
  2.   76.  -0.10965824E+00  -0.45300552E-11   0.89920393E+00   0.00000000E+00
  2.   77.  -0.10965824E+00  -0.57220521E-11   0.97436422E+00   0.00000000E+00
  2.   78.  -0.10965824E+00   0.00000000E+00   0.10000000E+01   0.00000000E+00
  3.    1.  -0.50938459E+00   0.00000000E+00   0.44064239E+00   0.00000000E+00
  3.    2.  -0.50938459E+00  -0.17985330E-12   0.43683047E+00   0.00000000E+00
  3.    3.  -0.50938459E+00  -0.68518592E-12   0.42565445E+00   0.00000000E+00
  3.    4.  -0.50938459E+00  -0.14829203E-11   0.40787599E+00   0.00000000E+00
  3.    5.  -0.50938459E+00  -0.20837923E-11   0.38470663E+00   0.00000000E+00
  3.    6.  -0.50938459E+00  -0.24212495E-11   0.35772535E+00   0.00000000E+00
  3.    7.  -0.50938459E+00  -0.25818334E-11   0.32877087E+00   0.00000000E+00
  3.    8.  -0.50938459E+00  -0.26739853E-11   0.29981639E+00   0.00000000E+00
  3.    9.  -0.50938459E+00  -0.25777542E-11   0.27283511E+00   0.00000000E+00
  3.   10.  -0.50938459E+00  -0.21594531E-11   0.24966576E+00   0.00000000E+00
  3.   11.  -0.50938459E+00  -0.14713233E-11   0.23188729E+00   0.00000000E+00
  3.   12.  -0.50938459E+00  -0.62913544E-12   0.22071128E+00   0.00000000E+00
  3.   13.  -0.50938459E+00   0.00000000E+00   0.21689935E+00   0.00000000E+00
  3.   14.  -0.50938459E+00   0.00000000E+00   0.58048180E+00   0.00000000E+00
  3.   15.  -0.50938459E+00  -0.50981413E-12   0.57190495E+00   0.00000000E+00
  3.   16.  -0.50938459E+00  -0.14397519E-11   0.54675893E+00   0.00000000E+00
  3.   17.  -0.50938459E+00  -0.29224609E-11   0.50675737E+00   0.00000000E+00
  3.   18.  -0.50938459E+00  -0.40787292E-11   0.45462634E+00   0.00000000E+00
  3.   19.  -0.50938459E+00  -0.47763794E-11   0.39391845E+00   0.00000000E+00
  3.   20.  -0.50938459E+00  -0.51423541E-11   0.32877087E+00   0.00000000E+00
  3.   21.  -0.50938459E+00  -0.52768951E-11   0.26362329E+00   0.00000000E+00
  3.   22.  -0.50938459E+00  -0.51480793E-11   0.20291541E+00   0.00000000E+00
  3.   23.  -0.50938459E+00  -0.46268061E-11   0.15078437E+00   0.00000000E+00
  3.   24.  -0.50938459E+00  -0.35129933E-11   0.11078282E+00   0.00000000E+00
  3.   25.  -0.50938459E+00  -0.18982845E-11   0.85636793E-01   0.00000000E+00
  3.   26.  -0.50938459E+00   0.00000000E+00   0.77059951E-01   0.00000000E+00
  3.   27.  -0.50938459E+00   0.00000000E+00   0.72032120E+00   0.00000000E+00
  3.   28.  -0.50938459E+00  -0.26160036E-12   0.70697944E+00   0.00000000E+00
  3.   29.  -0.50938459E+00  -0.12536637E-11   0.66786340E+00   0.00000000E+00
  3.   30.  -0.50938459E+00  -0.37837748E-11   0.60563876E+00   0.00000000E+00
  3.   31.  -0.50938459E+00  -0.56034573E-11   0.52454604E+00   0.00000000E+00
  3.   32.  -0.50938459E+00  -0.64566188E-11   0.43011156E+00   0.00000000E+00
  3.   33.  -0.50938459E+00  -0.69056801E-11   0.32877087E+00   0.00000000E+00
  3.   34.  -0.50938459E+00  -0.72169000E-11   0.22743019E+00   0.00000000E+00
  3.   35.  -0.50938459E+00  -0.72154294E-11   0.13299571E+00   0.00000000E+00
  3.   36.  -0.50938459E+00  -0.67761882E-11   0.51902985E-01   0.00000000E+00
  3.   37.  -0.50938459E+00  -0.55568347E-11  -0.10321653E-01   0.00000000E+00
  3.   38.  -0.50938459E+00  -0.32489758E-11  -0.49437696E-01   0.00000000E+00
  3.   39.  -0.50938459E+00   0.00000000E+00  -0.62779450E-01   0.00000000E+00
  3.   40.  -0.50938459E+00   0.00000000E+00   0.86016060E+00   0.00000000E+00
  3.   41.  -0.50938459E+00   0.14323092E-12   0.84205393E+00   0.00000000E+00
  3.   42.  -0.50938459E+00  -0.14443803E-11   0.78896788E+00   0.00000000E+00
  3.   43.  -0.50938459E+00  -0.51747375E-11   0.70452015E+00   0.00000000E+00
  3.   44.  -0.50938459E+00  -0.73970594E-11   0.59446574E+00   0.00000000E+00
  3.   45.  -0.50938459E+00  -0.82583929E-11   0.46630466E+00   0.00000000E+00
  3.   46.  -0.50938459E+00  -0.86721265E-11   0.32877087E+00   0.00000000E+00
  3.   47.  -0.50938459E+00  -0.89732234E-11   0.19123709E+00   0.00000000E+00
  3.   48.  -0.50938459E+00  -0.90060177E-11   0.63076012E-01   0.00000000E+00
  3.   49.  -0.50938459E+00  -0.86554651E-11  -0.46978404E-01   0.00000000E+00
  3.   50.  -0.50938459E+00  -0.76700327E-11  -0.13142613E+00   0.00000000E+00
  3.   51.  -0.50938459E+00  -0.49634819E-11  -0.18451219E+00   0.00000000E+00
  3.   52.  -0.50938459E+00   0.00000000E+00  -0.20261885E+00   0.00000000E+00
  3.   53.  -0.50938459E+00   0.00000000E+00   0.10000000E+01   0.00000000E+00
  3.   54.  -0.50938459E+00   0.86177672E-12   0.97712842E+00   0.00000000E+00
  3.   55.  -0.50938459E+00  -0.18083717E-11   0.91007235E+00   0.00000000E+00
  3.   56.  -0.50938459E+00  -0.63675330E-11   0.80340154E+00   0.00000000E+00
  3.   57.  -0.50938459E+00  -0.89367734E-11   0.66438544E+00   0.00000000E+00
  3.   58.  -0.50938459E+00  -0.98312717E-11   0.50249776E+00   0.00000000E+00
  3.   59.  -0.50938459E+00  -0.10340424E-10   0.32877087E+00   0.00000000E+00
  3.   60.  -0.50938459E+00  -0.10470102E-10   0.15504399E+00   0.00000000E+00
  3.   61.  -0.50938459E+00  -0.10417436E-10  -0.68436884E-02   0.00000000E+00
  3.   62.  -0.50938459E+00  -0.99644102E-11  -0.14585979E+00   0.00000000E+00
  3.   63.  -0.50938459E+00  -0.92389774E-11  -0.25253060E+00   0.00000000E+00
  3.   64.  -0.50938459E+00  -0.64315945E-11  -0.31958668E+00   0.00000000E+00
  3.   65.  -0.50938459E+00   0.00000000E+00  -0.34245825E+00   0.00000000E+00
  3.   66.  -0.48701029E+00   0.00000000E+00   0.10000000E+01   0.00000000E+00
  3.   67.  -0.48701029E+00  -0.79638742E-12   0.97712842E+00   0.00000000E+00
  3.   68.  -0.48701029E+00   0.18582766E-11   0.91007235E+00   0.00000000E+00
  3.   69.  -0.48701029E+00   0.63197886E-11   0.80340154E+00   0.00000000E+00
  3.   70.  -0.48701029E+00   0.88573125E-11   0.66438544E+00   0.00000000E+00
  3.   71.  -0.48701029E+00   0.96742450E-11   0.50249776E+00   0.00000000E+00
  3.   72.  -0.48701029E+00   0.10096750E-10   0.32877087E+00   0.00000000E+00
  3.   73.  -0.48701029E+00   0.10249246E-10   0.15504399E+00   0.00000000E+00
  3.   74.  -0.48701029E+00   0.10295685E-10  -0.68436884E-02   0.00000000E+00
  3.   75.  -0.48701029E+00   0.99835258E-11  -0.14585979E+00   0.00000000E+00
  3.   76.  -0.48701029E+00   0.93596482E-11  -0.25253060E+00   0.00000000E+00
  3.   77.  -0.48701029E+00   0.65272210E-11  -0.31958668E+00   0.00000000E+00
  3.   78.  -0.48701029E+00   0.00000000E+00  -0.34245825E+00   0.00000000E+00
  4.    1.  -0.87059401E-02   0.00000000E+00   0.40537616E-01   0.00000000E+00
  4.    2.  -0.84374356E-02   0.23582951E-02   0.35106605E-01   0.00000000E+00
  4.    3.  -0.76337344E-02   0.45160757E-02   0.20268808E-01   0.00000000E+00
  4.    4.  -0.63098068E-02   0.63098067E-02   0.13224971E-09   0.00000000E+00
  4.    5.  -0.45160758E-02   0.76337343E-02  -0.20268808E-01   0.00000000E+00
  4.    6.  -0.23582952E-02   0.84374356E-02  -0.35106605E-01   0.00000000E+00
  4.    7.  -0.97195868E-10   0.87059400E-02  -0.40537616E-01   0.00000000E+00
  4.    8.   0.23582950E-02   0.84374356E-02  -0.35106605E-01   0.00000000E+00
  4.    9.   0.45160756E-02   0.76337344E-02  -0.20268808E-01   0.00000000E+00
  4.   10.   0.63098067E-02   0.63098068E-02  -0.97876832E-10   0.00000000E+00
  4.   11.   0.76337343E-02   0.45160757E-02   0.20268808E-01   0.00000000E+00
  4.   12.   0.84374355E-02   0.23582951E-02   0.35106605E-01   0.00000000E+00
  4.   13.   0.87059399E-02   0.00000000E+00   0.40537616E-01   0.00000000E+00
  4.   14.  -0.14623367E-01   0.00000000E+00   0.18279871E+00   0.00000000E+00
  4.   15.  -0.14332909E-01   0.45604055E-02   0.15830833E+00   0.00000000E+00
  4.   16.  -0.13359591E-01   0.85161232E-02   0.91399355E-01   0.00000000E+00
  4.   17.  -0.11475839E-01   0.11475838E-01   0.35234809E-09   0.00000000E+00
  4.   18.  -0.85161233E-02   0.13359591E-01  -0.91399355E-01   0.00000000E+00
  4.   19.  -0.45604056E-02   0.14332909E-01  -0.15830833E+00   0.00000000E+00
  4.   20.  -0.10728331E-09   0.14623366E-01  -0.18279871E+00   0.00000000E+00
  4.   21.   0.45604054E-02   0.14332909E-01  -0.15830833E+00   0.00000000E+00
  4.   22.   0.85161231E-02   0.13359591E-01  -0.91399356E-01   0.00000000E+00
  4.   23.   0.11475838E-01   0.11475838E-01  -0.58168233E-09   0.00000000E+00
  4.   24.   0.13359590E-01   0.85161232E-02   0.91399354E-01   0.00000000E+00
  4.   25.   0.14332909E-01   0.45604056E-02   0.15830833E+00   0.00000000E+00
  4.   26.   0.14623366E-01   0.00000000E+00   0.18279871E+00   0.00000000E+00
  4.   27.  -0.20287621E-01   0.00000000E+00   0.40297184E+00   0.00000000E+00
  4.   28.  -0.19948735E-01   0.65659870E-02   0.34898385E+00   0.00000000E+00
  4.   29.  -0.18748740E-01   0.12186148E-01   0.20148592E+00   0.00000000E+00
  4.   30.  -0.16271049E-01   0.16271049E-01   0.67772364E-09   0.00000000E+00
  4.   31.  -0.12186148E-01   0.18748739E-01  -0.20148592E+00   0.00000000E+00
  4.   32.  -0.65659871E-02   0.19948735E-01  -0.34898385E+00   0.00000000E+00
  4.   33.  -0.11664891E-09   0.20287621E-01  -0.40297184E+00   0.00000000E+00
  4.   34.   0.65659868E-02   0.19948735E-01  -0.34898385E+00   0.00000000E+00
  4.   35.   0.12186148E-01   0.18748739E-01  -0.20148592E+00   0.00000000E+00
  4.   36.   0.16271049E-01   0.16271049E-01  -0.13202415E-08   0.00000000E+00
  4.   37.   0.18748739E-01   0.12186148E-01   0.20148592E+00   0.00000000E+00
  4.   38.   0.19948735E-01   0.65659870E-02   0.34898385E+00   0.00000000E+00
  4.   39.   0.20287621E-01   0.00000000E+00   0.40297184E+00   0.00000000E+00
  4.   40.  -0.24072528E-01   0.00000000E+00   0.68211577E+00   0.00000000E+00
  4.   41.  -0.23851853E-01   0.84680798E-02   0.59072958E+00   0.00000000E+00
  4.   42.  -0.22853644E-01   0.15511144E-01   0.34105788E+00   0.00000000E+00
  4.   43.  -0.20297996E-01   0.20297996E-01   0.10821123E-08   0.00000000E+00
  4.   44.  -0.15511144E-01   0.22853644E-01  -0.34105788E+00   0.00000000E+00
  4.   45.  -0.84680799E-02   0.23851853E-01  -0.59072958E+00   0.00000000E+00
  4.   46.  -0.12567741E-09   0.24072528E-01  -0.68211577E+00   0.00000000E+00
  4.   47.   0.84680797E-02   0.23851853E-01  -0.59072958E+00   0.00000000E+00
  4.   48.   0.15511144E-01   0.22853644E-01  -0.34105788E+00   0.00000000E+00
  4.   49.   0.20297996E-01   0.20297996E-01  -0.22538308E-08   0.00000000E+00
  4.   50.   0.22853644E-01   0.15511144E-01   0.34105788E+00   0.00000000E+00
  4.   51.   0.23851853E-01   0.84680799E-02   0.59072958E+00   0.00000000E+00
  4.   52.   0.24072528E-01   0.00000000E+00   0.68211577E+00   0.00000000E+00
  4.   53.  -0.26699568E-01   0.00000000E+00   0.99990214E+00   0.00000000E+00
  4.   54.  -0.26599574E-01   0.99324649E-02   0.86594065E+00   0.00000000E+00
  4.   55.  -0.25832052E-01   0.18042859E-01   0.49995107E+00   0.00000000E+00
  4.   56.  -0.23304119E-01   0.23304119E-01   0.15387821E-08   0.00000000E+00
  4.   57.  -0.18042859E-01   0.25832052E-01  -0.49995107E+00   0.00000000E+00
  4.   58.  -0.99324650E-02   0.26599574E-01  -0.86594065E+00   0.00000000E+00
  4.   59.  -0.13270580E-09   0.26699568E-01  -0.99990214E+00   0.00000000E+00
  4.   60.   0.99324647E-02   0.26599574E-01  -0.86594065E+00   0.00000000E+00
  4.   61.   0.18042859E-01   0.25832052E-01  -0.49995107E+00   0.00000000E+00
  4.   62.   0.23304119E-01   0.23304119E-01  -0.33177797E-08   0.00000000E+00
  4.   63.   0.25832052E-01   0.18042859E-01   0.49995106E+00   0.00000000E+00
  4.   64.   0.26599573E-01   0.99324650E-02   0.86594065E+00   0.00000000E+00
  4.   65.   0.26699568E-01   0.00000000E+00   0.99990214E+00   0.00000000E+00
  4.   66.   0.26699568E-01   0.00000000E+00   0.99990214E+00   0.00000000E+00
  4.   67.   0.26599573E-01  -0.99324649E-02   0.86594065E+00   0.00000000E+00
  4.   68.   0.25832052E-01  -0.18042859E-01   0.49995107E+00   0.00000000E+00
  4.   69.   0.23304119E-01  -0.23304119E-01   0.15387752E-08   0.00000000E+00
  4.   70.   0.18042859E-01  -0.25832052E-01  -0.49995107E+00   0.00000000E+00
  4.   71.   0.99324648E-02  -0.26599574E-01  -0.86594065E+00   0.00000000E+00
  4.   72.  -0.34118256E-10  -0.26699568E-01  -0.99990214E+00   0.00000000E+00
  4.   73.  -0.99324649E-02  -0.26599574E-01  -0.86594065E+00   0.00000000E+00
  4.   74.  -0.18042859E-01  -0.25832052E-01  -0.49995107E+00   0.00000000E+00
  4.   75.  -0.23304119E-01  -0.23304119E-01  -0.33177737E-08   0.00000000E+00
  4.   76.  -0.25832052E-01  -0.18042859E-01   0.49995106E+00   0.00000000E+00
  4.   77.  -0.26599574E-01  -0.99324650E-02   0.86594065E+00   0.00000000E+00
  4.   78.  -0.26699568E-01   0.00000000E+00   0.99990214E+00   0.00000000E+00
  5.    1.   0.29765482E-01   0.00000000E+00   0.99954272E+00   0.00000000E+00
  5.    2.   0.28751248E-01   0.77038736E-02   0.99954272E+00   0.00000000E+00
  5.    3.   0.25777664E-01   0.14882741E-01   0.99954272E+00   0.00000000E+00
  5.    4.   0.21047374E-01   0.21047374E-01   0.99954272E+00   0.00000000E+00
  5.    5.   0.14882741E-01   0.25777664E-01   0.99954272E+00   0.00000000E+00
  5.    6.   0.77038737E-02   0.28751248E-01   0.99954272E+00   0.00000000E+00
  5.    7.   0.60489589E-10   0.29765482E-01   0.99954272E+00   0.00000000E+00
  5.    8.  -0.77038736E-02   0.28751248E-01   0.99954272E+00   0.00000000E+00
  5.    9.  -0.14882741E-01   0.25777664E-01   0.99954272E+00   0.00000000E+00
  5.   10.  -0.21047374E-01   0.21047374E-01   0.99954272E+00   0.00000000E+00
  5.   11.  -0.25777664E-01   0.14882741E-01   0.99954272E+00   0.00000000E+00
  5.   12.  -0.28751248E-01   0.77038737E-02   0.99954272E+00   0.00000000E+00
  5.   13.  -0.29765482E-01   0.00000000E+00   0.99954272E+00   0.00000000E+00
  5.   14.   0.30895071E-01   0.00000000E+00   0.63455951E+00   0.00000000E+00
  5.   15.   0.29842347E-01   0.79962329E-02   0.63455951E+00   0.00000000E+00
  5.   16.   0.26755917E-01   0.15447536E-01   0.63455951E+00   0.00000000E+00
  5.   17.   0.21846115E-01   0.21846115E-01   0.63455951E+00   0.00000000E+00
  5.   18.   0.15447536E-01   0.26755917E-01   0.63455951E+00   0.00000000E+00
  5.   19.   0.79962329E-02   0.29842347E-01   0.63455951E+00   0.00000000E+00
  5.   20.   0.61971303E-10   0.30895071E-01   0.63455951E+00   0.00000000E+00
  5.   21.  -0.79962328E-02   0.29842347E-01   0.63455951E+00   0.00000000E+00
  5.   22.  -0.15447536E-01   0.26755917E-01   0.63455951E+00   0.00000000E+00
  5.   23.  -0.21846114E-01   0.21846115E-01   0.63455951E+00   0.00000000E+00
  5.   24.  -0.26755917E-01   0.15447536E-01   0.63455951E+00   0.00000000E+00
  5.   25.  -0.29842347E-01   0.79962330E-02   0.63455951E+00   0.00000000E+00
  5.   26.  -0.30895071E-01   0.00000000E+00   0.63455951E+00   0.00000000E+00
  5.   27.   0.35051842E-01   0.00000000E+00   0.21891162E+00   0.00000000E+00
  5.   28.   0.33857480E-01   0.90720843E-02   0.21891162E+00   0.00000000E+00
  5.   29.   0.30355786E-01   0.17525921E-01   0.21891162E+00   0.00000000E+00
  5.   30.   0.24785395E-01   0.24785395E-01   0.21891162E+00   0.00000000E+00
  5.   31.   0.17525921E-01   0.30355786E-01   0.21891162E+00   0.00000000E+00
  5.   32.   0.90720844E-02   0.33857480E-01   0.21891162E+00   0.00000000E+00
  5.   33.   0.67521099E-10   0.35051842E-01   0.21891162E+00   0.00000000E+00
  5.   34.  -0.90720842E-02   0.33857480E-01   0.21891162E+00   0.00000000E+00
  5.   35.  -0.17525921E-01   0.30355786E-01   0.21891162E+00   0.00000000E+00
  5.   36.  -0.24785395E-01   0.24785395E-01   0.21891162E+00   0.00000000E+00
  5.   37.  -0.30355786E-01   0.17525921E-01   0.21891162E+00   0.00000000E+00
  5.   38.  -0.33857480E-01   0.90720844E-02   0.21891162E+00   0.00000000E+00
  5.   39.  -0.35051842E-01   0.00000000E+00   0.21891162E+00   0.00000000E+00
  5.   40.   0.35453506E-01   0.00000000E+00  -0.22624031E+00   0.00000000E+00
  5.   41.   0.34245458E-01   0.91760427E-02  -0.22624031E+00   0.00000000E+00
  5.   42.   0.30703637E-01   0.17726753E-01  -0.22624031E+00   0.00000000E+00
  5.   43.   0.25069415E-01   0.25069415E-01  -0.22624031E+00   0.00000000E+00
  5.   44.   0.17726753E-01   0.30703637E-01  -0.22624031E+00   0.00000000E+00
  5.   45.   0.91760427E-02   0.34245458E-01  -0.22624031E+00   0.00000000E+00
  5.   46.   0.68842858E-10   0.35453506E-01  -0.22624031E+00   0.00000000E+00
  5.   47.  -0.91760426E-02   0.34245458E-01  -0.22624031E+00   0.00000000E+00
  5.   48.  -0.17726753E-01   0.30703637E-01  -0.22624031E+00   0.00000000E+00
  5.   49.  -0.25069415E-01   0.25069415E-01  -0.22624031E+00   0.00000000E+00
  5.   50.  -0.30703637E-01   0.17726753E-01  -0.22624031E+00   0.00000000E+00
  5.   51.  -0.34245457E-01   0.91760428E-02  -0.22624031E+00   0.00000000E+00
  5.   52.  -0.35453506E-01   0.00000000E+00  -0.22624031E+00   0.00000000E+00
  5.   53.   0.33324877E-01   0.00000000E+00  -0.65707969E+00   0.00000000E+00
  5.   54.   0.32189360E-01   0.86251129E-02  -0.65707969E+00   0.00000000E+00
  5.   55.   0.28860190E-01   0.16662439E-01  -0.65707969E+00   0.00000000E+00
  5.   56.   0.23564247E-01   0.23564247E-01  -0.65707969E+00   0.00000000E+00
  5.   57.   0.16662439E-01   0.28860190E-01  -0.65707969E+00   0.00000000E+00
  5.   58.   0.86251130E-02   0.32189360E-01  -0.65707969E+00   0.00000000E+00
  5.   59.   0.66766257E-10   0.33324877E-01  -0.65707969E+00   0.00000000E+00
  5.   60.  -0.86251129E-02   0.32189360E-01  -0.65707969E+00   0.00000000E+00
  5.   61.  -0.16662439E-01   0.28860190E-01  -0.65707969E+00   0.00000000E+00
  5.   62.  -0.23564247E-01   0.23564247E-01  -0.65707969E+00   0.00000000E+00
  5.   63.  -0.28860190E-01   0.16662439E-01  -0.65707969E+00   0.00000000E+00
  5.   64.  -0.32189360E-01   0.86251130E-02  -0.65707969E+00   0.00000000E+00
  5.   65.  -0.33324877E-01   0.00000000E+00  -0.65707969E+00   0.00000000E+00
  5.   66.  -0.33324877E-01   0.00000000E+00  -0.65707969E+00   0.00000000E+00
  5.   67.  -0.32189360E-01  -0.86251129E-02  -0.65707969E+00   0.00000000E+00
  5.   68.  -0.28860190E-01  -0.16662439E-01  -0.65707969E+00   0.00000000E+00
  5.   69.  -0.23564247E-01  -0.23564247E-01  -0.65707969E+00   0.00000000E+00
  5.   70.  -0.16662439E-01  -0.28860190E-01  -0.65707969E+00   0.00000000E+00
  5.   71.  -0.86251129E-02  -0.32189360E-01  -0.65707969E+00   0.00000000E+00
  5.   72.  -0.18761076E-10  -0.33324877E-01  -0.65707969E+00   0.00000000E+00
  5.   73.   0.86251129E-02  -0.32189360E-01  -0.65707969E+00   0.00000000E+00
  5.   74.   0.16662439E-01  -0.28860190E-01  -0.65707969E+00   0.00000000E+00
  5.   75.   0.23564247E-01  -0.23564247E-01  -0.65707969E+00   0.00000000E+00
  5.   76.   0.28860190E-01  -0.16662439E-01  -0.65707969E+00   0.00000000E+00
  5.   77.   0.32189360E-01  -0.86251130E-02  -0.65707969E+00   0.00000000E+00
  5.   78.   0.33324877E-01   0.00000000E+00  -0.65707969E+00   0.00000000E+00
  6.    1.  -0.31731251E-02   0.00000000E+00   0.90433382E-02   0.00000000E+00
  6.    2.  -0.27675264E-02   0.16594101E-02   0.63946057E-02   0.00000000E+00
  6.    3.  -0.16398907E-02   0.28403740E-02  -0.53031043E-10   0.00000000E+00
  6.    4.  -0.53328104E-04   0.32264532E-02  -0.63946058E-02   0.00000000E+00
  6.    5.   0.15865626E-02   0.27480070E-02  -0.90433383E-02   0.00000000E+00
  6.    6.   0.28208545E-02   0.15670431E-02  -0.63946059E-02   0.00000000E+00
  6.    7.   0.32797813E-02   0.56968463E-11  -0.79629581E-10   0.00000000E+00
  6.    8.   0.28208545E-02  -0.15670431E-02   0.63946057E-02   0.00000000E+00
  6.    9.   0.15865626E-02  -0.27480070E-02   0.90433382E-02   0.00000000E+00
  6.   10.  -0.53328085E-04  -0.32264532E-02   0.63946058E-02   0.00000000E+00
  6.   11.  -0.16398906E-02  -0.28403740E-02   0.24333346E-10   0.00000000E+00
  6.   12.  -0.27675264E-02  -0.16594101E-02  -0.63946058E-02   0.00000000E+00
  6.   13.  -0.31731251E-02   0.00000000E+00  -0.90433383E-02   0.00000000E+00
  6.   14.  -0.10559018E-01   0.00000000E+00   0.86928149E-01   0.00000000E+00
  6.   15.  -0.93278210E-02   0.59641282E-02   0.61467484E-01   0.00000000E+00
  6.   16.  -0.57806851E-02   0.10012440E-01   0.58476619E-11   0.00000000E+00
  6.   17.  -0.50117603E-03   0.11060194E-01  -0.61467484E-01   0.00000000E+00
  6.   18.   0.52795090E-02   0.91443779E-02  -0.86928149E-01   0.00000000E+00
  6.   19.   0.98289971E-02   0.50960659E-02  -0.61467484E-01   0.00000000E+00
  6.   20.   0.11561370E-01   0.23036495E-10  -0.33909146E-09   0.00000000E+00
  6.   21.   0.98289971E-02  -0.50960658E-02   0.61467484E-01   0.00000000E+00
  6.   22.   0.52795091E-02  -0.91443779E-02   0.86928149E-01   0.00000000E+00
  6.   23.  -0.50117598E-03  -0.11060194E-01   0.61467484E-01   0.00000000E+00
  6.   24.  -0.57806850E-02  -0.10012440E-01   0.56764752E-09   0.00000000E+00
  6.   25.  -0.93278210E-02  -0.59641283E-02  -0.61467483E-01   0.00000000E+00
  6.   26.  -0.10559018E-01   0.00000000E+00  -0.86928149E-01   0.00000000E+00
  6.   27.  -0.20771160E-01   0.00000000E+00   0.28351845E+00   0.00000000E+00
  6.   28.  -0.18625611E-01   0.12763860E-01   0.20047782E+00   0.00000000E+00
  6.   29.  -0.12126602E-01   0.21003890E-01   0.12288445E-09   0.00000000E+00
  6.   30.  -0.17410216E-02   0.22512182E-01  -0.20047782E+00   0.00000000E+00
  6.   31.   0.10385580E-01   0.17988352E-01  -0.28351845E+00   0.00000000E+00
  6.   32.   0.20366632E-01   0.97483220E-02  -0.20047782E+00   0.00000000E+00
  6.   33.   0.24253204E-01   0.43719351E-10  -0.10252722E-08   0.00000000E+00
  6.   34.   0.20366632E-01  -0.97483219E-02   0.20047782E+00   0.00000000E+00
  6.   35.   0.10385580E-01  -0.17988352E-01   0.28351845E+00   0.00000000E+00
  6.   36.  -0.17410215E-02  -0.22512182E-01   0.20047782E+00   0.00000000E+00
  6.   37.  -0.12126602E-01  -0.21003890E-01   0.18704414E-08   0.00000000E+00
  6.   38.  -0.18625611E-01  -0.12763860E-01  -0.20047782E+00   0.00000000E+00
  6.   39.  -0.20771160E-01   0.00000000E+00  -0.28351845E+00   0.00000000E+00
  6.   40.  -0.28963048E-01   0.00000000E+00   0.59795160E+00   0.00000000E+00
  6.   41.  -0.26682660E-01   0.20452523E-01   0.42281563E+00   0.00000000E+00
  6.   42.  -0.18852599E-01   0.32653659E-01   0.30757178E-09   0.00000000E+00
  6.   43.  -0.43710748E-02   0.33334123E-01  -0.42281563E+00   0.00000000E+00
  6.   44.   0.14481524E-01   0.25082736E-01  -0.59795160E+00   0.00000000E+00
  6.   45.   0.31053735E-01   0.12881600E-01  -0.42281563E+00   0.00000000E+00
  6.   46.   0.37705198E-01   0.58498087E-10  -0.21324851E-08   0.00000000E+00
  6.   47.   0.31053735E-01  -0.12881600E-01   0.42281563E+00   0.00000000E+00
  6.   48.   0.14481524E-01  -0.25082735E-01   0.59795160E+00   0.00000000E+00
  6.   49.  -0.43710746E-02  -0.33334123E-01   0.42281563E+00   0.00000000E+00
  6.   50.  -0.18852599E-01  -0.32653659E-01   0.39354348E-08   0.00000000E+00
  6.   51.  -0.26682660E-01  -0.20452523E-01  -0.42281563E+00   0.00000000E+00
  6.   52.  -0.28963048E-01   0.00000000E+00  -0.59795160E+00   0.00000000E+00
  6.   53.  -0.35400859E-01   0.00000000E+00   0.99972202E+00   0.00000000E+00
  6.   54.  -0.33132978E-01   0.26937012E-01   0.70691022E+00   0.00000000E+00
  6.   55.  -0.24462077E-01   0.42369560E-01   0.53569349E-09   0.00000000E+00
  6.   56.  -0.67616473E-02   0.42162507E-01  -0.70691022E+00   0.00000000E+00
  6.   57.   0.17700430E-01   0.30658044E-01  -0.99972202E+00   0.00000000E+00
  6.   58.   0.39894625E-01   0.15225495E-01  -0.70691022E+00   0.00000000E+00
  6.   59.   0.48924154E-01   0.68164891E-10  -0.35537695E-08   0.00000000E+00
  6.   60.   0.39894626E-01  -0.15225495E-01   0.70691021E+00   0.00000000E+00
  6.   61.   0.17700430E-01  -0.30658043E-01   0.99972202E+00   0.00000000E+00
  6.   62.  -0.67616471E-02  -0.42162507E-01   0.70691022E+00   0.00000000E+00
  6.   63.  -0.24462077E-01  -0.42369560E-01   0.65639886E-08   0.00000000E+00
  6.   64.  -0.33132978E-01  -0.26937012E-01  -0.70691021E+00   0.00000000E+00
  6.   65.  -0.35400859E-01   0.00000000E+00  -0.99972202E+00   0.00000000E+00
  6.   66.   0.35400859E-01   0.00000000E+00   0.99972202E+00   0.00000000E+00
  6.   67.   0.33132978E-01  -0.26937012E-01   0.70691022E+00   0.00000000E+00
  6.   68.   0.24462077E-01  -0.42369560E-01   0.53573043E-09   0.00000000E+00
  6.   69.   0.67616473E-02  -0.42162507E-01  -0.70691022E+00   0.00000000E+00
  6.   70.  -0.17700430E-01  -0.30658044E-01  -0.99972202E+00   0.00000000E+00
  6.   71.  -0.39894625E-01  -0.15225495E-01  -0.70691022E+00   0.00000000E+00
  6.   72.  -0.48924154E-01  -0.66951021E-10  -0.35536901E-08   0.00000000E+00
  6.   73.  -0.39894626E-01   0.15225495E-01   0.70691021E+00   0.00000000E+00
  6.   74.  -0.17700430E-01   0.30658043E-01   0.99972202E+00   0.00000000E+00
  6.   75.   0.67616471E-02   0.42162507E-01   0.70691022E+00   0.00000000E+00
  6.   76.   0.24462077E-01   0.42369560E-01   0.65639666E-08   0.00000000E+00
  6.   77.   0.33132978E-01   0.26937012E-01  -0.70691021E+00   0.00000000E+00
  6.   78.   0.35400859E-01   0.00000000E+00  -0.99972202E+00   0.00000000E+00
  7.    1.   0.25220294E-01   0.00000000E+00  -0.78365407E+00   0.00000000E+00
  7.    2.   0.28417606E-01  -0.11932531E-01  -0.75695171E+00   0.00000000E+00
  7.    3.   0.37152825E-01  -0.20667750E-01  -0.67866433E+00   0.00000000E+00
  7.    4.   0.49085356E-01  -0.23865063E-01  -0.55412711E+00   0.00000000E+00
  7.    5.   0.61017888E-01  -0.20667750E-01  -0.39182704E+00   0.00000000E+00
  7.    6.   0.69753107E-01  -0.11932531E-01  -0.20282460E+00   0.00000000E+00
  7.    7.   0.72950419E-01  -0.57855113E-10  -0.93335812E-09   0.00000000E+00
  7.    8.   0.69753107E-01   0.11932531E-01   0.20282460E+00   0.00000000E+00
  7.    9.   0.61017888E-01   0.20667750E-01   0.39182703E+00   0.00000000E+00
  7.   10.   0.49085357E-01   0.23865063E-01   0.55412711E+00   0.00000000E+00
  7.   11.   0.37152825E-01   0.20667750E-01   0.67866433E+00   0.00000000E+00
  7.   12.   0.28417606E-01   0.11932531E-01   0.75695171E+00   0.00000000E+00
  7.   13.   0.25220294E-01   0.00000000E+00   0.78365407E+00   0.00000000E+00
  7.   14.  -0.10280844E-02   0.00000000E+00  -0.99878005E+00   0.00000000E+00
  7.   15.   0.20006729E-02  -0.11303476E-01  -0.96474744E+00   0.00000000E+00
  7.   16.   0.10275392E-01  -0.19578195E-01  -0.86496889E+00   0.00000000E+00
  7.   17.   0.21578867E-01  -0.22606952E-01  -0.70624414E+00   0.00000000E+00
  7.   18.   0.32882343E-01  -0.19578195E-01  -0.49939002E+00   0.00000000E+00
  7.   19.   0.41157062E-01  -0.11303476E-01  -0.25850330E+00   0.00000000E+00
  7.   20.   0.44185819E-01  -0.52033647E-10  -0.11846526E-08   0.00000000E+00
  7.   21.   0.41157062E-01   0.11303476E-01   0.25850330E+00   0.00000000E+00
  7.   22.   0.32882343E-01   0.19578195E-01   0.49939002E+00   0.00000000E+00
  7.   23.   0.21578868E-01   0.22606952E-01   0.70624414E+00   0.00000000E+00
  7.   24.   0.10275392E-01   0.19578195E-01   0.86496889E+00   0.00000000E+00
  7.   25.   0.20006729E-02   0.11303476E-01   0.96474744E+00   0.00000000E+00
  7.   26.  -0.10280844E-02   0.00000000E+00   0.99878005E+00   0.00000000E+00
  7.   27.  -0.45552190E-01   0.00000000E+00  -0.69721195E+00   0.00000000E+00
  7.   28.  -0.41173855E-01  -0.16340168E-01  -0.67345503E+00   0.00000000E+00
  7.   29.  -0.29212022E-01  -0.28302002E-01  -0.60380326E+00   0.00000000E+00
  7.   30.  -0.12871853E-01  -0.32680337E-01  -0.49300330E+00   0.00000000E+00
  7.   31.   0.34683150E-02  -0.28302002E-01  -0.34860598E+00   0.00000000E+00
  7.   32.   0.15430148E-01  -0.16340168E-01  -0.18045173E+00   0.00000000E+00
  7.   33.   0.19808483E-01  -0.75887982E-10  -0.85017970E-09   0.00000000E+00
  7.   34.   0.15430148E-01   0.16340168E-01   0.18045173E+00   0.00000000E+00
  7.   35.   0.34683151E-02   0.28302002E-01   0.34860598E+00   0.00000000E+00
  7.   36.  -0.12871853E-01   0.32680337E-01   0.49300330E+00   0.00000000E+00
  7.   37.  -0.29212022E-01   0.28302002E-01   0.60380326E+00   0.00000000E+00
  7.   38.  -0.41173855E-01   0.16340168E-01   0.67345503E+00   0.00000000E+00
  7.   39.  -0.45552190E-01   0.00000000E+00   0.69721195E+00   0.00000000E+00
  7.   40.  -0.69130134E-01   0.00000000E+00   0.51215268E-01   0.00000000E+00
  7.   41.  -0.64574019E-01  -0.17003654E-01   0.49470150E-01   0.00000000E+00
  7.   42.  -0.52126480E-01  -0.29451193E-01   0.44353723E-01   0.00000000E+00
  7.   43.  -0.35122826E-01  -0.34007308E-01   0.36214663E-01   0.00000000E+00
  7.   44.  -0.18119172E-01  -0.29451193E-01   0.25607634E-01   0.00000000E+00
  7.   45.  -0.56716336E-02  -0.17003654E-01   0.13255487E-01   0.00000000E+00
  7.   46.  -0.11155182E-02  -0.77858011E-10   0.13879593E-10   0.00000000E+00
  7.   47.  -0.56716335E-02   0.17003654E-01  -0.13255487E-01   0.00000000E+00
  7.   48.  -0.18119172E-01   0.29451193E-01  -0.25607634E-01   0.00000000E+00
  7.   49.  -0.35122826E-01   0.34007308E-01  -0.36214663E-01   0.00000000E+00
  7.   50.  -0.52126480E-01   0.29451193E-01  -0.44353723E-01   0.00000000E+00
  7.   51.  -0.64574019E-01   0.17003654E-01  -0.49470150E-01   0.00000000E+00
  7.   52.  -0.69130134E-01   0.00000000E+00  -0.51215268E-01   0.00000000E+00
  7.   53.  -0.69438079E-01   0.00000000E+00   0.93239327E+00   0.00000000E+00
  7.   54.  -0.65763088E-01  -0.13715252E-01   0.90062274E+00   0.00000000E+00
  7.   55.  -0.55722827E-01  -0.23755514E-01   0.80747626E+00   0.00000000E+00
  7.   56.  -0.42007575E-01  -0.27430504E-01   0.65930161E+00   0.00000000E+00
  7.   57.  -0.28292322E-01  -0.23755514E-01   0.46619664E+00   0.00000000E+00
  7.   58.  -0.18252061E-01  -0.13715252E-01   0.24132114E+00   0.00000000E+00
  7.   59.  -0.14577070E-01  -0.62149821E-10   0.10149611E-08   0.00000000E+00
  7.   60.  -0.18252061E-01   0.13715252E-01  -0.24132114E+00   0.00000000E+00
  7.   61.  -0.28292322E-01   0.23755514E-01  -0.46619664E+00   0.00000000E+00
  7.   62.  -0.42007574E-01   0.27430504E-01  -0.65930161E+00   0.00000000E+00
  7.   63.  -0.55722827E-01   0.23755514E-01  -0.80747626E+00   0.00000000E+00
  7.   64.  -0.65763088E-01   0.13715252E-01  -0.90062274E+00   0.00000000E+00
  7.   65.  -0.69438079E-01   0.00000000E+00  -0.93239327E+00   0.00000000E+00
  7.   66.   0.69438079E-01   0.00000000E+00   0.93239327E+00   0.00000000E+00
  7.   67.   0.65763088E-01   0.13715252E-01   0.90062274E+00   0.00000000E+00
  7.   68.   0.55722827E-01   0.23755514E-01   0.80747626E+00   0.00000000E+00
  7.   69.   0.42007575E-01   0.27430504E-01   0.65930161E+00   0.00000000E+00
  7.   70.   0.28292322E-01   0.23755514E-01   0.46619664E+00   0.00000000E+00
  7.   71.   0.18252061E-01   0.13715252E-01   0.24132114E+00   0.00000000E+00
  7.   72.   0.14577070E-01   0.61241190E-10   0.10150042E-08   0.00000000E+00
  7.   73.   0.18252061E-01  -0.13715252E-01  -0.24132114E+00   0.00000000E+00
  7.   74.   0.28292322E-01  -0.23755514E-01  -0.46619664E+00   0.00000000E+00
  7.   75.   0.42007574E-01  -0.27430504E-01  -0.65930161E+00   0.00000000E+00
  7.   76.   0.55722827E-01  -0.23755514E-01  -0.80747626E+00   0.00000000E+00
  7.   77.   0.65763088E-01  -0.13715252E-01  -0.90062274E+00   0.00000000E+00
  7.   78.   0.69438079E-01   0.00000000E+00  -0.93239327E+00   0.00000000E+00
  8.    1.   0.10362426E-02   0.00000000E+00  -0.20190294E-02   0.00000000E+00
  8.    2.   0.74069042E-03  -0.76242725E-03  -0.10095147E-02   0.00000000E+00
  8.    3.   0.15370260E-04  -0.10628647E-02   0.10095147E-02   0.00000000E+00
  8.    4.  -0.73273419E-03  -0.73273419E-03   0.20190294E-02   0.00000000E+00
  8.    5.  -0.10628647E-02   0.15370259E-04   0.10095147E-02   0.00000000E+00
  8.    6.  -0.76242726E-03   0.74069042E-03  -0.10095147E-02   0.00000000E+00
  8.    7.  -0.61463330E-11   0.10362426E-02  -0.20190294E-02   0.00000000E+00
  8.    8.   0.76242725E-03   0.74069042E-03  -0.10095147E-02   0.00000000E+00
  8.    9.   0.10628647E-02   0.15370265E-04   0.10095147E-02   0.00000000E+00
  8.   10.   0.73273419E-03  -0.73273418E-03   0.20190294E-02   0.00000000E+00
  8.   11.  -0.15370257E-04  -0.10628647E-02   0.10095147E-02   0.00000000E+00
  8.   12.  -0.74069041E-03  -0.76242726E-03  -0.10095147E-02   0.00000000E+00
  8.   13.  -0.10362426E-02   0.00000000E+00  -0.20190294E-02   0.00000000E+00
  8.   14.   0.70376532E-02   0.00000000E+00  -0.43166369E-01   0.00000000E+00
  8.   15.   0.51114154E-02  -0.54803602E-02  -0.21583184E-01   0.00000000E+00
  8.   16.   0.26088336E-03  -0.74895164E-02   0.21583184E-01   0.00000000E+00
  8.   17.  -0.49763723E-02  -0.49763723E-02   0.43166369E-01   0.00000000E+00
  8.   18.  -0.74895164E-02   0.26088335E-03   0.21583184E-01   0.00000000E+00
  8.   19.  -0.54803602E-02   0.51114154E-02  -0.21583184E-01   0.00000000E+00
  8.   20.  -0.29590847E-10   0.70376532E-02  -0.43166369E-01   0.00000000E+00
  8.   21.   0.54803602E-02   0.51114155E-02  -0.21583185E-01   0.00000000E+00
  8.   22.   0.74895164E-02   0.26088339E-03   0.21583184E-01   0.00000000E+00
  8.   23.   0.49763723E-02  -0.49763723E-02   0.43166369E-01   0.00000000E+00
  8.   24.  -0.26088331E-03  -0.74895164E-02   0.21583185E-01   0.00000000E+00
  8.   25.  -0.51114154E-02  -0.54803603E-02  -0.21583184E-01   0.00000000E+00
  8.   26.  -0.70376532E-02   0.00000000E+00  -0.43166369E-01   0.00000000E+00
  8.   27.   0.19572900E-01   0.00000000E+00  -0.20629533E+00   0.00000000E+00
  8.   28.   0.14716702E-01  -0.17111540E-01  -0.10314766E+00   0.00000000E+00
  8.   29.   0.16934065E-02  -0.22505966E-01   0.10314766E+00   0.00000000E+00
  8.   30.  -0.13840130E-01  -0.13840130E-01   0.20629533E+00   0.00000000E+00
  8.   31.  -0.22505966E-01   0.16934064E-02   0.10314766E+00   0.00000000E+00
  8.   32.  -0.17111540E-01   0.14716702E-01  -0.10314766E+00   0.00000000E+00
  8.   33.  -0.88489817E-10   0.19572900E-01  -0.20629533E+00   0.00000000E+00
  8.   34.   0.17111540E-01   0.14716702E-01  -0.10314767E+00   0.00000000E+00
  8.   35.   0.22505966E-01   0.16934066E-02   0.10314766E+00   0.00000000E+00
  8.   36.   0.13840130E-01  -0.13840130E-01   0.20629533E+00   0.00000000E+00
  8.   37.  -0.16934063E-02  -0.22505966E-01   0.10314767E+00   0.00000000E+00
  8.   38.  -0.14716702E-01  -0.17111540E-01  -0.10314766E+00   0.00000000E+00
  8.   39.  -0.19572900E-01   0.00000000E+00  -0.20629533E+00   0.00000000E+00
  8.   40.   0.32048709E-01   0.00000000E+00  -0.53331887E+00   0.00000000E+00
  8.   41.   0.25512162E-01  -0.33299334E-01  -0.26665944E+00   0.00000000E+00
  8.   42.   0.55063621E-02  -0.41586008E-01   0.26665944E+00   0.00000000E+00
  8.   43.  -0.22661860E-01  -0.22661860E-01   0.53331887E+00   0.00000000E+00
  8.   44.  -0.41586008E-01   0.55063620E-02   0.26665944E+00   0.00000000E+00
  8.   45.  -0.33299335E-01   0.25512162E-01  -0.26665944E+00   0.00000000E+00
  8.   46.  -0.17299158E-09   0.32048709E-01  -0.53331887E+00   0.00000000E+00
  8.   47.   0.33299334E-01   0.25512163E-01  -0.26665944E+00   0.00000000E+00
  8.   48.   0.41586008E-01   0.55063623E-02   0.26665943E+00   0.00000000E+00
  8.   49.   0.22661860E-01  -0.22661860E-01   0.53331887E+00   0.00000000E+00
  8.   50.  -0.55063619E-02  -0.41586008E-01   0.26665944E+00   0.00000000E+00
  8.   51.  -0.25512162E-01  -0.33299335E-01  -0.26665943E+00   0.00000000E+00
  8.   52.  -0.32048709E-01   0.00000000E+00  -0.53331887E+00   0.00000000E+00
  8.   53.   0.43051953E-01   0.00000000E+00  -0.99946245E+00   0.00000000E+00
  8.   54.   0.35272607E-01  -0.48469176E-01  -0.49973123E+00   0.00000000E+00
  8.   55.   0.93313834E-02  -0.59214383E-01   0.49973122E+00   0.00000000E+00
  8.   56.  -0.30442328E-01  -0.30442328E-01   0.99946245E+00   0.00000000E+00
  8.   57.  -0.59214383E-01   0.93313833E-02   0.49973123E+00   0.00000000E+00
  8.   58.  -0.48469176E-01   0.35272607E-01  -0.49973122E+00   0.00000000E+00
  8.   59.  -0.25406612E-09   0.43051953E-01  -0.99946245E+00   0.00000000E+00
  8.   60.   0.48469176E-01   0.35272607E-01  -0.49973123E+00   0.00000000E+00
  8.   61.   0.59214383E-01   0.93313836E-02   0.49973122E+00   0.00000000E+00
  8.   62.   0.30442328E-01  -0.30442328E-01   0.99946245E+00   0.00000000E+00
  8.   63.  -0.93313831E-02  -0.59214383E-01   0.49973123E+00   0.00000000E+00
  8.   64.  -0.35272607E-01  -0.48469177E-01  -0.49973122E+00   0.00000000E+00
  8.   65.  -0.43051953E-01   0.00000000E+00  -0.99946245E+00   0.00000000E+00
  8.   66.  -0.43051953E-01   0.00000000E+00  -0.99946245E+00   0.00000000E+00
  8.   67.  -0.35272607E-01   0.48469176E-01  -0.49973123E+00   0.00000000E+00
  8.   68.  -0.93313834E-02   0.59214383E-01   0.49973122E+00   0.00000000E+00
  8.   69.   0.30442328E-01   0.30442328E-01   0.99946245E+00   0.00000000E+00
  8.   70.   0.59214383E-01  -0.93313833E-02   0.49973123E+00   0.00000000E+00
  8.   71.   0.48469176E-01  -0.35272607E-01  -0.49973122E+00   0.00000000E+00
  8.   72.   0.25565708E-09  -0.43051953E-01  -0.99946245E+00   0.00000000E+00
  8.   73.  -0.48469176E-01  -0.35272607E-01  -0.49973123E+00   0.00000000E+00
  8.   74.  -0.59214383E-01  -0.93313836E-02   0.49973122E+00   0.00000000E+00
  8.   75.  -0.30442328E-01   0.30442328E-01   0.99946245E+00   0.00000000E+00
  8.   76.   0.93313831E-02   0.59214383E-01   0.49973123E+00   0.00000000E+00
  8.   77.   0.35272607E-01   0.48469177E-01  -0.49973122E+00   0.00000000E+00
  8.   78.   0.43051953E-01   0.00000000E+00  -0.99946245E+00   0.00000000E+00
  9.    1.  -0.31839575E-03   0.00000000E+00   0.45229977E-03   0.00000000E+00
  9.    2.  -0.16181791E-03   0.28551689E-03   0.11706381E-03   0.00000000E+00
  9.    3.   0.15657784E-03   0.28027684E-03  -0.39170304E-03   0.00000000E+00
  9.    4.   0.32363581E-03  -0.52400555E-05  -0.31982421E-03   0.00000000E+00
  9.    5.   0.16705796E-03  -0.28027683E-03   0.22614986E-03   0.00000000E+00
  9.    6.  -0.16181791E-03  -0.27503677E-03   0.43688798E-03   0.00000000E+00
  9.    7.  -0.32887587E-03   0.39246584E-12  -0.22365842E-10   0.00000000E+00
  9.    8.  -0.16181791E-03   0.27503678E-03  -0.43688802E-03   0.00000000E+00
  9.    9.   0.16705796E-03   0.28027684E-03  -0.22614989E-03   0.00000000E+00
  9.   10.   0.32363581E-03   0.52400627E-05   0.31982419E-03   0.00000000E+00
  9.   11.   0.15657785E-03  -0.28027683E-03   0.39170305E-03   0.00000000E+00
  9.   12.  -0.16181790E-03  -0.28551689E-03  -0.11706378E-03   0.00000000E+00
  9.   13.  -0.31839575E-03   0.00000000E+00  -0.45229974E-03   0.00000000E+00
  9.   14.  -0.44544282E-02   0.00000000E+00   0.21898683E-01   0.00000000E+00
  9.   15.  -0.23217170E-02   0.42103377E-02   0.56677964E-02   0.00000000E+00
  9.   16.   0.21327112E-02   0.40213319E-02  -0.18964816E-01   0.00000000E+00
  9.   17.   0.46434341E-02  -0.18900584E-03  -0.15484708E-01   0.00000000E+00
  9.   18.   0.25107229E-02  -0.40213319E-02   0.10949342E-01   0.00000000E+00
  9.   19.  -0.23217170E-02  -0.38323260E-02   0.21152504E-01   0.00000000E+00
  9.   20.  -0.48324399E-02  -0.18193033E-10   0.71910867E-10   0.00000000E+00
  9.   21.  -0.23217171E-02   0.38323260E-02  -0.21152504E-01   0.00000000E+00
  9.   22.   0.25107229E-02   0.40213319E-02  -0.10949342E-01   0.00000000E+00
  9.   23.   0.46434341E-02   0.18900589E-03   0.15484707E-01   0.00000000E+00
  9.   24.   0.21327112E-02  -0.40213318E-02   0.18964816E-01   0.00000000E+00
  9.   25.  -0.23217170E-02  -0.42103377E-02  -0.56677961E-02   0.00000000E+00
  9.   26.  -0.44544282E-02   0.00000000E+00  -0.21898683E-01   0.00000000E+00
  9.   27.  -0.17661364E-01   0.00000000E+00   0.15225206E+00   0.00000000E+00
  9.   28.  -0.98177116E-02   0.18978834E-01   0.39405733E-01   0.00000000E+00
  9.   29.   0.78436527E-02   0.17004775E-01  -0.13185415E+00   0.00000000E+00
  9.   30.   0.19635423E-01  -0.19740589E-02  -0.10765846E+00   0.00000000E+00
  9.   31.   0.11791771E-01  -0.17004775E-01   0.76126029E-01   0.00000000E+00
  9.   32.  -0.98177116E-02  -0.15030716E-01   0.14706420E+00   0.00000000E+00
  9.   33.  -0.21609482E-01  -0.80019390E-10   0.83460605E-09   0.00000000E+00
  9.   34.  -0.98177118E-02   0.15030716E-01  -0.14706420E+00   0.00000000E+00
  9.   35.   0.11791770E-01   0.17004775E-01  -0.76126030E-01   0.00000000E+00
  9.   36.   0.19635423E-01   0.19740591E-02   0.10765846E+00   0.00000000E+00
  9.   37.   0.78436528E-02  -0.17004775E-01   0.13185415E+00   0.00000000E+00
  9.   38.  -0.98177115E-02  -0.18978834E-01  -0.39405731E-01   0.00000000E+00
  9.   39.  -0.17661364E-01   0.00000000E+00  -0.15225206E+00   0.00000000E+00
  9.   40.  -0.34110852E-01   0.00000000E+00   0.47997322E+00   0.00000000E+00
  9.   41.  -0.21089483E-01   0.44596171E-01   0.12422621E+00   0.00000000E+00
  9.   42.   0.13021369E-01   0.36528056E-01  -0.41566900E+00   0.00000000E+00
  9.   43.   0.42178966E-01  -0.80681142E-02  -0.33939232E+00   0.00000000E+00
  9.   44.   0.29157598E-01  -0.36528056E-01   0.23998661E+00   0.00000000E+00
  9.   45.  -0.21089483E-01  -0.28459942E-01   0.46361853E+00   0.00000000E+00
  9.   46.  -0.50247081E-01  -0.14639350E-09   0.28125866E-08   0.00000000E+00
  9.   47.  -0.21089483E-01   0.28459942E-01  -0.46361853E+00   0.00000000E+00
  9.   48.   0.29157597E-01   0.36528056E-01  -0.23998661E+00   0.00000000E+00
  9.   49.   0.42178966E-01   0.80681146E-02   0.33939231E+00   0.00000000E+00
  9.   50.   0.13021369E-01  -0.36528056E-01   0.41566900E+00   0.00000000E+00
  9.   51.  -0.21089483E-01  -0.44596171E-01  -0.12422620E+00   0.00000000E+00
  9.   52.  -0.34110852E-01   0.00000000E+00  -0.47997322E+00   0.00000000E+00
  9.   53.  -0.50173498E-01   0.00000000E+00   0.99912706E+00   0.00000000E+00
  9.   54.  -0.32539191E-01   0.71264416E-01   0.25859311E+00   0.00000000E+00
  9.   55.   0.17634307E-01   0.56359532E-01  -0.86526942E+00   0.00000000E+00
  9.   56.   0.65078382E-01  -0.14904883E-01  -0.70648952E+00   0.00000000E+00
  9.   57.   0.47444075E-01  -0.56359532E-01   0.49956353E+00   0.00000000E+00
  9.   58.  -0.32539191E-01  -0.41454649E-01   0.96508263E+00   0.00000000E+00
  9.   59.  -0.79983266E-01  -0.20691482E-09   0.59451278E-08   0.00000000E+00
  9.   60.  -0.32539192E-01   0.41454648E-01  -0.96508263E+00   0.00000000E+00
  9.   61.   0.47444074E-01   0.56359532E-01  -0.49956354E+00   0.00000000E+00
  9.   62.   0.65078382E-01   0.14904884E-01   0.70648952E+00   0.00000000E+00
  9.   63.   0.17634308E-01  -0.56359532E-01   0.86526942E+00   0.00000000E+00
  9.   64.  -0.32539191E-01  -0.71264416E-01  -0.25859310E+00   0.00000000E+00
  9.   65.  -0.50173498E-01   0.00000000E+00  -0.99912706E+00   0.00000000E+00
  9.   66.   0.50173498E-01   0.00000000E+00   0.99912706E+00   0.00000000E+00
  9.   67.   0.32539191E-01  -0.71264416E-01   0.25859311E+00   0.00000000E+00
  9.   68.  -0.17634307E-01  -0.56359532E-01  -0.86526942E+00   0.00000000E+00
  9.   69.  -0.65078382E-01   0.14904883E-01  -0.70648952E+00   0.00000000E+00
  9.   70.  -0.47444075E-01   0.56359532E-01   0.49956353E+00   0.00000000E+00
  9.   71.   0.32539191E-01   0.41454649E-01   0.96508263E+00   0.00000000E+00
  9.   72.   0.79983266E-01   0.20866918E-09   0.59452047E-08   0.00000000E+00
  9.   73.   0.32539192E-01  -0.41454648E-01  -0.96508263E+00   0.00000000E+00
  9.   74.  -0.47444074E-01  -0.56359532E-01  -0.49956354E+00   0.00000000E+00
  9.   75.  -0.65078382E-01  -0.14904884E-01   0.70648952E+00   0.00000000E+00
  9.   76.  -0.17634308E-01   0.56359532E-01   0.86526942E+00   0.00000000E+00
  9.   77.   0.32539191E-01   0.71264416E-01  -0.25859310E+00   0.00000000E+00
  9.   78.   0.50173498E-01   0.00000000E+00  -0.99912706E+00   0.00000000E+00
 10.    1.   0.41744490E-01   0.00000000E+00  -0.30688039E+00   0.00000000E+00
 10.    2.   0.43032600E-01  -0.20920064E-01  -0.26576621E+00   0.00000000E+00
 10.    3.   0.45221363E-01  -0.36581208E-01  -0.15344019E+00   0.00000000E+00
 10.    4.   0.44328364E-01  -0.44328364E-01  -0.43708543E-09   0.00000000E+00
 10.    5.   0.36581208E-01  -0.45221363E-01   0.15344019E+00   0.00000000E+00
 10.    6.   0.20920064E-01  -0.43032600E-01   0.26576621E+00   0.00000000E+00
 10.    7.   0.10151372E-09  -0.41744490E-01   0.30688039E+00   0.00000000E+00
 10.    8.  -0.20920064E-01  -0.43032600E-01   0.26576621E+00   0.00000000E+00
 10.    9.  -0.36581208E-01  -0.45221363E-01   0.15344019E+00   0.00000000E+00
 10.   10.  -0.44328364E-01  -0.44328364E-01   0.10061571E-08   0.00000000E+00
 10.   11.  -0.45221363E-01  -0.36581208E-01  -0.15344019E+00   0.00000000E+00
 10.   12.  -0.43032600E-01  -0.20920064E-01  -0.26576621E+00   0.00000000E+00
 10.   13.  -0.41744490E-01   0.00000000E+00  -0.30688039E+00   0.00000000E+00
 10.   14.   0.34401607E-01   0.00000000E+00  -0.86162694E+00   0.00000000E+00
 10.   15.   0.38608251E-01  -0.28977934E-01  -0.74619082E+00   0.00000000E+00
 10.   16.   0.47790650E-01  -0.48374226E-01  -0.43081347E+00   0.00000000E+00
 10.   17.   0.53716195E-01  -0.53716195E-01  -0.11914642E-08   0.00000000E+00
 10.   18.   0.48374227E-01  -0.47790650E-01   0.43081347E+00   0.00000000E+00
 10.   19.   0.28977934E-01  -0.38608251E-01   0.74619082E+00   0.00000000E+00
 10.   20.   0.13959579E-09  -0.34401607E-01   0.86162694E+00   0.00000000E+00
 10.   21.  -0.28977934E-01  -0.38608251E-01   0.74619082E+00   0.00000000E+00
 10.   22.  -0.48374226E-01  -0.47790650E-01   0.43081347E+00   0.00000000E+00
 10.   23.  -0.53716195E-01  -0.53716195E-01   0.28207902E-08   0.00000000E+00
 10.   24.  -0.47790650E-01  -0.48374227E-01  -0.43081347E+00   0.00000000E+00
 10.   25.  -0.38608251E-01  -0.28977934E-01  -0.74619082E+00   0.00000000E+00
 10.   26.  -0.34401607E-01   0.00000000E+00  -0.86162694E+00   0.00000000E+00
 10.   27.  -0.30160001E-01   0.00000000E+00  -0.91951523E+00   0.00000000E+00
 10.   28.  -0.18486964E-01  -0.31923039E-01  -0.79632354E+00   0.00000000E+00
 10.   29.   0.95007396E-02  -0.46615765E-01  -0.45975761E+00   0.00000000E+00
 10.   30.   0.36840984E-01  -0.36840984E-01  -0.12751766E-08   0.00000000E+00
 10.   31.   0.46615765E-01  -0.95007397E-02   0.45975761E+00   0.00000000E+00
 10.   32.   0.31923039E-01   0.18486964E-01   0.79632354E+00   0.00000000E+00
 10.   33.   0.15530741E-09   0.30160001E-01   0.91951523E+00   0.00000000E+00
 10.   34.  -0.31923039E-01   0.18486965E-01   0.79632355E+00   0.00000000E+00
 10.   35.  -0.46615765E-01  -0.95007394E-02   0.45975762E+00   0.00000000E+00
 10.   36.  -0.36840984E-01  -0.36840984E-01   0.30318046E-08   0.00000000E+00
 10.   37.  -0.95007399E-02  -0.46615765E-01  -0.45975761E+00   0.00000000E+00
 10.   38.   0.18486964E-01  -0.31923039E-01  -0.79632354E+00   0.00000000E+00
 10.   39.   0.30160001E-01   0.00000000E+00  -0.91951523E+00   0.00000000E+00
 10.   40.  -0.84960608E-01   0.00000000E+00  -0.14927720E+00   0.00000000E+00
 10.   41.  -0.70276850E-01  -0.22006961E-01  -0.12927785E+00   0.00000000E+00
 10.   42.  -0.34131965E-01  -0.25842310E-01  -0.74638603E-01   0.00000000E+00
 10.   43.   0.43389557E-02  -0.43389559E-02  -0.25338156E-09   0.00000000E+00
 10.   44.   0.25842310E-01   0.34131965E-01   0.74638602E-01   0.00000000E+00
 10.   45.   0.22006961E-01   0.70276849E-01   0.12927785E+00   0.00000000E+00
 10.   46.   0.10796485E-09   0.84960608E-01   0.14927720E+00   0.00000000E+00
 10.   47.  -0.22006961E-01   0.70276850E-01   0.12927785E+00   0.00000000E+00
 10.   48.  -0.25842310E-01   0.34131966E-01   0.74638603E-01   0.00000000E+00
 10.   49.  -0.43389560E-02  -0.43389556E-02   0.52501847E-09   0.00000000E+00
 10.   50.   0.34131965E-01  -0.25842309E-01  -0.74638602E-01   0.00000000E+00
 10.   51.   0.70276849E-01  -0.22006961E-01  -0.12927785E+00   0.00000000E+00
 10.   52.   0.84960608E-01   0.00000000E+00  -0.14927720E+00   0.00000000E+00
 10.   53.  -0.92287890E-01   0.00000000E+00   0.99604931E+00   0.00000000E+00
 10.   54.  -0.81145270E-01  -0.59630286E-02   0.86260400E+00   0.00000000E+00
 10.   55.  -0.53161873E-01  -0.20882560E-03   0.49802465E+00   0.00000000E+00
 10.   56.  -0.21555582E-01   0.21555582E-01   0.12623185E-08   0.00000000E+00
 10.   57.   0.20882556E-03   0.53161872E-01  -0.49802465E+00   0.00000000E+00
 10.   58.   0.59630286E-02   0.81145270E-01  -0.86260400E+00   0.00000000E+00
 10.   59.   0.25257144E-10   0.92287890E-01  -0.99604931E+00   0.00000000E+00
 10.   60.  -0.59630286E-02   0.81145270E-01  -0.86260400E+00   0.00000000E+00
 10.   61.  -0.20882567E-03   0.53161873E-01  -0.49802466E+00   0.00000000E+00
 10.   62.   0.21555581E-01   0.21555582E-01  -0.31627058E-08   0.00000000E+00
 10.   63.   0.53161872E-01  -0.20882549E-03   0.49802465E+00   0.00000000E+00
 10.   64.   0.81145270E-01  -0.59630286E-02   0.86260400E+00   0.00000000E+00
 10.   65.   0.92287890E-01   0.00000000E+00   0.99604931E+00   0.00000000E+00
 10.   66.   0.92287890E-01   0.00000000E+00   0.99604931E+00   0.00000000E+00
 10.   67.   0.81145270E-01   0.59630286E-02   0.86260400E+00   0.00000000E+00
 10.   68.   0.53161873E-01   0.20882560E-03   0.49802465E+00   0.00000000E+00
 10.   69.   0.21555582E-01  -0.21555582E-01   0.12626265E-08   0.00000000E+00
 10.   70.  -0.20882556E-03  -0.53161872E-01  -0.49802465E+00   0.00000000E+00
 10.   71.  -0.59630286E-02  -0.81145270E-01  -0.86260400E+00   0.00000000E+00
 10.   72.  -0.27179779E-10  -0.92287890E-01  -0.99604931E+00   0.00000000E+00
 10.   73.   0.59630286E-02  -0.81145270E-01  -0.86260400E+00   0.00000000E+00
 10.   74.   0.20882566E-03  -0.53161873E-01  -0.49802466E+00   0.00000000E+00
 10.   75.  -0.21555581E-01  -0.21555582E-01  -0.31627760E-08   0.00000000E+00
 10.   76.  -0.53161872E-01   0.20882549E-03   0.49802465E+00   0.00000000E+00
 10.   77.  -0.81145270E-01   0.59630286E-02   0.86260400E+00   0.00000000E+00
 10.   78.  -0.92287890E-01   0.00000000E+00   0.99604931E+00   0.00000000E+00
 11.    1.   0.75466175E-01   0.00000000E+00   0.99884417E+00   0.00000000E+00
 11.    2.   0.72894727E-01   0.19532083E-01   0.99884417E+00   0.00000000E+00
 11.    3.   0.65355624E-01   0.37733087E-01   0.99884417E+00   0.00000000E+00
 11.    4.   0.53362644E-01   0.53362644E-01   0.99884417E+00   0.00000000E+00
 11.    5.   0.37733087E-01   0.65355624E-01   0.99884417E+00   0.00000000E+00
 11.    6.   0.19532083E-01   0.72894727E-01   0.99884417E+00   0.00000000E+00
 11.    7.   0.81153120E-10   0.75466175E-01   0.99884417E+00   0.00000000E+00
 11.    8.  -0.19532083E-01   0.72894727E-01   0.99884417E+00   0.00000000E+00
 11.    9.  -0.37733087E-01   0.65355624E-01   0.99884417E+00   0.00000000E+00
 11.   10.  -0.53362644E-01   0.53362644E-01   0.99884417E+00   0.00000000E+00
 11.   11.  -0.65355624E-01   0.37733087E-01   0.99884417E+00   0.00000000E+00
 11.   12.  -0.72894727E-01   0.19532083E-01   0.99884417E+00   0.00000000E+00
 11.   13.  -0.75466175E-01   0.00000000E+00   0.99884417E+00   0.00000000E+00
 11.   14.   0.60255513E-01   0.00000000E+00   0.13393168E+00   0.00000000E+00
 11.   15.   0.58202356E-01   0.15595274E-01   0.13393168E+00   0.00000000E+00
 11.   16.   0.52182805E-01   0.30127757E-01   0.13393168E+00   0.00000000E+00
 11.   17.   0.42607082E-01   0.42607082E-01   0.13393168E+00   0.00000000E+00
 11.   18.   0.30127757E-01   0.52182805E-01   0.13393168E+00   0.00000000E+00
 11.   19.   0.15595274E-01   0.58202356E-01   0.13393168E+00   0.00000000E+00
 11.   20.   0.66630845E-10   0.60255513E-01   0.13393168E+00   0.00000000E+00
 11.   21.  -0.15595274E-01   0.58202356E-01   0.13393168E+00   0.00000000E+00
 11.   22.  -0.30127757E-01   0.52182805E-01   0.13393168E+00   0.00000000E+00
 11.   23.  -0.42607082E-01   0.42607082E-01   0.13393168E+00   0.00000000E+00
 11.   24.  -0.52182805E-01   0.30127757E-01   0.13393168E+00   0.00000000E+00
 11.   25.  -0.58202356E-01   0.15595274E-01   0.13393168E+00   0.00000000E+00
 11.   26.  -0.60255513E-01   0.00000000E+00   0.13393168E+00   0.00000000E+00
 11.   27.   0.10192566E-01   0.00000000E+00  -0.34229239E+00   0.00000000E+00
 11.   28.   0.98452629E-02   0.26380303E-02  -0.34229239E+00   0.00000000E+00
 11.   29.   0.88270213E-02   0.50962831E-02  -0.34229239E+00   0.00000000E+00
 11.   30.   0.72072327E-02   0.72072327E-02  -0.34229239E+00   0.00000000E+00
 11.   31.   0.50962831E-02   0.88270213E-02  -0.34229239E+00   0.00000000E+00
 11.   32.   0.26380303E-02   0.98452629E-02  -0.34229239E+00   0.00000000E+00
 11.   33.   0.13424965E-10   0.10192566E-01  -0.34229239E+00   0.00000000E+00
 11.   34.  -0.26380302E-02   0.98452630E-02  -0.34229239E+00   0.00000000E+00
 11.   35.  -0.50962831E-02   0.88270213E-02  -0.34229239E+00   0.00000000E+00
 11.   36.  -0.72072327E-02   0.72072327E-02  -0.34229239E+00   0.00000000E+00
 11.   37.  -0.88270213E-02   0.50962831E-02  -0.34229239E+00   0.00000000E+00
 11.   38.  -0.98452629E-02   0.26380303E-02  -0.34229239E+00   0.00000000E+00
 11.   39.  -0.10192566E-01   0.00000000E+00  -0.34229239E+00   0.00000000E+00
 11.   40.  -0.38603245E-01   0.00000000E+00  -0.13006146E+00   0.00000000E+00
 11.   41.  -0.37287871E-01  -0.99912550E-02  -0.13006146E+00   0.00000000E+00
 11.   42.  -0.33431391E-01  -0.19301623E-01  -0.13006146E+00   0.00000000E+00
 11.   43.  -0.27296616E-01  -0.27296616E-01  -0.13006146E+00   0.00000000E+00
 11.   44.  -0.19301623E-01  -0.33431391E-01  -0.13006146E+00   0.00000000E+00
 11.   45.  -0.99912551E-02  -0.37287871E-01  -0.13006146E+00   0.00000000E+00
 11.   46.  -0.44988286E-10  -0.38603245E-01  -0.13006146E+00   0.00000000E+00
 11.   47.   0.99912550E-02  -0.37287871E-01  -0.13006146E+00   0.00000000E+00
 11.   48.   0.19301622E-01  -0.33431391E-01  -0.13006146E+00   0.00000000E+00
 11.   49.   0.27296616E-01  -0.27296616E-01  -0.13006146E+00   0.00000000E+00
 11.   50.   0.33431391E-01  -0.19301623E-01  -0.13006146E+00   0.00000000E+00
 11.   51.   0.37287871E-01  -0.99912551E-02  -0.13006146E+00   0.00000000E+00
 11.   52.   0.38603245E-01   0.00000000E+00  -0.13006146E+00   0.00000000E+00
 11.   53.  -0.47447920E-01   0.00000000E+00   0.44532393E+00   0.00000000E+00
 11.   54.  -0.45831171E-01  -0.12280425E-01   0.44532393E+00   0.00000000E+00
 11.   55.  -0.41091104E-01  -0.23723960E-01   0.44532393E+00   0.00000000E+00
 11.   56.  -0.33550746E-01  -0.33550746E-01   0.44532393E+00   0.00000000E+00
 11.   57.  -0.23723960E-01  -0.41091104E-01   0.44532393E+00   0.00000000E+00
 11.   58.  -0.12280425E-01  -0.45831171E-01   0.44532393E+00   0.00000000E+00
 11.   59.  -0.53370862E-10  -0.47447920E-01   0.44532393E+00   0.00000000E+00
 11.   60.   0.12280425E-01  -0.45831171E-01   0.44532393E+00   0.00000000E+00
 11.   61.   0.23723960E-01  -0.41091104E-01   0.44532393E+00   0.00000000E+00
 11.   62.   0.33550746E-01  -0.33550746E-01   0.44532393E+00   0.00000000E+00
 11.   63.   0.41091104E-01  -0.23723960E-01   0.44532393E+00   0.00000000E+00
 11.   64.   0.45831171E-01  -0.12280425E-01   0.44532393E+00   0.00000000E+00
 11.   65.   0.47447920E-01   0.00000000E+00   0.44532393E+00   0.00000000E+00
 11.   66.   0.47447920E-01   0.00000000E+00   0.44532393E+00   0.00000000E+00
 11.   67.   0.45831171E-01   0.12280425E-01   0.44532393E+00   0.00000000E+00
 11.   68.   0.41091104E-01   0.23723960E-01   0.44532393E+00   0.00000000E+00
 11.   69.   0.33550746E-01   0.33550746E-01   0.44532393E+00   0.00000000E+00
 11.   70.   0.23723960E-01   0.41091104E-01   0.44532393E+00   0.00000000E+00
 11.   71.   0.12280425E-01   0.45831171E-01   0.44532393E+00   0.00000000E+00
 11.   72.   0.59972847E-10   0.47447920E-01   0.44532393E+00   0.00000000E+00
 11.   73.  -0.12280425E-01   0.45831171E-01   0.44532393E+00   0.00000000E+00
 11.   74.  -0.23723960E-01   0.41091104E-01   0.44532393E+00   0.00000000E+00
 11.   75.  -0.33550746E-01   0.33550746E-01   0.44532393E+00   0.00000000E+00
 11.   76.  -0.41091104E-01   0.23723960E-01   0.44532393E+00   0.00000000E+00
 11.   77.  -0.45831171E-01   0.12280425E-01   0.44532393E+00   0.00000000E+00
 11.   78.  -0.47447920E-01   0.00000000E+00   0.44532393E+00   0.00000000E+00
 12.    1.   0.93548718E-04   0.00000000E+00  -0.10128047E-03   0.00000000E+00
 12.    2.   0.24979957E-04  -0.93226469E-04  -0.12263376E-10   0.00000000E+00
 12.    3.  -0.81015566E-04  -0.46774360E-04   0.10128045E-03   0.00000000E+00
 12.    4.  -0.68246512E-04   0.68246510E-04  -0.95940839E-11   0.00000000E+00
 12.    5.   0.46774359E-04   0.81015565E-04  -0.10128047E-03   0.00000000E+00
 12.    6.   0.93226470E-04  -0.24979957E-04  -0.24391248E-11   0.00000000E+00
 12.    7.   0.12622858E-11  -0.93548719E-04   0.10128046E-03   0.00000000E+00
 12.    8.  -0.93226469E-04  -0.24979958E-04   0.11612875E-11   0.00000000E+00
 12.    9.  -0.46774360E-04   0.81015566E-04  -0.10128046E-03   0.00000000E+00
 12.   10.   0.68246511E-04   0.68246513E-04  -0.44982429E-11   0.00000000E+00
 12.   11.   0.81015567E-04  -0.46774358E-04   0.10128046E-03   0.00000000E+00
 12.   12.  -0.24979956E-04  -0.93226469E-04  -0.58292057E-11   0.00000000E+00
 12.   13.  -0.93548717E-04   0.00000000E+00  -0.10128047E-03   0.00000000E+00
 12.   14.   0.27165460E-02   0.00000000E+00  -0.11180895E-01   0.00000000E+00
 12.   15.   0.76390071E-03  -0.28509163E-02  -0.18059156E-10   0.00000000E+00
 12.   16.  -0.23525979E-02  -0.13582730E-02   0.11180895E-01   0.00000000E+00
 12.   17.  -0.20870156E-02   0.20870155E-02   0.49321942E-10   0.00000000E+00
 12.   18.   0.13582730E-02   0.23525979E-02  -0.11180895E-01   0.00000000E+00
 12.   19.   0.28509163E-02  -0.76390070E-03  -0.39646585E-10   0.00000000E+00
 12.   20.   0.17656781E-10  -0.27165460E-02   0.11180895E-01   0.00000000E+00
 12.   21.  -0.28509162E-02  -0.76390073E-03   0.10697981E-09   0.00000000E+00
 12.   22.  -0.13582730E-02   0.23525979E-02  -0.11180895E-01   0.00000000E+00
 12.   23.   0.20870155E-02   0.20870156E-02  -0.11647689E-09   0.00000000E+00
 12.   24.   0.23525979E-02  -0.13582730E-02   0.11180895E-01   0.00000000E+00
 12.   25.  -0.76390068E-03  -0.28509163E-02   0.14082548E-09   0.00000000E+00
 12.   26.  -0.27165460E-02   0.00000000E+00  -0.11180895E-01   0.00000000E+00
 12.   27.   0.15484048E-01   0.00000000E+00  -0.11299790E+00   0.00000000E+00
 12.   28.   0.49659093E-02  -0.18533026E-01  -0.91697516E-10   0.00000000E+00
 12.   29.  -0.13409579E-01  -0.77420239E-02   0.11299790E+00   0.00000000E+00
 12.   30.  -0.13567116E-01   0.13567116E-01   0.46981843E-09   0.00000000E+00
 12.   31.   0.77420238E-02   0.13409579E-01  -0.11299790E+00   0.00000000E+00
 12.   32.   0.18533026E-01  -0.49659092E-02  -0.51772777E-09   0.00000000E+00
 12.   33.   0.11704389E-09  -0.15484048E-01   0.11299790E+00   0.00000000E+00
 12.   34.  -0.18533026E-01  -0.49659094E-02   0.10309169E-08   0.00000000E+00
 12.   35.  -0.77420240E-02   0.13409579E-01  -0.11299790E+00   0.00000000E+00
 12.   36.   0.13567116E-01   0.13567116E-01  -0.11102110E-08   0.00000000E+00
 12.   37.   0.13409579E-01  -0.77420237E-02   0.11299790E+00   0.00000000E+00
 12.   38.  -0.49659091E-02  -0.18533026E-01   0.15031930E-08   0.00000000E+00
 12.   39.  -0.15484048E-01   0.00000000E+00  -0.11299790E+00   0.00000000E+00
 12.   40.   0.35489286E-01   0.00000000E+00  -0.43429817E+00   0.00000000E+00
 12.   41.   0.14081669E-01  -0.52553503E-01  -0.30327130E-09   0.00000000E+00
 12.   42.  -0.30734623E-01  -0.17744643E-01   0.43429817E+00   0.00000000E+00
 12.   43.  -0.38471834E-01   0.38471834E-01   0.17821599E-08   0.00000000E+00
 12.   44.   0.17744643E-01   0.30734623E-01  -0.43429817E+00   0.00000000E+00
 12.   45.   0.52553503E-01  -0.14081669E-01  -0.20430592E-08   0.00000000E+00
 12.   46.   0.34339689E-09  -0.35489286E-01   0.43429817E+00   0.00000000E+00
 12.   47.  -0.52553503E-01  -0.14081669E-01   0.39778262E-08   0.00000000E+00
 12.   48.  -0.17744643E-01   0.30734623E-01  -0.43429817E+00   0.00000000E+00
 12.   49.   0.38471834E-01   0.38471834E-01  -0.42572675E-08   0.00000000E+00
 12.   50.   0.30734623E-01  -0.17744642E-01   0.43429817E+00   0.00000000E+00
 12.   51.  -0.14081668E-01  -0.52553503E-01   0.57423405E-08   0.00000000E+00
 12.   52.  -0.35489286E-01   0.00000000E+00  -0.43429817E+00   0.00000000E+00
 12.   53.   0.56966116E-01   0.00000000E+00  -0.99871883E+00   0.00000000E+00
 12.   54.   0.24603217E-01  -0.91820454E-01  -0.68031417E-09   0.00000000E+00
 12.   55.  -0.49334104E-01  -0.28483058E-01   0.99871883E+00   0.00000000E+00
 12.   56.  -0.67217238E-01   0.67217238E-01   0.40806000E-08   0.00000000E+00
 12.   57.   0.28483058E-01   0.49334104E-01  -0.99871883E+00   0.00000000E+00
 12.   58.   0.91820454E-01  -0.24603216E-01  -0.47269029E-08   0.00000000E+00
 12.   59.   0.60715225E-09  -0.56966116E-01   0.99871883E+00   0.00000000E+00
 12.   60.  -0.91820454E-01  -0.24603217E-01   0.91488923E-08   0.00000000E+00
 12.   61.  -0.28483059E-01   0.49334104E-01  -0.99871883E+00   0.00000000E+00
 12.   62.   0.67217238E-01   0.67217238E-01  -0.97795638E-08   0.00000000E+00
 12.   63.   0.49334105E-01  -0.28483057E-01   0.99871883E+00   0.00000000E+00
 12.   64.  -0.24603216E-01  -0.91820455E-01   0.13194707E-07   0.00000000E+00
 12.   65.  -0.56966116E-01   0.00000000E+00  -0.99871883E+00   0.00000000E+00
 12.   66.  -0.56966116E-01   0.00000000E+00  -0.99871883E+00   0.00000000E+00
 12.   67.  -0.24603217E-01   0.91820454E-01  -0.68039551E-09   0.00000000E+00
 12.   68.   0.49334104E-01   0.28483058E-01   0.99871883E+00   0.00000000E+00
 12.   69.   0.67217238E-01  -0.67217238E-01   0.40804640E-08   0.00000000E+00
 12.   70.  -0.28483058E-01  -0.49334104E-01  -0.99871883E+00   0.00000000E+00
 12.   71.  -0.91820454E-01   0.24603216E-01  -0.47269851E-08   0.00000000E+00
 12.   72.  -0.60670757E-09   0.56966116E-01   0.99871883E+00   0.00000000E+00
 12.   73.   0.91820454E-01   0.24603217E-01   0.91489648E-08   0.00000000E+00
 12.   74.   0.28483059E-01  -0.49334104E-01  -0.99871883E+00   0.00000000E+00
 12.   75.  -0.67217238E-01  -0.67217238E-01  -0.97795911E-08   0.00000000E+00
 12.   76.  -0.49334105E-01   0.28483057E-01   0.99871883E+00   0.00000000E+00
 12.   77.   0.24603216E-01   0.91820455E-01   0.13194771E-07   0.00000000E+00
 12.   78.   0.56966116E-01   0.00000000E+00  -0.99871883E+00   0.00000000E+00
 13.    1.   0.25437675E-01   0.00000000E+00  -0.99097497E-01   0.00000000E+00
 13.    2.   0.23446403E-01  -0.18006148E-01  -0.70072512E-01   0.00000000E+00
 13.    3.   0.16589417E-01  -0.28733714E-01  -0.66473420E-10   0.00000000E+00
 13.    4.   0.38705799E-02  -0.29308255E-01   0.70072512E-01   0.00000000E+00
 13.    5.  -0.12718837E-01  -0.22029673E-01   0.99097497E-01   0.00000000E+00
 13.    6.  -0.27316983E-01  -0.11302107E-01   0.70072513E-01   0.00000000E+00
 13.    7.  -0.33178834E-01  -0.60994845E-10   0.34141468E-09   0.00000000E+00
 13.    8.  -0.27316983E-01   0.11302107E-01  -0.70072512E-01   0.00000000E+00
 13.    9.  -0.12718838E-01   0.22029673E-01  -0.99097497E-01   0.00000000E+00
 13.   10.   0.38705797E-02   0.29308255E-01  -0.70072513E-01   0.00000000E+00
 13.   11.   0.16589417E-01   0.28733714E-01  -0.72667953E-09   0.00000000E+00
 13.   12.   0.23446403E-01   0.18006148E-01   0.70072512E-01   0.00000000E+00
 13.   13.   0.25437675E-01   0.00000000E+00   0.99097497E-01   0.00000000E+00
 13.   14.   0.49623282E-01   0.00000000E+00  -0.60860912E+00   0.00000000E+00
 13.   15.   0.48567106E-01  -0.45681580E-01  -0.43035163E+00   0.00000000E+00
 13.   16.   0.40089496E-01  -0.69437045E-01  -0.28424523E-09   0.00000000E+00
 13.   17.   0.15277855E-01  -0.64901137E-01   0.43035163E+00   0.00000000E+00
 13.   18.  -0.24811641E-01  -0.42975023E-01   0.60860912E+00   0.00000000E+00
 13.   19.  -0.63844961E-01  -0.19219558E-01   0.43035163E+00   0.00000000E+00
 13.   20.  -0.80178993E-01  -0.76394838E-10   0.21645362E-08   0.00000000E+00
 13.   21.  -0.63844962E-01   0.19219558E-01  -0.43035163E+00   0.00000000E+00
 13.   22.  -0.24811641E-01   0.42975023E-01  -0.60860912E+00   0.00000000E+00
 13.   23.   0.15277855E-01   0.64901137E-01  -0.43035164E+00   0.00000000E+00
 13.   24.   0.40089496E-01   0.69437045E-01  -0.39655989E-08   0.00000000E+00
 13.   25.   0.48567106E-01   0.45681580E-01   0.43035163E+00   0.00000000E+00
 13.   26.   0.49623282E-01   0.00000000E+00   0.60860912E+00   0.00000000E+00
 13.   27.  -0.60892197E-02   0.00000000E+00  -0.97809946E+00   0.00000000E+00
 13.   28.   0.10999489E-01  -0.57686709E-01  -0.69162076E+00   0.00000000E+00
 13.   29.   0.41413801E-01  -0.71730808E-01  -0.49968669E-09   0.00000000E+00
 13.   30.   0.44458411E-01  -0.38369191E-01   0.69162076E+00   0.00000000E+00
 13.   31.   0.30446100E-02   0.52734188E-02   0.97809946E+00   0.00000000E+00
 13.   32.  -0.55457900E-01   0.19317518E-01   0.69162076E+00   0.00000000E+00
 13.   33.  -0.82827602E-01   0.11948888E-09   0.34144146E-08   0.00000000E+00
 13.   34.  -0.55457900E-01  -0.19317518E-01  -0.69162076E+00   0.00000000E+00
 13.   35.   0.30446095E-02  -0.52734191E-02  -0.97809946E+00   0.00000000E+00
 13.   36.   0.44458411E-01   0.38369191E-01  -0.69162077E+00   0.00000000E+00
 13.   37.   0.41413801E-01   0.71730807E-01  -0.63194077E-08   0.00000000E+00
 13.   38.   0.10999489E-01   0.57686709E-01   0.69162076E+00   0.00000000E+00
 13.   39.  -0.60892197E-02   0.00000000E+00   0.97809946E+00   0.00000000E+00
 13.   40.  -0.91515949E-01   0.00000000E+00  -0.32136249E+00   0.00000000E+00
 13.   41.  -0.58862726E-01  -0.30347539E-01  -0.22723760E+00   0.00000000E+00
 13.   42.   0.99551282E-02  -0.17242788E-01  -0.17000501E-09   0.00000000E+00
 13.   43.   0.55713103E-01   0.35802846E-01   0.22723760E+00   0.00000000E+00
 13.   44.   0.45757975E-01   0.79255137E-01   0.32136249E+00   0.00000000E+00
 13.   45.   0.31496231E-02   0.66150386E-01   0.22723760E+00   0.00000000E+00
 13.   46.  -0.19910256E-01   0.35470653E-09   0.11521565E-08   0.00000000E+00
 13.   47.   0.31496228E-02  -0.66150385E-01  -0.22723760E+00   0.00000000E+00
 13.   48.   0.45757974E-01  -0.79255137E-01  -0.32136249E+00   0.00000000E+00
 13.   49.   0.55713103E-01  -0.35802847E-01  -0.22723760E+00   0.00000000E+00
 13.   50.   0.99551288E-02   0.17242788E-01  -0.20854591E-08   0.00000000E+00
 13.   51.  -0.58862725E-01   0.30347539E-01   0.22723760E+00   0.00000000E+00
 13.   52.  -0.91515949E-01   0.00000000E+00   0.32136249E+00   0.00000000E+00
 13.   53.  -0.10913617E+00   0.00000000E+00   0.99993894E+00   0.00000000E+00
 13.   54.  -0.82774909E-01   0.10754601E-01   0.70706360E+00   0.00000000E+00
 13.   55.  -0.22494389E-01   0.38961424E-01   0.46476481E-09   0.00000000E+00
 13.   56.   0.32073697E-01   0.77062474E-01  -0.70706360E+00   0.00000000E+00
 13.   57.   0.54568086E-01   0.94514697E-01  -0.99993894E+00   0.00000000E+00
 13.   58.   0.50701212E-01   0.66307874E-01  -0.70706360E+00   0.00000000E+00
 13.   59.   0.44988777E-01   0.34168480E-09  -0.35620846E-08   0.00000000E+00
 13.   60.   0.50701212E-01  -0.66307873E-01   0.70706360E+00   0.00000000E+00
 13.   61.   0.54568086E-01  -0.94514697E-01   0.99993894E+00   0.00000000E+00
 13.   62.   0.32073697E-01  -0.77062474E-01   0.70706361E+00   0.00000000E+00
 13.   63.  -0.22494388E-01  -0.38961424E-01   0.63893557E-08   0.00000000E+00
 13.   64.  -0.82774908E-01  -0.10754601E-01  -0.70706360E+00   0.00000000E+00
 13.   65.  -0.10913617E+00   0.00000000E+00  -0.99993894E+00   0.00000000E+00
 13.   66.   0.10913617E+00   0.00000000E+00   0.99993894E+00   0.00000000E+00
 13.   67.   0.82774909E-01  -0.10754601E-01   0.70706360E+00   0.00000000E+00
 13.   68.   0.22494389E-01  -0.38961424E-01   0.46336217E-09   0.00000000E+00
 13.   69.  -0.32073697E-01  -0.77062474E-01  -0.70706360E+00   0.00000000E+00
 13.   70.  -0.54568086E-01  -0.94514697E-01  -0.99993894E+00   0.00000000E+00
 13.   71.  -0.50701212E-01  -0.66307874E-01  -0.70706360E+00   0.00000000E+00
 13.   72.  -0.44988777E-01  -0.32555191E-09  -0.35614068E-08   0.00000000E+00
 13.   73.  -0.50701212E-01   0.66307873E-01   0.70706360E+00   0.00000000E+00
 13.   74.  -0.54568086E-01   0.94514697E-01   0.99993894E+00   0.00000000E+00
 13.   75.  -0.32073697E-01   0.77062474E-01   0.70706361E+00   0.00000000E+00
 13.   76.   0.22494388E-01   0.38961424E-01   0.63897148E-08   0.00000000E+00
 13.   77.   0.82774908E-01   0.10754601E-01  -0.70706360E+00   0.00000000E+00
 13.   78.   0.10913617E+00   0.00000000E+00  -0.99993894E+00   0.00000000E+00
 14.    1.  -0.33646338E-01   0.00000000E+00  -0.99817356E+00   0.00000000E+00
 14.    2.  -0.25616578E-01  -0.29967471E-01  -0.96416162E+00   0.00000000E+00
 14.    3.  -0.36788666E-02  -0.51905183E-01  -0.86444366E+00   0.00000000E+00
 14.    4.   0.26288605E-01  -0.59934943E-01  -0.70581529E+00   0.00000000E+00
 14.    5.   0.56256076E-01  -0.51905183E-01  -0.49908678E+00   0.00000000E+00
 14.    6.   0.78193788E-01  -0.29967471E-01  -0.25834633E+00   0.00000000E+00
 14.    7.   0.86223548E-01  -0.13259382E-09  -0.11704134E-08   0.00000000E+00
 14.    8.   0.78193788E-01   0.29967471E-01   0.25834633E+00   0.00000000E+00
 14.    9.   0.56256076E-01   0.51905183E-01   0.49908678E+00   0.00000000E+00
 14.   10.   0.26288605E-01   0.59934943E-01   0.70581529E+00   0.00000000E+00
 14.   11.  -0.36788664E-02   0.51905183E-01   0.86444366E+00   0.00000000E+00
 14.   12.  -0.25616578E-01   0.29967472E-01   0.96416162E+00   0.00000000E+00
 14.   13.  -0.33646338E-01   0.00000000E+00   0.99817356E+00   0.00000000E+00
 14.   14.  -0.64539474E-01   0.00000000E+00  -0.43857022E+00   0.00000000E+00
 14.   15.  -0.58924162E-01  -0.20956630E-01  -0.42362630E+00   0.00000000E+00
 14.   16.  -0.43582844E-01  -0.36297948E-01  -0.37981295E+00   0.00000000E+00
 14.   17.  -0.22626214E-01  -0.41913260E-01  -0.31011598E+00   0.00000000E+00
 14.   18.  -0.16695836E-02  -0.36297948E-01  -0.21928511E+00   0.00000000E+00
 14.   19.   0.13671734E-01  -0.20956630E-01  -0.11351033E+00   0.00000000E+00
 14.   20.   0.19287046E-01  -0.10309116E-09  -0.52749860E-09   0.00000000E+00
 14.   21.   0.13671734E-01   0.20956630E-01   0.11351032E+00   0.00000000E+00
 14.   22.  -0.16695834E-02   0.36297948E-01   0.21928511E+00   0.00000000E+00
 14.   23.  -0.22626213E-01   0.41913260E-01   0.31011598E+00   0.00000000E+00
 14.   24.  -0.43582843E-01   0.36297948E-01   0.37981295E+00   0.00000000E+00
 14.   25.  -0.58924161E-01   0.20956630E-01   0.42362630E+00   0.00000000E+00
 14.   26.  -0.64539474E-01   0.00000000E+00   0.43857022E+00   0.00000000E+00
 14.   27.  -0.35215044E-01   0.00000000E+00   0.30367543E+00   0.00000000E+00
 14.   28.  -0.33429129E-01  -0.66651249E-02   0.29332794E+00   0.00000000E+00
 14.   29.  -0.28549919E-01  -0.11544335E-01   0.26299064E+00   0.00000000E+00
 14.   30.  -0.21884794E-01  -0.13330250E-01   0.21473096E+00   0.00000000E+00
 14.   31.  -0.15219669E-01  -0.11544335E-01   0.15183772E+00   0.00000000E+00
 14.   32.  -0.10340459E-01  -0.66651249E-02   0.78596986E-01   0.00000000E+00
 14.   33.  -0.85545444E-02  -0.30964193E-10   0.39829672E-09   0.00000000E+00
 14.   34.  -0.10340459E-01   0.66651248E-02  -0.78596985E-01   0.00000000E+00
 14.   35.  -0.15219669E-01   0.11544335E-01  -0.15183772E+00   0.00000000E+00
 14.   36.  -0.21884794E-01   0.13330250E-01  -0.21473096E+00   0.00000000E+00
 14.   37.  -0.28549919E-01   0.11544335E-01  -0.26299064E+00   0.00000000E+00
 14.   38.  -0.33429129E-01   0.66651249E-02  -0.29332794E+00   0.00000000E+00
 14.   39.  -0.35215044E-01   0.00000000E+00  -0.30367543E+00   0.00000000E+00
 14.   40.   0.43259919E-01   0.00000000E+00   0.23268451E+00   0.00000000E+00
 14.   41.   0.40040275E-01   0.12015875E-01   0.22475598E+00   0.00000000E+00
 14.   42.   0.31244045E-01   0.20812105E-01   0.20151070E+00   0.00000000E+00
 14.   43.   0.19228170E-01   0.24031749E-01   0.16453279E+00   0.00000000E+00
 14.   44.   0.72122953E-02   0.20812105E-01   0.11634225E+00   0.00000000E+00
 14.   45.  -0.15839355E-02   0.12015875E-01   0.60223183E-01   0.00000000E+00
 14.   46.  -0.48035794E-02   0.49911881E-10   0.26294166E-09   0.00000000E+00
 14.   47.  -0.15839355E-02  -0.12015875E-01  -0.60223182E-01   0.00000000E+00
 14.   48.   0.72122952E-02  -0.20812105E-01  -0.11634225E+00   0.00000000E+00
 14.   49.   0.19228170E-01  -0.24031749E-01  -0.16453279E+00   0.00000000E+00
 14.   50.   0.31244045E-01  -0.20812105E-01  -0.20151070E+00   0.00000000E+00
 14.   51.   0.40040275E-01  -0.12015875E-01  -0.22475598E+00   0.00000000E+00
 14.   52.   0.43259919E-01   0.00000000E+00  -0.23268451E+00   0.00000000E+00
 14.   53.   0.63180658E-01   0.00000000E+00  -0.50499103E+00   0.00000000E+00
 14.   54.   0.59446660E-01   0.13935471E-01  -0.48778387E+00   0.00000000E+00
 14.   55.   0.49245188E-01   0.24136943E-01  -0.43733506E+00   0.00000000E+00
 14.   56.   0.35309717E-01   0.27870941E-01  -0.35708258E+00   0.00000000E+00
 14.   57.   0.21374246E-01   0.24136943E-01  -0.25249551E+00   0.00000000E+00
 14.   58.   0.11172774E-01   0.13935471E-01  -0.13070130E+00   0.00000000E+00
 14.   59.   0.74387758E-02   0.60962631E-10  -0.61480736E-09   0.00000000E+00
 14.   60.   0.11172774E-01  -0.13935470E-01   0.13070129E+00   0.00000000E+00
 14.   61.   0.21374246E-01  -0.24136943E-01   0.25249551E+00   0.00000000E+00
 14.   62.   0.35309717E-01  -0.27870941E-01   0.35708258E+00   0.00000000E+00
 14.   63.   0.49245187E-01  -0.24136943E-01   0.43733506E+00   0.00000000E+00
 14.   64.   0.59446660E-01  -0.13935471E-01   0.48778387E+00   0.00000000E+00
 14.   65.   0.63180658E-01   0.00000000E+00   0.50499103E+00   0.00000000E+00
 14.   66.  -0.63180658E-01   0.00000000E+00  -0.50499103E+00   0.00000000E+00
 14.   67.  -0.59446660E-01  -0.13935471E-01  -0.48778387E+00   0.00000000E+00
 14.   68.  -0.49245188E-01  -0.24136943E-01  -0.43733506E+00   0.00000000E+00
 14.   69.  -0.35309717E-01  -0.27870941E-01  -0.35708258E+00   0.00000000E+00
 14.   70.  -0.21374246E-01  -0.24136943E-01  -0.25249551E+00   0.00000000E+00
 14.   71.  -0.11172774E-01  -0.13935471E-01  -0.13070130E+00   0.00000000E+00
 14.   72.  -0.74387758E-02  -0.77904543E-10  -0.61558466E-09   0.00000000E+00
 14.   73.  -0.11172774E-01   0.13935471E-01   0.13070129E+00   0.00000000E+00
 14.   74.  -0.21374246E-01   0.24136943E-01   0.25249551E+00   0.00000000E+00
 14.   75.  -0.35309717E-01   0.27870941E-01   0.35708258E+00   0.00000000E+00
 14.   76.  -0.49245187E-01   0.24136943E-01   0.43733506E+00   0.00000000E+00
 14.   77.  -0.59446660E-01   0.13935471E-01   0.48778387E+00   0.00000000E+00
 14.   78.  -0.63180658E-01   0.00000000E+00   0.50499103E+00   0.00000000E+00
 15.    1.  -0.26537581E-04   0.00000000E+00   0.22664191E-04   0.00000000E+00
 15.    2.  -0.20794013E-06   0.27313585E-04  -0.58660244E-05   0.00000000E+00
 15.    3.   0.26745500E-04  -0.36015561E-06  -0.19627927E-04   0.00000000E+00
 15.    4.   0.41585748E-06  -0.26953453E-04   0.16025938E-04   0.00000000E+00
 15.    5.  -0.27161366E-04   0.36012743E-06   0.11332040E-04   0.00000000E+00
 15.    6.  -0.20792544E-06   0.26593269E-04  -0.21892038E-04   0.00000000E+00
 15.    7.   0.27369304E-04  -0.15104394E-10  -0.67135348E-11   0.00000000E+00
 15.    8.  -0.20793624E-06  -0.26593295E-04   0.21892006E-04   0.00000000E+00
 15.    9.  -0.27161373E-04  -0.36015896E-06  -0.11332123E-04   0.00000000E+00
 15.   10.   0.41586188E-06   0.26953423E-04  -0.16026055E-04   0.00000000E+00
 15.   11.   0.26745503E-04   0.36013220E-06   0.19627811E-04   0.00000000E+00
 15.   12.  -0.20792835E-06  -0.27313601E-04   0.58659051E-05   0.00000000E+00
 15.   13.  -0.26537567E-04   0.00000000E+00  -0.22664306E-04   0.00000000E+00
 15.   14.  -0.16106423E-02   0.00000000E+00   0.57117291E-02   0.00000000E+00
 15.   15.  -0.35494435E-04   0.17431093E-02  -0.14783043E-02   0.00000000E+00
 15.   16.   0.16461367E-02  -0.61478155E-04  -0.49465025E-02   0.00000000E+00
 15.   17.   0.70988855E-04  -0.16816311E-02   0.40388023E-02   0.00000000E+00
 15.   18.  -0.17171255E-02   0.61478146E-04   0.28558646E-02   0.00000000E+00
 15.   19.  -0.35494432E-04   0.16201530E-02  -0.55171066E-02   0.00000000E+00
 15.   20.   0.17526200E-02   0.18345603E-10  -0.27791710E-10   0.00000000E+00
 15.   21.  -0.35494413E-04  -0.16201530E-02   0.55171067E-02   0.00000000E+00
 15.   22.  -0.17171256E-02  -0.61478169E-04  -0.28558645E-02   0.00000000E+00
 15.   23.   0.70988831E-04   0.16816311E-02  -0.40388024E-02   0.00000000E+00
 15.   24.   0.16461367E-02   0.61478182E-04   0.49465025E-02   0.00000000E+00
 15.   25.  -0.35494428E-04  -0.17431093E-02   0.14783044E-02   0.00000000E+00
 15.   26.  -0.16106423E-02   0.00000000E+00  -0.57117292E-02   0.00000000E+00
 15.   27.  -0.13280611E-01   0.00000000E+00   0.84034646E-01   0.00000000E+00
 15.   28.  -0.82692056E-03   0.16366720E-01  -0.21749767E-01   0.00000000E+00
 15.   29.   0.14107531E-01  -0.14322684E-02  -0.72776138E-01   0.00000000E+00
 15.   30.   0.16538412E-02  -0.14934452E-01   0.59421468E-01   0.00000000E+00
 15.   31.  -0.15761372E-01   0.14322683E-02   0.42017323E-01   0.00000000E+00
 15.   32.  -0.82692063E-03   0.13502183E-01  -0.81171235E-01   0.00000000E+00
 15.   33.   0.16588293E-01   0.90215377E-10  -0.77183962E-09   0.00000000E+00
 15.   34.  -0.82692039E-03  -0.13502183E-01   0.81171235E-01   0.00000000E+00
 15.   35.  -0.15761372E-01  -0.14322685E-02  -0.42017322E-01   0.00000000E+00
 15.   36.   0.16538409E-02   0.14934452E-01  -0.59421469E-01   0.00000000E+00
 15.   37.   0.14107531E-01   0.14322686E-02   0.72776137E-01   0.00000000E+00
 15.   38.  -0.82692037E-03  -0.16366720E-01   0.21749768E-01   0.00000000E+00
 15.   39.  -0.13280611E-01   0.00000000E+00  -0.84034646E-01   0.00000000E+00
 15.   40.  -0.36357668E-01   0.00000000E+00   0.39434821E+00   0.00000000E+00
 15.   41.  -0.52723646E-02   0.56034401E-01  -0.10206483E+00   0.00000000E+00
 15.   42.   0.41630033E-01  -0.91320033E-02  -0.34151556E+00   0.00000000E+00
 15.   43.   0.10544729E-01  -0.46902397E-01   0.27884629E+00   0.00000000E+00
 15.   44.  -0.52174762E-01   0.91320031E-02   0.19717410E+00   0.00000000E+00
 15.   45.  -0.52723649E-02   0.37770394E-01  -0.38091112E+00   0.00000000E+00
 15.   46.   0.57447126E-01   0.23850357E-09  -0.32402291E-08   0.00000000E+00
 15.   47.  -0.52723640E-02  -0.37770394E-01   0.38091112E+00   0.00000000E+00
 15.   48.  -0.52174762E-01  -0.91320037E-02  -0.19717410E+00   0.00000000E+00
 15.   49.   0.10544729E-01   0.46902397E-01  -0.27884629E+00   0.00000000E+00
 15.   50.   0.41630033E-01   0.91320040E-02   0.34151556E+00   0.00000000E+00
 15.   51.  -0.52723641E-02  -0.56034401E-01   0.10206483E+00   0.00000000E+00
 15.   52.  -0.36357668E-01   0.00000000E+00  -0.39434820E+00   0.00000000E+00
 15.   53.  -0.63525815E-01   0.00000000E+00   0.99824061E+00   0.00000000E+00
 15.   54.  -0.11573936E-01   0.10672033E+00  -0.25836368E+00   0.00000000E+00
 15.   55.   0.75099752E-01  -0.20046646E-01  -0.86450173E+00   0.00000000E+00
 15.   56.   0.23147873E-01  -0.86673688E-01   0.70586270E+00   0.00000000E+00
 15.   57.  -0.98247624E-01   0.20046645E-01   0.49912031E+00   0.00000000E+00
 15.   58.  -0.11573937E-01   0.66627042E-01  -0.96422638E+00   0.00000000E+00
 15.   59.   0.10982156E+00   0.39217467E-09  -0.81141737E-08   0.00000000E+00
 15.   60.  -0.11573935E-01  -0.66627042E-01   0.96422639E+00   0.00000000E+00
 15.   61.  -0.98247624E-01  -0.20046646E-01  -0.49912030E+00   0.00000000E+00
 15.   62.   0.23147872E-01   0.86673688E-01  -0.70586271E+00   0.00000000E+00
 15.   63.   0.75099752E-01   0.20046647E-01   0.86450172E+00   0.00000000E+00
 15.   64.  -0.11573935E-01  -0.10672033E+00   0.25836370E+00   0.00000000E+00
 15.   65.  -0.63525815E-01   0.00000000E+00  -0.99824061E+00   0.00000000E+00
 15.   66.   0.63525815E-01   0.00000000E+00   0.99824061E+00   0.00000000E+00
 15.   67.   0.11573936E-01  -0.10672033E+00  -0.25836368E+00   0.00000000E+00
 15.   68.  -0.75099752E-01   0.20046646E-01  -0.86450173E+00   0.00000000E+00
 15.   69.  -0.23147873E-01   0.86673688E-01   0.70586270E+00   0.00000000E+00
 15.   70.   0.98247624E-01  -0.20046645E-01   0.49912031E+00   0.00000000E+00
 15.   71.   0.11573937E-01  -0.66627042E-01  -0.96422638E+00   0.00000000E+00
 15.   72.  -0.10982156E+00  -0.36465011E-09  -0.81127593E-08   0.00000000E+00
 15.   73.   0.11573935E-01   0.66627042E-01   0.96422639E+00   0.00000000E+00
 15.   74.   0.98247624E-01   0.20046646E-01  -0.49912030E+00   0.00000000E+00
 15.   75.  -0.23147872E-01  -0.86673688E-01  -0.70586271E+00   0.00000000E+00
 15.   76.  -0.75099752E-01  -0.20046647E-01   0.86450172E+00   0.00000000E+00
 15.   77.   0.11573935E-01   0.10672033E+00   0.25836370E+00   0.00000000E+00
 15.   78.   0.63525815E-01   0.00000000E+00  -0.99824061E+00   0.00000000E+00
 16.    1.   0.11532356E-01   0.00000000E+00  -0.28845532E-01   0.00000000E+00
 16.    2.   0.87202499E-02  -0.10265615E-01  -0.14422766E-01   0.00000000E+00
 16.    3.   0.10927379E-02  -0.13425034E-01   0.14422766E-01   0.00000000E+00
 16.    4.  -0.81546071E-02  -0.81546072E-02   0.28845532E-01   0.00000000E+00
 16.    5.  -0.13425034E-01   0.10927379E-02   0.14422766E-01   0.00000000E+00
 16.    6.  -0.10265615E-01   0.87202499E-02  -0.14422766E-01   0.00000000E+00
 16.    7.  -0.59547775E-10   0.11532356E-01  -0.28845532E-01   0.00000000E+00
 16.    8.   0.10265615E-01   0.87202499E-02  -0.14422766E-01   0.00000000E+00
 16.    9.   0.13425034E-01   0.10927380E-02   0.14422766E-01   0.00000000E+00
 16.   10.   0.81546072E-02  -0.81546071E-02   0.28845532E-01   0.00000000E+00
 16.   11.  -0.10927378E-02  -0.13425034E-01   0.14422766E-01   0.00000000E+00
 16.   12.  -0.87202499E-02  -0.10265615E-01  -0.14422766E-01   0.00000000E+00
 16.   13.  -0.11532356E-01   0.00000000E+00  -0.28845532E-01   0.00000000E+00
 16.   14.   0.49146022E-01   0.00000000E+00  -0.39939110E+00   0.00000000E+00
 16.   15.   0.39393081E-01  -0.52074157E-01  -0.19969555E+00   0.00000000E+00
 16.   16.   0.89668746E-02  -0.64677105E-01   0.19969555E+00   0.00000000E+00
 16.   17.  -0.34751486E-01  -0.34751486E-01   0.39939110E+00   0.00000000E+00
 16.   18.  -0.64677105E-01   0.89668745E-02   0.19969555E+00   0.00000000E+00
 16.   19.  -0.52074157E-01   0.39393081E-01  -0.19969555E+00   0.00000000E+00
 16.   20.  -0.28028103E-09   0.49146022E-01  -0.39939110E+00   0.00000000E+00
 16.   21.   0.52074157E-01   0.39393082E-01  -0.19969555E+00   0.00000000E+00
 16.   22.   0.64677105E-01   0.89668748E-02   0.19969555E+00   0.00000000E+00
 16.   23.   0.34751486E-01  -0.34751485E-01   0.39939110E+00   0.00000000E+00
 16.   24.  -0.89668743E-02  -0.64677105E-01   0.19969555E+00   0.00000000E+00
 16.   25.  -0.39393081E-01  -0.52074157E-01  -0.19969555E+00   0.00000000E+00
 16.   26.  -0.49146022E-01   0.00000000E+00  -0.39939110E+00   0.00000000E+00
 16.   27.   0.16427283E-01   0.00000000E+00  -0.95210995E+00   0.00000000E+00
 16.   28.   0.31927005E-01  -0.87418130E-01  -0.47605497E+00   0.00000000E+00
 16.   29.   0.39238151E-01  -0.84389754E-01   0.47605497E+00   0.00000000E+00
 16.   30.  -0.11615843E-01  -0.11615843E-01   0.95210995E+00   0.00000000E+00
 16.   31.  -0.84389754E-01   0.39238151E-01   0.47605498E+00   0.00000000E+00
 16.   32.  -0.87418130E-01   0.31927005E-01  -0.47605497E+00   0.00000000E+00
 16.   33.  -0.48218976E-09   0.16427283E-01  -0.95210995E+00   0.00000000E+00
 16.   34.   0.87418129E-01   0.31927005E-01  -0.47605498E+00   0.00000000E+00
 16.   35.   0.84389754E-01   0.39238151E-01   0.47605497E+00   0.00000000E+00
 16.   36.   0.11615844E-01  -0.11615843E-01   0.95210995E+00   0.00000000E+00
 16.   37.  -0.39238151E-01  -0.84389753E-01   0.47605498E+00   0.00000000E+00
 16.   38.  -0.31927005E-01  -0.87418130E-01  -0.47605497E+00   0.00000000E+00
 16.   39.  -0.16427283E-01   0.00000000E+00  -0.95210995E+00   0.00000000E+00
 16.   40.  -0.93248271E-01   0.00000000E+00  -0.45385144E+00   0.00000000E+00
 16.   41.  -0.36647634E-01  -0.43370994E-01  -0.22692572E+00   0.00000000E+00
 16.   42.   0.56581714E-01  -0.47541332E-02   0.22692572E+00   0.00000000E+00
 16.   43.   0.65936485E-01   0.65936484E-01   0.45385144E+00   0.00000000E+00
 16.   44.  -0.47541329E-02   0.56581714E-01   0.22692572E+00   0.00000000E+00
 16.   45.  -0.43370994E-01  -0.36647634E-01  -0.22692572E+00   0.00000000E+00
 16.   46.  -0.29216408E-09  -0.93248271E-01  -0.45385144E+00   0.00000000E+00
 16.   47.   0.43370994E-01  -0.36647635E-01  -0.22692572E+00   0.00000000E+00
 16.   48.   0.47541336E-02   0.56581714E-01   0.22692572E+00   0.00000000E+00
 16.   49.  -0.65936484E-01   0.65936485E-01   0.45385144E+00   0.00000000E+00
 16.   50.  -0.56581715E-01  -0.47541326E-02   0.22692572E+00   0.00000000E+00
 16.   51.   0.36647633E-01  -0.43370994E-01  -0.22692571E+00   0.00000000E+00
 16.   52.   0.93248271E-01   0.00000000E+00  -0.45385144E+00   0.00000000E+00
 16.   53.  -0.12314175E+00   0.00000000E+00   0.99972574E+00   0.00000000E+00
 16.   54.  -0.72677396E-01   0.33344136E-01   0.49986287E+00   0.00000000E+00
 16.   55.   0.27812814E-01   0.74968544E-01  -0.49986287E+00   0.00000000E+00
 16.   56.   0.87074368E-01   0.87074368E-01  -0.99972574E+00   0.00000000E+00
 16.   57.   0.74968544E-01   0.27812815E-01  -0.49986287E+00   0.00000000E+00
 16.   58.   0.33344136E-01  -0.72677396E-01   0.49986287E+00   0.00000000E+00
 16.   59.   0.13115971E-09  -0.12314175E+00   0.99972574E+00   0.00000000E+00
 16.   60.  -0.33344136E-01  -0.72677396E-01   0.49986287E+00   0.00000000E+00
 16.   61.  -0.74968544E-01   0.27812814E-01  -0.49986286E+00   0.00000000E+00
 16.   62.  -0.87074368E-01   0.87074368E-01  -0.99972574E+00   0.00000000E+00
 16.   63.  -0.27812815E-01   0.74968545E-01  -0.49986288E+00   0.00000000E+00
 16.   64.   0.72677395E-01   0.33344137E-01   0.49986286E+00   0.00000000E+00
 16.   65.   0.12314175E+00   0.00000000E+00   0.99972574E+00   0.00000000E+00
 16.   66.   0.12314175E+00   0.00000000E+00   0.99972574E+00   0.00000000E+00
 16.   67.   0.72677396E-01  -0.33344136E-01   0.49986287E+00   0.00000000E+00
 16.   68.  -0.27812814E-01  -0.74968544E-01  -0.49986287E+00   0.00000000E+00
 16.   69.  -0.87074368E-01  -0.87074368E-01  -0.99972574E+00   0.00000000E+00
 16.   70.  -0.74968544E-01  -0.27812815E-01  -0.49986287E+00   0.00000000E+00
 16.   71.  -0.33344136E-01   0.72677395E-01   0.49986287E+00   0.00000000E+00
 16.   72.  -0.12844871E-09   0.12314175E+00   0.99972574E+00   0.00000000E+00
 16.   73.   0.33344136E-01   0.72677396E-01   0.49986287E+00   0.00000000E+00
 16.   74.   0.74968544E-01  -0.27812814E-01  -0.49986286E+00   0.00000000E+00
 16.   75.   0.87074368E-01  -0.87074368E-01  -0.99972574E+00   0.00000000E+00
 16.   76.   0.27812815E-01  -0.74968545E-01  -0.49986288E+00   0.00000000E+00
 16.   77.  -0.72677395E-01  -0.33344137E-01   0.49986286E+00   0.00000000E+00
 16.   78.  -0.12314175E+00   0.00000000E+00   0.99972574E+00   0.00000000E+00
 17.    1.  -0.73198277E-05   0.00000000E+00   0.50781355E-05   0.00000000E+00
 17.    2.   0.18422019E-05   0.72656092E-05  -0.25395326E-05   0.00000000E+00
 17.    3.   0.64402283E-05  -0.38349845E-05  -0.25394284E-05   0.00000000E+00
 17.    4.  -0.51758647E-05  -0.51759441E-05   0.50784304E-05   0.00000000E+00
 17.    5.  -0.38349092E-05   0.64401667E-05  -0.25390970E-05   0.00000000E+00
 17.    6.   0.72656494E-05   0.18421671E-05  -0.25389622E-05   0.00000000E+00
 17.    7.  -0.14425888E-10  -0.73198596E-05   0.50787716E-05   0.00000000E+00
 17.    8.  -0.72656743E-05   0.18421531E-05  -0.25390158E-05   0.00000000E+00
 17.    9.   0.38348947E-05   0.64401430E-05  -0.25391863E-05   0.00000000E+00
 17.   10.   0.51758602E-05  -0.51759737E-05   0.50783128E-05   0.00000000E+00
 17.   11.  -0.64402306E-05  -0.38350205E-05  -0.25395825E-05   0.00000000E+00
 17.   12.  -0.18422061E-05   0.72655816E-05  -0.25397318E-05   0.00000000E+00
 17.   13.   0.73198255E-05   0.00000000E+00   0.50779103E-05   0.00000000E+00
 17.   14.  -0.93390195E-03   0.00000000E+00   0.29133101E-02   0.00000000E+00
 17.   15.   0.22299670E-03   0.97192478E-03  -0.14566556E-02   0.00000000E+00
 17.   16.   0.84493712E-03  -0.52957215E-03  -0.14566555E-02   0.00000000E+00
 17.   17.  -0.66036835E-03  -0.66036840E-03   0.29133104E-02   0.00000000E+00
 17.   18.  -0.52957208E-03   0.84493711E-03  -0.14566551E-02   0.00000000E+00
 17.   19.   0.97192483E-03   0.22299676E-03  -0.14566548E-02   0.00000000E+00
 17.   20.  -0.63235741E-12  -0.93390188E-03   0.29133111E-02   0.00000000E+00
 17.   21.  -0.97192484E-03   0.22299673E-03  -0.14566548E-02   0.00000000E+00
 17.   22.   0.52957206E-03   0.84493712E-03  -0.14566551E-02   0.00000000E+00
 17.   23.   0.66036835E-03  -0.66036837E-03   0.29133105E-02   0.00000000E+00
 17.   24.  -0.84493713E-03  -0.52957215E-03  -0.14566553E-02   0.00000000E+00
 17.   25.  -0.22299676E-03   0.97192475E-03  -0.14566556E-02   0.00000000E+00
 17.   26.   0.93390189E-03   0.00000000E+00   0.29133100E-02   0.00000000E+00
 17.   27.  -0.11189875E-01   0.00000000E+00   0.62513716E-01   0.00000000E+00
 17.   28.   0.22557485E-02   0.13198610E-01  -0.31256858E-01   0.00000000E+00
 17.   29.   0.10927882E-01  -0.77377716E-02  -0.31256858E-01   0.00000000E+00
 17.   30.  -0.79124363E-02  -0.79124364E-02   0.62513716E-01   0.00000000E+00
 17.   31.  -0.77377716E-02   0.10927882E-01  -0.31256857E-01   0.00000000E+00
 17.   32.   0.13198610E-01   0.22557486E-02  -0.31256858E-01   0.00000000E+00
 17.   33.   0.13012776E-09  -0.11189875E-01   0.62513715E-01   0.00000000E+00
 17.   34.  -0.13198610E-01   0.22557485E-02  -0.31256857E-01   0.00000000E+00
 17.   35.   0.77377714E-02   0.10927882E-01  -0.31256858E-01   0.00000000E+00
 17.   36.   0.79124365E-02  -0.79124363E-02   0.62513715E-01   0.00000000E+00
 17.   37.  -0.10927882E-01  -0.77377717E-02  -0.31256857E-01   0.00000000E+00
 17.   38.  -0.22557487E-02   0.13198610E-01  -0.31256859E-01   0.00000000E+00
 17.   39.   0.11189875E-01   0.00000000E+00   0.62513716E-01   0.00000000E+00
 17.   40.  -0.36819677E-01   0.00000000E+00   0.35890126E+00   0.00000000E+00
 17.   41.   0.44398058E-02   0.54560573E-01  -0.17945063E+00   0.00000000E+00
 17.   42.   0.41719568E-01  -0.35440735E-01  -0.17945063E+00   0.00000000E+00
 17.   43.  -0.26035443E-01  -0.26035444E-01   0.35890126E+00   0.00000000E+00
 17.   44.  -0.35440735E-01   0.41719568E-01  -0.17945063E+00   0.00000000E+00
 17.   45.   0.54560573E-01   0.44398059E-02  -0.17945063E+00   0.00000000E+00
 17.   46.   0.51311432E-09  -0.36819677E-01   0.35890126E+00   0.00000000E+00
 17.   47.  -0.54560574E-01   0.44398054E-02  -0.17945063E+00   0.00000000E+00
 17.   48.   0.35440734E-01   0.41719568E-01  -0.17945063E+00   0.00000000E+00
 17.   49.   0.26035444E-01  -0.26035443E-01   0.35890126E+00   0.00000000E+00
 17.   50.  -0.41719568E-01  -0.35440735E-01  -0.17945062E+00   0.00000000E+00
 17.   51.  -0.44398064E-02   0.54560573E-01  -0.17945063E+00   0.00000000E+00
 17.   52.   0.36819677E-01   0.00000000E+00   0.35890126E+00   0.00000000E+00
 17.   53.  -0.69907919E-01   0.00000000E+00   0.99769530E+00   0.00000000E+00
 17.   54.   0.59107452E-02   0.11299253E+00  -0.49884765E+00   0.00000000E+00
 17.   55.   0.84077311E-01  -0.75718255E-01  -0.49884765E+00   0.00000000E+00
 17.   56.  -0.49432363E-01  -0.49432364E-01   0.99769530E+00   0.00000000E+00
 17.   57.  -0.75718255E-01   0.84077311E-01  -0.49884764E+00   0.00000000E+00
 17.   58.   0.11299253E+00   0.59107455E-02  -0.49884765E+00   0.00000000E+00
 17.   59.   0.10887679E-08  -0.69907919E-01   0.99769530E+00   0.00000000E+00
 17.   60.  -0.11299253E+00   0.59107444E-02  -0.49884764E+00   0.00000000E+00
 17.   61.   0.75718254E-01   0.84077311E-01  -0.49884766E+00   0.00000000E+00
 17.   62.   0.49432365E-01  -0.49432363E-01   0.99769530E+00   0.00000000E+00
 17.   63.  -0.84077311E-01  -0.75718256E-01  -0.49884763E+00   0.00000000E+00
 17.   64.  -0.59107463E-02   0.11299253E+00  -0.49884766E+00   0.00000000E+00
 17.   65.   0.69907919E-01   0.00000000E+00   0.99769530E+00   0.00000000E+00
 17.   66.   0.69907919E-01   0.00000000E+00   0.99769530E+00   0.00000000E+00
 17.   67.  -0.59107452E-02  -0.11299253E+00  -0.49884765E+00   0.00000000E+00
 17.   68.  -0.84077311E-01   0.75718255E-01  -0.49884765E+00   0.00000000E+00
 17.   69.   0.49432363E-01   0.49432364E-01   0.99769530E+00   0.00000000E+00
 17.   70.   0.75718255E-01  -0.84077311E-01  -0.49884764E+00   0.00000000E+00
 17.   71.  -0.11299253E+00  -0.59107455E-02  -0.49884765E+00   0.00000000E+00
 17.   72.  -0.10805063E-08   0.69907920E-01   0.99769530E+00   0.00000000E+00
 17.   73.   0.11299253E+00  -0.59107444E-02  -0.49884764E+00   0.00000000E+00
 17.   74.  -0.75718254E-01  -0.84077311E-01  -0.49884766E+00   0.00000000E+00
 17.   75.  -0.49432365E-01   0.49432363E-01   0.99769530E+00   0.00000000E+00
 17.   76.   0.84077311E-01   0.75718256E-01  -0.49884763E+00   0.00000000E+00
 17.   77.   0.59107463E-02  -0.11299253E+00  -0.49884766E+00   0.00000000E+00
 17.   78.  -0.69907919E-01   0.00000000E+00   0.99769530E+00   0.00000000E+00
 18.    1.   0.37959363E-01   0.00000000E+00  -0.71457254E+00   0.00000000E+00
 18.    2.   0.49102591E-01  -0.56238859E-01  -0.61883797E+00   0.00000000E+00
 18.    3.   0.74487653E-01  -0.91057037E-01  -0.35728627E+00   0.00000000E+00
 18.    4.   0.94796505E-01  -0.94796505E-01  -0.98855753E-09   0.00000000E+00
 18.    5.   0.91057037E-01  -0.74487654E-01   0.35728627E+00   0.00000000E+00
 18.    6.   0.56238859E-01  -0.49102591E-01   0.61883797E+00   0.00000000E+00
 18.    7.   0.27016489E-09  -0.37959363E-01   0.71457254E+00   0.00000000E+00
 18.    8.  -0.56238858E-01  -0.49102591E-01   0.61883797E+00   0.00000000E+00
 18.    9.  -0.91057037E-01  -0.74487653E-01   0.35728627E+00   0.00000000E+00
 18.   10.  -0.94796506E-01  -0.94796505E-01   0.23084465E-08   0.00000000E+00
 18.   11.  -0.74487654E-01  -0.91057037E-01  -0.35728627E+00   0.00000000E+00
 18.   12.  -0.49102591E-01  -0.56238859E-01  -0.61883797E+00   0.00000000E+00
 18.   13.  -0.37959363E-01   0.00000000E+00  -0.71457254E+00   0.00000000E+00
 18.   14.  -0.43289296E-01   0.00000000E+00  -0.91296207E+00   0.00000000E+00
 18.   15.  -0.25896781E-01  -0.48200705E-01  -0.79064834E+00   0.00000000E+00
 18.   16.   0.15771256E-01  -0.70605913E-01  -0.45648103E+00   0.00000000E+00
 18.   17.   0.56364508E-01  -0.56364508E-01  -0.12557149E-08   0.00000000E+00
 18.   18.   0.70605913E-01  -0.15771256E-01   0.45648103E+00   0.00000000E+00
 18.   19.   0.48200705E-01   0.25896781E-01   0.79064834E+00   0.00000000E+00
 18.   20.   0.23785916E-09   0.43289296E-01   0.91296207E+00   0.00000000E+00
 18.   21.  -0.48200705E-01   0.25896781E-01   0.79064834E+00   0.00000000E+00
 18.   22.  -0.70605913E-01  -0.15771256E-01   0.45648104E+00   0.00000000E+00
 18.   23.  -0.56364509E-01  -0.56364508E-01   0.29940938E-08   0.00000000E+00
 18.   24.  -0.15771257E-01  -0.70605913E-01  -0.45648103E+00   0.00000000E+00
 18.   25.   0.25896780E-01  -0.48200706E-01  -0.79064834E+00   0.00000000E+00
 18.   26.   0.43289296E-01   0.00000000E+00  -0.91296207E+00   0.00000000E+00
 18.   27.  -0.89138594E-01   0.00000000E+00   0.17724850E+00   0.00000000E+00
 18.   28.  -0.75850581E-01  -0.15185329E-01   0.15350170E+00   0.00000000E+00
 18.   29.  -0.42896811E-01  -0.14839139E-01   0.88624249E-01   0.00000000E+00
 18.   30.  -0.70196941E-02   0.70196940E-02   0.20201569E-09   0.00000000E+00
 18.   31.   0.14839139E-01   0.42896811E-01  -0.88624249E-01   0.00000000E+00
 18.   32.   0.15185329E-01   0.75850581E-01  -0.15350170E+00   0.00000000E+00
 18.   33.   0.83646766E-10   0.89138594E-01  -0.17724850E+00   0.00000000E+00
 18.   34.  -0.15185329E-01   0.75850581E-01  -0.15350170E+00   0.00000000E+00
 18.   35.  -0.14839139E-01   0.42896811E-01  -0.88624250E-01   0.00000000E+00
 18.   36.   0.70196939E-02   0.70196943E-02  -0.65063135E-09   0.00000000E+00
 18.   37.   0.42896810E-01  -0.14839139E-01   0.88624248E-01   0.00000000E+00
 18.   38.   0.75850581E-01  -0.15185329E-01   0.15350170E+00   0.00000000E+00
 18.   39.   0.89138594E-01   0.00000000E+00   0.17724850E+00   0.00000000E+00
 18.   40.   0.55060363E-01   0.00000000E+00   0.46090286E+00   0.00000000E+00
 18.   41.   0.43604820E-01   0.21500159E-01   0.39915359E+00   0.00000000E+00
 18.   42.   0.15630356E-01   0.27987793E-01   0.23045143E+00   0.00000000E+00
 18.   43.  -0.13409292E-01   0.13409292E-01   0.37234393E-09   0.00000000E+00
 18.   44.  -0.27987792E-01  -0.15630356E-01  -0.23045143E+00   0.00000000E+00
 18.   45.  -0.21500159E-01  -0.43604820E-01  -0.39915359E+00   0.00000000E+00
 18.   46.  -0.11060248E-09  -0.55060363E-01  -0.46090286E+00   0.00000000E+00
 18.   47.   0.21500159E-01  -0.43604820E-01  -0.39915359E+00   0.00000000E+00
 18.   48.   0.27987793E-01  -0.15630356E-01  -0.23045143E+00   0.00000000E+00
 18.   49.   0.13409292E-01   0.13409292E-01  -0.17602861E-08   0.00000000E+00
 18.   50.  -0.15630355E-01   0.27987793E-01   0.23045143E+00   0.00000000E+00
 18.   51.  -0.43604820E-01   0.21500159E-01   0.39915359E+00   0.00000000E+00
 18.   52.  -0.55060363E-01   0.00000000E+00   0.46090286E+00   0.00000000E+00
 18.   53.   0.10950709E+00   0.00000000E+00  -0.74449538E+00   0.00000000E+00
 18.   54.   0.94366209E-01   0.14238392E-01  -0.64475191E+00   0.00000000E+00
 18.   55.   0.56658922E-01   0.11370962E-01  -0.37224769E+00   0.00000000E+00
 18.   56.   0.15090424E-01  -0.15090424E-01  -0.17295978E-08   0.00000000E+00
 18.   57.  -0.11370962E-01  -0.56658922E-01   0.37224769E+00   0.00000000E+00
 18.   58.  -0.14238393E-01  -0.94366208E-01   0.64475191E+00   0.00000000E+00
 18.   59.  -0.79639151E-10  -0.10950709E+00   0.74449538E+00   0.00000000E+00
 18.   60.   0.14238392E-01  -0.94366209E-01   0.64475191E+00   0.00000000E+00
 18.   61.   0.11370962E-01  -0.56658922E-01   0.37224769E+00   0.00000000E+00
 18.   62.  -0.15090424E-01  -0.15090424E-01   0.17438597E-08   0.00000000E+00
 18.   63.  -0.56658922E-01   0.11370962E-01  -0.37224769E+00   0.00000000E+00
 18.   64.  -0.94366208E-01   0.14238392E-01  -0.64475191E+00   0.00000000E+00
 18.   65.  -0.10950709E+00   0.00000000E+00  -0.74449538E+00   0.00000000E+00
 18.   66.  -0.10950709E+00   0.00000000E+00  -0.74449538E+00   0.00000000E+00
 18.   67.  -0.94366209E-01  -0.14238392E-01  -0.64475191E+00   0.00000000E+00
 18.   68.  -0.56658922E-01  -0.11370962E-01  -0.37224769E+00   0.00000000E+00
 18.   69.  -0.15090424E-01   0.15090424E-01  -0.17296327E-08   0.00000000E+00
 18.   70.   0.11370962E-01   0.56658922E-01   0.37224769E+00   0.00000000E+00
 18.   71.   0.14238393E-01   0.94366208E-01   0.64475191E+00   0.00000000E+00
 18.   72.   0.79287357E-10   0.10950709E+00   0.74449538E+00   0.00000000E+00
 18.   73.  -0.14238392E-01   0.94366209E-01   0.64475191E+00   0.00000000E+00
 18.   74.  -0.11370962E-01   0.56658922E-01   0.37224769E+00   0.00000000E+00
 18.   75.   0.15090424E-01   0.15090424E-01   0.17438632E-08   0.00000000E+00
 18.   76.   0.56658922E-01  -0.11370962E-01  -0.37224769E+00   0.00000000E+00
 18.   77.   0.94366208E-01  -0.14238392E-01  -0.64475191E+00   0.00000000E+00
 18.   78.   0.10950709E+00   0.00000000E+00  -0.74449538E+00   0.00000000E+00
 19.    1.  -0.45648814E-02   0.00000000E+00   0.80561008E-02   0.00000000E+00
 19.    2.  -0.24773998E-02   0.46809008E-02   0.20850724E-02   0.00000000E+00
 19.    3.   0.20874817E-02   0.42909825E-02  -0.69767878E-02   0.00000000E+00
 19.    4.   0.49547999E-02  -0.38991834E-03  -0.56965234E-02   0.00000000E+00
 19.    5.   0.28673183E-02  -0.42909826E-02   0.40280505E-02   0.00000000E+00
 19.    6.  -0.24773999E-02  -0.39010642E-02   0.77815960E-02   0.00000000E+00
 19.    7.  -0.53447181E-02   0.12748186E-10   0.46965034E-09   0.00000000E+00
 19.    8.  -0.24774000E-02   0.39010643E-02  -0.77815952E-02   0.00000000E+00
 19.    9.   0.28673182E-02   0.42909826E-02  -0.40280498E-02   0.00000000E+00
 19.   10.   0.49547998E-02   0.38991842E-03   0.56965240E-02   0.00000000E+00
 19.   11.   0.20874816E-02  -0.42909825E-02   0.69767885E-02   0.00000000E+00
 19.   12.  -0.24773999E-02  -0.46809009E-02  -0.20850716E-02   0.00000000E+00
 19.   13.  -0.45648816E-02   0.00000000E+00  -0.80561001E-02   0.00000000E+00
 19.   14.  -0.41438177E-01   0.00000000E+00   0.25428662E+00   0.00000000E+00
 19.   15.  -0.24190428E-01   0.48841729E-01   0.65814220E-01   0.00000000E+00
 19.   16.   0.17247749E-01   0.41899050E-01  -0.22021867E+00   0.00000000E+00
 19.   17.   0.48380856E-01  -0.69426787E-02  -0.17980779E+00   0.00000000E+00
 19.   18.   0.31133107E-01  -0.41899050E-01   0.12714331E+00   0.00000000E+00
 19.   19.  -0.24190428E-01  -0.34956372E-01   0.24562201E+00   0.00000000E+00
 19.   20.  -0.55323535E-01  -0.17164871E-09   0.12841365E-08   0.00000000E+00
 19.   21.  -0.24190428E-01   0.34956371E-01  -0.24562201E+00   0.00000000E+00
 19.   22.   0.31133107E-01   0.41899050E-01  -0.12714331E+00   0.00000000E+00
 19.   23.   0.48380856E-01   0.69426792E-02   0.17980779E+00   0.00000000E+00
 19.   24.   0.17247749E-01  -0.41899050E-01   0.22021867E+00   0.00000000E+00
 19.   25.  -0.24190428E-01  -0.48841729E-01  -0.65814217E-01   0.00000000E+00
 19.   26.  -0.41438177E-01   0.00000000E+00  -0.25428662E+00   0.00000000E+00
 19.   27.  -0.34756211E-01   0.00000000E+00   0.88670274E+00   0.00000000E+00
 19.   28.  -0.39692566E-01   0.11337846E+00   0.22949556E+00   0.00000000E+00
 19.   29.  -0.49363547E-02   0.68749541E-01  -0.76790710E+00   0.00000000E+00
 19.   30.   0.79385132E-01  -0.44628920E-01  -0.62699352E+00   0.00000000E+00
 19.   31.   0.84321487E-01  -0.68749541E-01   0.44335137E+00   0.00000000E+00
 19.   32.  -0.39692566E-01  -0.24120620E-01   0.85648908E+00   0.00000000E+00
 19.   33.  -0.12401405E+00  -0.93978510E-10   0.53329499E-08   0.00000000E+00
 19.   34.  -0.39692567E-01   0.24120620E-01  -0.85648908E+00   0.00000000E+00
 19.   35.   0.84321486E-01   0.68749541E-01  -0.44335138E+00   0.00000000E+00
 19.   36.   0.79385133E-01   0.44628921E-01   0.62699352E+00   0.00000000E+00
 19.   37.  -0.49363541E-02  -0.68749540E-01   0.76790710E+00   0.00000000E+00
 19.   38.  -0.39692566E-01  -0.11337846E+00  -0.22949555E+00   0.00000000E+00
 19.   39.  -0.34756211E-01   0.00000000E+00  -0.88670274E+00   0.00000000E+00
 19.   40.   0.91833537E-01   0.00000000E+00   0.56075700E+00   0.00000000E+00
 19.   41.   0.85603046E-02   0.59886046E-01   0.14513459E+00   0.00000000E+00
 19.   42.  -0.83273233E-01  -0.14826882E-01  -0.48562981E+00   0.00000000E+00
 19.   43.  -0.17120609E-01  -0.74712928E-01  -0.39651508E+00   0.00000000E+00
 19.   44.   0.66152624E-01   0.14826882E-01   0.28037850E+00   0.00000000E+00
 19.   45.   0.85603049E-02   0.89539811E-01   0.54164967E+00   0.00000000E+00
 19.   46.  -0.57592319E-01   0.69545337E-09   0.36309614E-08   0.00000000E+00
 19.   47.   0.85603039E-02  -0.89539811E-01  -0.54164967E+00   0.00000000E+00
 19.   48.   0.66152624E-01  -0.14826883E-01  -0.28037851E+00   0.00000000E+00
 19.   49.  -0.17120608E-01   0.74712928E-01   0.39651508E+00   0.00000000E+00
 19.   50.  -0.83273233E-01   0.14826883E-01   0.48562981E+00   0.00000000E+00
 19.   51.   0.85603034E-02  -0.59886046E-01  -0.14513459E+00   0.00000000E+00
 19.   52.   0.91833537E-01   0.00000000E+00  -0.56075700E+00   0.00000000E+00
 19.   53.   0.13564404E+00   0.00000000E+00  -0.99944628E+00   0.00000000E+00
 19.   54.   0.52012478E-01  -0.58469168E-01  -0.25867573E+00   0.00000000E+00
 19.   55.  -0.83631564E-01  -0.90088254E-01   0.86554586E+00   0.00000000E+00
 19.   56.  -0.10402496E+00  -0.31619086E-01   0.70671524E+00   0.00000000E+00
 19.   57.  -0.20393392E-01   0.90088254E-01  -0.49972313E+00   0.00000000E+00
 19.   58.   0.52012478E-01   0.12170734E+00  -0.96539097E+00   0.00000000E+00
 19.   59.   0.72405870E-01   0.82775198E-09  -0.65132696E-08   0.00000000E+00
 19.   60.   0.52012478E-01  -0.12170734E+00   0.96539097E+00   0.00000000E+00
 19.   61.  -0.20393391E-01  -0.90088255E-01   0.49972315E+00   0.00000000E+00
 19.   62.  -0.10402496E+00   0.31619085E-01  -0.70671523E+00   0.00000000E+00
 19.   63.  -0.83631565E-01   0.90088254E-01  -0.86554587E+00   0.00000000E+00
 19.   64.   0.52012477E-01   0.58469169E-01   0.25867572E+00   0.00000000E+00
 19.   65.   0.13564404E+00   0.00000000E+00   0.99944628E+00   0.00000000E+00
 19.   66.  -0.13564404E+00   0.00000000E+00  -0.99944628E+00   0.00000000E+00
 19.   67.  -0.52012478E-01   0.58469168E-01  -0.25867573E+00   0.00000000E+00
 19.   68.   0.83631563E-01   0.90088254E-01   0.86554586E+00   0.00000000E+00
 19.   69.   0.10402496E+00   0.31619086E-01   0.70671524E+00   0.00000000E+00
 19.   70.   0.20393392E-01  -0.90088254E-01  -0.49972313E+00   0.00000000E+00
 19.   71.  -0.52012478E-01  -0.12170734E+00  -0.96539097E+00   0.00000000E+00
 19.   72.  -0.72405870E-01  -0.73914156E-09  -0.65111909E-08   0.00000000E+00
 19.   73.  -0.52012478E-01   0.12170734E+00   0.96539097E+00   0.00000000E+00
 19.   74.   0.20393391E-01   0.90088255E-01   0.49972315E+00   0.00000000E+00
 19.   75.   0.10402496E+00  -0.31619085E-01  -0.70671523E+00   0.00000000E+00
 19.   76.   0.83631565E-01  -0.90088254E-01  -0.86554587E+00   0.00000000E+00
 19.   77.  -0.52012477E-01  -0.58469169E-01   0.25867572E+00   0.00000000E+00
 19.   78.  -0.13564404E+00   0.00000000E+00   0.99944628E+00   0.00000000E+00
 20.    1.   0.13382399E+00   0.00000000E+00   0.99796779E+00   0.00000000E+00
 20.    2.   0.12926405E+00   0.34636198E-01   0.99796779E+00   0.00000000E+00
 20.    3.   0.11589498E+00   0.66911996E-01   0.99796779E+00   0.00000000E+00
 20.    4.   0.94627853E-01   0.94627853E-01   0.99796779E+00   0.00000000E+00
 20.    5.   0.66911996E-01   0.11589498E+00   0.99796779E+00   0.00000000E+00
 20.    6.   0.34636198E-01   0.12926405E+00   0.99796779E+00   0.00000000E+00
 20.    7.   0.16407320E-09   0.13382399E+00   0.99796779E+00   0.00000000E+00
 20.    8.  -0.34636198E-01   0.12926405E+00   0.99796779E+00   0.00000000E+00
 20.    9.  -0.66911996E-01   0.11589498E+00   0.99796779E+00   0.00000000E+00
 20.   10.  -0.94627853E-01   0.94627853E-01   0.99796779E+00   0.00000000E+00
 20.   11.  -0.11589498E+00   0.66911997E-01   0.99796779E+00   0.00000000E+00
 20.   12.  -0.12926405E+00   0.34636198E-01   0.99796779E+00   0.00000000E+00
 20.   13.  -0.13382399E+00   0.00000000E+00   0.99796779E+00   0.00000000E+00
 20.   14.   0.51206731E-01   0.00000000E+00  -0.32197922E+00   0.00000000E+00
 20.   15.   0.49461904E-01   0.13253277E-01  -0.32197922E+00   0.00000000E+00
 20.   16.   0.44346330E-01   0.25603366E-01  -0.32197922E+00   0.00000000E+00
 20.   17.   0.36208627E-01   0.36208627E-01  -0.32197922E+00   0.00000000E+00
 20.   18.   0.25603366E-01   0.44346330E-01  -0.32197922E+00   0.00000000E+00
 20.   19.   0.13253277E-01   0.49461904E-01  -0.32197922E+00   0.00000000E+00
 20.   20.   0.65537834E-10   0.51206731E-01  -0.32197922E+00   0.00000000E+00
 20.   21.  -0.13253277E-01   0.49461904E-01  -0.32197922E+00   0.00000000E+00
 20.   22.  -0.25603365E-01   0.44346330E-01  -0.32197922E+00   0.00000000E+00
 20.   23.  -0.36208627E-01   0.36208627E-01  -0.32197922E+00   0.00000000E+00
 20.   24.  -0.44346330E-01   0.25603366E-01  -0.32197922E+00   0.00000000E+00
 20.   25.  -0.49461904E-01   0.13253277E-01  -0.32197922E+00   0.00000000E+00
 20.   26.  -0.51206731E-01   0.00000000E+00  -0.32197922E+00   0.00000000E+00
 20.   27.  -0.60237637E-01   0.00000000E+00  -0.10007758E+00   0.00000000E+00
 20.   28.  -0.58185089E-01  -0.15590648E-01  -0.10007758E+00   0.00000000E+00
 20.   29.  -0.52167324E-01  -0.30118818E-01  -0.10007758E+00   0.00000000E+00
 20.   30.  -0.42594441E-01  -0.42594441E-01  -0.10007758E+00   0.00000000E+00
 20.   31.  -0.30118818E-01  -0.52167324E-01  -0.10007758E+00   0.00000000E+00
 20.   32.  -0.15590648E-01  -0.58185089E-01  -0.10007758E+00   0.00000000E+00
 20.   33.  -0.59474063E-10  -0.60237637E-01  -0.10007758E+00   0.00000000E+00
 20.   34.   0.15590647E-01  -0.58185089E-01  -0.10007758E+00   0.00000000E+00
 20.   35.   0.30118818E-01  -0.52167324E-01  -0.10007758E+00   0.00000000E+00
 20.   36.   0.42594441E-01  -0.42594441E-01  -0.10007758E+00   0.00000000E+00
 20.   37.   0.52167324E-01  -0.30118818E-01  -0.10007758E+00   0.00000000E+00
 20.   38.   0.58185089E-01  -0.15590648E-01  -0.10007758E+00   0.00000000E+00
 20.   39.   0.60237637E-01   0.00000000E+00  -0.10007758E+00   0.00000000E+00
 20.   40.   0.20756549E-01   0.00000000E+00   0.28933027E+00   0.00000000E+00
 20.   41.   0.20049286E-01   0.53721901E-02   0.28933027E+00   0.00000000E+00
 20.   42.   0.17975698E-01   0.10378274E-01   0.28933027E+00   0.00000000E+00
 20.   43.   0.14677096E-01   0.14677096E-01   0.28933027E+00   0.00000000E+00
 20.   44.   0.10378274E-01   0.17975698E-01   0.28933027E+00   0.00000000E+00
 20.   45.   0.53721901E-02   0.20049286E-01   0.28933027E+00   0.00000000E+00
 20.   46.   0.32452726E-10   0.20756549E-01   0.28933027E+00   0.00000000E+00
 20.   47.  -0.53721901E-02   0.20049286E-01   0.28933027E+00   0.00000000E+00
 20.   48.  -0.10378274E-01   0.17975698E-01   0.28933027E+00   0.00000000E+00
 20.   49.  -0.14677096E-01   0.14677096E-01   0.28933027E+00   0.00000000E+00
 20.   50.  -0.17975698E-01   0.10378274E-01   0.28933027E+00   0.00000000E+00
 20.   51.  -0.20049286E-01   0.53721901E-02   0.28933027E+00   0.00000000E+00
 20.   52.  -0.20756549E-01   0.00000000E+00   0.28933027E+00   0.00000000E+00
 20.   53.   0.68816408E-01   0.00000000E+00  -0.41578146E+00   0.00000000E+00
 20.   54.   0.66471546E-01   0.17810997E-01  -0.41578146E+00   0.00000000E+00
 20.   55.   0.59596758E-01   0.34408204E-01  -0.41578146E+00   0.00000000E+00
 20.   56.   0.48660549E-01   0.48660549E-01  -0.41578146E+00   0.00000000E+00
 20.   57.   0.34408204E-01   0.59596757E-01  -0.41578146E+00   0.00000000E+00
 20.   58.   0.17810997E-01   0.66471546E-01  -0.41578146E+00   0.00000000E+00
 20.   59.   0.69083501E-10   0.68816408E-01  -0.41578146E+00   0.00000000E+00
 20.   60.  -0.17810997E-01   0.66471546E-01  -0.41578146E+00   0.00000000E+00
 20.   61.  -0.34408204E-01   0.59596758E-01  -0.41578146E+00   0.00000000E+00
 20.   62.  -0.48660549E-01   0.48660549E-01  -0.41578146E+00   0.00000000E+00
 20.   63.  -0.59596757E-01   0.34408204E-01  -0.41578146E+00   0.00000000E+00
 20.   64.  -0.66471546E-01   0.17810997E-01  -0.41578146E+00   0.00000000E+00
 20.   65.  -0.68816408E-01   0.00000000E+00  -0.41578146E+00   0.00000000E+00
 20.   66.  -0.68816408E-01   0.00000000E+00  -0.41578146E+00   0.00000000E+00
 20.   67.  -0.66471546E-01  -0.17810997E-01  -0.41578146E+00   0.00000000E+00
 20.   68.  -0.59596758E-01  -0.34408204E-01  -0.41578146E+00   0.00000000E+00
 20.   69.  -0.48660549E-01  -0.48660549E-01  -0.41578146E+00   0.00000000E+00
 20.   70.  -0.34408204E-01  -0.59596757E-01  -0.41578146E+00   0.00000000E+00
 20.   71.  -0.17810997E-01  -0.66471546E-01  -0.41578146E+00   0.00000000E+00
 20.   72.  -0.75643261E-10  -0.68816408E-01  -0.41578146E+00   0.00000000E+00
 20.   73.   0.17810997E-01  -0.66471546E-01  -0.41578146E+00   0.00000000E+00
 20.   74.   0.34408204E-01  -0.59596758E-01  -0.41578146E+00   0.00000000E+00
 20.   75.   0.48660549E-01  -0.48660549E-01  -0.41578146E+00   0.00000000E+00
 20.   76.   0.59596757E-01  -0.34408204E-01  -0.41578146E+00   0.00000000E+00
 20.   77.   0.66471546E-01  -0.17810997E-01  -0.41578146E+00   0.00000000E+00
 20.   78.   0.68816408E-01   0.00000000E+00  -0.41578146E+00   0.00000000E+00
 21.    1.   0.19742268E-05   0.00000000E+00  -0.11429154E-05   0.00000000E+00
 21.    2.  -0.97515028E-06  -0.17543773E-05   0.80827559E-06   0.00000000E+00
 21.    3.  -0.10197999E-05   0.17663524E-05   0.71537700E-10   0.00000000E+00
 21.    4.   0.20069139E-05  -0.32671677E-07  -0.80813529E-06   0.00000000E+00
 21.    5.  -0.98711626E-06  -0.17097175E-05   0.11430335E-05   0.00000000E+00
 21.    6.  -0.10317674E-05   0.17217038E-05  -0.80818367E-06   0.00000000E+00
 21.    7.   0.20395928E-05   0.16867364E-11  -0.13011363E-11   0.00000000E+00
 21.    8.  -0.10317617E-05  -0.17217025E-05   0.80818693E-06   0.00000000E+00
 21.    9.  -0.98711162E-06   0.17097221E-05  -0.11430092E-05   0.00000000E+00
 21.   10.   0.20069151E-05   0.32678049E-07   0.80817200E-06   0.00000000E+00
 21.   11.  -0.10197956E-05  -0.17663461E-05  -0.40229278E-10   0.00000000E+00
 21.   12.  -0.97515053E-06   0.17543828E-05  -0.80824184E-06   0.00000000E+00
 21.   13.   0.19742249E-05   0.00000000E+00   0.11429452E-05   0.00000000E+00
 21.   14.   0.53177819E-03   0.00000000E+00  -0.14826896E-02   0.00000000E+00
 21.   15.  -0.25710039E-03  -0.49333335E-03   0.10484199E-02   0.00000000E+00
 21.   16.  -0.28990031E-03   0.50212208E-03  -0.39642232E-10   0.00000000E+00
 21.   17.   0.55578942E-03  -0.24011218E-04  -0.10484200E-02   0.00000000E+00
 21.   18.  -0.26588910E-03  -0.46053344E-03   0.14826896E-02   0.00000000E+00
 21.   19.  -0.29868903E-03   0.46932214E-03  -0.10484199E-02   0.00000000E+00
 21.   20.   0.57980064E-03   0.31445095E-11  -0.10439411E-10   0.00000000E+00
 21.   21.  -0.29868902E-03  -0.46932215E-03   0.10484200E-02   0.00000000E+00
 21.   22.  -0.26588910E-03   0.46053342E-03  -0.14826896E-02   0.00000000E+00
 21.   23.   0.55578942E-03   0.24011214E-04   0.10484199E-02   0.00000000E+00
 21.   24.  -0.28990031E-03  -0.50212209E-03   0.28788927E-10   0.00000000E+00
 21.   25.  -0.25710039E-03   0.49333336E-03  -0.10484199E-02   0.00000000E+00
 21.   26.   0.53177820E-03   0.00000000E+00   0.14826897E-02   0.00000000E+00
 21.   27.   0.92889804E-02   0.00000000E+00  -0.46476580E-01   0.00000000E+00
 21.   28.  -0.42037399E-02  -0.96893956E-02   0.32863905E-01   0.00000000E+00
 21.   29.  -0.58486425E-02   0.10130146E-01  -0.14324432E-10   0.00000000E+00
 21.   30.   0.10493133E-01  -0.12041522E-02  -0.32863905E-01   0.00000000E+00
 21.   31.  -0.46444902E-02  -0.80444931E-02   0.46476580E-01   0.00000000E+00
 21.   32.  -0.62893928E-02   0.84852433E-02  -0.32863905E-01   0.00000000E+00
 21.   33.   0.11697285E-01   0.82655622E-10  -0.51474156E-09   0.00000000E+00
 21.   34.  -0.62893926E-02  -0.84852434E-02   0.32863905E-01   0.00000000E+00
 21.   35.  -0.46444903E-02   0.80444929E-02  -0.46476580E-01   0.00000000E+00
 21.   36.   0.10493133E-01   0.12041524E-02   0.32863904E-01   0.00000000E+00
 21.   37.  -0.58486423E-02  -0.10130146E-01   0.87719465E-09   0.00000000E+00
 21.   38.  -0.42037400E-02   0.96893955E-02  -0.32863906E-01   0.00000000E+00
 21.   39.   0.92889804E-02   0.00000000E+00   0.46476580E-01   0.00000000E+00
 21.   40.   0.36944354E-01   0.00000000E+00  -0.32713185E+00   0.00000000E+00
 21.   41.  -0.14109325E-01  -0.48277136E-01   0.23131715E+00   0.00000000E+00
 21.   42.  -0.30391712E-01   0.52639989E-01   0.45040772E-09   0.00000000E+00
 21.   43.   0.48863889E-01  -0.11919534E-01  -0.23131715E+00   0.00000000E+00
 21.   44.  -0.18472177E-01  -0.31994749E-01   0.32713185E+00   0.00000000E+00
 21.   45.  -0.34754565E-01   0.36357602E-01  -0.23131715E+00   0.00000000E+00
 21.   46.   0.60783424E-01   0.29753418E-09  -0.34843193E-08   0.00000000E+00
 21.   47.  -0.34754564E-01  -0.36357602E-01   0.23131715E+00   0.00000000E+00
 21.   48.  -0.18472178E-01   0.31994749E-01  -0.32713185E+00   0.00000000E+00
 21.   49.   0.48863889E-01   0.11919535E-01   0.23131714E+00   0.00000000E+00
 21.   50.  -0.30391711E-01  -0.52639989E-01   0.62280290E-08   0.00000000E+00
 21.   51.  -0.14109325E-01   0.48277136E-01  -0.23131715E+00   0.00000000E+00
 21.   52.   0.36944354E-01   0.00000000E+00   0.32713185E+00   0.00000000E+00
 21.   53.   0.76146918E-01   0.00000000E+00  -0.99708587E+00   0.00000000E+00
 21.   54.  -0.26686340E-01  -0.10844247E+00   0.70504618E+00   0.00000000E+00
 21.   55.  -0.69183647E-01   0.11982959E+00   0.16485339E-08   0.00000000E+00
 21.   56.   0.10725711E+00  -0.31110187E-01  -0.70504618E+00   0.00000000E+00
 21.   57.  -0.38073458E-01  -0.65945166E-01   0.99708587E+00   0.00000000E+00
 21.   58.  -0.80570767E-01   0.77332284E-01  -0.70504617E+00   0.00000000E+00
 21.   59.   0.13836729E+00   0.61652406E-09  -0.10406610E-07   0.00000000E+00
 21.   60.  -0.80570765E-01  -0.77332285E-01   0.70504619E+00   0.00000000E+00
 21.   61.  -0.38073460E-01   0.65945164E-01  -0.99708587E+00   0.00000000E+00
 21.   62.   0.10725711E+00   0.31110189E-01   0.70504617E+00   0.00000000E+00
 21.   63.  -0.69183646E-01  -0.11982959E+00   0.19293681E-07   0.00000000E+00
 21.   64.  -0.26686341E-01   0.10844247E+00  -0.70504619E+00   0.00000000E+00
 21.   65.   0.76146917E-01   0.00000000E+00   0.99708586E+00   0.00000000E+00
 21.   66.  -0.76146918E-01   0.00000000E+00  -0.99708587E+00   0.00000000E+00
 21.   67.   0.26686340E-01   0.10844247E+00   0.70504618E+00   0.00000000E+00
 21.   68.   0.69183647E-01  -0.11982959E+00   0.16499187E-08   0.00000000E+00
 21.   69.  -0.10725711E+00   0.31110187E-01  -0.70504618E+00   0.00000000E+00
 21.   70.   0.38073458E-01   0.65945166E-01   0.99708587E+00   0.00000000E+00
 21.   71.   0.80570767E-01  -0.77332284E-01  -0.70504617E+00   0.00000000E+00
 21.   72.  -0.13836729E+00  -0.64354932E-09  -0.10407237E-07   0.00000000E+00
 21.   73.   0.80570765E-01   0.77332285E-01   0.70504619E+00   0.00000000E+00
 21.   74.   0.38073460E-01  -0.65945164E-01  -0.99708587E+00   0.00000000E+00
 21.   75.  -0.10725711E+00  -0.31110189E-01   0.70504617E+00   0.00000000E+00
 21.   76.   0.69183646E-01   0.11982959E+00   0.19293219E-07   0.00000000E+00
 21.   77.   0.26686341E-01  -0.10844247E+00  -0.70504619E+00   0.00000000E+00
 21.   78.  -0.76146917E-01   0.00000000E+00   0.99708586E+00   0.00000000E+00
 22.    1.   0.49845288E-01   0.00000000E+00  -0.31067524E+00   0.00000000E+00
 22.    2.   0.51464669E-01  -0.55888900E-01  -0.21968057E+00   0.00000000E+00
 22.    3.   0.47591517E-01  -0.82430925E-01   0.45074569E-09   0.00000000E+00
 22.    4.   0.22668873E-01  -0.72514161E-01   0.21968057E+00   0.00000000E+00
 22.    5.  -0.24922644E-01  -0.43167286E-01   0.31067524E+00   0.00000000E+00
 22.    6.  -0.74133542E-01  -0.16625261E-01   0.21968057E+00   0.00000000E+00
 22.    7.  -0.95183034E-01  -0.57453138E-10   0.10458148E-08   0.00000000E+00
 22.    8.  -0.74133542E-01   0.16625260E-01  -0.21968057E+00   0.00000000E+00
 22.    9.  -0.24922644E-01   0.43167285E-01  -0.31067524E+00   0.00000000E+00
 22.   10.   0.22668873E-01   0.72514161E-01  -0.21968057E+00   0.00000000E+00
 22.   11.   0.47591517E-01   0.82430925E-01  -0.25541443E-08   0.00000000E+00
 22.   12.   0.51464669E-01   0.55888901E-01   0.21968056E+00   0.00000000E+00
 22.   13.   0.49845288E-01   0.00000000E+00   0.31067524E+00   0.00000000E+00
 22.   14.   0.12379791E-01   0.00000000E+00  -0.98800748E+00   0.00000000E+00
 22.   15.   0.31986421E-01  -0.85552732E-01  -0.69862679E+00   0.00000000E+00
 22.   16.   0.64287524E-01  -0.11134926E+00  -0.65895154E-09   0.00000000E+00
 22.   17.   0.58097629E-01  -0.70477419E-01   0.69862679E+00   0.00000000E+00
 22.   18.  -0.61898952E-02  -0.10721213E-01   0.98800748E+00   0.00000000E+00
 22.   19.  -0.90084050E-01   0.15075313E-01   0.69862679E+00   0.00000000E+00
 22.   20.  -0.12857505E+00   0.10170732E-09   0.34391131E-08   0.00000000E+00
 22.   21.  -0.90084050E-01  -0.15075313E-01  -0.69862679E+00   0.00000000E+00
 22.   22.  -0.61898959E-02   0.10721213E-01  -0.98800748E+00   0.00000000E+00
 22.   23.   0.58097628E-01   0.70477419E-01  -0.69862680E+00   0.00000000E+00
 22.   24.   0.64287524E-01   0.11134926E+00  -0.64579502E-08   0.00000000E+00
 22.   25.   0.31986422E-01   0.85552732E-01   0.69862679E+00   0.00000000E+00
 22.   26.   0.12379791E-01   0.00000000E+00   0.98800749E+00   0.00000000E+00
 22.   27.  -0.11627398E+00   0.00000000E+00  -0.12609462E+00   0.00000000E+00
 22.   28.  -0.77482159E-01  -0.28499082E-01  -0.89162363E-01   0.00000000E+00
 22.   29.   0.52850155E-02  -0.91539156E-02  -0.42772042E-09   0.00000000E+00
 22.   30.   0.63422008E-01   0.52851976E-01   0.89162363E-01   0.00000000E+00
 22.   31.   0.58136992E-01   0.10069622E+00   0.12609462E+00   0.00000000E+00
 22.   32.   0.14060151E-01   0.81351059E-01   0.89162363E-01   0.00000000E+00
 22.   33.  -0.10570031E-01   0.43129795E-09   0.25818248E-09   0.00000000E+00
 22.   34.   0.14060150E-01  -0.81351058E-01  -0.89162362E-01   0.00000000E+00
 22.   35.   0.58136992E-01  -0.10069622E+00  -0.12609462E+00   0.00000000E+00
 22.   36.   0.63422008E-01  -0.52851977E-01  -0.89162363E-01   0.00000000E+00
 22.   37.   0.52850162E-02   0.91539151E-02  -0.99968021E-09   0.00000000E+00
 22.   38.  -0.77482158E-01   0.28499082E-01   0.89162362E-01   0.00000000E+00
 22.   39.  -0.11627398E+00   0.00000000E+00   0.12609462E+00   0.00000000E+00
 22.   40.   0.43173655E-01   0.00000000E+00   0.57348306E+00   0.00000000E+00
 22.   41.   0.23043415E-01   0.31953425E-01   0.40551376E+00   0.00000000E+00
 22.   42.  -0.17607357E-01   0.30496837E-01   0.18651617E-09   0.00000000E+00
 22.   43.  -0.39194185E-01  -0.39794703E-02  -0.40551376E+00   0.00000000E+00
 22.   44.  -0.21586828E-01  -0.37389482E-01  -0.57348306E+00   0.00000000E+00
 22.   45.   0.16150770E-01  -0.35932895E-01  -0.40551376E+00   0.00000000E+00
 22.   46.   0.35214715E-01  -0.27980091E-09  -0.22850309E-08   0.00000000E+00
 22.   47.   0.16150770E-01   0.35932895E-01   0.40551376E+00   0.00000000E+00
 22.   48.  -0.21586828E-01   0.37389483E-01   0.57348306E+00   0.00000000E+00
 22.   49.  -0.39194185E-01   0.39794706E-02   0.40551376E+00   0.00000000E+00
 22.   50.  -0.17607358E-01  -0.30496837E-01   0.32398124E-08   0.00000000E+00
 22.   51.   0.23043415E-01  -0.31953425E-01  -0.40551376E+00   0.00000000E+00
 22.   52.   0.43173655E-01   0.00000000E+00  -0.57348306E+00   0.00000000E+00
 22.   53.   0.13337081E+00   0.00000000E+00  -0.80179897E+00   0.00000000E+00
 22.   54.   0.97248144E-01   0.14408105E-02  -0.56695749E+00   0.00000000E+00
 22.   55.   0.16813554E-01  -0.29121929E-01  -0.24196719E-09   0.00000000E+00
 22.   56.  -0.49871850E-01  -0.83498958E-01   0.56695749E+00   0.00000000E+00
 22.   57.  -0.66685404E-01  -0.11550251E+00   0.80179897E+00   0.00000000E+00
 22.   58.  -0.47376293E-01  -0.84939769E-01   0.56695749E+00   0.00000000E+00
 22.   59.  -0.33627107E-01  -0.54162151E-09   0.33752463E-08   0.00000000E+00
 22.   60.  -0.47376293E-01   0.84939768E-01  -0.56695749E+00   0.00000000E+00
 22.   61.  -0.66685404E-01   0.11550251E+00  -0.80179897E+00   0.00000000E+00
 22.   62.  -0.49871851E-01   0.83498958E-01  -0.56695749E+00   0.00000000E+00
 22.   63.   0.16813553E-01   0.29121930E-01  -0.44076092E-08   0.00000000E+00
 22.   64.   0.97248143E-01  -0.14408105E-02   0.56695749E+00   0.00000000E+00
 22.   65.   0.13337081E+00   0.00000000E+00   0.80179897E+00   0.00000000E+00
 22.   66.  -0.13337081E+00   0.00000000E+00  -0.80179897E+00   0.00000000E+00
 22.   67.  -0.97248144E-01  -0.14408106E-02  -0.56695749E+00   0.00000000E+00
 22.   68.  -0.16813554E-01   0.29121929E-01  -0.23865403E-09   0.00000000E+00
 22.   69.   0.49871850E-01   0.83498958E-01   0.56695749E+00   0.00000000E+00
 22.   70.   0.66685404E-01   0.11550251E+00   0.80179897E+00   0.00000000E+00
 22.   71.   0.47376293E-01   0.84939769E-01   0.56695749E+00   0.00000000E+00
 22.   72.   0.33627107E-01   0.44400585E-09   0.33717534E-08   0.00000000E+00
 22.   73.   0.47376293E-01  -0.84939768E-01  -0.56695749E+00   0.00000000E+00
 22.   74.   0.66685404E-01  -0.11550251E+00  -0.80179897E+00   0.00000000E+00
 22.   75.   0.49871851E-01  -0.83498958E-01  -0.56695749E+00   0.00000000E+00
 22.   76.  -0.16813553E-01  -0.29121930E-01  -0.44080571E-08   0.00000000E+00
 22.   77.  -0.97248143E-01   0.14408105E-02   0.56695749E+00   0.00000000E+00
 22.   78.  -0.13337081E+00   0.00000000E+00   0.80179897E+00   0.00000000E+00
 23.    1.  -0.99745690E-01   0.00000000E+00  -0.99729008E+00   0.00000000E+00
 23.    2.  -0.87743416E-01  -0.44793098E-01  -0.96330825E+00   0.00000000E+00
 23.    3.  -0.54952592E-01  -0.77583922E-01  -0.86367855E+00   0.00000000E+00
 23.    4.  -0.10159494E-01  -0.89586196E-01  -0.70519058E+00   0.00000000E+00
 23.    5.   0.34633604E-01  -0.77583922E-01  -0.49864504E+00   0.00000000E+00
 23.    6.   0.67424428E-01  -0.44793098E-01  -0.25811767E+00   0.00000000E+00
 23.    7.   0.79426702E-01  -0.20986018E-09  -0.11891420E-08   0.00000000E+00
 23.    8.   0.67424428E-01   0.44793098E-01   0.25811767E+00   0.00000000E+00
 23.    9.   0.34633604E-01   0.77583922E-01   0.49864504E+00   0.00000000E+00
 23.   10.  -0.10159494E-01   0.89586196E-01   0.70519058E+00   0.00000000E+00
 23.   11.  -0.54952592E-01   0.77583922E-01   0.86367855E+00   0.00000000E+00
 23.   12.  -0.87743416E-01   0.44793099E-01   0.96330825E+00   0.00000000E+00
 23.   13.  -0.99745690E-01   0.00000000E+00   0.99729008E+00   0.00000000E+00
 23.   14.  -0.68961947E-01   0.00000000E+00   0.17595857E+00   0.00000000E+00
 23.   15.  -0.64850591E-01  -0.15343789E-01   0.16996293E+00   0.00000000E+00
 23.   16.  -0.53618158E-01  -0.26576221E-01   0.15238459E+00   0.00000000E+00
 23.   17.  -0.38274370E-01  -0.30687577E-01   0.12442150E+00   0.00000000E+00
 23.   18.  -0.22930581E-01  -0.26576221E-01   0.87979287E-01   0.00000000E+00
 23.   19.  -0.11698149E-01  -0.15343789E-01   0.45541430E-01   0.00000000E+00
 23.   20.  -0.75867928E-02  -0.72947943E-10   0.19184308E-09   0.00000000E+00
 23.   21.  -0.11698148E-01   0.15343788E-01  -0.45541430E-01   0.00000000E+00
 23.   22.  -0.22930581E-01   0.26576221E-01  -0.87979286E-01   0.00000000E+00
 23.   23.  -0.38274370E-01   0.30687577E-01  -0.12442150E+00   0.00000000E+00
 23.   24.  -0.53618158E-01   0.26576221E-01  -0.15238459E+00   0.00000000E+00
 23.   25.  -0.64850591E-01   0.15343789E-01  -0.16996293E+00   0.00000000E+00
 23.   26.  -0.68961947E-01   0.00000000E+00  -0.17595857E+00   0.00000000E+00
 23.   27.   0.55298550E-01   0.00000000E+00   0.18151511E+00   0.00000000E+00
 23.   28.   0.51255141E-01   0.15090210E-01   0.17533013E+00   0.00000000E+00
 23.   29.   0.40208340E-01   0.26137011E-01   0.15719669E+00   0.00000000E+00
 23.   30.   0.25118130E-01   0.30180420E-01   0.12835056E+00   0.00000000E+00
 23.   31.   0.10027920E-01   0.26137011E-01   0.90757553E-01   0.00000000E+00
 23.   32.  -0.10188803E-02   0.15090210E-01   0.46979567E-01   0.00000000E+00
 23.   33.  -0.50622899E-02   0.73134371E-10   0.17664628E-09   0.00000000E+00
 23.   34.  -0.10188803E-02  -0.15090210E-01  -0.46979566E-01   0.00000000E+00
 23.   35.   0.10027920E-01  -0.26137010E-01  -0.90757553E-01   0.00000000E+00
 23.   36.   0.25118130E-01  -0.30180420E-01  -0.12835056E+00   0.00000000E+00
 23.   37.   0.40208340E-01  -0.26137011E-01  -0.15719669E+00   0.00000000E+00
 23.   38.   0.51255141E-01  -0.15090210E-01  -0.17533013E+00   0.00000000E+00
 23.   39.   0.55298550E-01   0.00000000E+00  -0.18151511E+00   0.00000000E+00
 23.   40.  -0.13017049E-01   0.00000000E+00  -0.28244561E+00   0.00000000E+00
 23.   41.  -0.11758230E-01  -0.46979767E-02  -0.27282151E+00   0.00000000E+00
 23.   42.  -0.83190719E-02  -0.81371344E-02  -0.24460507E+00   0.00000000E+00
 23.   43.  -0.36210951E-02  -0.93959535E-02  -0.19971920E+00   0.00000000E+00
 23.   44.   0.10768816E-02  -0.81371344E-02  -0.14122280E+00   0.00000000E+00
 23.   45.   0.45160393E-02  -0.46979767E-02  -0.73102303E-01   0.00000000E+00
 23.   46.   0.57748584E-02  -0.36353705E-10  -0.37836137E-09   0.00000000E+00
 23.   47.   0.45160393E-02   0.46979767E-02   0.73102302E-01   0.00000000E+00
 23.   48.   0.10768816E-02   0.81371344E-02   0.14122280E+00   0.00000000E+00
 23.   49.  -0.36210951E-02   0.93959535E-02   0.19971920E+00   0.00000000E+00
 23.   50.  -0.83190718E-02   0.81371344E-02   0.24460507E+00   0.00000000E+00
 23.   51.  -0.11758229E-01   0.46979768E-02   0.27282151E+00   0.00000000E+00
 23.   52.  -0.13017049E-01   0.00000000E+00   0.28244561E+00   0.00000000E+00
 23.   53.  -0.68585580E-01   0.00000000E+00   0.38877319E+00   0.00000000E+00
 23.   54.  -0.64351075E-01  -0.15803387E-01   0.37552607E+00   0.00000000E+00
 23.   55.  -0.52782193E-01  -0.27372269E-01   0.33668746E+00   0.00000000E+00
 23.   56.  -0.36978806E-01  -0.31606774E-01   0.27490416E+00   0.00000000E+00
 23.   57.  -0.21175419E-01  -0.27372269E-01   0.19438660E+00   0.00000000E+00
 23.   58.  -0.96065364E-02  -0.15803387E-01   0.10062191E+00   0.00000000E+00
 23.   59.  -0.53720316E-02  -0.93519912E-10   0.56149002E-09   0.00000000E+00
 23.   60.  -0.96065364E-02   0.15803387E-01  -0.10062191E+00   0.00000000E+00
 23.   61.  -0.21175419E-01   0.27372269E-01  -0.19438660E+00   0.00000000E+00
 23.   62.  -0.36978805E-01   0.31606774E-01  -0.27490416E+00   0.00000000E+00
 23.   63.  -0.52782192E-01   0.27372269E-01  -0.33668746E+00   0.00000000E+00
 23.   64.  -0.64351075E-01   0.15803387E-01  -0.37552607E+00   0.00000000E+00
 23.   65.  -0.68585580E-01   0.00000000E+00  -0.38877319E+00   0.00000000E+00
 23.   66.   0.68585580E-01   0.00000000E+00   0.38877319E+00   0.00000000E+00
 23.   67.   0.64351075E-01   0.15803387E-01   0.37552607E+00   0.00000000E+00
 23.   68.   0.52782193E-01   0.27372269E-01   0.33668746E+00   0.00000000E+00
 23.   69.   0.36978806E-01   0.31606774E-01   0.27490416E+00   0.00000000E+00
 23.   70.   0.21175419E-01   0.27372269E-01   0.19438660E+00   0.00000000E+00
 23.   71.   0.96065364E-02   0.15803387E-01   0.10062191E+00   0.00000000E+00
 23.   72.   0.53720316E-02   0.79994449E-10   0.56087214E-09   0.00000000E+00
 23.   73.   0.96065364E-02  -0.15803387E-01  -0.10062191E+00   0.00000000E+00
 23.   74.   0.21175419E-01  -0.27372269E-01  -0.19438660E+00   0.00000000E+00
 23.   75.   0.36978805E-01  -0.31606774E-01  -0.27490416E+00   0.00000000E+00
 23.   76.   0.52782192E-01  -0.27372269E-01  -0.33668746E+00   0.00000000E+00
 23.   77.   0.64351075E-01  -0.15803387E-01  -0.37552607E+00   0.00000000E+00
 23.   78.   0.68585580E-01   0.00000000E+00  -0.38877319E+00   0.00000000E+00
 24.    1.  -0.16602781E-02   0.00000000E+00   0.21932075E-02   0.00000000E+00
 24.    2.  -0.49032135E-03   0.18299039E-02   0.85186878E-09   0.00000000E+00
 24.    3.   0.14378428E-02   0.83013913E-03  -0.21932059E-02   0.00000000E+00
 24.    4.   0.13395825E-02  -0.13395824E-02   0.42272150E-09   0.00000000E+00
 24.    5.  -0.83013904E-03  -0.14378428E-02   0.21932068E-02   0.00000000E+00
 24.    6.  -0.18299039E-02   0.49032130E-03   0.34671066E-10   0.00000000E+00
 24.    7.  -0.10666604E-09   0.16602780E-02  -0.21932067E-02   0.00000000E+00
 24.    8.   0.18299038E-02   0.49032120E-03  -0.35713797E-09   0.00000000E+00
 24.    9.   0.83013900E-03  -0.14378430E-02   0.21932062E-02   0.00000000E+00
 24.   10.  -0.13395825E-02  -0.13395827E-02  -0.35387140E-09   0.00000000E+00
 24.   11.  -0.14378429E-02   0.83013885E-03  -0.21932070E-02   0.00000000E+00
 24.   12.   0.49032123E-03   0.18299037E-02  -0.60146627E-09   0.00000000E+00
 24.   13.   0.16602779E-02   0.00000000E+00   0.21932059E-02   0.00000000E+00
 24.   14.  -0.31863728E-01   0.00000000E+00   0.15806050E+00   0.00000000E+00
 24.   15.  -0.10622479E-01   0.39643632E-01   0.39841792E-09   0.00000000E+00
 24.   16.   0.27594798E-01   0.15931864E-01  -0.15806050E+00   0.00000000E+00
 24.   17.   0.29021153E-01  -0.29021153E-01  -0.15303132E-08   0.00000000E+00
 24.   18.  -0.15931864E-01  -0.27594798E-01   0.15806050E+00   0.00000000E+00
 24.   19.  -0.39643632E-01   0.10622479E-01   0.88091152E-09   0.00000000E+00
 24.   20.  -0.30867278E-09   0.31863728E-01  -0.15806050E+00   0.00000000E+00
 24.   21.   0.39643632E-01   0.10622479E-01  -0.13853265E-08   0.00000000E+00
 24.   22.   0.15931864E-01  -0.27594798E-01   0.15806050E+00   0.00000000E+00
 24.   23.  -0.29021153E-01  -0.29021153E-01   0.23078455E-08   0.00000000E+00
 24.   24.  -0.27594798E-01   0.15931863E-01  -0.15806050E+00   0.00000000E+00
 24.   25.   0.10622479E-01   0.39643632E-01  -0.22942985E-08   0.00000000E+00
 24.   26.   0.31863728E-01   0.00000000E+00   0.15806050E+00   0.00000000E+00
 24.   27.  -0.48450243E-01   0.00000000E+00   0.80163269E+00   0.00000000E+00
 24.   28.  -0.34636377E-01   0.12926472E+00   0.82664238E-09   0.00000000E+00
 24.   29.   0.41959141E-01   0.24225121E-01  -0.80163269E+00   0.00000000E+00
 24.   30.   0.94628342E-01  -0.94628342E-01  -0.34361919E-08   0.00000000E+00
 24.   31.  -0.24225121E-01  -0.41959141E-01   0.80163269E+00   0.00000000E+00
 24.   32.  -0.12926472E+00   0.34636377E-01   0.38303706E-08   0.00000000E+00
 24.   33.  -0.89288185E-09   0.48450243E-01  -0.80163269E+00   0.00000000E+00
 24.   34.   0.12926472E+00   0.34636377E-01  -0.74619552E-08   0.00000000E+00
 24.   35.   0.24225122E-01  -0.41959140E-01   0.80163269E+00   0.00000000E+00
 24.   36.  -0.94628342E-01  -0.94628342E-01   0.78217222E-08   0.00000000E+00
 24.   37.  -0.41959142E-01   0.24225120E-01  -0.80163269E+00   0.00000000E+00
 24.   38.   0.34636377E-01   0.12926472E+00  -0.10529286E-07   0.00000000E+00
 24.   39.   0.48450243E-01   0.00000000E+00   0.80163269E+00   0.00000000E+00
 24.   40.   0.87947216E-01   0.00000000E+00   0.64926483E+00   0.00000000E+00
 24.   41.  -0.20618490E-01   0.76949252E-01   0.41125668E-09   0.00000000E+00
 24.   42.  -0.76164523E-01  -0.43973608E-01  -0.64926482E+00   0.00000000E+00
 24.   43.   0.56330762E-01  -0.56330763E-01  -0.25886648E-08   0.00000000E+00
 24.   44.   0.43973608E-01   0.76164523E-01   0.64926483E+00   0.00000000E+00
 24.   45.  -0.76949252E-01   0.20618491E-01   0.34118697E-08   0.00000000E+00
 24.   46.  -0.69920737E-09  -0.87947216E-01  -0.64926482E+00   0.00000000E+00
 24.   47.   0.76949253E-01   0.20618489E-01  -0.64532473E-08   0.00000000E+00
 24.   48.  -0.43973607E-01   0.76164524E-01   0.64926482E+00   0.00000000E+00
 24.   49.  -0.56330763E-01  -0.56330762E-01   0.63440266E-08   0.00000000E+00
 24.   50.   0.76164522E-01  -0.43973609E-01  -0.64926482E+00   0.00000000E+00
 24.   51.   0.20618491E-01   0.76949252E-01  -0.86245981E-08   0.00000000E+00
 24.   52.  -0.87947216E-01   0.00000000E+00   0.64926483E+00   0.00000000E+00
 24.   53.   0.14719846E+00   0.00000000E+00  -0.99910555E+00   0.00000000E+00
 24.   54.   0.22124498E-01  -0.82569748E-01  -0.13536923E-08   0.00000000E+00
 24.   55.  -0.12747761E+00  -0.73599231E-01   0.99910555E+00   0.00000000E+00
 24.   56.  -0.60445251E-01   0.60445250E-01   0.36565799E-08   0.00000000E+00
 24.   57.   0.73599230E-01   0.12747761E+00  -0.99910555E+00   0.00000000E+00
 24.   58.   0.82569748E-01  -0.22124497E-01  -0.52413288E-08   0.00000000E+00
 24.   59.   0.46369124E-09  -0.14719846E+00   0.99910555E+00   0.00000000E+00
 24.   60.  -0.82569747E-01  -0.22124498E-01   0.91901277E-08   0.00000000E+00
 24.   61.  -0.73599231E-01   0.12747761E+00  -0.99910555E+00   0.00000000E+00
 24.   62.   0.60445250E-01   0.60445252E-01  -0.10400203E-07   0.00000000E+00
 24.   63.   0.12747761E+00  -0.73599230E-01   0.99910555E+00   0.00000000E+00
 24.   64.  -0.22124496E-01  -0.82569748E-01   0.12954975E-07   0.00000000E+00
 24.   65.  -0.14719846E+00   0.00000000E+00  -0.99910555E+00   0.00000000E+00
 24.   66.  -0.14719846E+00   0.00000000E+00  -0.99910555E+00   0.00000000E+00
 24.   67.  -0.22124497E-01   0.82569748E-01  -0.13545341E-08   0.00000000E+00
 24.   68.   0.12747761E+00   0.73599230E-01   0.99910555E+00   0.00000000E+00
 24.   69.   0.60445251E-01  -0.60445250E-01   0.36573603E-08   0.00000000E+00
 24.   70.  -0.73599230E-01  -0.12747761E+00  -0.99910555E+00   0.00000000E+00
 24.   71.  -0.82569748E-01   0.22124497E-01  -0.52427475E-08   0.00000000E+00
 24.   72.  -0.37939179E-09   0.14719846E+00   0.99910555E+00   0.00000000E+00
 24.   73.   0.82569748E-01   0.22124499E-01   0.91868051E-08   0.00000000E+00
 24.   74.   0.73599231E-01  -0.12747761E+00  -0.99910555E+00   0.00000000E+00
 24.   75.  -0.60445250E-01  -0.60445251E-01  -0.10406165E-07   0.00000000E+00
 24.   76.  -0.12747761E+00   0.73599230E-01   0.99910555E+00   0.00000000E+00
 24.   77.   0.22124496E-01   0.82569749E-01   0.12957793E-07   0.00000000E+00
 24.   78.   0.14719846E+00   0.00000000E+00  -0.99910555E+00   0.00000000E+00
