mode k UX UY UZ VOLT(zero: no VOLT dof)
  1.    1.   0.66552362E+00   0.00000000E+00   0.41605206E+00   0.00000000E+00
  1.    2.   0.66552362E+00   0.22812505E-11   0.41889457E+00   0.00000000E+00
  1.    3.   0.66552362E+00   0.17411492E-11   0.42722837E+00   0.00000000E+00
  1.    4.   0.66552362E+00  -0.42419101E-12   0.44048554E+00   0.00000000E+00
  1.    5.   0.66552362E+00  -0.10658527E-11   0.45776263E+00   0.00000000E+00
  1.    6.   0.66552362E+00  -0.83325112E-12   0.47788222E+00   0.00000000E+00
  1.    7.   0.66552362E+00  -0.13776300E-11   0.49947319E+00   0.00000000E+00
  1.    8.   0.66552362E+00  -0.26150211E-11   0.52106417E+00   0.00000000E+00
  1.    9.   0.66552362E+00  -0.32594484E-11   0.54118376E+00   0.00000000E+00
  1.   10.   0.66552362E+00  -0.14728322E-11   0.55846084E+00   0.00000000E+00
  1.   11.   0.66552362E+00   0.20525745E-11   0.57171802E+00   0.00000000E+00
  1.   12.   0.66552362E+00   0.26757973E-11   0.58005182E+00   0.00000000E+00
  1.   13.   0.66552362E+00   0.00000000E+00   0.58289433E+00   0.00000000E+00
  1.   14.   0.66552362E+00   0.00000000E+00   0.31177564E+00   0.00000000E+00
  1.   15.   0.66552362E+00  -0.26375014E-11   0.31817128E+00   0.00000000E+00
  1.   16.   0.66552362E+00  -0.85938222E-11   0.33692235E+00   0.00000000E+00
  1.   17.   0.66552362E+00  -0.14482103E-10   0.36675098E+00   0.00000000E+00
  1.   18.   0.66552362E+00  -0.17322666E-10   0.40562442E+00   0.00000000E+00
  1.   19.   0.66552362E+00  -0.18246534E-10   0.45089349E+00   0.00000000E+00
  1.   20.   0.66552362E+00  -0.18502227E-10   0.49947319E+00   0.00000000E+00
  1.   21.   0.66552362E+00  -0.18659784E-10   0.54805289E+00   0.00000000E+00
  1.   22.   0.66552362E+00  -0.16816217E-10   0.59332197E+00   0.00000000E+00
  1.   23.   0.66552362E+00  -0.11089660E-10   0.63219541E+00   0.00000000E+00
  1.   24.   0.66552362E+00  -0.19790435E-11   0.66202404E+00   0.00000000E+00
  1.   25.   0.66552362E+00   0.32925913E-11   0.68077511E+00   0.00000000E+00
  1.   26.   0.66552362E+00   0.00000000E+00   0.68717075E+00   0.00000000E+00
  1.   27.   0.66552362E+00   0.00000000E+00   0.20749922E+00   0.00000000E+00
  1.   28.   0.66552362E+00  -0.78652820E-11   0.21744799E+00   0.00000000E+00
  1.   29.   0.66552362E+00  -0.18128794E-10   0.24661632E+00   0.00000000E+00
  1.   30.   0.66552362E+00  -0.26861037E-10   0.29301642E+00   0.00000000E+00
  1.   31.   0.66552362E+00  -0.30812697E-10   0.35348621E+00   0.00000000E+00
  1.   32.   0.66552362E+00  -0.32641468E-10   0.42390477E+00   0.00000000E+00
  1.   33.   0.66552362E+00  -0.33012056E-10   0.49947319E+00   0.00000000E+00
  1.   34.   0.66552362E+00  -0.33086918E-10   0.57504162E+00   0.00000000E+00
  1.   35.   0.66552362E+00  -0.29919392E-10   0.64546018E+00   0.00000000E+00
  1.   36.   0.66552362E+00  -0.22042193E-10   0.70592997E+00   0.00000000E+00
  1.   37.   0.66552362E+00  -0.70284261E-11   0.75233007E+00   0.00000000E+00
  1.   38.   0.66552362E+00   0.58546681E-11   0.78149839E+00   0.00000000E+00
  1.   39.   0.66552362E+00   0.00000000E+00   0.79144716E+00   0.00000000E+00
  1.   40.   0.66552362E+00   0.00000000E+00   0.10322280E+00   0.00000000E+00
  1.   41.   0.66552362E+00  -0.13704465E-10   0.11672471E+00   0.00000000E+00
  1.   42.   0.66552362E+00  -0.27620038E-10   0.15631029E+00   0.00000000E+00
  1.   43.   0.66552362E+00  -0.36569433E-10   0.21928186E+00   0.00000000E+00
  1.   44.   0.66552362E+00  -0.39561117E-10   0.30134800E+00   0.00000000E+00
  1.   45.   0.66552362E+00  -0.42209038E-10   0.39691605E+00   0.00000000E+00
  1.   46.   0.66552362E+00  -0.44014940E-10   0.49947319E+00   0.00000000E+00
  1.   47.   0.66552362E+00  -0.43436250E-10   0.60203034E+00   0.00000000E+00
  1.   48.   0.66552362E+00  -0.37967703E-10   0.69759839E+00   0.00000000E+00
  1.   49.   0.66552362E+00  -0.29096621E-10   0.77966453E+00   0.00000000E+00
  1.   50.   0.66552362E+00  -0.11706023E-10   0.84263609E+00   0.00000000E+00
  1.   51.   0.66552362E+00   0.79804017E-11   0.88222168E+00   0.00000000E+00
  1.   52.   0.66552362E+00   0.00000000E+00   0.89572358E+00   0.00000000E+00
  1.   53.   0.66552362E+00   0.00000000E+00  -0.10536153E-02   0.00000000E+00
  1.   54.   0.66552362E+00  -0.18532652E-10   0.16001422E-01   0.00000000E+00
  1.   55.   0.66552362E+00  -0.35564227E-10   0.66004263E-01   0.00000000E+00
  1.   56.   0.66552362E+00  -0.42949837E-10   0.14554729E+00   0.00000000E+00
  1.   57.   0.66552362E+00  -0.44795552E-10   0.24920979E+00   0.00000000E+00
  1.   58.   0.66552362E+00  -0.49103674E-10   0.36992732E+00   0.00000000E+00
  1.   59.   0.66552362E+00  -0.52421813E-10   0.49947319E+00   0.00000000E+00
  1.   60.   0.66552362E+00  -0.50712840E-10   0.62901906E+00   0.00000000E+00
  1.   61.   0.66552362E+00  -0.42679374E-10   0.74973660E+00   0.00000000E+00
  1.   62.   0.66552362E+00  -0.32837467E-10   0.85339909E+00   0.00000000E+00
  1.   63.   0.66552362E+00  -0.13286654E-10   0.93294212E+00   0.00000000E+00
  1.   64.   0.66552362E+00   0.11843057E-10   0.98294496E+00   0.00000000E+00
  1.   65.   0.66552362E+00   0.00000000E+00   0.10000000E+01   0.00000000E+00
  1.   66.   0.64883940E+00   0.00000000E+00  -0.10536153E-02   0.00000000E+00
  1.   67.   0.64883940E+00   0.18388024E-10   0.16001422E-01   0.00000000E+00
  1.   68.   0.64883940E+00   0.35345360E-10   0.66004263E-01   0.00000000E+00
  1.   69.   0.64883940E+00   0.43142140E-10   0.14554729E+00   0.00000000E+00
  1.   70.   0.64883940E+00   0.44902426E-10   0.24920979E+00   0.00000000E+00
  1.   71.   0.64883940E+00   0.48903074E-10   0.36992732E+00   0.00000000E+00
  1.   72.   0.64883940E+00   0.52806918E-10   0.49947319E+00   0.00000000E+00
  1.   73.   0.64883940E+00   0.51570328E-10   0.62901906E+00   0.00000000E+00
  1.   74.   0.64883940E+00   0.42274008E-10   0.74973660E+00   0.00000000E+00
  1.   75.   0.64883940E+00   0.31793911E-10   0.85339909E+00   0.00000000E+00
  1.   76.   0.64883940E+00   0.12729999E-10   0.93294212E+00   0.00000000E+00
  1.   77.   0.64883940E+00  -0.12115626E-10   0.98294496E+00   0.00000000E+00
  1.   78.   0.64883940E+00   0.00000000E+00   0.10000000E+01   0.00000000E+00
  2.    1.  -0.65838478E+00   0.00000000E+00   0.79587996E+00   0.00000000E+00
  2.    2.  -0.65838478E+00   0.13932819E-10   0.79687356E+00   0.00000000E+00
  2.    3.  -0.65838478E+00   0.21721991E-10   0.79978666E+00   0.00000000E+00
  2.    4.  -0.65838478E+00   0.24202819E-10   0.80442073E+00   0.00000000E+00
  2.    5.  -0.65838478E+00   0.27450920E-10   0.81045996E+00   0.00000000E+00
  2.    6.  -0.65838478E+00   0.31489253E-10   0.81749280E+00   0.00000000E+00
  2.    7.  -0.65838478E+00   0.32608021E-10   0.82503997E+00   0.00000000E+00
  2.    8.  -0.65838478E+00   0.29826122E-10   0.83258713E+00   0.00000000E+00
  2.    9.  -0.65838478E+00   0.24625980E-10   0.83961997E+00   0.00000000E+00
  2.   10.  -0.65838478E+00   0.21113969E-10   0.84565920E+00   0.00000000E+00
  2.   11.  -0.65838478E+00   0.19028935E-10   0.85029327E+00   0.00000000E+00
  2.   12.  -0.65838478E+00   0.12311216E-10   0.85320637E+00   0.00000000E+00
  2.   13.  -0.65838478E+00   0.00000000E+00   0.85419997E+00   0.00000000E+00
  2.   14.  -0.65838478E+00   0.00000000E+00   0.75942996E+00   0.00000000E+00
  2.   15.  -0.65838478E+00   0.20685184E-10   0.76166556E+00   0.00000000E+00
  2.   16.  -0.65838478E+00   0.28367939E-10   0.76822003E+00   0.00000000E+00
  2.   17.  -0.65838478E+00   0.28695546E-10   0.77864668E+00   0.00000000E+00
  2.   18.  -0.65838478E+00   0.29879875E-10   0.79223496E+00   0.00000000E+00
  2.   19.  -0.65838478E+00   0.31454391E-10   0.80805885E+00   0.00000000E+00
  2.   20.  -0.65838478E+00   0.31995497E-10   0.82503997E+00   0.00000000E+00
  2.   21.  -0.65838478E+00   0.30789996E-10   0.84202109E+00   0.00000000E+00
  2.   22.  -0.65838478E+00   0.29861248E-10   0.85784497E+00   0.00000000E+00
  2.   23.  -0.65838478E+00   0.30147452E-10   0.87143325E+00   0.00000000E+00
  2.   24.  -0.65838478E+00   0.30170128E-10   0.88185990E+00   0.00000000E+00
  2.   25.  -0.65838478E+00   0.21757076E-10   0.88841437E+00   0.00000000E+00
  2.   26.  -0.65838478E+00   0.00000000E+00   0.89064998E+00   0.00000000E+00
  2.   27.  -0.65838478E+00   0.00000000E+00   0.72297995E+00   0.00000000E+00
  2.   28.  -0.65838478E+00   0.28317283E-10   0.72645756E+00   0.00000000E+00
  2.   29.  -0.65838478E+00   0.35445555E-10   0.73665340E+00   0.00000000E+00
  2.   30.  -0.65838478E+00   0.34911331E-10   0.75287264E+00   0.00000000E+00
  2.   31.  -0.65838478E+00   0.34226676E-10   0.77400996E+00   0.00000000E+00
  2.   32.  -0.65838478E+00   0.32713569E-10   0.79862489E+00   0.00000000E+00
  2.   33.  -0.65838478E+00   0.31699639E-10   0.82503997E+00   0.00000000E+00
  2.   34.  -0.65838478E+00   0.30383115E-10   0.85145504E+00   0.00000000E+00
  2.   35.  -0.65838478E+00   0.32910852E-10   0.87606997E+00   0.00000000E+00
  2.   36.  -0.65838478E+00   0.36852565E-10   0.89720730E+00   0.00000000E+00
  2.   37.  -0.65838478E+00   0.39504808E-10   0.91342653E+00   0.00000000E+00
  2.   38.  -0.65838478E+00   0.33623544E-10   0.92362237E+00   0.00000000E+00
  2.   39.  -0.65838478E+00   0.00000000E+00   0.92709999E+00   0.00000000E+00
  2.   40.  -0.65838478E+00   0.00000000E+00   0.68652994E+00   0.00000000E+00
  2.   41.  -0.65838478E+00   0.35987783E-10   0.69124956E+00   0.00000000E+00
  2.   42.  -0.65838478E+00   0.44075510E-10   0.70508677E+00   0.00000000E+00
  2.   43.  -0.65838478E+00   0.43637401E-10   0.72709859E+00   0.00000000E+00
  2.   44.  -0.65838478E+00   0.39951828E-10   0.75578495E+00   0.00000000E+00
  2.   45.  -0.65838478E+00   0.33712066E-10   0.78919093E+00   0.00000000E+00
  2.   46.  -0.65838478E+00   0.31096164E-10   0.82503997E+00   0.00000000E+00
  2.   47.  -0.65838478E+00   0.29395053E-10   0.86088900E+00   0.00000000E+00
  2.   48.  -0.65838478E+00   0.35711918E-10   0.89429498E+00   0.00000000E+00
  2.   49.  -0.65838478E+00   0.44936126E-10   0.92298134E+00   0.00000000E+00
  2.   50.  -0.65838478E+00   0.49634509E-10   0.94499317E+00   0.00000000E+00
  2.   51.  -0.65838478E+00   0.44968394E-10   0.95883038E+00   0.00000000E+00
  2.   52.  -0.65838478E+00   0.00000000E+00   0.96354999E+00   0.00000000E+00
  2.   53.  -0.65838478E+00   0.00000000E+00   0.65007994E+00   0.00000000E+00
  2.   54.  -0.65838478E+00   0.44446941E-10   0.65604155E+00   0.00000000E+00
  2.   55.  -0.65838478E+00   0.52444722E-10   0.67352013E+00   0.00000000E+00
  2.   56.  -0.65838478E+00   0.52124895E-10   0.70132454E+00   0.00000000E+00
  2.   57.  -0.65838478E+00   0.46594546E-10   0.73755995E+00   0.00000000E+00
  2.   58.  -0.65838478E+00   0.34441510E-10   0.77975698E+00   0.00000000E+00
  2.   59.  -0.65838478E+00   0.27882071E-10   0.82503996E+00   0.00000000E+00
  2.   60.  -0.65838478E+00   0.27036712E-10   0.87032295E+00   0.00000000E+00
  2.   61.  -0.65838478E+00   0.40571076E-10   0.91251998E+00   0.00000000E+00
  2.   62.  -0.65838478E+00   0.54183370E-10   0.94875539E+00   0.00000000E+00
  2.   63.  -0.65838478E+00   0.61487851E-10   0.97655980E+00   0.00000000E+00
  2.   64.  -0.65838478E+00   0.57344700E-10   0.99403838E+00   0.00000000E+00
  2.   65.  -0.65838478E+00   0.00000000E+00   0.10000000E+01   0.00000000E+00
  2.   66.  -0.66421678E+00   0.00000000E+00   0.65007994E+00   0.00000000E+00
  2.   67.  -0.66421678E+00  -0.44784719E-10   0.65604155E+00   0.00000000E+00
  2.   68.  -0.66421678E+00  -0.52268750E-10   0.67352013E+00   0.00000000E+00
  2.   69.  -0.66421678E+00  -0.51275901E-10   0.70132454E+00   0.00000000E+00
  2.   70.  -0.66421678E+00  -0.44522533E-10   0.73755995E+00   0.00000000E+00
  2.   71.  -0.66421678E+00  -0.32010784E-10   0.77975698E+00   0.00000000E+00
  2.   72.  -0.66421678E+00  -0.25983269E-10   0.82503996E+00   0.00000000E+00
  2.   73.  -0.66421678E+00  -0.26030011E-10   0.87032295E+00   0.00000000E+00
  2.   74.  -0.66421678E+00  -0.41281482E-10   0.91251998E+00   0.00000000E+00
  2.   75.  -0.66421678E+00  -0.55193148E-10   0.94875539E+00   0.00000000E+00
  2.   76.  -0.66421678E+00  -0.62060805E-10   0.97655980E+00   0.00000000E+00
  2.   77.  -0.66421678E+00  -0.57264135E-10   0.99403838E+00   0.00000000E+00
  2.   78.  -0.66421678E+00   0.00000000E+00   0.10000000E+01   0.00000000E+00
  3.    1.   0.70042008E-01   0.00000000E+00   0.26343919E+00   0.00000000E+00
  3.    2.   0.70042008E-01   0.56076215E-11   0.25841965E+00   0.00000000E+00
  3.    3.   0.70042008E-01   0.83714732E-11   0.24370310E+00   0.00000000E+00
  3.    4.   0.70042008E-01   0.85954064E-11   0.22029245E+00   0.00000000E+00
  3.    5.   0.70042008E-01   0.84022866E-11   0.18978310E+00   0.00000000E+00
  3.    6.   0.70042008E-01   0.80704848E-11   0.15425422E+00   0.00000000E+00
  3.    7.   0.70042008E-01   0.71061571E-11   0.11612702E+00   0.00000000E+00
  3.    8.   0.70042008E-01   0.54741599E-11   0.77999830E-01   0.00000000E+00
  3.    9.   0.70042008E-01   0.34316619E-11   0.42470942E-01   0.00000000E+00
  3.   10.   0.70042008E-01   0.14555241E-11   0.11961594E-01   0.00000000E+00
  3.   11.   0.70042008E-01   0.13375762E-13  -0.11449052E-01   0.00000000E+00
  3.   12.   0.70042008E-01  -0.44529577E-12  -0.26165600E-01   0.00000000E+00
  3.   13.   0.70042008E-01   0.00000000E+00  -0.31185141E-01   0.00000000E+00
  3.   14.   0.70042008E-01   0.00000000E+00   0.44757939E+00   0.00000000E+00
  3.   15.   0.70042008E-01   0.95473897E-11   0.43628542E+00   0.00000000E+00
  3.   16.   0.70042008E-01   0.11473283E-10   0.40317319E+00   0.00000000E+00
  3.   17.   0.70042008E-01   0.92886391E-11   0.35049924E+00   0.00000000E+00
  3.   18.   0.70042008E-01   0.72698732E-11   0.28185321E+00   0.00000000E+00
  3.   19.   0.70042008E-01   0.53345807E-11   0.20191321E+00   0.00000000E+00
  3.   20.   0.70042008E-01   0.31401732E-11   0.11612702E+00   0.00000000E+00
  3.   21.   0.70042008E-01   0.31358981E-12   0.30340840E-01   0.00000000E+00
  3.   22.   0.70042008E-01  -0.28923588E-11  -0.49599159E-01   0.00000000E+00
  3.   23.   0.70042008E-01  -0.58677789E-11  -0.11824519E+00   0.00000000E+00
  3.   24.   0.70042008E-01  -0.76263162E-11  -0.17091915E+00   0.00000000E+00
  3.   25.   0.70042008E-01  -0.59973058E-11  -0.20403138E+00   0.00000000E+00
  3.   26.   0.70042008E-01   0.00000000E+00  -0.21532534E+00   0.00000000E+00
  3.   27.   0.70042008E-01   0.00000000E+00   0.63171959E+00   0.00000000E+00
  3.   28.   0.70042008E-01   0.15758147E-10   0.61415120E+00   0.00000000E+00
  3.   29.   0.70042008E-01   0.15815037E-10   0.56264329E+00   0.00000000E+00
  3.   30.   0.70042008E-01   0.11146230E-10   0.48070603E+00   0.00000000E+00
  3.   31.   0.70042008E-01   0.79702872E-11   0.37392331E+00   0.00000000E+00
  3.   32.   0.70042008E-01   0.44859327E-11   0.24957220E+00   0.00000000E+00
  3.   33.   0.70042008E-01   0.95583599E-12   0.11612703E+00   0.00000000E+00
  3.   34.   0.70042008E-01  -0.32178795E-11  -0.17318150E-01   0.00000000E+00
  3.   35.   0.70042008E-01  -0.78206917E-11  -0.14166926E+00   0.00000000E+00
  3.   36.   0.70042008E-01  -0.12064819E-10  -0.24845198E+00   0.00000000E+00
  3.   37.   0.70042008E-01  -0.15103552E-10  -0.33038924E+00   0.00000000E+00
  3.   38.   0.70042008E-01  -0.13668668E-10  -0.38189716E+00   0.00000000E+00
  3.   39.   0.70042008E-01   0.00000000E+00  -0.39946555E+00   0.00000000E+00
  3.   40.   0.70042008E-01   0.00000000E+00   0.81585980E+00   0.00000000E+00
  3.   41.   0.70042008E-01   0.21568758E-10   0.79201698E+00   0.00000000E+00
  3.   42.   0.70042008E-01   0.18597835E-10   0.72211338E+00   0.00000000E+00
  3.   43.   0.70042008E-01   0.13394896E-10   0.61091281E+00   0.00000000E+00
  3.   44.   0.70042008E-01   0.10213547E-10   0.46599341E+00   0.00000000E+00
  3.   45.   0.70042008E-01   0.43289617E-11   0.29723119E+00   0.00000000E+00
  3.   46.   0.70042008E-01  -0.10150157E-11   0.11612703E+00   0.00000000E+00
  3.   47.   0.70042008E-01  -0.63193799E-11  -0.64977141E-01   0.00000000E+00
  3.   48.   0.70042008E-01  -0.12557904E-10  -0.23373936E+00   0.00000000E+00
  3.   49.   0.70042008E-01  -0.18182251E-10  -0.37865876E+00   0.00000000E+00
  3.   50.   0.70042008E-01  -0.22126258E-10  -0.48985933E+00   0.00000000E+00
  3.   51.   0.70042008E-01  -0.21792388E-10  -0.55976293E+00   0.00000000E+00
  3.   52.   0.70042008E-01   0.00000000E+00  -0.58360575E+00   0.00000000E+00
  3.   53.   0.70042008E-01   0.00000000E+00   0.10000000E+01   0.00000000E+00
  3.   54.   0.70042008E-01   0.27467882E-10   0.96988276E+00   0.00000000E+00
  3.   55.   0.70042008E-01   0.19319564E-10   0.88158347E+00   0.00000000E+00
  3.   56.   0.70042008E-01   0.15660870E-10   0.74111960E+00   0.00000000E+00
  3.   57.   0.70042008E-01   0.13130099E-10   0.55806351E+00   0.00000000E+00
  3.   58.   0.70042008E-01   0.39255838E-11   0.34489018E+00   0.00000000E+00
  3.   59.   0.70042008E-01  -0.34285195E-11   0.11612703E+00   0.00000000E+00
  3.   60.   0.70042008E-01  -0.94926602E-11  -0.11263613E+00   0.00000000E+00
  3.   61.   0.70042008E-01  -0.17420320E-10  -0.32580946E+00   0.00000000E+00
  3.   62.   0.70042008E-01  -0.23958414E-10  -0.50886555E+00   0.00000000E+00
  3.   63.   0.70042008E-01  -0.28917768E-10  -0.64932943E+00   0.00000000E+00
  3.   64.   0.70042008E-01  -0.29920488E-10  -0.73762871E+00   0.00000000E+00
  3.   65.   0.70042008E-01   0.00000000E+00  -0.76774596E+00   0.00000000E+00
  3.   66.   0.99504440E-01   0.00000000E+00   0.10000000E+01   0.00000000E+00
  3.   67.   0.99504440E-01  -0.27808967E-10   0.96988276E+00   0.00000000E+00
  3.   68.   0.99504440E-01  -0.19210294E-10   0.88158347E+00   0.00000000E+00
  3.   69.   0.99504440E-01  -0.14707114E-10   0.74111960E+00   0.00000000E+00
  3.   70.   0.99504440E-01  -0.11498706E-10   0.55806351E+00   0.00000000E+00
  3.   71.   0.99504440E-01  -0.24418562E-11   0.34489018E+00   0.00000000E+00
  3.   72.   0.99504440E-01   0.46220602E-11   0.11612703E+00   0.00000000E+00
  3.   73.   0.99504440E-01   0.10509073E-10  -0.11263613E+00   0.00000000E+00
  3.   74.   0.99504440E-01   0.18439243E-10  -0.32580946E+00   0.00000000E+00
  3.   75.   0.99504440E-01   0.24842156E-10  -0.50886555E+00   0.00000000E+00
  3.   76.   0.99504440E-01   0.29435576E-10  -0.64932943E+00   0.00000000E+00
  3.   77.   0.99504440E-01   0.30042619E-10  -0.73762871E+00   0.00000000E+00
  3.   78.   0.99504440E-01   0.00000000E+00  -0.76774596E+00   0.00000000E+00
  4.    1.  -0.87448086E-02   0.00000000E+00   0.40404962E-01   0.00000000E+00
  4.    2.  -0.84697385E-02   0.23487949E-02   0.34991724E-01   0.00000000E+00
  4.    3.  -0.76498582E-02   0.45051349E-02   0.20202481E-01   0.00000000E+00
  4.    4.  -0.63086526E-02   0.63086531E-02   0.31606885E-09   0.00000000E+00
  4.    5.  -0.45051343E-02   0.76498587E-02  -0.20202481E-01   0.00000000E+00
  4.    6.  -0.23487944E-02   0.84697391E-02  -0.34991723E-01   0.00000000E+00
  4.    7.   0.49198257E-09   0.87448091E-02  -0.40404962E-01   0.00000000E+00
  4.    8.   0.23487954E-02   0.84697391E-02  -0.34991724E-01   0.00000000E+00
  4.    9.   0.45051353E-02   0.76498588E-02  -0.20202481E-01   0.00000000E+00
  4.   10.   0.63086537E-02   0.63086532E-02  -0.61188409E-09   0.00000000E+00
  4.   11.   0.76498592E-02   0.45051349E-02   0.20202480E-01   0.00000000E+00
  4.   12.   0.84697396E-02   0.23487950E-02   0.34991723E-01   0.00000000E+00
  4.   13.   0.87448097E-02   0.00000000E+00   0.40404962E-01   0.00000000E+00
  4.   14.  -0.14623961E-01   0.00000000E+00   0.18278666E+00   0.00000000E+00
  4.   15.  -0.14333255E-01   0.45597085E-02   0.15829789E+00   0.00000000E+00
  4.   16.  -0.13359342E-01   0.85150991E-02   0.91393329E-01   0.00000000E+00
  4.   17.  -0.11475013E-01   0.11475013E-01   0.11052252E-08   0.00000000E+00
  4.   18.  -0.85150986E-02   0.13359343E-01  -0.91393328E-01   0.00000000E+00
  4.   19.  -0.45597080E-02   0.14333255E-01  -0.15829789E+00   0.00000000E+00
  4.   20.   0.44460429E-09   0.14623961E-01  -0.18278666E+00   0.00000000E+00
  4.   21.   0.45597089E-02   0.14333255E-01  -0.15829789E+00   0.00000000E+00
  4.   22.   0.85150996E-02   0.13359343E-01  -0.91393332E-01   0.00000000E+00
  4.   23.   0.11475014E-01   0.11475013E-01  -0.28988210E-08   0.00000000E+00
  4.   24.   0.13359343E-01   0.85150993E-02   0.91393326E-01   0.00000000E+00
  4.   25.   0.14333256E-01   0.45597087E-02   0.15829789E+00   0.00000000E+00
  4.   26.   0.14623962E-01   0.00000000E+00   0.18278666E+00   0.00000000E+00
  4.   27.  -0.20286079E-01   0.00000000E+00   0.40294967E+00   0.00000000E+00
  4.   28.  -0.19947242E-01   0.65655769E-02   0.34896465E+00   0.00000000E+00
  4.   29.  -0.18747394E-01   0.12185360E-01   0.20147484E+00   0.00000000E+00
  4.   30.  -0.16269942E-01   0.16269942E-01   0.22989992E-08   0.00000000E+00
  4.   31.  -0.12185359E-01   0.18747394E-01  -0.20147483E+00   0.00000000E+00
  4.   32.  -0.65655764E-02   0.19947242E-01  -0.34896465E+00   0.00000000E+00
  4.   33.   0.39980711E-09   0.20286079E-01  -0.40294967E+00   0.00000000E+00
  4.   34.   0.65655772E-02   0.19947242E-01  -0.34896466E+00   0.00000000E+00
  4.   35.   0.12185360E-01   0.18747394E-01  -0.20147484E+00   0.00000000E+00
  4.   36.   0.16269943E-01   0.16269942E-01  -0.64316074E-08   0.00000000E+00
  4.   37.   0.18747395E-01   0.12185360E-01   0.20147483E+00   0.00000000E+00
  4.   38.   0.19947243E-01   0.65655771E-02   0.34896465E+00   0.00000000E+00
  4.   39.   0.20286080E-01   0.00000000E+00   0.40294967E+00   0.00000000E+00
  4.   40.  -0.24072913E-01   0.00000000E+00   0.68208578E+00   0.00000000E+00
  4.   41.  -0.23851925E-01   0.84670587E-02   0.59070361E+00   0.00000000E+00
  4.   42.  -0.22852972E-01   0.15509596E-01   0.34104289E+00   0.00000000E+00
  4.   43.  -0.20296627E-01   0.20296628E-01   0.38107875E-08   0.00000000E+00
  4.   44.  -0.15509596E-01   0.22852973E-01  -0.34104289E+00   0.00000000E+00
  4.   45.  -0.84670583E-02   0.23851926E-01  -0.59070361E+00   0.00000000E+00
  4.   46.   0.35531649E-09   0.24072914E-01  -0.68208578E+00   0.00000000E+00
  4.   47.   0.84670590E-02   0.23851926E-01  -0.59070362E+00   0.00000000E+00
  4.   48.   0.15509597E-01   0.22852973E-01  -0.34104290E+00   0.00000000E+00
  4.   49.   0.20296628E-01   0.20296628E-01  -0.10907273E-07   0.00000000E+00
  4.   50.   0.22852973E-01   0.15509597E-01   0.34104288E+00   0.00000000E+00
  4.   51.   0.23851926E-01   0.84670591E-02   0.59070361E+00   0.00000000E+00
  4.   52.   0.24072914E-01   0.00000000E+00   0.68208578E+00   0.00000000E+00
  4.   53.  -0.26704782E-01   0.00000000E+00   0.99990230E+00   0.00000000E+00
  4.   54.  -0.26603109E-01   0.99282112E-02   0.86594080E+00   0.00000000E+00
  4.   55.  -0.25831544E-01   0.18036765E-01   0.49995115E+00   0.00000000E+00
  4.   56.  -0.23299602E-01   0.23299602E-01   0.55386313E-08   0.00000000E+00
  4.   57.  -0.18036764E-01   0.25831544E-01  -0.49995115E+00   0.00000000E+00
  4.   58.  -0.99282107E-02   0.26603109E-01  -0.86594079E+00   0.00000000E+00
  4.   59.   0.31898182E-09   0.26704783E-01  -0.99990230E+00   0.00000000E+00
  4.   60.   0.99282114E-02   0.26603109E-01  -0.86594080E+00   0.00000000E+00
  4.   61.   0.18036765E-01   0.25831544E-01  -0.49995117E+00   0.00000000E+00
  4.   62.   0.23299603E-01   0.23299603E-01  -0.16006596E-07   0.00000000E+00
  4.   63.   0.25831545E-01   0.18036765E-01   0.49995113E+00   0.00000000E+00
  4.   64.   0.26603110E-01   0.99282116E-02   0.86594079E+00   0.00000000E+00
  4.   65.   0.26704783E-01   0.00000000E+00   0.99990230E+00   0.00000000E+00
  4.   66.   0.26704783E-01   0.00000000E+00   0.99990230E+00   0.00000000E+00
  4.   67.   0.26603110E-01  -0.99282112E-02   0.86594080E+00   0.00000000E+00
  4.   68.   0.25831545E-01  -0.18036765E-01   0.49995115E+00   0.00000000E+00
  4.   69.   0.23299603E-01  -0.23299602E-01   0.55386418E-08   0.00000000E+00
  4.   70.   0.18036765E-01  -0.25831544E-01  -0.49995115E+00   0.00000000E+00
  4.   71.   0.99282118E-02  -0.26603109E-01  -0.86594079E+00   0.00000000E+00
  4.   72.   0.77123738E-09  -0.26704783E-01  -0.99990230E+00   0.00000000E+00
  4.   73.  -0.99282103E-02  -0.26603109E-01  -0.86594080E+00   0.00000000E+00
  4.   74.  -0.18036764E-01  -0.25831544E-01  -0.49995117E+00   0.00000000E+00
  4.   75.  -0.23299602E-01  -0.23299603E-01  -0.16006591E-07   0.00000000E+00
  4.   76.  -0.25831544E-01  -0.18036765E-01   0.49995113E+00   0.00000000E+00
  4.   77.  -0.26603109E-01  -0.99282116E-02   0.86594079E+00   0.00000000E+00
  4.   78.  -0.26704782E-01   0.00000000E+00   0.99990230E+00   0.00000000E+00
  5.    1.   0.29770669E-01   0.00000000E+00   0.99955215E+00   0.00000000E+00
  5.    2.   0.28756258E-01   0.77052161E-02   0.99955215E+00   0.00000000E+00
  5.    3.   0.25782155E-01   0.14885334E-01   0.99955215E+00   0.00000000E+00
  5.    4.   0.21051042E-01   0.21051042E-01   0.99955215E+00   0.00000000E+00
  5.    5.   0.14885334E-01   0.25782155E-01   0.99955215E+00   0.00000000E+00
  5.    6.   0.77052161E-02   0.28756258E-01   0.99955215E+00   0.00000000E+00
  5.    7.   0.11738533E-09   0.29770669E-01   0.99955215E+00   0.00000000E+00
  5.    8.  -0.77052159E-02   0.28756258E-01   0.99955215E+00   0.00000000E+00
  5.    9.  -0.14885334E-01   0.25782156E-01   0.99955215E+00   0.00000000E+00
  5.   10.  -0.21051042E-01   0.21051042E-01   0.99955215E+00   0.00000000E+00
  5.   11.  -0.25782155E-01   0.14885335E-01   0.99955215E+00   0.00000000E+00
  5.   12.  -0.28756258E-01   0.77052164E-02   0.99955215E+00   0.00000000E+00
  5.   13.  -0.29770669E-01   0.00000000E+00   0.99955215E+00   0.00000000E+00
  5.   14.   0.30895735E-01   0.00000000E+00   0.63457129E+00   0.00000000E+00
  5.   15.   0.29842989E-01   0.79964048E-02   0.63457129E+00   0.00000000E+00
  5.   16.   0.26756492E-01   0.15447868E-01   0.63457129E+00   0.00000000E+00
  5.   17.   0.21846584E-01   0.21846584E-01   0.63457129E+00   0.00000000E+00
  5.   18.   0.15447868E-01   0.26756492E-01   0.63457129E+00   0.00000000E+00
  5.   19.   0.79964048E-02   0.29842989E-01   0.63457129E+00   0.00000000E+00
  5.   20.   0.12390868E-09   0.30895736E-01   0.63457129E+00   0.00000000E+00
  5.   21.  -0.79964046E-02   0.29842989E-01   0.63457129E+00   0.00000000E+00
  5.   22.  -0.15447868E-01   0.26756492E-01   0.63457129E+00   0.00000000E+00
  5.   23.  -0.21846584E-01   0.21846584E-01   0.63457129E+00   0.00000000E+00
  5.   24.  -0.26756492E-01   0.15447868E-01   0.63457129E+00   0.00000000E+00
  5.   25.  -0.29842989E-01   0.79964051E-02   0.63457129E+00   0.00000000E+00
  5.   26.  -0.30895736E-01   0.00000000E+00   0.63457129E+00   0.00000000E+00
  5.   27.   0.35052116E-01   0.00000000E+00   0.21891385E+00   0.00000000E+00
  5.   28.   0.33857744E-01   0.90721553E-02   0.21891385E+00   0.00000000E+00
  5.   29.   0.30356023E-01   0.17526058E-01   0.21891385E+00   0.00000000E+00
  5.   30.   0.24785589E-01   0.24785589E-01   0.21891385E+00   0.00000000E+00
  5.   31.   0.17526058E-01   0.30356023E-01   0.21891385E+00   0.00000000E+00
  5.   32.   0.90721553E-02   0.33857744E-01   0.21891385E+00   0.00000000E+00
  5.   33.   0.14454776E-09   0.35052116E-01   0.21891385E+00   0.00000000E+00
  5.   34.  -0.90721551E-02   0.33857745E-01   0.21891385E+00   0.00000000E+00
  5.   35.  -0.17526058E-01   0.30356023E-01   0.21891385E+00   0.00000000E+00
  5.   36.  -0.24785589E-01   0.24785589E-01   0.21891385E+00   0.00000000E+00
  5.   37.  -0.30356023E-01   0.17526058E-01   0.21891385E+00   0.00000000E+00
  5.   38.  -0.33857744E-01   0.90721556E-02   0.21891385E+00   0.00000000E+00
  5.   39.  -0.35052116E-01   0.00000000E+00   0.21891385E+00   0.00000000E+00
  5.   40.   0.35453522E-01   0.00000000E+00  -0.22624565E+00   0.00000000E+00
  5.   41.   0.34245473E-01   0.91760467E-02  -0.22624565E+00   0.00000000E+00
  5.   42.   0.30703651E-01   0.17726761E-01  -0.22624565E+00   0.00000000E+00
  5.   43.   0.25069426E-01   0.25069426E-01  -0.22624565E+00   0.00000000E+00
  5.   44.   0.17726761E-01   0.30703651E-01  -0.22624565E+00   0.00000000E+00
  5.   45.   0.91760468E-02   0.34245473E-01  -0.22624565E+00   0.00000000E+00
  5.   46.   0.14386095E-09   0.35453522E-01  -0.22624565E+00   0.00000000E+00
  5.   47.  -0.91760465E-02   0.34245473E-01  -0.22624565E+00   0.00000000E+00
  5.   48.  -0.17726761E-01   0.30703651E-01  -0.22624565E+00   0.00000000E+00
  5.   49.  -0.25069426E-01   0.25069426E-01  -0.22624565E+00   0.00000000E+00
  5.   50.  -0.30703651E-01   0.17726761E-01  -0.22624565E+00   0.00000000E+00
  5.   51.  -0.34245473E-01   0.91760471E-02  -0.22624565E+00   0.00000000E+00
  5.   52.  -0.35453522E-01   0.00000000E+00  -0.22624565E+00   0.00000000E+00
  5.   53.   0.33324609E-01   0.00000000E+00  -0.65708408E+00   0.00000000E+00
  5.   54.   0.32189101E-01   0.86250436E-02  -0.65708408E+00   0.00000000E+00
  5.   55.   0.28859958E-01   0.16662305E-01  -0.65708408E+00   0.00000000E+00
  5.   56.   0.23564057E-01   0.23564057E-01  -0.65708408E+00   0.00000000E+00
  5.   57.   0.16662305E-01   0.28859958E-01  -0.65708408E+00   0.00000000E+00
  5.   58.   0.86250436E-02   0.32189101E-01  -0.65708408E+00   0.00000000E+00
  5.   59.   0.12796572E-09   0.33324609E-01  -0.65708408E+00   0.00000000E+00
  5.   60.  -0.86250434E-02   0.32189101E-01  -0.65708408E+00   0.00000000E+00
  5.   61.  -0.16662304E-01   0.28859958E-01  -0.65708408E+00   0.00000000E+00
  5.   62.  -0.23564057E-01   0.23564057E-01  -0.65708408E+00   0.00000000E+00
  5.   63.  -0.28859958E-01   0.16662305E-01  -0.65708408E+00   0.00000000E+00
  5.   64.  -0.32189101E-01   0.86250439E-02  -0.65708408E+00   0.00000000E+00
  5.   65.  -0.33324609E-01   0.00000000E+00  -0.65708408E+00   0.00000000E+00
  5.   66.  -0.33324609E-01   0.00000000E+00  -0.65708408E+00   0.00000000E+00
  5.   67.  -0.32189101E-01  -0.86250436E-02  -0.65708408E+00   0.00000000E+00
  5.   68.  -0.28859958E-01  -0.16662305E-01  -0.65708408E+00   0.00000000E+00
  5.   69.  -0.23564057E-01  -0.23564057E-01  -0.65708408E+00   0.00000000E+00
  5.   70.  -0.16662305E-01  -0.28859958E-01  -0.65708408E+00   0.00000000E+00
  5.   71.  -0.86250437E-02  -0.32189101E-01  -0.65708408E+00   0.00000000E+00
  5.   72.  -0.21229700E-09  -0.33324609E-01  -0.65708408E+00   0.00000000E+00
  5.   73.   0.86250433E-02  -0.32189101E-01  -0.65708408E+00   0.00000000E+00
  5.   74.   0.16662304E-01  -0.28859958E-01  -0.65708408E+00   0.00000000E+00
  5.   75.   0.23564057E-01  -0.23564057E-01  -0.65708408E+00   0.00000000E+00
  5.   76.   0.28859958E-01  -0.16662305E-01  -0.65708408E+00   0.00000000E+00
  5.   77.   0.32189101E-01  -0.86250439E-02  -0.65708408E+00   0.00000000E+00
  5.   78.   0.33324609E-01   0.00000000E+00  -0.65708408E+00   0.00000000E+00
  6.    1.   0.32067732E-02   0.00000000E+00  -0.89702282E-02   0.00000000E+00
  6.    2.   0.27907261E-02  -0.16540645E-02  -0.63429092E-02   0.00000000E+00
  6.    3.   0.16404854E-02  -0.28414040E-02  -0.58278042E-10   0.00000000E+00
  6.    4.   0.37098805E-04  -0.32438720E-02   0.63429091E-02   0.00000000E+00
  6.    5.  -0.16033866E-02  -0.27771470E-02   0.89702281E-02   0.00000000E+00
  6.    6.  -0.28278249E-02  -0.15898075E-02   0.63429092E-02   0.00000000E+00
  6.    7.  -0.32809707E-02  -0.38874944E-10   0.10004200E-09   0.00000000E+00
  6.    8.  -0.28278249E-02   0.15898074E-02  -0.63429090E-02   0.00000000E+00
  6.    9.  -0.16033866E-02   0.27771470E-02  -0.89702282E-02   0.00000000E+00
  6.   10.   0.37098734E-04   0.32438719E-02  -0.63429094E-02   0.00000000E+00
  6.   11.   0.16404853E-02   0.28414040E-02  -0.34903221E-09   0.00000000E+00
  6.   12.   0.27907261E-02   0.16540645E-02   0.63429089E-02   0.00000000E+00
  6.   13.   0.32067732E-02   0.00000000E+00   0.89702281E-02   0.00000000E+00
  6.   14.   0.10556106E-01   0.00000000E+00  -0.86907872E-01   0.00000000E+00
  6.   15.   0.93253111E-02  -0.59627172E-02  -0.61453145E-01   0.00000000E+00
  6.   16.   0.57792620E-02  -0.10009975E-01  -0.77902704E-10   0.00000000E+00
  6.   17.   0.50120903E-03  -0.11057315E-01   0.61453145E-01   0.00000000E+00
  6.   18.  -0.52780529E-02  -0.91418559E-02   0.86907872E-01   0.00000000E+00
  6.   19.  -0.98265200E-02  -0.50945978E-02   0.61453146E-01   0.00000000E+00
  6.   20.  -0.11558524E-01  -0.11231405E-09   0.14006891E-08   0.00000000E+00
  6.   21.  -0.98265202E-02   0.50945976E-02  -0.61453144E-01   0.00000000E+00
  6.   22.  -0.52780531E-02   0.91418558E-02  -0.86907872E-01   0.00000000E+00
  6.   23.   0.50120880E-03   0.11057315E-01  -0.61453147E-01   0.00000000E+00
  6.   24.   0.57792618E-02   0.10009975E-01  -0.27678195E-08   0.00000000E+00
  6.   25.   0.93253110E-02   0.59627174E-02   0.61453143E-01   0.00000000E+00
  6.   26.   0.10556106E-01   0.00000000E+00   0.86907871E-01   0.00000000E+00
  6.   27.   0.20766424E-01   0.00000000E+00  -0.28344336E+00   0.00000000E+00
  6.   28.   0.18621051E-01  -0.12759784E-01  -0.20042472E+00   0.00000000E+00
  6.   29.   0.12122983E-01  -0.20997623E-01  -0.18519749E-09   0.00000000E+00
  6.   30.   0.17397714E-02  -0.22506195E-01   0.20042472E+00   0.00000000E+00
  6.   31.  -0.10383212E-01  -0.17984250E-01   0.28344336E+00   0.00000000E+00
  6.   32.  -0.20360822E-01  -0.97464114E-02   0.20042472E+00   0.00000000E+00
  6.   33.  -0.24245966E-01  -0.20645005E-09   0.45741888E-08   0.00000000E+00
  6.   34.  -0.20360822E-01   0.97464110E-02  -0.20042471E+00   0.00000000E+00
  6.   35.  -0.10383212E-01   0.17984250E-01  -0.28344336E+00   0.00000000E+00
  6.   36.   0.17397709E-02   0.22506195E-01  -0.20042472E+00   0.00000000E+00
  6.   37.   0.12122983E-01   0.20997623E-01  -0.88242633E-08   0.00000000E+00
  6.   38.   0.18621051E-01   0.12759784E-01   0.20042471E+00   0.00000000E+00
  6.   39.   0.20766424E-01   0.00000000E+00   0.28344336E+00   0.00000000E+00
  6.   40.   0.28964259E-01   0.00000000E+00  -0.59784851E+00   0.00000000E+00
  6.   41.   0.26681869E-01  -0.20446264E-01  -0.42274274E+00   0.00000000E+00
  6.   42.   0.18848179E-01  -0.32646003E-01  -0.36906855E-09   0.00000000E+00
  6.   43.   0.43660495E-02  -0.33330308E-01   0.42274273E+00   0.00000000E+00
  6.   44.  -0.14482129E-01  -0.25083784E-01   0.59784851E+00   0.00000000E+00
  6.   45.  -0.31047918E-01  -0.12884045E-01   0.42274274E+00   0.00000000E+00
  6.   46.  -0.37696358E-01  -0.26374124E-09   0.95924411E-08   0.00000000E+00
  6.   47.  -0.31047919E-01   0.12884044E-01  -0.42274273E+00   0.00000000E+00
  6.   48.  -0.14482130E-01   0.25083784E-01  -0.59784851E+00   0.00000000E+00
  6.   49.   0.43660488E-02   0.33330308E-01  -0.42274275E+00   0.00000000E+00
  6.   50.   0.18848178E-01   0.32646004E-01  -0.18498530E-07   0.00000000E+00
  6.   51.   0.26681869E-01   0.20446265E-01   0.42274272E+00   0.00000000E+00
  6.   52.   0.28964259E-01   0.00000000E+00   0.59784851E+00   0.00000000E+00
  6.   53.   0.35420709E-01   0.00000000E+00  -0.99972317E+00   0.00000000E+00
  6.   54.   0.33142935E-01  -0.26919942E-01  -0.70691103E+00   0.00000000E+00
  6.   55.   0.24452240E-01  -0.42352523E-01  -0.60880972E-09   0.00000000E+00
  6.   56.   0.67418863E-02  -0.42162595E-01   0.70691103E+00   0.00000000E+00
  6.   57.  -0.17710354E-01  -0.30675234E-01   0.99972317E+00   0.00000000E+00
  6.   58.  -0.39884821E-01  -0.15242653E-01   0.70691104E+00   0.00000000E+00
  6.   59.  -0.48904481E-01  -0.30680685E-09   0.15976083E-07   0.00000000E+00
  6.   60.  -0.39884822E-01   0.15242652E-01  -0.70691101E+00   0.00000000E+00
  6.   61.  -0.17710355E-01   0.30675233E-01  -0.99972317E+00   0.00000000E+00
  6.   62.   0.67418854E-02   0.42162595E-01  -0.70691105E+00   0.00000000E+00
  6.   63.   0.24452240E-01   0.42352523E-01  -0.30854601E-07   0.00000000E+00
  6.   64.   0.33142935E-01   0.26919943E-01   0.70691101E+00   0.00000000E+00
  6.   65.   0.35420709E-01   0.00000000E+00   0.99972317E+00   0.00000000E+00
  6.   66.  -0.35420709E-01   0.00000000E+00  -0.99972317E+00   0.00000000E+00
  6.   67.  -0.33142935E-01   0.26919942E-01  -0.70691103E+00   0.00000000E+00
  6.   68.  -0.24452240E-01   0.42352523E-01  -0.60879200E-09   0.00000000E+00
  6.   69.  -0.67418863E-02   0.42162595E-01   0.70691103E+00   0.00000000E+00
  6.   70.   0.17710354E-01   0.30675234E-01   0.99972317E+00   0.00000000E+00
  6.   71.   0.39884821E-01   0.15242653E-01   0.70691104E+00   0.00000000E+00
  6.   72.   0.48904481E-01   0.30632928E-09   0.15976076E-07   0.00000000E+00
  6.   73.   0.39884822E-01  -0.15242652E-01  -0.70691101E+00   0.00000000E+00
  6.   74.   0.17710355E-01  -0.30675233E-01  -0.99972317E+00   0.00000000E+00
  6.   75.  -0.67418854E-02  -0.42162595E-01  -0.70691105E+00   0.00000000E+00
  6.   76.  -0.24452240E-01  -0.42352523E-01  -0.30854611E-07   0.00000000E+00
  6.   77.  -0.33142935E-01  -0.26919943E-01   0.70691101E+00   0.00000000E+00
  6.   78.  -0.35420709E-01   0.00000000E+00   0.99972317E+00   0.00000000E+00
  7.    1.   0.25006807E-01   0.00000000E+00  -0.78478658E+00   0.00000000E+00
  7.    2.   0.28218799E-01  -0.11987318E-01  -0.75804563E+00   0.00000000E+00
  7.    3.   0.36994125E-01  -0.20762643E-01  -0.67964512E+00   0.00000000E+00
  7.    4.   0.48981442E-01  -0.23974636E-01  -0.55492792E+00   0.00000000E+00
  7.    5.   0.60968760E-01  -0.20762644E-01  -0.39239329E+00   0.00000000E+00
  7.    6.   0.69744086E-01  -0.11987318E-01  -0.20311772E+00   0.00000000E+00
  7.    7.   0.72956078E-01  -0.25429417E-09  -0.41480488E-08   0.00000000E+00
  7.    8.   0.69744086E-01   0.11987317E-01   0.20311771E+00   0.00000000E+00
  7.    9.   0.60968761E-01   0.20762643E-01   0.39239329E+00   0.00000000E+00
  7.   10.   0.48981443E-01   0.23974636E-01   0.55492791E+00   0.00000000E+00
  7.   11.   0.36994125E-01   0.20762644E-01   0.67964511E+00   0.00000000E+00
  7.   12.   0.28218799E-01   0.11987318E-01   0.75804563E+00   0.00000000E+00
  7.   13.   0.25006807E-01   0.00000000E+00   0.78478658E+00   0.00000000E+00
  7.   14.  -0.10733734E-02   0.00000000E+00  -0.99875292E+00   0.00000000E+00
  7.   15.   0.19583400E-02  -0.11314508E-01  -0.96472124E+00   0.00000000E+00
  7.   16.   0.10241135E-01  -0.19597303E-01  -0.86494540E+00   0.00000000E+00
  7.   17.   0.21555643E-01  -0.22629017E-01  -0.70622496E+00   0.00000000E+00
  7.   18.   0.32870151E-01  -0.19597303E-01  -0.49937646E+00   0.00000000E+00
  7.   19.   0.41152946E-01  -0.11314508E-01  -0.25849628E+00   0.00000000E+00
  7.   20.   0.44184660E-01  -0.23556276E-09  -0.52445275E-08   0.00000000E+00
  7.   21.   0.41152946E-01   0.11314508E-01   0.25849627E+00   0.00000000E+00
  7.   22.   0.32870152E-01   0.19597303E-01   0.49937645E+00   0.00000000E+00
  7.   23.   0.21555643E-01   0.22629017E-01   0.70622496E+00   0.00000000E+00
  7.   24.   0.10241135E-01   0.19597303E-01   0.86494539E+00   0.00000000E+00
  7.   25.   0.19583402E-02   0.11314509E-01   0.96472124E+00   0.00000000E+00
  7.   26.  -0.10733734E-02   0.00000000E+00   0.99875292E+00   0.00000000E+00
  7.   27.  -0.45546169E-01   0.00000000E+00  -0.69695792E+00   0.00000000E+00
  7.   28.  -0.41168718E-01  -0.16336869E-01  -0.67320966E+00   0.00000000E+00
  7.   29.  -0.29209299E-01  -0.28296288E-01  -0.60358326E+00   0.00000000E+00
  7.   30.  -0.12872430E-01  -0.32673739E-01  -0.49282367E+00   0.00000000E+00
  7.   31.   0.34644393E-02  -0.28296288E-01  -0.34847896E+00   0.00000000E+00
  7.   32.   0.15423858E-01  -0.16336870E-01  -0.18038599E+00   0.00000000E+00
  7.   33.   0.19801309E-01  -0.33776859E-09  -0.36912529E-08   0.00000000E+00
  7.   34.   0.15423858E-01   0.16336869E-01   0.18038598E+00   0.00000000E+00
  7.   35.   0.34644399E-02   0.28296288E-01   0.34847896E+00   0.00000000E+00
  7.   36.  -0.12872429E-01   0.32673739E-01   0.49282367E+00   0.00000000E+00
  7.   37.  -0.29209299E-01   0.28296288E-01   0.60358326E+00   0.00000000E+00
  7.   38.  -0.41168717E-01   0.16336870E-01   0.67320965E+00   0.00000000E+00
  7.   39.  -0.45546169E-01   0.00000000E+00   0.69695792E+00   0.00000000E+00
  7.   40.  -0.69102059E-01   0.00000000E+00   0.51266223E-01   0.00000000E+00
  7.   41.  -0.64547893E-01  -0.16996378E-01   0.49519369E-01   0.00000000E+00
  7.   42.  -0.52105681E-01  -0.29438590E-01   0.44397852E-01   0.00000000E+00
  7.   43.  -0.35109304E-01  -0.33992755E-01   0.36250695E-01   0.00000000E+00
  7.   44.  -0.18112926E-01  -0.29438590E-01   0.25633112E-01   0.00000000E+00
  7.   45.  -0.56707142E-02  -0.16996378E-01   0.13268675E-01   0.00000000E+00
  7.   46.  -0.11165485E-02  -0.34659834E-09   0.14880608E-09   0.00000000E+00
  7.   47.  -0.56707138E-02   0.16996377E-01  -0.13268675E-01   0.00000000E+00
  7.   48.  -0.18112926E-01   0.29438589E-01  -0.25633111E-01   0.00000000E+00
  7.   49.  -0.35109303E-01   0.33992755E-01  -0.36250694E-01   0.00000000E+00
  7.   50.  -0.52105681E-01   0.29438590E-01  -0.44397852E-01   0.00000000E+00
  7.   51.  -0.64547893E-01   0.16996378E-01  -0.49519369E-01   0.00000000E+00
  7.   52.  -0.69102059E-01   0.00000000E+00  -0.51266224E-01   0.00000000E+00
  7.   53.  -0.69412445E-01   0.00000000E+00   0.93210579E+00   0.00000000E+00
  7.   54.  -0.65737976E-01  -0.13713305E-01   0.90034505E+00   0.00000000E+00
  7.   55.  -0.55699140E-01  -0.23752141E-01   0.80722729E+00   0.00000000E+00
  7.   56.  -0.41985835E-01  -0.27426610E-01   0.65909833E+00   0.00000000E+00
  7.   57.  -0.28272530E-01  -0.23752141E-01   0.46605290E+00   0.00000000E+00
  7.   58.  -0.18233694E-01  -0.13713305E-01   0.24124673E+00   0.00000000E+00
  7.   59.  -0.14559224E-01  -0.27454021E-09   0.46407156E-08   0.00000000E+00
  7.   60.  -0.18233693E-01   0.13713305E-01  -0.24124672E+00   0.00000000E+00
  7.   61.  -0.28272529E-01   0.23752141E-01  -0.46605289E+00   0.00000000E+00
  7.   62.  -0.41985834E-01   0.27426610E-01  -0.65909832E+00   0.00000000E+00
  7.   63.  -0.55699139E-01   0.23752141E-01  -0.80722729E+00   0.00000000E+00
  7.   64.  -0.65737976E-01   0.13713306E-01  -0.90034505E+00   0.00000000E+00
  7.   65.  -0.69412445E-01   0.00000000E+00  -0.93210579E+00   0.00000000E+00
  7.   66.   0.69412445E-01   0.00000000E+00   0.93210579E+00   0.00000000E+00
  7.   67.   0.65737976E-01   0.13713305E-01   0.90034505E+00   0.00000000E+00
  7.   68.   0.55699140E-01   0.23752141E-01   0.80722729E+00   0.00000000E+00
  7.   69.   0.41985835E-01   0.27426610E-01   0.65909833E+00   0.00000000E+00
  7.   70.   0.28272530E-01   0.23752141E-01   0.46605290E+00   0.00000000E+00
  7.   71.   0.18233694E-01   0.13713305E-01   0.24124673E+00   0.00000000E+00
  7.   72.   0.14559224E-01   0.27785781E-09   0.46406617E-08   0.00000000E+00
  7.   73.   0.18233693E-01  -0.13713305E-01  -0.24124672E+00   0.00000000E+00
  7.   74.   0.28272529E-01  -0.23752141E-01  -0.46605289E+00   0.00000000E+00
  7.   75.   0.41985834E-01  -0.27426610E-01  -0.65909832E+00   0.00000000E+00
  7.   76.   0.55699139E-01  -0.23752141E-01  -0.80722729E+00   0.00000000E+00
  7.   77.   0.65737976E-01  -0.13713306E-01  -0.90034505E+00   0.00000000E+00
  7.   78.   0.69412445E-01   0.00000000E+00  -0.93210579E+00   0.00000000E+00
  8.    1.   0.10552993E-02   0.00000000E+00  -0.19872917E-02   0.00000000E+00
  8.    2.   0.75026491E-03  -0.76134522E-03  -0.99364579E-03   0.00000000E+00
  8.    3.   0.78349140E-05  -0.10688698E-02   0.99364602E-03   0.00000000E+00
  8.    4.  -0.74620930E-03  -0.74620928E-03   0.19872919E-02   0.00000000E+00
  8.    5.  -0.10688698E-02   0.78349349E-05   0.99364600E-03   0.00000000E+00
  8.    6.  -0.76134527E-03   0.75026494E-03  -0.99364585E-03   0.00000000E+00
  8.    7.  -0.52717331E-10   0.10552993E-02  -0.19872918E-02   0.00000000E+00
  8.    8.   0.76134517E-03   0.75026496E-03  -0.99364598E-03   0.00000000E+00
  8.    9.   0.10688698E-02   0.78349626E-05   0.99364581E-03   0.00000000E+00
  8.   10.   0.74620926E-03  -0.74620926E-03   0.19872918E-02   0.00000000E+00
  8.   11.  -0.78349407E-05  -0.10688698E-02   0.99364589E-03   0.00000000E+00
  8.   12.  -0.75026495E-03  -0.76134525E-03  -0.99364594E-03   0.00000000E+00
  8.   13.  -0.10552993E-02   0.00000000E+00  -0.19872919E-02   0.00000000E+00
  8.   14.   0.70341019E-02   0.00000000E+00  -0.43142079E-01   0.00000000E+00
  8.   15.   0.51087163E-02  -0.54771474E-02  -0.21571040E-01   0.00000000E+00
  8.   16.   0.26052010E-03  -0.74853360E-02   0.21571040E-01   0.00000000E+00
  8.   17.  -0.49738612E-02  -0.49738612E-02   0.43142080E-01   0.00000000E+00
  8.   18.  -0.74853360E-02   0.26052007E-03   0.21571040E-01   0.00000000E+00
  8.   19.  -0.54771475E-02   0.51087163E-02  -0.21571039E-01   0.00000000E+00
  8.   20.  -0.15541167E-09   0.70341019E-02  -0.43142079E-01   0.00000000E+00
  8.   21.   0.54771473E-02   0.51087164E-02  -0.21571041E-01   0.00000000E+00
  8.   22.   0.74853360E-02   0.26052029E-03   0.21571039E-01   0.00000000E+00
  8.   23.   0.49738613E-02  -0.49738611E-02   0.43142079E-01   0.00000000E+00
  8.   24.  -0.26051993E-03  -0.74853360E-02   0.21571041E-01   0.00000000E+00
  8.   25.  -0.51087162E-02  -0.54771476E-02  -0.21571038E-01   0.00000000E+00
  8.   26.  -0.70341020E-02   0.00000000E+00  -0.43142080E-01   0.00000000E+00
  8.   27.   0.19564461E-01   0.00000000E+00  -0.20618440E+00   0.00000000E+00
  8.   28.   0.14709473E-01  -0.17100866E-01  -0.10309220E+00   0.00000000E+00
  8.   29.   0.16909697E-02  -0.22493306E-01   0.10309220E+00   0.00000000E+00
  8.   30.  -0.13834163E-01  -0.13834163E-01   0.20618440E+00   0.00000000E+00
  8.   31.  -0.22493306E-01   0.16909696E-02   0.10309220E+00   0.00000000E+00
  8.   32.  -0.17100866E-01   0.14709473E-01  -0.10309220E+00   0.00000000E+00
  8.   33.  -0.41867196E-09   0.19564461E-01  -0.20618440E+00   0.00000000E+00
  8.   34.   0.17100865E-01   0.14709474E-01  -0.10309220E+00   0.00000000E+00
  8.   35.   0.22493306E-01   0.16909702E-02   0.10309219E+00   0.00000000E+00
  8.   36.   0.13834163E-01  -0.13834162E-01   0.20618440E+00   0.00000000E+00
  8.   37.  -0.16909691E-02  -0.22493306E-01   0.10309221E+00   0.00000000E+00
  8.   38.  -0.14709473E-01  -0.17100866E-01  -0.10309219E+00   0.00000000E+00
  8.   39.  -0.19564461E-01   0.00000000E+00  -0.20618440E+00   0.00000000E+00
  8.   40.   0.32048594E-01   0.00000000E+00  -0.53313466E+00   0.00000000E+00
  8.   41.   0.25507477E-01  -0.33282072E-01  -0.26656733E+00   0.00000000E+00
  8.   42.   0.54974687E-02  -0.41570489E-01   0.26656733E+00   0.00000000E+00
  8.   43.  -0.22661778E-01  -0.22661778E-01   0.53313466E+00   0.00000000E+00
  8.   44.  -0.41570489E-01   0.54974684E-02   0.26656733E+00   0.00000000E+00
  8.   45.  -0.33282072E-01   0.25507477E-01  -0.26656732E+00   0.00000000E+00
  8.   46.  -0.79616073E-09   0.32048594E-01  -0.53313466E+00   0.00000000E+00
  8.   47.   0.33282071E-01   0.25507478E-01  -0.26656734E+00   0.00000000E+00
  8.   48.   0.41570489E-01   0.54974695E-02   0.26656731E+00   0.00000000E+00
  8.   49.   0.22661779E-01  -0.22661777E-01   0.53313466E+00   0.00000000E+00
  8.   50.  -0.54974677E-02  -0.41570489E-01   0.26656735E+00   0.00000000E+00
  8.   51.  -0.25507477E-01  -0.33282073E-01  -0.26656731E+00   0.00000000E+00
  8.   52.  -0.32048594E-01   0.00000000E+00  -0.53313466E+00   0.00000000E+00
  8.   53.   0.43094718E-01   0.00000000E+00  -0.99946599E+00   0.00000000E+00
  8.   54.   0.35284203E-01  -0.48429836E-01  -0.49973300E+00   0.00000000E+00
  8.   55.   0.92953665E-02  -0.59194765E-01   0.49973299E+00   0.00000000E+00
  8.   56.  -0.30472567E-01  -0.30472567E-01   0.99946599E+00   0.00000000E+00
  8.   57.  -0.59194765E-01   0.92953661E-02   0.49973300E+00   0.00000000E+00
  8.   58.  -0.48429837E-01   0.35284203E-01  -0.49973299E+00   0.00000000E+00
  8.   59.  -0.11511698E-08   0.43094718E-01  -0.99946599E+00   0.00000000E+00
  8.   60.   0.48429835E-01   0.35284203E-01  -0.49973302E+00   0.00000000E+00
  8.   61.   0.59194765E-01   0.92953675E-02   0.49973297E+00   0.00000000E+00
  8.   62.   0.30472568E-01  -0.30472566E-01   0.99946599E+00   0.00000000E+00
  8.   63.  -0.92953651E-02  -0.59194764E-01   0.49973303E+00   0.00000000E+00
  8.   64.  -0.35284202E-01  -0.48429838E-01  -0.49973296E+00   0.00000000E+00
  8.   65.  -0.43094718E-01   0.00000000E+00  -0.99946599E+00   0.00000000E+00
  8.   66.  -0.43094718E-01   0.00000000E+00  -0.99946599E+00   0.00000000E+00
  8.   67.  -0.35284203E-01   0.48429836E-01  -0.49973300E+00   0.00000000E+00
  8.   68.  -0.92953666E-02   0.59194765E-01   0.49973299E+00   0.00000000E+00
  8.   69.   0.30472567E-01   0.30472567E-01   0.99946599E+00   0.00000000E+00
  8.   70.   0.59194764E-01  -0.92953661E-02   0.49973300E+00   0.00000000E+00
  8.   71.   0.48429836E-01  -0.35284203E-01  -0.49973299E+00   0.00000000E+00
  8.   72.   0.11009798E-08  -0.43094718E-01  -0.99946599E+00   0.00000000E+00
  8.   73.  -0.48429835E-01  -0.35284203E-01  -0.49973302E+00   0.00000000E+00
  8.   74.  -0.59194765E-01  -0.92953675E-02   0.49973297E+00   0.00000000E+00
  8.   75.  -0.30472568E-01   0.30472566E-01   0.99946599E+00   0.00000000E+00
  8.   76.   0.92953651E-02   0.59194764E-01   0.49973303E+00   0.00000000E+00
  8.   77.   0.35284202E-01   0.48429837E-01  -0.49973296E+00   0.00000000E+00
  8.   78.   0.43094718E-01   0.00000000E+00  -0.99946599E+00   0.00000000E+00
  9.    1.   0.32725737E-03   0.00000000E+00  -0.43979000E-03   0.00000000E+00
  9.    2.   0.16431443E-03  -0.28597241E-03  -0.11382593E-03   0.00000000E+00
  9.    3.  -0.16294293E-03  -0.28460093E-03   0.38086956E-03   0.00000000E+00
  9.    4.  -0.32862884E-03   0.13714873E-05   0.31097873E-03   0.00000000E+00
  9.    5.  -0.16568591E-03   0.28460094E-03  -0.21989491E-03   0.00000000E+00
  9.    6.   0.16431442E-03   0.28322946E-03  -0.42480449E-03   0.00000000E+00
  9.    7.   0.33000033E-03   0.15907215E-10   0.14264584E-09   0.00000000E+00
  9.    8.   0.16431442E-03  -0.28322944E-03   0.42480478E-03   0.00000000E+00
  9.    9.  -0.16568591E-03  -0.28460093E-03   0.21989519E-03   0.00000000E+00
  9.   10.  -0.32862886E-03  -0.13714948E-05  -0.31097848E-03   0.00000000E+00
  9.   11.  -0.16294296E-03   0.28460093E-03  -0.38086936E-03   0.00000000E+00
  9.   12.   0.16431440E-03   0.28597242E-03   0.11382610E-03   0.00000000E+00
  9.   13.   0.32725735E-03   0.00000000E+00   0.43979019E-03   0.00000000E+00
  9.   14.   0.44516306E-02   0.00000000E+00  -0.21879303E-01   0.00000000E+00
  9.   15.   0.23199554E-02  -0.42065607E-02  -0.56627802E-02   0.00000000E+00
  9.   16.  -0.21316752E-02  -0.40182806E-02   0.18948032E-01   0.00000000E+00
  9.   17.  -0.46399107E-02   0.18828010E-03   0.15471003E-01   0.00000000E+00
  9.   18.  -0.25082356E-02   0.40182806E-02  -0.10939651E-01   0.00000000E+00
  9.   19.   0.23199553E-02   0.38300005E-02  -0.21133783E-01   0.00000000E+00
  9.   20.   0.48281909E-02   0.97992288E-10  -0.49541050E-09   0.00000000E+00
  9.   21.   0.23199555E-02  -0.38300003E-02   0.21133783E-01   0.00000000E+00
  9.   22.  -0.25082354E-02  -0.40182806E-02   0.10939652E-01   0.00000000E+00
  9.   23.  -0.46399108E-02  -0.18828029E-03  -0.15471003E-01   0.00000000E+00
  9.   24.  -0.21316754E-02   0.40182805E-02  -0.18948032E-01   0.00000000E+00
  9.   25.   0.23199552E-02   0.42065608E-02   0.56627790E-02   0.00000000E+00
  9.   26.   0.44516306E-02   0.00000000E+00   0.21879302E-01   0.00000000E+00
  9.   27.   0.17649491E-01   0.00000000E+00  -0.15212739E+00   0.00000000E+00
  9.   28.   0.98098056E-02  -0.18961202E-01  -0.39373466E-01   0.00000000E+00
  9.   29.  -0.78396852E-02  -0.16991082E-01   0.13174618E+00   0.00000000E+00
  9.   30.  -0.19619611E-01   0.19701201E-02   0.10757031E+00   0.00000000E+00
  9.   31.  -0.11779926E-01   0.16991082E-01  -0.76063694E-01   0.00000000E+00
  9.   32.   0.98098054E-02   0.15020961E-01  -0.14694378E+00   0.00000000E+00
  9.   33.   0.21589731E-01   0.35529457E-09  -0.39537152E-08   0.00000000E+00
  9.   34.   0.98098062E-02  -0.15020961E-01   0.14694377E+00   0.00000000E+00
  9.   35.  -0.11779925E-01  -0.16991082E-01   0.76063700E-01   0.00000000E+00
  9.   36.  -0.19619611E-01  -0.19701210E-02  -0.10757031E+00   0.00000000E+00
  9.   37.  -0.78396859E-02   0.16991081E-01  -0.13174619E+00   0.00000000E+00
  9.   38.   0.98098050E-02   0.18961202E-01   0.39373458E-01   0.00000000E+00
  9.   39.   0.17649491E-01   0.00000000E+00   0.15212739E+00   0.00000000E+00
  9.   40.   0.34106859E-01   0.00000000E+00  -0.47970983E+00   0.00000000E+00
  9.   41.   0.21079260E-01  -0.44562012E-01  -0.12415804E+00   0.00000000E+00
  9.   42.  -0.13027598E-01  -0.36510350E-01   0.41544090E+00   0.00000000E+00
  9.   43.  -0.42158521E-01   0.80516615E-02   0.33920608E+00   0.00000000E+00
  9.   44.  -0.29130923E-01   0.36510350E-01  -0.23985491E+00   0.00000000E+00
  9.   45.   0.21079260E-01   0.28458688E-01  -0.46336411E+00   0.00000000E+00
  9.   46.   0.50210183E-01   0.63376012E-09  -0.12601015E-07   0.00000000E+00
  9.   47.   0.21079262E-01  -0.28458687E-01   0.46336411E+00   0.00000000E+00
  9.   48.  -0.29130921E-01  -0.36510350E-01   0.23985493E+00   0.00000000E+00
  9.   49.  -0.42158521E-01  -0.80516633E-02  -0.33920606E+00   0.00000000E+00
  9.   50.  -0.13027600E-01   0.36510349E-01  -0.41544091E+00   0.00000000E+00
  9.   51.   0.21079259E-01   0.44562013E-01   0.12415801E+00   0.00000000E+00
  9.   52.   0.34106859E-01   0.00000000E+00   0.47970983E+00   0.00000000E+00
  9.   53.   0.50247943E-01   0.00000000E+00  -0.99913509E+00   0.00000000E+00
  9.   54.   0.32540388E-01  -0.71194440E-01  -0.25859519E+00   0.00000000E+00
  9.   55.  -0.17707555E-01  -0.56361606E-01   0.86527637E+00   0.00000000E+00
  9.   56.  -0.65080777E-01   0.14832833E-01   0.70649520E+00   0.00000000E+00
  9.   57.  -0.47373223E-01   0.56361606E-01  -0.49956753E+00   0.00000000E+00
  9.   58.   0.32540388E-01   0.41528773E-01  -0.96509039E+00   0.00000000E+00
  9.   59.   0.79913610E-01   0.89709088E-09  -0.26218552E-07   0.00000000E+00
  9.   60.   0.32540391E-01  -0.41528772E-01   0.96509037E+00   0.00000000E+00
  9.   61.  -0.47373220E-01  -0.56361606E-01   0.49956758E+00   0.00000000E+00
  9.   62.  -0.65080778E-01  -0.14832836E-01  -0.70649517E+00   0.00000000E+00
  9.   63.  -0.17707557E-01   0.56361604E-01  -0.86527639E+00   0.00000000E+00
  9.   64.   0.32540387E-01   0.71194441E-01   0.25859514E+00   0.00000000E+00
  9.   65.   0.50247943E-01   0.00000000E+00   0.99913509E+00   0.00000000E+00
  9.   66.  -0.50247943E-01   0.00000000E+00  -0.99913509E+00   0.00000000E+00
  9.   67.  -0.32540388E-01   0.71194440E-01  -0.25859519E+00   0.00000000E+00
  9.   68.   0.17707555E-01   0.56361606E-01   0.86527637E+00   0.00000000E+00
  9.   69.   0.65080777E-01  -0.14832833E-01   0.70649520E+00   0.00000000E+00
  9.   70.   0.47373222E-01  -0.56361606E-01  -0.49956753E+00   0.00000000E+00
  9.   71.  -0.32540388E-01  -0.41528773E-01  -0.96509039E+00   0.00000000E+00
  9.   72.  -0.79913610E-01  -0.89965283E-09  -0.26218638E-07   0.00000000E+00
  9.   73.  -0.32540391E-01   0.41528772E-01   0.96509037E+00   0.00000000E+00
  9.   74.   0.47373220E-01   0.56361606E-01   0.49956758E+00   0.00000000E+00
  9.   75.   0.65080778E-01   0.14832836E-01  -0.70649517E+00   0.00000000E+00
  9.   76.   0.17707557E-01  -0.56361604E-01  -0.86527639E+00   0.00000000E+00
  9.   77.  -0.32540387E-01  -0.71194441E-01   0.25859514E+00   0.00000000E+00
  9.   78.  -0.50247943E-01   0.00000000E+00   0.99913509E+00   0.00000000E+00
 10.    1.  -0.41813143E-01   0.00000000E+00   0.30655116E+00   0.00000000E+00
 10.    2.  -0.43089539E-01   0.20902849E-01   0.26548109E+00   0.00000000E+00
 10.    3.  -0.45249452E-01   0.36561207E-01   0.15327558E+00   0.00000000E+00
 10.    4.  -0.44325689E-01   0.44325688E-01   0.14717709E-08   0.00000000E+00
 10.    5.  -0.36561207E-01   0.45249452E-01  -0.15327558E+00   0.00000000E+00
 10.    6.  -0.20902849E-01   0.43089539E-01  -0.26548109E+00   0.00000000E+00
 10.    7.  -0.44665504E-09   0.41813143E-01  -0.30655116E+00   0.00000000E+00
 10.    8.   0.20902848E-01   0.43089539E-01  -0.26548110E+00   0.00000000E+00
 10.    9.   0.36561206E-01   0.45249452E-01  -0.15327558E+00   0.00000000E+00
 10.   10.   0.44325688E-01   0.44325689E-01  -0.49316530E-08   0.00000000E+00
 10.   11.   0.45249452E-01   0.36561207E-01   0.15327558E+00   0.00000000E+00
 10.   12.   0.43089540E-01   0.20902850E-01   0.26548109E+00   0.00000000E+00
 10.   13.   0.41813143E-01   0.00000000E+00   0.30655116E+00   0.00000000E+00
 10.   14.  -0.34401901E-01   0.00000000E+00   0.86156759E+00   0.00000000E+00
 10.   15.  -0.38607739E-01   0.28975039E-01   0.74613942E+00   0.00000000E+00
 10.   16.  -0.47788241E-01   0.48369759E-01   0.43078379E+00   0.00000000E+00
 10.   17.  -0.53712052E-01   0.53712052E-01   0.43653932E-08   0.00000000E+00
 10.   18.  -0.48369759E-01   0.47788241E-01  -0.43078379E+00   0.00000000E+00
 10.   19.  -0.28975039E-01   0.38607739E-01  -0.74613942E+00   0.00000000E+00
 10.   20.  -0.62415188E-09   0.34401901E-01  -0.86156759E+00   0.00000000E+00
 10.   21.   0.28975038E-01   0.38607739E-01  -0.74613942E+00   0.00000000E+00
 10.   22.   0.48369759E-01   0.47788240E-01  -0.43078381E+00   0.00000000E+00
 10.   23.   0.53712052E-01   0.53712052E-01  -0.13617537E-07   0.00000000E+00
 10.   24.   0.47788241E-01   0.48369760E-01   0.43078378E+00   0.00000000E+00
 10.   25.   0.38607739E-01   0.28975040E-01   0.74613941E+00   0.00000000E+00
 10.   26.   0.34401901E-01   0.00000000E+00   0.86156759E+00   0.00000000E+00
 10.   27.   0.30150634E-01   0.00000000E+00   0.91956206E+00   0.00000000E+00
 10.   28.   0.18478884E-01   0.31921854E-01   0.79636410E+00   0.00000000E+00
 10.   29.  -0.95056158E-02   0.46614843E-01   0.45978103E+00   0.00000000E+00
 10.   30.  -0.36842323E-01   0.36842324E-01   0.47287836E-08   0.00000000E+00
 10.   31.  -0.46614843E-01   0.95056162E-02  -0.45978103E+00   0.00000000E+00
 10.   32.  -0.31921855E-01  -0.18478883E-01  -0.79636410E+00   0.00000000E+00
 10.   33.  -0.70998639E-09  -0.30150634E-01  -0.91956206E+00   0.00000000E+00
 10.   34.   0.31921854E-01  -0.18478884E-01  -0.79636411E+00   0.00000000E+00
 10.   35.   0.46614843E-01   0.95056149E-02  -0.45978104E+00   0.00000000E+00
 10.   36.   0.36842324E-01   0.36842323E-01  -0.14511924E-07   0.00000000E+00
 10.   37.   0.95056171E-02   0.46614844E-01   0.45978101E+00   0.00000000E+00
 10.   38.  -0.18478883E-01   0.31921856E-01   0.79636409E+00   0.00000000E+00
 10.   39.  -0.30150634E-01   0.00000000E+00   0.91956206E+00   0.00000000E+00
 10.   40.   0.84959106E-01   0.00000000E+00   0.14935190E+00   0.00000000E+00
 10.   41.   0.70275206E-01   0.22008070E-01   0.12934254E+00   0.00000000E+00
 10.   42.   0.34130019E-01   0.25844178E-01   0.74675950E-01   0.00000000E+00
 10.   43.  -0.43410713E-02   0.43410719E-02   0.85684908E-09   0.00000000E+00
 10.   44.  -0.25844178E-01  -0.34130019E-01  -0.74675949E-01   0.00000000E+00
 10.   45.  -0.22008070E-01  -0.70275206E-01  -0.12934254E+00   0.00000000E+00
 10.   46.  -0.51283396E-09  -0.84959106E-01  -0.14935190E+00   0.00000000E+00
 10.   47.   0.22008069E-01  -0.70275207E-01  -0.12934254E+00   0.00000000E+00
 10.   48.   0.25844179E-01  -0.34130021E-01  -0.74675951E-01   0.00000000E+00
 10.   49.   0.43410726E-02   0.43410706E-02  -0.23971999E-08   0.00000000E+00
 10.   50.  -0.34130018E-01   0.25844178E-01   0.74675947E-01   0.00000000E+00
 10.   51.  -0.70275205E-01   0.22008070E-01   0.12934254E+00   0.00000000E+00
 10.   52.  -0.84959106E-01   0.00000000E+00   0.14935190E+00   0.00000000E+00
 10.   53.   0.92319156E-01   0.00000000E+00  -0.99616497E+00   0.00000000E+00
 10.   54.   0.81166783E-01   0.59873566E-02  -0.86270417E+00   0.00000000E+00
 10.   55.   0.53159883E-01   0.24353843E-03  -0.49808249E+00   0.00000000E+00
 10.   56.   0.21530224E-01  -0.21530223E-01  -0.49333781E-08   0.00000000E+00
 10.   57.  -0.24353829E-03  -0.53159882E-01   0.49808248E+00   0.00000000E+00
 10.   58.  -0.59873566E-02  -0.81166783E-01   0.86270417E+00   0.00000000E+00
 10.   59.  -0.16043313E-09  -0.92319156E-01   0.99616497E+00   0.00000000E+00
 10.   60.   0.59873565E-02  -0.81166784E-01   0.86270418E+00   0.00000000E+00
 10.   61.   0.24353882E-03  -0.53159884E-01   0.49808250E+00   0.00000000E+00
 10.   62.  -0.21530223E-01  -0.21530224E-01   0.15601425E-07   0.00000000E+00
 10.   63.  -0.53159881E-01   0.24353789E-03  -0.49808247E+00   0.00000000E+00
 10.   64.  -0.81166783E-01   0.59873566E-02  -0.86270416E+00   0.00000000E+00
 10.   65.  -0.92319156E-01   0.00000000E+00  -0.99616497E+00   0.00000000E+00
 10.   66.  -0.92319156E-01   0.00000000E+00  -0.99616497E+00   0.00000000E+00
 10.   67.  -0.81166783E-01  -0.59873566E-02  -0.86270417E+00   0.00000000E+00
 10.   68.  -0.53159883E-01  -0.24353843E-03  -0.49808249E+00   0.00000000E+00
 10.   69.  -0.21530224E-01   0.21530223E-01  -0.49335053E-08   0.00000000E+00
 10.   70.   0.24353828E-03   0.53159882E-01   0.49808248E+00   0.00000000E+00
 10.   71.   0.59873566E-02   0.81166783E-01   0.86270417E+00   0.00000000E+00
 10.   72.   0.14396103E-09   0.92319156E-01   0.99616497E+00   0.00000000E+00
 10.   73.  -0.59873565E-02   0.81166784E-01   0.86270418E+00   0.00000000E+00
 10.   74.  -0.24353883E-03   0.53159884E-01   0.49808250E+00   0.00000000E+00
 10.   75.   0.21530223E-01   0.21530224E-01   0.15601169E-07   0.00000000E+00
 10.   76.   0.53159881E-01  -0.24353789E-03  -0.49808247E+00   0.00000000E+00
 10.   77.   0.81166783E-01  -0.59873566E-02  -0.86270416E+00   0.00000000E+00
 10.   78.   0.92319156E-01   0.00000000E+00  -0.99616497E+00   0.00000000E+00
 11.    1.   0.75466587E-01   0.00000000E+00   0.99887163E+00   0.00000000E+00
 11.    2.   0.72895126E-01   0.19532190E-01   0.99887163E+00   0.00000000E+00
 11.    3.   0.65355982E-01   0.37733294E-01   0.99887163E+00   0.00000000E+00
 11.    4.   0.53362936E-01   0.53362936E-01   0.99887163E+00   0.00000000E+00
 11.    5.   0.37733294E-01   0.65355982E-01   0.99887163E+00   0.00000000E+00
 11.    6.   0.19532190E-01   0.72895126E-01   0.99887163E+00   0.00000000E+00
 11.    7.   0.39676037E-09   0.75466587E-01   0.99887163E+00   0.00000000E+00
 11.    8.  -0.19532190E-01   0.72895126E-01   0.99887163E+00   0.00000000E+00
 11.    9.  -0.37733293E-01   0.65355982E-01   0.99887163E+00   0.00000000E+00
 11.   10.  -0.53362935E-01   0.53362936E-01   0.99887163E+00   0.00000000E+00
 11.   11.  -0.65355981E-01   0.37733294E-01   0.99887163E+00   0.00000000E+00
 11.   12.  -0.72895126E-01   0.19532191E-01   0.99887163E+00   0.00000000E+00
 11.   13.  -0.75466587E-01   0.00000000E+00   0.99887163E+00   0.00000000E+00
 11.   14.   0.60257231E-01   0.00000000E+00   0.13396568E+00   0.00000000E+00
 11.   15.   0.58204015E-01   0.15595719E-01   0.13396568E+00   0.00000000E+00
 11.   16.   0.52184292E-01   0.30128615E-01   0.13396568E+00   0.00000000E+00
 11.   17.   0.42608296E-01   0.42608296E-01   0.13396568E+00   0.00000000E+00
 11.   18.   0.30128615E-01   0.52184292E-01   0.13396568E+00   0.00000000E+00
 11.   19.   0.15595719E-01   0.58204015E-01   0.13396568E+00   0.00000000E+00
 11.   20.   0.31842383E-09   0.60257231E-01   0.13396568E+00   0.00000000E+00
 11.   21.  -0.15595718E-01   0.58204015E-01   0.13396568E+00   0.00000000E+00
 11.   22.  -0.30128615E-01   0.52184293E-01   0.13396568E+00   0.00000000E+00
 11.   23.  -0.42608296E-01   0.42608297E-01   0.13396568E+00   0.00000000E+00
 11.   24.  -0.52184292E-01   0.30128616E-01   0.13396568E+00   0.00000000E+00
 11.   25.  -0.58204015E-01   0.15595719E-01   0.13396568E+00   0.00000000E+00
 11.   26.  -0.60257231E-01   0.00000000E+00   0.13396568E+00   0.00000000E+00
 11.   27.   0.10195055E-01   0.00000000E+00  -0.34234009E+00   0.00000000E+00
 11.   28.   0.98476671E-02   0.26386745E-02  -0.34234009E+00   0.00000000E+00
 11.   29.   0.88291768E-02   0.50975276E-02  -0.34234009E+00   0.00000000E+00
 11.   30.   0.72089927E-02   0.72089927E-02  -0.34234009E+00   0.00000000E+00
 11.   31.   0.50975276E-02   0.88291768E-02  -0.34234009E+00   0.00000000E+00
 11.   32.   0.26386745E-02   0.98476671E-02  -0.34234009E+00   0.00000000E+00
 11.   33.   0.54056391E-10   0.10195055E-01  -0.34234009E+00   0.00000000E+00
 11.   34.  -0.26386744E-02   0.98476672E-02  -0.34234009E+00   0.00000000E+00
 11.   35.  -0.50975275E-02   0.88291769E-02  -0.34234009E+00   0.00000000E+00
 11.   36.  -0.72089926E-02   0.72089927E-02  -0.34234009E+00   0.00000000E+00
 11.   37.  -0.88291768E-02   0.50975277E-02  -0.34234009E+00   0.00000000E+00
 11.   38.  -0.98476671E-02   0.26386746E-02  -0.34234009E+00   0.00000000E+00
 11.   39.  -0.10195055E-01   0.00000000E+00  -0.34234009E+00   0.00000000E+00
 11.   40.  -0.38603541E-01   0.00000000E+00  -0.13007268E+00   0.00000000E+00
 11.   41.  -0.37288157E-01  -0.99913316E-02  -0.13007268E+00   0.00000000E+00
 11.   42.  -0.33431647E-01  -0.19301771E-01  -0.13007268E+00   0.00000000E+00
 11.   43.  -0.27296826E-01  -0.27296826E-01  -0.13007268E+00   0.00000000E+00
 11.   44.  -0.19301771E-01  -0.33431647E-01  -0.13007268E+00   0.00000000E+00
 11.   45.  -0.99913317E-02  -0.37288157E-01  -0.13007268E+00   0.00000000E+00
 11.   46.  -0.20236036E-09  -0.38603541E-01  -0.13007268E+00   0.00000000E+00
 11.   47.   0.99913314E-02  -0.37288157E-01  -0.13007268E+00   0.00000000E+00
 11.   48.   0.19301770E-01  -0.33431647E-01  -0.13007268E+00   0.00000000E+00
 11.   49.   0.27296825E-01  -0.27296826E-01  -0.13007268E+00   0.00000000E+00
 11.   50.   0.33431647E-01  -0.19301771E-01  -0.13007268E+00   0.00000000E+00
 11.   51.   0.37288157E-01  -0.99913320E-02  -0.13007268E+00   0.00000000E+00
 11.   52.   0.38603541E-01   0.00000000E+00  -0.13007268E+00   0.00000000E+00
 11.   53.  -0.47445445E-01   0.00000000E+00   0.44535593E+00   0.00000000E+00
 11.   54.  -0.45828781E-01  -0.12279785E-01   0.44535593E+00   0.00000000E+00
 11.   55.  -0.41088961E-01  -0.23722723E-01   0.44535593E+00   0.00000000E+00
 11.   56.  -0.33548996E-01  -0.33548996E-01   0.44535593E+00   0.00000000E+00
 11.   57.  -0.23722723E-01  -0.41088961E-01   0.44535593E+00   0.00000000E+00
 11.   58.  -0.12279785E-01  -0.45828781E-01   0.44535593E+00   0.00000000E+00
 11.   59.  -0.25188045E-09  -0.47445445E-01   0.44535593E+00   0.00000000E+00
 11.   60.   0.12279784E-01  -0.45828781E-01   0.44535593E+00   0.00000000E+00
 11.   61.   0.23722722E-01  -0.41088961E-01   0.44535593E+00   0.00000000E+00
 11.   62.   0.33548996E-01  -0.33548996E-01   0.44535593E+00   0.00000000E+00
 11.   63.   0.41088960E-01  -0.23722723E-01   0.44535593E+00   0.00000000E+00
 11.   64.   0.45828781E-01  -0.12279785E-01   0.44535593E+00   0.00000000E+00
 11.   65.   0.47445445E-01   0.00000000E+00   0.44535593E+00   0.00000000E+00
 11.   66.   0.47445445E-01   0.00000000E+00   0.44535593E+00   0.00000000E+00
 11.   67.   0.45828781E-01   0.12279785E-01   0.44535593E+00   0.00000000E+00
 11.   68.   0.41088961E-01   0.23722723E-01   0.44535593E+00   0.00000000E+00
 11.   69.   0.33548996E-01   0.33548996E-01   0.44535593E+00   0.00000000E+00
 11.   70.   0.23722723E-01   0.41088961E-01   0.44535593E+00   0.00000000E+00
 11.   71.   0.12279785E-01   0.45828781E-01   0.44535593E+00   0.00000000E+00
 11.   72.   0.25922106E-09   0.47445445E-01   0.44535593E+00   0.00000000E+00
 11.   73.  -0.12279784E-01   0.45828781E-01   0.44535593E+00   0.00000000E+00
 11.   74.  -0.23722722E-01   0.41088961E-01   0.44535593E+00   0.00000000E+00
 11.   75.  -0.33548996E-01   0.33548996E-01   0.44535593E+00   0.00000000E+00
 11.   76.  -0.41088960E-01   0.23722723E-01   0.44535593E+00   0.00000000E+00
 11.   77.  -0.45828781E-01   0.12279785E-01   0.44535593E+00   0.00000000E+00
 11.   78.  -0.47445445E-01   0.00000000E+00   0.44535593E+00   0.00000000E+00
 12.    1.  -0.97168938E-04   0.00000000E+00   0.96627410E-04   0.00000000E+00
 12.    2.  -0.25126366E-04   0.93772884E-04   0.27623123E-10   0.00000000E+00
 12.    3.   0.84150772E-04   0.48584471E-04  -0.96627354E-04   0.00000000E+00
 12.    4.   0.68646518E-04  -0.68646514E-04   0.28414093E-10   0.00000000E+00
 12.    5.  -0.48584468E-04  -0.84150769E-04   0.96627413E-04   0.00000000E+00
 12.    6.  -0.93772884E-04   0.25126370E-04   0.34608546E-10   0.00000000E+00
 12.    7.  -0.20910047E-11   0.97168943E-04  -0.96627345E-04   0.00000000E+00
 12.    8.   0.93772884E-04   0.25126377E-04   0.40542313E-10   0.00000000E+00
 12.    9.   0.48584472E-04  -0.84150762E-04   0.96627438E-04   0.00000000E+00
 12.   10.  -0.68646516E-04  -0.68646513E-04   0.72295122E-10   0.00000000E+00
 12.   11.  -0.84150777E-04   0.48584470E-04  -0.96627305E-04   0.00000000E+00
 12.   12.   0.25126359E-04   0.93772888E-04   0.76844218E-10   0.00000000E+00
 12.   13.   0.97168934E-04   0.00000000E+00   0.96627468E-04   0.00000000E+00
 12.   14.  -0.27147667E-02   0.00000000E+00   0.11167756E-01   0.00000000E+00
 12.   15.  -0.76304360E-03   0.28477175E-02  -0.48615434E-11   0.00000000E+00
 12.   16.   0.23510569E-02   0.13573833E-02  -0.11167756E-01   0.00000000E+00
 12.   17.   0.20846739E-02  -0.20846739E-02  -0.16533803E-09   0.00000000E+00
 12.   18.  -0.13573833E-02  -0.23510569E-02   0.11167756E-01   0.00000000E+00
 12.   19.  -0.28477175E-02   0.76304357E-03   0.16954424E-09   0.00000000E+00
 12.   20.  -0.81259352E-10   0.27147667E-02  -0.11167756E-01   0.00000000E+00
 12.   21.   0.28477175E-02   0.76304371E-03  -0.54877683E-09   0.00000000E+00
 12.   22.   0.13573834E-02  -0.23510568E-02   0.11167756E-01   0.00000000E+00
 12.   23.  -0.20846738E-02  -0.20846740E-02   0.53250410E-09   0.00000000E+00
 12.   24.  -0.23510570E-02   0.13573832E-02  -0.11167756E-01   0.00000000E+00
 12.   25.   0.76304346E-03   0.28477175E-02  -0.65236663E-09   0.00000000E+00
 12.   26.   0.27147666E-02   0.00000000E+00   0.11167756E-01   0.00000000E+00
 12.   27.  -0.15469806E-01   0.00000000E+00   0.11287336E+00   0.00000000E+00
 12.   28.  -0.49597724E-02   0.18510123E-01   0.22562338E-11   0.00000000E+00
 12.   29.   0.13397245E-01   0.77349028E-02  -0.11287336E+00   0.00000000E+00
 12.   30.   0.13550350E-01  -0.13550350E-01  -0.16962640E-08   0.00000000E+00
 12.   31.  -0.77349025E-02  -0.13397245E-01   0.11287336E+00   0.00000000E+00
 12.   32.  -0.18510123E-01   0.49597722E-02   0.17868434E-08   0.00000000E+00
 12.   33.  -0.52545060E-09   0.15469806E-01  -0.11287336E+00   0.00000000E+00
 12.   34.   0.18510123E-01   0.49597730E-02  -0.53347048E-08   0.00000000E+00
 12.   35.   0.77349034E-02  -0.13397244E-01   0.11287336E+00   0.00000000E+00
 12.   36.  -0.13550350E-01  -0.13550351E-01   0.53234223E-08   0.00000000E+00
 12.   37.  -0.13397245E-01   0.77349019E-02  -0.11287336E+00   0.00000000E+00
 12.   38.   0.49597717E-02   0.18510123E-01  -0.70446299E-08   0.00000000E+00
 12.   39.   0.15469805E-01   0.00000000E+00   0.11287336E+00   0.00000000E+00
 12.   40.  -0.35479248E-01   0.00000000E+00   0.43396051E+00   0.00000000E+00
 12.   41.  -0.14066901E-01   0.52498388E-01   0.96353374E-10   0.00000000E+00
 12.   42.   0.30725930E-01   0.17739624E-01  -0.43396051E+00   0.00000000E+00
 12.   43.   0.38431487E-01  -0.38431487E-01  -0.65643952E-08   0.00000000E+00
 12.   44.  -0.17739624E-01  -0.30725931E-01   0.43396051E+00   0.00000000E+00
 12.   45.  -0.52498388E-01   0.14066900E-01   0.69102883E-08   0.00000000E+00
 12.   46.  -0.15235026E-08   0.35479248E-01  -0.43396051E+00   0.00000000E+00
 12.   47.   0.52498387E-01   0.14066902E-01  -0.20286129E-07   0.00000000E+00
 12.   48.   0.17739626E-01  -0.30725929E-01   0.43396051E+00   0.00000000E+00
 12.   49.  -0.38431486E-01  -0.38431488E-01   0.20571511E-07   0.00000000E+00
 12.   50.  -0.30725932E-01   0.17739622E-01  -0.43396051E+00   0.00000000E+00
 12.   51.   0.14066899E-01   0.52498388E-01  -0.27083683E-07   0.00000000E+00
 12.   52.   0.35479248E-01   0.00000000E+00   0.43396051E+00   0.00000000E+00
 12.   53.  -0.57081680E-01   0.00000000E+00   0.99873417E+00   0.00000000E+00
 12.   54.  -0.24575159E-01   0.91715742E-01   0.26403696E-09   0.00000000E+00
 12.   55.   0.49434185E-01   0.28540840E-01  -0.99873417E+00   0.00000000E+00
 12.   56.   0.67140584E-01  -0.67140583E-01  -0.15144865E-07   0.00000000E+00
 12.   57.  -0.28540839E-01  -0.49434186E-01   0.99873417E+00   0.00000000E+00
 12.   58.  -0.91715743E-01   0.24575158E-01   0.15883474E-07   0.00000000E+00
 12.   59.  -0.26839755E-08   0.57081680E-01  -0.99873417E+00   0.00000000E+00
 12.   60.   0.91715742E-01   0.24575161E-01  -0.46591736E-07   0.00000000E+00
 12.   61.   0.28540843E-01  -0.49434183E-01   0.99873417E+00   0.00000000E+00
 12.   62.  -0.67140582E-01  -0.67140585E-01   0.47414194E-07   0.00000000E+00
 12.   63.  -0.49434187E-01   0.28540835E-01  -0.99873417E+00   0.00000000E+00
 12.   64.   0.24575157E-01   0.91715743E-01  -0.62277579E-07   0.00000000E+00
 12.   65.   0.57081680E-01   0.00000000E+00   0.99873417E+00   0.00000000E+00
 12.   66.   0.57081680E-01   0.00000000E+00   0.99873417E+00   0.00000000E+00
 12.   67.   0.24575159E-01  -0.91715742E-01   0.26400544E-09   0.00000000E+00
 12.   68.  -0.49434185E-01  -0.28540840E-01  -0.99873417E+00   0.00000000E+00
 12.   69.  -0.67140584E-01   0.67140583E-01  -0.15144908E-07   0.00000000E+00
 12.   70.   0.28540839E-01   0.49434186E-01   0.99873417E+00   0.00000000E+00
 12.   71.   0.91715743E-01  -0.24575158E-01   0.15883384E-07   0.00000000E+00
 12.   72.   0.26822791E-08  -0.57081680E-01  -0.99873417E+00   0.00000000E+00
 12.   73.  -0.91715742E-01  -0.24575161E-01  -0.46591809E-07   0.00000000E+00
 12.   74.  -0.28540843E-01   0.49434183E-01   0.99873417E+00   0.00000000E+00
 12.   75.   0.67140582E-01   0.67140585E-01   0.47414273E-07   0.00000000E+00
 12.   76.   0.49434187E-01  -0.28540835E-01  -0.99873417E+00   0.00000000E+00
 12.   77.  -0.24575157E-01  -0.91715743E-01  -0.62277466E-07   0.00000000E+00
 12.   78.  -0.57081680E-01   0.00000000E+00   0.99873417E+00   0.00000000E+00
 13.    1.  -0.25650373E-01   0.00000000E+00   0.98588349E-01   0.00000000E+00
 13.    2.  -0.23592829E-01   0.17971514E-01   0.69712490E-01   0.00000000E+00
 13.    3.  -0.16592560E-01   0.28739156E-01   0.18625208E-09   0.00000000E+00
 13.    4.  -0.37673734E-02   0.29417746E-01  -0.69712489E-01   0.00000000E+00
 13.    5.   0.12825186E-01   0.22213875E-01  -0.98588349E-01   0.00000000E+00
 13.    6.   0.27360202E-01   0.11446232E-01  -0.69712491E-01   0.00000000E+00
 13.    7.   0.33185119E-01   0.22292813E-09  -0.15593583E-08   0.00000000E+00
 13.    8.   0.27360202E-01  -0.11446232E-01   0.69712488E-01   0.00000000E+00
 13.    9.   0.12825187E-01  -0.22213874E-01   0.98588349E-01   0.00000000E+00
 13.   10.  -0.37673728E-02  -0.29417746E-01   0.69712492E-01   0.00000000E+00
 13.   11.  -0.16592559E-01  -0.28739157E-01   0.29246291E-08   0.00000000E+00
 13.   12.  -0.23592829E-01  -0.17971515E-01  -0.69712488E-01   0.00000000E+00
 13.   13.  -0.25650373E-01   0.00000000E+00  -0.98588349E-01   0.00000000E+00
 13.   14.  -0.49600836E-01   0.00000000E+00   0.60843636E+00   0.00000000E+00
 13.   15.  -0.48547258E-01   0.45668828E-01   0.43022947E+00   0.00000000E+00
 13.   16.  -0.40077154E-01   0.69415668E-01   0.64203919E-09   0.00000000E+00
 13.   17.  -0.15276737E-01   0.64877572E-01  -0.43022947E+00   0.00000000E+00
 13.   18.   0.24800417E-01   0.42955584E-01  -0.60843636E+00   0.00000000E+00
 13.   19.   0.63823994E-01   0.19208744E-01  -0.43022948E+00   0.00000000E+00
 13.   20.   0.80154309E-01   0.35862062E-09  -0.95849964E-08   0.00000000E+00
 13.   21.   0.63823995E-01  -0.19208744E-01   0.43022946E+00   0.00000000E+00
 13.   22.   0.24800419E-01  -0.42955583E-01   0.60843636E+00   0.00000000E+00
 13.   23.  -0.15276735E-01  -0.64877572E-01   0.43022948E+00   0.00000000E+00
 13.   24.  -0.40077154E-01  -0.69415668E-01   0.18423716E-07   0.00000000E+00
 13.   25.  -0.48547257E-01  -0.45668830E-01  -0.43022946E+00   0.00000000E+00
 13.   26.  -0.49600836E-01   0.00000000E+00  -0.60843636E+00   0.00000000E+00
 13.   27.   0.60762467E-02   0.00000000E+00   0.97795095E+00   0.00000000E+00
 13.   28.  -0.11005409E-01   0.57673359E-01   0.69151575E+00   0.00000000E+00
 13.   29.  -0.41405766E-01   0.71716890E-01   0.94307576E-09   0.00000000E+00
 13.   30.  -0.44443890E-01   0.38367643E-01  -0.69151574E+00   0.00000000E+00
 13.   31.  -0.30381239E-02  -0.52621837E-02  -0.97795095E+00   0.00000000E+00
 13.   32.   0.55449297E-01  -0.19305716E-01  -0.69151575E+00   0.00000000E+00
 13.   33.   0.82811532E-01  -0.53591928E-09  -0.15370778E-07   0.00000000E+00
 13.   34.   0.55449299E-01   0.19305716E-01   0.69151573E+00   0.00000000E+00
 13.   35.  -0.30381216E-02   0.52621850E-02   0.97795095E+00   0.00000000E+00
 13.   36.  -0.44443889E-01  -0.38367641E-01   0.69151576E+00   0.00000000E+00
 13.   37.  -0.41405767E-01  -0.71716890E-01   0.29686015E-07   0.00000000E+00
 13.   38.  -0.11005410E-01  -0.57673360E-01  -0.69151573E+00   0.00000000E+00
 13.   39.   0.60762467E-02   0.00000000E+00  -0.97795095E+00   0.00000000E+00
 13.   40.   0.91489951E-01   0.00000000E+00   0.32148178E+00   0.00000000E+00
 13.   41.   0.58843860E-01   0.30346922E-01   0.22732195E+00   0.00000000E+00
 13.   42.  -0.99581595E-02   0.17248038E-01   0.26296769E-09   0.00000000E+00
 13.   43.  -0.55703135E-01  -0.35786816E-01  -0.22732194E+00   0.00000000E+00
 13.   44.  -0.45744976E-01  -0.79232622E-01  -0.32148178E+00   0.00000000E+00
 13.   45.  -0.31407246E-02  -0.66133739E-01  -0.22732195E+00   0.00000000E+00
 13.   46.   0.19916319E-01  -0.15390555E-08  -0.50523445E-08   0.00000000E+00
 13.   47.  -0.31407229E-02   0.66133737E-01   0.22732194E+00   0.00000000E+00
 13.   48.  -0.45744975E-01   0.79232623E-01   0.32148178E+00   0.00000000E+00
 13.   49.  -0.55703136E-01   0.35786818E-01   0.22732195E+00   0.00000000E+00
 13.   50.  -0.99581622E-02  -0.17248037E-01   0.97452848E-08   0.00000000E+00
 13.   51.   0.58843857E-01  -0.30346923E-01  -0.22732194E+00   0.00000000E+00
 13.   52.   0.91489951E-01   0.00000000E+00  -0.32148178E+00   0.00000000E+00
 13.   53.   0.10919379E+00   0.00000000E+00  -0.99995247E+00   0.00000000E+00
 13.   54.   0.82800535E-01  -0.10692818E-01  -0.70707317E+00   0.00000000E+00
 13.   55.   0.22456881E-01  -0.38896458E-01  -0.10260171E-08   0.00000000E+00
 13.   56.  -0.32140015E-01  -0.77053776E-01   0.70707317E+00   0.00000000E+00
 13.   57.  -0.54596896E-01  -0.94564597E-01   0.99995247E+00   0.00000000E+00
 13.   58.  -0.50660520E-01  -0.66360958E-01   0.70707318E+00   0.00000000E+00
 13.   59.  -0.44913761E-01  -0.14739933E-08   0.15642820E-07   0.00000000E+00
 13.   60.  -0.50660520E-01   0.66360956E-01  -0.70707315E+00   0.00000000E+00
 13.   61.  -0.54596896E-01   0.94564597E-01  -0.99995247E+00   0.00000000E+00
 13.   62.  -0.32140016E-01   0.77053777E-01  -0.70707319E+00   0.00000000E+00
 13.   63.   0.22456878E-01   0.38896459E-01  -0.30400172E-07   0.00000000E+00
 13.   64.   0.82800533E-01   0.10692819E-01   0.70707315E+00   0.00000000E+00
 13.   65.   0.10919379E+00   0.00000000E+00   0.99995247E+00   0.00000000E+00
 13.   66.  -0.10919379E+00   0.00000000E+00  -0.99995247E+00   0.00000000E+00
 13.   67.  -0.82800535E-01   0.10692818E-01  -0.70707317E+00   0.00000000E+00
 13.   68.  -0.22456881E-01   0.38896458E-01  -0.10254938E-08   0.00000000E+00
 13.   69.   0.32140015E-01   0.77053776E-01   0.70707317E+00   0.00000000E+00
 13.   70.   0.54596896E-01   0.94564597E-01   0.99995247E+00   0.00000000E+00
 13.   71.   0.50660520E-01   0.66360958E-01   0.70707318E+00   0.00000000E+00
 13.   72.   0.44913761E-01   0.14745784E-08   0.15641785E-07   0.00000000E+00
 13.   73.   0.50660520E-01  -0.66360956E-01  -0.70707315E+00   0.00000000E+00
 13.   74.   0.54596896E-01  -0.94564597E-01  -0.99995247E+00   0.00000000E+00
 13.   75.   0.32140016E-01  -0.77053777E-01  -0.70707319E+00   0.00000000E+00
 13.   76.  -0.22456878E-01  -0.38896459E-01  -0.30401039E-07   0.00000000E+00
 13.   77.  -0.82800533E-01  -0.10692819E-01   0.70707315E+00   0.00000000E+00
 13.   78.  -0.10919379E+00   0.00000000E+00   0.99995247E+00   0.00000000E+00
 14.    1.  -0.34069858E-01   0.00000000E+00  -0.99822494E+00   0.00000000E+00
 14.    2.  -0.26026797E-01  -0.30017113E-01  -0.96421125E+00   0.00000000E+00
 14.    3.  -0.40527456E-02  -0.51991165E-01  -0.86448815E+00   0.00000000E+00
 14.    4.   0.25964367E-01  -0.60034226E-01  -0.70585162E+00   0.00000000E+00
 14.    5.   0.55981480E-01  -0.51991165E-01  -0.49911247E+00   0.00000000E+00
 14.    6.   0.77955532E-01  -0.30017113E-01  -0.25835963E+00   0.00000000E+00
 14.    7.   0.85998593E-01  -0.62354508E-09  -0.52091928E-08   0.00000000E+00
 14.    8.   0.77955532E-01   0.30017112E-01   0.25835962E+00   0.00000000E+00
 14.    9.   0.55981481E-01   0.51991164E-01   0.49911246E+00   0.00000000E+00
 14.   10.   0.25964368E-01   0.60034226E-01   0.70585162E+00   0.00000000E+00
 14.   11.  -0.40527445E-02   0.51991165E-01   0.86448815E+00   0.00000000E+00
 14.   12.  -0.26026797E-01   0.30017114E-01   0.96421124E+00   0.00000000E+00
 14.   13.  -0.34069858E-01   0.00000000E+00   0.99822494E+00   0.00000000E+00
 14.   14.  -0.64455740E-01   0.00000000E+00  -0.43730042E+00   0.00000000E+00
 14.   15.  -0.58849752E-01  -0.20921835E-01  -0.42239977E+00   0.00000000E+00
 14.   16.  -0.43533905E-01  -0.36237681E-01  -0.37871327E+00   0.00000000E+00
 14.   17.  -0.22612071E-01  -0.41843670E-01  -0.30921809E+00   0.00000000E+00
 14.   18.  -0.16902357E-02  -0.36237681E-01  -0.21865021E+00   0.00000000E+00
 14.   19.   0.13625611E-01  -0.20921835E-01  -0.11318168E+00   0.00000000E+00
 14.   20.   0.19231600E-01  -0.43708984E-09  -0.22717668E-08   0.00000000E+00
 14.   21.   0.13625611E-01   0.20921834E-01   0.11318167E+00   0.00000000E+00
 14.   22.  -0.16902349E-02   0.36237681E-01   0.21865021E+00   0.00000000E+00
 14.   23.  -0.22612070E-01   0.41843670E-01   0.30921809E+00   0.00000000E+00
 14.   24.  -0.43533905E-01   0.36237682E-01   0.37871327E+00   0.00000000E+00
 14.   25.  -0.58849751E-01   0.20921836E-01   0.42239977E+00   0.00000000E+00
 14.   26.  -0.64455740E-01   0.00000000E+00   0.43730042E+00   0.00000000E+00
 14.   27.  -0.35091423E-01   0.00000000E+00   0.30332840E+00   0.00000000E+00
 14.   28.  -0.33313132E-01  -0.66366728E-02   0.29299273E+00   0.00000000E+00
 14.   29.  -0.28454750E-01  -0.11495054E-01   0.26269010E+00   0.00000000E+00
 14.   30.  -0.21818077E-01  -0.13273346E-01   0.21448557E+00   0.00000000E+00
 14.   31.  -0.15181404E-01  -0.11495055E-01   0.15166420E+00   0.00000000E+00
 14.   32.  -0.10323023E-01  -0.66366729E-02   0.78507167E-01   0.00000000E+00
 14.   33.  -0.85447316E-02  -0.13424049E-09   0.15880514E-08   0.00000000E+00
 14.   34.  -0.10323023E-01   0.66366726E-02  -0.78507164E-01   0.00000000E+00
 14.   35.  -0.15181404E-01   0.11495054E-01  -0.15166420E+00   0.00000000E+00
 14.   36.  -0.21818077E-01   0.13273346E-01  -0.21448557E+00   0.00000000E+00
 14.   37.  -0.28454750E-01   0.11495055E-01  -0.26269010E+00   0.00000000E+00
 14.   38.  -0.33313132E-01   0.66366730E-02  -0.29299273E+00   0.00000000E+00
 14.   39.  -0.35091423E-01   0.00000000E+00  -0.30332840E+00   0.00000000E+00
 14.   40.   0.43171359E-01   0.00000000E+00   0.23206552E+00   0.00000000E+00
 14.   41.   0.39958499E-01   0.11990554E-01   0.22415808E+00   0.00000000E+00
 14.   42.   0.31180805E-01   0.20768249E-01   0.20097463E+00   0.00000000E+00
 14.   43.   0.19190251E-01   0.23981108E-01   0.16409510E+00   0.00000000E+00
 14.   44.   0.71996966E-02   0.20768249E-01   0.11603276E+00   0.00000000E+00
 14.   45.  -0.15779982E-02   0.11990554E-01   0.60062976E-01   0.00000000E+00
 14.   46.  -0.47908576E-02   0.24917799E-09   0.12076109E-08   0.00000000E+00
 14.   47.  -0.15779985E-02  -0.11990554E-01  -0.60062974E-01   0.00000000E+00
 14.   48.   0.71996962E-02  -0.20768249E-01  -0.11603276E+00   0.00000000E+00
 14.   49.   0.19190250E-01  -0.23981108E-01  -0.16409510E+00   0.00000000E+00
 14.   50.   0.31180804E-01  -0.20768249E-01  -0.20097463E+00   0.00000000E+00
 14.   51.   0.39958499E-01  -0.11990554E-01  -0.22415808E+00   0.00000000E+00
 14.   52.   0.43171359E-01   0.00000000E+00  -0.23206552E+00   0.00000000E+00
 14.   53.   0.63025008E-01   0.00000000E+00  -0.50395457E+00   0.00000000E+00
 14.   54.   0.59299527E-01   0.13903684E-01  -0.48678273E+00   0.00000000E+00
 14.   55.   0.49121324E-01   0.24081887E-01  -0.43643746E+00   0.00000000E+00
 14.   56.   0.35217640E-01   0.27807368E-01  -0.35634969E+00   0.00000000E+00
 14.   57.   0.21313956E-01   0.24081887E-01  -0.25197729E+00   0.00000000E+00
 14.   58.   0.11135753E-01   0.13903684E-01  -0.13043304E+00   0.00000000E+00
 14.   59.   0.74102716E-02   0.28633027E-09  -0.26030767E-08   0.00000000E+00
 14.   60.   0.11135752E-01  -0.13903684E-01   0.13043304E+00   0.00000000E+00
 14.   61.   0.21313955E-01  -0.24081887E-01   0.25197728E+00   0.00000000E+00
 14.   62.   0.35217639E-01  -0.27807368E-01   0.35634969E+00   0.00000000E+00
 14.   63.   0.49121324E-01  -0.24081888E-01   0.43643746E+00   0.00000000E+00
 14.   64.   0.59299527E-01  -0.13903685E-01   0.48678273E+00   0.00000000E+00
 14.   65.   0.63025008E-01   0.00000000E+00   0.50395457E+00   0.00000000E+00
 14.   66.  -0.63025008E-01   0.00000000E+00  -0.50395457E+00   0.00000000E+00
 14.   67.  -0.59299527E-01  -0.13903684E-01  -0.48678273E+00   0.00000000E+00
 14.   68.  -0.49121324E-01  -0.24081887E-01  -0.43643746E+00   0.00000000E+00
 14.   69.  -0.35217640E-01  -0.27807368E-01  -0.35634969E+00   0.00000000E+00
 14.   70.  -0.21313956E-01  -0.24081887E-01  -0.25197729E+00   0.00000000E+00
 14.   71.  -0.11135753E-01  -0.13903684E-01  -0.13043304E+00   0.00000000E+00
 14.   72.  -0.74102716E-02  -0.28810344E-09  -0.26023615E-08   0.00000000E+00
 14.   73.  -0.11135752E-01   0.13903684E-01   0.13043304E+00   0.00000000E+00
 14.   74.  -0.21313955E-01   0.24081887E-01   0.25197728E+00   0.00000000E+00
 14.   75.  -0.35217639E-01   0.27807368E-01   0.35634969E+00   0.00000000E+00
 14.   76.  -0.49121324E-01   0.24081888E-01   0.43643746E+00   0.00000000E+00
 14.   77.  -0.59299527E-01   0.13903685E-01   0.48678273E+00   0.00000000E+00
 14.   78.  -0.63025008E-01   0.00000000E+00   0.50395457E+00   0.00000000E+00
 15.    1.  -0.27878794E-04   0.00000000E+00   0.21008722E-04   0.00000000E+00
 15.    2.   0.68633373E-07   0.27622666E-04  -0.54374269E-05   0.00000000E+00
 15.    3.   0.27810175E-04   0.11886902E-06  -0.18194042E-04   0.00000000E+00
 15.    4.  -0.13725178E-06  -0.27741537E-04   0.14855419E-04   0.00000000E+00
 15.    5.  -0.27672911E-04  -0.11886905E-06   0.10504375E-04   0.00000000E+00
 15.    6.   0.68623832E-07   0.27860405E-04  -0.20292822E-04   0.00000000E+00
 15.    7.   0.27604277E-04  -0.58098222E-11   0.85009303E-11   0.00000000E+00
 15.    8.   0.68628223E-07  -0.27860411E-04   0.20292855E-04   0.00000000E+00
 15.    9.  -0.27672917E-04   0.11886363E-06  -0.10504337E-04   0.00000000E+00
 15.   10.  -0.13727481E-06   0.27741535E-04  -0.14855388E-04   0.00000000E+00
 15.   11.   0.27810153E-04  -0.11887903E-06   0.18194039E-04   0.00000000E+00
 15.   12.   0.68626083E-07  -0.27622684E-04   0.54373918E-05   0.00000000E+00
 15.   13.  -0.27878795E-04   0.00000000E+00  -0.21008767E-04   0.00000000E+00
 15.   14.  -0.16097070E-02   0.00000000E+00   0.57034568E-02   0.00000000E+00
 15.   15.  -0.35158444E-04   0.17409201E-02  -0.14761633E-02   0.00000000E+00
 15.   16.   0.16448655E-02  -0.60896194E-04  -0.49393385E-02   0.00000000E+00
 15.   17.   0.70316908E-04  -0.16800239E-02   0.40329529E-02   0.00000000E+00
 15.   18.  -0.17151823E-02   0.60896184E-04   0.28517285E-02   0.00000000E+00
 15.   19.  -0.35158469E-04   0.16191277E-02  -0.55091162E-02   0.00000000E+00
 15.   20.   0.17503408E-02   0.56479561E-10  -0.21524625E-09   0.00000000E+00
 15.   21.  -0.35158353E-04  -0.16191277E-02   0.55091163E-02   0.00000000E+00
 15.   22.  -0.17151823E-02  -0.60896270E-04  -0.28517281E-02   0.00000000E+00
 15.   23.   0.70316803E-04   0.16800239E-02  -0.40329532E-02   0.00000000E+00
 15.   24.   0.16448655E-02   0.60896318E-04   0.49393383E-02   0.00000000E+00
 15.   25.  -0.35158334E-04  -0.17409201E-02   0.14761636E-02   0.00000000E+00
 15.   26.  -0.16097070E-02   0.00000000E+00  -0.57034568E-02   0.00000000E+00
 15.   27.  -0.13265322E-01   0.00000000E+00   0.83918588E-01   0.00000000E+00
 15.   28.  -0.82429215E-03   0.16341622E-01  -0.21719729E-01   0.00000000E+00
 15.   29.   0.14089614E-01  -0.14277158E-02  -0.72675629E-01   0.00000000E+00
 15.   30.   0.16485845E-02  -0.14913906E-01   0.59339402E-01   0.00000000E+00
 15.   31.  -0.15738198E-01   0.14277157E-02   0.41959295E-01   0.00000000E+00
 15.   32.  -0.82429241E-03   0.13486190E-01  -0.81059131E-01   0.00000000E+00
 15.   33.   0.16562490E-01   0.39637523E-09  -0.31033932E-08   0.00000000E+00
 15.   34.  -0.82429135E-03  -0.13486190E-01   0.81059133E-01   0.00000000E+00
 15.   35.  -0.15738198E-01  -0.14277165E-02  -0.41959290E-01   0.00000000E+00
 15.   36.   0.16485836E-02   0.14913906E-01  -0.59339406E-01   0.00000000E+00
 15.   37.   0.14089614E-01   0.14277168E-02   0.72675626E-01   0.00000000E+00
 15.   38.  -0.82429132E-03  -0.16341622E-01   0.21719735E-01   0.00000000E+00
 15.   39.  -0.13265322E-01   0.00000000E+00  -0.83918588E-01   0.00000000E+00
 15.   40.  -0.36339877E-01   0.00000000E+00   0.39394381E+00   0.00000000E+00
 15.   41.  -0.52567201E-02   0.55958223E-01  -0.10196016E+00   0.00000000E+00
 15.   42.   0.41596597E-01  -0.91049062E-02  -0.34116535E+00   0.00000000E+00
 15.   43.   0.10513441E-01  -0.46853317E-01   0.27856034E+00   0.00000000E+00
 15.   44.  -0.52110037E-01   0.91049056E-02   0.19697191E+00   0.00000000E+00
 15.   45.  -0.52567210E-02   0.37748411E-01  -0.38052050E+00   0.00000000E+00
 15.   46.   0.57366757E-01   0.10369073E-08  -0.14411807E-07   0.00000000E+00
 15.   47.  -0.52567173E-02  -0.37748410E-01   0.38052051E+00   0.00000000E+00
 15.   48.  -0.52110037E-01  -0.91049081E-02  -0.19697189E+00   0.00000000E+00
 15.   49.   0.10513438E-01   0.46853316E-01  -0.27856036E+00   0.00000000E+00
 15.   50.   0.41596597E-01   0.91049095E-02   0.34116533E+00   0.00000000E+00
 15.   51.  -0.52567179E-02  -0.55958223E-01   0.10196019E+00   0.00000000E+00
 15.   52.  -0.36339877E-01   0.00000000E+00  -0.39394381E+00   0.00000000E+00
 15.   53.  -0.63692404E-01   0.00000000E+00   0.99826686E+00   0.00000000E+00
 15.   54.  -0.11492894E-01   0.10658447E+00  -0.25837048E+00   0.00000000E+00
 15.   55.   0.75185298E-01  -0.19906276E-01  -0.86452447E+00   0.00000000E+00
 15.   56.   0.22985789E-01  -0.86678192E-01   0.70588126E+00   0.00000000E+00
 15.   57.  -0.98171086E-01   0.19906275E-01   0.49913345E+00   0.00000000E+00
 15.   58.  -0.11492896E-01   0.66771916E-01  -0.96425174E+00   0.00000000E+00
 15.   59.   0.10966398E+00   0.17697006E-08  -0.36562901E-07   0.00000000E+00
 15.   60.  -0.11492889E-01  -0.66771915E-01   0.96425176E+00   0.00000000E+00
 15.   61.  -0.98171087E-01  -0.19906280E-01  -0.49913338E+00   0.00000000E+00
 15.   62.   0.22985784E-01   0.86678191E-01  -0.70588131E+00   0.00000000E+00
 15.   63.   0.75185300E-01   0.19906283E-01   0.86452443E+00   0.00000000E+00
 15.   64.  -0.11492890E-01  -0.10658447E+00   0.25837055E+00   0.00000000E+00
 15.   65.  -0.63692404E-01   0.00000000E+00  -0.99826686E+00   0.00000000E+00
 15.   66.   0.63692404E-01   0.00000000E+00   0.99826686E+00   0.00000000E+00
 15.   67.   0.11492894E-01  -0.10658447E+00  -0.25837048E+00   0.00000000E+00
 15.   68.  -0.75185298E-01   0.19906276E-01  -0.86452447E+00   0.00000000E+00
 15.   69.  -0.22985789E-01   0.86678192E-01   0.70588126E+00   0.00000000E+00
 15.   70.   0.98171086E-01  -0.19906275E-01   0.49913345E+00   0.00000000E+00
 15.   71.   0.11492896E-01  -0.66771916E-01  -0.96425174E+00   0.00000000E+00
 15.   72.  -0.10966398E+00  -0.17509290E-08  -0.36564381E-07   0.00000000E+00
 15.   73.   0.11492889E-01   0.66771915E-01   0.96425176E+00   0.00000000E+00
 15.   74.   0.98171087E-01   0.19906280E-01  -0.49913338E+00   0.00000000E+00
 15.   75.  -0.22985784E-01  -0.86678191E-01  -0.70588131E+00   0.00000000E+00
 15.   76.  -0.75185300E-01  -0.19906283E-01   0.86452443E+00   0.00000000E+00
 15.   77.   0.11492890E-01   0.10658447E+00   0.25837055E+00   0.00000000E+00
 15.   78.   0.63692404E-01   0.00000000E+00  -0.99826686E+00   0.00000000E+00
 16.    1.  -0.11721892E-01   0.00000000E+00   0.28520698E-01   0.00000000E+00
 16.    2.  -0.88159826E-02   0.10256739E-01   0.14260349E-01   0.00000000E+00
 16.    3.  -0.10187687E-02   0.13486451E-01  -0.14260349E-01   0.00000000E+00
 16.    4.   0.82886290E-02   0.82886292E-02  -0.28520698E-01   0.00000000E+00
 16.    5.   0.13486451E-01  -0.10187686E-02  -0.14260349E-01   0.00000000E+00
 16.    6.   0.10256739E-01  -0.88159825E-02   0.14260349E-01   0.00000000E+00
 16.    7.   0.21334008E-09  -0.11721892E-01   0.28520698E-01   0.00000000E+00
 16.    8.  -0.10256739E-01  -0.88159828E-02   0.14260350E-01   0.00000000E+00
 16.    9.  -0.13486451E-01  -0.10187690E-02  -0.14260348E-01   0.00000000E+00
 16.   10.  -0.82886294E-02   0.82886288E-02  -0.28520698E-01   0.00000000E+00
 16.   11.   0.10187683E-02   0.13486451E-01  -0.14260350E-01   0.00000000E+00
 16.   12.   0.88159824E-02   0.10256739E-01   0.14260348E-01   0.00000000E+00
 16.   13.   0.11721892E-01   0.00000000E+00   0.28520698E-01   0.00000000E+00
 16.   14.  -0.49110661E-01   0.00000000E+00   0.39917514E+00   0.00000000E+00
 16.   15.  -0.39366924E-01   0.52044849E-01   0.19958757E+00   0.00000000E+00
 16.   16.  -0.89646470E-02   0.64637885E-01  -0.19958757E+00   0.00000000E+00
 16.   17.   0.34726481E-01   0.34726482E-01  -0.39917514E+00   0.00000000E+00
 16.   18.   0.64637884E-01  -0.89646466E-02  -0.19958757E+00   0.00000000E+00
 16.   19.   0.52044849E-01  -0.39366924E-01   0.19958757E+00   0.00000000E+00
 16.   20.   0.11829012E-08  -0.49110661E-01   0.39917514E+00   0.00000000E+00
 16.   21.  -0.52044848E-01  -0.39366924E-01   0.19958758E+00   0.00000000E+00
 16.   22.  -0.64637885E-01  -0.89646481E-02  -0.19958756E+00   0.00000000E+00
 16.   23.  -0.34726482E-01   0.34726480E-01  -0.39917514E+00   0.00000000E+00
 16.   24.   0.89646454E-02   0.64637884E-01  -0.19958759E+00   0.00000000E+00
 16.   25.   0.39366923E-01   0.52044851E-01   0.19958756E+00   0.00000000E+00
 16.   26.   0.49110661E-01   0.00000000E+00   0.39917514E+00   0.00000000E+00
 16.   27.  -0.16436801E-01   0.00000000E+00   0.95180985E+00   0.00000000E+00
 16.   28.  -0.31922056E-01   0.87381275E-01   0.47590492E+00   0.00000000E+00
 16.   29.  -0.39215589E-01   0.84360195E-01  -0.47590492E+00   0.00000000E+00
 16.   30.   0.11622573E-01   0.11622574E-01  -0.95180985E+00   0.00000000E+00
 16.   31.   0.84360194E-01  -0.39215589E-01  -0.47590493E+00   0.00000000E+00
 16.   32.   0.87381275E-01  -0.31922057E-01   0.47590491E+00   0.00000000E+00
 16.   33.   0.21428239E-08  -0.16436801E-01   0.95180985E+00   0.00000000E+00
 16.   34.  -0.87381273E-01  -0.31922056E-01   0.47590495E+00   0.00000000E+00
 16.   35.  -0.84360196E-01  -0.39215590E-01  -0.47590490E+00   0.00000000E+00
 16.   36.  -0.11622576E-01   0.11622571E-01  -0.95180985E+00   0.00000000E+00
 16.   37.   0.39215589E-01   0.84360193E-01  -0.47590496E+00   0.00000000E+00
 16.   38.   0.31922057E-01   0.87381277E-01   0.47590489E+00   0.00000000E+00
 16.   39.   0.16436801E-01   0.00000000E+00   0.95180985E+00   0.00000000E+00
 16.   40.   0.93199803E-01   0.00000000E+00   0.45403340E+00   0.00000000E+00
 16.   41.   0.36622011E-01   0.43372988E-01   0.22701670E+00   0.00000000E+00
 16.   42.  -0.56565006E-01   0.47736615E-02  -0.22701670E+00   0.00000000E+00
 16.   43.  -0.65902213E-01  -0.65902212E-01  -0.45403340E+00   0.00000000E+00
 16.   44.   0.47736606E-02  -0.56565006E-01  -0.22701670E+00   0.00000000E+00
 16.   45.   0.43372988E-01   0.36622010E-01   0.22701669E+00   0.00000000E+00
 16.   46.   0.12618409E-08   0.93199803E-01   0.45403340E+00   0.00000000E+00
 16.   47.  -0.43372987E-01   0.36622014E-01   0.22701671E+00   0.00000000E+00
 16.   48.  -0.47736636E-02  -0.56565004E-01  -0.22701669E+00   0.00000000E+00
 16.   49.   0.65902211E-01  -0.65902214E-01  -0.45403340E+00   0.00000000E+00
 16.   50.   0.56565008E-01   0.47736585E-02  -0.22701671E+00   0.00000000E+00
 16.   51.  -0.36622007E-01   0.43372988E-01   0.22701668E+00   0.00000000E+00
 16.   52.  -0.93199803E-01   0.00000000E+00   0.45403340E+00   0.00000000E+00
 16.   53.   0.12325597E+00   0.00000000E+00  -0.99975198E+00   0.00000000E+00
 16.   54.   0.72705518E-01  -0.33228447E-01  -0.49987599E+00   0.00000000E+00
 16.   55.  -0.27914504E-01  -0.74906626E-01   0.49987599E+00   0.00000000E+00
 16.   56.  -0.87155129E-01  -0.87155129E-01   0.99975198E+00   0.00000000E+00
 16.   57.  -0.74906626E-01  -0.27914506E-01   0.49987600E+00   0.00000000E+00
 16.   58.  -0.33228448E-01   0.72705517E-01  -0.49987598E+00   0.00000000E+00
 16.   59.  -0.58457000E-09   0.12325597E+00  -0.99975198E+00   0.00000000E+00
 16.   60.   0.33228446E-01   0.72705521E-01  -0.49987602E+00   0.00000000E+00
 16.   61.   0.74906624E-01  -0.27914502E-01   0.49987596E+00   0.00000000E+00
 16.   62.   0.87155130E-01  -0.87155129E-01   0.99975198E+00   0.00000000E+00
 16.   63.   0.27914508E-01  -0.74906627E-01   0.49987603E+00   0.00000000E+00
 16.   64.  -0.72705515E-01  -0.33228449E-01  -0.49987596E+00   0.00000000E+00
 16.   65.  -0.12325597E+00   0.00000000E+00  -0.99975198E+00   0.00000000E+00
 16.   66.  -0.12325597E+00   0.00000000E+00  -0.99975198E+00   0.00000000E+00
 16.   67.  -0.72705518E-01   0.33228447E-01  -0.49987599E+00   0.00000000E+00
 16.   68.   0.27914504E-01   0.74906626E-01   0.49987599E+00   0.00000000E+00
 16.   69.   0.87155129E-01   0.87155129E-01   0.99975198E+00   0.00000000E+00
 16.   70.   0.74906626E-01   0.27914505E-01   0.49987600E+00   0.00000000E+00
 16.   71.   0.33228448E-01  -0.72705517E-01  -0.49987598E+00   0.00000000E+00
 16.   72.   0.58707441E-09  -0.12325597E+00  -0.99975198E+00   0.00000000E+00
 16.   73.  -0.33228446E-01  -0.72705521E-01  -0.49987602E+00   0.00000000E+00
 16.   74.  -0.74906624E-01   0.27914502E-01   0.49987596E+00   0.00000000E+00
 16.   75.  -0.87155130E-01   0.87155129E-01   0.99975198E+00   0.00000000E+00
 16.   76.  -0.27914508E-01   0.74906627E-01   0.49987603E+00   0.00000000E+00
 16.   77.   0.72705515E-01   0.33228449E-01  -0.49987596E+00   0.00000000E+00
 16.   78.   0.12325597E+00   0.00000000E+00  -0.99975198E+00   0.00000000E+00
 17.    1.  -0.77787340E-05   0.00000000E+00   0.45130222E-05   0.00000000E+00
 17.    2.   0.20447947E-05   0.73955660E-05  -0.22545432E-05   0.00000000E+00
 17.    3.   0.66751721E-05  -0.37832070E-05  -0.22551140E-05   0.00000000E+00
 17.    4.  -0.55005402E-05  -0.55001290E-05   0.45114668E-05   0.00000000E+00
 17.    5.  -0.37835993E-05   0.66754973E-05  -0.22566626E-05   0.00000000E+00
 17.    6.   0.73953312E-05   0.20450097E-05  -0.22572184E-05   0.00000000E+00
 17.    7.   0.93804661E-11  -0.77785680E-05   0.45099520E-05   0.00000000E+00
 17.    8.  -0.73953160E-05   0.20450078E-05  -0.22571719E-05   0.00000000E+00
 17.    9.   0.37836035E-05   0.66754950E-05  -0.22565877E-05   0.00000000E+00
 17.   10.   0.55005335E-05  -0.55001296E-05   0.45115536E-05   0.00000000E+00
 17.   11.  -0.66751869E-05  -0.37832117E-05  -0.22550349E-05   0.00000000E+00
 17.   12.  -0.20448123E-05   0.73955632E-05  -0.22544839E-05   0.00000000E+00
 17.   13.   0.77787168E-05   0.00000000E+00   0.45130767E-05   0.00000000E+00
 17.   14.  -0.93352740E-03   0.00000000E+00   0.29082811E-02   0.00000000E+00
 17.   15.   0.22313881E-03   0.97067153E-03  -0.14541378E-02   0.00000000E+00
 17.   16.   0.84415124E-03  -0.52858527E-03  -0.14541385E-02   0.00000000E+00
 17.   17.  -0.66010374E-03  -0.66010350E-03   0.29082792E-02   0.00000000E+00
 17.   18.  -0.52858560E-03   0.84415132E-03  -0.14541405E-02   0.00000000E+00
 17.   19.   0.97067133E-03   0.22313872E-03  -0.14541414E-02   0.00000000E+00
 17.   20.   0.48371799E-10  -0.93352758E-03   0.29082772E-02   0.00000000E+00
 17.   21.  -0.97067134E-03   0.22313865E-03  -0.14541411E-02   0.00000000E+00
 17.   22.   0.52858553E-03   0.84415134E-03  -0.14541406E-02   0.00000000E+00
 17.   23.   0.66010378E-03  -0.66010346E-03   0.29082792E-02   0.00000000E+00
 17.   24.  -0.84415123E-03  -0.52858533E-03  -0.14541384E-02   0.00000000E+00
 17.   25.  -0.22313888E-03   0.97067152E-03  -0.14541381E-02   0.00000000E+00
 17.   26.   0.93352739E-03   0.00000000E+00   0.29082811E-02   0.00000000E+00
 17.   27.  -0.11174758E-01   0.00000000E+00   0.62410672E-01   0.00000000E+00
 17.   28.   0.22543145E-02   0.13174760E-01  -0.31205336E-01   0.00000000E+00
 17.   29.   0.10910003E-01  -0.77219214E-02  -0.31205336E-01   0.00000000E+00
 17.   30.  -0.79017474E-02  -0.79017478E-02   0.62410672E-01   0.00000000E+00
 17.   31.  -0.77219217E-02   0.10910003E-01  -0.31205335E-01   0.00000000E+00
 17.   32.   0.13174760E-01   0.22543143E-02  -0.31205337E-01   0.00000000E+00
 17.   33.   0.53379921E-09  -0.11174759E-01   0.62410672E-01   0.00000000E+00
 17.   34.  -0.13174761E-01   0.22543136E-02  -0.31205332E-01   0.00000000E+00
 17.   35.   0.77219209E-02   0.10910003E-01  -0.31205339E-01   0.00000000E+00
 17.   36.   0.79017481E-02  -0.79017470E-02   0.62410672E-01   0.00000000E+00
 17.   37.  -0.10910003E-01  -0.77219222E-02  -0.31205332E-01   0.00000000E+00
 17.   38.  -0.22543153E-02   0.13174760E-01  -0.31205341E-01   0.00000000E+00
 17.   39.   0.11174758E-01   0.00000000E+00   0.62410672E-01   0.00000000E+00
 17.   40.  -0.36792929E-01   0.00000000E+00   0.35843936E+00   0.00000000E+00
 17.   41.   0.44506352E-02   0.54468483E-01  -0.17921968E+00   0.00000000E+00
 17.   42.   0.41662108E-01  -0.35367959E-01  -0.17921968E+00   0.00000000E+00
 17.   43.  -0.26016529E-01  -0.26016530E-01   0.35843936E+00   0.00000000E+00
 17.   44.  -0.35367960E-01   0.41662108E-01  -0.17921968E+00   0.00000000E+00
 17.   45.   0.54468483E-01   0.44506361E-02  -0.17921969E+00   0.00000000E+00
 17.   46.   0.22979608E-08  -0.36792929E-01   0.35843937E+00   0.00000000E+00
 17.   47.  -0.54468484E-01   0.44506334E-02  -0.17921966E+00   0.00000000E+00
 17.   48.   0.35367957E-01   0.41662109E-01  -0.17921970E+00   0.00000000E+00
 17.   49.   0.26016532E-01  -0.26016527E-01   0.35843936E+00   0.00000000E+00
 17.   50.  -0.41662107E-01  -0.35367962E-01  -0.17921966E+00   0.00000000E+00
 17.   51.  -0.44506378E-02   0.54468481E-01  -0.17921971E+00   0.00000000E+00
 17.   52.   0.36792929E-01   0.00000000E+00   0.35843936E+00   0.00000000E+00
 17.   53.  -0.70135823E-01   0.00000000E+00   0.99773687E+00   0.00000000E+00
 17.   54.   0.60696798E-02   0.11283965E+00  -0.49886843E+00   0.00000000E+00
 17.   55.   0.84081593E-01  -0.75497769E-01  -0.49886844E+00   0.00000000E+00
 17.   56.  -0.49593514E-01  -0.49593517E-01   0.99773687E+00   0.00000000E+00
 17.   57.  -0.75497771E-01   0.84081593E-01  -0.49886842E+00   0.00000000E+00
 17.   58.   0.11283965E+00   0.60696815E-02  -0.49886845E+00   0.00000000E+00
 17.   59.   0.48200054E-08  -0.70135822E-01   0.99773687E+00   0.00000000E+00
 17.   60.  -0.11283965E+00   0.60696765E-02  -0.49886838E+00   0.00000000E+00
 17.   61.   0.75497765E-01   0.84081594E-01  -0.49886849E+00   0.00000000E+00
 17.   62.   0.49593521E-01  -0.49593510E-01   0.99773687E+00   0.00000000E+00
 17.   63.  -0.84081592E-01  -0.75497776E-01  -0.49886836E+00   0.00000000E+00
 17.   64.  -0.60696849E-02   0.11283965E+00  -0.49886851E+00   0.00000000E+00
 17.   65.   0.70135822E-01   0.00000000E+00   0.99773687E+00   0.00000000E+00
 17.   66.   0.70135823E-01   0.00000000E+00   0.99773687E+00   0.00000000E+00
 17.   67.  -0.60696798E-02  -0.11283965E+00  -0.49886843E+00   0.00000000E+00
 17.   68.  -0.84081593E-01   0.75497769E-01  -0.49886844E+00   0.00000000E+00
 17.   69.   0.49593514E-01   0.49593517E-01   0.99773687E+00   0.00000000E+00
 17.   70.   0.75497771E-01  -0.84081593E-01  -0.49886842E+00   0.00000000E+00
 17.   71.  -0.11283965E+00  -0.60696815E-02  -0.49886845E+00   0.00000000E+00
 17.   72.  -0.48175678E-08   0.70135822E-01   0.99773687E+00   0.00000000E+00
 17.   73.   0.11283965E+00  -0.60696765E-02  -0.49886838E+00   0.00000000E+00
 17.   74.  -0.75497765E-01  -0.84081594E-01  -0.49886849E+00   0.00000000E+00
 17.   75.  -0.49593521E-01   0.49593510E-01   0.99773687E+00   0.00000000E+00
 17.   76.   0.84081592E-01   0.75497776E-01  -0.49886836E+00   0.00000000E+00
 17.   77.   0.60696849E-02  -0.11283965E+00  -0.49886851E+00   0.00000000E+00
 17.   78.  -0.70135822E-01   0.00000000E+00   0.99773687E+00   0.00000000E+00
 18.    1.  -0.37569143E-01   0.00000000E+00   0.71498464E+00   0.00000000E+00
 18.    2.  -0.48766832E-01   0.56291494E-01   0.61919486E+00   0.00000000E+00
 18.    3.  -0.74287455E-01   0.91100503E-01   0.35749232E+00   0.00000000E+00
 18.    4.  -0.94745510E-01   0.94745510E-01   0.38702426E-08   0.00000000E+00
 18.    5.  -0.91100503E-01   0.74287455E-01  -0.35749232E+00   0.00000000E+00
 18.    6.  -0.56291494E-01   0.48766832E-01  -0.61919486E+00   0.00000000E+00
 18.    7.  -0.12324882E-08   0.37569143E-01  -0.71498464E+00   0.00000000E+00
 18.    8.   0.56291492E-01   0.48766832E-01  -0.61919487E+00   0.00000000E+00
 18.    9.   0.91100502E-01   0.74287454E-01  -0.35749233E+00   0.00000000E+00
 18.   10.   0.94745510E-01   0.94745510E-01  -0.11286582E-07   0.00000000E+00
 18.   11.   0.74287456E-01   0.91100504E-01   0.35749231E+00   0.00000000E+00
 18.   12.   0.48766833E-01   0.56291496E-01   0.61919486E+00   0.00000000E+00
 18.   13.   0.37569143E-01   0.00000000E+00   0.71498464E+00   0.00000000E+00
 18.   14.   0.43250598E-01   0.00000000E+00   0.91231123E+00   0.00000000E+00
 18.   15.   0.25871765E-01   0.48164582E-01   0.79008470E+00   0.00000000E+00
 18.   16.  -0.15763403E-01   0.70553613E-01   0.45615562E+00   0.00000000E+00
 18.   17.  -0.56324320E-01   0.56324320E-01   0.45570793E-08   0.00000000E+00
 18.   18.  -0.70553613E-01   0.15763403E-01  -0.45615561E+00   0.00000000E+00
 18.   19.  -0.48164583E-01  -0.25871764E-01  -0.79008470E+00   0.00000000E+00
 18.   20.  -0.10935971E-08  -0.43250598E-01  -0.91231123E+00   0.00000000E+00
 18.   21.   0.48164581E-01  -0.25871766E-01  -0.79008471E+00   0.00000000E+00
 18.   22.   0.70553612E-01   0.15763401E-01  -0.45615563E+00   0.00000000E+00
 18.   23.   0.56324321E-01   0.56324319E-01  -0.14523375E-07   0.00000000E+00
 18.   24.   0.15763404E-01   0.70553613E-01   0.45615560E+00   0.00000000E+00
 18.   25.  -0.25871763E-01   0.48164584E-01   0.79008469E+00   0.00000000E+00
 18.   26.  -0.43250598E-01   0.00000000E+00   0.91231123E+00   0.00000000E+00
 18.   27.   0.89043634E-01   0.00000000E+00  -0.17705118E+00   0.00000000E+00
 18.   28.   0.75769601E-01   0.15169805E-01  -0.15333082E+00   0.00000000E+00
 18.   29.   0.42850527E-01   0.14824345E-01  -0.88525590E-01   0.00000000E+00
 18.   30.   0.70112599E-02  -0.70112592E-02  -0.13312083E-08   0.00000000E+00
 18.   31.  -0.14824345E-01  -0.42850526E-01   0.88525590E-01   0.00000000E+00
 18.   32.  -0.15169805E-01  -0.75769601E-01   0.15333082E+00   0.00000000E+00
 18.   33.  -0.38067840E-09  -0.89043634E-01   0.17705118E+00   0.00000000E+00
 18.   34.   0.15169805E-01  -0.75769602E-01   0.15333082E+00   0.00000000E+00
 18.   35.   0.14824345E-01  -0.42850528E-01   0.88525593E-01   0.00000000E+00
 18.   36.  -0.70112586E-02  -0.70112605E-02   0.25824426E-08   0.00000000E+00
 18.   37.  -0.42850525E-01   0.14824344E-01  -0.88525587E-01   0.00000000E+00
 18.   38.  -0.75769600E-01   0.15169806E-01  -0.15333082E+00   0.00000000E+00
 18.   39.  -0.89043634E-01   0.00000000E+00  -0.17705118E+00   0.00000000E+00
 18.   40.  -0.54997020E-01   0.00000000E+00  -0.46056616E+00   0.00000000E+00
 18.   41.  -0.43553694E-01  -0.21479020E-01  -0.39886200E+00   0.00000000E+00
 18.   42.  -0.15609152E-01  -0.27961177E-01  -0.23028308E+00   0.00000000E+00
 18.   43.   0.13399128E-01  -0.13399128E-01  -0.35494460E-08   0.00000000E+00
 18.   44.   0.27961177E-01   0.15609151E-01   0.23028308E+00   0.00000000E+00
 18.   45.   0.21479020E-01   0.43553693E-01   0.39886200E+00   0.00000000E+00
 18.   46.   0.47402365E-09   0.54997021E-01   0.46056616E+00   0.00000000E+00
 18.   47.  -0.21479019E-01   0.43553694E-01   0.39886200E+00   0.00000000E+00
 18.   48.  -0.27961177E-01   0.15609152E-01   0.23028309E+00   0.00000000E+00
 18.   49.  -0.13399129E-01  -0.13399127E-01   0.62844297E-08   0.00000000E+00
 18.   50.   0.15609151E-01  -0.27961176E-01  -0.23028307E+00   0.00000000E+00
 18.   51.   0.43553693E-01  -0.21479020E-01  -0.39886199E+00   0.00000000E+00
 18.   52.   0.54997020E-01   0.00000000E+00  -0.46056616E+00   0.00000000E+00
 18.   53.  -0.10941359E+00   0.00000000E+00   0.74386495E+00   0.00000000E+00
 18.   54.  -0.94279265E-01  -0.14249988E-01   0.64420595E+00   0.00000000E+00
 18.   55.  -0.56589245E-01  -0.11398140E-01   0.37193248E+00   0.00000000E+00
 18.   56.  -0.15042761E-01   0.15042760E-01   0.83558302E-09   0.00000000E+00
 18.   57.   0.11398140E-01   0.56589244E-01  -0.37193247E+00   0.00000000E+00
 18.   58.   0.14249988E-01   0.94279265E-01  -0.64420595E+00   0.00000000E+00
 18.   59.   0.35523308E-09   0.10941359E+00  -0.74386496E+00   0.00000000E+00
 18.   60.  -0.14249987E-01   0.94279266E-01  -0.64420595E+00   0.00000000E+00
 18.   61.  -0.11398140E-01   0.56589246E-01  -0.37193249E+00   0.00000000E+00
 18.   62.   0.15042759E-01   0.15042762E-01  -0.15109232E-07   0.00000000E+00
 18.   63.   0.56589243E-01  -0.11398139E-01   0.37193247E+00   0.00000000E+00
 18.   64.   0.94279264E-01  -0.14249989E-01   0.64420594E+00   0.00000000E+00
 18.   65.   0.10941359E+00   0.00000000E+00   0.74386495E+00   0.00000000E+00
 18.   66.   0.10941359E+00   0.00000000E+00   0.74386495E+00   0.00000000E+00
 18.   67.   0.94279265E-01   0.14249988E-01   0.64420595E+00   0.00000000E+00
 18.   68.   0.56589245E-01   0.11398140E-01   0.37193248E+00   0.00000000E+00
 18.   69.   0.15042761E-01  -0.15042760E-01   0.83579662E-09   0.00000000E+00
 18.   70.  -0.11398140E-01  -0.56589244E-01  -0.37193247E+00   0.00000000E+00
 18.   71.  -0.14249988E-01  -0.94279265E-01  -0.64420595E+00   0.00000000E+00
 18.   72.  -0.36292363E-09  -0.10941359E+00  -0.74386496E+00   0.00000000E+00
 18.   73.   0.14249987E-01  -0.94279266E-01  -0.64420595E+00   0.00000000E+00
 18.   74.   0.11398140E-01  -0.56589246E-01  -0.37193249E+00   0.00000000E+00
 18.   75.  -0.15042759E-01  -0.15042762E-01  -0.15110803E-07   0.00000000E+00
 18.   76.  -0.56589243E-01   0.11398139E-01   0.37193247E+00   0.00000000E+00
 18.   77.  -0.94279264E-01   0.14249989E-01   0.64420594E+00   0.00000000E+00
 18.   78.  -0.10941359E+00   0.00000000E+00   0.74386495E+00   0.00000000E+00
 19.    1.  -0.46836905E-02   0.00000000E+00   0.78878672E-02   0.00000000E+00
 19.    2.  -0.25114010E-02   0.46889849E-02   0.20415287E-02   0.00000000E+00
 19.    3.   0.21722893E-02   0.43498735E-02  -0.68310971E-02   0.00000000E+00
 19.    4.   0.50228014E-02  -0.33911141E-03  -0.55775677E-02   0.00000000E+00
 19.    5.   0.28505120E-02  -0.43498739E-02   0.39439329E-02   0.00000000E+00
 19.    6.  -0.25114007E-02  -0.40107627E-02   0.76190952E-02   0.00000000E+00
 19.    7.  -0.53619128E-02  -0.31571635E-09  -0.12101435E-08   0.00000000E+00
 19.    8.  -0.25114009E-02   0.40107621E-02  -0.76190980E-02   0.00000000E+00
 19.    9.   0.28505119E-02   0.43498736E-02  -0.39439364E-02   0.00000000E+00
 19.   10.   0.50228016E-02   0.33911122E-03   0.55775640E-02   0.00000000E+00
 19.   11.   0.21722898E-02  -0.43498737E-02   0.68310935E-02   0.00000000E+00
 19.   12.  -0.25114004E-02  -0.46889852E-02  -0.20415324E-02   0.00000000E+00
 19.   13.  -0.46836900E-02   0.00000000E+00  -0.78878714E-02   0.00000000E+00
 19.   14.  -0.41400000E-01   0.00000000E+00   0.25406593E+00   0.00000000E+00
 19.   15.  -0.24168256E-01   0.48797158E-01   0.65757102E-01   0.00000000E+00
 19.   16.   0.17231744E-01   0.41860647E-01  -0.22002755E+00   0.00000000E+00
 19.   17.   0.48336511E-01  -0.69365106E-02  -0.17965174E+00   0.00000000E+00
 19.   18.   0.31104767E-01  -0.41860647E-01   0.12703296E+00   0.00000000E+00
 19.   19.  -0.24168255E-01  -0.34924136E-01   0.24540884E+00   0.00000000E+00
 19.   20.  -0.55273022E-01  -0.84906583E-09   0.73282163E-08   0.00000000E+00
 19.   21.  -0.24168257E-01   0.34924135E-01  -0.24540884E+00   0.00000000E+00
 19.   22.   0.31104765E-01   0.41860647E-01  -0.12703297E+00   0.00000000E+00
 19.   23.   0.48336512E-01   0.69365125E-02   0.17965174E+00   0.00000000E+00
 19.   24.   0.17231746E-01  -0.41860645E-01   0.22002756E+00   0.00000000E+00
 19.   25.  -0.24168254E-01  -0.48797159E-01  -0.65757088E-01   0.00000000E+00
 19.   26.  -0.41400000E-01   0.00000000E+00  -0.25406593E+00   0.00000000E+00
 19.   27.  -0.34752084E-01   0.00000000E+00   0.88623324E+00   0.00000000E+00
 19.   28.  -0.39670916E-01   0.11330179E+00   0.22937404E+00   0.00000000E+00
 19.   29.  -0.49188323E-02   0.68712043E-01  -0.76750050E+00   0.00000000E+00
 19.   30.   0.79341832E-01  -0.44589748E-01  -0.62666154E+00   0.00000000E+00
 19.   31.   0.84260666E-01  -0.68712043E-01   0.44311661E+00   0.00000000E+00
 19.   32.  -0.39670915E-01  -0.24122294E-01   0.85603558E+00   0.00000000E+00
 19.   33.  -0.12393158E+00  -0.15005247E-09   0.23111917E-07   0.00000000E+00
 19.   34.  -0.39670921E-01   0.24122293E-01  -0.85603557E+00   0.00000000E+00
 19.   35.   0.84260663E-01   0.68712042E-01  -0.44311665E+00   0.00000000E+00
 19.   36.   0.79341835E-01   0.44589751E-01   0.62666151E+00   0.00000000E+00
 19.   37.  -0.49188296E-02  -0.68712039E-01   0.76750053E+00   0.00000000E+00
 19.   38.  -0.39670916E-01  -0.11330179E+00  -0.22937400E+00   0.00000000E+00
 19.   39.  -0.34752084E-01   0.00000000E+00  -0.88623324E+00   0.00000000E+00
 19.   40.   0.91756190E-01   0.00000000E+00   0.56096311E+00   0.00000000E+00
 19.   41.   0.85389738E-02   0.59888306E-01   0.14518794E+00   0.00000000E+00
 19.   42.  -0.83217216E-01  -0.14789936E-01  -0.48580831E+00   0.00000000E+00
 19.   43.  -0.17077949E-01  -0.74678243E-01  -0.39666083E+00   0.00000000E+00
 19.   44.   0.66139269E-01   0.14789935E-01   0.28048155E+00   0.00000000E+00
 19.   45.   0.85389748E-02   0.89468179E-01   0.54184876E+00   0.00000000E+00
 19.   46.  -0.57600295E-01   0.26382044E-08   0.14173551E-07   0.00000000E+00
 19.   47.   0.85389707E-02  -0.89468179E-01  -0.54184875E+00   0.00000000E+00
 19.   48.   0.66139269E-01  -0.14789940E-01  -0.28048158E+00   0.00000000E+00
 19.   49.  -0.17077944E-01   0.74678242E-01   0.39666080E+00   0.00000000E+00
 19.   50.  -0.83217217E-01   0.14789941E-01   0.48580832E+00   0.00000000E+00
 19.   51.   0.85389685E-02  -0.59888306E-01  -0.14518791E+00   0.00000000E+00
 19.   52.   0.91756190E-01   0.00000000E+00  -0.56096311E+00   0.00000000E+00
 19.   53.   0.13583245E+00   0.00000000E+00  -0.99949120E+00   0.00000000E+00
 19.   54.   0.52015465E-01  -0.58291908E-01  -0.25868736E+00   0.00000000E+00
 19.   55.  -0.83816986E-01  -0.90093429E-01   0.86558477E+00   0.00000000E+00
 19.   56.  -0.10403093E+00  -0.31801522E-01   0.70674701E+00   0.00000000E+00
 19.   57.  -0.20213946E-01   0.90093428E-01  -0.49974559E+00   0.00000000E+00
 19.   58.   0.52015465E-01   0.12189495E+00  -0.96543436E+00   0.00000000E+00
 19.   59.   0.72229410E-01   0.30411841E-08  -0.25194239E-07   0.00000000E+00
 19.   60.   0.52015467E-01  -0.12189495E+00   0.96543435E+00   0.00000000E+00
 19.   61.  -0.20213942E-01  -0.90093432E-01   0.49974563E+00   0.00000000E+00
 19.   62.  -0.10403093E+00   0.31801517E-01  -0.70674697E+00   0.00000000E+00
 19.   63.  -0.83816989E-01   0.90093428E-01  -0.86558479E+00   0.00000000E+00
 19.   64.   0.52015460E-01   0.58291910E-01   0.25868731E+00   0.00000000E+00
 19.   65.   0.13583245E+00   0.00000000E+00   0.99949120E+00   0.00000000E+00
 19.   66.  -0.13583245E+00   0.00000000E+00  -0.99949120E+00   0.00000000E+00
 19.   67.  -0.52015465E-01   0.58291908E-01  -0.25868736E+00   0.00000000E+00
 19.   68.   0.83816986E-01   0.90093429E-01   0.86558477E+00   0.00000000E+00
 19.   69.   0.10403093E+00   0.31801522E-01   0.70674701E+00   0.00000000E+00
 19.   70.   0.20213946E-01  -0.90093428E-01  -0.49974559E+00   0.00000000E+00
 19.   71.  -0.52015465E-01  -0.12189495E+00  -0.96543436E+00   0.00000000E+00
 19.   72.  -0.72229410E-01  -0.30374894E-08  -0.25190252E-07   0.00000000E+00
 19.   73.  -0.52015467E-01   0.12189495E+00   0.96543435E+00   0.00000000E+00
 19.   74.   0.20213942E-01   0.90093432E-01   0.49974563E+00   0.00000000E+00
 19.   75.   0.10403093E+00  -0.31801517E-01  -0.70674697E+00   0.00000000E+00
 19.   76.   0.83816989E-01  -0.90093428E-01  -0.86558479E+00   0.00000000E+00
 19.   77.  -0.52015460E-01  -0.58291910E-01   0.25868731E+00   0.00000000E+00
 19.   78.  -0.13583245E+00   0.00000000E+00   0.99949120E+00   0.00000000E+00
 20.    1.   0.13379167E+00   0.00000000E+00   0.99803039E+00   0.00000000E+00
 20.    2.   0.12923283E+00   0.34627832E-01   0.99803039E+00   0.00000000E+00
 20.    3.   0.11586699E+00   0.66895835E-01   0.99803039E+00   0.00000000E+00
 20.    4.   0.94604998E-01   0.94604997E-01   0.99803039E+00   0.00000000E+00
 20.    5.   0.66895836E-01   0.11586699E+00   0.99803039E+00   0.00000000E+00
 20.    6.   0.34627833E-01   0.12923283E+00   0.99803039E+00   0.00000000E+00
 20.    7.   0.69644089E-09   0.13379167E+00   0.99803039E+00   0.00000000E+00
 20.    8.  -0.34627831E-01   0.12923283E+00   0.99803039E+00   0.00000000E+00
 20.    9.  -0.66895835E-01   0.11586699E+00   0.99803039E+00   0.00000000E+00
 20.   10.  -0.94604997E-01   0.94604998E-01   0.99803039E+00   0.00000000E+00
 20.   11.  -0.11586699E+00   0.66895837E-01   0.99803039E+00   0.00000000E+00
 20.   12.  -0.12923283E+00   0.34627834E-01   0.99803039E+00   0.00000000E+00
 20.   13.  -0.13379167E+00   0.00000000E+00   0.99803039E+00   0.00000000E+00
 20.   14.   0.51224264E-01   0.00000000E+00  -0.32203443E+00   0.00000000E+00
 20.   15.   0.49478839E-01   0.13257815E-01  -0.32203443E+00   0.00000000E+00
 20.   16.   0.44361514E-01   0.25612132E-01  -0.32203443E+00   0.00000000E+00
 20.   17.   0.36221024E-01   0.36221024E-01  -0.32203443E+00   0.00000000E+00
 20.   18.   0.25612132E-01   0.44361514E-01  -0.32203443E+00   0.00000000E+00
 20.   19.   0.13257815E-01   0.49478839E-01  -0.32203443E+00   0.00000000E+00
 20.   20.   0.23062352E-09   0.51224264E-01  -0.32203443E+00   0.00000000E+00
 20.   21.  -0.13257815E-01   0.49478840E-01  -0.32203443E+00   0.00000000E+00
 20.   22.  -0.25612132E-01   0.44361514E-01  -0.32203443E+00   0.00000000E+00
 20.   23.  -0.36221024E-01   0.36221025E-01  -0.32203443E+00   0.00000000E+00
 20.   24.  -0.44361514E-01   0.25612132E-01  -0.32203443E+00   0.00000000E+00
 20.   25.  -0.49478839E-01   0.13257816E-01  -0.32203443E+00   0.00000000E+00
 20.   26.  -0.51224264E-01   0.00000000E+00  -0.32203443E+00   0.00000000E+00
 20.   27.  -0.60227089E-01   0.00000000E+00  -0.10012906E+00   0.00000000E+00
 20.   28.  -0.58174901E-01  -0.15587918E-01  -0.10012906E+00   0.00000000E+00
 20.   29.  -0.52158189E-01  -0.30113544E-01  -0.10012906E+00   0.00000000E+00
 20.   30.  -0.42586983E-01  -0.42586983E-01  -0.10012906E+00   0.00000000E+00
 20.   31.  -0.30113544E-01  -0.52158189E-01  -0.10012906E+00   0.00000000E+00
 20.   32.  -0.15587918E-01  -0.58174900E-01  -0.10012906E+00   0.00000000E+00
 20.   33.  -0.39969441E-09  -0.60227089E-01  -0.10012906E+00   0.00000000E+00
 20.   34.   0.15587917E-01  -0.58174901E-01  -0.10012906E+00   0.00000000E+00
 20.   35.   0.30113544E-01  -0.52158189E-01  -0.10012906E+00   0.00000000E+00
 20.   36.   0.42586983E-01  -0.42586983E-01  -0.10012906E+00   0.00000000E+00
 20.   37.   0.52158189E-01  -0.30113545E-01  -0.10012906E+00   0.00000000E+00
 20.   38.   0.58174900E-01  -0.15587918E-01  -0.10012906E+00   0.00000000E+00
 20.   39.   0.60227089E-01   0.00000000E+00  -0.10012906E+00   0.00000000E+00
 20.   40.   0.20757553E-01   0.00000000E+00   0.28941895E+00   0.00000000E+00
 20.   41.   0.20050257E-01   0.53724501E-02   0.28941895E+00   0.00000000E+00
 20.   42.   0.17976568E-01   0.10378776E-01   0.28941895E+00   0.00000000E+00
 20.   43.   0.14677807E-01   0.14677806E-01   0.28941895E+00   0.00000000E+00
 20.   44.   0.10378777E-01   0.17976568E-01   0.28941895E+00   0.00000000E+00
 20.   45.   0.53724501E-02   0.20050257E-01   0.28941895E+00   0.00000000E+00
 20.   46.   0.61816070E-10   0.20757553E-01   0.28941895E+00   0.00000000E+00
 20.   47.  -0.53724499E-02   0.20050257E-01   0.28941895E+00   0.00000000E+00
 20.   48.  -0.10378776E-01   0.17976568E-01   0.28941895E+00   0.00000000E+00
 20.   49.  -0.14677806E-01   0.14677807E-01   0.28941895E+00   0.00000000E+00
 20.   50.  -0.17976568E-01   0.10378777E-01   0.28941895E+00   0.00000000E+00
 20.   51.  -0.20050256E-01   0.53724502E-02   0.28941895E+00   0.00000000E+00
 20.   52.  -0.20757553E-01   0.00000000E+00   0.28941895E+00   0.00000000E+00
 20.   53.   0.68802156E-01   0.00000000E+00  -0.41583603E+00   0.00000000E+00
 20.   54.   0.66457779E-01   0.17807308E-01  -0.41583603E+00   0.00000000E+00
 20.   55.   0.59584414E-01   0.34401078E-01  -0.41583603E+00   0.00000000E+00
 20.   56.   0.48650471E-01   0.48650471E-01  -0.41583603E+00   0.00000000E+00
 20.   57.   0.34401078E-01   0.59584414E-01  -0.41583603E+00   0.00000000E+00
 20.   58.   0.17807308E-01   0.66457779E-01  -0.41583603E+00   0.00000000E+00
 20.   59.   0.40863727E-09   0.68802155E-01  -0.41583603E+00   0.00000000E+00
 20.   60.  -0.17807308E-01   0.66457779E-01  -0.41583603E+00   0.00000000E+00
 20.   61.  -0.34401077E-01   0.59584415E-01  -0.41583603E+00   0.00000000E+00
 20.   62.  -0.48650470E-01   0.48650471E-01  -0.41583603E+00   0.00000000E+00
 20.   63.  -0.59584414E-01   0.34401078E-01  -0.41583603E+00   0.00000000E+00
 20.   64.  -0.66457779E-01   0.17807309E-01  -0.41583603E+00   0.00000000E+00
 20.   65.  -0.68802155E-01   0.00000000E+00  -0.41583603E+00   0.00000000E+00
 20.   66.  -0.68802156E-01   0.00000000E+00  -0.41583603E+00   0.00000000E+00
 20.   67.  -0.66457779E-01  -0.17807308E-01  -0.41583603E+00   0.00000000E+00
 20.   68.  -0.59584414E-01  -0.34401078E-01  -0.41583603E+00   0.00000000E+00
 20.   69.  -0.48650471E-01  -0.48650471E-01  -0.41583603E+00   0.00000000E+00
 20.   70.  -0.34401078E-01  -0.59584414E-01  -0.41583603E+00   0.00000000E+00
 20.   71.  -0.17807308E-01  -0.66457779E-01  -0.41583603E+00   0.00000000E+00
 20.   72.  -0.40831456E-09  -0.68802155E-01  -0.41583603E+00   0.00000000E+00
 20.   73.   0.17807308E-01  -0.66457779E-01  -0.41583603E+00   0.00000000E+00
 20.   74.   0.34401077E-01  -0.59584415E-01  -0.41583603E+00   0.00000000E+00
 20.   75.   0.48650470E-01  -0.48650471E-01  -0.41583603E+00   0.00000000E+00
 20.   76.   0.59584414E-01  -0.34401078E-01  -0.41583603E+00   0.00000000E+00
 20.   77.   0.66457779E-01  -0.17807309E-01  -0.41583603E+00   0.00000000E+00
 20.   78.   0.68802155E-01   0.00000000E+00  -0.41583603E+00   0.00000000E+00
 21.    1.  -0.21207021E-05   0.00000000E+00   0.95537069E-06   0.00000000E+00
 21.    2.   0.10703752E-05   0.17991950E-05  -0.67566795E-06   0.00000000E+00
 21.    3.   0.10329920E-05  -0.17891938E-05  -0.47235683E-10   0.00000000E+00
 21.    4.  -0.20933334E-05  -0.27375922E-07   0.67557767E-06   0.00000000E+00
 21.    5.   0.10603574E-05   0.18365780E-05  -0.95544249E-06   0.00000000E+00
 21.    6.   0.10229725E-05  -0.18265720E-05   0.67562239E-06   0.00000000E+00
 21.    7.  -0.20659689E-05   0.12125771E-11   0.39712771E-10   0.00000000E+00
 21.    8.   0.10229675E-05   0.18265725E-05  -0.67554701E-06   0.00000000E+00
 21.    9.   0.10603473E-05  -0.18365809E-05   0.95550343E-06   0.00000000E+00
 21.   10.  -0.20933495E-05   0.27366754E-07  -0.67555091E-06   0.00000000E+00
 21.   11.   0.10329753E-05   0.17891816E-05   0.29356177E-10   0.00000000E+00
 21.   12.   0.10703605E-05  -0.17992039E-05   0.67561858E-06   0.00000000E+00
 21.   13.  -0.21207153E-05   0.00000000E+00  -0.95543053E-06   0.00000000E+00
 21.   14.  -0.53171563E-03   0.00000000E+00   0.14796696E-02   0.00000000E+00
 21.   15.   0.25721345E-03   0.49274042E-03  -0.10462845E-02   0.00000000E+00
 21.   16.   0.28947464E-03  -0.50138479E-03  -0.34272944E-10   0.00000000E+00
 21.   17.  -0.55533245E-03   0.23616802E-04   0.10462845E-02   0.00000000E+00
 21.   18.   0.26585780E-03   0.46047924E-03  -0.14796696E-02   0.00000000E+00
 21.   19.   0.29811900E-03  -0.46912360E-03   0.10462844E-02   0.00000000E+00
 21.   20.  -0.57894928E-03  -0.22606243E-10   0.65370359E-10   0.00000000E+00
 21.   21.   0.29811896E-03   0.46912362E-03  -0.10462845E-02   0.00000000E+00
 21.   22.   0.26585784E-03  -0.46047922E-03   0.14796696E-02   0.00000000E+00
 21.   23.  -0.55533245E-03  -0.23616862E-04  -0.10462843E-02   0.00000000E+00
 21.   24.   0.28947460E-03   0.50138479E-03  -0.13292263E-09   0.00000000E+00
 21.   25.   0.25721349E-03  -0.49274040E-03   0.10462845E-02   0.00000000E+00
 21.   26.  -0.53171563E-03   0.00000000E+00  -0.14796697E-02   0.00000000E+00
 21.   27.  -0.92749855E-02   0.00000000E+00   0.46388376E-01   0.00000000E+00
 21.   28.   0.41987828E-02   0.96696612E-02  -0.32801536E-01   0.00000000E+00
 21.   29.   0.58360709E-02  -0.10108371E-01  -0.14645185E-09   0.00000000E+00
 21.   30.  -0.10473564E-01   0.11985778E-02   0.32801536E-01   0.00000000E+00
 21.   31.   0.46374926E-02   0.80323732E-02  -0.46388376E-01   0.00000000E+00
 21.   32.   0.62747811E-02  -0.84710830E-02   0.32801535E-01   0.00000000E+00
 21.   33.  -0.11672142E-01  -0.37891833E-09   0.21501264E-08   0.00000000E+00
 21.   34.   0.62747802E-02   0.84710834E-02  -0.32801538E-01   0.00000000E+00
 21.   35.   0.46374934E-02  -0.80323727E-02   0.46388376E-01   0.00000000E+00
 21.   36.  -0.10473564E-01  -0.11985787E-02  -0.32801533E-01   0.00000000E+00
 21.   37.   0.58360702E-02   0.10108372E-01  -0.41679738E-08   0.00000000E+00
 21.   38.   0.41987834E-02  -0.96696606E-02   0.32801539E-01   0.00000000E+00
 21.   39.  -0.92749855E-02   0.00000000E+00  -0.46388376E-01   0.00000000E+00
 21.   40.  -0.36907968E-01   0.00000000E+00   0.32662253E+00   0.00000000E+00
 21.   41.   0.14108797E-01   0.48179698E-01  -0.23095700E+00   0.00000000E+00
 21.   42.   0.30325256E-01  -0.52524885E-01  -0.11075819E-08   0.00000000E+00
 21.   43.  -0.48779240E-01   0.11871271E-01   0.23095701E+00   0.00000000E+00
 21.   44.   0.18453983E-01   0.31963239E-01  -0.32662253E+00   0.00000000E+00
 21.   45.   0.34670445E-01  -0.36308425E-01   0.23095700E+00   0.00000000E+00
 21.   46.  -0.60650513E-01  -0.14270635E-08   0.15374725E-07   0.00000000E+00
 21.   47.   0.34670440E-01   0.36308426E-01  -0.23095702E+00   0.00000000E+00
 21.   48.   0.18453988E-01  -0.31963236E-01   0.32662253E+00   0.00000000E+00
 21.   49.  -0.48779241E-01  -0.11871275E-01  -0.23095699E+00   0.00000000E+00
 21.   50.   0.30325254E-01   0.52524886E-01  -0.29572556E-07   0.00000000E+00
 21.   51.   0.14108800E-01  -0.48179694E-01   0.23095703E+00   0.00000000E+00
 21.   52.  -0.36907968E-01   0.00000000E+00  -0.32662253E+00   0.00000000E+00
 21.   53.  -0.76446754E-01   0.00000000E+00   0.99714798E+00   0.00000000E+00
 21.   54.   0.26944289E-01   0.10829896E+00  -0.70509010E+00   0.00000000E+00
 21.   55.   0.69038419E-01  -0.11957805E+00  -0.32310088E-08   0.00000000E+00
 21.   56.  -0.10726180E+00   0.30815040E-01   0.70509012E+00   0.00000000E+00
 21.   57.   0.38223375E-01   0.66204833E-01  -0.99714798E+00   0.00000000E+00
 21.   58.   0.80317509E-01  -0.77483919E-01   0.70509008E+00   0.00000000E+00
 21.   59.  -0.13807684E+00  -0.28805672E-08   0.46922250E-07   0.00000000E+00
 21.   60.   0.80317500E-01   0.77483921E-01  -0.70509015E+00   0.00000000E+00
 21.   61.   0.38223385E-01  -0.66204827E-01   0.99714798E+00   0.00000000E+00
 21.   62.  -0.10726180E+00  -0.30815049E-01  -0.70509005E+00   0.00000000E+00
 21.   63.   0.69038414E-01   0.11957805E+00  -0.90420119E-07   0.00000000E+00
 21.   64.   0.26944295E-01  -0.10829895E+00   0.70509017E+00   0.00000000E+00
 21.   65.  -0.76446754E-01   0.00000000E+00  -0.99714798E+00   0.00000000E+00
 21.   66.   0.76446754E-01   0.00000000E+00   0.99714798E+00   0.00000000E+00
 21.   67.  -0.26944289E-01  -0.10829896E+00  -0.70509010E+00   0.00000000E+00
 21.   68.  -0.69038419E-01   0.11957805E+00  -0.32310981E-08   0.00000000E+00
 21.   69.   0.10726180E+00  -0.30815040E-01   0.70509012E+00   0.00000000E+00
 21.   70.  -0.38223375E-01  -0.66204833E-01  -0.99714798E+00   0.00000000E+00
 21.   71.  -0.80317509E-01   0.77483919E-01   0.70509008E+00   0.00000000E+00
 21.   72.   0.13807684E+00   0.28661235E-08   0.46923064E-07   0.00000000E+00
 21.   73.  -0.80317500E-01  -0.77483921E-01  -0.70509015E+00   0.00000000E+00
 21.   74.  -0.38223385E-01   0.66204827E-01   0.99714798E+00   0.00000000E+00
 21.   75.   0.10726180E+00   0.30815049E-01  -0.70509005E+00   0.00000000E+00
 21.   76.  -0.69038414E-01  -0.11957805E+00  -0.90419615E-07   0.00000000E+00
 21.   77.  -0.26944295E-01   0.10829895E+00   0.70509017E+00   0.00000000E+00
 21.   78.   0.76446754E-01   0.00000000E+00  -0.99714798E+00   0.00000000E+00
 22.    1.  -0.50050611E-01   0.00000000E+00   0.31001243E+00   0.00000000E+00
 22.    2.  -0.51606447E-01   0.55857068E-01   0.21921189E+00   0.00000000E+00
 22.    3.  -0.47595722E-01   0.82438209E-01   0.40395498E-09   0.00000000E+00
 22.    4.  -0.22570417E-01   0.72621028E-01  -0.21921189E+00   0.00000000E+00
 22.    5.   0.25025305E-01   0.43345101E-01  -0.31001243E+00   0.00000000E+00
 22.    6.   0.74176862E-01   0.16763960E-01  -0.21921190E+00   0.00000000E+00
 22.    7.   0.95191444E-01   0.19140781E-09  -0.51769845E-08   0.00000000E+00
 22.    8.   0.74176864E-01  -0.16763959E-01   0.21921189E+00   0.00000000E+00
 22.    9.   0.25025307E-01  -0.43345100E-01   0.31001243E+00   0.00000000E+00
 22.   10.  -0.22570415E-01  -0.72621027E-01   0.21921190E+00   0.00000000E+00
 22.   11.  -0.47595721E-01  -0.82438209E-01   0.87103443E-08   0.00000000E+00
 22.   12.  -0.51606446E-01  -0.55857069E-01  -0.21921189E+00   0.00000000E+00
 22.   13.  -0.50050611E-01   0.00000000E+00  -0.31001243E+00   0.00000000E+00
 22.   14.  -0.12395624E-01   0.00000000E+00   0.98798036E+00   0.00000000E+00
 22.   15.  -0.31995849E-01   0.85544660E-01   0.69860761E+00   0.00000000E+00
 22.   16.  -0.64283736E-01   0.11134270E+00   0.88551704E-09   0.00000000E+00
 22.   17.  -0.58085925E-01   0.70481549E-01  -0.69860761E+00   0.00000000E+00
 22.   18.   0.61978111E-02   0.10734925E-01  -0.98798036E+00   0.00000000E+00
 22.   19.   0.90081773E-01  -0.15063112E-01  -0.69860762E+00   0.00000000E+00
 22.   20.   0.12856747E+00  -0.45659686E-09  -0.15365523E-07   0.00000000E+00
 22.   21.   0.90081776E-01   0.15063112E-01   0.69860759E+00   0.00000000E+00
 22.   22.   0.61978143E-02  -0.10734924E-01   0.98798036E+00   0.00000000E+00
 22.   23.  -0.58085923E-01  -0.70481547E-01   0.69860763E+00   0.00000000E+00
 22.   24.  -0.64283737E-01  -0.11134270E+00   0.30131537E-07   0.00000000E+00
 22.   25.  -0.31995850E-01  -0.85544663E-01  -0.69860759E+00   0.00000000E+00
 22.   26.  -0.12395624E-01   0.00000000E+00  -0.98798036E+00   0.00000000E+00
 22.   27.   0.11623357E+00   0.00000000E+00   0.12634828E+00   0.00000000E+00
 22.   28.   0.77450496E-01   0.28506841E-01   0.89341727E-01   0.00000000E+00
 22.   29.  -0.52961099E-02   0.91731315E-02  -0.95687249E-10   0.00000000E+00
 22.   30.  -0.63412896E-01  -0.52820676E-01  -0.89341726E-01   0.00000000E+00
 22.   31.  -0.58116787E-01  -0.10066123E+00  -0.12634828E+00   0.00000000E+00
 22.   32.  -0.14037600E-01  -0.81327519E-01  -0.89341728E-01   0.00000000E+00
 22.   33.   0.10592220E-01  -0.20163089E-08  -0.20078749E-08   0.00000000E+00
 22.   34.  -0.14037598E-01   0.81327516E-01   0.89341725E-01   0.00000000E+00
 22.   35.  -0.58116786E-01   0.10066123E+00   0.12634828E+00   0.00000000E+00
 22.   36.  -0.63412898E-01   0.52820679E-01   0.89341729E-01   0.00000000E+00
 22.   37.  -0.52961130E-02  -0.91731297E-02   0.38021707E-08   0.00000000E+00
 22.   38.   0.77450494E-01  -0.28506842E-01  -0.89341724E-01   0.00000000E+00
 22.   39.   0.11623357E+00   0.00000000E+00  -0.12634828E+00   0.00000000E+00
 22.   40.  -0.43137713E-01   0.00000000E+00  -0.57360862E+00   0.00000000E+00
 22.   41.  -0.23018045E-01  -0.31949911E-01  -0.40560254E+00   0.00000000E+00
 22.   42.   0.17609600E-01  -0.30500723E-01  -0.38013508E-09   0.00000000E+00
 22.   43.   0.39178457E-01   0.39592558E-02   0.40560254E+00   0.00000000E+00
 22.   44.   0.21568857E-01   0.37358355E-01   0.57360862E+00   0.00000000E+00
 22.   45.  -0.16160412E-01   0.35909168E-01   0.40560254E+00   0.00000000E+00
 22.   46.  -0.35219201E-01   0.91726212E-09   0.89114077E-08   0.00000000E+00
 22.   47.  -0.16160413E-01  -0.35909166E-01  -0.40560253E+00   0.00000000E+00
 22.   48.   0.21568856E-01  -0.37358356E-01  -0.57360862E+00   0.00000000E+00
 22.   49.   0.39178457E-01  -0.39592575E-02  -0.40560255E+00   0.00000000E+00
 22.   50.   0.17609602E-01   0.30500722E-01  -0.17403496E-07   0.00000000E+00
 22.   51.  -0.23018044E-01   0.31949912E-01   0.40560253E+00   0.00000000E+00
 22.   52.  -0.43137713E-01   0.00000000E+00   0.57360861E+00   0.00000000E+00
 22.   53.  -0.13340817E+00   0.00000000E+00   0.80184520E+00   0.00000000E+00
 22.   54.  -0.97256702E-01  -0.15109427E-02   0.56699018E+00   0.00000000E+00
 22.   55.  -0.16767219E-01   0.29041675E-01   0.88038783E-09   0.00000000E+00
 22.   56.   0.49936866E-01   0.83471303E-01  -0.56699018E+00   0.00000000E+00
 22.   57.   0.66704085E-01   0.11553486E+00  -0.80184520E+00   0.00000000E+00
 22.   58.   0.47319836E-01   0.84982247E-01  -0.56699019E+00   0.00000000E+00
 22.   59.   0.33534438E-01   0.20668300E-08  -0.12164181E-07   0.00000000E+00
 22.   60.   0.47319836E-01  -0.84982244E-01   0.56699017E+00   0.00000000E+00
 22.   61.   0.66704085E-01  -0.11553486E+00   0.80184520E+00   0.00000000E+00
 22.   62.   0.49936867E-01  -0.83471305E-01   0.56699019E+00   0.00000000E+00
 22.   63.  -0.16767215E-01  -0.29041677E-01   0.24899350E-07   0.00000000E+00
 22.   64.  -0.97256700E-01   0.15109425E-02  -0.56699016E+00   0.00000000E+00
 22.   65.  -0.13340817E+00   0.00000000E+00  -0.80184520E+00   0.00000000E+00
 22.   66.   0.13340817E+00   0.00000000E+00   0.80184520E+00   0.00000000E+00
 22.   67.   0.97256702E-01   0.15109428E-02   0.56699018E+00   0.00000000E+00
 22.   68.   0.16767219E-01  -0.29041675E-01   0.88792751E-09   0.00000000E+00
 22.   69.  -0.49936866E-01  -0.83471303E-01  -0.56699018E+00   0.00000000E+00
 22.   70.  -0.66704085E-01  -0.11553486E+00  -0.80184520E+00   0.00000000E+00
 22.   71.  -0.47319837E-01  -0.84982247E-01  -0.56699019E+00   0.00000000E+00
 22.   72.  -0.33534438E-01  -0.15709235E-08  -0.12183855E-07   0.00000000E+00
 22.   73.  -0.47319836E-01   0.84982245E-01   0.56699017E+00   0.00000000E+00
 22.   74.  -0.66704085E-01   0.11553486E+00   0.80184520E+00   0.00000000E+00
 22.   75.  -0.49936868E-01   0.83471305E-01   0.56699019E+00   0.00000000E+00
 22.   76.   0.16767216E-01   0.29041677E-01   0.24869831E-07   0.00000000E+00
 22.   77.   0.97256700E-01  -0.15109424E-02  -0.56699016E+00   0.00000000E+00
 22.   78.   0.13340817E+00   0.00000000E+00  -0.80184520E+00   0.00000000E+00
 23.    1.   0.10018728E+00   0.00000000E+00   0.99738575E+00   0.00000000E+00
 23.    2.   0.88176599E-01   0.44824475E-01   0.96340066E+00   0.00000000E+00
 23.    3.   0.55362806E-01   0.77638267E-01   0.86376140E+00   0.00000000E+00
 23.    4.   0.10538332E-01   0.89648949E-01   0.70525823E+00   0.00000000E+00
 23.    5.  -0.34286142E-01   0.77638268E-01   0.49869288E+00   0.00000000E+00
 23.    6.  -0.67099935E-01   0.44824475E-01   0.25814243E+00   0.00000000E+00
 23.    7.  -0.79110617E-01   0.96048125E-09   0.52502597E-08   0.00000000E+00
 23.    8.  -0.67099936E-01  -0.44824473E-01  -0.25814242E+00   0.00000000E+00
 23.    9.  -0.34286144E-01  -0.77638267E-01  -0.49869287E+00   0.00000000E+00
 23.   10.   0.10538330E-01  -0.89648949E-01  -0.70525822E+00   0.00000000E+00
 23.   11.   0.55362805E-01  -0.77638268E-01  -0.86376140E+00   0.00000000E+00
 23.   12.   0.88176598E-01  -0.44824476E-01  -0.96340066E+00   0.00000000E+00
 23.   13.   0.10018728E+00   0.00000000E+00  -0.99738575E+00   0.00000000E+00
 23.   14.   0.68813971E-01   0.00000000E+00  -0.17646440E+00   0.00000000E+00
 23.   15.   0.64713972E-01   0.15301406E-01  -0.17045152E+00   0.00000000E+00
 23.   16.   0.53512565E-01   0.26502813E-01  -0.15282265E+00   0.00000000E+00
 23.   17.   0.38211159E-01   0.30602813E-01  -0.12477917E+00   0.00000000E+00
 23.   18.   0.22909752E-01   0.26502813E-01  -0.88232200E-01   0.00000000E+00
 23.   19.   0.11708345E-01   0.15301407E-01  -0.45672348E-01   0.00000000E+00
 23.   20.   0.76083457E-02   0.31083961E-09  -0.95878444E-09   0.00000000E+00
 23.   21.   0.11708345E-01  -0.15301406E-01   0.45672346E-01   0.00000000E+00
 23.   22.   0.22909752E-01  -0.26502813E-01   0.88232198E-01   0.00000000E+00
 23.   23.   0.38211158E-01  -0.30602813E-01   0.12477917E+00   0.00000000E+00
 23.   24.   0.53512564E-01  -0.26502814E-01   0.15282265E+00   0.00000000E+00
 23.   25.   0.64713972E-01  -0.15301407E-01   0.17045152E+00   0.00000000E+00
 23.   26.   0.68813971E-01   0.00000000E+00   0.17646440E+00   0.00000000E+00
 23.   27.  -0.55242660E-01   0.00000000E+00  -0.18102461E+00   0.00000000E+00
 23.   28.  -0.51203889E-01  -0.15072898E-01  -0.17485634E+00   0.00000000E+00
 23.   29.  -0.40169762E-01  -0.26107025E-01  -0.15677191E+00   0.00000000E+00
 23.   30.  -0.25096865E-01  -0.30145795E-01  -0.12800373E+00   0.00000000E+00
 23.   31.  -0.10023967E-01  -0.26107025E-01  -0.90512305E-01   0.00000000E+00
 23.   32.   0.10101603E-02  -0.15072898E-01  -0.46852617E-01   0.00000000E+00
 23.   33.   0.50489311E-02  -0.27024931E-09  -0.91878152E-09   0.00000000E+00
 23.   34.   0.10101606E-02   0.15072897E-01   0.46852615E-01   0.00000000E+00
 23.   35.  -0.10023966E-01   0.26107024E-01   0.90512303E-01   0.00000000E+00
 23.   36.  -0.25096864E-01   0.30145795E-01   0.12800373E+00   0.00000000E+00
 23.   37.  -0.40169762E-01   0.26107025E-01   0.15677191E+00   0.00000000E+00
 23.   38.  -0.51203889E-01   0.15072898E-01   0.17485634E+00   0.00000000E+00
 23.   39.  -0.55242660E-01   0.00000000E+00   0.18102461E+00   0.00000000E+00
 23.   40.   0.13036465E-01   0.00000000E+00   0.28222176E+00   0.00000000E+00
 23.   41.   0.11776653E-01   0.47016804E-02   0.27260529E+00   0.00000000E+00
 23.   42.   0.83347846E-02   0.81435492E-02   0.24441121E+00   0.00000000E+00
 23.   43.   0.36331043E-02   0.94033607E-02   0.19956092E+00   0.00000000E+00
 23.   44.  -0.10685761E-02   0.81435493E-02   0.14111088E+00   0.00000000E+00
 23.   45.  -0.45104450E-02   0.47016804E-02   0.73044367E-01   0.00000000E+00
 23.   46.  -0.57702565E-02   0.83076494E-10   0.14971015E-08   0.00000000E+00
 23.   47.  -0.45104451E-02  -0.47016802E-02  -0.73044364E-01   0.00000000E+00
 23.   48.  -0.10685762E-02  -0.81435491E-02  -0.14111088E+00   0.00000000E+00
 23.   49.   0.36331041E-02  -0.94033607E-02  -0.19956092E+00   0.00000000E+00
 23.   50.   0.83347844E-02  -0.81435493E-02  -0.24441121E+00   0.00000000E+00
 23.   51.   0.11776653E-01  -0.47016805E-02  -0.27260529E+00   0.00000000E+00
 23.   52.   0.13036465E-01   0.00000000E+00  -0.28222176E+00   0.00000000E+00
 23.   53.   0.68483928E-01   0.00000000E+00  -0.38843527E+00   0.00000000E+00
 23.   54.   0.64254914E-01   0.15782897E-01  -0.37519966E+00   0.00000000E+00
 23.   55.   0.52701031E-01   0.27336780E-01  -0.33639481E+00   0.00000000E+00
 23.   56.   0.36918134E-01   0.31565795E-01  -0.27466521E+00   0.00000000E+00
 23.   57.   0.21135236E-01   0.27336780E-01  -0.19421763E+00   0.00000000E+00
 23.   58.   0.95813532E-02   0.15782898E-01  -0.10053445E+00   0.00000000E+00
 23.   59.   0.53523385E-02   0.28456804E-09  -0.21385788E-08   0.00000000E+00
 23.   60.   0.95813529E-02  -0.15782897E-01   0.10053444E+00   0.00000000E+00
 23.   61.   0.21135236E-01  -0.27336780E-01   0.19421763E+00   0.00000000E+00
 23.   62.   0.36918133E-01  -0.31565795E-01   0.27466521E+00   0.00000000E+00
 23.   63.   0.52701030E-01  -0.27336781E-01   0.33639481E+00   0.00000000E+00
 23.   64.   0.64254913E-01  -0.15782898E-01   0.37519966E+00   0.00000000E+00
 23.   65.   0.68483928E-01   0.00000000E+00   0.38843527E+00   0.00000000E+00
 23.   66.  -0.68483928E-01   0.00000000E+00  -0.38843527E+00   0.00000000E+00
 23.   67.  -0.64254914E-01  -0.15782897E-01  -0.37519966E+00   0.00000000E+00
 23.   68.  -0.52701031E-01  -0.27336780E-01  -0.33639481E+00   0.00000000E+00
 23.   69.  -0.36918134E-01  -0.31565795E-01  -0.27466521E+00   0.00000000E+00
 23.   70.  -0.21135236E-01  -0.27336780E-01  -0.19421763E+00   0.00000000E+00
 23.   71.  -0.95813532E-02  -0.15782898E-01  -0.10053445E+00   0.00000000E+00
 23.   72.  -0.53523385E-02  -0.42129377E-09  -0.21361097E-08   0.00000000E+00
 23.   73.  -0.95813529E-02   0.15782897E-01   0.10053444E+00   0.00000000E+00
 23.   74.  -0.21135236E-01   0.27336780E-01   0.19421763E+00   0.00000000E+00
 23.   75.  -0.36918133E-01   0.31565795E-01   0.27466521E+00   0.00000000E+00
 23.   76.  -0.52701030E-01   0.27336781E-01   0.33639481E+00   0.00000000E+00
 23.   77.  -0.64254913E-01   0.15782898E-01   0.37519966E+00   0.00000000E+00
 23.   78.  -0.68483928E-01   0.00000000E+00   0.38843527E+00   0.00000000E+00
 24.    1.  -0.17218927E-02   0.00000000E+00   0.21151099E-02   0.00000000E+00
 24.    2.  -0.49317693E-03   0.18405595E-02  -0.51669385E-09   0.00000000E+00
 24.    3.   0.14912021E-02   0.86094620E-03  -0.21151111E-02   0.00000000E+00
 24.    4.   0.13473829E-02  -0.13473830E-02  -0.39120180E-09   0.00000000E+00
 24.    5.  -0.86094583E-03  -0.14912025E-02   0.21151106E-02   0.00000000E+00
 24.    6.  -0.18405591E-02   0.49317634E-03   0.69557694E-09   0.00000000E+00
 24.    7.  -0.36627160E-09   0.17218921E-02  -0.21151100E-02   0.00000000E+00
 24.    8.   0.18405588E-02   0.49317630E-03  -0.40068138E-09   0.00000000E+00
 24.    9.   0.86094609E-03  -0.14912026E-02   0.21151093E-02   0.00000000E+00
 24.   10.  -0.13473824E-02  -0.13473829E-02  -0.84577043E-09   0.00000000E+00
 24.   11.  -0.14912019E-02   0.86094608E-03  -0.21151106E-02   0.00000000E+00
 24.   12.   0.49317674E-03   0.18405594E-02   0.12157986E-10   0.00000000E+00
 24.   13.   0.17218924E-02   0.00000000E+00   0.21151107E-02   0.00000000E+00
 24.   14.  -0.31830133E-01   0.00000000E+00   0.15787340E+00   0.00000000E+00
 24.   15.  -0.10609575E-01   0.39595475E-01   0.22305525E-09   0.00000000E+00
 24.   16.   0.27565703E-01   0.15915066E-01  -0.15787340E+00   0.00000000E+00
 24.   17.   0.28985900E-01  -0.28985899E-01  -0.27094634E-08   0.00000000E+00
 24.   18.  -0.15915066E-01  -0.27565704E-01   0.15787340E+00   0.00000000E+00
 24.   19.  -0.39595475E-01   0.10609575E-01   0.27966994E-08   0.00000000E+00
 24.   20.  -0.92251018E-09   0.31830133E-01  -0.15787340E+00   0.00000000E+00
 24.   21.   0.39595474E-01   0.10609577E-01  -0.70273152E-08   0.00000000E+00
 24.   22.   0.15915068E-01  -0.27565703E-01   0.15787340E+00   0.00000000E+00
 24.   23.  -0.28985898E-01  -0.28985901E-01   0.73499266E-08   0.00000000E+00
 24.   24.  -0.27565705E-01   0.15915064E-01  -0.15787340E+00   0.00000000E+00
 24.   25.   0.10609574E-01   0.39595475E-01  -0.95027299E-08   0.00000000E+00
 24.   26.   0.31830132E-01   0.00000000E+00   0.15787340E+00   0.00000000E+00
 24.   27.  -0.48423968E-01   0.00000000E+00   0.80101641E+00   0.00000000E+00
 24.   28.  -0.34602806E-01   0.12913943E+00   0.58862464E-09   0.00000000E+00
 24.   29.   0.41936386E-01   0.24211984E-01  -0.80101641E+00   0.00000000E+00
 24.   30.   0.94536623E-01  -0.94536622E-01  -0.11577620E-07   0.00000000E+00
 24.   31.  -0.24211982E-01  -0.41936387E-01   0.80101641E+00   0.00000000E+00
 24.   32.  -0.12913943E+00   0.34602805E-01   0.12669254E-07   0.00000000E+00
 24.   33.  -0.37978672E-08   0.48423967E-01  -0.80101641E+00   0.00000000E+00
 24.   34.   0.12913943E+00   0.34602806E-01  -0.37872723E-07   0.00000000E+00
 24.   35.   0.24211989E-01  -0.41936383E-01   0.80101641E+00   0.00000000E+00
 24.   36.  -0.94536622E-01  -0.94536623E-01   0.38154351E-07   0.00000000E+00
 24.   37.  -0.41936389E-01   0.24211977E-01  -0.80101641E+00   0.00000000E+00
 24.   38.   0.34602804E-01   0.12913943E+00  -0.49700293E-07   0.00000000E+00
 24.   39.   0.48423967E-01   0.00000000E+00   0.80101641E+00   0.00000000E+00
 24.   40.   0.87837444E-01   0.00000000E+00   0.64945548E+00   0.00000000E+00
 24.   41.  -0.20617425E-01   0.76945278E-01   0.52746849E-09   0.00000000E+00
 24.   42.  -0.76069458E-01  -0.43918722E-01  -0.64945548E+00   0.00000000E+00
 24.   43.   0.56327852E-01  -0.56327854E-01  -0.95745431E-08   0.00000000E+00
 24.   44.   0.43918723E-01   0.76069457E-01   0.64945548E+00   0.00000000E+00
 24.   45.  -0.76945278E-01   0.20617427E-01   0.10445942E-07   0.00000000E+00
 24.   46.  -0.29180178E-08  -0.87837444E-01  -0.64945548E+00   0.00000000E+00
 24.   47.   0.76945280E-01   0.20617421E-01  -0.30374659E-07   0.00000000E+00
 24.   48.  -0.43918718E-01   0.76069460E-01   0.64945548E+00   0.00000000E+00
 24.   49.  -0.56327857E-01  -0.56327850E-01   0.30637923E-07   0.00000000E+00
 24.   50.   0.76069455E-01  -0.43918727E-01  -0.64945548E+00   0.00000000E+00
 24.   51.   0.20617431E-01   0.76945277E-01  -0.40374838E-07   0.00000000E+00
 24.   52.  -0.87837444E-01   0.00000000E+00   0.64945548E+00   0.00000000E+00
 24.   53.   0.14747910E+00   0.00000000E+00  -0.99917622E+00   0.00000000E+00
 24.   54.   0.22061590E-01  -0.82334973E-01  -0.61581105E-09   0.00000000E+00
 24.   55.  -0.12772064E+00  -0.73739548E-01   0.99917622E+00   0.00000000E+00
 24.   56.  -0.60273385E-01   0.60273382E-01   0.15139825E-07   0.00000000E+00
 24.   57.   0.73739548E-01   0.12772064E+00  -0.99917622E+00   0.00000000E+00
 24.   58.   0.82334974E-01  -0.22061587E-01  -0.15932238E-07   0.00000000E+00
 24.   59.   0.20931194E-08  -0.14747910E+00   0.99917623E+00   0.00000000E+00
 24.   60.  -0.82334972E-01  -0.22061595E-01   0.47088884E-07   0.00000000E+00
 24.   61.  -0.73739551E-01   0.12772064E+00  -0.99917622E+00   0.00000000E+00
 24.   62.   0.60273379E-01   0.60273388E-01  -0.46904072E-07   0.00000000E+00
 24.   63.   0.12772065E+00  -0.73739545E-01   0.99917622E+00   0.00000000E+00
 24.   64.  -0.22061582E-01  -0.82334975E-01   0.62249025E-07   0.00000000E+00
 24.   65.  -0.14747910E+00   0.00000000E+00  -0.99917622E+00   0.00000000E+00
 24.   66.  -0.14747910E+00   0.00000000E+00  -0.99917622E+00   0.00000000E+00
 24.   67.  -0.22061590E-01   0.82334974E-01  -0.67760219E-09   0.00000000E+00
 24.   68.   0.12772064E+00   0.73739549E-01   0.99917622E+00   0.00000000E+00
 24.   69.   0.60273385E-01  -0.60273383E-01   0.15125090E-07   0.00000000E+00
 24.   70.  -0.73739548E-01  -0.12772064E+00  -0.99917622E+00   0.00000000E+00
 24.   71.  -0.82334975E-01   0.22061588E-01  -0.15888436E-07   0.00000000E+00
 24.   72.  -0.20480049E-08   0.14747910E+00   0.99917623E+00   0.00000000E+00
 24.   73.   0.82334972E-01   0.22061596E-01   0.47104376E-07   0.00000000E+00
 24.   74.   0.73739551E-01  -0.12772064E+00  -0.99917622E+00   0.00000000E+00
 24.   75.  -0.60273380E-01  -0.60273388E-01  -0.46796230E-07   0.00000000E+00
 24.   76.  -0.12772065E+00   0.73739546E-01   0.99917622E+00   0.00000000E+00
 24.   77.   0.22061582E-01   0.82334976E-01   0.62292348E-07   0.00000000E+00
 24.   78.   0.14747910E+00   0.00000000E+00  -0.99917622E+00   0.00000000E+00
