mode k UX UY UZ VOLT(zero: no VOLT dof)
  1.    1.   0.99995575E+00   0.00000000E+00   0.75988165E-01   0.00000000E+00
  1.    2.   0.99995575E+00   0.11196814E-10   0.75958011E-01   0.00000000E+00
  1.    3.   0.99995575E+00   0.21244271E-10   0.75869606E-01   0.00000000E+00
  1.    4.   0.99995575E+00   0.29779780E-10   0.75728975E-01   0.00000000E+00
  1.    5.   0.99995575E+00   0.36880742E-10   0.75545700E-01   0.00000000E+00
  1.    6.   0.99995575E+00   0.42400123E-10   0.75332272E-01   0.00000000E+00
  1.    7.   0.99995575E+00   0.45209871E-10   0.75103235E-01   0.00000000E+00
  1.    8.   0.99995575E+00   0.44535678E-10   0.74874199E-01   0.00000000E+00
  1.    9.   0.99995575E+00   0.40535915E-10   0.74660771E-01   0.00000000E+00
  1.   10.   0.99995575E+00   0.33621278E-10   0.74477496E-01   0.00000000E+00
  1.   11.   0.99995575E+00   0.24641551E-10   0.74336864E-01   0.00000000E+00
  1.   12.   0.99995575E+00   0.13355503E-10   0.74248460E-01   0.00000000E+00
  1.   13.   0.99995575E+00   0.00000000E+00   0.74218306E-01   0.00000000E+00
  1.   14.   0.99995575E+00   0.00000000E+00   0.77094325E-01   0.00000000E+00
  1.   15.   0.99995575E+00   0.16999601E-10   0.77026480E-01   0.00000000E+00
  1.   16.   0.99995575E+00   0.32345754E-10   0.76827569E-01   0.00000000E+00
  1.   17.   0.99995575E+00   0.43772928E-10   0.76511147E-01   0.00000000E+00
  1.   18.   0.99995575E+00   0.52017060E-10   0.76098778E-01   0.00000000E+00
  1.   19.   0.99995575E+00   0.55587384E-10   0.75618565E-01   0.00000000E+00
  1.   20.   0.99995575E+00   0.55418084E-10   0.75103233E-01   0.00000000E+00
  1.   21.   0.99995575E+00   0.52229457E-10   0.74587901E-01   0.00000000E+00
  1.   22.   0.99995575E+00   0.46849138E-10   0.74107688E-01   0.00000000E+00
  1.   23.   0.99995575E+00   0.39016102E-10   0.73695320E-01   0.00000000E+00
  1.   24.   0.99995575E+00   0.29800356E-10   0.73378899E-01   0.00000000E+00
  1.   25.   0.99995575E+00   0.17251146E-10   0.73179988E-01   0.00000000E+00
  1.   26.   0.99995575E+00   0.00000000E+00   0.73112144E-01   0.00000000E+00
  1.   27.   0.99995575E+00   0.00000000E+00   0.78200486E-01   0.00000000E+00
  1.   28.   0.99995575E+00   0.28051370E-10   0.78094949E-01   0.00000000E+00
  1.   29.   0.99995575E+00   0.48869155E-10   0.77785531E-01   0.00000000E+00
  1.   30.   0.99995575E+00   0.61318309E-10   0.77293319E-01   0.00000000E+00
  1.   31.   0.99995575E+00   0.68240760E-10   0.76651856E-01   0.00000000E+00
  1.   32.   0.99995575E+00   0.70125550E-10   0.75904857E-01   0.00000000E+00
  1.   33.   0.99995575E+00   0.69944268E-10   0.75103230E-01   0.00000000E+00
  1.   34.   0.99995575E+00   0.67368169E-10   0.74301602E-01   0.00000000E+00
  1.   35.   0.99995575E+00   0.60532651E-10   0.73554604E-01   0.00000000E+00
  1.   36.   0.99995575E+00   0.51840571E-10   0.72913143E-01   0.00000000E+00
  1.   37.   0.99995575E+00   0.40165912E-10   0.72420933E-01   0.00000000E+00
  1.   38.   0.99995575E+00   0.22556491E-10   0.72111517E-01   0.00000000E+00
  1.   39.   0.99995575E+00   0.00000000E+00   0.72005981E-01   0.00000000E+00
  1.   40.   0.99995575E+00   0.00000000E+00   0.79306648E-01   0.00000000E+00
  1.   41.   0.99995575E+00   0.39857873E-10   0.79163419E-01   0.00000000E+00
  1.   42.   0.99995575E+00   0.63510306E-10   0.78743494E-01   0.00000000E+00
  1.   43.   0.99995575E+00   0.73943865E-10   0.78075490E-01   0.00000000E+00
  1.   44.   0.99995575E+00   0.78488665E-10   0.77204933E-01   0.00000000E+00
  1.   45.   0.99995575E+00   0.80091625E-10   0.76191149E-01   0.00000000E+00
  1.   46.   0.99995575E+00   0.79845716E-10   0.75103226E-01   0.00000000E+00
  1.   47.   0.99995575E+00   0.76359599E-10   0.74015303E-01   0.00000000E+00
  1.   48.   0.99995575E+00   0.68249532E-10   0.73001520E-01   0.00000000E+00
  1.   49.   0.99995575E+00   0.58492935E-10   0.72130966E-01   0.00000000E+00
  1.   50.   0.99995575E+00   0.46341106E-10   0.71462966E-01   0.00000000E+00
  1.   51.   0.99995575E+00   0.27146840E-10   0.71043044E-01   0.00000000E+00
  1.   52.   0.99995575E+00   0.00000000E+00   0.70899817E-01   0.00000000E+00
  1.   53.   0.99995575E+00   0.00000000E+00   0.80412809E-01   0.00000000E+00
  1.   54.   0.99995575E+00   0.47107199E-10   0.80231888E-01   0.00000000E+00
  1.   55.   0.99995575E+00   0.71782723E-10   0.79701456E-01   0.00000000E+00
  1.   56.   0.99995575E+00   0.80281139E-10   0.78857662E-01   0.00000000E+00
  1.   57.   0.99995575E+00   0.80663660E-10   0.77758010E-01   0.00000000E+00
  1.   58.   0.99995575E+00   0.81781604E-10   0.76477441E-01   0.00000000E+00
  1.   59.   0.99995575E+00   0.80402238E-10   0.75103222E-01   0.00000000E+00
  1.   60.   0.99995575E+00   0.75360380E-10   0.73729004E-01   0.00000000E+00
  1.   61.   0.99995575E+00   0.67145502E-10   0.72448436E-01   0.00000000E+00
  1.   62.   0.99995575E+00   0.58662817E-10   0.71348788E-01   0.00000000E+00
  1.   63.   0.99995575E+00   0.47391719E-10   0.70505000E-01   0.00000000E+00
  1.   64.   0.99995575E+00   0.28074941E-10   0.69974572E-01   0.00000000E+00
  1.   65.   0.99995575E+00   0.00000000E+00   0.69793653E-01   0.00000000E+00
  1.   66.   0.10000000E+01   0.00000000E+00   0.80412809E-01   0.00000000E+00
  1.   67.   0.10000000E+01  -0.47196830E-10   0.80231888E-01   0.00000000E+00
  1.   68.   0.10000000E+01  -0.71234186E-10   0.79701456E-01   0.00000000E+00
  1.   69.   0.10000000E+01  -0.79631912E-10   0.78857662E-01   0.00000000E+00
  1.   70.   0.10000000E+01  -0.80095093E-10   0.77758010E-01   0.00000000E+00
  1.   71.   0.10000000E+01  -0.81461991E-10   0.76477441E-01   0.00000000E+00
  1.   72.   0.10000000E+01  -0.79985292E-10   0.75103222E-01   0.00000000E+00
  1.   73.   0.10000000E+01  -0.75109392E-10   0.73729004E-01   0.00000000E+00
  1.   74.   0.10000000E+01  -0.67275385E-10   0.72448436E-01   0.00000000E+00
  1.   75.   0.10000000E+01  -0.59484841E-10   0.71348788E-01   0.00000000E+00
  1.   76.   0.10000000E+01  -0.48403735E-10   0.70505000E-01   0.00000000E+00
  1.   77.   0.10000000E+01  -0.28498394E-10   0.69974572E-01   0.00000000E+00
  1.   78.   0.10000000E+01   0.00000000E+00   0.69793653E-01   0.00000000E+00
  2.    1.  -0.38070604E-01   0.00000000E+00   0.46417571E+00   0.00000000E+00
  2.    2.  -0.38070604E-01   0.49259015E-10   0.46678396E+00   0.00000000E+00
  2.    3.  -0.38070604E-01   0.95411732E-10   0.47443097E+00   0.00000000E+00
  2.    4.  -0.38070605E-01   0.13687517E-09   0.48659561E+00   0.00000000E+00
  2.    5.  -0.38070605E-01   0.17445061E-09   0.50244888E+00   0.00000000E+00
  2.    6.  -0.38070605E-01   0.20464625E-09   0.52091040E+00   0.00000000E+00
  2.    7.  -0.38070605E-01   0.22277374E-09   0.54072204E+00   0.00000000E+00
  2.    8.  -0.38070605E-01   0.22459179E-09   0.56053369E+00   0.00000000E+00
  2.    9.  -0.38070605E-01   0.20920967E-09   0.57899521E+00   0.00000000E+00
  2.   10.  -0.38070605E-01   0.17792621E-09   0.59484848E+00   0.00000000E+00
  2.   11.  -0.38070605E-01   0.13273079E-09   0.60701311E+00   0.00000000E+00
  2.   12.  -0.38070605E-01   0.72162258E-10   0.61466013E+00   0.00000000E+00
  2.   13.  -0.38070605E-01   0.00000000E+00   0.61726838E+00   0.00000000E+00
  2.   14.  -0.38070605E-01   0.00000000E+00   0.36849279E+00   0.00000000E+00
  2.   15.  -0.38070605E-01   0.58008883E-10   0.37436135E+00   0.00000000E+00
  2.   16.  -0.38070605E-01   0.10974163E-09   0.39156713E+00   0.00000000E+00
  2.   17.  -0.38070605E-01   0.15327297E-09   0.41893756E+00   0.00000000E+00
  2.   18.  -0.38070605E-01   0.19123362E-09   0.45460741E+00   0.00000000E+00
  2.   19.  -0.38070605E-01   0.22005607E-09   0.49614582E+00   0.00000000E+00
  2.   20.  -0.38070605E-01   0.23772138E-09   0.54072203E+00   0.00000000E+00
  2.   21.  -0.38070605E-01   0.24115107E-09   0.58529824E+00   0.00000000E+00
  2.   22.  -0.38070605E-01   0.23046366E-09   0.62683666E+00   0.00000000E+00
  2.   23.  -0.38070605E-01   0.20273046E-09   0.66250650E+00   0.00000000E+00
  2.   24.  -0.38070605E-01   0.15629116E-09   0.68987694E+00   0.00000000E+00
  2.   25.  -0.38070605E-01   0.88000619E-10   0.70708272E+00   0.00000000E+00
  2.   26.  -0.38070605E-01   0.00000000E+00   0.71295129E+00   0.00000000E+00
  2.   27.  -0.38070605E-01   0.00000000E+00   0.27280986E+00   0.00000000E+00
  2.   28.  -0.38070605E-01   0.66377840E-10   0.28193875E+00   0.00000000E+00
  2.   29.  -0.38070605E-01   0.12529219E-09   0.30870328E+00   0.00000000E+00
  2.   30.  -0.38070605E-01   0.17441372E-09   0.35127951E+00   0.00000000E+00
  2.   31.  -0.38070605E-01   0.21737541E-09   0.40676594E+00   0.00000000E+00
  2.   32.  -0.38070605E-01   0.24947121E-09   0.47138125E+00   0.00000000E+00
  2.   33.  -0.38070605E-01   0.26928838E-09   0.54072202E+00   0.00000000E+00
  2.   34.  -0.38070605E-01   0.27423448E-09   0.61006279E+00   0.00000000E+00
  2.   35.  -0.38070605E-01   0.26545396E-09   0.67467810E+00   0.00000000E+00
  2.   36.  -0.38070605E-01   0.24603472E-09   0.73016453E+00   0.00000000E+00
  2.   37.  -0.38070605E-01   0.19986224E-09   0.77274076E+00   0.00000000E+00
  2.   38.  -0.38070605E-01   0.11532115E-09   0.79950531E+00   0.00000000E+00
  2.   39.  -0.38070605E-01   0.00000000E+00   0.80863419E+00   0.00000000E+00
  2.   40.  -0.38070605E-01   0.00000000E+00   0.17712694E+00   0.00000000E+00
  2.   41.  -0.38070605E-01   0.74351639E-10   0.18951614E+00   0.00000000E+00
  2.   42.  -0.38070605E-01   0.13790083E-09   0.22583944E+00   0.00000000E+00
  2.   43.  -0.38070605E-01   0.18877154E-09   0.28362146E+00   0.00000000E+00
  2.   44.  -0.38070605E-01   0.23058759E-09   0.35892447E+00   0.00000000E+00
  2.   45.  -0.38070605E-01   0.26599992E-09   0.44661668E+00   0.00000000E+00
  2.   46.  -0.38070605E-01   0.28713527E-09   0.54072201E+00   0.00000000E+00
  2.   47.  -0.38070605E-01   0.28406449E-09   0.63482734E+00   0.00000000E+00
  2.   48.  -0.38070605E-01   0.27600211E-09   0.72251954E+00   0.00000000E+00
  2.   49.  -0.38070605E-01   0.27051873E-09   0.79782255E+00   0.00000000E+00
  2.   50.  -0.38070605E-01   0.23297065E-09   0.85560459E+00   0.00000000E+00
  2.   51.  -0.38070605E-01   0.13897867E-09   0.89192789E+00   0.00000000E+00
  2.   52.  -0.38070605E-01   0.00000000E+00   0.90431710E+00   0.00000000E+00
  2.   53.  -0.38070605E-01   0.00000000E+00   0.81444015E-01   0.00000000E+00
  2.   54.  -0.38070605E-01   0.81578563E-10   0.97093532E-01   0.00000000E+00
  2.   55.  -0.38070605E-01   0.14592528E-09   0.14297559E+00   0.00000000E+00
  2.   56.  -0.38070605E-01   0.19360277E-09   0.21596342E+00   0.00000000E+00
  2.   57.  -0.38070605E-01   0.22823886E-09   0.31108300E+00   0.00000000E+00
  2.   58.  -0.38070605E-01   0.26345276E-09   0.42185210E+00   0.00000000E+00
  2.   59.  -0.38070605E-01   0.27967206E-09   0.54072199E+00   0.00000000E+00
  2.   60.  -0.38070605E-01   0.27486205E-09   0.65959188E+00   0.00000000E+00
  2.   61.  -0.38070605E-01   0.26431369E-09   0.77036099E+00   0.00000000E+00
  2.   62.  -0.38070605E-01   0.26674619E-09   0.86548057E+00   0.00000000E+00
  2.   63.  -0.38070605E-01   0.24578342E-09   0.93846841E+00   0.00000000E+00
  2.   64.  -0.38070605E-01   0.15192550E-09   0.98435048E+00   0.00000000E+00
  2.   65.  -0.38070605E-01   0.00000000E+00   0.10000000E+01   0.00000000E+00
  2.   66.  -0.41897921E-01   0.00000000E+00   0.81444015E-01   0.00000000E+00
  2.   67.  -0.41897921E-01  -0.81450335E-10   0.97093532E-01   0.00000000E+00
  2.   68.  -0.41897921E-01  -0.14567330E-09   0.14297559E+00   0.00000000E+00
  2.   69.  -0.41897921E-01  -0.19337779E-09   0.21596342E+00   0.00000000E+00
  2.   70.  -0.41897921E-01  -0.22797016E-09   0.31108300E+00   0.00000000E+00
  2.   71.  -0.41897921E-01  -0.26309635E-09   0.42185210E+00   0.00000000E+00
  2.   72.  -0.41897921E-01  -0.27938651E-09   0.54072199E+00   0.00000000E+00
  2.   73.  -0.41897921E-01  -0.27474806E-09   0.65959188E+00   0.00000000E+00
  2.   74.  -0.41897921E-01  -0.26439114E-09   0.77036099E+00   0.00000000E+00
  2.   75.  -0.41897921E-01  -0.26674676E-09   0.86548057E+00   0.00000000E+00
  2.   76.  -0.41897921E-01  -0.24591805E-09   0.93846841E+00   0.00000000E+00
  2.   77.  -0.41897921E-01  -0.15212626E-09   0.98435048E+00   0.00000000E+00
  2.   78.  -0.41897921E-01   0.00000000E+00   0.10000000E+01   0.00000000E+00
  3.    1.  -0.17933824E-01   0.00000000E+00   0.31522372E+00   0.00000000E+00
  3.    2.  -0.17933824E-01   0.22316794E-10   0.31055708E+00   0.00000000E+00
  3.    3.  -0.17933824E-01   0.40204879E-10   0.29687519E+00   0.00000000E+00
  3.    4.  -0.17933824E-01   0.51585610E-10   0.27511045E+00   0.00000000E+00
  3.    5.  -0.17933824E-01   0.57486962E-10   0.24674609E+00   0.00000000E+00
  3.    6.  -0.17933824E-01   0.57601860E-10   0.21371508E+00   0.00000000E+00
  3.    7.  -0.17933824E-01   0.52098121E-10   0.17826846E+00   0.00000000E+00
  3.    8.  -0.17933824E-01   0.42088902E-10   0.14282183E+00   0.00000000E+00
  3.    9.  -0.17933824E-01   0.30055527E-10   0.10979082E+00   0.00000000E+00
  3.   10.  -0.17933824E-01   0.18705458E-10   0.81426462E-01   0.00000000E+00
  3.   11.  -0.17933824E-01   0.99516229E-11   0.59661720E-01   0.00000000E+00
  3.   12.  -0.17933824E-01   0.40527814E-11   0.45979831E-01   0.00000000E+00
  3.   13.  -0.17933824E-01   0.00000000E+00   0.41313194E-01   0.00000000E+00
  3.   14.  -0.17933824E-01   0.00000000E+00   0.48641779E+00   0.00000000E+00
  3.   15.  -0.17933824E-01   0.32524931E-10   0.47591785E+00   0.00000000E+00
  3.   16.  -0.17933824E-01   0.54980592E-10   0.44513360E+00   0.00000000E+00
  3.   17.  -0.17933824E-01   0.64634970E-10   0.39616294E+00   0.00000000E+00
  3.   18.  -0.17933824E-01   0.66823044E-10   0.33234312E+00   0.00000000E+00
  3.   19.  -0.17933824E-01   0.62026050E-10   0.25802337E+00   0.00000000E+00
  3.   20.  -0.17933824E-01   0.51781710E-10   0.17826845E+00   0.00000000E+00
  3.   21.  -0.17933824E-01   0.37282225E-10   0.98513537E-01   0.00000000E+00
  3.   22.  -0.17933824E-01   0.21204814E-10   0.24193786E-01   0.00000000E+00
  3.   23.  -0.17933824E-01   0.69516168E-11  -0.39626032E-01   0.00000000E+00
  3.   24.  -0.17933824E-01  -0.19551895E-11  -0.88596700E-01   0.00000000E+00
  3.   25.  -0.17933824E-01  -0.37702505E-11  -0.11938095E+00   0.00000000E+00
  3.   26.  -0.17933824E-01   0.00000000E+00  -0.12988088E+00   0.00000000E+00
  3.   27.  -0.17933824E-01   0.00000000E+00   0.65761186E+00   0.00000000E+00
  3.   28.  -0.17933824E-01   0.52942889E-10   0.64127863E+00   0.00000000E+00
  3.   29.  -0.17933824E-01   0.85729861E-10   0.59339202E+00   0.00000000E+00
  3.   30.  -0.17933824E-01   0.94003851E-10   0.51721542E+00   0.00000000E+00
  3.   31.  -0.17933824E-01   0.90811703E-10   0.41794015E+00   0.00000000E+00
  3.   32.  -0.17933824E-01   0.78028135E-10   0.30233165E+00   0.00000000E+00
  3.   33.  -0.17933824E-01   0.60260793E-10   0.17826845E+00   0.00000000E+00
  3.   34.  -0.17933824E-01   0.37619471E-10   0.54205248E-01   0.00000000E+00
  3.   35.  -0.17933824E-01   0.12339433E-10  -0.61403252E-01   0.00000000E+00
  3.   36.  -0.17933824E-01  -0.10039931E-10  -0.16067852E+00   0.00000000E+00
  3.   37.  -0.17933824E-01  -0.21505243E-10  -0.23685512E+00   0.00000000E+00
  3.   38.  -0.17933824E-01  -0.17037493E-10  -0.28474173E+00   0.00000000E+00
  3.   39.  -0.17933824E-01   0.00000000E+00  -0.30107496E+00   0.00000000E+00
  3.   40.  -0.17933824E-01   0.00000000E+00   0.82880593E+00   0.00000000E+00
  3.   41.  -0.17933824E-01   0.83163704E-10   0.80663940E+00   0.00000000E+00
  3.   42.  -0.17933824E-01   0.12332979E-09   0.74165043E+00   0.00000000E+00
  3.   43.  -0.17933824E-01   0.12332103E-09   0.63826791E+00   0.00000000E+00
  3.   44.  -0.17933824E-01   0.10741628E-09   0.50353718E+00   0.00000000E+00
  3.   45.  -0.17933824E-01   0.88608146E-10   0.34663993E+00   0.00000000E+00
  3.   46.  -0.17933824E-01   0.66639422E-10   0.17826845E+00   0.00000000E+00
  3.   47.  -0.17933824E-01   0.36286713E-10   0.98969601E-02   0.00000000E+00
  3.   48.  -0.17933824E-01   0.40267807E-11  -0.14700029E+00   0.00000000E+00
  3.   49.  -0.17933824E-01  -0.27485263E-10  -0.28173101E+00   0.00000000E+00
  3.   50.  -0.17933824E-01  -0.43415954E-10  -0.38511354E+00   0.00000000E+00
  3.   51.  -0.17933824E-01  -0.32913182E-10  -0.45010251E+00   0.00000000E+00
  3.   52.  -0.17933824E-01   0.00000000E+00  -0.47226904E+00   0.00000000E+00
  3.   53.  -0.17933824E-01   0.00000000E+00   0.10000000E+01   0.00000000E+00
  3.   54.  -0.17933824E-01   0.11173971E-09   0.97200017E+00   0.00000000E+00
  3.   55.  -0.17933824E-01   0.14511267E-09   0.88990884E+00   0.00000000E+00
  3.   56.  -0.17933824E-01   0.13228196E-09   0.75932039E+00   0.00000000E+00
  3.   57.  -0.17933824E-01   0.10276489E-09   0.58913421E+00   0.00000000E+00
  3.   58.  -0.17933824E-01   0.85623679E-10   0.39094822E+00   0.00000000E+00
  3.   59.  -0.17933824E-01   0.63234041E-10   0.17826844E+00   0.00000000E+00
  3.   60.  -0.17933824E-01   0.33120031E-10  -0.34411328E-01   0.00000000E+00
  3.   61.  -0.17933824E-01   0.90573428E-12  -0.23259733E+00   0.00000000E+00
  3.   62.  -0.17933824E-01  -0.34229504E-10  -0.40278350E+00   0.00000000E+00
  3.   63.  -0.17933824E-01  -0.56635753E-10  -0.53337195E+00   0.00000000E+00
  3.   64.  -0.17933824E-01  -0.43506283E-10  -0.61546329E+00   0.00000000E+00
  3.   65.  -0.17933824E-01   0.00000000E+00  -0.64346311E+00   0.00000000E+00
  3.   66.  -0.11086061E-01   0.00000000E+00   0.10000000E+01   0.00000000E+00
  3.   67.  -0.11086061E-01  -0.11091654E-09   0.97200017E+00   0.00000000E+00
  3.   68.  -0.11086062E-01  -0.14373561E-09   0.88990884E+00   0.00000000E+00
  3.   69.  -0.11086062E-01  -0.13163253E-09   0.75932039E+00   0.00000000E+00
  3.   70.  -0.11086062E-01  -0.10265598E-09   0.58913421E+00   0.00000000E+00
  3.   71.  -0.11086062E-01  -0.85847803E-10   0.39094822E+00   0.00000000E+00
  3.   72.  -0.11086062E-01  -0.63675688E-10   0.17826844E+00   0.00000000E+00
  3.   73.  -0.11086061E-01  -0.33571172E-10  -0.34411328E-01   0.00000000E+00
  3.   74.  -0.11086061E-01  -0.12115782E-11  -0.23259733E+00   0.00000000E+00
  3.   75.  -0.11086061E-01   0.34086940E-10  -0.40278350E+00   0.00000000E+00
  3.   76.  -0.11086061E-01   0.56692322E-10  -0.53337195E+00   0.00000000E+00
  3.   77.  -0.11086061E-01   0.43618642E-10  -0.61546329E+00   0.00000000E+00
  3.   78.  -0.11086061E-01   0.00000000E+00  -0.64346311E+00   0.00000000E+00
  4.    1.  -0.20645282E-02   0.00000000E+00   0.42311266E-01   0.00000000E+00
  4.    2.  -0.20043748E-02   0.57238220E-03   0.36642630E-01   0.00000000E+00
  4.    3.  -0.18220426E-02   0.10913415E-02   0.21155630E-01   0.00000000E+00
  4.    4.  -0.15155412E-02   0.15155404E-02  -0.59643244E-08   0.00000000E+00
  4.    5.  -0.10913423E-02   0.18220418E-02  -0.21155642E-01   0.00000000E+00
  4.    6.  -0.57238295E-03   0.20043740E-02  -0.36642642E-01   0.00000000E+00
  4.    7.  -0.73092322E-09   0.20645274E-02  -0.42311278E-01   0.00000000E+00
  4.    8.   0.57238148E-03   0.20043740E-02  -0.36642642E-01   0.00000000E+00
  4.    9.   0.10913408E-02   0.18220418E-02  -0.21155642E-01   0.00000000E+00
  4.   10.   0.15155397E-02   0.15155404E-02  -0.59268174E-08   0.00000000E+00
  4.   11.   0.18220411E-02   0.10913415E-02   0.21155630E-01   0.00000000E+00
  4.   12.   0.20043733E-02   0.57238221E-03   0.36642630E-01   0.00000000E+00
  4.   13.   0.20645267E-02   0.00000000E+00   0.42311266E-01   0.00000000E+00
  4.   14.  -0.36556072E-02   0.00000000E+00   0.18305869E+00   0.00000000E+00
  4.   15.  -0.35844152E-02   0.11453191E-02   0.15853347E+00   0.00000000E+00
  4.   16.  -0.33444274E-02   0.21371104E-02   0.91529341E-01   0.00000000E+00
  4.   17.  -0.28765225E-02   0.28765217E-02  -0.41585601E-08   0.00000000E+00
  4.   18.  -0.21371112E-02   0.33444266E-02  -0.91529350E-01   0.00000000E+00
  4.   19.  -0.11453199E-02   0.35844144E-02  -0.15853348E+00   0.00000000E+00
  4.   20.  -0.74550865E-09   0.36556064E-02  -0.18305870E+00   0.00000000E+00
  4.   21.   0.11453184E-02   0.35844144E-02  -0.15853348E+00   0.00000000E+00
  4.   22.   0.21371097E-02   0.33444266E-02  -0.91529351E-01   0.00000000E+00
  4.   23.   0.28765210E-02   0.28765217E-02  -0.54248537E-08   0.00000000E+00
  4.   24.   0.33444259E-02   0.21371104E-02   0.91529340E-01   0.00000000E+00
  4.   25.   0.35844137E-02   0.11453191E-02   0.15853347E+00   0.00000000E+00
  4.   26.   0.36556057E-02   0.00000000E+00   0.18305869E+00   0.00000000E+00
  4.   27.  -0.50796477E-02   0.00000000E+00   0.40343406E+00   0.00000000E+00
  4.   28.  -0.49951294E-02   0.16452440E-02   0.34938415E+00   0.00000000E+00
  4.   29.  -0.46954533E-02   0.30531153E-02   0.20171703E+00   0.00000000E+00
  4.   30.  -0.40757898E-02   0.40757890E-02  -0.16925464E-08   0.00000000E+00
  4.   31.  -0.30531161E-02   0.46954525E-02  -0.20171703E+00   0.00000000E+00
  4.   32.  -0.16452447E-02   0.49951286E-02  -0.34938415E+00   0.00000000E+00
  4.   33.  -0.76290039E-09   0.50796469E-02  -0.40343407E+00   0.00000000E+00
  4.   34.   0.16452432E-02   0.49951286E-02  -0.34938415E+00   0.00000000E+00
  4.   35.   0.30531146E-02   0.46954525E-02  -0.20171704E+00   0.00000000E+00
  4.   36.   0.40757883E-02   0.40757891E-02  -0.56682528E-08   0.00000000E+00
  4.   37.   0.46954518E-02   0.30531154E-02   0.20171703E+00   0.00000000E+00
  4.   38.   0.49951279E-02   0.16452440E-02   0.34938415E+00   0.00000000E+00
  4.   39.   0.50796462E-02   0.00000000E+00   0.40343406E+00   0.00000000E+00
  4.   40.  -0.60171492E-02   0.00000000E+00   0.68269574E+00   0.00000000E+00
  4.   41.  -0.59636024E-02   0.21226933E-02   0.59123185E+00   0.00000000E+00
  4.   42.  -0.57178748E-02   0.38864998E-02   0.34134787E+00   0.00000000E+00
  4.   43.  -0.50824835E-02   0.50824826E-02   0.11496373E-08   0.00000000E+00
  4.   44.  -0.38865006E-02   0.57178739E-02  -0.34134787E+00   0.00000000E+00
  4.   45.  -0.21226941E-02   0.59636016E-02  -0.59123185E+00   0.00000000E+00
  4.   46.  -0.78492961E-09   0.60171483E-02  -0.68269574E+00   0.00000000E+00
  4.   47.   0.21226925E-02   0.59636016E-02  -0.59123185E+00   0.00000000E+00
  4.   48.   0.38864991E-02   0.57178740E-02  -0.34134787E+00   0.00000000E+00
  4.   49.   0.50824820E-02   0.50824827E-02  -0.67033404E-08   0.00000000E+00
  4.   50.   0.57178733E-02   0.38864999E-02   0.34134786E+00   0.00000000E+00
  4.   51.   0.59636009E-02   0.21226934E-02   0.59123185E+00   0.00000000E+00
  4.   52.   0.60171477E-02   0.00000000E+00   0.68269574E+00   0.00000000E+00
  4.   53.  -0.66568586E-02   0.00000000E+00   0.99999376E+00   0.00000000E+00
  4.   54.  -0.66456579E-02   0.25276496E-02   0.86602000E+00   0.00000000E+00
  4.   55.  -0.64865081E-02   0.45781024E-02   0.49999688E+00   0.00000000E+00
  4.   56.  -0.58853136E-02   0.58853128E-02   0.38819087E-08   0.00000000E+00
  4.   57.  -0.45781032E-02   0.64865073E-02  -0.49999687E+00   0.00000000E+00
  4.   58.  -0.25276503E-02   0.66456570E-02  -0.86601999E+00   0.00000000E+00
  4.   59.  -0.80926758E-09   0.66568578E-02  -0.99999375E+00   0.00000000E+00
  4.   60.   0.25276488E-02   0.66456571E-02  -0.86602000E+00   0.00000000E+00
  4.   61.   0.45781017E-02   0.64865073E-02  -0.49999688E+00   0.00000000E+00
  4.   62.   0.58853121E-02   0.58853129E-02  -0.83092469E-08   0.00000000E+00
  4.   63.   0.64865066E-02   0.45781025E-02   0.49999687E+00   0.00000000E+00
  4.   64.   0.66456564E-02   0.25276496E-02   0.86601999E+00   0.00000000E+00
  4.   65.   0.66568571E-02   0.00000000E+00   0.99999376E+00   0.00000000E+00
  4.   66.   0.66568571E-02   0.00000000E+00   0.99999376E+00   0.00000000E+00
  4.   67.   0.66456564E-02  -0.25276496E-02   0.86602000E+00   0.00000000E+00
  4.   68.   0.64865066E-02  -0.45781024E-02   0.49999688E+00   0.00000000E+00
  4.   69.   0.58853121E-02  -0.58853128E-02   0.38819075E-08   0.00000000E+00
  4.   70.   0.45781018E-02  -0.64865073E-02  -0.49999687E+00   0.00000000E+00
  4.   71.   0.25276489E-02  -0.66456570E-02  -0.86601999E+00   0.00000000E+00
  4.   72.  -0.65264858E-09  -0.66568578E-02  -0.99999375E+00   0.00000000E+00
  4.   73.  -0.25276502E-02  -0.66456571E-02  -0.86602000E+00   0.00000000E+00
  4.   74.  -0.45781032E-02  -0.64865073E-02  -0.49999688E+00   0.00000000E+00
  4.   75.  -0.58853136E-02  -0.58853129E-02  -0.83092482E-08   0.00000000E+00
  4.   76.  -0.64865081E-02  -0.45781025E-02   0.49999687E+00   0.00000000E+00
  4.   77.  -0.66456579E-02  -0.25276496E-02   0.86601999E+00   0.00000000E+00
  4.   78.  -0.66568586E-02   0.00000000E+00   0.99999376E+00   0.00000000E+00
  5.    1.   0.74422619E-02   0.00000000E+00   0.99996881E+00   0.00000000E+00
  5.    2.   0.71886730E-02   0.19261992E-02   0.99996881E+00   0.00000000E+00
  5.    3.   0.64451879E-02   0.37211312E-02   0.99996881E+00   0.00000000E+00
  5.    4.   0.52624738E-02   0.52624742E-02   0.99996881E+00   0.00000000E+00
  5.    5.   0.37211308E-02   0.64451883E-02   0.99996881E+00   0.00000000E+00
  5.    6.   0.19261989E-02   0.71886734E-02   0.99996881E+00   0.00000000E+00
  5.    7.  -0.38325812E-09   0.74422624E-02   0.99996882E+00   0.00000000E+00
  5.    8.  -0.19261996E-02   0.71886734E-02   0.99996882E+00   0.00000000E+00
  5.    9.  -0.37211316E-02   0.64451883E-02   0.99996882E+00   0.00000000E+00
  5.   10.  -0.52624746E-02   0.52624742E-02   0.99996882E+00   0.00000000E+00
  5.   11.  -0.64451887E-02   0.37211312E-02   0.99996882E+00   0.00000000E+00
  5.   12.  -0.71886738E-02   0.19261993E-02   0.99996882E+00   0.00000000E+00
  5.   13.  -0.74422628E-02   0.00000000E+00   0.99996882E+00   0.00000000E+00
  5.   14.   0.77317200E-02   0.00000000E+00   0.63470141E+00   0.00000000E+00
  5.   15.   0.74682680E-02   0.20011165E-02   0.63470141E+00   0.00000000E+00
  5.   16.   0.66958658E-02   0.38658602E-02   0.63470141E+00   0.00000000E+00
  5.   17.   0.54671515E-02   0.54671519E-02   0.63470142E+00   0.00000000E+00
  5.   18.   0.38658598E-02   0.66958663E-02   0.63470142E+00   0.00000000E+00
  5.   19.   0.20011161E-02   0.74682684E-02   0.63470142E+00   0.00000000E+00
  5.   20.  -0.41255229E-09   0.77317204E-02   0.63470142E+00   0.00000000E+00
  5.   21.  -0.20011169E-02   0.74682684E-02   0.63470142E+00   0.00000000E+00
  5.   22.  -0.38658606E-02   0.66958663E-02   0.63470142E+00   0.00000000E+00
  5.   23.  -0.54671523E-02   0.54671520E-02   0.63470142E+00   0.00000000E+00
  5.   24.  -0.66958667E-02   0.38658602E-02   0.63470142E+00   0.00000000E+00
  5.   25.  -0.74682688E-02   0.20011165E-02   0.63470142E+00   0.00000000E+00
  5.   26.  -0.77317208E-02   0.00000000E+00   0.63470142E+00   0.00000000E+00
  5.   27.   0.87725790E-02   0.00000000E+00   0.21908706E+00   0.00000000E+00
  5.   28.   0.84736606E-02   0.22705106E-02   0.21908706E+00   0.00000000E+00
  5.   29.   0.75972762E-02   0.43862897E-02   0.21908706E+00   0.00000000E+00
  5.   30.   0.62031500E-02   0.62031504E-02   0.21908706E+00   0.00000000E+00
  5.   31.   0.43862893E-02   0.75972766E-02   0.21908706E+00   0.00000000E+00
  5.   32.   0.22705102E-02   0.84736610E-02   0.21908706E+00   0.00000000E+00
  5.   33.  -0.43746080E-09   0.87725795E-02   0.21908706E+00   0.00000000E+00
  5.   34.  -0.22705111E-02   0.84736611E-02   0.21908706E+00   0.00000000E+00
  5.   35.  -0.43862901E-02   0.75972767E-02   0.21908706E+00   0.00000000E+00
  5.   36.  -0.62031508E-02   0.62031505E-02   0.21908706E+00   0.00000000E+00
  5.   37.  -0.75972771E-02   0.43862898E-02   0.21908706E+00   0.00000000E+00
  5.   38.  -0.84736615E-02   0.22705107E-02   0.21908706E+00   0.00000000E+00
  5.   39.  -0.87725799E-02   0.00000000E+00   0.21908706E+00   0.00000000E+00
  5.   40.   0.88729190E-02   0.00000000E+00  -0.22607556E+00   0.00000000E+00
  5.   41.   0.85705816E-02   0.22964805E-02  -0.22607556E+00   0.00000000E+00
  5.   42.   0.76841732E-02   0.44364597E-02  -0.22607555E+00   0.00000000E+00
  5.   43.   0.62741011E-02   0.62741015E-02  -0.22607555E+00   0.00000000E+00
  5.   44.   0.44364593E-02   0.76841736E-02  -0.22607555E+00   0.00000000E+00
  5.   45.   0.22964801E-02   0.85705821E-02  -0.22607556E+00   0.00000000E+00
  5.   46.  -0.46264913E-09   0.88729195E-02  -0.22607556E+00   0.00000000E+00
  5.   47.  -0.22964810E-02   0.85705821E-02  -0.22607556E+00   0.00000000E+00
  5.   48.  -0.44364601E-02   0.76841737E-02  -0.22607556E+00   0.00000000E+00
  5.   49.  -0.62741019E-02   0.62741016E-02  -0.22607556E+00   0.00000000E+00
  5.   50.  -0.76841741E-02   0.44364598E-02  -0.22607556E+00   0.00000000E+00
  5.   51.  -0.85705825E-02   0.22964806E-02  -0.22607555E+00   0.00000000E+00
  5.   52.  -0.88729199E-02   0.00000000E+00  -0.22607555E+00   0.00000000E+00
  5.   53.   0.83406799E-02   0.00000000E+00  -0.65719063E+00   0.00000000E+00
  5.   54.   0.80564781E-02   0.21587269E-02  -0.65719063E+00   0.00000000E+00
  5.   55.   0.72232406E-02   0.41703401E-02  -0.65719062E+00   0.00000000E+00
  5.   56.   0.58977511E-02   0.58977516E-02  -0.65719062E+00   0.00000000E+00
  5.   57.   0.41703397E-02   0.72232410E-02  -0.65719063E+00   0.00000000E+00
  5.   58.   0.21587264E-02   0.80564785E-02  -0.65719063E+00   0.00000000E+00
  5.   59.  -0.48664621E-09   0.83406804E-02  -0.65719063E+00   0.00000000E+00
  5.   60.  -0.21587274E-02   0.80564786E-02  -0.65719064E+00   0.00000000E+00
  5.   61.  -0.41703406E-02   0.72232411E-02  -0.65719064E+00   0.00000000E+00
  5.   62.  -0.58977520E-02   0.58977517E-02  -0.65719063E+00   0.00000000E+00
  5.   63.  -0.72232414E-02   0.41703402E-02  -0.65719063E+00   0.00000000E+00
  5.   64.  -0.80564790E-02   0.21587270E-02  -0.65719063E+00   0.00000000E+00
  5.   65.  -0.83406808E-02   0.00000000E+00  -0.65719063E+00   0.00000000E+00
  5.   66.  -0.83406807E-02   0.00000000E+00  -0.65719063E+00   0.00000000E+00
  5.   67.  -0.80564789E-02  -0.21587269E-02  -0.65719063E+00   0.00000000E+00
  5.   68.  -0.72232414E-02  -0.41703401E-02  -0.65719062E+00   0.00000000E+00
  5.   69.  -0.58977520E-02  -0.58977516E-02  -0.65719062E+00   0.00000000E+00
  5.   70.  -0.41703405E-02  -0.72232410E-02  -0.65719063E+00   0.00000000E+00
  5.   71.  -0.21587273E-02  -0.80564785E-02  -0.65719063E+00   0.00000000E+00
  5.   72.  -0.35946962E-09  -0.83406804E-02  -0.65719063E+00   0.00000000E+00
  5.   73.   0.21587265E-02  -0.80564786E-02  -0.65719064E+00   0.00000000E+00
  5.   74.   0.41703397E-02  -0.72232411E-02  -0.65719064E+00   0.00000000E+00
  5.   75.   0.58977512E-02  -0.58977517E-02  -0.65719063E+00   0.00000000E+00
  5.   76.   0.72232406E-02  -0.41703402E-02  -0.65719063E+00   0.00000000E+00
  5.   77.   0.80564781E-02  -0.21587270E-02  -0.65719063E+00   0.00000000E+00
  5.   78.   0.83406799E-02   0.00000000E+00  -0.65719063E+00   0.00000000E+00
  6.    1.   0.71286592E-03   0.00000000E+00  -0.98832466E-02   0.00000000E+00
  6.    2.   0.62596830E-03  -0.38855946E-03  -0.69885113E-02   0.00000000E+00
  6.    3.   0.37995130E-03  -0.65809475E-03  -0.19975421E-08   0.00000000E+00
  6.    4.   0.23518406E-04  -0.73638409E-03   0.69885073E-02   0.00000000E+00
  6.    5.  -0.35643276E-03  -0.61735992E-03   0.98832425E-02   0.00000000E+00
  6.    6.  -0.64948631E-03  -0.34782464E-03   0.69885069E-02   0.00000000E+00
  6.    7.  -0.75990220E-03  -0.32883304E-10  -0.27053662E-08   0.00000000E+00
  6.    8.  -0.64948630E-03   0.34782458E-03  -0.69885124E-02   0.00000000E+00
  6.    9.  -0.35643275E-03   0.61735986E-03  -0.98832481E-02   0.00000000E+00
  6.   10.   0.23518432E-04   0.73638405E-03  -0.69885130E-02   0.00000000E+00
  6.   11.   0.37995134E-03   0.65809472E-03  -0.38672480E-08   0.00000000E+00
  6.   12.   0.62596834E-03   0.38855945E-03   0.69885054E-02   0.00000000E+00
  6.   13.   0.71286597E-03   0.00000000E+00   0.98832407E-02   0.00000000E+00
  6.   14.   0.26570095E-02   0.00000000E+00  -0.87322850E-01   0.00000000E+00
  6.   15.   0.23475145E-02  -0.15019585E-02  -0.61746580E-01   0.00000000E+00
  6.   16.   0.14554818E-02  -0.25209682E-02  -0.74243151E-10   0.00000000E+00
  6.   17.   0.12697715E-03  -0.27839864E-02   0.61746579E-01   0.00000000E+00
  6.   18.  -0.13285045E-02  -0.23010376E-02   0.87322850E-01   0.00000000E+00
  6.   19.  -0.24744913E-02  -0.12820279E-02   0.61746579E-01   0.00000000E+00
  6.   20.  -0.29109632E-02  -0.41425513E-10  -0.80109274E-09   0.00000000E+00
  6.   21.  -0.24744913E-02   0.12820278E-02  -0.61746581E-01   0.00000000E+00
  6.   22.  -0.13285045E-02   0.23010375E-02  -0.87322853E-01   0.00000000E+00
  6.   23.   0.12697716E-03   0.27839863E-02  -0.61746583E-01   0.00000000E+00
  6.   24.   0.14554818E-02   0.25209682E-02  -0.41137950E-08   0.00000000E+00
  6.   25.   0.23475146E-02   0.15019585E-02   0.61746575E-01   0.00000000E+00
  6.   26.   0.26570095E-02   0.00000000E+00   0.87322846E-01   0.00000000E+00
  6.   27.   0.52200996E-02   0.00000000E+00  -0.28480464E+00   0.00000000E+00
  6.   28.   0.46826614E-02  -0.32143528E-02  -0.20138729E+00   0.00000000E+00
  6.   29.   0.30524304E-02  -0.52869643E-02   0.16170405E-08   0.00000000E+00
  6.   30.   0.44238071E-03  -0.56624800E-02   0.20138729E+00   0.00000000E+00
  6.   31.  -0.26100496E-02  -0.45207388E-02   0.28480464E+00   0.00000000E+00
  6.   32.  -0.51250417E-02  -0.24481272E-02   0.20138729E+00   0.00000000E+00
  6.   33.  -0.61048604E-02  -0.50593235E-10   0.18019771E-08   0.00000000E+00
  6.   34.  -0.51250417E-02   0.24481271E-02  -0.20138729E+00   0.00000000E+00
  6.   35.  -0.26100496E-02   0.45207387E-02  -0.28480464E+00   0.00000000E+00
  6.   36.   0.44238070E-03   0.56624800E-02  -0.20138729E+00   0.00000000E+00
  6.   37.   0.30524304E-02   0.52869643E-02  -0.49016016E-08   0.00000000E+00
  6.   38.   0.46826614E-02   0.32143528E-02   0.20138729E+00   0.00000000E+00
  6.   39.   0.52200996E-02   0.00000000E+00   0.28480463E+00   0.00000000E+00
  6.   40.   0.72430722E-02   0.00000000E+00  -0.59972271E+00   0.00000000E+00
  6.   41.   0.66810198E-02  -0.51454639E-02  -0.42406800E+00   0.00000000E+00
  6.   42.   0.47371288E-02  -0.82049475E-02   0.31515432E-08   0.00000000E+00
  6.   43.   0.11155928E-02  -0.83586647E-02   0.42406800E+00   0.00000000E+00
  6.   44.  -0.36215359E-02  -0.62726844E-02   0.59972272E+00   0.00000000E+00
  6.   45.  -0.77966121E-02  -0.32132008E-02   0.42406800E+00   0.00000000E+00
  6.   46.  -0.94742571E-02  -0.52114163E-10   0.48580433E-08   0.00000000E+00
  6.   47.  -0.77966121E-02   0.32132007E-02  -0.42406799E+00   0.00000000E+00
  6.   48.  -0.36215359E-02   0.62726843E-02  -0.59972271E+00   0.00000000E+00
  6.   49.   0.11155927E-02   0.83586646E-02  -0.42406800E+00   0.00000000E+00
  6.   50.   0.47371288E-02   0.82049474E-02  -0.62601167E-08   0.00000000E+00
  6.   51.   0.66810198E-02   0.51454639E-02   0.42406799E+00   0.00000000E+00
  6.   52.   0.72430722E-02   0.00000000E+00   0.59972271E+00   0.00000000E+00
  6.   53.   0.87888051E-02   0.00000000E+00  -0.99998195E+00   0.00000000E+00
  6.   54.   0.82857712E-02  -0.69114569E-02  -0.70709401E+00   0.00000000E+00
  6.   55.   0.62370143E-02  -0.10802825E-01   0.46655485E-08   0.00000000E+00
  6.   56.   0.18426119E-02  -0.10631417E-01   0.70709402E+00   0.00000000E+00
  6.   57.  -0.43944023E-02  -0.76113284E-02   0.99998195E+00   0.00000000E+00
  6.   58.  -0.10128383E-01  -0.37199598E-02   0.70709402E+00   0.00000000E+00
  6.   59.  -0.12474028E-01  -0.52632980E-10   0.81164956E-08   0.00000000E+00
  6.   60.  -0.10128383E-01   0.37199597E-02  -0.70709401E+00   0.00000000E+00
  6.   61.  -0.43944023E-02   0.76113283E-02  -0.99998195E+00   0.00000000E+00
  6.   62.   0.18426119E-02   0.10631417E-01  -0.70709402E+00   0.00000000E+00
  6.   63.   0.62370143E-02   0.10802825E-01  -0.81214982E-08   0.00000000E+00
  6.   64.   0.82857712E-02   0.69114569E-02   0.70709401E+00   0.00000000E+00
  6.   65.   0.87888051E-02   0.00000000E+00   0.99998194E+00   0.00000000E+00
  6.   66.  -0.87888047E-02   0.00000000E+00  -0.99998195E+00   0.00000000E+00
  6.   67.  -0.82857708E-02   0.69114569E-02  -0.70709401E+00   0.00000000E+00
  6.   68.  -0.62370140E-02   0.10802825E-01   0.46655457E-08   0.00000000E+00
  6.   69.  -0.18426115E-02   0.10631417E-01   0.70709402E+00   0.00000000E+00
  6.   70.   0.43944026E-02   0.76113284E-02   0.99998195E+00   0.00000000E+00
  6.   71.   0.10128383E-01   0.37199598E-02   0.70709402E+00   0.00000000E+00
  6.   72.   0.12474029E-01   0.52878161E-10   0.81164955E-08   0.00000000E+00
  6.   73.   0.10128383E-01  -0.37199597E-02  -0.70709401E+00   0.00000000E+00
  6.   74.   0.43944027E-02  -0.76113283E-02  -0.99998195E+00   0.00000000E+00
  6.   75.  -0.18426115E-02  -0.10631417E-01  -0.70709402E+00   0.00000000E+00
  6.   76.  -0.62370140E-02  -0.10802825E-01  -0.81214943E-08   0.00000000E+00
  6.   77.  -0.82857708E-02  -0.69114569E-02   0.70709401E+00   0.00000000E+00
  6.   78.  -0.87888047E-02   0.00000000E+00   0.99998194E+00   0.00000000E+00
  7.    1.  -0.70803486E-02   0.00000000E+00   0.76593183E+00   0.00000000E+00
  7.    2.  -0.78765859E-02   0.29715982E-02   0.73983334E+00   0.00000000E+00
  7.    3.  -0.10051947E-01   0.51469591E-02   0.66331642E+00   0.00000000E+00
  7.    4.  -0.13023545E-01   0.59431965E-02   0.54159559E+00   0.00000000E+00
  7.    5.  -0.15995143E-01   0.51469591E-02   0.38296592E+00   0.00000000E+00
  7.    6.  -0.18170504E-01   0.29715983E-02   0.19823775E+00   0.00000000E+00
  7.    7.  -0.18966742E-01   0.25273072E-10   0.41652914E-08   0.00000000E+00
  7.    8.  -0.18170504E-01  -0.29715982E-02  -0.19823774E+00   0.00000000E+00
  7.    9.  -0.15995143E-01  -0.51469591E-02  -0.38296591E+00   0.00000000E+00
  7.   10.  -0.13023545E-01  -0.59431965E-02  -0.54159558E+00   0.00000000E+00
  7.   11.  -0.10051947E-01  -0.51469591E-02  -0.66331642E+00   0.00000000E+00
  7.   12.  -0.78765860E-02  -0.29715983E-02  -0.73983333E+00   0.00000000E+00
  7.   13.  -0.70803486E-02   0.00000000E+00  -0.76593182E+00   0.00000000E+00
  7.   14.   0.64479726E-04   0.00000000E+00   0.99992283E+00   0.00000000E+00
  7.   15.  -0.68387009E-03   0.27928795E-02   0.96585128E+00   0.00000000E+00
  7.   16.  -0.27283998E-02   0.48374093E-02   0.86595857E+00   0.00000000E+00
  7.   17.  -0.55212794E-02   0.55857591E-02   0.70705221E+00   0.00000000E+00
  7.   18.  -0.83141589E-02   0.48374093E-02   0.49996142E+00   0.00000000E+00
  7.   19.  -0.10358689E-01   0.27928796E-02   0.25879907E+00   0.00000000E+00
  7.   20.  -0.11107038E-01   0.29241786E-10   0.38788373E-08   0.00000000E+00
  7.   21.  -0.10358689E-01  -0.27928795E-02  -0.25879907E+00   0.00000000E+00
  7.   22.  -0.83141590E-02  -0.48374093E-02  -0.49996141E+00   0.00000000E+00
  7.   23.  -0.55212794E-02  -0.55857591E-02  -0.70705221E+00   0.00000000E+00
  7.   24.  -0.27283999E-02  -0.48374093E-02  -0.86595857E+00   0.00000000E+00
  7.   25.  -0.68387016E-03  -0.27928796E-02  -0.96585128E+00   0.00000000E+00
  7.   26.   0.64479668E-04   0.00000000E+00  -0.99992283E+00   0.00000000E+00
  7.   27.   0.11445038E-01   0.00000000E+00   0.70193321E+00   0.00000000E+00
  7.   28.   0.10342624E-01   0.41142662E-02   0.67801542E+00   0.00000000E+00
  7.   29.   0.73307717E-02   0.71261181E-02   0.60789199E+00   0.00000000E+00
  7.   30.   0.32165055E-02   0.82285325E-02   0.49634173E+00   0.00000000E+00
  7.   31.  -0.89776074E-03   0.71261182E-02   0.35096661E+00   0.00000000E+00
  7.   32.  -0.39096126E-02   0.41142663E-02   0.18167368E+00   0.00000000E+00
  7.   33.  -0.50120270E-02   0.53694619E-10   0.22683443E-08   0.00000000E+00
  7.   34.  -0.39096127E-02  -0.41142662E-02  -0.18167368E+00   0.00000000E+00
  7.   35.  -0.89776080E-03  -0.71261181E-02  -0.35096660E+00   0.00000000E+00
  7.   36.   0.32165054E-02  -0.82285324E-02  -0.49634173E+00   0.00000000E+00
  7.   37.   0.73307716E-02  -0.71261182E-02  -0.60789199E+00   0.00000000E+00
  7.   38.   0.10342624E-01  -0.41142663E-02  -0.67801542E+00   0.00000000E+00
  7.   39.   0.11445038E-01   0.00000000E+00  -0.70193321E+00   0.00000000E+00
  7.   40.   0.17443850E-01   0.00000000E+00  -0.50224102E-01   0.00000000E+00
  7.   41.   0.16293080E-01   0.42947301E-02  -0.48512757E-01   0.00000000E+00
  7.   42.   0.13149120E-01   0.74386908E-02  -0.43495348E-01   0.00000000E+00
  7.   43.   0.88543894E-02   0.85894603E-02  -0.35513803E-01   0.00000000E+00
  7.   44.   0.45596593E-02   0.74386908E-02  -0.25112052E-01   0.00000000E+00
  7.   45.   0.14156987E-02   0.42947302E-02  -0.12998955E-01   0.00000000E+00
  7.   46.   0.26492918E-03   0.66196359E-10  -0.68609239E-09   0.00000000E+00
  7.   47.   0.14156986E-02  -0.42947301E-02   0.12998954E-01   0.00000000E+00
  7.   48.   0.45596593E-02  -0.74386908E-02   0.25112052E-01   0.00000000E+00
  7.   49.   0.88543894E-02  -0.85894603E-02   0.35513804E-01   0.00000000E+00
  7.   50.   0.13149120E-01  -0.74386908E-02   0.43495348E-01   0.00000000E+00
  7.   51.   0.16293080E-01  -0.42947302E-02   0.48512758E-01   0.00000000E+00
  7.   52.   0.17443850E-01   0.00000000E+00   0.50224103E-01   0.00000000E+00
  7.   53.   0.17507791E-01   0.00000000E+00  -0.93801294E+00   0.00000000E+00
  7.   54.   0.16594540E-01   0.34082999E-02  -0.90605093E+00   0.00000000E+00
  7.   55.   0.14099491E-01   0.59033487E-02  -0.81234304E+00   0.00000000E+00
  7.   56.   0.10691191E-01   0.68165999E-02  -0.66327531E+00   0.00000000E+00
  7.   57.   0.72828915E-02   0.59033487E-02  -0.46900647E+00   0.00000000E+00
  7.   58.   0.47878428E-02   0.34083000E-02  -0.24277562E+00   0.00000000E+00
  7.   59.   0.38745916E-02   0.62966756E-10  -0.40818423E-08   0.00000000E+00
  7.   60.   0.47878428E-02  -0.34082999E-02   0.24277561E+00   0.00000000E+00
  7.   61.   0.72828914E-02  -0.59033486E-02   0.46900647E+00   0.00000000E+00
  7.   62.   0.10691191E-01  -0.68165999E-02   0.66327531E+00   0.00000000E+00
  7.   63.   0.14099491E-01  -0.59033487E-02   0.81234304E+00   0.00000000E+00
  7.   64.   0.16594540E-01  -0.34082999E-02   0.90605093E+00   0.00000000E+00
  7.   65.   0.17507791E-01   0.00000000E+00   0.93801294E+00   0.00000000E+00
  7.   66.  -0.17507791E-01   0.00000000E+00  -0.93801294E+00   0.00000000E+00
  7.   67.  -0.16594540E-01  -0.34082999E-02  -0.90605093E+00   0.00000000E+00
  7.   68.  -0.14099491E-01  -0.59033487E-02  -0.81234304E+00   0.00000000E+00
  7.   69.  -0.10691191E-01  -0.68165999E-02  -0.66327531E+00   0.00000000E+00
  7.   70.  -0.72828914E-02  -0.59033487E-02  -0.46900647E+00   0.00000000E+00
  7.   71.  -0.47878427E-02  -0.34083000E-02  -0.24277562E+00   0.00000000E+00
  7.   72.  -0.38745915E-02  -0.63282074E-10  -0.40818417E-08   0.00000000E+00
  7.   73.  -0.47878427E-02   0.34082999E-02   0.24277561E+00   0.00000000E+00
  7.   74.  -0.72828914E-02   0.59033486E-02   0.46900647E+00   0.00000000E+00
  7.   75.  -0.10691191E-01   0.68165999E-02   0.66327531E+00   0.00000000E+00
  7.   76.  -0.14099491E-01   0.59033487E-02   0.81234304E+00   0.00000000E+00
  7.   77.  -0.16594540E-01   0.34082999E-02   0.90605093E+00   0.00000000E+00
  7.   78.  -0.17507791E-01   0.00000000E+00   0.93801294E+00   0.00000000E+00
  8.    1.   0.22024551E-03   0.00000000E+00  -0.23255987E-02   0.00000000E+00
  8.    2.   0.16037604E-03  -0.17304979E-03  -0.11627995E-02   0.00000000E+00
  8.    3.   0.89617757E-05  -0.23576763E-03   0.11627989E-02   0.00000000E+00
  8.    4.  -0.15573701E-03  -0.15573706E-03   0.23255981E-02   0.00000000E+00
  8.    5.  -0.23576758E-03   0.89617267E-05   0.11627988E-02   0.00000000E+00
  8.    6.  -0.17304973E-03   0.16037599E-03  -0.11627997E-02   0.00000000E+00
  8.    7.   0.62975235E-10   0.22024547E-03  -0.23255989E-02   0.00000000E+00
  8.    8.   0.17304986E-03   0.16037600E-03  -0.11627996E-02   0.00000000E+00
  8.    9.   0.23576770E-03   0.89617293E-05   0.11627990E-02   0.00000000E+00
  8.   10.   0.15573714E-03  -0.15573706E-03   0.23255983E-02   0.00000000E+00
  8.   11.  -0.89616527E-05  -0.23576763E-03   0.11627992E-02   0.00000000E+00
  8.   12.  -0.16037592E-03  -0.17304979E-03  -0.11627992E-02   0.00000000E+00
  8.   13.  -0.22024539E-03   0.00000000E+00  -0.23255984E-02   0.00000000E+00
  8.   14.   0.17819511E-02   0.00000000E+00  -0.43575516E-01   0.00000000E+00
  8.   15.   0.12947718E-02  -0.13896888E-02  -0.21787758E-01   0.00000000E+00
  8.   16.   0.67116529E-04  -0.18982002E-02   0.21787758E-01   0.00000000E+00
  8.   17.  -0.12600296E-02  -0.12600297E-02   0.43575516E-01   0.00000000E+00
  8.   18.  -0.18982002E-02   0.67116484E-04   0.21787758E-01   0.00000000E+00
  8.   19.  -0.13896887E-02   0.12947717E-02  -0.21787759E-01   0.00000000E+00
  8.   20.   0.56692597E-10   0.17819511E-02  -0.43575517E-01   0.00000000E+00
  8.   21.   0.13896888E-02   0.12947717E-02  -0.21787759E-01   0.00000000E+00
  8.   22.   0.18982003E-02   0.67116495E-04   0.21787758E-01   0.00000000E+00
  8.   23.   0.12600298E-02  -0.12600297E-02   0.43575517E-01   0.00000000E+00
  8.   24.  -0.67116399E-04  -0.18982002E-02   0.21787759E-01   0.00000000E+00
  8.   25.  -0.12947717E-02  -0.13896888E-02  -0.21787757E-01   0.00000000E+00
  8.   26.  -0.17819510E-02   0.00000000E+00  -0.43575516E-01   0.00000000E+00
  8.   27.   0.49446914E-02   0.00000000E+00  -0.20809158E+00   0.00000000E+00
  8.   28.   0.37215024E-02  -0.43364257E-02  -0.10404579E+00   0.00000000E+00
  8.   29.   0.43481655E-03  -0.56978156E-02   0.10404579E+00   0.00000000E+00
  8.   30.  -0.34964247E-02  -0.34964248E-02   0.20809158E+00   0.00000000E+00
  8.   31.  -0.56978156E-02   0.43481650E-03   0.10404579E+00   0.00000000E+00
  8.   32.  -0.43364257E-02   0.37215023E-02  -0.10404579E+00   0.00000000E+00
  8.   33.   0.41378806E-10   0.49446913E-02  -0.20809158E+00   0.00000000E+00
  8.   34.   0.43364258E-02   0.37215024E-02  -0.10404579E+00   0.00000000E+00
  8.   35.   0.56978157E-02   0.43481653E-03   0.10404579E+00   0.00000000E+00
  8.   36.   0.34964249E-02  -0.34964247E-02   0.20809158E+00   0.00000000E+00
  8.   37.  -0.43481640E-03  -0.56978156E-02   0.10404579E+00   0.00000000E+00
  8.   38.  -0.37215023E-02  -0.43364258E-02  -0.10404579E+00   0.00000000E+00
  8.   39.  -0.49446913E-02   0.00000000E+00  -0.20809158E+00   0.00000000E+00
  8.   40.   0.80322091E-02   0.00000000E+00  -0.53636230E+00   0.00000000E+00
  8.   41.   0.64126930E-02  -0.84154597E-02  -0.26818115E+00   0.00000000E+00
  8.   42.   0.14161700E-02  -0.10485087E-01   0.26818115E+00   0.00000000E+00
  8.   43.  -0.56796294E-02  -0.56796295E-02   0.53636230E+00   0.00000000E+00
  8.   44.  -0.10485087E-01   0.14161699E-02   0.26818115E+00   0.00000000E+00
  8.   45.  -0.84154597E-02   0.64126929E-02  -0.26818115E+00   0.00000000E+00
  8.   46.   0.15442854E-10   0.80322090E-02  -0.53636230E+00   0.00000000E+00
  8.   47.   0.84154598E-02   0.64126930E-02  -0.26818115E+00   0.00000000E+00
  8.   48.   0.10485087E-01   0.14161700E-02   0.26818115E+00   0.00000000E+00
  8.   49.   0.56796296E-02  -0.56796294E-02   0.53636230E+00   0.00000000E+00
  8.   50.  -0.14161698E-02  -0.10485087E-01   0.26818116E+00   0.00000000E+00
  8.   51.  -0.64126929E-02  -0.84154598E-02  -0.26818114E+00   0.00000000E+00
  8.   52.  -0.80322089E-02   0.00000000E+00  -0.53636230E+00   0.00000000E+00
  8.   53.   0.10641842E-01   0.00000000E+00  -0.99996461E+00   0.00000000E+00
  8.   54.   0.88656588E-02  -0.12528628E-01  -0.49998230E+00   0.00000000E+00
  8.   55.   0.25901105E-02  -0.15128045E-01   0.49998231E+00   0.00000000E+00
  8.   56.  -0.75249188E-02  -0.75249189E-02   0.99996461E+00   0.00000000E+00
  8.   57.  -0.15128045E-01   0.25901104E-02   0.49998231E+00   0.00000000E+00
  8.   58.  -0.12528628E-01   0.88656587E-02  -0.49998230E+00   0.00000000E+00
  8.   59.  -0.16436041E-10   0.10641842E-01  -0.99996461E+00   0.00000000E+00
  8.   60.   0.12528628E-01   0.88656587E-02  -0.49998231E+00   0.00000000E+00
  8.   61.   0.15128045E-01   0.25901105E-02   0.49998230E+00   0.00000000E+00
  8.   62.   0.75249190E-02  -0.75249188E-02   0.99996461E+00   0.00000000E+00
  8.   63.  -0.25901103E-02  -0.15128045E-01   0.49998231E+00   0.00000000E+00
  8.   64.  -0.88656586E-02  -0.12528628E-01  -0.49998230E+00   0.00000000E+00
  8.   65.  -0.10641842E-01   0.00000000E+00  -0.99996461E+00   0.00000000E+00
  8.   66.  -0.10641842E-01   0.00000000E+00  -0.99996461E+00   0.00000000E+00
  8.   67.  -0.88656586E-02   0.12528628E-01  -0.49998230E+00   0.00000000E+00
  8.   68.  -0.25901104E-02   0.15128045E-01   0.49998231E+00   0.00000000E+00
  8.   69.   0.75249189E-02   0.75249189E-02   0.99996461E+00   0.00000000E+00
  8.   70.   0.15128045E-01  -0.25901104E-02   0.49998231E+00   0.00000000E+00
  8.   71.   0.12528628E-01  -0.88656587E-02  -0.49998230E+00   0.00000000E+00
  8.   72.   0.13470692E-09  -0.10641842E-01  -0.99996461E+00   0.00000000E+00
  8.   73.  -0.12528628E-01  -0.88656587E-02  -0.49998231E+00   0.00000000E+00
  8.   74.  -0.15128045E-01  -0.25901105E-02   0.49998230E+00   0.00000000E+00
  8.   75.  -0.75249189E-02   0.75249188E-02   0.99996461E+00   0.00000000E+00
  8.   76.   0.25901105E-02   0.15128045E-01   0.49998231E+00   0.00000000E+00
  8.   77.   0.88656587E-02   0.12528628E-01  -0.49998230E+00   0.00000000E+00
  8.   78.   0.10641842E-01   0.00000000E+00  -0.99996461E+00   0.00000000E+00
  9.    1.  -0.63772435E-04   0.00000000E+00   0.55268160E-03   0.00000000E+00
  9.    2.  -0.33992952E-04   0.63091040E-04   0.14304391E-03   0.00000000E+00
  9.    3.   0.29779508E-04   0.58877533E-04  -0.47863771E-03   0.00000000E+00
  9.    4.   0.67985976E-04  -0.42135313E-05  -0.39080570E-03   0.00000000E+00
  9.    5.   0.38206486E-04  -0.58877603E-04   0.27634166E-03   0.00000000E+00
  9.    6.  -0.33992976E-04  -0.54664111E-04   0.53385104E-03   0.00000000E+00
  9.    7.  -0.72199464E-04  -0.44305078E-10   0.65641026E-09   0.00000000E+00
  9.    8.  -0.33993009E-04   0.54664021E-04  -0.53385002E-03   0.00000000E+00
  9.    9.   0.38206429E-04   0.58877512E-04  -0.27634145E-03   0.00000000E+00
  9.   10.   0.67985909E-04   0.42134441E-05   0.39080482E-03   0.00000000E+00
  9.   11.   0.29779442E-04  -0.58877604E-04   0.47863576E-03   0.00000000E+00
  9.   12.  -0.33993013E-04  -0.63091081E-04  -0.14304666E-03   0.00000000E+00
  9.   13.  -0.63772494E-04   0.00000000E+00  -0.55268465E-03   0.00000000E+00
  9.   14.  -0.11341782E-02   0.00000000E+00   0.22205331E-01   0.00000000E+00
  9.   15.  -0.59201287E-03   0.10752440E-02   0.57471610E-02   0.00000000E+00
  9.   16.   0.54216532E-03   0.10253964E-02  -0.19230385E-01   0.00000000E+00
  9.   17.   0.11840258E-02  -0.49847655E-04  -0.15701542E-01   0.00000000E+00
  9.   18.   0.64186054E-03  -0.10253965E-02   0.11102668E-01   0.00000000E+00
  9.   19.  -0.59201287E-03  -0.97554884E-03   0.21448708E-01   0.00000000E+00
  9.   20.  -0.12338734E-02  -0.43801486E-10   0.31121074E-08   0.00000000E+00
  9.   21.  -0.59201293E-03   0.97554875E-03  -0.21448703E-01   0.00000000E+00
  9.   22.   0.64186045E-03   0.10253964E-02  -0.11102666E-01   0.00000000E+00
  9.   23.   0.11840257E-02   0.49847561E-04   0.15701542E-01   0.00000000E+00
  9.   24.   0.54216525E-03  -0.10253965E-02   0.19230381E-01   0.00000000E+00
  9.   25.  -0.59201292E-03  -0.10752441E-02  -0.57471663E-02   0.00000000E+00
  9.   26.  -0.11341782E-02   0.00000000E+00  -0.22205338E-01   0.00000000E+00
  9.   27.  -0.44902275E-02   0.00000000E+00   0.15422483E+00   0.00000000E+00
  9.   28.  -0.25007969E-02   0.48428735E-02   0.39916322E-01   0.00000000E+00
  9.   29.   0.19894306E-02   0.43315072E-02  -0.13356263E+00   0.00000000E+00
  9.   30.   0.50015938E-02  -0.51136627E-03  -0.10905343E+00   0.00000000E+00
  9.   31.   0.30121632E-02  -0.43315073E-02   0.77112419E-01   0.00000000E+00
  9.   32.  -0.25007968E-02  -0.38201410E-02   0.14896975E+00   0.00000000E+00
  9.   33.  -0.55129600E-02   0.82587786E-12   0.44593642E-08   0.00000000E+00
  9.   34.  -0.25007969E-02   0.38201410E-02  -0.14896975E+00   0.00000000E+00
  9.   35.   0.30121631E-02   0.43315072E-02  -0.77112417E-01   0.00000000E+00
  9.   36.   0.50015937E-02   0.51136625E-03   0.10905343E+00   0.00000000E+00
  9.   37.   0.19894307E-02  -0.43315073E-02   0.13356262E+00   0.00000000E+00
  9.   38.  -0.25007968E-02  -0.48428736E-02  -0.39916326E-01   0.00000000E+00
  9.   39.  -0.44902275E-02   0.00000000E+00  -0.15422484E+00   0.00000000E+00
  9.   40.  -0.85814308E-02   0.00000000E+00   0.48422605E+00   0.00000000E+00
  9.   41.  -0.53359072E-02   0.11332446E-01   0.12532692E+00   0.00000000E+00
  9.   42.   0.32455235E-02   0.92420623E-02  -0.41935206E+00   0.00000000E+00
  9.   43.   0.10671814E-01  -0.20903836E-02  -0.34239952E+00   0.00000000E+00
  9.   44.   0.74262908E-02  -0.92420623E-02   0.24211302E+00   0.00000000E+00
  9.   45.  -0.53359071E-02  -0.71516786E-02   0.46772645E+00   0.00000000E+00
  9.   46.  -0.12762198E-01   0.39377684E-10   0.38414861E-08   0.00000000E+00
  9.   47.  -0.53359073E-02   0.71516787E-02  -0.46772644E+00   0.00000000E+00
  9.   48.   0.74262907E-02   0.92420623E-02  -0.24211303E+00   0.00000000E+00
  9.   49.   0.10671814E-01   0.20903837E-02   0.34239952E+00   0.00000000E+00
  9.   50.   0.32455237E-02  -0.92420622E-02   0.41935206E+00   0.00000000E+00
  9.   51.  -0.53359070E-02  -0.11332446E-01  -0.12532692E+00   0.00000000E+00
  9.   52.  -0.85814306E-02   0.00000000E+00  -0.48422605E+00   0.00000000E+00
  9.   53.  -0.12349092E-01   0.00000000E+00   0.99994182E+00   0.00000000E+00
  9.   54.  -0.82807345E-02   0.18555030E-01   0.25880399E+00   0.00000000E+00
  9.   55.   0.40683570E-02   0.14342653E-01  -0.86597501E+00   0.00000000E+00
  9.   56.   0.16561469E-01  -0.42123773E-02  -0.70706564E+00   0.00000000E+00
  9.   57.   0.12493112E-01  -0.14342653E-01   0.49997090E+00   0.00000000E+00
  9.   58.  -0.82807343E-02  -0.10130275E-01   0.96586962E+00   0.00000000E+00
  9.   59.  -0.20773846E-01   0.34831506E-10   0.27754586E-08   0.00000000E+00
  9.   60.  -0.82807345E-02   0.10130275E-01  -0.96586963E+00   0.00000000E+00
  9.   61.   0.12493112E-01   0.14342653E-01  -0.49997092E+00   0.00000000E+00
  9.   62.   0.16561469E-01   0.42123775E-02   0.70706563E+00   0.00000000E+00
  9.   63.   0.40683572E-02  -0.14342653E-01   0.86597502E+00   0.00000000E+00
  9.   64.  -0.82807342E-02  -0.18555030E-01  -0.25880397E+00   0.00000000E+00
  9.   65.  -0.12349091E-01   0.00000000E+00  -0.99994181E+00   0.00000000E+00
  9.   66.   0.12349092E-01   0.00000000E+00   0.99994182E+00   0.00000000E+00
  9.   67.   0.82807344E-02  -0.18555030E-01   0.25880399E+00   0.00000000E+00
  9.   68.  -0.40683570E-02  -0.14342653E-01  -0.86597501E+00   0.00000000E+00
  9.   69.  -0.16561469E-01   0.42123773E-02  -0.70706564E+00   0.00000000E+00
  9.   70.  -0.12493112E-01   0.14342653E-01   0.49997090E+00   0.00000000E+00
  9.   71.   0.82807343E-02   0.10130275E-01   0.96586962E+00   0.00000000E+00
  9.   72.   0.20773846E-01  -0.35124225E-10   0.27754586E-08   0.00000000E+00
  9.   73.   0.82807345E-02  -0.10130275E-01  -0.96586963E+00   0.00000000E+00
  9.   74.  -0.12493112E-01  -0.14342653E-01  -0.49997092E+00   0.00000000E+00
  9.   75.  -0.16561469E-01  -0.42123775E-02   0.70706563E+00   0.00000000E+00
  9.   76.  -0.40683572E-02   0.14342653E-01   0.86597502E+00   0.00000000E+00
  9.   77.   0.82807342E-02   0.18555030E-01  -0.25880397E+00   0.00000000E+00
  9.   78.   0.12349091E-01   0.00000000E+00  -0.99994181E+00   0.00000000E+00
 10.    1.  -0.10308342E-01   0.00000000E+00   0.31096173E+00   0.00000000E+00
 10.    2.  -0.10642584E-01   0.52262813E-02   0.26930076E+00   0.00000000E+00
 10.    3.  -0.11220982E-01   0.91269699E-02   0.15548086E+00   0.00000000E+00
 10.    4.  -0.11034689E-01   0.11034689E-01   0.61048493E-09   0.00000000E+00
 10.    5.  -0.91269699E-02   0.11220982E-01  -0.15548086E+00   0.00000000E+00
 10.    6.  -0.52262813E-02   0.10642584E-01  -0.26930076E+00   0.00000000E+00
 10.    7.  -0.62932462E-10   0.10308342E-01  -0.31096173E+00   0.00000000E+00
 10.    8.   0.52262812E-02   0.10642584E-01  -0.26930076E+00   0.00000000E+00
 10.    9.   0.91269699E-02   0.11220982E-01  -0.15548087E+00   0.00000000E+00
 10.   10.   0.11034689E-01   0.11034689E-01  -0.27239836E-08   0.00000000E+00
 10.   11.   0.11220982E-01   0.91269699E-02   0.15548086E+00   0.00000000E+00
 10.   12.   0.10642584E-01   0.52262813E-02   0.26930075E+00   0.00000000E+00
 10.   13.   0.10308342E-01   0.00000000E+00   0.31096172E+00   0.00000000E+00
 10.   14.  -0.86704320E-02   0.00000000E+00   0.86408257E+00   0.00000000E+00
 10.   15.  -0.97367976E-02   0.73263922E-02   0.74831746E+00   0.00000000E+00
 10.   16.  -0.12065497E-01   0.12227622E-01   0.43204129E+00   0.00000000E+00
 10.   17.  -0.13571953E-01   0.13571953E-01   0.22517122E-08   0.00000000E+00
 10.   18.  -0.12227622E-01   0.12065497E-01  -0.43204128E+00   0.00000000E+00
 10.   19.  -0.73263922E-02   0.97367975E-02  -0.74831746E+00   0.00000000E+00
 10.   20.  -0.69248202E-10   0.86704320E-02  -0.86408257E+00   0.00000000E+00
 10.   21.   0.73263921E-02   0.97367975E-02  -0.74831746E+00   0.00000000E+00
 10.   22.   0.12227622E-01   0.12065497E-01  -0.43204129E+00   0.00000000E+00
 10.   23.   0.13571953E-01   0.13571953E-01  -0.40197441E-08   0.00000000E+00
 10.   24.   0.12065497E-01   0.12227622E-01   0.43204128E+00   0.00000000E+00
 10.   25.   0.97367976E-02   0.73263922E-02   0.74831745E+00   0.00000000E+00
 10.   26.   0.86704320E-02   0.00000000E+00   0.86408257E+00   0.00000000E+00
 10.   27.   0.76222888E-02   0.00000000E+00   0.92081495E+00   0.00000000E+00
 10.   28.   0.46744797E-02   0.80592799E-02   0.79744914E+00   0.00000000E+00
 10.   29.  -0.23934151E-02   0.11767805E-01   0.46040748E+00   0.00000000E+00
 10.   30.  -0.92982026E-02   0.92982027E-02   0.16871714E-08   0.00000000E+00
 10.   31.  -0.11767805E-01   0.23934151E-02  -0.46040747E+00   0.00000000E+00
 10.   32.  -0.80592799E-02  -0.46744797E-02  -0.79744914E+00   0.00000000E+00
 10.   33.  -0.91450643E-10  -0.76222888E-02  -0.92081495E+00   0.00000000E+00
 10.   34.   0.80592798E-02  -0.46744797E-02  -0.79744914E+00   0.00000000E+00
 10.   35.   0.11767805E-01   0.23934151E-02  -0.46040748E+00   0.00000000E+00
 10.   36.   0.92982027E-02   0.92982026E-02  -0.31157817E-08   0.00000000E+00
 10.   37.   0.23934152E-02   0.11767805E-01   0.46040747E+00   0.00000000E+00
 10.   38.  -0.46744796E-02   0.80592799E-02   0.79744914E+00   0.00000000E+00
 10.   39.  -0.76222889E-02   0.00000000E+00   0.92081495E+00   0.00000000E+00
 10.   40.   0.21376382E-01   0.00000000E+00   0.14872367E+00   0.00000000E+00
 10.   41.   0.17679357E-01   0.55465096E-02   0.12879847E+00   0.00000000E+00
 10.   42.   0.85792187E-02   0.65167394E-02   0.74361829E-01   0.00000000E+00
 10.   43.  -0.11055791E-02   0.11055792E-02  -0.21559057E-08   0.00000000E+00
 10.   44.  -0.65167392E-02  -0.85792187E-02  -0.74361830E-01   0.00000000E+00
 10.   45.  -0.55465096E-02  -0.17679357E-01  -0.12879847E+00   0.00000000E+00
 10.   46.  -0.11508377E-09  -0.21376382E-01  -0.14872366E+00   0.00000000E+00
 10.   47.   0.55465095E-02  -0.17679357E-01  -0.12879847E+00   0.00000000E+00
 10.   48.   0.65167393E-02  -0.85792187E-02  -0.74361834E-01   0.00000000E+00
 10.   49.   0.11055793E-02   0.11055791E-02   0.11624282E-08   0.00000000E+00
 10.   50.  -0.85792186E-02   0.65167392E-02   0.74361834E-01   0.00000000E+00
 10.   51.  -0.17679357E-01   0.55465095E-02   0.12879847E+00   0.00000000E+00
 10.   52.  -0.21376382E-01   0.00000000E+00   0.14872366E+00   0.00000000E+00
 10.   53.   0.23085829E-01   0.00000000E+00  -0.99703087E+00   0.00000000E+00
 10.   54.   0.20374982E-01   0.12062207E-02  -0.86345407E+00   0.00000000E+00
 10.   55.   0.13554362E-01  -0.39101346E-03  -0.49851545E+00   0.00000000E+00
 10.   56.   0.58100334E-02  -0.58100333E-02  -0.79853387E-08   0.00000000E+00
 10.   57.   0.39101371E-03  -0.13554362E-01   0.49851544E+00   0.00000000E+00
 10.   58.  -0.12062206E-02  -0.20374982E-01   0.86345408E+00   0.00000000E+00
 10.   59.  -0.13237661E-09  -0.23085829E-01   0.99703088E+00   0.00000000E+00
 10.   60.   0.12062205E-02  -0.20374982E-01   0.86345407E+00   0.00000000E+00
 10.   61.  -0.39101350E-03  -0.13554361E-01   0.49851544E+00   0.00000000E+00
 10.   62.  -0.58100331E-02  -0.58100333E-02   0.72251829E-08   0.00000000E+00
 10.   63.  -0.13554361E-01  -0.39101370E-03  -0.49851543E+00   0.00000000E+00
 10.   64.  -0.20374982E-01   0.12062204E-02  -0.86345407E+00   0.00000000E+00
 10.   65.  -0.23085829E-01   0.00000000E+00  -0.99703089E+00   0.00000000E+00
 10.   66.  -0.23085829E-01   0.00000000E+00  -0.99703087E+00   0.00000000E+00
 10.   67.  -0.20374982E-01  -0.12062207E-02  -0.86345407E+00   0.00000000E+00
 10.   68.  -0.13554362E-01   0.39101346E-03  -0.49851545E+00   0.00000000E+00
 10.   69.  -0.58100334E-02   0.58100333E-02  -0.79853463E-08   0.00000000E+00
 10.   70.  -0.39101371E-03   0.13554362E-01   0.49851544E+00   0.00000000E+00
 10.   71.   0.12062206E-02   0.20374982E-01   0.86345408E+00   0.00000000E+00
 10.   72.   0.12726931E-09   0.23085829E-01   0.99703088E+00   0.00000000E+00
 10.   73.  -0.12062205E-02   0.20374982E-01   0.86345407E+00   0.00000000E+00
 10.   74.   0.39101350E-03   0.13554361E-01   0.49851544E+00   0.00000000E+00
 10.   75.   0.58100331E-02   0.58100333E-02   0.72251808E-08   0.00000000E+00
 10.   76.   0.13554361E-01   0.39101370E-03  -0.49851543E+00   0.00000000E+00
 10.   77.   0.20374982E-01  -0.12062204E-02  -0.86345407E+00   0.00000000E+00
 10.   78.   0.23085829E-01   0.00000000E+00  -0.99703089E+00   0.00000000E+00
 11.    1.   0.18994122E-01   0.00000000E+00   0.99992138E+00   0.00000000E+00
 11.    2.   0.18346913E-01   0.49160404E-02   0.99992138E+00   0.00000000E+00
 11.    3.   0.16449392E-01   0.94970608E-02   0.99992138E+00   0.00000000E+00
 11.    4.   0.13430872E-01   0.13430872E-01   0.99992138E+00   0.00000000E+00
 11.    5.   0.94970609E-02   0.16449392E-01   0.99992138E+00   0.00000000E+00
 11.    6.   0.49160405E-02   0.18346913E-01   0.99992138E+00   0.00000000E+00
 11.    7.   0.77770292E-10   0.18994122E-01   0.99992138E+00   0.00000000E+00
 11.    8.  -0.49160404E-02   0.18346913E-01   0.99992138E+00   0.00000000E+00
 11.    9.  -0.94970608E-02   0.16449392E-01   0.99992138E+00   0.00000000E+00
 11.   10.  -0.13430872E-01   0.13430872E-01   0.99992138E+00   0.00000000E+00
 11.   11.  -0.16449392E-01   0.94970609E-02   0.99992138E+00   0.00000000E+00
 11.   12.  -0.18346913E-01   0.49160405E-02   0.99992138E+00   0.00000000E+00
 11.   13.  -0.18994122E-01   0.00000000E+00   0.99992138E+00   0.00000000E+00
 11.   14.   0.15161729E-01   0.00000000E+00   0.13302621E+00   0.00000000E+00
 11.   15.   0.14645105E-01   0.39241442E-02   0.13302621E+00   0.00000000E+00
 11.   16.   0.13130442E-01   0.75808644E-02   0.13302621E+00   0.00000000E+00
 11.   17.   0.10720961E-01   0.10720961E-01   0.13302621E+00   0.00000000E+00
 11.   18.   0.75808644E-02   0.13130442E-01   0.13302621E+00   0.00000000E+00
 11.   19.   0.39241442E-02   0.14645105E-01   0.13302621E+00   0.00000000E+00
 11.   20.   0.61939261E-10   0.15161729E-01   0.13302621E+00   0.00000000E+00
 11.   21.  -0.39241441E-02   0.14645105E-01   0.13302621E+00   0.00000000E+00
 11.   22.  -0.75808643E-02   0.13130442E-01   0.13302621E+00   0.00000000E+00
 11.   23.  -0.10720961E-01   0.10720961E-01   0.13302621E+00   0.00000000E+00
 11.   24.  -0.13130442E-01   0.75808644E-02   0.13302621E+00   0.00000000E+00
 11.   25.  -0.14645105E-01   0.39241442E-02   0.13302621E+00   0.00000000E+00
 11.   26.  -0.15161729E-01   0.00000000E+00   0.13302621E+00   0.00000000E+00
 11.   27.   0.25645818E-02   0.00000000E+00  -0.34223444E+00   0.00000000E+00
 11.   28.   0.24771957E-02   0.66376260E-03  -0.34223444E+00   0.00000000E+00
 11.   29.   0.22209930E-02   0.12822909E-02  -0.34223444E+00   0.00000000E+00
 11.   30.   0.18134332E-02   0.18134331E-02  -0.34223444E+00   0.00000000E+00
 11.   31.   0.12822909E-02   0.22209929E-02  -0.34223444E+00   0.00000000E+00
 11.   32.   0.66376262E-03   0.24771957E-02  -0.34223444E+00   0.00000000E+00
 11.   33.   0.42982751E-10   0.25645817E-02  -0.34223444E+00   0.00000000E+00
 11.   34.  -0.66376254E-03   0.24771957E-02  -0.34223444E+00   0.00000000E+00
 11.   35.  -0.12822908E-02   0.22209929E-02  -0.34223444E+00   0.00000000E+00
 11.   36.  -0.18134331E-02   0.18134331E-02  -0.34223444E+00   0.00000000E+00
 11.   37.  -0.22209929E-02   0.12822909E-02  -0.34223444E+00   0.00000000E+00
 11.   38.  -0.24771957E-02   0.66376260E-03  -0.34223444E+00   0.00000000E+00
 11.   39.  -0.25645817E-02   0.00000000E+00  -0.34223444E+00   0.00000000E+00
 11.   40.  -0.97013077E-02   0.00000000E+00  -0.13033947E+00   0.00000000E+00
 11.   41.  -0.93707436E-02  -0.25108832E-02  -0.13033947E+00   0.00000000E+00
 11.   42.  -0.84015789E-02  -0.48506539E-02  -0.13033947E+00   0.00000000E+00
 11.   43.  -0.68598604E-02  -0.68598605E-02  -0.13033947E+00   0.00000000E+00
 11.   44.  -0.48506538E-02  -0.84015790E-02  -0.13033947E+00   0.00000000E+00
 11.   45.  -0.25108832E-02  -0.93707437E-02  -0.13033947E+00   0.00000000E+00
 11.   46.   0.23769119E-10  -0.97013077E-02  -0.13033947E+00   0.00000000E+00
 11.   47.   0.25108832E-02  -0.93707437E-02  -0.13033947E+00   0.00000000E+00
 11.   48.   0.48506539E-02  -0.84015790E-02  -0.13033947E+00   0.00000000E+00
 11.   49.   0.68598605E-02  -0.68598605E-02  -0.13033947E+00   0.00000000E+00
 11.   50.   0.84015790E-02  -0.48506539E-02  -0.13033947E+00   0.00000000E+00
 11.   51.   0.93707437E-02  -0.25108832E-02  -0.13033947E+00   0.00000000E+00
 11.   52.   0.97013078E-02   0.00000000E+00  -0.13033947E+00   0.00000000E+00
 11.   53.  -0.11925063E-01   0.00000000E+00   0.44560979E+00   0.00000000E+00
 11.   54.  -0.11518727E-01  -0.30864335E-02   0.44560979E+00   0.00000000E+00
 11.   55.  -0.10327408E-01  -0.59625317E-02   0.44560979E+00   0.00000000E+00
 11.   56.  -0.84322932E-02  -0.84322933E-02   0.44560979E+00   0.00000000E+00
 11.   57.  -0.59625317E-02  -0.10327408E-01   0.44560979E+00   0.00000000E+00
 11.   58.  -0.30864336E-02  -0.11518727E-01   0.44560979E+00   0.00000000E+00
 11.   59.   0.19055909E-10  -0.11925064E-01   0.44560979E+00   0.00000000E+00
 11.   60.   0.30864336E-02  -0.11518727E-01   0.44560979E+00   0.00000000E+00
 11.   61.   0.59625318E-02  -0.10327408E-01   0.44560979E+00   0.00000000E+00
 11.   62.   0.84322933E-02  -0.84322933E-02   0.44560979E+00   0.00000000E+00
 11.   63.   0.10327408E-01  -0.59625318E-02   0.44560979E+00   0.00000000E+00
 11.   64.   0.11518727E-01  -0.30864336E-02   0.44560979E+00   0.00000000E+00
 11.   65.   0.11925064E-01   0.00000000E+00   0.44560979E+00   0.00000000E+00
 11.   66.   0.11925064E-01   0.00000000E+00   0.44560979E+00   0.00000000E+00
 11.   67.   0.11518727E-01   0.30864335E-02   0.44560979E+00   0.00000000E+00
 11.   68.   0.10327408E-01   0.59625317E-02   0.44560979E+00   0.00000000E+00
 11.   69.   0.84322933E-02   0.84322933E-02   0.44560979E+00   0.00000000E+00
 11.   70.   0.59625318E-02   0.10327408E-01   0.44560979E+00   0.00000000E+00
 11.   71.   0.30864336E-02   0.11518727E-01   0.44560979E+00   0.00000000E+00
 11.   72.   0.52442491E-10   0.11925064E-01   0.44560979E+00   0.00000000E+00
 11.   73.  -0.30864335E-02   0.11518727E-01   0.44560979E+00   0.00000000E+00
 11.   74.  -0.59625317E-02   0.10327408E-01   0.44560979E+00   0.00000000E+00
 11.   75.  -0.84322932E-02   0.84322933E-02   0.44560979E+00   0.00000000E+00
 11.   76.  -0.10327408E-01   0.59625318E-02   0.44560979E+00   0.00000000E+00
 11.   77.  -0.11518727E-01   0.30864336E-02   0.44560979E+00   0.00000000E+00
 11.   78.  -0.11925064E-01   0.00000000E+00   0.44560979E+00   0.00000000E+00
 12.    1.   0.17561878E-04   0.00000000E+00  -0.13230102E-03   0.00000000E+00
 12.    2.   0.54007079E-05  -0.20155620E-04   0.77106489E-09   0.00000000E+00
 12.    3.  -0.15208987E-04  -0.87809178E-05   0.13230256E-03   0.00000000E+00
 12.    4.  -0.14754920E-04   0.14754954E-04   0.78892967E-09   0.00000000E+00
 12.    5.   0.87809450E-05   0.15209026E-04  -0.13230098E-03   0.00000000E+00
 12.    6.   0.20155640E-04  -0.54006646E-05   0.83395870E-09   0.00000000E+00
 12.    7.   0.11243719E-10  -0.17561832E-04   0.13230266E-03   0.00000000E+00
 12.    8.  -0.20155618E-04  -0.54006617E-05   0.92025555E-09   0.00000000E+00
 12.    9.  -0.87809248E-05   0.15209032E-04  -0.13230081E-03   0.00000000E+00
 12.   10.   0.14754938E-04   0.14754960E-04   0.10382128E-08   0.00000000E+00
 12.   11.   0.15209004E-04  -0.87809121E-05   0.13230288E-03   0.00000000E+00
 12.   12.  -0.54006931E-05  -0.20155617E-04   0.11422893E-08   0.00000000E+00
 12.   13.  -0.17561864E-04   0.00000000E+00  -0.13230063E-03   0.00000000E+00
 12.   14.   0.69509712E-03   0.00000000E+00  -0.11379133E-01   0.00000000E+00
 12.   15.   0.19639305E-03  -0.73294875E-03   0.85249743E-12   0.00000000E+00
 12.   16.  -0.60197173E-03  -0.34754854E-03   0.11379133E-01   0.00000000E+00
 12.   17.  -0.53655572E-03   0.53655574E-03   0.15410841E-10   0.00000000E+00
 12.   18.   0.34754856E-03   0.60197176E-03  -0.11379133E-01   0.00000000E+00
 12.   19.   0.73294877E-03  -0.19639301E-03  -0.88720544E-10   0.00000000E+00
 12.   20.   0.11200536E-10  -0.69509709E-03   0.11379133E-01   0.00000000E+00
 12.   21.  -0.73294875E-03  -0.19639302E-03   0.53173513E-10   0.00000000E+00
 12.   22.  -0.34754855E-03   0.60197176E-03  -0.11379133E-01   0.00000000E+00
 12.   23.   0.53655572E-03   0.53655575E-03  -0.40533148E-10   0.00000000E+00
 12.   24.   0.60197175E-03  -0.34754853E-03   0.11379133E-01   0.00000000E+00
 12.   25.  -0.19639303E-03  -0.73294875E-03   0.44745537E-09   0.00000000E+00
 12.   26.  -0.69509711E-03   0.00000000E+00  -0.11379133E-01   0.00000000E+00
 12.   27.   0.39642286E-02   0.00000000E+00  -0.11493589E+00   0.00000000E+00
 12.   28.   0.12765448E-02  -0.47641301E-02  -0.29536377E-09   0.00000000E+00
 12.   29.  -0.34331226E-02  -0.19821143E-02   0.11493589E+00   0.00000000E+00
 12.   30.  -0.34875853E-02   0.34875853E-02   0.14477837E-09   0.00000000E+00
 12.   31.   0.19821143E-02   0.34331226E-02  -0.11493589E+00   0.00000000E+00
 12.   32.   0.47641301E-02  -0.12765448E-02  -0.86370669E-09   0.00000000E+00
 12.   33.   0.35975606E-10  -0.39642286E-02   0.11493589E+00   0.00000000E+00
 12.   34.  -0.47641301E-02  -0.12765448E-02   0.59450871E-09   0.00000000E+00
 12.   35.  -0.19821143E-02   0.34331226E-02  -0.11493589E+00   0.00000000E+00
 12.   36.   0.34875853E-02   0.34875853E-02  -0.16119676E-08   0.00000000E+00
 12.   37.   0.34331227E-02  -0.19821142E-02   0.11493589E+00   0.00000000E+00
 12.   38.  -0.12765448E-02  -0.47641301E-02   0.13244763E-08   0.00000000E+00
 12.   39.  -0.39642285E-02   0.00000000E+00  -0.11493589E+00   0.00000000E+00
 12.   40.   0.89742264E-02   0.00000000E+00  -0.43964657E+00   0.00000000E+00
 12.   41.   0.36012543E-02  -0.13440064E-01  -0.10557615E-09   0.00000000E+00
 12.   42.  -0.77719080E-02  -0.44871132E-02   0.43964657E+00   0.00000000E+00
 12.   43.  -0.98388098E-02   0.98388097E-02   0.18178590E-08   0.00000000E+00
 12.   44.   0.44871131E-02   0.77719080E-02  -0.43964657E+00   0.00000000E+00
 12.   45.   0.13440064E-01  -0.36012543E-02  -0.21636119E-08   0.00000000E+00
 12.   46.   0.10082737E-09  -0.89742264E-02   0.43964657E+00   0.00000000E+00
 12.   47.  -0.13440064E-01  -0.36012544E-02   0.41189085E-08   0.00000000E+00
 12.   48.  -0.44871133E-02   0.77719079E-02  -0.43964657E+00   0.00000000E+00
 12.   49.   0.98388097E-02   0.98388098E-02  -0.45373721E-08   0.00000000E+00
 12.   50.   0.77719081E-02  -0.44871130E-02   0.43964657E+00   0.00000000E+00
 12.   51.  -0.36012542E-02  -0.13440064E-01   0.57681781E-08   0.00000000E+00
 12.   52.  -0.89742263E-02   0.00000000E+00  -0.43964657E+00   0.00000000E+00
 12.   53.   0.13962871E-01   0.00000000E+00  -0.99991366E+00   0.00000000E+00
 12.   54.   0.64517423E-02  -0.24078230E-01   0.13393414E-09   0.00000000E+00
 12.   55.  -0.12092201E-01  -0.69814355E-02   0.99991366E+00   0.00000000E+00
 12.   56.  -0.17626488E-01   0.17626488E-01   0.45842990E-08   0.00000000E+00
 12.   57.   0.69814354E-02   0.12092201E-01  -0.99991366E+00   0.00000000E+00
 12.   58.   0.24078230E-01  -0.64517423E-02  -0.47104443E-08   0.00000000E+00
 12.   59.   0.18829014E-09  -0.13962871E-01   0.99991366E+00   0.00000000E+00
 12.   60.  -0.24078230E-01  -0.64517425E-02   0.10378640E-07   0.00000000E+00
 12.   61.  -0.69814357E-02   0.12092201E-01  -0.99991366E+00   0.00000000E+00
 12.   62.   0.17626488E-01   0.17626488E-01  -0.93981270E-08   0.00000000E+00
 12.   63.   0.12092201E-01  -0.69814352E-02   0.99991366E+00   0.00000000E+00
 12.   64.  -0.64517422E-02  -0.24078230E-01   0.13683134E-07   0.00000000E+00
 12.   65.  -0.13962871E-01   0.00000000E+00  -0.99991365E+00   0.00000000E+00
 12.   66.  -0.13962871E-01   0.00000000E+00  -0.99991366E+00   0.00000000E+00
 12.   67.  -0.64517423E-02   0.24078230E-01   0.13393662E-09   0.00000000E+00
 12.   68.   0.12092201E-01   0.69814355E-02   0.99991366E+00   0.00000000E+00
 12.   69.   0.17626488E-01  -0.17626488E-01   0.45842984E-08   0.00000000E+00
 12.   70.  -0.69814354E-02  -0.12092201E-01  -0.99991366E+00   0.00000000E+00
 12.   71.  -0.24078230E-01   0.64517423E-02  -0.47104468E-08   0.00000000E+00
 12.   72.  -0.17397868E-09   0.13962871E-01   0.99991366E+00   0.00000000E+00
 12.   73.   0.24078230E-01   0.64517425E-02   0.10378639E-07   0.00000000E+00
 12.   74.   0.69814357E-02  -0.12092201E-01  -0.99991366E+00   0.00000000E+00
 12.   75.  -0.17626488E-01  -0.17626488E-01  -0.93981259E-08   0.00000000E+00
 12.   76.  -0.12092201E-01   0.69814352E-02   0.99991366E+00   0.00000000E+00
 12.   77.   0.64517422E-02   0.24078230E-01   0.13683134E-07   0.00000000E+00
 12.   78.   0.13962871E-01   0.00000000E+00  -0.99991365E+00   0.00000000E+00
 13.    1.   0.58918630E-02   0.00000000E+00  -0.10446377E+00   0.00000000E+00
 13.    2.   0.54805688E-02  -0.43568922E-02  -0.73867039E-01   0.00000000E+00
 13.    3.   0.39788264E-02  -0.68915295E-02   0.11945024E-08   0.00000000E+00
 13.    4.   0.10328950E-02  -0.69247579E-02   0.73867041E-01   0.00000000E+00
 13.    5.  -0.29459315E-02  -0.51025030E-02   0.10446377E+00   0.00000000E+00
 13.    6.  -0.65134637E-02  -0.25678657E-02   0.73867041E-01   0.00000000E+00
 13.    7.  -0.79576529E-02  -0.38444786E-11   0.89632697E-09   0.00000000E+00
 13.    8.  -0.65134638E-02   0.25678657E-02  -0.73867039E-01   0.00000000E+00
 13.    9.  -0.29459315E-02   0.51025030E-02  -0.10446377E+00   0.00000000E+00
 13.   10.   0.10328949E-02   0.69247579E-02  -0.73867041E-01   0.00000000E+00
 13.   11.   0.39788264E-02   0.68915295E-02  -0.11771041E-08   0.00000000E+00
 13.   12.   0.54805688E-02   0.43568922E-02   0.73867039E-01   0.00000000E+00
 13.   13.   0.58918629E-02   0.00000000E+00   0.10446377E+00   0.00000000E+00
 13.   14.   0.12591729E-01   0.00000000E+00  -0.61063333E+00   0.00000000E+00
 13.   15.   0.12323480E-01  -0.11590609E-01  -0.43178297E+00   0.00000000E+00
 13.   16.   0.10171887E-01  -0.17618225E-01   0.91851009E-10   0.00000000E+00
 13.   17.   0.38760223E-02  -0.16467751E-01   0.43178297E+00   0.00000000E+00
 13.   18.  -0.62958645E-02  -0.10904757E-01   0.61063333E+00   0.00000000E+00
 13.   19.  -0.16199502E-01  -0.48771420E-02   0.43178297E+00   0.00000000E+00
 13.   20.  -0.20343774E-01  -0.16341054E-10   0.24135767E-08   0.00000000E+00
 13.   21.  -0.16199502E-01   0.48771419E-02  -0.43178296E+00   0.00000000E+00
 13.   22.  -0.62958647E-02   0.10904757E-01  -0.61063333E+00   0.00000000E+00
 13.   23.   0.38760222E-02   0.16467751E-01  -0.43178297E+00   0.00000000E+00
 13.   24.   0.10171887E-01   0.17618225E-01  -0.48367432E-08   0.00000000E+00
 13.   25.   0.12323480E-01   0.11590610E-01   0.43178296E+00   0.00000000E+00
 13.   26.   0.12591729E-01   0.00000000E+00   0.61063333E+00   0.00000000E+00
 13.   27.  -0.15748225E-02   0.00000000E+00  -0.97952621E+00   0.00000000E+00
 13.   28.   0.27645339E-02  -0.14619876E-01  -0.69262963E+00   0.00000000E+00
 13.   29.   0.10491506E-01  -0.18171821E-01  -0.99418519E-09   0.00000000E+00
 13.   30.   0.11278917E-01  -0.97040945E-02   0.69262963E+00   0.00000000E+00
 13.   31.   0.78741130E-03   0.13638363E-02   0.97952621E+00   0.00000000E+00
 13.   32.  -0.14043451E-01   0.49157814E-02   0.69262963E+00   0.00000000E+00
 13.   33.  -0.20983011E-01   0.34112842E-10   0.35444326E-08   0.00000000E+00
 13.   34.  -0.14043451E-01  -0.49157814E-02  -0.69262963E+00   0.00000000E+00
 13.   35.   0.78741117E-03  -0.13638363E-02  -0.97952621E+00   0.00000000E+00
 13.   36.   0.11278917E-01   0.97040944E-02  -0.69262963E+00   0.00000000E+00
 13.   37.   0.10491506E-01   0.18171821E-01  -0.69860373E-08   0.00000000E+00
 13.   38.   0.27645339E-02   0.14619876E-01   0.69262962E+00   0.00000000E+00
 13.   39.  -0.15748225E-02   0.00000000E+00   0.97952621E+00   0.00000000E+00
 13.   40.  -0.23113292E-01   0.00000000E+00  -0.31954923E+00   0.00000000E+00
 13.   41.  -0.14863819E-01  -0.76741588E-02  -0.22595543E+00   0.00000000E+00
 13.   42.   0.25212802E-02  -0.43669854E-02  -0.66058703E-09   0.00000000E+00
 13.   43.   0.14077926E-01   0.90353657E-02   0.22595543E+00   0.00000000E+00
 13.   44.   0.11556646E-01   0.20016698E-01   0.31954923E+00   0.00000000E+00
 13.   45.   0.78589324E-03   0.16709525E-01   0.22595543E+00   0.00000000E+00
 13.   46.  -0.50425604E-02   0.93817121E-10   0.94780026E-09   0.00000000E+00
 13.   47.   0.78589316E-03  -0.16709524E-01  -0.22595543E+00   0.00000000E+00
 13.   48.   0.11556646E-01  -0.20016698E-01  -0.31954923E+00   0.00000000E+00
 13.   49.   0.14077926E-01  -0.90353659E-02  -0.22595543E+00   0.00000000E+00
 13.   50.   0.25212804E-02   0.43669853E-02  -0.22004801E-08   0.00000000E+00
 13.   51.  -0.14863819E-01   0.76741588E-02   0.22595543E+00   0.00000000E+00
 13.   52.  -0.23113292E-01   0.00000000E+00   0.31954923E+00   0.00000000E+00
 13.   53.  -0.27217488E-01   0.00000000E+00   0.99999211E+00   0.00000000E+00
 13.   54.  -0.20847635E-01   0.34448744E-02   0.70710120E+00   0.00000000E+00
 13.   55.  -0.61682750E-02   0.10683766E-01   0.65550764E-09   0.00000000E+00
 13.   56.   0.74404688E-02   0.19777019E-01  -0.70710120E+00   0.00000000E+00
 13.   57.   0.13608744E-01   0.23571036E-01  -0.99999211E+00   0.00000000E+00
 13.   58.   0.13407166E-01   0.16332144E-01  -0.70710120E+00   0.00000000E+00
 13.   59.   0.12336550E-01   0.87799283E-10  -0.40222417E-08   0.00000000E+00
 13.   60.   0.13407166E-01  -0.16332144E-01   0.70710120E+00   0.00000000E+00
 13.   61.   0.13608744E-01  -0.23571036E-01   0.99999211E+00   0.00000000E+00
 13.   62.   0.74404689E-02  -0.19777019E-01   0.70710121E+00   0.00000000E+00
 13.   63.  -0.61682748E-02  -0.10683766E-01   0.69468586E-08   0.00000000E+00
 13.   64.  -0.20847635E-01  -0.34448744E-02  -0.70710120E+00   0.00000000E+00
 13.   65.  -0.27217488E-01   0.00000000E+00  -0.99999211E+00   0.00000000E+00
 13.   66.   0.27217488E-01   0.00000000E+00   0.99999211E+00   0.00000000E+00
 13.   67.   0.20847635E-01  -0.34448744E-02   0.70710120E+00   0.00000000E+00
 13.   68.   0.61682750E-02  -0.10683766E-01   0.65551525E-09   0.00000000E+00
 13.   69.  -0.74404688E-02  -0.19777019E-01  -0.70710120E+00   0.00000000E+00
 13.   70.  -0.13608744E-01  -0.23571036E-01  -0.99999211E+00   0.00000000E+00
 13.   71.  -0.13407166E-01  -0.16332144E-01  -0.70710120E+00   0.00000000E+00
 13.   72.  -0.12336550E-01  -0.88248905E-10  -0.40222428E-08   0.00000000E+00
 13.   73.  -0.13407166E-01   0.16332144E-01   0.70710120E+00   0.00000000E+00
 13.   74.  -0.13608744E-01   0.23571036E-01   0.99999211E+00   0.00000000E+00
 13.   75.  -0.74404689E-02   0.19777019E-01   0.70710121E+00   0.00000000E+00
 13.   76.   0.61682748E-02   0.10683766E-01   0.69468560E-08   0.00000000E+00
 13.   77.   0.20847635E-01   0.34448744E-02  -0.70710120E+00   0.00000000E+00
 13.   78.   0.27217488E-01   0.00000000E+00  -0.99999211E+00   0.00000000E+00
 14.    1.   0.69785383E-02   0.00000000E+00   0.99985305E+00   0.00000000E+00
 14.    2.   0.48688499E-02   0.78734640E-02   0.96578388E+00   0.00000000E+00
 14.    3.  -0.89492576E-03   0.13637240E-01   0.86589814E+00   0.00000000E+00
 14.    4.  -0.87683898E-02   0.15746928E-01   0.70700287E+00   0.00000000E+00
 14.    5.  -0.16641854E-01   0.13637240E-01   0.49992653E+00   0.00000000E+00
 14.    6.  -0.22405630E-01   0.78734641E-02   0.25878101E+00   0.00000000E+00
 14.    7.  -0.24515318E-01   0.42233285E-10   0.17636356E-08   0.00000000E+00
 14.    8.  -0.22405630E-01  -0.78734640E-02  -0.25878101E+00   0.00000000E+00
 14.    9.  -0.16641854E-01  -0.13637240E-01  -0.49992652E+00   0.00000000E+00
 14.   10.  -0.87683899E-02  -0.15746928E-01  -0.70700287E+00   0.00000000E+00
 14.   11.  -0.89492585E-03  -0.13637240E-01  -0.86589814E+00   0.00000000E+00
 14.   12.   0.48688499E-02  -0.78734641E-02  -0.96578388E+00   0.00000000E+00
 14.   13.   0.69785383E-02   0.00000000E+00  -0.99985305E+00   0.00000000E+00
 14.   14.   0.16668040E-01   0.00000000E+00   0.46008395E+00   0.00000000E+00
 14.   15.   0.15209286E-01   0.54441456E-02   0.44440697E+00   0.00000000E+00
 14.   16.   0.11223894E-01   0.94295367E-02   0.39844439E+00   0.00000000E+00
 14.   17.   0.57797488E-02   0.10888291E-01   0.32532848E+00   0.00000000E+00
 14.   18.   0.33560324E-03   0.94295368E-02   0.23004198E+00   0.00000000E+00
 14.   19.  -0.36497879E-02   0.54441456E-02   0.11907849E+00   0.00000000E+00
 14.   20.  -0.51085424E-02   0.33022332E-10   0.84614890E-09   0.00000000E+00
 14.   21.  -0.36497880E-02  -0.54441455E-02  -0.11907849E+00   0.00000000E+00
 14.   22.   0.33560318E-03  -0.94295367E-02  -0.23004198E+00   0.00000000E+00
 14.   23.   0.57797488E-02  -0.10888291E-01  -0.32532848E+00   0.00000000E+00
 14.   24.   0.11223894E-01  -0.94295368E-02  -0.39844439E+00   0.00000000E+00
 14.   25.   0.15209286E-01  -0.54441456E-02  -0.44440697E+00   0.00000000E+00
 14.   26.   0.16668040E-01   0.00000000E+00  -0.46008395E+00   0.00000000E+00
 14.   27.   0.94440223E-02   0.00000000E+00  -0.31082529E+00   0.00000000E+00
 14.   28.   0.89599829E-02   0.18064595E-02  -0.30023418E+00   0.00000000E+00
 14.   29.   0.76375628E-02   0.31288797E-02  -0.26918260E+00   0.00000000E+00
 14.   30.   0.58311033E-02   0.36129190E-02  -0.21978667E+00   0.00000000E+00
 14.   31.   0.40246438E-02   0.31288797E-02  -0.15541265E+00   0.00000000E+00
 14.   32.   0.27022236E-02   0.18064595E-02  -0.80447506E-01   0.00000000E+00
 14.   33.   0.22181843E-02   0.12837362E-10  -0.39527903E-09   0.00000000E+00
 14.   34.   0.27022236E-02  -0.18064595E-02   0.80447505E-01   0.00000000E+00
 14.   35.   0.40246438E-02  -0.31288796E-02   0.15541265E+00   0.00000000E+00
 14.   36.   0.58311033E-02  -0.36129190E-02   0.21978667E+00   0.00000000E+00
 14.   37.   0.76375628E-02  -0.31288797E-02   0.26918260E+00   0.00000000E+00
 14.   38.   0.89599829E-02  -0.18064595E-02   0.30023418E+00   0.00000000E+00
 14.   39.   0.94440223E-02   0.00000000E+00   0.31082529E+00   0.00000000E+00
 14.   40.  -0.11283706E-01   0.00000000E+00  -0.24408263E+00   0.00000000E+00
 14.   41.  -0.10441894E-01  -0.31416853E-02  -0.23576571E+00   0.00000000E+00
 14.   42.  -0.81420203E-02  -0.54415586E-02  -0.21138175E+00   0.00000000E+00
 14.   43.  -0.50003350E-02  -0.62833706E-02  -0.17259248E+00   0.00000000E+00
 14.   44.  -0.18586497E-02  -0.54415586E-02  -0.12204131E+00   0.00000000E+00
 14.   45.   0.44122361E-03  -0.31416853E-02  -0.63173232E-01   0.00000000E+00
 14.   46.   0.12830357E-02  -0.19223960E-10  -0.29950155E-09   0.00000000E+00
 14.   47.   0.44122363E-03   0.31416853E-02   0.63173232E-01   0.00000000E+00
 14.   48.  -0.18586496E-02   0.54415586E-02   0.12204131E+00   0.00000000E+00
 14.   49.  -0.50003349E-02   0.62833706E-02   0.17259248E+00   0.00000000E+00
 14.   50.  -0.81420202E-02   0.54415586E-02   0.21138175E+00   0.00000000E+00
 14.   51.  -0.10441893E-01   0.31416853E-02   0.23576571E+00   0.00000000E+00
 14.   52.  -0.11283706E-01   0.00000000E+00   0.24408262E+00   0.00000000E+00
 14.   53.  -0.16574865E-01   0.00000000E+00   0.52447015E+00   0.00000000E+00
 14.   54.  -0.15608552E-01  -0.36063284E-02   0.50659926E+00   0.00000000E+00
 14.   55.  -0.12968536E-01  -0.62463440E-02   0.45420447E+00   0.00000000E+00
 14.   56.  -0.93622080E-02  -0.72126568E-02   0.37085640E+00   0.00000000E+00
 14.   57.  -0.57558796E-02  -0.62463440E-02   0.26223507E+00   0.00000000E+00
 14.   58.  -0.31158640E-02  -0.36063284E-02   0.13574286E+00   0.00000000E+00
 14.   59.  -0.21495512E-02  -0.24202474E-10   0.92303753E-09   0.00000000E+00
 14.   60.  -0.31158640E-02   0.36063284E-02  -0.13574286E+00   0.00000000E+00
 14.   61.  -0.57558796E-02   0.62463440E-02  -0.26223507E+00   0.00000000E+00
 14.   62.  -0.93622080E-02   0.72126568E-02  -0.37085640E+00   0.00000000E+00
 14.   63.  -0.12968536E-01   0.62463440E-02  -0.45420447E+00   0.00000000E+00
 14.   64.  -0.15608552E-01   0.36063284E-02  -0.50659926E+00   0.00000000E+00
 14.   65.  -0.16574865E-01   0.00000000E+00  -0.52447015E+00   0.00000000E+00
 14.   66.   0.16574865E-01   0.00000000E+00   0.52447015E+00   0.00000000E+00
 14.   67.   0.15608552E-01   0.36063284E-02   0.50659926E+00   0.00000000E+00
 14.   68.   0.12968536E-01   0.62463440E-02   0.45420447E+00   0.00000000E+00
 14.   69.   0.93622080E-02   0.72126568E-02   0.37085640E+00   0.00000000E+00
 14.   70.   0.57558796E-02   0.62463440E-02   0.26223507E+00   0.00000000E+00
 14.   71.   0.31158640E-02   0.36063284E-02   0.13574286E+00   0.00000000E+00
 14.   72.   0.21495512E-02   0.24245129E-10   0.92303722E-09   0.00000000E+00
 14.   73.   0.31158640E-02  -0.36063284E-02  -0.13574286E+00   0.00000000E+00
 14.   74.   0.57558796E-02  -0.62463440E-02  -0.26223507E+00   0.00000000E+00
 14.   75.   0.93622080E-02  -0.72126568E-02  -0.37085640E+00   0.00000000E+00
 14.   76.   0.12968536E-01  -0.62463440E-02  -0.45420447E+00   0.00000000E+00
 14.   77.   0.15608552E-01  -0.36063284E-02  -0.50659926E+00   0.00000000E+00
 14.   78.   0.16574865E-01   0.00000000E+00  -0.52447015E+00   0.00000000E+00
 15.    1.  -0.46393404E-05   0.00000000E+00   0.31937570E-04   0.00000000E+00
 15.    2.  -0.31343656E-06   0.58090598E-05  -0.82667304E-05   0.00000000E+00
 15.    3.   0.49527561E-05  -0.54288404E-06  -0.27659709E-04   0.00000000E+00
 15.    4.   0.62685695E-06  -0.52662006E-05   0.22583263E-04   0.00000000E+00
 15.    5.  -0.55796166E-05   0.54286492E-06   0.15968754E-04   0.00000000E+00
 15.    6.  -0.31342400E-06   0.47233070E-05  -0.30850070E-04   0.00000000E+00
 15.    7.   0.58930544E-05  -0.50284024E-11  -0.11384332E-09   0.00000000E+00
 15.    8.  -0.31342314E-06  -0.47233173E-05   0.30849833E-04   0.00000000E+00
 15.    9.  -0.55796151E-05  -0.54287566E-06  -0.15969020E-04   0.00000000E+00
 15.   10.   0.62685946E-06   0.52661902E-05  -0.22583578E-04   0.00000000E+00
 15.   11.   0.49527599E-05   0.54287551E-06   0.27659337E-04   0.00000000E+00
 15.   12.  -0.31343163E-06  -0.58090648E-05   0.82663121E-05   0.00000000E+00
 15.   13.  -0.46393351E-05   0.00000000E+00  -0.31938007E-04   0.00000000E+00
 15.   14.  -0.41380985E-03   0.00000000E+00   0.58294023E-02   0.00000000E+00
 15.   15.  -0.99323732E-05   0.45087792E-03  -0.15087606E-02   0.00000000E+00
 15.   16.   0.42374219E-03  -0.17203366E-04  -0.50484107E-02   0.00000000E+00
 15.   17.   0.19864723E-04  -0.43367457E-03   0.41220100E-02   0.00000000E+00
 15.   18.  -0.44360693E-03   0.17203351E-04   0.29147013E-02   0.00000000E+00
 15.   19.  -0.99323686E-05   0.41647120E-03  -0.56307704E-02   0.00000000E+00
 15.   20.   0.45353929E-03   0.25240178E-11  -0.33477729E-11   0.00000000E+00
 15.   21.  -0.99323584E-05  -0.41647120E-03   0.56307705E-02   0.00000000E+00
 15.   22.  -0.44360693E-03  -0.17203363E-04  -0.29147010E-02   0.00000000E+00
 15.   23.   0.19864719E-04   0.43367456E-03  -0.41220099E-02   0.00000000E+00
 15.   24.   0.42374219E-03   0.17203361E-04   0.50484107E-02   0.00000000E+00
 15.   25.  -0.99323659E-05  -0.45087792E-03   0.15087605E-02   0.00000000E+00
 15.   26.  -0.41380984E-03   0.00000000E+00  -0.58294025E-02   0.00000000E+00
 15.   27.  -0.34248393E-02   0.00000000E+00   0.85811494E-01   0.00000000E+00
 15.   28.  -0.21832387E-03   0.42396351E-02  -0.22209649E-01   0.00000000E+00
 15.   29.   0.36431632E-02  -0.37814803E-03  -0.74314933E-01   0.00000000E+00
 15.   30.   0.43664774E-03  -0.38614870E-02   0.60677889E-01   0.00000000E+00
 15.   31.  -0.40798109E-02   0.37814801E-03   0.42905747E-01   0.00000000E+00
 15.   32.  -0.21832389E-03   0.34833390E-02  -0.82887538E-01   0.00000000E+00
 15.   33.   0.42981348E-02   0.28421747E-10  -0.82554601E-09   0.00000000E+00
 15.   34.  -0.21832382E-03  -0.34833390E-02   0.82887538E-01   0.00000000E+00
 15.   35.  -0.40798109E-02  -0.37814806E-03  -0.42905746E-01   0.00000000E+00
 15.   36.   0.43664769E-03   0.38614870E-02  -0.60677890E-01   0.00000000E+00
 15.   37.   0.36431632E-02   0.37814808E-03   0.74314933E-01   0.00000000E+00
 15.   38.  -0.21832383E-03  -0.42396351E-02   0.22209650E-01   0.00000000E+00
 15.   39.  -0.34248393E-02   0.00000000E+00  -0.85811494E-01   0.00000000E+00
 15.   40.  -0.92518160E-02   0.00000000E+00   0.40064352E+00   0.00000000E+00
 15.   41.  -0.13882869E-02   0.14432973E-01  -0.10369417E+00   0.00000000E+00
 15.   42.   0.10640103E-01  -0.24045834E-02  -0.34696747E+00   0.00000000E+00
 15.   43.   0.27765738E-02  -0.12028390E-01   0.28329775E+00   0.00000000E+00
 15.   44.  -0.13416677E-01   0.24045834E-02   0.20032176E+00   0.00000000E+00
 15.   45.  -0.13882870E-02   0.96238064E-02  -0.38699193E+00   0.00000000E+00
 15.   46.   0.14804964E-01   0.58860497E-10  -0.35968038E-08   0.00000000E+00
 15.   47.  -0.13882867E-02  -0.96238064E-02   0.38699193E+00   0.00000000E+00
 15.   48.  -0.13416677E-01  -0.24045835E-02  -0.20032176E+00   0.00000000E+00
 15.   49.   0.27765736E-02   0.12028390E-01  -0.28329776E+00   0.00000000E+00
 15.   50.   0.10640103E-01   0.24045836E-02   0.34696747E+00   0.00000000E+00
 15.   51.  -0.13882868E-02  -0.14432973E-01   0.10369418E+00   0.00000000E+00
 15.   52.  -0.92518160E-02   0.00000000E+00  -0.40064352E+00   0.00000000E+00
 15.   53.  -0.15509509E-01   0.00000000E+00   0.99988023E+00   0.00000000E+00
 15.   54.  -0.33943971E-02   0.28177571E-01  -0.25878805E+00   0.00000000E+00
 15.   55.   0.18903906E-01  -0.58792683E-02  -0.86592168E+00   0.00000000E+00
 15.   56.   0.67887944E-02  -0.22298303E-01   0.70702209E+00   0.00000000E+00
 15.   57.  -0.25692700E-01   0.58792682E-02   0.49994012E+00   0.00000000E+00
 15.   58.  -0.33943973E-02   0.16419035E-01  -0.96581014E+00   0.00000000E+00
 15.   59.   0.29087097E-01   0.89789648E-10  -0.84090973E-08   0.00000000E+00
 15.   60.  -0.33943969E-02  -0.16419035E-01   0.96581014E+00   0.00000000E+00
 15.   61.  -0.25692700E-01  -0.58792685E-02  -0.49994011E+00   0.00000000E+00
 15.   62.   0.67887941E-02   0.22298303E-01  -0.70702210E+00   0.00000000E+00
 15.   63.   0.18903906E-01   0.58792686E-02   0.86592167E+00   0.00000000E+00
 15.   64.  -0.33943969E-02  -0.28177571E-01   0.25878806E+00   0.00000000E+00
 15.   65.  -0.15509509E-01   0.00000000E+00  -0.99988023E+00   0.00000000E+00
 15.   66.   0.15509509E-01   0.00000000E+00   0.99988023E+00   0.00000000E+00
 15.   67.   0.33943971E-02  -0.28177571E-01  -0.25878805E+00   0.00000000E+00
 15.   68.  -0.18903906E-01   0.58792683E-02  -0.86592168E+00   0.00000000E+00
 15.   69.  -0.67887944E-02   0.22298303E-01   0.70702209E+00   0.00000000E+00
 15.   70.   0.25692700E-01  -0.58792682E-02   0.49994012E+00   0.00000000E+00
 15.   71.   0.33943973E-02  -0.16419035E-01  -0.96581014E+00   0.00000000E+00
 15.   72.  -0.29087097E-01  -0.90111801E-10  -0.84090980E-08   0.00000000E+00
 15.   73.   0.33943969E-02   0.16419035E-01   0.96581014E+00   0.00000000E+00
 15.   74.   0.25692700E-01   0.58792685E-02  -0.49994011E+00   0.00000000E+00
 15.   75.  -0.67887941E-02  -0.22298303E-01  -0.70702210E+00   0.00000000E+00
 15.   76.  -0.18903906E-01  -0.58792686E-02   0.86592167E+00   0.00000000E+00
 15.   77.   0.33943969E-02   0.28177571E-01   0.25878806E+00   0.00000000E+00
 15.   78.   0.15509509E-01   0.00000000E+00  -0.99988023E+00   0.00000000E+00
 16.    1.  -0.25209366E-02   0.00000000E+00   0.31800752E-01   0.00000000E+00
 16.    2.  -0.19493474E-02   0.24049881E-02   0.15900376E-01   0.00000000E+00
 16.    3.  -0.32218663E-03   0.30789802E-02  -0.15900376E-01   0.00000000E+00
 16.    4.   0.17825714E-02   0.17825714E-02  -0.31800752E-01   0.00000000E+00
 16.    5.   0.30789802E-02  -0.32218661E-03  -0.15900376E-01   0.00000000E+00
 16.    6.   0.24049881E-02  -0.19493474E-02   0.15900376E-01   0.00000000E+00
 16.    7.   0.79059949E-11  -0.25209366E-02   0.31800752E-01   0.00000000E+00
 16.    8.  -0.24049881E-02  -0.19493474E-02   0.15900376E-01   0.00000000E+00
 16.    9.  -0.30789802E-02  -0.32218664E-03  -0.15900376E-01   0.00000000E+00
 16.   10.  -0.17825714E-02   0.17825714E-02  -0.31800752E-01   0.00000000E+00
 16.   11.   0.32218660E-03   0.30789802E-02  -0.15900376E-01   0.00000000E+00
 16.   12.   0.19493474E-02   0.24049882E-02   0.15900375E-01   0.00000000E+00
 16.   13.   0.25209366E-02   0.00000000E+00   0.31800751E-01   0.00000000E+00
 16.   14.  -0.12569628E-01   0.00000000E+00   0.40206099E+00   0.00000000E+00
 16.   15.  -0.10073562E-01   0.13312387E-01   0.20103050E+00   0.00000000E+00
 16.   16.  -0.22901955E-02   0.16536363E-01  -0.20103050E+00   0.00000000E+00
 16.   17.   0.88880693E-02   0.88880694E-02  -0.40206099E+00   0.00000000E+00
 16.   18.   0.16536363E-01  -0.22901955E-02  -0.20103050E+00   0.00000000E+00
 16.   19.   0.13312387E-01  -0.10073562E-01   0.20103050E+00   0.00000000E+00
 16.   20.   0.69585381E-10  -0.12569628E-01   0.40206099E+00   0.00000000E+00
 16.   21.  -0.13312387E-01  -0.10073562E-01   0.20103050E+00   0.00000000E+00
 16.   22.  -0.16536363E-01  -0.22901956E-02  -0.20103049E+00   0.00000000E+00
 16.   23.  -0.88880694E-02   0.88880693E-02  -0.40206099E+00   0.00000000E+00
 16.   24.   0.22901954E-02   0.16536363E-01  -0.20103050E+00   0.00000000E+00
 16.   25.   0.10073562E-01   0.13312387E-01   0.20103049E+00   0.00000000E+00
 16.   26.   0.12569628E-01   0.00000000E+00   0.40206099E+00   0.00000000E+00
 16.   27.  -0.41305379E-02   0.00000000E+00   0.95554839E+00   0.00000000E+00
 16.   28.  -0.81130317E-02   0.22298660E-01   0.47777420E+00   0.00000000E+00
 16.   29.  -0.10030754E-01   0.21504314E-01  -0.47777420E+00   0.00000000E+00
 16.   30.   0.29207313E-02   0.29207314E-02  -0.95554839E+00   0.00000000E+00
 16.   31.   0.21504314E-01  -0.10030754E-01  -0.47777420E+00   0.00000000E+00
 16.   32.   0.22298660E-01  -0.81130317E-02   0.47777419E+00   0.00000000E+00
 16.   33.   0.12765148E-09  -0.41305379E-02   0.95554839E+00   0.00000000E+00
 16.   34.  -0.22298660E-01  -0.81130317E-02   0.47777420E+00   0.00000000E+00
 16.   35.  -0.21504314E-01  -0.10030754E-01  -0.47777419E+00   0.00000000E+00
 16.   36.  -0.29207315E-02   0.29207312E-02  -0.95554839E+00   0.00000000E+00
 16.   37.   0.10030754E-01   0.21504313E-01  -0.47777420E+00   0.00000000E+00
 16.   38.   0.81130318E-02   0.22298660E-01   0.47777419E+00   0.00000000E+00
 16.   39.   0.41305379E-02   0.00000000E+00   0.95554839E+00   0.00000000E+00
 16.   40.   0.23708495E-01   0.00000000E+00   0.45108564E+00   0.00000000E+00
 16.   41.   0.93220683E-02   0.11010862E-01   0.22554282E+00   0.00000000E+00
 16.   42.  -0.14377553E-01   0.11941578E-02  -0.22554282E+00   0.00000000E+00
 16.   43.  -0.16764437E-01  -0.16764437E-01  -0.45108564E+00   0.00000000E+00
 16.   44.   0.11941577E-02  -0.14377553E-01  -0.22554282E+00   0.00000000E+00
 16.   45.   0.11010862E-01   0.93220682E-02   0.22554282E+00   0.00000000E+00
 16.   46.   0.75574129E-10   0.23708495E-01   0.45108564E+00   0.00000000E+00
 16.   47.  -0.11010862E-01   0.93220684E-02   0.22554282E+00   0.00000000E+00
 16.   48.  -0.11941579E-02  -0.14377553E-01  -0.22554282E+00   0.00000000E+00
 16.   49.   0.16764437E-01  -0.16764437E-01  -0.45108564E+00   0.00000000E+00
 16.   50.   0.14377553E-01   0.11941576E-02  -0.22554282E+00   0.00000000E+00
 16.   51.  -0.93220681E-02   0.11010862E-01   0.22554282E+00   0.00000000E+00
 16.   52.  -0.23708495E-01   0.00000000E+00   0.45108564E+00   0.00000000E+00
 16.   53.   0.30637811E-01   0.00000000E+00  -0.99997455E+00   0.00000000E+00
 16.   54.   0.18478324E-01  -0.97743396E-02  -0.49998728E+00   0.00000000E+00
 16.   55.  -0.61546465E-02  -0.19977650E-01   0.49998727E+00   0.00000000E+00
 16.   56.  -0.21664204E-01  -0.21664204E-01   0.99997455E+00   0.00000000E+00
 16.   57.  -0.19977650E-01  -0.61546466E-02   0.49998728E+00   0.00000000E+00
 16.   58.  -0.97743397E-02   0.18478324E-01  -0.49998727E+00   0.00000000E+00
 16.   59.  -0.45336052E-10   0.30637811E-01  -0.99997455E+00   0.00000000E+00
 16.   60.   0.97743396E-02   0.18478324E-01  -0.49998728E+00   0.00000000E+00
 16.   61.   0.19977650E-01  -0.61546464E-02   0.49998727E+00   0.00000000E+00
 16.   62.   0.21664204E-01  -0.21664204E-01   0.99997455E+00   0.00000000E+00
 16.   63.   0.61546467E-02  -0.19977650E-01   0.49998728E+00   0.00000000E+00
 16.   64.  -0.18478324E-01  -0.97743398E-02  -0.49998727E+00   0.00000000E+00
 16.   65.  -0.30637811E-01   0.00000000E+00  -0.99997455E+00   0.00000000E+00
 16.   66.  -0.30637811E-01   0.00000000E+00  -0.99997455E+00   0.00000000E+00
 16.   67.  -0.18478324E-01   0.97743396E-02  -0.49998728E+00   0.00000000E+00
 16.   68.   0.61546465E-02   0.19977650E-01   0.49998727E+00   0.00000000E+00
 16.   69.   0.21664204E-01   0.21664204E-01   0.99997455E+00   0.00000000E+00
 16.   70.   0.19977650E-01   0.61546466E-02   0.49998728E+00   0.00000000E+00
 16.   71.   0.97743397E-02  -0.18478324E-01  -0.49998727E+00   0.00000000E+00
 16.   72.   0.38894235E-10  -0.30637811E-01  -0.99997455E+00   0.00000000E+00
 16.   73.  -0.97743396E-02  -0.18478324E-01  -0.49998728E+00   0.00000000E+00
 16.   74.  -0.19977650E-01   0.61546464E-02   0.49998727E+00   0.00000000E+00
 16.   75.  -0.21664204E-01   0.21664204E-01   0.99997455E+00   0.00000000E+00
 16.   76.  -0.61546467E-02   0.19977650E-01   0.49998728E+00   0.00000000E+00
 16.   77.   0.18478324E-01   0.97743398E-02  -0.49998727E+00   0.00000000E+00
 16.   78.   0.30637811E-01   0.00000000E+00  -0.99997455E+00   0.00000000E+00
 17.    1.  -0.10726320E-01   0.00000000E+00   0.70321669E+00   0.00000000E+00
 17.    2.  -0.13490624E-01   0.14456727E-01   0.60900352E+00   0.00000000E+00
 17.    3.  -0.19761761E-01   0.23502055E-01   0.35160834E+00   0.00000000E+00
 17.    4.  -0.24686168E-01   0.24686168E-01   0.10908505E-08   0.00000000E+00
 17.    5.  -0.23502055E-01   0.19761761E-01  -0.35160834E+00   0.00000000E+00
 17.    6.  -0.14456727E-01   0.13490624E-01  -0.60900352E+00   0.00000000E+00
 17.    7.  -0.75764602E-10   0.10726320E-01  -0.70321669E+00   0.00000000E+00
 17.    8.   0.14456727E-01   0.13490623E-01  -0.60900352E+00   0.00000000E+00
 17.    9.   0.23502055E-01   0.19761761E-01  -0.35160835E+00   0.00000000E+00
 17.   10.   0.24686168E-01   0.24686168E-01  -0.25221119E-08   0.00000000E+00
 17.   11.   0.19761761E-01   0.23502055E-01   0.35160834E+00   0.00000000E+00
 17.   12.   0.13490624E-01   0.14456727E-01   0.60900352E+00   0.00000000E+00
 17.   13.   0.10726320E-01   0.00000000E+00   0.70321669E+00   0.00000000E+00
 17.   14.   0.11063911E-01   0.00000000E+00   0.91813596E+00   0.00000000E+00
 17.   15.   0.66176157E-02   0.12323290E-01   0.79512906E+00   0.00000000E+00
 17.   16.  -0.40345211E-02   0.18051907E-01   0.45906798E+00   0.00000000E+00
 17.   17.  -0.14411712E-01   0.14411712E-01   0.15085986E-08   0.00000000E+00
 17.   18.  -0.18051907E-01   0.40345212E-02  -0.45906798E+00   0.00000000E+00
 17.   19.  -0.12323290E-01  -0.66176157E-02  -0.79512906E+00   0.00000000E+00
 17.   20.  -0.61315159E-10  -0.11063911E-01  -0.91813595E+00   0.00000000E+00
 17.   21.   0.12323290E-01  -0.66176158E-02  -0.79512906E+00   0.00000000E+00
 17.   22.   0.18051907E-01   0.40345211E-02  -0.45906798E+00   0.00000000E+00
 17.   23.   0.14411712E-01   0.14411712E-01  -0.29629877E-08   0.00000000E+00
 17.   24.   0.40345212E-02   0.18051907E-01   0.45906797E+00   0.00000000E+00
 17.   25.  -0.66176157E-02   0.12323290E-01   0.79512906E+00   0.00000000E+00
 17.   26.  -0.11063911E-01   0.00000000E+00   0.91813595E+00   0.00000000E+00
 17.   27.   0.22901005E-01   0.00000000E+00  -0.17963619E+00   0.00000000E+00
 17.   28.   0.19488814E-01   0.38950141E-02  -0.15556951E+00   0.00000000E+00
 17.   29.   0.11026482E-01   0.38025790E-02  -0.89818096E-01   0.00000000E+00
 17.   30.   0.18127128E-02  -0.18127129E-02   0.10056317E-08   0.00000000E+00
 17.   31.  -0.38025791E-02  -0.11026482E-01   0.89818094E-01   0.00000000E+00
 17.   32.  -0.38950140E-02  -0.19488814E-01   0.15556950E+00   0.00000000E+00
 17.   33.  -0.19194501E-10  -0.22901005E-01   0.17963619E+00   0.00000000E+00
 17.   34.   0.38950140E-02  -0.19488814E-01   0.15556950E+00   0.00000000E+00
 17.   35.   0.38025791E-02  -0.11026482E-01   0.89818095E-01   0.00000000E+00
 17.   36.  -0.18127128E-02  -0.18127129E-02   0.19130214E-08   0.00000000E+00
 17.   37.  -0.11026482E-01   0.38025790E-02  -0.89818095E-01   0.00000000E+00
 17.   38.  -0.19488814E-01   0.38950141E-02  -0.15556950E+00   0.00000000E+00
 17.   39.  -0.22901005E-01   0.00000000E+00  -0.17963619E+00   0.00000000E+00
 17.   40.  -0.14062077E-01   0.00000000E+00  -0.46489334E+00   0.00000000E+00
 17.   41.  -0.11130661E-01  -0.55124321E-02  -0.40260945E+00   0.00000000E+00
 17.   42.  -0.39726873E-02  -0.71811800E-02  -0.23244668E+00   0.00000000E+00
 17.   43.   0.34560179E-02  -0.34560182E-02   0.66077767E-08   0.00000000E+00
 17.   44.   0.71811796E-02   0.39726877E-02   0.23244667E+00   0.00000000E+00
 17.   45.   0.55124327E-02   0.11130661E-01   0.40260944E+00   0.00000000E+00
 17.   46.   0.28523366E-10   0.14062076E-01   0.46489335E+00   0.00000000E+00
 17.   47.  -0.55124327E-02   0.11130661E-01   0.40260944E+00   0.00000000E+00
 17.   48.  -0.71811796E-02   0.39726878E-02   0.23244667E+00   0.00000000E+00
 17.   49.  -0.34560179E-02  -0.34560181E-02   0.87122453E-08   0.00000000E+00
 17.   50.   0.39726873E-02  -0.71811800E-02  -0.23244667E+00   0.00000000E+00
 17.   51.   0.11130661E-01  -0.55124322E-02  -0.40260945E+00   0.00000000E+00
 17.   52.   0.14062077E-01   0.00000000E+00  -0.46489334E+00   0.00000000E+00
 17.   53.  -0.27845624E-01   0.00000000E+00   0.75253064E+00   0.00000000E+00
 17.   54.  -0.24089179E-01  -0.32712293E-02   0.65171063E+00   0.00000000E+00
 17.   55.  -0.14720513E-01  -0.23489468E-02   0.37626530E+00   0.00000000E+00
 17.   56.  -0.43486687E-02   0.43486682E-02   0.21195169E-07   0.00000000E+00
 17.   57.   0.23489459E-02   0.14720514E-01  -0.37626532E+00   0.00000000E+00
 17.   58.   0.32712305E-02   0.24089179E-01  -0.65171065E+00   0.00000000E+00
 17.   59.   0.11051038E-10   0.27845623E-01  -0.75253060E+00   0.00000000E+00
 17.   60.  -0.32712305E-02   0.24089179E-01  -0.65171065E+00   0.00000000E+00
 17.   61.  -0.23489460E-02   0.14720514E-01  -0.37626532E+00   0.00000000E+00
 17.   62.   0.43486687E-02   0.43486683E-02   0.17052590E-07   0.00000000E+00
 17.   63.   0.14720513E-01  -0.23489467E-02   0.37626530E+00   0.00000000E+00
 17.   64.   0.24089179E-01  -0.32712293E-02   0.65171063E+00   0.00000000E+00
 17.   65.   0.27845624E-01   0.00000000E+00   0.75253064E+00   0.00000000E+00
 17.   66.   0.27845624E-01   0.00000000E+00   0.75253064E+00   0.00000000E+00
 17.   67.   0.24089179E-01   0.32712293E-02   0.65171063E+00   0.00000000E+00
 17.   68.   0.14720513E-01   0.23489468E-02   0.37626530E+00   0.00000000E+00
 17.   69.   0.43486688E-02  -0.43486682E-02   0.21195180E-07   0.00000000E+00
 17.   70.  -0.23489459E-02  -0.14720514E-01  -0.37626532E+00   0.00000000E+00
 17.   71.  -0.32712305E-02  -0.24089179E-01  -0.65171065E+00   0.00000000E+00
 17.   72.  -0.91901849E-11  -0.27845623E-01  -0.75253060E+00   0.00000000E+00
 17.   73.   0.32712305E-02  -0.24089179E-01  -0.65171065E+00   0.00000000E+00
 17.   74.   0.23489460E-02  -0.14720514E-01  -0.37626532E+00   0.00000000E+00
 17.   75.  -0.43486687E-02  -0.43486683E-02   0.17052591E-07   0.00000000E+00
 17.   76.  -0.14720513E-01   0.23489467E-02   0.37626530E+00   0.00000000E+00
 17.   77.  -0.24089179E-01   0.32712293E-02   0.65171063E+00   0.00000000E+00
 17.   78.  -0.27845624E-01   0.00000000E+00   0.75253064E+00   0.00000000E+00
 18.    1.  -0.11828600E-05   0.00000000E+00   0.77899612E-05   0.00000000E+00
 18.    2.   0.20332889E-06   0.15270540E-05  -0.39080423E-05   0.00000000E+00
 18.    3.   0.12238456E-05  -0.93660589E-06  -0.39045247E-05   0.00000000E+00
 18.    4.  -0.83617261E-06  -0.83684877E-06   0.77995782E-05   0.00000000E+00
 18.    5.  -0.93596141E-06   0.12233053E-05  -0.38948878E-05   0.00000000E+00
 18.    6.   0.15274511E-05   0.20296137E-06  -0.38913450E-05   0.00000000E+00
 18.    7.   0.98201839E-12  -0.11831513E-05   0.78092551E-05   0.00000000E+00
 18.    8.  -0.15274497E-05   0.20296155E-06  -0.38913094E-05   0.00000000E+00
 18.    9.   0.93596140E-06   0.12233054E-05  -0.38948277E-05   0.00000000E+00
 18.   10.   0.83617097E-06  -0.83684933E-06   0.77996442E-05   0.00000000E+00
 18.   11.  -0.12238488E-05  -0.93660705E-06  -0.39044702E-05   0.00000000E+00
 18.   12.  -0.20333298E-06   0.15270531E-05  -0.39080060E-05   0.00000000E+00
 18.   13.   0.11828557E-05   0.00000000E+00   0.77899891E-05   0.00000000E+00
 18.   14.  -0.24067438E-03   0.00000000E+00   0.29790477E-02   0.00000000E+00
 18.   15.   0.56861110E-04   0.25273784E-03  -0.14895409E-02   0.00000000E+00
 18.   16.   0.21891975E-03  -0.13850606E-03  -0.14895364E-02   0.00000000E+00
 18.   17.  -0.17018218E-03  -0.17018257E-03   0.29790600E-02   0.00000000E+00
 18.   18.  -0.13850556E-03   0.21891964E-03  -0.14895239E-02   0.00000000E+00
 18.   19.   0.25273817E-03   0.56861296E-04  -0.14895192E-02   0.00000000E+00
 18.   20.   0.21905721E-11  -0.24067407E-03   0.29790727E-02   0.00000000E+00
 18.   21.  -0.25273817E-03   0.56861294E-04  -0.14895191E-02   0.00000000E+00
 18.   22.   0.13850556E-03   0.21891965E-03  -0.14895238E-02   0.00000000E+00
 18.   23.   0.17018218E-03  -0.17018257E-03   0.29790601E-02   0.00000000E+00
 18.   24.  -0.21891975E-03  -0.13850606E-03  -0.14895363E-02   0.00000000E+00
 18.   25.  -0.56861120E-04   0.25273783E-03  -0.14895410E-02   0.00000000E+00
 18.   26.   0.24067437E-03   0.00000000E+00   0.29790475E-02   0.00000000E+00
 18.   27.  -0.29067746E-02   0.00000000E+00   0.64064444E-01   0.00000000E+00
 18.   28.   0.58142229E-03   0.34455581E-02  -0.32032218E-01   0.00000000E+00
 18.   29.   0.28475052E-02  -0.20252497E-02  -0.32032219E-01   0.00000000E+00
 18.   30.  -0.20553998E-02  -0.20553998E-02   0.64064441E-01   0.00000000E+00
 18.   31.  -0.20252496E-02   0.28475055E-02  -0.32032221E-01   0.00000000E+00
 18.   32.   0.34455582E-02   0.58142284E-03  -0.32032223E-01   0.00000000E+00
 18.   33.   0.27354775E-10  -0.29067740E-02   0.64064438E-01   0.00000000E+00
 18.   34.  -0.34455582E-02   0.58142280E-03  -0.32032222E-01   0.00000000E+00
 18.   35.   0.20252496E-02   0.28475055E-02  -0.32032222E-01   0.00000000E+00
 18.   36.   0.20553998E-02  -0.20553997E-02   0.64064441E-01   0.00000000E+00
 18.   37.  -0.28475052E-02  -0.20252498E-02  -0.32032218E-01   0.00000000E+00
 18.   38.  -0.58142234E-03   0.34455581E-02  -0.32032219E-01   0.00000000E+00
 18.   39.   0.29067746E-02   0.00000000E+00   0.64064443E-01   0.00000000E+00
 18.   40.  -0.94374807E-02   0.00000000E+00   0.36597864E+00   0.00000000E+00
 18.   41.   0.10903743E-02   0.14162482E-01  -0.18298931E+00   0.00000000E+00
 18.   42.   0.10785398E-01  -0.92433756E-02  -0.18298931E+00   0.00000000E+00
 18.   43.  -0.66733068E-02  -0.66733068E-02   0.36597863E+00   0.00000000E+00
 18.   44.  -0.92433759E-02   0.10785398E-01  -0.18298932E+00   0.00000000E+00
 18.   45.   0.14162481E-01   0.10903740E-02  -0.18298932E+00   0.00000000E+00
 18.   46.   0.13056934E-09  -0.94374811E-02   0.36597863E+00   0.00000000E+00
 18.   47.  -0.14162481E-01   0.10903739E-02  -0.18298932E+00   0.00000000E+00
 18.   48.   0.92433757E-02   0.10785398E-01  -0.18298932E+00   0.00000000E+00
 18.   49.   0.66733069E-02  -0.66733066E-02   0.36597863E+00   0.00000000E+00
 18.   50.  -0.10785398E-01  -0.92433758E-02  -0.18298931E+00   0.00000000E+00
 18.   51.  -0.10903744E-02   0.14162481E-01  -0.18298932E+00   0.00000000E+00
 18.   52.   0.94374807E-02   0.00000000E+00   0.36597864E+00   0.00000000E+00
 18.   53.  -0.17005009E-01   0.00000000E+00   0.99984164E+00   0.00000000E+00
 18.   54.   0.75897850E-03   0.30018610E-01  -0.49992084E+00   0.00000000E+00
 18.   55.   0.21763041E-01  -0.20689684E-01  -0.49992083E+00   0.00000000E+00
 18.   56.  -0.12024357E-01  -0.12024357E-01   0.99984166E+00   0.00000000E+00
 18.   57.  -0.20689684E-01   0.21763041E-01  -0.49992082E+00   0.00000000E+00
 18.   58.   0.30018610E-01   0.75897794E-03  -0.49992082E+00   0.00000000E+00
 18.   59.   0.29620019E-09  -0.17005009E-01   0.99984167E+00   0.00000000E+00
 18.   60.  -0.30018610E-01   0.75897767E-03  -0.49992081E+00   0.00000000E+00
 18.   61.   0.20689684E-01   0.21763041E-01  -0.49992083E+00   0.00000000E+00
 18.   62.   0.12024357E-01  -0.12024357E-01   0.99984166E+00   0.00000000E+00
 18.   63.  -0.21763041E-01  -0.20689684E-01  -0.49992082E+00   0.00000000E+00
 18.   64.  -0.75897876E-03   0.30018609E-01  -0.49992085E+00   0.00000000E+00
 18.   65.   0.17005008E-01   0.00000000E+00   0.99984164E+00   0.00000000E+00
 18.   66.   0.17005009E-01   0.00000000E+00   0.99984164E+00   0.00000000E+00
 18.   67.  -0.75897850E-03  -0.30018610E-01  -0.49992084E+00   0.00000000E+00
 18.   68.  -0.21763041E-01   0.20689684E-01  -0.49992083E+00   0.00000000E+00
 18.   69.   0.12024357E-01   0.12024357E-01   0.99984166E+00   0.00000000E+00
 18.   70.   0.20689684E-01  -0.21763041E-01  -0.49992082E+00   0.00000000E+00
 18.   71.  -0.30018610E-01  -0.75897794E-03  -0.49992082E+00   0.00000000E+00
 18.   72.  -0.29751185E-09   0.17005009E-01   0.99984167E+00   0.00000000E+00
 18.   73.   0.30018610E-01  -0.75897767E-03  -0.49992081E+00   0.00000000E+00
 18.   74.  -0.20689684E-01  -0.21763041E-01  -0.49992083E+00   0.00000000E+00
 18.   75.  -0.12024357E-01   0.12024357E-01   0.99984166E+00   0.00000000E+00
 18.   76.   0.21763041E-01   0.20689684E-01  -0.49992082E+00   0.00000000E+00
 18.   77.   0.75897876E-03  -0.30018609E-01  -0.49992085E+00   0.00000000E+00
 18.   78.  -0.17005008E-01   0.00000000E+00   0.99984164E+00   0.00000000E+00
 19.    1.   0.94090604E-03   0.00000000E+00  -0.93392210E-02   0.00000000E+00
 19.    2.   0.53763547E-03  -0.10655773E-02  -0.24171720E-02   0.00000000E+00
 19.    3.  -0.40327073E-03  -0.93121232E-03   0.80879933E-02   0.00000000E+00
 19.    4.  -0.10752714E-02   0.13436493E-03   0.66038180E-02   0.00000000E+00
 19.    5.  -0.67200077E-03   0.93121208E-03  -0.46696129E-02   0.00000000E+00
 19.    6.   0.53763558E-03   0.79684702E-03  -0.90209949E-02   0.00000000E+00
 19.    7.   0.12096363E-02  -0.16659287E-09  -0.50068449E-08   0.00000000E+00
 19.    8.   0.53763568E-03  -0.79684735E-03   0.90209849E-02   0.00000000E+00
 19.    9.  -0.67200060E-03  -0.93121239E-03   0.46696030E-02   0.00000000E+00
 19.   10.  -0.10752712E-02  -0.13436518E-03  -0.66038280E-02   0.00000000E+00
 19.   11.  -0.40327045E-03   0.93121214E-03  -0.80880035E-02   0.00000000E+00
 19.   12.   0.53763579E-03   0.10655772E-02   0.24171617E-02   0.00000000E+00
 19.   13.   0.94090638E-03   0.00000000E+00   0.93392108E-02   0.00000000E+00
 19.   14.   0.10680725E-01   0.00000000E+00  -0.25698760E+00   0.00000000E+00
 19.   15.   0.62370343E-02  -0.12596204E-01  -0.66513285E-01   0.00000000E+00
 19.   16.  -0.44436911E-02  -0.10802860E-01   0.22255780E+00   0.00000000E+00
 19.   17.  -0.12474069E-01   0.17933433E-02   0.18171768E+00   0.00000000E+00
 19.   18.  -0.80303778E-02   0.10802860E-01  -0.12849380E+00   0.00000000E+00
 19.   19.   0.62370343E-02   0.90095171E-02  -0.24823096E+00   0.00000000E+00
 19.   20.   0.14267412E-01  -0.15689909E-10   0.13535842E-09   0.00000000E+00
 19.   21.   0.62370345E-02  -0.90095171E-02   0.24823097E+00   0.00000000E+00
 19.   22.  -0.80303776E-02  -0.10802861E-01   0.12849381E+00   0.00000000E+00
 19.   23.  -0.12474069E-01  -0.17933435E-02  -0.18171768E+00   0.00000000E+00
 19.   24.  -0.44436911E-02   0.10802860E-01  -0.22255779E+00   0.00000000E+00
 19.   25.   0.62370344E-02   0.12596204E-01   0.66513285E-01   0.00000000E+00
 19.   26.   0.10680725E-01   0.00000000E+00   0.25698761E+00   0.00000000E+00
 19.   27.   0.88572288E-02   0.00000000E+00  -0.89239198E+00   0.00000000E+00
 19.   28.   0.10181868E-01  -0.29142021E-01  -0.23096804E+00   0.00000000E+00
 19.   29.   0.13246396E-02  -0.17635513E-01   0.77283413E+00   0.00000000E+00
 19.   30.  -0.20363737E-01   0.11506508E-01   0.63101643E+00   0.00000000E+00
 19.   31.  -0.21688376E-01   0.17635513E-01  -0.44619599E+00   0.00000000E+00
 19.   32.   0.10181868E-01   0.61290055E-02  -0.86198447E+00   0.00000000E+00
 19.   33.   0.31870245E-01   0.93406527E-10  -0.48855718E-08   0.00000000E+00
 19.   34.   0.10181869E-01  -0.61290052E-02   0.86198446E+00   0.00000000E+00
 19.   35.  -0.21688376E-01  -0.17635513E-01   0.44619600E+00   0.00000000E+00
 19.   36.  -0.20363737E-01  -0.11506508E-01  -0.63101642E+00   0.00000000E+00
 19.   37.   0.13246393E-02   0.17635513E-01  -0.77283413E+00   0.00000000E+00
 19.   38.   0.10181868E-01   0.29142021E-01   0.23096803E+00   0.00000000E+00
 19.   39.   0.88572287E-02   0.00000000E+00   0.89239198E+00   0.00000000E+00
 19.   40.  -0.23545245E-01   0.00000000E+00  -0.55766982E+00   0.00000000E+00
 19.   41.  -0.22162454E-02  -0.15274105E-01  -0.14433557E+00   0.00000000E+00
 19.   42.   0.21329000E-01   0.38386496E-02   0.48295623E+00   0.00000000E+00
 19.   43.   0.44324908E-02   0.19112755E-01   0.39433211E+00   0.00000000E+00
 19.   44.  -0.16896509E-01  -0.38386495E-02  -0.27883491E+00   0.00000000E+00
 19.   45.  -0.22162455E-02  -0.22951404E-01  -0.53866769E+00   0.00000000E+00
 19.   46.   0.14680264E-01  -0.19081808E-09  -0.46228737E-08   0.00000000E+00
 19.   47.  -0.22162452E-02   0.22951404E-01   0.53866768E+00   0.00000000E+00
 19.   48.  -0.16896509E-01   0.38386498E-02   0.27883491E+00   0.00000000E+00
 19.   49.   0.44324906E-02  -0.19112755E-01  -0.39433211E+00   0.00000000E+00
 19.   50.   0.21329000E-01  -0.38386498E-02  -0.48295624E+00   0.00000000E+00
 19.   51.  -0.22162451E-02   0.15274105E-01   0.14433556E+00   0.00000000E+00
 19.   52.  -0.23545245E-01   0.00000000E+00   0.55766982E+00   0.00000000E+00
 19.   53.  -0.33671488E-01   0.00000000E+00   0.99995098E+00   0.00000000E+00
 19.   54.  -0.13544838E-01   0.16878536E-01   0.25880636E+00   0.00000000E+00
 19.   55.   0.20126650E-01   0.23460348E-01  -0.86598295E+00   0.00000000E+00
 19.   56.   0.27089676E-01   0.65818116E-02  -0.70707212E+00   0.00000000E+00
 19.   57.   0.69630267E-02  -0.23460348E-01   0.49997549E+00   0.00000000E+00
 19.   58.  -0.13544838E-01  -0.30042160E-01   0.96587848E+00   0.00000000E+00
 19.   59.  -0.20507865E-01  -0.27290986E-09   0.85871588E-08   0.00000000E+00
 19.   60.  -0.13544838E-01   0.30042159E-01  -0.96587847E+00   0.00000000E+00
 19.   61.   0.69630266E-02   0.23460348E-01  -0.49997549E+00   0.00000000E+00
 19.   62.   0.27089676E-01  -0.65818114E-02   0.70707211E+00   0.00000000E+00
 19.   63.   0.20126650E-01  -0.23460348E-01   0.86598296E+00   0.00000000E+00
 19.   64.  -0.13544838E-01  -0.16878537E-01  -0.25880634E+00   0.00000000E+00
 19.   65.  -0.33671488E-01   0.00000000E+00  -0.99995097E+00   0.00000000E+00
 19.   66.   0.33671488E-01   0.00000000E+00   0.99995098E+00   0.00000000E+00
 19.   67.   0.13544838E-01  -0.16878536E-01   0.25880636E+00   0.00000000E+00
 19.   68.  -0.20126650E-01  -0.23460348E-01  -0.86598295E+00   0.00000000E+00
 19.   69.  -0.27089676E-01  -0.65818116E-02  -0.70707212E+00   0.00000000E+00
 19.   70.  -0.69630267E-02   0.23460348E-01   0.49997549E+00   0.00000000E+00
 19.   71.   0.13544838E-01   0.30042160E-01   0.96587848E+00   0.00000000E+00
 19.   72.   0.20507865E-01   0.27325743E-09   0.85871628E-08   0.00000000E+00
 19.   73.   0.13544838E-01  -0.30042159E-01  -0.96587847E+00   0.00000000E+00
 19.   74.  -0.69630266E-02  -0.23460348E-01  -0.49997549E+00   0.00000000E+00
 19.   75.  -0.27089676E-01   0.65818114E-02   0.70707211E+00   0.00000000E+00
 19.   76.  -0.20126650E-01   0.23460348E-01   0.86598296E+00   0.00000000E+00
 19.   77.   0.13544838E-01   0.16878537E-01  -0.25880634E+00   0.00000000E+00
 19.   78.   0.33671488E-01   0.00000000E+00  -0.99995097E+00   0.00000000E+00
 20.    1.   0.33953671E-01   0.00000000E+00   0.99986355E+00   0.00000000E+00
 20.    2.   0.32796728E-01   0.87878568E-02   0.99986355E+00   0.00000000E+00
 20.    3.   0.29404742E-01   0.16976836E-01   0.99986355E+00   0.00000000E+00
 20.    4.   0.24008871E-01   0.24008871E-01   0.99986355E+00   0.00000000E+00
 20.    5.   0.16976836E-01   0.29404742E-01   0.99986355E+00   0.00000000E+00
 20.    6.   0.87878569E-02   0.32796728E-01   0.99986356E+00   0.00000000E+00
 20.    7.   0.52130847E-10   0.33953671E-01   0.99986356E+00   0.00000000E+00
 20.    8.  -0.87878568E-02   0.32796728E-01   0.99986356E+00   0.00000000E+00
 20.    9.  -0.16976836E-01   0.29404742E-01   0.99986356E+00   0.00000000E+00
 20.   10.  -0.24008871E-01   0.24008871E-01   0.99986356E+00   0.00000000E+00
 20.   11.  -0.29404742E-01   0.16976836E-01   0.99986356E+00   0.00000000E+00
 20.   12.  -0.32796728E-01   0.87878569E-02   0.99986356E+00   0.00000000E+00
 20.   13.  -0.33953671E-01   0.00000000E+00   0.99986356E+00   0.00000000E+00
 20.   14.   0.12907718E-01   0.00000000E+00  -0.32158687E+00   0.00000000E+00
 20.   15.   0.12467898E-01   0.33407633E-02  -0.32158687E+00   0.00000000E+00
 20.   16.   0.11178412E-01   0.64538591E-02  -0.32158687E+00   0.00000000E+00
 20.   17.   0.91271351E-02   0.91271351E-02  -0.32158687E+00   0.00000000E+00
 20.   18.   0.64538591E-02   0.11178412E-01  -0.32158687E+00   0.00000000E+00
 20.   19.   0.33407633E-02   0.12467898E-01  -0.32158687E+00   0.00000000E+00
 20.   20.   0.42581720E-10   0.12907718E-01  -0.32158687E+00   0.00000000E+00
 20.   21.  -0.33407633E-02   0.12467898E-01  -0.32158687E+00   0.00000000E+00
 20.   22.  -0.64538591E-02   0.11178412E-01  -0.32158687E+00   0.00000000E+00
 20.   23.  -0.91271351E-02   0.91271351E-02  -0.32158687E+00   0.00000000E+00
 20.   24.  -0.11178412E-01   0.64538592E-02  -0.32158687E+00   0.00000000E+00
 20.   25.  -0.12467898E-01   0.33407634E-02  -0.32158687E+00   0.00000000E+00
 20.   26.  -0.12907718E-01   0.00000000E+00  -0.32158687E+00   0.00000000E+00
 20.   27.  -0.15373140E-01   0.00000000E+00  -0.99024239E-01   0.00000000E+00
 20.   28.  -0.14849313E-01  -0.39788614E-02  -0.99024238E-01   0.00000000E+00
 20.   29.  -0.13313530E-01  -0.76865699E-02  -0.99024236E-01   0.00000000E+00
 20.   30.  -0.10870451E-01  -0.10870451E-01  -0.99024236E-01   0.00000000E+00
 20.   31.  -0.76865699E-02  -0.13313530E-01  -0.99024239E-01   0.00000000E+00
 20.   32.  -0.39788613E-02  -0.14849313E-01  -0.99024239E-01   0.00000000E+00
 20.   33.   0.42453155E-10  -0.15373140E-01  -0.99024238E-01   0.00000000E+00
 20.   34.   0.39788613E-02  -0.14849313E-01  -0.99024236E-01   0.00000000E+00
 20.   35.   0.76865698E-02  -0.13313530E-01  -0.99024237E-01   0.00000000E+00
 20.   36.   0.10870451E-01  -0.10870451E-01  -0.99024239E-01   0.00000000E+00
 20.   37.   0.13313530E-01  -0.76865699E-02  -0.99024239E-01   0.00000000E+00
 20.   38.   0.14849313E-01  -0.39788613E-02  -0.99024237E-01   0.00000000E+00
 20.   39.   0.15373140E-01   0.00000000E+00  -0.99024236E-01   0.00000000E+00
 20.   40.   0.52203473E-02   0.00000000E+00   0.28869736E+00   0.00000000E+00
 20.   41.   0.50424683E-02   0.13511253E-02   0.28869736E+00   0.00000000E+00
 20.   42.   0.45209535E-02   0.26101737E-02   0.28869736E+00   0.00000000E+00
 20.   43.   0.36913430E-02   0.36913430E-02   0.28869736E+00   0.00000000E+00
 20.   44.   0.26101736E-02   0.45209534E-02   0.28869736E+00   0.00000000E+00
 20.   45.   0.13511253E-02   0.50424683E-02   0.28869736E+00   0.00000000E+00
 20.   46.   0.31889506E-10   0.52203473E-02   0.28869736E+00   0.00000000E+00
 20.   47.  -0.13511253E-02   0.50424684E-02   0.28869736E+00   0.00000000E+00
 20.   48.  -0.26101737E-02   0.45209534E-02   0.28869736E+00   0.00000000E+00
 20.   49.  -0.36913430E-02   0.36913430E-02   0.28869736E+00   0.00000000E+00
 20.   50.  -0.45209534E-02   0.26101737E-02   0.28869736E+00   0.00000000E+00
 20.   51.  -0.50424683E-02   0.13511254E-02   0.28869736E+00   0.00000000E+00
 20.   52.  -0.52203474E-02   0.00000000E+00   0.28869736E+00   0.00000000E+00
 20.   53.   0.17412894E-01   0.00000000E+00  -0.41629982E+00   0.00000000E+00
 20.   54.   0.16819564E-01   0.45067887E-02  -0.41629982E+00   0.00000000E+00
 20.   55.   0.15080009E-01   0.87064472E-02  -0.41629983E+00   0.00000000E+00
 20.   56.   0.12312776E-01   0.12312776E-01  -0.41629982E+00   0.00000000E+00
 20.   57.   0.87064471E-02   0.15080009E-01  -0.41629982E+00   0.00000000E+00
 20.   58.   0.45067887E-02   0.16819564E-01  -0.41629982E+00   0.00000000E+00
 20.   59.  -0.28940658E-10   0.17412894E-01  -0.41629982E+00   0.00000000E+00
 20.   60.  -0.45067887E-02   0.16819564E-01  -0.41629983E+00   0.00000000E+00
 20.   61.  -0.87064471E-02   0.15080009E-01  -0.41629982E+00   0.00000000E+00
 20.   62.  -0.12312776E-01   0.12312776E-01  -0.41629982E+00   0.00000000E+00
 20.   63.  -0.15080009E-01   0.87064471E-02  -0.41629982E+00   0.00000000E+00
 20.   64.  -0.16819564E-01   0.45067887E-02  -0.41629982E+00   0.00000000E+00
 20.   65.  -0.17412894E-01   0.00000000E+00  -0.41629983E+00   0.00000000E+00
 20.   66.  -0.17412894E-01   0.00000000E+00  -0.41629982E+00   0.00000000E+00
 20.   67.  -0.16819564E-01  -0.45067887E-02  -0.41629982E+00   0.00000000E+00
 20.   68.  -0.15080009E-01  -0.87064472E-02  -0.41629983E+00   0.00000000E+00
 20.   69.  -0.12312776E-01  -0.12312776E-01  -0.41629982E+00   0.00000000E+00
 20.   70.  -0.87064471E-02  -0.15080009E-01  -0.41629982E+00   0.00000000E+00
 20.   71.  -0.45067887E-02  -0.16819564E-01  -0.41629982E+00   0.00000000E+00
 20.   72.   0.30711674E-10  -0.17412894E-01  -0.41629982E+00   0.00000000E+00
 20.   73.   0.45067887E-02  -0.16819564E-01  -0.41629983E+00   0.00000000E+00
 20.   74.   0.87064471E-02  -0.15080009E-01  -0.41629982E+00   0.00000000E+00
 20.   75.   0.12312776E-01  -0.12312776E-01  -0.41629982E+00   0.00000000E+00
 20.   76.   0.15080009E-01  -0.87064471E-02  -0.41629982E+00   0.00000000E+00
 20.   77.   0.16819564E-01  -0.45067887E-02  -0.41629982E+00   0.00000000E+00
 20.   78.   0.17412894E-01   0.00000000E+00  -0.41629983E+00   0.00000000E+00
 21.    1.  -0.29258474E-06   0.00000000E+00   0.19335985E-05   0.00000000E+00
 21.    2.   0.11642456E-06   0.36478078E-06  -0.13677266E-05   0.00000000E+00
 21.    3.   0.22783356E-06  -0.39463815E-06  -0.28631994E-09   0.00000000E+00
 21.    4.  -0.37413418E-06   0.81549627E-07   0.13671614E-05   0.00000000E+00
 21.    5.   0.14628534E-06   0.25336775E-06  -0.19341395E-05   0.00000000E+00
 21.    6.   0.25769543E-06  -0.28323724E-06   0.13672230E-05   0.00000000E+00
 21.    7.  -0.45568144E-06  -0.11468445E-10  -0.18298864E-09   0.00000000E+00
 21.    8.   0.25769585E-06   0.28321348E-06  -0.13676178E-05   0.00000000E+00
 21.    9.   0.14628758E-06  -0.25339258E-06   0.19336626E-05   0.00000000E+00
 21.   10.  -0.37412787E-06  -0.81574217E-07  -0.13677566E-05   0.00000000E+00
 21.   11.   0.22784567E-06   0.39461783E-06  -0.43202084E-09   0.00000000E+00
 21.   12.   0.11644147E-06  -0.36479279E-06   0.13669137E-05   0.00000000E+00
 21.   13.  -0.29256579E-06   0.00000000E+00  -0.19344473E-05   0.00000000E+00
 21.   14.  -0.13730285E-03   0.00000000E+00   0.15176405E-02   0.00000000E+00
 21.   15.   0.65994295E-04   0.12882426E-03  -0.10731336E-02   0.00000000E+00
 21.   16.   0.75910802E-04  -0.13148138E-03   0.62507899E-10   0.00000000E+00
 21.   17.  -0.14456223E-03   0.72593862E-05   0.10731337E-02   0.00000000E+00
 21.   18.   0.68651420E-04   0.11890775E-03  -0.15176404E-02   0.00000000E+00
 21.   19.   0.78567934E-04  -0.12156487E-03   0.10731337E-02   0.00000000E+00
 21.   20.  -0.15182161E-03  -0.86222032E-12   0.17870583E-09   0.00000000E+00
 21.   21.   0.78567934E-04   0.12156487E-03  -0.10731334E-02   0.00000000E+00
 21.   22.   0.68651424E-04  -0.11890775E-03   0.15176408E-02   0.00000000E+00
 21.   23.  -0.14456223E-03  -0.72593994E-05  -0.10731334E-02   0.00000000E+00
 21.   24.   0.75910805E-04   0.13148136E-03   0.36138582E-10   0.00000000E+00
 21.   25.   0.65994307E-04  -0.12882427E-03   0.10731336E-02   0.00000000E+00
 21.   26.  -0.13730284E-03   0.00000000E+00  -0.15176406E-02   0.00000000E+00
 21.   27.  -0.24303047E-02   0.00000000E+00   0.47779044E-01   0.00000000E+00
 21.   28.   0.10961647E-02   0.25487738E-02  -0.33784886E-01   0.00000000E+00
 21.   29.   0.15402328E-02  -0.26677615E-02  -0.19531745E-10   0.00000000E+00
 21.   30.  -0.27553852E-02   0.32508044E-03   0.33784886E-01   0.00000000E+00
 21.   31.   0.12151523E-02   0.21047056E-02  -0.47779044E-01   0.00000000E+00
 21.   32.   0.16592205E-02  -0.22236933E-02   0.33784886E-01   0.00000000E+00
 21.   33.  -0.30804656E-02  -0.13408552E-10   0.33491334E-09   0.00000000E+00
 21.   34.   0.16592205E-02   0.22236934E-02  -0.33784887E-01   0.00000000E+00
 21.   35.   0.12151524E-02  -0.21047056E-02   0.47779044E-01   0.00000000E+00
 21.   36.  -0.27553852E-02  -0.32508048E-03  -0.33784886E-01   0.00000000E+00
 21.   37.   0.15402328E-02   0.26677615E-02  -0.84349389E-09   0.00000000E+00
 21.   38.   0.10961647E-02  -0.25487738E-02   0.33784887E-01   0.00000000E+00
 21.   39.  -0.24303047E-02   0.00000000E+00  -0.47779044E-01   0.00000000E+00
 21.   40.  -0.95456810E-02   0.00000000E+00   0.33482346E+00   0.00000000E+00
 21.   41.   0.36027241E-02   0.12633736E-01  -0.23675594E+00   0.00000000E+00
 21.   42.   0.79696579E-02  -0.13803852E-01  -0.54766830E-09   0.00000000E+00
 21.   43.  -0.12742498E-01   0.31968173E-02   0.23675594E+00   0.00000000E+00
 21.   44.   0.47728404E-02   0.82668023E-02  -0.33482346E+00   0.00000000E+00
 21.   45.   0.91397743E-02  -0.94369186E-02   0.23675594E+00   0.00000000E+00
 21.   46.  -0.15939316E-01  -0.84616659E-10   0.32034650E-08   0.00000000E+00
 21.   47.   0.91397741E-02   0.94369186E-02  -0.23675594E+00   0.00000000E+00
 21.   48.   0.47728407E-02  -0.82668021E-02   0.33482346E+00   0.00000000E+00
 21.   49.  -0.12742498E-01  -0.31968175E-02  -0.23675594E+00   0.00000000E+00
 21.   50.   0.79696577E-02   0.13803852E-01  -0.63294205E-08   0.00000000E+00
 21.   51.   0.36027243E-02  -0.12633736E-01   0.23675594E+00   0.00000000E+00
 21.   52.  -0.95456809E-02   0.00000000E+00  -0.33482346E+00   0.00000000E+00
 21.   53.  -0.18459980E-01   0.00000000E+00   0.99979810E+00   0.00000000E+00
 21.   54.   0.57578037E-02   0.28945186E-01  -0.70696402E+00   0.00000000E+00
 21.   55.   0.18716179E-01  -0.32417373E-01  -0.13228738E-08   0.00000000E+00
 21.   56.  -0.27946169E-01   0.94861888E-02   0.70696402E+00   0.00000000E+00
 21.   57.   0.92299897E-02   0.15986811E-01  -0.99979810E+00   0.00000000E+00
 21.   58.   0.22188365E-01  -0.19458997E-01   0.70696401E+00   0.00000000E+00
 21.   59.  -0.37432358E-01  -0.14953544E-09   0.10315990E-07   0.00000000E+00
 21.   60.   0.22188365E-01   0.19458998E-01  -0.70696403E+00   0.00000000E+00
 21.   61.   0.92299903E-02  -0.15986811E-01   0.99979810E+00   0.00000000E+00
 21.   62.  -0.27946169E-01  -0.94861893E-02  -0.70696401E+00   0.00000000E+00
 21.   63.   0.18716179E-01   0.32417373E-01  -0.18338996E-07   0.00000000E+00
 21.   64.   0.57578040E-02  -0.28945186E-01   0.70696403E+00   0.00000000E+00
 21.   65.  -0.18459979E-01   0.00000000E+00  -0.99979810E+00   0.00000000E+00
 21.   66.   0.18459980E-01   0.00000000E+00   0.99979810E+00   0.00000000E+00
 21.   67.  -0.57578037E-02  -0.28945186E-01  -0.70696402E+00   0.00000000E+00
 21.   68.  -0.18716179E-01   0.32417373E-01  -0.13228515E-08   0.00000000E+00
 21.   69.   0.27946169E-01  -0.94861888E-02   0.70696402E+00   0.00000000E+00
 21.   70.  -0.92299897E-02  -0.15986811E-01  -0.99979810E+00   0.00000000E+00
 21.   71.  -0.22188365E-01   0.19458997E-01   0.70696401E+00   0.00000000E+00
 21.   72.   0.37432358E-01   0.14869976E-09   0.10315981E-07   0.00000000E+00
 21.   73.  -0.22188365E-01  -0.19458998E-01  -0.70696403E+00   0.00000000E+00
 21.   74.  -0.92299903E-02   0.15986811E-01   0.99979810E+00   0.00000000E+00
 21.   75.   0.27946169E-01   0.94861893E-02  -0.70696401E+00   0.00000000E+00
 21.   76.  -0.18716179E-01  -0.32417373E-01  -0.18338994E-07   0.00000000E+00
 21.   77.  -0.57578040E-02   0.28945186E-01   0.70696403E+00   0.00000000E+00
 21.   78.   0.18459979E-01   0.00000000E+00  -0.99979810E+00   0.00000000E+00
 22.    1.  -0.12258152E-01   0.00000000E+00   0.31788709E+00   0.00000000E+00
 22.    2.  -0.12757254E-01   0.14120825E-01   0.22478011E+00   0.00000000E+00
 22.    3.  -0.11979443E-01   0.20749003E-01  -0.10082709E-08   0.00000000E+00
 22.    4.  -0.58503667E-02   0.18108519E-01  -0.22478012E+00   0.00000000E+00
 22.    5.   0.61290760E-02   0.10615871E-01  -0.31788709E+00   0.00000000E+00
 22.    6.   0.18607621E-01   0.39876932E-02  -0.22478012E+00   0.00000000E+00
 22.    7.   0.23958885E-01   0.18202555E-10  -0.10875888E-08   0.00000000E+00
 22.    8.   0.18607621E-01  -0.39876931E-02   0.22478012E+00   0.00000000E+00
 22.    9.   0.61290761E-02  -0.10615871E-01   0.31788709E+00   0.00000000E+00
 22.   10.  -0.58503666E-02  -0.18108519E-01   0.22478012E+00   0.00000000E+00
 22.   11.  -0.11979443E-01  -0.20749003E-01   0.32550928E-08   0.00000000E+00
 22.   12.  -0.12757254E-01  -0.14120826E-01  -0.22478011E+00   0.00000000E+00
 22.   13.  -0.12258152E-01   0.00000000E+00  -0.31788709E+00   0.00000000E+00
 22.   14.  -0.31172628E-02   0.00000000E+00   0.99429734E+00   0.00000000E+00
 22.   15.  -0.81867423E-02   0.22036818E-01   0.70307439E+00   0.00000000E+00
 22.   16.  -0.16549704E-01   0.28664929E-01   0.62796987E-09   0.00000000E+00
 22.   17.  -0.14991073E-01   0.18108336E-01  -0.70307439E+00   0.00000000E+00
 22.   18.   0.15586313E-02   0.26996288E-02  -0.99429734E+00   0.00000000E+00
 22.   19.   0.23177815E-01  -0.39284821E-02  -0.70307439E+00   0.00000000E+00
 22.   20.   0.33099409E-01  -0.29479393E-10  -0.35835376E-08   0.00000000E+00
 22.   21.   0.23177815E-01   0.39284821E-02   0.70307439E+00   0.00000000E+00
 22.   22.   0.15586315E-02  -0.26996287E-02   0.99429734E+00   0.00000000E+00
 22.   23.  -0.14991073E-01  -0.18108336E-01   0.70307439E+00   0.00000000E+00
 22.   24.  -0.16549704E-01  -0.28664929E-01   0.64794143E-08   0.00000000E+00
 22.   25.  -0.81867424E-02  -0.22036818E-01  -0.70307438E+00   0.00000000E+00
 22.   26.  -0.31172628E-02   0.00000000E+00  -0.99429734E+00   0.00000000E+00
 22.   27.   0.30029224E-01   0.00000000E+00   0.12315578E+00   0.00000000E+00
 22.   28.   0.20027927E-01   0.72961256E-02   0.87084291E-01   0.00000000E+00
 22.   29.  -0.13179814E-02   0.22828108E-02   0.32336547E-09   0.00000000E+00
 22.   30.  -0.16332594E-01  -0.13696631E-01  -0.87084290E-01   0.00000000E+00
 22.   31.  -0.15014612E-01  -0.26006071E-01  -0.12315578E+00   0.00000000E+00
 22.   32.  -0.36953334E-02  -0.20992756E-01  -0.87084290E-01   0.00000000E+00
 22.   33.   0.26359628E-02  -0.10786294E-09  -0.39377936E-09   0.00000000E+00
 22.   34.  -0.36953333E-02   0.20992756E-01   0.87084290E-01   0.00000000E+00
 22.   35.  -0.15014612E-01   0.26006071E-01   0.12315578E+00   0.00000000E+00
 22.   36.  -0.16332594E-01   0.13696631E-01   0.87084291E-01   0.00000000E+00
 22.   37.  -0.13179816E-02  -0.22828107E-02   0.62733671E-09   0.00000000E+00
 22.   38.   0.20027927E-01  -0.72961256E-02  -0.87084290E-01   0.00000000E+00
 22.   39.   0.30029224E-01   0.00000000E+00  -0.12315578E+00   0.00000000E+00
 22.   40.  -0.11114506E-01   0.00000000E+00  -0.57705692E+00   0.00000000E+00
 22.   41.  -0.59257912E-02  -0.82500419E-02  -0.40804086E+00   0.00000000E+00
 22.   42.   0.45503883E-02  -0.78815038E-02  -0.53776167E-09   0.00000000E+00
 22.   43.   0.10107641E-01   0.10068648E-02   0.40804086E+00   0.00000000E+00
 22.   44.   0.55572531E-02   0.96254447E-02   0.57705692E+00   0.00000000E+00
 22.   45.  -0.41818502E-02   0.92569067E-02   0.40804086E+00   0.00000000E+00
 22.   46.  -0.91007766E-02   0.48536369E-10   0.20008883E-08   0.00000000E+00
 22.   47.  -0.41818503E-02  -0.92569066E-02  -0.40804086E+00   0.00000000E+00
 22.   48.   0.55572531E-02  -0.96254447E-02  -0.57705692E+00   0.00000000E+00
 22.   49.   0.10107641E-01  -0.10068648E-02  -0.40804086E+00   0.00000000E+00
 22.   50.   0.45503884E-02   0.78815037E-02  -0.34517059E-08   0.00000000E+00
 22.   51.  -0.59257911E-02   0.82500419E-02   0.40804086E+00   0.00000000E+00
 22.   52.  -0.11114506E-01   0.00000000E+00   0.57705692E+00   0.00000000E+00
 22.   53.  -0.33866141E-01   0.00000000E+00   0.80972567E+00   0.00000000E+00
 22.   54.  -0.24943054E-01   0.56472791E-03   0.57256251E+00   0.00000000E+00
 22.   55.  -0.49506121E-02   0.85747116E-02   0.69429437E-09   0.00000000E+00
 22.   56.   0.11982458E-01   0.21883682E-01  -0.57256251E+00   0.00000000E+00
 22.   57.   0.16933070E-01   0.29328938E-01  -0.80972567E+00   0.00000000E+00
 22.   58.   0.12960596E-01   0.21318955E-01  -0.57256251E+00   0.00000000E+00
 22.   59.   0.99012242E-02   0.11573213E-09  -0.31565113E-08   0.00000000E+00
 22.   60.   0.12960596E-01  -0.21318954E-01   0.57256251E+00   0.00000000E+00
 22.   61.   0.16933070E-01  -0.29328938E-01   0.80972567E+00   0.00000000E+00
 22.   62.   0.11982458E-01  -0.21883683E-01   0.57256251E+00   0.00000000E+00
 22.   63.  -0.49506119E-02  -0.85747117E-02   0.48814954E-08   0.00000000E+00
 22.   64.  -0.24943054E-01  -0.56472794E-03  -0.57256251E+00   0.00000000E+00
 22.   65.  -0.33866141E-01   0.00000000E+00  -0.80972567E+00   0.00000000E+00
 22.   66.   0.33866141E-01   0.00000000E+00   0.80972567E+00   0.00000000E+00
 22.   67.   0.24943054E-01  -0.56472791E-03   0.57256251E+00   0.00000000E+00
 22.   68.   0.49506121E-02  -0.85747116E-02   0.69423969E-09   0.00000000E+00
 22.   69.  -0.11982458E-01  -0.21883682E-01  -0.57256251E+00   0.00000000E+00
 22.   70.  -0.16933070E-01  -0.29328938E-01  -0.80972567E+00   0.00000000E+00
 22.   71.  -0.12960596E-01  -0.21318955E-01  -0.57256251E+00   0.00000000E+00
 22.   72.  -0.99012242E-02  -0.11812920E-09  -0.31565928E-08   0.00000000E+00
 22.   73.  -0.12960596E-01   0.21318954E-01   0.57256251E+00   0.00000000E+00
 22.   74.  -0.16933070E-01   0.29328938E-01   0.80972567E+00   0.00000000E+00
 22.   75.  -0.11982458E-01   0.21883683E-01   0.57256251E+00   0.00000000E+00
 22.   76.   0.49506119E-02   0.85747117E-02   0.48815505E-08   0.00000000E+00
 22.   77.   0.24943054E-01   0.56472795E-03  -0.57256251E+00   0.00000000E+00
 22.   78.   0.33866141E-01   0.00000000E+00  -0.80972567E+00   0.00000000E+00
 23.    1.   0.23794144E-01   0.00000000E+00   0.99978093E+00   0.00000000E+00
 23.    2.   0.20575081E-01   0.12013706E-01   0.96571422E+00   0.00000000E+00
 23.    3.   0.11780438E-01   0.20808349E-01   0.86583568E+00   0.00000000E+00
 23.    4.  -0.23326825E-03   0.24027412E-01   0.70695188E+00   0.00000000E+00
 23.    5.  -0.12246974E-01   0.20808350E-01   0.49989047E+00   0.00000000E+00
 23.    6.  -0.21041618E-01   0.12013706E-01   0.25876235E+00   0.00000000E+00
 23.    7.  -0.24260681E-01   0.66551886E-10   0.14741066E-08   0.00000000E+00
 23.    8.  -0.21041618E-01  -0.12013706E-01  -0.25876234E+00   0.00000000E+00
 23.    9.  -0.12246975E-01  -0.20808349E-01  -0.49989046E+00   0.00000000E+00
 23.   10.  -0.23326837E-03  -0.24027412E-01  -0.70695187E+00   0.00000000E+00
 23.   11.   0.11780438E-01  -0.20808350E-01  -0.86583568E+00   0.00000000E+00
 23.   12.   0.20575081E-01  -0.12013706E-01  -0.96571422E+00   0.00000000E+00
 23.   13.   0.23794144E-01   0.00000000E+00  -0.99978093E+00   0.00000000E+00
 23.   14.   0.18209501E-01   0.00000000E+00  -0.16863898E+00   0.00000000E+00
 23.   15.   0.17114967E-01   0.40848555E-02  -0.16289274E+00   0.00000000E+00
 23.   16.   0.14124646E-01   0.70751773E-02  -0.14604564E+00   0.00000000E+00
 23.   17.   0.10039790E-01   0.81697110E-02  -0.11924576E+00   0.00000000E+00
 23.   18.   0.59549346E-02   0.70751773E-02  -0.84319489E-01   0.00000000E+00
 23.   19.   0.29646128E-02   0.40848555E-02  -0.43646979E-01   0.00000000E+00
 23.   20.   0.18700791E-02   0.27129369E-10  -0.26429015E-09   0.00000000E+00
 23.   21.   0.29646128E-02  -0.40848555E-02   0.43646979E-01   0.00000000E+00
 23.   22.   0.59549345E-02  -0.70751772E-02   0.84319488E-01   0.00000000E+00
 23.   23.   0.10039790E-01  -0.81697110E-02   0.11924576E+00   0.00000000E+00
 23.   24.   0.14124646E-01  -0.70751773E-02   0.14604564E+00   0.00000000E+00
 23.   25.   0.17114967E-01  -0.40848555E-02   0.16289274E+00   0.00000000E+00
 23.   26.   0.18209501E-01   0.00000000E+00   0.16863898E+00   0.00000000E+00
 23.   27.  -0.14383687E-01   0.00000000E+00  -0.18997331E+00   0.00000000E+00
 23.   28.  -0.13329417E-01  -0.39345903E-02  -0.18350012E+00   0.00000000E+00
 23.   29.  -0.10449097E-01  -0.68149104E-02  -0.16452171E+00   0.00000000E+00
 23.   30.  -0.65145066E-02  -0.78691807E-02  -0.13433141E+00   0.00000000E+00
 23.   31.  -0.25799162E-02  -0.68149104E-02  -0.94986654E-01   0.00000000E+00
 23.   32.   0.30040381E-03  -0.39345904E-02  -0.49168710E-01   0.00000000E+00
 23.   33.   0.13546741E-02  -0.23078677E-10  -0.36975602E-09   0.00000000E+00
 23.   34.   0.30040384E-03   0.39345903E-02   0.49168710E-01   0.00000000E+00
 23.   35.  -0.25799162E-02   0.68149104E-02   0.94986653E-01   0.00000000E+00
 23.   36.  -0.65145065E-02   0.78691807E-02   0.13433141E+00   0.00000000E+00
 23.   37.  -0.10449097E-01   0.68149104E-02   0.16452171E+00   0.00000000E+00
 23.   38.  -0.13329417E-01   0.39345904E-02   0.18350012E+00   0.00000000E+00
 23.   39.  -0.14383687E-01   0.00000000E+00   0.18997331E+00   0.00000000E+00
 23.   40.   0.31922332E-02   0.00000000E+00   0.28792775E+00   0.00000000E+00
 23.   41.   0.28770712E-02   0.11762006E-02   0.27811685E+00   0.00000000E+00
 23.   42.   0.20160326E-02   0.20372393E-02   0.24935274E+00   0.00000000E+00
 23.   43.   0.83983196E-03   0.23524013E-02   0.20359566E+00   0.00000000E+00
 23.   44.  -0.33636869E-03   0.20372393E-02   0.14396387E+00   0.00000000E+00
 23.   45.  -0.11974073E-02   0.11762007E-02   0.74521185E-01   0.00000000E+00
 23.   46.  -0.15125693E-02   0.80108422E-11   0.37990190E-09   0.00000000E+00
 23.   47.  -0.11974073E-02  -0.11762006E-02  -0.74521184E-01   0.00000000E+00
 23.   48.  -0.33636871E-03  -0.20372393E-02  -0.14396387E+00   0.00000000E+00
 23.   49.   0.83983194E-03  -0.23524013E-02  -0.20359566E+00   0.00000000E+00
 23.   50.   0.20160326E-02  -0.20372393E-02  -0.24935274E+00   0.00000000E+00
 23.   51.   0.28770712E-02  -0.11762006E-02  -0.27811685E+00   0.00000000E+00
 23.   52.   0.31922332E-02   0.00000000E+00  -0.28792775E+00   0.00000000E+00
 23.   53.   0.17807659E-01   0.00000000E+00  -0.39720370E+00   0.00000000E+00
 23.   54.   0.16722952E-01   0.40481803E-02  -0.38366931E+00   0.00000000E+00
 23.   55.   0.13759478E-01   0.70116540E-02  -0.34398849E+00   0.00000000E+00
 23.   56.   0.97112982E-02   0.80963606E-02  -0.28086543E+00   0.00000000E+00
 23.   57.   0.56631179E-02   0.70116540E-02  -0.19860185E+00   0.00000000E+00
 23.   58.   0.26996442E-02   0.40481803E-02  -0.10280388E+00   0.00000000E+00
 23.   59.   0.16149376E-02   0.22516196E-10  -0.44538076E-09   0.00000000E+00
 23.   60.   0.26996442E-02  -0.40481803E-02   0.10280388E+00   0.00000000E+00
 23.   61.   0.56631179E-02  -0.70116540E-02   0.19860185E+00   0.00000000E+00
 23.   62.   0.97112982E-02  -0.80963606E-02   0.28086543E+00   0.00000000E+00
 23.   63.   0.13759478E-01  -0.70116540E-02   0.34398849E+00   0.00000000E+00
 23.   64.   0.16722952E-01  -0.40481803E-02   0.38366931E+00   0.00000000E+00
 23.   65.   0.17807659E-01   0.00000000E+00   0.39720370E+00   0.00000000E+00
 23.   66.  -0.17807659E-01   0.00000000E+00  -0.39720370E+00   0.00000000E+00
 23.   67.  -0.16722952E-01  -0.40481803E-02  -0.38366931E+00   0.00000000E+00
 23.   68.  -0.13759478E-01  -0.70116540E-02  -0.34398849E+00   0.00000000E+00
 23.   69.  -0.97112982E-02  -0.80963606E-02  -0.28086543E+00   0.00000000E+00
 23.   70.  -0.56631179E-02  -0.70116540E-02  -0.19860185E+00   0.00000000E+00
 23.   71.  -0.26996442E-02  -0.40481803E-02  -0.10280388E+00   0.00000000E+00
 23.   72.  -0.16149376E-02  -0.16615291E-10  -0.44534513E-09   0.00000000E+00
 23.   73.  -0.26996442E-02   0.40481803E-02   0.10280388E+00   0.00000000E+00
 23.   74.  -0.56631179E-02   0.70116540E-02   0.19860185E+00   0.00000000E+00
 23.   75.  -0.97112982E-02   0.80963606E-02   0.28086543E+00   0.00000000E+00
 23.   76.  -0.13759478E-01   0.70116540E-02   0.34398849E+00   0.00000000E+00
 23.   77.  -0.16722952E-01   0.40481803E-02   0.38366931E+00   0.00000000E+00
 23.   78.  -0.17807659E-01   0.00000000E+00   0.39720370E+00   0.00000000E+00
 24.    1.   0.32127796E-03   0.00000000E+00  -0.26887837E-02   0.00000000E+00
 24.    2.   0.10891185E-03  -0.40646414E-03   0.75337255E-09   0.00000000E+00
 24.    3.  -0.27823473E-03  -0.16063880E-03   0.26887851E-02   0.00000000E+00
 24.    4.  -0.29755249E-03   0.29755250E-03   0.17709730E-10   0.00000000E+00
 24.    5.   0.16063881E-03   0.27823475E-03  -0.26887852E-02   0.00000000E+00
 24.    6.   0.40646415E-03  -0.10891176E-03  -0.83440930E-09   0.00000000E+00
 24.    7.  -0.53623472E-10  -0.32127785E-03   0.26887837E-02   0.00000000E+00
 24.    8.  -0.40646419E-03  -0.10891183E-03  -0.13986579E-08   0.00000000E+00
 24.    9.  -0.16063879E-03   0.27823474E-03  -0.26887859E-02   0.00000000E+00
 24.   10.   0.29755262E-03   0.29755256E-03  -0.54050524E-09   0.00000000E+00
 24.   11.   0.27823485E-03  -0.16063882E-03   0.26887846E-02   0.00000000E+00
 24.   12.  -0.10891167E-03  -0.40646415E-03  -0.28027883E-10   0.00000000E+00
 24.   13.  -0.32127770E-03   0.00000000E+00  -0.26887851E-02   0.00000000E+00
 24.   14.   0.82750605E-02   0.00000000E+00  -0.16030254E+00   0.00000000E+00
 24.   15.   0.27638658E-02  -0.10314887E-01   0.60065898E-10   0.00000000E+00
 24.   16.  -0.71664125E-02  -0.41375301E-02   0.16030254E+00   0.00000000E+00
 24.   17.  -0.75510216E-02   0.75510217E-02   0.39865544E-09   0.00000000E+00
 24.   18.   0.41375302E-02   0.71664126E-02  -0.16030254E+00   0.00000000E+00
 24.   19.   0.10314887E-01  -0.27638657E-02  -0.39855501E-09   0.00000000E+00
 24.   20.   0.11095379E-09  -0.82750604E-02   0.16030254E+00   0.00000000E+00
 24.   21.  -0.10314887E-01  -0.27638657E-02   0.12400502E-08   0.00000000E+00
 24.   22.  -0.41375302E-02   0.71664125E-02  -0.16030254E+00   0.00000000E+00
 24.   23.   0.75510216E-02   0.75510217E-02  -0.13114740E-08   0.00000000E+00
 24.   24.   0.71664126E-02  -0.41375301E-02   0.16030254E+00   0.00000000E+00
 24.   25.  -0.27638656E-02  -0.10314887E-01   0.23072396E-08   0.00000000E+00
 24.   26.  -0.82750604E-02   0.00000000E+00  -0.16030254E+00   0.00000000E+00
 24.   27.   0.12477010E-01   0.00000000E+00  -0.80925857E+00   0.00000000E+00
 24.   28.   0.89785416E-02  -0.33508373E-01  -0.56642381E-09   0.00000000E+00
 24.   29.  -0.10805408E-01  -0.62385051E-02   0.80925857E+00   0.00000000E+00
 24.   30.  -0.24529832E-01   0.24529832E-01   0.30997350E-08   0.00000000E+00
 24.   31.   0.62385050E-02   0.10805408E-01  -0.80925857E+00   0.00000000E+00
 24.   32.   0.33508373E-01  -0.89785414E-02  -0.40155918E-08   0.00000000E+00
 24.   33.   0.24512390E-09  -0.12477010E-01   0.80925857E+00   0.00000000E+00
 24.   34.  -0.33508373E-01  -0.89785415E-02   0.77387875E-08   0.00000000E+00
 24.   35.  -0.62385054E-02   0.10805408E-01  -0.80925857E+00   0.00000000E+00
 24.   36.   0.24529832E-01   0.24529832E-01  -0.81680383E-08   0.00000000E+00
 24.   37.   0.10805408E-01  -0.62385046E-02   0.80925857E+00   0.00000000E+00
 24.   38.  -0.89785414E-02  -0.33508373E-01   0.10502568E-07   0.00000000E+00
 24.   39.  -0.12477010E-01   0.00000000E+00  -0.80925857E+00   0.00000000E+00
 24.   40.  -0.22772864E-01   0.00000000E+00  -0.64649031E+00   0.00000000E+00
 24.   41.   0.52886810E-02  -0.19737626E-01  -0.18359899E-09   0.00000000E+00
 24.   42.   0.19721879E-01   0.11386432E-01   0.64649031E+00   0.00000000E+00
 24.   43.  -0.14448945E-01   0.14448945E-01   0.25080700E-08   0.00000000E+00
 24.   44.  -0.11386432E-01  -0.19721879E-01  -0.64649031E+00   0.00000000E+00
 24.   45.   0.19737626E-01  -0.52886811E-02  -0.35129961E-08   0.00000000E+00
 24.   46.   0.56531473E-10   0.22772865E-01   0.64649031E+00   0.00000000E+00
 24.   47.  -0.19737626E-01  -0.52886807E-02   0.58116382E-08   0.00000000E+00
 24.   48.   0.11386432E-01  -0.19721879E-01  -0.64649031E+00   0.00000000E+00
 24.   49.   0.14448945E-01   0.14448945E-01  -0.65878447E-08   0.00000000E+00
 24.   50.  -0.19721879E-01   0.11386432E-01   0.64649031E+00   0.00000000E+00
 24.   51.  -0.52886813E-02  -0.19737626E-01   0.87445255E-08   0.00000000E+00
 24.   52.   0.22772865E-01   0.00000000E+00  -0.64649031E+00   0.00000000E+00
 24.   53.  -0.36462617E-01   0.00000000E+00   0.99992155E+00   0.00000000E+00
 24.   54.  -0.63643814E-02   0.23752195E-01   0.29924845E-09   0.00000000E+00
 24.   55.   0.31577553E-01   0.18231308E-01  -0.99992155E+00   0.00000000E+00
 24.   56.   0.17387814E-01  -0.17387814E-01  -0.37883770E-08   0.00000000E+00
 24.   57.  -0.18231308E-01  -0.31577553E-01   0.99992155E+00   0.00000000E+00
 24.   58.  -0.23752195E-01   0.63643813E-02   0.50750787E-08   0.00000000E+00
 24.   59.  -0.16351722E-09   0.36462617E-01  -0.99992155E+00   0.00000000E+00
 24.   60.   0.23752195E-01   0.63643818E-02  -0.84796429E-08   0.00000000E+00
 24.   61.   0.18231309E-01  -0.31577553E-01   0.99992155E+00   0.00000000E+00
 24.   62.  -0.17387814E-01  -0.17387814E-01   0.85347055E-08   0.00000000E+00
 24.   63.  -0.31577553E-01   0.18231308E-01  -0.99992155E+00   0.00000000E+00
 24.   64.   0.63643811E-02   0.23752195E-01  -0.12967059E-07   0.00000000E+00
 24.   65.   0.36462617E-01   0.00000000E+00   0.99992155E+00   0.00000000E+00
 24.   66.   0.36462617E-01   0.00000000E+00   0.99992155E+00   0.00000000E+00
 24.   67.   0.63643816E-02  -0.23752195E-01   0.29671165E-09   0.00000000E+00
 24.   68.  -0.31577553E-01  -0.18231309E-01  -0.99992155E+00   0.00000000E+00
 24.   69.  -0.17387814E-01   0.17387814E-01  -0.37911517E-08   0.00000000E+00
 24.   70.   0.18231308E-01   0.31577553E-01   0.99992155E+00   0.00000000E+00
 24.   71.   0.23752195E-01  -0.63643813E-02   0.50747845E-08   0.00000000E+00
 24.   72.   0.88038406E-10  -0.36462617E-01  -0.99992155E+00   0.00000000E+00
 24.   73.  -0.23752195E-01  -0.63643818E-02  -0.84750655E-08   0.00000000E+00
 24.   74.  -0.18231309E-01   0.31577553E-01   0.99992155E+00   0.00000000E+00
 24.   75.   0.17387813E-01   0.17387814E-01   0.85336979E-08   0.00000000E+00
 24.   76.   0.31577553E-01  -0.18231308E-01  -0.99992155E+00   0.00000000E+00
 24.   77.  -0.63643810E-02  -0.23752195E-01  -0.12966088E-07   0.00000000E+00
 24.   78.  -0.36462617E-01   0.00000000E+00   0.99992155E+00   0.00000000E+00
