mode k UX UY UZ VOLT
  1.    1.  -0.16533580E-01   0.00000000E+00   0.17869139E+00  -0.86204140E-08
  1.    2.  -0.16533580E-01   0.20674158E-12   0.17309431E+00  -0.86204140E-08
  1.    3.  -0.16533580E-01   0.29481434E-12   0.15668450E+00  -0.86204140E-08
  1.    4.  -0.16533580E-01   0.22221520E-12   0.13058025E+00  -0.86204140E-08
  1.    5.  -0.16533580E-01  -0.33452247E-13   0.96560534E-01  -0.86204140E-08
  1.    6.  -0.16533580E-01  -0.39667869E-12   0.56943735E-01  -0.86204140E-08
  1.    7.  -0.16533580E-01  -0.78285296E-12   0.14429674E-01  -0.86204140E-08
  1.    8.  -0.16533580E-01  -0.11145438E-11  -0.28084387E-01  -0.86204140E-08
  1.    9.  -0.16533580E-01  -0.13132351E-11  -0.67701186E-01  -0.86204140E-08
  1.   10.  -0.16533580E-01  -0.13132415E-11  -0.10172090E+00  -0.86204140E-08
  1.   11.  -0.16533580E-01  -0.10656096E-11  -0.12782515E+00  -0.86204140E-08
  1.   12.  -0.16533580E-01  -0.59729822E-12  -0.14423497E+00  -0.86204140E-08
  1.   13.  -0.16533580E-01   0.00000000E+00  -0.14983205E+00  -0.86204140E-08
  1.   14.  -0.16533580E-01   0.00000000E+00   0.38401855E+00  -0.86204140E-08
  1.   15.  -0.16533580E-01   0.10855227E-11   0.37142511E+00  -0.86204140E-08
  1.   16.  -0.16533580E-01   0.13885709E-11   0.33450303E+00  -0.86204140E-08
  1.   17.  -0.16533580E-01   0.10469804E-11   0.27576847E+00  -0.86204140E-08
  1.   18.  -0.16533580E-01   0.27132757E-12   0.19922411E+00  -0.86204140E-08
  1.   19.  -0.16533580E-01  -0.89318185E-12   0.11008631E+00  -0.86204140E-08
  1.   20.  -0.16533580E-01  -0.22433015E-11   0.14429675E-01  -0.86204140E-08
  1.   21.  -0.16533580E-01  -0.35591456E-11  -0.81226963E-01  -0.86204140E-08
  1.   22.  -0.16533580E-01  -0.45626601E-11  -0.17036476E+00  -0.86204140E-08
  1.   23.  -0.16533580E-01  -0.49103021E-11  -0.24690912E+00  -0.86204140E-08
  1.   24.  -0.16533580E-01  -0.42975858E-11  -0.30564368E+00  -0.86204140E-08
  1.   25.  -0.16533580E-01  -0.26337677E-11  -0.34256576E+00  -0.86204140E-08
  1.   26.  -0.16533580E-01   0.00000000E+00  -0.35515920E+00  -0.86204140E-08
  1.   27.  -0.16533580E-01   0.00000000E+00   0.58934570E+00  -0.86204140E-08
  1.   28.  -0.16533580E-01   0.33784843E-11   0.56975591E+00  -0.86204140E-08
  1.   29.  -0.16533580E-01   0.43291610E-11   0.51232156E+00  -0.86204140E-08
  1.   30.  -0.16533580E-01   0.38367527E-11   0.42095669E+00  -0.86204140E-08
  1.   31.  -0.16533580E-01   0.20181572E-11   0.30188769E+00  -0.86204140E-08
  1.   32.  -0.16533580E-01  -0.72916337E-12   0.16322889E+00  -0.86204140E-08
  1.   33.  -0.16533580E-01  -0.34872142E-11   0.14429676E-01  -0.86204140E-08
  1.   34.  -0.16533580E-01  -0.60690271E-11  -0.13436954E+00  -0.86204140E-08
  1.   35.  -0.16533580E-01  -0.84444855E-11  -0.27302833E+00  -0.86204140E-08
  1.   36.  -0.16533580E-01  -0.97379740E-11  -0.39209734E+00  -0.86204140E-08
  1.   37.  -0.16533580E-01  -0.92184858E-11  -0.48346221E+00  -0.86204140E-08
  1.   38.  -0.16533580E-01  -0.60046537E-11  -0.54089656E+00  -0.86204140E-08
  1.   39.  -0.16533580E-01   0.00000000E+00  -0.56048635E+00  -0.86204140E-08
  1.   40.  -0.16533580E-01   0.00000000E+00   0.79467285E+00  -0.86204140E-08
  1.   41.  -0.16533580E-01   0.71276473E-11   0.76808671E+00  -0.86204140E-08
  1.   42.  -0.16533580E-01   0.87284786E-11   0.69014008E+00  -0.86204140E-08
  1.   43.  -0.16533580E-01   0.70795584E-11   0.56614491E+00  -0.86204140E-08
  1.   44.  -0.16533580E-01   0.34403394E-11   0.40455126E+00  -0.86204140E-08
  1.   45.  -0.16533580E-01  -0.10469015E-11   0.21637147E+00  -0.86204140E-08
  1.   46.  -0.16533580E-01  -0.47283856E-11   0.14429677E-01  -0.86204140E-08
  1.   47.  -0.16533580E-01  -0.84636931E-11  -0.18751211E+00  -0.86204140E-08
  1.   48.  -0.16533580E-01  -0.12385207E-10  -0.37569191E+00  -0.86204140E-08
  1.   49.  -0.16533580E-01  -0.15000945E-10  -0.53728556E+00  -0.86204140E-08
  1.   50.  -0.16533580E-01  -0.15332729E-10  -0.66128073E+00  -0.86204140E-08
  1.   51.  -0.16533580E-01  -0.10628552E-10  -0.73922736E+00  -0.86204140E-08
  1.   52.  -0.16533580E-01   0.00000000E+00  -0.76581350E+00  -0.86204140E-08
  1.   53.  -0.16533580E-01   0.00000000E+00   0.10000000E+01  -0.86204140E-08
  1.   54.  -0.16533580E-01   0.10012258E-10   0.96641751E+00  -0.86204140E-08
  1.   55.  -0.16533580E-01   0.11541544E-10   0.86795861E+00  -0.86204140E-08
  1.   56.  -0.16533580E-01   0.78650972E-11   0.71133314E+00  -0.86204140E-08
  1.   57.  -0.16533580E-01   0.33487609E-11   0.50721484E+00  -0.86204140E-08
  1.   58.  -0.16533580E-01  -0.17695576E-11   0.26951405E+00  -0.86204140E-08
  1.   59.  -0.16533580E-01  -0.56705593E-11   0.14429678E-01  -0.86204140E-08
  1.   60.  -0.16533580E-01  -0.96886821E-11  -0.24065469E+00  -0.86204140E-08
  1.   61.  -0.16533580E-01  -0.14902468E-10  -0.47835548E+00  -0.86204140E-08
  1.   62.  -0.16533580E-01  -0.18639471E-10  -0.68247378E+00  -0.86204140E-08
  1.   63.  -0.16533580E-01  -0.20002651E-10  -0.83909926E+00  -0.86204140E-08
  1.   64.  -0.16533580E-01  -0.13796760E-10  -0.93755816E+00  -0.86204140E-08
  1.   65.  -0.16533580E-01   0.00000000E+00  -0.97114065E+00  -0.86204140E-08
  1.   66.   0.21794155E-01   0.00000000E+00   0.10000000E+01  -0.86204140E-08
  1.   67.   0.21794155E-01  -0.10005393E-10   0.96641751E+00  -0.86204140E-08
  1.   68.   0.21794155E-01  -0.11532817E-10   0.86795861E+00  -0.86204140E-08
  1.   69.   0.21794155E-01  -0.78894342E-11   0.71133314E+00  -0.86204140E-08
  1.   70.   0.21794155E-01  -0.33142299E-11   0.50721484E+00  -0.86204140E-08
  1.   71.   0.21794155E-01   0.17960740E-11   0.26951405E+00  -0.86204140E-08
  1.   72.   0.21794155E-01   0.56882070E-11   0.14429678E-01  -0.86204140E-08
  1.   73.   0.21794155E-01   0.97060861E-11  -0.24065469E+00  -0.86204140E-08
  1.   74.   0.21794155E-01   0.15063974E-10  -0.47835548E+00  -0.86204140E-08
  1.   75.   0.21794155E-01   0.18658481E-10  -0.68247378E+00  -0.86204140E-08
  1.   76.   0.21794155E-01   0.20158807E-10  -0.83909926E+00  -0.86204140E-08
  1.   77.   0.21794155E-01   0.13740036E-10  -0.93755816E+00  -0.86204140E-08
  1.   78.   0.21794155E-01   0.00000000E+00  -0.97114065E+00  -0.86204140E-08
  2.    1.   0.21707122E-02   0.00000000E+00   0.93712204E+00   0.11308382E-07
  2.    2.   0.21707122E-02  -0.53361729E-12   0.93742811E+00   0.11308382E-07
  2.    3.   0.21707122E-02  -0.11918252E-11   0.93832548E+00   0.11308382E-07
  2.    4.   0.21707122E-02  -0.18776697E-11   0.93975297E+00   0.11308382E-07
  2.    5.   0.21707122E-02  -0.26195387E-11   0.94161332E+00   0.11308382E-07
  2.    6.   0.21707122E-02  -0.30633321E-11   0.94377975E+00   0.11308382E-07
  2.    7.   0.21707122E-02  -0.30467860E-11   0.94610461E+00   0.11308382E-07
  2.    8.   0.21707122E-02  -0.27315808E-11   0.94842946E+00   0.11308382E-07
  2.    9.   0.21707123E-02  -0.20983724E-11   0.95059589E+00   0.11308382E-07
  2.   10.   0.21707123E-02  -0.13018117E-11   0.95245624E+00   0.11308382E-07
  2.   11.   0.21707123E-02  -0.67018763E-12   0.95388374E+00   0.11308382E-07
  2.   12.   0.21707123E-02  -0.27013540E-12   0.95478110E+00   0.11308382E-07
  2.   13.   0.21707123E-02   0.00000000E+00   0.95508717E+00   0.11308382E-07
  2.   14.   0.21707122E-02   0.00000000E+00   0.92589383E+00   0.11308382E-07
  2.   15.   0.21707122E-02   0.27358997E-11   0.92658250E+00   0.11308382E-07
  2.   16.   0.21707122E-02   0.40238982E-11   0.92860156E+00   0.11308382E-07
  2.   17.   0.21707122E-02   0.43668740E-11   0.93181343E+00   0.11308382E-07
  2.   18.   0.21707122E-02   0.42967783E-11   0.93599922E+00   0.11308382E-07
  2.   19.   0.21707122E-02   0.41810067E-11   0.94087367E+00   0.11308382E-07
  2.   20.   0.21707122E-02   0.45879290E-11   0.94610461E+00   0.11308382E-07
  2.   21.   0.21707122E-02   0.53740943E-11   0.95133554E+00   0.11308382E-07
  2.   22.   0.21707123E-02   0.61907515E-11   0.95620999E+00   0.11308382E-07
  2.   23.   0.21707123E-02   0.65160323E-11   0.96039578E+00   0.11308382E-07
  2.   24.   0.21707123E-02   0.57230188E-11   0.96360765E+00   0.11308382E-07
  2.   25.   0.21707123E-02   0.36480221E-11   0.96562671E+00   0.11308382E-07
  2.   26.   0.21707123E-02   0.00000000E+00   0.96631538E+00   0.11308382E-07
  2.   27.   0.21707122E-02   0.00000000E+00   0.91466563E+00   0.11308382E-07
  2.   28.   0.21707122E-02   0.64243837E-11   0.91573688E+00   0.11308382E-07
  2.   29.   0.21707122E-02   0.95969086E-11   0.91887765E+00   0.11308382E-07
  2.   30.   0.21707122E-02   0.11109580E-10   0.92387389E+00   0.11308382E-07
  2.   31.   0.21707122E-02   0.10592365E-10   0.93038512E+00   0.11308382E-07
  2.   32.   0.21707122E-02   0.85215624E-11   0.93796760E+00   0.11308382E-07
  2.   33.   0.21707122E-02   0.74583520E-11   0.94610461E+00   0.11308382E-07
  2.   34.   0.21707123E-02   0.92767283E-11   0.95424161E+00   0.11308382E-07
  2.   35.   0.21707123E-02   0.12588475E-10   0.96182409E+00   0.11308382E-07
  2.   36.   0.21707123E-02   0.14350985E-10   0.96833532E+00   0.11308382E-07
  2.   37.   0.21707123E-02   0.13341815E-10   0.97333156E+00   0.11308382E-07
  2.   38.   0.21707123E-02   0.86618474E-11   0.97647233E+00   0.11308382E-07
  2.   39.   0.21707123E-02   0.00000000E+00   0.97754359E+00   0.11308382E-07
  2.   40.   0.21707122E-02   0.00000000E+00   0.90343742E+00   0.11308382E-07
  2.   41.   0.21707122E-02   0.11904456E-10   0.90489127E+00   0.11308382E-07
  2.   42.   0.21707122E-02   0.17366247E-10   0.90915374E+00   0.11308382E-07
  2.   43.   0.21707122E-02   0.18751189E-10   0.91593435E+00   0.11308382E-07
  2.   44.   0.21707122E-02   0.16462541E-10   0.92477101E+00   0.11308382E-07
  2.   45.   0.21707122E-02   0.12851967E-10   0.93506153E+00   0.11308382E-07
  2.   46.   0.21707122E-02   0.13485523E-10   0.94610461E+00   0.11308382E-07
  2.   47.   0.21707122E-02   0.16206630E-10   0.95714769E+00   0.11308382E-07
  2.   48.   0.21707123E-02   0.20952000E-10   0.96743820E+00   0.11308382E-07
  2.   49.   0.21707123E-02   0.23937148E-10   0.97627486E+00   0.11308382E-07
  2.   50.   0.21707123E-02   0.23113593E-10   0.98305547E+00   0.11308382E-07
  2.   51.   0.21707123E-02   0.15528140E-10   0.98731794E+00   0.11308382E-07
  2.   52.   0.21707123E-02   0.00000000E+00   0.98877179E+00   0.11308382E-07
  2.   53.   0.21707122E-02   0.00000000E+00   0.89220921E+00   0.11308382E-07
  2.   54.   0.21707122E-02   0.16159069E-10   0.89404566E+00   0.11308382E-07
  2.   55.   0.21707122E-02   0.22586918E-10   0.89942983E+00   0.11308382E-07
  2.   56.   0.21707122E-02   0.22310475E-10   0.90799481E+00   0.11308382E-07
  2.   57.   0.21707122E-02   0.19456583E-10   0.91915691E+00   0.11308382E-07
  2.   58.   0.21707122E-02   0.15967197E-10   0.93215545E+00   0.11308382E-07
  2.   59.   0.21707122E-02   0.19026037E-10   0.94610460E+00   0.11308382E-07
  2.   60.   0.21707122E-02   0.21015517E-10   0.96005376E+00   0.11308382E-07
  2.   61.   0.21707123E-02   0.27078344E-10   0.97305230E+00   0.11308382E-07
  2.   62.   0.21707123E-02   0.30792895E-10   0.98421440E+00   0.11308382E-07
  2.   63.   0.21707123E-02   0.30465088E-10   0.99277939E+00   0.11308382E-07
  2.   64.   0.21707123E-02   0.20341697E-10   0.99816356E+00   0.11308382E-07
  2.   65.   0.21707123E-02   0.00000000E+00   0.10000000E+01   0.11308382E-07
  2.   66.   0.74780341E-04   0.00000000E+00   0.89220921E+00   0.11308382E-07
  2.   67.   0.74780340E-04  -0.16151511E-10   0.89404566E+00   0.11308382E-07
  2.   68.   0.74780335E-04  -0.22572572E-10   0.89942983E+00   0.11308382E-07
  2.   69.   0.74780328E-04  -0.22328260E-10   0.90799481E+00   0.11308382E-07
  2.   70.   0.74780320E-04  -0.19378255E-10   0.91915691E+00   0.11308382E-07
  2.   71.   0.74780315E-04  -0.15896234E-10   0.93215545E+00   0.11308382E-07
  2.   72.   0.74780313E-04  -0.18986300E-10   0.94610460E+00   0.11308382E-07
  2.   73.   0.74780305E-04  -0.21011959E-10   0.96005376E+00   0.11308382E-07
  2.   74.   0.74780293E-04  -0.27373122E-10   0.97305230E+00   0.11308382E-07
  2.   75.   0.74780278E-04  -0.30815560E-10   0.98421440E+00   0.11308382E-07
  2.   76.   0.74780266E-04  -0.30667873E-10   0.99277939E+00   0.11308382E-07
  2.   77.   0.74780258E-04  -0.20298359E-10   0.99816356E+00   0.11308382E-07
  2.   78.   0.74780257E-04   0.00000000E+00   0.10000000E+01   0.11308382E-07
  3.    1.   0.10000000E+01   0.00000000E+00  -0.30545799E-02  -0.22704652E-08
  3.    2.   0.10000000E+01   0.11896372E-13  -0.29960667E-02  -0.22704652E-08
  3.    3.   0.10000000E+01   0.53082083E-13  -0.28245147E-02  -0.22704652E-08
  3.    4.   0.10000000E+01   0.12404383E-12  -0.25516150E-02  -0.22704652E-08
  3.    5.   0.10000000E+01   0.23223846E-12  -0.21959650E-02  -0.22704652E-08
  3.    6.   0.10000000E+01   0.35294431E-12  -0.17818019E-02  -0.22704652E-08
  3.    7.   0.10000000E+01   0.43108955E-12  -0.13373502E-02  -0.22704652E-08
  3.    8.   0.10000000E+01   0.47415014E-12  -0.89289840E-03  -0.22704652E-08
  3.    9.   0.10000000E+01   0.48147810E-12  -0.47873529E-03  -0.22704652E-08
  3.   10.   0.10000000E+01   0.43245580E-12  -0.12308536E-03  -0.22704652E-08
  3.   11.   0.10000000E+01   0.33396919E-12   0.14981443E-03  -0.22704652E-08
  3.   12.   0.10000000E+01   0.18581159E-12   0.32136641E-03  -0.22704652E-08
  3.   13.   0.10000000E+01   0.00000000E+00   0.37987960E-03  -0.22704652E-08
  3.   14.   0.10000000E+01   0.00000000E+00  -0.52011171E-02  -0.22704652E-08
  3.   15.   0.10000000E+01  -0.39534016E-13  -0.50694624E-02  -0.22704652E-08
  3.   16.   0.10000000E+01  -0.34370841E-13  -0.46834705E-02  -0.22704652E-08
  3.   17.   0.10000000E+01  -0.20920685E-13  -0.40694460E-02  -0.22704652E-08
  3.   18.   0.10000000E+01   0.76908009E-13  -0.32692336E-02  -0.22704652E-08
  3.   19.   0.10000000E+01   0.23611659E-12  -0.23373666E-02  -0.22704652E-08
  3.   20.   0.10000000E+01   0.36314472E-12  -0.13373502E-02  -0.22704652E-08
  3.   21.   0.10000000E+01   0.39882458E-12  -0.33733371E-03  -0.22704652E-08
  3.   22.   0.10000000E+01   0.41409077E-12   0.59453329E-03  -0.22704652E-08
  3.   23.   0.10000000E+01   0.34892606E-12   0.13947456E-02  -0.22704652E-08
  3.   24.   0.10000000E+01   0.28712665E-12   0.20087701E-02  -0.22704652E-08
  3.   25.   0.10000000E+01   0.15020562E-12   0.23947621E-02  -0.22704652E-08
  3.   26.   0.10000000E+01   0.00000000E+00   0.25264168E-02  -0.22704652E-08
  3.   27.   0.10000000E+01   0.00000000E+00  -0.73476543E-02  -0.22704652E-08
  3.   28.   0.10000000E+01  -0.96553235E-13  -0.71428581E-02  -0.22704652E-08
  3.   29.   0.10000000E+01  -0.17941737E-12  -0.65424262E-02  -0.22704652E-08
  3.   30.   0.10000000E+01  -0.18240262E-12  -0.55872770E-02  -0.22704652E-08
  3.   31.   0.10000000E+01  -0.98066103E-13  -0.43425022E-02  -0.22704652E-08
  3.   32.   0.10000000E+01   0.11675564E-12  -0.28929313E-02  -0.22704652E-08
  3.   33.   0.10000000E+01   0.22052695E-12  -0.13373502E-02  -0.22704652E-08
  3.   34.   0.10000000E+01   0.35787659E-12   0.21823097E-03  -0.22704652E-08
  3.   35.   0.10000000E+01   0.49227499E-12   0.16678019E-02  -0.22704652E-08
  3.   36.   0.10000000E+01   0.49591604E-12   0.29125766E-02  -0.22704652E-08
  3.   37.   0.10000000E+01   0.39420459E-12   0.38677259E-02  -0.22704652E-08
  3.   38.   0.10000000E+01   0.19378836E-12   0.44681578E-02  -0.22704652E-08
  3.   39.   0.10000000E+01   0.00000000E+00   0.46729540E-02  -0.22704652E-08
  3.   40.   0.10000000E+01   0.00000000E+00  -0.94941915E-02  -0.22704652E-08
  3.   41.   0.10000000E+01  -0.19720254E-12  -0.92162539E-02  -0.22704652E-08
  3.   42.   0.10000000E+01  -0.27521389E-12  -0.84013820E-02  -0.22704652E-08
  3.   43.   0.10000000E+01  -0.38244816E-12  -0.71051080E-02  -0.22704652E-08
  3.   44.   0.10000000E+01  -0.24048432E-12  -0.54157708E-02  -0.22704652E-08
  3.   45.   0.10000000E+01   0.59355099E-13  -0.34484960E-02  -0.22704652E-08
  3.   46.   0.10000000E+01   0.19559801E-12  -0.13373502E-02  -0.22704652E-08
  3.   47.   0.10000000E+01   0.39508094E-12   0.77379566E-03  -0.22704652E-08
  3.   48.   0.10000000E+01   0.56899430E-12   0.27410704E-02  -0.22704652E-08
  3.   49.   0.10000000E+01   0.46935353E-12   0.44304076E-02  -0.22704652E-08
  3.   50.   0.10000000E+01   0.26734921E-12   0.57266816E-02  -0.22704652E-08
  3.   51.   0.10000000E+01   0.86921635E-13   0.65415535E-02  -0.22704652E-08
  3.   52.   0.10000000E+01   0.00000000E+00   0.68194911E-02  -0.22704652E-08
  3.   53.   0.10000000E+01   0.00000000E+00  -0.11640729E-01  -0.22704652E-08
  3.   54.   0.10000000E+01  -0.11588140E-12  -0.11289650E-01  -0.22704652E-08
  3.   55.   0.10000000E+01  -0.40222656E-12  -0.10260338E-01  -0.22704652E-08
  3.   56.   0.10000000E+01  -0.51459224E-12  -0.86229390E-02  -0.22704652E-08
  3.   57.   0.10000000E+01  -0.45065611E-12  -0.64890394E-02  -0.22704652E-08
  3.   58.   0.10000000E+01   0.32562565E-13  -0.40040608E-02  -0.22704652E-08
  3.   59.   0.10000000E+01   0.46641200E-13  -0.13373502E-02  -0.22704652E-08
  3.   60.   0.10000000E+01   0.29423918E-12   0.13293603E-02  -0.22704652E-08
  3.   61.   0.10000000E+01   0.44459580E-12   0.38143390E-02  -0.22704652E-08
  3.   62.   0.10000000E+01   0.29050311E-12   0.59482386E-02  -0.22704652E-08
  3.   63.   0.10000000E+01  -0.15338030E-12   0.75856373E-02  -0.22704652E-08
  3.   64.   0.10000000E+01  -0.36147971E-12   0.86149492E-02  -0.22704652E-08
  3.   65.   0.10000000E+01   0.00000000E+00   0.89660283E-02  -0.22704652E-08
  3.   66.   0.99959931E+00   0.00000000E+00  -0.11640729E-01  -0.22704652E-08
  3.   67.   0.99959931E+00   0.51927396E-12  -0.11289650E-01  -0.22704652E-08
  3.   68.   0.99959931E+00   0.37705562E-12  -0.10260338E-01  -0.22704652E-08
  3.   69.   0.99959931E+00   0.44913144E-12  -0.86229390E-02  -0.22704652E-08
  3.   70.   0.99959931E+00   0.29310340E-12  -0.64890394E-02  -0.22704652E-08
  3.   71.   0.99959931E+00   0.30664774E-12  -0.40040608E-02  -0.22704652E-08
  3.   72.   0.99959931E+00   0.46594889E-12  -0.13373502E-02  -0.22704652E-08
  3.   73.   0.99959931E+00   0.30287781E-12   0.13293603E-02  -0.22704652E-08
  3.   74.   0.99959931E+00   0.12165764E-12   0.38143390E-02  -0.22704652E-08
  3.   75.   0.99959931E+00  -0.25113460E-12   0.59482386E-02  -0.22704652E-08
  3.   76.   0.99959931E+00  -0.24551718E-12   0.75856373E-02  -0.22704652E-08
  3.   77.   0.99959931E+00  -0.31923600E-12   0.86149492E-02  -0.22704652E-08
  3.   78.   0.99959931E+00   0.00000000E+00   0.89660283E-02  -0.22704652E-08
  4.    1.  -0.77210537E-02   0.00000000E+00   0.30320507E-01   0.14636155E-07
  4.    2.  -0.74700906E-02   0.20436083E-02   0.26258329E-01   0.14636155E-07
  4.    3.  -0.67272010E-02   0.39308003E-02   0.15160253E-01   0.14636155E-07
  4.    4.  -0.55258639E-02   0.55258638E-02  -0.76356808E-10   0.14636155E-07
  4.    5.  -0.39308003E-02   0.67272010E-02  -0.15160253E-01   0.14636155E-07
  4.    6.  -0.20436084E-02   0.74700906E-02  -0.26258329E-01   0.14636155E-07
  4.    7.  -0.41702558E-10   0.77210537E-02  -0.30320507E-01   0.14636155E-07
  4.    8.   0.20436083E-02   0.74700906E-02  -0.26258330E-01   0.14636155E-07
  4.    9.   0.39308002E-02   0.67272010E-02  -0.15160254E-01   0.14636155E-07
  4.   10.   0.55258638E-02   0.55258639E-02  -0.75787967E-09   0.14636155E-07
  4.   11.   0.67272010E-02   0.39308003E-02   0.15160253E-01   0.14636155E-07
  4.   12.   0.74700906E-02   0.20436084E-02   0.26258329E-01   0.14636155E-07
  4.   13.   0.77210537E-02   0.00000000E+00   0.30320507E-01   0.14636155E-07
  4.   14.  -0.12852457E-01   0.00000000E+00   0.13771179E+00   0.14636155E-07
  4.   15.  -0.12597281E-01   0.40085332E-02   0.11926191E+00   0.14636155E-07
  4.   16.  -0.11742084E-01   0.74854287E-02   0.68855894E-01   0.14636155E-07
  4.   17.  -0.10086683E-01   0.10086683E-01   0.52723126E-09   0.14636155E-07
  4.   18.  -0.74854287E-02   0.11742084E-01  -0.68855894E-01   0.14636155E-07
  4.   19.  -0.40085332E-02   0.12597281E-01  -0.11926191E+00   0.14636155E-07
  4.   20.  -0.81789645E-10   0.12852457E-01  -0.13771179E+00   0.14636155E-07
  4.   21.   0.40085330E-02   0.12597281E-01  -0.11926191E+00   0.14636155E-07
  4.   22.   0.74854286E-02   0.11742084E-01  -0.68855897E-01   0.14636155E-07
  4.   23.   0.10086683E-01   0.10086683E-01  -0.24424044E-08   0.14636155E-07
  4.   24.   0.11742084E-01   0.74854288E-02   0.68855892E-01   0.14636155E-07
  4.   25.   0.12597281E-01   0.40085333E-02   0.11926191E+00   0.14636155E-07
  4.   26.   0.12852457E-01   0.00000000E+00   0.13771179E+00   0.14636155E-07
  4.   27.  -0.17820431E-01   0.00000000E+00   0.30351377E+00   0.14636155E-07
  4.   28.  -0.17523796E-01   0.57713734E-02   0.26285064E+00   0.14636155E-07
  4.   29.  -0.16472172E-01   0.10710208E-01   0.15175689E+00   0.14636155E-07
  4.   30.  -0.14297997E-01   0.14297997E-01   0.14258709E-08   0.14636155E-07
  4.   31.  -0.10710208E-01   0.16472172E-01  -0.15175689E+00   0.14636155E-07
  4.   32.  -0.57713734E-02   0.17523796E-01  -0.26285064E+00   0.14636155E-07
  4.   33.  -0.11750662E-09   0.17820431E-01  -0.30351377E+00   0.14636155E-07
  4.   34.   0.57713732E-02   0.17523796E-01  -0.26285064E+00   0.14636155E-07
  4.   35.   0.10710208E-01   0.16472172E-01  -0.15175689E+00   0.14636155E-07
  4.   36.   0.14297997E-01   0.14297997E-01  -0.50441397E-08   0.14636155E-07
  4.   37.   0.16472172E-01   0.10710209E-01   0.15175688E+00   0.14636155E-07
  4.   38.   0.17523796E-01   0.57713736E-02   0.26285064E+00   0.14636155E-07
  4.   39.   0.17820431E-01   0.00000000E+00   0.30351377E+00   0.14636155E-07
  4.   40.  -0.21139559E-01   0.00000000E+00   0.51365151E+00   0.14636155E-07
  4.   41.  -0.20947162E-01   0.74415301E-02   0.44483526E+00   0.14636155E-07
  4.   42.  -0.20073837E-01   0.13629346E-01   0.25682575E+00   0.14636155E-07
  4.   43.  -0.17832513E-01   0.17832513E-01   0.25449104E-08   0.14636155E-07
  4.   44.  -0.13629346E-01   0.20073837E-01  -0.25682575E+00   0.14636155E-07
  4.   45.  -0.74415302E-02   0.20947162E-01  -0.44483525E+00   0.14636155E-07
  4.   46.  -0.15167076E-09   0.21139559E-01  -0.51365151E+00   0.14636155E-07
  4.   47.   0.74415299E-02   0.20947162E-01  -0.44483526E+00   0.14636155E-07
  4.   48.   0.13629346E-01   0.20073837E-01  -0.25682576E+00   0.14636155E-07
  4.   49.   0.17832512E-01   0.17832513E-01  -0.83399214E-08   0.14636155E-07
  4.   50.   0.20073837E-01   0.13629346E-01   0.25682575E+00   0.14636155E-07
  4.   51.   0.20947162E-01   0.74415304E-02   0.44483525E+00   0.14636155E-07
  4.   52.   0.21139559E-01   0.00000000E+00   0.51365151E+00   0.14636155E-07
  4.   53.  -0.23440580E-01   0.00000000E+00   0.75282520E+00   0.14636155E-07
  4.   54.  -0.23354470E-01   0.87263579E-02   0.65196575E+00   0.14636155E-07
  4.   55.  -0.22684571E-01   0.15850249E-01   0.37641260E+00   0.14636155E-07
  4.   56.  -0.20468756E-01   0.20468756E-01   0.38056209E-08   0.14636155E-07
  4.   57.  -0.15850249E-01   0.22684571E-01  -0.37641260E+00   0.14636155E-07
  4.   58.  -0.87263580E-02   0.23354470E-01  -0.65196574E+00   0.14636155E-07
  4.   59.  -0.17698538E-09   0.23440580E-01  -0.75282520E+00   0.14636155E-07
  4.   60.   0.87263576E-02   0.23354470E-01  -0.65196575E+00   0.14636155E-07
  4.   61.   0.15850249E-01   0.22684571E-01  -0.37641261E+00   0.14636155E-07
  4.   62.   0.20468756E-01   0.20468756E-01  -0.12094112E-07   0.14636155E-07
  4.   63.   0.22684571E-01   0.15850249E-01   0.37641259E+00   0.14636155E-07
  4.   64.   0.23354470E-01   0.87263582E-02   0.65196574E+00   0.14636155E-07
  4.   65.   0.23440580E-01   0.00000000E+00   0.75282520E+00   0.14636155E-07
  4.   66.   0.23440580E-01   0.00000000E+00   0.75282520E+00   0.14636155E-07
  4.   67.   0.23354470E-01  -0.87263579E-02   0.65196575E+00   0.14636155E-07
  4.   68.   0.22684571E-01  -0.15850249E-01   0.37641260E+00   0.14636155E-07
  4.   69.   0.20468756E-01  -0.20468756E-01   0.38055807E-08   0.14636155E-07
  4.   70.   0.15850249E-01  -0.22684571E-01  -0.37641260E+00   0.14636155E-07
  4.   71.   0.87263580E-02  -0.23354470E-01  -0.65196574E+00   0.14636155E-07
  4.   72.   0.18473840E-09  -0.23440580E-01  -0.75282520E+00   0.14636155E-07
  4.   73.  -0.87263576E-02  -0.23354470E-01  -0.65196575E+00   0.14636155E-07
  4.   74.  -0.15850249E-01  -0.22684571E-01  -0.37641261E+00   0.14636155E-07
  4.   75.  -0.20468756E-01  -0.20468756E-01  -0.12094076E-07   0.14636155E-07
  4.   76.  -0.22684571E-01  -0.15850249E-01   0.37641259E+00   0.14636155E-07
  4.   77.  -0.23354470E-01  -0.87263582E-02   0.65196574E+00   0.14636155E-07
  4.   78.  -0.23440580E-01   0.00000000E+00   0.75282520E+00   0.14636155E-07
  5.    1.  -0.31013896E-03   0.00000000E+00  -0.89201290E-02   0.10000000E+01
  5.    2.  -0.29957123E-03  -0.80269869E-04  -0.89201290E-02   0.10000000E+01
  5.    3.  -0.26858822E-03  -0.15506948E-03  -0.89201290E-02   0.10000000E+01
  5.    4.  -0.21930136E-03  -0.21930136E-03  -0.89201290E-02   0.10000000E+01
  5.    5.  -0.15506948E-03  -0.26858822E-03  -0.89201290E-02   0.10000000E+01
  5.    6.  -0.80269870E-04  -0.29957123E-03  -0.89201290E-02   0.10000000E+01
  5.    7.  -0.16040625E-11  -0.31013896E-03  -0.89201290E-02   0.10000000E+01
  5.    8.   0.80269867E-04  -0.29957123E-03  -0.89201290E-02   0.10000000E+01
  5.    9.   0.15506948E-03  -0.26858822E-03  -0.89201290E-02   0.10000000E+01
  5.   10.   0.21930136E-03  -0.21930136E-03  -0.89201290E-02   0.10000000E+01
  5.   11.   0.26858822E-03  -0.15506948E-03  -0.89201290E-02   0.10000000E+01
  5.   12.   0.29957123E-03  -0.80269872E-04  -0.89201290E-02   0.10000000E+01
  5.   13.   0.31013896E-03   0.00000000E+00  -0.89201290E-02   0.10000000E+01
  5.   14.  -0.32188991E-03   0.00000000E+00  -0.56606155E-02   0.10000000E+01
  5.   15.  -0.31092178E-03  -0.83311240E-04  -0.56606155E-02   0.10000000E+01
  5.   16.  -0.27876484E-03  -0.16094496E-03  -0.56606155E-02   0.10000000E+01
  5.   17.  -0.22761054E-03  -0.22761054E-03  -0.56606155E-02   0.10000000E+01
  5.   18.  -0.16094496E-03  -0.27876484E-03  -0.56606155E-02   0.10000000E+01
  5.   19.  -0.83311241E-04  -0.31092178E-03  -0.56606155E-02   0.10000000E+01
  5.   20.  -0.16684952E-11  -0.32188991E-03  -0.56606155E-02   0.10000000E+01
  5.   21.   0.83311238E-04  -0.31092178E-03  -0.56606155E-02   0.10000000E+01
  5.   22.   0.16094495E-03  -0.27876484E-03  -0.56606155E-02   0.10000000E+01
  5.   23.   0.22761054E-03  -0.22761054E-03  -0.56606155E-02   0.10000000E+01
  5.   24.   0.27876484E-03  -0.16094496E-03  -0.56606155E-02   0.10000000E+01
  5.   25.   0.31092178E-03  -0.83311243E-04  -0.56606155E-02   0.10000000E+01
  5.   26.   0.32188991E-03   0.00000000E+00  -0.56606155E-02   0.10000000E+01
  5.   27.  -0.36495161E-03   0.00000000E+00  -0.19499539E-02   0.10000000E+01
  5.   28.  -0.35251619E-03  -0.94456428E-04  -0.19499539E-02   0.10000000E+01
  5.   29.  -0.31605737E-03  -0.18247581E-03  -0.19499539E-02   0.10000000E+01
  5.   30.  -0.25805976E-03  -0.25805976E-03  -0.19499539E-02   0.10000000E+01
  5.   31.  -0.18247581E-03  -0.31605737E-03  -0.19499539E-02   0.10000000E+01
  5.   32.  -0.94456429E-04  -0.35251619E-03  -0.19499539E-02   0.10000000E+01
  5.   33.  -0.19060691E-11  -0.36495161E-03  -0.19499539E-02   0.10000000E+01
  5.   34.   0.94456425E-04  -0.35251619E-03  -0.19499539E-02   0.10000000E+01
  5.   35.   0.18247580E-03  -0.31605737E-03  -0.19499539E-02   0.10000000E+01
  5.   36.   0.25805976E-03  -0.25805976E-03  -0.19499539E-02   0.10000000E+01
  5.   37.   0.31605737E-03  -0.18247581E-03  -0.19499539E-02   0.10000000E+01
  5.   38.   0.35251619E-03  -0.94456431E-04  -0.19499539E-02   0.10000000E+01
  5.   39.   0.36495161E-03   0.00000000E+00  -0.19499539E-02   0.10000000E+01
  5.   40.  -0.36865220E-03   0.00000000E+00   0.20202418E-02   0.10000000E+01
  5.   41.  -0.35609069E-03  -0.95414212E-04   0.20202418E-02   0.10000000E+01
  5.   42.  -0.31926217E-03  -0.18432610E-03   0.20202418E-02   0.10000000E+01
  5.   43.  -0.26067647E-03  -0.26067647E-03   0.20202418E-02   0.10000000E+01
  5.   44.  -0.18432610E-03  -0.31926217E-03   0.20202418E-02   0.10000000E+01
  5.   45.  -0.95414213E-04  -0.35609069E-03   0.20202418E-02   0.10000000E+01
  5.   46.  -0.19465903E-11  -0.36865220E-03   0.20202418E-02   0.10000000E+01
  5.   47.   0.95414209E-04  -0.35609069E-03   0.20202418E-02   0.10000000E+01
  5.   48.   0.18432610E-03  -0.31926218E-03   0.20202418E-02   0.10000000E+01
  5.   49.   0.26067647E-03  -0.26067648E-03   0.20202418E-02   0.10000000E+01
  5.   50.   0.31926217E-03  -0.18432611E-03   0.20202418E-02   0.10000000E+01
  5.   51.   0.35609068E-03  -0.95414215E-04   0.20202418E-02   0.10000000E+01
  5.   52.   0.36865220E-03   0.00000000E+00   0.20202418E-02   0.10000000E+01
  5.   53.  -0.34580430E-03   0.00000000E+00   0.58566039E-02   0.10000000E+01
  5.   54.  -0.33402130E-03  -0.89500739E-04   0.58566039E-02   0.10000000E+01
  5.   55.  -0.29947531E-03  -0.17290215E-03   0.58566039E-02   0.10000000E+01
  5.   56.  -0.24452057E-03  -0.24452057E-03   0.58566039E-02   0.10000000E+01
  5.   57.  -0.17290215E-03  -0.29947531E-03   0.58566039E-02   0.10000000E+01
  5.   58.  -0.89500740E-04  -0.33402130E-03   0.58566039E-02   0.10000000E+01
  5.   59.  -0.18471459E-11  -0.34580430E-03   0.58566039E-02   0.10000000E+01
  5.   60.   0.89500736E-04  -0.33402131E-03   0.58566039E-02   0.10000000E+01
  5.   61.   0.17290215E-03  -0.29947531E-03   0.58566039E-02   0.10000000E+01
  5.   62.   0.24452056E-03  -0.24452057E-03   0.58566039E-02   0.10000000E+01
  5.   63.   0.29947531E-03  -0.17290215E-03   0.58566039E-02   0.10000000E+01
  5.   64.   0.33402130E-03  -0.89500742E-04   0.58566039E-02   0.10000000E+01
  5.   65.   0.34580430E-03   0.00000000E+00   0.58566039E-02   0.10000000E+01
  5.   66.   0.34580430E-03   0.00000000E+00   0.58566039E-02   0.10000000E+01
  5.   67.   0.33402130E-03   0.89500739E-04   0.58566039E-02   0.10000000E+01
  5.   68.   0.29947531E-03   0.17290215E-03   0.58566039E-02   0.10000000E+01
  5.   69.   0.24452057E-03   0.24452057E-03   0.58566039E-02   0.10000000E+01
  5.   70.   0.17290215E-03   0.29947531E-03   0.58566039E-02   0.10000000E+01
  5.   71.   0.89500740E-04   0.33402130E-03   0.58566039E-02   0.10000000E+01
  5.   72.   0.19140233E-11   0.34580430E-03   0.58566039E-02   0.10000000E+01
  5.   73.  -0.89500736E-04   0.33402131E-03   0.58566039E-02   0.10000000E+01
  5.   74.  -0.17290215E-03   0.29947531E-03   0.58566039E-02   0.10000000E+01
  5.   75.  -0.24452056E-03   0.24452057E-03   0.58566039E-02   0.10000000E+01
  5.   76.  -0.29947531E-03   0.17290215E-03   0.58566039E-02   0.10000000E+01
  5.   77.  -0.33402130E-03   0.89500742E-04   0.58566039E-02   0.10000000E+01
  5.   78.  -0.34580430E-03   0.00000000E+00   0.58566039E-02   0.10000000E+01
  6.    1.  -0.12137141E-02   0.00000000E+00   0.28566835E-02   0.17860876E-08
  6.    2.  -0.10528306E-02   0.61328889E-03   0.20199802E-02   0.17860876E-08
  6.    3.  -0.61156548E-03   0.10592625E-02  -0.36729025E-10   0.17860876E-08
  6.    4.  -0.47084465E-05   0.12184225E-02  -0.20199803E-02   0.17860876E-08
  6.    5.   0.60685703E-03   0.10511072E-02  -0.28566835E-02   0.17860876E-08
  6.    6.   0.10575391E-02   0.60513363E-03  -0.20199803E-02   0.17860876E-08
  6.    7.   0.12231310E-02   0.11354824E-10  -0.63822851E-10   0.17860876E-08
  6.    8.   0.10575391E-02  -0.60513361E-03   0.20199802E-02   0.17860876E-08
  6.    9.   0.60685706E-03  -0.10511072E-02   0.28566835E-02   0.17860876E-08
  6.   10.  -0.47084194E-05  -0.12184225E-02   0.20199803E-02   0.17860876E-08
  6.   11.  -0.61156545E-03  -0.10592625E-02   0.90146095E-10   0.17860876E-08
  6.   12.  -0.10528306E-02  -0.61328891E-03  -0.20199802E-02   0.17860876E-08
  6.   13.  -0.12137141E-02   0.00000000E+00  -0.28566835E-02   0.17860876E-08
  6.   14.  -0.39622803E-02   0.00000000E+00   0.27964781E-01   0.17860876E-08
  6.   15.  -0.35004904E-02   0.22388570E-02   0.19774086E-01   0.17860876E-08
  6.   16.  -0.21698020E-02   0.37582073E-02  -0.14566446E-10   0.17860876E-08
  6.   17.  -0.18866184E-03   0.41509421E-02  -0.19774086E-01   0.17860876E-08
  6.   18.   0.19811401E-02   0.34314354E-02  -0.27964781E-01   0.17860876E-08
  6.   19.   0.36891522E-02   0.19120852E-02  -0.19774087E-01   0.17860876E-08
  6.   20.   0.43396040E-02   0.38791782E-10  -0.44806539E-09   0.17860876E-08
  6.   21.   0.36891523E-02  -0.19120851E-02   0.19774086E-01   0.17860876E-08
  6.   22.   0.19811402E-02  -0.34314354E-02   0.27964781E-01   0.17860876E-08
  6.   23.  -0.18866175E-03  -0.41509421E-02   0.19774087E-01   0.17860876E-08
  6.   24.  -0.21698019E-02  -0.37582073E-02   0.87220223E-09   0.17860876E-08
  6.   25.  -0.35004904E-02  -0.22388571E-02  -0.19774086E-01   0.17860876E-08
  6.   26.  -0.39622803E-02   0.00000000E+00  -0.27964781E-01   0.17860876E-08
  6.   27.  -0.77921845E-02   0.00000000E+00   0.91179964E-01   0.17860876E-08
  6.   28.  -0.69876568E-02   0.47896463E-02   0.64473971E-01   0.17860876E-08
  6.   29.  -0.45502192E-02   0.78812109E-02   0.58256900E-10   0.17860876E-08
  6.   30.  -0.65412704E-03   0.84463115E-02  -0.64473971E-01   0.17860876E-08
  6.   31.   0.38960922E-02   0.67482297E-02  -0.91179965E-01   0.17860876E-08
  6.   32.   0.76417838E-02   0.36566652E-02  -0.64473972E-01   0.17860876E-08
  6.   33.   0.91004385E-02   0.74342880E-10  -0.14310323E-08   0.17860876E-08
  6.   34.   0.76417839E-02  -0.36566650E-02   0.64473970E-01   0.17860876E-08
  6.   35.   0.38960924E-02  -0.67482296E-02   0.91179965E-01   0.17860876E-08
  6.   36.  -0.65412687E-03  -0.84463115E-02   0.64473973E-01   0.17860876E-08
  6.   37.  -0.45502191E-02  -0.78812110E-02   0.27953243E-08   0.17860876E-08
  6.   38.  -0.69876567E-02  -0.47896465E-02  -0.64473969E-01   0.17860876E-08
  6.   39.  -0.77921845E-02   0.00000000E+00  -0.91179964E-01   0.17860876E-08
  6.   40.  -0.10863120E-01   0.00000000E+00   0.19227068E+00   0.17860876E-08
  6.   41.  -0.10008379E-01   0.76731823E-02   0.13595590E+00   0.17860876E-08
  6.   42.  -0.70725414E-02   0.12250001E-01   0.18474000E-09   0.17860876E-08
  6.   43.  -0.16409816E-02   0.12504101E-01  -0.13595590E+00   0.17860876E-08
  6.   44.   0.54315598E-02   0.94077377E-02  -0.19227068E+00   0.17860876E-08
  6.   45.   0.11649360E-01   0.48309190E-02  -0.13595590E+00   0.17860876E-08
  6.   46.   0.14145083E-01   0.95720996E-10  -0.30112803E-08   0.17860876E-08
  6.   47.   0.11649360E-01  -0.48309188E-02   0.13595590E+00   0.17860876E-08
  6.   48.   0.54315601E-02  -0.94077376E-02   0.19227068E+00   0.17860876E-08
  6.   49.  -0.16409813E-02  -0.12504101E-01   0.13595590E+00   0.17860876E-08
  6.   50.  -0.70725412E-02  -0.12250001E-01   0.58571586E-08   0.17860876E-08
  6.   51.  -0.10008379E-01  -0.76731826E-02  -0.13595590E+00   0.17860876E-08
  6.   52.  -0.10863120E-01   0.00000000E+00  -0.19227068E+00   0.17860876E-08
  6.   53.  -0.13274614E-01   0.00000000E+00   0.32142127E+00   0.17860876E-08
  6.   54.  -0.12424808E-01   0.10103095E-01   0.22727916E+00   0.17860876E-08
  6.   55.  -0.91744401E-02   0.15890596E-01   0.34492329E-09   0.17860876E-08
  6.   56.  -0.25371332E-02   0.15811747E-01  -0.22727916E+00   0.17860876E-08
  6.   57.   0.66373069E-02   0.11496153E-01  -0.32142127E+00   0.17860876E-08
  6.   58.   0.14961941E-01   0.57086518E-02  -0.22727916E+00   0.17860876E-08
  6.   59.   0.18348880E-01   0.11201199E-09  -0.50340662E-08   0.17860876E-08
  6.   60.   0.14961941E-01  -0.57086516E-02   0.22727915E+00   0.17860876E-08
  6.   61.   0.66373072E-02  -0.11496153E-01   0.32142127E+00   0.17860876E-08
  6.   62.  -0.25371329E-02  -0.15811747E-01   0.22727916E+00   0.17860876E-08
  6.   63.  -0.91744399E-02  -0.15890596E-01   0.97630320E-08   0.17860876E-08
  6.   64.  -0.12424808E-01  -0.10103096E-01  -0.22727915E+00   0.17860876E-08
  6.   65.  -0.13274614E-01   0.00000000E+00  -0.32142127E+00   0.17860876E-08
  6.   66.   0.13274614E-01   0.00000000E+00   0.32142127E+00   0.17860876E-08
  6.   67.   0.12424808E-01  -0.10103095E-01   0.22727916E+00   0.17860876E-08
  6.   68.   0.91744401E-02  -0.15890596E-01   0.34475719E-09   0.17860876E-08
  6.   69.   0.25371332E-02  -0.15811747E-01  -0.22727916E+00   0.17860876E-08
  6.   70.  -0.66373069E-02  -0.11496153E-01  -0.32142127E+00   0.17860876E-08
  6.   71.  -0.14961941E-01  -0.57086518E-02  -0.22727916E+00   0.17860876E-08
  6.   72.  -0.18348880E-01  -0.11259536E-09  -0.50340246E-08   0.17860876E-08
  6.   73.  -0.14961941E-01   0.57086516E-02   0.22727915E+00   0.17860876E-08
  6.   74.  -0.66373072E-02   0.11496153E-01   0.32142127E+00   0.17860876E-08
  6.   75.   0.25371329E-02   0.15811747E-01   0.22727916E+00   0.17860876E-08
  6.   76.   0.91744399E-02   0.15890596E-01   0.97630217E-08   0.17860876E-08
  6.   77.   0.12424808E-01   0.10103096E-01  -0.22727915E+00   0.17860876E-08
  6.   78.   0.13274614E-01   0.00000000E+00  -0.32142127E+00   0.17860876E-08
  7.    1.  -0.22370616E-02   0.00000000E+00   0.60439195E-01  -0.85627398E-11
  7.    2.  -0.25267993E-02   0.10813157E-02   0.58379779E-01  -0.85627398E-11
  7.    3.  -0.33183773E-02   0.18728937E-02   0.52341878E-01  -0.85627398E-11
  7.    4.  -0.43996930E-02   0.21626314E-02   0.42736965E-01  -0.85627398E-11
  7.    5.  -0.54810086E-02   0.18728937E-02   0.30219598E-01  -0.85627398E-11
  7.    6.  -0.62725867E-02   0.10813157E-02   0.15642815E-01  -0.85627398E-11
  7.    7.  -0.65623243E-02   0.22621931E-10   0.31641302E-09  -0.85627398E-11
  7.    8.  -0.62725867E-02  -0.10813157E-02  -0.15642814E-01  -0.85627398E-11
  7.    9.  -0.54810087E-02  -0.18728937E-02  -0.30219597E-01  -0.85627398E-11
  7.   10.  -0.43996930E-02  -0.21626314E-02  -0.42736964E-01  -0.85627398E-11
  7.   11.  -0.33183773E-02  -0.18728937E-02  -0.52341878E-01  -0.85627398E-11
  7.   12.  -0.25267993E-02  -0.10813157E-02  -0.58379779E-01  -0.85627398E-11
  7.   13.  -0.22370616E-02   0.00000000E+00  -0.60439195E-01  -0.85627398E-11
  7.   14.   0.98365531E-04   0.00000000E+00   0.76838416E-01  -0.85627398E-11
  7.   15.  -0.17394088E-03   0.10162614E-02   0.74220210E-01  -0.85627398E-11
  7.   16.  -0.91789582E-03   0.17602163E-02   0.66544020E-01  -0.85627398E-11
  7.   17.  -0.19341572E-02   0.20325227E-02   0.54332965E-01  -0.85627398E-11
  7.   18.  -0.29504185E-02   0.17602163E-02   0.38419208E-01  -0.85627398E-11
  7.   19.  -0.36943735E-02   0.10162614E-02   0.19887246E-01  -0.85627398E-11
  7.   20.  -0.39666799E-02   0.21216164E-10   0.40230517E-09  -0.85627398E-11
  7.   21.  -0.36943735E-02  -0.10162613E-02  -0.19887245E-01  -0.85627398E-11
  7.   22.  -0.29504186E-02  -0.17602163E-02  -0.38419207E-01  -0.85627398E-11
  7.   23.  -0.19341572E-02  -0.20325227E-02  -0.54332964E-01  -0.85627398E-11
  7.   24.  -0.91789586E-03  -0.17602163E-02  -0.66544020E-01  -0.85627398E-11
  7.   25.  -0.17394090E-03  -0.10162614E-02  -0.74220210E-01  -0.85627398E-11
  7.   26.   0.98365531E-04   0.00000000E+00  -0.76838416E-01  -0.85627398E-11
  7.   27.   0.40884268E-02   0.00000000E+00   0.53613135E-01  -0.85627398E-11
  7.   28.   0.36954837E-02   0.14664838E-02   0.51786312E-01  -0.85627398E-11
  7.   29.   0.26219430E-02   0.25400245E-02   0.46430337E-01  -0.85627398E-11
  7.   30.   0.11554592E-02   0.29329676E-02   0.37910211E-01  -0.85627398E-11
  7.   31.  -0.31102460E-03   0.25400245E-02   0.26806568E-01  -0.85627398E-11
  7.   32.  -0.13845653E-02   0.14664838E-02   0.13876100E-01  -0.85627398E-11
  7.   33.  -0.17775084E-02   0.30959682E-10   0.28079218E-09  -0.85627398E-11
  7.   34.  -0.13845653E-02  -0.14664838E-02  -0.13876100E-01  -0.85627398E-11
  7.   35.  -0.31102465E-03  -0.25400245E-02  -0.26806567E-01  -0.85627398E-11
  7.   36.   0.11554592E-02  -0.29329676E-02  -0.37910211E-01  -0.85627398E-11
  7.   37.   0.26219430E-02  -0.25400245E-02  -0.46430336E-01  -0.85627398E-11
  7.   38.   0.36954837E-02  -0.14664839E-02  -0.51786311E-01  -0.85627398E-11
  7.   39.   0.40884268E-02   0.00000000E+00  -0.53613135E-01  -0.85627398E-11
  7.   40.   0.62039277E-02   0.00000000E+00  -0.39498979E-02  -0.85627398E-11
  7.   41.   0.57950569E-02   0.15259266E-02  -0.38153084E-02  -0.85627398E-11
  7.   42.   0.46780011E-02   0.26429823E-02  -0.34207119E-02  -0.85627398E-11
  7.   43.   0.31520746E-02   0.30518531E-02  -0.27929996E-02  -0.85627398E-11
  7.   44.   0.16261480E-02   0.26429824E-02  -0.19749490E-02  -0.85627398E-11
  7.   45.   0.50909222E-03   0.15259266E-02  -0.10223088E-02  -0.85627398E-11
  7.   46.   0.10022142E-03   0.31735562E-10  -0.21188106E-10  -0.85627398E-11
  7.   47.   0.50909219E-03  -0.15259265E-02   0.10223088E-02  -0.85627398E-11
  7.   48.   0.16261479E-02  -0.26429823E-02   0.19749489E-02  -0.85627398E-11
  7.   49.   0.31520745E-02  -0.30518531E-02   0.27929996E-02  -0.85627398E-11
  7.   50.   0.46780011E-02  -0.26429824E-02   0.34207119E-02  -0.85627398E-11
  7.   51.   0.57950569E-02  -0.15259266E-02   0.38153084E-02  -0.85627398E-11
  7.   52.   0.62039277E-02   0.00000000E+00   0.39498979E-02  -0.85627398E-11
  7.   53.   0.62340063E-02   0.00000000E+00  -0.71740494E-01  -0.85627398E-11
  7.   54.   0.59040294E-02   0.12314907E-02  -0.69295996E-01  -0.85627398E-11
  7.   55.   0.50025156E-02   0.21330044E-02  -0.62129090E-01  -0.85627398E-11
  7.   56.   0.37710250E-02   0.24629813E-02  -0.50728190E-01  -0.85627398E-11
  7.   57.   0.25395343E-02   0.21330044E-02  -0.35870247E-01  -0.85627398E-11
  7.   58.   0.16380206E-02   0.12314907E-02  -0.18567806E-01  -0.85627398E-11
  7.   59.   0.13080437E-02   0.25845340E-10  -0.37667534E-09  -0.85627398E-11
  7.   60.   0.16380206E-02  -0.12314906E-02   0.18567806E-01  -0.85627398E-11
  7.   61.   0.25395343E-02  -0.21330044E-02   0.35870246E-01  -0.85627398E-11
  7.   62.   0.37710249E-02  -0.24629813E-02   0.50728189E-01  -0.85627398E-11
  7.   63.   0.50025156E-02  -0.21330044E-02   0.62129090E-01  -0.85627398E-11
  7.   64.   0.59040294E-02  -0.12314907E-02   0.69295995E-01  -0.85627398E-11
  7.   65.   0.62340063E-02   0.00000000E+00   0.71740494E-01  -0.85627398E-11
  7.   66.  -0.62340063E-02   0.00000000E+00  -0.71740494E-01  -0.85627398E-11
  7.   67.  -0.59040294E-02  -0.12314907E-02  -0.69295996E-01  -0.85627398E-11
  7.   68.  -0.50025156E-02  -0.21330044E-02  -0.62129090E-01  -0.85627398E-11
  7.   69.  -0.37710250E-02  -0.24629813E-02  -0.50728190E-01  -0.85627398E-11
  7.   70.  -0.25395343E-02  -0.21330044E-02  -0.35870247E-01  -0.85627398E-11
  7.   71.  -0.16380206E-02  -0.12314907E-02  -0.18567806E-01  -0.85627398E-11
  7.   72.  -0.13080437E-02  -0.26257620E-10  -0.37665493E-09  -0.85627398E-11
  7.   73.  -0.16380206E-02   0.12314906E-02   0.18567806E-01  -0.85627398E-11
  7.   74.  -0.25395343E-02   0.21330044E-02   0.35870246E-01  -0.85627398E-11
  7.   75.  -0.37710249E-02   0.24629813E-02   0.50728189E-01  -0.85627398E-11
  7.   76.  -0.50025156E-02   0.21330044E-02   0.62129090E-01  -0.85627398E-11
  7.   77.  -0.59040294E-02   0.12314907E-02   0.69295995E-01  -0.85627398E-11
  7.   78.  -0.62340063E-02   0.00000000E+00   0.71740494E-01  -0.85627398E-11
  8.    1.  -0.20369841E-03   0.00000000E+00   0.31881560E-03  -0.74168681E-09
  8.    2.  -0.14382427E-03   0.14324437E-03   0.15940781E-03  -0.74168681E-09
  8.    3.   0.41005120E-06   0.20298818E-03  -0.15940778E-03  -0.74168681E-09
  8.    4.   0.14403652E-03   0.14403653E-03  -0.31881557E-03  -0.74168681E-09
  8.    5.   0.20298818E-03   0.41005329E-06  -0.15940778E-03  -0.74168681E-09
  8.    6.   0.14324437E-03  -0.14382426E-03   0.15940780E-03  -0.74168681E-09
  8.    7.   0.30359335E-11  -0.20369840E-03   0.31881559E-03  -0.74168681E-09
  8.    8.  -0.14324436E-03  -0.14382427E-03   0.15940781E-03  -0.74168681E-09
  8.    9.  -0.20298818E-03   0.41004665E-06  -0.15940778E-03  -0.74168681E-09
  8.   10.  -0.14403653E-03   0.14403652E-03  -0.31881558E-03  -0.74168681E-09
  8.   11.  -0.41005781E-06   0.20298818E-03  -0.15940780E-03  -0.74168681E-09
  8.   12.   0.14382426E-03   0.14324437E-03   0.15940779E-03  -0.74168681E-09
  8.   13.   0.20369840E-03   0.00000000E+00   0.31881559E-03  -0.74168681E-09
  8.   14.  -0.13429413E-02   0.00000000E+00   0.70599806E-02  -0.74168681E-09
  8.   15.  -0.97541731E-03   0.10459436E-02   0.35299903E-02  -0.74168681E-09
  8.   16.  -0.49869593E-04   0.14293180E-02  -0.35299903E-02  -0.74168681E-09
  8.   17.   0.94960290E-03   0.94960292E-03  -0.70599805E-02  -0.74168681E-09
  8.   18.   0.14293180E-02  -0.49869581E-04  -0.35299903E-02  -0.74168681E-09
  8.   19.   0.10459436E-02  -0.97541730E-03   0.35299902E-02  -0.74168681E-09
  8.   20.   0.23431150E-10  -0.13429413E-02   0.70599806E-02  -0.74168681E-09
  8.   21.  -0.10459435E-02  -0.97541733E-03   0.35299905E-02  -0.74168681E-09
  8.   22.  -0.14293180E-02  -0.49869623E-04  -0.35299901E-02  -0.74168681E-09
  8.   23.  -0.94960294E-03   0.94960289E-03  -0.70599805E-02  -0.74168681E-09
  8.   24.   0.49869551E-04   0.14293180E-02  -0.35299905E-02  -0.74168681E-09
  8.   25.   0.97541728E-03   0.10459436E-02   0.35299900E-02  -0.74168681E-09
  8.   26.   0.13429413E-02   0.00000000E+00   0.70599805E-02  -0.74168681E-09
  8.   27.  -0.37344392E-02   0.00000000E+00   0.33734161E-01  -0.74168681E-09
  8.   28.  -0.28079327E-02   0.32649650E-02   0.16867080E-01  -0.74168681E-09
  8.   29.  -0.32317062E-03   0.42941871E-02  -0.16867080E-01  -0.74168681E-09
  8.   30.   0.26406472E-02   0.26406473E-02  -0.33734161E-01  -0.74168681E-09
  8.   31.   0.42941871E-02  -0.32317059E-03  -0.16867081E-01  -0.74168681E-09
  8.   32.   0.32649650E-02  -0.28079327E-02   0.16867080E-01  -0.74168681E-09
  8.   33.   0.74145707E-10  -0.37344392E-02   0.33734161E-01  -0.74168681E-09
  8.   34.  -0.32649649E-02  -0.28079327E-02   0.16867081E-01  -0.74168681E-09
  8.   35.  -0.42941871E-02  -0.32317071E-03  -0.16867079E-01  -0.74168681E-09
  8.   36.  -0.26406473E-02   0.26406472E-02  -0.33734161E-01  -0.74168681E-09
  8.   37.   0.32317050E-03   0.42941871E-02  -0.16867082E-01  -0.74168681E-09
  8.   38.   0.28079326E-02   0.32649651E-02   0.16867079E-01  -0.74168681E-09
  8.   39.   0.37344392E-02   0.00000000E+00   0.33734161E-01  -0.74168681E-09
  8.   40.  -0.61145645E-02   0.00000000E+00   0.87207051E-01  -0.74168681E-09
  8.   41.  -0.48673827E-02   0.63528881E-02   0.43603526E-01  -0.74168681E-09
  8.   42.  -0.10504110E-02   0.79339296E-02  -0.43603526E-01  -0.74168681E-09
  8.   43.   0.43236499E-02   0.43236500E-02  -0.87207051E-01  -0.74168681E-09
  8.   44.   0.79339296E-02  -0.10504109E-02  -0.43603526E-01  -0.74168681E-09
  8.   45.   0.63528882E-02  -0.48673827E-02   0.43603525E-01  -0.74168681E-09
  8.   46.   0.14653550E-09  -0.61145645E-02   0.87207051E-01  -0.74168681E-09
  8.   47.  -0.63528880E-02  -0.48673828E-02   0.43603528E-01  -0.74168681E-09
  8.   48.  -0.79339297E-02  -0.10504111E-02  -0.43603523E-01  -0.74168681E-09
  8.   49.  -0.43236502E-02   0.43236498E-02  -0.87207051E-01  -0.74168681E-09
  8.   50.   0.10504108E-02   0.79339296E-02  -0.43603529E-01  -0.74168681E-09
  8.   51.   0.48673826E-02   0.63528883E-02   0.43603522E-01  -0.74168681E-09
  8.   52.   0.61145645E-02   0.00000000E+00   0.87207051E-01  -0.74168681E-09
  8.   53.  -0.82142699E-02   0.00000000E+00   0.16343960E+00  -0.74168681E-09
  8.   54.  -0.67291510E-02   0.92447827E-02   0.81719798E-01  -0.74168681E-09
  8.   55.  -0.17788202E-02   0.11295277E-01  -0.81719798E-01  -0.74168681E-09
  8.   56.   0.58083659E-02   0.58083660E-02  -0.16343960E+00  -0.74168681E-09
  8.   57.   0.11295277E-01  -0.17788201E-02  -0.81719800E-01  -0.74168681E-09
  8.   58.   0.92447827E-02  -0.67291510E-02   0.81719797E-01  -0.74168681E-09
  8.   59.   0.21462497E-09  -0.82142699E-02   0.16343960E+00  -0.74168681E-09
  8.   60.  -0.92447825E-02  -0.67291511E-02   0.81719803E-01  -0.74168681E-09
  8.   61.  -0.11295277E-01  -0.17788204E-02  -0.81719794E-01  -0.74168681E-09
  8.   62.  -0.58083662E-02   0.58083657E-02  -0.16343960E+00  -0.74168681E-09
  8.   63.   0.17788199E-02   0.11295277E-01  -0.81719804E-01  -0.74168681E-09
  8.   64.   0.67291509E-02   0.92447829E-02   0.81719792E-01  -0.74168681E-09
  8.   65.   0.82142699E-02   0.00000000E+00   0.16343960E+00  -0.74168681E-09
  8.   66.   0.82142699E-02   0.00000000E+00   0.16343960E+00  -0.74168681E-09
  8.   67.   0.67291510E-02  -0.92447827E-02   0.81719798E-01  -0.74168681E-09
  8.   68.   0.17788202E-02  -0.11295277E-01  -0.81719798E-01  -0.74168681E-09
  8.   69.  -0.58083659E-02  -0.58083660E-02  -0.16343960E+00  -0.74168681E-09
  8.   70.  -0.11295277E-01   0.17788201E-02  -0.81719800E-01  -0.74168681E-09
  8.   71.  -0.92447827E-02   0.67291510E-02   0.81719797E-01  -0.74168681E-09
  8.   72.  -0.21469358E-09   0.82142699E-02   0.16343960E+00  -0.74168681E-09
  8.   73.   0.92447825E-02   0.67291511E-02   0.81719803E-01  -0.74168681E-09
  8.   74.   0.11295277E-01   0.17788204E-02  -0.81719794E-01  -0.74168681E-09
  8.   75.   0.58083662E-02  -0.58083657E-02  -0.16343960E+00  -0.74168681E-09
  8.   76.  -0.17788199E-02  -0.11295277E-01  -0.81719804E-01  -0.74168681E-09
  8.   77.  -0.67291509E-02  -0.92447829E-02   0.81719792E-01  -0.74168681E-09
  8.   78.  -0.82142699E-02   0.00000000E+00   0.16343960E+00  -0.74168681E-09
  9.    1.  -0.38093761E-04   0.00000000E+00   0.41894590E-04   0.91424290E-09
  9.    2.  -0.18865078E-04   0.32311667E-04   0.10843123E-04   0.91424290E-09
  9.    3.   0.19228683E-04   0.32675273E-04  -0.36281765E-04   0.91424290E-09
  9.    4.   0.37730154E-04   0.36360684E-06  -0.29623938E-04   0.91424290E-09
  9.    5.   0.18501472E-04  -0.32675272E-04   0.20947292E-04   0.91424290E-09
  9.    6.  -0.18865077E-04  -0.33038878E-04   0.40467059E-04   0.91424290E-09
  9.    7.  -0.37366549E-04  -0.96846808E-13   0.18993257E-11   0.91424290E-09
  9.    8.  -0.18865078E-04   0.33038879E-04  -0.40467056E-04   0.91424290E-09
  9.    9.   0.18501471E-04   0.32675274E-04  -0.20947289E-04   0.91424290E-09
  9.   10.   0.37730155E-04  -0.36360391E-06   0.29623945E-04   0.91424290E-09
  9.   11.   0.19228685E-04  -0.32675272E-04   0.36281777E-04   0.91424290E-09
  9.   12.  -0.18865076E-04  -0.32311668E-04  -0.10843107E-04   0.91424290E-09
  9.   13.  -0.38093760E-04   0.00000000E+00  -0.41894574E-04   0.91424290E-09
  9.   14.  -0.51157276E-03   0.00000000E+00   0.21549183E-02   0.91424290E-09
  9.   15.  -0.26663709E-03   0.48353040E-03   0.55773390E-03   0.91424290E-09
  9.   16.   0.24493567E-03   0.46182899E-03  -0.18662140E-02   0.91424290E-09
  9.   17.   0.53327418E-03  -0.21701408E-04  -0.15237573E-02   0.91424290E-09
  9.   18.   0.28833851E-03  -0.46182898E-03   0.10774591E-02   0.91424290E-09
  9.   19.  -0.26663708E-03  -0.44012757E-03   0.20814912E-02   0.91424290E-09
  9.   20.  -0.55497559E-03  -0.96909747E-11   0.48268024E-10   0.91424290E-09
  9.   21.  -0.26663710E-03   0.44012756E-03  -0.20814912E-02   0.91424290E-09
  9.   22.   0.28833849E-03   0.46182899E-03  -0.10774592E-02   0.91424290E-09
  9.   23.   0.53327418E-03   0.21701432E-04   0.15237573E-02   0.91424290E-09
  9.   24.   0.24493569E-03  -0.46182897E-03   0.18662140E-02   0.91424290E-09
  9.   25.  -0.26663707E-03  -0.48353041E-03  -0.55773377E-03   0.91424290E-09
  9.   26.  -0.51157276E-03   0.00000000E+00  -0.21549183E-02   0.91424290E-09
  9.   27.  -0.20280871E-02   0.00000000E+00   0.14981137E-01   0.91424290E-09
  9.   28.  -0.11273413E-02   0.21792079E-02   0.38774035E-02   0.91424290E-09
  9.   29.   0.90074580E-03   0.19526124E-02  -0.12974045E-01   0.91424290E-09
  9.   30.   0.22546826E-02  -0.22659548E-03  -0.10593264E-01   0.91424290E-09
  9.   31.   0.13539368E-02  -0.19526124E-02   0.74905682E-02   0.91424290E-09
  9.   32.  -0.11273413E-02  -0.17260169E-02   0.14470667E-01   0.91424290E-09
  9.   33.  -0.24812781E-02  -0.39959180E-10   0.38061957E-09   0.91424290E-09
  9.   34.  -0.11273414E-02   0.17260169E-02  -0.14470667E-01   0.91424290E-09
  9.   35.   0.13539367E-02   0.19526124E-02  -0.74905689E-02   0.91424290E-09
  9.   36.   0.22546826E-02   0.22659557E-03   0.10593263E-01   0.91424290E-09
  9.   37.   0.90074588E-03  -0.19526124E-02   0.12974045E-01   0.91424290E-09
  9.   38.  -0.11273412E-02  -0.21792080E-02  -0.38774028E-02   0.91424290E-09
  9.   39.  -0.20280871E-02   0.00000000E+00  -0.14981137E-01   0.91424290E-09
  9.   40.  -0.39178554E-02   0.00000000E+00   0.47232681E-01   0.91424290E-09
  9.   41.  -0.24218231E-02   0.51205115E-02   0.12224718E-01   0.91424290E-09
  9.   42.   0.14960323E-02   0.41947207E-02  -0.40904702E-01   0.91424290E-09
  9.   43.   0.48436462E-02  -0.92579075E-03  -0.33398550E-01   0.91424290E-09
  9.   44.   0.33476140E-02  -0.41947207E-02   0.23616340E-01   0.91424290E-09
  9.   45.  -0.24218231E-02  -0.32689299E-02   0.45623267E-01   0.91424290E-09
  9.   46.  -0.57694370E-02  -0.73699313E-10   0.12310275E-08   0.91424290E-09
  9.   47.  -0.24218233E-02   0.32689298E-02  -0.45623266E-01   0.91424290E-09
  9.   48.   0.33476138E-02   0.41947207E-02  -0.23616342E-01   0.91424290E-09
  9.   49.   0.48436463E-02   0.92579095E-03   0.33398548E-01   0.91424290E-09
  9.   50.   0.14960325E-02  -0.41947205E-02   0.40904703E-01   0.91424290E-09
  9.   51.  -0.24218230E-02  -0.51205116E-02  -0.12224715E-01   0.91424290E-09
  9.   52.  -0.39178554E-02   0.00000000E+00  -0.47232681E-01   0.91424290E-09
  9.   53.  -0.57661807E-02   0.00000000E+00   0.98357034E-01   0.91424290E-09
  9.   54.  -0.37373645E-02   0.81818535E-02   0.25456674E-01   0.91424290E-09
  9.   55.   0.20288162E-02   0.64733052E-02  -0.85179690E-01   0.91424290E-09
  9.   56.   0.74747290E-02  -0.17085482E-02  -0.69548927E-01   0.91424290E-09
  9.   57.   0.54459129E-02  -0.64733052E-02   0.49178516E-01   0.91424290E-09
  9.   58.  -0.37373644E-02  -0.47647569E-02   0.95005600E-01   0.91424290E-09
  9.   59.  -0.91832773E-02  -0.10425233E-09   0.25837882E-08   0.91424290E-09
  9.   60.  -0.37373648E-02   0.47647568E-02  -0.95005598E-01   0.91424290E-09
  9.   61.   0.54459126E-02   0.64733052E-02  -0.49178520E-01   0.91424290E-09
  9.   62.   0.74747291E-02   0.17085485E-02   0.69548923E-01   0.91424290E-09
  9.   63.   0.20288165E-02  -0.64733049E-02   0.85179693E-01   0.91424290E-09
  9.   64.  -0.37373643E-02  -0.81818536E-02  -0.25456669E-01   0.91424290E-09
  9.   65.  -0.57661807E-02   0.00000000E+00  -0.98357034E-01   0.91424290E-09
  9.   66.   0.57661807E-02   0.00000000E+00   0.98357034E-01   0.91424290E-09
  9.   67.   0.37373645E-02  -0.81818535E-02   0.25456674E-01   0.91424290E-09
  9.   68.  -0.20288162E-02  -0.64733052E-02  -0.85179690E-01   0.91424290E-09
  9.   69.  -0.74747290E-02   0.17085482E-02  -0.69548927E-01   0.91424290E-09
  9.   70.  -0.54459129E-02   0.64733052E-02   0.49178516E-01   0.91424290E-09
  9.   71.   0.37373644E-02   0.47647569E-02   0.95005600E-01   0.91424290E-09
  9.   72.   0.91832773E-02   0.10379808E-09   0.25838356E-08   0.91424290E-09
  9.   73.   0.37373648E-02  -0.47647568E-02  -0.95005598E-01   0.91424290E-09
  9.   74.  -0.54459126E-02  -0.64733052E-02  -0.49178520E-01   0.91424290E-09
  9.   75.  -0.74747291E-02  -0.17085485E-02   0.69548923E-01   0.91424290E-09
  9.   76.  -0.20288165E-02   0.64733049E-02   0.85179693E-01   0.91424290E-09
  9.   77.   0.37373643E-02   0.81818536E-02  -0.25456669E-01   0.91424290E-09
  9.   78.   0.57661807E-02   0.00000000E+00  -0.98357034E-01   0.91424290E-09
 10.    1.   0.21305771E-02   0.00000000E+00  -0.13312922E-01   0.13107809E-08
 10.    2.   0.21936103E-02  -0.10576149E-02  -0.11529329E-01   0.13107809E-08
 10.    3.   0.22989634E-02  -0.18513442E-02  -0.66564612E-02   0.13107809E-08
 10.    4.   0.22476459E-02  -0.22476459E-02  -0.60952969E-10   0.13107809E-08
 10.    5.   0.18513442E-02  -0.22989634E-02   0.66564611E-02   0.13107809E-08
 10.    6.   0.10576149E-02  -0.21936103E-02   0.11529329E-01   0.13107809E-08
 10.    7.   0.22254194E-10  -0.21305771E-02   0.13312922E-01   0.13107809E-08
 10.    8.  -0.10576149E-02  -0.21936102E-02   0.11529329E-01   0.13107809E-08
 10.    9.  -0.18513442E-02  -0.22989634E-02   0.66564614E-02   0.13107809E-08
 10.   10.  -0.22476459E-02  -0.22476459E-02   0.21780510E-09   0.13107809E-08
 10.   11.  -0.22989634E-02  -0.18513443E-02  -0.66564609E-02   0.13107809E-08
 10.   12.  -0.21936103E-02  -0.10576150E-02  -0.11529329E-01   0.13107809E-08
 10.   13.  -0.21305771E-02   0.00000000E+00  -0.13312922E-01   0.13107809E-08
 10.   14.   0.17472466E-02   0.00000000E+00  -0.37484811E-01   0.13107809E-08
 10.   15.   0.19607428E-02  -0.14711905E-02  -0.32462799E-01   0.13107809E-08
 10.   16.   0.24267433E-02  -0.24559960E-02  -0.18742406E-01   0.13107809E-08
 10.   17.   0.27273652E-02  -0.27273652E-02  -0.18817426E-09   0.13107809E-08
 10.   18.   0.24559960E-02  -0.24267433E-02   0.18742406E-01   0.13107809E-08
 10.   19.   0.14711905E-02  -0.19607428E-02   0.32462799E-01   0.13107809E-08
 10.   20.   0.31194898E-10  -0.17472466E-02   0.37484811E-01   0.13107809E-08
 10.   21.  -0.14711904E-02  -0.19607428E-02   0.32462799E-01   0.13107809E-08
 10.   22.  -0.24559960E-02  -0.24267433E-02   0.18742406E-01   0.13107809E-08
 10.   23.  -0.27273652E-02  -0.27273652E-02   0.59411864E-09   0.13107809E-08
 10.   24.  -0.24267433E-02  -0.24559960E-02  -0.18742405E-01   0.13107809E-08
 10.   25.  -0.19607428E-02  -0.14711905E-02  -0.32462799E-01   0.13107809E-08
 10.   26.  -0.17472466E-02   0.00000000E+00  -0.37484811E-01   0.13107809E-08
 10.   27.  -0.15307195E-02   0.00000000E+00  -0.40010118E-01   0.13107809E-08
 10.   28.  -0.93807551E-03  -0.16209416E-02  -0.34649779E-01   0.13107809E-08
 10.   29.   0.48285928E-03  -0.23670563E-02  -0.20005059E-01   0.13107809E-08
 10.   30.   0.18708880E-02  -0.18708880E-02  -0.20467896E-09   0.13107809E-08
 10.   31.   0.23670563E-02  -0.48285929E-03   0.20005059E-01   0.13107809E-08
 10.   32.   0.16209417E-02   0.93807550E-03   0.34649779E-01   0.13107809E-08
 10.   33.   0.35463497E-10   0.15307195E-02   0.40010118E-01   0.13107809E-08
 10.   34.  -0.16209416E-02   0.93807554E-03   0.34649779E-01   0.13107809E-08
 10.   35.  -0.23670562E-02  -0.48285923E-03   0.20005060E-01   0.13107809E-08
 10.   36.  -0.18708880E-02  -0.18708880E-02   0.63159809E-09   0.13107809E-08
 10.   37.  -0.48285934E-03  -0.23670563E-02  -0.20005059E-01   0.13107809E-08
 10.   38.   0.93807546E-03  -0.16209417E-02  -0.34649779E-01   0.13107809E-08
 10.   39.   0.15307194E-02   0.00000000E+00  -0.40010118E-01   0.13107809E-08
 10.   40.  -0.43154200E-02   0.00000000E+00  -0.64936364E-02   0.13107809E-08
 10.   41.  -0.35695789E-02  -0.11178269E-02  -0.56236541E-02   0.13107809E-08
 10.   42.  -0.17336505E-02  -0.13126492E-02  -0.32468182E-02   0.13107809E-08
 10.   43.   0.22042330E-03  -0.22042333E-03  -0.36535022E-10   0.13107809E-08
 10.   44.   0.13126492E-02   0.17336505E-02   0.32468182E-02   0.13107809E-08
 10.   45.   0.11178269E-02   0.35695789E-02   0.56236541E-02   0.13107809E-08
 10.   46.   0.25247976E-10   0.43154200E-02   0.64936364E-02   0.13107809E-08
 10.   47.  -0.11178268E-02   0.35695790E-02   0.56236541E-02   0.13107809E-08
 10.   48.  -0.13126492E-02   0.17336506E-02   0.32468183E-02   0.13107809E-08
 10.   49.  -0.22042336E-03  -0.22042327E-03   0.10472438E-09   0.13107809E-08
 10.   50.   0.17336504E-02  -0.13126492E-02  -0.32468181E-02   0.13107809E-08
 10.   51.   0.35695789E-02  -0.11178269E-02  -0.56236540E-02   0.13107809E-08
 10.   52.   0.43154200E-02   0.00000000E+00  -0.64936364E-02   0.13107809E-08
 10.   53.  -0.46912327E-02   0.00000000E+00   0.43384576E-01   0.13107809E-08
 10.   54.  -0.41246565E-02  -0.30374302E-03   0.37572145E-01   0.13107809E-08
 10.   55.  -0.27017938E-02  -0.11588533E-04   0.21692288E-01   0.13107809E-08
 10.   56.  -0.10948084E-02   0.10948084E-02   0.21490823E-09   0.13107809E-08
 10.   57.   0.11588526E-04   0.27017938E-02  -0.21692288E-01   0.13107809E-08
 10.   58.   0.30374302E-03   0.41246565E-02  -0.37572145E-01   0.13107809E-08
 10.   59.   0.76147170E-11   0.46912327E-02  -0.43384576E-01   0.13107809E-08
 10.   60.  -0.30374301E-03   0.41246565E-02  -0.37572146E-01   0.13107809E-08
 10.   61.  -0.11588553E-04   0.27017939E-02  -0.21692289E-01   0.13107809E-08
 10.   62.   0.10948083E-02   0.10948084E-02  -0.67732430E-09   0.13107809E-08
 10.   63.   0.27017938E-02  -0.11588505E-04   0.21692287E-01   0.13107809E-08
 10.   64.   0.41246565E-02  -0.30374302E-03   0.37572145E-01   0.13107809E-08
 10.   65.   0.46912327E-02   0.00000000E+00   0.43384576E-01   0.13107809E-08
 10.   66.   0.46912327E-02   0.00000000E+00   0.43384576E-01   0.13107809E-08
 10.   67.   0.41246565E-02   0.30374302E-03   0.37572145E-01   0.13107809E-08
 10.   68.   0.27017938E-02   0.11588533E-04   0.21692288E-01   0.13107809E-08
 10.   69.   0.10948084E-02  -0.10948084E-02   0.21490556E-09   0.13107809E-08
 10.   70.  -0.11588525E-04  -0.27017938E-02  -0.21692288E-01   0.13107809E-08
 10.   71.  -0.30374302E-03  -0.41246565E-02  -0.37572145E-01   0.13107809E-08
 10.   72.  -0.77954875E-11  -0.46912327E-02  -0.43384576E-01   0.13107809E-08
 10.   73.   0.30374301E-03  -0.41246565E-02  -0.37572146E-01   0.13107809E-08
 10.   74.   0.11588553E-04  -0.27017939E-02  -0.21692289E-01   0.13107809E-08
 10.   75.  -0.10948083E-02  -0.10948084E-02  -0.67734698E-09   0.13107809E-08
 10.   76.  -0.27017938E-02   0.11588506E-04   0.21692287E-01   0.13107809E-08
 10.   77.  -0.41246565E-02   0.30374302E-03   0.37572145E-01   0.13107809E-08
 10.   78.  -0.46912327E-02   0.00000000E+00   0.43384576E-01   0.13107809E-08
 11.    1.   0.36940161E-03   0.00000000E+00   0.42010338E-02   0.10000000E+01
 11.    2.   0.35681456E-03   0.95608172E-04   0.42010338E-02   0.10000000E+01
 11.    3.   0.31991118E-03   0.18470080E-03   0.42010338E-02   0.10000000E+01
 11.    4.   0.26120638E-03   0.26120638E-03   0.42010338E-02   0.10000000E+01
 11.    5.   0.18470081E-03   0.31991118E-03   0.42010338E-02   0.10000000E+01
 11.    6.   0.95608173E-04   0.35681456E-03   0.42010338E-02   0.10000000E+01
 11.    7.   0.19352989E-11   0.36940161E-03   0.42010338E-02   0.10000000E+01
 11.    8.  -0.95608169E-04   0.35681456E-03   0.42010338E-02   0.10000000E+01
 11.    9.  -0.18470080E-03   0.31991118E-03   0.42010338E-02   0.10000000E+01
 11.   10.  -0.26120638E-03   0.26120639E-03   0.42010338E-02   0.10000000E+01
 11.   11.  -0.31991118E-03   0.18470081E-03   0.42010338E-02   0.10000000E+01
 11.   12.  -0.35681455E-03   0.95608176E-04   0.42010338E-02   0.10000000E+01
 11.   13.  -0.36940161E-03   0.00000000E+00   0.42010338E-02   0.10000000E+01
 11.   14.   0.29603763E-03   0.00000000E+00   0.56415922E-03   0.10000000E+01
 11.   15.   0.28595039E-03   0.76620177E-04   0.56415922E-03   0.10000000E+01
 11.   16.   0.25637611E-03   0.14801882E-03   0.56415922E-03   0.10000000E+01
 11.   17.   0.20933022E-03   0.20933022E-03   0.56415922E-03   0.10000000E+01
 11.   18.   0.14801882E-03   0.25637611E-03   0.56415922E-03   0.10000000E+01
 11.   19.   0.76620178E-04   0.28595039E-03   0.56415922E-03   0.10000000E+01
 11.   20.   0.15547180E-11   0.29603763E-03   0.56415922E-03   0.10000000E+01
 11.   21.  -0.76620175E-04   0.28595039E-03   0.56415922E-03   0.10000000E+01
 11.   22.  -0.14801881E-03   0.25637611E-03   0.56415922E-03   0.10000000E+01
 11.   23.  -0.20933021E-03   0.20933022E-03   0.56415922E-03   0.10000000E+01
 11.   24.  -0.25637611E-03   0.14801882E-03   0.56415922E-03   0.10000000E+01
 11.   25.  -0.28595039E-03   0.76620180E-04   0.56415922E-03   0.10000000E+01
 11.   26.  -0.29603763E-03   0.00000000E+00   0.56415922E-03   0.10000000E+01
 11.   27.   0.50032291E-04   0.00000000E+00  -0.14409538E-02   0.10000000E+01
 11.   28.   0.48327482E-04   0.12949310E-04  -0.14409538E-02   0.10000000E+01
 11.   29.   0.43329235E-04   0.25016146E-04  -0.14409538E-02   0.10000000E+01
 11.   30.   0.35378173E-04   0.35378172E-04  -0.14409538E-02   0.10000000E+01
 11.   31.   0.25016146E-04   0.43329235E-04  -0.14409538E-02   0.10000000E+01
 11.   32.   0.12949310E-04   0.48327482E-04  -0.14409538E-02   0.10000000E+01
 11.   33.   0.26836762E-12   0.50032291E-04  -0.14409538E-02   0.10000000E+01
 11.   34.  -0.12949310E-04   0.48327483E-04  -0.14409538E-02   0.10000000E+01
 11.   35.  -0.25016145E-04   0.43329236E-04  -0.14409538E-02   0.10000000E+01
 11.   36.  -0.35378172E-04   0.35378173E-04  -0.14409538E-02   0.10000000E+01
 11.   37.  -0.43329235E-04   0.25016146E-04  -0.14409538E-02   0.10000000E+01
 11.   38.  -0.48327482E-04   0.12949310E-04  -0.14409538E-02   0.10000000E+01
 11.   39.  -0.50032291E-04   0.00000000E+00  -0.14409538E-02   0.10000000E+01
 11.   40.  -0.18974706E-03   0.00000000E+00  -0.54615959E-03   0.10000000E+01
 11.   41.  -0.18328159E-03  -0.49110154E-04  -0.54615959E-03   0.10000000E+01
 11.   42.  -0.16432578E-03  -0.94873532E-04  -0.54615959E-03   0.10000000E+01
 11.   43.  -0.13417144E-03  -0.13417143E-03  -0.54615959E-03   0.10000000E+01
 11.   44.  -0.94873532E-04  -0.16432578E-03  -0.54615959E-03   0.10000000E+01
 11.   45.  -0.49110154E-04  -0.18328159E-03  -0.54615959E-03   0.10000000E+01
 11.   46.  -0.98143718E-12  -0.18974706E-03  -0.54615959E-03   0.10000000E+01
 11.   47.   0.49110152E-04  -0.18328159E-03  -0.54615959E-03   0.10000000E+01
 11.   48.   0.94873530E-04  -0.16432578E-03  -0.54615959E-03   0.10000000E+01
 11.   49.   0.13417143E-03  -0.13417144E-03  -0.54615959E-03   0.10000000E+01
 11.   50.   0.16432578E-03  -0.94873533E-04  -0.54615959E-03   0.10000000E+01
 11.   51.   0.18328159E-03  -0.49110156E-04  -0.54615959E-03   0.10000000E+01
 11.   52.   0.18974706E-03   0.00000000E+00  -0.54615959E-03   0.10000000E+01
 11.   53.  -0.23253387E-03   0.00000000E+00   0.18748255E-02   0.10000000E+01
 11.   54.  -0.22461047E-03  -0.60184193E-04   0.18748255E-02   0.10000000E+01
 11.   55.  -0.20138024E-03  -0.11626693E-03   0.18748255E-02   0.10000000E+01
 11.   56.  -0.16442627E-03  -0.16442627E-03   0.18748255E-02   0.10000000E+01
 11.   57.  -0.11626693E-03  -0.20138024E-03   0.18748255E-02   0.10000000E+01
 11.   58.  -0.60184194E-04  -0.22461047E-03   0.18748255E-02   0.10000000E+01
 11.   59.  -0.12231018E-11  -0.23253387E-03   0.18748255E-02   0.10000000E+01
 11.   60.   0.60184192E-04  -0.22461047E-03   0.18748255E-02   0.10000000E+01
 11.   61.   0.11626693E-03  -0.20138024E-03   0.18748255E-02   0.10000000E+01
 11.   62.   0.16442627E-03  -0.16442628E-03   0.18748255E-02   0.10000000E+01
 11.   63.   0.20138023E-03  -0.11626694E-03   0.18748255E-02   0.10000000E+01
 11.   64.   0.22461047E-03  -0.60184196E-04   0.18748255E-02   0.10000000E+01
 11.   65.   0.23253387E-03   0.00000000E+00   0.18748255E-02   0.10000000E+01
 11.   66.   0.23253387E-03   0.00000000E+00   0.18748255E-02   0.10000000E+01
 11.   67.   0.22461047E-03   0.60184193E-04   0.18748255E-02   0.10000000E+01
 11.   68.   0.20138024E-03   0.11626693E-03   0.18748255E-02   0.10000000E+01
 11.   69.   0.16442627E-03   0.16442627E-03   0.18748255E-02   0.10000000E+01
 11.   70.   0.11626693E-03   0.20138024E-03   0.18748255E-02   0.10000000E+01
 11.   71.   0.60184194E-04   0.22461047E-03   0.18748255E-02   0.10000000E+01
 11.   72.   0.12287774E-11   0.23253387E-03   0.18748255E-02   0.10000000E+01
 11.   73.  -0.60184192E-04   0.22461047E-03   0.18748255E-02   0.10000000E+01
 11.   74.  -0.11626693E-03   0.20138024E-03   0.18748255E-02   0.10000000E+01
 11.   75.  -0.16442627E-03   0.16442628E-03   0.18748255E-02   0.10000000E+01
 11.   76.  -0.20138023E-03   0.11626694E-03   0.18748255E-02   0.10000000E+01
 11.   77.  -0.22461047E-03   0.60184196E-04   0.18748255E-02   0.10000000E+01
 11.   78.  -0.23253387E-03   0.00000000E+00   0.18748255E-02   0.10000000E+01
 12.    1.  -0.75509780E-05   0.00000000E+00   0.60238298E-05   0.36467948E-09
 12.    2.  -0.18889012E-05   0.70494772E-05   0.12334889E-11   0.36467948E-09
 12.    3.   0.65393399E-05   0.37754888E-05  -0.60238266E-05   0.36467948E-09
 12.    4.   0.51605766E-05  -0.51605761E-05   0.26615240E-11   0.36467948E-09
 12.    5.  -0.37754884E-05  -0.65393390E-05   0.60238321E-05   0.36467948E-09
 12.    6.  -0.70494772E-05   0.18889022E-05   0.40912319E-11   0.36467948E-09
 12.    7.   0.10319611E-12   0.75509791E-05  -0.60238241E-05   0.36467948E-09
 12.    8.   0.70494775E-05   0.18889030E-05   0.46260144E-11   0.36467948E-09
 12.    9.   0.37754890E-05  -0.65393383E-05   0.60238334E-05   0.36467948E-09
 12.   10.  -0.51605763E-05  -0.51605761E-05   0.43025295E-11   0.36467948E-09
 12.   11.  -0.65393397E-05   0.37754882E-05  -0.60238261E-05   0.36467948E-09
 12.   12.   0.18889013E-05   0.70494774E-05   0.10964753E-11   0.36467948E-09
 12.   13.   0.75509782E-05   0.00000000E+00   0.60238300E-05   0.36467948E-09
 12.   14.  -0.20802359E-03   0.00000000E+00   0.73337317E-03   0.36467948E-09
 12.   15.  -0.58488496E-04   0.21828204E-03   0.14636283E-11   0.36467948E-09
 12.   16.   0.18015372E-03   0.10401180E-03  -0.73337317E-03   0.36467948E-09
 12.   17.   0.15979355E-03  -0.15979354E-03  -0.10784157E-10   0.36467948E-09
 12.   18.  -0.10401179E-03  -0.18015372E-03   0.73337317E-03   0.36467948E-09
 12.   19.  -0.21828204E-03   0.58488494E-04   0.10707400E-10   0.36467948E-09
 12.   20.  -0.59505104E-11   0.20802359E-03  -0.73337317E-03   0.36467948E-09
 12.   21.   0.21828204E-03   0.58488504E-04  -0.34666070E-10   0.36467948E-09
 12.   22.   0.10401181E-03  -0.18015371E-03   0.73337317E-03   0.36467948E-09
 12.   23.  -0.15979354E-03  -0.15979355E-03   0.35840896E-10   0.36467948E-09
 12.   24.  -0.18015372E-03   0.10401179E-03  -0.73337317E-03   0.36467948E-09
 12.   25.   0.58488486E-04   0.21828204E-03  -0.46319534E-10   0.36467948E-09
 12.   26.   0.20802359E-03   0.00000000E+00   0.73337316E-03   0.36467948E-09
 12.   27.  -0.11854946E-02   0.00000000E+00   0.74116277E-02   0.36467948E-09
 12.   28.  -0.38014258E-03   0.14187114E-02   0.22709966E-11   0.36467948E-09
 12.   29.   0.10266684E-02   0.59274729E-03  -0.74116277E-02   0.36467948E-09
 12.   30.   0.10385688E-02  -0.10385688E-02  -0.11376502E-09   0.36467948E-09
 12.   31.  -0.59274727E-03  -0.10266684E-02   0.74116277E-02   0.36467948E-09
 12.   32.  -0.14187114E-02   0.38014256E-03   0.11473744E-09   0.36467948E-09
 12.   33.  -0.39804518E-10   0.11854946E-02  -0.74116277E-02   0.36467948E-09
 12.   34.   0.14187114E-02   0.38014262E-03  -0.34773905E-09   0.36467948E-09
 12.   35.   0.59274734E-03  -0.10266684E-02   0.74116277E-02   0.36467948E-09
 12.   36.  -0.10385688E-02  -0.10385689E-02   0.35184297E-09   0.36467948E-09
 12.   37.  -0.10266685E-02   0.59274722E-03  -0.74116277E-02   0.36467948E-09
 12.   38.   0.38014252E-03   0.14187114E-02  -0.46285197E-09   0.36467948E-09
 12.   39.   0.11854946E-02   0.00000000E+00   0.74116277E-02   0.36467948E-09
 12.   40.  -0.27184763E-02   0.00000000E+00   0.28492892E-01   0.36467948E-09
 12.   41.  -0.10780321E-02   0.40232705E-02   0.82515397E-11   0.36467948E-09
 12.   42.   0.23542695E-02   0.13592382E-02  -0.28492892E-01   0.36467948E-09
 12.   43.   0.29452385E-02  -0.29452384E-02  -0.43201879E-09   0.36467948E-09
 12.   44.  -0.13592381E-02  -0.23542696E-02   0.28492892E-01   0.36467948E-09
 12.   45.  -0.40232705E-02   0.10780321E-02   0.45053034E-09   0.36467948E-09
 12.   46.  -0.11696562E-09   0.27184763E-02  -0.28492892E-01   0.36467948E-09
 12.   47.   0.40232705E-02   0.10780322E-02  -0.13315885E-08   0.36467948E-09
 12.   48.   0.13592383E-02  -0.23542694E-02   0.28492892E-01   0.36467948E-09
 12.   49.  -0.29452384E-02  -0.29452385E-02   0.13494564E-08   0.36467948E-09
 12.   50.  -0.23542696E-02   0.13592380E-02  -0.28492892E-01   0.36467948E-09
 12.   51.   0.10780320E-02   0.40232705E-02  -0.17753007E-08   0.36467948E-09
 12.   52.   0.27184763E-02   0.00000000E+00   0.28492892E-01   0.36467948E-09
 12.   53.  -0.43696164E-02   0.00000000E+00   0.65574926E-01   0.36467948E-09
 12.   54.  -0.18838794E-02   0.70307338E-02   0.23070536E-10   0.36467948E-09
 12.   55.   0.37841988E-02   0.21848082E-02  -0.65574926E-01   0.36467948E-09
 12.   56.   0.51468544E-02  -0.51468543E-02  -0.98974594E-09   0.36467948E-09
 12.   57.  -0.21848081E-02  -0.37841988E-02   0.65574926E-01   0.36467948E-09
 12.   58.  -0.70307338E-02   0.18838794E-02   0.10383264E-08   0.36467948E-09
 12.   59.  -0.20616588E-09   0.43696164E-02  -0.65574926E-01   0.36467948E-09
 12.   60.   0.70307338E-02   0.18838796E-02  -0.30660852E-08   0.36467948E-09
 12.   61.   0.21848085E-02  -0.37841986E-02   0.65574926E-01   0.36467948E-09
 12.   62.  -0.51468542E-02  -0.51468545E-02   0.31090692E-08   0.36467948E-09
 12.   63.  -0.37841990E-02   0.21848078E-02  -0.65574926E-01   0.36467948E-09
 12.   64.   0.18838793E-02   0.70307338E-02  -0.40841256E-08   0.36467948E-09
 12.   65.   0.43696164E-02   0.00000000E+00   0.65574926E-01   0.36467948E-09
 12.   66.   0.43696164E-02   0.00000000E+00   0.65574926E-01   0.36467948E-09
 12.   67.   0.18838794E-02  -0.70307338E-02   0.23206234E-10   0.36467948E-09
 12.   68.  -0.37841988E-02  -0.21848082E-02  -0.65574926E-01   0.36467948E-09
 12.   69.  -0.51468544E-02   0.51468543E-02  -0.98979858E-09   0.36467948E-09
 12.   70.   0.21848081E-02   0.37841988E-02   0.65574926E-01   0.36467948E-09
 12.   71.   0.70307338E-02  -0.18838794E-02   0.10383398E-08   0.36467948E-09
 12.   72.   0.20494576E-09  -0.43696164E-02  -0.65574926E-01   0.36467948E-09
 12.   73.  -0.70307338E-02  -0.18838796E-02  -0.30660622E-08   0.36467948E-09
 12.   74.  -0.21848085E-02   0.37841986E-02   0.65574926E-01   0.36467948E-09
 12.   75.   0.51468542E-02   0.51468545E-02   0.31090252E-08   0.36467948E-09
 12.   76.   0.37841990E-02  -0.21848078E-02  -0.65574926E-01   0.36467948E-09
 12.   77.  -0.18838793E-02  -0.70307338E-02  -0.40840612E-08   0.36467948E-09
 12.   78.  -0.43696164E-02   0.00000000E+00   0.65574926E-01   0.36467948E-09
 13.    1.  -0.88914971E-03   0.00000000E+00   0.28862479E-02  -0.30840672E-09
 13.    2.  -0.81528305E-03   0.61347556E-03   0.20408855E-02  -0.30840672E-09
 13.    3.  -0.56821875E-03   0.98418375E-03   0.18242670E-11  -0.30840672E-09
 13.    4.  -0.12364390E-03   0.10127936E-02  -0.20408855E-02  -0.30840672E-09
 13.    5.   0.44457485E-03   0.77002624E-03  -0.28862479E-02  -0.30840672E-09
 13.    6.   0.93892694E-03   0.39931805E-03  -0.20408855E-02  -0.30840672E-09
 13.    7.   0.11364375E-02   0.84920115E-11  -0.44066965E-10  -0.30840672E-09
 13.    8.   0.93892695E-03  -0.39931804E-03   0.20408854E-02  -0.30840672E-09
 13.    9.   0.44457487E-03  -0.77002623E-03   0.28862479E-02  -0.30840672E-09
 13.   10.  -0.12364388E-03  -0.10127936E-02   0.20408855E-02  -0.30840672E-09
 13.   11.  -0.56821874E-03  -0.98418376E-03   0.87026690E-10  -0.30840672E-09
 13.   12.  -0.81528304E-03  -0.61347558E-03  -0.20408854E-02  -0.30840672E-09
 13.   13.  -0.88914971E-03   0.00000000E+00  -0.28862479E-02  -0.30840672E-09
 13.   14.  -0.17071165E-02   0.00000000E+00   0.17937427E-01  -0.30840672E-09
 13.   15.  -0.16708075E-02   0.15716094E-02   0.12683676E-01  -0.30840672E-09
 13.   16.  -0.13792082E-02   0.23888586E-02   0.19511832E-10  -0.30840672E-09
 13.   17.  -0.52564993E-03   0.22327664E-02  -0.12683676E-01  -0.30840672E-09
 13.   18.   0.85355824E-03   0.14784063E-02  -0.17937427E-01  -0.30840672E-09
 13.   19.   0.21964574E-02   0.66115704E-03  -0.12683676E-01  -0.30840672E-09
 13.   20.   0.27584164E-02   0.12686630E-10  -0.28214630E-09  -0.30840672E-09
 13.   21.   0.21964574E-02  -0.66115701E-03   0.12683676E-01  -0.30840672E-09
 13.   22.   0.85355830E-03  -0.14784062E-02   0.17937427E-01  -0.30840672E-09
 13.   23.  -0.52564988E-03  -0.22327664E-02   0.12683677E-01  -0.30840672E-09
 13.   24.  -0.13792082E-02  -0.23888586E-02   0.54230377E-09  -0.30840672E-09
 13.   25.  -0.16708075E-02  -0.15716095E-02  -0.12683676E-01  -0.30840672E-09
 13.   26.  -0.17071165E-02   0.00000000E+00  -0.17937427E-01  -0.30840672E-09
 13.   27.   0.20846997E-03   0.00000000E+00   0.28833556E-01  -0.30840672E-09
 13.   28.  -0.37922244E-03   0.19848280E-02   0.20388403E-01  -0.30840672E-09
 13.   29.  -0.14250653E-02   0.24682854E-02   0.31329796E-10  -0.30840672E-09
 13.   30.  -0.15293002E-02   0.13208303E-02  -0.20388403E-01  -0.30840672E-09
 13.   31.  -0.10423501E-03  -0.18054028E-03  -0.28833556E-01  -0.30840672E-09
 13.   32.   0.19085227E-02  -0.66399773E-03  -0.20388403E-01  -0.30840672E-09
 13.   33.   0.28501305E-02  -0.17739043E-10  -0.45320361E-09  -0.30840672E-09
 13.   34.   0.19085227E-02   0.66399772E-03   0.20388403E-01  -0.30840672E-09
 13.   35.  -0.10423493E-03   0.18054033E-03   0.28833556E-01  -0.30840672E-09
 13.   36.  -0.15293002E-02  -0.13208302E-02   0.20388404E-01  -0.30840672E-09
 13.   37.  -0.14250653E-02  -0.24682854E-02   0.87137487E-09  -0.30840672E-09
 13.   38.  -0.37922249E-03  -0.19848280E-02  -0.20388402E-01  -0.30840672E-09
 13.   39.   0.20846997E-03   0.00000000E+00  -0.28833556E-01  -0.30840672E-09
 13.   40.   0.31496378E-02   0.00000000E+00   0.94789496E-02  -0.30840672E-09
 13.   41.   0.20257522E-02   0.10447603E-02   0.67026296E-02  -0.30840672E-09
 13.   42.  -0.34284619E-03   0.59382702E-03   0.11841967E-10  -0.30840672E-09
 13.   43.  -0.19176651E-02  -0.12319727E-02  -0.67026295E-02  -0.30840672E-09
 13.   44.  -0.15748189E-02  -0.27276663E-02  -0.94789496E-02  -0.30840672E-09
 13.   45.  -0.10808714E-03  -0.22767331E-02  -0.67026296E-02  -0.30840672E-09
 13.   46.   0.68569238E-03  -0.53150263E-10  -0.14821753E-09  -0.30840672E-09
 13.   47.  -0.10808708E-03   0.22767330E-02   0.67026294E-02  -0.30840672E-09
 13.   48.  -0.15748189E-02   0.27276664E-02   0.94789496E-02  -0.30840672E-09
 13.   49.  -0.19176651E-02   0.12319728E-02   0.67026297E-02  -0.30840672E-09
 13.   50.  -0.34284628E-03  -0.59382697E-03   0.28739917E-09  -0.30840672E-09
 13.   51.   0.20257521E-02  -0.10447603E-02  -0.67026293E-02  -0.30840672E-09
 13.   52.   0.31496378E-02   0.00000000E+00  -0.94789496E-02  -0.30840672E-09
 13.   53.   0.37616077E-02   0.00000000E+00  -0.29520883E-01  -0.30840672E-09
 13.   54.   0.28526232E-02  -0.36923144E-03  -0.20874417E-01  -0.30840672E-09
 13.   55.   0.77425605E-03  -0.13410508E-02  -0.31208606E-10  -0.30840672E-09
 13.   56.  -0.11065478E-02  -0.26550599E-02   0.20874417E-01  -0.30840672E-09
 13.   57.  -0.18808038E-02  -0.32576478E-02   0.29520883E-01  -0.30840672E-09
 13.   58.  -0.17460754E-02  -0.22858285E-02   0.20874417E-01  -0.30840672E-09
 13.   59.  -0.15485121E-02  -0.50303115E-10   0.46136521E-09  -0.30840672E-09
 13.   60.  -0.17460754E-02   0.22858284E-02  -0.20874416E-01  -0.30840672E-09
 13.   61.  -0.18808039E-02   0.32576478E-02  -0.29520883E-01  -0.30840672E-09
 13.   62.  -0.11065478E-02   0.26550599E-02  -0.20874417E-01  -0.30840672E-09
 13.   63.   0.77425596E-03   0.13410509E-02  -0.89124843E-09  -0.30840672E-09
 13.   64.   0.28526232E-02   0.36923146E-03   0.20874416E-01  -0.30840672E-09
 13.   65.   0.37616077E-02   0.00000000E+00   0.29520883E-01  -0.30840672E-09
 13.   66.  -0.37616077E-02   0.00000000E+00  -0.29520884E-01  -0.30840672E-09
 13.   67.  -0.28526232E-02   0.36923144E-03  -0.20874417E-01  -0.30840672E-09
 13.   68.  -0.77425605E-03   0.13410508E-02  -0.31289492E-10  -0.30840672E-09
 13.   69.   0.11065478E-02   0.26550599E-02   0.20874417E-01  -0.30840672E-09
 13.   70.   0.18808038E-02   0.32576478E-02   0.29520883E-01  -0.30840672E-09
 13.   71.   0.17460754E-02   0.22858285E-02   0.20874417E-01  -0.30840672E-09
 13.   72.   0.15485121E-02   0.50036308E-10   0.46143449E-09  -0.30840672E-09
 13.   73.   0.17460754E-02  -0.22858284E-02  -0.20874416E-01  -0.30840672E-09
 13.   74.   0.18808039E-02  -0.32576478E-02  -0.29520883E-01  -0.30840672E-09
 13.   75.   0.11065478E-02  -0.26550599E-02  -0.20874417E-01  -0.30840672E-09
 13.   76.  -0.77425596E-03  -0.13410509E-02  -0.89135283E-09  -0.30840672E-09
 13.   77.  -0.28526232E-02  -0.36923146E-03   0.20874416E-01  -0.30840672E-09
 13.   78.  -0.37616077E-02   0.00000000E+00   0.29520883E-01  -0.30840672E-09
 14.    1.  -0.16211877E-02   0.00000000E+00  -0.40570662E-01  -0.14692955E-09
 14.    2.  -0.12387307E-02  -0.14273491E-02  -0.39188251E-01  -0.14692955E-09
 14.    3.  -0.19383865E-03  -0.24722411E-02  -0.35135224E-01  -0.14692955E-09
 14.    4.   0.12335104E-02  -0.28546981E-02  -0.28687791E-01  -0.14692955E-09
 14.    5.   0.26608595E-02  -0.24722411E-02  -0.20285331E-01  -0.14692955E-09
 14.    6.   0.37057515E-02  -0.14273491E-02  -0.10500460E-01  -0.14692955E-09
 14.    7.   0.40882085E-02  -0.29710592E-10  -0.21206987E-09  -0.14692955E-09
 14.    8.   0.37057515E-02   0.14273490E-02   0.10500460E-01  -0.14692955E-09
 14.    9.   0.26608595E-02   0.24722411E-02   0.20285331E-01  -0.14692955E-09
 14.   10.   0.12335105E-02   0.28546981E-02   0.28687790E-01  -0.14692955E-09
 14.   11.  -0.19383860E-03   0.24722411E-02   0.35135224E-01  -0.14692955E-09
 14.   12.  -0.12387307E-02   0.14273491E-02   0.39188250E-01  -0.14692955E-09
 14.   13.  -0.16211877E-02   0.00000000E+00   0.40570662E-01  -0.14692955E-09
 14.   14.  -0.30537544E-02   0.00000000E+00  -0.17747541E-01  -0.14692955E-09
 14.   15.  -0.27881631E-02  -0.99120037E-03  -0.17142808E-01  -0.14692955E-09
 14.   16.  -0.20625541E-02  -0.17168094E-02  -0.15369821E-01  -0.14692955E-09
 14.   17.  -0.10713537E-02  -0.19824007E-02  -0.12549407E-01  -0.14692955E-09
 14.   18.  -0.80153355E-04  -0.17168094E-02  -0.88737706E-02  -0.14692955E-09
 14.   19.   0.64545568E-03  -0.99120038E-03  -0.45934017E-02  -0.14692955E-09
 14.   20.   0.91104702E-03  -0.20651120E-10  -0.93158428E-10  -0.14692955E-09
 14.   21.   0.64545570E-03   0.99120034E-03   0.45934015E-02  -0.14692955E-09
 14.   22.  -0.80153319E-04   0.17168094E-02   0.88737704E-02  -0.14692955E-09
 14.   23.  -0.10713537E-02   0.19824007E-02   0.12549407E-01  -0.14692955E-09
 14.   24.  -0.20625540E-02   0.17168094E-02   0.15369821E-01  -0.14692955E-09
 14.   25.  -0.27881631E-02   0.99120040E-03   0.17142808E-01  -0.14692955E-09
 14.   26.  -0.30537544E-02   0.00000000E+00   0.17747541E-01  -0.14692955E-09
 14.   27.  -0.16616386E-02   0.00000000E+00   0.12295901E-01  -0.14692955E-09
 14.   28.  -0.15774170E-02  -0.31431923E-03   0.11876928E-01  -0.14692955E-09
 14.   29.  -0.13473193E-02  -0.54441688E-03   0.10648562E-01  -0.14692955E-09
 14.   30.  -0.10330001E-02  -0.62863847E-03   0.86945147E-02  -0.14692955E-09
 14.   31.  -0.71868087E-03  -0.54441689E-03   0.61479503E-02  -0.14692955E-09
 14.   32.  -0.48858321E-03  -0.31431924E-03   0.31824133E-02  -0.14692955E-09
 14.   33.  -0.40436163E-03  -0.63857304E-11   0.63965625E-10  -0.14692955E-09
 14.   34.  -0.48858321E-03   0.31431923E-03  -0.31824132E-02  -0.14692955E-09
 14.   35.  -0.71868085E-03   0.54441688E-03  -0.61479502E-02  -0.14692955E-09
 14.   36.  -0.10330001E-02   0.62863847E-03  -0.86945147E-02  -0.14692955E-09
 14.   37.  -0.13473193E-02   0.54441689E-03  -0.10648562E-01  -0.14692955E-09
 14.   38.  -0.15774170E-02   0.31431925E-03  -0.11876928E-01  -0.14692955E-09
 14.   39.  -0.16616386E-02   0.00000000E+00  -0.12295901E-01  -0.14692955E-09
 14.   40.   0.20438668E-02   0.00000000E+00   0.94079375E-02  -0.14692955E-09
 14.   41.   0.18917619E-02   0.56766313E-03   0.90873698E-02  -0.14692955E-09
 14.   42.   0.14762037E-02   0.98322138E-03   0.81475129E-02  -0.14692955E-09
 14.   43.   0.90854057E-03   0.11353263E-02   0.66524164E-02  -0.14692955E-09
 14.   44.   0.34087745E-03   0.98322138E-03   0.47039688E-02  -0.14692955E-09
 14.   45.  -0.74680806E-04   0.56766313E-03   0.24349534E-02  -0.14692955E-09
 14.   46.  -0.22678569E-03   0.11838332E-10   0.49325281E-10  -0.14692955E-09
 14.   47.  -0.74680818E-04  -0.56766311E-03  -0.24349533E-02  -0.14692955E-09
 14.   48.   0.34087743E-03  -0.98322137E-03  -0.47039687E-02  -0.14692955E-09
 14.   49.   0.90854055E-03  -0.11353263E-02  -0.66524164E-02  -0.14692955E-09
 14.   50.   0.14762037E-02  -0.98322139E-03  -0.81475128E-02  -0.14692955E-09
 14.   51.   0.18917619E-02  -0.56766315E-03  -0.90873698E-02  -0.14692955E-09
 14.   52.   0.20438668E-02   0.00000000E+00  -0.94079375E-02  -0.14692955E-09
 14.   53.   0.29850669E-02   0.00000000E+00  -0.20459351E-01  -0.14692955E-09
 14.   54.   0.28086436E-02   0.65842071E-03  -0.19762216E-01  -0.14692955E-09
 14.   55.   0.23266462E-02   0.11404181E-02  -0.17718318E-01  -0.14692955E-09
 14.   56.   0.16682255E-02   0.13168414E-02  -0.14466946E-01  -0.14692955E-09
 14.   57.   0.10098048E-02   0.11404181E-02  -0.10229676E-01  -0.14692955E-09
 14.   58.   0.52780735E-03   0.65842071E-03  -0.52952698E-02  -0.14692955E-09
 14.   59.   0.35138405E-03   0.13957765E-10  -0.10756112E-09  -0.14692955E-09
 14.   60.   0.52780733E-03  -0.65842069E-03   0.52952696E-02  -0.14692955E-09
 14.   61.   0.10098047E-02  -0.11404181E-02   0.10229676E-01  -0.14692955E-09
 14.   62.   0.16682254E-02  -0.13168414E-02   0.14466946E-01  -0.14692955E-09
 14.   63.   0.23266461E-02  -0.11404181E-02   0.17718318E-01  -0.14692955E-09
 14.   64.   0.28086436E-02  -0.65842073E-03   0.19762216E-01  -0.14692955E-09
 14.   65.   0.29850669E-02   0.00000000E+00   0.20459351E-01  -0.14692955E-09
 14.   66.  -0.29850669E-02   0.00000000E+00  -0.20459351E-01  -0.14692955E-09
 14.   67.  -0.28086436E-02  -0.65842071E-03  -0.19762216E-01  -0.14692955E-09
 14.   68.  -0.23266462E-02  -0.11404181E-02  -0.17718318E-01  -0.14692955E-09
 14.   69.  -0.16682255E-02  -0.13168414E-02  -0.14466946E-01  -0.14692955E-09
 14.   70.  -0.10098048E-02  -0.11404181E-02  -0.10229676E-01  -0.14692955E-09
 14.   71.  -0.52780735E-03  -0.65842071E-03  -0.52952698E-02  -0.14692955E-09
 14.   72.  -0.35138405E-03  -0.14053217E-10  -0.10754874E-09  -0.14692955E-09
 14.   73.  -0.52780733E-03   0.65842069E-03   0.52952696E-02  -0.14692955E-09
 14.   74.  -0.10098047E-02   0.11404181E-02   0.10229676E-01  -0.14692955E-09
 14.   75.  -0.16682254E-02   0.13168414E-02   0.14466946E-01  -0.14692955E-09
 14.   76.  -0.23266461E-02   0.11404181E-02   0.17718318E-01  -0.14692955E-09
 14.   77.  -0.28086436E-02   0.65842073E-03   0.19762216E-01  -0.14692955E-09
 14.   78.  -0.29850669E-02   0.00000000E+00   0.20459351E-01  -0.14692955E-09
 15.    1.  -0.15358541E-05   0.00000000E+00   0.90444426E-06   0.47925308E-10
 15.    2.   0.18088837E-07   0.14683453E-05  -0.23408645E-06   0.47925308E-10
 15.    3.   0.15177650E-05   0.31331118E-07  -0.78327053E-06   0.47925308E-10
 15.    4.  -0.36177916E-07  -0.14996760E-05   0.63953841E-06   0.47925308E-10
 15.    5.  -0.14815873E-05  -0.31330869E-07   0.45222185E-06   0.47925308E-10
 15.    6.   0.18088783E-07   0.15310072E-05  -0.87362543E-06   0.47925308E-10
 15.    7.   0.14634982E-05   0.28607578E-13  -0.34787913E-12   0.47925308E-10
 15.    8.   0.18089020E-07  -0.15310072E-05   0.87362487E-06   0.47925308E-10
 15.    9.  -0.14815871E-05   0.31330849E-07  -0.45222216E-06   0.47925308E-10
 15.   10.  -0.36177864E-07   0.14996762E-05  -0.63953849E-06   0.47925308E-10
 15.   11.   0.15177651E-05  -0.31330719E-07   0.78327091E-06   0.47925308E-10
 15.   12.   0.18089001E-07  -0.14683451E-05   0.23408736E-06   0.47925308E-10
 15.   13.  -0.15358540E-05   0.00000000E+00  -0.90444337E-06   0.47925308E-10
 15.   14.  -0.87388824E-04   0.00000000E+00   0.26534057E-03   0.47925308E-10
 15.   15.  -0.19197971E-05   0.94553604E-04  -0.68675193E-04   0.47925308E-10
 15.   16.   0.89308621E-04  -0.33251857E-05  -0.22979168E-03   0.47925308E-10
 15.   17.   0.38395955E-05  -0.91228418E-04   0.18762411E-03   0.47925308E-10
 15.   18.  -0.93148215E-04   0.33251847E-05   0.13267029E-03   0.47925308E-10
 15.   19.  -0.19197985E-05   0.87903232E-04  -0.25629931E-03   0.47925308E-10
 15.   20.   0.95068012E-04   0.26799029E-11  -0.97318106E-11   0.47925308E-10
 15.   21.  -0.19197925E-05  -0.87903232E-04   0.25629932E-03   0.47925308E-10
 15.   22.  -0.93148215E-04  -0.33251902E-05  -0.13267027E-03   0.47925308E-10
 15.   23.   0.38395897E-05   0.91228418E-04  -0.18762413E-03   0.47925308E-10
 15.   24.   0.89308621E-04   0.33251918E-05   0.22979167E-03   0.47925308E-10
 15.   25.  -0.19197916E-05  -0.94553604E-04   0.68675212E-04   0.47925308E-10
 15.   26.  -0.87388824E-04   0.00000000E+00  -0.26534057E-03   0.47925308E-10
 15.   27.  -0.72034423E-03   0.00000000E+00   0.39039890E-02   0.47925308E-10
 15.   28.  -0.44800987E-04   0.88754379E-03  -0.10104267E-02   0.47925308E-10
 15.   29.   0.76514522E-03  -0.77597583E-04  -0.33809537E-02   0.47925308E-10
 15.   30.   0.89601986E-04  -0.80994621E-03   0.27605371E-02   0.47925308E-10
 15.   31.  -0.85474719E-03   0.77597573E-04   0.19519946E-02   0.47925308E-10
 15.   32.  -0.44801001E-04   0.73234862E-03  -0.37709638E-02   0.47925308E-10
 15.   33.   0.89954818E-03   0.21555530E-10  -0.14244398E-09   0.47925308E-10
 15.   34.  -0.44800944E-04  -0.73234862E-03   0.37709639E-02   0.47925308E-10
 15.   35.  -0.85474720E-03  -0.77597620E-04  -0.19519943E-02   0.47925308E-10
 15.   36.   0.89601935E-04   0.80994620E-03  -0.27605373E-02   0.47925308E-10
 15.   37.   0.76514523E-03   0.77597638E-04   0.33809535E-02   0.47925308E-10
 15.   38.  -0.44800943E-04  -0.88754379E-03   0.10104270E-02   0.47925308E-10
 15.   39.  -0.72034423E-03   0.00000000E+00  -0.39039890E-02   0.47925308E-10
 15.   40.  -0.19735291E-02   0.00000000E+00   0.18327084E-01   0.47925308E-10
 15.   41.  -0.28553477E-03   0.30391594E-02  -0.47433984E-02   0.47925308E-10
 15.   42.   0.22590639E-02  -0.49456073E-03  -0.15871720E-01   0.47925308E-10
 15.   43.   0.57106958E-03  -0.25445986E-02   0.12959205E-01   0.47925308E-10
 15.   44.  -0.28301334E-02   0.49456070E-03   0.91635423E-02   0.47925308E-10
 15.   45.  -0.28553482E-03   0.20500379E-02  -0.17702604E-01   0.47925308E-10
 15.   46.   0.31156682E-02   0.56086630E-10  -0.67056955E-09   0.47925308E-10
 15.   47.  -0.28553462E-03  -0.20500379E-02   0.17702604E-01   0.47925308E-10
 15.   48.  -0.28301334E-02  -0.49456084E-03  -0.91635412E-02   0.47925308E-10
 15.   49.   0.57106943E-03   0.25445986E-02  -0.12959206E-01   0.47925308E-10
 15.   50.   0.22590639E-02   0.49456091E-03   0.15871720E-01   0.47925308E-10
 15.   51.  -0.28553466E-03  -0.30391593E-02   0.47433997E-02   0.47925308E-10
 15.   52.  -0.19735291E-02   0.00000000E+00  -0.18327084E-01   0.47925308E-10
 15.   53.  -0.34564457E-02   0.00000000E+00   0.46454853E-01   0.47925308E-10
 15.   54.  -0.62572092E-03   0.57916680E-02  -0.12023401E-01   0.47925308E-10
 15.   55.   0.40821666E-02  -0.10837804E-02  -0.40231083E-01   0.47925308E-10
 15.   56.   0.12514419E-02  -0.47078876E-02   0.32848541E-01   0.47925308E-10
 15.   57.  -0.53336085E-02   0.10837804E-02   0.23227427E-01   0.47925308E-10
 15.   58.  -0.62572101E-03   0.36241071E-02  -0.44871942E-01   0.47925308E-10
 15.   59.   0.59593294E-02   0.95428039E-10  -0.17007955E-08   0.47925308E-10
 15.   60.  -0.62572063E-03  -0.36241071E-02   0.44871943E-01   0.47925308E-10
 15.   61.  -0.53336085E-02  -0.10837806E-02  -0.23227424E-01   0.47925308E-10
 15.   62.   0.12514416E-02   0.47078875E-02  -0.32848544E-01   0.47925308E-10
 15.   63.   0.40821667E-02   0.10837808E-02   0.40231081E-01   0.47925308E-10
 15.   64.  -0.62572071E-03  -0.57916679E-02   0.12023404E-01   0.47925308E-10
 15.   65.  -0.34564457E-02   0.00000000E+00  -0.46454853E-01   0.47925308E-10
 15.   66.   0.34564457E-02   0.00000000E+00   0.46454853E-01   0.47925308E-10
 15.   67.   0.62572092E-03  -0.57916680E-02  -0.12023401E-01   0.47925308E-10
 15.   68.  -0.40821666E-02   0.10837804E-02  -0.40231083E-01   0.47925308E-10
 15.   69.  -0.12514419E-02   0.47078876E-02   0.32848541E-01   0.47925308E-10
 15.   70.   0.53336085E-02  -0.10837804E-02   0.23227427E-01   0.47925308E-10
 15.   71.   0.62572101E-03  -0.36241071E-02  -0.44871942E-01   0.47925308E-10
 15.   72.  -0.59593294E-02  -0.95230610E-10  -0.17008014E-08   0.47925308E-10
 15.   73.   0.62572063E-03   0.36241071E-02   0.44871943E-01   0.47925308E-10
 15.   74.   0.53336085E-02   0.10837806E-02  -0.23227424E-01   0.47925308E-10
 15.   75.  -0.12514416E-02  -0.47078875E-02  -0.32848544E-01   0.47925308E-10
 15.   76.  -0.40821667E-02  -0.10837808E-02   0.40231081E-01   0.47925308E-10
 15.   77.   0.62572071E-03   0.57916679E-02   0.12023404E-01   0.47925308E-10
 15.   78.   0.34564457E-02   0.00000000E+00  -0.46454853E-01   0.47925308E-10
 16.    1.  -0.29677684E-03   0.00000000E+00   0.60332921E-03   0.17451118E-09
 16.    2.  -0.22173312E-03   0.25419043E-03   0.30166460E-03   0.17451118E-09
 16.    3.  -0.22950786E-04   0.33652877E-03  -0.30166460E-03   0.17451118E-09
 16.    4.   0.20985292E-03   0.20985292E-03  -0.60332921E-03   0.17451118E-09
 16.    5.   0.33652877E-03  -0.22950782E-04  -0.30166461E-03   0.17451118E-09
 16.    6.   0.25419043E-03  -0.22173312E-03   0.30166460E-03   0.17451118E-09
 16.    7.   0.55200568E-11  -0.29677684E-03   0.60332920E-03   0.17451118E-09
 16.    8.  -0.25419042E-03  -0.22173312E-03   0.30166462E-03   0.17451118E-09
 16.    9.  -0.33652877E-03  -0.22950792E-04  -0.30166459E-03   0.17451118E-09
 16.   10.  -0.20985292E-03   0.20985291E-03  -0.60332921E-03   0.17451118E-09
 16.   11.   0.22950776E-04   0.33652877E-03  -0.30166462E-03   0.17451118E-09
 16.   12.   0.22173311E-03   0.25419044E-03   0.30166458E-03   0.17451118E-09
 16.   13.   0.29677684E-03   0.00000000E+00   0.60332921E-03   0.17451118E-09
 16.   14.  -0.12312993E-02   0.00000000E+00   0.85705657E-02   0.17451118E-09
 16.   15.  -0.98695425E-03   0.13046758E-02   0.42852828E-02   0.17451118E-09
 16.   16.  -0.22466304E-03   0.16204271E-02  -0.42852828E-02   0.17451118E-09
 16.   17.   0.87066009E-03   0.87066011E-03  -0.85705657E-02   0.17451118E-09
 16.   18.   0.16204271E-02  -0.22466303E-03  -0.42852829E-02   0.17451118E-09
 16.   19.   0.13046758E-02  -0.98695424E-03   0.42852828E-02   0.17451118E-09
 16.   20.   0.30340030E-10  -0.12312993E-02   0.85705657E-02   0.17451118E-09
 16.   21.  -0.13046757E-02  -0.98695426E-03   0.42852831E-02   0.17451118E-09
 16.   22.  -0.16204271E-02  -0.22466307E-03  -0.42852826E-02   0.17451118E-09
 16.   23.  -0.87066013E-03   0.87066007E-03  -0.85705657E-02   0.17451118E-09
 16.   24.   0.22466300E-03   0.16204271E-02  -0.42852831E-02   0.17451118E-09
 16.   25.   0.98695423E-03   0.13046758E-02   0.42852825E-02   0.17451118E-09
 16.   26.   0.12312993E-02   0.00000000E+00   0.85705657E-02   0.17451118E-09
 16.   27.  -0.41304394E-03   0.00000000E+00   0.20440655E-01   0.17451118E-09
 16.   28.  -0.80087020E-03   0.21909487E-02   0.10220328E-01   0.17451118E-09
 16.   29.  -0.98293391E-03   0.21155354E-02  -0.10220328E-01   0.17451118E-09
 16.   30.   0.29206615E-03   0.29206619E-03  -0.20440655E-01   0.17451118E-09
 16.   31.   0.21155354E-02  -0.98293391E-03  -0.10220328E-01   0.17451118E-09
 16.   32.   0.21909487E-02  -0.80087021E-03   0.10220327E-01   0.17451118E-09
 16.   33.   0.54095511E-10  -0.41304394E-03   0.20440655E-01   0.17451118E-09
 16.   34.  -0.21909486E-02  -0.80087019E-03   0.10220328E-01   0.17451118E-09
 16.   35.  -0.21155355E-02  -0.98293393E-03  -0.10220327E-01   0.17451118E-09
 16.   36.  -0.29206623E-03   0.29206611E-03  -0.20440655E-01   0.17451118E-09
 16.   37.   0.98293389E-03   0.21155354E-02  -0.10220328E-01   0.17451118E-09
 16.   38.   0.80087023E-03   0.21909487E-02   0.10220327E-01   0.17451118E-09
 16.   39.   0.41304394E-03   0.00000000E+00   0.20440655E-01   0.17451118E-09
 16.   40.   0.23375209E-02   0.00000000E+00   0.97552851E-02   0.17451118E-09
 16.   41.   0.91841774E-03   0.10881619E-02   0.48776425E-02   0.17451118E-09
 16.   42.  -0.14188661E-02   0.12002723E-03  -0.48776425E-02   0.17451118E-09
 16.   43.  -0.16528769E-02  -0.16528768E-02  -0.97552851E-02   0.17451118E-09
 16.   44.   0.12002720E-03  -0.14188661E-02  -0.48776426E-02   0.17451118E-09
 16.   45.   0.10881619E-02   0.91841772E-03   0.48776424E-02   0.17451118E-09
 16.   46.   0.32491464E-10   0.23375209E-02   0.97552851E-02   0.17451118E-09
 16.   47.  -0.10881619E-02   0.91841782E-03   0.48776428E-02   0.17451118E-09
 16.   48.  -0.12002728E-03  -0.14188660E-02  -0.48776423E-02   0.17451118E-09
 16.   49.   0.16528768E-02  -0.16528769E-02  -0.97552851E-02   0.17451118E-09
 16.   50.   0.14188661E-02   0.12002715E-03  -0.48776429E-02   0.17451118E-09
 16.   51.  -0.91841765E-03   0.10881619E-02   0.48776422E-02   0.17451118E-09
 16.   52.  -0.23375209E-02   0.00000000E+00   0.97552851E-02   0.17451118E-09
 16.   53.   0.30947620E-02   0.00000000E+00  -0.21508728E-01   0.17451118E-09
 16.   54.   0.18258136E-02  -0.83540815E-03  -0.10754364E-01   0.17451118E-09
 16.   55.  -0.70032242E-03  -0.18817679E-02   0.10754364E-01   0.17451118E-09
 16.   56.  -0.21883272E-02  -0.21883272E-02   0.21508728E-01   0.17451118E-09
 16.   57.  -0.18817680E-02  -0.70032244E-03   0.10754364E-01   0.17451118E-09
 16.   58.  -0.83540816E-03   0.18258136E-02  -0.10754364E-01   0.17451118E-09
 16.   59.  -0.14345083E-10   0.30947620E-02  -0.21508728E-01   0.17451118E-09
 16.   60.   0.83540812E-03   0.18258137E-02  -0.10754364E-01   0.17451118E-09
 16.   61.   0.18817679E-02  -0.70032235E-03   0.10754363E-01   0.17451118E-09
 16.   62.   0.21883272E-02  -0.21883272E-02   0.21508728E-01   0.17451118E-09
 16.   63.   0.70032251E-03  -0.18817680E-02   0.10754365E-01   0.17451118E-09
 16.   64.  -0.18258135E-02  -0.83540819E-03  -0.10754363E-01   0.17451118E-09
 16.   65.  -0.30947620E-02   0.00000000E+00  -0.21508728E-01   0.17451118E-09
 16.   66.  -0.30947620E-02   0.00000000E+00  -0.21508728E-01   0.17451118E-09
 16.   67.  -0.18258136E-02   0.83540815E-03  -0.10754364E-01   0.17451118E-09
 16.   68.   0.70032242E-03   0.18817680E-02   0.10754364E-01   0.17451118E-09
 16.   69.   0.21883272E-02   0.21883272E-02   0.21508728E-01   0.17451118E-09
 16.   70.   0.18817680E-02   0.70032244E-03   0.10754364E-01   0.17451118E-09
 16.   71.   0.83540816E-03  -0.18258136E-02  -0.10754364E-01   0.17451118E-09
 16.   72.   0.15294218E-10  -0.30947620E-02  -0.21508728E-01   0.17451118E-09
 16.   73.  -0.83540812E-03  -0.18258137E-02  -0.10754364E-01   0.17451118E-09
 16.   74.  -0.18817679E-02   0.70032235E-03   0.10754363E-01   0.17451118E-09
 16.   75.  -0.21883272E-02   0.21883272E-02   0.21508728E-01   0.17451118E-09
 16.   76.  -0.70032251E-03   0.18817680E-02   0.10754365E-01   0.17451118E-09
 16.   77.   0.18258135E-02   0.83540819E-03  -0.10754363E-01   0.17451118E-09
 16.   78.   0.30947620E-02   0.00000000E+00  -0.21508728E-01   0.17451118E-09
 17.    1.  -0.31971457E-06   0.00000000E+00   0.13983030E-06  -0.32685896E-09
 17.    2.   0.87041344E-07   0.29281528E-06  -0.69982988E-07  -0.32685896E-09
 17.    3.   0.26860543E-06  -0.14551734E-06  -0.69964561E-07  -0.32685896E-09
 17.    4.  -0.22606715E-06  -0.22608235E-06   0.13988030E-06  -0.32685896E-09
 17.    5.  -0.14550276E-06   0.26859334E-06  -0.69914443E-07  -0.32685896E-09
 17.    6.   0.29282421E-06   0.87033298E-07  -0.69896024E-07  -0.32685896E-09
 17.    7.   0.10931536E-12  -0.31972076E-06   0.13993106E-06  -0.32685896E-09
 17.    8.  -0.29282414E-06   0.87033650E-07  -0.69894953E-07  -0.32685896E-09
 17.    9.   0.14550252E-06   0.26859371E-06  -0.69912951E-07  -0.32685896E-09
 17.   10.   0.22606676E-06  -0.22608198E-06   0.13988194E-06  -0.32685896E-09
 17.   11.  -0.26860539E-06  -0.14551717E-06  -0.69962986E-07  -0.32685896E-09
 17.   12.  -0.87041134E-07   0.29281523E-06  -0.69981166E-07  -0.32685896E-09
 17.   13.   0.31971477E-06   0.00000000E+00   0.13983201E-06  -0.32685896E-09
 17.   14.  -0.37804779E-04   0.00000000E+00   0.10092328E-03  -0.32685896E-09
 17.   15.   0.90303847E-05   0.39331352E-04  -0.50461729E-04  -0.32685896E-09
 17.   16.   0.34196918E-04  -0.21426026E-04  -0.50461707E-04  -0.32685896E-09
 17.   17.  -0.26732008E-04  -0.26732018E-04   0.10092335E-03  -0.32685896E-09
 17.   18.  -0.21426015E-04   0.34196914E-04  -0.50461639E-04  -0.32685896E-09
 17.   19.   0.39331360E-04   0.90303897E-05  -0.50461619E-04  -0.32685896E-09
 17.   20.   0.13515408E-11  -0.37804772E-04   0.10092341E-03  -0.32685896E-09
 17.   21.  -0.39331361E-04   0.90303871E-05  -0.50461612E-04  -0.32685896E-09
 17.   22.   0.21426013E-04   0.34196916E-04  -0.50461649E-04  -0.32685896E-09
 17.   23.   0.26732010E-04  -0.26732016E-04   0.10092334E-03  -0.32685896E-09
 17.   24.  -0.34196916E-04  -0.21426029E-04  -0.50461699E-04  -0.32685896E-09
 17.   25.  -0.90303873E-05   0.39331351E-04  -0.50461735E-04  -0.32685896E-09
 17.   26.   0.37804779E-04   0.00000000E+00   0.10092328E-03  -0.32685896E-09
 17.   27.  -0.45274996E-03   0.00000000E+00   0.21658225E-02  -0.32685896E-09
 17.   28.   0.91307415E-04   0.53388182E-03  -0.10829112E-02  -0.32685896E-09
 17.   29.   0.44207555E-03  -0.31294736E-03  -0.10829112E-02  -0.32685896E-09
 17.   30.  -0.32014256E-03  -0.32014257E-03   0.21658224E-02  -0.32685896E-09
 17.   31.  -0.31294736E-03   0.44207555E-03  -0.10829112E-02  -0.32685896E-09
 17.   32.   0.53388182E-03   0.91307436E-04  -0.10829113E-02  -0.32685896E-09
 17.   33.   0.21134266E-10  -0.45274995E-03   0.21658224E-02  -0.32685896E-09
 17.   34.  -0.53388183E-03   0.91307404E-04  -0.10829111E-02  -0.32685896E-09
 17.   35.   0.31294733E-03   0.44207556E-03  -0.10829114E-02  -0.32685896E-09
 17.   36.   0.32014259E-03  -0.32014254E-03   0.21658225E-02  -0.32685896E-09
 17.   37.  -0.44207553E-03  -0.31294739E-03  -0.10829111E-02  -0.32685896E-09
 17.   38.  -0.91307447E-04   0.53388180E-03  -0.10829114E-02  -0.32685896E-09
 17.   39.   0.45274996E-03   0.00000000E+00   0.21658225E-02  -0.32685896E-09
 17.   40.  -0.14911883E-02   0.00000000E+00   0.12440465E-01  -0.32685896E-09
 17.   41.   0.18039890E-03   0.22074967E-02  -0.62202324E-02  -0.32685896E-09
 17.   42.   0.16884971E-02  -0.14333746E-02  -0.62202325E-02  -0.32685896E-09
 17.   43.  -0.10544293E-02  -0.10544294E-02   0.12440465E-01  -0.32685896E-09
 17.   44.  -0.14333746E-02   0.16884971E-02  -0.62202323E-02  -0.32685896E-09
 17.   45.   0.22074966E-02   0.18039892E-03  -0.62202327E-02  -0.32685896E-09
 17.   46.   0.92514042E-10  -0.14911883E-02   0.12440465E-01  -0.32685896E-09
 17.   47.  -0.22074967E-02   0.18039881E-03  -0.62202318E-02  -0.32685896E-09
 17.   48.   0.14333745E-02   0.16884972E-02  -0.62202332E-02  -0.32685896E-09
 17.   49.   0.10544294E-02  -0.10544292E-02   0.12440465E-01  -0.32685896E-09
 17.   50.  -0.16884971E-02  -0.14333747E-02  -0.62202316E-02  -0.32685896E-09
 17.   51.  -0.18039901E-03   0.22074966E-02  -0.62202333E-02  -0.32685896E-09
 17.   52.   0.14911883E-02   0.00000000E+00   0.12440465E-01  -0.32685896E-09
 17.   53.  -0.28413688E-02   0.00000000E+00   0.34651558E-01  -0.32685896E-09
 17.   54.   0.24445432E-03   0.45767871E-02  -0.17325779E-01  -0.32685896E-09
 17.   55.   0.34091325E-02  -0.30634219E-02  -0.17325779E-01  -0.32685896E-09
 17.   56.  -0.20091511E-02  -0.20091512E-02   0.34651558E-01  -0.32685896E-09
 17.   57.  -0.30634220E-02   0.34091325E-02  -0.17325779E-01  -0.32685896E-09
 17.   58.   0.45767871E-02   0.24445435E-03  -0.17325780E-01  -0.32685896E-09
 17.   59.   0.19547081E-09  -0.28413688E-02   0.34651558E-01  -0.32685896E-09
 17.   60.  -0.45767872E-02   0.24445415E-03  -0.17325777E-01  -0.32685896E-09
 17.   61.   0.30634217E-02   0.34091325E-02  -0.17325781E-01  -0.32685896E-09
 17.   62.   0.20091514E-02  -0.20091509E-02   0.34651558E-01  -0.32685896E-09
 17.   63.  -0.34091325E-02  -0.30634221E-02  -0.17325777E-01  -0.32685896E-09
 17.   64.  -0.24445452E-03   0.45767870E-02  -0.17325782E-01  -0.32685896E-09
 17.   65.   0.28413688E-02   0.00000000E+00   0.34651558E-01  -0.32685896E-09
 17.   66.   0.28413688E-02   0.00000000E+00   0.34651558E-01  -0.32685896E-09
 17.   67.  -0.24445432E-03  -0.45767871E-02  -0.17325779E-01  -0.32685896E-09
 17.   68.  -0.34091325E-02   0.30634219E-02  -0.17325779E-01  -0.32685896E-09
 17.   69.   0.20091511E-02   0.20091512E-02   0.34651558E-01  -0.32685896E-09
 17.   70.   0.30634220E-02  -0.34091325E-02  -0.17325779E-01  -0.32685896E-09
 17.   71.  -0.45767871E-02  -0.24445435E-03  -0.17325780E-01  -0.32685896E-09
 17.   72.  -0.19549189E-09   0.28413688E-02   0.34651558E-01  -0.32685896E-09
 17.   73.   0.45767872E-02  -0.24445415E-03  -0.17325777E-01  -0.32685896E-09
 17.   74.  -0.30634217E-02  -0.34091325E-02  -0.17325781E-01  -0.32685896E-09
 17.   75.  -0.20091514E-02   0.20091509E-02   0.34651558E-01  -0.32685896E-09
 17.   76.   0.34091325E-02   0.30634221E-02  -0.17325777E-01  -0.32685896E-09
 17.   77.   0.24445452E-03  -0.45767870E-02  -0.17325782E-01  -0.32685896E-09
 17.   78.  -0.28413688E-02   0.00000000E+00   0.34651558E-01  -0.32685896E-09
 18.    1.   0.84254594E-03   0.00000000E+00  -0.13723164E-01  -0.15337873E-09
 18.    2.   0.10937424E-02  -0.12626884E-02  -0.11884609E-01  -0.15337873E-09
 18.    3.   0.16662482E-02  -0.20434805E-02  -0.68615823E-02  -0.15337873E-09
 18.    4.   0.21252019E-02  -0.21252019E-02  -0.68754898E-10  -0.15337873E-09
 18.    5.   0.20434805E-02  -0.16662482E-02   0.68615822E-02  -0.15337873E-09
 18.    6.   0.12626884E-02  -0.10937424E-02   0.11884609E-01  -0.15337873E-09
 18.    7.   0.27054085E-10  -0.84254594E-03   0.13723165E-01  -0.15337873E-09
 18.    8.  -0.12626884E-02  -0.10937423E-02   0.11884609E-01  -0.15337873E-09
 18.    9.  -0.20434805E-02  -0.16662481E-02   0.68615824E-02  -0.15337873E-09
 18.   10.  -0.21252019E-02  -0.21252019E-02   0.21794880E-09  -0.15337873E-09
 18.   11.  -0.16662482E-02  -0.20434806E-02  -0.68615820E-02  -0.15337873E-09
 18.   12.  -0.10937424E-02  -0.12626884E-02  -0.11884609E-01  -0.15337873E-09
 18.   13.  -0.84254594E-03   0.00000000E+00  -0.13723164E-01  -0.15337873E-09
 18.   14.  -0.96800443E-03   0.00000000E+00  -0.17507309E-01  -0.15337873E-09
 18.   15.  -0.57877268E-03  -0.10789969E-02  -0.15161774E-01  -0.15337873E-09
 18.   16.   0.35371196E-03  -0.15806515E-02  -0.87536545E-02  -0.15337873E-09
 18.   17.   0.12620917E-02  -0.12620917E-02  -0.88673918E-10  -0.15337873E-09
 18.   18.   0.15806515E-02  -0.35371198E-03   0.87536544E-02  -0.15337873E-09
 18.   19.   0.10789969E-02   0.57877267E-03   0.15161774E-01  -0.15337873E-09
 18.   20.   0.23625102E-10   0.96800443E-03   0.17507309E-01  -0.15337873E-09
 18.   21.  -0.10789969E-02   0.57877270E-03   0.15161774E-01  -0.15337873E-09
 18.   22.  -0.15806515E-02  -0.35371193E-03   0.87536547E-02  -0.15337873E-09
 18.   23.  -0.12620917E-02  -0.12620917E-02   0.27508177E-09  -0.15337873E-09
 18.   24.  -0.35371200E-03  -0.15806515E-02  -0.87536542E-02  -0.15337873E-09
 18.   25.   0.57877265E-03  -0.10789970E-02  -0.15161774E-01  -0.15337873E-09
 18.   26.   0.96800443E-03   0.00000000E+00  -0.17507309E-01  -0.15337873E-09
 18.   27.  -0.19952313E-02   0.00000000E+00   0.33834044E-02  -0.15337873E-09
 18.   28.  -0.16976776E-02  -0.34035524E-03   0.29301141E-02  -0.15337873E-09
 18.   29.  -0.95977182E-03  -0.33285778E-03   0.16917022E-02  -0.15337873E-09
 18.   30.  -0.15645922E-03   0.15645920E-03   0.11828094E-10  -0.15337873E-09
 18.   31.   0.33285778E-03   0.95977181E-03  -0.16917022E-02  -0.15337873E-09
 18.   32.   0.34035524E-03   0.16976776E-02  -0.29301141E-02  -0.15337873E-09
 18.   33.   0.79625830E-11   0.19952313E-02  -0.33834044E-02  -0.15337873E-09
 18.   34.  -0.34035524E-03   0.16976776E-02  -0.29301142E-02  -0.15337873E-09
 18.   35.  -0.33285779E-03   0.95977185E-03  -0.16917022E-02  -0.15337873E-09
 18.   36.   0.15645919E-03   0.15645923E-03  -0.57452568E-10  -0.15337873E-09
 18.   37.   0.95977179E-03  -0.33285777E-03   0.16917021E-02  -0.15337873E-09
 18.   38.   0.16976775E-02  -0.34035525E-03   0.29301141E-02  -0.15337873E-09
 18.   39.   0.19952313E-02   0.00000000E+00   0.33834044E-02  -0.15337873E-09
 18.   40.   0.12310094E-02   0.00000000E+00   0.88335446E-02  -0.15337873E-09
 18.   41.   0.97482998E-03   0.48092257E-03   0.76500741E-02  -0.15337873E-09
 18.   42.   0.34924528E-03   0.62609879E-03   0.44167723E-02  -0.15337873E-09
 18.   43.  -0.30013990E-03   0.30013992E-03   0.24400169E-10  -0.15337873E-09
 18.   44.  -0.62609879E-03  -0.34924528E-03  -0.44167723E-02  -0.15337873E-09
 18.   45.  -0.48092258E-03  -0.97482998E-03  -0.76500740E-02  -0.15337873E-09
 18.   46.  -0.11112814E-10  -0.12310094E-02  -0.88335446E-02  -0.15337873E-09
 18.   47.   0.48092256E-03  -0.97483000E-03  -0.76500741E-02  -0.15337873E-09
 18.   48.   0.62609879E-03  -0.34924530E-03  -0.44167724E-02  -0.15337873E-09
 18.   49.   0.30013992E-03   0.30013990E-03  -0.15995062E-09  -0.15337873E-09
 18.   50.  -0.34924525E-03   0.62609879E-03   0.44167722E-02  -0.15337873E-09
 18.   51.  -0.97482996E-03   0.48092258E-03   0.76500740E-02  -0.15337873E-09
 18.   52.  -0.12310094E-02   0.00000000E+00   0.88335446E-02  -0.15337873E-09
 18.   53.   0.24522537E-02   0.00000000E+00  -0.14287120E-01  -0.15337873E-09
 18.   54.   0.21131278E-02   0.31910063E-03  -0.12373009E-01  -0.15337873E-09
 18.   55.   0.12685688E-02   0.25502819E-03  -0.71435601E-02  -0.15337873E-09
 18.   56.   0.33755888E-03  -0.33755886E-03  -0.12644611E-09  -0.15337873E-09
 18.   57.  -0.25502817E-03  -0.12685688E-02   0.71435601E-02  -0.15337873E-09
 18.   58.  -0.31910065E-03  -0.21131278E-02   0.12373009E-01  -0.15337873E-09
 18.   59.  -0.79182111E-11  -0.24522537E-02   0.14287120E-01  -0.15337873E-09
 18.   60.   0.31910064E-03  -0.21131278E-02   0.12373009E-01  -0.15337873E-09
 18.   61.   0.25502819E-03  -0.12685688E-02   0.71435603E-02  -0.15337873E-09
 18.   62.  -0.33755885E-03  -0.33755889E-03   0.16857972E-09  -0.15337873E-09
 18.   63.  -0.12685687E-02   0.25502817E-03  -0.71435598E-02  -0.15337873E-09
 18.   64.  -0.21131278E-02   0.31910064E-03  -0.12373009E-01  -0.15337873E-09
 18.   65.  -0.24522537E-02   0.00000000E+00  -0.14287120E-01  -0.15337873E-09
 18.   66.  -0.24522537E-02   0.00000000E+00  -0.14287120E-01  -0.15337873E-09
 18.   67.  -0.21131278E-02  -0.31910063E-03  -0.12373009E-01  -0.15337873E-09
 18.   68.  -0.12685688E-02  -0.25502819E-03  -0.71435601E-02  -0.15337873E-09
 18.   69.  -0.33755888E-03   0.33755886E-03  -0.12643266E-09  -0.15337873E-09
 18.   70.   0.25502817E-03   0.12685688E-02   0.71435601E-02  -0.15337873E-09
 18.   71.   0.31910065E-03   0.21131278E-02   0.12373009E-01  -0.15337873E-09
 18.   72.   0.79140491E-11   0.24522537E-02   0.14287120E-01  -0.15337873E-09
 18.   73.  -0.31910064E-03   0.21131278E-02   0.12373009E-01  -0.15337873E-09
 18.   74.  -0.25502819E-03   0.12685688E-02   0.71435603E-02  -0.15337873E-09
 18.   75.   0.33755885E-03   0.33755889E-03   0.16858943E-09  -0.15337873E-09
 18.   76.   0.12685687E-02  -0.25502817E-03  -0.71435598E-02  -0.15337873E-09
 18.   77.   0.21131278E-02  -0.31910064E-03  -0.12373009E-01  -0.15337873E-09
 18.   78.   0.24522537E-02   0.00000000E+00  -0.14287120E-01  -0.15337873E-09
 19.    1.  -0.90395352E-04   0.00000000E+00   0.12552689E-03  -0.21393329E-08
 19.    2.  -0.47845644E-04   0.88167029E-04   0.32488763E-04  -0.21393329E-08
 19.    3.   0.42549710E-04   0.82871092E-04  -0.10870945E-03  -0.21393329E-08
 19.    4.   0.95691294E-04  -0.52959348E-05  -0.88760891E-04  -0.21393329E-08
 19.    5.   0.53141585E-04  -0.82871087E-04   0.62763450E-04  -0.21393329E-08
 19.    6.  -0.47845645E-04  -0.77575150E-04   0.12124966E-03  -0.21393329E-08
 19.    7.  -0.10098723E-03   0.98144642E-12   0.17217675E-10  -0.21393329E-08
 19.    8.  -0.47845649E-04   0.77575153E-04  -0.12124963E-03  -0.21393329E-08
 19.    9.   0.53141580E-04   0.82871093E-04  -0.62763427E-04  -0.21393329E-08
 19.   10.   0.95691291E-04   0.52959426E-05   0.88760916E-04  -0.21393329E-08
 19.   11.   0.42549710E-04  -0.82871086E-04   0.10870948E-03  -0.21393329E-08
 19.   12.  -0.47845645E-04  -0.88167028E-04  -0.32488724E-04  -0.21393329E-08
 19.   13.  -0.90395356E-04   0.00000000E+00  -0.12552686E-03  -0.21393329E-08
 19.   14.  -0.78988317E-03   0.00000000E+00   0.41500476E-02  -0.21393329E-08
 19.   15.  -0.46108047E-03   0.93089257E-03   0.10741114E-02  -0.21393329E-08
 19.   16.   0.32880270E-03   0.79861480E-03  -0.35940467E-02  -0.21393329E-08
 19.   17.   0.92216094E-03  -0.13227776E-03  -0.29345269E-02  -0.21393329E-08
 19.   18.   0.59335824E-03  -0.79861480E-03   0.20750238E-02  -0.21393329E-08
 19.   19.  -0.46108046E-03  -0.66633704E-03   0.40086382E-02  -0.21393329E-08
 19.   20.  -0.10544387E-02  -0.14269303E-10   0.10282396E-09  -0.21393329E-08
 19.   21.  -0.46108050E-03   0.66633702E-03  -0.40086381E-02  -0.21393329E-08
 19.   22.   0.59335821E-03   0.79861481E-03  -0.20750240E-02  -0.21393329E-08
 19.   23.   0.92216094E-03   0.13227780E-03   0.29345267E-02  -0.21393329E-08
 19.   24.   0.32880273E-03  -0.79861477E-03   0.35940468E-02  -0.21393329E-08
 19.   25.  -0.46108044E-03  -0.93089258E-03  -0.10741112E-02  -0.21393329E-08
 19.   26.  -0.78988317E-03   0.00000000E+00  -0.41500476E-02  -0.21393329E-08
 19.   27.  -0.66413452E-03   0.00000000E+00   0.14481541E-01  -0.21393329E-08
 19.   28.  -0.75732131E-03   0.21622271E-02   0.37480987E-02  -0.21393329E-08
 19.   29.  -0.93186788E-04   0.13117190E-02  -0.12541383E-01  -0.21393329E-08
 19.   30.   0.15146426E-02  -0.85050808E-03  -0.10239996E-01  -0.21393329E-08
 19.   31.   0.16078294E-02  -0.13117190E-02   0.72407705E-02  -0.21393329E-08
 19.   32.  -0.75732128E-03  -0.46121090E-03   0.13988095E-01  -0.21393329E-08
 19.   33.  -0.23651507E-02  -0.62721469E-11   0.37838636E-09  -0.21393329E-08
 19.   34.  -0.75732139E-03   0.46121086E-03  -0.13988095E-01  -0.21393329E-08
 19.   35.   0.16078294E-02   0.13117190E-02  -0.72407711E-02  -0.21393329E-08
 19.   36.   0.15146427E-02   0.85050814E-03   0.10239996E-01  -0.21393329E-08
 19.   37.  -0.93186732E-04  -0.13117189E-02   0.12541383E-01  -0.21393329E-08
 19.   38.  -0.75732130E-03  -0.21622271E-02  -0.37480980E-02  -0.21393329E-08
 19.   39.  -0.66413452E-03   0.00000000E+00  -0.14481541E-01  -0.21393329E-08
 19.   40.   0.17513480E-02   0.00000000E+00   0.91739198E-02  -0.21393329E-08
 19.   41.   0.16275971E-03   0.11439205E-02   0.23743852E-02  -0.21393329E-08
 19.   42.  -0.15885883E-02  -0.28190809E-03  -0.79448476E-02  -0.21393329E-08
 19.   43.  -0.32551944E-03  -0.14258286E-02  -0.64869410E-02  -0.21393329E-08
 19.   44.   0.12630689E-02   0.28190806E-03   0.45869598E-02  -0.21393329E-08
 19.   45.   0.16275973E-03   0.17077367E-02   0.88613261E-02  -0.21393329E-08
 19.   46.  -0.11003092E-02   0.53013215E-10   0.24402373E-09  -0.21393329E-08
 19.   47.   0.16275965E-03  -0.17077367E-02  -0.88613260E-02  -0.21393329E-08
 19.   48.   0.12630689E-02  -0.28190816E-03  -0.45869602E-02  -0.21393329E-08
 19.   49.  -0.32551935E-03   0.14258286E-02   0.64869407E-02  -0.21393329E-08
 19.   50.  -0.15885883E-02   0.28190817E-03   0.79448478E-02  -0.21393329E-08
 19.   51.   0.16275961E-03  -0.11439205E-02  -0.23743847E-02  -0.21393329E-08
 19.   52.   0.17513480E-02   0.00000000E+00  -0.91739198E-02  -0.21393329E-08
 19.   53.   0.25970823E-02   0.00000000E+00  -0.16370767E-01  -0.21393329E-08
 19.   54.   0.99483147E-03  -0.11156793E-02  -0.42370662E-02  -0.21393329E-08
 19.   55.  -0.16022508E-02  -0.17230986E-02   0.14177500E-01  -0.21393329E-08
 19.   56.  -0.19896629E-02  -0.60741936E-03   0.11575880E-01  -0.21393329E-08
 19.   57.  -0.38741214E-03   0.17230986E-02  -0.81853832E-02  -0.21393329E-08
 19.   58.   0.99483146E-03   0.23305180E-02  -0.15812946E-01  -0.21393329E-08
 19.   59.   0.13822436E-02   0.62676188E-10  -0.43630937E-09  -0.21393329E-08
 19.   60.   0.99483149E-03  -0.23305180E-02   0.15812946E-01  -0.21393329E-08
 19.   61.  -0.38741207E-03  -0.17230987E-02   0.81853839E-02  -0.21393329E-08
 19.   62.  -0.19896629E-02   0.60741928E-03  -0.11575880E-01  -0.21393329E-08
 19.   63.  -0.16022509E-02   0.17230986E-02  -0.14177500E-01  -0.21393329E-08
 19.   64.   0.99483135E-03   0.11156793E-02   0.42370654E-02  -0.21393329E-08
 19.   65.   0.25970823E-02   0.00000000E+00   0.16370767E-01  -0.21393329E-08
 19.   66.  -0.25970823E-02   0.00000000E+00  -0.16370767E-01  -0.21393329E-08
 19.   67.  -0.99483147E-03   0.11156793E-02  -0.42370662E-02  -0.21393329E-08
 19.   68.   0.16022508E-02   0.17230986E-02   0.14177500E-01  -0.21393329E-08
 19.   69.   0.19896629E-02   0.60741936E-03   0.11575880E-01  -0.21393329E-08
 19.   70.   0.38741214E-03  -0.17230986E-02  -0.81853832E-02  -0.21393329E-08
 19.   71.  -0.99483146E-03  -0.23305180E-02  -0.15812946E-01  -0.21393329E-08
 19.   72.  -0.13822436E-02  -0.61192602E-10  -0.43640116E-09  -0.21393329E-08
 19.   73.  -0.99483149E-03   0.23305180E-02   0.15812946E-01  -0.21393329E-08
 19.   74.   0.38741207E-03   0.17230987E-02   0.81853839E-02  -0.21393329E-08
 19.   75.   0.19896629E-02  -0.60741928E-03  -0.11575880E-01  -0.21393329E-08
 19.   76.   0.16022509E-02  -0.17230986E-02  -0.14177500E-01  -0.21393329E-08
 19.   77.  -0.99483136E-03  -0.11156793E-02   0.42370654E-02  -0.21393329E-08
 19.   78.  -0.25970823E-02   0.00000000E+00   0.16370767E-01  -0.21393329E-08
 20.    1.  -0.84572713E-03   0.00000000E+00  -0.54115822E-02   0.10000000E+01
 20.    2.  -0.81690967E-03  -0.21889029E-03  -0.54115822E-02   0.10000000E+01
 20.    3.  -0.73242118E-03  -0.42286356E-03  -0.54115822E-02   0.10000000E+01
 20.    4.  -0.59801939E-03  -0.59801939E-03  -0.54115822E-02   0.10000000E+01
 20.    5.  -0.42286357E-03  -0.73242118E-03  -0.54115822E-02   0.10000000E+01
 20.    6.  -0.21889029E-03  -0.81690967E-03  -0.54115822E-02   0.10000000E+01
 20.    7.  -0.44079908E-11  -0.84572713E-03  -0.54115822E-02   0.10000000E+01
 20.    8.   0.21889028E-03  -0.81690968E-03  -0.54115822E-02   0.10000000E+01
 20.    9.   0.42286356E-03  -0.73242118E-03  -0.54115822E-02   0.10000000E+01
 20.   10.   0.59801938E-03  -0.59801939E-03  -0.54115822E-02   0.10000000E+01
 20.   11.   0.73242117E-03  -0.42286357E-03  -0.54115822E-02   0.10000000E+01
 20.   12.   0.81690967E-03  -0.21889030E-03  -0.54115822E-02   0.10000000E+01
 20.   13.   0.84572713E-03   0.00000000E+00  -0.54115822E-02   0.10000000E+01
 20.   14.  -0.32431679E-03   0.00000000E+00   0.17441692E-02   0.10000000E+01
 20.   15.  -0.31326596E-03  -0.83939361E-04   0.17441692E-02   0.10000000E+01
 20.   16.  -0.28086658E-03  -0.16215839E-03   0.17441692E-02   0.10000000E+01
 20.   17.  -0.22932660E-03  -0.22932660E-03   0.17441692E-02   0.10000000E+01
 20.   18.  -0.16215839E-03  -0.28086658E-03   0.17441692E-02   0.10000000E+01
 20.   19.  -0.83939362E-04  -0.31326596E-03   0.17441692E-02   0.10000000E+01
 20.   20.  -0.18139197E-11  -0.32431679E-03   0.17441692E-02   0.10000000E+01
 20.   21.   0.83939359E-04  -0.31326596E-03   0.17441692E-02   0.10000000E+01
 20.   22.   0.16215839E-03  -0.28086658E-03   0.17441692E-02   0.10000000E+01
 20.   23.   0.22932660E-03  -0.22932660E-03   0.17441692E-02   0.10000000E+01
 20.   24.   0.28086658E-03  -0.16215840E-03   0.17441692E-02   0.10000000E+01
 20.   25.   0.31326596E-03  -0.83939365E-04   0.17441692E-02   0.10000000E+01
 20.   26.   0.32431679E-03   0.00000000E+00   0.17441692E-02   0.10000000E+01
 20.   27.   0.38116389E-03   0.00000000E+00   0.54329569E-03   0.10000000E+01
 20.   28.   0.36817604E-03   0.98652473E-04   0.54329569E-03   0.10000000E+01
 20.   29.   0.33009761E-03   0.19058194E-03   0.54329569E-03   0.10000000E+01
 20.   30.   0.26952357E-03   0.26952357E-03   0.54329569E-03   0.10000000E+01
 20.   31.   0.19058194E-03   0.33009761E-03   0.54329569E-03   0.10000000E+01
 20.   32.   0.98652474E-04   0.36817604E-03   0.54329569E-03   0.10000000E+01
 20.   33.   0.17181905E-11   0.38116389E-03   0.54329569E-03   0.10000000E+01
 20.   34.  -0.98652470E-04   0.36817604E-03   0.54329569E-03   0.10000000E+01
 20.   35.  -0.19058194E-03   0.33009761E-03   0.54329569E-03   0.10000000E+01
 20.   36.  -0.26952357E-03   0.26952357E-03   0.54329569E-03   0.10000000E+01
 20.   37.  -0.33009761E-03   0.19058195E-03   0.54329569E-03   0.10000000E+01
 20.   38.  -0.36817604E-03   0.98652477E-04   0.54329569E-03   0.10000000E+01
 20.   39.  -0.38116389E-03   0.00000000E+00   0.54329569E-03   0.10000000E+01
 20.   40.  -0.13134343E-03   0.00000000E+00  -0.15673737E-02   0.10000000E+01
 20.   41.  -0.12686801E-03  -0.33994182E-04  -0.15673737E-02   0.10000000E+01
 20.   42.  -0.11374675E-03  -0.65671716E-04  -0.15673737E-02   0.10000000E+01
 20.   43.  -0.92873832E-04  -0.92873832E-04  -0.15673737E-02   0.10000000E+01
 20.   44.  -0.65671716E-04  -0.11374675E-03  -0.15673737E-02   0.10000000E+01
 20.   45.  -0.33994182E-04  -0.12686801E-03  -0.15673737E-02   0.10000000E+01
 20.   46.  -0.76226761E-12  -0.13134343E-03  -0.15673737E-02   0.10000000E+01
 20.   47.   0.33994181E-04  -0.12686801E-03  -0.15673737E-02   0.10000000E+01
 20.   48.   0.65671715E-04  -0.11374675E-03  -0.15673737E-02   0.10000000E+01
 20.   49.   0.92873831E-04  -0.92873832E-04  -0.15673737E-02   0.10000000E+01
 20.   50.   0.11374675E-03  -0.65671717E-04  -0.15673737E-02   0.10000000E+01
 20.   51.   0.12686801E-03  -0.33994183E-04  -0.15673737E-02   0.10000000E+01
 20.   52.   0.13134343E-03   0.00000000E+00  -0.15673737E-02   0.10000000E+01
 20.   53.  -0.43508424E-03   0.00000000E+00   0.22557852E-02   0.10000000E+01
 20.   54.  -0.42025911E-03  -0.11260809E-03   0.22557852E-02   0.10000000E+01
 20.   55.  -0.37679401E-03  -0.21754212E-03   0.22557852E-02   0.10000000E+01
 20.   56.  -0.30765102E-03  -0.30765102E-03   0.22557852E-02   0.10000000E+01
 20.   57.  -0.21754212E-03  -0.37679401E-03   0.22557852E-02   0.10000000E+01
 20.   58.  -0.11260809E-03  -0.42025911E-03   0.22557852E-02   0.10000000E+01
 20.   59.  -0.19840034E-11  -0.43508424E-03   0.22557852E-02   0.10000000E+01
 20.   60.   0.11260809E-03  -0.42025911E-03   0.22557852E-02   0.10000000E+01
 20.   61.   0.21754212E-03  -0.37679401E-03   0.22557852E-02   0.10000000E+01
 20.   62.   0.30765102E-03  -0.30765102E-03   0.22557852E-02   0.10000000E+01
 20.   63.   0.37679400E-03  -0.21754213E-03   0.22557852E-02   0.10000000E+01
 20.   64.   0.42025911E-03  -0.11260809E-03   0.22557852E-02   0.10000000E+01
 20.   65.   0.43508424E-03   0.00000000E+00   0.22557852E-02   0.10000000E+01
 20.   66.   0.43508424E-03   0.00000000E+00   0.22557852E-02   0.10000000E+01
 20.   67.   0.42025911E-03   0.11260809E-03   0.22557852E-02   0.10000000E+01
 20.   68.   0.37679401E-03   0.21754212E-03   0.22557852E-02   0.10000000E+01
 20.   69.   0.30765102E-03   0.30765102E-03   0.22557852E-02   0.10000000E+01
 20.   70.   0.21754212E-03   0.37679401E-03   0.22557852E-02   0.10000000E+01
 20.   71.   0.11260809E-03   0.42025911E-03   0.22557852E-02   0.10000000E+01
 20.   72.   0.18003269E-11   0.43508424E-03   0.22557852E-02   0.10000000E+01
 20.   73.  -0.11260809E-03   0.42025911E-03   0.22557852E-02   0.10000000E+01
 20.   74.  -0.21754212E-03   0.37679401E-03   0.22557852E-02   0.10000000E+01
 20.   75.  -0.30765102E-03   0.30765102E-03   0.22557852E-02   0.10000000E+01
 20.   76.  -0.37679400E-03   0.21754213E-03   0.22557852E-02   0.10000000E+01
 20.   77.  -0.42025911E-03   0.11260809E-03   0.22557852E-02   0.10000000E+01
 20.   78.  -0.43508424E-03   0.00000000E+00   0.22557852E-02   0.10000000E+01
 21.    1.   0.67076554E-07   0.00000000E+00  -0.21715691E-07  -0.37449867E-08
 21.    2.  -0.34419736E-07  -0.54804203E-07   0.15347184E-07  -0.37449867E-08
 21.    3.  -0.31129461E-07   0.53920621E-07   0.29640018E-11  -0.37449867E-08
 21.    4.   0.64670926E-07   0.24069704E-08  -0.15341690E-07  -0.37449867E-08
 21.    5.  -0.33537438E-07  -0.58091226E-07   0.21720286E-07  -0.37449867E-08
 21.    6.  -0.30249803E-07   0.57209059E-07  -0.15340063E-07  -0.37449867E-08
 21.    7.   0.62263135E-07  -0.24834190E-12   0.84606267E-11  -0.37449867E-08
 21.    8.  -0.30252460E-07  -0.57209599E-07   0.15356911E-07  -0.37449867E-08
 21.    9.  -0.33539184E-07   0.58093141E-07  -0.21702002E-07  -0.37449867E-08
 21.   10.   0.64670282E-07  -0.24055260E-08   0.15360369E-07  -0.37449867E-08
 21.   11.  -0.31132440E-07  -0.53920746E-07   0.12494129E-10  -0.37449867E-08
 21.   12.  -0.34422282E-07   0.54801660E-07  -0.15339888E-07  -0.37449867E-08
 21.   13.   0.67074903E-07   0.00000000E+00   0.21718472E-07  -0.37449867E-08
 21.   14.   0.16572419E-04   0.00000000E+00  -0.39517146E-04  -0.37449867E-08
 21.   15.  -0.80139115E-05  -0.15368373E-04   0.27942831E-04  -0.37449867E-08
 21.   16.  -0.90301438E-05   0.15640672E-04  -0.39969013E-11  -0.37449867E-08
 21.   17.   0.17316359E-04  -0.74393217E-06  -0.27942837E-04  -0.37449867E-08
 21.   18.  -0.82862082E-05  -0.14352134E-04   0.39517137E-04  -0.37449867E-08
 21.   19.  -0.93024422E-05   0.14624438E-04  -0.27942836E-04  -0.37449867E-08
 21.   20.   0.18060293E-04   0.15752992E-11  -0.27997114E-11  -0.37449867E-08
 21.   21.  -0.93024454E-05  -0.14624438E-04   0.27942832E-04  -0.37449867E-08
 21.   22.  -0.82862104E-05   0.14352139E-04  -0.39517144E-04  -0.37449867E-08
 21.   23.   0.17316357E-04   0.74393560E-06   0.27942832E-04  -0.37449867E-08
 21.   24.  -0.90301442E-05  -0.15640673E-04   0.30959792E-11  -0.37449867E-08
 21.   25.  -0.80139134E-05   0.15368370E-04  -0.27942844E-04  -0.37449867E-08
 21.   26.   0.16572419E-04   0.00000000E+00   0.39517131E-04  -0.37449867E-08
 21.   27.   0.28927877E-03   0.00000000E+00  -0.12389829E-02  -0.37449867E-08
 21.   28.  -0.13093852E-03  -0.30165512E-03   0.87609324E-03  -0.37449867E-08
 21.   29.  -0.18207087E-03   0.31535599E-03   0.26125249E-11  -0.37449867E-08
 21.   30.   0.32671025E-03  -0.37431471E-04  -0.87609326E-03  -0.37449867E-08
 21.   31.  -0.14463938E-03  -0.25052277E-03   0.12389829E-02  -0.37449867E-08
 21.   32.  -0.19577175E-03   0.26422364E-03  -0.87609321E-03  -0.37449867E-08
 21.   33.   0.36414173E-03   0.12050874E-10  -0.61781183E-10  -0.37449867E-08
 21.   34.  -0.19577172E-03  -0.26422365E-03   0.87609329E-03  -0.37449867E-08
 21.   35.  -0.14463941E-03   0.25052276E-03  -0.12389829E-02  -0.37449867E-08
 21.   36.   0.32671026E-03   0.37431502E-04   0.87609319E-03  -0.37449867E-08
 21.   37.  -0.18207085E-03  -0.31535600E-03   0.11297549E-09  -0.37449867E-08
 21.   38.  -0.13093854E-03   0.30165510E-03  -0.87609332E-03  -0.37449867E-08
 21.   39.   0.28927877E-03   0.00000000E+00   0.12389829E-02  -0.37449867E-08
 21.   40.   0.11518224E-02   0.00000000E+00  -0.87258880E-02  -0.37449867E-08
 21.   41.  -0.44034838E-03  -0.15034348E-02   0.61701346E-02  -0.37449867E-08
 21.   42.  -0.94627570E-03   0.16389976E-02   0.28381581E-10  -0.37449867E-08
 21.   43.   0.15221869E-02  -0.37036447E-03  -0.61701347E-02  -0.37449867E-08
 21.   44.  -0.57591116E-03  -0.99750747E-03   0.87258880E-02  -0.37449867E-08
 21.   45.  -0.10818385E-02   0.11330703E-02  -0.61701344E-02  -0.37449867E-08
 21.   46.   0.18925514E-02   0.42061496E-10  -0.40541586E-09  -0.37449867E-08
 21.   47.  -0.10818384E-02  -0.11330703E-02   0.61701350E-02  -0.37449867E-08
 21.   48.  -0.57591130E-03   0.99750739E-03  -0.87258880E-02  -0.37449867E-08
 21.   49.   0.15221869E-02   0.37036460E-03   0.61701341E-02  -0.37449867E-08
 21.   50.  -0.94627562E-03  -0.16389976E-02   0.80080056E-09  -0.37449867E-08
 21.   51.  -0.44034847E-03   0.15034347E-02  -0.61701352E-02  -0.37449867E-08
 21.   52.   0.11518224E-02   0.00000000E+00   0.87258880E-02  -0.37449867E-08
 21.   53.   0.23857718E-02   0.00000000E+00  -0.26668818E-01  -0.37449867E-08
 21.   54.  -0.83996194E-03  -0.33832690E-02   0.18857702E-01  -0.37449867E-08
 21.   55.  -0.21570920E-02   0.37361930E-02   0.87414765E-10  -0.37449867E-08
 21.   56.   0.33499779E-02  -0.96420607E-03  -0.18857702E-01  -0.37449867E-08
 21.   57.  -0.11928858E-02  -0.20661390E-02   0.26668818E-01  -0.37449867E-08
 21.   58.  -0.25100160E-02   0.24190629E-02  -0.18857701E-01  -0.37449867E-08
 21.   59.   0.43141840E-02   0.89101297E-10  -0.12558402E-08  -0.37449867E-08
 21.   60.  -0.25100157E-02  -0.24190629E-02   0.18857703E-01  -0.37449867E-08
 21.   61.  -0.11928861E-02   0.20661388E-02  -0.26668818E-01  -0.37449867E-08
 21.   62.   0.33499780E-02   0.96420635E-03   0.18857701E-01  -0.37449867E-08
 21.   63.  -0.21570919E-02  -0.37361931E-02   0.24014755E-08  -0.37449867E-08
 21.   64.  -0.83996213E-03   0.33832688E-02  -0.18857704E-01  -0.37449867E-08
 21.   65.   0.23857718E-02   0.00000000E+00   0.26668818E-01  -0.37449867E-08
 21.   66.  -0.23857718E-02   0.00000000E+00  -0.26668818E-01  -0.37449867E-08
 21.   67.   0.83996195E-03   0.33832690E-02   0.18857702E-01  -0.37449867E-08
 21.   68.   0.21570920E-02  -0.37361930E-02   0.85796361E-10  -0.37449867E-08
 21.   69.  -0.33499779E-02   0.96420607E-03  -0.18857702E-01  -0.37449867E-08
 21.   70.   0.11928858E-02   0.20661390E-02   0.26668818E-01  -0.37449867E-08
 21.   71.   0.25100160E-02  -0.24190629E-02  -0.18857701E-01  -0.37449867E-08
 21.   72.  -0.43141840E-02  -0.92205535E-10  -0.12554286E-08  -0.37449867E-08
 21.   73.   0.25100157E-02   0.24190629E-02   0.18857703E-01  -0.37449867E-08
 21.   74.   0.11928861E-02  -0.20661388E-02  -0.26668818E-01  -0.37449867E-08
 21.   75.  -0.33499780E-02  -0.96420635E-03   0.18857701E-01  -0.37449867E-08
 21.   76.   0.21570919E-02   0.37361931E-02   0.24007267E-08  -0.37449867E-08
 21.   77.   0.83996214E-03  -0.33832688E-02  -0.18857704E-01  -0.37449867E-08
 21.   78.  -0.23857718E-02   0.00000000E+00   0.26668818E-01  -0.37449867E-08
 22.    1.   0.81913129E-03   0.00000000E+00  -0.42998904E-02  -0.68228826E-08
 22.    2.   0.84211074E-03  -0.90489177E-03  -0.30404817E-02  -0.68228826E-08
 22.    3.   0.77216953E-03  -0.13374369E-02  -0.36800109E-10  -0.68228826E-08
 22.    4.   0.36260389E-03  -0.11817352E-02   0.30404816E-02  -0.68228826E-08
 22.    5.  -0.40956565E-03  -0.70938853E-03   0.42998904E-02  -0.68228826E-08
 22.    6.  -0.12047146E-02  -0.27684343E-03   0.30404816E-02  -0.68228826E-08
 22.    7.  -0.15443391E-02  -0.10750119E-10   0.51603282E-10  -0.68228826E-08
 22.    8.  -0.12047147E-02   0.27684340E-03  -0.30404816E-02  -0.68228826E-08
 22.    9.  -0.40956567E-03   0.70938851E-03  -0.42998904E-02  -0.68228826E-08
 22.   10.   0.36260387E-03   0.11817352E-02  -0.30404817E-02  -0.68228826E-08
 22.   11.   0.77216953E-03   0.13374369E-02  -0.77079866E-10  -0.68228826E-08
 22.   12.   0.84211074E-03   0.90489181E-03   0.30404816E-02  -0.68228826E-08
 22.   13.   0.81913129E-03   0.00000000E+00   0.42998904E-02  -0.68228826E-08
 22.   14.   0.20264224E-03   0.00000000E+00  -0.13757013E-01  -0.68228826E-08
 22.   15.   0.52110455E-03  -0.13911598E-02  -0.97276773E-02  -0.68228826E-08
 22.   16.   0.10455485E-02  -0.18109432E-02  -0.15764779E-11  -0.68228826E-08
 22.   17.   0.94422743E-03  -0.11468697E-02   0.97276772E-02  -0.68228826E-08
 22.   18.  -0.10132111E-03  -0.17549334E-03   0.13757013E-01  -0.68228826E-08
 22.   19.  -0.14653320E-02   0.24429009E-03   0.97276774E-02  -0.68228826E-08
 22.   20.  -0.20910971E-02   0.54155223E-11   0.22367998E-09  -0.68228826E-08
 22.   21.  -0.14653320E-02  -0.24429010E-03  -0.97276771E-02  -0.68228826E-08
 22.   22.  -0.10132117E-03   0.17549332E-03  -0.13757013E-01  -0.68228826E-08
 22.   23.   0.94422739E-03   0.11468696E-02  -0.97276775E-02  -0.68228826E-08
 22.   24.   0.10455485E-02   0.18109432E-02  -0.40825388E-09  -0.68228826E-08
 22.   25.   0.52110458E-03   0.13911598E-02   0.97276770E-02  -0.68228826E-08
 22.   26.   0.20264225E-03   0.00000000E+00   0.13757013E-01  -0.68228826E-08
 22.   27.  -0.18903663E-02   0.00000000E+00  -0.17721205E-02  -0.68228826E-08
 22.   28.  -0.12593883E-02  -0.46447591E-03  -0.12530785E-02  -0.68228826E-08
 22.   29.   0.86758893E-04  -0.15027083E-03   0.82215344E-11  -0.68228826E-08
 22.   30.   0.10319421E-02   0.85842425E-03   0.12530785E-02  -0.68228826E-08
 22.   31.   0.94518317E-03   0.16371052E-02   0.17721206E-02  -0.68228826E-08
 22.   32.   0.22744620E-03   0.13229002E-02   0.12530785E-02  -0.68228826E-08
 22.   33.  -0.17351780E-03   0.28940822E-10   0.28185397E-10  -0.68228826E-08
 22.   34.   0.22744617E-03  -0.13229001E-02  -0.12530784E-02  -0.68228826E-08
 22.   35.   0.94518314E-03  -0.16371053E-02  -0.17721206E-02  -0.68228826E-08
 22.   36.   0.10319421E-02  -0.85842429E-03  -0.12530785E-02  -0.68228826E-08
 22.   37.   0.86758947E-04   0.15027079E-03  -0.60186708E-10  -0.68228826E-08
 22.   38.  -0.12593882E-02   0.46447591E-03   0.12530784E-02  -0.68228826E-08
 22.   39.  -0.18903663E-02   0.00000000E+00   0.17721205E-02  -0.68228826E-08
 22.   40.   0.70010516E-03   0.00000000E+00   0.79843765E-02  -0.68228826E-08
 22.   41.   0.37336722E-03   0.51929743E-03   0.56458068E-02  -0.68228826E-08
 22.   42.  -0.28635580E-03   0.49598280E-03   0.82302880E-12  -0.68228826E-08
 22.   43.  -0.63640839E-03  -0.63696779E-04  -0.56458068E-02  -0.68228826E-08
 22.   44.  -0.35005260E-03  -0.60630885E-03  -0.79843766E-02  -0.68228826E-08
 22.   45.   0.26304116E-03  -0.58299423E-03  -0.56458068E-02  -0.68228826E-08
 22.   46.   0.57271161E-03  -0.13373493E-10  -0.11100294E-09  -0.68228826E-08
 22.   47.   0.26304118E-03   0.58299422E-03   0.56458067E-02  -0.68228826E-08
 22.   48.  -0.35005257E-03   0.60630887E-03   0.79843765E-02  -0.68228826E-08
 22.   49.  -0.63640839E-03   0.63696809E-04   0.56458069E-02  -0.68228826E-08
 22.   50.  -0.28635582E-03  -0.49598279E-03   0.25757688E-09  -0.68228826E-08
 22.   51.   0.37336721E-03  -0.51929746E-03  -0.56458066E-02  -0.68228826E-08
 22.   52.   0.70010515E-03   0.00000000E+00  -0.79843765E-02  -0.68228826E-08
 22.   53.   0.21714646E-02   0.00000000E+00  -0.11182841E-01  -0.68228826E-08
 22.   54.   0.15831701E-02   0.24080515E-04  -0.79074625E-02  -0.68228826E-08
 22.   55.   0.27329292E-03  -0.47335722E-03  -0.25355092E-10  -0.68228826E-08
 22.   56.  -0.81243937E-03  -0.13590252E-02   0.79074625E-02  -0.68228826E-08
 22.   57.  -0.10857323E-02  -0.18805435E-02   0.11182841E-01  -0.68228826E-08
 22.   58.  -0.77073069E-03  -0.13831058E-02   0.79074626E-02  -0.68228826E-08
 22.   59.  -0.54658587E-03  -0.26235949E-10   0.17061151E-09  -0.68228826E-08
 22.   60.  -0.77073067E-03   0.13831057E-02  -0.79074624E-02  -0.68228826E-08
 22.   61.  -0.10857323E-02   0.18805435E-02  -0.11182841E-01  -0.68228826E-08
 22.   62.  -0.81243941E-03   0.13590252E-02  -0.79074628E-02  -0.68228826E-08
 22.   63.   0.27329286E-03   0.47335728E-03  -0.38686002E-09  -0.68228826E-08
 22.   64.   0.15831700E-02  -0.24080518E-04   0.79074623E-02  -0.68228826E-08
 22.   65.   0.21714646E-02   0.00000000E+00   0.11182841E-01  -0.68228826E-08
 22.   66.  -0.21714646E-02   0.00000000E+00  -0.11182841E-01  -0.68228826E-08
 22.   67.  -0.15831700E-02  -0.24080528E-04  -0.79074625E-02  -0.68228826E-08
 22.   68.  -0.27329293E-03   0.47335725E-03  -0.29950147E-10  -0.68228826E-08
 22.   69.   0.81243937E-03   0.13590252E-02   0.79074625E-02  -0.68228826E-08
 22.   70.   0.10857323E-02   0.18805435E-02   0.11182841E-01  -0.68228826E-08
 22.   71.   0.77073067E-03   0.13831057E-02   0.79074626E-02  -0.68228826E-08
 22.   72.   0.54658584E-03   0.32566501E-10   0.17426799E-09  -0.68228826E-08
 22.   73.   0.77073067E-03  -0.13831057E-02  -0.79074624E-02  -0.68228826E-08
 22.   74.   0.10857323E-02  -0.18805435E-02  -0.11182841E-01  -0.68228826E-08
 22.   75.   0.81243940E-03  -0.13590252E-02  -0.79074628E-02  -0.68228826E-08
 22.   76.  -0.27329286E-03  -0.47335726E-03  -0.38797929E-09  -0.68228826E-08
 22.   77.  -0.15831700E-02   0.24080509E-04   0.79074623E-02  -0.68228826E-08
 22.   78.  -0.21714646E-02   0.00000000E+00   0.11182841E-01  -0.68228826E-08
 23.    1.  -0.29691038E-02   0.00000000E+00  -0.25313406E-01  -0.12647004E-08
 23.    2.  -0.26126154E-02  -0.13304327E-02  -0.24450872E-01  -0.12647004E-08
 23.    3.  -0.16386710E-02  -0.23043771E-02  -0.21922053E-01  -0.12647004E-08
 23.    4.  -0.30823830E-03  -0.26608655E-02  -0.17899281E-01  -0.12647004E-08
 23.    5.   0.10221944E-02  -0.23043771E-02  -0.12656703E-01  -0.12647004E-08
 23.    6.   0.19961388E-02  -0.13304328E-02  -0.65515916E-02  -0.12647004E-08
 23.    7.   0.23526272E-02  -0.27594707E-10  -0.13295510E-09  -0.12647004E-08
 23.    8.   0.19961388E-02   0.13304327E-02   0.65515913E-02  -0.12647004E-08
 23.    9.   0.10221945E-02   0.23043771E-02   0.12656703E-01  -0.12647004E-08
 23.   10.  -0.30823825E-03   0.26608655E-02   0.17899281E-01  -0.12647004E-08
 23.   11.  -0.16386710E-02   0.23043771E-02   0.21922052E-01  -0.12647004E-08
 23.   12.  -0.26126154E-02   0.13304328E-02   0.24450872E-01  -0.12647004E-08
 23.   13.  -0.29691038E-02   0.00000000E+00   0.25313406E-01  -0.12647004E-08
 23.   14.  -0.20356961E-02   0.00000000E+00   0.44713618E-02  -0.12647004E-08
 23.   15.  -0.19144183E-02  -0.45261510E-03   0.43190039E-02  -0.12647004E-08
 23.   16.  -0.15830810E-02  -0.78395235E-03   0.38723129E-02  -0.12647004E-08
 23.   17.  -0.11304659E-02  -0.90523020E-03   0.31617303E-02  -0.12647004E-08
 23.   18.  -0.67785083E-03  -0.78395235E-03   0.22356809E-02  -0.12647004E-08
 23.   19.  -0.34651357E-03  -0.45261510E-03   0.11572736E-02  -0.12647004E-08
 23.   20.  -0.22523572E-03  -0.10138062E-10   0.24735590E-10  -0.12647004E-08
 23.   21.  -0.34651356E-03   0.45261509E-03  -0.11572736E-02  -0.12647004E-08
 23.   22.  -0.67785081E-03   0.78395234E-03  -0.22356809E-02  -0.12647004E-08
 23.   23.  -0.11304659E-02   0.90523020E-03  -0.31617302E-02  -0.12647004E-08
 23.   24.  -0.15830810E-02   0.78395236E-03  -0.38723129E-02  -0.12647004E-08
 23.   25.  -0.19144183E-02   0.45261512E-03  -0.43190039E-02  -0.12647004E-08
 23.   26.  -0.20356961E-02   0.00000000E+00  -0.44713619E-02  -0.12647004E-08
 23.   27.   0.16338437E-02   0.00000000E+00   0.45877794E-02  -0.12647004E-08
 23.   28.   0.15143849E-02   0.44582648E-03   0.44314546E-02  -0.12647004E-08
 23.   29.   0.11880172E-02   0.77219411E-03   0.39731335E-02  -0.12647004E-08
 23.   30.   0.74219075E-03   0.89165296E-03   0.32440499E-02  -0.12647004E-08
 23.   31.   0.29636427E-03   0.77219411E-03   0.22938897E-02  -0.12647004E-08
 23.   32.  -0.30003366E-04   0.44582648E-03   0.11874047E-02  -0.12647004E-08
 23.   33.  -0.14946221E-03   0.84454136E-11   0.22847395E-10  -0.12647004E-08
 23.   34.  -0.30003375E-04  -0.44582647E-03  -0.11874046E-02  -0.12647004E-08
 23.   35.   0.29636425E-03  -0.77219410E-03  -0.22938897E-02  -0.12647004E-08
 23.   36.   0.74219073E-03  -0.89165296E-03  -0.32440499E-02  -0.12647004E-08
 23.   37.   0.11880172E-02  -0.77219412E-03  -0.39731335E-02  -0.12647004E-08
 23.   38.   0.15143849E-02  -0.44582650E-03  -0.44314546E-02  -0.12647004E-08
 23.   39.   0.16338437E-02   0.00000000E+00  -0.45877794E-02  -0.12647004E-08
 23.   40.  -0.38478583E-03   0.00000000E+00  -0.71417824E-02  -0.12647004E-08
 23.   41.  -0.34758257E-03  -0.13884445E-03  -0.68984321E-02  -0.12647004E-08
 23.   42.  -0.24594138E-03  -0.24048564E-03  -0.61849650E-02  -0.12647004E-08
 23.   43.  -0.10709694E-03  -0.27768889E-03  -0.50500028E-02  -0.12647004E-08
 23.   44.   0.31747508E-04  -0.24048563E-03  -0.35708912E-02  -0.12647004E-08
 23.   45.   0.13338870E-03  -0.13884445E-03  -0.18484293E-02  -0.12647004E-08
 23.   46.   0.17059196E-03  -0.11088323E-11  -0.33299897E-10  -0.12647004E-08
 23.   47.   0.13338870E-03   0.13884444E-03   0.18484292E-02  -0.12647004E-08
 23.   48.   0.31747512E-04   0.24048563E-03   0.35708911E-02  -0.12647004E-08
 23.   49.  -0.10709693E-03   0.27768889E-03   0.50500027E-02  -0.12647004E-08
 23.   50.  -0.24594138E-03   0.24048564E-03   0.61849649E-02  -0.12647004E-08
 23.   51.  -0.34758257E-03   0.13884445E-03   0.68984320E-02  -0.12647004E-08
 23.   52.  -0.38478583E-03   0.00000000E+00   0.71417824E-02  -0.12647004E-08
 23.   53.  -0.20262352E-02   0.00000000E+00   0.98506472E-02  -0.12647004E-08
 23.   54.  -0.19011311E-02  -0.46689485E-03   0.95149945E-02  -0.12647004E-08
 23.   55.  -0.15593403E-02  -0.80868560E-03   0.85309107E-02  -0.12647004E-08
 23.   56.  -0.10924455E-02  -0.93378970E-03   0.69654594E-02  -0.12647004E-08
 23.   57.  -0.62555062E-03  -0.80868561E-03   0.49253236E-02  -0.12647004E-08
 23.   58.  -0.28375986E-03  -0.46689485E-03   0.25495351E-02  -0.12647004E-08
 23.   59.  -0.15865576E-03  -0.50404903E-11   0.43529392E-10  -0.12647004E-08
 23.   60.  -0.28375985E-03   0.46689484E-03  -0.25495350E-02  -0.12647004E-08
 23.   61.  -0.62555059E-03   0.80868560E-03  -0.49253235E-02  -0.12647004E-08
 23.   62.  -0.10924454E-02   0.93378970E-03  -0.69654594E-02  -0.12647004E-08
 23.   63.  -0.15593403E-02   0.80868562E-03  -0.85309106E-02  -0.12647004E-08
 23.   64.  -0.19011311E-02   0.46689487E-03  -0.95149945E-02  -0.12647004E-08
 23.   65.  -0.20262352E-02   0.00000000E+00  -0.98506472E-02  -0.12647004E-08
 23.   66.   0.20262352E-02   0.00000000E+00   0.98506472E-02  -0.12647004E-08
 23.   67.   0.19011311E-02   0.46689485E-03   0.95149945E-02  -0.12647004E-08
 23.   68.   0.15593403E-02   0.80868561E-03   0.85309107E-02  -0.12647004E-08
 23.   69.   0.10924455E-02   0.93378971E-03   0.69654594E-02  -0.12647004E-08
 23.   70.   0.62555061E-03   0.80868561E-03   0.49253236E-02  -0.12647004E-08
 23.   71.   0.28375985E-03   0.46689485E-03   0.25495351E-02  -0.12647004E-08
 23.   72.   0.15865576E-03   0.96155006E-11   0.44893936E-10  -0.12647004E-08
 23.   73.   0.28375985E-03  -0.46689484E-03  -0.25495350E-02  -0.12647004E-08
 23.   74.   0.62555060E-03  -0.80868560E-03  -0.49253235E-02  -0.12647004E-08
 23.   75.   0.10924455E-02  -0.93378970E-03  -0.69654594E-02  -0.12647004E-08
 23.   76.   0.15593403E-02  -0.80868562E-03  -0.85309106E-02  -0.12647004E-08
 23.   77.   0.19011311E-02  -0.46689487E-03  -0.95149945E-02  -0.12647004E-08
 23.   78.   0.20262352E-02   0.00000000E+00  -0.98506472E-02  -0.12647004E-08
 24.    1.  -0.17815500E+00   0.00000000E+00  -0.65798705E-02   0.20022410E-07
 24.    2.  -0.17173674E+00   0.44811973E-01  -0.56983350E-02   0.20022410E-07
 24.    3.  -0.15312306E+00   0.87061920E-01  -0.32899353E-02   0.20022410E-07
 24.    4.  -0.12407430E+00   0.12407430E+00  -0.54541927E-10   0.20022410E-07
 24.    5.  -0.87061920E-01   0.15312306E+00   0.32899352E-02   0.20022410E-07
 24.    6.  -0.44811973E-01   0.17173674E+00   0.56983350E-02   0.20022410E-07
 24.    7.  -0.89604634E-09   0.17815500E+00   0.65798706E-02   0.20022410E-07
 24.    8.   0.44811971E-01   0.17173674E+00   0.56983351E-02   0.20022410E-07
 24.    9.   0.87061919E-01   0.15312306E+00   0.32899354E-02   0.20022410E-07
 24.   10.   0.12407430E+00   0.12407430E+00   0.12526332E-09   0.20022410E-07
 24.   11.   0.15312306E+00   0.87061921E-01  -0.32899352E-02   0.20022410E-07
 24.   12.   0.17173674E+00   0.44811975E-01  -0.56983350E-02   0.20022410E-07
 24.   13.   0.17815500E+00   0.00000000E+00  -0.65798706E-02   0.20022410E-07
 24.   14.  -0.19535853E+00   0.00000000E+00  -0.11768951E-02   0.20022410E-07
 24.   15.  -0.18161075E+00   0.24098182E-01  -0.10192210E-02   0.20022410E-07
 24.   16.  -0.14545818E+00   0.56582435E-01  -0.58844754E-03   0.20022410E-07
 24.   17.  -0.99392879E-01   0.99392878E-01   0.63803134E-11   0.20022410E-07
 24.   18.  -0.56582435E-01   0.14545818E+00   0.58844759E-03   0.20022410E-07
 24.   19.  -0.24098182E-01   0.18161075E+00   0.10192211E-02   0.20022410E-07
 24.   20.  -0.47309729E-09   0.19535853E+00   0.11768951E-02   0.20022410E-07
 24.   21.   0.24098181E-01   0.18161075E+00   0.10192211E-02   0.20022410E-07
 24.   22.   0.56582434E-01   0.14545818E+00   0.58844757E-03   0.20022410E-07
 24.   23.   0.99392877E-01   0.99392880E-01   0.11851878E-10   0.20022410E-07
 24.   24.   0.14545818E+00   0.56582436E-01  -0.58844753E-03   0.20022410E-07
 24.   25.   0.18161075E+00   0.24098183E-01  -0.10192210E-02   0.20022410E-07
 24.   26.   0.19535853E+00   0.00000000E+00  -0.11768951E-02   0.20022410E-07
 24.   27.  -0.21759645E+00   0.00000000E+00  -0.19060025E-03   0.20022410E-07
 24.   28.  -0.20068185E+00   0.20862928E-01  -0.16506463E-03   0.20022410E-07
 24.   29.  -0.15665581E+00   0.53739374E-01  -0.95300130E-04   0.20022410E-07
 24.   30.  -0.10195394E+00   0.10195394E+00  -0.31621362E-10   0.20022410E-07
 24.   31.  -0.53739374E-01   0.15665581E+00   0.95300095E-04   0.20022410E-07
 24.   32.  -0.20862928E-01   0.20068185E+00   0.16506463E-03   0.20022410E-07
 24.   33.  -0.35324867E-09   0.21759645E+00   0.19060019E-03   0.20022410E-07
 24.   34.   0.20862927E-01   0.20068185E+00   0.16506469E-03   0.20022410E-07
 24.   35.   0.53739373E-01   0.15665581E+00   0.95300117E-04   0.20022410E-07
 24.   36.   0.10195394E+00   0.10195394E+00  -0.62147427E-10   0.20022410E-07
 24.   37.   0.15665581E+00   0.53739376E-01  -0.95300116E-04   0.20022410E-07
 24.   38.   0.20068185E+00   0.20862929E-01  -0.16506461E-03   0.20022410E-07
 24.   39.   0.21759645E+00   0.00000000E+00  -0.19060024E-03   0.20022410E-07
 24.   40.  -0.23267726E+00   0.00000000E+00   0.37008925E-03   0.20022410E-07
 24.   41.  -0.20956799E+00   0.35651139E-02   0.32050664E-03   0.20022410E-07
 24.   42.  -0.15070787E+00   0.28356420E-01   0.18504459E-03   0.20022410E-07
 24.   43.  -0.81577246E-01   0.81577245E-01   0.29937850E-10   0.20022410E-07
 24.   44.  -0.28356421E-01   0.15070787E+00  -0.18504458E-03   0.20022410E-07
 24.   45.  -0.35651140E-02   0.20956799E+00  -0.32050666E-03   0.20022410E-07
 24.   46.   0.11934460E-10   0.23267726E+00  -0.37008925E-03   0.20022410E-07
 24.   47.   0.35651135E-02   0.20956800E+00  -0.32050665E-03   0.20022410E-07
 24.   48.   0.28356419E-01   0.15070787E+00  -0.18504462E-03   0.20022410E-07
 24.   49.   0.81577244E-01   0.81577248E-01   0.32282157E-10   0.20022410E-07
 24.   50.   0.15070786E+00   0.28356422E-01   0.18504456E-03   0.20022410E-07
 24.   51.   0.20956799E+00   0.35651143E-02   0.32050668E-03   0.20022410E-07
 24.   52.   0.23267726E+00   0.00000000E+00   0.37008926E-03   0.20022410E-07
 24.   53.  -0.23258040E+00   0.00000000E+00   0.87893405E-03   0.20022410E-07
 24.   54.  -0.20067135E+00  -0.29313520E-01   0.76117922E-03   0.20022410E-07
 24.   55.  -0.12116828E+00  -0.22710778E-01   0.43946709E-03   0.20022410E-07
 24.   56.  -0.33407801E-01   0.33407799E-01   0.28658093E-10   0.20022410E-07
 24.   57.   0.22710778E-01   0.12116828E+00  -0.43946700E-03   0.20022410E-07
 24.   58.   0.29313520E-01   0.20067135E+00  -0.76117915E-03   0.20022410E-07
 24.   59.   0.71368689E-09   0.23258040E+00  -0.87893410E-03   0.20022410E-07
 24.   60.  -0.29313519E-01   0.20067135E+00  -0.76117911E-03   0.20022410E-07
 24.   61.  -0.22710779E-01   0.12116829E+00  -0.43946698E-03   0.20022410E-07
 24.   62.   0.33407797E-01   0.33407802E-01  -0.59293039E-10   0.20022410E-07
 24.   63.   0.12116828E+00  -0.22710777E-01   0.43946713E-03   0.20022410E-07
 24.   64.   0.20067135E+00  -0.29313520E-01   0.76117916E-03   0.20022410E-07
 24.   65.   0.23258040E+00   0.00000000E+00   0.87893401E-03   0.20022410E-07
 24.   66.  -0.23258040E+00   0.00000000E+00  -0.87893402E-03   0.20022410E-07
 24.   67.  -0.20067135E+00  -0.29313520E-01  -0.76117919E-03   0.20022410E-07
 24.   68.  -0.12116828E+00  -0.22710778E-01  -0.43946694E-03   0.20022410E-07
 24.   69.  -0.33407800E-01   0.33407799E-01   0.14181036E-10   0.20022410E-07
 24.   70.   0.22710778E-01   0.12116828E+00   0.43946702E-03   0.20022410E-07
 24.   71.   0.29313520E-01   0.20067135E+00   0.76117925E-03   0.20022410E-07
 24.   72.   0.76719949E-09   0.23258040E+00   0.87893397E-03   0.20022410E-07
 24.   73.  -0.29313519E-01   0.20067135E+00   0.76117930E-03   0.20022410E-07
 24.   74.  -0.22710779E-01   0.12116829E+00   0.43946708E-03   0.20022410E-07
 24.   75.   0.33407797E-01   0.33407802E-01  -0.37769790E-10   0.20022410E-07
 24.   76.   0.12116828E+00  -0.22710777E-01  -0.43946687E-03   0.20022410E-07
 24.   77.   0.20067135E+00  -0.29313520E-01  -0.76117922E-03   0.20022410E-07
 24.   78.   0.23258040E+00   0.00000000E+00  -0.87893406E-03   0.20022410E-07
