mode k UX UY UZ VOLT
  1.    1.   0.17834395E-02   0.00000000E+00   0.72694891E-01   0.00000000E+00
  1.    2.   0.17225794E-02   0.46189825E-03   0.72694333E-01   0.00000000E+00
  1.    3.   0.15441997E-02   0.89219076E-03   0.72692808E-01   0.00000000E+00
  1.    4.   0.12605847E-02   0.12615002E-02   0.72690723E-01   0.00000000E+00
  1.    5.   0.89119132E-03   0.15447111E-02   0.72688635E-01   0.00000000E+00
  1.    6.   0.46124745E-03   0.17226520E-02   0.72687105E-01   0.00000000E+00
  1.    7.   0.20913203E-11   0.17833259E-02   0.72686545E-01   0.00000000E+00
  1.    8.  -0.46124744E-03   0.17226520E-02   0.72687105E-01   0.00000000E+00
  1.    9.  -0.89119132E-03   0.15447112E-02   0.72688635E-01   0.00000000E+00
  1.   10.  -0.12605847E-02   0.12615002E-02   0.72690723E-01   0.00000000E+00
  1.   11.  -0.15441997E-02   0.89219077E-03   0.72692808E-01   0.00000000E+00
  1.   12.  -0.17225794E-02   0.46189825E-03   0.72694333E-01   0.00000000E+00
  1.   13.  -0.17834395E-02   0.00000000E+00   0.72694891E-01   0.00000000E+00
  1.   14.   0.26050759E-02   0.00000000E+00   0.44008502E-01   0.00000000E+00
  1.   15.   0.25162632E-02   0.67434701E-03   0.44008121E-01   0.00000000E+00
  1.   16.   0.22559049E-02   0.13026721E-02   0.44007082E-01   0.00000000E+00
  1.   17.   0.18418103E-02   0.18421284E-02   0.44005663E-01   0.00000000E+00
  1.   18.   0.13022658E-02   0.22559802E-02   0.44004242E-01   0.00000000E+00
  1.   19.   0.67406794E-03   0.25160905E-02   0.44003202E-01   0.00000000E+00
  1.   20.   0.30695355E-11   0.26047999E-02   0.44002821E-01   0.00000000E+00
  1.   21.  -0.67406794E-03   0.25160905E-02   0.44003202E-01   0.00000000E+00
  1.   22.  -0.13022658E-02   0.22559802E-02   0.44004242E-01   0.00000000E+00
  1.   23.  -0.18418103E-02   0.18421284E-02   0.44005663E-01   0.00000000E+00
  1.   24.  -0.22559049E-02   0.13026721E-02   0.44007082E-01   0.00000000E+00
  1.   25.  -0.25162632E-02   0.67434701E-03   0.44008121E-01   0.00000000E+00
  1.   26.  -0.26050759E-02   0.00000000E+00   0.44008502E-01   0.00000000E+00
  1.   27.   0.19961946E-02   0.00000000E+00   0.13739981E-01   0.00000000E+00
  1.   28.   0.19281514E-02   0.51667445E-03   0.13739846E-01   0.00000000E+00
  1.   29.   0.17286732E-02   0.99810376E-03   0.13739475E-01   0.00000000E+00
  1.   30.   0.14113888E-02   0.14114649E-02   0.13738970E-01   0.00000000E+00
  1.   31.   0.99795521E-03   0.17286024E-02   0.13738464E-01   0.00000000E+00
  1.   32.   0.51656167E-03   0.19279385E-02   0.13738093E-01   0.00000000E+00
  1.   33.   0.23579269E-11   0.19959234E-02   0.13737957E-01   0.00000000E+00
  1.   34.  -0.51656167E-03   0.19279385E-02   0.13738093E-01   0.00000000E+00
  1.   35.  -0.99795521E-03   0.17286024E-02   0.13738464E-01   0.00000000E+00
  1.   36.  -0.14113888E-02   0.14114649E-02   0.13738970E-01   0.00000000E+00
  1.   37.  -0.17286732E-02   0.99810376E-03   0.13739475E-01   0.00000000E+00
  1.   38.  -0.19281514E-02   0.51667446E-03   0.13739846E-01   0.00000000E+00
  1.   39.  -0.19961946E-02   0.00000000E+00   0.13739981E-01   0.00000000E+00
  1.   40.   0.00000000E+00   0.00000000E+00   0.00000000E+00   0.00000000E+00
  1.   41.   0.00000000E+00   0.00000000E+00   0.00000000E+00   0.00000000E+00
  1.   42.   0.00000000E+00   0.00000000E+00   0.00000000E+00   0.00000000E+00
  1.   43.   0.00000000E+00   0.00000000E+00   0.00000000E+00   0.00000000E+00
  1.   44.   0.00000000E+00   0.00000000E+00   0.00000000E+00   0.00000000E+00
  1.   45.   0.00000000E+00   0.00000000E+00   0.00000000E+00   0.00000000E+00
  1.   46.   0.00000000E+00   0.00000000E+00   0.00000000E+00   0.00000000E+00
  1.   47.   0.00000000E+00   0.00000000E+00   0.00000000E+00   0.00000000E+00
  1.   48.   0.00000000E+00   0.00000000E+00   0.00000000E+00   0.00000000E+00
  1.   49.   0.00000000E+00   0.00000000E+00   0.00000000E+00   0.00000000E+00
  1.   50.   0.00000000E+00   0.00000000E+00   0.00000000E+00   0.00000000E+00
  1.   51.   0.00000000E+00   0.00000000E+00   0.00000000E+00   0.00000000E+00
  1.   52.   0.00000000E+00   0.00000000E+00   0.00000000E+00   0.00000000E+00
  1.   53.   0.00000000E+00   0.00000000E+00   0.00000000E+00   0.00000000E+00
  1.   54.   0.00000000E+00   0.00000000E+00   0.00000000E+00   0.00000000E+00
  1.   55.   0.00000000E+00   0.00000000E+00   0.00000000E+00   0.00000000E+00
  1.   56.   0.00000000E+00   0.00000000E+00   0.00000000E+00   0.00000000E+00
  1.   57.   0.00000000E+00   0.00000000E+00   0.00000000E+00   0.00000000E+00
  1.   58.   0.00000000E+00   0.00000000E+00   0.00000000E+00   0.00000000E+00
  1.   59.   0.00000000E+00   0.00000000E+00   0.00000000E+00   0.00000000E+00
  1.   60.   0.00000000E+00   0.00000000E+00   0.00000000E+00   0.00000000E+00
  1.   61.   0.00000000E+00   0.00000000E+00   0.00000000E+00   0.00000000E+00
  1.   62.   0.00000000E+00   0.00000000E+00   0.00000000E+00   0.00000000E+00
  1.   63.   0.00000000E+00   0.00000000E+00   0.00000000E+00   0.00000000E+00
  1.   64.   0.00000000E+00   0.00000000E+00   0.00000000E+00   0.00000000E+00
  1.   65.   0.00000000E+00   0.00000000E+00   0.00000000E+00   0.00000000E+00
  2.    1.   0.13227225E-02   0.00000000E+00  -0.21252462E-01   0.00000000E+00
  2.    2.   0.13458742E-02  -0.86402303E-04  -0.20528296E-01   0.00000000E+00
  2.    3.   0.14091248E-02  -0.14965113E-03  -0.18405150E-01   0.00000000E+00
  2.    4.   0.14955237E-02  -0.17279868E-03  -0.15027723E-01   0.00000000E+00
  2.    5.   0.15819188E-02  -0.14964461E-03  -0.10626191E-01   0.00000000E+00
  2.    6.   0.16451616E-02  -0.86395755E-04  -0.55005154E-02   0.00000000E+00
  2.    7.   0.16683094E-02  -0.40896340E-12  -0.24842679E-10   0.00000000E+00
  2.    8.   0.16451616E-02   0.86395755E-04   0.55005153E-02   0.00000000E+00
  2.    9.   0.15819188E-02   0.14964461E-03   0.10626190E-01   0.00000000E+00
  2.   10.   0.14955237E-02   0.17279868E-03   0.15027723E-01   0.00000000E+00
  2.   11.   0.14091248E-02   0.14965113E-03   0.18405150E-01   0.00000000E+00
  2.   12.   0.13458742E-02   0.86402304E-04   0.20528296E-01   0.00000000E+00
  2.   13.   0.13227225E-02   0.00000000E+00   0.21252462E-01   0.00000000E+00
  2.   14.  -0.55577467E-03   0.00000000E+00  -0.26243324E-01   0.00000000E+00
  2.   15.  -0.44888155E-03  -0.39892984E-03  -0.25349101E-01   0.00000000E+00
  2.   16.  -0.15684456E-03  -0.69096600E-03  -0.22727373E-01   0.00000000E+00
  2.   17.   0.24208436E-03  -0.79785761E-03  -0.18556812E-01   0.00000000E+00
  2.   18.   0.64101204E-03  -0.69096388E-03  -0.13121640E-01   0.00000000E+00
  2.   19.   0.93304657E-03  -0.39892772E-03  -0.67922579E-02   0.00000000E+00
  2.   20.   0.10399385E-02  -0.18765293E-11  -0.30748668E-10   0.00000000E+00
  2.   21.   0.93304657E-03   0.39892772E-03   0.67922578E-02   0.00000000E+00
  2.   22.   0.64101205E-03   0.69096388E-03   0.13121640E-01   0.00000000E+00
  2.   23.   0.24208436E-03   0.79785761E-03   0.18556812E-01   0.00000000E+00
  2.   24.  -0.15684456E-03   0.69096601E-03   0.22727373E-01   0.00000000E+00
  2.   25.  -0.44888155E-03   0.39892985E-03   0.25349101E-01   0.00000000E+00
  2.   26.  -0.55577467E-03   0.00000000E+00   0.26243324E-01   0.00000000E+00
  2.   27.  -0.14470099E-02   0.00000000E+00  -0.11627096E-01   0.00000000E+00
  2.   28.  -0.13293728E-02  -0.43902703E-03  -0.11230911E-01   0.00000000E+00
  2.   29.  -0.10079824E-02  -0.76041677E-03  -0.10069355E-01   0.00000000E+00
  2.   30.  -0.56895542E-03  -0.87805309E-03  -0.82215903E-02   0.00000000E+00
  2.   31.  -0.12992903E-03  -0.76041578E-03  -0.58135394E-02   0.00000000E+00
  2.   32.   0.19146022E-03  -0.43902604E-03  -0.30093084E-02   0.00000000E+00
  2.   33.   0.30909677E-03  -0.20603689E-11  -0.13623028E-10   0.00000000E+00
  2.   34.   0.19146022E-03   0.43902604E-03   0.30093084E-02   0.00000000E+00
  2.   35.  -0.12992903E-03   0.76041578E-03   0.58135394E-02   0.00000000E+00
  2.   36.  -0.56895541E-03   0.87805309E-03   0.82215903E-02   0.00000000E+00
  2.   37.  -0.10079824E-02   0.76041677E-03   0.10069355E-01   0.00000000E+00
  2.   38.  -0.13293728E-02   0.43902704E-03   0.11230911E-01   0.00000000E+00
  2.   39.  -0.14470099E-02   0.00000000E+00   0.11627096E-01   0.00000000E+00
  2.   40.   0.00000000E+00   0.00000000E+00   0.00000000E+00   0.00000000E+00
  2.   41.   0.00000000E+00   0.00000000E+00   0.00000000E+00   0.00000000E+00
  2.   42.   0.00000000E+00   0.00000000E+00   0.00000000E+00   0.00000000E+00
  2.   43.   0.00000000E+00   0.00000000E+00   0.00000000E+00   0.00000000E+00
  2.   44.   0.00000000E+00   0.00000000E+00   0.00000000E+00   0.00000000E+00
  2.   45.   0.00000000E+00   0.00000000E+00   0.00000000E+00   0.00000000E+00
  2.   46.   0.00000000E+00   0.00000000E+00   0.00000000E+00   0.00000000E+00
  2.   47.   0.00000000E+00   0.00000000E+00   0.00000000E+00   0.00000000E+00
  2.   48.   0.00000000E+00   0.00000000E+00   0.00000000E+00   0.00000000E+00
  2.   49.   0.00000000E+00   0.00000000E+00   0.00000000E+00   0.00000000E+00
  2.   50.   0.00000000E+00   0.00000000E+00   0.00000000E+00   0.00000000E+00
  2.   51.   0.00000000E+00   0.00000000E+00   0.00000000E+00   0.00000000E+00
  2.   52.   0.00000000E+00   0.00000000E+00   0.00000000E+00   0.00000000E+00
  2.   53.   0.00000000E+00   0.00000000E+00   0.00000000E+00   0.00000000E+00
  2.   54.   0.00000000E+00   0.00000000E+00   0.00000000E+00   0.00000000E+00
  2.   55.   0.00000000E+00   0.00000000E+00   0.00000000E+00   0.00000000E+00
  2.   56.   0.00000000E+00   0.00000000E+00   0.00000000E+00   0.00000000E+00
  2.   57.   0.00000000E+00   0.00000000E+00   0.00000000E+00   0.00000000E+00
  2.   58.   0.00000000E+00   0.00000000E+00   0.00000000E+00   0.00000000E+00
  2.   59.   0.00000000E+00   0.00000000E+00   0.00000000E+00   0.00000000E+00
  2.   60.   0.00000000E+00   0.00000000E+00   0.00000000E+00   0.00000000E+00
  2.   61.   0.00000000E+00   0.00000000E+00   0.00000000E+00   0.00000000E+00
  2.   62.   0.00000000E+00   0.00000000E+00   0.00000000E+00   0.00000000E+00
  2.   63.   0.00000000E+00   0.00000000E+00   0.00000000E+00   0.00000000E+00
  2.   64.   0.00000000E+00   0.00000000E+00   0.00000000E+00   0.00000000E+00
  2.   65.   0.00000000E+00   0.00000000E+00   0.00000000E+00   0.00000000E+00
  3.    1.  -0.18131512E-02   0.00000000E+00   0.14395440E-01   0.00000000E+00
  3.    2.  -0.18076662E-02   0.68055484E-03   0.12468095E-01   0.00000000E+00
  3.    3.  -0.17586070E-02   0.12351155E-02   0.72024919E-02   0.00000000E+00
  3.    4.  -0.15897016E-02   0.15929120E-02   0.95444869E-05   0.00000000E+00
  3.    5.  -0.12328453E-02   0.17625388E-02  -0.71834026E-02   0.00000000E+00
  3.    6.  -0.67937953E-03   0.18120517E-02  -0.12449005E-01   0.00000000E+00
  3.    7.  -0.31376823E-11   0.18176915E-02  -0.14376349E-01   0.00000000E+00
  3.    8.   0.67937952E-03   0.18120517E-02  -0.12449005E-01   0.00000000E+00
  3.    9.   0.12328453E-02   0.17625388E-02  -0.71834026E-02   0.00000000E+00
  3.   10.   0.15897016E-02   0.15929120E-02   0.95444206E-05   0.00000000E+00
  3.   11.   0.17586070E-02   0.12351155E-02   0.72024919E-02   0.00000000E+00
  3.   12.   0.18076662E-02   0.68055485E-03   0.12468095E-01   0.00000000E+00
  3.   13.   0.18131512E-02   0.00000000E+00   0.14395440E-01   0.00000000E+00
  3.   14.  -0.26348330E-03   0.00000000E+00   0.30595962E-01   0.00000000E+00
  3.   15.  -0.53327736E-03   0.11089383E-02   0.26495531E-01   0.00000000E+00
  3.   16.  -0.11609726E-02   0.17480611E-02   0.15292943E-01   0.00000000E+00
  3.   17.  -0.17095495E-02   0.17105124E-02  -0.10075504E-04   0.00000000E+00
  3.   18.  -0.17473802E-02   0.11621518E-02  -0.15313094E-01   0.00000000E+00
  3.   19.  -0.11085858E-02   0.53459264E-03  -0.26515681E-01   0.00000000E+00
  3.   20.  -0.53730050E-11   0.26484500E-03  -0.30616113E-01   0.00000000E+00
  3.   21.   0.11085858E-02   0.53459263E-03  -0.26515681E-01   0.00000000E+00
  3.   22.   0.17473802E-02   0.11621518E-02  -0.15313094E-01   0.00000000E+00
  3.   23.   0.17095495E-02   0.17105123E-02  -0.10075646E-04   0.00000000E+00
  3.   24.   0.11609726E-02   0.17480611E-02   0.15292943E-01   0.00000000E+00
  3.   25.   0.53327737E-03   0.11089383E-02   0.26495531E-01   0.00000000E+00
  3.   26.   0.26348330E-03   0.00000000E+00   0.30595962E-01   0.00000000E+00
  3.   27.   0.19290155E-02   0.00000000E+00   0.17921519E-01   0.00000000E+00
  3.   28.   0.14906127E-02   0.89115751E-03   0.15519450E-01   0.00000000E+00
  3.   29.   0.42358758E-03   0.11945446E-02   0.89568739E-02   0.00000000E+00
  3.   30.  -0.67230429E-03   0.67117909E-03  -0.77716100E-05   0.00000000E+00
  3.   31.  -0.11953402E-02  -0.42496566E-03  -0.89724171E-02   0.00000000E+00
  3.   32.  -0.89156936E-03  -0.14921497E-02  -0.15534993E-01   0.00000000E+00
  3.   33.  -0.45175876E-11  -0.19306067E-02  -0.17937063E-01   0.00000000E+00
  3.   34.   0.89156935E-03  -0.14921497E-02  -0.15534993E-01   0.00000000E+00
  3.   35.   0.11953402E-02  -0.42496567E-03  -0.89724171E-02   0.00000000E+00
  3.   36.   0.67230430E-03   0.67117908E-03  -0.77716929E-05   0.00000000E+00
  3.   37.  -0.42358757E-03   0.11945446E-02   0.89568738E-02   0.00000000E+00
  3.   38.  -0.14906127E-02   0.89115752E-03   0.15519450E-01   0.00000000E+00
  3.   39.  -0.19290155E-02   0.00000000E+00   0.17921519E-01   0.00000000E+00
  3.   40.   0.00000000E+00   0.00000000E+00   0.00000000E+00   0.00000000E+00
  3.   41.   0.00000000E+00   0.00000000E+00   0.00000000E+00   0.00000000E+00
  3.   42.   0.00000000E+00   0.00000000E+00   0.00000000E+00   0.00000000E+00
  3.   43.   0.00000000E+00   0.00000000E+00   0.00000000E+00   0.00000000E+00
  3.   44.   0.00000000E+00   0.00000000E+00   0.00000000E+00   0.00000000E+00
  3.   45.   0.00000000E+00   0.00000000E+00   0.00000000E+00   0.00000000E+00
  3.   46.   0.00000000E+00   0.00000000E+00   0.00000000E+00   0.00000000E+00
  3.   47.   0.00000000E+00   0.00000000E+00   0.00000000E+00   0.00000000E+00
  3.   48.   0.00000000E+00   0.00000000E+00   0.00000000E+00   0.00000000E+00
  3.   49.   0.00000000E+00   0.00000000E+00   0.00000000E+00   0.00000000E+00
  3.   50.   0.00000000E+00   0.00000000E+00   0.00000000E+00   0.00000000E+00
  3.   51.   0.00000000E+00   0.00000000E+00   0.00000000E+00   0.00000000E+00
  3.   52.   0.00000000E+00   0.00000000E+00   0.00000000E+00   0.00000000E+00
  3.   53.   0.00000000E+00   0.00000000E+00   0.00000000E+00   0.00000000E+00
  3.   54.   0.00000000E+00   0.00000000E+00   0.00000000E+00   0.00000000E+00
  3.   55.   0.00000000E+00   0.00000000E+00   0.00000000E+00   0.00000000E+00
  3.   56.   0.00000000E+00   0.00000000E+00   0.00000000E+00   0.00000000E+00
  3.   57.   0.00000000E+00   0.00000000E+00   0.00000000E+00   0.00000000E+00
  3.   58.   0.00000000E+00   0.00000000E+00   0.00000000E+00   0.00000000E+00
  3.   59.   0.00000000E+00   0.00000000E+00   0.00000000E+00   0.00000000E+00
  3.   60.   0.00000000E+00   0.00000000E+00   0.00000000E+00   0.00000000E+00
  3.   61.   0.00000000E+00   0.00000000E+00   0.00000000E+00   0.00000000E+00
  3.   62.   0.00000000E+00   0.00000000E+00   0.00000000E+00   0.00000000E+00
  3.   63.   0.00000000E+00   0.00000000E+00   0.00000000E+00   0.00000000E+00
  3.   64.   0.00000000E+00   0.00000000E+00   0.00000000E+00   0.00000000E+00
  3.   65.   0.00000000E+00   0.00000000E+00   0.00000000E+00   0.00000000E+00
  4.    1.   0.13779304E-02   0.00000000E+00   0.86528467E-02   0.00000000E+00
  4.    2.   0.13309039E-02   0.35653965E-03   0.86529655E-02   0.00000000E+00
  4.    3.   0.11930728E-02   0.68867654E-03   0.86532891E-02   0.00000000E+00
  4.    4.   0.97393513E-03   0.97373196E-03   0.86537292E-02   0.00000000E+00
  4.    5.   0.68853084E-03   0.11923228E-02   0.86541670E-02   0.00000000E+00
  4.    6.   0.35635455E-03   0.13296582E-02   0.86544858E-02   0.00000000E+00
  4.    7.   0.16159248E-11   0.13764856E-02   0.86546022E-02   0.00000000E+00
  4.    8.  -0.35635455E-03   0.13296582E-02   0.86544858E-02   0.00000000E+00
  4.    9.  -0.68853084E-03   0.11923228E-02   0.86541670E-02   0.00000000E+00
  4.   10.  -0.97393513E-03   0.97373196E-03   0.86537292E-02   0.00000000E+00
  4.   11.  -0.11930728E-02   0.68867654E-03   0.86532891E-02   0.00000000E+00
  4.   12.  -0.13309039E-02   0.35653965E-03   0.86529655E-02   0.00000000E+00
  4.   13.  -0.13779304E-02   0.00000000E+00   0.86528467E-02   0.00000000E+00
  4.   14.   0.68647515E-03   0.00000000E+00  -0.62874037E-02   0.00000000E+00
  4.   15.   0.66313520E-03   0.17733174E-03  -0.62862409E-02   0.00000000E+00
  4.   16.   0.59467592E-03   0.34265097E-03  -0.62830641E-02   0.00000000E+00
  4.   17.   0.48569036E-03   0.48472132E-03  -0.62787253E-02   0.00000000E+00
  4.   18.   0.34353350E-03   0.59383088E-03  -0.62743872E-02   0.00000000E+00
  4.   19.   0.17786334E-03   0.66247173E-03  -0.62712121E-02   0.00000000E+00
  4.   20.   0.80132858E-12   0.68589402E-03  -0.62700500E-02   0.00000000E+00
  4.   21.  -0.17786334E-03   0.66247173E-03  -0.62712121E-02   0.00000000E+00
  4.   22.  -0.34353350E-03   0.59383088E-03  -0.62743872E-02   0.00000000E+00
  4.   23.  -0.48569035E-03   0.48472133E-03  -0.62787253E-02   0.00000000E+00
  4.   24.  -0.59467592E-03   0.34265097E-03  -0.62830641E-02   0.00000000E+00
  4.   25.  -0.66313520E-03   0.17733174E-03  -0.62862409E-02   0.00000000E+00
  4.   26.  -0.68647515E-03   0.00000000E+00  -0.62874037E-02   0.00000000E+00
  4.   27.  -0.57115256E-03   0.00000000E+00  -0.60382834E-02   0.00000000E+00
  4.   28.  -0.55157121E-03  -0.14795857E-03  -0.60374740E-02   0.00000000E+00
  4.   29.  -0.49423178E-03  -0.28566457E-03  -0.60352629E-02   0.00000000E+00
  4.   30.  -0.40321131E-03  -0.40366341E-03  -0.60322427E-02   0.00000000E+00
  4.   31.  -0.28488209E-03  -0.49398390E-03  -0.60292229E-02   0.00000000E+00
  4.   32.  -0.14737816E-03  -0.55064025E-03  -0.60270125E-02   0.00000000E+00
  4.   33.  -0.67710814E-12  -0.56994076E-03  -0.60262034E-02   0.00000000E+00
  4.   34.   0.14737816E-03  -0.55064025E-03  -0.60270125E-02   0.00000000E+00
  4.   35.   0.28488209E-03  -0.49398390E-03  -0.60292229E-02   0.00000000E+00
  4.   36.   0.40321131E-03  -0.40366341E-03  -0.60322427E-02   0.00000000E+00
  4.   37.   0.49423178E-03  -0.28566457E-03  -0.60352629E-02   0.00000000E+00
  4.   38.   0.55157121E-03  -0.14795857E-03  -0.60374740E-02   0.00000000E+00
  4.   39.   0.57115256E-03   0.00000000E+00  -0.60382834E-02   0.00000000E+00
  4.   40.   0.00000000E+00   0.00000000E+00   0.00000000E+00   0.00000000E+00
  4.   41.   0.00000000E+00   0.00000000E+00   0.00000000E+00   0.00000000E+00
  4.   42.   0.00000000E+00   0.00000000E+00   0.00000000E+00   0.00000000E+00
  4.   43.   0.00000000E+00   0.00000000E+00   0.00000000E+00   0.00000000E+00
  4.   44.   0.00000000E+00   0.00000000E+00   0.00000000E+00   0.00000000E+00
  4.   45.   0.00000000E+00   0.00000000E+00   0.00000000E+00   0.00000000E+00
  4.   46.   0.00000000E+00   0.00000000E+00   0.00000000E+00   0.00000000E+00
  4.   47.   0.00000000E+00   0.00000000E+00   0.00000000E+00   0.00000000E+00
  4.   48.   0.00000000E+00   0.00000000E+00   0.00000000E+00   0.00000000E+00
  4.   49.   0.00000000E+00   0.00000000E+00   0.00000000E+00   0.00000000E+00
  4.   50.   0.00000000E+00   0.00000000E+00   0.00000000E+00   0.00000000E+00
  4.   51.   0.00000000E+00   0.00000000E+00   0.00000000E+00   0.00000000E+00
  4.   52.   0.00000000E+00   0.00000000E+00   0.00000000E+00   0.00000000E+00
  4.   53.   0.00000000E+00   0.00000000E+00   0.00000000E+00   0.00000000E+00
  4.   54.   0.00000000E+00   0.00000000E+00   0.00000000E+00   0.00000000E+00
  4.   55.   0.00000000E+00   0.00000000E+00   0.00000000E+00   0.00000000E+00
  4.   56.   0.00000000E+00   0.00000000E+00   0.00000000E+00   0.00000000E+00
  4.   57.   0.00000000E+00   0.00000000E+00   0.00000000E+00   0.00000000E+00
  4.   58.   0.00000000E+00   0.00000000E+00   0.00000000E+00   0.00000000E+00
  4.   59.   0.00000000E+00   0.00000000E+00   0.00000000E+00   0.00000000E+00
  4.   60.   0.00000000E+00   0.00000000E+00   0.00000000E+00   0.00000000E+00
  4.   61.   0.00000000E+00   0.00000000E+00   0.00000000E+00   0.00000000E+00
  4.   62.   0.00000000E+00   0.00000000E+00   0.00000000E+00   0.00000000E+00
  4.   63.   0.00000000E+00   0.00000000E+00   0.00000000E+00   0.00000000E+00
  4.   64.   0.00000000E+00   0.00000000E+00   0.00000000E+00   0.00000000E+00
  4.   65.   0.00000000E+00   0.00000000E+00   0.00000000E+00   0.00000000E+00
  5.    1.   0.10100185E-02   0.00000000E+00  -0.50334250E-02   0.00000000E+00
  5.    2.   0.90523869E-03  -0.61897858E-03  -0.35591823E-02   0.00000000E+00
  5.    3.   0.58843791E-03  -0.10192108E-02  -0.44656066E-07   0.00000000E+00
  5.    4.   0.83428719E-04  -0.10934546E-02   0.35590960E-02   0.00000000E+00
  5.    5.  -0.50500903E-03  -0.87470823E-03   0.50333475E-02   0.00000000E+00
  5.    6.  -0.98866694E-03  -0.47447607E-03   0.35591191E-02   0.00000000E+00
  5.    7.  -0.11768753E-02  -0.21938127E-11   0.17700653E-10   0.00000000E+00
  5.    8.  -0.98866694E-03   0.47447606E-03  -0.35591190E-02   0.00000000E+00
  5.    9.  -0.50500904E-03   0.87470823E-03  -0.50333475E-02   0.00000000E+00
  5.   10.   0.83428714E-04   0.10934546E-02  -0.35590960E-02   0.00000000E+00
  5.   11.   0.58843791E-03   0.10192108E-02   0.44620957E-07   0.00000000E+00
  5.   12.   0.90523869E-03   0.61897859E-03   0.35591822E-02   0.00000000E+00
  5.   13.   0.10100185E-02   0.00000000E+00   0.50334250E-02   0.00000000E+00
  5.   14.   0.84247929E-03   0.00000000E+00  -0.20042786E-01   0.00000000E+00
  5.   15.   0.10086061E-02  -0.14624780E-02  -0.14172385E-01   0.00000000E+00
  5.   16.   0.11834751E-02  -0.20498475E-02   0.15982093E-07   0.00000000E+00
  5.   17.   0.76223404E-03  -0.16047231E-02   0.14172416E-01   0.00000000E+00
  5.   18.  -0.42124386E-03  -0.72961452E-03   0.20042814E-01   0.00000000E+00
  5.   19.  -0.17708486E-02  -0.14224509E-03   0.14172408E-01   0.00000000E+00
  5.   20.  -0.23669586E-02  -0.19366007E-12   0.70897113E-10   0.00000000E+00
  5.   21.  -0.17708486E-02   0.14224508E-03  -0.14172408E-01   0.00000000E+00
  5.   22.  -0.42124387E-03   0.72961451E-03  -0.20042814E-01   0.00000000E+00
  5.   23.   0.76223404E-03   0.16047231E-02  -0.14172416E-01   0.00000000E+00
  5.   24.   0.11834751E-02   0.20498475E-02  -0.16121390E-07   0.00000000E+00
  5.   25.   0.10086061E-02   0.14624781E-02   0.14172385E-01   0.00000000E+00
  5.   26.   0.84247929E-03   0.00000000E+00   0.20042786E-01   0.00000000E+00
  5.   27.  -0.14316843E-02   0.00000000E+00  -0.16014370E-01   0.00000000E+00
  5.   28.  -0.74586651E-03  -0.11278202E-02  -0.11323861E-01   0.00000000E+00
  5.   29.   0.63381428E-03  -0.10977942E-02   0.28039456E-07   0.00000000E+00
  5.   30.   0.13496569E-02   0.82032482E-04   0.11323916E-01   0.00000000E+00
  5.   31.   0.71584341E-03   0.12398786E-02   0.16014419E-01   0.00000000E+00
  5.   32.  -0.60378788E-03   0.12098527E-02   0.11323901E-01   0.00000000E+00
  5.   33.  -0.12676261E-02   0.65612245E-11   0.56660965E-10   0.00000000E+00
  5.   34.  -0.60378789E-03  -0.12098527E-02  -0.11323901E-01   0.00000000E+00
  5.   35.   0.71584340E-03  -0.12398786E-02  -0.16014419E-01   0.00000000E+00
  5.   36.   0.13496569E-02  -0.82032494E-04  -0.11323916E-01   0.00000000E+00
  5.   37.   0.63381429E-03   0.10977942E-02  -0.28150778E-07   0.00000000E+00
  5.   38.  -0.74586650E-03   0.11278202E-02   0.11323861E-01   0.00000000E+00
  5.   39.  -0.14316843E-02   0.00000000E+00   0.16014370E-01   0.00000000E+00
  5.   40.   0.00000000E+00   0.00000000E+00   0.00000000E+00   0.00000000E+00
  5.   41.   0.00000000E+00   0.00000000E+00   0.00000000E+00   0.00000000E+00
  5.   42.   0.00000000E+00   0.00000000E+00   0.00000000E+00   0.00000000E+00
  5.   43.   0.00000000E+00   0.00000000E+00   0.00000000E+00   0.00000000E+00
  5.   44.   0.00000000E+00   0.00000000E+00   0.00000000E+00   0.00000000E+00
  5.   45.   0.00000000E+00   0.00000000E+00   0.00000000E+00   0.00000000E+00
  5.   46.   0.00000000E+00   0.00000000E+00   0.00000000E+00   0.00000000E+00
  5.   47.   0.00000000E+00   0.00000000E+00   0.00000000E+00   0.00000000E+00
  5.   48.   0.00000000E+00   0.00000000E+00   0.00000000E+00   0.00000000E+00
  5.   49.   0.00000000E+00   0.00000000E+00   0.00000000E+00   0.00000000E+00
  5.   50.   0.00000000E+00   0.00000000E+00   0.00000000E+00   0.00000000E+00
  5.   51.   0.00000000E+00   0.00000000E+00   0.00000000E+00   0.00000000E+00
  5.   52.   0.00000000E+00   0.00000000E+00   0.00000000E+00   0.00000000E+00
  5.   53.   0.00000000E+00   0.00000000E+00   0.00000000E+00   0.00000000E+00
  5.   54.   0.00000000E+00   0.00000000E+00   0.00000000E+00   0.00000000E+00
  5.   55.   0.00000000E+00   0.00000000E+00   0.00000000E+00   0.00000000E+00
  5.   56.   0.00000000E+00   0.00000000E+00   0.00000000E+00   0.00000000E+00
  5.   57.   0.00000000E+00   0.00000000E+00   0.00000000E+00   0.00000000E+00
  5.   58.   0.00000000E+00   0.00000000E+00   0.00000000E+00   0.00000000E+00
  5.   59.   0.00000000E+00   0.00000000E+00   0.00000000E+00   0.00000000E+00
  5.   60.   0.00000000E+00   0.00000000E+00   0.00000000E+00   0.00000000E+00
  5.   61.   0.00000000E+00   0.00000000E+00   0.00000000E+00   0.00000000E+00
  5.   62.   0.00000000E+00   0.00000000E+00   0.00000000E+00   0.00000000E+00
  5.   63.   0.00000000E+00   0.00000000E+00   0.00000000E+00   0.00000000E+00
  5.   64.   0.00000000E+00   0.00000000E+00   0.00000000E+00   0.00000000E+00
  5.   65.   0.00000000E+00   0.00000000E+00   0.00000000E+00   0.00000000E+00
  6.    1.  -0.37038696E-04   0.00000000E+00  -0.15155166E-01   0.00000000E+00
  6.    2.   0.44396689E-04  -0.30391865E-03  -0.14638761E-01   0.00000000E+00
  6.    3.   0.26688111E-03  -0.52640031E-03  -0.13124739E-01   0.00000000E+00
  6.    4.   0.57079733E-03  -0.60783085E-03  -0.10716287E-01   0.00000000E+00
  6.    5.   0.87470936E-03  -0.52639323E-03  -0.75775467E-02   0.00000000E+00
  6.    6.   0.10971854E-02  -0.30391154E-03  -0.39224217E-02   0.00000000E+00
  6.    7.   0.11786165E-02  -0.14367672E-11  -0.17849500E-10   0.00000000E+00
  6.    8.   0.10971854E-02   0.30391154E-03   0.39224216E-02   0.00000000E+00
  6.    9.   0.87470936E-03   0.52639323E-03   0.75775466E-02   0.00000000E+00
  6.   10.   0.57079733E-03   0.60783085E-03   0.10716287E-01   0.00000000E+00
  6.   11.   0.26688111E-03   0.52640032E-03   0.13124739E-01   0.00000000E+00
  6.   12.   0.44396691E-04   0.30391866E-03   0.14638761E-01   0.00000000E+00
  6.   13.  -0.37038696E-04   0.00000000E+00   0.15155166E-01   0.00000000E+00
  6.   14.  -0.16757091E-02   0.00000000E+00   0.26330718E-03   0.00000000E+00
  6.   15.  -0.15641589E-02  -0.41630818E-03   0.25433108E-03   0.00000000E+00
  6.   16.  -0.12593983E-02  -0.72106666E-03   0.22801699E-03   0.00000000E+00
  6.   17.  -0.84308797E-03  -0.83261562E-03   0.18616410E-03   0.00000000E+00
  6.   18.  -0.42677808E-03  -0.72106586E-03   0.13163027E-03   0.00000000E+00
  6.   19.  -0.12201844E-03  -0.41630738E-03   0.68134001E-04   0.00000000E+00
  6.   20.  -0.10468737E-04  -0.19671713E-11   0.38309299E-12   0.00000000E+00
  6.   21.  -0.12201843E-03   0.41630738E-03  -0.68134000E-04   0.00000000E+00
  6.   22.  -0.42677808E-03   0.72106586E-03  -0.13163027E-03   0.00000000E+00
  6.   23.  -0.84308796E-03   0.83261562E-03  -0.18616410E-03   0.00000000E+00
  6.   24.  -0.12593983E-02   0.72106666E-03  -0.22801699E-03   0.00000000E+00
  6.   25.  -0.15641589E-02   0.41630818E-03  -0.25433108E-03   0.00000000E+00
  6.   26.  -0.16757091E-02   0.00000000E+00  -0.26330718E-03   0.00000000E+00
  6.   27.   0.49587416E-03   0.00000000E+00   0.89708987E-02   0.00000000E+00
  6.   28.   0.44683654E-03   0.18300919E-03   0.86652165E-02   0.00000000E+00
  6.   29.   0.31286394E-03   0.31698007E-03   0.77690054E-02   0.00000000E+00
  6.   30.   0.12985553E-03   0.36601528E-03   0.63433495E-02   0.00000000E+00
  6.   31.  -0.53151113E-04   0.31697700E-03   0.44854136E-02   0.00000000E+00
  6.   32.  -0.18712016E-03   0.18300611E-03   0.23218165E-02   0.00000000E+00
  6.   33.  -0.23615600E-03   0.86852855E-12   0.10642118E-10   0.00000000E+00
  6.   34.  -0.18712016E-03  -0.18300611E-03  -0.23218164E-02   0.00000000E+00
  6.   35.  -0.53151115E-04  -0.31697700E-03  -0.44854136E-02   0.00000000E+00
  6.   36.   0.12985553E-03  -0.36601528E-03  -0.63433495E-02   0.00000000E+00
  6.   37.   0.31286394E-03  -0.31698008E-03  -0.77690054E-02   0.00000000E+00
  6.   38.   0.44683654E-03  -0.18300919E-03  -0.86652165E-02   0.00000000E+00
  6.   39.   0.49587416E-03   0.00000000E+00  -0.89708987E-02   0.00000000E+00
  6.   40.   0.00000000E+00   0.00000000E+00   0.00000000E+00   0.00000000E+00
  6.   41.   0.00000000E+00   0.00000000E+00   0.00000000E+00   0.00000000E+00
  6.   42.   0.00000000E+00   0.00000000E+00   0.00000000E+00   0.00000000E+00
  6.   43.   0.00000000E+00   0.00000000E+00   0.00000000E+00   0.00000000E+00
  6.   44.   0.00000000E+00   0.00000000E+00   0.00000000E+00   0.00000000E+00
  6.   45.   0.00000000E+00   0.00000000E+00   0.00000000E+00   0.00000000E+00
  6.   46.   0.00000000E+00   0.00000000E+00   0.00000000E+00   0.00000000E+00
  6.   47.   0.00000000E+00   0.00000000E+00   0.00000000E+00   0.00000000E+00
  6.   48.   0.00000000E+00   0.00000000E+00   0.00000000E+00   0.00000000E+00
  6.   49.   0.00000000E+00   0.00000000E+00   0.00000000E+00   0.00000000E+00
  6.   50.   0.00000000E+00   0.00000000E+00   0.00000000E+00   0.00000000E+00
  6.   51.   0.00000000E+00   0.00000000E+00   0.00000000E+00   0.00000000E+00
  6.   52.   0.00000000E+00   0.00000000E+00   0.00000000E+00   0.00000000E+00
  6.   53.   0.00000000E+00   0.00000000E+00   0.00000000E+00   0.00000000E+00
  6.   54.   0.00000000E+00   0.00000000E+00   0.00000000E+00   0.00000000E+00
  6.   55.   0.00000000E+00   0.00000000E+00   0.00000000E+00   0.00000000E+00
  6.   56.   0.00000000E+00   0.00000000E+00   0.00000000E+00   0.00000000E+00
  6.   57.   0.00000000E+00   0.00000000E+00   0.00000000E+00   0.00000000E+00
  6.   58.   0.00000000E+00   0.00000000E+00   0.00000000E+00   0.00000000E+00
  6.   59.   0.00000000E+00   0.00000000E+00   0.00000000E+00   0.00000000E+00
  6.   60.   0.00000000E+00   0.00000000E+00   0.00000000E+00   0.00000000E+00
  6.   61.   0.00000000E+00   0.00000000E+00   0.00000000E+00   0.00000000E+00
  6.   62.   0.00000000E+00   0.00000000E+00   0.00000000E+00   0.00000000E+00
  6.   63.   0.00000000E+00   0.00000000E+00   0.00000000E+00   0.00000000E+00
  6.   64.   0.00000000E+00   0.00000000E+00   0.00000000E+00   0.00000000E+00
  6.   65.   0.00000000E+00   0.00000000E+00   0.00000000E+00   0.00000000E+00
  7.    1.   0.44736927E-03   0.00000000E+00  -0.16309262E-02   0.00000000E+00
  7.    2.   0.32956251E-03  -0.36569250E-03  -0.81546398E-03   0.00000000E+00
  7.    3.   0.25548196E-04  -0.49161931E-03   0.81546058E-03   0.00000000E+00
  7.    4.  -0.31633745E-03  -0.31633755E-03   0.16309230E-02   0.00000000E+00
  7.    5.  -0.49161920E-03   0.25548150E-04   0.81546101E-03   0.00000000E+00
  7.    6.  -0.36569243E-03   0.32956252E-03  -0.81546323E-03   0.00000000E+00
  7.    7.  -0.18501037E-11   0.44736930E-03  -0.16309254E-02   0.00000000E+00
  7.    8.   0.36569243E-03   0.32956252E-03  -0.81546324E-03   0.00000000E+00
  7.    9.   0.49161920E-03   0.25548153E-04   0.81546100E-03   0.00000000E+00
  7.   10.   0.31633745E-03  -0.31633754E-03   0.16309230E-02   0.00000000E+00
  7.   11.  -0.25548193E-04  -0.49161931E-03   0.81546059E-03   0.00000000E+00
  7.   12.  -0.32956251E-03  -0.36569250E-03  -0.81546397E-03   0.00000000E+00
  7.   13.  -0.44736927E-03   0.00000000E+00  -0.16309262E-02   0.00000000E+00
  7.   14.   0.91246871E-03   0.00000000E+00  -0.12151088E-01   0.00000000E+00
  7.   15.   0.86781050E-03  -0.14759593E-02  -0.60755443E-02   0.00000000E+00
  7.   16.   0.43002561E-03  -0.16572958E-02   0.60755436E-02   0.00000000E+00
  7.   17.  -0.64521322E-03  -0.64521323E-03   0.12151087E-01   0.00000000E+00
  7.   18.  -0.16572958E-02   0.43002565E-03   0.60755436E-02   0.00000000E+00
  7.   19.  -0.14759593E-02   0.86781057E-03  -0.60755442E-02   0.00000000E+00
  7.   20.  -0.79092749E-11   0.91246879E-03  -0.12151088E-01   0.00000000E+00
  7.   21.   0.14759593E-02   0.86781057E-03  -0.60755443E-02   0.00000000E+00
  7.   22.   0.16572958E-02   0.43002565E-03   0.60755435E-02   0.00000000E+00
  7.   23.   0.64521323E-03  -0.64521322E-03   0.12151087E-01   0.00000000E+00
  7.   24.  -0.43002560E-03  -0.16572958E-02   0.60755437E-02   0.00000000E+00
  7.   25.  -0.86781050E-03  -0.14759593E-02  -0.60755442E-02   0.00000000E+00
  7.   26.  -0.91246871E-03   0.00000000E+00  -0.12151088E-01   0.00000000E+00
  7.   27.  -0.94509387E-03   0.00000000E+00  -0.13217513E-01   0.00000000E+00
  7.   28.  -0.14514089E-03  -0.12841079E-02  -0.66087557E-02   0.00000000E+00
  7.   29.   0.10106316E-02  -0.80537120E-03   0.66087589E-02   0.00000000E+00
  7.   30.   0.66828237E-03   0.66828238E-03   0.13217516E-01   0.00000000E+00
  7.   31.  -0.80537122E-03   0.10106316E-02   0.66087587E-02   0.00000000E+00
  7.   32.  -0.12841079E-02  -0.14514090E-03  -0.66087561E-02   0.00000000E+00
  7.   33.  -0.76742754E-11  -0.94509390E-03  -0.13217513E-01   0.00000000E+00
  7.   34.   0.12841079E-02  -0.14514091E-03  -0.66087562E-02   0.00000000E+00
  7.   35.   0.80537123E-03   0.10106316E-02   0.66087586E-02   0.00000000E+00
  7.   36.  -0.66828236E-03   0.66828239E-03   0.13217516E-01   0.00000000E+00
  7.   37.  -0.10106316E-02  -0.80537118E-03   0.66087590E-02   0.00000000E+00
  7.   38.   0.14514088E-03  -0.12841079E-02  -0.66087556E-02   0.00000000E+00
  7.   39.   0.94509387E-03   0.00000000E+00  -0.13217513E-01   0.00000000E+00
  7.   40.   0.00000000E+00   0.00000000E+00   0.00000000E+00   0.00000000E+00
  7.   41.   0.00000000E+00   0.00000000E+00   0.00000000E+00   0.00000000E+00
  7.   42.   0.00000000E+00   0.00000000E+00   0.00000000E+00   0.00000000E+00
  7.   43.   0.00000000E+00   0.00000000E+00   0.00000000E+00   0.00000000E+00
  7.   44.   0.00000000E+00   0.00000000E+00   0.00000000E+00   0.00000000E+00
  7.   45.   0.00000000E+00   0.00000000E+00   0.00000000E+00   0.00000000E+00
  7.   46.   0.00000000E+00   0.00000000E+00   0.00000000E+00   0.00000000E+00
  7.   47.   0.00000000E+00   0.00000000E+00   0.00000000E+00   0.00000000E+00
  7.   48.   0.00000000E+00   0.00000000E+00   0.00000000E+00   0.00000000E+00
  7.   49.   0.00000000E+00   0.00000000E+00   0.00000000E+00   0.00000000E+00
  7.   50.   0.00000000E+00   0.00000000E+00   0.00000000E+00   0.00000000E+00
  7.   51.   0.00000000E+00   0.00000000E+00   0.00000000E+00   0.00000000E+00
  7.   52.   0.00000000E+00   0.00000000E+00   0.00000000E+00   0.00000000E+00
  7.   53.   0.00000000E+00   0.00000000E+00   0.00000000E+00   0.00000000E+00
  7.   54.   0.00000000E+00   0.00000000E+00   0.00000000E+00   0.00000000E+00
  7.   55.   0.00000000E+00   0.00000000E+00   0.00000000E+00   0.00000000E+00
  7.   56.   0.00000000E+00   0.00000000E+00   0.00000000E+00   0.00000000E+00
  7.   57.   0.00000000E+00   0.00000000E+00   0.00000000E+00   0.00000000E+00
  7.   58.   0.00000000E+00   0.00000000E+00   0.00000000E+00   0.00000000E+00
  7.   59.   0.00000000E+00   0.00000000E+00   0.00000000E+00   0.00000000E+00
  7.   60.   0.00000000E+00   0.00000000E+00   0.00000000E+00   0.00000000E+00
  7.   61.   0.00000000E+00   0.00000000E+00   0.00000000E+00   0.00000000E+00
  7.   62.   0.00000000E+00   0.00000000E+00   0.00000000E+00   0.00000000E+00
  7.   63.   0.00000000E+00   0.00000000E+00   0.00000000E+00   0.00000000E+00
  7.   64.   0.00000000E+00   0.00000000E+00   0.00000000E+00   0.00000000E+00
  7.   65.   0.00000000E+00   0.00000000E+00   0.00000000E+00   0.00000000E+00
  8.    1.   0.80630284E-03   0.00000000E+00  -0.10824404E-01   0.00000000E+00
  8.    2.   0.89079455E-03  -0.62855837E-03  -0.93737876E-02   0.00000000E+00
  8.    3.   0.10729236E-02  -0.10559379E-02  -0.54106311E-02   0.00000000E+00
  8.    4.   0.11819345E-02  -0.11874254E-02   0.31409682E-05   0.00000000E+00
  8.    5.   0.10520550E-02  -0.10796484E-02   0.54169126E-02   0.00000000E+00
  8.    6.   0.62654828E-03  -0.89829531E-03   0.93800681E-02   0.00000000E+00
  8.    7.   0.29893111E-11  -0.81406833E-03   0.10830684E-01   0.00000000E+00
  8.    8.  -0.62654828E-03  -0.89829531E-03   0.93800681E-02   0.00000000E+00
  8.    9.  -0.10520550E-02  -0.10796484E-02   0.54169126E-02   0.00000000E+00
  8.   10.  -0.11819345E-02  -0.11874254E-02   0.31410184E-05   0.00000000E+00
  8.   11.  -0.10729236E-02  -0.10559379E-02  -0.54106310E-02   0.00000000E+00
  8.   12.  -0.89079455E-03  -0.62855837E-03  -0.93737876E-02   0.00000000E+00
  8.   13.  -0.80630284E-03   0.00000000E+00  -0.10824404E-01   0.00000000E+00
  8.   14.  -0.15856430E-02   0.00000000E+00  -0.45229475E-02   0.00000000E+00
  8.   15.  -0.12803013E-02  -0.52626797E-03  -0.39157422E-02   0.00000000E+00
  8.   16.  -0.53230021E-03  -0.66126259E-03  -0.22568266E-02   0.00000000E+00
  8.   17.   0.25197626E-03  -0.24856897E-03   0.92942247E-05   0.00000000E+00
  8.   18.   0.66367191E-03   0.53647324E-03   0.22754152E-02   0.00000000E+00
  8.   19.   0.52751512E-03   0.12849557E-02   0.39343309E-02   0.00000000E+00
  8.   20.   0.27050004E-11   0.15904615E-02   0.45415362E-02   0.00000000E+00
  8.   21.  -0.52751511E-03   0.12849557E-02   0.39343309E-02   0.00000000E+00
  8.   22.  -0.66367191E-03   0.53647325E-03   0.22754152E-02   0.00000000E+00
  8.   23.  -0.25197627E-03  -0.24856896E-03   0.92942458E-05   0.00000000E+00
  8.   24.   0.53230021E-03  -0.66126259E-03  -0.22568266E-02   0.00000000E+00
  8.   25.   0.12803013E-02  -0.52626797E-03  -0.39157422E-02   0.00000000E+00
  8.   26.   0.15856430E-02   0.00000000E+00  -0.45229475E-02   0.00000000E+00
  8.   27.   0.16542631E-03   0.00000000E+00   0.84705061E-02   0.00000000E+00
  8.   28.   0.80838441E-04   0.25175733E-03   0.73338549E-02   0.00000000E+00
  8.   29.  -0.12091214E-03   0.37470409E-03   0.42284661E-02   0.00000000E+00
  8.   30.  -0.31442273E-03   0.31421318E-03  -0.13573595E-04   0.00000000E+00
  8.   31.  -0.37485221E-03   0.12065549E-03  -0.42556131E-02   0.00000000E+00
  8.   32.  -0.25183398E-03  -0.81124656E-04  -0.73610013E-02   0.00000000E+00
  8.   33.  -0.12516159E-11  -0.16572259E-03  -0.84976523E-02   0.00000000E+00
  8.   34.   0.25183397E-03  -0.81124657E-04  -0.73610013E-02   0.00000000E+00
  8.   35.   0.37485221E-03   0.12065549E-03  -0.42556131E-02   0.00000000E+00
  8.   36.   0.31442273E-03   0.31421318E-03  -0.13573634E-04   0.00000000E+00
  8.   37.   0.12091214E-03   0.37470409E-03   0.42284661E-02   0.00000000E+00
  8.   38.  -0.80838439E-04   0.25175733E-03   0.73338549E-02   0.00000000E+00
  8.   39.  -0.16542631E-03   0.00000000E+00   0.84705061E-02   0.00000000E+00
  8.   40.   0.00000000E+00   0.00000000E+00   0.00000000E+00   0.00000000E+00
  8.   41.   0.00000000E+00   0.00000000E+00   0.00000000E+00   0.00000000E+00
  8.   42.   0.00000000E+00   0.00000000E+00   0.00000000E+00   0.00000000E+00
  8.   43.   0.00000000E+00   0.00000000E+00   0.00000000E+00   0.00000000E+00
  8.   44.   0.00000000E+00   0.00000000E+00   0.00000000E+00   0.00000000E+00
  8.   45.   0.00000000E+00   0.00000000E+00   0.00000000E+00   0.00000000E+00
  8.   46.   0.00000000E+00   0.00000000E+00   0.00000000E+00   0.00000000E+00
  8.   47.   0.00000000E+00   0.00000000E+00   0.00000000E+00   0.00000000E+00
  8.   48.   0.00000000E+00   0.00000000E+00   0.00000000E+00   0.00000000E+00
  8.   49.   0.00000000E+00   0.00000000E+00   0.00000000E+00   0.00000000E+00
  8.   50.   0.00000000E+00   0.00000000E+00   0.00000000E+00   0.00000000E+00
  8.   51.   0.00000000E+00   0.00000000E+00   0.00000000E+00   0.00000000E+00
  8.   52.   0.00000000E+00   0.00000000E+00   0.00000000E+00   0.00000000E+00
  8.   53.   0.00000000E+00   0.00000000E+00   0.00000000E+00   0.00000000E+00
  8.   54.   0.00000000E+00   0.00000000E+00   0.00000000E+00   0.00000000E+00
  8.   55.   0.00000000E+00   0.00000000E+00   0.00000000E+00   0.00000000E+00
  8.   56.   0.00000000E+00   0.00000000E+00   0.00000000E+00   0.00000000E+00
  8.   57.   0.00000000E+00   0.00000000E+00   0.00000000E+00   0.00000000E+00
  8.   58.   0.00000000E+00   0.00000000E+00   0.00000000E+00   0.00000000E+00
  8.   59.   0.00000000E+00   0.00000000E+00   0.00000000E+00   0.00000000E+00
  8.   60.   0.00000000E+00   0.00000000E+00   0.00000000E+00   0.00000000E+00
  8.   61.   0.00000000E+00   0.00000000E+00   0.00000000E+00   0.00000000E+00
  8.   62.   0.00000000E+00   0.00000000E+00   0.00000000E+00   0.00000000E+00
  8.   63.   0.00000000E+00   0.00000000E+00   0.00000000E+00   0.00000000E+00
  8.   64.   0.00000000E+00   0.00000000E+00   0.00000000E+00   0.00000000E+00
  8.   65.   0.00000000E+00   0.00000000E+00   0.00000000E+00   0.00000000E+00
  9.    1.   0.81892824E-03   0.00000000E+00   0.40916058E-04   0.00000000E+00
  9.    2.   0.79106054E-03   0.21115815E-03   0.42261854E-04   0.00000000E+00
  9.    3.   0.70933484E-03   0.40797833E-03   0.45937793E-04   0.00000000E+00
  9.    4.   0.57926854E-03   0.57706857E-03   0.50957167E-04   0.00000000E+00
  9.    5.   0.40967423E-03   0.70688349E-03   0.55974082E-04   0.00000000E+00
  9.    6.   0.21208914E-03   0.78852480E-03   0.59645108E-04   0.00000000E+00
  9.    7.   0.96519350E-12   0.81637820E-03   0.60988450E-04   0.00000000E+00
  9.    8.  -0.21208914E-03   0.78852480E-03   0.59645108E-04   0.00000000E+00
  9.    9.  -0.40967423E-03   0.70688349E-03   0.55974082E-04   0.00000000E+00
  9.   10.  -0.57926854E-03   0.57706857E-03   0.50957167E-04   0.00000000E+00
  9.   11.  -0.70933484E-03   0.40797833E-03   0.45937794E-04   0.00000000E+00
  9.   12.  -0.79106054E-03   0.21115815E-03   0.42261854E-04   0.00000000E+00
  9.   13.  -0.81892824E-03   0.00000000E+00   0.40916058E-04   0.00000000E+00
  9.   14.  -0.45684018E-03   0.00000000E+00  -0.21649089E-02   0.00000000E+00
  9.   15.  -0.44098211E-03  -0.11841870E-03  -0.21640536E-02   0.00000000E+00
  9.   16.  -0.39465946E-03  -0.22835497E-03  -0.21617170E-02   0.00000000E+00
  9.   17.  -0.32144152E-03  -0.32214613E-03  -0.21585250E-02   0.00000000E+00
  9.   18.  -0.22673029E-03  -0.39357136E-03  -0.21553330E-02   0.00000000E+00
  9.   19.  -0.11715085E-03  -0.43817545E-03  -0.21529963E-02   0.00000000E+00
  9.   20.  -0.53875429E-12  -0.45333086E-03  -0.21521411E-02   0.00000000E+00
  9.   21.   0.11715085E-03  -0.43817545E-03  -0.21529963E-02   0.00000000E+00
  9.   22.   0.22673029E-03  -0.39357136E-03  -0.21553330E-02   0.00000000E+00
  9.   23.   0.32144152E-03  -0.32214613E-03  -0.21585250E-02   0.00000000E+00
  9.   24.   0.39465946E-03  -0.22835497E-03  -0.21617170E-02   0.00000000E+00
  9.   25.   0.44098210E-03  -0.11841870E-03  -0.21640536E-02   0.00000000E+00
  9.   26.   0.45684018E-03   0.00000000E+00  -0.21649089E-02   0.00000000E+00
  9.   27.   0.25700606E-05   0.00000000E+00   0.27266319E-02   0.00000000E+00
  9.   28.   0.24050226E-05   0.90490006E-06   0.27253439E-02   0.00000000E+00
  9.   29.   0.19665836E-05   0.16385244E-05   0.27218254E-02   0.00000000E+00
  9.   30.   0.13942208E-05   0.21055729E-05   0.27170199E-02   0.00000000E+00
  9.   31.   0.83639577E-06   0.23197070E-05   0.27122155E-02   0.00000000E+00
  9.   32.   0.37633678E-06   0.23758516E-05   0.27086991E-02   0.00000000E+00
  9.   33.  -0.24346972E-14   0.23795586E-05   0.27074122E-02   0.00000000E+00
  9.   34.  -0.37633678E-06   0.23758516E-05   0.27086991E-02   0.00000000E+00
  9.   35.  -0.83639576E-06   0.23197070E-05   0.27122155E-02   0.00000000E+00
  9.   36.  -0.13942208E-05   0.21055730E-05   0.27170199E-02   0.00000000E+00
  9.   37.  -0.19665836E-05   0.16385244E-05   0.27218254E-02   0.00000000E+00
  9.   38.  -0.24050226E-05   0.90490006E-06   0.27253439E-02   0.00000000E+00
  9.   39.  -0.25700606E-05   0.00000000E+00   0.27266319E-02   0.00000000E+00
  9.   40.   0.00000000E+00   0.00000000E+00   0.00000000E+00   0.00000000E+00
  9.   41.   0.00000000E+00   0.00000000E+00   0.00000000E+00   0.00000000E+00
  9.   42.   0.00000000E+00   0.00000000E+00   0.00000000E+00   0.00000000E+00
  9.   43.   0.00000000E+00   0.00000000E+00   0.00000000E+00   0.00000000E+00
  9.   44.   0.00000000E+00   0.00000000E+00   0.00000000E+00   0.00000000E+00
  9.   45.   0.00000000E+00   0.00000000E+00   0.00000000E+00   0.00000000E+00
  9.   46.   0.00000000E+00   0.00000000E+00   0.00000000E+00   0.00000000E+00
  9.   47.   0.00000000E+00   0.00000000E+00   0.00000000E+00   0.00000000E+00
  9.   48.   0.00000000E+00   0.00000000E+00   0.00000000E+00   0.00000000E+00
  9.   49.   0.00000000E+00   0.00000000E+00   0.00000000E+00   0.00000000E+00
  9.   50.   0.00000000E+00   0.00000000E+00   0.00000000E+00   0.00000000E+00
  9.   51.   0.00000000E+00   0.00000000E+00   0.00000000E+00   0.00000000E+00
  9.   52.   0.00000000E+00   0.00000000E+00   0.00000000E+00   0.00000000E+00
  9.   53.   0.00000000E+00   0.00000000E+00   0.00000000E+00   0.00000000E+00
  9.   54.   0.00000000E+00   0.00000000E+00   0.00000000E+00   0.00000000E+00
  9.   55.   0.00000000E+00   0.00000000E+00   0.00000000E+00   0.00000000E+00
  9.   56.   0.00000000E+00   0.00000000E+00   0.00000000E+00   0.00000000E+00
  9.   57.   0.00000000E+00   0.00000000E+00   0.00000000E+00   0.00000000E+00
  9.   58.   0.00000000E+00   0.00000000E+00   0.00000000E+00   0.00000000E+00
  9.   59.   0.00000000E+00   0.00000000E+00   0.00000000E+00   0.00000000E+00
  9.   60.   0.00000000E+00   0.00000000E+00   0.00000000E+00   0.00000000E+00
  9.   61.   0.00000000E+00   0.00000000E+00   0.00000000E+00   0.00000000E+00
  9.   62.   0.00000000E+00   0.00000000E+00   0.00000000E+00   0.00000000E+00
  9.   63.   0.00000000E+00   0.00000000E+00   0.00000000E+00   0.00000000E+00
  9.   64.   0.00000000E+00   0.00000000E+00   0.00000000E+00   0.00000000E+00
  9.   65.   0.00000000E+00   0.00000000E+00   0.00000000E+00   0.00000000E+00
 10.    1.   0.18315352E-03   0.00000000E+00  -0.52797522E-03   0.00000000E+00
 10.    2.   0.96777303E-04  -0.17802418E-03  -0.13665008E-03   0.00000000E+00
 10.    3.  -0.86376187E-04  -0.16762313E-03   0.45723987E-03   0.00000000E+00
 10.    4.  -0.19355451E-03   0.10401061E-04   0.37333480E-03   0.00000000E+00
 10.    5.  -0.10717830E-03   0.16762316E-03  -0.26398758E-03   0.00000000E+00
 10.    6.   0.96777268E-04   0.15722211E-03  -0.50998484E-03   0.00000000E+00
 10.    7.   0.20395557E-03   0.84919607E-12  -0.30531186E-11   0.00000000E+00
 10.    8.   0.96777269E-04  -0.15722211E-03   0.50998484E-03   0.00000000E+00
 10.    9.  -0.10717830E-03  -0.16762316E-03   0.26398759E-03   0.00000000E+00
 10.   10.  -0.19355451E-03  -0.10401063E-04  -0.37333480E-03   0.00000000E+00
 10.   11.  -0.86376188E-04   0.16762313E-03  -0.45723987E-03   0.00000000E+00
 10.   12.   0.96777302E-04   0.17802418E-03   0.13665007E-03   0.00000000E+00
 10.   13.   0.18315352E-03   0.00000000E+00   0.52797522E-03   0.00000000E+00
 10.   14.   0.79321068E-03   0.00000000E+00  -0.73590095E-02   0.00000000E+00
 10.   15.   0.55733486E-03  -0.12867914E-02  -0.19046519E-02   0.00000000E+00
 10.   16.  -0.23587584E-03  -0.96533235E-03   0.63730890E-02   0.00000000E+00
 10.   17.  -0.11146698E-02   0.32145905E-03   0.52036054E-02   0.00000000E+00
 10.   18.  -0.87879396E-03   0.96533233E-03  -0.36795047E-02   0.00000000E+00
 10.   19.   0.55733488E-03   0.64387327E-03  -0.71082573E-02   0.00000000E+00
 10.   20.   0.14361288E-02   0.29812004E-11  -0.43385823E-10   0.00000000E+00
 10.   21.   0.55733490E-03  -0.64387326E-03   0.71082573E-02   0.00000000E+00
 10.   22.  -0.87879395E-03  -0.96533233E-03   0.36795048E-02   0.00000000E+00
 10.   23.  -0.11146698E-02  -0.32145906E-03  -0.52036053E-02   0.00000000E+00
 10.   24.  -0.23587585E-03   0.96533234E-03  -0.63730890E-02   0.00000000E+00
 10.   25.   0.55733485E-03   0.12867914E-02   0.19046518E-02   0.00000000E+00
 10.   26.   0.79321068E-03   0.00000000E+00   0.73590095E-02   0.00000000E+00
 10.   27.  -0.58679312E-03   0.00000000E+00  -0.10882680E-01   0.00000000E+00
 10.   28.   0.20896526E-03  -0.13666621E-02  -0.28166448E-02   0.00000000E+00
 10.   29.   0.79575837E-03  -0.36193844E-03   0.94246780E-02   0.00000000E+00
 10.   30.  -0.41793051E-03   0.10047236E-02   0.76952174E-02   0.00000000E+00
 10.   31.  -0.12136889E-02   0.36193845E-03  -0.54413402E-02   0.00000000E+00
 10.   32.   0.20896525E-03  -0.64278519E-03  -0.10511862E-01   0.00000000E+00
 10.   33.   0.14226541E-02  -0.51375393E-11  -0.64127474E-10   0.00000000E+00
 10.   34.   0.20896527E-03   0.64278519E-03   0.10511862E-01   0.00000000E+00
 10.   35.  -0.12136889E-02  -0.36193844E-03   0.54413403E-02   0.00000000E+00
 10.   36.  -0.41793053E-03  -0.10047236E-02  -0.76952173E-02   0.00000000E+00
 10.   37.   0.79575837E-03   0.36193843E-03  -0.94246781E-02   0.00000000E+00
 10.   38.   0.20896527E-03   0.13666621E-02   0.28166447E-02   0.00000000E+00
 10.   39.  -0.58679312E-03   0.00000000E+00   0.10882680E-01   0.00000000E+00
 10.   40.   0.00000000E+00   0.00000000E+00   0.00000000E+00   0.00000000E+00
 10.   41.   0.00000000E+00   0.00000000E+00   0.00000000E+00   0.00000000E+00
 10.   42.   0.00000000E+00   0.00000000E+00   0.00000000E+00   0.00000000E+00
 10.   43.   0.00000000E+00   0.00000000E+00   0.00000000E+00   0.00000000E+00
 10.   44.   0.00000000E+00   0.00000000E+00   0.00000000E+00   0.00000000E+00
 10.   45.   0.00000000E+00   0.00000000E+00   0.00000000E+00   0.00000000E+00
 10.   46.   0.00000000E+00   0.00000000E+00   0.00000000E+00   0.00000000E+00
 10.   47.   0.00000000E+00   0.00000000E+00   0.00000000E+00   0.00000000E+00
 10.   48.   0.00000000E+00   0.00000000E+00   0.00000000E+00   0.00000000E+00
 10.   49.   0.00000000E+00   0.00000000E+00   0.00000000E+00   0.00000000E+00
 10.   50.   0.00000000E+00   0.00000000E+00   0.00000000E+00   0.00000000E+00
 10.   51.   0.00000000E+00   0.00000000E+00   0.00000000E+00   0.00000000E+00
 10.   52.   0.00000000E+00   0.00000000E+00   0.00000000E+00   0.00000000E+00
 10.   53.   0.00000000E+00   0.00000000E+00   0.00000000E+00   0.00000000E+00
 10.   54.   0.00000000E+00   0.00000000E+00   0.00000000E+00   0.00000000E+00
 10.   55.   0.00000000E+00   0.00000000E+00   0.00000000E+00   0.00000000E+00
 10.   56.   0.00000000E+00   0.00000000E+00   0.00000000E+00   0.00000000E+00
 10.   57.   0.00000000E+00   0.00000000E+00   0.00000000E+00   0.00000000E+00
 10.   58.   0.00000000E+00   0.00000000E+00   0.00000000E+00   0.00000000E+00
 10.   59.   0.00000000E+00   0.00000000E+00   0.00000000E+00   0.00000000E+00
 10.   60.   0.00000000E+00   0.00000000E+00   0.00000000E+00   0.00000000E+00
 10.   61.   0.00000000E+00   0.00000000E+00   0.00000000E+00   0.00000000E+00
 10.   62.   0.00000000E+00   0.00000000E+00   0.00000000E+00   0.00000000E+00
 10.   63.   0.00000000E+00   0.00000000E+00   0.00000000E+00   0.00000000E+00
 10.   64.   0.00000000E+00   0.00000000E+00   0.00000000E+00   0.00000000E+00
 10.   65.   0.00000000E+00   0.00000000E+00   0.00000000E+00   0.00000000E+00
 11.    1.   0.84776583E-03   0.00000000E+00  -0.54655042E-02   0.00000000E+00
 11.    2.   0.80991070E-03  -0.70649964E-03  -0.38647055E-02   0.00000000E+00
 11.    3.   0.63076406E-03  -0.10925346E-02  -0.34784214E-07   0.00000000E+00
 11.    4.   0.20687912E-03  -0.10546671E-02   0.38646382E-02   0.00000000E+00
 11.    5.  -0.42388894E-03  -0.73420250E-03   0.54654438E-02   0.00000000E+00
 11.    6.  -0.10168018E-02  -0.34816754E-03   0.38646562E-02   0.00000000E+00
 11.    7.  -0.12615401E-02  -0.15133789E-11   0.19336317E-10   0.00000000E+00
 11.    8.  -0.10168018E-02   0.34816754E-03  -0.38646561E-02   0.00000000E+00
 11.    9.  -0.42388895E-03   0.73420249E-03  -0.54654438E-02   0.00000000E+00
 11.   10.   0.20687912E-03   0.10546671E-02  -0.38646382E-02   0.00000000E+00
 11.   11.   0.63076406E-03   0.10925346E-02   0.34746157E-07   0.00000000E+00
 11.   12.   0.80991070E-03   0.70649965E-03   0.38647054E-02   0.00000000E+00
 11.   13.   0.84776583E-03   0.00000000E+00   0.54655042E-02   0.00000000E+00
 11.   14.  -0.10247768E-02   0.00000000E+00  -0.67168301E-02   0.00000000E+00
 11.   15.  -0.55667721E-03  -0.72219104E-03  -0.47495048E-02   0.00000000E+00
 11.   16.   0.39138919E-03  -0.67789983E-03   0.37807184E-07   0.00000000E+00
 11.   17.   0.90377804E-03   0.12100581E-03   0.47495778E-02   0.00000000E+00
 11.   18.   0.51238977E-03   0.88748805E-03   0.67168956E-02   0.00000000E+00
 11.   19.  -0.34709806E-03   0.84319685E-03   0.47495583E-02   0.00000000E+00
 11.   20.  -0.78277561E-03   0.45529636E-11   0.23749580E-10   0.00000000E+00
 11.   21.  -0.34709807E-03  -0.84319684E-03  -0.47495583E-02   0.00000000E+00
 11.   22.   0.51238976E-03  -0.88748805E-03  -0.67168956E-02   0.00000000E+00
 11.   23.   0.90377804E-03  -0.12100582E-03  -0.47495779E-02   0.00000000E+00
 11.   24.   0.39138920E-03   0.67789983E-03  -0.37853989E-07   0.00000000E+00
 11.   25.  -0.55667721E-03   0.72219104E-03   0.47495048E-02   0.00000000E+00
 11.   26.  -0.10247768E-02   0.00000000E+00   0.67168301E-02   0.00000000E+00
 11.   27.  -0.18130012E-03   0.00000000E+00   0.66520739E-02   0.00000000E+00
 11.   28.  -0.21895864E-03   0.32184550E-03   0.47037167E-02   0.00000000E+00
 11.   29.  -0.25989529E-03   0.45015513E-03  -0.32837260E-07   0.00000000E+00
 11.   30.  -0.16924451E-03   0.35054842E-03  -0.47037802E-02   0.00000000E+00
 11.   31.   0.90652222E-04   0.15701254E-03  -0.66521307E-02   0.00000000E+00
 11.   32.   0.38820747E-03   0.28702916E-04  -0.47037632E-02   0.00000000E+00
 11.   33.   0.51979490E-03   0.26442320E-13  -0.23581966E-10   0.00000000E+00
 11.   34.   0.38820747E-03  -0.28702916E-04   0.47037631E-02   0.00000000E+00
 11.   35.   0.90652224E-04  -0.15701254E-03   0.66521307E-02   0.00000000E+00
 11.   36.  -0.16924451E-03  -0.35054842E-03   0.47037802E-02   0.00000000E+00
 11.   37.  -0.25989529E-03  -0.45015513E-03   0.32883501E-07   0.00000000E+00
 11.   38.  -0.21895864E-03  -0.32184551E-03  -0.47037167E-02   0.00000000E+00
 11.   39.  -0.18130012E-03   0.00000000E+00  -0.66520739E-02   0.00000000E+00
 11.   40.   0.00000000E+00   0.00000000E+00   0.00000000E+00   0.00000000E+00
 11.   41.   0.00000000E+00   0.00000000E+00   0.00000000E+00   0.00000000E+00
 11.   42.   0.00000000E+00   0.00000000E+00   0.00000000E+00   0.00000000E+00
 11.   43.   0.00000000E+00   0.00000000E+00   0.00000000E+00   0.00000000E+00
 11.   44.   0.00000000E+00   0.00000000E+00   0.00000000E+00   0.00000000E+00
 11.   45.   0.00000000E+00   0.00000000E+00   0.00000000E+00   0.00000000E+00
 11.   46.   0.00000000E+00   0.00000000E+00   0.00000000E+00   0.00000000E+00
 11.   47.   0.00000000E+00   0.00000000E+00   0.00000000E+00   0.00000000E+00
 11.   48.   0.00000000E+00   0.00000000E+00   0.00000000E+00   0.00000000E+00
 11.   49.   0.00000000E+00   0.00000000E+00   0.00000000E+00   0.00000000E+00
 11.   50.   0.00000000E+00   0.00000000E+00   0.00000000E+00   0.00000000E+00
 11.   51.   0.00000000E+00   0.00000000E+00   0.00000000E+00   0.00000000E+00
 11.   52.   0.00000000E+00   0.00000000E+00   0.00000000E+00   0.00000000E+00
 11.   53.   0.00000000E+00   0.00000000E+00   0.00000000E+00   0.00000000E+00
 11.   54.   0.00000000E+00   0.00000000E+00   0.00000000E+00   0.00000000E+00
 11.   55.   0.00000000E+00   0.00000000E+00   0.00000000E+00   0.00000000E+00
 11.   56.   0.00000000E+00   0.00000000E+00   0.00000000E+00   0.00000000E+00
 11.   57.   0.00000000E+00   0.00000000E+00   0.00000000E+00   0.00000000E+00
 11.   58.   0.00000000E+00   0.00000000E+00   0.00000000E+00   0.00000000E+00
 11.   59.   0.00000000E+00   0.00000000E+00   0.00000000E+00   0.00000000E+00
 11.   60.   0.00000000E+00   0.00000000E+00   0.00000000E+00   0.00000000E+00
 11.   61.   0.00000000E+00   0.00000000E+00   0.00000000E+00   0.00000000E+00
 11.   62.   0.00000000E+00   0.00000000E+00   0.00000000E+00   0.00000000E+00
 11.   63.   0.00000000E+00   0.00000000E+00   0.00000000E+00   0.00000000E+00
 11.   64.   0.00000000E+00   0.00000000E+00   0.00000000E+00   0.00000000E+00
 11.   65.   0.00000000E+00   0.00000000E+00   0.00000000E+00   0.00000000E+00
 12.    1.  -0.71762119E-04   0.00000000E+00   0.17158653E-03   0.00000000E+00
 12.    2.  -0.20478440E-04   0.76426573E-04  -0.60850677E-11   0.00000000E+00
 12.    3.   0.62147816E-04   0.35881058E-04  -0.17158654E-03   0.00000000E+00
 12.    4.   0.55948134E-04  -0.55948135E-04  -0.61792332E-11   0.00000000E+00
 12.    5.  -0.35881059E-04  -0.62147818E-04   0.17158653E-03   0.00000000E+00
 12.    6.  -0.76426574E-04   0.20478438E-04  -0.46029372E-11   0.00000000E+00
 12.    7.  -0.47059074E-12   0.71762117E-04  -0.17158654E-03   0.00000000E+00
 12.    8.   0.76426574E-04   0.20478438E-04  -0.69628937E-11   0.00000000E+00
 12.    9.   0.35881060E-04  -0.62147817E-04   0.17158653E-03   0.00000000E+00
 12.   10.  -0.55948134E-04  -0.55948136E-04  -0.37888355E-11   0.00000000E+00
 12.   11.  -0.62147816E-04   0.35881057E-04  -0.17158654E-03   0.00000000E+00
 12.   12.   0.20478439E-04   0.76426573E-04  -0.85537950E-11   0.00000000E+00
 12.   13.   0.71762119E-04   0.00000000E+00   0.17158653E-03   0.00000000E+00
 12.   14.  -0.62675921E-03   0.00000000E+00   0.44739995E-02   0.00000000E+00
 12.   15.  -0.26984987E-03   0.10070934E-02   0.92767384E-11   0.00000000E+00
 12.   16.   0.54278940E-03   0.31337961E-03  -0.44739995E-02   0.00000000E+00
 12.   17.   0.73724354E-03  -0.73724354E-03  -0.12863586E-10   0.00000000E+00
 12.   18.  -0.31337960E-03  -0.54278940E-03   0.44739995E-02   0.00000000E+00
 12.   19.  -0.10070934E-02   0.26984986E-03   0.25838816E-10   0.00000000E+00
 12.   20.  -0.66297191E-11   0.62675921E-03  -0.44739995E-02   0.00000000E+00
 12.   21.   0.10070934E-02   0.26984987E-03  -0.36293304E-10   0.00000000E+00
 12.   22.   0.31337961E-03  -0.54278940E-03   0.44739995E-02   0.00000000E+00
 12.   23.  -0.73724354E-03  -0.73724354E-03   0.49385305E-10   0.00000000E+00
 12.   24.  -0.54278941E-03   0.31337960E-03  -0.44739995E-02   0.00000000E+00
 12.   25.   0.26984986E-03   0.10070934E-02  -0.52985230E-10   0.00000000E+00
 12.   26.   0.62675921E-03   0.00000000E+00   0.44739995E-02   0.00000000E+00
 12.   27.   0.32918323E-03   0.00000000E+00   0.89858442E-02   0.00000000E+00
 12.   28.  -0.36299639E-03   0.13547210E-02   0.12294031E-11   0.00000000E+00
 12.   29.  -0.28508104E-03  -0.16459161E-03  -0.89858442E-02   0.00000000E+00
 12.   30.   0.99172458E-03  -0.99172458E-03  -0.41383141E-10   0.00000000E+00
 12.   31.   0.16459162E-03   0.28508104E-03   0.89858442E-02   0.00000000E+00
 12.   32.  -0.13547210E-02   0.36299639E-03   0.38561799E-10   0.00000000E+00
 12.   33.  -0.10318731E-10  -0.32918323E-03  -0.89858442E-02   0.00000000E+00
 12.   34.   0.13547210E-02   0.36299638E-03  -0.86373529E-10   0.00000000E+00
 12.   35.  -0.16459160E-03   0.28508105E-03   0.89858442E-02   0.00000000E+00
 12.   36.  -0.99172458E-03  -0.99172458E-03   0.83440769E-10   0.00000000E+00
 12.   37.   0.28508103E-03  -0.16459163E-03  -0.89858442E-02   0.00000000E+00
 12.   38.   0.36299640E-03   0.13547210E-02  -0.12374382E-09   0.00000000E+00
 12.   39.  -0.32918323E-03   0.00000000E+00   0.89858442E-02   0.00000000E+00
 12.   40.   0.00000000E+00   0.00000000E+00   0.00000000E+00   0.00000000E+00
 12.   41.   0.00000000E+00   0.00000000E+00   0.00000000E+00   0.00000000E+00
 12.   42.   0.00000000E+00   0.00000000E+00   0.00000000E+00   0.00000000E+00
 12.   43.   0.00000000E+00   0.00000000E+00   0.00000000E+00   0.00000000E+00
 12.   44.   0.00000000E+00   0.00000000E+00   0.00000000E+00   0.00000000E+00
 12.   45.   0.00000000E+00   0.00000000E+00   0.00000000E+00   0.00000000E+00
 12.   46.   0.00000000E+00   0.00000000E+00   0.00000000E+00   0.00000000E+00
 12.   47.   0.00000000E+00   0.00000000E+00   0.00000000E+00   0.00000000E+00
 12.   48.   0.00000000E+00   0.00000000E+00   0.00000000E+00   0.00000000E+00
 12.   49.   0.00000000E+00   0.00000000E+00   0.00000000E+00   0.00000000E+00
 12.   50.   0.00000000E+00   0.00000000E+00   0.00000000E+00   0.00000000E+00
 12.   51.   0.00000000E+00   0.00000000E+00   0.00000000E+00   0.00000000E+00
 12.   52.   0.00000000E+00   0.00000000E+00   0.00000000E+00   0.00000000E+00
 12.   53.   0.00000000E+00   0.00000000E+00   0.00000000E+00   0.00000000E+00
 12.   54.   0.00000000E+00   0.00000000E+00   0.00000000E+00   0.00000000E+00
 12.   55.   0.00000000E+00   0.00000000E+00   0.00000000E+00   0.00000000E+00
 12.   56.   0.00000000E+00   0.00000000E+00   0.00000000E+00   0.00000000E+00
 12.   57.   0.00000000E+00   0.00000000E+00   0.00000000E+00   0.00000000E+00
 12.   58.   0.00000000E+00   0.00000000E+00   0.00000000E+00   0.00000000E+00
 12.   59.   0.00000000E+00   0.00000000E+00   0.00000000E+00   0.00000000E+00
 12.   60.   0.00000000E+00   0.00000000E+00   0.00000000E+00   0.00000000E+00
 12.   61.   0.00000000E+00   0.00000000E+00   0.00000000E+00   0.00000000E+00
 12.   62.   0.00000000E+00   0.00000000E+00   0.00000000E+00   0.00000000E+00
 12.   63.   0.00000000E+00   0.00000000E+00   0.00000000E+00   0.00000000E+00
 12.   64.   0.00000000E+00   0.00000000E+00   0.00000000E+00   0.00000000E+00
 12.   65.   0.00000000E+00   0.00000000E+00   0.00000000E+00   0.00000000E+00
 13.    1.  -0.97305084E-03   0.00000000E+00  -0.69349139E-02   0.00000000E+00
 13.    2.  -0.87219945E-03  -0.37637670E-03  -0.66986125E-02   0.00000000E+00
 13.    3.  -0.59666923E-03  -0.65190189E-03  -0.60058113E-02   0.00000000E+00
 13.    4.  -0.22029036E-03  -0.75274850E-03  -0.49037232E-02   0.00000000E+00
 13.    5.   0.15608524E-03  -0.65189641E-03  -0.34674544E-02   0.00000000E+00
 13.    6.   0.43160887E-03  -0.37637119E-03  -0.17948856E-02   0.00000000E+00
 13.    7.   0.53245694E-03  -0.17769957E-11  -0.81742313E-11   0.00000000E+00
 13.    8.   0.43160887E-03   0.37637119E-03   0.17948856E-02   0.00000000E+00
 13.    9.   0.15608524E-03   0.65189640E-03   0.34674544E-02   0.00000000E+00
 13.   10.  -0.22029035E-03   0.75274850E-03   0.49037232E-02   0.00000000E+00
 13.   11.  -0.59666923E-03   0.65190189E-03   0.60058113E-02   0.00000000E+00
 13.   12.  -0.87219945E-03   0.37637670E-03   0.66986125E-02   0.00000000E+00
 13.   13.  -0.97305084E-03   0.00000000E+00   0.69349139E-02   0.00000000E+00
 13.   14.   0.10503400E-03   0.00000000E+00   0.52763289E-02   0.00000000E+00
 13.   15.   0.84303698E-04   0.77363143E-04   0.50965326E-02   0.00000000E+00
 13.   16.   0.27668904E-04   0.13399443E-03   0.45694024E-02   0.00000000E+00
 13.   17.  -0.49692286E-04   0.15471959E-03   0.37308750E-02   0.00000000E+00
 13.   18.  -0.12704964E-03   0.13398780E-03   0.26381085E-02   0.00000000E+00
 13.   19.  -0.18367677E-03   0.77356515E-04   0.13655784E-02   0.00000000E+00
 13.   20.  -0.20440324E-03   0.36691263E-12   0.62269724E-11   0.00000000E+00
 13.   21.  -0.18367677E-03  -0.77356514E-04  -0.13655784E-02   0.00000000E+00
 13.   22.  -0.12704964E-03  -0.13398780E-03  -0.26381085E-02   0.00000000E+00
 13.   23.  -0.49692287E-04  -0.15471959E-03  -0.37308750E-02   0.00000000E+00
 13.   24.   0.27668903E-04  -0.13399443E-03  -0.45694024E-02   0.00000000E+00
 13.   25.   0.84303697E-04  -0.77363144E-04  -0.50965326E-02   0.00000000E+00
 13.   26.   0.10503400E-03   0.00000000E+00  -0.52763289E-02   0.00000000E+00
 13.   27.   0.35760055E-03   0.00000000E+00  -0.41750075E-02   0.00000000E+00
 13.   28.   0.34091500E-03   0.62269478E-04  -0.40327396E-02   0.00000000E+00
 13.   29.   0.29532914E-03   0.10785410E-03  -0.36156360E-02   0.00000000E+00
 13.   30.   0.23305744E-03   0.12453948E-03  -0.29521330E-02   0.00000000E+00
 13.   31.   0.17078548E-03   0.10785459E-03  -0.20874583E-02   0.00000000E+00
 13.   32.   0.12519908E-03   0.62269974E-04  -0.10805423E-02   0.00000000E+00
 13.   33.   0.10851328E-03   0.29364878E-12  -0.49437683E-11   0.00000000E+00
 13.   34.   0.12519908E-03  -0.62269973E-04   0.10805423E-02   0.00000000E+00
 13.   35.   0.17078548E-03  -0.10785459E-03   0.20874583E-02   0.00000000E+00
 13.   36.   0.23305744E-03  -0.12453948E-03   0.29521330E-02   0.00000000E+00
 13.   37.   0.29532914E-03  -0.10785410E-03   0.36156360E-02   0.00000000E+00
 13.   38.   0.34091500E-03  -0.62269478E-04   0.40327396E-02   0.00000000E+00
 13.   39.   0.35760055E-03   0.00000000E+00   0.41750075E-02   0.00000000E+00
 13.   40.   0.00000000E+00   0.00000000E+00   0.00000000E+00   0.00000000E+00
 13.   41.   0.00000000E+00   0.00000000E+00   0.00000000E+00   0.00000000E+00
 13.   42.   0.00000000E+00   0.00000000E+00   0.00000000E+00   0.00000000E+00
 13.   43.   0.00000000E+00   0.00000000E+00   0.00000000E+00   0.00000000E+00
 13.   44.   0.00000000E+00   0.00000000E+00   0.00000000E+00   0.00000000E+00
 13.   45.   0.00000000E+00   0.00000000E+00   0.00000000E+00   0.00000000E+00
 13.   46.   0.00000000E+00   0.00000000E+00   0.00000000E+00   0.00000000E+00
 13.   47.   0.00000000E+00   0.00000000E+00   0.00000000E+00   0.00000000E+00
 13.   48.   0.00000000E+00   0.00000000E+00   0.00000000E+00   0.00000000E+00
 13.   49.   0.00000000E+00   0.00000000E+00   0.00000000E+00   0.00000000E+00
 13.   50.   0.00000000E+00   0.00000000E+00   0.00000000E+00   0.00000000E+00
 13.   51.   0.00000000E+00   0.00000000E+00   0.00000000E+00   0.00000000E+00
 13.   52.   0.00000000E+00   0.00000000E+00   0.00000000E+00   0.00000000E+00
 13.   53.   0.00000000E+00   0.00000000E+00   0.00000000E+00   0.00000000E+00
 13.   54.   0.00000000E+00   0.00000000E+00   0.00000000E+00   0.00000000E+00
 13.   55.   0.00000000E+00   0.00000000E+00   0.00000000E+00   0.00000000E+00
 13.   56.   0.00000000E+00   0.00000000E+00   0.00000000E+00   0.00000000E+00
 13.   57.   0.00000000E+00   0.00000000E+00   0.00000000E+00   0.00000000E+00
 13.   58.   0.00000000E+00   0.00000000E+00   0.00000000E+00   0.00000000E+00
 13.   59.   0.00000000E+00   0.00000000E+00   0.00000000E+00   0.00000000E+00
 13.   60.   0.00000000E+00   0.00000000E+00   0.00000000E+00   0.00000000E+00
 13.   61.   0.00000000E+00   0.00000000E+00   0.00000000E+00   0.00000000E+00
 13.   62.   0.00000000E+00   0.00000000E+00   0.00000000E+00   0.00000000E+00
 13.   63.   0.00000000E+00   0.00000000E+00   0.00000000E+00   0.00000000E+00
 13.   64.   0.00000000E+00   0.00000000E+00   0.00000000E+00   0.00000000E+00
 13.   65.   0.00000000E+00   0.00000000E+00   0.00000000E+00   0.00000000E+00
 14.    1.   0.27294046E-04   0.00000000E+00  -0.55923753E-04   0.00000000E+00
 14.    2.   0.65343924E-06  -0.29732715E-04   0.14474133E-04   0.00000000E+00
 14.    3.  -0.27947486E-04   0.11317899E-05   0.48431392E-04   0.00000000E+00
 14.    4.  -0.13068786E-05   0.28600925E-04  -0.39544065E-04   0.00000000E+00
 14.    5.   0.29254364E-04  -0.11317897E-05  -0.27961877E-04   0.00000000E+00
 14.    6.   0.65343932E-06  -0.27469135E-04   0.54018198E-04   0.00000000E+00
 14.    7.  -0.29907803E-04  -0.20836333E-12   0.54445832E-12   0.00000000E+00
 14.    8.   0.65343886E-06   0.27469135E-04  -0.54018198E-04   0.00000000E+00
 14.    9.   0.29254364E-04   0.11317901E-05   0.27961876E-04   0.00000000E+00
 14.   10.  -0.13068782E-05  -0.28600925E-04   0.39544065E-04   0.00000000E+00
 14.   11.  -0.27947486E-04  -0.11317903E-05  -0.48431392E-04   0.00000000E+00
 14.   12.   0.65343889E-06   0.29732715E-04  -0.14474134E-04   0.00000000E+00
 14.   13.   0.27294046E-04   0.00000000E+00   0.55923753E-04   0.00000000E+00
 14.   14.   0.46906244E-03   0.00000000E+00  -0.27276281E-02   0.00000000E+00
 14.   15.   0.67152815E-04  -0.71968015E-03   0.70596209E-03   0.00000000E+00
 14.   16.  -0.53621525E-03   0.11631209E-03   0.23621952E-02   0.00000000E+00
 14.   17.  -0.13430563E-03   0.60336806E-03  -0.19287243E-02   0.00000000E+00
 14.   18.   0.67052088E-03  -0.11631208E-03  -0.13638141E-02   0.00000000E+00
 14.   19.   0.67152818E-04  -0.48705598E-03   0.26346864E-02   0.00000000E+00
 14.   20.  -0.73767369E-03  -0.29790604E-11   0.22714234E-10   0.00000000E+00
 14.   21.   0.67152807E-04   0.48705598E-03  -0.26346864E-02   0.00000000E+00
 14.   22.   0.67052088E-03   0.11631209E-03   0.13638140E-02   0.00000000E+00
 14.   23.  -0.13430562E-03  -0.60336806E-03   0.19287243E-02   0.00000000E+00
 14.   24.  -0.53621525E-03  -0.11631210E-03  -0.23621952E-02   0.00000000E+00
 14.   25.   0.67152808E-04   0.71968015E-03  -0.70596213E-03   0.00000000E+00
 14.   26.   0.46906244E-03   0.00000000E+00   0.27276281E-02   0.00000000E+00
 14.   27.  -0.14597256E-03   0.00000000E+00  -0.74350682E-02   0.00000000E+00
 14.   28.   0.37314667E-03  -0.12466298E-02   0.19243372E-02   0.00000000E+00
 14.   29.  -0.22717411E-03   0.64630898E-03   0.64389579E-02   0.00000000E+00
 14.   30.  -0.74629333E-03   0.60032078E-03  -0.52573871E-02   0.00000000E+00
 14.   31.   0.97346744E-03  -0.64630898E-03  -0.37175341E-02   0.00000000E+00
 14.   32.   0.37314667E-03   0.45988209E-04   0.71817244E-02   0.00000000E+00
 14.   33.  -0.13466141E-02   0.28066495E-11   0.61090840E-10   0.00000000E+00
 14.   34.   0.37314665E-03  -0.45988216E-04  -0.71817244E-02   0.00000000E+00
 14.   35.   0.97346745E-03   0.64630899E-03   0.37175340E-02   0.00000000E+00
 14.   36.  -0.74629333E-03  -0.60032076E-03   0.52573872E-02   0.00000000E+00
 14.   37.  -0.22717412E-03  -0.64630900E-03  -0.64389579E-02   0.00000000E+00
 14.   38.   0.37314667E-03   0.12466298E-02  -0.19243374E-02   0.00000000E+00
 14.   39.  -0.14597256E-03   0.00000000E+00   0.74350682E-02   0.00000000E+00
 14.   40.   0.00000000E+00   0.00000000E+00   0.00000000E+00   0.00000000E+00
 14.   41.   0.00000000E+00   0.00000000E+00   0.00000000E+00   0.00000000E+00
 14.   42.   0.00000000E+00   0.00000000E+00   0.00000000E+00   0.00000000E+00
 14.   43.   0.00000000E+00   0.00000000E+00   0.00000000E+00   0.00000000E+00
 14.   44.   0.00000000E+00   0.00000000E+00   0.00000000E+00   0.00000000E+00
 14.   45.   0.00000000E+00   0.00000000E+00   0.00000000E+00   0.00000000E+00
 14.   46.   0.00000000E+00   0.00000000E+00   0.00000000E+00   0.00000000E+00
 14.   47.   0.00000000E+00   0.00000000E+00   0.00000000E+00   0.00000000E+00
 14.   48.   0.00000000E+00   0.00000000E+00   0.00000000E+00   0.00000000E+00
 14.   49.   0.00000000E+00   0.00000000E+00   0.00000000E+00   0.00000000E+00
 14.   50.   0.00000000E+00   0.00000000E+00   0.00000000E+00   0.00000000E+00
 14.   51.   0.00000000E+00   0.00000000E+00   0.00000000E+00   0.00000000E+00
 14.   52.   0.00000000E+00   0.00000000E+00   0.00000000E+00   0.00000000E+00
 14.   53.   0.00000000E+00   0.00000000E+00   0.00000000E+00   0.00000000E+00
 14.   54.   0.00000000E+00   0.00000000E+00   0.00000000E+00   0.00000000E+00
 14.   55.   0.00000000E+00   0.00000000E+00   0.00000000E+00   0.00000000E+00
 14.   56.   0.00000000E+00   0.00000000E+00   0.00000000E+00   0.00000000E+00
 14.   57.   0.00000000E+00   0.00000000E+00   0.00000000E+00   0.00000000E+00
 14.   58.   0.00000000E+00   0.00000000E+00   0.00000000E+00   0.00000000E+00
 14.   59.   0.00000000E+00   0.00000000E+00   0.00000000E+00   0.00000000E+00
 14.   60.   0.00000000E+00   0.00000000E+00   0.00000000E+00   0.00000000E+00
 14.   61.   0.00000000E+00   0.00000000E+00   0.00000000E+00   0.00000000E+00
 14.   62.   0.00000000E+00   0.00000000E+00   0.00000000E+00   0.00000000E+00
 14.   63.   0.00000000E+00   0.00000000E+00   0.00000000E+00   0.00000000E+00
 14.   64.   0.00000000E+00   0.00000000E+00   0.00000000E+00   0.00000000E+00
 14.   65.   0.00000000E+00   0.00000000E+00   0.00000000E+00   0.00000000E+00
 15.    1.   0.56484431E-03   0.00000000E+00  -0.24422063E-02   0.00000000E+00
 15.    2.   0.44025643E-03  -0.55186389E-03  -0.12211058E-02   0.00000000E+00
 15.    3.   0.78918495E-04  -0.70153502E-03   0.12210954E-02   0.00000000E+00
 15.    4.  -0.39940504E-03  -0.39940527E-03   0.24421964E-02   0.00000000E+00
 15.    5.  -0.70153472E-03   0.78918443E-04   0.12210965E-02   0.00000000E+00
 15.    6.  -0.55186369E-03   0.44025656E-03  -0.12211039E-02   0.00000000E+00
 15.    7.  -0.28582015E-11   0.56484451E-03  -0.24422042E-02   0.00000000E+00
 15.    8.   0.55186369E-03   0.44025656E-03  -0.12211039E-02   0.00000000E+00
 15.    9.   0.70153472E-03   0.78918447E-04   0.12210965E-02   0.00000000E+00
 15.   10.   0.39940504E-03  -0.39940527E-03   0.24421964E-02   0.00000000E+00
 15.   11.  -0.78918491E-04  -0.70153502E-03   0.12210954E-02   0.00000000E+00
 15.   12.  -0.44025643E-03  -0.55186390E-03  -0.12211057E-02   0.00000000E+00
 15.   13.  -0.56484431E-03   0.00000000E+00  -0.24422063E-02   0.00000000E+00
 15.   14.  -0.48229633E-03   0.00000000E+00  -0.67300472E-02   0.00000000E+00
 15.   15.   0.95097829E-07  -0.93208038E-03  -0.33650218E-02   0.00000000E+00
 15.   16.   0.65901265E-03  -0.65914784E-03   0.33650289E-02   0.00000000E+00
 15.   17.   0.34103461E-03   0.34103469E-03   0.67300541E-02   0.00000000E+00
 15.   18.  -0.65914791E-03   0.65901272E-03   0.33650283E-02   0.00000000E+00
 15.   19.  -0.93208042E-03   0.95155052E-07  -0.33650230E-02   0.00000000E+00
 15.   20.  -0.54954041E-11  -0.48229628E-03  -0.67300486E-02   0.00000000E+00
 15.   21.   0.93208042E-03   0.95147930E-07  -0.33650230E-02   0.00000000E+00
 15.   22.   0.65914791E-03   0.65901272E-03   0.33650282E-02   0.00000000E+00
 15.   23.  -0.34103461E-03   0.34103469E-03   0.67300541E-02   0.00000000E+00
 15.   24.  -0.65901266E-03  -0.65914783E-03   0.33650290E-02   0.00000000E+00
 15.   25.  -0.95104984E-07  -0.93208038E-03  -0.33650217E-02   0.00000000E+00
 15.   26.   0.48229633E-03   0.00000000E+00  -0.67300472E-02   0.00000000E+00
 15.   27.  -0.41408906E-03   0.00000000E+00   0.48938555E-02   0.00000000E+00
 15.   28.  -0.31358097E-03   0.37034226E-03   0.24469264E-02   0.00000000E+00
 15.   29.  -0.40135594E-04   0.48360714E-03  -0.24469319E-02   0.00000000E+00
 15.   30.   0.29280575E-03   0.29280571E-03  -0.48938608E-02   0.00000000E+00
 15.   31.   0.48360715E-03  -0.40135675E-04  -0.24469313E-02   0.00000000E+00
 15.   32.   0.37034225E-03  -0.31358109E-03   0.24469272E-02   0.00000000E+00
 15.   33.   0.18639495E-11  -0.41408920E-03   0.48938565E-02   0.00000000E+00
 15.   34.  -0.37034225E-03  -0.31358109E-03   0.24469273E-02   0.00000000E+00
 15.   35.  -0.48360715E-03  -0.40135678E-04  -0.24469313E-02   0.00000000E+00
 15.   36.  -0.29280575E-03   0.29280571E-03  -0.48938608E-02   0.00000000E+00
 15.   37.   0.40135591E-04   0.48360714E-03  -0.24469319E-02   0.00000000E+00
 15.   38.   0.31358097E-03   0.37034226E-03   0.24469263E-02   0.00000000E+00
 15.   39.   0.41408906E-03   0.00000000E+00   0.48938555E-02   0.00000000E+00
 15.   40.   0.00000000E+00   0.00000000E+00   0.00000000E+00   0.00000000E+00
 15.   41.   0.00000000E+00   0.00000000E+00   0.00000000E+00   0.00000000E+00
 15.   42.   0.00000000E+00   0.00000000E+00   0.00000000E+00   0.00000000E+00
 15.   43.   0.00000000E+00   0.00000000E+00   0.00000000E+00   0.00000000E+00
 15.   44.   0.00000000E+00   0.00000000E+00   0.00000000E+00   0.00000000E+00
 15.   45.   0.00000000E+00   0.00000000E+00   0.00000000E+00   0.00000000E+00
 15.   46.   0.00000000E+00   0.00000000E+00   0.00000000E+00   0.00000000E+00
 15.   47.   0.00000000E+00   0.00000000E+00   0.00000000E+00   0.00000000E+00
 15.   48.   0.00000000E+00   0.00000000E+00   0.00000000E+00   0.00000000E+00
 15.   49.   0.00000000E+00   0.00000000E+00   0.00000000E+00   0.00000000E+00
 15.   50.   0.00000000E+00   0.00000000E+00   0.00000000E+00   0.00000000E+00
 15.   51.   0.00000000E+00   0.00000000E+00   0.00000000E+00   0.00000000E+00
 15.   52.   0.00000000E+00   0.00000000E+00   0.00000000E+00   0.00000000E+00
 15.   53.   0.00000000E+00   0.00000000E+00   0.00000000E+00   0.00000000E+00
 15.   54.   0.00000000E+00   0.00000000E+00   0.00000000E+00   0.00000000E+00
 15.   55.   0.00000000E+00   0.00000000E+00   0.00000000E+00   0.00000000E+00
 15.   56.   0.00000000E+00   0.00000000E+00   0.00000000E+00   0.00000000E+00
 15.   57.   0.00000000E+00   0.00000000E+00   0.00000000E+00   0.00000000E+00
 15.   58.   0.00000000E+00   0.00000000E+00   0.00000000E+00   0.00000000E+00
 15.   59.   0.00000000E+00   0.00000000E+00   0.00000000E+00   0.00000000E+00
 15.   60.   0.00000000E+00   0.00000000E+00   0.00000000E+00   0.00000000E+00
 15.   61.   0.00000000E+00   0.00000000E+00   0.00000000E+00   0.00000000E+00
 15.   62.   0.00000000E+00   0.00000000E+00   0.00000000E+00   0.00000000E+00
 15.   63.   0.00000000E+00   0.00000000E+00   0.00000000E+00   0.00000000E+00
 15.   64.   0.00000000E+00   0.00000000E+00   0.00000000E+00   0.00000000E+00
 15.   65.   0.00000000E+00   0.00000000E+00   0.00000000E+00   0.00000000E+00
 16.    1.  -0.85175406E-04   0.00000000E+00  -0.66062164E-02   0.00000000E+00
 16.    2.   0.59137299E-04  -0.50718549E-03  -0.57185854E-02   0.00000000E+00
 16.    3.   0.39940436E-03  -0.77982255E-03  -0.32935326E-02   0.00000000E+00
 16.    4.   0.71245254E-03  -0.71649522E-03   0.19150906E-04   0.00000000E+00
 16.    5.   0.77696371E-03  -0.40435562E-03   0.33318340E-02   0.00000000E+00
 16.    6.   0.50570548E-03  -0.64659995E-04   0.57568860E-02   0.00000000E+00
 16.    7.   0.24767610E-11   0.79457717E-04   0.66445166E-02   0.00000000E+00
 16.    8.  -0.50570548E-03  -0.64659992E-04   0.57568860E-02   0.00000000E+00
 16.    9.  -0.77696371E-03  -0.40435562E-03   0.33318340E-02   0.00000000E+00
 16.   10.  -0.71245254E-03  -0.71649522E-03   0.19150936E-04   0.00000000E+00
 16.   11.  -0.39940437E-03  -0.77982255E-03  -0.32935325E-02   0.00000000E+00
 16.   12.  -0.59137301E-04  -0.50718550E-03  -0.57185854E-02   0.00000000E+00
 16.   13.   0.85175406E-04   0.00000000E+00  -0.66062164E-02   0.00000000E+00
 16.   14.  -0.44327592E-03   0.00000000E+00   0.38076112E-02   0.00000000E+00
 16.   15.  -0.40858081E-03   0.42840806E-04   0.32957018E-02   0.00000000E+00
 16.   16.  -0.31833590E-03   0.11046767E-03   0.18971396E-02   0.00000000E+00
 16.   17.  -0.20639685E-03   0.20974805E-03  -0.13331297E-04   0.00000000E+00
 16.   18.  -0.10809785E-03   0.32244017E-03  -0.19238015E-02   0.00000000E+00
 16.   19.  -0.41613989E-04   0.41315861E-03  -0.33223622E-02   0.00000000E+00
 16.   20.  -0.16611527E-12   0.44801527E-03  -0.38342709E-02   0.00000000E+00
 16.   21.   0.41613989E-04   0.41315861E-03  -0.33223622E-02   0.00000000E+00
 16.   22.   0.10809785E-03   0.32244018E-03  -0.19238015E-02   0.00000000E+00
 16.   23.   0.20639685E-03   0.20974805E-03  -0.13331315E-04   0.00000000E+00
 16.   24.   0.31833590E-03   0.11046767E-03   0.18971396E-02   0.00000000E+00
 16.   25.   0.40858081E-03   0.42840806E-04   0.32957018E-02   0.00000000E+00
 16.   26.   0.44327592E-03   0.00000000E+00   0.38076112E-02   0.00000000E+00
 16.   27.   0.53713772E-03   0.00000000E+00  -0.28651405E-02   0.00000000E+00
 16.   28.   0.46826212E-03   0.48540272E-04  -0.24798174E-02   0.00000000E+00
 16.   29.   0.29595410E-03   0.22251511E-04  -0.14270953E-02   0.00000000E+00
 16.   30.   0.10347731E-03  -0.10669974E-03   0.10949434E-04   0.00000000E+00
 16.   31.  -0.24530159E-04  -0.29990066E-03   0.14489937E-02   0.00000000E+00
 16.   32.  -0.49719798E-04  -0.47266384E-03   0.25017149E-02   0.00000000E+00
 16.   33.  -0.28859825E-12  -0.54169468E-03   0.28870375E-02   0.00000000E+00
 16.   34.   0.49719798E-04  -0.47266384E-03   0.25017149E-02   0.00000000E+00
 16.   35.   0.24530159E-04  -0.29990067E-03   0.14489937E-02   0.00000000E+00
 16.   36.  -0.10347731E-03  -0.10669974E-03   0.10949448E-04   0.00000000E+00
 16.   37.  -0.29595410E-03   0.22251511E-04  -0.14270953E-02   0.00000000E+00
 16.   38.  -0.46826212E-03   0.48540272E-04  -0.24798174E-02   0.00000000E+00
 16.   39.  -0.53713772E-03   0.00000000E+00  -0.28651405E-02   0.00000000E+00
 16.   40.   0.00000000E+00   0.00000000E+00   0.00000000E+00   0.00000000E+00
 16.   41.   0.00000000E+00   0.00000000E+00   0.00000000E+00   0.00000000E+00
 16.   42.   0.00000000E+00   0.00000000E+00   0.00000000E+00   0.00000000E+00
 16.   43.   0.00000000E+00   0.00000000E+00   0.00000000E+00   0.00000000E+00
 16.   44.   0.00000000E+00   0.00000000E+00   0.00000000E+00   0.00000000E+00
 16.   45.   0.00000000E+00   0.00000000E+00   0.00000000E+00   0.00000000E+00
 16.   46.   0.00000000E+00   0.00000000E+00   0.00000000E+00   0.00000000E+00
 16.   47.   0.00000000E+00   0.00000000E+00   0.00000000E+00   0.00000000E+00
 16.   48.   0.00000000E+00   0.00000000E+00   0.00000000E+00   0.00000000E+00
 16.   49.   0.00000000E+00   0.00000000E+00   0.00000000E+00   0.00000000E+00
 16.   50.   0.00000000E+00   0.00000000E+00   0.00000000E+00   0.00000000E+00
 16.   51.   0.00000000E+00   0.00000000E+00   0.00000000E+00   0.00000000E+00
 16.   52.   0.00000000E+00   0.00000000E+00   0.00000000E+00   0.00000000E+00
 16.   53.   0.00000000E+00   0.00000000E+00   0.00000000E+00   0.00000000E+00
 16.   54.   0.00000000E+00   0.00000000E+00   0.00000000E+00   0.00000000E+00
 16.   55.   0.00000000E+00   0.00000000E+00   0.00000000E+00   0.00000000E+00
 16.   56.   0.00000000E+00   0.00000000E+00   0.00000000E+00   0.00000000E+00
 16.   57.   0.00000000E+00   0.00000000E+00   0.00000000E+00   0.00000000E+00
 16.   58.   0.00000000E+00   0.00000000E+00   0.00000000E+00   0.00000000E+00
 16.   59.   0.00000000E+00   0.00000000E+00   0.00000000E+00   0.00000000E+00
 16.   60.   0.00000000E+00   0.00000000E+00   0.00000000E+00   0.00000000E+00
 16.   61.   0.00000000E+00   0.00000000E+00   0.00000000E+00   0.00000000E+00
 16.   62.   0.00000000E+00   0.00000000E+00   0.00000000E+00   0.00000000E+00
 16.   63.   0.00000000E+00   0.00000000E+00   0.00000000E+00   0.00000000E+00
 16.   64.   0.00000000E+00   0.00000000E+00   0.00000000E+00   0.00000000E+00
 16.   65.   0.00000000E+00   0.00000000E+00   0.00000000E+00   0.00000000E+00
 17.    1.   0.30268065E-03   0.00000000E+00  -0.14979570E-02   0.00000000E+00
 17.    2.   0.29269063E-03   0.76997126E-04  -0.14955317E-02   0.00000000E+00
 17.    3.   0.26321153E-03   0.14920487E-03  -0.14889063E-02   0.00000000E+00
 17.    4.   0.21579437E-03   0.21189144E-03  -0.14798574E-02   0.00000000E+00
 17.    5.   0.15321354E-03   0.26059460E-03  -0.14708106E-02   0.00000000E+00
 17.    6.   0.79545381E-04   0.29153800E-03  -0.14641893E-02   0.00000000E+00
 17.    7.   0.36267546E-12   0.30215659E-03  -0.14617660E-02   0.00000000E+00
 17.    8.  -0.79545380E-04   0.29153800E-03  -0.14641893E-02   0.00000000E+00
 17.    9.  -0.15321354E-03   0.26059460E-03  -0.14708106E-02   0.00000000E+00
 17.   10.  -0.21579437E-03   0.21189144E-03  -0.14798574E-02   0.00000000E+00
 17.   11.  -0.26321153E-03   0.14920487E-03  -0.14889063E-02   0.00000000E+00
 17.   12.  -0.29269063E-03   0.76997126E-04  -0.14955317E-02   0.00000000E+00
 17.   13.  -0.30268065E-03   0.00000000E+00  -0.14979570E-02   0.00000000E+00
 17.   14.  -0.23355061E-03   0.00000000E+00   0.10651337E-02   0.00000000E+00
 17.   15.  -0.22549786E-03  -0.60019691E-04   0.10637804E-02   0.00000000E+00
 17.   16.  -0.20194375E-03  -0.11581542E-03   0.10600840E-02   0.00000000E+00
 17.   17.  -0.16462728E-03  -0.16352917E-03   0.10550367E-02   0.00000000E+00
 17.   18.  -0.11622568E-03  -0.19996452E-03   0.10499920E-02   0.00000000E+00
 17.   19.  -0.60093284E-04  -0.22277240E-03   0.10463005E-02   0.00000000E+00
 17.   20.  -0.27381768E-12  -0.23053275E-03   0.10449496E-02   0.00000000E+00
 17.   21.   0.60093283E-04  -0.22277240E-03   0.10463005E-02   0.00000000E+00
 17.   22.   0.11622567E-03  -0.19996452E-03   0.10499920E-02   0.00000000E+00
 17.   23.   0.16462728E-03  -0.16352917E-03   0.10550367E-02   0.00000000E+00
 17.   24.   0.20194375E-03  -0.11581542E-03   0.10600840E-02   0.00000000E+00
 17.   25.   0.22549786E-03  -0.60019692E-04   0.10637804E-02   0.00000000E+00
 17.   26.   0.23355061E-03   0.00000000E+00   0.10651337E-02   0.00000000E+00
 17.   27.   0.20944127E-03   0.00000000E+00  -0.90747896E-03   0.00000000E+00
 17.   28.   0.20214681E-03   0.53957456E-04  -0.90643816E-03   0.00000000E+00
 17.   29.   0.18085307E-03   0.10401460E-03  -0.90359525E-03   0.00000000E+00
 17.   30.   0.14723453E-03   0.14666772E-03  -0.89971314E-03   0.00000000E+00
 17.   31.   0.10380554E-03   0.17910255E-03  -0.89583262E-03   0.00000000E+00
 17.   32.   0.53618143E-04   0.19933189E-03  -0.89299288E-03   0.00000000E+00
 17.   33.   0.24496110E-12   0.20620023E-03  -0.89195367E-03   0.00000000E+00
 17.   34.  -0.53618142E-04   0.19933189E-03  -0.89299288E-03   0.00000000E+00
 17.   35.  -0.10380554E-03   0.17910255E-03  -0.89583262E-03   0.00000000E+00
 17.   36.  -0.14723453E-03   0.14666772E-03  -0.89971314E-03   0.00000000E+00
 17.   37.  -0.18085307E-03   0.10401460E-03  -0.90359525E-03   0.00000000E+00
 17.   38.  -0.20214681E-03   0.53957457E-04  -0.90643816E-03   0.00000000E+00
 17.   39.  -0.20944127E-03   0.00000000E+00  -0.90747896E-03   0.00000000E+00
 17.   40.   0.00000000E+00   0.00000000E+00   0.00000000E+00   0.00000000E+00
 17.   41.   0.00000000E+00   0.00000000E+00   0.00000000E+00   0.00000000E+00
 17.   42.   0.00000000E+00   0.00000000E+00   0.00000000E+00   0.00000000E+00
 17.   43.   0.00000000E+00   0.00000000E+00   0.00000000E+00   0.00000000E+00
 17.   44.   0.00000000E+00   0.00000000E+00   0.00000000E+00   0.00000000E+00
 17.   45.   0.00000000E+00   0.00000000E+00   0.00000000E+00   0.00000000E+00
 17.   46.   0.00000000E+00   0.00000000E+00   0.00000000E+00   0.00000000E+00
 17.   47.   0.00000000E+00   0.00000000E+00   0.00000000E+00   0.00000000E+00
 17.   48.   0.00000000E+00   0.00000000E+00   0.00000000E+00   0.00000000E+00
 17.   49.   0.00000000E+00   0.00000000E+00   0.00000000E+00   0.00000000E+00
 17.   50.   0.00000000E+00   0.00000000E+00   0.00000000E+00   0.00000000E+00
 17.   51.   0.00000000E+00   0.00000000E+00   0.00000000E+00   0.00000000E+00
 17.   52.   0.00000000E+00   0.00000000E+00   0.00000000E+00   0.00000000E+00
 17.   53.   0.00000000E+00   0.00000000E+00   0.00000000E+00   0.00000000E+00
 17.   54.   0.00000000E+00   0.00000000E+00   0.00000000E+00   0.00000000E+00
 17.   55.   0.00000000E+00   0.00000000E+00   0.00000000E+00   0.00000000E+00
 17.   56.   0.00000000E+00   0.00000000E+00   0.00000000E+00   0.00000000E+00
 17.   57.   0.00000000E+00   0.00000000E+00   0.00000000E+00   0.00000000E+00
 17.   58.   0.00000000E+00   0.00000000E+00   0.00000000E+00   0.00000000E+00
 17.   59.   0.00000000E+00   0.00000000E+00   0.00000000E+00   0.00000000E+00
 17.   60.   0.00000000E+00   0.00000000E+00   0.00000000E+00   0.00000000E+00
 17.   61.   0.00000000E+00   0.00000000E+00   0.00000000E+00   0.00000000E+00
 17.   62.   0.00000000E+00   0.00000000E+00   0.00000000E+00   0.00000000E+00
 17.   63.   0.00000000E+00   0.00000000E+00   0.00000000E+00   0.00000000E+00
 17.   64.   0.00000000E+00   0.00000000E+00   0.00000000E+00   0.00000000E+00
 17.   65.   0.00000000E+00   0.00000000E+00   0.00000000E+00   0.00000000E+00
 18.    1.  -0.10087534E-04   0.00000000E+00   0.18138263E-04   0.00000000E+00
 18.    2.   0.24035549E-05   0.10517431E-04  -0.90691313E-05   0.00000000E+00
 18.    3.   0.91365167E-05  -0.57373767E-05  -0.90691313E-05   0.00000000E+00
 18.    4.  -0.71329640E-05  -0.71329640E-05   0.18138263E-04   0.00000000E+00
 18.    5.  -0.57373767E-05   0.91365167E-05  -0.90691312E-05   0.00000000E+00
 18.    6.   0.10517431E-04   0.24035550E-05  -0.90691314E-05   0.00000000E+00
 18.    7.   0.92666088E-13  -0.10087534E-04   0.18138263E-04   0.00000000E+00
 18.    8.  -0.10517431E-04   0.24035549E-05  -0.90691311E-05   0.00000000E+00
 18.    9.   0.57373766E-05   0.91365168E-05  -0.90691315E-05   0.00000000E+00
 18.   10.   0.71329641E-05  -0.71329639E-05   0.18138263E-04   0.00000000E+00
 18.   11.  -0.91365167E-05  -0.57373768E-05  -0.90691310E-05   0.00000000E+00
 18.   12.  -0.24035551E-05   0.10517431E-04  -0.90691316E-05   0.00000000E+00
 18.   13.   0.10087534E-04   0.00000000E+00   0.18138263E-04   0.00000000E+00
 18.   14.  -0.33651169E-03   0.00000000E+00   0.16545259E-02   0.00000000E+00
 18.   15.   0.48547945E-04   0.46890726E-03  -0.82726297E-03   0.00000000E+00
 18.   16.   0.36589608E-03  -0.29723892E-03  -0.82726297E-03   0.00000000E+00
 18.   17.  -0.23794969E-03  -0.23794970E-03   0.16545259E-02   0.00000000E+00
 18.   18.  -0.29723892E-03   0.36589608E-03  -0.82726296E-03   0.00000000E+00
 18.   19.   0.46890726E-03   0.48547947E-04  -0.82726298E-03   0.00000000E+00
 18.   20.   0.43955642E-11  -0.33651169E-03   0.16545259E-02   0.00000000E+00
 18.   21.  -0.46890726E-03   0.48547942E-04  -0.82726295E-03   0.00000000E+00
 18.   22.   0.29723892E-03   0.36589608E-03  -0.82726299E-03   0.00000000E+00
 18.   23.   0.23794970E-03  -0.23794969E-03   0.16545259E-02   0.00000000E+00
 18.   24.  -0.36589608E-03  -0.29723893E-03  -0.82726294E-03   0.00000000E+00
 18.   25.  -0.48547950E-04   0.46890726E-03  -0.82726299E-03   0.00000000E+00
 18.   26.   0.33651169E-03   0.00000000E+00   0.16545259E-02   0.00000000E+00
 18.   27.   0.17810866E-04   0.00000000E+00   0.61178152E-02   0.00000000E+00
 18.   28.  -0.29083299E-03   0.10509956E-02  -0.30589076E-02   0.00000000E+00
 18.   29.   0.53751610E-03  -0.94881606E-03  -0.30589076E-02   0.00000000E+00
 18.   30.   0.12594189E-04   0.12594179E-04   0.61178152E-02   0.00000000E+00
 18.   31.  -0.94881607E-03   0.53751611E-03  -0.30589076E-02   0.00000000E+00
 18.   32.   0.10509956E-02  -0.29083299E-03  -0.30589077E-02   0.00000000E+00
 18.   33.   0.11890609E-10   0.17810866E-04   0.61178152E-02   0.00000000E+00
 18.   34.  -0.10509956E-02  -0.29083299E-03  -0.30589076E-02   0.00000000E+00
 18.   35.   0.94881606E-03   0.53751610E-03  -0.30589077E-02   0.00000000E+00
 18.   36.  -0.12594172E-04   0.12594196E-04   0.61178152E-02   0.00000000E+00
 18.   37.  -0.53751611E-03  -0.94881607E-03  -0.30589075E-02   0.00000000E+00
 18.   38.   0.29083299E-03   0.10509955E-02  -0.30589077E-02   0.00000000E+00
 18.   39.  -0.17810866E-04   0.00000000E+00   0.61178152E-02   0.00000000E+00
 18.   40.   0.00000000E+00   0.00000000E+00   0.00000000E+00   0.00000000E+00
 18.   41.   0.00000000E+00   0.00000000E+00   0.00000000E+00   0.00000000E+00
 18.   42.   0.00000000E+00   0.00000000E+00   0.00000000E+00   0.00000000E+00
 18.   43.   0.00000000E+00   0.00000000E+00   0.00000000E+00   0.00000000E+00
 18.   44.   0.00000000E+00   0.00000000E+00   0.00000000E+00   0.00000000E+00
 18.   45.   0.00000000E+00   0.00000000E+00   0.00000000E+00   0.00000000E+00
 18.   46.   0.00000000E+00   0.00000000E+00   0.00000000E+00   0.00000000E+00
 18.   47.   0.00000000E+00   0.00000000E+00   0.00000000E+00   0.00000000E+00
 18.   48.   0.00000000E+00   0.00000000E+00   0.00000000E+00   0.00000000E+00
 18.   49.   0.00000000E+00   0.00000000E+00   0.00000000E+00   0.00000000E+00
 18.   50.   0.00000000E+00   0.00000000E+00   0.00000000E+00   0.00000000E+00
 18.   51.   0.00000000E+00   0.00000000E+00   0.00000000E+00   0.00000000E+00
 18.   52.   0.00000000E+00   0.00000000E+00   0.00000000E+00   0.00000000E+00
 18.   53.   0.00000000E+00   0.00000000E+00   0.00000000E+00   0.00000000E+00
 18.   54.   0.00000000E+00   0.00000000E+00   0.00000000E+00   0.00000000E+00
 18.   55.   0.00000000E+00   0.00000000E+00   0.00000000E+00   0.00000000E+00
 18.   56.   0.00000000E+00   0.00000000E+00   0.00000000E+00   0.00000000E+00
 18.   57.   0.00000000E+00   0.00000000E+00   0.00000000E+00   0.00000000E+00
 18.   58.   0.00000000E+00   0.00000000E+00   0.00000000E+00   0.00000000E+00
 18.   59.   0.00000000E+00   0.00000000E+00   0.00000000E+00   0.00000000E+00
 18.   60.   0.00000000E+00   0.00000000E+00   0.00000000E+00   0.00000000E+00
 18.   61.   0.00000000E+00   0.00000000E+00   0.00000000E+00   0.00000000E+00
 18.   62.   0.00000000E+00   0.00000000E+00   0.00000000E+00   0.00000000E+00
 18.   63.   0.00000000E+00   0.00000000E+00   0.00000000E+00   0.00000000E+00
 18.   64.   0.00000000E+00   0.00000000E+00   0.00000000E+00   0.00000000E+00
 18.   65.   0.00000000E+00   0.00000000E+00   0.00000000E+00   0.00000000E+00
 19.    1.   0.31608859E-03   0.00000000E+00  -0.10370303E-02   0.00000000E+00
 19.    2.   0.17751329E-03  -0.34639978E-03  -0.26840340E-03   0.00000000E+00
 19.    3.  -0.13857522E-03  -0.30746187E-03   0.89809408E-03   0.00000000E+00
 19.    4.  -0.35502634E-03   0.38937929E-04   0.73329080E-03   0.00000000E+00
 19.    5.  -0.21645107E-03   0.30746192E-03  -0.51851503E-03   0.00000000E+00
 19.    6.   0.17751321E-03   0.26852400E-03  -0.10016940E-02   0.00000000E+00
 19.    7.   0.39396431E-03   0.13991708E-11  -0.61075373E-11   0.00000000E+00
 19.    8.   0.17751322E-03  -0.26852400E-03   0.10016940E-02   0.00000000E+00
 19.    9.  -0.21645106E-03  -0.30746192E-03   0.51851504E-03   0.00000000E+00
 19.   10.  -0.35502634E-03  -0.38937932E-04  -0.73329079E-03   0.00000000E+00
 19.   11.  -0.13857522E-03   0.30746187E-03  -0.89809409E-03   0.00000000E+00
 19.   12.   0.17751328E-03   0.34639978E-03   0.26840339E-03   0.00000000E+00
 19.   13.   0.31608859E-03   0.00000000E+00   0.10370303E-02   0.00000000E+00
 19.   14.  -0.97745796E-04   0.00000000E+00  -0.58957054E-02   0.00000000E+00
 19.   15.   0.25837613E-03  -0.10620188E-02  -0.15259207E-02   0.00000000E+00
 19.   16.   0.35612186E-03  -0.44752072E-03   0.51058310E-02   0.00000000E+00
 19.   17.  -0.51675242E-03   0.61449808E-03   0.41688935E-02   0.00000000E+00
 19.   18.  -0.87287433E-03   0.44752068E-03  -0.29478527E-02   0.00000000E+00
 19.   19.   0.25837618E-03  -0.16697743E-03  -0.56948143E-02   0.00000000E+00
 19.   20.   0.11312505E-02  -0.19094595E-11  -0.34772091E-10   0.00000000E+00
 19.   21.   0.25837620E-03   0.16697743E-03   0.56948142E-02   0.00000000E+00
 19.   22.  -0.87287432E-03  -0.44752067E-03   0.29478528E-02   0.00000000E+00
 19.   23.  -0.51675243E-03  -0.61449809E-03  -0.41688935E-02   0.00000000E+00
 19.   24.   0.35612186E-03   0.44752071E-03  -0.51058310E-02   0.00000000E+00
 19.   25.   0.25837613E-03   0.10620188E-02   0.15259206E-02   0.00000000E+00
 19.   26.  -0.97745796E-04   0.00000000E+00   0.58957054E-02   0.00000000E+00
 19.   27.  -0.55530206E-03   0.00000000E+00   0.34804307E-02   0.00000000E+00
 19.   28.  -0.25073871E-03   0.38046769E-03   0.90080161E-03   0.00000000E+00
 19.   29.   0.30456340E-03   0.43429230E-03  -0.30141417E-02   0.00000000E+00
 19.   30.   0.50147755E-03   0.53824622E-04  -0.24610364E-02   0.00000000E+00
 19.   31.   0.19691418E-03  -0.43429226E-03   0.17402154E-02   0.00000000E+00
 19.   32.  -0.25073876E-03  -0.48811687E-03   0.33618381E-02   0.00000000E+00
 19.   33.  -0.44765292E-03  -0.27464464E-11   0.20514827E-10   0.00000000E+00
 19.   34.  -0.25073876E-03   0.48811686E-03  -0.33618380E-02   0.00000000E+00
 19.   35.   0.19691417E-03   0.43429226E-03  -0.17402154E-02   0.00000000E+00
 19.   36.   0.50147755E-03  -0.53824617E-04   0.24610364E-02   0.00000000E+00
 19.   37.   0.30456341E-03  -0.43429229E-03   0.30141417E-02   0.00000000E+00
 19.   38.  -0.25073870E-03  -0.38046769E-03  -0.90080157E-03   0.00000000E+00
 19.   39.  -0.55530206E-03   0.00000000E+00  -0.34804307E-02   0.00000000E+00
 19.   40.   0.00000000E+00   0.00000000E+00   0.00000000E+00   0.00000000E+00
 19.   41.   0.00000000E+00   0.00000000E+00   0.00000000E+00   0.00000000E+00
 19.   42.   0.00000000E+00   0.00000000E+00   0.00000000E+00   0.00000000E+00
 19.   43.   0.00000000E+00   0.00000000E+00   0.00000000E+00   0.00000000E+00
 19.   44.   0.00000000E+00   0.00000000E+00   0.00000000E+00   0.00000000E+00
 19.   45.   0.00000000E+00   0.00000000E+00   0.00000000E+00   0.00000000E+00
 19.   46.   0.00000000E+00   0.00000000E+00   0.00000000E+00   0.00000000E+00
 19.   47.   0.00000000E+00   0.00000000E+00   0.00000000E+00   0.00000000E+00
 19.   48.   0.00000000E+00   0.00000000E+00   0.00000000E+00   0.00000000E+00
 19.   49.   0.00000000E+00   0.00000000E+00   0.00000000E+00   0.00000000E+00
 19.   50.   0.00000000E+00   0.00000000E+00   0.00000000E+00   0.00000000E+00
 19.   51.   0.00000000E+00   0.00000000E+00   0.00000000E+00   0.00000000E+00
 19.   52.   0.00000000E+00   0.00000000E+00   0.00000000E+00   0.00000000E+00
 19.   53.   0.00000000E+00   0.00000000E+00   0.00000000E+00   0.00000000E+00
 19.   54.   0.00000000E+00   0.00000000E+00   0.00000000E+00   0.00000000E+00
 19.   55.   0.00000000E+00   0.00000000E+00   0.00000000E+00   0.00000000E+00
 19.   56.   0.00000000E+00   0.00000000E+00   0.00000000E+00   0.00000000E+00
 19.   57.   0.00000000E+00   0.00000000E+00   0.00000000E+00   0.00000000E+00
 19.   58.   0.00000000E+00   0.00000000E+00   0.00000000E+00   0.00000000E+00
 19.   59.   0.00000000E+00   0.00000000E+00   0.00000000E+00   0.00000000E+00
 19.   60.   0.00000000E+00   0.00000000E+00   0.00000000E+00   0.00000000E+00
 19.   61.   0.00000000E+00   0.00000000E+00   0.00000000E+00   0.00000000E+00
 19.   62.   0.00000000E+00   0.00000000E+00   0.00000000E+00   0.00000000E+00
 19.   63.   0.00000000E+00   0.00000000E+00   0.00000000E+00   0.00000000E+00
 19.   64.   0.00000000E+00   0.00000000E+00   0.00000000E+00   0.00000000E+00
 19.   65.   0.00000000E+00   0.00000000E+00   0.00000000E+00   0.00000000E+00
 20.    1.  -0.41328092E-03   0.00000000E+00   0.47135476E-02   0.00000000E+00
 20.    2.  -0.47817873E-03   0.65549952E-03   0.33329815E-02   0.00000000E+00
 20.    3.  -0.53521474E-03   0.92704806E-03   0.55750107E-10   0.00000000E+00
 20.    4.  -0.32857007E-03   0.74188443E-03  -0.33329813E-02   0.00000000E+00
 20.    5.   0.20665303E-03   0.35793350E-03  -0.47135473E-02   0.00000000E+00
 20.    6.   0.80677386E-03   0.86384969E-04  -0.33329812E-02   0.00000000E+00
 20.    7.   0.10704545E-02   0.20037484E-12  -0.16679824E-10   0.00000000E+00
 20.    8.   0.80677387E-03  -0.86384967E-04   0.33329812E-02   0.00000000E+00
 20.    9.   0.20665303E-03  -0.35793350E-03   0.47135473E-02   0.00000000E+00
 20.   10.  -0.32857007E-03  -0.74188443E-03   0.33329813E-02   0.00000000E+00
 20.   11.  -0.53521474E-03  -0.92704806E-03  -0.22924653E-10   0.00000000E+00
 20.   12.  -0.47817873E-03  -0.65549952E-03  -0.33329815E-02   0.00000000E+00
 20.   13.  -0.41328092E-03   0.00000000E+00  -0.47135476E-02   0.00000000E+00
 20.   14.   0.78234096E-03   0.00000000E+00  -0.18195156E-02   0.00000000E+00
 20.   15.   0.57254040E-03   0.63378051E-06  -0.12865892E-02   0.00000000E+00
 20.   16.   0.10434054E-03  -0.18074324E-03   0.88202254E-08   0.00000000E+00
 20.   17.  -0.28683294E-03  -0.49553124E-03   0.12866062E-02   0.00000000E+00
 20.   18.  -0.39117948E-03  -0.67754205E-03   0.18195308E-02   0.00000000E+00
 20.   19.  -0.28572546E-03  -0.49616503E-03   0.12866016E-02   0.00000000E+00
 20.   20.  -0.20869908E-03  -0.25227185E-11   0.64439406E-11   0.00000000E+00
 20.   21.  -0.28572546E-03   0.49616503E-03  -0.12866015E-02   0.00000000E+00
 20.   22.  -0.39117948E-03   0.67754205E-03  -0.18195308E-02   0.00000000E+00
 20.   23.  -0.28683294E-03   0.49553124E-03  -0.12866062E-02   0.00000000E+00
 20.   24.   0.10434054E-03   0.18074324E-03  -0.88328916E-08   0.00000000E+00
 20.   25.   0.57254039E-03  -0.63377985E-06   0.12865892E-02   0.00000000E+00
 20.   26.   0.78234096E-03   0.00000000E+00   0.18195156E-02   0.00000000E+00
 20.   27.  -0.66086819E-03   0.00000000E+00   0.17175577E-02   0.00000000E+00
 20.   28.  -0.47558466E-03  -0.30610572E-04   0.12144919E-02   0.00000000E+00
 20.   29.  -0.66123989E-04   0.11454535E-03  -0.16182570E-07   0.00000000E+00
 20.   30.   0.26431242E-03   0.39657336E-03  -0.12145231E-02   0.00000000E+00
 20.   31.   0.33044105E-03   0.57233985E-03  -0.17175856E-02   0.00000000E+00
 20.   32.   0.21128614E-03   0.42718393E-03  -0.12145147E-02   0.00000000E+00
 20.   33.   0.13226189E-03   0.21831825E-11  -0.60821439E-11   0.00000000E+00
 20.   34.   0.21128614E-03  -0.42718392E-03   0.12145147E-02   0.00000000E+00
 20.   35.   0.33044105E-03  -0.57233985E-03   0.17175856E-02   0.00000000E+00
 20.   36.   0.26431242E-03  -0.39657336E-03   0.12145231E-02   0.00000000E+00
 20.   37.  -0.66123986E-04  -0.11454535E-03   0.16194529E-07   0.00000000E+00
 20.   38.  -0.47558465E-03   0.30610572E-04  -0.12144918E-02   0.00000000E+00
 20.   39.  -0.66086819E-03   0.00000000E+00  -0.17175577E-02   0.00000000E+00
 20.   40.   0.00000000E+00   0.00000000E+00   0.00000000E+00   0.00000000E+00
 20.   41.   0.00000000E+00   0.00000000E+00   0.00000000E+00   0.00000000E+00
 20.   42.   0.00000000E+00   0.00000000E+00   0.00000000E+00   0.00000000E+00
 20.   43.   0.00000000E+00   0.00000000E+00   0.00000000E+00   0.00000000E+00
 20.   44.   0.00000000E+00   0.00000000E+00   0.00000000E+00   0.00000000E+00
 20.   45.   0.00000000E+00   0.00000000E+00   0.00000000E+00   0.00000000E+00
 20.   46.   0.00000000E+00   0.00000000E+00   0.00000000E+00   0.00000000E+00
 20.   47.   0.00000000E+00   0.00000000E+00   0.00000000E+00   0.00000000E+00
 20.   48.   0.00000000E+00   0.00000000E+00   0.00000000E+00   0.00000000E+00
 20.   49.   0.00000000E+00   0.00000000E+00   0.00000000E+00   0.00000000E+00
 20.   50.   0.00000000E+00   0.00000000E+00   0.00000000E+00   0.00000000E+00
 20.   51.   0.00000000E+00   0.00000000E+00   0.00000000E+00   0.00000000E+00
 20.   52.   0.00000000E+00   0.00000000E+00   0.00000000E+00   0.00000000E+00
 20.   53.   0.00000000E+00   0.00000000E+00   0.00000000E+00   0.00000000E+00
 20.   54.   0.00000000E+00   0.00000000E+00   0.00000000E+00   0.00000000E+00
 20.   55.   0.00000000E+00   0.00000000E+00   0.00000000E+00   0.00000000E+00
 20.   56.   0.00000000E+00   0.00000000E+00   0.00000000E+00   0.00000000E+00
 20.   57.   0.00000000E+00   0.00000000E+00   0.00000000E+00   0.00000000E+00
 20.   58.   0.00000000E+00   0.00000000E+00   0.00000000E+00   0.00000000E+00
 20.   59.   0.00000000E+00   0.00000000E+00   0.00000000E+00   0.00000000E+00
 20.   60.   0.00000000E+00   0.00000000E+00   0.00000000E+00   0.00000000E+00
 20.   61.   0.00000000E+00   0.00000000E+00   0.00000000E+00   0.00000000E+00
 20.   62.   0.00000000E+00   0.00000000E+00   0.00000000E+00   0.00000000E+00
 20.   63.   0.00000000E+00   0.00000000E+00   0.00000000E+00   0.00000000E+00
 20.   64.   0.00000000E+00   0.00000000E+00   0.00000000E+00   0.00000000E+00
 20.   65.   0.00000000E+00   0.00000000E+00   0.00000000E+00   0.00000000E+00
 21.    1.   0.36858448E-05   0.00000000E+00  -0.59235280E-05   0.00000000E+00
 21.    2.  -0.17825381E-05  -0.34173924E-05   0.41885668E-05   0.00000000E+00
 21.    3.  -0.20078953E-05   0.34777767E-05   0.13215981E-13   0.00000000E+00
 21.    4.   0.38508177E-05  -0.16497291E-06  -0.41885668E-05   0.00000000E+00
 21.    5.  -0.18429224E-05  -0.31920352E-05   0.59235280E-05   0.00000000E+00
 21.    6.  -0.20682796E-05   0.32524195E-05  -0.41885668E-05   0.00000000E+00
 21.    7.   0.40157906E-05   0.34295193E-13  -0.64445588E-13   0.00000000E+00
 21.    8.  -0.20682796E-05  -0.32524195E-05   0.41885668E-05   0.00000000E+00
 21.    9.  -0.18429224E-05   0.31920352E-05  -0.59235280E-05   0.00000000E+00
 21.   10.   0.38508177E-05   0.16497298E-06   0.41885667E-05   0.00000000E+00
 21.   11.  -0.20078953E-05  -0.34777767E-05   0.10867928E-12   0.00000000E+00
 21.   12.  -0.17825381E-05   0.34173924E-05  -0.41885669E-05   0.00000000E+00
 21.   13.   0.36858448E-05   0.00000000E+00   0.59235280E-05   0.00000000E+00
 21.   14.   0.23668946E-03   0.00000000E+00  -0.10101107E-02   0.00000000E+00
 21.   15.  -0.98130343E-04  -0.28042022E-03   0.71425610E-03   0.00000000E+00
 21.   16.  -0.17357147E-03   0.30063460E-03   0.15914272E-11   0.00000000E+00
 21.   17.   0.29191620E-03  -0.55226737E-04  -0.71425611E-03   0.00000000E+00
 21.   18.  -0.11834473E-03  -0.20497909E-03   0.10101107E-02   0.00000000E+00
 21.   19.  -0.19378586E-03   0.22519348E-03  -0.71425610E-03   0.00000000E+00
 21.   20.   0.34714294E-03   0.20937291E-11  -0.10684983E-10   0.00000000E+00
 21.   21.  -0.19378586E-03  -0.22519348E-03   0.71425611E-03   0.00000000E+00
 21.   22.  -0.11834474E-03   0.20497909E-03  -0.10101107E-02   0.00000000E+00
 21.   23.   0.29191620E-03   0.55226742E-04   0.71425609E-03   0.00000000E+00
 21.   24.  -0.17357147E-03  -0.30063461E-03   0.19429344E-10   0.00000000E+00
 21.   25.  -0.98130347E-04   0.28042021E-03  -0.71425612E-03   0.00000000E+00
 21.   26.   0.23668946E-03   0.00000000E+00   0.10101107E-02   0.00000000E+00
 21.   27.   0.68555832E-04   0.00000000E+00  -0.50649260E-02   0.00000000E+00
 21.   28.   0.16652577E-03  -0.80878064E-03   0.35814435E-02   0.00000000E+00
 21.   29.  -0.58288378E-03   0.10095843E-02   0.79297524E-11   0.00000000E+00
 21.   30.   0.61716170E-03  -0.54860586E-03  -0.35814435E-02   0.00000000E+00
 21.   31.  -0.34277909E-04  -0.59371095E-04   0.50649260E-02   0.00000000E+00
 21.   32.  -0.78368747E-03   0.26017478E-03  -0.35814435E-02   0.00000000E+00
 21.   33.   0.11657676E-02  -0.65134950E-12  -0.53551771E-10   0.00000000E+00
 21.   34.  -0.78368746E-03  -0.26017477E-03   0.35814436E-02   0.00000000E+00
 21.   35.  -0.34277930E-04   0.59371083E-04  -0.50649260E-02   0.00000000E+00
 21.   36.   0.61716171E-03   0.54860588E-03   0.35814435E-02   0.00000000E+00
 21.   37.  -0.58288378E-03  -0.10095843E-02   0.97550438E-10   0.00000000E+00
 21.   38.   0.16652576E-03   0.80878063E-03  -0.35814436E-02   0.00000000E+00
 21.   39.   0.68555831E-04   0.00000000E+00   0.50649260E-02   0.00000000E+00
 21.   40.   0.00000000E+00   0.00000000E+00   0.00000000E+00   0.00000000E+00
 21.   41.   0.00000000E+00   0.00000000E+00   0.00000000E+00   0.00000000E+00
 21.   42.   0.00000000E+00   0.00000000E+00   0.00000000E+00   0.00000000E+00
 21.   43.   0.00000000E+00   0.00000000E+00   0.00000000E+00   0.00000000E+00
 21.   44.   0.00000000E+00   0.00000000E+00   0.00000000E+00   0.00000000E+00
 21.   45.   0.00000000E+00   0.00000000E+00   0.00000000E+00   0.00000000E+00
 21.   46.   0.00000000E+00   0.00000000E+00   0.00000000E+00   0.00000000E+00
 21.   47.   0.00000000E+00   0.00000000E+00   0.00000000E+00   0.00000000E+00
 21.   48.   0.00000000E+00   0.00000000E+00   0.00000000E+00   0.00000000E+00
 21.   49.   0.00000000E+00   0.00000000E+00   0.00000000E+00   0.00000000E+00
 21.   50.   0.00000000E+00   0.00000000E+00   0.00000000E+00   0.00000000E+00
 21.   51.   0.00000000E+00   0.00000000E+00   0.00000000E+00   0.00000000E+00
 21.   52.   0.00000000E+00   0.00000000E+00   0.00000000E+00   0.00000000E+00
 21.   53.   0.00000000E+00   0.00000000E+00   0.00000000E+00   0.00000000E+00
 21.   54.   0.00000000E+00   0.00000000E+00   0.00000000E+00   0.00000000E+00
 21.   55.   0.00000000E+00   0.00000000E+00   0.00000000E+00   0.00000000E+00
 21.   56.   0.00000000E+00   0.00000000E+00   0.00000000E+00   0.00000000E+00
 21.   57.   0.00000000E+00   0.00000000E+00   0.00000000E+00   0.00000000E+00
 21.   58.   0.00000000E+00   0.00000000E+00   0.00000000E+00   0.00000000E+00
 21.   59.   0.00000000E+00   0.00000000E+00   0.00000000E+00   0.00000000E+00
 21.   60.   0.00000000E+00   0.00000000E+00   0.00000000E+00   0.00000000E+00
 21.   61.   0.00000000E+00   0.00000000E+00   0.00000000E+00   0.00000000E+00
 21.   62.   0.00000000E+00   0.00000000E+00   0.00000000E+00   0.00000000E+00
 21.   63.   0.00000000E+00   0.00000000E+00   0.00000000E+00   0.00000000E+00
 21.   64.   0.00000000E+00   0.00000000E+00   0.00000000E+00   0.00000000E+00
 21.   65.   0.00000000E+00   0.00000000E+00   0.00000000E+00   0.00000000E+00
 22.    1.  -0.10361864E-02   0.00000000E+00  -0.14198782E-02   0.00000000E+00
 22.    2.  -0.95958890E-03  -0.28585855E-03  -0.13715052E-02   0.00000000E+00
 22.    3.  -0.75032044E-03  -0.49512160E-03  -0.12296774E-02   0.00000000E+00
 22.    4.  -0.46445443E-03  -0.57171698E-03  -0.10040485E-02   0.00000000E+00
 22.    5.  -0.17858889E-03  -0.49512096E-03  -0.70998374E-03   0.00000000E+00
 22.    6.   0.30678587E-04  -0.28585790E-03  -0.36751981E-03   0.00000000E+00
 22.    7.   0.10727562E-03  -0.13487791E-11  -0.16736923E-11   0.00000000E+00
 22.    8.   0.30678588E-04   0.28585789E-03   0.36751981E-03   0.00000000E+00
 22.    9.  -0.17858889E-03   0.49512096E-03   0.70998374E-03   0.00000000E+00
 22.   10.  -0.46445443E-03   0.57171698E-03   0.10040485E-02   0.00000000E+00
 22.   11.  -0.75032044E-03   0.49512160E-03   0.12296774E-02   0.00000000E+00
 22.   12.  -0.95958890E-03   0.28585855E-03   0.13715051E-02   0.00000000E+00
 22.   13.  -0.10361864E-02   0.00000000E+00   0.14198782E-02   0.00000000E+00
 22.   14.   0.74807572E-03   0.00000000E+00   0.38045466E-04   0.00000000E+00
 22.   15.   0.69786611E-03   0.18737548E-03   0.36751678E-04   0.00000000E+00
 22.   16.   0.56069241E-03   0.32454130E-03   0.32956823E-04   0.00000000E+00
 22.   17.   0.37331321E-03   0.37474398E-03   0.26915728E-04   0.00000000E+00
 22.   18.   0.18593813E-03   0.32453431E-03   0.19036723E-04   0.00000000E+00
 22.   19.   0.48772670E-04   0.18736849E-03   0.98557359E-05   0.00000000E+00
 22.   20.  -0.14328195E-05   0.88444998E-12   0.39231562E-13   0.00000000E+00
 22.   21.   0.48772669E-04  -0.18736849E-03  -0.98557358E-05   0.00000000E+00
 22.   22.   0.18593813E-03  -0.32453431E-03  -0.19036723E-04   0.00000000E+00
 22.   23.   0.37331321E-03  -0.37474398E-03  -0.26915728E-04   0.00000000E+00
 22.   24.   0.56069241E-03  -0.32454130E-03  -0.32956823E-04   0.00000000E+00
 22.   25.   0.69786611E-03  -0.18737548E-03  -0.36751678E-04   0.00000000E+00
 22.   26.   0.74807572E-03   0.00000000E+00  -0.38045466E-04   0.00000000E+00
 22.   27.  -0.57538091E-03   0.00000000E+00   0.86730818E-03   0.00000000E+00
 22.   28.  -0.53832671E-03  -0.13828066E-03   0.83775168E-03   0.00000000E+00
 22.   29.  -0.43709394E-03  -0.23950712E-03   0.75109865E-03   0.00000000E+00
 22.   30.  -0.29881021E-03  -0.27655587E-03   0.61325966E-03   0.00000000E+00
 22.   31.  -0.16052965E-03  -0.23950172E-03   0.43363326E-03   0.00000000E+00
 22.   32.  -0.59303256E-04  -0.13827526E-03   0.22446256E-03   0.00000000E+00
 22.   33.  -0.22252239E-04  -0.65332352E-12   0.10267026E-11   0.00000000E+00
 22.   34.  -0.59303255E-04   0.13827526E-03  -0.22446256E-03   0.00000000E+00
 22.   35.  -0.16052965E-03   0.23950172E-03  -0.43363326E-03   0.00000000E+00
 22.   36.  -0.29881021E-03   0.27655587E-03  -0.61325966E-03   0.00000000E+00
 22.   37.  -0.43709394E-03   0.23950712E-03  -0.75109865E-03   0.00000000E+00
 22.   38.  -0.53832671E-03   0.13828066E-03  -0.83775168E-03   0.00000000E+00
 22.   39.  -0.57538091E-03   0.00000000E+00  -0.86730818E-03   0.00000000E+00
 22.   40.   0.00000000E+00   0.00000000E+00   0.00000000E+00   0.00000000E+00
 22.   41.   0.00000000E+00   0.00000000E+00   0.00000000E+00   0.00000000E+00
 22.   42.   0.00000000E+00   0.00000000E+00   0.00000000E+00   0.00000000E+00
 22.   43.   0.00000000E+00   0.00000000E+00   0.00000000E+00   0.00000000E+00
 22.   44.   0.00000000E+00   0.00000000E+00   0.00000000E+00   0.00000000E+00
 22.   45.   0.00000000E+00   0.00000000E+00   0.00000000E+00   0.00000000E+00
 22.   46.   0.00000000E+00   0.00000000E+00   0.00000000E+00   0.00000000E+00
 22.   47.   0.00000000E+00   0.00000000E+00   0.00000000E+00   0.00000000E+00
 22.   48.   0.00000000E+00   0.00000000E+00   0.00000000E+00   0.00000000E+00
 22.   49.   0.00000000E+00   0.00000000E+00   0.00000000E+00   0.00000000E+00
 22.   50.   0.00000000E+00   0.00000000E+00   0.00000000E+00   0.00000000E+00
 22.   51.   0.00000000E+00   0.00000000E+00   0.00000000E+00   0.00000000E+00
 22.   52.   0.00000000E+00   0.00000000E+00   0.00000000E+00   0.00000000E+00
 22.   53.   0.00000000E+00   0.00000000E+00   0.00000000E+00   0.00000000E+00
 22.   54.   0.00000000E+00   0.00000000E+00   0.00000000E+00   0.00000000E+00
 22.   55.   0.00000000E+00   0.00000000E+00   0.00000000E+00   0.00000000E+00
 22.   56.   0.00000000E+00   0.00000000E+00   0.00000000E+00   0.00000000E+00
 22.   57.   0.00000000E+00   0.00000000E+00   0.00000000E+00   0.00000000E+00
 22.   58.   0.00000000E+00   0.00000000E+00   0.00000000E+00   0.00000000E+00
 22.   59.   0.00000000E+00   0.00000000E+00   0.00000000E+00   0.00000000E+00
 22.   60.   0.00000000E+00   0.00000000E+00   0.00000000E+00   0.00000000E+00
 22.   61.   0.00000000E+00   0.00000000E+00   0.00000000E+00   0.00000000E+00
 22.   62.   0.00000000E+00   0.00000000E+00   0.00000000E+00   0.00000000E+00
 22.   63.   0.00000000E+00   0.00000000E+00   0.00000000E+00   0.00000000E+00
 22.   64.   0.00000000E+00   0.00000000E+00   0.00000000E+00   0.00000000E+00
 22.   65.   0.00000000E+00   0.00000000E+00   0.00000000E+00   0.00000000E+00
 23.    1.   0.16073034E-03   0.00000000E+00  -0.42733513E-03   0.00000000E+00
 23.    2.   0.50064856E-04  -0.18684456E-03   0.98944459E-11   0.00000000E+00
 23.    3.  -0.13919655E-03  -0.80365164E-04   0.42733515E-03   0.00000000E+00
 23.    4.  -0.13677971E-03   0.13677972E-03   0.98839095E-11   0.00000000E+00
 23.    5.   0.80365168E-04   0.13919656E-03  -0.42733514E-03   0.00000000E+00
 23.    6.   0.18684457E-03  -0.50064846E-04   0.72790620E-11   0.00000000E+00
 23.    7.   0.11785618E-11  -0.16073033E-03   0.42733515E-03   0.00000000E+00
 23.    8.  -0.18684457E-03  -0.50064847E-04   0.13220427E-10   0.00000000E+00
 23.    9.  -0.80365170E-04   0.13919655E-03  -0.42733514E-03   0.00000000E+00
 23.   10.   0.13677971E-03   0.13677972E-03   0.39428756E-11   0.00000000E+00
 23.   11.   0.13919655E-03  -0.80365162E-04   0.42733515E-03   0.00000000E+00
 23.   12.  -0.50064854E-04  -0.18684456E-03   0.15851964E-10   0.00000000E+00
 23.   13.  -0.16073034E-03   0.00000000E+00  -0.42733513E-03   0.00000000E+00
 23.   14.   0.13735663E-03   0.00000000E+00  -0.48292771E-02   0.00000000E+00
 23.   15.   0.28586786E-03  -0.10668734E-02  -0.46770394E-11   0.00000000E+00
 23.   16.  -0.11895434E-03  -0.68678320E-04   0.48292771E-02   0.00000000E+00
 23.   17.  -0.78100552E-03   0.78100551E-03   0.18874129E-10   0.00000000E+00
 23.   18.   0.68678311E-04   0.11895433E-03  -0.48292771E-02   0.00000000E+00
 23.   19.   0.10668734E-02  -0.28586786E-03  -0.24281646E-10   0.00000000E+00
 23.   20.   0.76511753E-11  -0.13735664E-03   0.48292771E-02   0.00000000E+00
 23.   21.  -0.10668734E-02  -0.28586786E-03   0.42871267E-10   0.00000000E+00
 23.   22.  -0.68678324E-04   0.11895433E-03  -0.48292771E-02   0.00000000E+00
 23.   23.   0.78100552E-03   0.78100551E-03  -0.48274361E-10   0.00000000E+00
 23.   24.   0.11895435E-03  -0.68678307E-04   0.48292771E-02   0.00000000E+00
 23.   25.  -0.28586786E-03  -0.10668734E-02   0.62541276E-10   0.00000000E+00
 23.   26.  -0.13735663E-03   0.00000000E+00  -0.48292771E-02   0.00000000E+00
 23.   27.  -0.63144451E-03   0.00000000E+00   0.23660465E-02   0.00000000E+00
 23.   28.  -0.93894207E-04   0.35041796E-03  -0.30738051E-11   0.00000000E+00
 23.   29.   0.54684699E-03   0.31572226E-03  -0.23660465E-02   0.00000000E+00
 23.   30.   0.25652376E-03  -0.25652375E-03  -0.14033528E-10   0.00000000E+00
 23.   31.  -0.31572225E-03  -0.54684699E-03   0.23660465E-02   0.00000000E+00
 23.   32.  -0.35041796E-03   0.93894210E-04   0.79328312E-11   0.00000000E+00
 23.   33.  -0.18210277E-11   0.63144452E-03  -0.23660465E-02   0.00000000E+00
 23.   34.   0.35041796E-03   0.93894218E-04  -0.24958016E-10   0.00000000E+00
 23.   35.   0.31572226E-03  -0.54684699E-03   0.23660465E-02   0.00000000E+00
 23.   36.  -0.25652375E-03  -0.25652375E-03   0.18873497E-10   0.00000000E+00
 23.   37.  -0.54684700E-03   0.31572226E-03  -0.23660465E-02   0.00000000E+00
 23.   38.   0.93894200E-04   0.35041797E-03  -0.36012979E-10   0.00000000E+00
 23.   39.   0.63144451E-03   0.00000000E+00   0.23660465E-02   0.00000000E+00
 23.   40.   0.00000000E+00   0.00000000E+00   0.00000000E+00   0.00000000E+00
 23.   41.   0.00000000E+00   0.00000000E+00   0.00000000E+00   0.00000000E+00
 23.   42.   0.00000000E+00   0.00000000E+00   0.00000000E+00   0.00000000E+00
 23.   43.   0.00000000E+00   0.00000000E+00   0.00000000E+00   0.00000000E+00
 23.   44.   0.00000000E+00   0.00000000E+00   0.00000000E+00   0.00000000E+00
 23.   45.   0.00000000E+00   0.00000000E+00   0.00000000E+00   0.00000000E+00
 23.   46.   0.00000000E+00   0.00000000E+00   0.00000000E+00   0.00000000E+00
 23.   47.   0.00000000E+00   0.00000000E+00   0.00000000E+00   0.00000000E+00
 23.   48.   0.00000000E+00   0.00000000E+00   0.00000000E+00   0.00000000E+00
 23.   49.   0.00000000E+00   0.00000000E+00   0.00000000E+00   0.00000000E+00
 23.   50.   0.00000000E+00   0.00000000E+00   0.00000000E+00   0.00000000E+00
 23.   51.   0.00000000E+00   0.00000000E+00   0.00000000E+00   0.00000000E+00
 23.   52.   0.00000000E+00   0.00000000E+00   0.00000000E+00   0.00000000E+00
 23.   53.   0.00000000E+00   0.00000000E+00   0.00000000E+00   0.00000000E+00
 23.   54.   0.00000000E+00   0.00000000E+00   0.00000000E+00   0.00000000E+00
 23.   55.   0.00000000E+00   0.00000000E+00   0.00000000E+00   0.00000000E+00
 23.   56.   0.00000000E+00   0.00000000E+00   0.00000000E+00   0.00000000E+00
 23.   57.   0.00000000E+00   0.00000000E+00   0.00000000E+00   0.00000000E+00
 23.   58.   0.00000000E+00   0.00000000E+00   0.00000000E+00   0.00000000E+00
 23.   59.   0.00000000E+00   0.00000000E+00   0.00000000E+00   0.00000000E+00
 23.   60.   0.00000000E+00   0.00000000E+00   0.00000000E+00   0.00000000E+00
 23.   61.   0.00000000E+00   0.00000000E+00   0.00000000E+00   0.00000000E+00
 23.   62.   0.00000000E+00   0.00000000E+00   0.00000000E+00   0.00000000E+00
 23.   63.   0.00000000E+00   0.00000000E+00   0.00000000E+00   0.00000000E+00
 23.   64.   0.00000000E+00   0.00000000E+00   0.00000000E+00   0.00000000E+00
 23.   65.   0.00000000E+00   0.00000000E+00   0.00000000E+00   0.00000000E+00
 24.    1.  -0.12203746E-02   0.00000000E+00  -0.21519952E-05   0.00000000E+00
 24.    2.  -0.12323317E-02   0.44630758E-04  -0.20785988E-05   0.00000000E+00
 24.    3.  -0.12649999E-02   0.77304323E-04  -0.18634455E-05   0.00000000E+00
 24.    4.  -0.13096275E-02   0.89266022E-04  -0.15212872E-05   0.00000000E+00
 24.    5.  -0.13542578E-02   0.77309144E-04  -0.10755488E-05   0.00000000E+00
 24.    6.  -0.13869312E-02   0.44635572E-04  -0.55667437E-06   0.00000000E+00
 24.    7.  -0.13988910E-02   0.21056609E-12  -0.25453849E-14   0.00000000E+00
 24.    8.  -0.13869312E-02  -0.44635571E-04   0.55667436E-06   0.00000000E+00
 24.    9.  -0.13542578E-02  -0.77309144E-04   0.10755488E-05   0.00000000E+00
 24.   10.  -0.13096275E-02  -0.89266022E-04   0.15212872E-05   0.00000000E+00
 24.   11.  -0.12649999E-02  -0.77304324E-04   0.18634455E-05   0.00000000E+00
 24.   12.  -0.12323317E-02  -0.44630758E-04   0.20785988E-05   0.00000000E+00
 24.   13.  -0.12203746E-02   0.00000000E+00   0.21519952E-05   0.00000000E+00
 24.   14.  -0.10766508E-02   0.00000000E+00  -0.14284560E-04   0.00000000E+00
 24.   15.  -0.10808997E-02   0.15859557E-04  -0.13797815E-04   0.00000000E+00
 24.   16.  -0.10925085E-02   0.27470191E-04  -0.12370757E-04   0.00000000E+00
 24.   17.  -0.11083673E-02   0.31720858E-04  -0.10100653E-04   0.00000000E+00
 24.   18.  -0.11242270E-02   0.27471962E-04  -0.71422198E-05   0.00000000E+00
 24.   19.  -0.11358378E-02   0.15861327E-04  -0.36970772E-05   0.00000000E+00
 24.   20.  -0.11400878E-02   0.74822417E-13  -0.16773431E-13   0.00000000E+00
 24.   21.  -0.11358378E-02  -0.15861327E-04   0.36970772E-05   0.00000000E+00
 24.   22.  -0.11242270E-02  -0.27471962E-04   0.71422197E-05   0.00000000E+00
 24.   23.  -0.11083673E-02  -0.31720858E-04   0.10100653E-04   0.00000000E+00
 24.   24.  -0.10925085E-02  -0.27470191E-04   0.12370757E-04   0.00000000E+00
 24.   25.  -0.10808997E-02  -0.15859557E-04   0.13797815E-04   0.00000000E+00
 24.   26.  -0.10766508E-02   0.00000000E+00   0.14284560E-04   0.00000000E+00
 24.   27.  -0.59513544E-03   0.00000000E+00  -0.20708613E-04   0.00000000E+00
 24.   28.  -0.59120829E-03  -0.14655523E-04  -0.20002979E-04   0.00000000E+00
 24.   29.  -0.58047929E-03  -0.25383798E-04  -0.17934167E-04   0.00000000E+00
 24.   30.  -0.56582363E-03  -0.29310189E-04  -0.14643171E-04   0.00000000E+00
 24.   31.  -0.55116847E-03  -0.25382934E-04  -0.10354275E-04   0.00000000E+00
 24.   32.  -0.54044046E-03  -0.14654659E-04  -0.53597628E-05   0.00000000E+00
 24.   33.  -0.53651381E-03  -0.69177855E-13  -0.24252781E-13   0.00000000E+00
 24.   34.  -0.54044046E-03   0.14654659E-04   0.53597628E-05   0.00000000E+00
 24.   35.  -0.55116847E-03   0.25382934E-04   0.10354275E-04   0.00000000E+00
 24.   36.  -0.56582363E-03   0.29310189E-04   0.14643171E-04   0.00000000E+00
 24.   37.  -0.58047929E-03   0.25383798E-04   0.17934167E-04   0.00000000E+00
 24.   38.  -0.59120829E-03   0.14655523E-04   0.20002979E-04   0.00000000E+00
 24.   39.  -0.59513544E-03   0.00000000E+00   0.20708613E-04   0.00000000E+00
 24.   40.   0.00000000E+00   0.00000000E+00   0.00000000E+00   0.00000000E+00
 24.   41.   0.00000000E+00   0.00000000E+00   0.00000000E+00   0.00000000E+00
 24.   42.   0.00000000E+00   0.00000000E+00   0.00000000E+00   0.00000000E+00
 24.   43.   0.00000000E+00   0.00000000E+00   0.00000000E+00   0.00000000E+00
 24.   44.   0.00000000E+00   0.00000000E+00   0.00000000E+00   0.00000000E+00
 24.   45.   0.00000000E+00   0.00000000E+00   0.00000000E+00   0.00000000E+00
 24.   46.   0.00000000E+00   0.00000000E+00   0.00000000E+00   0.00000000E+00
 24.   47.   0.00000000E+00   0.00000000E+00   0.00000000E+00   0.00000000E+00
 24.   48.   0.00000000E+00   0.00000000E+00   0.00000000E+00   0.00000000E+00
 24.   49.   0.00000000E+00   0.00000000E+00   0.00000000E+00   0.00000000E+00
 24.   50.   0.00000000E+00   0.00000000E+00   0.00000000E+00   0.00000000E+00
 24.   51.   0.00000000E+00   0.00000000E+00   0.00000000E+00   0.00000000E+00
 24.   52.   0.00000000E+00   0.00000000E+00   0.00000000E+00   0.00000000E+00
 24.   53.   0.00000000E+00   0.00000000E+00   0.00000000E+00   0.00000000E+00
 24.   54.   0.00000000E+00   0.00000000E+00   0.00000000E+00   0.00000000E+00
 24.   55.   0.00000000E+00   0.00000000E+00   0.00000000E+00   0.00000000E+00
 24.   56.   0.00000000E+00   0.00000000E+00   0.00000000E+00   0.00000000E+00
 24.   57.   0.00000000E+00   0.00000000E+00   0.00000000E+00   0.00000000E+00
 24.   58.   0.00000000E+00   0.00000000E+00   0.00000000E+00   0.00000000E+00
 24.   59.   0.00000000E+00   0.00000000E+00   0.00000000E+00   0.00000000E+00
 24.   60.   0.00000000E+00   0.00000000E+00   0.00000000E+00   0.00000000E+00
 24.   61.   0.00000000E+00   0.00000000E+00   0.00000000E+00   0.00000000E+00
 24.   62.   0.00000000E+00   0.00000000E+00   0.00000000E+00   0.00000000E+00
 24.   63.   0.00000000E+00   0.00000000E+00   0.00000000E+00   0.00000000E+00
 24.   64.   0.00000000E+00   0.00000000E+00   0.00000000E+00   0.00000000E+00
 24.   65.   0.00000000E+00   0.00000000E+00   0.00000000E+00   0.00000000E+00
 25.    1.   0.48202711E-03   0.00000000E+00  -0.27889261E-02   0.00000000E+00
 25.    2.   0.42063840E-03  -0.63864209E-03  -0.13944671E-02   0.00000000E+00
 25.    3.   0.15414921E-03  -0.74902605E-03   0.13944510E-02   0.00000000E+00
 25.    4.  -0.34084658E-03  -0.34084689E-03   0.27889106E-02   0.00000000E+00
 25.    5.  -0.74902549E-03   0.15414943E-03   0.13944525E-02   0.00000000E+00
 25.    6.  -0.63864167E-03   0.42063913E-03  -0.13944646E-02   0.00000000E+00
 25.    7.  -0.33843808E-11   0.48202805E-03  -0.27889232E-02   0.00000000E+00
 25.    8.   0.63864166E-03   0.42063913E-03  -0.13944646E-02   0.00000000E+00
 25.    9.   0.74902549E-03   0.15414943E-03   0.13944525E-02   0.00000000E+00
 25.   10.   0.34084658E-03  -0.34084689E-03   0.27889106E-02   0.00000000E+00
 25.   11.  -0.15414921E-03  -0.74902605E-03   0.13944510E-02   0.00000000E+00
 25.   12.  -0.42063840E-03  -0.63864209E-03  -0.13944671E-02   0.00000000E+00
 25.   13.  -0.48202711E-03   0.00000000E+00  -0.27889261E-02   0.00000000E+00
 25.   14.  -0.84030430E-03   0.00000000E+00   0.35438721E-04   0.00000000E+00
 25.   15.  -0.40705547E-03  -0.10418807E-03   0.17720873E-04   0.00000000E+00
 25.   16.   0.36150684E-03   0.21416138E-03  -0.17714873E-04   0.00000000E+00
 25.   17.   0.59418725E-03   0.59418730E-03  -0.35432912E-04   0.00000000E+00
 25.   18.   0.21416113E-03   0.36150654E-03  -0.17715394E-04   0.00000000E+00
 25.   19.  -0.10418828E-03  -0.40705612E-03   0.17719973E-04   0.00000000E+00
 25.   20.  -0.96510121E-12  -0.84030508E-03   0.35437682E-04   0.00000000E+00
 25.   21.   0.10418828E-03  -0.40705612E-03   0.17719973E-04   0.00000000E+00
 25.   22.  -0.21416112E-03   0.36150653E-03  -0.17715394E-04   0.00000000E+00
 25.   23.  -0.59418725E-03   0.59418730E-03  -0.35432912E-04   0.00000000E+00
 25.   24.  -0.36150685E-03   0.21416139E-03  -0.17714873E-04   0.00000000E+00
 25.   25.   0.40705547E-03  -0.10418807E-03   0.17720873E-04   0.00000000E+00
 25.   26.   0.84030430E-03   0.00000000E+00   0.35438721E-04   0.00000000E+00
 25.   27.   0.69390817E-03   0.00000000E+00  -0.77003086E-03   0.00000000E+00
 25.   28.   0.35275982E-03   0.24006993E-04  -0.38501498E-03   0.00000000E+00
 25.   29.  -0.26641710E-03  -0.23246493E-03   0.38501677E-03   0.00000000E+00
 25.   30.  -0.49066933E-03  -0.49066931E-03   0.77003258E-03   0.00000000E+00
 25.   31.  -0.23246478E-03  -0.26641681E-03   0.38501655E-03   0.00000000E+00
 25.   32.   0.24007132E-04   0.35276038E-03  -0.38501537E-03   0.00000000E+00
 25.   33.   0.44781818E-12   0.69390884E-03  -0.77003132E-03   0.00000000E+00
 25.   34.  -0.24007133E-04   0.35276039E-03  -0.38501537E-03   0.00000000E+00
 25.   35.   0.23246477E-03  -0.26641680E-03   0.38501654E-03   0.00000000E+00
 25.   36.   0.49066932E-03  -0.49066931E-03   0.77003258E-03   0.00000000E+00
 25.   37.   0.26641711E-03  -0.23246493E-03   0.38501678E-03   0.00000000E+00
 25.   38.  -0.35275981E-03   0.24006992E-04  -0.38501497E-03   0.00000000E+00
 25.   39.  -0.69390817E-03   0.00000000E+00  -0.77003086E-03   0.00000000E+00
 25.   40.   0.00000000E+00   0.00000000E+00   0.00000000E+00   0.00000000E+00
 25.   41.   0.00000000E+00   0.00000000E+00   0.00000000E+00   0.00000000E+00
 25.   42.   0.00000000E+00   0.00000000E+00   0.00000000E+00   0.00000000E+00
 25.   43.   0.00000000E+00   0.00000000E+00   0.00000000E+00   0.00000000E+00
 25.   44.   0.00000000E+00   0.00000000E+00   0.00000000E+00   0.00000000E+00
 25.   45.   0.00000000E+00   0.00000000E+00   0.00000000E+00   0.00000000E+00
 25.   46.   0.00000000E+00   0.00000000E+00   0.00000000E+00   0.00000000E+00
 25.   47.   0.00000000E+00   0.00000000E+00   0.00000000E+00   0.00000000E+00
 25.   48.   0.00000000E+00   0.00000000E+00   0.00000000E+00   0.00000000E+00
 25.   49.   0.00000000E+00   0.00000000E+00   0.00000000E+00   0.00000000E+00
 25.   50.   0.00000000E+00   0.00000000E+00   0.00000000E+00   0.00000000E+00
 25.   51.   0.00000000E+00   0.00000000E+00   0.00000000E+00   0.00000000E+00
 25.   52.   0.00000000E+00   0.00000000E+00   0.00000000E+00   0.00000000E+00
 25.   53.   0.00000000E+00   0.00000000E+00   0.00000000E+00   0.00000000E+00
 25.   54.   0.00000000E+00   0.00000000E+00   0.00000000E+00   0.00000000E+00
 25.   55.   0.00000000E+00   0.00000000E+00   0.00000000E+00   0.00000000E+00
 25.   56.   0.00000000E+00   0.00000000E+00   0.00000000E+00   0.00000000E+00
 25.   57.   0.00000000E+00   0.00000000E+00   0.00000000E+00   0.00000000E+00
 25.   58.   0.00000000E+00   0.00000000E+00   0.00000000E+00   0.00000000E+00
 25.   59.   0.00000000E+00   0.00000000E+00   0.00000000E+00   0.00000000E+00
 25.   60.   0.00000000E+00   0.00000000E+00   0.00000000E+00   0.00000000E+00
 25.   61.   0.00000000E+00   0.00000000E+00   0.00000000E+00   0.00000000E+00
 25.   62.   0.00000000E+00   0.00000000E+00   0.00000000E+00   0.00000000E+00
 25.   63.   0.00000000E+00   0.00000000E+00   0.00000000E+00   0.00000000E+00
 25.   64.   0.00000000E+00   0.00000000E+00   0.00000000E+00   0.00000000E+00
 25.   65.   0.00000000E+00   0.00000000E+00   0.00000000E+00   0.00000000E+00
 26.    1.   0.13415535E-05   0.00000000E+00  -0.19554068E-05   0.00000000E+00
 26.    2.  -0.93320100E-06  -0.10061721E-05   0.16934319E-05   0.00000000E+00
 26.    3.  -0.51598331E-07   0.14309245E-05  -0.97770334E-06   0.00000000E+00
 26.    4.   0.10328813E-05  -0.10328813E-05   0.11608113E-13   0.00000000E+00
 26.    5.  -0.14309245E-05   0.51598319E-07   0.97770339E-06   0.00000000E+00
 26.    6.   0.10061721E-05   0.93320102E-06  -0.16934319E-05   0.00000000E+00
 26.    7.   0.15782527E-13  -0.13415535E-05   0.19554067E-05   0.00000000E+00
 26.    8.  -0.10061721E-05   0.93320100E-06  -0.16934319E-05   0.00000000E+00
 26.    9.   0.14309245E-05   0.51598345E-07   0.97770335E-06   0.00000000E+00
 26.   10.  -0.10328813E-05  -0.10328813E-05   0.60491410E-13   0.00000000E+00
 26.   11.   0.51598305E-07   0.14309245E-05  -0.97770339E-06   0.00000000E+00
 26.   12.   0.93320102E-06  -0.10061720E-05   0.16934319E-05   0.00000000E+00
 26.   13.  -0.13415535E-05   0.00000000E+00  -0.19554068E-05   0.00000000E+00
 26.   14.   0.16490806E-03   0.00000000E+00  -0.62292983E-03   0.00000000E+00
 26.   15.  -0.10736180E-03  -0.15111344E-03   0.53947306E-03   0.00000000E+00
 26.   16.  -0.30937083E-04   0.21849266E-03  -0.31146492E-03   0.00000000E+00
 26.   17.   0.16712766E-03  -0.16712765E-03  -0.42721797E-11   0.00000000E+00
 26.   18.  -0.21849266E-03   0.30937082E-04   0.31146492E-03   0.00000000E+00
 26.   19.   0.15111344E-03   0.10736180E-03  -0.53947306E-03   0.00000000E+00
 26.   20.   0.25872697E-11  -0.16490806E-03   0.62292983E-03   0.00000000E+00
 26.   21.  -0.15111344E-03   0.10736180E-03  -0.53947305E-03   0.00000000E+00
 26.   22.   0.21849266E-03   0.30937085E-04   0.31146491E-03   0.00000000E+00
 26.   23.  -0.16712765E-03  -0.16712766E-03   0.10098844E-10   0.00000000E+00
 26.   24.   0.30937079E-04   0.21849266E-03  -0.31146493E-03   0.00000000E+00
 26.   25.   0.10736180E-03  -0.15111344E-03   0.53947307E-03   0.00000000E+00
 26.   26.  -0.16490806E-03   0.00000000E+00  -0.62292983E-03   0.00000000E+00
 26.   27.   0.12581263E-03   0.00000000E+00  -0.42348411E-02   0.00000000E+00
 26.   28.   0.34034495E-04  -0.54799573E-03   0.36674800E-02   0.00000000E+00
 26.   29.  -0.41155752E-03   0.83865116E-03  -0.21174206E-02   0.00000000E+00
 26.   30.   0.76103358E-03  -0.76103358E-03  -0.28906772E-10   0.00000000E+00
 26.   31.  -0.83865116E-03   0.41155752E-03   0.21174206E-02   0.00000000E+00
 26.   32.   0.54799572E-03  -0.34034493E-04  -0.36674800E-02   0.00000000E+00
 26.   33.   0.12516374E-10  -0.12581263E-03   0.42348411E-02   0.00000000E+00
 26.   34.  -0.54799574E-03  -0.34034498E-04  -0.36674800E-02   0.00000000E+00
 26.   35.   0.83865117E-03   0.41155752E-03   0.21174205E-02   0.00000000E+00
 26.   36.  -0.76103358E-03  -0.76103358E-03   0.68884469E-10   0.00000000E+00
 26.   37.   0.41155751E-03   0.83865115E-03  -0.21174206E-02   0.00000000E+00
 26.   38.  -0.34034489E-04  -0.54799571E-03   0.36674800E-02   0.00000000E+00
 26.   39.  -0.12581263E-03   0.00000000E+00  -0.42348411E-02   0.00000000E+00
 26.   40.   0.00000000E+00   0.00000000E+00   0.00000000E+00   0.00000000E+00
 26.   41.   0.00000000E+00   0.00000000E+00   0.00000000E+00   0.00000000E+00
 26.   42.   0.00000000E+00   0.00000000E+00   0.00000000E+00   0.00000000E+00
 26.   43.   0.00000000E+00   0.00000000E+00   0.00000000E+00   0.00000000E+00
 26.   44.   0.00000000E+00   0.00000000E+00   0.00000000E+00   0.00000000E+00
 26.   45.   0.00000000E+00   0.00000000E+00   0.00000000E+00   0.00000000E+00
 26.   46.   0.00000000E+00   0.00000000E+00   0.00000000E+00   0.00000000E+00
 26.   47.   0.00000000E+00   0.00000000E+00   0.00000000E+00   0.00000000E+00
 26.   48.   0.00000000E+00   0.00000000E+00   0.00000000E+00   0.00000000E+00
 26.   49.   0.00000000E+00   0.00000000E+00   0.00000000E+00   0.00000000E+00
 26.   50.   0.00000000E+00   0.00000000E+00   0.00000000E+00   0.00000000E+00
 26.   51.   0.00000000E+00   0.00000000E+00   0.00000000E+00   0.00000000E+00
 26.   52.   0.00000000E+00   0.00000000E+00   0.00000000E+00   0.00000000E+00
 26.   53.   0.00000000E+00   0.00000000E+00   0.00000000E+00   0.00000000E+00
 26.   54.   0.00000000E+00   0.00000000E+00   0.00000000E+00   0.00000000E+00
 26.   55.   0.00000000E+00   0.00000000E+00   0.00000000E+00   0.00000000E+00
 26.   56.   0.00000000E+00   0.00000000E+00   0.00000000E+00   0.00000000E+00
 26.   57.   0.00000000E+00   0.00000000E+00   0.00000000E+00   0.00000000E+00
 26.   58.   0.00000000E+00   0.00000000E+00   0.00000000E+00   0.00000000E+00
 26.   59.   0.00000000E+00   0.00000000E+00   0.00000000E+00   0.00000000E+00
 26.   60.   0.00000000E+00   0.00000000E+00   0.00000000E+00   0.00000000E+00
 26.   61.   0.00000000E+00   0.00000000E+00   0.00000000E+00   0.00000000E+00
 26.   62.   0.00000000E+00   0.00000000E+00   0.00000000E+00   0.00000000E+00
 26.   63.   0.00000000E+00   0.00000000E+00   0.00000000E+00   0.00000000E+00
 26.   64.   0.00000000E+00   0.00000000E+00   0.00000000E+00   0.00000000E+00
 26.   65.   0.00000000E+00   0.00000000E+00   0.00000000E+00   0.00000000E+00
 27.    1.   0.74551194E-04   0.00000000E+00  -0.16739893E-03   0.00000000E+00
 27.    2.   0.32937788E-05  -0.86843742E-04   0.43326032E-04   0.00000000E+00
 27.    3.  -0.77844972E-04   0.57049920E-05   0.14497173E-03   0.00000000E+00
 27.    4.  -0.65875576E-05   0.81138751E-04  -0.11836892E-03   0.00000000E+00
 27.    5.   0.84432529E-04  -0.57049915E-05  -0.83699464E-04   0.00000000E+00
 27.    6.   0.32937789E-05  -0.75433759E-04   0.16169495E-03   0.00000000E+00
 27.    7.  -0.87726308E-04  -0.51852571E-12   0.13324506E-11   0.00000000E+00
 27.    8.   0.32937777E-05   0.75433759E-04  -0.16169495E-03   0.00000000E+00
 27.    9.   0.84432529E-04   0.57049925E-05   0.83699462E-04   0.00000000E+00
 27.   10.  -0.65875564E-05  -0.81138751E-04   0.11836892E-03   0.00000000E+00
 27.   11.  -0.77844972E-04  -0.57049932E-05  -0.14497172E-03   0.00000000E+00
 27.   12.   0.32937778E-05   0.86843742E-04  -0.43326035E-04   0.00000000E+00
 27.   13.   0.74551194E-04   0.00000000E+00   0.16739893E-03   0.00000000E+00
 27.   14.   0.25192619E-03   0.00000000E+00  -0.36865386E-02   0.00000000E+00
 27.   15.   0.18120499E-03  -0.92819242E-03   0.95414639E-03   0.00000000E+00
 27.   16.  -0.43313118E-03   0.31385625E-03   0.31926360E-02   0.00000000E+00
 27.   17.  -0.36240998E-03   0.61433617E-03  -0.26067764E-02   0.00000000E+00
 27.   18.   0.79554115E-03  -0.31385625E-03  -0.18432693E-02   0.00000000E+00
 27.   19.   0.18120499E-03  -0.30047992E-03   0.35609228E-02   0.00000000E+00
 27.   20.  -0.97674615E-03  -0.90567062E-12   0.30433910E-10   0.00000000E+00
 27.   21.   0.18120498E-03   0.30047991E-03  -0.35609228E-02   0.00000000E+00
 27.   22.   0.79554116E-03   0.31385625E-03   0.18432692E-02   0.00000000E+00
 27.   23.  -0.36240997E-03  -0.61433616E-03   0.26067764E-02   0.00000000E+00
 27.   24.  -0.43313118E-03  -0.31385626E-03  -0.31926360E-02   0.00000000E+00
 27.   25.   0.18120499E-03   0.92819241E-03  -0.95414644E-03   0.00000000E+00
 27.   26.   0.25192619E-03   0.00000000E+00   0.36865386E-02   0.00000000E+00
 27.   27.  -0.64200858E-03   0.00000000E+00   0.14447335E-02   0.00000000E+00
 27.   28.   0.96326419E-04   0.28251349E-03  -0.37392453E-03   0.00000000E+00
 27.   29.   0.54568216E-03   0.16684225E-03  -0.12511759E-02   0.00000000E+00
 27.   30.  -0.19265284E-03  -0.44935574E-03   0.10215808E-02   0.00000000E+00
 27.   31.  -0.35302932E-03  -0.16684225E-03   0.72236674E-03   0.00000000E+00
 27.   32.   0.96326418E-04   0.61619799E-03  -0.13955054E-02   0.00000000E+00
 27.   33.   0.25670290E-03   0.49840012E-11  -0.11894527E-10   0.00000000E+00
 27.   34.   0.96326421E-04  -0.61619800E-03   0.13955054E-02   0.00000000E+00
 27.   35.  -0.35302932E-03   0.16684225E-03  -0.72236672E-03   0.00000000E+00
 27.   36.  -0.19265284E-03   0.44935574E-03  -0.10215808E-02   0.00000000E+00
 27.   37.   0.54568216E-03  -0.16684225E-03   0.12511759E-02   0.00000000E+00
 27.   38.   0.96326428E-04  -0.28251349E-03   0.37392456E-03   0.00000000E+00
 27.   39.  -0.64200858E-03   0.00000000E+00  -0.14447335E-02   0.00000000E+00
 27.   40.   0.00000000E+00   0.00000000E+00   0.00000000E+00   0.00000000E+00
 27.   41.   0.00000000E+00   0.00000000E+00   0.00000000E+00   0.00000000E+00
 27.   42.   0.00000000E+00   0.00000000E+00   0.00000000E+00   0.00000000E+00
 27.   43.   0.00000000E+00   0.00000000E+00   0.00000000E+00   0.00000000E+00
 27.   44.   0.00000000E+00   0.00000000E+00   0.00000000E+00   0.00000000E+00
 27.   45.   0.00000000E+00   0.00000000E+00   0.00000000E+00   0.00000000E+00
 27.   46.   0.00000000E+00   0.00000000E+00   0.00000000E+00   0.00000000E+00
 27.   47.   0.00000000E+00   0.00000000E+00   0.00000000E+00   0.00000000E+00
 27.   48.   0.00000000E+00   0.00000000E+00   0.00000000E+00   0.00000000E+00
 27.   49.   0.00000000E+00   0.00000000E+00   0.00000000E+00   0.00000000E+00
 27.   50.   0.00000000E+00   0.00000000E+00   0.00000000E+00   0.00000000E+00
 27.   51.   0.00000000E+00   0.00000000E+00   0.00000000E+00   0.00000000E+00
 27.   52.   0.00000000E+00   0.00000000E+00   0.00000000E+00   0.00000000E+00
 27.   53.   0.00000000E+00   0.00000000E+00   0.00000000E+00   0.00000000E+00
 27.   54.   0.00000000E+00   0.00000000E+00   0.00000000E+00   0.00000000E+00
 27.   55.   0.00000000E+00   0.00000000E+00   0.00000000E+00   0.00000000E+00
 27.   56.   0.00000000E+00   0.00000000E+00   0.00000000E+00   0.00000000E+00
 27.   57.   0.00000000E+00   0.00000000E+00   0.00000000E+00   0.00000000E+00
 27.   58.   0.00000000E+00   0.00000000E+00   0.00000000E+00   0.00000000E+00
 27.   59.   0.00000000E+00   0.00000000E+00   0.00000000E+00   0.00000000E+00
 27.   60.   0.00000000E+00   0.00000000E+00   0.00000000E+00   0.00000000E+00
 27.   61.   0.00000000E+00   0.00000000E+00   0.00000000E+00   0.00000000E+00
 27.   62.   0.00000000E+00   0.00000000E+00   0.00000000E+00   0.00000000E+00
 27.   63.   0.00000000E+00   0.00000000E+00   0.00000000E+00   0.00000000E+00
 27.   64.   0.00000000E+00   0.00000000E+00   0.00000000E+00   0.00000000E+00
 27.   65.   0.00000000E+00   0.00000000E+00   0.00000000E+00   0.00000000E+00
 28.    1.  -0.58485726E-03   0.00000000E+00  -0.31205289E-02   0.00000000E+00
 28.    2.  -0.42801007E-03  -0.35862194E-03  -0.26990462E-02   0.00000000E+00
 28.    3.  -0.48362517E-04  -0.49917226E-03  -0.15475340E-02   0.00000000E+00
 28.    4.   0.33458075E-03  -0.33186773E-03   0.25461089E-04   0.00000000E+00
 28.    5.   0.50109064E-03   0.51684953E-04   0.15984565E-02   0.00000000E+00
 28.    6.   0.35961490E-03   0.43171527E-03   0.27499692E-02   0.00000000E+00
 28.    7.   0.18030863E-11   0.58869293E-03   0.31714522E-02   0.00000000E+00
 28.    8.  -0.35961490E-03   0.43171527E-03   0.27499692E-02   0.00000000E+00
 28.    9.  -0.50109064E-03   0.51684957E-04   0.15984565E-02   0.00000000E+00
 28.   10.  -0.33458075E-03  -0.33186773E-03   0.25461103E-04   0.00000000E+00
 28.   11.   0.48362513E-04  -0.49917226E-03  -0.15475340E-02   0.00000000E+00
 28.   12.   0.42801007E-03  -0.35862194E-03  -0.26990462E-02   0.00000000E+00
 28.   13.   0.58485726E-03   0.00000000E+00  -0.31205289E-02   0.00000000E+00
 28.   14.   0.60319766E-03   0.00000000E+00   0.13223482E-02   0.00000000E+00
 28.   15.   0.49095601E-03   0.18378912E-03   0.11436008E-02   0.00000000E+00
 28.   16.   0.21558997E-03   0.22538668E-03   0.65525381E-03   0.00000000E+00
 28.   17.  -0.74467947E-04   0.68248421E-04  -0.11840343E-04   0.00000000E+00
 28.   18.  -0.22978432E-03  -0.22320705E-03  -0.67893422E-03   0.00000000E+00
 28.   19.  -0.18606530E-03  -0.49945111E-03  -0.11672807E-02   0.00000000E+00
 28.   20.  -0.96828881E-12  -0.61199208E-03  -0.13460278E-02   0.00000000E+00
 28.   21.   0.18606530E-03  -0.49945111E-03  -0.11672807E-02   0.00000000E+00
 28.   22.   0.22978432E-03  -0.22320706E-03  -0.67893422E-03   0.00000000E+00
 28.   23.   0.74467949E-04   0.68248419E-04  -0.11840349E-04   0.00000000E+00
 28.   24.  -0.21558997E-03   0.22538668E-03   0.65525381E-03   0.00000000E+00
 28.   25.  -0.49095601E-03   0.18378912E-03   0.11436008E-02   0.00000000E+00
 28.   26.  -0.60319766E-03   0.00000000E+00   0.13223482E-02   0.00000000E+00
 28.   27.  -0.57699115E-03   0.00000000E+00   0.15798977E-03   0.00000000E+00
 28.   28.  -0.48314252E-03  -0.12518958E-03   0.13672428E-03   0.00000000E+00
 28.   29.  -0.25145074E-03  -0.13692989E-03   0.78625934E-04   0.00000000E+00
 28.   30.  -0.26231743E-05   0.90373594E-05  -0.73772196E-06   0.00000000E+00
 28.   31.   0.14146529E-03   0.25930622E-03  -0.80101197E-04   0.00000000E+00
 28.   32.   0.12753715E-03   0.49190364E-03  -0.13819918E-03   0.00000000E+00
 28.   33.   0.67411686E-12   0.58606105E-03  -0.15946449E-03   0.00000000E+00
 28.   34.  -0.12753715E-03   0.49190364E-03  -0.13819918E-03   0.00000000E+00
 28.   35.  -0.14146529E-03   0.25930623E-03  -0.80101198E-04   0.00000000E+00
 28.   36.   0.26231724E-05   0.90373613E-05  -0.73772271E-06   0.00000000E+00
 28.   37.   0.25145074E-03  -0.13692989E-03   0.78625934E-04   0.00000000E+00
 28.   38.   0.48314252E-03  -0.12518958E-03   0.13672428E-03   0.00000000E+00
 28.   39.   0.57699115E-03   0.00000000E+00   0.15798977E-03   0.00000000E+00
 28.   40.   0.00000000E+00   0.00000000E+00   0.00000000E+00   0.00000000E+00
 28.   41.   0.00000000E+00   0.00000000E+00   0.00000000E+00   0.00000000E+00
 28.   42.   0.00000000E+00   0.00000000E+00   0.00000000E+00   0.00000000E+00
 28.   43.   0.00000000E+00   0.00000000E+00   0.00000000E+00   0.00000000E+00
 28.   44.   0.00000000E+00   0.00000000E+00   0.00000000E+00   0.00000000E+00
 28.   45.   0.00000000E+00   0.00000000E+00   0.00000000E+00   0.00000000E+00
 28.   46.   0.00000000E+00   0.00000000E+00   0.00000000E+00   0.00000000E+00
 28.   47.   0.00000000E+00   0.00000000E+00   0.00000000E+00   0.00000000E+00
 28.   48.   0.00000000E+00   0.00000000E+00   0.00000000E+00   0.00000000E+00
 28.   49.   0.00000000E+00   0.00000000E+00   0.00000000E+00   0.00000000E+00
 28.   50.   0.00000000E+00   0.00000000E+00   0.00000000E+00   0.00000000E+00
 28.   51.   0.00000000E+00   0.00000000E+00   0.00000000E+00   0.00000000E+00
 28.   52.   0.00000000E+00   0.00000000E+00   0.00000000E+00   0.00000000E+00
 28.   53.   0.00000000E+00   0.00000000E+00   0.00000000E+00   0.00000000E+00
 28.   54.   0.00000000E+00   0.00000000E+00   0.00000000E+00   0.00000000E+00
 28.   55.   0.00000000E+00   0.00000000E+00   0.00000000E+00   0.00000000E+00
 28.   56.   0.00000000E+00   0.00000000E+00   0.00000000E+00   0.00000000E+00
 28.   57.   0.00000000E+00   0.00000000E+00   0.00000000E+00   0.00000000E+00
 28.   58.   0.00000000E+00   0.00000000E+00   0.00000000E+00   0.00000000E+00
 28.   59.   0.00000000E+00   0.00000000E+00   0.00000000E+00   0.00000000E+00
 28.   60.   0.00000000E+00   0.00000000E+00   0.00000000E+00   0.00000000E+00
 28.   61.   0.00000000E+00   0.00000000E+00   0.00000000E+00   0.00000000E+00
 28.   62.   0.00000000E+00   0.00000000E+00   0.00000000E+00   0.00000000E+00
 28.   63.   0.00000000E+00   0.00000000E+00   0.00000000E+00   0.00000000E+00
 28.   64.   0.00000000E+00   0.00000000E+00   0.00000000E+00   0.00000000E+00
 28.   65.   0.00000000E+00   0.00000000E+00   0.00000000E+00   0.00000000E+00
 29.    1.  -0.54383422E-04   0.00000000E+00  -0.11781477E-02   0.00000000E+00
 29.    2.  -0.51812052E-04  -0.15299413E-04  -0.11756996E-02   0.00000000E+00
 29.    3.  -0.44694204E-04  -0.28540568E-04  -0.11690115E-02   0.00000000E+00
 29.    4.  -0.34531047E-04  -0.38400903E-04  -0.11598751E-02   0.00000000E+00
 29.    5.  -0.23030526E-04  -0.44629650E-04  -0.11507387E-02   0.00000000E+00
 29.    6.  -0.11396202E-04  -0.47817533E-04  -0.11440504E-02   0.00000000E+00
 29.    7.  -0.52772882E-13  -0.48761631E-04  -0.11416023E-02   0.00000000E+00
 29.    8.   0.11396202E-04  -0.47817533E-04  -0.11440504E-02   0.00000000E+00
 29.    9.   0.23030526E-04  -0.44629650E-04  -0.11507387E-02   0.00000000E+00
 29.   10.   0.34531047E-04  -0.38400904E-04  -0.11598751E-02   0.00000000E+00
 29.   11.   0.44694204E-04  -0.28540568E-04  -0.11690115E-02   0.00000000E+00
 29.   12.   0.51812052E-04  -0.15299413E-04  -0.11756996E-02   0.00000000E+00
 29.   13.   0.54383422E-04   0.00000000E+00  -0.11781477E-02   0.00000000E+00
 29.   14.   0.19187828E-03   0.00000000E+00   0.58461681E-03   0.00000000E+00
 29.   15.   0.18484309E-03   0.49846058E-04   0.58352944E-03   0.00000000E+00
 29.   16.   0.16450851E-03   0.95592278E-04   0.58055907E-03   0.00000000E+00
 29.   17.   0.13296366E-03   0.13383069E-03   0.57650244E-03   0.00000000E+00
 29.   18.   0.93060562E-04   0.16224721E-03   0.57244693E-03   0.00000000E+00
 29.   19.   0.47808500E-04   0.17960755E-03   0.56947880E-03   0.00000000E+00
 29.   20.   0.21780863E-12   0.18542985E-03   0.56839255E-03   0.00000000E+00
 29.   21.  -0.47808500E-04   0.17960755E-03   0.56947880E-03   0.00000000E+00
 29.   22.  -0.93060562E-04   0.16224721E-03   0.57244693E-03   0.00000000E+00
 29.   23.  -0.13296366E-03   0.13383069E-03   0.57650244E-03   0.00000000E+00
 29.   24.  -0.16450851E-03   0.95592279E-04   0.58055907E-03   0.00000000E+00
 29.   25.  -0.18484309E-03   0.49846058E-04   0.58352944E-03   0.00000000E+00
 29.   26.  -0.19187828E-03   0.00000000E+00   0.58461681E-03   0.00000000E+00
 29.   27.  -0.20948870E-03   0.00000000E+00   0.91765127E-05   0.00000000E+00
 29.   28.  -0.20193482E-03  -0.54095055E-04   0.91119186E-05   0.00000000E+00
 29.   29.  -0.18003174E-03  -0.10391588E-03   0.89356066E-05   0.00000000E+00
 29.   30.  -0.14586030E-03  -0.14582430E-03   0.86951396E-05   0.00000000E+00
 29.   31.  -0.10233664E-03  -0.17720825E-03   0.84551035E-05   0.00000000E+00
 29.   32.  -0.52669507E-04  -0.19651625E-03   0.82796532E-05   0.00000000E+00
 29.   33.  -0.24064868E-12  -0.20301903E-03   0.82154899E-05   0.00000000E+00
 29.   34.   0.52669506E-04  -0.19651625E-03   0.82796532E-05   0.00000000E+00
 29.   35.   0.10233664E-03  -0.17720825E-03   0.84551035E-05   0.00000000E+00
 29.   36.   0.14586030E-03  -0.14582430E-03   0.86951396E-05   0.00000000E+00
 29.   37.   0.18003174E-03  -0.10391588E-03   0.89356066E-05   0.00000000E+00
 29.   38.   0.20193482E-03  -0.54095056E-04   0.91119185E-05   0.00000000E+00
 29.   39.   0.20948870E-03   0.00000000E+00   0.91765127E-05   0.00000000E+00
 29.   40.   0.00000000E+00   0.00000000E+00   0.00000000E+00   0.00000000E+00
 29.   41.   0.00000000E+00   0.00000000E+00   0.00000000E+00   0.00000000E+00
 29.   42.   0.00000000E+00   0.00000000E+00   0.00000000E+00   0.00000000E+00
 29.   43.   0.00000000E+00   0.00000000E+00   0.00000000E+00   0.00000000E+00
 29.   44.   0.00000000E+00   0.00000000E+00   0.00000000E+00   0.00000000E+00
 29.   45.   0.00000000E+00   0.00000000E+00   0.00000000E+00   0.00000000E+00
 29.   46.   0.00000000E+00   0.00000000E+00   0.00000000E+00   0.00000000E+00
 29.   47.   0.00000000E+00   0.00000000E+00   0.00000000E+00   0.00000000E+00
 29.   48.   0.00000000E+00   0.00000000E+00   0.00000000E+00   0.00000000E+00
 29.   49.   0.00000000E+00   0.00000000E+00   0.00000000E+00   0.00000000E+00
 29.   50.   0.00000000E+00   0.00000000E+00   0.00000000E+00   0.00000000E+00
 29.   51.   0.00000000E+00   0.00000000E+00   0.00000000E+00   0.00000000E+00
 29.   52.   0.00000000E+00   0.00000000E+00   0.00000000E+00   0.00000000E+00
 29.   53.   0.00000000E+00   0.00000000E+00   0.00000000E+00   0.00000000E+00
 29.   54.   0.00000000E+00   0.00000000E+00   0.00000000E+00   0.00000000E+00
 29.   55.   0.00000000E+00   0.00000000E+00   0.00000000E+00   0.00000000E+00
 29.   56.   0.00000000E+00   0.00000000E+00   0.00000000E+00   0.00000000E+00
 29.   57.   0.00000000E+00   0.00000000E+00   0.00000000E+00   0.00000000E+00
 29.   58.   0.00000000E+00   0.00000000E+00   0.00000000E+00   0.00000000E+00
 29.   59.   0.00000000E+00   0.00000000E+00   0.00000000E+00   0.00000000E+00
 29.   60.   0.00000000E+00   0.00000000E+00   0.00000000E+00   0.00000000E+00
 29.   61.   0.00000000E+00   0.00000000E+00   0.00000000E+00   0.00000000E+00
 29.   62.   0.00000000E+00   0.00000000E+00   0.00000000E+00   0.00000000E+00
 29.   63.   0.00000000E+00   0.00000000E+00   0.00000000E+00   0.00000000E+00
 29.   64.   0.00000000E+00   0.00000000E+00   0.00000000E+00   0.00000000E+00
 29.   65.   0.00000000E+00   0.00000000E+00   0.00000000E+00   0.00000000E+00
 30.    1.   0.47411282E-06   0.00000000E+00  -0.63434865E-06   0.00000000E+00
 30.    2.  -0.40775558E-06  -0.24764754E-06   0.61273394E-06   0.00000000E+00
 30.    3.   0.22646551E-06   0.42893764E-06  -0.54936213E-06   0.00000000E+00
 30.    4.   0.21181954E-07  -0.49529475E-06   0.44855256E-06   0.00000000E+00
 30.    5.  -0.26882913E-06   0.42893751E-06  -0.31717432E-06   0.00000000E+00
 30.    6.   0.45011953E-06  -0.24764729E-06   0.16418119E-06   0.00000000E+00
 30.    7.  -0.51647610E-06  -0.16310376E-13  -0.76380080E-13   0.00000000E+00
 30.    8.   0.45011989E-06   0.24764741E-06  -0.16418159E-06   0.00000000E+00
 30.    9.  -0.26882875E-06  -0.42893800E-06   0.31717414E-06   0.00000000E+00
 30.   10.   0.21182316E-07   0.49529422E-06  -0.44855250E-06   0.00000000E+00
 30.   11.   0.22646590E-06  -0.42893808E-06   0.54936192E-06   0.00000000E+00
 30.   12.  -0.40775534E-06   0.24764702E-06  -0.61273386E-06   0.00000000E+00
 30.   13.   0.47411286E-06   0.00000000E+00   0.63434846E-06   0.00000000E+00
 30.   14.   0.11110159E-03   0.00000000E+00  -0.37714556E-03   0.00000000E+00
 30.   15.  -0.93185484E-04  -0.66863808E-04   0.36429464E-03   0.00000000E+00
 30.   16.   0.44237779E-04   0.11581151E-03  -0.32661764E-03   0.00000000E+00
 30.   17.   0.22626029E-04  -0.13372762E-03   0.26668218E-03   0.00000000E+00
 30.   18.  -0.89489837E-04   0.11581151E-03  -0.18857278E-03   0.00000000E+00
 30.   19.   0.13843754E-03  -0.66863807E-04   0.97612451E-04   0.00000000E+00
 30.   20.  -0.15635364E-03  -0.71770037E-12   0.49757412E-11   0.00000000E+00
 30.   21.   0.13843754E-03   0.66863809E-04  -0.97612460E-04   0.00000000E+00
 30.   22.  -0.89489835E-04  -0.11581151E-03   0.18857279E-03   0.00000000E+00
 30.   23.   0.22626026E-04   0.13372762E-03  -0.26668219E-03   0.00000000E+00
 30.   24.   0.44237782E-04  -0.11581151E-03   0.32661764E-03   0.00000000E+00
 30.   25.  -0.93185485E-04   0.66863805E-04  -0.36429464E-03   0.00000000E+00
 30.   26.   0.11110159E-03   0.00000000E+00   0.37714556E-03   0.00000000E+00
 30.   27.   0.15852909E-03   0.00000000E+00  -0.34757879E-02   0.00000000E+00
 30.   28.  -0.83241064E-04  -0.28097874E-03   0.33573533E-02   0.00000000E+00
 30.   29.  -0.12244965E-03   0.48666945E-03  -0.30101206E-02   0.00000000E+00
 30.   30.   0.40342839E-03  -0.56195748E-03   0.24577532E-02   0.00000000E+00
 30.   31.  -0.68440712E-03   0.48666945E-03  -0.17378939E-02   0.00000000E+00
 30.   32.   0.89009783E-03  -0.28097874E-03   0.89960008E-03   0.00000000E+00
 30.   33.  -0.96538586E-03  -0.10166322E-11   0.44331733E-10   0.00000000E+00
 30.   34.   0.89009783E-03   0.28097874E-03  -0.89960016E-03   0.00000000E+00
 30.   35.  -0.68440711E-03  -0.48666944E-03   0.17378940E-02   0.00000000E+00
 30.   36.   0.40342837E-03   0.56195747E-03  -0.24577532E-02   0.00000000E+00
 30.   37.  -0.12244964E-03  -0.48666943E-03   0.30101207E-02   0.00000000E+00
 30.   38.  -0.83241070E-04   0.28097872E-03  -0.33573533E-02   0.00000000E+00
 30.   39.   0.15852909E-03   0.00000000E+00   0.34757879E-02   0.00000000E+00
 30.   40.   0.00000000E+00   0.00000000E+00   0.00000000E+00   0.00000000E+00
 30.   41.   0.00000000E+00   0.00000000E+00   0.00000000E+00   0.00000000E+00
 30.   42.   0.00000000E+00   0.00000000E+00   0.00000000E+00   0.00000000E+00
 30.   43.   0.00000000E+00   0.00000000E+00   0.00000000E+00   0.00000000E+00
 30.   44.   0.00000000E+00   0.00000000E+00   0.00000000E+00   0.00000000E+00
 30.   45.   0.00000000E+00   0.00000000E+00   0.00000000E+00   0.00000000E+00
 30.   46.   0.00000000E+00   0.00000000E+00   0.00000000E+00   0.00000000E+00
 30.   47.   0.00000000E+00   0.00000000E+00   0.00000000E+00   0.00000000E+00
 30.   48.   0.00000000E+00   0.00000000E+00   0.00000000E+00   0.00000000E+00
 30.   49.   0.00000000E+00   0.00000000E+00   0.00000000E+00   0.00000000E+00
 30.   50.   0.00000000E+00   0.00000000E+00   0.00000000E+00   0.00000000E+00
 30.   51.   0.00000000E+00   0.00000000E+00   0.00000000E+00   0.00000000E+00
 30.   52.   0.00000000E+00   0.00000000E+00   0.00000000E+00   0.00000000E+00
 30.   53.   0.00000000E+00   0.00000000E+00   0.00000000E+00   0.00000000E+00
 30.   54.   0.00000000E+00   0.00000000E+00   0.00000000E+00   0.00000000E+00
 30.   55.   0.00000000E+00   0.00000000E+00   0.00000000E+00   0.00000000E+00
 30.   56.   0.00000000E+00   0.00000000E+00   0.00000000E+00   0.00000000E+00
 30.   57.   0.00000000E+00   0.00000000E+00   0.00000000E+00   0.00000000E+00
 30.   58.   0.00000000E+00   0.00000000E+00   0.00000000E+00   0.00000000E+00
 30.   59.   0.00000000E+00   0.00000000E+00   0.00000000E+00   0.00000000E+00
 30.   60.   0.00000000E+00   0.00000000E+00   0.00000000E+00   0.00000000E+00
 30.   61.   0.00000000E+00   0.00000000E+00   0.00000000E+00   0.00000000E+00
 30.   62.   0.00000000E+00   0.00000000E+00   0.00000000E+00   0.00000000E+00
 30.   63.   0.00000000E+00   0.00000000E+00   0.00000000E+00   0.00000000E+00
 30.   64.   0.00000000E+00   0.00000000E+00   0.00000000E+00   0.00000000E+00
 30.   65.   0.00000000E+00   0.00000000E+00   0.00000000E+00   0.00000000E+00
