mode k UX UY UZ VOLT(zero: no VOLT dof)
  1.    1.   0.10000000E+01   0.00000000E+00  -0.33686418E-01   0.00000000E+00
  1.    2.   0.10000000E+01   0.41285538E-11  -0.33159514E-01   0.00000000E+00
  1.    3.   0.10000000E+01   0.85079099E-11  -0.31614707E-01   0.00000000E+00
  1.    4.   0.10000000E+01   0.13098350E-10  -0.29157276E-01   0.00000000E+00
  1.    5.   0.10000000E+01   0.16091656E-10  -0.25954688E-01   0.00000000E+00
  1.    6.   0.10000000E+01   0.16333691E-10  -0.22225196E-01   0.00000000E+00
  1.    7.   0.10000000E+01   0.13927095E-10  -0.18222958E-01   0.00000000E+00
  1.    8.   0.10000000E+01   0.12017250E-10  -0.14220720E-01   0.00000000E+00
  1.    9.   0.10000000E+01   0.10068140E-10  -0.10491228E-01   0.00000000E+00
  1.   10.   0.10000000E+01   0.71521633E-11  -0.72886402E-02   0.00000000E+00
  1.   11.   0.10000000E+01   0.47749376E-11  -0.48312083E-02   0.00000000E+00
  1.   12.   0.10000000E+01   0.25315459E-11  -0.32864020E-02   0.00000000E+00
  1.   13.   0.10000000E+01   0.00000000E+00  -0.27594973E-02   0.00000000E+00
  1.   14.   0.10000000E+01   0.00000000E+00  -0.53015743E-01   0.00000000E+00
  1.   15.   0.10000000E+01   0.44876827E-11  -0.51830208E-01   0.00000000E+00
  1.   16.   0.10000000E+01   0.11643860E-10  -0.48354394E-01   0.00000000E+00
  1.   17.   0.10000000E+01   0.17827089E-10  -0.42825173E-01   0.00000000E+00
  1.   18.   0.10000000E+01   0.22054140E-10  -0.35619351E-01   0.00000000E+00
  1.   19.   0.10000000E+01   0.23907926E-10  -0.27227994E-01   0.00000000E+00
  1.   20.   0.10000000E+01   0.23840396E-10  -0.18222959E-01   0.00000000E+00
  1.   21.   0.10000000E+01   0.22299532E-10  -0.92179229E-02   0.00000000E+00
  1.   22.   0.10000000E+01   0.18322752E-10  -0.82656528E-03   0.00000000E+00
  1.   23.   0.10000000E+01   0.13433581E-10   0.63792570E-02   0.00000000E+00
  1.   24.   0.10000000E+01   0.88631234E-11   0.11908479E-01   0.00000000E+00
  1.   25.   0.10000000E+01   0.45218458E-11   0.15384293E-01   0.00000000E+00
  1.   26.   0.10000000E+01   0.00000000E+00   0.16569829E-01   0.00000000E+00
  1.   27.   0.10000000E+01   0.00000000E+00  -0.72345069E-01   0.00000000E+00
  1.   28.   0.10000000E+01   0.12666261E-11  -0.70500903E-01   0.00000000E+00
  1.   29.   0.10000000E+01   0.91410190E-11  -0.65094081E-01   0.00000000E+00
  1.   30.   0.10000000E+01   0.20255449E-10  -0.56493070E-01   0.00000000E+00
  1.   31.   0.10000000E+01   0.27598185E-10  -0.45284014E-01   0.00000000E+00
  1.   32.   0.10000000E+01   0.34355006E-10  -0.32230792E-01   0.00000000E+00
  1.   33.   0.10000000E+01   0.35958306E-10  -0.18222959E-01   0.00000000E+00
  1.   34.   0.10000000E+01   0.33594576E-10  -0.42151261E-02   0.00000000E+00
  1.   35.   0.10000000E+01   0.27255115E-10   0.88380972E-02   0.00000000E+00
  1.   36.   0.10000000E+01   0.15704478E-10   0.20047154E-01   0.00000000E+00
  1.   37.   0.10000000E+01   0.55832899E-11   0.28648166E-01   0.00000000E+00
  1.   38.   0.10000000E+01   0.22582250E-11   0.34054989E-01   0.00000000E+00
  1.   39.   0.10000000E+01   0.00000000E+00   0.35899155E-01   0.00000000E+00
  1.   40.   0.10000000E+01   0.00000000E+00  -0.91674394E-01   0.00000000E+00
  1.   41.   0.10000000E+01  -0.82224556E-11  -0.89171597E-01   0.00000000E+00
  1.   42.   0.10000000E+01   0.34709591E-11  -0.81833768E-01   0.00000000E+00
  1.   43.   0.10000000E+01   0.21739429E-10  -0.70160967E-01   0.00000000E+00
  1.   44.   0.10000000E+01   0.35153109E-10  -0.54948678E-01   0.00000000E+00
  1.   45.   0.10000000E+01   0.42720473E-10  -0.37233591E-01   0.00000000E+00
  1.   46.   0.10000000E+01   0.44429529E-10  -0.18222961E-01   0.00000000E+00
  1.   47.   0.10000000E+01   0.42673678E-10   0.78767063E-03   0.00000000E+00
  1.   48.   0.10000000E+01   0.38088854E-10   0.18502760E-01   0.00000000E+00
  1.   49.   0.10000000E+01   0.19690737E-10   0.33715052E-01   0.00000000E+00
  1.   50.   0.10000000E+01   0.42220933E-11   0.45387854E-01   0.00000000E+00
  1.   51.   0.10000000E+01   0.58346519E-12   0.52725683E-01   0.00000000E+00
  1.   52.   0.10000000E+01   0.00000000E+00   0.55228481E-01   0.00000000E+00
  1.   53.   0.10000000E+01   0.00000000E+00  -0.11100372E+00   0.00000000E+00
  1.   54.   0.10000000E+01  -0.16673406E-10  -0.10784229E+00   0.00000000E+00
  1.   55.   0.10000000E+01  -0.54885851E-11  -0.98573454E-01   0.00000000E+00
  1.   56.   0.10000000E+01   0.26691536E-10  -0.83828864E-01   0.00000000E+00
  1.   57.   0.10000000E+01   0.41900951E-10  -0.64613341E-01   0.00000000E+00
  1.   58.   0.10000000E+01   0.50441221E-10  -0.42236390E-01   0.00000000E+00
  1.   59.   0.10000000E+01   0.53886712E-10  -0.18222962E-01   0.00000000E+00
  1.   60.   0.10000000E+01   0.54938187E-10   0.57904671E-02   0.00000000E+00
  1.   61.   0.10000000E+01   0.45625128E-10   0.28167422E-01   0.00000000E+00
  1.   62.   0.10000000E+01   0.17397996E-10   0.47382949E-01   0.00000000E+00
  1.   63.   0.10000000E+01   0.51720386E-13   0.62127541E-01   0.00000000E+00
  1.   64.   0.10000000E+01   0.16702158E-11   0.71396378E-01   0.00000000E+00
  1.   65.   0.10000000E+01   0.00000000E+00   0.74557806E-01   0.00000000E+00
  1.   66.   0.99845365E+00   0.00000000E+00  -0.11100372E+00   0.00000000E+00
  1.   67.   0.99845365E+00   0.16156453E-10  -0.10784229E+00   0.00000000E+00
  1.   68.   0.99845365E+00   0.39381097E-11  -0.98573454E-01   0.00000000E+00
  1.   69.   0.99845365E+00  -0.28744019E-10  -0.83828864E-01   0.00000000E+00
  1.   70.   0.99845365E+00  -0.44199793E-10  -0.64613341E-01   0.00000000E+00
  1.   71.   0.99845365E+00  -0.52524235E-10  -0.42236390E-01   0.00000000E+00
  1.   72.   0.99845365E+00  -0.54122767E-10  -0.18222962E-01   0.00000000E+00
  1.   73.   0.99845365E+00  -0.53541788E-10   0.57904671E-02   0.00000000E+00
  1.   74.   0.99845365E+00  -0.43579314E-10   0.28167422E-01   0.00000000E+00
  1.   75.   0.99845365E+00  -0.16603006E-10   0.47382949E-01   0.00000000E+00
  1.   76.   0.99845365E+00   0.66970383E-12   0.62127541E-01   0.00000000E+00
  1.   77.   0.99845365E+00  -0.13611023E-11   0.71396378E-01   0.00000000E+00
  1.   78.   0.99845365E+00   0.00000000E+00   0.74557806E-01   0.00000000E+00
  2.    1.   0.28839994E-02   0.00000000E+00   0.46949424E+00   0.00000000E+00
  2.    2.   0.28839994E-02   0.18799829E-10   0.47207661E+00   0.00000000E+00
  2.    3.   0.28839993E-02   0.30204251E-10   0.47964771E+00   0.00000000E+00
  2.    4.   0.28839993E-02   0.36380088E-10   0.49169161E+00   0.00000000E+00
  2.    5.   0.28839993E-02   0.44718308E-10   0.50738751E+00   0.00000000E+00
  2.    6.   0.28839993E-02   0.54211491E-10   0.52566578E+00   0.00000000E+00
  2.    7.   0.28839993E-02   0.60309810E-10   0.54528078E+00   0.00000000E+00
  2.    8.   0.28839993E-02   0.59522216E-10   0.56489578E+00   0.00000000E+00
  2.    9.   0.28839992E-02   0.54003621E-10   0.58317405E+00   0.00000000E+00
  2.   10.   0.28839992E-02   0.49084713E-10   0.59886995E+00   0.00000000E+00
  2.   11.   0.28839992E-02   0.44341287E-10   0.61091385E+00   0.00000000E+00
  2.   12.   0.28839992E-02   0.29255453E-10   0.61848495E+00   0.00000000E+00
  2.   13.   0.28839992E-02   0.00000000E+00   0.62106732E+00   0.00000000E+00
  2.   14.   0.28839994E-02   0.00000000E+00   0.37476107E+00   0.00000000E+00
  2.   15.   0.28839994E-02   0.19888142E-10   0.38057139E+00   0.00000000E+00
  2.   16.   0.28839993E-02   0.28838117E-10   0.39760638E+00   0.00000000E+00
  2.   17.   0.28839993E-02   0.32858676E-10   0.42470514E+00   0.00000000E+00
  2.   18.   0.28839993E-02   0.39929875E-10   0.46002092E+00   0.00000000E+00
  2.   19.   0.28839993E-02   0.47461500E-10   0.50114703E+00   0.00000000E+00
  2.   20.   0.28839993E-02   0.53767519E-10   0.54528078E+00   0.00000000E+00
  2.   21.   0.28839992E-02   0.54344120E-10   0.58941453E+00   0.00000000E+00
  2.   22.   0.28839992E-02   0.52317461E-10   0.63054063E+00   0.00000000E+00
  2.   23.   0.28839992E-02   0.51213028E-10   0.66585642E+00   0.00000000E+00
  2.   24.   0.28839992E-02   0.51136347E-10   0.69295518E+00   0.00000000E+00
  2.   25.   0.28839992E-02   0.37816924E-10   0.70999017E+00   0.00000000E+00
  2.   26.   0.28839992E-02   0.00000000E+00   0.71580049E+00   0.00000000E+00
  2.   27.   0.28839994E-02   0.00000000E+00   0.28002790E+00   0.00000000E+00
  2.   28.   0.28839993E-02   0.19242271E-10   0.28906617E+00   0.00000000E+00
  2.   29.   0.28839993E-02   0.26977541E-10   0.31556504E+00   0.00000000E+00
  2.   30.   0.28839993E-02   0.31766256E-10   0.35771867E+00   0.00000000E+00
  2.   31.   0.28839993E-02   0.38646948E-10   0.41265434E+00   0.00000000E+00
  2.   32.   0.28839993E-02   0.46775263E-10   0.47662828E+00   0.00000000E+00
  2.   33.   0.28839993E-02   0.52622264E-10   0.54528078E+00   0.00000000E+00
  2.   34.   0.28839992E-02   0.52723392E-10   0.61393327E+00   0.00000000E+00
  2.   35.   0.28839992E-02   0.52244219E-10   0.67790722E+00   0.00000000E+00
  2.   36.   0.28839992E-02   0.55568115E-10   0.73284289E+00   0.00000000E+00
  2.   37.   0.28839992E-02   0.58842281E-10   0.77499651E+00   0.00000000E+00
  2.   38.   0.28839992E-02   0.43761907E-10   0.80149538E+00   0.00000000E+00
  2.   39.   0.28839992E-02   0.00000000E+00   0.81053366E+00   0.00000000E+00
  2.   40.   0.28839993E-02   0.00000000E+00   0.18529472E+00   0.00000000E+00
  2.   41.   0.28839993E-02   0.18586040E-10   0.19756095E+00   0.00000000E+00
  2.   42.   0.28839993E-02   0.24131972E-10   0.23352371E+00   0.00000000E+00
  2.   43.   0.28839993E-02   0.29242788E-10   0.29073220E+00   0.00000000E+00
  2.   44.   0.28839993E-02   0.33702267E-10   0.36528775E+00   0.00000000E+00
  2.   45.   0.28839993E-02   0.40767789E-10   0.45210953E+00   0.00000000E+00
  2.   46.   0.28839993E-02   0.45377372E-10   0.54528077E+00   0.00000000E+00
  2.   47.   0.28839992E-02   0.45938423E-10   0.63845202E+00   0.00000000E+00
  2.   48.   0.28839992E-02   0.48010252E-10   0.72527380E+00   0.00000000E+00
  2.   49.   0.28839992E-02   0.56187047E-10   0.79982935E+00   0.00000000E+00
  2.   50.   0.28839992E-02   0.66082169E-10   0.85703784E+00   0.00000000E+00
  2.   51.   0.28839993E-02   0.54691841E-10   0.89300060E+00   0.00000000E+00
  2.   52.   0.28839993E-02   0.00000000E+00   0.90526683E+00   0.00000000E+00
  2.   53.   0.28839993E-02   0.00000000E+00   0.90561551E-01   0.00000000E+00
  2.   54.   0.28839993E-02   0.19912805E-10   0.10605573E+00   0.00000000E+00
  2.   55.   0.28839993E-02   0.22596992E-10   0.15148237E+00   0.00000000E+00
  2.   56.   0.28839993E-02   0.27326865E-10   0.22374573E+00   0.00000000E+00
  2.   57.   0.28839993E-02   0.30090457E-10   0.31792116E+00   0.00000000E+00
  2.   58.   0.28839993E-02   0.33007101E-10   0.42759078E+00   0.00000000E+00
  2.   59.   0.28839993E-02   0.34445166E-10   0.54528077E+00   0.00000000E+00
  2.   60.   0.28839992E-02   0.38391254E-10   0.66297077E+00   0.00000000E+00
  2.   61.   0.28839992E-02   0.45258820E-10   0.77264038E+00   0.00000000E+00
  2.   62.   0.28839992E-02   0.58510992E-10   0.86681582E+00   0.00000000E+00
  2.   63.   0.28839992E-02   0.73227892E-10   0.93907917E+00   0.00000000E+00
  2.   64.   0.28839993E-02   0.76678361E-10   0.98450582E+00   0.00000000E+00
  2.   65.   0.28839993E-02   0.00000000E+00   0.10000000E+01   0.00000000E+00
  2.   66.  -0.46946545E-02   0.00000000E+00   0.90561551E-01   0.00000000E+00
  2.   67.  -0.46946545E-02  -0.19506117E-10   0.10605573E+00   0.00000000E+00
  2.   68.  -0.46946545E-02  -0.21666580E-10   0.15148237E+00   0.00000000E+00
  2.   69.  -0.46946545E-02  -0.26151617E-10   0.22374573E+00   0.00000000E+00
  2.   70.  -0.46946545E-02  -0.28866306E-10   0.31792116E+00   0.00000000E+00
  2.   71.  -0.46946545E-02  -0.32770000E-10   0.42759078E+00   0.00000000E+00
  2.   72.  -0.46946544E-02  -0.35359494E-10   0.54528077E+00   0.00000000E+00
  2.   73.  -0.46946544E-02  -0.40719961E-10   0.66297077E+00   0.00000000E+00
  2.   74.  -0.46946544E-02  -0.51433545E-10   0.77264038E+00   0.00000000E+00
  2.   75.  -0.46946544E-02  -0.67921926E-10   0.86681582E+00   0.00000000E+00
  2.   76.  -0.46946544E-02  -0.78609681E-10   0.93907917E+00   0.00000000E+00
  2.   77.  -0.46946544E-02  -0.78369478E-10   0.98450582E+00   0.00000000E+00
  2.   78.  -0.46946544E-02   0.00000000E+00   0.10000000E+01   0.00000000E+00
  3.    1.   0.16005144E-01   0.00000000E+00   0.31375385E+00   0.00000000E+00
  3.    2.   0.16005144E-01   0.12801101E-10   0.30907720E+00   0.00000000E+00
  3.    3.   0.16005144E-01   0.18682450E-10   0.29536594E+00   0.00000000E+00
  3.    4.   0.16005144E-01   0.18941383E-10   0.27355448E+00   0.00000000E+00
  3.    5.   0.16005143E-01   0.19130265E-10   0.24512924E+00   0.00000000E+00
  3.    6.   0.16005143E-01   0.19547233E-10   0.21202734E+00   0.00000000E+00
  3.    7.   0.16005143E-01   0.18700909E-10   0.17650462E+00   0.00000000E+00
  3.    8.   0.16005143E-01   0.15616863E-10   0.14098191E+00   0.00000000E+00
  3.    9.   0.16005143E-01   0.11049120E-10   0.10788001E+00   0.00000000E+00
  3.   10.   0.16005143E-01   0.66328471E-11   0.79454762E-01   0.00000000E+00
  3.   11.   0.16005143E-01   0.33357700E-11   0.57643303E-01   0.00000000E+00
  3.   12.   0.16005143E-01   0.12438285E-11   0.43932047E-01   0.00000000E+00
  3.   13.   0.16005143E-01   0.00000000E+00   0.39255392E-01   0.00000000E+00
  3.   14.   0.16005144E-01   0.00000000E+00   0.48531539E+00   0.00000000E+00
  3.   15.   0.16005144E-01   0.18883614E-10   0.47479292E+00   0.00000000E+00
  3.   16.   0.16005144E-01   0.22655259E-10   0.44394259E+00   0.00000000E+00
  3.   17.   0.16005144E-01   0.18002191E-10   0.39486681E+00   0.00000000E+00
  3.   18.   0.16005144E-01   0.14750030E-10   0.33091001E+00   0.00000000E+00
  3.   19.   0.16005144E-01   0.11697254E-10   0.25643073E+00   0.00000000E+00
  3.   20.   0.16005143E-01   0.85768626E-11   0.17650462E+00   0.00000000E+00
  3.   21.   0.16005143E-01   0.34778550E-11   0.96578517E-01   0.00000000E+00
  3.   22.   0.16005143E-01  -0.26959041E-11   0.22099241E-01   0.00000000E+00
  3.   23.   0.16005143E-01  -0.81415828E-11  -0.41857564E-01   0.00000000E+00
  3.   24.   0.16005143E-01  -0.10756714E-10  -0.90933347E-01   0.00000000E+00
  3.   25.   0.16005143E-01  -0.83163467E-11  -0.12178367E+00   0.00000000E+00
  3.   26.   0.16005143E-01   0.00000000E+00  -0.13230615E+00   0.00000000E+00
  3.   27.   0.16005144E-01   0.00000000E+00   0.65687693E+00   0.00000000E+00
  3.   28.   0.16005144E-01   0.27832280E-10   0.64050864E+00   0.00000000E+00
  3.   29.   0.16005144E-01   0.27346357E-10   0.59251924E+00   0.00000000E+00
  3.   30.   0.16005144E-01   0.18731297E-10   0.51617914E+00   0.00000000E+00
  3.   31.   0.16005144E-01   0.12938430E-10   0.41669078E+00   0.00000000E+00
  3.   32.   0.16005144E-01   0.78538918E-11   0.30083412E+00   0.00000000E+00
  3.   33.   0.16005143E-01   0.28837394E-11   0.17650463E+00   0.00000000E+00
  3.   34.   0.16005143E-01  -0.40401023E-11   0.52175125E-01   0.00000000E+00
  3.   35.   0.16005143E-01  -0.12238902E-10  -0.63681527E-01   0.00000000E+00
  3.   36.   0.16005143E-01  -0.19832871E-10  -0.16316989E+00   0.00000000E+00
  3.   37.   0.16005143E-01  -0.23633225E-10  -0.23951000E+00   0.00000000E+00
  3.   38.   0.16005143E-01  -0.17792718E-10  -0.28749940E+00   0.00000000E+00
  3.   39.   0.16005143E-01   0.00000000E+00  -0.30386769E+00   0.00000000E+00
  3.   40.   0.16005144E-01   0.00000000E+00   0.82843846E+00   0.00000000E+00
  3.   41.   0.16005144E-01   0.40190615E-10   0.80622436E+00   0.00000000E+00
  3.   42.   0.16005144E-01   0.29084974E-10   0.74109589E+00   0.00000000E+00
  3.   43.   0.16005144E-01   0.17997480E-10   0.63749146E+00   0.00000000E+00
  3.   44.   0.16005144E-01   0.97152838E-11   0.50247154E+00   0.00000000E+00
  3.   45.   0.16005144E-01   0.29154002E-11   0.34523752E+00   0.00000000E+00
  3.   46.   0.16005143E-01  -0.35940508E-11   0.17650463E+00   0.00000000E+00
  3.   47.   0.16005143E-01  -0.12211583E-10   0.77717330E-02   0.00000000E+00
  3.   48.   0.16005143E-01  -0.21793768E-10  -0.14946229E+00   0.00000000E+00
  3.   49.   0.16005143E-01  -0.31257427E-10  -0.28448222E+00   0.00000000E+00
  3.   50.   0.16005143E-01  -0.37209041E-10  -0.38808665E+00   0.00000000E+00
  3.   51.   0.16005143E-01  -0.30209984E-10  -0.45321512E+00   0.00000000E+00
  3.   52.   0.16005143E-01   0.00000000E+00  -0.47542923E+00   0.00000000E+00
  3.   53.   0.16005143E-01   0.00000000E+00   0.10000000E+01   0.00000000E+00
  3.   54.   0.16005144E-01   0.57946765E-10   0.97194007E+00   0.00000000E+00
  3.   55.   0.16005144E-01   0.27882113E-10   0.88967254E+00   0.00000000E+00
  3.   56.   0.16005144E-01   0.16750878E-10   0.75880379E+00   0.00000000E+00
  3.   57.   0.16005144E-01   0.91510514E-11   0.58825231E+00   0.00000000E+00
  3.   58.   0.16005144E-01  -0.15767318E-11   0.38964091E+00   0.00000000E+00
  3.   59.   0.16005144E-01  -0.11044618E-10   0.17650463E+00   0.00000000E+00
  3.   60.   0.16005143E-01  -0.20564784E-10  -0.36631659E-01   0.00000000E+00
  3.   61.   0.16005143E-01  -0.31354255E-10  -0.23524306E+00   0.00000000E+00
  3.   62.   0.16005143E-01  -0.41984488E-10  -0.40579454E+00   0.00000000E+00
  3.   63.   0.16005143E-01  -0.48557588E-10  -0.53666330E+00   0.00000000E+00
  3.   64.   0.16005143E-01  -0.47527803E-10  -0.61893084E+00   0.00000000E+00
  3.   65.   0.16005143E-01   0.00000000E+00  -0.64699077E+00   0.00000000E+00
  3.   66.   0.29730066E-01   0.00000000E+00   0.10000000E+01   0.00000000E+00
  3.   67.   0.29730066E-01  -0.58159434E-10   0.97194007E+00   0.00000000E+00
  3.   68.   0.29730066E-01  -0.27850466E-10   0.88967254E+00   0.00000000E+00
  3.   69.   0.29730066E-01  -0.16070314E-10   0.75880379E+00   0.00000000E+00
  3.   70.   0.29730066E-01  -0.79840565E-11   0.58825231E+00   0.00000000E+00
  3.   71.   0.29730066E-01   0.23816688E-11   0.38964091E+00   0.00000000E+00
  3.   72.   0.29730066E-01   0.11898301E-10   0.17650463E+00   0.00000000E+00
  3.   73.   0.29730066E-01   0.21900439E-10  -0.36631659E-01   0.00000000E+00
  3.   74.   0.29730067E-01   0.33943684E-10  -0.23524306E+00   0.00000000E+00
  3.   75.   0.29730067E-01   0.45985096E-10  -0.40579454E+00   0.00000000E+00
  3.   76.   0.29730067E-01   0.50926615E-10  -0.53666330E+00   0.00000000E+00
  3.   77.   0.29730067E-01   0.48221616E-10  -0.61893084E+00   0.00000000E+00
  3.   78.   0.29730067E-01   0.00000000E+00  -0.64699077E+00   0.00000000E+00
  4.    1.  -0.42335679E-02   0.00000000E+00   0.41534217E-01   0.00000000E+00
  4.    2.  -0.41050691E-02   0.11545317E-02   0.35969687E-01   0.00000000E+00
  4.    3.  -0.37190995E-02   0.22081010E-02   0.20767108E-01   0.00000000E+00
  4.    4.  -0.30796795E-02   0.30796790E-02  -0.31197668E-10   0.00000000E+00
  4.    5.  -0.22081015E-02   0.37190990E-02  -0.20767109E-01   0.00000000E+00
  4.    6.  -0.11545322E-02   0.41050686E-02  -0.35969688E-01   0.00000000E+00
  4.    7.  -0.48491460E-09   0.42335674E-02  -0.41534218E-01   0.00000000E+00
  4.    8.   0.11545312E-02   0.41050686E-02  -0.35969688E-01   0.00000000E+00
  4.    9.   0.22081005E-02   0.37190990E-02  -0.20767110E-01   0.00000000E+00
  4.   10.   0.30796786E-02   0.30796790E-02  -0.16680556E-08   0.00000000E+00
  4.   11.   0.37190986E-02   0.22081011E-02   0.20767107E-01   0.00000000E+00
  4.   12.   0.41050681E-02   0.11545317E-02   0.35969686E-01   0.00000000E+00
  4.   13.   0.42335670E-02   0.00000000E+00   0.41534216E-01   0.00000000E+00
  4.   14.  -0.73113219E-02   0.00000000E+00   0.18294191E+00   0.00000000E+00
  4.   15.  -0.71679259E-02   0.22869037E-02   0.15843234E+00   0.00000000E+00
  4.   16.  -0.66855743E-02   0.42684320E-02   0.91470957E-01   0.00000000E+00
  4.   17.  -0.57476118E-02   0.57476113E-02   0.15964437E-08   0.00000000E+00
  4.   18.  -0.42684325E-02   0.66855738E-02  -0.91470955E-01   0.00000000E+00
  4.   19.  -0.22869042E-02   0.71679254E-02  -0.15843234E+00   0.00000000E+00
  4.   20.  -0.51028764E-09   0.73113214E-02  -0.18294191E+00   0.00000000E+00
  4.   21.   0.22869032E-02   0.71679254E-02  -0.15843234E+00   0.00000000E+00
  4.   22.   0.42684316E-02   0.66855738E-02  -0.91470959E-01   0.00000000E+00
  4.   23.   0.57476108E-02   0.57476113E-02  -0.39000437E-08   0.00000000E+00
  4.   24.   0.66855733E-02   0.42684321E-02   0.91470951E-01   0.00000000E+00
  4.   25.   0.71679250E-02   0.22869038E-02   0.15843234E+00   0.00000000E+00
  4.   26.   0.73113210E-02   0.00000000E+00   0.18294191E+00   0.00000000E+00
  4.   27.  -0.10152895E-01   0.00000000E+00   0.40323424E+00   0.00000000E+00
  4.   28.  -0.99837284E-02   0.32875316E-02   0.34921109E+00   0.00000000E+00
  4.   29.  -0.93841981E-02   0.61010121E-02   0.20161712E+00   0.00000000E+00
  4.   30.  -0.81451502E-02   0.81451496E-02   0.37155978E-08   0.00000000E+00
  4.   31.  -0.61010126E-02   0.93841976E-02  -0.20161711E+00   0.00000000E+00
  4.   32.  -0.32875321E-02   0.99837279E-02  -0.34921109E+00   0.00000000E+00
  4.   33.  -0.53549365E-09   0.10152895E-01  -0.40323423E+00   0.00000000E+00
  4.   34.   0.32875310E-02   0.99837280E-02  -0.34921109E+00   0.00000000E+00
  4.   35.   0.61010116E-02   0.93841976E-02  -0.20161712E+00   0.00000000E+00
  4.   36.   0.81451492E-02   0.81451497E-02  -0.73334807E-08   0.00000000E+00
  4.   37.   0.93841971E-02   0.61010122E-02   0.20161711E+00   0.00000000E+00
  4.   38.   0.99837275E-02   0.32875317E-02   0.34921109E+00   0.00000000E+00
  4.   39.   0.10152894E-01   0.00000000E+00   0.40323423E+00   0.00000000E+00
  4.   40.  -0.12035573E-01   0.00000000E+00   0.68245090E+00   0.00000000E+00
  4.   41.  -0.11926995E-01   0.42403388E-02   0.59101982E+00   0.00000000E+00
  4.   42.  -0.11432031E-01   0.77652859E-02   0.34122545E+00   0.00000000E+00
  4.   43.  -0.10157994E-01   0.10157993E-01   0.61836480E-08   0.00000000E+00
  4.   44.  -0.77652864E-02   0.11432031E-01  -0.34122544E+00   0.00000000E+00
  4.   45.  -0.42403393E-02   0.11926994E-01  -0.59101981E+00   0.00000000E+00
  4.   46.  -0.56217375E-09   0.12035572E-01  -0.68245090E+00   0.00000000E+00
  4.   47.   0.42403382E-02   0.11926994E-01  -0.59101982E+00   0.00000000E+00
  4.   48.   0.77652854E-02   0.11432031E-01  -0.34122546E+00   0.00000000E+00
  4.   49.   0.10157993E-01   0.10157993E-01  -0.11695615E-07   0.00000000E+00
  4.   50.   0.11432030E-01   0.77652861E-02   0.34122544E+00   0.00000000E+00
  4.   51.   0.11926994E-01   0.42403390E-02   0.59101981E+00   0.00000000E+00
  4.   52.   0.12035572E-01   0.00000000E+00   0.68245090E+00   0.00000000E+00
  4.   53.  -0.13330710E-01   0.00000000E+00   0.99997530E+00   0.00000000E+00
  4.   54.  -0.13296676E-01   0.50184446E-02   0.86600401E+00   0.00000000E+00
  4.   55.  -0.12950746E-01   0.91006396E-02   0.49998765E+00   0.00000000E+00
  4.   56.  -0.11722244E-01   0.11722244E-01   0.88452400E-08   0.00000000E+00
  4.   57.  -0.91006402E-02   0.12950745E-01  -0.49998764E+00   0.00000000E+00
  4.   58.  -0.50184451E-02   0.13296675E-01  -0.86600400E+00   0.00000000E+00
  4.   59.  -0.58519801E-09   0.13330709E-01  -0.99997529E+00   0.00000000E+00
  4.   60.   0.50184440E-02   0.13296675E-01  -0.86600401E+00   0.00000000E+00
  4.   61.   0.91006391E-02   0.12950745E-01  -0.49998766E+00   0.00000000E+00
  4.   62.   0.11722243E-01   0.11722244E-01  -0.16738107E-07   0.00000000E+00
  4.   63.   0.12950745E-01   0.91006398E-02   0.49998763E+00   0.00000000E+00
  4.   64.   0.13296675E-01   0.50184448E-02   0.86600400E+00   0.00000000E+00
  4.   65.   0.13330709E-01   0.00000000E+00   0.99997529E+00   0.00000000E+00
  4.   66.   0.13330709E-01   0.00000000E+00   0.99997530E+00   0.00000000E+00
  4.   67.   0.13296675E-01  -0.50184446E-02   0.86600401E+00   0.00000000E+00
  4.   68.   0.12950745E-01  -0.91006396E-02   0.49998765E+00   0.00000000E+00
  4.   69.   0.11722243E-01  -0.11722244E-01   0.88452345E-08   0.00000000E+00
  4.   70.   0.91006393E-02  -0.12950745E-01  -0.49998764E+00   0.00000000E+00
  4.   71.   0.50184442E-02  -0.13296675E-01  -0.86600400E+00   0.00000000E+00
  4.   72.  -0.27913030E-09  -0.13330709E-01  -0.99997529E+00   0.00000000E+00
  4.   73.  -0.50184448E-02  -0.13296675E-01  -0.86600401E+00   0.00000000E+00
  4.   74.  -0.91006400E-02  -0.12950745E-01  -0.49998766E+00   0.00000000E+00
  4.   75.  -0.11722244E-01  -0.11722244E-01  -0.16738100E-07   0.00000000E+00
  4.   76.  -0.12950746E-01  -0.91006398E-02   0.49998763E+00   0.00000000E+00
  4.   77.  -0.13296676E-01  -0.50184448E-02   0.86600400E+00   0.00000000E+00
  4.   78.  -0.13330710E-01   0.00000000E+00   0.99997529E+00   0.00000000E+00
  5.    1.   0.14899506E-01   0.00000000E+00   0.99988723E+00   0.00000000E+00
  5.    2.   0.14391817E-01   0.38562759E-02   0.99988723E+00   0.00000000E+00
  5.    3.   0.12903351E-01   0.74497530E-02   0.99988723E+00   0.00000000E+00
  5.    4.   0.10535542E-01   0.10535542E-01   0.99988723E+00   0.00000000E+00
  5.    5.   0.74497530E-02   0.12903351E-01   0.99988723E+00   0.00000000E+00
  5.    6.   0.38562759E-02   0.14391818E-01   0.99988723E+00   0.00000000E+00
  5.    7.   0.27185569E-10   0.14899506E-01   0.99988723E+00   0.00000000E+00
  5.    8.  -0.38562758E-02   0.14391818E-01   0.99988723E+00   0.00000000E+00
  5.    9.  -0.74497529E-02   0.12903351E-01   0.99988723E+00   0.00000000E+00
  5.   10.  -0.10535542E-01   0.10535542E-01   0.99988723E+00   0.00000000E+00
  5.   11.  -0.12903351E-01   0.74497531E-02   0.99988723E+00   0.00000000E+00
  5.   12.  -0.14391818E-01   0.38562761E-02   0.99988723E+00   0.00000000E+00
  5.   13.  -0.14899506E-01   0.00000000E+00   0.99988723E+00   0.00000000E+00
  5.   14.   0.15461936E-01   0.00000000E+00   0.63473936E+00   0.00000000E+00
  5.   15.   0.14935083E-01   0.40018435E-02   0.63473936E+00   0.00000000E+00
  5.   16.   0.13390429E-01   0.77309680E-02   0.63473936E+00   0.00000000E+00
  5.   17.   0.10933240E-01   0.10933240E-01   0.63473936E+00   0.00000000E+00
  5.   18.   0.77309680E-02   0.13390429E-01   0.63473936E+00   0.00000000E+00
  5.   19.   0.40018435E-02   0.14935083E-01   0.63473936E+00   0.00000000E+00
  5.   20.   0.20345575E-10   0.15461936E-01   0.63473936E+00   0.00000000E+00
  5.   21.  -0.40018435E-02   0.14935083E-01   0.63473936E+00   0.00000000E+00
  5.   22.  -0.77309680E-02   0.13390429E-01   0.63473936E+00   0.00000000E+00
  5.   23.  -0.10933240E-01   0.10933240E-01   0.63473936E+00   0.00000000E+00
  5.   24.  -0.13390429E-01   0.77309682E-02   0.63473936E+00   0.00000000E+00
  5.   25.  -0.14935083E-01   0.40018437E-02   0.63473936E+00   0.00000000E+00
  5.   26.  -0.15461936E-01   0.00000000E+00   0.63473936E+00   0.00000000E+00
  5.   27.   0.17541576E-01   0.00000000E+00   0.21906735E+00   0.00000000E+00
  5.   28.   0.16943861E-01   0.45400939E-02   0.21906735E+00   0.00000000E+00
  5.   29.   0.15191450E-01   0.87707879E-02   0.21906734E+00   0.00000000E+00
  5.   30.   0.12403767E-01   0.12403767E-01   0.21906734E+00   0.00000000E+00
  5.   31.   0.87707878E-02   0.15191450E-01   0.21906734E+00   0.00000000E+00
  5.   32.   0.45400939E-02   0.16943861E-01   0.21906734E+00   0.00000000E+00
  5.   33.   0.26006848E-10   0.17541576E-01   0.21906735E+00   0.00000000E+00
  5.   34.  -0.45400938E-02   0.16943861E-01   0.21906735E+00   0.00000000E+00
  5.   35.  -0.87707878E-02   0.15191450E-01   0.21906735E+00   0.00000000E+00
  5.   36.  -0.12403767E-01   0.12403767E-01   0.21906735E+00   0.00000000E+00
  5.   37.  -0.15191450E-01   0.87707880E-02   0.21906735E+00   0.00000000E+00
  5.   38.  -0.16943861E-01   0.45400941E-02   0.21906735E+00   0.00000000E+00
  5.   39.  -0.17541576E-01   0.00000000E+00   0.21906735E+00   0.00000000E+00
  5.   40.   0.17741883E-01   0.00000000E+00  -0.22613698E+00   0.00000000E+00
  5.   41.   0.17137343E-01   0.45919373E-02  -0.22613698E+00   0.00000000E+00
  5.   42.   0.15364922E-01   0.88709417E-02  -0.22613698E+00   0.00000000E+00
  5.   43.   0.12545406E-01   0.12545406E-01  -0.22613698E+00   0.00000000E+00
  5.   44.   0.88709416E-02   0.15364922E-01  -0.22613698E+00   0.00000000E+00
  5.   45.   0.45919373E-02   0.17137343E-01  -0.22613698E+00   0.00000000E+00
  5.   46.   0.23755853E-10   0.17741883E-01  -0.22613698E+00   0.00000000E+00
  5.   47.  -0.45919372E-02   0.17137343E-01  -0.22613698E+00   0.00000000E+00
  5.   48.  -0.88709416E-02   0.15364922E-01  -0.22613698E+00   0.00000000E+00
  5.   49.  -0.12545406E-01   0.12545406E-01  -0.22613698E+00   0.00000000E+00
  5.   50.  -0.15364922E-01   0.88709418E-02  -0.22613698E+00   0.00000000E+00
  5.   51.  -0.17137343E-01   0.45919375E-02  -0.22613698E+00   0.00000000E+00
  5.   52.  -0.17741883E-01   0.00000000E+00  -0.22613698E+00   0.00000000E+00
  5.   53.   0.16677076E-01   0.00000000E+00  -0.65719580E+00   0.00000000E+00
  5.   54.   0.16108818E-01   0.43163449E-02  -0.65719580E+00   0.00000000E+00
  5.   55.   0.14442771E-01   0.83385381E-02  -0.65719580E+00   0.00000000E+00
  5.   56.   0.11792474E-01   0.11792474E-01  -0.65719580E+00   0.00000000E+00
  5.   57.   0.83385380E-02   0.14442772E-01  -0.65719580E+00   0.00000000E+00
  5.   58.   0.43163449E-02   0.16108819E-01  -0.65719580E+00   0.00000000E+00
  5.   59.   0.16241601E-10   0.16677076E-01  -0.65719580E+00   0.00000000E+00
  5.   60.  -0.43163448E-02   0.16108819E-01  -0.65719580E+00   0.00000000E+00
  5.   61.  -0.83385380E-02   0.14442772E-01  -0.65719580E+00   0.00000000E+00
  5.   62.  -0.11792474E-01   0.11792474E-01  -0.65719580E+00   0.00000000E+00
  5.   63.  -0.14442772E-01   0.83385382E-02  -0.65719580E+00   0.00000000E+00
  5.   64.  -0.16108819E-01   0.43163451E-02  -0.65719580E+00   0.00000000E+00
  5.   65.  -0.16677076E-01   0.00000000E+00  -0.65719580E+00   0.00000000E+00
  5.   66.  -0.16677076E-01   0.00000000E+00  -0.65719580E+00   0.00000000E+00
  5.   67.  -0.16108819E-01  -0.43163449E-02  -0.65719580E+00   0.00000000E+00
  5.   68.  -0.14442772E-01  -0.83385381E-02  -0.65719580E+00   0.00000000E+00
  5.   69.  -0.11792474E-01  -0.11792474E-01  -0.65719580E+00   0.00000000E+00
  5.   70.  -0.83385381E-02  -0.14442772E-01  -0.65719580E+00   0.00000000E+00
  5.   71.  -0.43163450E-02  -0.16108819E-01  -0.65719580E+00   0.00000000E+00
  5.   72.  -0.17464241E-09  -0.16677076E-01  -0.65719580E+00   0.00000000E+00
  5.   73.   0.43163447E-02  -0.16108819E-01  -0.65719580E+00   0.00000000E+00
  5.   74.   0.83385378E-02  -0.14442772E-01  -0.65719580E+00   0.00000000E+00
  5.   75.   0.11792473E-01  -0.11792474E-01  -0.65719580E+00   0.00000000E+00
  5.   76.   0.14442771E-01  -0.83385382E-02  -0.65719580E+00   0.00000000E+00
  5.   77.   0.16108818E-01  -0.43163451E-02  -0.65719580E+00   0.00000000E+00
  5.   78.   0.16677076E-01   0.00000000E+00  -0.65719580E+00   0.00000000E+00
  6.    1.   0.15071393E-02   0.00000000E+00  -0.95097433E-02   0.00000000E+00
  6.    2.   0.13162314E-02  -0.79466148E-03  -0.67244038E-02   0.00000000E+00
  6.    3.   0.78365101E-03  -0.13573233E-02   0.32078082E-09   0.00000000E+00
  6.    4.   0.30081413E-04  -0.15372205E-02   0.67244045E-02   0.00000000E+00
  6.    5.  -0.75356953E-03  -0.13052208E-02   0.95097439E-02   0.00000000E+00
  6.    6.  -0.13463126E-02  -0.74255908E-03   0.67244046E-02   0.00000000E+00
  6.    7.  -0.15673018E-02  -0.15266131E-10   0.47634671E-09   0.00000000E+00
  6.    8.  -0.13463127E-02   0.74255905E-03  -0.67244037E-02   0.00000000E+00
  6.    9.  -0.75356957E-03   0.13052208E-02  -0.95097433E-02   0.00000000E+00
  6.   10.   0.30081366E-04   0.15372205E-02  -0.67244041E-02   0.00000000E+00
  6.   11.   0.78365096E-03   0.13573233E-02  -0.11693146E-09   0.00000000E+00
  6.   12.   0.13162314E-02   0.79466151E-03   0.67244041E-02   0.00000000E+00
  6.   13.   0.15071392E-02   0.00000000E+00   0.95097437E-02   0.00000000E+00
  6.   14.   0.53016062E-02   0.00000000E+00  -0.87154623E-01   0.00000000E+00
  6.   15.   0.46837640E-02  -0.29957875E-02  -0.61627625E-01   0.00000000E+00
  6.   16.   0.29033493E-02  -0.50287484E-02   0.28175356E-09   0.00000000E+00
  6.   17.   0.25254624E-03  -0.55541523E-02   0.61627625E-01   0.00000000E+00
  6.   18.  -0.26508030E-02  -0.45913256E-02   0.87154624E-01   0.00000000E+00
  6.   19.  -0.49363100E-02  -0.25583648E-02   0.61627626E-01   0.00000000E+00
  6.   20.  -0.58066984E-02  -0.55392206E-10   0.17313419E-08   0.00000000E+00
  6.   21.  -0.49363101E-02   0.25583647E-02  -0.61627623E-01   0.00000000E+00
  6.   22.  -0.26508031E-02   0.45913256E-02  -0.87154623E-01   0.00000000E+00
  6.   23.   0.25254611E-03   0.55541523E-02  -0.61627627E-01   0.00000000E+00
  6.   24.   0.29033492E-02   0.50287484E-02  -0.29075278E-08   0.00000000E+00
  6.   25.   0.46837639E-02   0.29957876E-02   0.61627623E-01   0.00000000E+00
  6.   26.   0.53016062E-02   0.00000000E+00   0.87154623E-01   0.00000000E+00
  6.   27.   0.10419396E-01   0.00000000E+00  -0.28424503E+00   0.00000000E+00
  6.   28.   0.93449287E-02  -0.64094295E-02  -0.20099159E+00   0.00000000E+00
  6.   29.   0.60879624E-02  -0.10544660E-01   0.22999647E-09   0.00000000E+00
  6.   30.   0.87826451E-03  -0.11297660E-01   0.20099159E+00   0.00000000E+00
  6.   31.  -0.52096978E-02  -0.90234616E-02   0.28424503E+00   0.00000000E+00
  6.   32.  -0.10223193E-01  -0.48882309E-02   0.20099159E+00   0.00000000E+00
  6.   33.  -0.12175925E-01  -0.10319076E-09   0.49025364E-08   0.00000000E+00
  6.   34.  -0.10223193E-01   0.48882307E-02  -0.20099158E+00   0.00000000E+00
  6.   35.  -0.52096981E-02   0.90234615E-02  -0.28424503E+00   0.00000000E+00
  6.   36.   0.87826425E-03   0.11297660E-01  -0.20099159E+00   0.00000000E+00
  6.   37.   0.60879622E-02   0.10544660E-01  -0.94752933E-08   0.00000000E+00
  6.   38.   0.93449286E-02   0.64094297E-02   0.20099158E+00   0.00000000E+00
  6.   39.   0.10419396E-01   0.00000000E+00   0.28424503E+00   0.00000000E+00
  6.   40.   0.14487089E-01   0.00000000E+00  -0.59896123E+00   0.00000000E+00
  6.   41.   0.13355121E-01  -0.10262527E-01  -0.42352955E+00   0.00000000E+00
  6.   42.   0.94535931E-02  -0.16374104E-01   0.25540490E-09   0.00000000E+00
  6.   43.   0.22100489E-02  -0.16697137E-01   0.42352955E+00   0.00000000E+00
  6.   44.  -0.72435441E-02  -0.12546187E-01   0.59896124E+00   0.00000000E+00
  6.   45.  -0.15565169E-01  -0.64346103E-02   0.42352955E+00   0.00000000E+00
  6.   46.  -0.18907186E-01  -0.13218901E-09   0.99308632E-08   0.00000000E+00
  6.   47.  -0.15565170E-01   0.64346101E-02  -0.42352954E+00   0.00000000E+00
  6.   48.  -0.72435445E-02   0.12546187E-01  -0.59896123E+00   0.00000000E+00
  6.   49.   0.22100486E-02   0.16697137E-01  -0.42352956E+00   0.00000000E+00
  6.   50.   0.94535929E-02   0.16374104E-01  -0.19768782E-07   0.00000000E+00
  6.   51.   0.13355121E-01   0.10262527E-01   0.42352954E+00   0.00000000E+00
  6.   52.   0.14487089E-01   0.00000000E+00   0.59896123E+00   0.00000000E+00
  6.   53.   0.17637782E-01   0.00000000E+00  -0.99992952E+00   0.00000000E+00
  6.   54.   0.16576219E-01  -0.13675973E-01  -0.70705695E+00   0.00000000E+00
  6.   55.   0.12374522E-01  -0.21433301E-01   0.36495230E-09   0.00000000E+00
  6.   56.   0.35556311E-02  -0.21193413E-01   0.70705694E+00   0.00000000E+00
  6.   57.  -0.88188908E-02  -0.15274767E-01   0.99992952E+00   0.00000000E+00
  6.   58.  -0.20131849E-01  -0.75174398E-02   0.70705695E+00   0.00000000E+00
  6.   59.  -0.24749044E-01  -0.15261546E-09   0.16336848E-07   0.00000000E+00
  6.   60.  -0.20131850E-01   0.75174395E-02  -0.70705693E+00   0.00000000E+00
  6.   61.  -0.88188914E-02   0.15274767E-01  -0.99992952E+00   0.00000000E+00
  6.   62.   0.35556306E-02   0.21193413E-01  -0.70705696E+00   0.00000000E+00
  6.   63.   0.12374522E-01   0.21433301E-01  -0.32825855E-07   0.00000000E+00
  6.   64.   0.16576218E-01   0.13675974E-01   0.70705692E+00   0.00000000E+00
  6.   65.   0.17637782E-01   0.00000000E+00   0.99992952E+00   0.00000000E+00
  6.   66.  -0.17637782E-01   0.00000000E+00  -0.99992952E+00   0.00000000E+00
  6.   67.  -0.16576218E-01   0.13675973E-01  -0.70705695E+00   0.00000000E+00
  6.   68.  -0.12374522E-01   0.21433301E-01   0.36495324E-09   0.00000000E+00
  6.   69.  -0.35556310E-02   0.21193413E-01   0.70705694E+00   0.00000000E+00
  6.   70.   0.88188910E-02   0.15274767E-01   0.99992952E+00   0.00000000E+00
  6.   71.   0.20131849E-01   0.75174398E-02   0.70705695E+00   0.00000000E+00
  6.   72.   0.24749044E-01   0.15291046E-09   0.16336837E-07   0.00000000E+00
  6.   73.   0.20131850E-01  -0.75174395E-02  -0.70705693E+00   0.00000000E+00
  6.   74.   0.88188915E-02  -0.15274767E-01  -0.99992952E+00   0.00000000E+00
  6.   75.  -0.35556305E-02  -0.21193413E-01  -0.70705696E+00   0.00000000E+00
  6.   76.  -0.12374522E-01  -0.21433301E-01  -0.32825854E-07   0.00000000E+00
  6.   77.  -0.16576218E-01  -0.13675974E-01   0.70705692E+00   0.00000000E+00
  6.   78.  -0.17637782E-01   0.00000000E+00   0.99992952E+00   0.00000000E+00
  7.    1.  -0.13448454E-01   0.00000000E+00   0.77353977E+00   0.00000000E+00
  7.    2.  -0.15052552E-01   0.59865736E-02   0.74718204E+00   0.00000000E+00
  7.    3.  -0.19435028E-01   0.10369050E-01   0.66990509E+00   0.00000000E+00
  7.    4.  -0.25421601E-01   0.11973147E-01   0.54697522E+00   0.00000000E+00
  7.    5.  -0.31408175E-01   0.10369050E-01   0.38676989E+00   0.00000000E+00
  7.    6.  -0.35790651E-01   0.59865737E-02   0.20020683E+00   0.00000000E+00
  7.    7.  -0.37394748E-01   0.12843323E-09   0.46295728E-08   0.00000000E+00
  7.    8.  -0.35790651E-01  -0.59865734E-02  -0.20020682E+00   0.00000000E+00
  7.    9.  -0.31408175E-01  -0.10369050E-01  -0.38676988E+00   0.00000000E+00
  7.   10.  -0.25421601E-01  -0.11973147E-01  -0.54697521E+00   0.00000000E+00
  7.   11.  -0.19435028E-01  -0.10369050E-01  -0.66990509E+00   0.00000000E+00
  7.   12.  -0.15052552E-01  -0.59865738E-02  -0.74718204E+00   0.00000000E+00
  7.   13.  -0.13448454E-01   0.00000000E+00  -0.77353977E+00   0.00000000E+00
  7.   14.   0.29050365E-03   0.00000000E+00   0.99969209E+00   0.00000000E+00
  7.   15.  -0.12153741E-02   0.56200123E-02   0.96562841E+00   0.00000000E+00
  7.   16.  -0.53295086E-02   0.97341468E-02   0.86575874E+00   0.00000000E+00
  7.   17.  -0.10949521E-01   0.11240025E-01   0.70688906E+00   0.00000000E+00
  7.   18.  -0.16569533E-01   0.97341468E-02   0.49984605E+00   0.00000000E+00
  7.   19.  -0.20683668E-01   0.56200123E-02   0.25873935E+00   0.00000000E+00
  7.   20.  -0.22189545E-01   0.11952694E-09   0.57504477E-08   0.00000000E+00
  7.   21.  -0.20683668E-01  -0.56200121E-02  -0.25873934E+00   0.00000000E+00
  7.   22.  -0.16569533E-01  -0.97341467E-02  -0.49984604E+00   0.00000000E+00
  7.   23.  -0.10949521E-01  -0.11240025E-01  -0.70688905E+00   0.00000000E+00
  7.   24.  -0.53295088E-02  -0.97341469E-02  -0.86575874E+00   0.00000000E+00
  7.   25.  -0.12153742E-02  -0.56200125E-02  -0.96562840E+00   0.00000000E+00
  7.   26.   0.29050363E-03   0.00000000E+00  -0.99969209E+00   0.00000000E+00
  7.   27.   0.22852786E-01   0.00000000E+00   0.70013829E+00   0.00000000E+00
  7.   28.   0.20652881E-01   0.82101573E-02   0.67628165E+00   0.00000000E+00
  7.   29.   0.14642629E-01   0.14220409E-01   0.60633754E+00   0.00000000E+00
  7.   30.   0.64324720E-02   0.16420314E-01   0.49507253E+00   0.00000000E+00
  7.   31.  -0.17776852E-02   0.14220410E-01   0.35006914E+00   0.00000000E+00
  7.   32.  -0.77879375E-02   0.82101573E-02   0.18120912E+00   0.00000000E+00
  7.   33.  -0.99878426E-02   0.17436252E-09   0.41185634E-08   0.00000000E+00
  7.   34.  -0.77879377E-02  -0.82101570E-02  -0.18120912E+00   0.00000000E+00
  7.   35.  -0.17776856E-02  -0.14220409E-01  -0.35006914E+00   0.00000000E+00
  7.   36.   0.64324716E-02  -0.16420314E-01  -0.49507252E+00   0.00000000E+00
  7.   37.   0.14642629E-01  -0.14220410E-01  -0.60633754E+00   0.00000000E+00
  7.   38.   0.20652881E-01  -0.82101575E-02  -0.67628165E+00   0.00000000E+00
  7.   39.   0.22852786E-01   0.00000000E+00  -0.70013829E+00   0.00000000E+00
  7.   40.   0.34769383E-01   0.00000000E+00  -0.50621097E-01   0.00000000E+00
  7.   41.   0.32476284E-01   0.85579594E-02  -0.48896225E-01   0.00000000E+00
  7.   42.   0.26211423E-01   0.14822821E-01  -0.43839156E-01   0.00000000E+00
  7.   43.   0.17653464E-01   0.17115919E-01  -0.35794521E-01   0.00000000E+00
  7.   44.   0.90955045E-02   0.14822821E-01  -0.25310549E-01   0.00000000E+00
  7.   45.   0.28306434E-02   0.85579595E-02  -0.13101704E-01   0.00000000E+00
  7.   46.   0.53754503E-03   0.17999504E-09   0.14216035E-09   0.00000000E+00
  7.   47.   0.28306432E-02  -0.85579592E-02   0.13101704E-01   0.00000000E+00
  7.   48.   0.90955042E-02  -0.14822820E-01   0.25310548E-01   0.00000000E+00
  7.   49.   0.17653464E-01  -0.17115919E-01   0.35794520E-01   0.00000000E+00
  7.   50.   0.26211423E-01  -0.14822821E-01   0.43839155E-01   0.00000000E+00
  7.   51.   0.32476284E-01  -0.85579597E-02   0.48896225E-01   0.00000000E+00
  7.   52.   0.34769383E-01   0.00000000E+00   0.50621097E-01   0.00000000E+00
  7.   53.   0.34908618E-01   0.00000000E+00  -0.93590958E+00   0.00000000E+00
  7.   54.   0.33076864E-01   0.68361977E-02  -0.90401923E+00   0.00000000E+00
  7.   55.   0.28072420E-01   0.11840642E-01  -0.81052147E+00   0.00000000E+00
  7.   56.   0.21236222E-01   0.13672395E-01  -0.66178801E+00   0.00000000E+00
  7.   57.   0.14400025E-01   0.11840642E-01  -0.46795479E+00   0.00000000E+00
  7.   58.   0.93955806E-02   0.68361978E-02  -0.24223123E+00   0.00000000E+00
  7.   59.   0.75638269E-02   0.14002475E-09  -0.44648771E-08   0.00000000E+00
  7.   60.   0.93955804E-02  -0.68361975E-02   0.24223122E+00   0.00000000E+00
  7.   61.   0.14400024E-01  -0.11840642E-01   0.46795478E+00   0.00000000E+00
  7.   62.   0.21236222E-01  -0.13672395E-01   0.66178800E+00   0.00000000E+00
  7.   63.   0.28072420E-01  -0.11840642E-01   0.81052146E+00   0.00000000E+00
  7.   64.   0.33076864E-01  -0.68361979E-02   0.90401923E+00   0.00000000E+00
  7.   65.   0.34908618E-01   0.00000000E+00   0.93590958E+00   0.00000000E+00
  7.   66.  -0.34908618E-01   0.00000000E+00  -0.93590958E+00   0.00000000E+00
  7.   67.  -0.33076864E-01  -0.68361977E-02  -0.90401923E+00   0.00000000E+00
  7.   68.  -0.28072420E-01  -0.11840642E-01  -0.81052147E+00   0.00000000E+00
  7.   69.  -0.21236222E-01  -0.13672395E-01  -0.66178801E+00   0.00000000E+00
  7.   70.  -0.14400025E-01  -0.11840642E-01  -0.46795479E+00   0.00000000E+00
  7.   71.  -0.93955806E-02  -0.68361978E-02  -0.24223123E+00   0.00000000E+00
  7.   72.  -0.75638269E-02  -0.13966371E-09  -0.44648567E-08   0.00000000E+00
  7.   73.  -0.93955804E-02   0.68361975E-02   0.24223122E+00   0.00000000E+00
  7.   74.  -0.14400024E-01   0.11840642E-01   0.46795478E+00   0.00000000E+00
  7.   75.  -0.21236222E-01   0.13672395E-01   0.66178800E+00   0.00000000E+00
  7.   76.  -0.28072420E-01   0.11840642E-01   0.81052146E+00   0.00000000E+00
  7.   77.  -0.33076864E-01   0.68361979E-02   0.90401923E+00   0.00000000E+00
  7.   78.  -0.34908618E-01   0.00000000E+00   0.93590958E+00   0.00000000E+00
  8.    1.   0.48341895E-03   0.00000000E+00  -0.21851871E-02   0.00000000E+00
  8.    2.   0.34628644E-03  -0.35846514E-03  -0.10925933E-02   0.00000000E+00
  8.    3.   0.86114137E-05  -0.49833472E-03   0.10925944E-02   0.00000000E+00
  8.    4.  -0.34182905E-03  -0.34182891E-03   0.21851882E-02   0.00000000E+00
  8.    5.  -0.49833486E-03   0.86115513E-05   0.10925942E-02   0.00000000E+00
  8.    6.  -0.35846529E-03   0.34628658E-03  -0.10925936E-02   0.00000000E+00
  8.    7.  -0.15037415E-09   0.48341909E-03  -0.21851875E-02   0.00000000E+00
  8.    8.   0.35846500E-03   0.34628658E-03  -0.10925938E-02   0.00000000E+00
  8.    9.   0.49833459E-03   0.86115569E-05   0.10925938E-02   0.00000000E+00
  8.   10.   0.34182879E-03  -0.34182891E-03   0.21851877E-02   0.00000000E+00
  8.   11.  -0.86116652E-05  -0.49833473E-03   0.10925939E-02   0.00000000E+00
  8.   12.  -0.34628670E-03  -0.35846516E-03  -0.10925939E-02   0.00000000E+00
  8.   13.  -0.48341921E-03   0.00000000E+00  -0.21851878E-02   0.00000000E+00
  8.   14.   0.35498559E-02   0.00000000E+00  -0.43408475E-01   0.00000000E+00
  8.   15.   0.25783628E-02  -0.27647862E-02  -0.21704237E-01   0.00000000E+00
  8.   16.   0.13182105E-03  -0.37781770E-02   0.21704238E-01   0.00000000E+00
  8.   17.  -0.25101274E-02  -0.25101273E-02   0.43408476E-01   0.00000000E+00
  8.   18.  -0.37781772E-02   0.13182115E-03   0.21704239E-01   0.00000000E+00
  8.   19.  -0.27647864E-02   0.25783629E-02  -0.21704237E-01   0.00000000E+00
  8.   20.  -0.19751906E-09   0.35498561E-02  -0.43408475E-01   0.00000000E+00
  8.   21.   0.27647860E-02   0.25783630E-02  -0.21704239E-01   0.00000000E+00
  8.   22.   0.37781769E-02   0.13182125E-03   0.21704237E-01   0.00000000E+00
  8.   23.   0.25101272E-02  -0.25101272E-02   0.43408475E-01   0.00000000E+00
  8.   24.  -0.13182119E-03  -0.37781770E-02   0.21704239E-01   0.00000000E+00
  8.   25.  -0.25783630E-02  -0.27647863E-02  -0.21704236E-01   0.00000000E+00
  8.   26.  -0.35498562E-02   0.00000000E+00  -0.43408476E-01   0.00000000E+00
  8.   27.   0.98518711E-02   0.00000000E+00  -0.20731744E+00   0.00000000E+00
  8.   28.   0.74108534E-02  -0.86253284E-02  -0.10365872E+00   0.00000000E+00
  8.   29.   0.85876327E-03  -0.11339293E-01   0.10365872E+00   0.00000000E+00
  8.   30.  -0.69663250E-02  -0.69663250E-02   0.20731745E+00   0.00000000E+00
  8.   31.  -0.11339293E-01   0.85876331E-03   0.10365872E+00   0.00000000E+00
  8.   32.  -0.86253286E-02   0.74108535E-02  -0.10365872E+00   0.00000000E+00
  8.   33.  -0.32543629E-09   0.98518712E-02  -0.20731745E+00   0.00000000E+00
  8.   34.   0.86253281E-02   0.74108537E-02  -0.10365873E+00   0.00000000E+00
  8.   35.   0.11339293E-01   0.85876361E-03   0.10365872E+00   0.00000000E+00
  8.   36.   0.69663250E-02  -0.69663247E-02   0.20731745E+00   0.00000000E+00
  8.   37.  -0.85876319E-03  -0.11339293E-01   0.10365873E+00   0.00000000E+00
  8.   38.  -0.74108535E-02  -0.86253286E-02  -0.10365871E+00   0.00000000E+00
  8.   39.  -0.98518713E-02   0.00000000E+00  -0.20731744E+00   0.00000000E+00
  8.   40.   0.16054610E-01   0.00000000E+00  -0.53505083E+00   0.00000000E+00
  8.   41.   0.12799352E-01  -0.16752708E-01  -0.26752541E+00   0.00000000E+00
  8.   42.   0.27954448E-02  -0.20896463E-01   0.26752541E+00   0.00000000E+00
  8.   43.  -0.11352324E-01  -0.11352324E-01   0.53505083E+00   0.00000000E+00
  8.   44.  -0.20896463E-01   0.27954447E-02   0.26752542E+00   0.00000000E+00
  8.   45.  -0.16752709E-01   0.12799352E-01  -0.26752541E+00   0.00000000E+00
  8.   46.  -0.51187548E-09   0.16054610E-01  -0.53505083E+00   0.00000000E+00
  8.   47.   0.16752708E-01   0.12799353E-01  -0.26752543E+00   0.00000000E+00
  8.   48.   0.20896463E-01   0.27954452E-02   0.26752540E+00   0.00000000E+00
  8.   49.   0.11352324E-01  -0.11352323E-01   0.53505083E+00   0.00000000E+00
  8.   50.  -0.27954445E-02  -0.20896462E-01   0.26752543E+00   0.00000000E+00
  8.   51.  -0.12799352E-01  -0.16752709E-01  -0.26752539E+00   0.00000000E+00
  8.   52.  -0.16054610E-01   0.00000000E+00  -0.53505083E+00   0.00000000E+00
  8.   53.   0.21406681E-01   0.00000000E+00  -0.99986314E+00   0.00000000E+00
  8.   54.   0.17703490E-01  -0.24715793E-01  -0.49993157E+00   0.00000000E+00
  8.   55.   0.49584465E-02  -0.29994963E-01   0.49993157E+00   0.00000000E+00
  8.   56.  -0.15136809E-01  -0.15136810E-01   0.99986314E+00   0.00000000E+00
  8.   57.  -0.29994963E-01   0.49584465E-02   0.49993158E+00   0.00000000E+00
  8.   58.  -0.24715793E-01   0.17703490E-01  -0.49993156E+00   0.00000000E+00
  8.   59.  -0.69756992E-09   0.21406681E-01  -0.99986314E+00   0.00000000E+00
  8.   60.   0.24715792E-01   0.17703491E-01  -0.49993159E+00   0.00000000E+00
  8.   61.   0.29994963E-01   0.49584471E-02   0.49993154E+00   0.00000000E+00
  8.   62.   0.15136810E-01  -0.15136809E-01   0.99986314E+00   0.00000000E+00
  8.   63.  -0.49584461E-02  -0.29994963E-01   0.49993160E+00   0.00000000E+00
  8.   64.  -0.17703490E-01  -0.24715794E-01  -0.49993153E+00   0.00000000E+00
  8.   65.  -0.21406681E-01   0.00000000E+00  -0.99986314E+00   0.00000000E+00
  8.   66.  -0.21406681E-01   0.00000000E+00  -0.99986314E+00   0.00000000E+00
  8.   67.  -0.17703491E-01   0.24715793E-01  -0.49993157E+00   0.00000000E+00
  8.   68.  -0.49584468E-02   0.29994963E-01   0.49993157E+00   0.00000000E+00
  8.   69.   0.15136809E-01   0.15136810E-01   0.99986314E+00   0.00000000E+00
  8.   70.   0.29994963E-01  -0.49584465E-02   0.49993158E+00   0.00000000E+00
  8.   71.   0.24715793E-01  -0.17703490E-01  -0.49993156E+00   0.00000000E+00
  8.   72.   0.44328044E-09  -0.21406681E-01  -0.99986314E+00   0.00000000E+00
  8.   73.  -0.24715792E-01  -0.17703491E-01  -0.49993159E+00   0.00000000E+00
  8.   74.  -0.29994963E-01  -0.49584471E-02   0.49993154E+00   0.00000000E+00
  8.   75.  -0.15136810E-01   0.15136809E-01   0.99986314E+00   0.00000000E+00
  8.   76.   0.49584458E-02   0.29994963E-01   0.49993160E+00   0.00000000E+00
  8.   77.   0.17703490E-01   0.24715794E-01  -0.49993153E+00   0.00000000E+00
  8.   78.   0.21406681E-01   0.00000000E+00  -0.99986314E+00   0.00000000E+00
  9.    1.  -0.14662035E-03   0.00000000E+00   0.50444168E-03   0.00000000E+00
  9.    2.  -0.74723827E-04   0.13225276E-03   0.13055904E-03   0.00000000E+00
  9.    3.   0.71896520E-04   0.12942546E-03  -0.43685949E-03   0.00000000E+00
  9.    4.   0.14944765E-03  -0.28273062E-05  -0.35669429E-03   0.00000000E+00
  9.    5.   0.77551128E-04  -0.12942547E-03   0.25222081E-03   0.00000000E+00
  9.    6.  -0.74723826E-04  -0.12659816E-03   0.48725326E-03   0.00000000E+00
  9.    7.  -0.15227496E-03  -0.72254741E-11  -0.77878204E-10   0.00000000E+00
  9.    8.  -0.74723830E-04   0.12659815E-03  -0.48725344E-03   0.00000000E+00
  9.    9.   0.77551127E-04   0.12942546E-03  -0.25222101E-03   0.00000000E+00
  9.   10.   0.14944765E-03   0.28273072E-05   0.35669409E-03   0.00000000E+00
  9.   11.   0.71896532E-04  -0.12942546E-03   0.43685932E-03   0.00000000E+00
  9.   12.  -0.74723814E-04  -0.13225277E-03  -0.13055920E-03   0.00000000E+00
  9.   13.  -0.14662034E-03   0.00000000E+00  -0.50444186E-03   0.00000000E+00
  9.   14.  -0.22580345E-02   0.00000000E+00   0.22088737E-01   0.00000000E+00
  9.   15.  -0.11770161E-02   0.21346494E-02   0.57169857E-02   0.00000000E+00
  9.   16.   0.10810184E-02   0.20386517E-02  -0.19129407E-01   0.00000000E+00
  9.   17.   0.23540322E-02  -0.95997696E-04  -0.15619096E-01   0.00000000E+00
  9.   18.   0.12730138E-02  -0.20386517E-02   0.11044368E-01   0.00000000E+00
  9.   19.  -0.11770161E-02  -0.19426540E-02   0.21336081E-01   0.00000000E+00
  9.   20.  -0.24500299E-02  -0.49608567E-10   0.57040720E-09   0.00000000E+00
  9.   21.  -0.11770162E-02   0.19426540E-02  -0.21336081E-01   0.00000000E+00
  9.   22.   0.12730138E-02   0.20386517E-02  -0.11044369E-01   0.00000000E+00
  9.   23.   0.23540322E-02   0.95997791E-04   0.15619095E-01   0.00000000E+00
  9.   24.   0.10810185E-02  -0.20386516E-02   0.19129408E-01   0.00000000E+00
  9.   25.  -0.11770160E-02  -0.21346495E-02  -0.57169846E-02   0.00000000E+00
  9.   26.  -0.22580345E-02   0.00000000E+00  -0.22088737E-01   0.00000000E+00
  9.   27.  -0.89280431E-02   0.00000000E+00   0.15339354E+00   0.00000000E+00
  9.   28.  -0.49667596E-02   0.96081562E-02   0.39701170E-01   0.00000000E+00
  9.   29.   0.39612834E-02   0.86026801E-02  -0.13284270E+00   0.00000000E+00
  9.   30.   0.99335193E-02  -0.10054761E-02  -0.10846562E+00   0.00000000E+00
  9.   31.   0.59722359E-02  -0.86026800E-02   0.76696770E-01   0.00000000E+00
  9.   32.  -0.49667595E-02  -0.75972039E-02   0.14816679E+00   0.00000000E+00
  9.   33.  -0.10938995E-01  -0.17740046E-09   0.40617415E-08   0.00000000E+00
  9.   34.  -0.49667600E-02   0.75972037E-02  -0.14816678E+00   0.00000000E+00
  9.   35.   0.59722356E-02   0.86026802E-02  -0.76696777E-01   0.00000000E+00
  9.   36.   0.99335193E-02   0.10054765E-02   0.10846561E+00   0.00000000E+00
  9.   37.   0.39612838E-02  -0.86026798E-02   0.13284271E+00   0.00000000E+00
  9.   38.  -0.49667593E-02  -0.96081564E-02  -0.39701162E-01   0.00000000E+00
  9.   39.  -0.89280431E-02   0.00000000E+00  -0.15339354E+00   0.00000000E+00
  9.   40.  -0.17130586E-01   0.00000000E+00   0.48239834E+00   0.00000000E+00
  9.   41.  -0.10621391E-01   0.22508984E-01   0.12485388E+00   0.00000000E+00
  9.   42.   0.65091950E-02   0.18396788E-01  -0.41776922E+00   0.00000000E+00
  9.   43.   0.21242781E-01  -0.41121954E-02  -0.34110714E+00   0.00000000E+00
  9.   44.   0.14733586E-01  -0.18396788E-01   0.24119916E+00   0.00000000E+00
  9.   45.  -0.10621390E-01  -0.14284593E-01   0.46596102E+00   0.00000000E+00
  9.   46.  -0.25354977E-01  -0.31246043E-09   0.12648188E-07   0.00000000E+00
  9.   47.  -0.10621391E-01   0.14284592E-01  -0.46596101E+00   0.00000000E+00
  9.   48.   0.14733586E-01   0.18396788E-01  -0.24119919E+00   0.00000000E+00
  9.   49.   0.21242781E-01   0.41121963E-02   0.34110712E+00   0.00000000E+00
  9.   50.   0.65091957E-02  -0.18396788E-01   0.41776923E+00   0.00000000E+00
  9.   51.  -0.10621390E-01  -0.22508984E-01  -0.12485385E+00   0.00000000E+00
  9.   52.  -0.17130586E-01   0.00000000E+00  -0.48239834E+00   0.00000000E+00
  9.   53.  -0.24902473E-01   0.00000000E+00   0.99977674E+00   0.00000000E+00
  9.   54.  -0.16451663E-01   0.36495968E-01   0.25876126E+00   0.00000000E+00
  9.   55.   0.84508104E-02   0.28495116E-01  -0.86583205E+00   0.00000000E+00
  9.   56.   0.32903326E-01  -0.80008521E-02  -0.70694892E+00   0.00000000E+00
  9.   57.   0.24452516E-01  -0.28495116E-01   0.49988836E+00   0.00000000E+00
  9.   58.  -0.16451662E-01  -0.20494264E-01   0.96571018E+00   0.00000000E+00
  9.   59.  -0.40904178E-01  -0.43275248E-09   0.26097064E-07   0.00000000E+00
  9.   60.  -0.16451664E-01   0.20494263E-01  -0.96571016E+00   0.00000000E+00
  9.   61.   0.24452514E-01   0.28495116E-01  -0.49988840E+00   0.00000000E+00
  9.   62.   0.32903326E-01   0.80008534E-02   0.70694888E+00   0.00000000E+00
  9.   63.   0.84508116E-02  -0.28495115E-01   0.86583208E+00   0.00000000E+00
  9.   64.  -0.16451662E-01  -0.36495969E-01  -0.25876121E+00   0.00000000E+00
  9.   65.  -0.24902473E-01   0.00000000E+00  -0.99977674E+00   0.00000000E+00
  9.   66.   0.24902473E-01   0.00000000E+00   0.99977674E+00   0.00000000E+00
  9.   67.   0.16451663E-01  -0.36495968E-01   0.25876126E+00   0.00000000E+00
  9.   68.  -0.84508104E-02  -0.28495116E-01  -0.86583205E+00   0.00000000E+00
  9.   69.  -0.32903326E-01   0.80008521E-02  -0.70694892E+00   0.00000000E+00
  9.   70.  -0.24452516E-01   0.28495116E-01   0.49988836E+00   0.00000000E+00
  9.   71.   0.16451662E-01   0.20494264E-01   0.96571018E+00   0.00000000E+00
  9.   72.   0.40904178E-01   0.43427508E-09   0.26097069E-07   0.00000000E+00
  9.   73.   0.16451664E-01  -0.20494263E-01  -0.96571016E+00   0.00000000E+00
  9.   74.  -0.24452514E-01  -0.28495116E-01  -0.49988840E+00   0.00000000E+00
  9.   75.  -0.32903326E-01  -0.80008534E-02   0.70694888E+00   0.00000000E+00
  9.   76.  -0.84508116E-02   0.28495115E-01   0.86583208E+00   0.00000000E+00
  9.   77.   0.16451662E-01   0.36495969E-01  -0.25876121E+00   0.00000000E+00
  9.   78.   0.24902473E-01   0.00000000E+00  -0.99977674E+00   0.00000000E+00
 10.    1.  -0.20734404E-01   0.00000000E+00   0.30903125E+00   0.00000000E+00
 10.    2.  -0.21397079E-01   0.10476318E-01   0.26762891E+00   0.00000000E+00
 10.    3.  -0.22537895E-01   0.18302376E-01   0.15451562E+00   0.00000000E+00
 10.    4.  -0.22142791E-01   0.22142791E-01   0.18619876E-08   0.00000000E+00
 10.    5.  -0.18302376E-01   0.22537895E-01  -0.15451562E+00   0.00000000E+00
 10.    6.  -0.10476318E-01   0.21397079E-01  -0.26762891E+00   0.00000000E+00
 10.    7.  -0.25425032E-09   0.20734404E-01  -0.30903125E+00   0.00000000E+00
 10.    8.   0.10476318E-01   0.21397079E-01  -0.26762891E+00   0.00000000E+00
 10.    9.   0.18302375E-01   0.22537895E-01  -0.15451563E+00   0.00000000E+00
 10.   10.   0.22142791E-01   0.22142791E-01  -0.48336482E-08   0.00000000E+00
 10.   11.   0.22537895E-01   0.18302376E-01   0.15451562E+00   0.00000000E+00
 10.   12.   0.21397079E-01   0.10476318E-01   0.26762891E+00   0.00000000E+00
 10.   13.   0.20734404E-01   0.00000000E+00   0.30903125E+00   0.00000000E+00
 10.   14.  -0.17301946E-01   0.00000000E+00   0.86327763E+00   0.00000000E+00
 10.   15.  -0.19428354E-01   0.14614162E-01   0.74762036E+00   0.00000000E+00
 10.   16.  -0.24071694E-01   0.24391450E-01   0.43163882E+00   0.00000000E+00
 10.   17.  -0.27074588E-01   0.27074588E-01   0.46375570E-08   0.00000000E+00
 10.   18.  -0.24391450E-01   0.24071694E-01  -0.43163881E+00   0.00000000E+00
 10.   19.  -0.14614162E-01   0.19428354E-01  -0.74762036E+00   0.00000000E+00
 10.   20.  -0.34288061E-09   0.17301946E-01  -0.86327763E+00   0.00000000E+00
 10.   21.   0.14614162E-01   0.19428354E-01  -0.74762036E+00   0.00000000E+00
 10.   22.   0.24391450E-01   0.24071694E-01  -0.43163883E+00   0.00000000E+00
 10.   23.   0.27074588E-01   0.27074588E-01  -0.13673655E-07   0.00000000E+00
 10.   24.   0.24071694E-01   0.24391450E-01   0.43163880E+00   0.00000000E+00
 10.   25.   0.19428354E-01   0.14614163E-01   0.74762035E+00   0.00000000E+00
 10.   26.   0.17301946E-01   0.00000000E+00   0.86327763E+00   0.00000000E+00
 10.   27.   0.15186257E-01   0.00000000E+00   0.92078302E+00   0.00000000E+00
 10.   28.   0.93062567E-02   0.16082785E-01   0.79742149E+00   0.00000000E+00
 10.   29.  -0.47917288E-02   0.23485775E-01   0.46039151E+00   0.00000000E+00
 10.   30.  -0.18563166E-01   0.18563166E-01   0.48411115E-08   0.00000000E+00
 10.   31.  -0.23485775E-01   0.47917290E-02  -0.46039151E+00   0.00000000E+00
 10.   32.  -0.16082785E-01  -0.93062566E-02  -0.79742149E+00   0.00000000E+00
 10.   33.  -0.38428129E-09  -0.15186257E-01  -0.92078302E+00   0.00000000E+00
 10.   34.   0.16082784E-01  -0.93062570E-02  -0.79742150E+00   0.00000000E+00
 10.   35.   0.23485775E-01   0.47917283E-02  -0.46039152E+00   0.00000000E+00
 10.   36.   0.18563166E-01   0.18563166E-01  -0.14589912E-07   0.00000000E+00
 10.   37.   0.47917294E-02   0.23485775E-01   0.46039150E+00   0.00000000E+00
 10.   38.  -0.93062562E-02   0.16082785E-01   0.79742148E+00   0.00000000E+00
 10.   39.  -0.15186257E-01   0.00000000E+00   0.92078302E+00   0.00000000E+00
 10.   40.   0.42686242E-01   0.00000000E+00   0.14916389E+00   0.00000000E+00
 10.   41.   0.35303769E-01   0.11075490E-01   0.12917972E+00   0.00000000E+00
 10.   42.   0.17131980E-01   0.13012782E-01   0.74581945E-01   0.00000000E+00
 10.   43.  -0.22073243E-02   0.22073247E-02   0.72969050E-09   0.00000000E+00
 10.   44.  -0.13012782E-01  -0.17131980E-01  -0.74581944E-01   0.00000000E+00
 10.   45.  -0.11075490E-01  -0.35303769E-01  -0.12917972E+00   0.00000000E+00
 10.   46.  -0.28264905E-09  -0.42686242E-01  -0.14916389E+00   0.00000000E+00
 10.   47.   0.11075490E-01  -0.35303769E-01  -0.12917972E+00   0.00000000E+00
 10.   48.   0.13012782E-01  -0.17131981E-01  -0.74581947E-01   0.00000000E+00
 10.   49.   0.22073250E-02   0.22073240E-02  -0.24231178E-08   0.00000000E+00
 10.   50.  -0.17131979E-01   0.13012781E-01   0.74581942E-01   0.00000000E+00
 10.   51.  -0.35303768E-01   0.11075490E-01   0.12917972E+00   0.00000000E+00
 10.   52.  -0.42686242E-01   0.00000000E+00   0.14916389E+00   0.00000000E+00
 10.   53.   0.46217979E-01   0.00000000E+00  -0.99728263E+00   0.00000000E+00
 10.   54.   0.40727644E-01   0.26507360E-02  -0.86367209E+00   0.00000000E+00
 10.   55.   0.26924440E-01  -0.41651849E-03  -0.49864132E+00   0.00000000E+00
 10.   56.   0.11286380E-01  -0.11286379E-01  -0.53756141E-08   0.00000000E+00
 10.   57.   0.41651856E-03  -0.26924440E-01   0.49864131E+00   0.00000000E+00
 10.   58.  -0.26507360E-02  -0.40727644E-01   0.86367209E+00   0.00000000E+00
 10.   59.  -0.99079585E-10  -0.46217979E-01   0.99728263E+00   0.00000000E+00
 10.   60.   0.26507360E-02  -0.40727644E-01   0.86367210E+00   0.00000000E+00
 10.   61.  -0.41651832E-03  -0.26924440E-01   0.49864133E+00   0.00000000E+00
 10.   62.  -0.11286379E-01  -0.11286380E-01   0.15610324E-07   0.00000000E+00
 10.   63.  -0.26924439E-01  -0.41651877E-03  -0.49864130E+00   0.00000000E+00
 10.   64.  -0.40727644E-01   0.26507360E-02  -0.86367208E+00   0.00000000E+00
 10.   65.  -0.46217979E-01   0.00000000E+00  -0.99728263E+00   0.00000000E+00
 10.   66.  -0.46217979E-01   0.00000000E+00  -0.99728263E+00   0.00000000E+00
 10.   67.  -0.40727644E-01  -0.26507360E-02  -0.86367209E+00   0.00000000E+00
 10.   68.  -0.26924440E-01   0.41651849E-03  -0.49864132E+00   0.00000000E+00
 10.   69.  -0.11286380E-01   0.11286379E-01  -0.53755848E-08   0.00000000E+00
 10.   70.  -0.41651861E-03   0.26924440E-01   0.49864131E+00   0.00000000E+00
 10.   71.   0.26507360E-02   0.40727644E-01   0.86367209E+00   0.00000000E+00
 10.   72.   0.46569577E-10   0.46217979E-01   0.99728263E+00   0.00000000E+00
 10.   73.  -0.26507360E-02   0.40727644E-01   0.86367210E+00   0.00000000E+00
 10.   74.   0.41651827E-03   0.26924440E-01   0.49864133E+00   0.00000000E+00
 10.   75.   0.11286379E-01   0.11286380E-01   0.15610355E-07   0.00000000E+00
 10.   76.   0.26924439E-01   0.41651877E-03  -0.49864130E+00   0.00000000E+00
 10.   77.   0.40727644E-01  -0.26507360E-02  -0.86367208E+00   0.00000000E+00
 10.   78.   0.46217979E-01   0.00000000E+00  -0.99728263E+00   0.00000000E+00
 11.    1.   0.37935936E-01   0.00000000E+00   0.99971296E+00   0.00000000E+00
 11.    2.   0.36643300E-01   0.98185426E-02   0.99971296E+00   0.00000000E+00
 11.    3.   0.32853484E-01   0.18967968E-01   0.99971296E+00   0.00000000E+00
 11.    4.   0.26824757E-01   0.26824757E-01   0.99971296E+00   0.00000000E+00
 11.    5.   0.18967968E-01   0.32853484E-01   0.99971296E+00   0.00000000E+00
 11.    6.   0.98185427E-02   0.36643300E-01   0.99971296E+00   0.00000000E+00
 11.    7.   0.21922647E-09   0.37935936E-01   0.99971296E+00   0.00000000E+00
 11.    8.  -0.98185423E-02   0.36643300E-01   0.99971296E+00   0.00000000E+00
 11.    9.  -0.18967968E-01   0.32853484E-01   0.99971296E+00   0.00000000E+00
 11.   10.  -0.26824757E-01   0.26824758E-01   0.99971296E+00   0.00000000E+00
 11.   11.  -0.32853484E-01   0.18967968E-01   0.99971296E+00   0.00000000E+00
 11.   12.  -0.36643300E-01   0.98185430E-02   0.99971296E+00   0.00000000E+00
 11.   13.  -0.37935936E-01   0.00000000E+00   0.99971296E+00   0.00000000E+00
 11.   14.   0.30283061E-01   0.00000000E+00   0.13341841E+00   0.00000000E+00
 11.   15.   0.29251190E-01   0.78378328E-02   0.13341841E+00   0.00000000E+00
 11.   16.   0.26225900E-01   0.15141530E-01   0.13341841E+00   0.00000000E+00
 11.   17.   0.21413358E-01   0.21413357E-01   0.13341841E+00   0.00000000E+00
 11.   18.   0.15141530E-01   0.26225900E-01   0.13341841E+00   0.00000000E+00
 11.   19.   0.78378329E-02   0.29251190E-01   0.13341841E+00   0.00000000E+00
 11.   20.   0.17165038E-09   0.30283061E-01   0.13341841E+00   0.00000000E+00
 11.   21.  -0.78378326E-02   0.29251190E-01   0.13341841E+00   0.00000000E+00
 11.   22.  -0.15141530E-01   0.26225900E-01   0.13341841E+00   0.00000000E+00
 11.   23.  -0.21413357E-01   0.21413358E-01   0.13341841E+00   0.00000000E+00
 11.   24.  -0.26225900E-01   0.15141531E-01   0.13341841E+00   0.00000000E+00
 11.   25.  -0.29251190E-01   0.78378331E-02   0.13341841E+00   0.00000000E+00
 11.   26.  -0.30283061E-01   0.00000000E+00   0.13341841E+00   0.00000000E+00
 11.   27.   0.51308284E-02   0.00000000E+00  -0.34250602E+00   0.00000000E+00
 11.   28.   0.49559996E-02   0.13279561E-02  -0.34250602E+00   0.00000000E+00
 11.   29.   0.44434277E-02   0.25654142E-02  -0.34250602E+00   0.00000000E+00
 11.   30.   0.36280435E-02   0.36280435E-02  -0.34250602E+00   0.00000000E+00
 11.   31.   0.25654142E-02   0.44434277E-02  -0.34250602E+00   0.00000000E+00
 11.   32.   0.13279561E-02   0.49559996E-02  -0.34250602E+00   0.00000000E+00
 11.   33.   0.37241059E-10   0.51308283E-02  -0.34250602E+00   0.00000000E+00
 11.   34.  -0.13279560E-02   0.49559996E-02  -0.34250602E+00   0.00000000E+00
 11.   35.  -0.25654141E-02   0.44434277E-02  -0.34250602E+00   0.00000000E+00
 11.   36.  -0.36280435E-02   0.36280435E-02  -0.34250602E+00   0.00000000E+00
 11.   37.  -0.44434277E-02   0.25654142E-02  -0.34250602E+00   0.00000000E+00
 11.   38.  -0.49559996E-02   0.13279561E-02  -0.34250602E+00   0.00000000E+00
 11.   39.  -0.51308283E-02   0.00000000E+00  -0.34250602E+00   0.00000000E+00
 11.   40.  -0.19378126E-01   0.00000000E+00  -0.13035379E+00   0.00000000E+00
 11.   41.  -0.18717832E-01  -0.50154281E-02  -0.13035379E+00   0.00000000E+00
 11.   42.  -0.16781949E-01  -0.96890630E-02  -0.13035379E+00   0.00000000E+00
 11.   43.  -0.13702404E-01  -0.13702404E-01  -0.13035379E+00   0.00000000E+00
 11.   44.  -0.96890630E-02  -0.16781949E-01  -0.13035379E+00   0.00000000E+00
 11.   45.  -0.50154281E-02  -0.18717832E-01  -0.13035379E+00   0.00000000E+00
 11.   46.  -0.92408968E-10  -0.19378126E-01  -0.13035379E+00   0.00000000E+00
 11.   47.   0.50154279E-02  -0.18717832E-01  -0.13035379E+00   0.00000000E+00
 11.   48.   0.96890629E-02  -0.16781949E-01  -0.13035379E+00   0.00000000E+00
 11.   49.   0.13702404E-01  -0.13702404E-01  -0.13035379E+00   0.00000000E+00
 11.   50.   0.16781949E-01  -0.96890632E-02  -0.13035379E+00   0.00000000E+00
 11.   51.   0.18717832E-01  -0.50154283E-02  -0.13035379E+00   0.00000000E+00
 11.   52.   0.19378126E-01   0.00000000E+00  -0.13035379E+00   0.00000000E+00
 11.   53.  -0.23817431E-01   0.00000000E+00   0.44573276E+00   0.00000000E+00
 11.   54.  -0.23005872E-01  -0.61644048E-02   0.44573276E+00   0.00000000E+00
 11.   55.  -0.20626500E-01  -0.11908716E-01   0.44573276E+00   0.00000000E+00
 11.   56.  -0.16841467E-01  -0.16841467E-01   0.44573276E+00   0.00000000E+00
 11.   57.  -0.11908716E-01  -0.20626500E-01   0.44573276E+00   0.00000000E+00
 11.   58.  -0.61644049E-02  -0.23005872E-01   0.44573276E+00   0.00000000E+00
 11.   59.  -0.11599666E-09  -0.23817431E-01   0.44573276E+00   0.00000000E+00
 11.   60.   0.61644046E-02  -0.23005872E-01   0.44573276E+00   0.00000000E+00
 11.   61.   0.11908715E-01  -0.20626501E-01   0.44573276E+00   0.00000000E+00
 11.   62.   0.16841467E-01  -0.16841467E-01   0.44573276E+00   0.00000000E+00
 11.   63.   0.20626500E-01  -0.11908716E-01   0.44573276E+00   0.00000000E+00
 11.   64.   0.23005872E-01  -0.61644050E-02   0.44573276E+00   0.00000000E+00
 11.   65.   0.23817431E-01   0.00000000E+00   0.44573276E+00   0.00000000E+00
 11.   66.   0.23817431E-01   0.00000000E+00   0.44573276E+00   0.00000000E+00
 11.   67.   0.23005872E-01   0.61644048E-02   0.44573276E+00   0.00000000E+00
 11.   68.   0.20626500E-01   0.11908716E-01   0.44573276E+00   0.00000000E+00
 11.   69.   0.16841467E-01   0.16841467E-01   0.44573276E+00   0.00000000E+00
 11.   70.   0.11908716E-01   0.20626500E-01   0.44573276E+00   0.00000000E+00
 11.   71.   0.61644049E-02   0.23005872E-01   0.44573276E+00   0.00000000E+00
 11.   72.   0.13508908E-09   0.23817431E-01   0.44573276E+00   0.00000000E+00
 11.   73.  -0.61644046E-02   0.23005872E-01   0.44573276E+00   0.00000000E+00
 11.   74.  -0.11908715E-01   0.20626501E-01   0.44573276E+00   0.00000000E+00
 11.   75.  -0.16841467E-01   0.16841467E-01   0.44573276E+00   0.00000000E+00
 11.   76.  -0.20626500E-01   0.11908716E-01   0.44573276E+00   0.00000000E+00
 11.   77.  -0.23005872E-01   0.61644050E-02   0.44573276E+00   0.00000000E+00
 11.   78.  -0.23817431E-01   0.00000000E+00   0.44573276E+00   0.00000000E+00
 12.    1.   0.42718426E-04   0.00000000E+00  -0.11635606E-03   0.00000000E+00
 12.    2.   0.11440043E-04  -0.42694817E-04   0.10666593E-09   0.00000000E+00
 12.    3.  -0.36995240E-04  -0.21359212E-04   0.11635628E-03   0.00000000E+00
 12.    4.  -0.31254775E-04   0.31254776E-04   0.14639860E-09   0.00000000E+00
 12.    5.   0.21359211E-04   0.36995243E-04  -0.11635599E-03   0.00000000E+00
 12.    6.   0.42694814E-04  -0.11440038E-04   0.18144633E-09   0.00000000E+00
 12.    7.  -0.54758030E-11  -0.42718421E-04   0.11635634E-03   0.00000000E+00
 12.    8.  -0.42694826E-04  -0.11440040E-04   0.18612861E-09   0.00000000E+00
 12.    9.  -0.21359226E-04   0.36995243E-04  -0.11635599E-03   0.00000000E+00
 12.   10.   0.31254760E-04   0.31254778E-04   0.14295197E-09   0.00000000E+00
 12.   11.   0.36995227E-04  -0.21359209E-04   0.11635629E-03   0.00000000E+00
 12.   12.  -0.11440054E-04  -0.42694817E-04   0.13161095E-09   0.00000000E+00
 12.   13.  -0.42718440E-04   0.00000000E+00  -0.11635604E-03   0.00000000E+00
 12.   14.   0.13845736E-02   0.00000000E+00  -0.11311882E-01   0.00000000E+00
 12.   15.   0.38938038E-03  -0.14531874E-02  -0.71019670E-10   0.00000000E+00
 12.   16.  -0.11990759E-02  -0.69228682E-03   0.11311882E-01   0.00000000E+00
 12.   17.  -0.10638070E-02   0.10638070E-02   0.18363415E-09   0.00000000E+00
 12.   18.   0.69228680E-03   0.11990760E-02  -0.11311882E-01   0.00000000E+00
 12.   19.   0.14531874E-02  -0.38938036E-03  -0.72247913E-10   0.00000000E+00
 12.   20.   0.32137069E-10  -0.13845736E-02   0.11311882E-01   0.00000000E+00
 12.   21.  -0.14531874E-02  -0.38938043E-03   0.60600127E-09   0.00000000E+00
 12.   22.  -0.69228689E-03   0.11990759E-02  -0.11311882E-01   0.00000000E+00
 12.   23.   0.10638069E-02   0.10638070E-02  -0.56011515E-09   0.00000000E+00
 12.   24.   0.11990760E-02  -0.69228675E-03   0.11311882E-01   0.00000000E+00
 12.   25.  -0.38938032E-03  -0.14531874E-02   0.67215866E-09   0.00000000E+00
 12.   26.  -0.13845736E-02   0.00000000E+00  -0.11311882E-01   0.00000000E+00
 12.   27.   0.78662416E-02   0.00000000E+00  -0.11414647E+00   0.00000000E+00
 12.   28.   0.25262572E-02  -0.94281203E-02  -0.98797505E-10   0.00000000E+00
 12.   29.  -0.68123651E-02  -0.39331208E-02   0.11414647E+00   0.00000000E+00
 12.   30.  -0.69018632E-02   0.69018630E-02   0.16740575E-08   0.00000000E+00
 12.   31.   0.39331207E-02   0.68123652E-02  -0.11414647E+00   0.00000000E+00
 12.   32.   0.94281204E-02  -0.25262571E-02  -0.17980126E-08   0.00000000E+00
 12.   33.   0.25812653E-09  -0.78662416E-02   0.11414647E+00   0.00000000E+00
 12.   34.  -0.94281203E-02  -0.25262575E-02   0.53231548E-08   0.00000000E+00
 12.   35.  -0.39331212E-02   0.68123649E-02  -0.11414647E+00   0.00000000E+00
 12.   36.   0.69018629E-02   0.69018633E-02  -0.55583838E-08   0.00000000E+00
 12.   37.   0.68123654E-02  -0.39331204E-02   0.11414647E+00   0.00000000E+00
 12.   38.  -0.25262569E-02  -0.94281204E-02   0.70968942E-08   0.00000000E+00
 12.   39.  -0.78662416E-02   0.00000000E+00  -0.11414647E+00   0.00000000E+00
 12.   40.   0.17883296E-01   0.00000000E+00  -0.43736000E+00   0.00000000E+00
 12.   41.   0.71346494E-02  -0.26626874E-01   0.48976241E-10   0.00000000E+00
 12.   42.  -0.15487388E-01  -0.89416479E-02   0.43736000E+00   0.00000000E+00
 12.   43.  -0.19492225E-01   0.19492225E-01   0.66158390E-08   0.00000000E+00
 12.   44.   0.89416476E-02   0.15487389E-01  -0.43736000E+00   0.00000000E+00
 12.   45.   0.26626874E-01  -0.71346493E-02  -0.70738683E-08   0.00000000E+00
 12.   46.   0.77013972E-09  -0.17883296E-01   0.43736000E+00   0.00000000E+00
 12.   47.  -0.26626874E-01  -0.71346501E-02   0.20434694E-07   0.00000000E+00
 12.   48.  -0.89416489E-02   0.15487388E-01  -0.43736000E+00   0.00000000E+00
 12.   49.   0.19492224E-01   0.19492225E-01  -0.20850073E-07   0.00000000E+00
 12.   50.   0.15487389E-01  -0.89416466E-02   0.43736000E+00   0.00000000E+00
 12.   51.  -0.71346487E-02  -0.26626874E-01   0.27410950E-07   0.00000000E+00
 12.   52.  -0.17883296E-01   0.00000000E+00  -0.43736000E+00   0.00000000E+00
 12.   53.   0.28229261E-01   0.00000000E+00  -0.99967073E+00   0.00000000E+00
 12.   54.   0.12653148E-01  -0.47222191E-01   0.20293147E-09   0.00000000E+00
 12.   55.  -0.24447258E-01  -0.14114631E-01   0.99967073E+00   0.00000000E+00
 12.   56.  -0.34569043E-01   0.34569043E-01   0.15244242E-07   0.00000000E+00
 12.   57.   0.14114630E-01   0.24447258E-01  -0.99967073E+00   0.00000000E+00
 12.   58.   0.47222191E-01  -0.12653148E-01  -0.16179992E-07   0.00000000E+00
 12.   59.   0.13913479E-08  -0.28229261E-01   0.99967073E+00   0.00000000E+00
 12.   60.  -0.47222190E-01  -0.12653149E-01   0.46805215E-07   0.00000000E+00
 12.   61.  -0.14114633E-01   0.24447257E-01  -0.99967073E+00   0.00000000E+00
 12.   62.   0.34569042E-01   0.34569043E-01  -0.47384212E-07   0.00000000E+00
 12.   63.   0.24447259E-01  -0.14114628E-01   0.99967073E+00   0.00000000E+00
 12.   64.  -0.12653147E-01  -0.47222191E-01   0.62599198E-07   0.00000000E+00
 12.   65.  -0.28229261E-01   0.00000000E+00  -0.99967073E+00   0.00000000E+00
 12.   66.  -0.28229261E-01   0.00000000E+00  -0.99967073E+00   0.00000000E+00
 12.   67.  -0.12653148E-01   0.47222191E-01   0.20294146E-09   0.00000000E+00
 12.   68.   0.24447258E-01   0.14114631E-01   0.99967073E+00   0.00000000E+00
 12.   69.   0.34569043E-01  -0.34569043E-01   0.15244227E-07   0.00000000E+00
 12.   70.  -0.14114630E-01  -0.24447258E-01  -0.99967073E+00   0.00000000E+00
 12.   71.  -0.47222191E-01   0.12653148E-01  -0.16179983E-07   0.00000000E+00
 12.   72.  -0.14051643E-08   0.28229261E-01   0.99967073E+00   0.00000000E+00
 12.   73.   0.47222190E-01   0.12653149E-01   0.46805186E-07   0.00000000E+00
 12.   74.   0.14114633E-01  -0.24447257E-01  -0.99967073E+00   0.00000000E+00
 12.   75.  -0.34569042E-01  -0.34569043E-01  -0.47384166E-07   0.00000000E+00
 12.   76.  -0.24447259E-01   0.14114628E-01   0.99967073E+00   0.00000000E+00
 12.   77.   0.12653147E-01   0.47222191E-01   0.62599210E-07   0.00000000E+00
 12.   78.   0.28229261E-01   0.00000000E+00  -0.99967073E+00   0.00000000E+00
 13.    1.   0.12252969E-01   0.00000000E+00  -0.10190332E+00   0.00000000E+00
 13.    2.   0.11334762E-01  -0.88261762E-02  -0.72056531E-01   0.00000000E+00
 13.    3.   0.81027959E-02  -0.14034454E-01  -0.86832111E-09   0.00000000E+00
 13.    4.   0.19763117E-02  -0.14229280E-01   0.72056529E-01   0.00000000E+00
 13.    5.  -0.61264842E-02  -0.10611382E-01   0.10190332E+00   0.00000000E+00
 13.    6.  -0.13311074E-01  -0.54031042E-02   0.72056531E-01   0.00000000E+00
 13.    7.  -0.16205592E-01  -0.10557745E-09   0.16534046E-08   0.00000000E+00
 13.    8.  -0.13311074E-01   0.54031039E-02  -0.72056528E-01   0.00000000E+00
 13.    9.  -0.61264846E-02   0.10611382E-01  -0.10190332E+00   0.00000000E+00
 13.   10.   0.19763114E-02   0.14229280E-01  -0.72056531E-01   0.00000000E+00
 13.   11.   0.81027957E-02   0.14034454E-01  -0.22377993E-08   0.00000000E+00
 13.   12.   0.11334762E-01   0.88261765E-02   0.72056529E-01   0.00000000E+00
 13.   13.   0.12252969E-01   0.00000000E+00   0.10190332E+00   0.00000000E+00
 13.   14.   0.25041127E-01   0.00000000E+00  -0.60929210E+00   0.00000000E+00
 13.   15.   0.24514811E-01  -0.23076887E-01  -0.43083458E+00   0.00000000E+00
 13.   16.   0.20248329E-01  -0.35071135E-01  -0.82593386E-09   0.00000000E+00
 13.   17.   0.77277654E-02  -0.32768893E-01   0.43083457E+00   0.00000000E+00
 13.   18.  -0.12520563E-01  -0.21686253E-01   0.60929210E+00   0.00000000E+00
 13.   19.  -0.32242576E-01  -0.96920054E-02   0.43083458E+00   0.00000000E+00
 13.   20.  -0.40496658E-01  -0.17918917E-09   0.96272170E-08   0.00000000E+00
 13.   21.  -0.32242577E-01   0.96920049E-02  -0.43083457E+00   0.00000000E+00
 13.   22.  -0.12520564E-01   0.21686252E-01  -0.60929210E+00   0.00000000E+00
 13.   23.   0.77277647E-02   0.32768892E-01  -0.43083459E+00   0.00000000E+00
 13.   24.   0.20248329E-01   0.35071135E-01  -0.18298361E-07   0.00000000E+00
 13.   25.   0.24514811E-01   0.23076888E-01   0.43083456E+00   0.00000000E+00
 13.   26.   0.25041127E-01   0.00000000E+00   0.60929210E+00   0.00000000E+00
 13.   27.  -0.30989424E-02   0.00000000E+00  -0.97859987E+00   0.00000000E+00
 13.   28.   0.55355544E-02  -0.29125439E-01  -0.69197460E+00   0.00000000E+00
 13.   29.   0.20906121E-01  -0.36210464E-01  -0.51666251E-09   0.00000000E+00
 13.   30.   0.22455593E-01  -0.19356650E-01   0.69197460E+00   0.00000000E+00
 13.   31.   0.15494715E-02   0.26837627E-02   0.97859987E+00   0.00000000E+00
 13.   32.  -0.27991147E-01   0.97687886E-02   0.69197461E+00   0.00000000E+00
 13.   33.  -0.41812243E-01   0.27048911E-09   0.15381330E-07   0.00000000E+00
 13.   34.  -0.27991148E-01  -0.97687884E-02  -0.69197459E+00   0.00000000E+00
 13.   35.   0.15494703E-02  -0.26837634E-02  -0.97859987E+00   0.00000000E+00
 13.   36.   0.22455592E-01   0.19356649E-01  -0.69197462E+00   0.00000000E+00
 13.   37.   0.20906122E-01   0.36210464E-01  -0.30245643E-07   0.00000000E+00
 13.   38.   0.55355550E-02   0.29125439E-01   0.69197458E+00   0.00000000E+00
 13.   39.  -0.30989424E-02   0.00000000E+00   0.97859987E+00   0.00000000E+00
 13.   40.  -0.46064098E-01   0.00000000E+00  -0.32043820E+00   0.00000000E+00
 13.   41.  -0.29619301E-01  -0.15308719E-01  -0.22658403E+00   0.00000000E+00
 13.   42.   0.50353411E-02  -0.87214666E-02  -0.20866832E-10   0.00000000E+00
 13.   43.   0.28067390E-01   0.17996708E-01   0.22658403E+00   0.00000000E+00
 13.   44.   0.23032049E-01   0.39892679E-01   0.32043820E+00   0.00000000E+00
 13.   45.   0.15519114E-02   0.33305427E-01   0.22658403E+00   0.00000000E+00
 13.   46.  -0.10070682E-01   0.77877112E-09   0.49920211E-08   0.00000000E+00
 13.   47.   0.15519106E-02  -0.33305426E-01  -0.22658402E+00   0.00000000E+00
 13.   48.   0.23032049E-01  -0.39892679E-01  -0.32043820E+00   0.00000000E+00
 13.   49.   0.28067390E-01  -0.17996709E-01  -0.22658403E+00   0.00000000E+00
 13.   50.   0.50353424E-02   0.87214658E-02  -0.10113142E-07   0.00000000E+00
 13.   51.  -0.29619300E-01   0.15308719E-01   0.22658402E+00   0.00000000E+00
 13.   52.  -0.46064098E-01   0.00000000E+00   0.32043820E+00   0.00000000E+00
 13.   53.  -0.54549999E-01   0.00000000E+00   0.99998024E+00   0.00000000E+00
 13.   54.  -0.41612012E-01   0.62647750E-02   0.70709281E+00   0.00000000E+00
 13.   55.  -0.11894448E-01   0.20601788E-01   0.40559830E-09   0.00000000E+00
 13.   56.   0.15380552E-01   0.39169447E-01  -0.70709281E+00   0.00000000E+00
 13.   57.   0.27274999E-01   0.47241685E-01  -0.99998024E+00   0.00000000E+00
 13.   58.   0.26231460E-01   0.32904672E-01  -0.70709282E+00   0.00000000E+00
 13.   59.   0.23788895E-01   0.73546245E-09  -0.15820109E-07   0.00000000E+00
 13.   60.   0.26231460E-01  -0.32904671E-01   0.70709279E+00   0.00000000E+00
 13.   61.   0.27275000E-01  -0.47241685E-01   0.99998024E+00   0.00000000E+00
 13.   62.   0.15380552E-01  -0.39169448E-01   0.70709283E+00   0.00000000E+00
 13.   63.  -0.11894446E-01  -0.20601788E-01   0.30821671E-07   0.00000000E+00
 13.   64.  -0.41612011E-01  -0.62647753E-02  -0.70709279E+00   0.00000000E+00
 13.   65.  -0.54549999E-01   0.00000000E+00  -0.99998024E+00   0.00000000E+00
 13.   66.   0.54549999E-01   0.00000000E+00   0.99998024E+00   0.00000000E+00
 13.   67.   0.41612012E-01  -0.62647750E-02   0.70709281E+00   0.00000000E+00
 13.   68.   0.11894448E-01  -0.20601788E-01   0.40568025E-09   0.00000000E+00
 13.   69.  -0.15380552E-01  -0.39169447E-01  -0.70709281E+00   0.00000000E+00
 13.   70.  -0.27274999E-01  -0.47241685E-01  -0.99998024E+00   0.00000000E+00
 13.   71.  -0.26231460E-01  -0.32904672E-01  -0.70709282E+00   0.00000000E+00
 13.   72.  -0.23788895E-01  -0.73739975E-09  -0.15820046E-07   0.00000000E+00
 13.   73.  -0.26231460E-01   0.32904671E-01   0.70709279E+00   0.00000000E+00
 13.   74.  -0.27275000E-01   0.47241685E-01   0.99998024E+00   0.00000000E+00
 13.   75.  -0.15380552E-01   0.39169448E-01   0.70709283E+00   0.00000000E+00
 13.   76.   0.11894446E-01   0.20601788E-01   0.30821717E-07   0.00000000E+00
 13.   77.   0.41612011E-01   0.62647753E-02  -0.70709279E+00   0.00000000E+00
 13.   78.   0.54549999E-01   0.00000000E+00  -0.99998024E+00   0.00000000E+00
 14.    1.   0.15380225E-01   0.00000000E+00   0.99953586E+00   0.00000000E+00
 14.    2.   0.11224640E-01   0.15508855E-01   0.96547750E+00   0.00000000E+00
 14.    3.  -0.12863061E-03   0.26862126E-01   0.86562345E+00   0.00000000E+00
 14.    4.  -0.15637486E-01   0.31017711E-01   0.70677859E+00   0.00000000E+00
 14.    5.  -0.31146341E-01   0.26862126E-01   0.49976793E+00   0.00000000E+00
 14.    6.  -0.42499612E-01   0.15508856E-01   0.25869892E+00   0.00000000E+00
 14.    7.  -0.46655197E-01   0.32874986E-09   0.54138108E-08   0.00000000E+00
 14.    8.  -0.42499612E-01  -0.15508855E-01  -0.25869891E+00   0.00000000E+00
 14.    9.  -0.31146342E-01  -0.26862125E-01  -0.49976792E+00   0.00000000E+00
 14.   10.  -0.15637487E-01  -0.31017711E-01  -0.70677858E+00   0.00000000E+00
 14.   11.  -0.12863119E-03  -0.26862126E-01  -0.86562344E+00   0.00000000E+00
 14.   12.   0.11224639E-01  -0.15508856E-01  -0.96547750E+00   0.00000000E+00
 14.   13.   0.15380225E-01   0.00000000E+00  -0.99953586E+00   0.00000000E+00
 14.   14.   0.32937441E-01   0.00000000E+00   0.45098424E+00   0.00000000E+00
 14.   15.   0.30061535E-01   0.10733026E-01   0.43561732E+00   0.00000000E+00
 14.   16.   0.22204415E-01   0.18590146E-01   0.39056381E+00   0.00000000E+00
 14.   17.   0.11471389E-01   0.21466052E-01   0.31889401E+00   0.00000000E+00
 14.   18.   0.73836272E-03   0.18590146E-01   0.22549212E+00   0.00000000E+00
 14.   19.  -0.71187577E-02   0.10733026E-01   0.11672331E+00   0.00000000E+00
 14.   20.  -0.99946634E-02   0.22884001E-09   0.24173881E-08   0.00000000E+00
 14.   21.  -0.71187579E-02  -0.10733026E-01  -0.11672331E+00   0.00000000E+00
 14.   22.   0.73836232E-03  -0.18590146E-01  -0.22549212E+00   0.00000000E+00
 14.   23.   0.11471388E-01  -0.21466052E-01  -0.31889401E+00   0.00000000E+00
 14.   24.   0.22204414E-01  -0.18590147E-01  -0.39056380E+00   0.00000000E+00
 14.   25.   0.30061535E-01  -0.10733026E-01  -0.43561732E+00   0.00000000E+00
 14.   26.   0.32937441E-01   0.00000000E+00  -0.45098424E+00   0.00000000E+00
 14.   27.   0.18376531E-01   0.00000000E+00  -0.30811020E+00   0.00000000E+00
 14.   28.   0.17439334E-01   0.34976673E-02  -0.29761160E+00   0.00000000E+00
 14.   29.   0.14878864E-01   0.60581375E-02  -0.26683126E+00   0.00000000E+00
 14.   30.   0.11381197E-01   0.69953347E-02  -0.21786681E+00   0.00000000E+00
 14.   31.   0.78835293E-02   0.60581376E-02  -0.15405510E+00   0.00000000E+00
 14.   32.   0.53230591E-02   0.34976674E-02  -0.79744787E-01   0.00000000E+00
 14.   33.   0.43858619E-02   0.75271927E-10  -0.16394983E-08   0.00000000E+00
 14.   34.   0.53230590E-02  -0.34976673E-02   0.79744784E-01   0.00000000E+00
 14.   35.   0.78835292E-02  -0.60581375E-02   0.15405510E+00   0.00000000E+00
 14.   36.   0.11381197E-01  -0.69953347E-02   0.21786681E+00   0.00000000E+00
 14.   37.   0.14878864E-01  -0.60581376E-02   0.26683126E+00   0.00000000E+00
 14.   38.   0.17439334E-01  -0.34976675E-02   0.29761160E+00   0.00000000E+00
 14.   39.   0.18376531E-01   0.00000000E+00   0.30811020E+00   0.00000000E+00
 14.   40.  -0.22193567E-01   0.00000000E+00  -0.23941763E+00   0.00000000E+00
 14.   41.  -0.20538886E-01  -0.61753528E-02  -0.23125967E+00   0.00000000E+00
 14.   42.  -0.16018214E-01  -0.10696025E-01  -0.20734175E+00   0.00000000E+00
 14.   43.  -0.98428617E-02  -0.12350706E-01  -0.16929383E+00   0.00000000E+00
 14.   44.  -0.36675089E-02  -0.10696025E-01  -0.11970881E+00   0.00000000E+00
 14.   45.   0.85316312E-03  -0.61753528E-02  -0.61965842E-01   0.00000000E+00
 14.   46.   0.25078439E-02  -0.13071638E-09  -0.12752492E-08   0.00000000E+00
 14.   47.   0.85316325E-03   0.61753526E-02   0.61965840E-01   0.00000000E+00
 14.   48.  -0.36675087E-02   0.10696025E-01   0.11970881E+00   0.00000000E+00
 14.   49.  -0.98428614E-02   0.12350706E-01   0.16929383E+00   0.00000000E+00
 14.   50.  -0.16018214E-01   0.10696025E-01   0.20734175E+00   0.00000000E+00
 14.   51.  -0.20538886E-01   0.61753530E-02   0.23125967E+00   0.00000000E+00
 14.   52.  -0.22193567E-01   0.00000000E+00   0.23941763E+00   0.00000000E+00
 14.   53.  -0.32517219E-01   0.00000000E+00   0.51652152E+00   0.00000000E+00
 14.   54.  -0.30610904E-01  -0.71144646E-02   0.49892147E+00   0.00000000E+00
 14.   55.  -0.25402755E-01  -0.12322614E-01   0.44732075E+00   0.00000000E+00
 14.   56.  -0.18288290E-01  -0.14228929E-01   0.36523587E+00   0.00000000E+00
 14.   57.  -0.11173825E-01  -0.12322614E-01   0.25826076E+00   0.00000000E+00
 14.   58.  -0.59656759E-02  -0.71144647E-02   0.13368561E+00   0.00000000E+00
 14.   59.  -0.40593607E-02  -0.15127692E-09   0.27664352E-08   0.00000000E+00
 14.   60.  -0.59656757E-02   0.71144645E-02  -0.13368560E+00   0.00000000E+00
 14.   61.  -0.11173825E-01   0.12322614E-01  -0.25826075E+00   0.00000000E+00
 14.   62.  -0.18288290E-01   0.14228929E-01  -0.36523586E+00   0.00000000E+00
 14.   63.  -0.25402755E-01   0.12322614E-01  -0.44732075E+00   0.00000000E+00
 14.   64.  -0.30610904E-01   0.71144649E-02  -0.49892147E+00   0.00000000E+00
 14.   65.  -0.32517219E-01   0.00000000E+00  -0.51652152E+00   0.00000000E+00
 14.   66.   0.32517219E-01   0.00000000E+00   0.51652152E+00   0.00000000E+00
 14.   67.   0.30610904E-01   0.71144646E-02   0.49892147E+00   0.00000000E+00
 14.   68.   0.25402755E-01   0.12322614E-01   0.44732075E+00   0.00000000E+00
 14.   69.   0.18288290E-01   0.14228929E-01   0.36523587E+00   0.00000000E+00
 14.   70.   0.11173825E-01   0.12322614E-01   0.25826076E+00   0.00000000E+00
 14.   71.   0.59656758E-02   0.71144647E-02   0.13368561E+00   0.00000000E+00
 14.   72.   0.40593607E-02   0.15476149E-09   0.27664044E-08   0.00000000E+00
 14.   73.   0.59656757E-02  -0.71144645E-02  -0.13368560E+00   0.00000000E+00
 14.   74.   0.11173825E-01  -0.12322614E-01  -0.25826075E+00   0.00000000E+00
 14.   75.   0.18288290E-01  -0.14228929E-01  -0.36523586E+00   0.00000000E+00
 14.   76.   0.25402754E-01  -0.12322614E-01  -0.44732075E+00   0.00000000E+00
 14.   77.   0.30610904E-01  -0.71144649E-02  -0.49892147E+00   0.00000000E+00
 14.   78.   0.32517219E-01   0.00000000E+00  -0.51652152E+00   0.00000000E+00
 15.    1.  -0.12065112E-04   0.00000000E+00   0.26757110E-04   0.00000000E+00
 15.    2.  -0.92607779E-07   0.12410779E-04  -0.69257005E-05   0.00000000E+00
 15.    3.   0.12157759E-04  -0.16043586E-06  -0.23172967E-04   0.00000000E+00
 15.    4.   0.18526020E-06  -0.12250378E-04   0.18920152E-04   0.00000000E+00
 15.    5.  -0.12342960E-04   0.16040806E-06   0.13378569E-04   0.00000000E+00
 15.    6.  -0.92593685E-07   0.12089930E-04  -0.25845831E-04   0.00000000E+00
 15.    7.   0.12435631E-04  -0.48719380E-11  -0.40553949E-11   0.00000000E+00
 15.    8.  -0.92593519E-07  -0.12089939E-04   0.25845827E-04   0.00000000E+00
 15.    9.  -0.12342962E-04  -0.16041628E-06  -0.13378570E-04   0.00000000E+00
 15.   10.   0.18525623E-06   0.12250373E-04  -0.18920160E-04   0.00000000E+00
 15.   11.   0.12157755E-04   0.16043256E-06   0.23172940E-04   0.00000000E+00
 15.   12.  -0.92610255E-07  -0.12410780E-04   0.69256613E-05   0.00000000E+00
 15.   13.  -0.12065116E-04   0.00000000E+00  -0.26757155E-04   0.00000000E+00
 15.   14.  -0.82576629E-03   0.00000000E+00   0.57959977E-02   0.00000000E+00
 15.   15.  -0.18187370E-04   0.89364249E-03  -0.15001148E-02   0.00000000E+00
 15.   16.   0.84395367E-03  -0.31501459E-04  -0.50194815E-02   0.00000000E+00
 15.   17.   0.36374766E-04  -0.86214105E-03   0.40983892E-02   0.00000000E+00
 15.   18.  -0.88032840E-03   0.31501432E-04   0.28979990E-02   0.00000000E+00
 15.   19.  -0.18187374E-04   0.83063958E-03  -0.55985040E-02   0.00000000E+00
 15.   20.   0.89851580E-03   0.21193136E-10  -0.22153793E-09   0.00000000E+00
 15.   21.  -0.18187316E-04  -0.83063959E-03   0.55985041E-02   0.00000000E+00
 15.   22.  -0.88032841E-03  -0.31501488E-04  -0.28979986E-02   0.00000000E+00
 15.   23.   0.36374711E-04   0.86214105E-03  -0.40983895E-02   0.00000000E+00
 15.   24.   0.84395367E-03   0.31501515E-04   0.50194813E-02   0.00000000E+00
 15.   25.  -0.18187322E-04  -0.89364249E-03   0.15001151E-02   0.00000000E+00
 15.   26.  -0.82576629E-03   0.00000000E+00  -0.57959978E-02   0.00000000E+00
 15.   27.  -0.67837580E-02   0.00000000E+00   0.85120761E-01   0.00000000E+00
 15.   28.  -0.42513456E-03   0.83703818E-02  -0.22030874E-01   0.00000000E+00
 15.   29.   0.72088926E-02  -0.73635465E-03  -0.73716741E-01   0.00000000E+00
 15.   30.   0.85026925E-03  -0.76340272E-02   0.60189466E-01   0.00000000E+00
 15.   31.  -0.80591617E-02   0.73635455E-03   0.42560382E-01   0.00000000E+00
 15.   32.  -0.42513469E-03   0.68976725E-02  -0.82220340E-01   0.00000000E+00
 15.   33.   0.84842963E-02   0.20270743E-09  -0.31149951E-08   0.00000000E+00
 15.   34.  -0.42513415E-03  -0.68976724E-02   0.82220342E-01   0.00000000E+00
 15.   35.  -0.80591617E-02  -0.73635500E-03  -0.42560376E-01   0.00000000E+00
 15.   36.   0.85026877E-03   0.76340271E-02  -0.60189470E-01   0.00000000E+00
 15.   37.   0.72088926E-02   0.73635516E-03   0.73716738E-01   0.00000000E+00
 15.   38.  -0.42513414E-03  -0.83703818E-02   0.22030880E-01   0.00000000E+00
 15.   39.  -0.67837580E-02   0.00000000E+00  -0.85120761E-01   0.00000000E+00
 15.   40.  -0.18397021E-01   0.00000000E+00   0.39797211E+00   0.00000000E+00
 15.   41.  -0.27107528E-02   0.28513689E-01  -0.10300276E+00   0.00000000E+00
 15.   42.   0.21107774E-01  -0.46951615E-02  -0.34465396E+00   0.00000000E+00
 15.   43.   0.54215060E-02  -0.23818527E-01   0.28140877E+00   0.00000000E+00
 15.   44.  -0.26529280E-01   0.46951613E-02   0.19898606E+00   0.00000000E+00
 15.   45.  -0.27107533E-02   0.19123366E-01  -0.38441154E+00   0.00000000E+00
 15.   46.   0.29240033E-01   0.52325034E-09  -0.14610310E-07   0.00000000E+00
 15.   47.  -0.27107514E-02  -0.19123365E-01   0.38441154E+00   0.00000000E+00
 15.   48.  -0.26529280E-01  -0.46951625E-02  -0.19898603E+00   0.00000000E+00
 15.   49.   0.54215045E-02   0.23818527E-01  -0.28140879E+00   0.00000000E+00
 15.   50.   0.21107775E-01   0.46951632E-02   0.34465394E+00   0.00000000E+00
 15.   51.  -0.27107517E-02  -0.28513688E-01   0.10300279E+00   0.00000000E+00
 15.   52.  -0.18397021E-01   0.00000000E+00  -0.39797211E+00   0.00000000E+00
 15.   53.  -0.31438877E-01   0.00000000E+00   0.99954544E+00   0.00000000E+00
 15.   54.  -0.63423857E-02   0.55108983E-01  -0.25870140E+00   0.00000000E+00
 15.   55.   0.37781263E-01  -0.10985334E-01  -0.86563175E+00   0.00000000E+00
 15.   56.   0.12684772E-01  -0.44123649E-01   0.70678535E+00   0.00000000E+00
 15.   57.  -0.50466034E-01   0.10985334E-01   0.49977274E+00   0.00000000E+00
 15.   58.  -0.63423866E-02   0.33138314E-01  -0.96548675E+00   0.00000000E+00
 15.   59.   0.56808420E-01   0.85950450E-09  -0.36686220E-07   0.00000000E+00
 15.   60.  -0.63423829E-02  -0.33138314E-01   0.96548677E+00   0.00000000E+00
 15.   61.  -0.50466035E-01  -0.10985336E-01  -0.49977267E+00   0.00000000E+00
 15.   62.   0.12684769E-01   0.44123648E-01  -0.70678540E+00   0.00000000E+00
 15.   63.   0.37781264E-01   0.10985337E-01   0.86563171E+00   0.00000000E+00
 15.   64.  -0.63423838E-02  -0.55108982E-01   0.25870147E+00   0.00000000E+00
 15.   65.  -0.31438877E-01   0.00000000E+00  -0.99954544E+00   0.00000000E+00
 15.   66.   0.31438877E-01   0.00000000E+00   0.99954544E+00   0.00000000E+00
 15.   67.   0.63423857E-02  -0.55108983E-01  -0.25870140E+00   0.00000000E+00
 15.   68.  -0.37781263E-01   0.10985334E-01  -0.86563175E+00   0.00000000E+00
 15.   69.  -0.12684772E-01   0.44123649E-01   0.70678535E+00   0.00000000E+00
 15.   70.   0.50466034E-01  -0.10985334E-01   0.49977274E+00   0.00000000E+00
 15.   71.   0.63423866E-02  -0.33138314E-01  -0.96548675E+00   0.00000000E+00
 15.   72.  -0.56808420E-01  -0.85246528E-09  -0.36686221E-07   0.00000000E+00
 15.   73.   0.63423829E-02   0.33138314E-01   0.96548677E+00   0.00000000E+00
 15.   74.   0.50466035E-01   0.10985336E-01  -0.49977267E+00   0.00000000E+00
 15.   75.  -0.12684769E-01  -0.44123648E-01  -0.70678540E+00   0.00000000E+00
 15.   76.  -0.37781264E-01  -0.10985337E-01   0.86563171E+00   0.00000000E+00
 15.   77.   0.63423838E-02   0.55108982E-01   0.25870147E+00   0.00000000E+00
 15.   78.   0.31438877E-01   0.00000000E+00  -0.99954544E+00   0.00000000E+00
 16.    1.  -0.54434533E-02   0.00000000E+00   0.30385650E-01   0.00000000E+00
 16.    2.  -0.41403466E-02   0.49360394E-02   0.15192825E-01   0.00000000E+00
 16.    3.  -0.56263983E-03   0.64179741E-02  -0.15192825E-01   0.00000000E+00
 16.    4.   0.38491027E-02   0.38491028E-02  -0.30385650E-01   0.00000000E+00
 16.    5.   0.64179740E-02  -0.56263977E-03  -0.15192825E-01   0.00000000E+00
 16.    6.   0.49360394E-02  -0.41403465E-02   0.15192824E-01   0.00000000E+00
 16.    7.   0.11191096E-09  -0.54434533E-02   0.30385650E-01   0.00000000E+00
 16.    8.  -0.49360393E-02  -0.41403466E-02   0.15192825E-01   0.00000000E+00
 16.    9.  -0.64179741E-02  -0.56263995E-03  -0.15192824E-01   0.00000000E+00
 16.   10.  -0.38491029E-02   0.38491026E-02  -0.30385650E-01   0.00000000E+00
 16.   11.   0.56263966E-03   0.64179740E-02  -0.15192826E-01   0.00000000E+00
 16.   12.   0.41403465E-02   0.49360395E-02   0.15192824E-01   0.00000000E+00
 16.   13.   0.54434533E-02   0.00000000E+00   0.30385650E-01   0.00000000E+00
 16.   14.  -0.24928274E-01   0.00000000E+00   0.40046093E+00   0.00000000E+00
 16.   15.  -0.19985292E-01   0.26428399E-01   0.20023046E+00   0.00000000E+00
 16.   16.  -0.45559645E-02   0.32819436E-01  -0.20023046E+00   0.00000000E+00
 16.   17.   0.17626951E-01   0.17626952E-01  -0.40046093E+00   0.00000000E+00
 16.   18.   0.32819436E-01  -0.45559642E-02  -0.20023047E+00   0.00000000E+00
 16.   19.   0.26428399E-01  -0.19985292E-01   0.20023046E+00   0.00000000E+00
 16.   20.   0.60941405E-09  -0.24928274E-01   0.40046093E+00   0.00000000E+00
 16.   21.  -0.26428398E-01  -0.19985292E-01   0.20023047E+00   0.00000000E+00
 16.   22.  -0.32819436E-01  -0.45559650E-02  -0.20023045E+00   0.00000000E+00
 16.   23.  -0.17626952E-01   0.17626951E-01  -0.40046093E+00   0.00000000E+00
 16.   24.   0.45559637E-02   0.32819435E-01  -0.20023048E+00   0.00000000E+00
 16.   25.   0.19985292E-01   0.26428400E-01   0.20023045E+00   0.00000000E+00
 16.   26.   0.24928274E-01   0.00000000E+00   0.40046093E+00   0.00000000E+00
 16.   27.  -0.82602987E-02   0.00000000E+00   0.95352851E+00   0.00000000E+00
 16.   28.  -0.16151935E-01   0.44322172E-01   0.47676425E+00   0.00000000E+00
 16.   29.  -0.19919365E-01   0.42761652E-01  -0.47676425E+00   0.00000000E+00
 16.   30.   0.58409129E-02   0.58409136E-02  -0.95352851E+00   0.00000000E+00
 16.   31.   0.42761651E-01  -0.19919365E-01  -0.47676426E+00   0.00000000E+00
 16.   32.   0.44322172E-01  -0.16151936E-01   0.47676424E+00   0.00000000E+00
 16.   33.   0.10882521E-08  -0.82602987E-02   0.95352851E+00   0.00000000E+00
 16.   34.  -0.44322171E-01  -0.16151935E-01   0.47676428E+00   0.00000000E+00
 16.   35.  -0.42761652E-01  -0.19919366E-01  -0.47676423E+00   0.00000000E+00
 16.   36.  -0.58409144E-02   0.58409121E-02  -0.95352851E+00   0.00000000E+00
 16.   37.   0.19919365E-01   0.42761651E-01  -0.47676429E+00   0.00000000E+00
 16.   38.   0.16151936E-01   0.44322173E-01   0.47676422E+00   0.00000000E+00
 16.   39.   0.82602987E-02   0.00000000E+00   0.95352851E+00   0.00000000E+00
 16.   40.   0.47136695E-01   0.00000000E+00   0.45237992E+00   0.00000000E+00
 16.   41.   0.18518381E-01   0.21949562E-01   0.22618996E+00   0.00000000E+00
 16.   42.  -0.28615157E-01   0.24262115E-02  -0.22618996E+00   0.00000000E+00
 16.   43.  -0.33330677E-01  -0.33330676E-01  -0.45237992E+00   0.00000000E+00
 16.   44.   0.24262111E-02  -0.28615158E-01  -0.22618996E+00   0.00000000E+00
 16.   45.   0.21949562E-01   0.18518381E-01   0.22618996E+00   0.00000000E+00
 16.   46.   0.64137631E-09   0.47136695E-01   0.45237992E+00   0.00000000E+00
 16.   47.  -0.21949562E-01   0.18518383E-01   0.22618997E+00   0.00000000E+00
 16.   48.  -0.24262126E-02  -0.28615156E-01  -0.22618995E+00   0.00000000E+00
 16.   49.   0.33330676E-01  -0.33330677E-01  -0.45237992E+00   0.00000000E+00
 16.   50.   0.28615159E-01   0.24262100E-02  -0.22618998E+00   0.00000000E+00
 16.   51.  -0.18518379E-01   0.21949563E-01   0.22618994E+00   0.00000000E+00
 16.   52.  -0.47136695E-01   0.00000000E+00   0.45237992E+00   0.00000000E+00
 16.   53.   0.61508530E-01   0.00000000E+00  -0.99992215E+00   0.00000000E+00
 16.   54.   0.36759543E-01  -0.18363128E-01  -0.49996108E+00   0.00000000E+00
 16.   55.  -0.13008230E-01  -0.38977614E-01   0.49996108E+00   0.00000000E+00
 16.   56.  -0.43493099E-01  -0.43493099E-01   0.99992215E+00   0.00000000E+00
 16.   57.  -0.38977615E-01  -0.13008231E-01   0.49996109E+00   0.00000000E+00
 16.   58.  -0.18363128E-01   0.36759543E-01  -0.49996107E+00   0.00000000E+00
 16.   59.  -0.33650425E-09   0.61508530E-01  -0.99992215E+00   0.00000000E+00
 16.   60.   0.18363127E-01   0.36759545E-01  -0.49996110E+00   0.00000000E+00
 16.   61.   0.38977614E-01  -0.13008229E-01   0.49996105E+00   0.00000000E+00
 16.   62.   0.43493099E-01  -0.43493098E-01   0.99992215E+00   0.00000000E+00
 16.   63.   0.13008232E-01  -0.38977615E-01   0.49996111E+00   0.00000000E+00
 16.   64.  -0.36759541E-01  -0.18363129E-01  -0.49996104E+00   0.00000000E+00
 16.   65.  -0.61508530E-01   0.00000000E+00  -0.99992215E+00   0.00000000E+00
 16.   66.  -0.61508530E-01   0.00000000E+00  -0.99992215E+00   0.00000000E+00
 16.   67.  -0.36759543E-01   0.18363128E-01  -0.49996108E+00   0.00000000E+00
 16.   68.   0.13008230E-01   0.38977614E-01   0.49996108E+00   0.00000000E+00
 16.   69.   0.43493099E-01   0.43493099E-01   0.99992215E+00   0.00000000E+00
 16.   70.   0.38977615E-01   0.13008231E-01   0.49996109E+00   0.00000000E+00
 16.   71.   0.18363128E-01  -0.36759543E-01  -0.49996107E+00   0.00000000E+00
 16.   72.   0.33219626E-09  -0.61508530E-01  -0.99992215E+00   0.00000000E+00
 16.   73.  -0.18363127E-01  -0.36759545E-01  -0.49996110E+00   0.00000000E+00
 16.   74.  -0.38977614E-01   0.13008229E-01   0.49996105E+00   0.00000000E+00
 16.   75.  -0.43493099E-01   0.43493098E-01   0.99992215E+00   0.00000000E+00
 16.   76.  -0.13008232E-01   0.38977615E-01   0.49996111E+00   0.00000000E+00
 16.   77.   0.36759541E-01   0.18363129E-01  -0.49996104E+00   0.00000000E+00
 16.   78.   0.61508530E-01   0.00000000E+00  -0.99992215E+00   0.00000000E+00
 17.    1.  -0.33241416E-05   0.00000000E+00   0.61331525E-05   0.00000000E+00
 17.    2.   0.84005524E-06   0.32862738E-05  -0.30640535E-05   0.00000000E+00
 17.    3.   0.29176411E-05  -0.17295008E-05  -0.30647716E-05   0.00000000E+00
 17.    4.  -0.23506218E-05  -0.23503479E-05   0.61311858E-05   0.00000000E+00
 17.    5.  -0.17297651E-05   0.29178563E-05  -0.30667505E-05   0.00000000E+00
 17.    6.   0.32861080E-05   0.84019809E-06  -0.30674810E-05   0.00000000E+00
 17.    7.  -0.62336035E-11  -0.33240298E-05   0.61291906E-05   0.00000000E+00
 17.    8.  -0.32861204E-05   0.84019849E-06  -0.30674973E-05   0.00000000E+00
 17.    9.   0.17297543E-05   0.29178567E-05  -0.30667826E-05   0.00000000E+00
 17.   10.   0.23506145E-05  -0.23503482E-05   0.61311419E-05   0.00000000E+00
 17.   11.  -0.29176451E-05  -0.17295005E-05  -0.30648191E-05   0.00000000E+00
 17.   12.  -0.84005766E-06   0.32862744E-05  -0.30640983E-05   0.00000000E+00
 17.   13.   0.33241401E-05   0.00000000E+00   0.61331100E-05   0.00000000E+00
 17.   14.  -0.48183981E-03   0.00000000E+00   0.29651812E-02   0.00000000E+00
 17.   15.   0.11507912E-03   0.50136220E-03  -0.14825870E-02   0.00000000E+00
 17.   16.   0.43588974E-03  -0.27314326E-03  -0.14825880E-02   0.00000000E+00
 17.   17.  -0.34071231E-03  -0.34071216E-03   0.29651786E-02   0.00000000E+00
 17.   18.  -0.27314348E-03   0.43588978E-03  -0.14825905E-02   0.00000000E+00
 17.   19.   0.50136205E-03   0.11507905E-03  -0.14825915E-02   0.00000000E+00
 17.   20.   0.14810970E-10  -0.48183993E-03   0.29651760E-02   0.00000000E+00
 17.   21.  -0.50136207E-03   0.11507902E-03  -0.14825913E-02   0.00000000E+00
 17.   22.   0.27314343E-03   0.43588980E-03  -0.14825907E-02   0.00000000E+00
 17.   23.   0.34071233E-03  -0.34071214E-03   0.29651786E-02   0.00000000E+00
 17.   24.  -0.43588973E-03  -0.27314329E-03  -0.14825878E-02   0.00000000E+00
 17.   25.  -0.11507916E-03   0.50136219E-03  -0.14825873E-02   0.00000000E+00
 17.   26.   0.48183980E-03   0.00000000E+00   0.29651812E-02   0.00000000E+00
 17.   27.  -0.57494986E-02   0.00000000E+00   0.63498545E-01   0.00000000E+00
 17.   28.   0.11571196E-02   0.67887497E-02  -0.31749273E-01   0.00000000E+00
 17.   29.   0.56185780E-02  -0.39821638E-02  -0.31749273E-01   0.00000000E+00
 17.   30.  -0.40655094E-02  -0.40655096E-02   0.63498545E-01   0.00000000E+00
 17.   31.  -0.39821640E-02   0.56185779E-02  -0.31749271E-01   0.00000000E+00
 17.   32.   0.67887496E-02   0.11571195E-02  -0.31749273E-01   0.00000000E+00
 17.   33.   0.26806891E-09  -0.57494988E-02   0.63498546E-01   0.00000000E+00
 17.   34.  -0.67887498E-02   0.11571191E-02  -0.31749269E-01   0.00000000E+00
 17.   35.   0.39821635E-02   0.56185780E-02  -0.31749276E-01   0.00000000E+00
 17.   36.   0.40655098E-02  -0.40655092E-02   0.63498545E-01   0.00000000E+00
 17.   37.  -0.56185779E-02  -0.39821642E-02  -0.31749268E-01   0.00000000E+00
 17.   38.  -0.11571201E-02   0.67887495E-02  -0.31749278E-01   0.00000000E+00
 17.   39.   0.57494986E-02   0.00000000E+00   0.63498545E-01   0.00000000E+00
 17.   40.  -0.18720499E-01   0.00000000E+00   0.36300470E+00   0.00000000E+00
 17.   41.   0.22156812E-02   0.27896192E-01  -0.18150235E+00   0.00000000E+00
 17.   42.   0.21292310E-01  -0.18158864E-01  -0.18150235E+00   0.00000000E+00
 17.   43.  -0.13237392E-01  -0.13237392E-01   0.36300471E+00   0.00000000E+00
 17.   44.  -0.18158864E-01   0.21292310E-01  -0.18150235E+00   0.00000000E+00
 17.   45.   0.27896192E-01   0.22156817E-02  -0.18150236E+00   0.00000000E+00
 17.   46.   0.11686860E-08  -0.18720499E-01   0.36300471E+00   0.00000000E+00
 17.   47.  -0.27896193E-01   0.22156804E-02  -0.18150233E+00   0.00000000E+00
 17.   48.   0.18158862E-01   0.21292310E-01  -0.18150237E+00   0.00000000E+00
 17.   49.   0.13237393E-01  -0.13237391E-01   0.36300471E+00   0.00000000E+00
 17.   50.  -0.21292310E-01  -0.18158865E-01  -0.18150233E+00   0.00000000E+00
 17.   51.  -0.22156826E-02   0.27896191E-01  -0.18150238E+00   0.00000000E+00
 17.   52.   0.18720499E-01   0.00000000E+00   0.36300470E+00   0.00000000E+00
 17.   53.  -0.34562508E-01   0.00000000E+00   0.99940120E+00   0.00000000E+00
 17.   54.   0.21983051E-02   0.58565451E-01  -0.49970060E+00   0.00000000E+00
 17.   55.   0.42966464E-01  -0.39857591E-01  -0.49970060E+00   0.00000000E+00
 17.   56.  -0.24439383E-01  -0.24439385E-01   0.99940119E+00   0.00000000E+00
 17.   57.  -0.39857592E-01   0.42966464E-01  -0.49970058E+00   0.00000000E+00
 17.   58.   0.58565451E-01   0.21983061E-02  -0.49970062E+00   0.00000000E+00
 17.   59.   0.25131143E-08  -0.34562508E-01   0.99940119E+00   0.00000000E+00
 17.   60.  -0.58565453E-01   0.21983036E-02  -0.49970055E+00   0.00000000E+00
 17.   61.   0.39857589E-01   0.42966465E-01  -0.49970065E+00   0.00000000E+00
 17.   62.   0.24439386E-01  -0.24439381E-01   0.99940119E+00   0.00000000E+00
 17.   63.  -0.42966464E-01  -0.39857594E-01  -0.49970053E+00   0.00000000E+00
 17.   64.  -0.21983076E-02   0.58565449E-01  -0.49970067E+00   0.00000000E+00
 17.   65.   0.34562508E-01   0.00000000E+00   0.99940119E+00   0.00000000E+00
 17.   66.   0.34562508E-01   0.00000000E+00   0.99940120E+00   0.00000000E+00
 17.   67.  -0.21983052E-02  -0.58565451E-01  -0.49970060E+00   0.00000000E+00
 17.   68.  -0.42966464E-01   0.39857591E-01  -0.49970060E+00   0.00000000E+00
 17.   69.   0.24439383E-01   0.24439385E-01   0.99940119E+00   0.00000000E+00
 17.   70.   0.39857592E-01  -0.42966464E-01  -0.49970058E+00   0.00000000E+00
 17.   71.  -0.58565451E-01  -0.21983060E-02  -0.49970062E+00   0.00000000E+00
 17.   72.  -0.25231815E-08   0.34562508E-01   0.99940119E+00   0.00000000E+00
 17.   73.   0.58565453E-01  -0.21983036E-02  -0.49970055E+00   0.00000000E+00
 17.   74.  -0.39857589E-01  -0.42966465E-01  -0.49970065E+00   0.00000000E+00
 17.   75.  -0.24439386E-01   0.24439381E-01   0.99940119E+00   0.00000000E+00
 17.   76.   0.42966464E-01   0.39857594E-01  -0.49970053E+00   0.00000000E+00
 17.   77.   0.21983076E-02  -0.58565449E-01  -0.49970067E+00   0.00000000E+00
 17.   78.  -0.34562508E-01   0.00000000E+00   0.99940119E+00   0.00000000E+00
 18.    1.  -0.20229767E-01   0.00000000E+00   0.70724483E+00   0.00000000E+00
 18.    2.  -0.25839942E-01   0.28745857E-01   0.61249199E+00   0.00000000E+00
 18.    3.  -0.38597989E-01   0.46623910E-01   0.35362241E+00   0.00000000E+00
 18.    4.  -0.48725646E-01   0.48725646E-01   0.36811405E-08   0.00000000E+00
 18.    5.  -0.46623910E-01   0.38597989E-01  -0.35362241E+00   0.00000000E+00
 18.    6.  -0.28745857E-01   0.25839942E-01  -0.61249199E+00   0.00000000E+00
 18.    7.  -0.61746539E-09   0.20229767E-01  -0.70724483E+00   0.00000000E+00
 18.    8.   0.28745856E-01   0.25839942E-01  -0.61249199E+00   0.00000000E+00
 18.    9.   0.46623910E-01   0.38597988E-01  -0.35362242E+00   0.00000000E+00
 18.   10.   0.48725646E-01   0.48725646E-01  -0.11140653E-07   0.00000000E+00
 18.   11.   0.38597989E-01   0.46623911E-01   0.35362240E+00   0.00000000E+00
 18.   12.   0.25839943E-01   0.28745858E-01   0.61249198E+00   0.00000000E+00
 18.   13.   0.20229767E-01   0.00000000E+00   0.70724483E+00   0.00000000E+00
 18.   14.   0.21949825E-01   0.00000000E+00   0.91634747E+00   0.00000000E+00
 18.   15.   0.13114927E-01   0.24499971E-01   0.79358018E+00   0.00000000E+00
 18.   16.  -0.80504417E-02   0.35893599E-01   0.45817373E+00   0.00000000E+00
 18.   17.  -0.28667186E-01   0.28667187E-01   0.46944962E-08   0.00000000E+00
 18.   18.  -0.35893599E-01   0.80504420E-02  -0.45817373E+00   0.00000000E+00
 18.   19.  -0.24499972E-01  -0.13114927E-01  -0.79358018E+00   0.00000000E+00
 18.   20.  -0.54171475E-09  -0.21949825E-01  -0.91634747E+00   0.00000000E+00
 18.   21.   0.24499971E-01  -0.13114928E-01  -0.79358019E+00   0.00000000E+00
 18.   22.   0.35893599E-01   0.80504411E-02  -0.45817375E+00   0.00000000E+00
 18.   23.   0.28667187E-01   0.28667186E-01  -0.14492428E-07   0.00000000E+00
 18.   24.   0.80504427E-02   0.35893600E-01   0.45817372E+00   0.00000000E+00
 18.   25.  -0.13114927E-01   0.24499972E-01   0.79358018E+00   0.00000000E+00
 18.   26.  -0.21949825E-01   0.00000000E+00   0.91634747E+00   0.00000000E+00
 18.   27.   0.45413943E-01   0.00000000E+00  -0.17856517E+00   0.00000000E+00
 18.   28.   0.38646393E-01   0.77277153E-02  -0.15464198E+00   0.00000000E+00
 18.   29.   0.21862806E-01   0.75464520E-02  -0.89282586E-01   0.00000000E+00
 18.   30.   0.35893061E-02  -0.35893058E-02  -0.10930627E-08   0.00000000E+00
 18.   31.  -0.75464519E-02  -0.21862806E-01   0.89282585E-01   0.00000000E+00
 18.   32.  -0.77277154E-02  -0.38646392E-01   0.15464198E+00   0.00000000E+00
 18.   33.  -0.18603017E-09  -0.45413943E-01   0.17856517E+00   0.00000000E+00
 18.   34.   0.77277152E-02  -0.38646393E-01   0.15464198E+00   0.00000000E+00
 18.   35.   0.75464521E-02  -0.21862807E-01   0.89282589E-01   0.00000000E+00
 18.   36.  -0.35893055E-02  -0.35893064E-02   0.26772607E-08   0.00000000E+00
 18.   37.  -0.21862806E-01   0.75464517E-02  -0.89282583E-01   0.00000000E+00
 18.   38.  -0.38646392E-01   0.77277155E-02  -0.15464197E+00   0.00000000E+00
 18.   39.  -0.45413943E-01   0.00000000E+00  -0.17856517E+00   0.00000000E+00
 18.   40.  -0.27907171E-01   0.00000000E+00  -0.46376143E+00   0.00000000E+00
 18.   41.  -0.22088646E-01  -0.10943264E-01  -0.40162918E+00   0.00000000E+00
 18.   42.  -0.78809753E-02  -0.14256921E-01  -0.23188071E+00   0.00000000E+00
 18.   43.   0.68637711E-02  -0.68637713E-02  -0.37273845E-08   0.00000000E+00
 18.   44.   0.14256922E-01   0.78809749E-02   0.23188071E+00   0.00000000E+00
 18.   45.   0.10943264E-01   0.22088646E-01   0.40162918E+00   0.00000000E+00
 18.   46.   0.25030277E-09   0.27907171E-01   0.46376143E+00   0.00000000E+00
 18.   47.  -0.10943264E-01   0.22088646E-01   0.40162918E+00   0.00000000E+00
 18.   48.  -0.14256922E-01   0.78809756E-02   0.23188072E+00   0.00000000E+00
 18.   49.  -0.68637716E-02  -0.68637708E-02   0.59785749E-08   0.00000000E+00
 18.   50.   0.78809746E-02  -0.14256921E-01  -0.23188071E+00   0.00000000E+00
 18.   51.   0.22088646E-01  -0.10943265E-01  -0.40162917E+00   0.00000000E+00
 18.   52.   0.27907171E-01   0.00000000E+00  -0.46376143E+00   0.00000000E+00
 18.   53.  -0.55389621E-01   0.00000000E+00   0.74981298E+00   0.00000000E+00
 18.   54.  -0.47840943E-01  -0.67924567E-02   0.64935709E+00   0.00000000E+00
 18.   55.  -0.29025663E-01  -0.51156983E-02   0.37490649E+00   0.00000000E+00
 18.   56.  -0.82323323E-02   0.82323322E-02  -0.33127426E-09   0.00000000E+00
 18.   57.   0.51156985E-02   0.29025663E-01  -0.37490649E+00   0.00000000E+00
 18.   58.   0.67924563E-02   0.47840943E-01  -0.64935709E+00   0.00000000E+00
 18.   59.   0.17045329E-09   0.55389622E-01  -0.74981299E+00   0.00000000E+00
 18.   60.  -0.67924562E-02   0.47840943E-01  -0.64935709E+00   0.00000000E+00
 18.   61.  -0.51156988E-02   0.29025663E-01  -0.37490650E+00   0.00000000E+00
 18.   62.   0.82323316E-02   0.82323329E-02  -0.16077051E-07   0.00000000E+00
 18.   63.   0.29025662E-01  -0.51156980E-02   0.37490648E+00   0.00000000E+00
 18.   64.   0.47840942E-01  -0.67924569E-02   0.64935709E+00   0.00000000E+00
 18.   65.   0.55389621E-01   0.00000000E+00   0.74981298E+00   0.00000000E+00
 18.   66.   0.55389621E-01   0.00000000E+00   0.74981298E+00   0.00000000E+00
 18.   67.   0.47840943E-01   0.67924567E-02   0.64935709E+00   0.00000000E+00
 18.   68.   0.29025663E-01   0.51156983E-02   0.37490649E+00   0.00000000E+00
 18.   69.   0.82323323E-02  -0.82323322E-02  -0.33156256E-09   0.00000000E+00
 18.   70.  -0.51156985E-02  -0.29025663E-01  -0.37490649E+00   0.00000000E+00
 18.   71.  -0.67924563E-02  -0.47840943E-01  -0.64935709E+00   0.00000000E+00
 18.   72.  -0.16149454E-09  -0.55389622E-01  -0.74981299E+00   0.00000000E+00
 18.   73.   0.67924562E-02  -0.47840943E-01  -0.64935709E+00   0.00000000E+00
 18.   74.   0.51156988E-02  -0.29025663E-01  -0.37490650E+00   0.00000000E+00
 18.   75.  -0.82323316E-02  -0.82323329E-02  -0.16077083E-07   0.00000000E+00
 18.   76.  -0.29025662E-01   0.51156980E-02   0.37490648E+00   0.00000000E+00
 18.   77.  -0.47840942E-01   0.67924569E-02   0.64935709E+00   0.00000000E+00
 18.   78.  -0.55389621E-01   0.00000000E+00   0.74981298E+00   0.00000000E+00
 19.    1.   0.21255674E-02   0.00000000E+00  -0.87045901E-02   0.00000000E+00
 19.    2.   0.11632500E-02  -0.22157405E-02  -0.22529135E-02   0.00000000E+00
 19.    3.  -0.96231737E-03  -0.20148080E-02   0.75383967E-02   0.00000000E+00
 19.    4.  -0.23264999E-02   0.20093253E-03   0.61550752E-02   0.00000000E+00
 19.    5.  -0.13641825E-02   0.20148080E-02  -0.43522949E-02   0.00000000E+00
 19.    6.   0.11632499E-02   0.18138755E-02  -0.84079885E-02   0.00000000E+00
 19.    7.   0.25274324E-02   0.58221380E-10   0.53550057E-10   0.00000000E+00
 19.    8.   0.11632500E-02  -0.18138754E-02   0.84079890E-02   0.00000000E+00
 19.    9.  -0.13641824E-02  -0.20148080E-02   0.43522959E-02   0.00000000E+00
 19.   10.  -0.23264999E-02  -0.20093260E-03  -0.61550744E-02   0.00000000E+00
 19.   11.  -0.96231749E-03   0.20148079E-02  -0.75383964E-02   0.00000000E+00
 19.   12.   0.11632498E-02   0.22157406E-02   0.22529136E-02   0.00000000E+00
 19.   13.   0.21255673E-02   0.00000000E+00   0.87045907E-02   0.00000000E+00
 19.   14.   0.21135901E-01   0.00000000E+00  -0.25547610E+00   0.00000000E+00
 19.   15.   0.12342420E-01  -0.24926635E-01  -0.66122081E-01   0.00000000E+00
 19.   16.  -0.87934818E-02  -0.21377698E-01   0.22124880E+00   0.00000000E+00
 19.   17.  -0.24684839E-01   0.35489374E-02   0.18064889E+00   0.00000000E+00
 19.   18.  -0.15891357E-01   0.21377698E-01  -0.12773805E+00   0.00000000E+00
 19.   19.   0.12342419E-01   0.17828760E-01  -0.24677097E+00   0.00000000E+00
 19.   20.   0.28233777E-01   0.40262486E-09  -0.67306445E-08   0.00000000E+00
 19.   21.   0.12342420E-01  -0.17828760E-01   0.24677096E+00   0.00000000E+00
 19.   22.  -0.15891356E-01  -0.21377698E-01   0.12773806E+00   0.00000000E+00
 19.   23.  -0.24684839E-01  -0.35489384E-02  -0.18064888E+00   0.00000000E+00
 19.   24.  -0.87934827E-02   0.21377697E-01  -0.22124880E+00   0.00000000E+00
 19.   25.   0.12342419E-01   0.24926636E-01   0.66122068E-01   0.00000000E+00
 19.   26.   0.21135901E-01   0.00000000E+00   0.25547610E+00   0.00000000E+00
 19.   27.   0.17608780E-01   0.00000000E+00  -0.88919618E+00   0.00000000E+00
 19.   28.   0.20195468E-01  -0.57761733E-01  -0.23014091E+00   0.00000000E+00
 19.   29.   0.25866885E-02  -0.34979577E-01   0.77006648E+00   0.00000000E+00
 19.   30.  -0.40390936E-01   0.22782156E-01   0.62875666E+00   0.00000000E+00
 19.   31.  -0.42977625E-01   0.34979577E-01  -0.44459808E+00   0.00000000E+00
 19.   32.   0.20195467E-01   0.12197420E-01  -0.85889756E+00   0.00000000E+00
 19.   33.   0.63173092E-01   0.12431179E-09  -0.23236764E-07   0.00000000E+00
 19.   34.   0.20195470E-01  -0.12197420E-01   0.85889755E+00   0.00000000E+00
 19.   35.  -0.42977623E-01  -0.34979576E-01   0.44459812E+00   0.00000000E+00
 19.   36.  -0.40390937E-01  -0.22782158E-01  -0.62875663E+00   0.00000000E+00
 19.   37.   0.25866870E-02   0.34979574E-01  -0.77006651E+00   0.00000000E+00
 19.   38.   0.20195468E-01   0.57761734E-01   0.23014086E+00   0.00000000E+00
 19.   39.   0.17608780E-01   0.00000000E+00   0.88919618E+00   0.00000000E+00
 19.   40.  -0.46669545E-01   0.00000000E+00  -0.55906126E+00   0.00000000E+00
 19.   41.  -0.43567505E-02  -0.30409931E-01  -0.14469570E+00   0.00000000E+00
 19.   42.   0.42312794E-01   0.75461131E-02   0.48416126E+00   0.00000000E+00
 19.   43.   0.87135016E-02   0.37956044E-01   0.39531602E+00   0.00000000E+00
 19.   44.  -0.33599293E-01  -0.75461126E-02  -0.27953063E+00   0.00000000E+00
 19.   45.  -0.43567510E-02  -0.45502157E-01  -0.54001172E+00   0.00000000E+00
 19.   46.   0.29242543E-01  -0.13726953E-08  -0.14581063E-07   0.00000000E+00
 19.   47.  -0.43567490E-02   0.45502157E-01   0.54001171E+00   0.00000000E+00
 19.   48.  -0.33599294E-01   0.75461152E-02   0.27953065E+00   0.00000000E+00
 19.   49.   0.87134992E-02  -0.37956044E-01  -0.39531600E+00   0.00000000E+00
 19.   50.   0.42312795E-01  -0.75461154E-02  -0.48416127E+00   0.00000000E+00
 19.   51.  -0.43567478E-02   0.30409931E-01   0.14469567E+00   0.00000000E+00
 19.   52.  -0.46669545E-01   0.00000000E+00   0.55906126E+00   0.00000000E+00
 19.   53.  -0.67720445E-01   0.00000000E+00   0.99984514E+00   0.00000000E+00
 19.   54.  -0.26692399E-01   0.31896943E-01   0.25877896E+00   0.00000000E+00
 19.   55.   0.41028046E-01   0.46232591E-01  -0.86589129E+00   0.00000000E+00
 19.   56.   0.53384798E-01   0.14335648E-01  -0.70699729E+00   0.00000000E+00
 19.   57.   0.12356752E-01  -0.46232590E-01   0.49992256E+00   0.00000000E+00
 19.   58.  -0.26692398E-01  -0.60568239E-01   0.96577624E+00   0.00000000E+00
 19.   59.  -0.39049150E-01  -0.15614087E-08   0.26073527E-07   0.00000000E+00
 19.   60.  -0.26692400E-01   0.60568237E-01  -0.96577623E+00   0.00000000E+00
 19.   61.   0.12356750E-01   0.46232592E-01  -0.49992260E+00   0.00000000E+00
 19.   62.   0.53384797E-01  -0.14335646E-01   0.70699725E+00   0.00000000E+00
 19.   63.   0.41028048E-01  -0.46232591E-01   0.86589131E+00   0.00000000E+00
 19.   64.  -0.26692396E-01  -0.31896944E-01  -0.25877891E+00   0.00000000E+00
 19.   65.  -0.67720445E-01   0.00000000E+00  -0.99984514E+00   0.00000000E+00
 19.   66.   0.67720445E-01   0.00000000E+00   0.99984514E+00   0.00000000E+00
 19.   67.   0.26692399E-01  -0.31896943E-01   0.25877896E+00   0.00000000E+00
 19.   68.  -0.41028046E-01  -0.46232591E-01  -0.86589129E+00   0.00000000E+00
 19.   69.  -0.53384798E-01  -0.14335648E-01  -0.70699729E+00   0.00000000E+00
 19.   70.  -0.12356752E-01   0.46232590E-01   0.49992256E+00   0.00000000E+00
 19.   71.   0.26692398E-01   0.60568239E-01   0.96577624E+00   0.00000000E+00
 19.   72.   0.39049150E-01   0.15651124E-08   0.26073319E-07   0.00000000E+00
 19.   73.   0.26692400E-01  -0.60568237E-01  -0.96577623E+00   0.00000000E+00
 19.   74.  -0.12356750E-01  -0.46232592E-01  -0.49992260E+00   0.00000000E+00
 19.   75.  -0.53384797E-01   0.14335646E-01   0.70699725E+00   0.00000000E+00
 19.   76.  -0.41028048E-01   0.46232591E-01   0.86589131E+00   0.00000000E+00
 19.   77.   0.26692396E-01   0.31896944E-01  -0.25877891E+00   0.00000000E+00
 19.   78.   0.67720445E-01   0.00000000E+00  -0.99984514E+00   0.00000000E+00
 20.    1.   0.67601331E-01   0.00000000E+00   0.99948901E+00   0.00000000E+00
 20.    2.   0.65297871E-01   0.17496512E-01   0.99948901E+00   0.00000000E+00
 20.    3.   0.58544470E-01   0.33800665E-01   0.99948901E+00   0.00000000E+00
 20.    4.   0.47801360E-01   0.47801359E-01   0.99948901E+00   0.00000000E+00
 20.    5.   0.33800666E-01   0.58544470E-01   0.99948901E+00   0.00000000E+00
 20.    6.   0.17496512E-01   0.65297871E-01   0.99948901E+00   0.00000000E+00
 20.    7.   0.35705239E-09   0.67601331E-01   0.99948901E+00   0.00000000E+00
 20.    8.  -0.17496511E-01   0.65297872E-01   0.99948901E+00   0.00000000E+00
 20.    9.  -0.33800665E-01   0.58544470E-01   0.99948901E+00   0.00000000E+00
 20.   10.  -0.47801359E-01   0.47801360E-01   0.99948901E+00   0.00000000E+00
 20.   11.  -0.58544470E-01   0.33800666E-01   0.99948901E+00   0.00000000E+00
 20.   12.  -0.65297871E-01   0.17496513E-01   0.99948901E+00   0.00000000E+00
 20.   13.  -0.67601331E-01   0.00000000E+00   0.99948901E+00   0.00000000E+00
 20.   14.   0.25816952E-01   0.00000000E+00  -0.32189441E+00   0.00000000E+00
 20.   15.   0.24937261E-01   0.66819189E-02  -0.32189441E+00   0.00000000E+00
 20.   16.   0.22358136E-01   0.12908476E-01  -0.32189441E+00   0.00000000E+00
 20.   17.   0.18255342E-01   0.18255342E-01  -0.32189441E+00   0.00000000E+00
 20.   18.   0.12908476E-01   0.22358136E-01  -0.32189441E+00   0.00000000E+00
 20.   19.   0.66819190E-02   0.24937261E-01  -0.32189441E+00   0.00000000E+00
 20.   20.   0.12969876E-09   0.25816952E-01  -0.32189441E+00   0.00000000E+00
 20.   21.  -0.66819187E-02   0.24937261E-01  -0.32189441E+00   0.00000000E+00
 20.   22.  -0.12908476E-01   0.22358136E-01  -0.32189441E+00   0.00000000E+00
 20.   23.  -0.18255342E-01   0.18255342E-01  -0.32189441E+00   0.00000000E+00
 20.   24.  -0.22358136E-01   0.12908476E-01  -0.32189441E+00   0.00000000E+00
 20.   25.  -0.24937261E-01   0.66819191E-02  -0.32189441E+00   0.00000000E+00
 20.   26.  -0.25816952E-01   0.00000000E+00  -0.32189441E+00   0.00000000E+00
 20.   27.  -0.30559759E-01   0.00000000E+00  -0.99538018E-01   0.00000000E+00
 20.   28.  -0.29518461E-01  -0.79094477E-02  -0.99538018E-01   0.00000000E+00
 20.   29.  -0.26465528E-01  -0.15279880E-01  -0.99538018E-01   0.00000000E+00
 20.   30.  -0.21609013E-01  -0.21609013E-01  -0.99538018E-01   0.00000000E+00
 20.   31.  -0.15279880E-01  -0.26465528E-01  -0.99538018E-01   0.00000000E+00
 20.   32.  -0.79094478E-02  -0.29518461E-01  -0.99538018E-01   0.00000000E+00
 20.   33.  -0.16941465E-09  -0.30559759E-01  -0.99538018E-01   0.00000000E+00
 20.   34.   0.79094475E-02  -0.29518461E-01  -0.99538018E-01   0.00000000E+00
 20.   35.   0.15279879E-01  -0.26465528E-01  -0.99538018E-01   0.00000000E+00
 20.   36.   0.21609013E-01  -0.21609013E-01  -0.99538018E-01   0.00000000E+00
 20.   37.   0.26465528E-01  -0.15279880E-01  -0.99538018E-01   0.00000000E+00
 20.   38.   0.29518461E-01  -0.79094480E-02  -0.99538018E-01   0.00000000E+00
 20.   39.   0.30559759E-01   0.00000000E+00  -0.99538018E-01   0.00000000E+00
 20.   40.   0.10422437E-01   0.00000000E+00   0.28928971E+00   0.00000000E+00
 20.   41.   0.10067301E-01   0.26975252E-02   0.28928971E+00   0.00000000E+00
 20.   42.   0.90260953E-02   0.52112186E-02   0.28928971E+00   0.00000000E+00
 20.   43.   0.73697760E-02   0.73697759E-02   0.28928971E+00   0.00000000E+00
 20.   44.   0.52112186E-02   0.90260953E-02   0.28928971E+00   0.00000000E+00
 20.   45.   0.26975253E-02   0.10067301E-01   0.28928971E+00   0.00000000E+00
 20.   46.   0.46635925E-10   0.10422437E-01   0.28928971E+00   0.00000000E+00
 20.   47.  -0.26975252E-02   0.10067301E-01   0.28928971E+00   0.00000000E+00
 20.   48.  -0.52112185E-02   0.90260954E-02   0.28928971E+00   0.00000000E+00
 20.   49.  -0.73697759E-02   0.73697760E-02   0.28928971E+00   0.00000000E+00
 20.   50.  -0.90260953E-02   0.52112187E-02   0.28928971E+00   0.00000000E+00
 20.   51.  -0.10067301E-01   0.26975253E-02   0.28928971E+00   0.00000000E+00
 20.   52.  -0.10422437E-01   0.00000000E+00   0.28928971E+00   0.00000000E+00
 20.   53.   0.34694324E-01   0.00000000E+00  -0.41643872E+00   0.00000000E+00
 20.   54.   0.33512144E-01   0.89795519E-02  -0.41643872E+00   0.00000000E+00
 20.   55.   0.30046166E-01   0.17347162E-01  -0.41643872E+00   0.00000000E+00
 20.   56.   0.24532592E-01   0.24532592E-01  -0.41643872E+00   0.00000000E+00
 20.   57.   0.17347162E-01   0.30046166E-01  -0.41643872E+00   0.00000000E+00
 20.   58.   0.89795520E-02   0.33512144E-01  -0.41643872E+00   0.00000000E+00
 20.   59.   0.17821945E-09   0.34694324E-01  -0.41643872E+00   0.00000000E+00
 20.   60.  -0.89795516E-02   0.33512144E-01  -0.41643872E+00   0.00000000E+00
 20.   61.  -0.17347162E-01   0.30046166E-01  -0.41643872E+00   0.00000000E+00
 20.   62.  -0.24532592E-01   0.24532592E-01  -0.41643872E+00   0.00000000E+00
 20.   63.  -0.30046166E-01   0.17347162E-01  -0.41643872E+00   0.00000000E+00
 20.   64.  -0.33512144E-01   0.89795522E-02  -0.41643872E+00   0.00000000E+00
 20.   65.  -0.34694324E-01   0.00000000E+00  -0.41643872E+00   0.00000000E+00
 20.   66.  -0.34694324E-01   0.00000000E+00  -0.41643872E+00   0.00000000E+00
 20.   67.  -0.33512144E-01  -0.89795519E-02  -0.41643872E+00   0.00000000E+00
 20.   68.  -0.30046166E-01  -0.17347162E-01  -0.41643872E+00   0.00000000E+00
 20.   69.  -0.24532592E-01  -0.24532592E-01  -0.41643872E+00   0.00000000E+00
 20.   70.  -0.17347162E-01  -0.30046166E-01  -0.41643872E+00   0.00000000E+00
 20.   71.  -0.89795520E-02  -0.33512144E-01  -0.41643872E+00   0.00000000E+00
 20.   72.  -0.18343999E-09  -0.34694324E-01  -0.41643872E+00   0.00000000E+00
 20.   73.   0.89795516E-02  -0.33512144E-01  -0.41643872E+00   0.00000000E+00
 20.   74.   0.17347162E-01  -0.30046166E-01  -0.41643872E+00   0.00000000E+00
 20.   75.   0.24532592E-01  -0.24532592E-01  -0.41643872E+00   0.00000000E+00
 20.   76.   0.30046166E-01  -0.17347162E-01  -0.41643872E+00   0.00000000E+00
 20.   77.   0.33512144E-01  -0.89795522E-02  -0.41643872E+00   0.00000000E+00
 20.   78.   0.34694324E-01   0.00000000E+00  -0.41643872E+00   0.00000000E+00
 21.    1.  -0.89752353E-06   0.00000000E+00   0.13999854E-05   0.00000000E+00
 21.    2.   0.44477304E-06   0.79206533E-06  -0.99039160E-06   0.00000000E+00
 21.    3.   0.45958266E-06  -0.79604791E-06  -0.24303313E-09   0.00000000E+00
 21.    4.  -0.90835233E-06   0.10828076E-07   0.98991425E-06   0.00000000E+00
 21.    5.   0.44875549E-06   0.77725567E-06  -0.14004338E-05   0.00000000E+00
 21.    6.   0.46356748E-06  -0.78123818E-06   0.98999679E-06   0.00000000E+00
 21.    7.  -0.91917620E-06  -0.35661418E-11  -0.81966881E-10   0.00000000E+00
 21.    8.   0.46357075E-06   0.78123181E-06  -0.99016114E-06   0.00000000E+00
 21.    9.   0.44876171E-06  -0.77726352E-06   0.14002649E-05   0.00000000E+00
 21.   10.  -0.90834325E-06  -0.10835353E-07  -0.99008750E-06   0.00000000E+00
 21.   11.   0.45959409E-06   0.79604236E-06   0.67879897E-10   0.00000000E+00
 21.   12.   0.44478549E-06  -0.79206950E-06   0.99021155E-06   0.00000000E+00
 21.   13.  -0.89751041E-06   0.00000000E+00  -0.14001687E-05   0.00000000E+00
 21.   14.  -0.27621538E-03   0.00000000E+00   0.15136083E-02   0.00000000E+00
 21.   15.   0.13356493E-03   0.25616329E-03  -0.10702826E-02   0.00000000E+00
 21.   16.   0.15051870E-03  -0.26070605E-03   0.70067642E-10   0.00000000E+00
 21.   17.  -0.28862640E-03   0.12411009E-04   0.10702828E-02   0.00000000E+00
 21.   18.   0.13810768E-03   0.23920953E-03  -0.15136083E-02   0.00000000E+00
 21.   19.   0.15506146E-03  -0.24375227E-03   0.10702826E-02   0.00000000E+00
 21.   20.  -0.30103740E-03  -0.10100745E-10   0.92435875E-10   0.00000000E+00
 21.   21.   0.15506144E-03   0.24375228E-03  -0.10702827E-02   0.00000000E+00
 21.   22.   0.13810770E-03  -0.23920952E-03   0.15136083E-02   0.00000000E+00
 21.   23.  -0.28862640E-03  -0.12411032E-04  -0.10702826E-02   0.00000000E+00
 21.   24.   0.15051868E-03   0.26070605E-03  -0.14601502E-09   0.00000000E+00
 21.   25.   0.13356496E-03  -0.25616328E-03   0.10702828E-02   0.00000000E+00
 21.   26.  -0.27621538E-03   0.00000000E+00  -0.15136082E-02   0.00000000E+00
 21.   27.  -0.48027265E-02   0.00000000E+00   0.47342878E-01   0.00000000E+00
 21.   28.   0.21723154E-02   0.50141015E-02  -0.33476470E-01   0.00000000E+00
 21.   29.   0.30271337E-02  -0.52431493E-02  -0.39015037E-11   0.00000000E+00
 21.   30.  -0.54284969E-02   0.62577032E-03   0.33476471E-01   0.00000000E+00
 21.   31.   0.24013631E-02   0.41592832E-02  -0.47342879E-01   0.00000000E+00
 21.   32.   0.32561817E-02  -0.43883310E-02   0.33476470E-01   0.00000000E+00
 21.   33.  -0.60542673E-02  -0.19162976E-09   0.22283902E-08   0.00000000E+00
 21.   34.   0.32561812E-02   0.43883312E-02  -0.33476473E-01   0.00000000E+00
 21.   35.   0.24013636E-02  -0.41592830E-02   0.47342879E-01   0.00000000E+00
 21.   36.  -0.54284970E-02  -0.62577076E-03  -0.33476468E-01   0.00000000E+00
 21.   37.   0.30271334E-02   0.52431495E-02  -0.44331181E-08   0.00000000E+00
 21.   38.   0.21723157E-02  -0.50141012E-02   0.33476474E-01   0.00000000E+00
 21.   39.  -0.48027265E-02   0.00000000E+00  -0.47342878E-01   0.00000000E+00
 21.   40.  -0.18884941E-01   0.00000000E+00   0.33163136E+00   0.00000000E+00
 21.   41.   0.71769358E-02   0.24809930E-01  -0.23449878E+00   0.00000000E+00
 21.   42.   0.15632027E-01  -0.27075465E-01  -0.10974599E-08   0.00000000E+00
 21.   43.  -0.25074498E-01   0.61895558E-02   0.23449879E+00   0.00000000E+00
 21.   44.   0.94424701E-02   0.16354839E-01  -0.33163136E+00   0.00000000E+00
 21.   45.   0.17897562E-01  -0.18620374E-01   0.23449878E+00   0.00000000E+00
 21.   46.  -0.31264054E-01  -0.72481775E-09   0.15597303E-07   0.00000000E+00
 21.   47.   0.17897560E-01   0.18620374E-01  -0.23449880E+00   0.00000000E+00
 21.   48.   0.94424725E-02  -0.16354838E-01   0.33163136E+00   0.00000000E+00
 21.   49.  -0.25074498E-01  -0.61895579E-02  -0.23449877E+00   0.00000000E+00
 21.   50.   0.15632026E-01   0.27075466E-01  -0.30074150E-07   0.00000000E+00
 21.   51.   0.71769373E-02  -0.24809929E-01   0.23449880E+00   0.00000000E+00
 21.   52.  -0.18884941E-01   0.00000000E+00  -0.33163136E+00   0.00000000E+00
 21.   53.  -0.37620599E-01   0.00000000E+00   0.99923830E+00   0.00000000E+00
 21.   54.   0.12435288E-01   0.56372260E-01  -0.70656818E+00   0.00000000E+00
 21.   55.   0.36227154E-01  -0.62747271E-01  -0.34413238E-08   0.00000000E+00
 21.   56.  -0.55037453E-01   0.17416853E-01   0.70656820E+00   0.00000000E+00
 21.   57.   0.18810298E-01   0.32580395E-01  -0.99923830E+00   0.00000000E+00
 21.   58.   0.42602166E-01  -0.38955405E-01   0.70656816E+00   0.00000000E+00
 21.   59.  -0.72454307E-01  -0.13961535E-08   0.47072941E-07   0.00000000E+00
 21.   60.   0.42602161E-01   0.38955406E-01  -0.70656823E+00   0.00000000E+00
 21.   61.   0.18810304E-01  -0.32580392E-01   0.99923830E+00   0.00000000E+00
 21.   62.  -0.55037454E-01  -0.17416858E-01  -0.70656813E+00   0.00000000E+00
 21.   63.   0.36227151E-01   0.62747272E-01  -0.90376116E-07   0.00000000E+00
 21.   64.   0.12435291E-01  -0.56372256E-01   0.70656825E+00   0.00000000E+00
 21.   65.  -0.37620598E-01   0.00000000E+00  -0.99923830E+00   0.00000000E+00
 21.   66.   0.37620599E-01   0.00000000E+00   0.99923830E+00   0.00000000E+00
 21.   67.  -0.12435288E-01  -0.56372260E-01  -0.70656818E+00   0.00000000E+00
 21.   68.  -0.36227154E-01   0.62747271E-01  -0.34411494E-08   0.00000000E+00
 21.   69.   0.55037453E-01  -0.17416853E-01   0.70656820E+00   0.00000000E+00
 21.   70.  -0.18810298E-01  -0.32580395E-01  -0.99923830E+00   0.00000000E+00
 21.   71.  -0.42602166E-01   0.38955405E-01   0.70656816E+00   0.00000000E+00
 21.   72.   0.72454307E-01   0.13933747E-08   0.47072869E-07   0.00000000E+00
 21.   73.  -0.42602161E-01  -0.38955406E-01  -0.70656823E+00   0.00000000E+00
 21.   74.  -0.18810303E-01   0.32580392E-01   0.99923830E+00   0.00000000E+00
 21.   75.   0.55037454E-01   0.17416858E-01  -0.70656813E+00   0.00000000E+00
 21.   76.  -0.36227151E-01  -0.62747272E-01  -0.90376093E-07   0.00000000E+00
 21.   77.  -0.12435291E-01   0.56372256E-01   0.70656825E+00   0.00000000E+00
 21.   78.   0.37620598E-01   0.00000000E+00  -0.99923830E+00   0.00000000E+00
 22.    1.   0.24755981E-01   0.00000000E+00  -0.31425448E+00   0.00000000E+00
 22.    2.   0.25694411E-01  -0.28258252E-01  -0.22221148E+00   0.00000000E+00
 22.    3.   0.24003148E-01  -0.41574673E-01  -0.93927604E-09   0.00000000E+00
 22.    4.   0.11625158E-01  -0.36381139E-01   0.22221147E+00   0.00000000E+00
 22.    5.  -0.12377990E-01  -0.21439308E-01   0.31425448E+00   0.00000000E+00
 22.    6.  -0.37319569E-01  -0.81228872E-02   0.22221148E+00   0.00000000E+00
 22.    7.  -0.48006297E-01  -0.14754679E-09   0.48640743E-08   0.00000000E+00
 22.    8.  -0.37319570E-01   0.81228868E-02  -0.22221147E+00   0.00000000E+00
 22.    9.  -0.12377991E-01   0.21439308E-01  -0.31425448E+00   0.00000000E+00
 22.   10.   0.11625158E-01   0.36381138E-01  -0.22221148E+00   0.00000000E+00
 22.   11.   0.24003148E-01   0.41574673E-01  -0.91997415E-08   0.00000000E+00
 22.   12.   0.25694411E-01   0.28258252E-01   0.22221147E+00   0.00000000E+00
 22.   13.   0.24755981E-01   0.00000000E+00   0.31425448E+00   0.00000000E+00
 22.   14.   0.62682523E-02   0.00000000E+00  -0.99277774E+00   0.00000000E+00
 22.   15.   0.16319245E-01  -0.43779069E-01  -0.70199988E+00   0.00000000E+00
 22.   16.   0.32888290E-01  -0.56964189E-01  -0.56659373E-09   0.00000000E+00
 22.   17.   0.29754164E-01  -0.36022416E-01   0.70199987E+00   0.00000000E+00
 22.   18.  -0.31341257E-02  -0.54284659E-02   0.99277775E+00   0.00000000E+00
 22.   19.  -0.46073409E-01   0.77566536E-02   0.70199988E+00   0.00000000E+00
 22.   20.  -0.65776579E-01   0.28692746E-09   0.15596678E-07   0.00000000E+00
 22.   21.  -0.46073410E-01  -0.77566536E-02  -0.70199986E+00   0.00000000E+00
 22.   22.  -0.31341274E-02   0.54284650E-02  -0.99277774E+00   0.00000000E+00
 22.   23.   0.29754163E-01   0.36022415E-01  -0.70199989E+00   0.00000000E+00
 22.   24.   0.32888290E-01   0.56964188E-01  -0.30212021E-07   0.00000000E+00
 22.   25.   0.16319246E-01   0.43779071E-01   0.70199985E+00   0.00000000E+00
 22.   26.   0.62682523E-02   0.00000000E+00   0.99277774E+00   0.00000000E+00
 22.   27.  -0.59522057E-01   0.00000000E+00  -0.12517049E+00   0.00000000E+00
 22.   28.  -0.39678123E-01  -0.14536513E-01  -0.88508902E-01   0.00000000E+00
 22.   29.   0.26670228E-02  -0.46194190E-02  -0.14511909E-09   0.00000000E+00
 22.   30.   0.32428051E-01   0.27094005E-01   0.88508901E-01   0.00000000E+00
 22.   31.   0.29761028E-01   0.51547613E-01   0.12517049E+00   0.00000000E+00
 22.   32.   0.72500717E-02   0.41630519E-01   0.88508902E-01   0.00000000E+00
 22.   33.  -0.53340456E-02   0.98603506E-09   0.19208391E-08   0.00000000E+00
 22.   34.   0.72500708E-02  -0.41630518E-01  -0.88508899E-01   0.00000000E+00
 22.   35.   0.29761028E-01  -0.51547613E-01  -0.12517049E+00   0.00000000E+00
 22.   36.   0.32428052E-01  -0.27094007E-01  -0.88508904E-01   0.00000000E+00
 22.   37.   0.26670244E-02   0.46194180E-02  -0.40166455E-08   0.00000000E+00
 22.   38.  -0.39678121E-01   0.14536513E-01   0.88508898E-01   0.00000000E+00
 22.   39.  -0.59522057E-01   0.00000000E+00   0.12517049E+00   0.00000000E+00
 22.   40.   0.21997645E-01   0.00000000E+00   0.57706610E+00   0.00000000E+00
 22.   41.   0.11713277E-01   0.16384139E-01   0.40804735E+00   0.00000000E+00
 22.   42.  -0.90468963E-02   0.15669684E-01   0.49866510E-09   0.00000000E+00
 22.   43.  -0.20045719E-01  -0.19519262E-02  -0.40804735E+00   0.00000000E+00
 22.   44.  -0.10998823E-01  -0.19050520E-01  -0.57706610E+00   0.00000000E+00
 22.   45.   0.83324415E-02  -0.18336065E-01  -0.40804735E+00   0.00000000E+00
 22.   46.   0.18093793E-01  -0.47538314E-09  -0.90032031E-08   0.00000000E+00
 22.   47.   0.83324422E-02   0.18336065E-01   0.40804734E+00   0.00000000E+00
 22.   48.  -0.10998822E-01   0.19050520E-01   0.57706610E+00   0.00000000E+00
 22.   49.  -0.20045719E-01   0.19519270E-02   0.40804736E+00   0.00000000E+00
 22.   50.  -0.90468971E-02  -0.15669684E-01   0.17620207E-07   0.00000000E+00
 22.   51.   0.11713277E-01  -0.16384139E-01  -0.40804734E+00   0.00000000E+00
 22.   52.   0.21997645E-01   0.00000000E+00  -0.57706610E+00   0.00000000E+00
 22.   53.   0.67543107E-01   0.00000000E+00  -0.80831339E+00   0.00000000E+00
 22.   54.   0.49540267E-01  -0.35559418E-03  -0.57156388E+00   0.00000000E+00
 22.   55.   0.93093735E-02  -0.16124308E-01  -0.87804210E-09   0.00000000E+00
 22.   56.  -0.24462180E-01  -0.43080927E-01   0.57156387E+00   0.00000000E+00
 22.   57.  -0.33771554E-01  -0.58494046E-01   0.80831339E+00   0.00000000E+00
 22.   58.  -0.25078087E-01  -0.42725333E-01   0.57156388E+00   0.00000000E+00
 22.   59.  -0.18618747E-01  -0.90729563E-09   0.12291060E-07   0.00000000E+00
 22.   60.  -0.25078087E-01   0.42725332E-01  -0.57156386E+00   0.00000000E+00
 22.   61.  -0.33771553E-01   0.58494046E-01  -0.80831339E+00   0.00000000E+00
 22.   62.  -0.24462181E-01   0.43080928E-01  -0.57156389E+00   0.00000000E+00
 22.   63.   0.93093719E-02   0.16124309E-01  -0.24627605E-07   0.00000000E+00
 22.   64.   0.49540266E-01   0.35559448E-03   0.57156386E+00   0.00000000E+00
 22.   65.   0.67543107E-01   0.00000000E+00   0.80831339E+00   0.00000000E+00
 22.   66.  -0.67543107E-01   0.00000000E+00  -0.80831339E+00   0.00000000E+00
 22.   67.  -0.49540267E-01   0.35559426E-03  -0.57156388E+00   0.00000000E+00
 22.   68.  -0.93093736E-02   0.16124308E-01  -0.87860900E-09   0.00000000E+00
 22.   69.   0.24462180E-01   0.43080927E-01   0.57156387E+00   0.00000000E+00
 22.   70.   0.33771553E-01   0.58494046E-01   0.80831339E+00   0.00000000E+00
 22.   71.   0.25078087E-01   0.42725333E-01   0.57156388E+00   0.00000000E+00
 22.   72.   0.18618747E-01   0.91676215E-09   0.12289640E-07   0.00000000E+00
 22.   73.   0.25078087E-01  -0.42725332E-01  -0.57156386E+00   0.00000000E+00
 22.   74.   0.33771553E-01  -0.58494046E-01  -0.80831339E+00   0.00000000E+00
 22.   75.   0.24462181E-01  -0.43080928E-01  -0.57156389E+00   0.00000000E+00
 22.   76.  -0.93093719E-02  -0.16124309E-01  -0.24631845E-07   0.00000000E+00
 22.   77.  -0.49540266E-01  -0.35559452E-03   0.57156386E+00   0.00000000E+00
 22.   78.  -0.67543107E-01   0.00000000E+00   0.80831339E+00   0.00000000E+00
 23.    1.  -0.48898449E-01   0.00000000E+00  -0.99929847E+00   0.00000000E+00
 23.    2.  -0.42612397E-01  -0.23459865E-01  -0.96524820E+00   0.00000000E+00
 23.    3.  -0.25438584E-01  -0.40633679E-01  -0.86541786E+00   0.00000000E+00
 23.    4.  -0.19787186E-02  -0.46919731E-01  -0.70661073E+00   0.00000000E+00
 23.    5.   0.21481147E-01  -0.40633679E-01  -0.49964924E+00   0.00000000E+00
 23.    6.   0.38654960E-01  -0.23459866E-01  -0.25863748E+00   0.00000000E+00
 23.    7.   0.44941013E-01  -0.49495510E-09  -0.52742192E-08   0.00000000E+00
 23.    8.   0.38654961E-01   0.23459865E-01   0.25863747E+00   0.00000000E+00
 23.    9.   0.21481148E-01   0.40633678E-01   0.49964923E+00   0.00000000E+00
 23.   10.  -0.19787176E-02   0.46919731E-01   0.70661072E+00   0.00000000E+00
 23.   11.  -0.25438583E-01   0.40633679E-01   0.86541785E+00   0.00000000E+00
 23.   12.  -0.42612397E-01   0.23459866E-01   0.96524820E+00   0.00000000E+00
 23.   13.  -0.48898449E-01   0.00000000E+00   0.99929847E+00   0.00000000E+00
 23.   14.  -0.35710520E-01   0.00000000E+00   0.17199613E+00   0.00000000E+00
 23.   15.  -0.33572435E-01  -0.79794406E-02   0.16613550E+00   0.00000000E+00
 23.   16.  -0.27731079E-01  -0.13820797E-01   0.14895302E+00   0.00000000E+00
 23.   17.  -0.19751639E-01  -0.15958881E-01   0.12161963E+00   0.00000000E+00
 23.   18.  -0.11772198E-01  -0.13820797E-01   0.85998064E-01   0.00000000E+00
 23.   19.  -0.59308420E-02  -0.79794407E-02   0.44515874E-01   0.00000000E+00
 23.   20.  -0.37927573E-02  -0.17818618E-09   0.89576804E-09   0.00000000E+00
 23.   21.  -0.59308419E-02   0.79794404E-02  -0.44515872E-01   0.00000000E+00
 23.   22.  -0.11772198E-01   0.13820796E-01  -0.85998062E-01   0.00000000E+00
 23.   23.  -0.19751638E-01   0.15958881E-01  -0.12161963E+00   0.00000000E+00
 23.   24.  -0.27731079E-01   0.13820797E-01  -0.14895301E+00   0.00000000E+00
 23.   25.  -0.33572435E-01   0.79794409E-02  -0.16613550E+00   0.00000000E+00
 23.   26.  -0.35710520E-01   0.00000000E+00  -0.17199613E+00   0.00000000E+00
 23.   27.   0.28381528E-01   0.00000000E+00   0.18653802E+00   0.00000000E+00
 23.   28.   0.26302919E-01   0.77574729E-02   0.18018189E+00   0.00000000E+00
 23.   29.   0.20624055E-01   0.13436337E-01   0.16154666E+00   0.00000000E+00
 23.   30.   0.12866582E-01   0.15514946E-01   0.13190230E+00   0.00000000E+00
 23.   31.   0.51091091E-02   0.13436337E-01   0.93269009E-01   0.00000000E+00
 23.   32.  -0.56975526E-03   0.77574730E-02   0.48279592E-01   0.00000000E+00
 23.   33.  -0.26483639E-02   0.16035149E-09   0.10117031E-08   0.00000000E+00
 23.   34.  -0.56975541E-03  -0.77574727E-02  -0.48279590E-01   0.00000000E+00
 23.   35.   0.51091088E-02  -0.13436337E-01  -0.93269007E-01   0.00000000E+00
 23.   36.   0.12866582E-01  -0.15514946E-01  -0.13190230E+00   0.00000000E+00
 23.   37.   0.20624055E-01  -0.13436337E-01  -0.16154666E+00   0.00000000E+00
 23.   38.   0.26302919E-01  -0.77574732E-02  -0.18018189E+00   0.00000000E+00
 23.   39.   0.28381528E-01   0.00000000E+00  -0.18653802E+00   0.00000000E+00
 23.   40.  -0.64450968E-02   0.00000000E+00  -0.28608434E+00   0.00000000E+00
 23.   41.  -0.58131247E-02  -0.23585520E-02  -0.27633625E+00   0.00000000E+00
 23.   42.  -0.40865448E-02  -0.40851318E-02  -0.24775630E+00   0.00000000E+00
 23.   43.  -0.17279929E-02  -0.47171039E-02  -0.20229218E+00   0.00000000E+00
 23.   44.   0.63055912E-03  -0.40851318E-02  -0.14304217E+00   0.00000000E+00
 23.   45.   0.23571390E-02  -0.23585520E-02  -0.74044076E-01   0.00000000E+00
 23.   46.   0.29891111E-02  -0.62086504E-10  -0.15111260E-08   0.00000000E+00
 23.   47.   0.23571390E-02   0.23585519E-02   0.74044073E-01   0.00000000E+00
 23.   48.   0.63055919E-03   0.40851318E-02   0.14304217E+00   0.00000000E+00
 23.   49.  -0.17279928E-02   0.47171039E-02   0.20229217E+00   0.00000000E+00
 23.   50.  -0.40865447E-02   0.40851319E-02   0.24775630E+00   0.00000000E+00
 23.   51.  -0.58131246E-02   0.23585521E-02   0.27633625E+00   0.00000000E+00
 23.   52.  -0.64450968E-02   0.00000000E+00   0.28608434E+00   0.00000000E+00
 23.   53.  -0.35116987E-01   0.00000000E+00   0.39417717E+00   0.00000000E+00
 23.   54.  -0.32966122E-01  -0.80271372E-02   0.38074591E+00   0.00000000E+00
 23.   55.  -0.27089850E-01  -0.13903409E-01   0.34136744E+00   0.00000000E+00
 23.   56.  -0.19062713E-01  -0.16054274E-01   0.27872535E+00   0.00000000E+00
 23.   57.  -0.11035576E-01  -0.13903410E-01   0.19708858E+00   0.00000000E+00
 23.   58.  -0.51593035E-02  -0.80271373E-02   0.10202056E+00   0.00000000E+00
 23.   59.  -0.30084385E-02  -0.16160170E-09   0.20827969E-08   0.00000000E+00
 23.   60.  -0.51593033E-02   0.80271370E-02  -0.10202055E+00   0.00000000E+00
 23.   61.  -0.11035576E-01   0.13903409E-01  -0.19708858E+00   0.00000000E+00
 23.   62.  -0.19062713E-01   0.16054274E-01  -0.27872535E+00   0.00000000E+00
 23.   63.  -0.27089850E-01   0.13903410E-01  -0.34136744E+00   0.00000000E+00
 23.   64.  -0.32966122E-01   0.80271375E-02  -0.38074590E+00   0.00000000E+00
 23.   65.  -0.35116987E-01   0.00000000E+00  -0.39417717E+00   0.00000000E+00
 23.   66.   0.35116987E-01   0.00000000E+00   0.39417717E+00   0.00000000E+00
 23.   67.   0.32966122E-01   0.80271372E-02   0.38074591E+00   0.00000000E+00
 23.   68.   0.27089850E-01   0.13903409E-01   0.34136744E+00   0.00000000E+00
 23.   69.   0.19062713E-01   0.16054274E-01   0.27872535E+00   0.00000000E+00
 23.   70.   0.11035576E-01   0.13903410E-01   0.19708858E+00   0.00000000E+00
 23.   71.   0.51593035E-02   0.80271373E-02   0.10202056E+00   0.00000000E+00
 23.   72.   0.30084385E-02   0.16684206E-09   0.20833254E-08   0.00000000E+00
 23.   73.   0.51593034E-02  -0.80271370E-02  -0.10202055E+00   0.00000000E+00
 23.   74.   0.11035576E-01  -0.13903409E-01  -0.19708858E+00   0.00000000E+00
 23.   75.   0.19062713E-01  -0.16054274E-01  -0.27872535E+00   0.00000000E+00
 23.   76.   0.27089850E-01  -0.13903410E-01  -0.34136744E+00   0.00000000E+00
 23.   77.   0.32966122E-01  -0.80271375E-02  -0.38074590E+00   0.00000000E+00
 23.   78.   0.35116987E-01   0.00000000E+00  -0.39417717E+00   0.00000000E+00
 24.    1.   0.76676733E-03   0.00000000E+00  -0.24297848E-02   0.00000000E+00
 24.    2.   0.22936285E-03  -0.85599365E-03   0.57217528E-10   0.00000000E+00
 24.    3.  -0.66403989E-03  -0.38338363E-03   0.24297850E-02   0.00000000E+00
 24.    4.  -0.62663082E-03   0.62663092E-03  -0.12875892E-09   0.00000000E+00
 24.    5.   0.38338368E-03   0.66403996E-03  -0.24297854E-02   0.00000000E+00
 24.    6.   0.85599375E-03  -0.22936285E-03  -0.16237290E-09   0.00000000E+00
 24.    7.   0.48110705E-10  -0.76676730E-03   0.24297850E-02   0.00000000E+00
 24.    8.  -0.85599368E-03  -0.22936283E-03   0.33231763E-10   0.00000000E+00
 24.    9.  -0.38338364E-03   0.66403998E-03  -0.24297850E-02   0.00000000E+00
 24.   10.   0.62663084E-03   0.62663088E-03  -0.15432406E-10   0.00000000E+00
 24.   11.   0.66404004E-03  -0.38338365E-03   0.24297849E-02   0.00000000E+00
 24.   12.  -0.22936265E-03  -0.85599371E-03   0.22042672E-09   0.00000000E+00
 24.   13.  -0.76676715E-03   0.00000000E+00  -0.24297848E-02   0.00000000E+00
 24.   14.   0.16351434E-01   0.00000000E+00  -0.15912330E+00   0.00000000E+00
 24.   15.   0.54540576E-02  -0.20354820E-01   0.54772285E-10   0.00000000E+00
 24.   16.  -0.14160758E-01  -0.81757172E-02   0.15912330E+00   0.00000000E+00
 24.   17.  -0.14900763E-01   0.14900762E-01   0.24647316E-08   0.00000000E+00
 24.   18.   0.81757169E-02   0.14160758E-01  -0.15912330E+00   0.00000000E+00
 24.   19.   0.20354820E-01  -0.54540573E-02  -0.25449460E-08   0.00000000E+00
 24.   20.   0.53985757E-09  -0.16351434E-01   0.15912330E+00   0.00000000E+00
 24.   21.  -0.20354820E-01  -0.54540581E-02   0.71854067E-08   0.00000000E+00
 24.   22.  -0.81757179E-02   0.14160757E-01  -0.15912330E+00   0.00000000E+00
 24.   23.   0.14900762E-01   0.14900763E-01  -0.75246827E-08   0.00000000E+00
 24.   24.   0.14160758E-01  -0.81757163E-02   0.15912330E+00   0.00000000E+00
 24.   25.  -0.54540568E-02  -0.20354820E-01   0.99089173E-08   0.00000000E+00
 24.   26.  -0.16351434E-01   0.00000000E+00  -0.15912330E+00   0.00000000E+00
 24.   27.   0.24703903E-01   0.00000000E+00  -0.80509137E+00   0.00000000E+00
 24.   28.   0.17740137E-01  -0.66207094E-01  -0.17486130E-09   0.00000000E+00
 24.   29.  -0.21394207E-01  -0.12351952E-01   0.80509137E+00   0.00000000E+00
 24.   30.  -0.48466957E-01   0.48466957E-01   0.12133088E-07   0.00000000E+00
 24.   31.   0.12351951E-01   0.21394208E-01  -0.80509137E+00   0.00000000E+00
 24.   32.   0.66207094E-01  -0.17740137E-01  -0.12651644E-07   0.00000000E+00
 24.   33.   0.19891806E-08  -0.24703903E-01   0.80509137E+00   0.00000000E+00
 24.   34.  -0.66207094E-01  -0.17740138E-01   0.37913664E-07   0.00000000E+00
 24.   35.  -0.12351954E-01   0.21394206E-01  -0.80509137E+00   0.00000000E+00
 24.   36.   0.48466956E-01   0.48466957E-01  -0.38117075E-07   0.00000000E+00
 24.   37.   0.21394209E-01  -0.12351948E-01   0.80509137E+00   0.00000000E+00
 24.   38.  -0.17740137E-01  -0.66207094E-01   0.49746170E-07   0.00000000E+00
 24.   39.  -0.24703903E-01   0.00000000E+00  -0.80509137E+00   0.00000000E+00
 24.   40.  -0.44976398E-01   0.00000000E+00  -0.64766152E+00   0.00000000E+00
 24.   41.   0.10509407E-01  -0.39221640E-01  -0.79547082E-10   0.00000000E+00
 24.   42.   0.38950703E-01   0.22488199E-01   0.64766152E+00   0.00000000E+00
 24.   43.  -0.28712233E-01   0.28712234E-01   0.97503721E-08   0.00000000E+00
 24.   44.  -0.22488199E-01  -0.38950702E-01  -0.64766152E+00   0.00000000E+00
 24.   45.   0.39221640E-01  -0.10509408E-01  -0.10597278E-07   0.00000000E+00
 24.   46.   0.13744037E-08   0.44976397E-01   0.64766152E+00   0.00000000E+00
 24.   47.  -0.39221641E-01  -0.10509405E-01   0.29929179E-07   0.00000000E+00
 24.   48.   0.22488197E-01  -0.38950704E-01  -0.64766152E+00   0.00000000E+00
 24.   49.   0.28712235E-01   0.28712232E-01  -0.30456010E-07   0.00000000E+00
 24.   50.  -0.38950701E-01   0.22488201E-01   0.64766152E+00   0.00000000E+00
 24.   51.  -0.10509410E-01  -0.39221640E-01   0.40367413E-07   0.00000000E+00
 24.   52.   0.44976398E-01   0.00000000E+00  -0.64766152E+00   0.00000000E+00
 24.   53.  -0.73470378E-01   0.00000000E+00   0.99974998E+00   0.00000000E+00
 24.   54.  -0.12044690E-01   0.44951396E-01   0.10186714E-08   0.00000000E+00
 24.   55.   0.63627214E-01   0.36735190E-01  -0.99974998E+00   0.00000000E+00
 24.   56.   0.32906706E-01  -0.32906705E-01  -0.15174929E-07   0.00000000E+00
 24.   57.  -0.36735189E-01  -0.63627215E-01   0.99974998E+00   0.00000000E+00
 24.   58.  -0.44951396E-01   0.12044689E-01   0.15335375E-07   0.00000000E+00
 24.   59.  -0.11297912E-08   0.73470379E-01  -0.99974998E+00   0.00000000E+00
 24.   60.   0.44951395E-01   0.12044693E-01  -0.47242542E-07   0.00000000E+00
 24.   61.   0.36735191E-01  -0.63627213E-01   0.99974998E+00   0.00000000E+00
 24.   62.  -0.32906703E-01  -0.32906708E-01   0.47230512E-07   0.00000000E+00
 24.   63.  -0.63627215E-01   0.36735187E-01  -0.99974998E+00   0.00000000E+00
 24.   64.   0.12044686E-01   0.44951397E-01  -0.61504304E-07   0.00000000E+00
 24.   65.   0.73470378E-01   0.00000000E+00   0.99974997E+00   0.00000000E+00
 24.   66.   0.73470378E-01   0.00000000E+00   0.99974998E+00   0.00000000E+00
 24.   67.   0.12044690E-01  -0.44951396E-01   0.10118732E-08   0.00000000E+00
 24.   68.  -0.63627214E-01  -0.36735189E-01  -0.99974998E+00   0.00000000E+00
 24.   69.  -0.32906706E-01   0.32906705E-01  -0.15176547E-07   0.00000000E+00
 24.   70.   0.36735189E-01   0.63627215E-01   0.99974998E+00   0.00000000E+00
 24.   71.   0.44951396E-01  -0.12044689E-01   0.15319005E-07   0.00000000E+00
 24.   72.   0.99823111E-09  -0.73470379E-01  -0.99974998E+00   0.00000000E+00
 24.   73.  -0.44951395E-01  -0.12044693E-01  -0.47238401E-07   0.00000000E+00
 24.   74.  -0.36735191E-01   0.63627213E-01   0.99974998E+00   0.00000000E+00
 24.   75.   0.32906703E-01   0.32906708E-01   0.47227467E-07   0.00000000E+00
 24.   76.   0.63627215E-01  -0.36735188E-01  -0.99974998E+00   0.00000000E+00
 24.   77.  -0.12044686E-01  -0.44951397E-01  -0.61491757E-07   0.00000000E+00
 24.   78.  -0.73470378E-01   0.00000000E+00   0.99974997E+00   0.00000000E+00
