mode k UX UY UZ VOLT(zero: no VOLT dof)
  1.    1.   0.43652157E+00   0.00000000E+00   0.23054396E+00   0.00000000E+00
  1.    2.   0.43652157E+00   0.66164955E-10   0.23428947E+00   0.00000000E+00
  1.    3.   0.43652157E+00   0.12401550E-09   0.24527075E+00   0.00000000E+00
  1.    4.   0.43652157E+00   0.17134991E-09   0.26273945E+00   0.00000000E+00
  1.    5.   0.43652157E+00   0.21125962E-09   0.28550510E+00   0.00000000E+00
  1.    6.   0.43652157E+00   0.24287697E-09   0.31201627E+00   0.00000000E+00
  1.    7.   0.43652157E+00   0.25823458E-09   0.34046625E+00   0.00000000E+00
  1.    8.   0.43652157E+00   0.25422235E-09   0.36891623E+00   0.00000000E+00
  1.    9.   0.43652157E+00   0.23174198E-09   0.39542739E+00   0.00000000E+00
  1.   10.   0.43652157E+00   0.19837018E-09   0.41819305E+00   0.00000000E+00
  1.   11.   0.43652157E+00   0.15472963E-09   0.43566175E+00   0.00000000E+00
  1.   12.   0.43652157E+00   0.87915242E-10   0.44664303E+00   0.00000000E+00
  1.   13.   0.43652157E+00   0.00000000E+00   0.45038854E+00   0.00000000E+00
  1.   14.   0.43652157E+00   0.00000000E+00   0.93141097E-01   0.00000000E+00
  1.   15.   0.43652157E+00   0.89263918E-10   0.10156850E+00   0.00000000E+00
  1.   16.   0.43652157E+00   0.16945671E-09   0.12627638E+00   0.00000000E+00
  1.   17.   0.43652157E+00   0.23225732E-09   0.16558095E+00   0.00000000E+00
  1.   18.   0.43652157E+00   0.27762547E-09   0.21680367E+00   0.00000000E+00
  1.   19.   0.43652157E+00   0.30700857E-09   0.27645378E+00   0.00000000E+00
  1.   20.   0.43652157E+00   0.32303457E-09   0.34046624E+00   0.00000000E+00
  1.   21.   0.43652157E+00   0.32502759E-09   0.40447870E+00   0.00000000E+00
  1.   22.   0.43652157E+00   0.31046704E-09   0.46412882E+00   0.00000000E+00
  1.   23.   0.43652157E+00   0.27557473E-09   0.51535154E+00   0.00000000E+00
  1.   24.   0.43652157E+00   0.21697278E-09   0.55465611E+00   0.00000000E+00
  1.   25.   0.43652157E+00   0.12324929E-09   0.57936400E+00   0.00000000E+00
  1.   26.   0.43652157E+00   0.00000000E+00   0.58779140E+00   0.00000000E+00
  1.   27.   0.43652157E+00   0.00000000E+00  -0.44261766E-01   0.00000000E+00
  1.   28.   0.43652157E+00   0.11561746E-09  -0.31152477E-01   0.00000000E+00
  1.   29.   0.43652157E+00   0.22257592E-09   0.72820118E-02   0.00000000E+00
  1.   30.   0.43652157E+00   0.30557530E-09   0.68422455E-01   0.00000000E+00
  1.   31.   0.43652157E+00   0.35657751E-09   0.14810223E+00   0.00000000E+00
  1.   32.   0.43652157E+00   0.38289383E-09   0.24089130E+00   0.00000000E+00
  1.   33.   0.43652157E+00   0.39486360E-09   0.34046624E+00   0.00000000E+00
  1.   34.   0.43652157E+00   0.39644737E-09   0.44004117E+00   0.00000000E+00
  1.   35.   0.43652157E+00   0.38599920E-09   0.53283025E+00   0.00000000E+00
  1.   36.   0.43652157E+00   0.34706053E-09   0.61251003E+00   0.00000000E+00
  1.   37.   0.43652157E+00   0.27474234E-09   0.67365048E+00   0.00000000E+00
  1.   38.   0.43652157E+00   0.16124580E-09   0.71208498E+00   0.00000000E+00
  1.   39.   0.43652157E+00   0.00000000E+00   0.72519427E+00   0.00000000E+00
  1.   40.   0.43652157E+00   0.00000000E+00  -0.18166463E+00   0.00000000E+00
  1.   41.   0.43652157E+00   0.13838711E-09  -0.16387345E+00   0.00000000E+00
  1.   42.   0.43652157E+00   0.26863293E-09  -0.11171236E+00   0.00000000E+00
  1.   43.   0.43652157E+00   0.35903979E-09  -0.28736043E-01   0.00000000E+00
  1.   44.   0.43652157E+00   0.40384988E-09   0.79400796E-01   0.00000000E+00
  1.   45.   0.43652157E+00   0.42294072E-09   0.20532882E+00   0.00000000E+00
  1.   46.   0.43652157E+00   0.43274717E-09   0.34046623E+00   0.00000000E+00
  1.   47.   0.43652157E+00   0.43711144E-09   0.47560365E+00   0.00000000E+00
  1.   48.   0.43652157E+00   0.43339964E-09   0.60153167E+00   0.00000000E+00
  1.   49.   0.43652157E+00   0.39484948E-09   0.70966852E+00   0.00000000E+00
  1.   50.   0.43652157E+00   0.31061724E-09   0.79264485E+00   0.00000000E+00
  1.   51.   0.43652157E+00   0.19436509E-09   0.84480595E+00   0.00000000E+00
  1.   52.   0.43652157E+00   0.00000000E+00   0.86259713E+00   0.00000000E+00
  1.   53.   0.43652157E+00   0.00000000E+00  -0.31906749E+00   0.00000000E+00
  1.   54.   0.43652157E+00   0.14912487E-09  -0.29659442E+00   0.00000000E+00
  1.   55.   0.43652157E+00   0.30218787E-09  -0.23070673E+00   0.00000000E+00
  1.   56.   0.43652157E+00   0.39392933E-09  -0.12589454E+00   0.00000000E+00
  1.   57.   0.43652157E+00   0.43006251E-09   0.10699360E-01   0.00000000E+00
  1.   58.   0.43652157E+00   0.43920427E-09   0.16976633E+00   0.00000000E+00
  1.   59.   0.43652157E+00   0.44500822E-09   0.34046622E+00   0.00000000E+00
  1.   60.   0.43652157E+00   0.46013758E-09   0.51116612E+00   0.00000000E+00
  1.   61.   0.43652157E+00   0.47170415E-09   0.67023310E+00   0.00000000E+00
  1.   62.   0.43652157E+00   0.42427005E-09   0.80682701E+00   0.00000000E+00
  1.   63.   0.43652157E+00   0.32047699E-09   0.91163922E+00   0.00000000E+00
  1.   64.   0.43652157E+00   0.22478478E-09   0.97752693E+00   0.00000000E+00
  1.   65.   0.43652157E+00   0.00000000E+00   0.10000000E+01   0.00000000E+00
  1.   66.   0.41453711E+00   0.00000000E+00  -0.31906749E+00   0.00000000E+00
  1.   67.   0.41453711E+00  -0.15148257E-09  -0.29659442E+00   0.00000000E+00
  1.   68.   0.41453711E+00  -0.30430666E-09  -0.23070673E+00   0.00000000E+00
  1.   69.   0.41453711E+00  -0.39221751E-09  -0.12589454E+00   0.00000000E+00
  1.   70.   0.41453711E+00  -0.42078616E-09   0.10699360E-01   0.00000000E+00
  1.   71.   0.41453711E+00  -0.41919786E-09   0.16976633E+00   0.00000000E+00
  1.   72.   0.41453711E+00  -0.41371474E-09   0.34046622E+00   0.00000000E+00
  1.   73.   0.41453711E+00  -0.41785139E-09   0.51116612E+00   0.00000000E+00
  1.   74.   0.41453711E+00  -0.43082988E-09   0.67023310E+00   0.00000000E+00
  1.   75.   0.41453711E+00  -0.39388057E-09   0.80682701E+00   0.00000000E+00
  1.   76.   0.41453711E+00  -0.30334951E-09   0.91163922E+00   0.00000000E+00
  1.   77.   0.41453711E+00  -0.21436866E-09   0.97752693E+00   0.00000000E+00
  1.   78.   0.41453711E+00   0.00000000E+00   0.10000000E+01   0.00000000E+00
  2.    1.  -0.37617252E+00   0.00000000E+00   0.70107664E+00   0.00000000E+00
  2.    2.  -0.37617252E+00   0.28218777E-10   0.69903953E+00   0.00000000E+00
  2.    3.  -0.37617252E+00   0.33850769E-10   0.69306702E+00   0.00000000E+00
  2.    4.  -0.37617252E+00   0.26418656E-10   0.68356612E+00   0.00000000E+00
  2.    5.  -0.37617252E+00   0.27271252E-10   0.67118431E+00   0.00000000E+00
  2.    6.  -0.37617252E+00   0.35831926E-10   0.65676538E+00   0.00000000E+00
  2.    7.  -0.37617252E+00   0.37605407E-10   0.64129197E+00   0.00000000E+00
  2.    8.  -0.37617252E+00   0.28401646E-10   0.62581856E+00   0.00000000E+00
  2.    9.  -0.37617252E+00   0.12900643E-10   0.61139963E+00   0.00000000E+00
  2.   10.  -0.37617252E+00   0.69546810E-11   0.59901782E+00   0.00000000E+00
  2.   11.  -0.37617252E+00   0.12674577E-10   0.58951692E+00   0.00000000E+00
  2.   12.  -0.37617252E+00   0.13068882E-10   0.58354441E+00   0.00000000E+00
  2.   13.  -0.37617252E+00   0.00000000E+00   0.58150729E+00   0.00000000E+00
  2.   14.  -0.37617252E+00   0.00000000E+00   0.77580748E+00   0.00000000E+00
  2.   15.  -0.37617252E+00   0.78717980E-11   0.77122398E+00   0.00000000E+00
  2.   16.  -0.37617252E+00  -0.76117127E-12   0.75778582E+00   0.00000000E+00
  2.   17.  -0.37617252E+00  -0.16321680E-10   0.73640880E+00   0.00000000E+00
  2.   18.  -0.37617252E+00  -0.21720396E-10   0.70854973E+00   0.00000000E+00
  2.   19.  -0.37617252E+00  -0.23689526E-10   0.67610715E+00   0.00000000E+00
  2.   20.  -0.37617252E+00  -0.27840649E-10   0.64129197E+00   0.00000000E+00
  2.   21.  -0.37617252E+00  -0.36918184E-10   0.60647679E+00   0.00000000E+00
  2.   22.  -0.37617252E+00  -0.44484775E-10   0.57403421E+00   0.00000000E+00
  2.   23.  -0.37617252E+00  -0.42971449E-10   0.54617513E+00   0.00000000E+00
  2.   24.  -0.37617252E+00  -0.24471741E-10   0.52479811E+00   0.00000000E+00
  2.   25.  -0.37617252E+00  -0.53259700E-11   0.51135995E+00   0.00000000E+00
  2.   26.  -0.37617252E+00   0.00000000E+00   0.50677645E+00   0.00000000E+00
  2.   27.  -0.37617252E+00   0.00000000E+00   0.85053832E+00   0.00000000E+00
  2.   28.  -0.37617252E+00   0.50728507E-11   0.84340843E+00   0.00000000E+00
  2.   29.  -0.37617252E+00  -0.20689698E-10   0.82250463E+00   0.00000000E+00
  2.   30.  -0.37617252E+00  -0.46695643E-10   0.78925149E+00   0.00000000E+00
  2.   31.  -0.37617252E+00  -0.60302596E-10   0.74591515E+00   0.00000000E+00
  2.   32.  -0.37617252E+00  -0.68041097E-10   0.69544892E+00   0.00000000E+00
  2.   33.  -0.37617252E+00  -0.82234074E-10   0.64129197E+00   0.00000000E+00
  2.   34.  -0.37617252E+00  -0.10133004E-09   0.58713503E+00   0.00000000E+00
  2.   35.  -0.37617252E+00  -0.10864966E-09   0.53666879E+00   0.00000000E+00
  2.   36.  -0.37617252E+00  -0.95210122E-10   0.49333245E+00   0.00000000E+00
  2.   37.  -0.37617252E+00  -0.56557369E-10   0.46007930E+00   0.00000000E+00
  2.   38.  -0.37617252E+00  -0.13280180E-10   0.43917550E+00   0.00000000E+00
  2.   39.  -0.37617252E+00   0.00000000E+00   0.43204560E+00   0.00000000E+00
  2.   40.  -0.37617252E+00   0.00000000E+00   0.92526916E+00   0.00000000E+00
  2.   41.  -0.37617252E+00   0.10216392E-10   0.91559287E+00   0.00000000E+00
  2.   42.  -0.37617252E+00  -0.45592407E-10   0.88722343E+00   0.00000000E+00
  2.   43.  -0.37617252E+00  -0.84118879E-10   0.84209417E+00   0.00000000E+00
  2.   44.  -0.37617252E+00  -0.95691891E-10   0.78328057E+00   0.00000000E+00
  2.   45.  -0.37617252E+00  -0.99433871E-10   0.71479068E+00   0.00000000E+00
  2.   46.  -0.37617252E+00  -0.12465125E-09   0.64129198E+00   0.00000000E+00
  2.   47.  -0.37617252E+00  -0.15420396E-09   0.56779327E+00   0.00000000E+00
  2.   48.  -0.37617252E+00  -0.16756964E-09   0.49930337E+00   0.00000000E+00
  2.   49.  -0.37617252E+00  -0.14736351E-09   0.44048976E+00   0.00000000E+00
  2.   50.  -0.37617252E+00  -0.88410235E-10   0.39536049E+00   0.00000000E+00
  2.   51.  -0.37617252E+00  -0.17511899E-10   0.36699104E+00   0.00000000E+00
  2.   52.  -0.37617252E+00   0.00000000E+00   0.35731475E+00   0.00000000E+00
  2.   53.  -0.37617252E+00   0.00000000E+00   0.10000000E+01   0.00000000E+00
  2.   54.  -0.37617252E+00   0.21954576E-10   0.98777732E+00   0.00000000E+00
  2.   55.  -0.37617252E+00  -0.81086840E-10   0.95194224E+00   0.00000000E+00
  2.   56.  -0.37617252E+00  -0.12895838E-09   0.89493686E+00   0.00000000E+00
  2.   57.  -0.37617252E+00  -0.12528969E-09   0.82064599E+00   0.00000000E+00
  2.   58.  -0.37617252E+00  -0.12577208E-09   0.73413245E+00   0.00000000E+00
  2.   59.  -0.37617252E+00  -0.16578023E-09   0.64129198E+00   0.00000000E+00
  2.   60.  -0.37617252E+00  -0.19490886E-09   0.54845150E+00   0.00000000E+00
  2.   61.  -0.37617252E+00  -0.20646654E-09   0.46193795E+00   0.00000000E+00
  2.   62.  -0.37617252E+00  -0.18467869E-09   0.38764708E+00   0.00000000E+00
  2.   63.  -0.37617252E+00  -0.10972514E-09   0.33064168E+00   0.00000000E+00
  2.   64.  -0.37617252E+00  -0.14780860E-10   0.29480659E+00   0.00000000E+00
  2.   65.  -0.37617252E+00   0.00000000E+00   0.28258391E+00   0.00000000E+00
  2.   66.  -0.36421558E+00   0.00000000E+00   0.10000000E+01   0.00000000E+00
  2.   67.  -0.36421558E+00  -0.17983169E-10   0.98777732E+00   0.00000000E+00
  2.   68.  -0.36421558E+00   0.86337189E-10   0.95194224E+00   0.00000000E+00
  2.   69.  -0.36421558E+00   0.13931022E-09   0.89493686E+00   0.00000000E+00
  2.   70.  -0.36421558E+00   0.14296364E-09   0.82064599E+00   0.00000000E+00
  2.   71.  -0.36421558E+00   0.15436822E-09   0.73413245E+00   0.00000000E+00
  2.   72.  -0.36421558E+00   0.19847282E-09   0.64129198E+00   0.00000000E+00
  2.   73.  -0.36421558E+00   0.22958693E-09   0.54845150E+00   0.00000000E+00
  2.   74.  -0.36421558E+00   0.23390166E-09   0.46193795E+00   0.00000000E+00
  2.   75.  -0.36421558E+00   0.19918268E-09   0.38764708E+00   0.00000000E+00
  2.   76.  -0.36421558E+00   0.11195752E-09   0.33064168E+00   0.00000000E+00
  2.   77.  -0.36421558E+00   0.15023966E-10   0.29480659E+00   0.00000000E+00
  2.   78.  -0.36421558E+00   0.00000000E+00   0.28258391E+00   0.00000000E+00
  3.    1.   0.31591303E+00   0.00000000E+00   0.21306797E+00   0.00000000E+00
  3.    2.   0.31591303E+00   0.62713650E-10   0.20770515E+00   0.00000000E+00
  3.    3.   0.31591303E+00   0.11337779E-09   0.19198219E+00   0.00000000E+00
  3.    4.   0.31591303E+00   0.14868815E-09   0.16697056E+00   0.00000000E+00
  3.    5.   0.31591303E+00   0.17188108E-09   0.13437476E+00   0.00000000E+00
  3.    6.   0.31591303E+00   0.18399288E-09   0.96416160E-01   0.00000000E+00
  3.    7.   0.31591303E+00   0.18302247E-09   0.55681560E-01   0.00000000E+00
  3.    8.   0.31591303E+00   0.16971991E-09   0.14946960E-01   0.00000000E+00
  3.    9.   0.31591303E+00   0.14577346E-09  -0.23011644E-01   0.00000000E+00
  3.   10.   0.31591303E+00   0.11333388E-09  -0.55607437E-01   0.00000000E+00
  3.   11.   0.31591303E+00   0.75367226E-10  -0.80619069E-01   0.00000000E+00
  3.   12.   0.31591303E+00   0.36453518E-10  -0.96342039E-01   0.00000000E+00
  3.   13.   0.31591303E+00   0.00000000E+00  -0.10170485E+00   0.00000000E+00
  3.   14.   0.31591303E+00   0.00000000E+00   0.40980098E+00   0.00000000E+00
  3.   15.   0.31591303E+00   0.75036955E-10   0.39773465E+00   0.00000000E+00
  3.   16.   0.31591303E+00   0.13273835E-09   0.36235797E+00   0.00000000E+00
  3.   17.   0.31591303E+00   0.16834669E-09   0.30608180E+00   0.00000000E+00
  3.   18.   0.31591303E+00   0.18700862E-09   0.23274127E+00   0.00000000E+00
  3.   19.   0.31591303E+00   0.19134466E-09   0.14733441E+00   0.00000000E+00
  3.   20.   0.31591303E+00   0.18439106E-09   0.55681560E-01   0.00000000E+00
  3.   21.   0.31591303E+00   0.16687731E-09  -0.35971290E-01   0.00000000E+00
  3.   22.   0.31591303E+00   0.13900884E-09  -0.12137815E+00   0.00000000E+00
  3.   23.   0.31591303E+00   0.10307481E-09  -0.19471868E+00   0.00000000E+00
  3.   24.   0.31591303E+00   0.60804869E-10  -0.25099485E+00   0.00000000E+00
  3.   25.   0.31591303E+00   0.23675828E-10  -0.28637154E+00   0.00000000E+00
  3.   26.   0.31591303E+00   0.00000000E+00  -0.29843787E+00   0.00000000E+00
  3.   27.   0.31591303E+00   0.00000000E+00   0.60653398E+00   0.00000000E+00
  3.   28.   0.31591303E+00   0.10797181E-09   0.58776414E+00   0.00000000E+00
  3.   29.   0.31591303E+00   0.17790831E-09   0.53273375E+00   0.00000000E+00
  3.   30.   0.31591303E+00   0.21772360E-09   0.44519304E+00   0.00000000E+00
  3.   31.   0.31591303E+00   0.23146016E-09   0.33110777E+00   0.00000000E+00
  3.   32.   0.31591303E+00   0.22563803E-09   0.19825266E+00   0.00000000E+00
  3.   33.   0.31591303E+00   0.20971979E-09   0.55681560E-01   0.00000000E+00
  3.   34.   0.31591303E+00   0.18534041E-09  -0.86889540E-01   0.00000000E+00
  3.   35.   0.31591303E+00   0.14963873E-09  -0.21974465E+00   0.00000000E+00
  3.   36.   0.31591303E+00   0.10290581E-09  -0.33382993E+00   0.00000000E+00
  3.   37.   0.31591303E+00   0.45510255E-10  -0.42137064E+00   0.00000000E+00
  3.   38.   0.31591303E+00   0.13443260E-12  -0.47640103E+00   0.00000000E+00
  3.   39.   0.31591303E+00   0.00000000E+00  -0.49517088E+00   0.00000000E+00
  3.   40.   0.31591303E+00   0.00000000E+00   0.80326699E+00   0.00000000E+00
  3.   41.   0.31591303E+00   0.14807957E-09   0.77779364E+00   0.00000000E+00
  3.   42.   0.31591303E+00   0.21016969E-09   0.70310953E+00   0.00000000E+00
  3.   43.   0.31591303E+00   0.24038284E-09   0.58430429E+00   0.00000000E+00
  3.   44.   0.31591303E+00   0.24537233E-09   0.42947428E+00   0.00000000E+00
  3.   45.   0.31591303E+00   0.23327223E-09   0.24917091E+00   0.00000000E+00
  3.   46.   0.31591303E+00   0.21278552E-09   0.55681560E-01   0.00000000E+00
  3.   47.   0.31591303E+00   0.18512983E-09  -0.13780779E+00   0.00000000E+00
  3.   48.   0.31591303E+00   0.14874546E-09  -0.31811116E+00   0.00000000E+00
  3.   49.   0.31591303E+00   0.97684046E-10  -0.47294117E+00   0.00000000E+00
  3.   50.   0.31591303E+00   0.26562182E-10  -0.59174643E+00   0.00000000E+00
  3.   51.   0.31591303E+00  -0.35153432E-10  -0.66643053E+00   0.00000000E+00
  3.   52.   0.31591303E+00   0.00000000E+00  -0.69190390E+00   0.00000000E+00
  3.   53.   0.31591303E+00   0.00000000E+00   0.10000000E+01   0.00000000E+00
  3.   54.   0.31591303E+00   0.18021345E-09   0.96782313E+00   0.00000000E+00
  3.   55.   0.31591303E+00   0.21261031E-09   0.87348532E+00   0.00000000E+00
  3.   56.   0.31591303E+00   0.23372269E-09   0.72341553E+00   0.00000000E+00
  3.   57.   0.31591303E+00   0.24003277E-09   0.52784078E+00   0.00000000E+00
  3.   58.   0.31591303E+00   0.22006586E-09   0.30008916E+00   0.00000000E+00
  3.   59.   0.31591303E+00   0.19347819E-09   0.55681560E-01   0.00000000E+00
  3.   60.   0.31591303E+00   0.16521031E-09  -0.18872604E+00   0.00000000E+00
  3.   61.   0.31591303E+00   0.13026477E-09  -0.41647766E+00   0.00000000E+00
  3.   62.   0.31591303E+00   0.83909778E-10  -0.61205242E+00   0.00000000E+00
  3.   63.   0.31591303E+00   0.83823360E-11  -0.76212221E+00   0.00000000E+00
  3.   64.   0.31591303E+00  -0.76789450E-10  -0.85646003E+00   0.00000000E+00
  3.   65.   0.31591303E+00   0.00000000E+00  -0.88863691E+00   0.00000000E+00
  3.   66.   0.34739032E+00   0.00000000E+00   0.10000000E+01   0.00000000E+00
  3.   67.   0.34739032E+00  -0.17645978E-09   0.96782313E+00   0.00000000E+00
  3.   68.   0.34739032E+00  -0.21054513E-09   0.87348532E+00   0.00000000E+00
  3.   69.   0.34739032E+00  -0.23265779E-09   0.72341553E+00   0.00000000E+00
  3.   70.   0.34739032E+00  -0.24294092E-09   0.52784078E+00   0.00000000E+00
  3.   71.   0.34739032E+00  -0.22870762E-09   0.30008916E+00   0.00000000E+00
  3.   72.   0.34739032E+00  -0.21010241E-09   0.55681560E-01   0.00000000E+00
  3.   73.   0.34739032E+00  -0.18942684E-09  -0.18872604E+00   0.00000000E+00
  3.   74.   0.34739032E+00  -0.15866534E-09  -0.41647766E+00   0.00000000E+00
  3.   75.   0.34739032E+00  -0.10936313E-09  -0.61205242E+00   0.00000000E+00
  3.   76.   0.34739032E+00  -0.25099085E-10  -0.76212221E+00   0.00000000E+00
  3.   77.   0.34739032E+00   0.65353504E-10  -0.85646003E+00   0.00000000E+00
  3.   78.   0.34739032E+00   0.00000000E+00  -0.88863691E+00   0.00000000E+00
  4.    1.  -0.87482777E-02   0.00000000E+00   0.40392213E-01   0.00000000E+00
  4.    2.  -0.84729493E-02   0.23491682E-02   0.34980682E-01   0.00000000E+00
  4.    3.  -0.76523938E-02   0.45060544E-02   0.20196107E-01   0.00000000E+00
  4.    4.  -0.63103406E-02   0.63103368E-02   0.17768798E-08   0.00000000E+00
  4.    5.  -0.45060582E-02   0.76523900E-02  -0.20196104E-01   0.00000000E+00
  4.    6.  -0.23491721E-02   0.84729455E-02  -0.34980679E-01   0.00000000E+00
  4.    7.  -0.38710290E-08   0.87482739E-02  -0.40392210E-01   0.00000000E+00
  4.    8.   0.23491644E-02   0.84729456E-02  -0.34980681E-01   0.00000000E+00
  4.    9.   0.45060506E-02   0.76523901E-02  -0.20196107E-01   0.00000000E+00
  4.   10.   0.63103329E-02   0.63103369E-02  -0.20863861E-08   0.00000000E+00
  4.   11.   0.76523862E-02   0.45060546E-02   0.20196103E-01   0.00000000E+00
  4.   12.   0.84729418E-02   0.23491685E-02   0.34980679E-01   0.00000000E+00
  4.   13.   0.87482702E-02   0.00000000E+00   0.40392210E-01   0.00000000E+00
  4.   14.  -0.14624033E-01   0.00000000E+00   0.18278556E+00   0.00000000E+00
  4.   15.  -0.14333301E-01   0.45596390E-02   0.15829694E+00   0.00000000E+00
  4.   16.  -0.13359327E-01   0.85149977E-02   0.91392781E-01   0.00000000E+00
  4.   17.  -0.11474937E-01   0.11474934E-01   0.40606691E-08   0.00000000E+00
  4.   18.  -0.85150017E-02   0.13359323E-01  -0.91392772E-01   0.00000000E+00
  4.   19.  -0.45596430E-02   0.14333297E-01  -0.15829693E+00   0.00000000E+00
  4.   20.  -0.39977196E-08   0.14624029E-01  -0.18278555E+00   0.00000000E+00
  4.   21.   0.45596350E-02   0.14333297E-01  -0.15829694E+00   0.00000000E+00
  4.   22.   0.85149938E-02   0.13359323E-01  -0.91392784E-01   0.00000000E+00
  4.   23.   0.11474930E-01   0.11474934E-01  -0.95693759E-08   0.00000000E+00
  4.   24.   0.13359319E-01   0.85149981E-02   0.91392768E-01   0.00000000E+00
  4.   25.   0.14333293E-01   0.45596394E-02   0.15829693E+00   0.00000000E+00
  4.   26.   0.14624025E-01   0.00000000E+00   0.18278555E+00   0.00000000E+00
  4.   27.  -0.20285906E-01   0.00000000E+00   0.40294749E+00   0.00000000E+00
  4.   28.  -0.19947076E-01   0.65655358E-02   0.34896277E+00   0.00000000E+00
  4.   29.  -0.18747249E-01   0.12185279E-01   0.20147375E+00   0.00000000E+00
  4.   30.  -0.16269828E-01   0.16269824E-01   0.71127037E-08   0.00000000E+00
  4.   31.  -0.12185283E-01   0.18747245E-01  -0.20147374E+00   0.00000000E+00
  4.   32.  -0.65655399E-02   0.19947072E-01  -0.34896276E+00   0.00000000E+00
  4.   33.  -0.41252450E-08   0.20285902E-01  -0.40294749E+00   0.00000000E+00
  4.   34.   0.65655317E-02   0.19947072E-01  -0.34896277E+00   0.00000000E+00
  4.   35.   0.12185275E-01   0.18747245E-01  -0.20147376E+00   0.00000000E+00
  4.   36.   0.16269820E-01   0.16269824E-01  -0.20674458E-07   0.00000000E+00
  4.   37.   0.18747241E-01   0.12185279E-01   0.20147373E+00   0.00000000E+00
  4.   38.   0.19947068E-01   0.65655365E-02   0.34896275E+00   0.00000000E+00
  4.   39.   0.20285898E-01   0.00000000E+00   0.40294749E+00   0.00000000E+00
  4.   40.  -0.24072944E-01   0.00000000E+00   0.68208267E+00   0.00000000E+00
  4.   41.  -0.23851923E-01   0.84669442E-02   0.59070092E+00   0.00000000E+00
  4.   42.  -0.22852891E-01   0.15509421E-01   0.34104134E+00   0.00000000E+00
  4.   43.  -0.20296473E-01   0.20296469E-01   0.10731507E-07   0.00000000E+00
  4.   44.  -0.15509425E-01   0.22852887E-01  -0.34104132E+00   0.00000000E+00
  4.   45.  -0.84669484E-02   0.23851919E-01  -0.59070091E+00   0.00000000E+00
  4.   46.  -0.42591198E-08   0.24072941E-01  -0.68208267E+00   0.00000000E+00
  4.   47.   0.84669400E-02   0.23851919E-01  -0.59070093E+00   0.00000000E+00
  4.   48.   0.15509417E-01   0.22852888E-01  -0.34104136E+00   0.00000000E+00
  4.   49.   0.20296465E-01   0.20296470E-01  -0.34569714E-07   0.00000000E+00
  4.   50.   0.22852884E-01   0.15509422E-01   0.34104130E+00   0.00000000E+00
  4.   51.   0.23851915E-01   0.84669451E-02   0.59070090E+00   0.00000000E+00
  4.   52.   0.24072937E-01   0.00000000E+00   0.68208266E+00   0.00000000E+00
  4.   53.  -0.26705260E-01   0.00000000E+00   0.99990217E+00   0.00000000E+00
  4.   54.  -0.26603304E-01   0.99273413E-02   0.86594068E+00   0.00000000E+00
  4.   55.  -0.25831068E-01   0.18035460E-01   0.49995110E+00   0.00000000E+00
  4.   56.  -0.23298488E-01   0.23298484E-01   0.14762255E-07   0.00000000E+00
  4.   57.  -0.18035464E-01   0.25831064E-01  -0.49995106E+00   0.00000000E+00
  4.   58.  -0.99273456E-02   0.26603300E-01  -0.86594066E+00   0.00000000E+00
  4.   59.  -0.43761241E-08   0.26705256E-01  -0.99990217E+00   0.00000000E+00
  4.   60.   0.99273370E-02   0.26603301E-01  -0.86594070E+00   0.00000000E+00
  4.   61.   0.18035456E-01   0.25831065E-01  -0.49995112E+00   0.00000000E+00
  4.   62.   0.23298480E-01   0.23298485E-01  -0.50332518E-07   0.00000000E+00
  4.   63.   0.25831061E-01   0.18035461E-01   0.49995104E+00   0.00000000E+00
  4.   64.   0.26603297E-01   0.99273424E-02   0.86594065E+00   0.00000000E+00
  4.   65.   0.26705252E-01   0.00000000E+00   0.99990217E+00   0.00000000E+00
  4.   66.   0.26705252E-01   0.00000000E+00   0.99990217E+00   0.00000000E+00
  4.   67.   0.26603297E-01  -0.99273413E-02   0.86594068E+00   0.00000000E+00
  4.   68.   0.25831061E-01  -0.18035460E-01   0.49995110E+00   0.00000000E+00
  4.   69.   0.23298481E-01  -0.23298484E-01   0.14762331E-07   0.00000000E+00
  4.   70.   0.18035457E-01  -0.25831064E-01  -0.49995106E+00   0.00000000E+00
  4.   71.   0.99273383E-02  -0.26603300E-01  -0.86594066E+00   0.00000000E+00
  4.   72.  -0.28665747E-08  -0.26705256E-01  -0.99990217E+00   0.00000000E+00
  4.   73.  -0.99273443E-02  -0.26603301E-01  -0.86594070E+00   0.00000000E+00
  4.   74.  -0.18035463E-01  -0.25831065E-01  -0.49995112E+00   0.00000000E+00
  4.   75.  -0.23298487E-01  -0.23298485E-01  -0.50332496E-07   0.00000000E+00
  4.   76.  -0.25831068E-01  -0.18035461E-01   0.49995104E+00   0.00000000E+00
  4.   77.  -0.26603304E-01  -0.99273424E-02   0.86594065E+00   0.00000000E+00
  4.   78.  -0.26705260E-01   0.00000000E+00   0.99990217E+00   0.00000000E+00
  5.    1.   0.29771987E-01   0.00000000E+00   0.99955363E+00   0.00000000E+00
  5.    2.   0.28757531E-01   0.77055578E-02   0.99955363E+00   0.00000000E+00
  5.    3.   0.25783297E-01   0.14885994E-01   0.99955363E+00   0.00000000E+00
  5.    4.   0.21051974E-01   0.21051975E-01   0.99955363E+00   0.00000000E+00
  5.    5.   0.14885993E-01   0.25783299E-01   0.99955363E+00   0.00000000E+00
  5.    6.   0.77055565E-02   0.28757533E-01   0.99955363E+00   0.00000000E+00
  5.    7.  -0.13089837E-08   0.29771989E-01   0.99955363E+00   0.00000000E+00
  5.    8.  -0.77055591E-02   0.28757533E-01   0.99955363E+00   0.00000000E+00
  5.    9.  -0.14885996E-01   0.25783299E-01   0.99955363E+00   0.00000000E+00
  5.   10.  -0.21051977E-01   0.21051976E-01   0.99955363E+00   0.00000000E+00
  5.   11.  -0.25783300E-01   0.14885995E-01   0.99955363E+00   0.00000000E+00
  5.   12.  -0.28757535E-01   0.77055586E-02   0.99955363E+00   0.00000000E+00
  5.   13.  -0.29771991E-01   0.00000000E+00   0.99955363E+00   0.00000000E+00
  5.   14.   0.30895778E-01   0.00000000E+00   0.63457202E+00   0.00000000E+00
  5.   15.   0.29843030E-01   0.79964162E-02   0.63457202E+00   0.00000000E+00
  5.   16.   0.26756528E-01   0.15447890E-01   0.63457202E+00   0.00000000E+00
  5.   17.   0.21846614E-01   0.21846615E-01   0.63457202E+00   0.00000000E+00
  5.   18.   0.15447888E-01   0.26756530E-01   0.63457202E+00   0.00000000E+00
  5.   19.   0.79964149E-02   0.29843031E-01   0.63457202E+00   0.00000000E+00
  5.   20.  -0.13219977E-08   0.30895780E-01   0.63457202E+00   0.00000000E+00
  5.   21.  -0.79964175E-02   0.29843032E-01   0.63457202E+00   0.00000000E+00
  5.   22.  -0.15447891E-01   0.26756530E-01   0.63457202E+00   0.00000000E+00
  5.   23.  -0.21846617E-01   0.21846616E-01   0.63457202E+00   0.00000000E+00
  5.   24.  -0.26756531E-01   0.15447890E-01   0.63457202E+00   0.00000000E+00
  5.   25.  -0.29843033E-01   0.79964170E-02   0.63457202E+00   0.00000000E+00
  5.   26.  -0.30895781E-01   0.00000000E+00   0.63457202E+00   0.00000000E+00
  5.   27.   0.35052093E-01   0.00000000E+00   0.21891397E+00   0.00000000E+00
  5.   28.   0.33857721E-01   0.90721496E-02   0.21891397E+00   0.00000000E+00
  5.   29.   0.30356002E-01   0.17526047E-01   0.21891397E+00   0.00000000E+00
  5.   30.   0.24785572E-01   0.24785573E-01   0.21891397E+00   0.00000000E+00
  5.   31.   0.17526046E-01   0.30356004E-01   0.21891397E+00   0.00000000E+00
  5.   32.   0.90721483E-02   0.33857723E-01   0.21891397E+00   0.00000000E+00
  5.   33.  -0.12895967E-08   0.35052094E-01   0.21891397E+00   0.00000000E+00
  5.   34.  -0.90721509E-02   0.33857723E-01   0.21891397E+00   0.00000000E+00
  5.   35.  -0.17526048E-01   0.30356004E-01   0.21891397E+00   0.00000000E+00
  5.   36.  -0.24785575E-01   0.24785574E-01   0.21891397E+00   0.00000000E+00
  5.   37.  -0.30356005E-01   0.17526048E-01   0.21891397E+00   0.00000000E+00
  5.   38.  -0.33857725E-01   0.90721505E-02   0.21891397E+00   0.00000000E+00
  5.   39.  -0.35052096E-01   0.00000000E+00   0.21891398E+00   0.00000000E+00
  5.   40.   0.35453493E-01   0.00000000E+00  -0.22624599E+00   0.00000000E+00
  5.   41.   0.34245445E-01   0.91760397E-02  -0.22624599E+00   0.00000000E+00
  5.   42.   0.30703626E-01   0.17726747E-01  -0.22624599E+00   0.00000000E+00
  5.   43.   0.25069405E-01   0.25069407E-01  -0.22624599E+00   0.00000000E+00
  5.   44.   0.17726746E-01   0.30703627E-01  -0.22624599E+00   0.00000000E+00
  5.   45.   0.91760384E-02   0.34245447E-01  -0.22624599E+00   0.00000000E+00
  5.   46.  -0.13113337E-08   0.35453495E-01  -0.22624599E+00   0.00000000E+00
  5.   47.  -0.91760411E-02   0.34245447E-01  -0.22624599E+00   0.00000000E+00
  5.   48.  -0.17726749E-01   0.30703628E-01  -0.22624599E+00   0.00000000E+00
  5.   49.  -0.25069408E-01   0.25069407E-01  -0.22624599E+00   0.00000000E+00
  5.   50.  -0.30703629E-01   0.17726748E-01  -0.22624599E+00   0.00000000E+00
  5.   51.  -0.34245448E-01   0.91760407E-02  -0.22624599E+00   0.00000000E+00
  5.   52.  -0.35453497E-01   0.00000000E+00  -0.22624599E+00   0.00000000E+00
  5.   53.   0.33324641E-01   0.00000000E+00  -0.65708436E+00   0.00000000E+00
  5.   54.   0.32189131E-01   0.86250522E-02  -0.65708435E+00   0.00000000E+00
  5.   55.   0.28859986E-01   0.16662321E-01  -0.65708435E+00   0.00000000E+00
  5.   56.   0.23564079E-01   0.23564081E-01  -0.65708435E+00   0.00000000E+00
  5.   57.   0.16662320E-01   0.28859987E-01  -0.65708435E+00   0.00000000E+00
  5.   58.   0.86250509E-02   0.32189133E-01  -0.65708435E+00   0.00000000E+00
  5.   59.  -0.13682787E-08   0.33324643E-01  -0.65708435E+00   0.00000000E+00
  5.   60.  -0.86250536E-02   0.32189133E-01  -0.65708435E+00   0.00000000E+00
  5.   61.  -0.16662323E-01   0.28859988E-01  -0.65708435E+00   0.00000000E+00
  5.   62.  -0.23564082E-01   0.23564082E-01  -0.65708435E+00   0.00000000E+00
  5.   63.  -0.28859989E-01   0.16662322E-01  -0.65708435E+00   0.00000000E+00
  5.   64.  -0.32189135E-01   0.86250531E-02  -0.65708435E+00   0.00000000E+00
  5.   65.  -0.33324645E-01   0.00000000E+00  -0.65708435E+00   0.00000000E+00
  5.   66.  -0.33324645E-01   0.00000000E+00  -0.65708436E+00   0.00000000E+00
  5.   67.  -0.32189135E-01  -0.86250522E-02  -0.65708435E+00   0.00000000E+00
  5.   68.  -0.28859989E-01  -0.16662321E-01  -0.65708435E+00   0.00000000E+00
  5.   69.  -0.23564083E-01  -0.23564081E-01  -0.65708435E+00   0.00000000E+00
  5.   70.  -0.16662324E-01  -0.28859987E-01  -0.65708435E+00   0.00000000E+00
  5.   71.  -0.86250545E-02  -0.32189133E-01  -0.65708435E+00   0.00000000E+00
  5.   72.  -0.22382066E-08  -0.33324643E-01  -0.65708435E+00   0.00000000E+00
  5.   73.   0.86250500E-02  -0.32189133E-01  -0.65708435E+00   0.00000000E+00
  5.   74.   0.16662319E-01  -0.28859988E-01  -0.65708435E+00   0.00000000E+00
  5.   75.   0.23564079E-01  -0.23564082E-01  -0.65708435E+00   0.00000000E+00
  5.   76.   0.28859985E-01  -0.16662322E-01  -0.65708435E+00   0.00000000E+00
  5.   77.   0.32189131E-01  -0.86250531E-02  -0.65708435E+00   0.00000000E+00
  5.   78.   0.33324641E-01   0.00000000E+00  -0.65708435E+00   0.00000000E+00
  6.    1.   0.32098038E-02   0.00000000E+00  -0.89639748E-02   0.00000000E+00
  6.    2.   0.27931756E-02  -0.16549257E-02  -0.63384877E-02   0.00000000E+00
  6.    3.   0.16415221E-02  -0.28431993E-02  -0.10943224E-08   0.00000000E+00
  6.    4.   0.36620328E-04  -0.32464237E-02   0.63384856E-02   0.00000000E+00
  6.    5.  -0.16049015E-02  -0.27797715E-02   0.89639729E-02   0.00000000E+00
  6.    6.  -0.28297951E-02  -0.15914981E-02   0.63384861E-02   0.00000000E+00
  6.    7.  -0.32830435E-02  -0.13883463E-09  -0.35800723E-09   0.00000000E+00
  6.    8.  -0.28297952E-02   0.15914978E-02  -0.63384871E-02   0.00000000E+00
  6.    9.  -0.16049017E-02   0.27797714E-02  -0.89639745E-02   0.00000000E+00
  6.   10.   0.36620153E-04   0.32464236E-02  -0.63384878E-02   0.00000000E+00
  6.   11.   0.16415220E-02   0.28431993E-02  -0.14285371E-08   0.00000000E+00
  6.   12.   0.27931755E-02   0.16549259E-02   0.63384853E-02   0.00000000E+00
  6.   13.   0.32098038E-02   0.00000000E+00   0.89639729E-02   0.00000000E+00
  6.   14.   0.10555805E-01   0.00000000E+00  -0.86905868E-01   0.00000000E+00
  6.   15.   0.93250528E-02  -0.59625737E-02  -0.61451728E-01   0.00000000E+00
  6.   16.   0.57791169E-02  -0.10009724E-01  -0.17503020E-08   0.00000000E+00
  6.   17.   0.50121432E-03  -0.11057019E-01   0.61451726E-01   0.00000000E+00
  6.   18.  -0.52779022E-02  -0.91415957E-02   0.86905866E-01   0.00000000E+00
  6.   19.  -0.98262661E-02  -0.50944459E-02   0.61451730E-01   0.00000000E+00
  6.   20.  -0.11558233E-01  -0.33971678E-09   0.35098456E-08   0.00000000E+00
  6.   21.  -0.98262665E-02   0.50944452E-02  -0.61451725E-01   0.00000000E+00
  6.   22.  -0.52779028E-02   0.91415952E-02  -0.86905867E-01   0.00000000E+00
  6.   23.   0.50121369E-03   0.11057019E-01  -0.61451732E-01   0.00000000E+00
  6.   24.   0.57791164E-02   0.10009724E-01  -0.68730456E-08   0.00000000E+00
  6.   25.   0.93250525E-02   0.59625742E-02   0.61451722E-01   0.00000000E+00
  6.   26.   0.10555805E-01   0.00000000E+00   0.86905866E-01   0.00000000E+00
  6.   27.   0.20765904E-01   0.00000000E+00  -0.28343550E+00   0.00000000E+00
  6.   28.   0.18620551E-01  -0.12759339E-01  -0.20041916E+00   0.00000000E+00
  6.   29.   0.12122588E-01  -0.20996938E-01  -0.36145855E-08   0.00000000E+00
  6.   30.   0.17396366E-02  -0.22505540E-01   0.20041916E+00   0.00000000E+00
  6.   31.  -0.10382951E-01  -0.17983800E-01   0.28343549E+00   0.00000000E+00
  6.   32.  -0.20360186E-01  -0.97462012E-02   0.20041917E+00   0.00000000E+00
  6.   33.  -0.24245175E-01  -0.59127693E-09   0.12359394E-07   0.00000000E+00
  6.   34.  -0.20360187E-01   0.97462000E-02  -0.20041915E+00   0.00000000E+00
  6.   35.  -0.10382952E-01   0.17983799E-01  -0.28343549E+00   0.00000000E+00
  6.   36.   0.17396353E-02   0.22505539E-01  -0.20041917E+00   0.00000000E+00
  6.   37.   0.12122587E-01   0.20996938E-01  -0.20915611E-07   0.00000000E+00
  6.   38.   0.18620551E-01   0.12759340E-01   0.20041914E+00   0.00000000E+00
  6.   39.   0.20765904E-01   0.00000000E+00   0.28343549E+00   0.00000000E+00
  6.   40.   0.28964363E-01   0.00000000E+00  -0.59783754E+00   0.00000000E+00
  6.   41.   0.26681754E-01  -0.20445549E-01  -0.42273498E+00   0.00000000E+00
  6.   42.   0.18847670E-01  -0.32645121E-01  -0.66035120E-08   0.00000000E+00
  6.   43.   0.43654888E-02  -0.33329851E-01   0.42273497E+00   0.00000000E+00
  6.   44.  -0.14482180E-01  -0.25083874E-01   0.59783754E+00   0.00000000E+00
  6.   45.  -0.31047241E-01  -0.12884302E-01   0.42273499E+00   0.00000000E+00
  6.   46.  -0.37695339E-01  -0.74063970E-09   0.26029700E-07   0.00000000E+00
  6.   47.  -0.31047242E-01   0.12884301E-01  -0.42273496E+00   0.00000000E+00
  6.   48.  -0.14482182E-01   0.25083873E-01  -0.59783754E+00   0.00000000E+00
  6.   49.   0.43654869E-02   0.33329850E-01  -0.42273501E+00   0.00000000E+00
  6.   50.   0.18847669E-01   0.32645122E-01  -0.43588265E-07   0.00000000E+00
  6.   51.   0.26681753E-01   0.20445551E-01   0.42273494E+00   0.00000000E+00
  6.   52.   0.28964363E-01   0.00000000E+00   0.59783754E+00   0.00000000E+00
  6.   53.   0.35422538E-01   0.00000000E+00  -0.99972270E+00   0.00000000E+00
  6.   54.   0.33143330E-01  -0.26916419E-01  -0.70691070E+00   0.00000000E+00
  6.   55.   0.24449907E-01  -0.42348480E-01  -0.10465978E-07   0.00000000E+00
  6.   56.   0.67386382E-02  -0.42161175E-01   0.70691069E+00   0.00000000E+00
  6.   57.  -0.17711268E-01  -0.30676818E-01   0.99972270E+00   0.00000000E+00
  6.   58.  -0.39881966E-01  -0.15244757E-01   0.70691073E+00   0.00000000E+00
  6.   59.  -0.48899812E-01  -0.85509807E-09   0.43254794E-07   0.00000000E+00
  6.   60.  -0.39881968E-01   0.15244755E-01  -0.70691067E+00   0.00000000E+00
  6.   61.  -0.17711270E-01   0.30676816E-01  -0.99972270E+00   0.00000000E+00
  6.   62.   0.67386358E-02   0.42161175E-01  -0.70691075E+00   0.00000000E+00
  6.   63.   0.24449905E-01   0.42348481E-01  -0.72700576E-07   0.00000000E+00
  6.   64.   0.33143330E-01   0.26916421E-01   0.70691064E+00   0.00000000E+00
  6.   65.   0.35422538E-01   0.00000000E+00   0.99972270E+00   0.00000000E+00
  6.   66.  -0.35422537E-01   0.00000000E+00  -0.99972270E+00   0.00000000E+00
  6.   67.  -0.33143330E-01   0.26916419E-01  -0.70691070E+00   0.00000000E+00
  6.   68.  -0.24449906E-01   0.42348480E-01  -0.10465383E-07   0.00000000E+00
  6.   69.  -0.67386377E-02   0.42161175E-01   0.70691069E+00   0.00000000E+00
  6.   70.   0.17711268E-01   0.30676818E-01   0.99972270E+00   0.00000000E+00
  6.   71.   0.39881967E-01   0.15244757E-01   0.70691073E+00   0.00000000E+00
  6.   72.   0.48899813E-01   0.85251145E-09   0.43254834E-07   0.00000000E+00
  6.   73.   0.39881969E-01  -0.15244755E-01  -0.70691067E+00   0.00000000E+00
  6.   74.   0.17711271E-01  -0.30676816E-01  -0.99972270E+00   0.00000000E+00
  6.   75.  -0.67386353E-02  -0.42161175E-01  -0.70691075E+00   0.00000000E+00
  6.   76.  -0.24449905E-01  -0.42348481E-01  -0.72700474E-07   0.00000000E+00
  6.   77.  -0.33143329E-01  -0.26916421E-01   0.70691064E+00   0.00000000E+00
  6.   78.  -0.35422537E-01   0.00000000E+00   0.99972270E+00   0.00000000E+00
  7.    1.   0.24982338E-01   0.00000000E+00  -0.78482020E+00   0.00000000E+00
  7.    2.   0.28194508E-01  -0.11987984E-01  -0.75807810E+00   0.00000000E+00
  7.    3.   0.36970322E-01  -0.20763797E-01  -0.67967423E+00   0.00000000E+00
  7.    4.   0.48958306E-01  -0.23975968E-01  -0.55495169E+00   0.00000000E+00
  7.    5.   0.60946290E-01  -0.20763798E-01  -0.39241011E+00   0.00000000E+00
  7.    6.   0.69722103E-01  -0.11987985E-01  -0.20312643E+00   0.00000000E+00
  7.    7.   0.72934274E-01  -0.64843764E-09  -0.11150979E-07   0.00000000E+00
  7.    8.   0.69722104E-01   0.11987983E-01   0.20312640E+00   0.00000000E+00
  7.    9.   0.60946291E-01   0.20763797E-01   0.39241009E+00   0.00000000E+00
  7.   10.   0.48958307E-01   0.23975968E-01   0.55495167E+00   0.00000000E+00
  7.   11.   0.36970323E-01   0.20763798E-01   0.67967422E+00   0.00000000E+00
  7.   12.   0.28194509E-01   0.11987985E-01   0.75807810E+00   0.00000000E+00
  7.   13.   0.24982338E-01   0.00000000E+00   0.78482020E+00   0.00000000E+00
  7.   14.  -0.10781812E-02   0.00000000E+00  -0.99864142E+00   0.00000000E+00
  7.   15.   0.19535242E-02  -0.11314478E-01  -0.96461354E+00   0.00000000E+00
  7.   16.   0.10236297E-01  -0.19597251E-01  -0.86484884E+00   0.00000000E+00
  7.   17.   0.21550776E-01  -0.22628957E-01  -0.70614612E+00   0.00000000E+00
  7.   18.   0.32865254E-01  -0.19597252E-01  -0.49932072E+00   0.00000000E+00
  7.   19.   0.41148027E-01  -0.11314479E-01  -0.25846743E+00   0.00000000E+00
  7.   20.   0.44179733E-01  -0.61939675E-09  -0.13878724E-07   0.00000000E+00
  7.   21.   0.41148028E-01   0.11314478E-01   0.25846740E+00   0.00000000E+00
  7.   22.   0.32865255E-01   0.19597251E-01   0.49932069E+00   0.00000000E+00
  7.   23.   0.21550777E-01   0.22628957E-01   0.70614610E+00   0.00000000E+00
  7.   24.   0.10236298E-01   0.19597252E-01   0.86484883E+00   0.00000000E+00
  7.   25.   0.19535249E-02   0.11314480E-01   0.96461353E+00   0.00000000E+00
  7.   26.  -0.10781810E-02   0.00000000E+00   0.99864142E+00   0.00000000E+00
  7.   27.  -0.45540456E-01   0.00000000E+00  -0.69685490E+00   0.00000000E+00
  7.   28.  -0.41163584E-01  -0.16334710E-01  -0.67311014E+00   0.00000000E+00
  7.   29.  -0.29205746E-01  -0.28292548E-01  -0.60349405E+00   0.00000000E+00
  7.   30.  -0.12871036E-01  -0.32669421E-01  -0.49275083E+00   0.00000000E+00
  7.   31.   0.34636742E-02  -0.28292548E-01  -0.34842746E+00   0.00000000E+00
  7.   32.   0.15421512E-01  -0.16334711E-01  -0.18035933E+00   0.00000000E+00
  7.   33.   0.19798385E-01  -0.90388196E-09  -0.94749858E-08   0.00000000E+00
  7.   34.   0.15421513E-01   0.16334709E-01   0.18035931E+00   0.00000000E+00
  7.   35.   0.34636758E-02   0.28292548E-01   0.34842744E+00   0.00000000E+00
  7.   36.  -0.12871034E-01   0.32669421E-01   0.49275081E+00   0.00000000E+00
  7.   37.  -0.29205744E-01   0.28292549E-01   0.60349404E+00   0.00000000E+00
  7.   38.  -0.41163583E-01   0.16334712E-01   0.67311014E+00   0.00000000E+00
  7.   39.  -0.45540456E-01   0.00000000E+00   0.69685490E+00   0.00000000E+00
  7.   40.  -0.69091441E-01   0.00000000E+00   0.51265812E-01   0.00000000E+00
  7.   41.  -0.64537986E-01  -0.16993727E-01   0.49518971E-01   0.00000000E+00
  7.   42.  -0.52097714E-01  -0.29433999E-01   0.44397495E-01   0.00000000E+00
  7.   43.  -0.35103987E-01  -0.33987454E-01   0.36250402E-01   0.00000000E+00
  7.   44.  -0.18110260E-01  -0.29433999E-01   0.25632905E-01   0.00000000E+00
  7.   45.  -0.56699880E-02  -0.16993728E-01   0.13268569E-01   0.00000000E+00
  7.   46.  -0.11165321E-02  -0.94532926E-09   0.10746268E-08   0.00000000E+00
  7.   47.  -0.56699871E-02   0.16993726E-01  -0.13268567E-01   0.00000000E+00
  7.   48.  -0.18110258E-01   0.29433998E-01  -0.25632904E-01   0.00000000E+00
  7.   49.  -0.35103985E-01   0.33987454E-01  -0.36250401E-01   0.00000000E+00
  7.   50.  -0.52097712E-01   0.29434000E-01  -0.44397493E-01   0.00000000E+00
  7.   51.  -0.64537985E-01   0.16993729E-01  -0.49518969E-01   0.00000000E+00
  7.   52.  -0.69091441E-01   0.00000000E+00  -0.51265810E-01   0.00000000E+00
  7.   53.  -0.69402553E-01   0.00000000E+00   0.93197471E+00   0.00000000E+00
  7.   54.  -0.65728359E-01  -0.13712280E-01   0.90021844E+00   0.00000000E+00
  7.   55.  -0.55690273E-01  -0.23750366E-01   0.80711377E+00   0.00000000E+00
  7.   56.  -0.41977993E-01  -0.27424560E-01   0.65900564E+00   0.00000000E+00
  7.   57.  -0.28265713E-01  -0.23750366E-01   0.46598736E+00   0.00000000E+00
  7.   58.  -0.18227627E-01  -0.13712281E-01   0.24121282E+00   0.00000000E+00
  7.   59.  -0.14553432E-01  -0.76551669E-09   0.13427442E-07   0.00000000E+00
  7.   60.  -0.18227626E-01   0.13712279E-01  -0.24121279E+00   0.00000000E+00
  7.   61.  -0.28265712E-01   0.23750365E-01  -0.46598734E+00   0.00000000E+00
  7.   62.  -0.41977991E-01   0.27424560E-01  -0.65900562E+00   0.00000000E+00
  7.   63.  -0.55690272E-01   0.23750367E-01  -0.80711376E+00   0.00000000E+00
  7.   64.  -0.65728358E-01   0.13712281E-01  -0.90021843E+00   0.00000000E+00
  7.   65.  -0.69402553E-01   0.00000000E+00  -0.93197471E+00   0.00000000E+00
  7.   66.   0.69402553E-01   0.00000000E+00   0.93197471E+00   0.00000000E+00
  7.   67.   0.65728358E-01   0.13712280E-01   0.90021844E+00   0.00000000E+00
  7.   68.   0.55690273E-01   0.23750366E-01   0.80711377E+00   0.00000000E+00
  7.   69.   0.41977993E-01   0.27424560E-01   0.65900564E+00   0.00000000E+00
  7.   70.   0.28265713E-01   0.23750366E-01   0.46598736E+00   0.00000000E+00
  7.   71.   0.18227627E-01   0.13712281E-01   0.24121282E+00   0.00000000E+00
  7.   72.   0.14553432E-01   0.78686058E-09   0.13428181E-07   0.00000000E+00
  7.   73.   0.18227626E-01  -0.13712279E-01  -0.24121279E+00   0.00000000E+00
  7.   74.   0.28265712E-01  -0.23750365E-01  -0.46598734E+00   0.00000000E+00
  7.   75.   0.41977991E-01  -0.27424560E-01  -0.65900562E+00   0.00000000E+00
  7.   76.   0.55690272E-01  -0.23750367E-01  -0.80711376E+00   0.00000000E+00
  7.   77.   0.65728358E-01  -0.13712281E-01  -0.90021843E+00   0.00000000E+00
  7.   78.   0.69402553E-01   0.00000000E+00  -0.93197471E+00   0.00000000E+00
  8.    1.   0.10570706E-02   0.00000000E+00  -0.19848866E-02   0.00000000E+00
  8.    2.   0.75138744E-03  -0.76211249E-03  -0.99244326E-03   0.00000000E+00
  8.    3.   0.75838580E-05  -0.10702060E-02   0.99244331E-03   0.00000000E+00
  8.    4.  -0.74746167E-03  -0.74746175E-03   0.19848867E-02   0.00000000E+00
  8.    5.  -0.10702060E-02   0.75837630E-05   0.99244348E-03   0.00000000E+00
  8.    6.  -0.76211247E-03   0.75138737E-03  -0.99244300E-03   0.00000000E+00
  8.    7.   0.12972572E-10   0.10570705E-02  -0.19848863E-02   0.00000000E+00
  8.    8.   0.76211252E-03   0.75138744E-03  -0.99244307E-03   0.00000000E+00
  8.    9.   0.10702061E-02   0.75838687E-05   0.99244354E-03   0.00000000E+00
  8.   10.   0.74746184E-03  -0.74746166E-03   0.19848870E-02   0.00000000E+00
  8.   11.  -0.75836680E-05  -0.10702060E-02   0.99244394E-03   0.00000000E+00
  8.   12.  -0.75138729E-03  -0.76211254E-03  -0.99244256E-03   0.00000000E+00
  8.   13.  -0.10570705E-02   0.00000000E+00  -0.19848860E-02   0.00000000E+00
  8.   14.   0.70337443E-02   0.00000000E+00  -0.43139517E-01   0.00000000E+00
  8.   15.   0.51084366E-02  -0.54767944E-02  -0.21569759E-01   0.00000000E+00
  8.   16.   0.26046845E-03  -0.74848886E-02   0.21569758E-01   0.00000000E+00
  8.   17.  -0.49736081E-02  -0.49736083E-02   0.43139517E-01   0.00000000E+00
  8.   18.  -0.74848886E-02   0.26046812E-03   0.21569760E-01   0.00000000E+00
  8.   19.  -0.54767946E-02   0.51084364E-02  -0.21569757E-01   0.00000000E+00
  8.   20.  -0.27982732E-09   0.70337443E-02  -0.43139517E-01   0.00000000E+00
  8.   21.   0.54767942E-02   0.51084368E-02  -0.21569761E-01   0.00000000E+00
  8.   22.   0.74848887E-02   0.26046873E-03   0.21569756E-01   0.00000000E+00
  8.   23.   0.49736087E-02  -0.49736079E-02   0.43139518E-01   0.00000000E+00
  8.   24.  -0.26046778E-03  -0.74848886E-02   0.21569763E-01   0.00000000E+00
  8.   25.  -0.51084362E-02  -0.54767948E-02  -0.21569754E-01   0.00000000E+00
  8.   26.  -0.70337442E-02   0.00000000E+00  -0.43139517E-01   0.00000000E+00
  8.   27.   0.19563552E-01   0.00000000E+00  -0.20617257E+00   0.00000000E+00
  8.   28.   0.14708685E-01  -0.17099678E-01  -0.10308628E+00   0.00000000E+00
  8.   29.   0.16906880E-02  -0.22491909E-01   0.10308628E+00   0.00000000E+00
  8.   30.  -0.13833520E-01  -0.13833521E-01   0.20617257E+00   0.00000000E+00
  8.   31.  -0.22491909E-01   0.16906872E-02   0.10308629E+00   0.00000000E+00
  8.   32.  -0.17099679E-01   0.14708684E-01  -0.10308627E+00   0.00000000E+00
  8.   33.  -0.99211795E-09   0.19563552E-01  -0.20617256E+00   0.00000000E+00
  8.   34.   0.17099678E-01   0.14708685E-01  -0.10308629E+00   0.00000000E+00
  8.   35.   0.22491910E-01   0.16906888E-02   0.10308627E+00   0.00000000E+00
  8.   36.   0.13833522E-01  -0.13833519E-01   0.20617257E+00   0.00000000E+00
  8.   37.  -0.16906863E-02  -0.22491909E-01   0.10308630E+00   0.00000000E+00
  8.   38.  -0.14708684E-01  -0.17099680E-01  -0.10308626E+00   0.00000000E+00
  8.   39.  -0.19563552E-01   0.00000000E+00  -0.20617256E+00   0.00000000E+00
  8.   40.   0.32048540E-01   0.00000000E+00  -0.53311486E+00   0.00000000E+00
  8.   41.   0.25506915E-01  -0.33280079E-01  -0.26655743E+00   0.00000000E+00
  8.   42.   0.54964572E-02  -0.41568682E-01   0.26655743E+00   0.00000000E+00
  8.   43.  -0.22661739E-01  -0.22661740E-01   0.53311486E+00   0.00000000E+00
  8.   44.  -0.41568682E-01   0.54964559E-02   0.26655745E+00   0.00000000E+00
  8.   45.  -0.33280080E-01   0.25506915E-01  -0.26655741E+00   0.00000000E+00
  8.   46.  -0.20053459E-08   0.32048540E-01  -0.53311486E+00   0.00000000E+00
  8.   47.   0.33280078E-01   0.25506916E-01  -0.26655746E+00   0.00000000E+00
  8.   48.   0.41568683E-01   0.54964587E-02   0.26655740E+00   0.00000000E+00
  8.   49.   0.22661742E-01  -0.22661737E-01   0.53311486E+00   0.00000000E+00
  8.   50.  -0.54964544E-02  -0.41568682E-01   0.26655748E+00   0.00000000E+00
  8.   51.  -0.25506914E-01  -0.33280081E-01  -0.26655738E+00   0.00000000E+00
  8.   52.  -0.32048540E-01   0.00000000E+00  -0.53311486E+00   0.00000000E+00
  8.   53.   0.43098629E-01   0.00000000E+00  -0.99946498E+00   0.00000000E+00
  8.   54.   0.35284021E-01  -0.48421601E-01  -0.49973249E+00   0.00000000E+00
  8.   55.   0.92896728E-02  -0.59188813E-01   0.49973248E+00   0.00000000E+00
  8.   56.  -0.30475332E-01  -0.30475333E-01   0.99946498E+00   0.00000000E+00
  8.   57.  -0.59188813E-01   0.92896710E-02   0.49973252E+00   0.00000000E+00
  8.   58.  -0.48421603E-01   0.35284020E-01  -0.49973244E+00   0.00000000E+00
  8.   59.  -0.29608245E-08   0.43098629E-01  -0.99946498E+00   0.00000000E+00
  8.   60.   0.48421600E-01   0.35284022E-01  -0.49973254E+00   0.00000000E+00
  8.   61.   0.59188814E-01   0.92896748E-02   0.49973243E+00   0.00000000E+00
  8.   62.   0.30475336E-01  -0.30475329E-01   0.99946498E+00   0.00000000E+00
  8.   63.  -0.92896691E-02  -0.59188812E-01   0.49973257E+00   0.00000000E+00
  8.   64.  -0.35284019E-01  -0.48421605E-01  -0.49973240E+00   0.00000000E+00
  8.   65.  -0.43098629E-01   0.00000000E+00  -0.99946498E+00   0.00000000E+00
  8.   66.  -0.43098629E-01   0.00000000E+00  -0.99946498E+00   0.00000000E+00
  8.   67.  -0.35284021E-01   0.48421601E-01  -0.49973249E+00   0.00000000E+00
  8.   68.  -0.92896728E-02   0.59188813E-01   0.49973248E+00   0.00000000E+00
  8.   69.   0.30475332E-01   0.30475333E-01   0.99946498E+00   0.00000000E+00
  8.   70.   0.59188813E-01  -0.92896710E-02   0.49973252E+00   0.00000000E+00
  8.   71.   0.48421603E-01  -0.35284020E-01  -0.49973244E+00   0.00000000E+00
  8.   72.   0.30388622E-08  -0.43098629E-01  -0.99946498E+00   0.00000000E+00
  8.   73.  -0.48421600E-01  -0.35284022E-01  -0.49973254E+00   0.00000000E+00
  8.   74.  -0.59188814E-01  -0.92896748E-02   0.49973243E+00   0.00000000E+00
  8.   75.  -0.30475336E-01   0.30475329E-01   0.99946498E+00   0.00000000E+00
  8.   76.   0.92896692E-02   0.59188812E-01   0.49973257E+00   0.00000000E+00
  8.   77.   0.35284019E-01   0.48421605E-01  -0.49973240E+00   0.00000000E+00
  8.   78.   0.43098629E-01   0.00000000E+00  -0.99946498E+00   0.00000000E+00
  9.    1.  -0.32811981E-03   0.00000000E+00   0.43894074E-03   0.00000000E+00
  9.    2.  -0.16467323E-03   0.28644894E-03   0.11360583E-03   0.00000000E+00
  9.    3.   0.16344656E-03   0.28522230E-03  -0.38013474E-03   0.00000000E+00
  9.    4.   0.32934639E-03  -0.12266779E-05  -0.31037859E-03   0.00000000E+00
  9.    5.   0.16589980E-03  -0.28522242E-03   0.21947067E-03   0.00000000E+00
  9.    6.  -0.16467323E-03  -0.28399581E-03   0.42398495E-03   0.00000000E+00
  9.    7.  -0.33057309E-03  -0.82758519E-10   0.25548368E-09   0.00000000E+00
  9.    8.  -0.16467331E-03   0.28399566E-03  -0.42398459E-03   0.00000000E+00
  9.    9.   0.16589969E-03   0.28522230E-03  -0.21947067E-03   0.00000000E+00
  9.   10.   0.32934629E-03   0.12265866E-05   0.31037820E-03   0.00000000E+00
  9.   11.   0.16344650E-03  -0.28522239E-03   0.38013403E-03   0.00000000E+00
  9.   12.  -0.16467328E-03  -0.28644902E-03  -0.11360680E-03   0.00000000E+00
  9.   13.  -0.32811989E-03   0.00000000E+00  -0.43894186E-03   0.00000000E+00
  9.   14.  -0.44513566E-02   0.00000000E+00   0.21877198E-01   0.00000000E+00
  9.   15.  -0.23197660E-02   0.42061280E-02   0.56622347E-02   0.00000000E+00
  9.   16.   0.21315905E-02   0.40179525E-02  -0.18946210E-01   0.00000000E+00
  9.   17.   0.46395320E-02  -0.18817542E-03  -0.15469516E-01   0.00000000E+00
  9.   18.   0.25079416E-02  -0.40179526E-02   0.10938599E-01   0.00000000E+00
  9.   19.  -0.23197658E-02  -0.38297773E-02   0.21131753E-01   0.00000000E+00
  9.   20.  -0.48277075E-02  -0.29567824E-09   0.25962552E-08   0.00000000E+00
  9.   21.  -0.23197664E-02   0.38297769E-02  -0.21131750E-01   0.00000000E+00
  9.   22.   0.25079410E-02   0.40179527E-02  -0.10938601E-01   0.00000000E+00
  9.   23.   0.46395319E-02   0.18817579E-03   0.15469514E-01   0.00000000E+00
  9.   24.   0.21315908E-02  -0.40179524E-02   0.18946211E-01   0.00000000E+00
  9.   25.  -0.23197657E-02  -0.42061283E-02  -0.56622337E-02   0.00000000E+00
  9.   26.  -0.44513567E-02   0.00000000E+00  -0.21877200E-01   0.00000000E+00
  9.   27.  -0.17648221E-01   0.00000000E+00   0.15211392E+00   0.00000000E+00
  9.   28.  -0.98089318E-02   0.18959211E-01   0.39369979E-01   0.00000000E+00
  9.   29.   0.78392886E-02   0.16989568E-01  -0.13173452E+00   0.00000000E+00
  9.   30.   0.19617863E-01  -0.19696425E-02  -0.10756079E+00   0.00000000E+00
  9.   31.   0.11778575E-01  -0.16989568E-01   0.76056956E-01   0.00000000E+00
  9.   32.  -0.98089307E-02  -0.15019926E-01   0.14693077E+00   0.00000000E+00
  9.   33.  -0.21587506E-01  -0.88223159E-09   0.11732187E-07   0.00000000E+00
  9.   34.  -0.98089330E-02   0.15019925E-01  -0.14693076E+00   0.00000000E+00
  9.   35.   0.11778573E-01   0.16989569E-01  -0.76056973E-01   0.00000000E+00
  9.   36.   0.19617864E-01   0.19696446E-02   0.10756077E+00   0.00000000E+00
  9.   37.   0.78392904E-02  -0.16989567E-01   0.13173453E+00   0.00000000E+00
  9.   38.  -0.98089302E-02  -0.18959212E-01  -0.39369961E-01   0.00000000E+00
  9.   39.  -0.17648221E-01   0.00000000E+00  -0.15211392E+00   0.00000000E+00
  9.   40.  -0.34106365E-01   0.00000000E+00   0.47968134E+00   0.00000000E+00
  9.   41.  -0.21078062E-01   0.44558032E-01   0.12415067E+00   0.00000000E+00
  9.   42.   0.13028303E-01   0.36508274E-01  -0.41541622E+00   0.00000000E+00
  9.   43.   0.42156123E-01  -0.80497573E-02  -0.33918594E+00   0.00000000E+00
  9.   44.   0.29127821E-01  -0.36508273E-01   0.23984065E+00   0.00000000E+00
  9.   45.  -0.21078059E-01  -0.28458516E-01   0.46333660E+00   0.00000000E+00
  9.   46.  -0.50205881E-01  -0.15344056E-08   0.33143971E-07   0.00000000E+00
  9.   47.  -0.21078064E-01   0.28458514E-01  -0.46333658E+00   0.00000000E+00
  9.   48.   0.29127817E-01   0.36508274E-01  -0.23984071E+00   0.00000000E+00
  9.   49.   0.42156124E-01   0.80497619E-02   0.33918589E+00   0.00000000E+00
  9.   50.   0.13028307E-01  -0.36508270E-01   0.41541625E+00   0.00000000E+00
  9.   51.  -0.21078059E-01  -0.44558034E-01  -0.12415060E+00   0.00000000E+00
  9.   52.  -0.34106365E-01   0.00000000E+00  -0.47968134E+00   0.00000000E+00
  9.   53.  -0.50254694E-01   0.00000000E+00   0.99913336E+00   0.00000000E+00
  9.   54.  -0.32538220E-01   0.71179595E-01   0.25859474E+00   0.00000000E+00
  9.   55.   0.17716473E-01   0.56357850E-01  -0.86527486E+00   0.00000000E+00
  9.   56.   0.65076439E-01  -0.14821744E-01  -0.70649399E+00   0.00000000E+00
  9.   57.   0.47359967E-01  -0.56357849E-01   0.49956664E+00   0.00000000E+00
  9.   58.  -0.32538216E-01  -0.41536106E-01   0.96508873E+00   0.00000000E+00
  9.   59.  -0.79898185E-01  -0.22201651E-08   0.67021054E-07   0.00000000E+00
  9.   60.  -0.32538224E-01   0.41536102E-01  -0.96508870E+00   0.00000000E+00
  9.   61.   0.47359961E-01   0.56357850E-01  -0.49956676E+00   0.00000000E+00
  9.   62.   0.65076441E-01   0.14821751E-01   0.70649389E+00   0.00000000E+00
  9.   63.   0.17716480E-01  -0.56357844E-01   0.86527493E+00   0.00000000E+00
  9.   64.  -0.32538216E-01  -0.71179598E-01  -0.25859461E+00   0.00000000E+00
  9.   65.  -0.50254694E-01   0.00000000E+00  -0.99913336E+00   0.00000000E+00
  9.   66.   0.50254694E-01   0.00000000E+00   0.99913336E+00   0.00000000E+00
  9.   67.   0.32538220E-01  -0.71179595E-01   0.25859474E+00   0.00000000E+00
  9.   68.  -0.17716473E-01  -0.56357850E-01  -0.86527486E+00   0.00000000E+00
  9.   69.  -0.65076439E-01   0.14821744E-01  -0.70649399E+00   0.00000000E+00
  9.   70.  -0.47359967E-01   0.56357849E-01   0.49956664E+00   0.00000000E+00
  9.   71.   0.32538215E-01   0.41536106E-01   0.96508873E+00   0.00000000E+00
  9.   72.   0.79898184E-01   0.22270812E-08   0.67020806E-07   0.00000000E+00
  9.   73.   0.32538224E-01  -0.41536102E-01  -0.96508870E+00   0.00000000E+00
  9.   74.  -0.47359961E-01  -0.56357850E-01  -0.49956676E+00   0.00000000E+00
  9.   75.  -0.65076441E-01  -0.14821751E-01   0.70649389E+00   0.00000000E+00
  9.   76.  -0.17716480E-01   0.56357844E-01   0.86527493E+00   0.00000000E+00
  9.   77.   0.32538216E-01   0.71179598E-01  -0.25859461E+00   0.00000000E+00
  9.   78.   0.50254693E-01   0.00000000E+00  -0.99913336E+00   0.00000000E+00
 10.    1.  -0.41818956E-01   0.00000000E+00   0.30651862E+00   0.00000000E+00
 10.    2.  -0.43095103E-01   0.20904158E-01   0.26545291E+00   0.00000000E+00
 10.    3.  -0.45254311E-01   0.36563809E-01   0.15325931E+00   0.00000000E+00
 10.    4.  -0.44329513E-01   0.44329513E-01   0.29877000E-08   0.00000000E+00
 10.    5.  -0.36563810E-01   0.45254311E-01  -0.15325931E+00   0.00000000E+00
 10.    6.  -0.20904159E-01   0.43095103E-01  -0.26545291E+00   0.00000000E+00
 10.    7.  -0.11968380E-08   0.41818956E-01  -0.30651862E+00   0.00000000E+00
 10.    8.   0.20904157E-01   0.43095102E-01  -0.26545292E+00   0.00000000E+00
 10.    9.   0.36563809E-01   0.45254311E-01  -0.15325932E+00   0.00000000E+00
 10.   10.   0.44329512E-01   0.44329513E-01  -0.14020324E-07   0.00000000E+00
 10.   11.   0.45254311E-01   0.36563811E-01   0.15325930E+00   0.00000000E+00
 10.   12.   0.43095103E-01   0.20904160E-01   0.26545290E+00   0.00000000E+00
 10.   13.   0.41818956E-01   0.00000000E+00   0.30651862E+00   0.00000000E+00
 10.   14.  -0.34401646E-01   0.00000000E+00   0.86156199E+00   0.00000000E+00
 10.   15.  -0.38607451E-01   0.28974817E-01   0.74613457E+00   0.00000000E+00
 10.   16.  -0.47787880E-01   0.48369390E-01   0.43078100E+00   0.00000000E+00
 10.   17.  -0.53711644E-01   0.53711644E-01   0.82941464E-08   0.00000000E+00
 10.   18.  -0.48369391E-01   0.47787880E-01  -0.43078098E+00   0.00000000E+00
 10.   19.  -0.28974818E-01   0.38607451E-01  -0.74613456E+00   0.00000000E+00
 10.   20.  -0.16622483E-08   0.34401646E-01  -0.86156199E+00   0.00000000E+00
 10.   21.   0.28974816E-01   0.38607450E-01  -0.74613458E+00   0.00000000E+00
 10.   22.   0.48369389E-01   0.47787879E-01  -0.43078102E+00   0.00000000E+00
 10.   23.   0.53711644E-01   0.53711644E-01  -0.38886938E-07   0.00000000E+00
 10.   24.   0.47787881E-01   0.48369391E-01   0.43078096E+00   0.00000000E+00
 10.   25.   0.38607452E-01   0.28974820E-01   0.74613455E+00   0.00000000E+00
 10.   26.   0.34401646E-01   0.00000000E+00   0.86156199E+00   0.00000000E+00
 10.   27.   0.30149631E-01   0.00000000E+00   0.91956683E+00   0.00000000E+00
 10.   28.   0.18478024E-01   0.31921707E-01   0.79636823E+00   0.00000000E+00
 10.   29.  -0.95061185E-02   0.46614712E-01   0.45978342E+00   0.00000000E+00
 10.   30.  -0.36842435E-01   0.36842436E-01   0.85846799E-08   0.00000000E+00
 10.   31.  -0.46614712E-01   0.95061200E-02  -0.45978340E+00   0.00000000E+00
 10.   32.  -0.31921708E-01  -0.18478023E-01  -0.79636822E+00   0.00000000E+00
 10.   33.  -0.19331608E-08  -0.30149631E-01  -0.91956683E+00   0.00000000E+00
 10.   34.   0.31921705E-01  -0.18478025E-01  -0.79636825E+00   0.00000000E+00
 10.   35.   0.46614712E-01   0.95061168E-02  -0.45978344E+00   0.00000000E+00
 10.   36.   0.36842438E-01   0.36842434E-01  -0.41236254E-07   0.00000000E+00
 10.   37.   0.95061217E-02   0.46614712E-01   0.45978338E+00   0.00000000E+00
 10.   38.  -0.18478022E-01   0.31921709E-01   0.79636821E+00   0.00000000E+00
 10.   39.  -0.30149631E-01   0.00000000E+00   0.91956683E+00   0.00000000E+00
 10.   40.   0.84958662E-01   0.00000000E+00   0.14936004E+00   0.00000000E+00
 10.   41.   0.70274794E-01   0.22008124E-01   0.12934959E+00   0.00000000E+00
 10.   42.   0.34129690E-01   0.25844305E-01   0.74680021E-01   0.00000000E+00
 10.   43.  -0.43412953E-02   0.43412966E-02   0.59751807E-09   0.00000000E+00
 10.   44.  -0.25844305E-01  -0.34129688E-01  -0.74680018E-01   0.00000000E+00
 10.   45.  -0.22008124E-01  -0.70274792E-01  -0.12934959E+00   0.00000000E+00
 10.   46.  -0.14991780E-08  -0.84958662E-01  -0.14936004E+00   0.00000000E+00
 10.   47.   0.22008122E-01  -0.70274795E-01  -0.12934959E+00   0.00000000E+00
 10.   48.   0.25844306E-01  -0.34129693E-01  -0.74680026E-01   0.00000000E+00
 10.   49.   0.43412989E-02   0.43412932E-02  -0.60251129E-08   0.00000000E+00
 10.   50.  -0.34129686E-01   0.25844304E-01   0.74680016E-01   0.00000000E+00
 10.   51.  -0.70274791E-01   0.22008125E-01   0.12934959E+00   0.00000000E+00
 10.   52.  -0.84958662E-01   0.00000000E+00   0.14936004E+00   0.00000000E+00
 10.   53.   0.92323198E-01   0.00000000E+00  -0.99617876E+00   0.00000000E+00
 10.   54.   0.81168827E-01   0.59932531E-02  -0.86271611E+00   0.00000000E+00
 10.   55.   0.53157159E-01   0.25229889E-03  -0.49808939E+00   0.00000000E+00
 10.   56.   0.21522918E-01  -0.21522917E-01  -0.11276932E-07   0.00000000E+00
 10.   57.  -0.25229799E-03  -0.53157158E-01   0.49808937E+00   0.00000000E+00
 10.   58.  -0.59932531E-02  -0.81168827E-01   0.86271610E+00   0.00000000E+00
 10.   59.  -0.67165812E-09  -0.92323198E-01   0.99617876E+00   0.00000000E+00
 10.   60.   0.59932527E-02  -0.81168829E-01   0.86271612E+00   0.00000000E+00
 10.   61.   0.25229955E-03  -0.53157161E-01   0.49808941E+00   0.00000000E+00
 10.   62.  -0.21522915E-01  -0.21522919E-01   0.46303979E-07   0.00000000E+00
 10.   63.  -0.53157156E-01   0.25229717E-03  -0.49808934E+00   0.00000000E+00
 10.   64.  -0.81168825E-01   0.59932529E-02  -0.86271609E+00   0.00000000E+00
 10.   65.  -0.92323198E-01   0.00000000E+00  -0.99617876E+00   0.00000000E+00
 10.   66.  -0.92323198E-01   0.00000000E+00  -0.99617876E+00   0.00000000E+00
 10.   67.  -0.81168827E-01  -0.59932531E-02  -0.86271611E+00   0.00000000E+00
 10.   68.  -0.53157159E-01  -0.25229888E-03  -0.49808939E+00   0.00000000E+00
 10.   69.  -0.21522918E-01   0.21522917E-01  -0.11277156E-07   0.00000000E+00
 10.   70.   0.25229788E-03   0.53157158E-01   0.49808937E+00   0.00000000E+00
 10.   71.   0.59932530E-02   0.81168827E-01   0.86271610E+00   0.00000000E+00
 10.   72.   0.55795139E-09   0.92323198E-01   0.99617876E+00   0.00000000E+00
 10.   73.  -0.59932528E-02   0.81168829E-01   0.86271612E+00   0.00000000E+00
 10.   74.  -0.25229967E-03   0.53157161E-01   0.49808941E+00   0.00000000E+00
 10.   75.   0.21522914E-01   0.21522919E-01   0.46304669E-07   0.00000000E+00
 10.   76.   0.53157156E-01  -0.25229719E-03  -0.49808934E+00   0.00000000E+00
 10.   77.   0.81168825E-01  -0.59932529E-02  -0.86271609E+00   0.00000000E+00
 10.   78.   0.92323198E-01   0.00000000E+00  -0.99617876E+00   0.00000000E+00
 11.    1.   0.75470059E-01   0.00000000E+00   0.99887719E+00   0.00000000E+00
 11.    2.   0.72898479E-01   0.19533089E-01   0.99887719E+00   0.00000000E+00
 11.    3.   0.65358989E-01   0.37735029E-01   0.99887719E+00   0.00000000E+00
 11.    4.   0.53365391E-01   0.53365390E-01   0.99887719E+00   0.00000000E+00
 11.    5.   0.37735030E-01   0.65358988E-01   0.99887719E+00   0.00000000E+00
 11.    6.   0.19533090E-01   0.72898479E-01   0.99887719E+00   0.00000000E+00
 11.    7.   0.10670161E-08   0.75470059E-01   0.99887719E+00   0.00000000E+00
 11.    8.  -0.19533088E-01   0.72898480E-01   0.99887719E+00   0.00000000E+00
 11.    9.  -0.37735028E-01   0.65358989E-01   0.99887719E+00   0.00000000E+00
 11.   10.  -0.53365389E-01   0.53365392E-01   0.99887719E+00   0.00000000E+00
 11.   11.  -0.65358988E-01   0.37735031E-01   0.99887719E+00   0.00000000E+00
 11.   12.  -0.72898479E-01   0.19533091E-01   0.99887719E+00   0.00000000E+00
 11.   13.  -0.75470059E-01   0.00000000E+00   0.99887719E+00   0.00000000E+00
 11.   14.   0.60256906E-01   0.00000000E+00   0.13396787E+00   0.00000000E+00
 11.   15.   0.58203702E-01   0.15595635E-01   0.13396787E+00   0.00000000E+00
 11.   16.   0.52184011E-01   0.30128453E-01   0.13396787E+00   0.00000000E+00
 11.   17.   0.42608067E-01   0.42608067E-01   0.13396787E+00   0.00000000E+00
 11.   18.   0.30128453E-01   0.52184011E-01   0.13396787E+00   0.00000000E+00
 11.   19.   0.15595636E-01   0.58203701E-01   0.13396787E+00   0.00000000E+00
 11.   20.   0.83972531E-09   0.60256906E-01   0.13396787E+00   0.00000000E+00
 11.   21.  -0.15595634E-01   0.58203702E-01   0.13396787E+00   0.00000000E+00
 11.   22.  -0.30128452E-01   0.52184012E-01   0.13396787E+00   0.00000000E+00
 11.   23.  -0.42608066E-01   0.42608068E-01   0.13396787E+00   0.00000000E+00
 11.   24.  -0.52184010E-01   0.30128454E-01   0.13396787E+00   0.00000000E+00
 11.   25.  -0.58203701E-01   0.15595636E-01   0.13396787E+00   0.00000000E+00
 11.   26.  -0.60256906E-01   0.00000000E+00   0.13396787E+00   0.00000000E+00
 11.   27.   0.10195234E-01   0.00000000E+00  -0.34234339E+00   0.00000000E+00
 11.   28.   0.98478394E-02   0.26387206E-02  -0.34234339E+00   0.00000000E+00
 11.   29.   0.88293313E-02   0.50976168E-02  -0.34234339E+00   0.00000000E+00
 11.   30.   0.72091188E-02   0.72091188E-02  -0.34234339E+00   0.00000000E+00
 11.   31.   0.50976169E-02   0.88293312E-02  -0.34234339E+00   0.00000000E+00
 11.   32.   0.26387208E-02   0.98478394E-02  -0.34234339E+00   0.00000000E+00
 11.   33.   0.15090957E-09   0.10195234E-01  -0.34234339E+00   0.00000000E+00
 11.   34.  -0.26387205E-02   0.98478395E-02  -0.34234339E+00   0.00000000E+00
 11.   35.  -0.50976166E-02   0.88293314E-02  -0.34234339E+00   0.00000000E+00
 11.   36.  -0.72091186E-02   0.72091190E-02  -0.34234339E+00   0.00000000E+00
 11.   37.  -0.88293312E-02   0.50976170E-02  -0.34234339E+00   0.00000000E+00
 11.   38.  -0.98478393E-02   0.26387209E-02  -0.34234339E+00   0.00000000E+00
 11.   39.  -0.10195234E-01   0.00000000E+00  -0.34234339E+00   0.00000000E+00
 11.   40.  -0.38603140E-01   0.00000000E+00  -0.13007344E+00   0.00000000E+00
 11.   41.  -0.37287769E-01  -0.99912277E-02  -0.13007344E+00   0.00000000E+00
 11.   42.  -0.33431300E-01  -0.19301570E-01  -0.13007344E+00   0.00000000E+00
 11.   43.  -0.27296542E-01  -0.27296542E-01  -0.13007344E+00   0.00000000E+00
 11.   44.  -0.19301570E-01  -0.33431299E-01  -0.13007344E+00   0.00000000E+00
 11.   45.  -0.99912282E-02  -0.37287769E-01  -0.13007344E+00   0.00000000E+00
 11.   46.  -0.51587230E-09  -0.38603140E-01  -0.13007344E+00   0.00000000E+00
 11.   47.   0.99912272E-02  -0.37287770E-01  -0.13007344E+00   0.00000000E+00
 11.   48.   0.19301569E-01  -0.33431300E-01  -0.13007344E+00   0.00000000E+00
 11.   49.   0.27296541E-01  -0.27296542E-01  -0.13007344E+00   0.00000000E+00
 11.   50.   0.33431299E-01  -0.19301571E-01  -0.13007344E+00   0.00000000E+00
 11.   51.   0.37287769E-01  -0.99912287E-02  -0.13007344E+00   0.00000000E+00
 11.   52.   0.38603140E-01   0.00000000E+00  -0.13007344E+00   0.00000000E+00
 11.   53.  -0.47445805E-01   0.00000000E+00   0.44535872E+00   0.00000000E+00
 11.   54.  -0.45829128E-01  -0.12279878E-01   0.44535872E+00   0.00000000E+00
 11.   55.  -0.41089272E-01  -0.23722902E-01   0.44535872E+00   0.00000000E+00
 11.   56.  -0.33549250E-01  -0.33549250E-01   0.44535872E+00   0.00000000E+00
 11.   57.  -0.23722903E-01  -0.41089272E-01   0.44535872E+00   0.00000000E+00
 11.   58.  -0.12279878E-01  -0.45829128E-01   0.44535872E+00   0.00000000E+00
 11.   59.  -0.63546103E-09  -0.47445805E-01   0.44535872E+00   0.00000000E+00
 11.   60.   0.12279877E-01  -0.45829128E-01   0.44535872E+00   0.00000000E+00
 11.   61.   0.23722902E-01  -0.41089273E-01   0.44535872E+00   0.00000000E+00
 11.   62.   0.33549250E-01  -0.33549251E-01   0.44535872E+00   0.00000000E+00
 11.   63.   0.41089272E-01  -0.23722903E-01   0.44535872E+00   0.00000000E+00
 11.   64.   0.45829128E-01  -0.12279879E-01   0.44535872E+00   0.00000000E+00
 11.   65.   0.47445805E-01   0.00000000E+00   0.44535872E+00   0.00000000E+00
 11.   66.   0.47445805E-01   0.00000000E+00   0.44535872E+00   0.00000000E+00
 11.   67.   0.45829128E-01   0.12279878E-01   0.44535872E+00   0.00000000E+00
 11.   68.   0.41089272E-01   0.23722902E-01   0.44535872E+00   0.00000000E+00
 11.   69.   0.33549250E-01   0.33549250E-01   0.44535872E+00   0.00000000E+00
 11.   70.   0.23722903E-01   0.41089272E-01   0.44535872E+00   0.00000000E+00
 11.   71.   0.12279879E-01   0.45829128E-01   0.44535872E+00   0.00000000E+00
 11.   72.   0.66103418E-09   0.47445805E-01   0.44535872E+00   0.00000000E+00
 11.   73.  -0.12279877E-01   0.45829128E-01   0.44535872E+00   0.00000000E+00
 11.   74.  -0.23722902E-01   0.41089273E-01   0.44535872E+00   0.00000000E+00
 11.   75.  -0.33549250E-01   0.33549251E-01   0.44535872E+00   0.00000000E+00
 11.   76.  -0.41089272E-01   0.23722903E-01   0.44535872E+00   0.00000000E+00
 11.   77.  -0.45829128E-01   0.12279879E-01   0.44535872E+00   0.00000000E+00
 11.   78.  -0.47445805E-01   0.00000000E+00   0.44535872E+00   0.00000000E+00
 12.    1.   0.97541104E-04   0.00000000E+00  -0.96338020E-04   0.00000000E+00
 12.    2.   0.25189925E-04  -0.94010213E-04   0.17514788E-09   0.00000000E+00
 12.    3.  -0.84473141E-04  -0.48770563E-04   0.96338380E-04   0.00000000E+00
 12.    4.  -0.68820294E-04   0.68820267E-04   0.20977208E-09   0.00000000E+00
 12.    5.   0.48770528E-04   0.84473126E-04  -0.96337962E-04   0.00000000E+00
 12.    6.   0.94010176E-04  -0.25189934E-04   0.24046162E-09   0.00000000E+00
 12.    7.  -0.41902656E-10  -0.97541117E-04   0.96338451E-04   0.00000000E+00
 12.    8.  -0.94010270E-04  -0.25189945E-04   0.27145663E-09   0.00000000E+00
 12.    9.  -0.48770638E-04   0.84473122E-04  -0.96337933E-04   0.00000000E+00
 12.   10.   0.68820183E-04   0.68820280E-04   0.23614771E-09   0.00000000E+00
 12.   11.   0.84473045E-04  -0.48770550E-04   0.96338430E-04   0.00000000E+00
 12.   12.  -0.25190017E-04  -0.94010215E-04   0.24765898E-09   0.00000000E+00
 12.   13.  -0.97541209E-04   0.00000000E+00  -0.96337961E-04   0.00000000E+00
 12.   14.   0.27145969E-02   0.00000000E+00  -0.11166307E-01   0.00000000E+00
 12.   15.   0.76294114E-03  -0.28473353E-02  -0.56728174E-10   0.00000000E+00
 12.   16.  -0.23509100E-02  -0.13572985E-02   0.11166307E-01   0.00000000E+00
 12.   17.  -0.20843942E-02   0.20843940E-02   0.31172884E-09   0.00000000E+00
 12.   18.   0.13572983E-02   0.23509100E-02  -0.11166307E-01   0.00000000E+00
 12.   19.   0.28473353E-02  -0.76294100E-03  -0.79874381E-09   0.00000000E+00
 12.   20.   0.15427164E-09  -0.27145970E-02   0.11166307E-01   0.00000000E+00
 12.   21.  -0.28473353E-02  -0.76294135E-03   0.10343471E-08   0.00000000E+00
 12.   22.  -0.13572988E-02   0.23509098E-02  -0.11166307E-01   0.00000000E+00
 12.   23.   0.20843938E-02   0.20843943E-02  -0.14957961E-08   0.00000000E+00
 12.   24.   0.23509101E-02  -0.13572982E-02   0.11166307E-01   0.00000000E+00
 12.   25.  -0.76294089E-03  -0.28473353E-02   0.18161640E-08   0.00000000E+00
 12.   26.  -0.27145970E-02   0.00000000E+00  -0.11166307E-01   0.00000000E+00
 12.   27.   0.15468281E-01   0.00000000E+00  -0.11285973E+00   0.00000000E+00
 12.   28.   0.49590678E-02  -0.18507493E-01  -0.12391548E-09   0.00000000E+00
 12.   29.  -0.13395924E-01  -0.77341407E-02   0.11285973E+00   0.00000000E+00
 12.   30.  -0.13548426E-01   0.13548425E-01   0.31083776E-08   0.00000000E+00
 12.   31.   0.77341395E-02   0.13395924E-01  -0.11285973E+00   0.00000000E+00
 12.   32.   0.18507493E-01  -0.49590669E-02  -0.87323890E-08   0.00000000E+00
 12.   33.   0.13048110E-08  -0.15468281E-01   0.11285973E+00   0.00000000E+00
 12.   34.  -0.18507493E-01  -0.49590689E-02   0.96817461E-08   0.00000000E+00
 12.   35.  -0.77341420E-02   0.13395923E-01  -0.11285973E+00   0.00000000E+00
 12.   36.   0.13548424E-01   0.13548426E-01  -0.15406260E-07   0.00000000E+00
 12.   37.   0.13395925E-01  -0.77341383E-02   0.11285973E+00   0.00000000E+00
 12.   38.  -0.49590659E-02  -0.18507494E-01   0.18312586E-07   0.00000000E+00
 12.   39.  -0.15468281E-01   0.00000000E+00  -0.11285973E+00   0.00000000E+00
 12.   40.   0.35478072E-01   0.00000000E+00  -0.43392377E+00   0.00000000E+00
 12.   41.   0.14065165E-01  -0.52491909E-01  -0.54948972E-10   0.00000000E+00
 12.   42.  -0.30724912E-01  -0.17739037E-01   0.43392377E+00   0.00000000E+00
 12.   43.  -0.38426745E-01   0.38426744E-01   0.12241936E-07   0.00000000E+00
 12.   44.   0.17739034E-01   0.30724913E-01  -0.43392377E+00   0.00000000E+00
 12.   45.   0.52491909E-01  -0.14065163E-01  -0.33403157E-07   0.00000000E+00
 12.   46.   0.39034392E-08  -0.35478072E-01   0.43392377E+00   0.00000000E+00
 12.   47.  -0.52491908E-01  -0.14065167E-01   0.37357654E-07   0.00000000E+00
 12.   48.  -0.17739041E-01   0.30724909E-01  -0.43392377E+00   0.00000000E+00
 12.   49.   0.38426742E-01   0.38426747E-01  -0.58812108E-07   0.00000000E+00
 12.   50.   0.30724915E-01  -0.17739030E-01   0.43392377E+00   0.00000000E+00
 12.   51.  -0.14065160E-01  -0.52491910E-01   0.70767438E-07   0.00000000E+00
 12.   52.  -0.35478072E-01   0.00000000E+00  -0.43392377E+00   0.00000000E+00
 12.   53.   0.57092087E-01   0.00000000E+00  -0.99873164E+00   0.00000000E+00
 12.   54.   0.24569112E-01  -0.91693175E-01  -0.16349049E-10   0.00000000E+00
 12.   55.  -0.49443196E-01  -0.28546045E-01   0.99873164E+00   0.00000000E+00
 12.   56.  -0.67124064E-01   0.67124062E-01   0.28263971E-07   0.00000000E+00
 12.   57.   0.28546039E-01   0.49443200E-01  -0.99873164E+00   0.00000000E+00
 12.   58.   0.91693176E-01  -0.24569109E-01  -0.76702165E-07   0.00000000E+00
 12.   59.   0.69186864E-08  -0.57092087E-01   0.99873164E+00   0.00000000E+00
 12.   60.  -0.91693174E-01  -0.24569116E-01   0.86127095E-07   0.00000000E+00
 12.   61.  -0.28546051E-01   0.49443193E-01  -0.99873164E+00   0.00000000E+00
 12.   62.   0.67124059E-01   0.67124067E-01  -0.13508668E-06   0.00000000E+00
 12.   63.   0.49443203E-01  -0.28546033E-01   0.99873164E+00   0.00000000E+00
 12.   64.  -0.24569106E-01  -0.91693177E-01   0.16297837E-06   0.00000000E+00
 12.   65.  -0.57092086E-01   0.00000000E+00  -0.99873164E+00   0.00000000E+00
 12.   66.  -0.57092087E-01   0.00000000E+00  -0.99873164E+00   0.00000000E+00
 12.   67.  -0.24569112E-01   0.91693175E-01  -0.16069546E-10   0.00000000E+00
 12.   68.   0.49443196E-01   0.28546045E-01   0.99873164E+00   0.00000000E+00
 12.   69.   0.67124064E-01  -0.67124062E-01   0.28263477E-07   0.00000000E+00
 12.   70.  -0.28546039E-01  -0.49443200E-01  -0.99873164E+00   0.00000000E+00
 12.   71.  -0.91693176E-01   0.24569109E-01  -0.76701930E-07   0.00000000E+00
 12.   72.  -0.70085846E-08   0.57092087E-01   0.99873164E+00   0.00000000E+00
 12.   73.   0.91693174E-01   0.24569116E-01   0.86127479E-07   0.00000000E+00
 12.   74.   0.28546051E-01  -0.49443193E-01  -0.99873164E+00   0.00000000E+00
 12.   75.  -0.67124059E-01  -0.67124067E-01  -0.13508676E-06   0.00000000E+00
 12.   76.  -0.49443203E-01   0.28546033E-01   0.99873164E+00   0.00000000E+00
 12.   77.   0.24569106E-01   0.91693177E-01   0.16297880E-06   0.00000000E+00
 12.   78.   0.57092086E-01   0.00000000E+00  -0.99873164E+00   0.00000000E+00
 13.    1.  -0.25670114E-01   0.00000000E+00   0.98543196E-01   0.00000000E+00
 13.    2.  -0.23608831E-01   0.17977299E-01   0.69680562E-01   0.00000000E+00
 13.    3.  -0.16599439E-01   0.28751072E-01   0.18479922E-08   0.00000000E+00
 13.    4.  -0.37643821E-02   0.29434497E-01  -0.69680560E-01   0.00000000E+00
 13.    5.   0.12835057E-01   0.22230972E-01  -0.98543194E-01   0.00000000E+00
 13.    6.   0.27373212E-01   0.11457198E-01  -0.69680564E-01   0.00000000E+00
 13.    7.   0.33198878E-01   0.60266203E-09  -0.39906461E-08   0.00000000E+00
 13.    8.   0.27373213E-01  -0.11457197E-01   0.69680558E-01   0.00000000E+00
 13.    9.   0.12835058E-01  -0.22230971E-01   0.98543195E-01   0.00000000E+00
 13.   10.  -0.37643805E-02  -0.29434496E-01   0.69680566E-01   0.00000000E+00
 13.   11.  -0.16599438E-01  -0.28751072E-01   0.62875182E-08   0.00000000E+00
 13.   12.  -0.23608830E-01  -0.17977300E-01  -0.69680556E-01   0.00000000E+00
 13.   13.  -0.25670114E-01   0.00000000E+00  -0.98543196E-01   0.00000000E+00
 13.   14.  -0.49597895E-01   0.00000000E+00   0.60841878E+00   0.00000000E+00
 13.   15.  -0.48544785E-01   0.45667635E-01   0.43021705E+00   0.00000000E+00
 13.   16.  -0.40075887E-01   0.69413473E-01   0.71802566E-08   0.00000000E+00
 13.   17.  -0.15276940E-01   0.64874835E-01  -0.43021704E+00   0.00000000E+00
 13.   18.   0.24798946E-01   0.42953038E-01  -0.60841878E+00   0.00000000E+00
 13.   19.   0.63821723E-01   0.19207200E-01  -0.43021706E+00   0.00000000E+00
 13.   20.   0.80151774E-01   0.93477791E-09  -0.24734704E-07   0.00000000E+00
 13.   21.   0.63821726E-01  -0.19207198E-01   0.43021703E+00   0.00000000E+00
 13.   22.   0.24798950E-01  -0.42953035E-01   0.60841878E+00   0.00000000E+00
 13.   23.  -0.15276937E-01  -0.64874833E-01   0.43021708E+00   0.00000000E+00
 13.   24.  -0.40075886E-01  -0.69413474E-01   0.42613963E-07   0.00000000E+00
 13.   25.  -0.48544785E-01  -0.45667639E-01  -0.43021701E+00   0.00000000E+00
 13.   26.  -0.49597895E-01   0.00000000E+00  -0.60841878E+00   0.00000000E+00
 13.   27.   0.60752074E-02   0.00000000E+00   0.97793282E+00   0.00000000E+00
 13.   28.  -0.11005750E-01   0.57671794E-01   0.69150293E+00   0.00000000E+00
 13.   29.  -0.41404759E-01   0.71715148E-01   0.10790889E-07   0.00000000E+00
 13.   30.  -0.44442364E-01   0.38367157E-01  -0.69150292E+00   0.00000000E+00
 13.   31.  -0.30376056E-02  -0.52612828E-02  -0.97793282E+00   0.00000000E+00
 13.   32.   0.55448111E-01  -0.19304638E-01  -0.69150296E+00   0.00000000E+00
 13.   33.   0.82809520E-01  -0.13680076E-08  -0.39656105E-07   0.00000000E+00
 13.   34.   0.55448116E-01   0.19304637E-01   0.69150290E+00   0.00000000E+00
 13.   35.  -0.30375996E-02   0.52612863E-02   0.97793282E+00   0.00000000E+00
 13.   36.  -0.44442362E-01  -0.38367152E-01   0.69150298E+00   0.00000000E+00
 13.   37.  -0.41404762E-01  -0.71715147E-01   0.69130205E-07   0.00000000E+00
 13.   38.  -0.11005753E-01  -0.57671798E-01  -0.69150287E+00   0.00000000E+00
 13.   39.   0.60752074E-02   0.00000000E+00  -0.97793282E+00   0.00000000E+00
 13.   40.   0.91486463E-01   0.00000000E+00   0.32149353E+00   0.00000000E+00
 13.   41.   0.58841379E-01   0.30346649E-01   0.22733026E+00   0.00000000E+00
 13.   42.  -0.99584263E-02   0.17248502E-01   0.33679344E-08   0.00000000E+00
 13.   43.  -0.55701658E-01  -0.35784803E-01  -0.22733025E+00   0.00000000E+00
 13.   44.  -0.45743233E-01  -0.79229601E-01  -0.32149353E+00   0.00000000E+00
 13.   45.  -0.31397222E-02  -0.66131456E-01  -0.22733027E+00   0.00000000E+00
 13.   46.   0.19916854E-01  -0.39723145E-08  -0.12988111E-07   0.00000000E+00
 13.   47.  -0.31397180E-02   0.66131451E-01   0.22733025E+00   0.00000000E+00
 13.   48.  -0.45743229E-01   0.79229603E-01   0.32149353E+00   0.00000000E+00
 13.   49.  -0.55701660E-01   0.35784809E-01   0.22733027E+00   0.00000000E+00
 13.   50.  -0.99584332E-02  -0.17248498E-01   0.22915725E-07   0.00000000E+00
 13.   51.   0.58841373E-01  -0.30346651E-01  -0.22733024E+00   0.00000000E+00
 13.   52.   0.91486463E-01   0.00000000E+00  -0.32149353E+00   0.00000000E+00
 13.   53.   0.10920070E+00   0.00000000E+00  -0.99995278E+00   0.00000000E+00
 13.   54.   0.82801574E-01  -0.10677818E-01  -0.70707339E+00   0.00000000E+00
 13.   55.   0.22446826E-01  -0.38879041E-01  -0.11067981E-07   0.00000000E+00
 13.   56.  -0.32153525E-01  -0.77047175E-01   0.70707338E+00   0.00000000E+00
 13.   57.  -0.54600350E-01  -0.94570582E-01   0.99995278E+00   0.00000000E+00
 13.   58.  -0.50648049E-01  -0.66369360E-01   0.70707342E+00   0.00000000E+00
 13.   59.  -0.44893650E-01  -0.38207949E-08   0.40604704E-07   0.00000000E+00
 13.   60.  -0.50648048E-01   0.66369355E-01  -0.70707336E+00   0.00000000E+00
 13.   61.  -0.54600351E-01   0.94570581E-01  -0.99995278E+00   0.00000000E+00
 13.   62.  -0.32153529E-01   0.77047179E-01  -0.70707344E+00   0.00000000E+00
 13.   63.   0.22446819E-01   0.38879045E-01  -0.70519123E-07   0.00000000E+00
 13.   64.   0.82801569E-01   0.10677820E-01   0.70707333E+00   0.00000000E+00
 13.   65.   0.10920070E+00   0.00000000E+00   0.99995277E+00   0.00000000E+00
 13.   66.  -0.10920070E+00   0.00000000E+00  -0.99995278E+00   0.00000000E+00
 13.   67.  -0.82801574E-01   0.10677818E-01  -0.70707339E+00   0.00000000E+00
 13.   68.  -0.22446826E-01   0.38879041E-01  -0.11068394E-07   0.00000000E+00
 13.   69.   0.32153525E-01   0.77047175E-01   0.70707338E+00   0.00000000E+00
 13.   70.   0.54600351E-01   0.94570582E-01   0.99995278E+00   0.00000000E+00
 13.   71.   0.50648049E-01   0.66369360E-01   0.70707342E+00   0.00000000E+00
 13.   72.   0.44893650E-01   0.38312236E-08   0.40604481E-07   0.00000000E+00
 13.   73.   0.50648048E-01  -0.66369355E-01  -0.70707336E+00   0.00000000E+00
 13.   74.   0.54600351E-01  -0.94570581E-01  -0.99995278E+00   0.00000000E+00
 13.   75.   0.32153529E-01  -0.77047179E-01  -0.70707344E+00   0.00000000E+00
 13.   76.  -0.22446819E-01  -0.38879045E-01  -0.70520694E-07   0.00000000E+00
 13.   77.  -0.82801569E-01  -0.10677820E-01   0.70707333E+00   0.00000000E+00
 13.   78.  -0.10920070E+00   0.00000000E+00   0.99995277E+00   0.00000000E+00
 14.    1.   0.34114757E-01   0.00000000E+00   0.99821394E+00   0.00000000E+00
 14.    2.   0.26072805E-01   0.30012973E-01   0.96420062E+00   0.00000000E+00
 14.    3.   0.41017847E-02   0.51983994E-01   0.86447863E+00   0.00000000E+00
 14.    4.  -0.25911188E-01   0.60025946E-01   0.70584385E+00   0.00000000E+00
 14.    5.  -0.55924161E-01   0.51983994E-01   0.49910698E+00   0.00000000E+00
 14.    6.  -0.77895182E-01   0.30012974E-01   0.25835679E+00   0.00000000E+00
 14.    7.  -0.85937134E-01   0.16258244E-08   0.13630662E-07   0.00000000E+00
 14.    8.  -0.77895183E-01  -0.30012971E-01  -0.25835676E+00   0.00000000E+00
 14.    9.  -0.55924163E-01  -0.51983993E-01  -0.49910695E+00   0.00000000E+00
 14.   10.  -0.25911191E-01  -0.60025946E-01  -0.70584383E+00   0.00000000E+00
 14.   11.   0.41017818E-02  -0.51983995E-01  -0.86447862E+00   0.00000000E+00
 14.   12.   0.26072804E-01  -0.30012976E-01  -0.96420061E+00   0.00000000E+00
 14.   13.   0.34114757E-01   0.00000000E+00  -0.99821394E+00   0.00000000E+00
 14.   14.   0.64445336E-01   0.00000000E+00   0.43715505E+00   0.00000000E+00
 14.   15.   0.58840470E-01   0.20917646E-01   0.42225935E+00   0.00000000E+00
 14.   16.   0.43527691E-01   0.36230425E-01   0.37858738E+00   0.00000000E+00
 14.   17.   0.22610046E-01   0.41835291E-01   0.30911530E+00   0.00000000E+00
 14.   18.   0.16924004E-02   0.36230425E-01   0.21857753E+00   0.00000000E+00
 14.   19.  -0.13620379E-01   0.20917646E-01   0.11314406E+00   0.00000000E+00
 14.   20.  -0.19225246E-01   0.11368190E-08   0.59706141E-08   0.00000000E+00
 14.   21.  -0.13620380E-01  -0.20917644E-01  -0.11314405E+00   0.00000000E+00
 14.   22.   0.16923984E-02  -0.36230424E-01  -0.21857752E+00   0.00000000E+00
 14.   23.   0.22610043E-01  -0.41835291E-01  -0.30911529E+00   0.00000000E+00
 14.   24.   0.43527689E-01  -0.36230426E-01  -0.37858737E+00   0.00000000E+00
 14.   25.   0.58840469E-01  -0.20917647E-01  -0.42225935E+00   0.00000000E+00
 14.   26.   0.64445336E-01   0.00000000E+00  -0.43715505E+00   0.00000000E+00
 14.   27.   0.35077162E-01   0.00000000E+00  -0.30328576E+00   0.00000000E+00
 14.   28.   0.33299745E-01   0.66334099E-02  -0.29295155E+00   0.00000000E+00
 14.   29.   0.28443752E-01   0.11489403E-01  -0.26265317E+00   0.00000000E+00
 14.   30.   0.21810342E-01   0.13266820E-01  -0.21445542E+00   0.00000000E+00
 14.   31.   0.15176932E-01   0.11489403E-01  -0.15164288E+00   0.00000000E+00
 14.   32.   0.10320939E-01   0.66334102E-02  -0.78496134E-01   0.00000000E+00
 14.   33.   0.85435221E-02   0.36235845E-09  -0.41310961E-08   0.00000000E+00
 14.   34.   0.10320939E-01  -0.66334096E-02   0.78496126E-01   0.00000000E+00
 14.   35.   0.15176932E-01  -0.11489403E-01   0.15164287E+00   0.00000000E+00
 14.   36.   0.21810341E-01  -0.13266820E-01   0.21445541E+00   0.00000000E+00
 14.   37.   0.28443751E-01  -0.11489403E-01   0.26265317E+00   0.00000000E+00
 14.   38.   0.33299745E-01  -0.66334105E-02   0.29295155E+00   0.00000000E+00
 14.   39.   0.35077162E-01   0.00000000E+00   0.30328576E+00   0.00000000E+00
 14.   40.  -0.43160653E-01   0.00000000E+00  -0.23199502E+00   0.00000000E+00
 14.   41.  -0.39948608E-01  -0.11987514E-01  -0.22408998E+00   0.00000000E+00
 14.   42.  -0.31173139E-01  -0.20762983E-01  -0.20091358E+00   0.00000000E+00
 14.   43.  -0.19185625E-01  -0.23975028E-01  -0.16404525E+00   0.00000000E+00
 14.   44.  -0.71981106E-02  -0.20762984E-01  -0.11599751E+00   0.00000000E+00
 14.   45.   0.15773589E-02  -0.11987515E-01  -0.60044733E-01   0.00000000E+00
 14.   46.   0.47894039E-02  -0.65440258E-09  -0.31463453E-08   0.00000000E+00
 14.   47.   0.15773595E-02   0.11987514E-01   0.60044727E-01   0.00000000E+00
 14.   48.  -0.71981095E-02   0.20762983E-01   0.11599751E+00   0.00000000E+00
 14.   49.  -0.19185623E-01   0.23975028E-01   0.16404525E+00   0.00000000E+00
 14.   50.  -0.31173138E-01   0.20762984E-01   0.20091358E+00   0.00000000E+00
 14.   51.  -0.39948607E-01   0.11987515E-01   0.22408998E+00   0.00000000E+00
 14.   52.  -0.43160653E-01   0.00000000E+00   0.23199502E+00   0.00000000E+00
 14.   53.  -0.63008799E-01   0.00000000E+00   0.50383681E+00   0.00000000E+00
 14.   54.  -0.59284035E-01  -0.13901009E-01   0.48666898E+00   0.00000000E+00
 14.   55.  -0.49107790E-01  -0.24077254E-01   0.43633547E+00   0.00000000E+00
 14.   56.  -0.35206781E-01  -0.27802018E-01   0.35626642E+00   0.00000000E+00
 14.   57.  -0.21305772E-01  -0.24077254E-01   0.25191841E+00   0.00000000E+00
 14.   58.  -0.11129527E-01  -0.13901010E-01   0.13040257E+00   0.00000000E+00
 14.   59.  -0.74047624E-02  -0.75184774E-09   0.68542157E-08   0.00000000E+00
 14.   60.  -0.11129526E-01   0.13901008E-01  -0.13040255E+00   0.00000000E+00
 14.   61.  -0.21305771E-01   0.24077254E-01  -0.25191839E+00   0.00000000E+00
 14.   62.  -0.35206780E-01   0.27802018E-01  -0.35626641E+00   0.00000000E+00
 14.   63.  -0.49107789E-01   0.24077255E-01  -0.43633547E+00   0.00000000E+00
 14.   64.  -0.59284034E-01   0.13901010E-01  -0.48666898E+00   0.00000000E+00
 14.   65.  -0.63008799E-01   0.00000000E+00  -0.50383681E+00   0.00000000E+00
 14.   66.   0.63008799E-01   0.00000000E+00   0.50383681E+00   0.00000000E+00
 14.   67.   0.59284035E-01   0.13901009E-01   0.48666898E+00   0.00000000E+00
 14.   68.   0.49107790E-01   0.24077254E-01   0.43633547E+00   0.00000000E+00
 14.   69.   0.35206781E-01   0.27802018E-01   0.35626642E+00   0.00000000E+00
 14.   70.   0.21305772E-01   0.24077254E-01   0.25191841E+00   0.00000000E+00
 14.   71.   0.11129527E-01   0.13901010E-01   0.13040257E+00   0.00000000E+00
 14.   72.   0.74047624E-02   0.75333965E-09   0.68549112E-08   0.00000000E+00
 14.   73.   0.11129526E-01  -0.13901008E-01  -0.13040255E+00   0.00000000E+00
 14.   74.   0.21305771E-01  -0.24077254E-01  -0.25191839E+00   0.00000000E+00
 14.   75.   0.35206780E-01  -0.27802018E-01  -0.35626641E+00   0.00000000E+00
 14.   76.   0.49107789E-01  -0.24077255E-01  -0.43633547E+00   0.00000000E+00
 14.   77.   0.59284034E-01  -0.13901010E-01  -0.48666898E+00   0.00000000E+00
 14.   78.   0.63008799E-01   0.00000000E+00  -0.50383681E+00   0.00000000E+00
 15.    1.  -0.28025401E-04   0.00000000E+00   0.20911458E-04   0.00000000E+00
 15.    2.   0.81036795E-07   0.27722839E-04  -0.54128176E-05   0.00000000E+00
 15.    3.   0.27944299E-04   0.14037269E-06  -0.18110603E-04   0.00000000E+00
 15.    4.  -0.16211571E-06  -0.27863282E-04   0.14786659E-04   0.00000000E+00
 15.    5.  -0.27782180E-04  -0.14042285E-06   0.10455760E-04   0.00000000E+00
 15.    6.   0.81083603E-07   0.28003644E-04  -0.20199425E-04   0.00000000E+00
 15.    7.   0.27701164E-04   0.53706527E-11   0.15139358E-10   0.00000000E+00
 15.    8.   0.81083929E-07  -0.28003639E-04   0.20199449E-04   0.00000000E+00
 15.    9.  -0.27782181E-04   0.14041729E-06  -0.10455769E-04   0.00000000E+00
 15.   10.  -0.16211655E-06   0.27863280E-04  -0.14786708E-04   0.00000000E+00
 15.   11.   0.27944309E-04  -0.14037215E-06   0.18110519E-04   0.00000000E+00
 15.   12.   0.81054685E-07  -0.27722846E-04   0.54127131E-05   0.00000000E+00
 15.   13.  -0.28025382E-04   0.00000000E+00  -0.20911580E-04   0.00000000E+00
 15.   14.  -0.16096206E-02   0.00000000E+00   0.57025418E-02   0.00000000E+00
 15.   15.  -0.35107929E-04   0.17406450E-02  -0.14759266E-02   0.00000000E+00
 15.   16.   0.16447284E-02  -0.60808637E-04  -0.49385465E-02   0.00000000E+00
 15.   17.   0.70215823E-04  -0.16798364E-02   0.40323059E-02   0.00000000E+00
 15.   18.  -0.17149443E-02   0.60808564E-04   0.28512713E-02   0.00000000E+00
 15.   19.  -0.35108032E-04   0.16190277E-02  -0.55082325E-02   0.00000000E+00
 15.   20.   0.17500522E-02   0.13910254E-09  -0.50025093E-09   0.00000000E+00
 15.   21.  -0.35107747E-04  -0.16190277E-02   0.55082328E-02   0.00000000E+00
 15.   22.  -0.17149443E-02  -0.60808821E-04  -0.28512703E-02   0.00000000E+00
 15.   23.   0.70215559E-04   0.16798364E-02  -0.40323067E-02   0.00000000E+00
 15.   24.   0.16447285E-02   0.60808917E-04   0.49385459E-02   0.00000000E+00
 15.   25.  -0.35107655E-04  -0.17406450E-02   0.14759276E-02   0.00000000E+00
 15.   26.  -0.16096206E-02   0.00000000E+00  -0.57025419E-02   0.00000000E+00
 15.   27.  -0.13263674E-01   0.00000000E+00   0.83905709E-01   0.00000000E+00
 15.   28.  -0.82394650E-03   0.16338684E-01  -0.21716395E-01   0.00000000E+00
 15.   29.   0.14087621E-01  -0.14271168E-02  -0.72664477E-01   0.00000000E+00
 15.   30.   0.16478934E-02  -0.14911567E-01   0.59330294E-01   0.00000000E+00
 15.   31.  -0.15735514E-01   0.14271164E-02   0.41952859E-01   0.00000000E+00
 15.   32.  -0.82394778E-03   0.13484450E-01  -0.81046689E-01   0.00000000E+00
 15.   33.   0.16559460E-01   0.10511365E-08  -0.79764787E-08   0.00000000E+00
 15.   34.  -0.82394503E-03  -0.13484450E-01   0.81046694E-01   0.00000000E+00
 15.   35.  -0.15735514E-01  -0.14271187E-02  -0.41952845E-01   0.00000000E+00
 15.   36.   0.16478909E-02   0.14911567E-01  -0.59330305E-01   0.00000000E+00
 15.   37.   0.14087621E-01   0.14271194E-02   0.72664469E-01   0.00000000E+00
 15.   38.  -0.82394436E-03  -0.16338684E-01   0.21716411E-01   0.00000000E+00
 15.   39.  -0.13263674E-01   0.00000000E+00  -0.83905709E-01   0.00000000E+00
 15.   40.  -0.36337824E-01   0.00000000E+00   0.39389955E+00   0.00000000E+00
 15.   41.  -0.52548500E-02   0.55949191E-01  -0.10194871E+00   0.00000000E+00
 15.   42.   0.41592674E-01  -0.91016659E-02  -0.34112702E+00   0.00000000E+00
 15.   43.   0.10509701E-01  -0.46847524E-01   0.27852904E+00   0.00000000E+00
 15.   44.  -0.52102373E-01   0.91016650E-02   0.19694980E+00   0.00000000E+00
 15.   45.  -0.52548545E-02   0.37745857E-01  -0.38047774E+00   0.00000000E+00
 15.   46.   0.57357224E-01   0.26848641E-08  -0.37449802E-07   0.00000000E+00
 15.   47.  -0.52548449E-02  -0.37745856E-01   0.38047776E+00   0.00000000E+00
 15.   48.  -0.52102375E-01  -0.91016715E-02  -0.19694973E+00   0.00000000E+00
 15.   49.   0.10509694E-01   0.46847522E-01  -0.27852909E+00   0.00000000E+00
 15.   50.   0.41592676E-01   0.91016747E-02   0.34112699E+00   0.00000000E+00
 15.   51.  -0.52548443E-02  -0.55949190E-01   0.10194878E+00   0.00000000E+00
 15.   52.  -0.36337824E-01   0.00000000E+00  -0.39389955E+00   0.00000000E+00
 15.   53.  -0.63707326E-01   0.00000000E+00   0.99826356E+00   0.00000000E+00
 15.   54.  -0.11480869E-01   0.10655451E+00  -0.25836962E+00   0.00000000E+00
 15.   55.   0.75188195E-01  -0.19885446E-01  -0.86452162E+00   0.00000000E+00
 15.   56.   0.22961740E-01  -0.86669065E-01   0.70587891E+00   0.00000000E+00
 15.   57.  -0.98149932E-01   0.19885444E-01   0.49913183E+00   0.00000000E+00
 15.   58.  -0.11480878E-01   0.66783617E-01  -0.96424853E+00   0.00000000E+00
 15.   59.   0.10963080E+00   0.45619284E-08  -0.94705267E-07   0.00000000E+00
 15.   60.  -0.11480859E-01  -0.66783615E-01   0.96424858E+00   0.00000000E+00
 15.   61.  -0.98149936E-01  -0.19885456E-01  -0.49913167E+00   0.00000000E+00
 15.   62.   0.22961726E-01   0.86669060E-01  -0.70587904E+00   0.00000000E+00
 15.   63.   0.75188199E-01   0.19885463E-01   0.86452152E+00   0.00000000E+00
 15.   64.  -0.11480859E-01  -0.10655451E+00   0.25836980E+00   0.00000000E+00
 15.   65.  -0.63707326E-01   0.00000000E+00  -0.99826356E+00   0.00000000E+00
 15.   66.   0.63707326E-01   0.00000000E+00   0.99826356E+00   0.00000000E+00
 15.   67.   0.11480869E-01  -0.10655451E+00  -0.25836962E+00   0.00000000E+00
 15.   68.  -0.75188195E-01   0.19885446E-01  -0.86452162E+00   0.00000000E+00
 15.   69.  -0.22961740E-01   0.86669065E-01   0.70587891E+00   0.00000000E+00
 15.   70.   0.98149932E-01  -0.19885444E-01   0.49913183E+00   0.00000000E+00
 15.   71.   0.11480878E-01  -0.66783617E-01  -0.96424853E+00   0.00000000E+00
 15.   72.  -0.10963080E+00  -0.45403534E-08  -0.94706502E-07   0.00000000E+00
 15.   73.   0.11480859E-01   0.66783615E-01   0.96424858E+00   0.00000000E+00
 15.   74.   0.98149936E-01   0.19885456E-01  -0.49913167E+00   0.00000000E+00
 15.   75.  -0.22961726E-01  -0.86669060E-01  -0.70587904E+00   0.00000000E+00
 15.   76.  -0.75188199E-01  -0.19885463E-01   0.86452152E+00   0.00000000E+00
 15.   77.   0.11480859E-01   0.10655451E+00   0.25836980E+00   0.00000000E+00
 15.   78.   0.63707326E-01   0.00000000E+00  -0.99826356E+00   0.00000000E+00
 16.    1.  -0.11740177E-01   0.00000000E+00   0.28495136E-01   0.00000000E+00
 16.    2.  -0.88275889E-02   0.10264730E-01   0.14247568E-01   0.00000000E+00
 16.    3.  -0.10162120E-02   0.13500308E-01  -0.14247567E-01   0.00000000E+00
 16.    4.   0.83015588E-02   0.83015592E-02  -0.28495136E-01   0.00000000E+00
 16.    5.   0.13500308E-01  -0.10162115E-02  -0.14247569E-01   0.00000000E+00
 16.    6.   0.10264730E-01  -0.88275887E-02   0.14247566E-01   0.00000000E+00
 16.    7.   0.61157030E-09  -0.11740177E-01   0.28495135E-01   0.00000000E+00
 16.    8.  -0.10264729E-01  -0.88275893E-02   0.14247569E-01   0.00000000E+00
 16.    9.  -0.13500308E-01  -0.10162125E-02  -0.14247566E-01   0.00000000E+00
 16.   10.  -0.83015597E-02   0.83015583E-02  -0.28495136E-01   0.00000000E+00
 16.   11.   0.10162110E-02   0.13500308E-01  -0.14247570E-01   0.00000000E+00
 16.   12.   0.88275884E-02   0.10264730E-01   0.14247565E-01   0.00000000E+00
 16.   13.   0.11740177E-01   0.00000000E+00   0.28495136E-01   0.00000000E+00
 16.   14.  -0.49106477E-01   0.00000000E+00   0.39915284E+00   0.00000000E+00
 16.   15.  -0.39363961E-01   0.52041874E-01   0.19957642E+00   0.00000000E+00
 16.   16.  -0.89646388E-02   0.64633686E-01  -0.19957641E+00   0.00000000E+00
 16.   17.   0.34723522E-01   0.34723524E-01  -0.39915284E+00   0.00000000E+00
 16.   18.   0.64633686E-01  -0.89646368E-02  -0.19957643E+00   0.00000000E+00
 16.   19.   0.52041876E-01  -0.39363960E-01   0.19957640E+00   0.00000000E+00
 16.   20.   0.31182920E-08  -0.49106477E-01   0.39915284E+00   0.00000000E+00
 16.   21.  -0.52041872E-01  -0.39363962E-01   0.19957644E+00   0.00000000E+00
 16.   22.  -0.64633687E-01  -0.89646410E-02  -0.19957639E+00   0.00000000E+00
 16.   23.  -0.34723527E-01   0.34723519E-01  -0.39915284E+00   0.00000000E+00
 16.   24.   0.89646346E-02   0.64633685E-01  -0.19957645E+00   0.00000000E+00
 16.   25.   0.39363959E-01   0.52041878E-01   0.19957638E+00   0.00000000E+00
 16.   26.   0.49106477E-01   0.00000000E+00   0.39915284E+00   0.00000000E+00
 16.   27.  -0.16437058E-01   0.00000000E+00   0.95177515E+00   0.00000000E+00
 16.   28.  -0.31921044E-01   0.87376999E-01   0.47588757E+00   0.00000000E+00
 16.   29.  -0.39213282E-01   0.84356456E-01  -0.47588756E+00   0.00000000E+00
 16.   30.   0.11622754E-01   0.11622757E-01  -0.95177515E+00   0.00000000E+00
 16.   31.   0.84356453E-01  -0.39213281E-01  -0.47588760E+00   0.00000000E+00
 16.   32.   0.87377002E-01  -0.31921045E-01   0.47588753E+00   0.00000000E+00
 16.   33.   0.55777695E-08  -0.16437059E-01   0.95177515E+00   0.00000000E+00
 16.   34.  -0.87376996E-01  -0.31921043E-01   0.47588762E+00   0.00000000E+00
 16.   35.  -0.84356459E-01  -0.39213283E-01  -0.47588751E+00   0.00000000E+00
 16.   36.  -0.11622762E-01   0.11622749E-01  -0.95177515E+00   0.00000000E+00
 16.   37.   0.39213280E-01   0.84356451E-01  -0.47588765E+00   0.00000000E+00
 16.   38.   0.31921046E-01   0.87377004E-01   0.47588748E+00   0.00000000E+00
 16.   39.   0.16437059E-01   0.00000000E+00   0.95177515E+00   0.00000000E+00
 16.   40.   0.93193668E-01   0.00000000E+00   0.45405092E+00   0.00000000E+00
 16.   41.   0.36618883E-01   0.43372811E-01   0.22702546E+00   0.00000000E+00
 16.   42.  -0.56562668E-01   0.47757498E-02  -0.22702546E+00   0.00000000E+00
 16.   43.  -0.65897875E-01  -0.65897874E-01  -0.45405092E+00   0.00000000E+00
 16.   44.   0.47757462E-02  -0.56562671E-01  -0.22702548E+00   0.00000000E+00
 16.   45.   0.43372812E-01   0.36618878E-01   0.22702544E+00   0.00000000E+00
 16.   46.   0.32999161E-08   0.93193668E-01   0.45405092E+00   0.00000000E+00
 16.   47.  -0.43372811E-01   0.36618888E-01   0.22702548E+00   0.00000000E+00
 16.   48.  -0.47757539E-02  -0.56562665E-01  -0.22702543E+00   0.00000000E+00
 16.   49.   0.65897871E-01  -0.65897878E-01  -0.45405092E+00   0.00000000E+00
 16.   50.   0.56562675E-01   0.47757421E-02  -0.22702550E+00   0.00000000E+00
 16.   51.  -0.36618872E-01   0.43372812E-01   0.22702542E+00   0.00000000E+00
 16.   52.  -0.93193668E-01   0.00000000E+00   0.45405092E+00   0.00000000E+00
 16.   53.   0.12326915E+00   0.00000000E+00  -0.99975214E+00   0.00000000E+00
 16.   54.   0.72704799E-01  -0.33200286E-01  -0.49987607E+00   0.00000000E+00
 16.   55.  -0.27933907E-01  -0.74886203E-01   0.49987606E+00   0.00000000E+00
 16.   56.  -0.87164454E-01  -0.87164454E-01   0.99975214E+00   0.00000000E+00
 16.   57.  -0.74886205E-01  -0.27933912E-01   0.49987610E+00   0.00000000E+00
 16.   58.  -0.33200288E-01   0.72704794E-01  -0.49987603E+00   0.00000000E+00
 16.   59.  -0.14900956E-08   0.12326915E+00  -0.99975214E+00   0.00000000E+00
 16.   60.   0.33200284E-01   0.72704804E-01  -0.49987612E+00   0.00000000E+00
 16.   61.   0.74886201E-01  -0.27933902E-01   0.49987601E+00   0.00000000E+00
 16.   62.   0.87164456E-01  -0.87164452E-01   0.99975214E+00   0.00000000E+00
 16.   63.   0.27933917E-01  -0.74886207E-01   0.49987615E+00   0.00000000E+00
 16.   64.  -0.72704789E-01  -0.33200290E-01  -0.49987598E+00   0.00000000E+00
 16.   65.  -0.12326915E+00   0.00000000E+00  -0.99975214E+00   0.00000000E+00
 16.   66.  -0.12326915E+00   0.00000000E+00  -0.99975214E+00   0.00000000E+00
 16.   67.  -0.72704799E-01   0.33200286E-01  -0.49987607E+00   0.00000000E+00
 16.   68.   0.27933907E-01   0.74886203E-01   0.49987606E+00   0.00000000E+00
 16.   69.   0.87164454E-01   0.87164454E-01   0.99975214E+00   0.00000000E+00
 16.   70.   0.74886205E-01   0.27933912E-01   0.49987610E+00   0.00000000E+00
 16.   71.   0.33200288E-01  -0.72704794E-01  -0.49987603E+00   0.00000000E+00
 16.   72.   0.15074285E-08  -0.12326915E+00  -0.99975214E+00   0.00000000E+00
 16.   73.  -0.33200284E-01  -0.72704804E-01  -0.49987612E+00   0.00000000E+00
 16.   74.  -0.74886201E-01   0.27933902E-01   0.49987601E+00   0.00000000E+00
 16.   75.  -0.87164456E-01   0.87164452E-01   0.99975214E+00   0.00000000E+00
 16.   76.  -0.27933917E-01   0.74886207E-01   0.49987615E+00   0.00000000E+00
 16.   77.   0.72704789E-01   0.33200290E-01  -0.49987598E+00   0.00000000E+00
 16.   78.   0.12326915E+00   0.00000000E+00  -0.99975214E+00   0.00000000E+00
 17.    1.  -0.78322869E-05   0.00000000E+00   0.44803335E-05   0.00000000E+00
 17.    2.   0.20627348E-05   0.74322845E-05  -0.22392551E-05   0.00000000E+00
 17.    3.   0.67139015E-05  -0.37966612E-05  -0.22395429E-05   0.00000000E+00
 17.    4.  -0.55383420E-05  -0.55381258E-05   0.44795482E-05   0.00000000E+00
 17.    5.  -0.37968701E-05   0.67140707E-05  -0.22403360E-05   0.00000000E+00
 17.    6.   0.74321566E-05   0.20628451E-05  -0.22406309E-05   0.00000000E+00
 17.    7.  -0.31141753E-12  -0.78322031E-05   0.44787455E-05   0.00000000E+00
 17.    8.  -0.74321619E-05   0.20628403E-05  -0.22406340E-05   0.00000000E+00
 17.    9.   0.37968607E-05   0.67140673E-05  -0.22403490E-05   0.00000000E+00
 17.   10.   0.55383372E-05  -0.55381273E-05   0.44795322E-05   0.00000000E+00
 17.   11.  -0.67139078E-05  -0.37966611E-05  -0.22395545E-05   0.00000000E+00
 17.   12.  -0.20627416E-05   0.74322848E-05  -0.22392660E-05   0.00000000E+00
 17.   13.   0.78322806E-05   0.00000000E+00   0.44803259E-05   0.00000000E+00
 17.   14.  -0.93349477E-03   0.00000000E+00   0.29077308E-02   0.00000000E+00
 17.   15.   0.22316684E-03   0.97050363E-03  -0.14538640E-02   0.00000000E+00
 17.   16.   0.84405242E-03  -0.52844679E-03  -0.14538645E-02   0.00000000E+00
 17.   17.  -0.66008055E-03  -0.66008047E-03   0.29077298E-02   0.00000000E+00
 17.   18.  -0.52844702E-03   0.84405242E-03  -0.14538652E-02   0.00000000E+00
 17.   19.   0.97050349E-03   0.22316687E-03  -0.14538660E-02   0.00000000E+00
 17.   20.   0.98539961E-10  -0.93349486E-03   0.29077288E-02   0.00000000E+00
 17.   21.  -0.97050355E-03   0.22316670E-03  -0.14538654E-02   0.00000000E+00
 17.   22.   0.52844686E-03   0.84405250E-03  -0.14538657E-02   0.00000000E+00
 17.   23.   0.66008069E-03  -0.66008034E-03   0.29077298E-02   0.00000000E+00
 17.   24.  -0.84405234E-03  -0.52844695E-03  -0.14538639E-02   0.00000000E+00
 17.   25.  -0.22316702E-03   0.97050357E-03  -0.14538646E-02   0.00000000E+00
 17.   26.   0.93349476E-03   0.00000000E+00   0.29077308E-02   0.00000000E+00
 17.   27.  -0.11173110E-01   0.00000000E+00   0.62399063E-01   0.00000000E+00
 17.   28.   0.22542257E-02   0.13171907E-01  -0.31199532E-01   0.00000000E+00
 17.   29.   0.10907923E-01  -0.77199663E-02  -0.31199533E-01   0.00000000E+00
 17.   30.  -0.79005818E-02  -0.79005825E-02   0.62399063E-01   0.00000000E+00
 17.   31.  -0.77199673E-02   0.10907923E-01  -0.31199528E-01   0.00000000E+00
 17.   32.   0.13171907E-01   0.22542266E-02  -0.31199537E-01   0.00000000E+00
 17.   33.   0.13727038E-08  -0.11173110E-01   0.62399064E-01   0.00000000E+00
 17.   34.  -0.13171908E-01   0.22542245E-02  -0.31199525E-01   0.00000000E+00
 17.   35.   0.77199652E-02   0.10907924E-01  -0.31199539E-01   0.00000000E+00
 17.   36.   0.79005837E-02  -0.79005805E-02   0.62399063E-01   0.00000000E+00
 17.   37.  -0.10907922E-01  -0.77199684E-02  -0.31199522E-01   0.00000000E+00
 17.   38.  -0.22542278E-02   0.13171906E-01  -0.31199544E-01   0.00000000E+00
 17.   39.   0.11173110E-01   0.00000000E+00   0.62399063E-01   0.00000000E+00
 17.   40.  -0.36789859E-01   0.00000000E+00   0.35838853E+00   0.00000000E+00
 17.   41.   0.44519972E-02   0.54457470E-01  -0.17919427E+00   0.00000000E+00
 17.   42.   0.41655284E-01  -0.35359208E-01  -0.17919427E+00   0.00000000E+00
 17.   43.  -0.26014357E-01  -0.26014360E-01   0.35838853E+00   0.00000000E+00
 17.   44.  -0.35359211E-01   0.41655283E-01  -0.17919424E+00   0.00000000E+00
 17.   45.   0.54457468E-01   0.44520005E-02  -0.17919430E+00   0.00000000E+00
 17.   46.   0.59429780E-08  -0.36789859E-01   0.35838853E+00   0.00000000E+00
 17.   47.  -0.54457472E-01   0.44519936E-02  -0.17919423E+00   0.00000000E+00
 17.   48.   0.35359204E-01   0.41655285E-01  -0.17919431E+00   0.00000000E+00
 17.   49.   0.26014366E-01  -0.26014352E-01   0.35838853E+00   0.00000000E+00
 17.   50.  -0.41655282E-01  -0.35359216E-01  -0.17919421E+00   0.00000000E+00
 17.   51.  -0.44520041E-02   0.54457466E-01  -0.17919433E+00   0.00000000E+00
 17.   52.   0.36789859E-01   0.00000000E+00   0.35838853E+00   0.00000000E+00
 17.   53.  -0.70156159E-01   0.00000000E+00   0.99773296E+00   0.00000000E+00
 17.   54.   0.60895859E-02   0.11280465E+00  -0.49886648E+00   0.00000000E+00
 17.   55.   0.84070919E-01  -0.75458941E-01  -0.49886651E+00   0.00000000E+00
 17.   56.  -0.49607893E-01  -0.49607899E-01   0.99773296E+00   0.00000000E+00
 17.   57.  -0.75458949E-01   0.84070918E-01  -0.49886642E+00   0.00000000E+00
 17.   58.   0.11280464E+00   0.60895923E-02  -0.49886657E+00   0.00000000E+00
 17.   59.   0.12488180E-07  -0.70156159E-01   0.99773296E+00   0.00000000E+00
 17.   60.  -0.11280465E+00   0.60895792E-02  -0.49886638E+00   0.00000000E+00
 17.   61.   0.75458933E-01   0.84070920E-01  -0.49886661E+00   0.00000000E+00
 17.   62.   0.49607910E-01  -0.49607881E-01   0.99773296E+00   0.00000000E+00
 17.   63.  -0.84070916E-01  -0.75458957E-01  -0.49886632E+00   0.00000000E+00
 17.   64.  -0.60895991E-02   0.11280464E+00  -0.49886667E+00   0.00000000E+00
 17.   65.   0.70156159E-01   0.00000000E+00   0.99773296E+00   0.00000000E+00
 17.   66.   0.70156159E-01   0.00000000E+00   0.99773296E+00   0.00000000E+00
 17.   67.  -0.60895859E-02  -0.11280465E+00  -0.49886648E+00   0.00000000E+00
 17.   68.  -0.84070919E-01   0.75458941E-01  -0.49886651E+00   0.00000000E+00
 17.   69.   0.49607893E-01   0.49607899E-01   0.99773296E+00   0.00000000E+00
 17.   70.   0.75458949E-01  -0.84070918E-01  -0.49886642E+00   0.00000000E+00
 17.   71.  -0.11280464E+00  -0.60895923E-02  -0.49886657E+00   0.00000000E+00
 17.   72.  -0.12478905E-07   0.70156159E-01   0.99773296E+00   0.00000000E+00
 17.   73.   0.11280465E+00  -0.60895792E-02  -0.49886638E+00   0.00000000E+00
 17.   74.  -0.75458933E-01  -0.84070920E-01  -0.49886661E+00   0.00000000E+00
 17.   75.  -0.49607910E-01   0.49607881E-01   0.99773296E+00   0.00000000E+00
 17.   76.   0.84070916E-01   0.75458957E-01  -0.49886632E+00   0.00000000E+00
 17.   77.   0.60895991E-02  -0.11280464E+00  -0.49886667E+00   0.00000000E+00
 17.   78.  -0.70156159E-01   0.00000000E+00   0.99773296E+00   0.00000000E+00
 18.    1.  -0.37530550E-01   0.00000000E+00   0.71504855E+00   0.00000000E+00
 18.    2.  -0.48731725E-01   0.56289605E-01   0.61925021E+00   0.00000000E+00
 18.    3.  -0.74261294E-01   0.91093784E-01   0.35752428E+00   0.00000000E+00
 18.    4.  -0.94730079E-01   0.94730079E-01   0.68011124E-08   0.00000000E+00
 18.    5.  -0.91093785E-01   0.74261295E-01  -0.35752427E+00   0.00000000E+00
 18.    6.  -0.56289607E-01   0.48731726E-01  -0.61925020E+00   0.00000000E+00
 18.    7.  -0.31290002E-08   0.37530550E-01  -0.71504855E+00   0.00000000E+00
 18.    8.   0.56289602E-01   0.48731724E-01  -0.61925022E+00   0.00000000E+00
 18.    9.   0.91093783E-01   0.74261292E-01  -0.35752430E+00   0.00000000E+00
 18.   10.   0.94730080E-01   0.94730078E-01  -0.32221142E-07   0.00000000E+00
 18.   11.   0.74261296E-01   0.91093786E-01   0.35752425E+00   0.00000000E+00
 18.   12.   0.48731727E-01   0.56289610E-01   0.61925019E+00   0.00000000E+00
 18.   13.   0.37530550E-01   0.00000000E+00   0.71504855E+00   0.00000000E+00
 18.   14.   0.43248045E-01   0.00000000E+00   0.91227178E+00   0.00000000E+00
 18.   15.   0.25870087E-01   0.48162300E-01   0.79005054E+00   0.00000000E+00
 18.   16.  -0.15762974E-01   0.70550319E-01   0.45613590E+00   0.00000000E+00
 18.   17.  -0.56321816E-01   0.56321817E-01   0.85788628E-08   0.00000000E+00
 18.   18.  -0.70550319E-01   0.15762977E-01  -0.45613588E+00   0.00000000E+00
 18.   19.  -0.48162302E-01  -0.25870086E-01  -0.79005053E+00   0.00000000E+00
 18.   20.  -0.27532657E-08  -0.43248045E-01  -0.91227178E+00   0.00000000E+00
 18.   21.   0.48162298E-01  -0.25870089E-01  -0.79005055E+00   0.00000000E+00
 18.   22.   0.70550319E-01   0.15762972E-01  -0.45613592E+00   0.00000000E+00
 18.   23.   0.56321819E-01   0.56321814E-01  -0.41042800E-07   0.00000000E+00
 18.   24.   0.15762979E-01   0.70550319E-01   0.45613585E+00   0.00000000E+00
 18.   25.  -0.25870084E-01   0.48162304E-01   0.79005051E+00   0.00000000E+00
 18.   26.  -0.43248045E-01   0.00000000E+00   0.91227178E+00   0.00000000E+00
 18.   27.   0.89035159E-01   0.00000000E+00  -0.17703657E+00   0.00000000E+00
 18.   28.   0.75762394E-01   0.15168344E-01  -0.15331817E+00   0.00000000E+00
 18.   29.   0.42846464E-01   0.14822907E-01  -0.88518285E-01   0.00000000E+00
 18.   30.   0.70106177E-02  -0.70106166E-02  -0.16819914E-08   0.00000000E+00
 18.   31.  -0.14822907E-01  -0.42846462E-01   0.88518281E-01   0.00000000E+00
 18.   32.  -0.15168345E-01  -0.75762393E-01   0.15331816E+00   0.00000000E+00
 18.   33.  -0.94385915E-09  -0.89035159E-01   0.17703657E+00   0.00000000E+00
 18.   34.   0.15168344E-01  -0.75762395E-01   0.15331817E+00   0.00000000E+00
 18.   35.   0.14822908E-01  -0.42846466E-01   0.88518290E-01   0.00000000E+00
 18.   36.  -0.70106145E-02  -0.70106198E-02   0.78878490E-08   0.00000000E+00
 18.   37.  -0.42846460E-01   0.14822906E-01  -0.88518277E-01   0.00000000E+00
 18.   38.  -0.75762391E-01   0.15168345E-01  -0.15331816E+00   0.00000000E+00
 18.   39.  -0.89035159E-01   0.00000000E+00  -0.17703657E+00   0.00000000E+00
 18.   40.  -0.54991225E-01   0.00000000E+00  -0.46054525E+00   0.00000000E+00
 18.   41.  -0.43548968E-01  -0.21477261E-01  -0.39884389E+00   0.00000000E+00
 18.   42.  -0.15607054E-01  -0.27959015E-01  -0.23027263E+00   0.00000000E+00
 18.   43.   0.13398455E-01  -0.13398456E-01  -0.48272629E-08   0.00000000E+00
 18.   44.   0.27959014E-01   0.15607053E-01   0.23027262E+00   0.00000000E+00
 18.   45.   0.21477262E-01   0.43548967E-01   0.39884388E+00   0.00000000E+00
 18.   46.   0.12577781E-08   0.54991225E-01   0.46054525E+00   0.00000000E+00
 18.   47.  -0.21477260E-01   0.43548970E-01   0.39884389E+00   0.00000000E+00
 18.   48.  -0.27959015E-01   0.15607056E-01   0.23027264E+00   0.00000000E+00
 18.   49.  -0.13398458E-01  -0.13398454E-01   0.20134341E-07   0.00000000E+00
 18.   50.   0.15607051E-01  -0.27959014E-01  -0.23027261E+00   0.00000000E+00
 18.   51.   0.43548966E-01  -0.21477263E-01  -0.39884387E+00   0.00000000E+00
 18.   52.   0.54991225E-01   0.00000000E+00  -0.46054525E+00   0.00000000E+00
 18.   53.  -0.10941131E+00   0.00000000E+00   0.74382755E+00   0.00000000E+00
 18.   54.  -0.94275450E-01  -0.14256616E-01   0.64417356E+00   0.00000000E+00
 18.   55.  -0.56581861E-01  -0.11408655E-01   0.37191378E+00   0.00000000E+00
 18.   56.  -0.15032311E-01   0.15032310E-01   0.53983248E-08   0.00000000E+00
 18.   57.   0.11408655E-01   0.56581859E-01  -0.37191377E+00   0.00000000E+00
 18.   58.   0.14256616E-01   0.94275449E-01  -0.64417355E+00   0.00000000E+00
 18.   59.   0.91145498E-09   0.10941131E+00  -0.74382756E+00   0.00000000E+00
 18.   60.  -0.14256615E-01   0.94275452E-01  -0.64417357E+00   0.00000000E+00
 18.   61.  -0.11408656E-01   0.56581863E-01  -0.37191380E+00   0.00000000E+00
 18.   62.   0.15032307E-01   0.15032314E-01  -0.35030085E-07   0.00000000E+00
 18.   63.   0.56581857E-01  -0.11408654E-01   0.37191375E+00   0.00000000E+00
 18.   64.   0.94275447E-01  -0.14256617E-01   0.64417354E+00   0.00000000E+00
 18.   65.   0.10941131E+00   0.00000000E+00   0.74382755E+00   0.00000000E+00
 18.   66.   0.10941131E+00   0.00000000E+00   0.74382755E+00   0.00000000E+00
 18.   67.   0.94275450E-01   0.14256616E-01   0.64417356E+00   0.00000000E+00
 18.   68.   0.56581861E-01   0.11408655E-01   0.37191378E+00   0.00000000E+00
 18.   69.   0.15032311E-01  -0.15032310E-01   0.53940945E-08   0.00000000E+00
 18.   70.  -0.11408655E-01  -0.56581859E-01  -0.37191377E+00   0.00000000E+00
 18.   71.  -0.14256616E-01  -0.94275449E-01  -0.64417355E+00   0.00000000E+00
 18.   72.  -0.93620701E-09  -0.10941131E+00  -0.74382756E+00   0.00000000E+00
 18.   73.   0.14256615E-01  -0.94275452E-01  -0.64417357E+00   0.00000000E+00
 18.   74.   0.11408656E-01  -0.56581863E-01  -0.37191380E+00   0.00000000E+00
 18.   75.  -0.15032307E-01  -0.15032314E-01  -0.35033342E-07   0.00000000E+00
 18.   76.  -0.56581857E-01   0.11408654E-01   0.37191375E+00   0.00000000E+00
 18.   77.  -0.94275447E-01   0.14256617E-01   0.64417354E+00   0.00000000E+00
 18.   78.  -0.10941131E+00   0.00000000E+00   0.74382755E+00   0.00000000E+00
 19.    1.  -0.46956782E-02   0.00000000E+00   0.78759597E-02   0.00000000E+00
 19.    2.  -0.25163933E-02   0.46956289E-02   0.20384473E-02   0.00000000E+00
 19.    3.   0.21792846E-02   0.43585207E-02  -0.68207839E-02   0.00000000E+00
 19.    4.   0.50327860E-02  -0.33710832E-03  -0.55691472E-02   0.00000000E+00
 19.    5.   0.28535014E-02  -0.43585208E-02   0.39379787E-02   0.00000000E+00
 19.    6.  -0.25163930E-02  -0.40214128E-02   0.76075927E-02   0.00000000E+00
 19.    7.  -0.53698945E-02  -0.47257912E-09  -0.12201409E-08   0.00000000E+00
 19.    8.  -0.25163934E-02   0.40214121E-02  -0.76075959E-02   0.00000000E+00
 19.    9.   0.28535012E-02   0.43585207E-02  -0.39379830E-02   0.00000000E+00
 19.   10.   0.50327864E-02   0.33710858E-03   0.55691432E-02   0.00000000E+00
 19.   11.   0.21792854E-02  -0.43585205E-02   0.68207812E-02   0.00000000E+00
 19.   12.  -0.25163925E-02  -0.46956293E-02  -0.20384494E-02   0.00000000E+00
 19.   13.  -0.46956777E-02   0.00000000E+00  -0.78759628E-02   0.00000000E+00
 19.   14.  -0.41395748E-01   0.00000000E+00   0.25404249E+00   0.00000000E+00
 19.   15.  -0.24165840E-01   0.48792393E-01   0.65751036E-01   0.00000000E+00
 19.   16.   0.17229908E-01   0.41856462E-01  -0.22000725E+00   0.00000000E+00
 19.   17.   0.48331679E-01  -0.69359304E-02  -0.17963517E+00   0.00000000E+00
 19.   18.   0.31101772E-01  -0.41856461E-01   0.12702124E+00   0.00000000E+00
 19.   19.  -0.24165837E-01  -0.34920532E-01   0.24538621E+00   0.00000000E+00
 19.   20.  -0.55267610E-01  -0.21405656E-08   0.17704769E-07   0.00000000E+00
 19.   21.  -0.24165843E-01   0.34920529E-01  -0.24538620E+00   0.00000000E+00
 19.   22.   0.31101768E-01   0.41856463E-01  -0.12702127E+00   0.00000000E+00
 19.   23.   0.48331680E-01   0.69359355E-02   0.17963515E+00   0.00000000E+00
 19.   24.   0.17229912E-01  -0.41856459E-01   0.22000727E+00   0.00000000E+00
 19.   25.  -0.24165836E-01  -0.48792396E-01  -0.65751001E-01   0.00000000E+00
 19.   26.  -0.41395748E-01   0.00000000E+00  -0.25404249E+00   0.00000000E+00
 19.   27.  -0.34750517E-01   0.00000000E+00   0.88617991E+00   0.00000000E+00
 19.   28.  -0.39668112E-01   0.11329289E+00   0.22936024E+00   0.00000000E+00
 19.   29.  -0.49175962E-02   0.68707187E-01  -0.76745431E+00   0.00000000E+00
 19.   30.   0.79336223E-01  -0.44585706E-01  -0.62662384E+00   0.00000000E+00
 19.   31.   0.84253821E-01  -0.68707186E-01   0.44308992E+00   0.00000000E+00
 19.   32.  -0.39668105E-01  -0.24121480E-01   0.85598408E+00   0.00000000E+00
 19.   33.  -0.12392193E+00  -0.58149729E-09   0.60043109E-07   0.00000000E+00
 19.   34.  -0.39668120E-01   0.24121476E-01  -0.85598405E+00   0.00000000E+00
 19.   35.   0.84253814E-01   0.68707183E-01  -0.44309003E+00   0.00000000E+00
 19.   36.   0.79336230E-01   0.44585714E-01   0.62662376E+00   0.00000000E+00
 19.   37.  -0.49175888E-02  -0.68707175E-01   0.76745437E+00   0.00000000E+00
 19.   38.  -0.39668112E-01  -0.11329290E+00  -0.22936012E+00   0.00000000E+00
 19.   39.  -0.34750517E-01   0.00000000E+00  -0.88617991E+00   0.00000000E+00
 19.   40.   0.91746783E-01   0.00000000E+00   0.56098202E+00   0.00000000E+00
 19.   41.   0.85365815E-02   0.59887827E-01   0.14519283E+00   0.00000000E+00
 19.   42.  -0.83210201E-01  -0.14785791E-01  -0.48582468E+00   0.00000000E+00
 19.   43.  -0.17073165E-01  -0.74673620E-01  -0.39667420E+00   0.00000000E+00
 19.   44.   0.66137037E-01   0.14785789E-01   0.28049099E+00   0.00000000E+00
 19.   45.   0.85365865E-02   0.89459413E-01   0.54186703E+00   0.00000000E+00
 19.   46.  -0.57600456E-01   0.69482833E-08   0.37450131E-07   0.00000000E+00
 19.   47.   0.85365760E-02  -0.89459412E-01  -0.54186701E+00   0.00000000E+00
 19.   48.   0.66137039E-01  -0.14785802E-01  -0.28049106E+00   0.00000000E+00
 19.   49.  -0.17073153E-01   0.74673618E-01   0.39667415E+00   0.00000000E+00
 19.   50.  -0.83210202E-01   0.14785803E-01   0.48582471E+00   0.00000000E+00
 19.   51.   0.85365678E-02  -0.59887826E-01  -0.14519276E+00   0.00000000E+00
 19.   52.   0.91746783E-01   0.00000000E+00  -0.56098202E+00   0.00000000E+00
 19.   53.   0.13585384E+00   0.00000000E+00  -0.99949123E+00   0.00000000E+00
 19.   54.   0.52009492E-01  -0.58248228E-01  -0.25868737E+00   0.00000000E+00
 19.   55.  -0.83844347E-01  -0.90083083E-01   0.86558479E+00   0.00000000E+00
 19.   56.  -0.10401899E+00  -0.31834858E-01   0.70674705E+00   0.00000000E+00
 19.   57.  -0.20174640E-01   0.90083080E-01  -0.49974558E+00   0.00000000E+00
 19.   58.   0.52009490E-01   0.12191794E+00  -0.96543441E+00   0.00000000E+00
 19.   59.   0.72184129E-01   0.80949108E-08  -0.66879517E-07   0.00000000E+00
 19.   60.   0.52009495E-01  -0.12191794E+00   0.96543438E+00   0.00000000E+00
 19.   61.  -0.20174630E-01  -0.90083091E-01   0.49974570E+00   0.00000000E+00
 19.   62.  -0.10401898E+00   0.31834846E-01  -0.70674695E+00   0.00000000E+00
 19.   63.  -0.83844356E-01   0.90083083E-01  -0.86558486E+00   0.00000000E+00
 19.   64.   0.52009478E-01   0.58248233E-01   0.25868724E+00   0.00000000E+00
 19.   65.   0.13585384E+00   0.00000000E+00   0.99949123E+00   0.00000000E+00
 19.   66.  -0.13585384E+00   0.00000000E+00  -0.99949123E+00   0.00000000E+00
 19.   67.  -0.52009492E-01   0.58248228E-01  -0.25868737E+00   0.00000000E+00
 19.   68.   0.83844347E-01   0.90083083E-01   0.86558479E+00   0.00000000E+00
 19.   69.   0.10401899E+00   0.31834858E-01   0.70674705E+00   0.00000000E+00
 19.   70.   0.20174640E-01  -0.90083080E-01  -0.49974558E+00   0.00000000E+00
 19.   71.  -0.52009490E-01  -0.12191794E+00  -0.96543441E+00   0.00000000E+00
 19.   72.  -0.72184129E-01  -0.80998029E-08  -0.66877349E-07   0.00000000E+00
 19.   73.  -0.52009495E-01   0.12191794E+00   0.96543438E+00   0.00000000E+00
 19.   74.   0.20174630E-01   0.90083091E-01   0.49974570E+00   0.00000000E+00
 19.   75.   0.10401898E+00  -0.31834846E-01  -0.70674695E+00   0.00000000E+00
 19.   76.   0.83844356E-01  -0.90083083E-01  -0.86558486E+00   0.00000000E+00
 19.   77.  -0.52009478E-01  -0.58248233E-01   0.25868724E+00   0.00000000E+00
 19.   78.  -0.13585384E+00   0.00000000E+00   0.99949123E+00   0.00000000E+00
 20.    1.   0.13379989E+00   0.00000000E+00   0.99804811E+00   0.00000000E+00
 20.    2.   0.12924077E+00   0.34629960E-01   0.99804811E+00   0.00000000E+00
 20.    3.   0.11587410E+00   0.66899945E-01   0.99804811E+00   0.00000000E+00
 20.    4.   0.94610810E-01   0.94610809E-01   0.99804811E+00   0.00000000E+00
 20.    5.   0.66899946E-01   0.11587410E+00   0.99804811E+00   0.00000000E+00
 20.    6.   0.34629961E-01   0.12924077E+00   0.99804811E+00   0.00000000E+00
 20.    7.   0.17965801E-08   0.13379989E+00   0.99804811E+00   0.00000000E+00
 20.    8.  -0.34629958E-01   0.12924077E+00   0.99804811E+00   0.00000000E+00
 20.    9.  -0.66899943E-01   0.11587411E+00   0.99804811E+00   0.00000000E+00
 20.   10.  -0.94610808E-01   0.94610812E-01   0.99804811E+00   0.00000000E+00
 20.   11.  -0.11587410E+00   0.66899948E-01   0.99804811E+00   0.00000000E+00
 20.   12.  -0.12924077E+00   0.34629963E-01   0.99804811E+00   0.00000000E+00
 20.   13.  -0.13379989E+00   0.00000000E+00   0.99804811E+00   0.00000000E+00
 20.   14.   0.51224855E-01   0.00000000E+00  -0.32203970E+00   0.00000000E+00
 20.   15.   0.49479411E-01   0.13257968E-01  -0.32203970E+00   0.00000000E+00
 20.   16.   0.44362026E-01   0.25612427E-01  -0.32203970E+00   0.00000000E+00
 20.   17.   0.36221443E-01   0.36221442E-01  -0.32203970E+00   0.00000000E+00
 20.   18.   0.25612428E-01   0.44362026E-01  -0.32203970E+00   0.00000000E+00
 20.   19.   0.13257969E-01   0.49479410E-01  -0.32203970E+00   0.00000000E+00
 20.   20.   0.65339970E-09   0.51224855E-01  -0.32203970E+00   0.00000000E+00
 20.   21.  -0.13257967E-01   0.49479411E-01  -0.32203970E+00   0.00000000E+00
 20.   22.  -0.25612427E-01   0.44362026E-01  -0.32203970E+00   0.00000000E+00
 20.   23.  -0.36221442E-01   0.36221443E-01  -0.32203970E+00   0.00000000E+00
 20.   24.  -0.44362025E-01   0.25612429E-01  -0.32203970E+00   0.00000000E+00
 20.   25.  -0.49479410E-01   0.13257969E-01  -0.32203970E+00   0.00000000E+00
 20.   26.  -0.51224855E-01   0.00000000E+00  -0.32203970E+00   0.00000000E+00
 20.   27.  -0.60224204E-01   0.00000000E+00  -0.10013250E+00   0.00000000E+00
 20.   28.  -0.58172114E-01  -0.15587171E-01  -0.10013250E+00   0.00000000E+00
 20.   29.  -0.52155690E-01  -0.30112102E-01  -0.10013250E+00   0.00000000E+00
 20.   30.  -0.42584943E-01  -0.42584943E-01  -0.10013250E+00   0.00000000E+00
 20.   31.  -0.30112102E-01  -0.52155690E-01  -0.10013250E+00   0.00000000E+00
 20.   32.  -0.15587172E-01  -0.58172114E-01  -0.10013250E+00   0.00000000E+00
 20.   33.  -0.89066612E-09  -0.60224204E-01  -0.10013250E+00   0.00000000E+00
 20.   34.   0.15587170E-01  -0.58172114E-01  -0.10013250E+00   0.00000000E+00
 20.   35.   0.30112101E-01  -0.52155691E-01  -0.10013250E+00   0.00000000E+00
 20.   36.   0.42584942E-01  -0.42584944E-01  -0.10013250E+00   0.00000000E+00
 20.   37.   0.52155690E-01  -0.30112103E-01  -0.10013250E+00   0.00000000E+00
 20.   38.   0.58172113E-01  -0.15587173E-01  -0.10013250E+00   0.00000000E+00
 20.   39.   0.60224204E-01   0.00000000E+00  -0.10013250E+00   0.00000000E+00
 20.   40.   0.20756994E-01   0.00000000E+00   0.28942604E+00   0.00000000E+00
 20.   41.   0.20049717E-01   0.53723054E-02   0.28942604E+00   0.00000000E+00
 20.   42.   0.17976084E-01   0.10378497E-01   0.28942604E+00   0.00000000E+00
 20.   43.   0.14677411E-01   0.14677411E-01   0.28942604E+00   0.00000000E+00
 20.   44.   0.10378497E-01   0.17976084E-01   0.28942604E+00   0.00000000E+00
 20.   45.   0.53723057E-02   0.20049717E-01   0.28942604E+00   0.00000000E+00
 20.   46.   0.27252533E-09   0.20756994E-01   0.28942604E+00   0.00000000E+00
 20.   47.  -0.53723050E-02   0.20049717E-01   0.28942604E+00   0.00000000E+00
 20.   48.  -0.10378497E-01   0.17976084E-01   0.28942604E+00   0.00000000E+00
 20.   49.  -0.14677411E-01   0.14677412E-01   0.28942604E+00   0.00000000E+00
 20.   50.  -0.17976084E-01   0.10378497E-01   0.28942604E+00   0.00000000E+00
 20.   51.  -0.20049716E-01   0.53723059E-02   0.28942604E+00   0.00000000E+00
 20.   52.  -0.20756994E-01   0.00000000E+00   0.28942604E+00   0.00000000E+00
 20.   53.   0.68803910E-01   0.00000000E+00  -0.41584371E+00   0.00000000E+00
 20.   54.   0.66459473E-01   0.17807762E-01  -0.41584371E+00   0.00000000E+00
 20.   55.   0.59585934E-01   0.34401955E-01  -0.41584371E+00   0.00000000E+00
 20.   56.   0.48651711E-01   0.48651711E-01  -0.41584371E+00   0.00000000E+00
 20.   57.   0.34401955E-01   0.59585934E-01  -0.41584371E+00   0.00000000E+00
 20.   58.   0.17807763E-01   0.66459473E-01  -0.41584371E+00   0.00000000E+00
 20.   59.   0.10449859E-08   0.68803910E-01  -0.41584371E+00   0.00000000E+00
 20.   60.  -0.17807761E-01   0.66459474E-01  -0.41584371E+00   0.00000000E+00
 20.   61.  -0.34401954E-01   0.59585934E-01  -0.41584371E+00   0.00000000E+00
 20.   62.  -0.48651710E-01   0.48651712E-01  -0.41584371E+00   0.00000000E+00
 20.   63.  -0.59585933E-01   0.34401956E-01  -0.41584371E+00   0.00000000E+00
 20.   64.  -0.66459473E-01   0.17807764E-01  -0.41584371E+00   0.00000000E+00
 20.   65.  -0.68803910E-01   0.00000000E+00  -0.41584371E+00   0.00000000E+00
 20.   66.  -0.68803910E-01   0.00000000E+00  -0.41584371E+00   0.00000000E+00
 20.   67.  -0.66459474E-01  -0.17807762E-01  -0.41584371E+00   0.00000000E+00
 20.   68.  -0.59585934E-01  -0.34401955E-01  -0.41584371E+00   0.00000000E+00
 20.   69.  -0.48651711E-01  -0.48651711E-01  -0.41584371E+00   0.00000000E+00
 20.   70.  -0.34401955E-01  -0.59585934E-01  -0.41584371E+00   0.00000000E+00
 20.   71.  -0.17807763E-01  -0.66459473E-01  -0.41584371E+00   0.00000000E+00
 20.   72.  -0.97185533E-09  -0.68803910E-01  -0.41584371E+00   0.00000000E+00
 20.   73.   0.17807761E-01  -0.66459474E-01  -0.41584371E+00   0.00000000E+00
 20.   74.   0.34401954E-01  -0.59585934E-01  -0.41584371E+00   0.00000000E+00
 20.   75.   0.48651710E-01  -0.48651712E-01  -0.41584371E+00   0.00000000E+00
 20.   76.   0.59585933E-01  -0.34401956E-01  -0.41584371E+00   0.00000000E+00
 20.   77.   0.66459473E-01  -0.17807764E-01  -0.41584371E+00   0.00000000E+00
 20.   78.   0.68803910E-01   0.00000000E+00  -0.41584371E+00   0.00000000E+00
 21.    1.   0.21390937E-05   0.00000000E+00  -0.94544627E-06   0.00000000E+00
 21.    2.  -0.10806745E-05  -0.18110732E-05   0.66798435E-06   0.00000000E+00
 21.    3.  -0.10391942E-05   0.17998924E-05  -0.26499857E-09   0.00000000E+00
 21.    4.   0.21087557E-05   0.30318041E-07  -0.66849812E-06   0.00000000E+00
 21.    5.  -0.10695383E-05  -0.18525670E-05   0.94495628E-06   0.00000000E+00
 21.    6.  -0.10280621E-05   0.18413699E-05  -0.66842049E-06   0.00000000E+00
 21.    7.   0.20783858E-05  -0.30616165E-10  -0.13025955E-09   0.00000000E+00
 21.    8.  -0.10280682E-05  -0.18414355E-05   0.66814129E-06   0.00000000E+00
 21.    9.  -0.10695385E-05   0.18524955E-05  -0.94529186E-06   0.00000000E+00
 21.   10.   0.21087687E-05  -0.30381535E-07   0.66810668E-06   0.00000000E+00
 21.   11.  -0.10391589E-05  -0.17999373E-05  -0.17752232E-09   0.00000000E+00
 21.   12.  -0.10806208E-05   0.18110409E-05  -0.66845731E-06   0.00000000E+00
 21.   13.   0.21391625E-05   0.00000000E+00   0.94495141E-06   0.00000000E+00
 21.   14.   0.53171213E-03   0.00000000E+00  -0.14793504E-02   0.00000000E+00
 21.   15.  -0.25723404E-03  -0.49265384E-03   0.10460587E-02   0.00000000E+00
 21.   16.  -0.28941171E-03   0.50127579E-03   0.16785380E-09   0.00000000E+00
 21.   17.   0.55526778E-03  -0.23555666E-04  -0.10460586E-02   0.00000000E+00
 21.   18.  -0.26585600E-03  -0.46047621E-03   0.14793506E-02   0.00000000E+00
 21.   19.  -0.29803375E-03   0.46909812E-03  -0.10460584E-02   0.00000000E+00
 21.   20.   0.57882344E-03   0.40496013E-10  -0.12417938E-09   0.00000000E+00
 21.   21.  -0.29803365E-03  -0.46909821E-03   0.10460588E-02   0.00000000E+00
 21.   22.  -0.26585611E-03   0.46047613E-03  -0.14793505E-02   0.00000000E+00
 21.   23.   0.55526780E-03   0.23555777E-04   0.10460584E-02   0.00000000E+00
 21.   24.  -0.28941161E-03  -0.50127585E-03   0.37408182E-09   0.00000000E+00
 21.   25.  -0.25723416E-03   0.49265377E-03  -0.10460588E-02   0.00000000E+00
 21.   26.   0.53171211E-03   0.00000000E+00   0.14793505E-02   0.00000000E+00
 21.   27.   0.92734315E-02   0.00000000E+00  -0.46378280E-01   0.00000000E+00
 21.   28.  -0.41982935E-02  -0.96672411E-02   0.32794396E-01   0.00000000E+00
 21.   29.  -0.58345077E-02   0.10105663E-01   0.16105488E-08   0.00000000E+00
 21.   30.   0.10471223E-01  -0.11977913E-02  -0.32794398E-01   0.00000000E+00
 21.   31.  -0.46367150E-02  -0.80310276E-02   0.46378280E-01   0.00000000E+00
 21.   32.  -0.62729306E-02   0.84694490E-02  -0.32794392E-01   0.00000000E+00
 21.   33.   0.11669015E-01   0.97769517E-09  -0.56056135E-08   0.00000000E+00
 21.   34.  -0.62729285E-02  -0.84694499E-02   0.32794400E-01   0.00000000E+00
 21.   35.  -0.46367172E-02   0.80310263E-02  -0.46378280E-01   0.00000000E+00
 21.   36.   0.10471223E-01   0.11977936E-02   0.32794389E-01   0.00000000E+00
 21.   37.  -0.58345060E-02  -0.10105664E-01   0.98401422E-08   0.00000000E+00
 21.   38.  -0.41982953E-02   0.96672397E-02  -0.32794404E-01   0.00000000E+00
 21.   39.   0.92734314E-02   0.00000000E+00   0.46378280E-01   0.00000000E+00
 21.   40.   0.36903796E-01   0.00000000E+00  -0.32656617E+00   0.00000000E+00
 21.   41.  -0.14108891E-01  -0.48167946E-01   0.23091715E+00   0.00000000E+00
 21.   42.  -0.30317214E-01   0.52510953E-01   0.11170762E-07   0.00000000E+00
 21.   43.   0.48769110E-01  -0.11865313E-01  -0.23091716E+00   0.00000000E+00
 21.   44.  -0.18451894E-01  -0.31959627E-01   0.32656617E+00   0.00000000E+00
 21.   45.  -0.34660225E-01   0.36302630E-01  -0.23091713E+00   0.00000000E+00
 21.   46.   0.60634426E-01   0.36619669E-08  -0.39850908E-07   0.00000000E+00
 21.   47.  -0.34660214E-01  -0.36302632E-01   0.23091718E+00   0.00000000E+00
 21.   48.  -0.18451906E-01   0.31959620E-01  -0.32656617E+00   0.00000000E+00
 21.   49.   0.48769113E-01   0.11865324E-01   0.23091711E+00   0.00000000E+00
 21.   50.  -0.30317207E-01  -0.52510956E-01   0.68672392E-07   0.00000000E+00
 21.   51.  -0.14108899E-01   0.48167938E-01  -0.23091721E+00   0.00000000E+00
 21.   52.   0.36903796E-01   0.00000000E+00   0.32656617E+00   0.00000000E+00
 21.   53.   0.76473441E-01   0.00000000E+00  -0.99714381E+00   0.00000000E+00
 21.   54.  -0.26973297E-01  -0.10826361E+00   0.70508715E+00   0.00000000E+00
 21.   55.  -0.69008968E-01   0.11952703E+00   0.34354181E-07   0.00000000E+00
 21.   56.   0.10724568E+00  -0.30772242E-01  -0.70508718E+00   0.00000000E+00
 21.   57.  -0.38236711E-01  -0.66227947E-01   0.99714381E+00   0.00000000E+00
 21.   58.  -0.80272401E-01   0.77491364E-01  -0.70508707E+00   0.00000000E+00
 21.   59.   0.13801793E+00   0.74122312E-08  -0.12133345E-06   0.00000000E+00
 21.   60.  -0.80272377E-01  -0.77491368E-01   0.70508724E+00   0.00000000E+00
 21.   61.  -0.38236739E-01   0.66227932E-01  -0.99714381E+00   0.00000000E+00
 21.   62.   0.10724569E+00   0.30772265E-01   0.70508700E+00   0.00000000E+00
 21.   63.  -0.69008955E-01  -0.11952704E+00   0.20971858E-06   0.00000000E+00
 21.   64.  -0.26973313E-01   0.10826359E+00  -0.70508732E+00   0.00000000E+00
 21.   65.   0.76473440E-01   0.00000000E+00   0.99714381E+00   0.00000000E+00
 21.   66.  -0.76473441E-01   0.00000000E+00  -0.99714381E+00   0.00000000E+00
 21.   67.   0.26973297E-01   0.10826361E+00   0.70508715E+00   0.00000000E+00
 21.   68.   0.69008968E-01  -0.11952703E+00   0.34343383E-07   0.00000000E+00
 21.   69.  -0.10724568E+00   0.30772242E-01  -0.70508718E+00   0.00000000E+00
 21.   70.   0.38236711E-01   0.66227947E-01   0.99714381E+00   0.00000000E+00
 21.   71.   0.80272401E-01  -0.77491364E-01  -0.70508707E+00   0.00000000E+00
 21.   72.  -0.13801793E+00  -0.74360131E-08  -0.12133933E-06   0.00000000E+00
 21.   73.   0.80272377E-01   0.77491368E-01   0.70508724E+00   0.00000000E+00
 21.   74.   0.38236739E-01  -0.66227932E-01  -0.99714381E+00   0.00000000E+00
 21.   75.  -0.10724569E+00  -0.30772265E-01   0.70508700E+00   0.00000000E+00
 21.   76.   0.69008955E-01   0.11952704E+00   0.20971526E-06   0.00000000E+00
 21.   77.   0.26973313E-01  -0.10826359E+00  -0.70508732E+00   0.00000000E+00
 21.   78.  -0.76473440E-01   0.00000000E+00   0.99714381E+00   0.00000000E+00
 22.    1.  -0.50070918E-01   0.00000000E+00   0.30994969E+00   0.00000000E+00
 22.    2.  -0.51623229E-01   0.55864224E-01   0.21916753E+00   0.00000000E+00
 22.    3.  -0.47603681E-01   0.82451994E-01   0.13386268E-08   0.00000000E+00
 22.    4.  -0.22568223E-01   0.72639140E-01  -0.21916753E+00   0.00000000E+00
 22.    5.   0.25035457E-01   0.43362687E-01  -0.30994969E+00   0.00000000E+00
 22.    6.   0.74191450E-01   0.16774917E-01  -0.21916754E+00   0.00000000E+00
 22.    7.   0.95207362E-01   0.72605571E-09  -0.12815892E-07   0.00000000E+00
 22.    8.   0.74191454E-01  -0.16774915E-01   0.21916752E+00   0.00000000E+00
 22.    9.   0.25035463E-01  -0.43362684E-01   0.30994969E+00   0.00000000E+00
 22.   10.  -0.22568219E-01  -0.72639138E-01   0.21916754E+00   0.00000000E+00
 22.   11.  -0.47603680E-01  -0.82451995E-01   0.23290188E-07   0.00000000E+00
 22.   12.  -0.51623229E-01  -0.55864228E-01  -0.21916751E+00   0.00000000E+00
 22.   13.  -0.50070917E-01   0.00000000E+00  -0.30994969E+00   0.00000000E+00
 22.   14.  -0.12395611E-01   0.00000000E+00   0.98797280E+00   0.00000000E+00
 22.   15.  -0.31995557E-01   0.85543607E-01   0.69860227E+00   0.00000000E+00
 22.   16.  -0.64282963E-01   0.11134136E+00   0.11686104E-07   0.00000000E+00
 22.   17.  -0.58085159E-01   0.70480770E-01  -0.69860226E+00   0.00000000E+00
 22.   18.   0.61978023E-02   0.10734915E-01  -0.98797280E+00   0.00000000E+00
 22.   19.   0.90080712E-01  -0.15062838E-01  -0.69860230E+00   0.00000000E+00
 22.   20.   0.12856593E+00  -0.12374157E-08  -0.39866029E-07   0.00000000E+00
 22.   21.   0.90080719E-01   0.15062838E-01   0.69860224E+00   0.00000000E+00
 22.   22.   0.61978111E-02  -0.10734910E-01   0.98797280E+00   0.00000000E+00
 22.   23.  -0.58085155E-01  -0.70480764E-01   0.69860232E+00   0.00000000E+00
 22.   24.  -0.64282966E-01  -0.11134136E+00   0.69229372E-07   0.00000000E+00
 22.   25.  -0.31995561E-01  -0.85543614E-01  -0.69860221E+00   0.00000000E+00
 22.   26.  -0.12395611E-01   0.00000000E+00  -0.98797280E+00   0.00000000E+00
 22.   27.   0.11622634E+00   0.00000000E+00   0.12637053E+00   0.00000000E+00
 22.   28.   0.77445212E-01   0.28506805E-01   0.89357459E-01   0.00000000E+00
 22.   29.  -0.52970512E-02   0.91747647E-02   0.17881492E-08   0.00000000E+00
 22.   30.  -0.63410223E-01  -0.52816117E-01  -0.89357457E-01   0.00000000E+00
 22.   31.  -0.58113172E-01  -0.10065496E+00  -0.12637053E+00   0.00000000E+00
 22.   32.  -0.14034991E-01  -0.81322926E-01  -0.89357462E-01   0.00000000E+00
 22.   33.   0.10594105E-01  -0.48339633E-08  -0.50556018E-08   0.00000000E+00
 22.   34.  -0.14034986E-01   0.81322921E-01   0.89357454E-01   0.00000000E+00
 22.   35.  -0.58113169E-01   0.10065497E+00   0.12637053E+00   0.00000000E+00
 22.   36.  -0.63410226E-01   0.52816124E-01   0.89357464E-01   0.00000000E+00
 22.   37.  -0.52970596E-02  -0.91747598E-02   0.86993030E-08   0.00000000E+00
 22.   38.   0.77445205E-01  -0.28506806E-01  -0.89357452E-01   0.00000000E+00
 22.   39.   0.11622634E+00   0.00000000E+00  -0.12637053E+00   0.00000000E+00
 22.   40.  -0.43132770E-01   0.00000000E+00  -0.57361613E+00   0.00000000E+00
 22.   41.  -0.23014667E-01  -0.31949012E-01  -0.40560785E+00   0.00000000E+00
 22.   42.   0.17609604E-01  -0.30500731E-01  -0.68688232E-08   0.00000000E+00
 22.   43.   0.39175990E-01   0.39567793E-02   0.40560785E+00   0.00000000E+00
 22.   44.   0.21566386E-01   0.37354074E-01   0.57361613E+00   0.00000000E+00
 22.   45.  -0.16161321E-01   0.35905793E-01   0.40560787E+00   0.00000000E+00
 22.   46.  -0.35219210E-01   0.22273009E-08   0.23233359E-07   0.00000000E+00
 22.   47.  -0.16161325E-01  -0.35905791E-01  -0.40560784E+00   0.00000000E+00
 22.   48.   0.21566383E-01  -0.37354076E-01  -0.57361613E+00   0.00000000E+00
 22.   49.   0.39175990E-01  -0.39567835E-02  -0.40560788E+00   0.00000000E+00
 22.   50.   0.17609608E-01   0.30500728E-01  -0.39589787E-07   0.00000000E+00
 22.   51.  -0.23014663E-01   0.31949014E-01   0.40560782E+00   0.00000000E+00
 22.   52.  -0.43132770E-01   0.00000000E+00   0.57361613E+00   0.00000000E+00
 22.   53.  -0.13341768E+00   0.00000000E+00   0.80185108E+00   0.00000000E+00
 22.   54.  -0.97258513E-01  -0.15301632E-02   0.56699434E+00   0.00000000E+00
 22.   55.  -0.16754424E-01   0.29019510E-01   0.99142380E-08   0.00000000E+00
 22.   56.   0.49954416E-01   0.83463261E-01  -0.56699433E+00   0.00000000E+00
 22.   57.   0.66708839E-01   0.11554310E+00  -0.80185108E+00   0.00000000E+00
 22.   58.   0.47304097E-01   0.84993428E-01  -0.56699436E+00   0.00000000E+00
 22.   59.   0.33508845E-01   0.49620769E-08  -0.32638618E-07   0.00000000E+00
 22.   60.   0.47304095E-01  -0.84993421E-01   0.56699431E+00   0.00000000E+00
 22.   61.   0.66708839E-01  -0.11554310E+00   0.80185108E+00   0.00000000E+00
 22.   62.   0.49954421E-01  -0.83463266E-01   0.56699437E+00   0.00000000E+00
 22.   63.  -0.16754415E-01  -0.29019515E-01   0.55310759E-07   0.00000000E+00
 22.   64.  -0.97258506E-01   0.15301620E-02  -0.56699429E+00   0.00000000E+00
 22.   65.  -0.13341768E+00   0.00000000E+00  -0.80185108E+00   0.00000000E+00
 22.   66.   0.13341768E+00   0.00000000E+00   0.80185108E+00   0.00000000E+00
 22.   67.   0.97258513E-01   0.15301632E-02   0.56699434E+00   0.00000000E+00
 22.   68.   0.16754424E-01  -0.29019510E-01   0.98944187E-08   0.00000000E+00
 22.   69.  -0.49954416E-01  -0.83463261E-01  -0.56699433E+00   0.00000000E+00
 22.   70.  -0.66708840E-01  -0.11554310E+00  -0.80185108E+00   0.00000000E+00
 22.   71.  -0.47304098E-01  -0.84993428E-01  -0.56699436E+00   0.00000000E+00
 22.   72.  -0.33508845E-01  -0.50139874E-08  -0.32662738E-07   0.00000000E+00
 22.   73.  -0.47304095E-01   0.84993421E-01   0.56699431E+00   0.00000000E+00
 22.   74.  -0.66708839E-01   0.11554310E+00   0.80185108E+00   0.00000000E+00
 22.   75.  -0.49954421E-01   0.83463266E-01   0.56699437E+00   0.00000000E+00
 22.   76.   0.16754415E-01   0.29019515E-01   0.55290895E-07   0.00000000E+00
 22.   77.   0.97258507E-01  -0.15301621E-02  -0.56699429E+00   0.00000000E+00
 22.   78.   0.13341768E+00   0.00000000E+00  -0.80185108E+00   0.00000000E+00
 23.    1.  -0.10023983E+00   0.00000000E+00  -0.99737896E+00   0.00000000E+00
 23.    2.  -0.88231627E-01  -0.44815234E-01  -0.96339409E+00   0.00000000E+00
 23.    3.  -0.55424600E-01  -0.77622262E-01  -0.86375552E+00   0.00000000E+00
 23.    4.  -0.10609366E-01  -0.89630468E-01  -0.70525343E+00   0.00000000E+00
 23.    5.   0.34205867E-01  -0.77622263E-01  -0.49868949E+00   0.00000000E+00
 23.    6.   0.67012895E-01  -0.44815236E-01  -0.25814068E+00   0.00000000E+00
 23.    7.   0.79021102E-01  -0.24117483E-08  -0.13459883E-07   0.00000000E+00
 23.    8.   0.67012898E-01   0.44815232E-01   0.25814066E+00   0.00000000E+00
 23.    9.   0.34205871E-01   0.77622260E-01   0.49868946E+00   0.00000000E+00
 23.   10.  -0.10609361E-01   0.89630468E-01   0.70525341E+00   0.00000000E+00
 23.   11.  -0.55424596E-01   0.77622264E-01   0.86375550E+00   0.00000000E+00
 23.   12.  -0.88231625E-01   0.44815238E-01   0.96339409E+00   0.00000000E+00
 23.   13.  -0.10023983E+00   0.00000000E+00   0.99737896E+00   0.00000000E+00
 23.   14.  -0.68794729E-01   0.00000000E+00   0.17651915E+00   0.00000000E+00
 23.   15.  -0.64696173E-01  -0.15296019E-01   0.17050440E+00   0.00000000E+00
 23.   16.  -0.53498710E-01  -0.26493482E-01   0.15287007E+00   0.00000000E+00
 23.   17.  -0.38202691E-01  -0.30592038E-01   0.12481789E+00   0.00000000E+00
 23.   18.  -0.22906672E-01  -0.26493482E-01   0.88259576E-01   0.00000000E+00
 23.   19.  -0.11709209E-01  -0.15296020E-01   0.45686520E-01   0.00000000E+00
 23.   20.  -0.76106524E-02  -0.80990985E-09   0.22308125E-08   0.00000000E+00
 23.   21.  -0.11709208E-01   0.15296018E-01  -0.45686516E-01   0.00000000E+00
 23.   22.  -0.22906670E-01   0.26493482E-01  -0.88259572E-01   0.00000000E+00
 23.   23.  -0.38202689E-01   0.30592038E-01  -0.12481788E+00   0.00000000E+00
 23.   24.  -0.53498708E-01   0.26493483E-01  -0.15287007E+00   0.00000000E+00
 23.   25.  -0.64696172E-01   0.15296021E-01  -0.17050440E+00   0.00000000E+00
 23.   26.  -0.68794729E-01   0.00000000E+00  -0.17651915E+00   0.00000000E+00
 23.   27.   0.55233968E-01   0.00000000E+00   0.18096460E+00   0.00000000E+00
 23.   28.   0.51195890E-01   0.15070311E-01   0.17479838E+00   0.00000000E+00
 23.   29.   0.40163657E-01   0.26102544E-01   0.15671994E+00   0.00000000E+00
 23.   30.   0.25093347E-01   0.30140621E-01   0.12796130E+00   0.00000000E+00
 23.   31.   0.10023036E-01   0.26102544E-01   0.90482302E-01   0.00000000E+00
 23.   32.  -0.10091969E-02   0.15070311E-01   0.46837088E-01   0.00000000E+00
 23.   33.  -0.50472749E-02   0.85733117E-09   0.24156808E-08   0.00000000E+00
 23.   34.  -0.10091977E-02  -0.15070310E-01  -0.46837083E-01   0.00000000E+00
 23.   35.   0.10023035E-01  -0.26102543E-01  -0.90482297E-01   0.00000000E+00
 23.   36.   0.25093345E-01  -0.30140621E-01  -0.12796129E+00   0.00000000E+00
 23.   37.   0.40163656E-01  -0.26102545E-01  -0.15671994E+00   0.00000000E+00
 23.   38.   0.51195890E-01  -0.15070312E-01  -0.17479838E+00   0.00000000E+00
 23.   39.   0.55233968E-01   0.00000000E+00  -0.18096460E+00   0.00000000E+00
 23.   40.  -0.13037887E-01   0.00000000E+00  -0.28218996E+00   0.00000000E+00
 23.   41.  -0.11778025E-01  -0.47018697E-02  -0.27257457E+00   0.00000000E+00
 23.   42.  -0.83360177E-02  -0.81438773E-02  -0.24438367E+00   0.00000000E+00
 23.   43.  -0.36341480E-02  -0.94037395E-02  -0.19953843E+00   0.00000000E+00
 23.   44.   0.10677217E-02  -0.81438774E-02  -0.14109498E+00   0.00000000E+00
 23.   45.   0.45097293E-02  -0.47018700E-02  -0.73036139E-01   0.00000000E+00
 23.   46.   0.57695916E-02  -0.23100319E-09  -0.39301815E-08   0.00000000E+00
 23.   47.   0.45097296E-02   0.47018695E-02   0.73036132E-01   0.00000000E+00
 23.   48.   0.10677221E-02   0.81438771E-02   0.14109497E+00   0.00000000E+00
 23.   49.  -0.36341475E-02   0.94037395E-02   0.19953843E+00   0.00000000E+00
 23.   50.  -0.83360173E-02   0.81438775E-02   0.24438367E+00   0.00000000E+00
 23.   51.  -0.11778025E-01   0.47018702E-02   0.27257457E+00   0.00000000E+00
 23.   52.  -0.13037887E-01   0.00000000E+00   0.28218996E+00   0.00000000E+00
 23.   53.  -0.68475631E-01   0.00000000E+00   0.38839444E+00   0.00000000E+00
 23.   54.  -0.64246846E-01  -0.15782042E-01   0.37516022E+00   0.00000000E+00
 23.   55.  -0.52693589E-01  -0.27335299E-01   0.33635945E+00   0.00000000E+00
 23.   56.  -0.36911547E-01  -0.31564085E-01   0.27463635E+00   0.00000000E+00
 23.   57.  -0.21129504E-01  -0.27335300E-01   0.19419722E+00   0.00000000E+00
 23.   58.  -0.95762473E-02  -0.15782043E-01   0.10052388E+00   0.00000000E+00
 23.   59.  -0.53474613E-02  -0.84801989E-09   0.54781165E-08   0.00000000E+00
 23.   60.  -0.95762465E-02   0.15782042E-01  -0.10052387E+00   0.00000000E+00
 23.   61.  -0.21129503E-01   0.27335299E-01  -0.19419722E+00   0.00000000E+00
 23.   62.  -0.36911545E-01   0.31564085E-01  -0.27463634E+00   0.00000000E+00
 23.   63.  -0.52693587E-01   0.27335300E-01  -0.33635945E+00   0.00000000E+00
 23.   64.  -0.64246845E-01   0.15782044E-01  -0.37516022E+00   0.00000000E+00
 23.   65.  -0.68475631E-01   0.00000000E+00  -0.38839444E+00   0.00000000E+00
 23.   66.   0.68475631E-01   0.00000000E+00   0.38839444E+00   0.00000000E+00
 23.   67.   0.64246846E-01   0.15782042E-01   0.37516022E+00   0.00000000E+00
 23.   68.   0.52693589E-01   0.27335299E-01   0.33635945E+00   0.00000000E+00
 23.   69.   0.36911547E-01   0.31564085E-01   0.27463635E+00   0.00000000E+00
 23.   70.   0.21129505E-01   0.27335300E-01   0.19419722E+00   0.00000000E+00
 23.   71.   0.95762474E-02   0.15782043E-01   0.10052388E+00   0.00000000E+00
 23.   72.   0.53474616E-02   0.98169195E-09   0.55190465E-08   0.00000000E+00
 23.   73.   0.95762467E-02  -0.15782042E-01  -0.10052387E+00   0.00000000E+00
 23.   74.   0.21129503E-01  -0.27335299E-01  -0.19419722E+00   0.00000000E+00
 23.   75.   0.36911545E-01  -0.31564085E-01  -0.27463634E+00   0.00000000E+00
 23.   76.   0.52693588E-01  -0.27335300E-01  -0.33635945E+00   0.00000000E+00
 23.   77.   0.64246845E-01  -0.15782044E-01  -0.37516022E+00   0.00000000E+00
 23.   78.   0.68475631E-01   0.00000000E+00  -0.38839444E+00   0.00000000E+00
 24.    1.   0.17284378E-02   0.00000000E+00  -0.21100267E-02   0.00000000E+00
 24.    2.   0.49429595E-03  -0.18447393E-02   0.34333469E-09   0.00000000E+00
 24.    3.  -0.14968715E-02  -0.86421863E-03   0.21100274E-02   0.00000000E+00
 24.    4.  -0.13504439E-02   0.13504434E-02  -0.11791217E-08   0.00000000E+00
 24.    5.   0.86421877E-03   0.14968710E-02  -0.21100298E-02   0.00000000E+00
 24.    6.   0.18447400E-02  -0.49429689E-03  -0.21958051E-08   0.00000000E+00
 24.    7.   0.61697949E-09  -0.17284382E-02   0.21100269E-02   0.00000000E+00
 24.    8.  -0.18447396E-02  -0.49429673E-03   0.75280671E-09   0.00000000E+00
 24.    9.  -0.86421927E-03   0.14968712E-02  -0.21100257E-02   0.00000000E+00
 24.   10.   0.13504426E-02   0.13504432E-02   0.13688870E-08   0.00000000E+00
 24.   11.   0.14968710E-02  -0.86421962E-03   0.21100273E-02   0.00000000E+00
 24.   12.  -0.49429660E-03  -0.18447402E-02  -0.18838777E-08   0.00000000E+00
 24.   13.  -0.17284384E-02   0.00000000E+00  -0.21100304E-02   0.00000000E+00
 24.   14.   0.31826547E-01   0.00000000E+00  -0.15785315E+00   0.00000000E+00
 24.   15.   0.10608145E-01  -0.39590136E-01  -0.66193377E-09   0.00000000E+00
 24.   16.  -0.27562598E-01  -0.15913275E-01   0.15785315E+00   0.00000000E+00
 24.   17.  -0.28981992E-01   0.28981991E-01   0.58229912E-08   0.00000000E+00
 24.   18.   0.15913272E-01   0.27562600E-01  -0.15785315E+00   0.00000000E+00
 24.   19.   0.39590137E-01  -0.10608143E-01  -0.12227008E-07   0.00000000E+00
 24.   20.   0.29441212E-08  -0.31826548E-01   0.15785315E+00   0.00000000E+00
 24.   21.  -0.39590136E-01  -0.10608147E-01   0.12626827E-07   0.00000000E+00
 24.   22.  -0.15913278E-01   0.27562597E-01  -0.15785315E+00   0.00000000E+00
 24.   23.   0.28981989E-01   0.28981994E-01  -0.22136161E-07   0.00000000E+00
 24.   24.   0.27562601E-01  -0.15913270E-01   0.15785315E+00   0.00000000E+00
 24.   25.  -0.10608142E-01  -0.39590138E-01   0.26720190E-07   0.00000000E+00
 24.   26.  -0.31826548E-01   0.00000000E+00  -0.15785315E+00   0.00000000E+00
 24.   27.   0.48419748E-01   0.00000000E+00  -0.80094672E+00   0.00000000E+00
 24.   28.   0.34598892E-01  -0.12912482E+00   0.86984830E-09   0.00000000E+00
 24.   29.  -0.41932730E-01  -0.24209876E-01   0.80094672E+00   0.00000000E+00
 24.   30.  -0.94525932E-01   0.94525931E-01   0.21691910E-07   0.00000000E+00
 24.   31.   0.24209869E-01   0.41932735E-01  -0.80094672E+00   0.00000000E+00
 24.   32.   0.12912482E+00  -0.34598890E-01  -0.60558719E-07   0.00000000E+00
 24.   33.   0.10019909E-07  -0.48419748E-01   0.80094672E+00   0.00000000E+00
 24.   34.  -0.12912482E+00  -0.34598895E-01   0.68751550E-07   0.00000000E+00
 24.   35.  -0.24209886E-01   0.41932725E-01  -0.80094672E+00   0.00000000E+00
 24.   36.   0.94525929E-01   0.94525934E-01  -0.10881958E-06   0.00000000E+00
 24.   37.   0.41932741E-01  -0.24209859E-01   0.80094672E+00   0.00000000E+00
 24.   38.  -0.34598888E-01  -0.12912483E+00   0.13117984E-06   0.00000000E+00
 24.   39.  -0.48419748E-01   0.00000000E+00  -0.80094672E+00   0.00000000E+00
 24.   40.  -0.87824468E-01   0.00000000E+00  -0.64947126E+00   0.00000000E+00
 24.   41.   0.20616978E-01  -0.76943609E-01   0.20812674E-09   0.00000000E+00
 24.   42.   0.76058222E-01   0.43912232E-01   0.64947126E+00   0.00000000E+00
 24.   43.  -0.56326629E-01   0.56326634E-01   0.17912066E-07   0.00000000E+00
 24.   44.  -0.43912239E-01  -0.76058218E-01  -0.64947126E+00   0.00000000E+00
 24.   45.   0.76943608E-01  -0.20616986E-01  -0.49167102E-07   0.00000000E+00
 24.   46.   0.75813166E-08   0.87824469E-01   0.64947126E+00   0.00000000E+00
 24.   47.  -0.76943612E-01  -0.20616970E-01   0.56274620E-07   0.00000000E+00
 24.   48.   0.43912225E-01  -0.76058226E-01  -0.64947127E+00   0.00000000E+00
 24.   49.   0.56326641E-01   0.56326622E-01  -0.86310804E-07   0.00000000E+00
 24.   50.  -0.76058214E-01   0.43912246E-01   0.64947126E+00   0.00000000E+00
 24.   51.  -0.20616994E-01  -0.76943606E-01   0.10752238E-06   0.00000000E+00
 24.   52.   0.87824469E-01   0.00000000E+00  -0.64947127E+00   0.00000000E+00
 24.   53.  -0.14751072E+00   0.00000000E+00   0.99917634E+00   0.00000000E+00
 24.   54.  -0.22045769E-01   0.82275931E-01   0.44138521E-08   0.00000000E+00
 24.   55.   0.12774803E+00   0.73755363E-01  -0.99917635E+00   0.00000000E+00
 24.   56.   0.60230165E-01  -0.60230160E-01  -0.28318808E-07   0.00000000E+00
 24.   57.  -0.73755358E-01  -0.12774803E+00   0.99917635E+00   0.00000000E+00
 24.   58.  -0.82275934E-01   0.22045760E-01   0.76050285E-07   0.00000000E+00
 24.   59.  -0.40384968E-08   0.14751072E+00  -0.99917635E+00   0.00000000E+00
 24.   60.   0.82275928E-01   0.22045781E-01  -0.90184818E-07   0.00000000E+00
 24.   61.   0.73755367E-01  -0.12774803E+00   0.99917635E+00   0.00000000E+00
 24.   62.  -0.60230151E-01  -0.60230175E-01   0.13285173E-06   0.00000000E+00
 24.   63.  -0.12774804E+00   0.73755355E-01  -0.99917635E+00   0.00000000E+00
 24.   64.   0.22045749E-01   0.82275936E-01  -0.16066231E-06   0.00000000E+00
 24.   65.   0.14751072E+00   0.00000000E+00   0.99917635E+00   0.00000000E+00
 24.   66.   0.14751072E+00   0.00000000E+00   0.99917634E+00   0.00000000E+00
 24.   67.   0.22045770E-01  -0.82275931E-01   0.46192277E-08   0.00000000E+00
 24.   68.  -0.12774803E+00  -0.73755362E-01  -0.99917635E+00   0.00000000E+00
 24.   69.  -0.60230165E-01   0.60230159E-01  -0.28731077E-07   0.00000000E+00
 24.   70.   0.73755359E-01   0.12774803E+00   0.99917635E+00   0.00000000E+00
 24.   71.   0.82275934E-01  -0.22045759E-01   0.76319842E-07   0.00000000E+00
 24.   72.   0.48638340E-08  -0.14751072E+00  -0.99917635E+00   0.00000000E+00
 24.   73.  -0.82275928E-01  -0.22045781E-01  -0.90054121E-07   0.00000000E+00
 24.   74.  -0.73755366E-01   0.12774803E+00   0.99917635E+00   0.00000000E+00
 24.   75.   0.60230150E-01   0.60230174E-01   0.13304898E-06   0.00000000E+00
 24.   76.   0.12774804E+00  -0.73755353E-01  -0.99917635E+00   0.00000000E+00
 24.   77.  -0.22045748E-01  -0.82275937E-01  -0.16039072E-06   0.00000000E+00
 24.   78.  -0.14751072E+00   0.00000000E+00   0.99917635E+00   0.00000000E+00
