mode k UX UY UZ VOLT
  1.    1.   0.40444752E-01   0.00000000E+00  -0.24924941E-01   0.94916056E-08
  1.    2.   0.40444752E-01  -0.14325477E-13  -0.19935874E-01   0.94916056E-08
  1.    3.   0.40444752E-01  -0.57441059E-14  -0.53086689E-02   0.94916056E-08
  1.    4.   0.40444752E-01   0.38584139E-13   0.17959854E-01   0.94916056E-08
  1.    5.   0.40444752E-01   0.12302871E-12   0.48283983E-01   0.94916056E-08
  1.    6.   0.40444752E-01   0.24298525E-12   0.83597179E-01   0.94916056E-08
  1.    7.   0.40444752E-01   0.38397906E-12   0.12149291E+00   0.94916056E-08
  1.    8.   0.40444752E-01   0.51782063E-12   0.15938863E+00   0.94916056E-08
  1.    9.   0.40444752E-01   0.63452416E-12   0.19470183E+00   0.94916056E-08
  1.   10.   0.40444752E-01   0.66962811E-12   0.22502596E+00   0.94916056E-08
  1.   11.   0.40444752E-01   0.56944549E-12   0.24829448E+00   0.94916056E-08
  1.   12.   0.40444752E-01   0.33936488E-12   0.26292169E+00   0.94916056E-08
  1.   13.   0.40444752E-01   0.00000000E+00   0.26791076E+00   0.94916056E-08
  1.   14.   0.40444752E-01   0.00000000E+00  -0.20794725E+00   0.94916056E-08
  1.   15.   0.40444752E-01   0.13651950E-12  -0.19672185E+00   0.94916056E-08
  1.   16.   0.40444752E-01   0.32026438E-12  -0.16381064E+00   0.94916056E-08
  1.   17.   0.40444752E-01   0.52649338E-12  -0.11145646E+00   0.94916056E-08
  1.   18.   0.40444752E-01   0.77834500E-12  -0.43227173E-01   0.94916056E-08
  1.   19.   0.40444752E-01   0.10764030E-11   0.36227519E-01   0.94916056E-08
  1.   20.   0.40444752E-01   0.14133880E-11   0.12149291E+00   0.94916056E-08
  1.   21.   0.40444752E-01   0.17925975E-11   0.20675829E+00   0.94916056E-08
  1.   22.   0.40444752E-01   0.21658629E-11   0.28621299E+00   0.94916056E-08
  1.   23.   0.40444752E-01   0.23915537E-11   0.35444228E+00   0.94916056E-08
  1.   24.   0.40444752E-01   0.22964899E-11   0.40679645E+00   0.94916056E-08
  1.   25.   0.40444752E-01   0.14728497E-11   0.43970767E+00   0.94916056E-08
  1.   26.   0.40444752E-01   0.00000000E+00   0.45093307E+00   0.94916056E-08
  1.   27.   0.40444752E-01   0.00000000E+00  -0.39096956E+00   0.94916056E-08
  1.   28.   0.40444752E-01   0.39090142E-13  -0.37350783E+00   0.94916056E-08
  1.   29.   0.40444752E-01   0.35843234E-12  -0.32231261E+00   0.94916056E-08
  1.   30.   0.40444752E-01   0.69447592E-12  -0.24087278E+00   0.94916056E-08
  1.   31.   0.40444752E-01   0.11369916E-11  -0.13473833E+00   0.94916056E-08
  1.   32.   0.40444752E-01   0.17117873E-11  -0.11142141E-01   0.94916056E-08
  1.   33.   0.40444752E-01   0.22964911E-11   0.12149290E+00   0.94916056E-08
  1.   34.   0.40444752E-01   0.28509684E-11   0.25412795E+00   0.94916056E-08
  1.   35.   0.40444752E-01   0.34376752E-11   0.37772414E+00   0.94916056E-08
  1.   36.   0.40444752E-01   0.39220051E-11   0.48385859E+00   0.94916056E-08
  1.   37.   0.40444752E-01   0.41257546E-11   0.56529842E+00   0.94916056E-08
  1.   38.   0.40444752E-01   0.28421358E-11   0.61649364E+00   0.94916056E-08
  1.   39.   0.40444752E-01   0.00000000E+00   0.63395538E+00   0.94916056E-08
  1.   40.   0.40444752E-01   0.00000000E+00  -0.57399187E+00   0.94916056E-08
  1.   41.   0.40444752E-01  -0.16366003E-12  -0.55029380E+00   0.94916056E-08
  1.   42.   0.40444752E-01   0.39711927E-12  -0.48081458E+00   0.94916056E-08
  1.   43.   0.40444752E-01   0.78232291E-12  -0.37028910E+00   0.94916056E-08
  1.   44.   0.40444752E-01   0.14818865E-11  -0.22624948E+00   0.94916056E-08
  1.   45.   0.40444752E-01   0.23927084E-11  -0.58511801E-01   0.94916056E-08
  1.   46.   0.40444752E-01   0.32317442E-11   0.12149290E+00   0.94916056E-08
  1.   47.   0.40444752E-01   0.40838378E-11   0.30149761E+00   0.94916056E-08
  1.   48.   0.40444752E-01   0.53639394E-11   0.46923529E+00   0.94916056E-08
  1.   49.   0.40444752E-01   0.63073603E-11   0.61327491E+00   0.94916056E-08
  1.   50.   0.40444752E-01   0.67097660E-11   0.72380039E+00   0.94916056E-08
  1.   51.   0.40444752E-01   0.49155775E-11   0.79327962E+00   0.94916056E-08
  1.   52.   0.40444752E-01   0.00000000E+00   0.81697769E+00   0.94916056E-08
  1.   53.   0.40444752E-01   0.00000000E+00  -0.75701418E+00   0.94916056E-08
  1.   54.   0.40444752E-01  -0.24873621E-12  -0.72707978E+00   0.94916056E-08
  1.   55.   0.40444752E-01   0.57825366E-12  -0.63931655E+00   0.94916056E-08
  1.   56.   0.40444752E-01   0.93926036E-12  -0.49970542E+00   0.94916056E-08
  1.   57.   0.40444752E-01   0.19108381E-11  -0.31776064E+00   0.94916056E-08
  1.   58.   0.40444752E-01   0.29601743E-11  -0.10588146E+00   0.94916056E-08
  1.   59.   0.40444752E-01   0.39058168E-11   0.12149290E+00   0.94916056E-08
  1.   60.   0.40444752E-01   0.48044675E-11   0.34886727E+00   0.94916056E-08
  1.   61.   0.40444752E-01   0.66964936E-11   0.56074645E+00   0.94916056E-08
  1.   62.   0.40444752E-01   0.80725269E-11   0.74269122E+00   0.94916056E-08
  1.   63.   0.40444752E-01   0.89206453E-11   0.88230236E+00   0.94916056E-08
  1.   64.   0.40444752E-01   0.67889693E-11   0.97006559E+00   0.94916056E-08
  1.   65.   0.40444752E-01   0.00000000E+00   0.10000000E+01   0.94916056E-08
  1.   66.  -0.55224568E-03   0.00000000E+00  -0.75701418E+00   0.94916056E-08
  1.   67.  -0.55224568E-03   0.24982019E-12  -0.72707978E+00   0.94916056E-08
  1.   68.  -0.55224568E-03  -0.55640000E-12  -0.63931655E+00   0.94916056E-08
  1.   69.  -0.55224568E-03  -0.92558255E-12  -0.49970542E+00   0.94916056E-08
  1.   70.  -0.55224568E-03  -0.19188755E-11  -0.31776064E+00   0.94916056E-08
  1.   71.  -0.55224568E-03  -0.29564149E-11  -0.10588146E+00   0.94916056E-08
  1.   72.  -0.55224568E-03  -0.39036383E-11   0.12149290E+00   0.94916056E-08
  1.   73.  -0.55224568E-03  -0.48055545E-11   0.34886727E+00   0.94916056E-08
  1.   74.  -0.55224569E-03  -0.66987888E-11   0.56074645E+00   0.94916056E-08
  1.   75.  -0.55224569E-03  -0.80673179E-11   0.74269122E+00   0.94916056E-08
  1.   76.  -0.55224569E-03  -0.89376873E-11   0.88230236E+00   0.94916056E-08
  1.   77.  -0.55224570E-03  -0.68154251E-11   0.97006559E+00   0.94916056E-08
  1.   78.  -0.55224570E-03   0.00000000E+00   0.10000000E+01   0.94916056E-08
  2.    1.  -0.63002561E-01   0.00000000E+00   0.71117520E+00  -0.25487486E-07
  2.    2.  -0.63002561E-01   0.15074991E-11   0.70920691E+00  -0.25487486E-07
  2.    3.  -0.63002561E-01   0.28716368E-11   0.70343616E+00  -0.25487486E-07
  2.    4.  -0.63002561E-01   0.39267153E-11   0.69425623E+00  -0.25487486E-07
  2.    5.  -0.63002561E-01   0.45930459E-11   0.68229272E+00  -0.25487486E-07
  2.    6.  -0.63002561E-01   0.49073197E-11   0.66836091E+00  -0.25487486E-07
  2.    7.  -0.63002561E-01   0.49001677E-11   0.65341024E+00  -0.25487486E-07
  2.    8.  -0.63002561E-01   0.45913997E-11   0.63845957E+00  -0.25487486E-07
  2.    9.  -0.63002561E-01   0.40984579E-11   0.62452776E+00  -0.25487486E-07
  2.   10.  -0.63002561E-01   0.33669434E-11   0.61256424E+00  -0.25487486E-07
  2.   11.  -0.63002561E-01   0.23953416E-11   0.60338432E+00  -0.25487486E-07
  2.   12.  -0.63002561E-01   0.12693226E-11   0.59761357E+00  -0.25487486E-07
  2.   13.  -0.63002561E-01   0.00000000E+00   0.59564528E+00  -0.25487486E-07
  2.   14.  -0.63002561E-01   0.00000000E+00   0.78338140E+00  -0.25487486E-07
  2.   15.  -0.63002561E-01   0.23778867E-11   0.77895274E+00  -0.25487486E-07
  2.   16.  -0.63002561E-01   0.43855780E-11   0.76596857E+00  -0.25487486E-07
  2.   17.  -0.63002561E-01   0.59187833E-11   0.74531373E+00  -0.25487486E-07
  2.   18.  -0.63002561E-01   0.67661469E-11   0.71839582E+00  -0.25487486E-07
  2.   19.  -0.63002561E-01   0.71172616E-11   0.68704925E+00  -0.25487486E-07
  2.   20.  -0.63002561E-01   0.69991579E-11   0.65341024E+00  -0.25487486E-07
  2.   21.  -0.63002561E-01   0.65678487E-11   0.61977123E+00  -0.25487486E-07
  2.   22.  -0.63002561E-01   0.59275447E-11   0.58842466E+00  -0.25487486E-07
  2.   23.  -0.63002561E-01   0.50696585E-11   0.56150675E+00  -0.25487486E-07
  2.   24.  -0.63002561E-01   0.39776445E-11   0.54085191E+00  -0.25487486E-07
  2.   25.  -0.63002561E-01   0.22719565E-11   0.52786774E+00  -0.25487486E-07
  2.   26.  -0.63002561E-01   0.00000000E+00   0.52343908E+00  -0.25487486E-07
  2.   27.  -0.63002561E-01   0.00000000E+00   0.85558760E+00  -0.25487486E-07
  2.   28.  -0.63002561E-01   0.35454372E-11   0.84869857E+00  -0.25487486E-07
  2.   29.  -0.63002561E-01   0.62765844E-11   0.82850097E+00  -0.25487486E-07
  2.   30.  -0.63002561E-01   0.84916682E-11   0.79637122E+00  -0.25487486E-07
  2.   31.  -0.63002561E-01   0.98283165E-11   0.75449892E+00  -0.25487486E-07
  2.   32.  -0.63002561E-01   0.10181816E-10   0.70573759E+00  -0.25487486E-07
  2.   33.  -0.63002561E-01   0.97411151E-11   0.65341024E+00  -0.25487486E-07
  2.   34.  -0.63002561E-01   0.86771352E-11   0.60108289E+00  -0.25487486E-07
  2.   35.  -0.63002561E-01   0.74397004E-11   0.55232156E+00  -0.25487486E-07
  2.   36.  -0.63002561E-01   0.62714530E-11   0.51044926E+00  -0.25487486E-07
  2.   37.  -0.63002561E-01   0.51127496E-11   0.47831951E+00  -0.25487486E-07
  2.   38.  -0.63002561E-01   0.30432175E-11   0.45812191E+00  -0.25487486E-07
  2.   39.  -0.63002561E-01   0.00000000E+00   0.45123288E+00  -0.25487486E-07
  2.   40.  -0.63002561E-01   0.00000000E+00   0.92779380E+00  -0.25487486E-07
  2.   41.  -0.63002561E-01   0.46391266E-11   0.91844441E+00  -0.25487486E-07
  2.   42.  -0.63002561E-01   0.77713673E-11   0.89103337E+00  -0.25487486E-07
  2.   43.  -0.63002561E-01   0.10572718E-10   0.84742872E+00  -0.25487486E-07
  2.   44.  -0.63002561E-01   0.11885281E-10   0.79060202E+00  -0.25487486E-07
  2.   45.  -0.63002561E-01   0.12188929E-10   0.72442593E+00  -0.25487486E-07
  2.   46.  -0.63002561E-01   0.11957403E-10   0.65341024E+00  -0.25487486E-07
  2.   47.  -0.63002561E-01   0.10567612E-10   0.58239455E+00  -0.25487486E-07
  2.   48.  -0.63002561E-01   0.93597776E-11   0.51621846E+00  -0.25487486E-07
  2.   49.  -0.63002561E-01   0.80560434E-11   0.45939176E+00  -0.25487486E-07
  2.   50.  -0.63002561E-01   0.65374702E-11   0.41578711E+00  -0.25487486E-07
  2.   51.  -0.63002561E-01   0.40195040E-11   0.38837607E+00  -0.25487486E-07
  2.   52.  -0.63002561E-01   0.00000000E+00   0.37902668E+00  -0.25487486E-07
  2.   53.  -0.63002561E-01   0.00000000E+00   0.10000000E+01  -0.25487486E-07
  2.   54.  -0.63002561E-01   0.52513981E-11   0.98819024E+00  -0.25487486E-07
  2.   55.  -0.63002561E-01   0.85053485E-11   0.95356578E+00  -0.25487486E-07
  2.   56.  -0.63002561E-01   0.11742835E-10   0.89848621E+00  -0.25487486E-07
  2.   57.  -0.63002561E-01   0.12628334E-10   0.82670512E+00  -0.25487486E-07
  2.   58.  -0.63002561E-01   0.12692857E-10   0.74311427E+00  -0.25487486E-07
  2.   59.  -0.63002561E-01   0.12815941E-10   0.65341024E+00  -0.25487486E-07
  2.   60.  -0.63002561E-01   0.11414641E-10   0.56370621E+00  -0.25487486E-07
  2.   61.  -0.63002561E-01   0.10556158E-10   0.48011536E+00  -0.25487486E-07
  2.   62.  -0.63002561E-01   0.93651647E-11   0.40833427E+00  -0.25487486E-07
  2.   63.  -0.63002561E-01   0.77767611E-11   0.35325470E+00  -0.25487486E-07
  2.   64.  -0.63002561E-01   0.49074231E-11   0.31863024E+00  -0.25487486E-07
  2.   65.  -0.63002561E-01   0.00000000E+00   0.30682048E+00  -0.25487486E-07
  2.   66.  -0.46828372E-01   0.00000000E+00   0.10000000E+01  -0.25487486E-07
  2.   67.  -0.46828372E-01  -0.52528890E-11   0.98819024E+00  -0.25487486E-07
  2.   68.  -0.46828372E-01  -0.85310910E-11   0.95356578E+00  -0.25487486E-07
  2.   69.  -0.46828372E-01  -0.11753444E-10   0.89848621E+00  -0.25487486E-07
  2.   70.  -0.46828372E-01  -0.12574579E-10   0.82670512E+00  -0.25487486E-07
  2.   71.  -0.46828372E-01  -0.12667139E-10   0.74311427E+00  -0.25487486E-07
  2.   72.  -0.46828372E-01  -0.12785921E-10   0.65341024E+00  -0.25487486E-07
  2.   73.  -0.46828372E-01  -0.11407759E-10   0.56370621E+00  -0.25487486E-07
  2.   74.  -0.46828372E-01  -0.10564474E-10   0.48011536E+00  -0.25487486E-07
  2.   75.  -0.46828372E-01  -0.93735537E-11   0.40833427E+00  -0.25487486E-07
  2.   76.  -0.46828372E-01  -0.78082683E-11   0.35325470E+00  -0.25487486E-07
  2.   77.  -0.46828372E-01  -0.49236145E-11   0.31863024E+00  -0.25487486E-07
  2.   78.  -0.46828372E-01   0.00000000E+00   0.30682048E+00  -0.25487486E-07
  3.    1.   0.99421230E+00   0.00000000E+00   0.87556589E-01  -0.15204476E-08
  3.    2.   0.99421230E+00   0.20082601E-12   0.86852263E-01  -0.15204476E-08
  3.    3.   0.99421230E+00   0.39205842E-12   0.84787285E-01  -0.15204476E-08
  3.    4.   0.99421230E+00   0.50776176E-12   0.81502378E-01  -0.15204476E-08
  3.    5.   0.99421230E+00   0.58986727E-12   0.77221404E-01  -0.15204476E-08
  3.    6.   0.99421230E+00   0.61149143E-12   0.72236104E-01  -0.15204476E-08
  3.    7.   0.99421230E+00   0.60014957E-12   0.66886219E-01  -0.15204476E-08
  3.    8.   0.99421230E+00   0.54933635E-12   0.61536333E-01  -0.15204476E-08
  3.    9.   0.99421230E+00   0.52070626E-12   0.56551033E-01  -0.15204476E-08
  3.   10.   0.99421230E+00   0.44592609E-12   0.52270059E-01  -0.15204476E-08
  3.   11.   0.99421230E+00   0.31251468E-12   0.48985153E-01  -0.15204476E-08
  3.   12.   0.99421230E+00   0.15368149E-12   0.46920174E-01  -0.15204476E-08
  3.   13.   0.99421230E+00   0.00000000E+00   0.46215848E-01  -0.15204476E-08
  3.   14.   0.99421230E+00   0.00000000E+00   0.11339455E+00  -0.15204476E-08
  3.   15.   0.99421230E+00   0.34057817E-12   0.11180982E+00  -0.15204476E-08
  3.   16.   0.99421230E+00   0.61552809E-12   0.10716362E+00  -0.15204476E-08
  3.   17.   0.99421230E+00   0.80320977E-12   0.99772577E-01  -0.15204476E-08
  3.   18.   0.99421230E+00   0.88765750E-12   0.90140386E-01  -0.15204476E-08
  3.   19.   0.99421230E+00   0.91802154E-12   0.78923461E-01  -0.15204476E-08
  3.   20.   0.99421230E+00   0.91018167E-12   0.66886219E-01  -0.15204476E-08
  3.   21.   0.99421230E+00   0.88656533E-12   0.54848976E-01  -0.15204476E-08
  3.   22.   0.99421230E+00   0.84202359E-12   0.43632052E-01  -0.15204476E-08
  3.   23.   0.99421230E+00   0.72080837E-12   0.33999860E-01  -0.15204476E-08
  3.   24.   0.99421230E+00   0.52838844E-12   0.26608820E-01  -0.15204476E-08
  3.   25.   0.99421230E+00   0.29048573E-12   0.21962618E-01  -0.15204476E-08
  3.   26.   0.99421230E+00   0.00000000E+00   0.20377885E-01  -0.15204476E-08
  3.   27.   0.99421230E+00   0.00000000E+00   0.13923252E+00  -0.15204476E-08
  3.   28.   0.99421230E+00   0.48213606E-12   0.13676738E+00  -0.15204476E-08
  3.   29.   0.99421230E+00   0.84376537E-12   0.12953995E+00  -0.15204476E-08
  3.   30.   0.99421230E+00   0.11286138E-11   0.11804278E+00  -0.15204476E-08
  3.   31.   0.99421230E+00   0.12816911E-11   0.10305937E+00  -0.15204476E-08
  3.   32.   0.99421230E+00   0.13218676E-11   0.85610818E-01  -0.15204476E-08
  3.   33.   0.99421230E+00   0.12838432E-11   0.66886219E-01  -0.15204476E-08
  3.   34.   0.99421230E+00   0.11968953E-11   0.48161620E-01  -0.15204476E-08
  3.   35.   0.99421230E+00   0.10790191E-11   0.30713070E-01  -0.15204476E-08
  3.   36.   0.99421230E+00   0.92870548E-12   0.15729662E-01  -0.15204476E-08
  3.   37.   0.99421230E+00   0.68663647E-12   0.42324876E-02  -0.15204476E-08
  3.   38.   0.99421230E+00   0.35880346E-12  -0.29949382E-02  -0.15204476E-08
  3.   39.   0.99421230E+00   0.00000000E+00  -0.54600787E-02  -0.15204476E-08
  3.   40.   0.99421230E+00   0.00000000E+00   0.16507048E+00  -0.15204476E-08
  3.   41.   0.99421230E+00   0.65033037E-12   0.16172493E+00  -0.15204476E-08
  3.   42.   0.99421230E+00   0.10156901E-11   0.15191628E+00  -0.15204476E-08
  3.   43.   0.99421230E+00   0.14130263E-11   0.13631298E+00  -0.15204476E-08
  3.   44.   0.99421230E+00   0.15361352E-11   0.11597835E+00  -0.15204476E-08
  3.   45.   0.99421230E+00   0.15653220E-11   0.92298175E-01  -0.15204476E-08
  3.   46.   0.99421230E+00   0.15472508E-11   0.66886219E-01  -0.15204476E-08
  3.   47.   0.99421230E+00   0.13908736E-11   0.41474263E-01  -0.15204476E-08
  3.   48.   0.99421230E+00   0.11838577E-11   0.17794089E-01  -0.15204476E-08
  3.   49.   0.99421230E+00   0.10280592E-11  -0.25405374E-02  -0.15204476E-08
  3.   50.   0.99421230E+00   0.72476749E-12  -0.18143845E-01  -0.15204476E-08
  3.   51.   0.99421230E+00   0.36830101E-12  -0.27952494E-01  -0.15204476E-08
  3.   52.   0.99421230E+00   0.00000000E+00  -0.31298042E-01  -0.15204476E-08
  3.   53.   0.99421230E+00   0.00000000E+00   0.19090844E+00  -0.15204476E-08
  3.   54.   0.99421230E+00   0.73257120E-12   0.18668249E+00  -0.15204476E-08
  3.   55.   0.99421230E+00   0.10590617E-11   0.17429262E+00  -0.15204476E-08
  3.   56.   0.99421230E+00   0.15163429E-11   0.15458317E+00  -0.15204476E-08
  3.   57.   0.99421230E+00   0.16475501E-11   0.12889733E+00  -0.15204476E-08
  3.   58.   0.99421230E+00   0.16606958E-11   0.98985532E-01  -0.15204476E-08
  3.   59.   0.99421230E+00   0.16622630E-11   0.66886219E-01  -0.15204476E-08
  3.   60.   0.99421230E+00   0.15594302E-11   0.34786906E-01  -0.15204476E-08
  3.   61.   0.99421230E+00   0.13395593E-11   0.48751074E-02  -0.15204476E-08
  3.   62.   0.99421230E+00   0.11769752E-11  -0.20810736E-01  -0.15204476E-08
  3.   63.   0.99421230E+00   0.80510112E-12  -0.40520177E-01  -0.15204476E-08
  3.   64.   0.99421230E+00   0.24448853E-12  -0.52910050E-01  -0.15204476E-08
  3.   65.   0.99421230E+00   0.00000000E+00  -0.57136005E-01  -0.15204476E-08
  3.   66.   0.10000000E+01   0.00000000E+00   0.19090844E+00  -0.15204476E-08
  3.   67.   0.10000000E+01  -0.72412152E-12   0.18668249E+00  -0.15204476E-08
  3.   68.   0.10000000E+01  -0.11915416E-11   0.17429262E+00  -0.15204476E-08
  3.   69.   0.10000000E+01  -0.16823211E-11   0.15458317E+00  -0.15204476E-08
  3.   70.   0.10000000E+01  -0.18837840E-11   0.12889733E+00  -0.15204476E-08
  3.   71.   0.10000000E+01  -0.18507654E-11   0.98985532E-01  -0.15204476E-08
  3.   72.   0.10000000E+01  -0.17647092E-11   0.66886219E-01  -0.15204476E-08
  3.   73.   0.10000000E+01  -0.15466051E-11   0.34786906E-01  -0.15204476E-08
  3.   74.   0.10000000E+01  -0.11713228E-11   0.48751074E-02  -0.15204476E-08
  3.   75.   0.10000000E+01  -0.98922627E-12  -0.20810736E-01  -0.15204476E-08
  3.   76.   0.10000000E+01  -0.56061156E-12  -0.40520177E-01  -0.15204476E-08
  3.   77.   0.10000000E+01  -0.26401745E-12  -0.52910050E-01  -0.15204476E-08
  3.   78.   0.10000000E+01   0.00000000E+00  -0.57136005E-01  -0.15204476E-08
  4.    1.  -0.16551587E-02   0.00000000E+00   0.53484759E-02   0.46771073E-08
  4.    2.  -0.16005210E-02   0.43495668E-03   0.46319160E-02   0.46771073E-08
  4.    3.  -0.14393001E-02   0.83778213E-03   0.26742380E-02   0.46771073E-08
  4.    4.  -0.11799932E-02   0.11799932E-02   0.33228563E-11   0.46771073E-08
  4.    5.  -0.83778213E-03   0.14393001E-02  -0.26742380E-02   0.46771073E-08
  4.    6.  -0.43495668E-03   0.16005210E-02  -0.46319161E-02   0.46771073E-08
  4.    7.  -0.98058785E-11   0.16551587E-02  -0.53484760E-02   0.46771073E-08
  4.    8.   0.43495666E-03   0.16005210E-02  -0.46319161E-02   0.46771073E-08
  4.    9.   0.83778211E-03   0.14393001E-02  -0.26742381E-02   0.46771073E-08
  4.   10.   0.11799932E-02   0.11799932E-02  -0.11179444E-09   0.46771073E-08
  4.   11.   0.14393001E-02   0.83778214E-03   0.26742379E-02   0.46771073E-08
  4.   12.   0.16005210E-02   0.43495669E-03   0.46319160E-02   0.46771073E-08
  4.   13.   0.16551587E-02   0.00000000E+00   0.53484759E-02   0.46771073E-08
  4.   14.  -0.27375123E-02   0.00000000E+00   0.24444254E-01   0.46771073E-08
  4.   15.  -0.26831698E-02   0.85383126E-03   0.21169345E-01   0.46771073E-08
  4.   16.  -0.25010374E-02   0.15944116E-02   0.12222127E-01   0.46771073E-08
  4.   17.  -0.21484635E-02   0.21484635E-02   0.10723959E-09   0.46771073E-08
  4.   18.  -0.15944116E-02   0.25010374E-02  -0.12222127E-01   0.46771073E-08
  4.   19.  -0.85383127E-03   0.26831698E-02  -0.21169345E-01   0.46771073E-08
  4.   20.  -0.18536712E-10   0.27375123E-02  -0.24444254E-01   0.46771073E-08
  4.   21.   0.85383123E-03   0.26831698E-02  -0.21169345E-01   0.46771073E-08
  4.   22.   0.15944116E-02   0.25010374E-02  -0.12222127E-01   0.46771073E-08
  4.   23.   0.21484635E-02   0.21484635E-02  -0.41071223E-09   0.46771073E-08
  4.   24.   0.25010374E-02   0.15944116E-02   0.12222126E-01   0.46771073E-08
  4.   25.   0.26831698E-02   0.85383129E-03   0.21169344E-01   0.46771073E-08
  4.   26.   0.27375123E-02   0.00000000E+00   0.24444254E-01   0.46771073E-08
  4.   27.  -0.37934032E-02   0.00000000E+00   0.53862492E-01   0.46771073E-08
  4.   28.  -0.37304829E-02   0.12293773E-02   0.46646287E-01   0.46771073E-08
  4.   29.  -0.35071508E-02   0.22811602E-02   0.26931246E-01   0.46771073E-08
  4.   30.  -0.30448122E-02   0.30448122E-02   0.26435867E-09   0.46771073E-08
  4.   31.  -0.22811602E-02   0.35071508E-02  -0.26931246E-01   0.46771073E-08
  4.   32.  -0.12293774E-02   0.37304829E-02  -0.46646287E-01   0.46771073E-08
  4.   33.  -0.26382312E-10   0.37934032E-02  -0.53862492E-01   0.46771073E-08
  4.   34.   0.12293773E-02   0.37304829E-02  -0.46646287E-01   0.46771073E-08
  4.   35.   0.22811602E-02   0.35071508E-02  -0.26931247E-01   0.46771073E-08
  4.   36.   0.30448122E-02   0.30448122E-02  -0.87256807E-09   0.46771073E-08
  4.   37.   0.35071508E-02   0.22811603E-02   0.26931245E-01   0.46771073E-08
  4.   38.   0.37304829E-02   0.12293774E-02   0.46646286E-01   0.46771073E-08
  4.   39.   0.37934032E-02   0.00000000E+00   0.53862492E-01   0.46771073E-08
  4.   40.  -0.44984408E-02   0.00000000E+00   0.91132493E-01   0.46771073E-08
  4.   41.  -0.44578459E-02   0.15848311E-02   0.78923054E-01   0.46771073E-08
  4.   42.  -0.42728179E-02   0.29022969E-02   0.45566247E-01   0.46771073E-08
  4.   43.  -0.37966044E-02   0.37966044E-02   0.46162982E-09   0.46771073E-08
  4.   44.  -0.29022969E-02   0.42728179E-02  -0.45566246E-01   0.46771073E-08
  4.   45.  -0.15848311E-02   0.44578459E-02  -0.78923054E-01   0.46771073E-08
  4.   46.  -0.33953475E-10   0.44984408E-02  -0.91132493E-01   0.46771073E-08
  4.   47.   0.15848311E-02   0.44578459E-02  -0.78923055E-01   0.46771073E-08
  4.   48.   0.29022968E-02   0.42728179E-02  -0.45566248E-01   0.46771073E-08
  4.   49.   0.37966044E-02   0.37966044E-02  -0.14586715E-08   0.46771073E-08
  4.   50.   0.42728179E-02   0.29022969E-02   0.45566245E-01   0.46771073E-08
  4.   51.   0.44578459E-02   0.15848312E-02   0.78923053E-01   0.46771073E-08
  4.   52.   0.44984408E-02   0.00000000E+00   0.91132493E-01   0.46771073E-08
  4.   53.  -0.49861278E-02   0.00000000E+00   0.13353837E+00   0.46771073E-08
  4.   54.  -0.49677705E-02   0.18560631E-02   0.11564762E+00   0.46771073E-08
  4.   55.  -0.48251790E-02   0.33713274E-02   0.66769185E-01   0.46771073E-08
  4.   56.  -0.43537595E-02   0.43537595E-02   0.68469665E-09   0.46771073E-08
  4.   57.  -0.33713274E-02   0.48251790E-02  -0.66769184E-01   0.46771073E-08
  4.   58.  -0.18560631E-02   0.49677705E-02  -0.11564762E+00   0.46771073E-08
  4.   59.  -0.39659230E-10   0.49861278E-02  -0.13353837E+00   0.46771073E-08
  4.   60.   0.18560630E-02   0.49677705E-02  -0.11564762E+00   0.46771073E-08
  4.   61.   0.33713273E-02   0.48251790E-02  -0.66769187E-01   0.46771073E-08
  4.   62.   0.43537595E-02   0.43537595E-02  -0.21266378E-08   0.46771073E-08
  4.   63.   0.48251790E-02   0.33713274E-02   0.66769183E-01   0.46771073E-08
  4.   64.   0.49677705E-02   0.18560631E-02   0.11564762E+00   0.46771073E-08
  4.   65.   0.49861278E-02   0.00000000E+00   0.13353837E+00   0.46771073E-08
  4.   66.   0.49861278E-02   0.00000000E+00   0.13353837E+00   0.46771073E-08
  4.   67.   0.49677705E-02  -0.18560631E-02   0.11564762E+00   0.46771073E-08
  4.   68.   0.48251790E-02  -0.33713274E-02   0.66769185E-01   0.46771073E-08
  4.   69.   0.43537595E-02  -0.43537595E-02   0.68469079E-09   0.46771073E-08
  4.   70.   0.33713274E-02  -0.48251790E-02  -0.66769184E-01   0.46771073E-08
  4.   71.   0.18560631E-02  -0.49677705E-02  -0.11564762E+00   0.46771073E-08
  4.   72.   0.38434176E-10  -0.49861278E-02  -0.13353837E+00   0.46771073E-08
  4.   73.  -0.18560630E-02  -0.49677705E-02  -0.11564762E+00   0.46771073E-08
  4.   74.  -0.33713273E-02  -0.48251790E-02  -0.66769187E-01   0.46771073E-08
  4.   75.  -0.43537595E-02  -0.43537595E-02  -0.21266381E-08   0.46771073E-08
  4.   76.  -0.48251790E-02  -0.33713274E-02   0.66769183E-01   0.46771073E-08
  4.   77.  -0.49677705E-02  -0.18560631E-02   0.11564762E+00   0.46771073E-08
  4.   78.  -0.49861278E-02   0.00000000E+00   0.13353837E+00   0.46771073E-08
  5.    1.  -0.14075506E-03   0.00000000E+00  -0.33704844E-02   0.10000000E+01
  5.    2.  -0.13595895E-03  -0.36430090E-04  -0.33704844E-02   0.10000000E+01
  5.    3.  -0.12189746E-03  -0.70377530E-04  -0.33704844E-02   0.10000000E+01
  5.    4.  -0.99528857E-04  -0.99528857E-04  -0.33704844E-02   0.10000000E+01
  5.    5.  -0.70377530E-04  -0.12189746E-03  -0.33704844E-02   0.10000000E+01
  5.    6.  -0.36430090E-04  -0.13595895E-03  -0.33704844E-02   0.10000000E+01
  5.    7.  -0.74023027E-12  -0.14075506E-03  -0.33704844E-02   0.10000000E+01
  5.    8.   0.36430089E-04  -0.13595895E-03  -0.33704844E-02   0.10000000E+01
  5.    9.   0.70377529E-04  -0.12189746E-03  -0.33704844E-02   0.10000000E+01
  5.   10.   0.99528856E-04  -0.99528858E-04  -0.33704844E-02   0.10000000E+01
  5.   11.   0.12189746E-03  -0.70377531E-04  -0.33704844E-02   0.10000000E+01
  5.   12.   0.13595895E-03  -0.36430091E-04  -0.33704844E-02   0.10000000E+01
  5.   13.   0.14075506E-03   0.00000000E+00  -0.33704844E-02   0.10000000E+01
  5.   14.  -0.14606103E-03   0.00000000E+00  -0.21377952E-02   0.10000000E+01
  5.   15.  -0.14108412E-03  -0.37803377E-04  -0.21377952E-02   0.10000000E+01
  5.   16.  -0.12649257E-03  -0.73030517E-04  -0.21377952E-02   0.10000000E+01
  5.   17.  -0.10328075E-03  -0.10328075E-03  -0.21377952E-02   0.10000000E+01
  5.   18.  -0.73030517E-04  -0.12649257E-03  -0.21377952E-02   0.10000000E+01
  5.   19.  -0.37803378E-04  -0.14108412E-03  -0.21377952E-02   0.10000000E+01
  5.   20.  -0.76915799E-12  -0.14606103E-03  -0.21377952E-02   0.10000000E+01
  5.   21.   0.37803376E-04  -0.14108412E-03  -0.21377952E-02   0.10000000E+01
  5.   22.   0.73030516E-04  -0.12649257E-03  -0.21377952E-02   0.10000000E+01
  5.   23.   0.10328075E-03  -0.10328075E-03  -0.21377952E-02   0.10000000E+01
  5.   24.   0.12649256E-03  -0.73030518E-04  -0.21377952E-02   0.10000000E+01
  5.   25.   0.14108412E-03  -0.37803379E-04  -0.21377952E-02   0.10000000E+01
  5.   26.   0.14606103E-03   0.00000000E+00  -0.21377952E-02   0.10000000E+01
  5.   27.  -0.16547231E-03   0.00000000E+00  -0.73512919E-03   0.10000000E+01
  5.   28.  -0.15983397E-03  -0.42827384E-04  -0.73512919E-03   0.10000000E+01
  5.   29.  -0.14330322E-03  -0.82736153E-04  -0.73512919E-03   0.10000000E+01
  5.   30.  -0.11700659E-03  -0.11700659E-03  -0.73512919E-03   0.10000000E+01
  5.   31.  -0.82736153E-04  -0.14330322E-03  -0.73512919E-03   0.10000000E+01
  5.   32.  -0.42827385E-04  -0.15983397E-03  -0.73512919E-03   0.10000000E+01
  5.   33.  -0.87075988E-12  -0.16547231E-03  -0.73512919E-03   0.10000000E+01
  5.   34.   0.42827383E-04  -0.15983397E-03  -0.73512919E-03   0.10000000E+01
  5.   35.   0.82736152E-04  -0.14330322E-03  -0.73512919E-03   0.10000000E+01
  5.   36.   0.11700659E-03  -0.11700659E-03  -0.73512919E-03   0.10000000E+01
  5.   37.   0.14330322E-03  -0.82736154E-04  -0.73512919E-03   0.10000000E+01
  5.   38.   0.15983397E-03  -0.42827386E-04  -0.73512919E-03   0.10000000E+01
  5.   39.   0.16547231E-03   0.00000000E+00  -0.73512919E-03   0.10000000E+01
  5.   40.  -0.16690762E-03   0.00000000E+00   0.76399430E-03   0.10000000E+01
  5.   41.  -0.16122038E-03  -0.43198871E-04   0.76399430E-03   0.10000000E+01
  5.   42.  -0.14454624E-03  -0.83453811E-04   0.76399430E-03   0.10000000E+01
  5.   43.  -0.11802151E-03  -0.11802151E-03   0.76399430E-03   0.10000000E+01
  5.   44.  -0.83453811E-04  -0.14454624E-03   0.76399430E-03   0.10000000E+01
  5.   45.  -0.43198872E-04  -0.16122038E-03   0.76399430E-03   0.10000000E+01
  5.   46.  -0.88091260E-12  -0.16690762E-03   0.76399430E-03   0.10000000E+01
  5.   47.   0.43198870E-04  -0.16122038E-03   0.76399430E-03   0.10000000E+01
  5.   48.   0.83453810E-04  -0.14454624E-03   0.76399430E-03   0.10000000E+01
  5.   49.   0.11802151E-03  -0.11802151E-03   0.76399430E-03   0.10000000E+01
  5.   50.   0.14454624E-03  -0.83453812E-04   0.76399430E-03   0.10000000E+01
  5.   51.   0.16122038E-03  -0.43198873E-04   0.76399430E-03   0.10000000E+01
  5.   52.   0.16690762E-03   0.00000000E+00   0.76399430E-03   0.10000000E+01
  5.   53.  -0.15621183E-03   0.00000000E+00   0.22099547E-02   0.10000000E+01
  5.   54.  -0.15088905E-03  -0.40430598E-04   0.22099547E-02   0.10000000E+01
  5.   55.  -0.13528342E-03  -0.78105917E-04   0.22099547E-02   0.10000000E+01
  5.   56.  -0.11045845E-03  -0.11045845E-03   0.22099547E-02   0.10000000E+01
  5.   57.  -0.78105918E-04  -0.13528342E-03   0.22099547E-02   0.10000000E+01
  5.   58.  -0.40430598E-04  -0.15088905E-03   0.22099547E-02   0.10000000E+01
  5.   59.  -0.82874649E-12  -0.15621183E-03   0.22099547E-02   0.10000000E+01
  5.   60.   0.40430597E-04  -0.15088905E-03   0.22099547E-02   0.10000000E+01
  5.   61.   0.78105916E-04  -0.13528342E-03   0.22099547E-02   0.10000000E+01
  5.   62.   0.11045845E-03  -0.11045845E-03   0.22099547E-02   0.10000000E+01
  5.   63.   0.13528342E-03  -0.78105919E-04   0.22099547E-02   0.10000000E+01
  5.   64.   0.15088904E-03  -0.40430599E-04   0.22099547E-02   0.10000000E+01
  5.   65.   0.15621183E-03   0.00000000E+00   0.22099547E-02   0.10000000E+01
  5.   66.   0.15621183E-03   0.00000000E+00   0.22099547E-02   0.10000000E+01
  5.   67.   0.15088905E-03   0.40430598E-04   0.22099547E-02   0.10000000E+01
  5.   68.   0.13528342E-03   0.78105917E-04   0.22099547E-02   0.10000000E+01
  5.   69.   0.11045845E-03   0.11045845E-03   0.22099547E-02   0.10000000E+01
  5.   70.   0.78105918E-04   0.13528342E-03   0.22099547E-02   0.10000000E+01
  5.   71.   0.40430598E-04   0.15088905E-03   0.22099547E-02   0.10000000E+01
  5.   72.   0.82006762E-12   0.15621183E-03   0.22099547E-02   0.10000000E+01
  5.   73.  -0.40430597E-04   0.15088905E-03   0.22099547E-02   0.10000000E+01
  5.   74.  -0.78105916E-04   0.13528342E-03   0.22099547E-02   0.10000000E+01
  5.   75.  -0.11045845E-03   0.11045845E-03   0.22099547E-02   0.10000000E+01
  5.   76.  -0.13528342E-03   0.78105919E-04   0.22099547E-02   0.10000000E+01
  5.   77.  -0.15088904E-03   0.40430599E-04   0.22099547E-02   0.10000000E+01
  5.   78.  -0.15621183E-03   0.00000000E+00   0.22099547E-02   0.10000000E+01
  6.    1.   0.25528361E-03   0.00000000E+00  -0.48669024E-03   0.15468425E-09
  6.    2.   0.22109129E-03  -0.12767615E-03  -0.34414197E-03   0.15468425E-09
  6.    3.   0.12766694E-03  -0.22112563E-03   0.69267756E-12   0.15468425E-09
  6.    4.   0.25142015E-07  -0.25530875E-03   0.34414197E-03   0.15468425E-09
  6.    5.  -0.12764180E-03  -0.22108209E-03   0.48669025E-03   0.15468425E-09
  6.    6.  -0.22111643E-03  -0.12763260E-03   0.34414198E-03   0.15468425E-09
  6.    7.  -0.25533389E-03  -0.27225048E-11   0.82081454E-11   0.15468425E-09
  6.    8.  -0.22111643E-03   0.12763260E-03  -0.34414196E-03   0.15468425E-09
  6.    9.  -0.12764181E-03   0.22108209E-03  -0.48669025E-03   0.15468425E-09
  6.   10.   0.25136563E-07   0.25530875E-03  -0.34414198E-03   0.15468425E-09
  6.   11.   0.12766694E-03   0.22112564E-03  -0.15068211E-10   0.15468425E-09
  6.   12.   0.22109129E-03   0.12767615E-03   0.34414196E-03   0.15468425E-09
  6.   13.   0.25528361E-03   0.00000000E+00   0.48669025E-03   0.15468425E-09
  6.   14.   0.82328549E-03   0.00000000E+00  -0.48430469E-02   0.15468425E-09
  6.   15.   0.72736134E-03  -0.46529167E-03  -0.34245513E-02   0.15468425E-09
  6.   16.   0.45091649E-03  -0.78101026E-03  -0.38962470E-11   0.15468425E-09
  6.   17.   0.39273744E-04  -0.86255923E-03   0.34245513E-02   0.15468425E-09
  6.   18.  -0.41164274E-03  -0.71298615E-03   0.48430469E-02   0.15468425E-09
  6.   19.  -0.76663507E-03  -0.39726756E-03   0.34245513E-02   0.15468425E-09
  6.   20.  -0.90183297E-03  -0.82456463E-11   0.76589528E-10   0.15468425E-09
  6.   21.  -0.76663508E-03   0.39726755E-03  -0.34245512E-02   0.15468425E-09
  6.   22.  -0.41164276E-03   0.71298614E-03  -0.48430469E-02   0.15468425E-09
  6.   23.   0.39273726E-04   0.86255923E-03  -0.34245514E-02   0.15468425E-09
  6.   24.   0.45091647E-03   0.78101027E-03  -0.14789170E-09   0.15468425E-09
  6.   25.   0.72736133E-03   0.46529169E-03   0.34245512E-02   0.15468425E-09
  6.   26.   0.82328549E-03   0.00000000E+00   0.48430469E-02   0.15468425E-09
  6.   27.   0.16185068E-02   0.00000000E+00  -0.15786556E-01   0.15468425E-09
  6.   28.   0.14514827E-02  -0.99516438E-03  -0.11162781E-01   0.15468425E-09
  6.   29.   0.94534969E-03  -0.16373937E-02  -0.16310819E-10   0.15468425E-09
  6.   30.   0.13609630E-03  -0.17546031E-02   0.11162781E-01   0.15468425E-09
  6.   31.  -0.80925339E-03  -0.14016680E-02   0.15786556E-01   0.15468425E-09
  6.   32.  -0.15875790E-02  -0.75943870E-03   0.11162781E-01   0.15468425E-09
  6.   33.  -0.18906994E-02  -0.15565679E-10   0.24856270E-09   0.15468425E-09
  6.   34.  -0.15875790E-02   0.75943868E-03  -0.11162781E-01   0.15468425E-09
  6.   35.  -0.80925342E-03   0.14016680E-02  -0.15786556E-01   0.15468425E-09
  6.   36.   0.13609626E-03   0.17546031E-02  -0.11162781E-01   0.15468425E-09
  6.   37.   0.94534966E-03   0.16373937E-02  -0.47899449E-09   0.15468425E-09
  6.   38.   0.14514827E-02   0.99516442E-03   0.11162780E-01   0.15468425E-09
  6.   39.   0.16185068E-02   0.00000000E+00   0.15786556E-01   0.15468425E-09
  6.   40.   0.22556513E-02   0.00000000E+00  -0.33281788E-01   0.15468425E-09
  6.   41.   0.20783556E-02  -0.15939749E-02  -0.23533778E-01   0.15468425E-09
  6.   42.   0.14690706E-02  -0.25445049E-02  -0.36248608E-10   0.15468425E-09
  6.   43.   0.34124494E-03  -0.25968962E-02   0.23533778E-01   0.15468425E-09
  6.   44.  -0.11278256E-02  -0.19534513E-02   0.33281788E-01   0.15468425E-09
  6.   45.  -0.24196006E-02  -0.10029213E-02   0.23533778E-01   0.15468425E-09
  6.   46.  -0.29381411E-02  -0.20126849E-10   0.52361480E-09   0.15468425E-09
  6.   47.  -0.24196006E-02   0.10029213E-02  -0.23533777E-01   0.15468425E-09
  6.   48.  -0.11278257E-02   0.19534513E-02  -0.33281788E-01   0.15468425E-09
  6.   49.   0.34124489E-03   0.25968962E-02  -0.23533778E-01   0.15468425E-09
  6.   50.   0.14690705E-02   0.25445049E-02  -0.10080151E-08   0.15468425E-09
  6.   51.   0.20783556E-02   0.15939749E-02   0.23533777E-01   0.15468425E-09
  6.   52.   0.22556513E-02   0.00000000E+00   0.33281788E-01   0.15468425E-09
  6.   53.   0.27548554E-02   0.00000000E+00  -0.55625267E-01   0.15468425E-09
  6.   54.   0.25780000E-02  -0.20948219E-02  -0.39333003E-01   0.15468425E-09
  6.   55.   0.19025967E-02  -0.32953942E-02  -0.61577214E-10   0.15468425E-09
  6.   56.   0.52516902E-03  -0.32800244E-02   0.39333003E-01   0.15468425E-09
  6.   57.  -0.13774277E-02  -0.23857748E-02   0.55625267E-01   0.15468425E-09
  6.   58.  -0.31031690E-02  -0.11852025E-02   0.39333004E-01   0.15468425E-09
  6.   59.  -0.38051934E-02  -0.23481696E-10   0.87503773E-09   0.15468425E-09
  6.   60.  -0.31031690E-02   0.11852025E-02  -0.39333002E-01   0.15468425E-09
  6.   61.  -0.13774278E-02   0.23857748E-02  -0.55625267E-01   0.15468425E-09
  6.   62.   0.52516895E-03   0.32800244E-02  -0.39333004E-01   0.15468425E-09
  6.   63.   0.19025967E-02   0.32953942E-02  -0.16828329E-08   0.15468425E-09
  6.   64.   0.25780000E-02   0.20948220E-02   0.39333002E-01   0.15468425E-09
  6.   65.   0.27548554E-02   0.00000000E+00   0.55625267E-01   0.15468425E-09
  6.   66.  -0.27548554E-02   0.00000000E+00  -0.55625267E-01   0.15468425E-09
  6.   67.  -0.25780000E-02   0.20948219E-02  -0.39333003E-01   0.15468425E-09
  6.   68.  -0.19025967E-02   0.32953942E-02  -0.61583408E-10   0.15468425E-09
  6.   69.  -0.52516902E-03   0.32800244E-02   0.39333003E-01   0.15468425E-09
  6.   70.   0.13774277E-02   0.23857748E-02   0.55625267E-01   0.15468425E-09
  6.   71.   0.31031690E-02   0.11852025E-02   0.39333004E-01   0.15468425E-09
  6.   72.   0.38051934E-02   0.23367443E-10   0.87504404E-09   0.15468425E-09
  6.   73.   0.31031690E-02  -0.11852025E-02  -0.39333002E-01   0.15468425E-09
  6.   74.   0.13774278E-02  -0.23857748E-02  -0.55625267E-01   0.15468425E-09
  6.   75.  -0.52516895E-03  -0.32800244E-02  -0.39333004E-01   0.15468425E-09
  6.   76.  -0.19025967E-02  -0.32953942E-02  -0.16828356E-08   0.15468425E-09
  6.   77.  -0.25780000E-02  -0.20948220E-02   0.39333002E-01   0.15468425E-09
  6.   78.  -0.27548554E-02   0.00000000E+00   0.55625267E-01   0.15468425E-09
  7.    1.  -0.46259018E-03   0.00000000E+00   0.10510134E-01   0.14116542E-09
  7.    2.  -0.52291628E-03   0.22514007E-03   0.10152009E-01   0.14116542E-09
  7.    3.  -0.68773026E-03   0.38995405E-03   0.91020427E-02   0.14116542E-09
  7.    4.  -0.91287033E-03   0.45028015E-03   0.74317867E-02   0.14116542E-09
  7.    5.  -0.11380104E-02   0.38995405E-03   0.52550668E-02   0.14116542E-09
  7.    6.  -0.13028244E-02   0.22514008E-03   0.27202228E-02   0.14116542E-09
  7.    7.  -0.13631505E-02   0.47082311E-11   0.54474158E-10   0.14116542E-09
  7.    8.  -0.13028244E-02  -0.22514007E-03  -0.27202227E-02   0.14116542E-09
  7.    9.  -0.11380104E-02  -0.38995404E-03  -0.52550667E-02   0.14116542E-09
  7.   10.  -0.91287034E-03  -0.45028015E-03  -0.74317867E-02   0.14116542E-09
  7.   11.  -0.68773027E-03  -0.38995405E-03  -0.91020426E-02   0.14116542E-09
  7.   12.  -0.52291629E-03  -0.22514008E-03  -0.10152009E-01   0.14116542E-09
  7.   13.  -0.46259018E-03   0.00000000E+00  -0.10510134E-01   0.14116542E-09
  7.   14.   0.21363905E-04   0.00000000E+00   0.13337746E-01   0.14116542E-09
  7.   15.  -0.35414228E-04   0.21189888E-03   0.12883274E-01   0.14116542E-09
  7.   16.  -0.19053497E-03   0.36701962E-03   0.11550827E-01   0.14116542E-09
  7.   17.  -0.40243385E-03   0.42379775E-03   0.94312109E-02   0.14116542E-09
  7.   18.  -0.61433272E-03   0.36701962E-03   0.66688732E-02   0.14116542E-09
  7.   19.  -0.76945347E-03   0.21189888E-03   0.34520628E-02   0.14116542E-09
  7.   20.  -0.82623160E-03   0.43832055E-11   0.69576478E-10   0.14116542E-09
  7.   21.  -0.76945347E-03  -0.21189887E-03  -0.34520627E-02   0.14116542E-09
  7.   22.  -0.61433273E-03  -0.36701962E-03  -0.66688731E-02   0.14116542E-09
  7.   23.  -0.40243385E-03  -0.42379775E-03  -0.94312108E-02   0.14116542E-09
  7.   24.  -0.19053498E-03  -0.36701962E-03  -0.11550827E-01   0.14116542E-09
  7.   25.  -0.35414232E-04  -0.21189888E-03  -0.12883274E-01   0.14116542E-09
  7.   26.   0.21363905E-04   0.00000000E+00  -0.13337746E-01   0.14116542E-09
  7.   27.   0.85149414E-03   0.00000000E+00   0.93037768E-02   0.14116542E-09
  7.   28.   0.76966020E-03   0.30540841E-03   0.89867583E-02   0.14116542E-09
  7.   29.   0.54608573E-03   0.52898289E-03   0.80573071E-02   0.14116542E-09
  7.   30.   0.24067731E-03   0.61081683E-03   0.65787637E-02   0.14116542E-09
  7.   31.  -0.64731102E-04   0.52898289E-03   0.46518884E-02   0.14116542E-09
  7.   32.  -0.28830558E-03   0.30540842E-03   0.24079947E-02   0.14116542E-09
  7.   33.  -0.37013952E-03   0.63460402E-11   0.49151913E-10   0.14116542E-09
  7.   34.  -0.28830559E-03  -0.30540841E-03  -0.24079946E-02   0.14116542E-09
  7.   35.  -0.64731113E-04  -0.52898289E-03  -0.46518883E-02   0.14116542E-09
  7.   36.   0.24067730E-03  -0.61081683E-03  -0.65787636E-02   0.14116542E-09
  7.   37.   0.54608571E-03  -0.52898290E-03  -0.80573070E-02   0.14116542E-09
  7.   38.   0.76966020E-03  -0.30540843E-03  -0.89867583E-02   0.14116542E-09
  7.   39.   0.85149414E-03   0.00000000E+00  -0.93037768E-02   0.14116542E-09
  7.   40.   0.12923700E-02   0.00000000E+00  -0.68737805E-03   0.14116542E-09
  7.   41.   0.12071999E-02   0.31785898E-03  -0.66395621E-03   0.14116542E-09
  7.   42.   0.97451103E-03   0.55054790E-03  -0.59528686E-03   0.14116542E-09
  7.   43.   0.65665205E-03   0.63571796E-03  -0.48604969E-03   0.14116542E-09
  7.   44.   0.33879307E-03   0.55054790E-03  -0.34368903E-03   0.14116542E-09
  7.   45.   0.10610415E-03   0.31785898E-03  -0.17790653E-03   0.14116542E-09
  7.   46.   0.20934092E-04   0.65910300E-11  -0.25554078E-11   0.14116542E-09
  7.   47.   0.10610414E-03  -0.31785897E-03   0.17790653E-03   0.14116542E-09
  7.   48.   0.33879306E-03  -0.55054789E-03   0.34368902E-03   0.14116542E-09
  7.   49.   0.65665204E-03  -0.63571796E-03   0.48604968E-03   0.14116542E-09
  7.   50.   0.97451102E-03  -0.55054791E-03   0.59528685E-03   0.14116542E-09
  7.   51.   0.12071999E-02  -0.31785899E-03   0.66395621E-03   0.14116542E-09
  7.   52.   0.12923700E-02   0.00000000E+00   0.68737805E-03   0.14116542E-09
  7.   53.   0.12995114E-02   0.00000000E+00  -0.12459508E-01   0.14116542E-09
  7.   54.   0.12306384E-02   0.25703745E-03  -0.12034961E-01   0.14116542E-09
  7.   55.   0.10424740E-02   0.44520193E-03  -0.10790250E-01   0.14116542E-09
  7.   56.   0.78543651E-03   0.51407491E-03  -0.88102026E-02   0.14116542E-09
  7.   57.   0.52839906E-03   0.44520193E-03  -0.62297540E-02   0.14116542E-09
  7.   58.   0.34023458E-03   0.25703746E-03  -0.32247580E-02   0.14116542E-09
  7.   59.   0.27136160E-03   0.52950053E-11  -0.63262368E-10   0.14116542E-09
  7.   60.   0.34023458E-03  -0.25703745E-03   0.32247579E-02   0.14116542E-09
  7.   61.   0.52839905E-03  -0.44520193E-03   0.62297539E-02   0.14116542E-09
  7.   62.   0.78543650E-03  -0.51407491E-03   0.88102025E-02   0.14116542E-09
  7.   63.   0.10424740E-02  -0.44520194E-03   0.10790250E-01   0.14116542E-09
  7.   64.   0.12306384E-02  -0.25703746E-03   0.12034961E-01   0.14116542E-09
  7.   65.   0.12995114E-02   0.00000000E+00   0.12459508E-01   0.14116542E-09
  7.   66.  -0.12995114E-02   0.00000000E+00  -0.12459508E-01   0.14116542E-09
  7.   67.  -0.12306384E-02  -0.25703745E-03  -0.12034961E-01   0.14116542E-09
  7.   68.  -0.10424740E-02  -0.44520193E-03  -0.10790250E-01   0.14116542E-09
  7.   69.  -0.78543651E-03  -0.51407491E-03  -0.88102026E-02   0.14116542E-09
  7.   70.  -0.52839906E-03  -0.44520193E-03  -0.62297540E-02   0.14116542E-09
  7.   71.  -0.34023458E-03  -0.25703746E-03  -0.32247580E-02   0.14116542E-09
  7.   72.  -0.27136160E-03  -0.52288725E-11  -0.63265802E-10   0.14116542E-09
  7.   73.  -0.34023458E-03   0.25703745E-03   0.32247579E-02   0.14116542E-09
  7.   74.  -0.52839905E-03   0.44520193E-03   0.62297539E-02   0.14116542E-09
  7.   75.  -0.78543650E-03   0.51407491E-03   0.88102025E-02   0.14116542E-09
  7.   76.  -0.10424740E-02   0.44520194E-03   0.10790250E-01   0.14116542E-09
  7.   77.  -0.12306384E-02   0.25703746E-03   0.12034961E-01   0.14116542E-09
  7.   78.  -0.12995114E-02   0.00000000E+00   0.12459508E-01   0.14116542E-09
  8.    1.  -0.43138074E-04   0.00000000E+00   0.53589092E-04   0.87139056E-10
  8.    2.  -0.30353051E-04   0.29942767E-04   0.26794545E-04   0.87139056E-10
  8.    3.   0.29011421E-06   0.42635582E-04  -0.26794548E-04   0.87139056E-10
  8.    4.   0.30503225E-04   0.30503225E-04  -0.53589095E-04   0.87139056E-10
  8.    5.   0.42635582E-04   0.29011437E-06  -0.26794548E-04   0.87139056E-10
  8.    6.   0.29942768E-04  -0.30353051E-04   0.26794546E-04   0.87139056E-10
  8.    7.   0.91884383E-12  -0.43138074E-04   0.53589095E-04   0.87139056E-10
  8.    8.  -0.29942767E-04  -0.30353051E-04   0.26794550E-04   0.87139056E-10
  8.    9.  -0.42635582E-04   0.29011321E-06  -0.26794544E-04   0.87139056E-10
  8.   10.  -0.30503226E-04   0.30503224E-04  -0.53589092E-04   0.87139056E-10
  8.   11.  -0.29011539E-06   0.42635582E-04  -0.26794547E-04   0.87139056E-10
  8.   12.   0.30353050E-04   0.29942768E-04   0.26794548E-04   0.87139056E-10
  8.   13.   0.43138074E-04   0.00000000E+00   0.53589097E-04   0.87139056E-10
  8.   14.  -0.27962112E-03   0.00000000E+00   0.12251396E-02   0.87139056E-10
  8.   15.  -0.20310219E-03   0.21780118E-03   0.61256980E-03   0.87139056E-10
  8.   16.  -0.10393753E-04   0.29762363E-03  -0.61256981E-03   0.87139056E-10
  8.   17.   0.19772199E-03   0.19772199E-03  -0.12251396E-02   0.87139056E-10
  8.   18.   0.29762363E-03  -0.10393750E-04  -0.61256982E-03   0.87139056E-10
  8.   19.   0.21780118E-03  -0.20310219E-03   0.61256979E-03   0.87139056E-10
  8.   20.   0.50227845E-11  -0.27962112E-03   0.12251396E-02   0.87139056E-10
  8.   21.  -0.21780117E-03  -0.20310220E-03   0.61256984E-03   0.87139056E-10
  8.   22.  -0.29762363E-03  -0.10393759E-04  -0.61256977E-03   0.87139056E-10
  8.   23.  -0.19772199E-03   0.19772198E-03  -0.12251396E-02   0.87139056E-10
  8.   24.   0.10393744E-04   0.29762363E-03  -0.61256985E-03   0.87139056E-10
  8.   25.   0.20310219E-03   0.21780118E-03   0.61256976E-03   0.87139056E-10
  8.   26.   0.27962112E-03   0.00000000E+00   0.12251396E-02   0.87139056E-10
  8.   27.  -0.77744297E-03   0.00000000E+00   0.58530734E-02   0.87139056E-10
  8.   28.  -0.58457892E-03   0.67977375E-03   0.29265367E-02   0.87139056E-10
  8.   29.  -0.67312910E-04   0.89403235E-03  -0.29265367E-02   0.87139056E-10
  8.   30.   0.54973519E-03   0.54973520E-03  -0.58530734E-02   0.87139056E-10
  8.   31.   0.89403235E-03  -0.67312903E-04  -0.29265368E-02   0.87139056E-10
  8.   32.   0.67977376E-03  -0.58457892E-03   0.29265366E-02   0.87139056E-10
  8.   33.   0.15494530E-10  -0.77744297E-03   0.58530734E-02   0.87139056E-10
  8.   34.  -0.67977374E-03  -0.58457893E-03   0.29265369E-02   0.87139056E-10
  8.   35.  -0.89403235E-03  -0.67312927E-04  -0.29265365E-02   0.87139056E-10
  8.   36.  -0.54973521E-03   0.54973518E-03  -0.58530734E-02   0.87139056E-10
  8.   37.   0.67312885E-04   0.89403235E-03  -0.29265369E-02   0.87139056E-10
  8.   38.   0.58457891E-03   0.67977377E-03   0.29265365E-02   0.87139056E-10
  8.   39.   0.77744297E-03   0.00000000E+00   0.58530734E-02   0.87139056E-10
  8.   40.  -0.12727651E-02   0.00000000E+00   0.15129241E-01   0.87139056E-10
  8.   41.  -0.10132075E-02   0.13225487E-02   0.75646203E-02   0.87139056E-10
  8.   42.  -0.21873724E-03   0.16516291E-02  -0.75646203E-02   0.87139056E-10
  8.   43.   0.89998080E-03   0.89998082E-03  -0.15129241E-01   0.87139056E-10
  8.   44.   0.16516291E-02  -0.21873723E-03  -0.75646204E-02   0.87139056E-10
  8.   45.   0.13225487E-02  -0.10132075E-02   0.75646201E-02   0.87139056E-10
  8.   46.   0.30515374E-10  -0.12727651E-02   0.15129241E-01   0.87139056E-10
  8.   47.  -0.13225487E-02  -0.10132076E-02   0.75646207E-02   0.87139056E-10
  8.   48.  -0.16516291E-02  -0.21873727E-03  -0.75646199E-02   0.87139056E-10
  8.   49.  -0.89998084E-03   0.89998078E-03  -0.15129241E-01   0.87139056E-10
  8.   50.   0.21873720E-03   0.16516291E-02  -0.75646208E-02   0.87139056E-10
  8.   51.   0.10132075E-02   0.13225488E-02   0.75646197E-02   0.87139056E-10
  8.   52.   0.12727651E-02   0.00000000E+00   0.15129241E-01   0.87139056E-10
  8.   53.  -0.17090371E-02   0.00000000E+00   0.28351889E-01   0.87139056E-10
  8.   54.  -0.13991808E-02   0.19202078E-02   0.14175945E-01   0.87139056E-10
  8.   55.  -0.36842173E-03   0.23471622E-02  -0.14175945E-01   0.87139056E-10
  8.   56.   0.12084717E-02   0.12084717E-02  -0.28351889E-01   0.87139056E-10
  8.   57.   0.23471622E-02  -0.36842172E-03  -0.14175945E-01   0.87139056E-10
  8.   58.   0.19202079E-02  -0.13991808E-02   0.14175944E-01   0.87139056E-10
  8.   59.   0.44533646E-10  -0.17090371E-02   0.28351889E-01   0.87139056E-10
  8.   60.  -0.19202078E-02  -0.13991809E-02   0.14175945E-01   0.87139056E-10
  8.   61.  -0.23471623E-02  -0.36842177E-03  -0.14175944E-01   0.87139056E-10
  8.   62.  -0.12084718E-02   0.12084717E-02  -0.28351889E-01   0.87139056E-10
  8.   63.   0.36842168E-03   0.23471622E-02  -0.14175946E-01   0.87139056E-10
  8.   64.   0.13991808E-02   0.19202079E-02   0.14175944E-01   0.87139056E-10
  8.   65.   0.17090371E-02   0.00000000E+00   0.28351889E-01   0.87139056E-10
  8.   66.   0.17090371E-02   0.00000000E+00   0.28351889E-01   0.87139056E-10
  8.   67.   0.13991808E-02  -0.19202078E-02   0.14175945E-01   0.87139056E-10
  8.   68.   0.36842173E-03  -0.23471622E-02  -0.14175945E-01   0.87139056E-10
  8.   69.  -0.12084717E-02  -0.12084717E-02  -0.28351889E-01   0.87139056E-10
  8.   70.  -0.23471622E-02   0.36842172E-03  -0.14175945E-01   0.87139056E-10
  8.   71.  -0.19202079E-02   0.13991808E-02   0.14175944E-01   0.87139056E-10
  8.   72.  -0.44645309E-10   0.17090371E-02   0.28351889E-01   0.87139056E-10
  8.   73.   0.19202078E-02   0.13991809E-02   0.14175945E-01   0.87139056E-10
  8.   74.   0.23471623E-02   0.36842177E-03  -0.14175944E-01   0.87139056E-10
  8.   75.   0.12084718E-02  -0.12084717E-02  -0.28351889E-01   0.87139056E-10
  8.   76.  -0.36842168E-03  -0.23471622E-02  -0.14175946E-01   0.87139056E-10
  8.   77.  -0.13991808E-02  -0.19202079E-02   0.14175944E-01   0.87139056E-10
  8.   78.  -0.17090371E-02   0.00000000E+00   0.28351889E-01   0.87139056E-10
  9.    1.   0.81487174E-05   0.00000000E+00  -0.69244499E-05   0.15549976E-10
  9.    2.   0.40069695E-05  -0.68054960E-05  -0.17921800E-05   0.15549976E-10
  9.    3.  -0.41417478E-05  -0.69402746E-05   0.59967485E-05   0.15549976E-10
  9.    4.  -0.80139387E-05  -0.13477875E-06   0.48963249E-05   0.15549976E-10
  9.    5.  -0.38721909E-05   0.69402744E-05  -0.34622244E-05   0.15549976E-10
  9.    6.   0.40069693E-05   0.70750530E-05  -0.66885041E-05   0.15549976E-10
  9.    7.   0.78791601E-05   0.92304827E-13   0.25104296E-14   0.15549976E-10
  9.    8.   0.40069695E-05  -0.70750530E-05   0.66885044E-05   0.15549976E-10
  9.    9.  -0.38721907E-05  -0.69402747E-05   0.34622250E-05   0.15549976E-10
  9.   10.  -0.80139389E-05   0.13477828E-06  -0.48963248E-05   0.15549976E-10
  9.   11.  -0.41417483E-05   0.69402744E-05  -0.59967493E-05   0.15549976E-10
  9.   12.   0.40069690E-05   0.68054961E-05   0.17921787E-05   0.15549976E-10
  9.   13.   0.81487171E-05   0.00000000E+00   0.69244489E-05   0.15549976E-10
  9.   14.   0.10716416E-03   0.00000000E+00  -0.37618957E-03   0.15549976E-10
  9.   15.   0.55854682E-04  -0.10128835E-03  -0.97365026E-04   0.15549976E-10
  9.   16.  -0.51309482E-04  -0.96743147E-04   0.32578972E-03   0.15549976E-10
  9.   17.  -0.11170936E-03   0.45451986E-05   0.26600620E-03   0.15549976E-10
  9.   18.  -0.60399883E-04   0.96743146E-04  -0.18809478E-03   0.15549976E-10
  9.   19.   0.55854681E-04   0.92197947E-04  -0.36337122E-03   0.15549976E-10
  9.   20.   0.11625456E-03   0.21384818E-11  -0.90451277E-11   0.15549976E-10
  9.   21.   0.55854685E-04  -0.92197945E-04   0.36337122E-03   0.15549976E-10
  9.   22.  -0.60399879E-04  -0.96743148E-04   0.18809480E-03   0.15549976E-10
  9.   23.  -0.11170936E-03  -0.45452035E-05  -0.26600619E-03   0.15549976E-10
  9.   24.  -0.51309486E-04   0.96743144E-04  -0.32578973E-03   0.15549976E-10
  9.   25.   0.55854678E-04   0.10128835E-03   0.97365005E-04   0.15549976E-10
  9.   26.   0.10716416E-03   0.00000000E+00   0.37618957E-03   0.15549976E-10
  9.   27.   0.42482674E-03   0.00000000E+00  -0.26151785E-02   0.15549976E-10
  9.   28.   0.23614370E-03  -0.45647356E-03  -0.67685801E-03   0.15549976E-10
  9.   29.  -0.18868304E-03  -0.40901289E-03   0.22648110E-02   0.15549976E-10
  9.   30.  -0.47228741E-03   0.47460661E-04   0.18492105E-02   0.15549976E-10
  9.   31.  -0.28360437E-03   0.40901289E-03  -0.13075892E-02   0.15549976E-10
  9.   32.   0.23614370E-03   0.36155223E-03  -0.25260685E-02   0.15549976E-10
  9.   33.   0.51974807E-03   0.85064987E-11  -0.67171972E-10   0.15549976E-10
  9.   34.   0.23614372E-03  -0.36155222E-03   0.25260685E-02   0.15549976E-10
  9.   35.  -0.28360436E-03  -0.40901290E-03   0.13075894E-02   0.15549976E-10
  9.   36.  -0.47228741E-03  -0.47460681E-04  -0.18492104E-02   0.15549976E-10
  9.   37.  -0.18868305E-03   0.40901288E-03  -0.22648111E-02   0.15549976E-10
  9.   38.   0.23614369E-03   0.45647357E-03   0.67685788E-03   0.15549976E-10
  9.   39.   0.42482674E-03   0.00000000E+00   0.26151785E-02   0.15549976E-10
  9.   40.   0.82081438E-03   0.00000000E+00  -0.82454506E-02   0.15549976E-10
  9.   41.   0.50734453E-03  -0.10726212E-02  -0.21340797E-02   0.15549976E-10
  9.   42.  -0.31346984E-03  -0.87874651E-03   0.71407697E-02   0.15549976E-10
  9.   43.  -0.10146891E-02   0.19387468E-03   0.58304141E-02   0.15549976E-10
  9.   44.  -0.70121924E-03   0.87874651E-03  -0.41227252E-02   0.15549976E-10
  9.   45.   0.50734452E-03   0.68487182E-03  -0.79644937E-02   0.15549976E-10
  9.   46.   0.12085638E-02   0.15360649E-10  -0.21571627E-09   0.15549976E-10
  9.   47.   0.50734457E-03  -0.68487180E-03   0.79644936E-02   0.15549976E-10
  9.   48.  -0.70121920E-03  -0.87874652E-03   0.41227256E-02   0.15549976E-10
  9.   49.  -0.10146891E-02  -0.19387472E-03  -0.58304138E-02   0.15549976E-10
  9.   50.  -0.31346988E-03   0.87874648E-03  -0.71407699E-02   0.15549976E-10
  9.   51.   0.50734451E-03   0.10726212E-02   0.21340792E-02   0.15549976E-10
  9.   52.   0.82081438E-03   0.00000000E+00   0.82454506E-02   0.15549976E-10
  9.   53.   0.12079303E-02   0.00000000E+00  -0.17173365E-01   0.15549976E-10
  9.   54.   0.78174905E-03  -0.17095969E-02  -0.44447941E-02   0.15549976E-10
  9.   55.  -0.42618123E-03  -0.13540291E-02   0.14872571E-01   0.15549976E-10
  9.   56.  -0.15634981E-02   0.35556781E-03   0.12143403E-01   0.15549976E-10
  9.   57.  -0.11373169E-02   0.13540291E-02  -0.85866825E-02   0.15549976E-10
  9.   58.   0.78174903E-03   0.99846127E-03  -0.16588197E-01   0.15549976E-10
  9.   59.   0.19190659E-02   0.21721727E-10  -0.45047628E-09   0.15549976E-10
  9.   60.   0.78174911E-03  -0.99846123E-03   0.16588197E-01   0.15549976E-10
  9.   61.  -0.11373168E-02  -0.13540291E-02   0.85866833E-02   0.15549976E-10
  9.   62.  -0.15634981E-02  -0.35556787E-03  -0.12143403E-01   0.15549976E-10
  9.   63.  -0.42618129E-03   0.13540290E-02  -0.14872571E-01   0.15549976E-10
  9.   64.   0.78174902E-03   0.17095969E-02   0.44447932E-02   0.15549976E-10
  9.   65.   0.12079303E-02   0.00000000E+00   0.17173365E-01   0.15549976E-10
  9.   66.  -0.12079303E-02   0.00000000E+00  -0.17173365E-01   0.15549976E-10
  9.   67.  -0.78174905E-03   0.17095969E-02  -0.44447941E-02   0.15549976E-10
  9.   68.   0.42618123E-03   0.13540291E-02   0.14872571E-01   0.15549976E-10
  9.   69.   0.15634981E-02  -0.35556781E-03   0.12143403E-01   0.15549976E-10
  9.   70.   0.11373169E-02  -0.13540291E-02  -0.85866825E-02   0.15549976E-10
  9.   71.  -0.78174903E-03  -0.99846127E-03  -0.16588197E-01   0.15549976E-10
  9.   72.  -0.19190659E-02  -0.21678591E-10  -0.45046821E-09   0.15549976E-10
  9.   73.  -0.78174911E-03   0.99846123E-03   0.16588197E-01   0.15549976E-10
  9.   74.   0.11373168E-02   0.13540291E-02   0.85866833E-02   0.15549976E-10
  9.   75.   0.15634981E-02   0.35556787E-03  -0.12143403E-01   0.15549976E-10
  9.   76.   0.42618129E-03  -0.13540290E-02  -0.14872571E-01   0.15549976E-10
  9.   77.  -0.78174902E-03  -0.17095969E-02   0.44447932E-02   0.15549976E-10
  9.   78.  -0.12079303E-02   0.00000000E+00   0.17173365E-01   0.15549976E-10
 10.    1.  -0.44519282E-03   0.00000000E+00   0.23011234E-02  -0.22171337E-09
 10.    2.  -0.45800313E-03   0.21964676E-03   0.19928313E-02  -0.22171337E-09
 10.    3.  -0.47917083E-03   0.38475541E-03   0.11505617E-02  -0.22171337E-09
 10.    4.  -0.46768384E-03   0.46768384E-03   0.11224069E-10  -0.22171337E-09
 10.    5.  -0.38475542E-03   0.47917084E-03  -0.11505617E-02  -0.22171337E-09
 10.    6.  -0.21964676E-03   0.45800313E-03  -0.19928313E-02  -0.22171337E-09
 10.    7.  -0.46045439E-11   0.44519282E-03  -0.23011234E-02  -0.22171337E-09
 10.    8.   0.21964676E-03   0.45800313E-03  -0.19928313E-02  -0.22171337E-09
 10.    9.   0.38475541E-03   0.47917083E-03  -0.11505617E-02  -0.22171337E-09
 10.   10.   0.46768384E-03   0.46768384E-03  -0.36747428E-10  -0.22171337E-09
 10.   11.   0.47917084E-03   0.38475542E-03   0.11505617E-02  -0.22171337E-09
 10.   12.   0.45800313E-03   0.21964677E-03   0.19928313E-02  -0.22171337E-09
 10.   13.   0.44519282E-03   0.00000000E+00   0.23011234E-02  -0.22171337E-09
 10.   14.  -0.36353760E-03   0.00000000E+00   0.64968788E-02  -0.22171337E-09
 10.   15.  -0.40791448E-03   0.30593702E-03   0.56264621E-02  -0.22171337E-09
 10.   16.  -0.50476923E-03   0.51074835E-03   0.32484394E-02  -0.22171337E-09
 10.   17.  -0.56722480E-03   0.56722480E-03   0.32807742E-10  -0.22171337E-09
 10.   18.  -0.51074835E-03   0.50476923E-03  -0.32484394E-02  -0.22171337E-09
 10.   19.  -0.30593702E-03   0.40791448E-03  -0.56264620E-02  -0.22171337E-09
 10.   20.  -0.65251545E-11   0.36353760E-03  -0.64968788E-02  -0.22171337E-09
 10.   21.   0.30593701E-03   0.40791447E-03  -0.56264621E-02  -0.22171337E-09
 10.   22.   0.51074835E-03   0.50476923E-03  -0.32484395E-02  -0.22171337E-09
 10.   23.   0.56722480E-03   0.56722480E-03  -0.10280355E-09  -0.22171337E-09
 10.   24.   0.50476923E-03   0.51074835E-03   0.32484393E-02  -0.22171337E-09
 10.   25.   0.40791448E-03   0.30593703E-03   0.56264620E-02  -0.22171337E-09
 10.   26.   0.36353760E-03   0.00000000E+00   0.64968788E-02  -0.22171337E-09
 10.   27.   0.31826358E-03   0.00000000E+00   0.69358081E-02  -0.22171337E-09
 10.   28.   0.19501012E-03   0.33714302E-03   0.60065860E-02  -0.22171337E-09
 10.   29.  -0.10050313E-03   0.49234011E-03   0.34679041E-02  -0.22171337E-09
 10.   30.  -0.38916726E-03   0.38916727E-03   0.35232403E-10  -0.22171337E-09
 10.   31.  -0.49234011E-03   0.10050314E-03  -0.34679040E-02  -0.22171337E-09
 10.   32.  -0.33714302E-03  -0.19501012E-03  -0.60065860E-02  -0.22171337E-09
 10.   33.  -0.73534873E-11  -0.31826358E-03  -0.69358081E-02  -0.22171337E-09
 10.   34.   0.33714301E-03  -0.19501013E-03  -0.60065861E-02  -0.22171337E-09
 10.   35.   0.49234011E-03   0.10050312E-03  -0.34679041E-02  -0.22171337E-09
 10.   36.   0.38916727E-03   0.38916726E-03  -0.10939277E-09  -0.22171337E-09
 10.   37.   0.10050315E-03   0.49234011E-03   0.34679039E-02  -0.22171337E-09
 10.   38.  -0.19501011E-03   0.33714303E-03   0.60065859E-02  -0.22171337E-09
 10.   39.  -0.31826358E-03   0.00000000E+00   0.69358081E-02  -0.22171337E-09
 10.   40.   0.89815233E-03   0.00000000E+00   0.11250666E-02  -0.22171337E-09
 10.   41.   0.74293396E-03   0.23260899E-03   0.97433623E-03  -0.22171337E-09
 10.   42.   0.36085425E-03   0.27313444E-03   0.56253329E-03  -0.22171337E-09
 10.   43.  -0.45817082E-04   0.45817088E-04   0.61346962E-11  -0.22171337E-09
 10.   44.  -0.27313444E-03  -0.36085424E-03  -0.56253328E-03  -0.22171337E-09
 10.   45.  -0.23260899E-03  -0.74293396E-03  -0.97433623E-03  -0.22171337E-09
 10.   46.  -0.53216670E-11  -0.89815233E-03  -0.11250666E-02  -0.22171337E-09
 10.   47.   0.23260898E-03  -0.74293397E-03  -0.97433624E-03  -0.22171337E-09
 10.   48.   0.27313444E-03  -0.36085426E-03  -0.56253330E-03  -0.22171337E-09
 10.   49.   0.45817095E-04   0.45817074E-04  -0.18038332E-10  -0.22171337E-09
 10.   50.  -0.36085423E-03   0.27313444E-03   0.56253327E-03  -0.22171337E-09
 10.   51.  -0.74293395E-03   0.23260900E-03   0.97433622E-03  -0.22171337E-09
 10.   52.  -0.89815233E-03   0.00000000E+00   0.11250666E-02  -0.22171337E-09
 10.   53.   0.97750826E-03   0.00000000E+00  -0.75312154E-02  -0.22171337E-09
 10.   54.   0.85918290E-03   0.64292147E-04  -0.65222238E-02  -0.22171337E-09
 10.   55.   0.56207265E-03   0.39698854E-05  -0.37656077E-02  -0.22171337E-09
 10.   56.   0.22665807E-03  -0.22665806E-03  -0.37383271E-10  -0.22171337E-09
 10.   57.  -0.39698839E-05  -0.56207264E-03   0.37656076E-02  -0.22171337E-09
 10.   58.  -0.64292147E-04  -0.85918290E-03   0.65222238E-02  -0.22171337E-09
 10.   59.  -0.16712826E-11  -0.97750826E-03   0.75312154E-02  -0.22171337E-09
 10.   60.   0.64292146E-04  -0.85918291E-03   0.65222239E-02  -0.22171337E-09
 10.   61.   0.39698896E-05  -0.56207265E-03   0.37656078E-02  -0.22171337E-09
 10.   62.  -0.22665805E-03  -0.22665807E-03   0.11809065E-09  -0.22171337E-09
 10.   63.  -0.56207263E-03   0.39698797E-05  -0.37656075E-02  -0.22171337E-09
 10.   64.  -0.85918290E-03   0.64292148E-04  -0.65222237E-02  -0.22171337E-09
 10.   65.  -0.97750826E-03   0.00000000E+00  -0.75312154E-02  -0.22171337E-09
 10.   66.  -0.97750826E-03   0.00000000E+00  -0.75312154E-02  -0.22171337E-09
 10.   67.  -0.85918290E-03  -0.64292147E-04  -0.65222238E-02  -0.22171337E-09
 10.   68.  -0.56207265E-03  -0.39698854E-05  -0.37656077E-02  -0.22171337E-09
 10.   69.  -0.22665807E-03   0.22665806E-03  -0.37393107E-10  -0.22171337E-09
 10.   70.   0.39698839E-05   0.56207264E-03   0.37656076E-02  -0.22171337E-09
 10.   71.   0.64292147E-04   0.85918290E-03   0.65222238E-02  -0.22171337E-09
 10.   72.   0.15806577E-11   0.97750826E-03   0.75312154E-02  -0.22171337E-09
 10.   73.  -0.64292146E-04   0.85918291E-03   0.65222239E-02  -0.22171337E-09
 10.   74.  -0.39698897E-05   0.56207265E-03   0.37656078E-02  -0.22171337E-09
 10.   75.   0.22665805E-03   0.22665807E-03   0.11807998E-09  -0.22171337E-09
 10.   76.   0.56207263E-03  -0.39698798E-05  -0.37656075E-02  -0.22171337E-09
 10.   77.   0.85918290E-03  -0.64292148E-04  -0.65222237E-02  -0.22171337E-09
 10.   78.   0.97750826E-03   0.00000000E+00  -0.75312154E-02  -0.22171337E-09
 11.    1.   0.16657090E-03   0.00000000E+00   0.15824157E-02   0.10000000E+01
 11.    2.   0.16089513E-03   0.43111721E-04   0.15824157E-02   0.10000000E+01
 11.    3.   0.14425463E-03   0.83285450E-04   0.15824157E-02   0.10000000E+01
 11.    4.   0.11778341E-03   0.11778341E-03   0.15824157E-02   0.10000000E+01
 11.    5.   0.83285450E-04   0.14425463E-03   0.15824157E-02   0.10000000E+01
 11.    6.   0.43111722E-04   0.16089513E-03   0.15824157E-02   0.10000000E+01
 11.    7.   0.86774555E-12   0.16657090E-03   0.15824157E-02   0.10000000E+01
 11.    8.  -0.43111720E-04   0.16089513E-03   0.15824157E-02   0.10000000E+01
 11.    9.  -0.83285449E-04   0.14425463E-03   0.15824157E-02   0.10000000E+01
 11.   10.  -0.11778341E-03   0.11778341E-03   0.15824157E-02   0.10000000E+01
 11.   11.  -0.14425463E-03   0.83285452E-04   0.15824157E-02   0.10000000E+01
 11.   12.  -0.16089513E-03   0.43111723E-04   0.15824157E-02   0.10000000E+01
 11.   13.  -0.16657090E-03   0.00000000E+00   0.15824157E-02   0.10000000E+01
 11.   14.   0.13391862E-03   0.00000000E+00   0.21292791E-03   0.10000000E+01
 11.   15.   0.12935545E-03   0.34660689E-04   0.21292791E-03   0.10000000E+01
 11.   16.   0.11597693E-03   0.66959310E-04   0.21292791E-03   0.10000000E+01
 11.   17.   0.94694765E-04   0.94694764E-04   0.21292791E-03   0.10000000E+01
 11.   18.   0.66959310E-04   0.11597693E-03   0.21292791E-03   0.10000000E+01
 11.   19.   0.34660690E-04   0.12935545E-03   0.21292791E-03   0.10000000E+01
 11.   20.   0.69219443E-12   0.13391862E-03   0.21292791E-03   0.10000000E+01
 11.   21.  -0.34660688E-04   0.12935545E-03   0.21292791E-03   0.10000000E+01
 11.   22.  -0.66959309E-04   0.11597693E-03   0.21292791E-03   0.10000000E+01
 11.   23.  -0.94694764E-04   0.94694765E-04   0.21292791E-03   0.10000000E+01
 11.   24.  -0.11597693E-03   0.66959311E-04   0.21292791E-03   0.10000000E+01
 11.   25.  -0.12935545E-03   0.34660691E-04   0.21292791E-03   0.10000000E+01
 11.   26.  -0.13391862E-03   0.00000000E+00   0.21292791E-03   0.10000000E+01
 11.   27.   0.22609098E-04   0.00000000E+00  -0.54304957E-03   0.10000000E+01
 11.   28.   0.21838712E-04   0.58516652E-05  -0.54304957E-03   0.10000000E+01
 11.   29.   0.19580053E-04   0.11304549E-04  -0.54304957E-03   0.10000000E+01
 11.   30.   0.15987047E-04   0.15987047E-04  -0.54304957E-03   0.10000000E+01
 11.   31.   0.11304549E-04   0.19580053E-04  -0.54304957E-03   0.10000000E+01
 11.   32.   0.58516653E-05   0.21838712E-04  -0.54304957E-03   0.10000000E+01
 11.   33.   0.12601171E-12   0.22609098E-04  -0.54304957E-03   0.10000000E+01
 11.   34.  -0.58516650E-05   0.21838712E-04  -0.54304957E-03   0.10000000E+01
 11.   35.  -0.11304549E-04   0.19580054E-04  -0.54304957E-03   0.10000000E+01
 11.   36.  -0.15987047E-04   0.15987047E-04  -0.54304957E-03   0.10000000E+01
 11.   37.  -0.19580053E-04   0.11304549E-04  -0.54304957E-03   0.10000000E+01
 11.   38.  -0.21838712E-04   0.58516655E-05  -0.54304957E-03   0.10000000E+01
 11.   39.  -0.22609098E-04   0.00000000E+00  -0.54304957E-03   0.10000000E+01
 11.   40.  -0.85885011E-04   0.00000000E+00  -0.20524291E-03   0.10000000E+01
 11.   41.  -0.82958550E-04  -0.22228676E-04  -0.20524291E-03   0.10000000E+01
 11.   42.  -0.74378601E-04  -0.42942505E-04  -0.20524291E-03   0.10000000E+01
 11.   43.  -0.60729874E-04  -0.60729873E-04  -0.20524291E-03   0.10000000E+01
 11.   44.  -0.42942506E-04  -0.74378601E-04  -0.20524291E-03   0.10000000E+01
 11.   45.  -0.22228677E-04  -0.82958550E-04  -0.20524291E-03   0.10000000E+01
 11.   46.  -0.44753217E-12  -0.85885011E-04  -0.20524291E-03   0.10000000E+01
 11.   47.   0.22228676E-04  -0.82958550E-04  -0.20524291E-03   0.10000000E+01
 11.   48.   0.42942505E-04  -0.74378602E-04  -0.20524291E-03   0.10000000E+01
 11.   49.   0.60729873E-04  -0.60729874E-04  -0.20524291E-03   0.10000000E+01
 11.   50.   0.74378601E-04  -0.42942506E-04  -0.20524291E-03   0.10000000E+01
 11.   51.   0.82958550E-04  -0.22228677E-04  -0.20524291E-03   0.10000000E+01
 11.   52.   0.85885011E-04   0.00000000E+00  -0.20524291E-03   0.10000000E+01
 11.   53.  -0.10498240E-03   0.00000000E+00   0.70699175E-03   0.10000000E+01
 11.   54.  -0.10140521E-03  -0.27171444E-04   0.70699175E-03   0.10000000E+01
 11.   55.  -0.90917423E-04  -0.52491199E-04   0.70699175E-03   0.10000000E+01
 11.   56.  -0.74233765E-04  -0.74233765E-04   0.70699175E-03   0.10000000E+01
 11.   57.  -0.52491199E-04  -0.90917423E-04   0.70699175E-03   0.10000000E+01
 11.   58.  -0.27171444E-04  -0.10140521E-03   0.70699175E-03   0.10000000E+01
 11.   59.  -0.54225132E-12  -0.10498240E-03   0.70699175E-03   0.10000000E+01
 11.   60.   0.27171443E-04  -0.10140521E-03   0.70699175E-03   0.10000000E+01
 11.   61.   0.52491198E-04  -0.90917423E-04   0.70699175E-03   0.10000000E+01
 11.   62.   0.74233764E-04  -0.74233765E-04   0.70699175E-03   0.10000000E+01
 11.   63.   0.90917422E-04  -0.52491199E-04   0.70699175E-03   0.10000000E+01
 11.   64.   0.10140521E-03  -0.27171445E-04   0.70699175E-03   0.10000000E+01
 11.   65.   0.10498240E-03   0.00000000E+00   0.70699175E-03   0.10000000E+01
 11.   66.   0.10498240E-03   0.00000000E+00   0.70699175E-03   0.10000000E+01
 11.   67.   0.10140521E-03   0.27171444E-04   0.70699175E-03   0.10000000E+01
 11.   68.   0.90917423E-04   0.52491199E-04   0.70699175E-03   0.10000000E+01
 11.   69.   0.74233765E-04   0.74233765E-04   0.70699175E-03   0.10000000E+01
 11.   70.   0.52491199E-04   0.90917423E-04   0.70699175E-03   0.10000000E+01
 11.   71.   0.27171444E-04   0.10140521E-03   0.70699175E-03   0.10000000E+01
 11.   72.   0.53477076E-12   0.10498240E-03   0.70699175E-03   0.10000000E+01
 11.   73.  -0.27171443E-04   0.10140521E-03   0.70699175E-03   0.10000000E+01
 11.   74.  -0.52491198E-04   0.90917423E-04   0.70699175E-03   0.10000000E+01
 11.   75.  -0.74233764E-04   0.74233765E-04   0.70699175E-03   0.10000000E+01
 11.   76.  -0.90917422E-04   0.52491199E-04   0.70699175E-03   0.10000000E+01
 11.   77.  -0.10140521E-03   0.27171445E-04   0.70699175E-03   0.10000000E+01
 11.   78.  -0.10498240E-03   0.00000000E+00   0.70699175E-03   0.10000000E+01
 12.    1.   0.16273082E-05   0.00000000E+00  -0.96704496E-06  -0.12713485E-08
 12.    2.   0.39991297E-06  -0.14924960E-05  -0.90162472E-12  -0.12713485E-08
 12.    3.  -0.14092905E-05  -0.81365432E-06   0.96704328E-06  -0.12713485E-08
 12.    4.  -0.10925830E-05   0.10925826E-05  -0.63645915E-12  -0.12713485E-08
 12.    5.   0.81365412E-06   0.14092902E-05  -0.96704455E-06  -0.12713485E-08
 12.    6.   0.14924959E-05  -0.39991330E-06  -0.39356757E-12  -0.12713485E-08
 12.    7.   0.18292933E-13  -0.16273086E-05   0.96704371E-06  -0.12713485E-08
 12.    8.  -0.14924960E-05  -0.39991340E-06  -0.32712757E-12  -0.12713485E-08
 12.    9.  -0.81365424E-06   0.14092901E-05  -0.96704455E-06  -0.12713485E-08
 12.   10.   0.10925829E-05   0.10925827E-05  -0.72983684E-12  -0.12713485E-08
 12.   11.   0.14092905E-05  -0.81365429E-06   0.96704316E-06  -0.12713485E-08
 12.   12.  -0.39991285E-06  -0.14924961E-05  -0.96053439E-12  -0.12713485E-08
 12.   13.  -0.16273082E-05   0.00000000E+00  -0.96704510E-06  -0.12713485E-08
 12.   14.   0.43754101E-04   0.00000000E+00  -0.12853957E-03  -0.12713485E-08
 12.   15.   0.12300990E-04  -0.45907920E-04  -0.12556377E-12  -0.12713485E-08
 12.   16.  -0.37892162E-04  -0.21877050E-04   0.12853957E-03  -0.12713485E-08
 12.   17.  -0.33606930E-04   0.33606929E-04   0.19727114E-11  -0.12713485E-08
 12.   18.   0.21877050E-04   0.37892163E-04  -0.12853957E-03  -0.12713485E-08
 12.   19.   0.45907920E-04  -0.12300989E-04  -0.15554488E-11  -0.12713485E-08
 12.   20.   0.12845976E-11  -0.43754100E-04   0.12853957E-03  -0.12713485E-08
 12.   21.  -0.45907919E-04  -0.12300992E-04   0.70440554E-11  -0.12713485E-08
 12.   22.  -0.21877052E-04   0.37892162E-04  -0.12853957E-03  -0.12713485E-08
 12.   23.   0.33606928E-04   0.33606931E-04  -0.54049787E-11  -0.12713485E-08
 12.   24.   0.37892164E-04  -0.21877048E-04   0.12853957E-03  -0.12713485E-08
 12.   25.  -0.12300988E-04  -0.45907920E-04   0.77069489E-11  -0.12713485E-08
 12.   26.  -0.43754101E-04   0.00000000E+00  -0.12853957E-03  -0.12713485E-08
 12.   27.   0.24936248E-03   0.00000000E+00  -0.12991090E-02  -0.12713485E-08
 12.   28.   0.79953193E-04  -0.29838938E-03  -0.11388275E-11  -0.12713485E-08
 12.   29.  -0.21595425E-03  -0.12468124E-03   0.12991090E-02  -0.12713485E-08
 12.   30.  -0.21843619E-03   0.21843618E-03   0.19770482E-10  -0.12713485E-08
 12.   31.   0.12468124E-03   0.21595425E-03  -0.12991090E-02  -0.12713485E-08
 12.   32.   0.29838938E-03  -0.79953190E-04  -0.20482799E-10  -0.12713485E-08
 12.   33.   0.82989396E-11  -0.24936248E-03   0.12991090E-02  -0.12713485E-08
 12.   34.  -0.29838937E-03  -0.79953201E-04   0.59937044E-10  -0.12713485E-08
 12.   35.  -0.12468125E-03   0.21595424E-03  -0.12991090E-02  -0.12713485E-08
 12.   36.   0.21843618E-03   0.21843619E-03  -0.61792989E-10  -0.12713485E-08
 12.   37.   0.21595425E-03  -0.12468123E-03   0.12991090E-02  -0.12713485E-08
 12.   38.  -0.79953181E-04  -0.29838938E-03   0.80539877E-10  -0.12713485E-08
 12.   39.  -0.24936248E-03   0.00000000E+00  -0.12991090E-02  -0.12713485E-08
 12.   40.   0.57212062E-03   0.00000000E+00  -0.49952955E-02  -0.12713485E-08
 12.   41.   0.22678725E-03  -0.84638154E-03  -0.14370981E-11  -0.12713485E-08
 12.   42.  -0.49547099E-03  -0.28606031E-03   0.49952955E-02  -0.12713485E-08
 12.   43.  -0.61959429E-03   0.61959428E-03   0.76440287E-10  -0.12713485E-08
 12.   44.   0.28606030E-03   0.49547100E-03  -0.49952955E-02  -0.12713485E-08
 12.   45.   0.84638154E-03  -0.22678724E-03  -0.78613165E-10  -0.12713485E-08
 12.   46.   0.24433450E-10  -0.57212062E-03   0.49952955E-02  -0.12713485E-08
 12.   47.  -0.84638153E-03  -0.22678727E-03   0.23342727E-09  -0.12713485E-08
 12.   48.  -0.28606034E-03   0.49547097E-03  -0.49952955E-02  -0.12713485E-08
 12.   49.   0.61959427E-03   0.61959430E-03  -0.23617871E-09  -0.12713485E-08
 12.   50.   0.49547102E-03  -0.28606027E-03   0.49952955E-02  -0.12713485E-08
 12.   51.  -0.22678722E-03  -0.84638154E-03   0.31150182E-09  -0.12713485E-08
 12.   52.  -0.57212062E-03   0.00000000E+00  -0.49952955E-02  -0.12713485E-08
 12.   53.   0.92009858E-03   0.00000000E+00  -0.11503343E-01  -0.12713485E-08
 12.   54.   0.39529645E-03  -0.14752664E-02  -0.38773659E-11  -0.12713485E-08
 12.   55.  -0.79682874E-03  -0.46004929E-03   0.11503343E-01  -0.12713485E-08
 12.   56.  -0.10799700E-02   0.10799700E-02   0.17308339E-09  -0.12713485E-08
 12.   57.   0.46004927E-03   0.79682876E-03  -0.11503343E-01  -0.12713485E-08
 12.   58.   0.14752664E-02  -0.39529644E-03  -0.18167248E-09  -0.12713485E-08
 12.   59.   0.43016200E-10  -0.92009858E-03   0.11503343E-01  -0.12713485E-08
 12.   60.  -0.14752664E-02  -0.39529648E-03   0.53782866E-09  -0.12713485E-08
 12.   61.  -0.46004935E-03   0.79682871E-03  -0.11503343E-01  -0.12713485E-08
 12.   62.   0.10799700E-02   0.10799700E-02  -0.54533731E-09  -0.12713485E-08
 12.   63.   0.79682879E-03  -0.46004922E-03   0.11503343E-01  -0.12713485E-08
 12.   64.  -0.39529641E-03  -0.14752664E-02   0.71551244E-09  -0.12713485E-08
 12.   65.  -0.92009858E-03   0.00000000E+00  -0.11503343E-01  -0.12713485E-08
 12.   66.  -0.92009858E-03   0.00000000E+00  -0.11503343E-01  -0.12713485E-08
 12.   67.  -0.39529645E-03   0.14752664E-02  -0.38655087E-11  -0.12713485E-08
 12.   68.   0.79682874E-03   0.46004929E-03   0.11503343E-01  -0.12713485E-08
 12.   69.   0.10799700E-02  -0.10799700E-02   0.17309500E-09  -0.12713485E-08
 12.   70.  -0.46004927E-03  -0.79682876E-03  -0.11503343E-01  -0.12713485E-08
 12.   71.  -0.14752664E-02   0.39529644E-03  -0.18166434E-09  -0.12713485E-08
 12.   72.  -0.43088032E-10   0.92009858E-03   0.11503343E-01  -0.12713485E-08
 12.   73.   0.14752664E-02   0.39529648E-03   0.53783159E-09  -0.12713485E-08
 12.   74.   0.46004935E-03  -0.79682871E-03  -0.11503343E-01  -0.12713485E-08
 12.   75.  -0.10799700E-02  -0.10799700E-02  -0.54536054E-09  -0.12713485E-08
 12.   76.  -0.79682879E-03   0.46004922E-03   0.11503343E-01  -0.12713485E-08
 12.   77.   0.39529641E-03   0.14752664E-02   0.71553632E-09  -0.12713485E-08
 12.   78.   0.92009858E-03   0.00000000E+00  -0.11503343E-01  -0.12713485E-08
 13.    1.  -0.18674329E-03   0.00000000E+00   0.49420546E-03   0.81212247E-09
 13.    2.  -0.17086878E-03   0.12749882E-03   0.34945603E-03   0.81212247E-09
 13.    3.  -0.11835447E-03   0.20499596E-03   0.68115319E-12   0.81212247E-09
 13.    4.  -0.24982827E-04   0.21172612E-03  -0.34945603E-03   0.81212247E-09
 13.    5.   0.93371644E-04   0.16172443E-03  -0.49420545E-03   0.81212247E-09
 13.    6.   0.19585161E-03   0.84227297E-04  -0.34945603E-03   0.81212247E-09
 13.    7.   0.23670894E-03   0.18093272E-11  -0.76861776E-11   0.81212247E-09
 13.    8.   0.19585161E-03  -0.84227294E-04   0.34945602E-03   0.81212247E-09
 13.    9.   0.93371649E-04  -0.16172443E-03   0.49420546E-03   0.81212247E-09
 13.   10.  -0.24982823E-04  -0.21172612E-03   0.34945604E-03   0.81212247E-09
 13.   11.  -0.11835447E-03  -0.20499596E-03   0.15611803E-10   0.81212247E-09
 13.   12.  -0.17086878E-03  -0.12749883E-03  -0.34945602E-03   0.81212247E-09
 13.   13.  -0.18674329E-03   0.00000000E+00  -0.49420545E-03   0.81212247E-09
 13.   14.  -0.35466420E-03   0.00000000E+00   0.31052199E-02   0.81212247E-09
 13.   15.  -0.34710619E-03   0.32645733E-03   0.21957220E-02   0.81212247E-09
 13.   16.  -0.28649935E-03   0.49623143E-03   0.32702881E-11   0.81212247E-09
 13.   17.  -0.10916725E-03   0.46383145E-03  -0.21957220E-02   0.81212247E-09
 13.   18.   0.17733210E-03   0.30714821E-03  -0.31052199E-02   0.81212247E-09
 13.   19.   0.45627344E-03   0.13737412E-03  -0.21957221E-02   0.81212247E-09
 13.   20.   0.57299869E-03   0.24329999E-11  -0.49045418E-10   0.81212247E-09
 13.   21.   0.45627345E-03  -0.13737411E-03   0.21957220E-02   0.81212247E-09
 13.   22.   0.17733211E-03  -0.30714820E-03   0.31052199E-02   0.81212247E-09
 13.   23.  -0.10916724E-03  -0.46383144E-03   0.21957221E-02   0.81212247E-09
 13.   24.  -0.28649934E-03  -0.49623143E-03   0.94026157E-10   0.81212247E-09
 13.   25.  -0.34710619E-03  -0.32645734E-03  -0.21957220E-02   0.81212247E-09
 13.   26.  -0.35466420E-03   0.00000000E+00  -0.31052199E-02   0.81212247E-09
 13.   27.   0.43083064E-04   0.00000000E+00   0.49928176E-02   0.81212247E-09
 13.   28.  -0.78955148E-04   0.41236974E-03   0.35304552E-02   0.81212247E-09
 13.   29.  -0.29610357E-03   0.51286642E-03   0.56107953E-11   0.81212247E-09
 13.   30.  -0.31764510E-03   0.27456204E-03  -0.35304552E-02   0.81212247E-09
 13.   31.  -0.21541536E-04  -0.37311025E-04  -0.49928176E-02   0.81212247E-09
 13.   32.   0.39660024E-03  -0.13780771E-03  -0.35304552E-02   0.81212247E-09
 13.   33.   0.59220714E-03  -0.38716888E-11  -0.77805073E-10   0.81212247E-09
 13.   34.   0.39660026E-03   0.13780771E-03   0.35304551E-02   0.81212247E-09
 13.   35.  -0.21541520E-04   0.37311035E-04   0.49928176E-02   0.81212247E-09
 13.   36.  -0.31764510E-03  -0.27456203E-03   0.35304553E-02   0.81212247E-09
 13.   37.  -0.29610357E-03  -0.51286642E-03   0.15109882E-09   0.81212247E-09
 13.   38.  -0.78955157E-04  -0.41236976E-03  -0.35304551E-02   0.81212247E-09
 13.   39.   0.43083064E-04   0.00000000E+00  -0.49928176E-02   0.81212247E-09
 13.   40.   0.65479385E-03   0.00000000E+00   0.16422436E-02   0.81212247E-09
 13.   41.   0.42114647E-03   0.21719007E-03   0.11612416E-02   0.81212247E-09
 13.   42.  -0.71268426E-04   0.12344054E-03   0.16632263E-11   0.81212247E-09
 13.   43.  -0.39866535E-03  -0.25612850E-03  -0.11612416E-02   0.81212247E-09
 13.   44.  -0.32739693E-03  -0.56706811E-03  -0.16422436E-02   0.81212247E-09
 13.   45.  -0.22481115E-04  -0.47331858E-03  -0.11612416E-02   0.81212247E-09
 13.   46.   0.14253685E-03  -0.11036324E-10  -0.25636926E-10   0.81212247E-09
 13.   47.  -0.22481103E-04   0.47331856E-03   0.11612416E-02   0.81212247E-09
 13.   48.  -0.32739692E-03   0.56706812E-03   0.16422436E-02   0.81212247E-09
 13.   49.  -0.39866536E-03   0.25612851E-03   0.11612416E-02   0.81212247E-09
 13.   50.  -0.71268445E-04  -0.12344052E-03   0.49521113E-10   0.81212247E-09
 13.   51.   0.42114645E-03  -0.21719008E-03  -0.11612416E-02   0.81212247E-09
 13.   52.   0.65479385E-03   0.00000000E+00  -0.16422436E-02   0.81212247E-09
 13.   53.   0.78361673E-03   0.00000000E+00  -0.51219216E-02   0.81212247E-09
 13.   54.   0.59377211E-03  -0.75106993E-04  -0.36217455E-02   0.81212247E-09
 13.   55.   0.15996687E-03  -0.27707074E-03  -0.47248574E-11   0.81212247E-09
 13.   56.  -0.23184149E-03  -0.55177523E-03   0.36217455E-02   0.81212247E-09
 13.   57.  -0.39180836E-03  -0.67863199E-03   0.51219216E-02   0.81212247E-09
 13.   58.  -0.36193062E-03  -0.47666824E-03   0.36217455E-02   0.81212247E-09
 13.   59.  -0.31993374E-03  -0.10727202E-10   0.80592922E-10   0.81212247E-09
 13.   60.  -0.36193062E-03   0.47666823E-03  -0.36217454E-02   0.81212247E-09
 13.   61.  -0.39180836E-03   0.67863199E-03  -0.51219216E-02   0.81212247E-09
 13.   62.  -0.23184150E-03   0.55177524E-03  -0.36217456E-02   0.81212247E-09
 13.   63.   0.15996685E-03   0.27707076E-03  -0.15433918E-09   0.81212247E-09
 13.   64.   0.59377210E-03   0.75106998E-04   0.36217454E-02   0.81212247E-09
 13.   65.   0.78361673E-03   0.00000000E+00   0.51219216E-02   0.81212247E-09
 13.   66.  -0.78361673E-03   0.00000000E+00  -0.51219216E-02   0.81212247E-09
 13.   67.  -0.59377211E-03   0.75106993E-04  -0.36217455E-02   0.81212247E-09
 13.   68.  -0.15996687E-03   0.27707074E-03  -0.47070805E-11   0.81212247E-09
 13.   69.   0.23184149E-03   0.55177523E-03   0.36217455E-02   0.81212247E-09
 13.   70.   0.39180836E-03   0.67863199E-03   0.51219216E-02   0.81212247E-09
 13.   71.   0.36193062E-03   0.47666824E-03   0.36217455E-02   0.81212247E-09
 13.   72.   0.31993374E-03   0.10653704E-10   0.80584490E-10   0.81212247E-09
 13.   73.   0.36193062E-03  -0.47666823E-03  -0.36217454E-02   0.81212247E-09
 13.   74.   0.39180836E-03  -0.67863199E-03  -0.51219216E-02   0.81212247E-09
 13.   75.   0.23184150E-03  -0.55177524E-03  -0.36217456E-02   0.81212247E-09
 13.   76.  -0.15996685E-03  -0.27707076E-03  -0.15433249E-09   0.81212247E-09
 13.   77.  -0.59377210E-03  -0.75106998E-04   0.36217454E-02   0.81212247E-09
 13.   78.  -0.78361673E-03   0.00000000E+00   0.51219216E-02   0.81212247E-09
 14.    1.   0.36083300E-03   0.00000000E+00   0.74569604E-02  -0.20162835E-09
 14.    2.   0.27682126E-03   0.31353611E-03   0.72028707E-02  -0.20162835E-09
 14.    3.   0.47296898E-04   0.54306047E-03   0.64579172E-02  -0.20162835E-09
 14.    4.  -0.26623921E-03   0.62707221E-03   0.52728673E-02  -0.20162835E-09
 14.    5.  -0.57977531E-03   0.54306047E-03   0.37284802E-02  -0.20162835E-09
 14.    6.  -0.80929968E-03   0.31353611E-03   0.19300034E-02  -0.20162835E-09
 14.    7.  -0.89331142E-03   0.65319439E-11   0.38969600E-10  -0.20162835E-09
 14.    8.  -0.80929968E-03  -0.31353610E-03  -0.19300033E-02  -0.20162835E-09
 14.    9.  -0.57977532E-03  -0.54306046E-03  -0.37284802E-02  -0.20162835E-09
 14.   10.  -0.26623922E-03  -0.62707221E-03  -0.52728672E-02  -0.20162835E-09
 14.   11.   0.47296887E-04  -0.54306047E-03  -0.64579171E-02  -0.20162835E-09
 14.   12.   0.27682125E-03  -0.31353612E-03  -0.72028706E-02  -0.20162835E-09
 14.   13.   0.36083300E-03   0.00000000E+00  -0.74569604E-02  -0.20162835E-09
 14.   14.   0.67186720E-03   0.00000000E+00   0.32533780E-02  -0.20162835E-09
 14.   15.   0.61343557E-03   0.21806980E-03   0.31425218E-02  -0.20162835E-09
 14.   16.   0.45379740E-03   0.37770797E-03   0.28175080E-02  -0.20162835E-09
 14.   17.   0.23572760E-03   0.43613960E-03   0.23004856E-02  -0.20162835E-09
 14.   18.   0.17657803E-04   0.37770797E-03   0.16266890E-02  -0.20162835E-09
 14.   19.  -0.14198037E-03   0.21806980E-03   0.84203619E-03  -0.20162835E-09
 14.   20.  -0.20041200E-03   0.45923388E-11   0.17104470E-10  -0.20162835E-09
 14.   21.  -0.14198037E-03  -0.21806979E-03  -0.84203616E-03  -0.20162835E-09
 14.   22.   0.17657795E-04  -0.37770797E-03  -0.16266890E-02  -0.20162835E-09
 14.   23.   0.23572759E-03  -0.43613960E-03  -0.23004856E-02  -0.20162835E-09
 14.   24.   0.45379739E-03  -0.37770797E-03  -0.28175080E-02  -0.20162835E-09
 14.   25.   0.61343556E-03  -0.21806981E-03  -0.31425218E-02  -0.20162835E-09
 14.   26.   0.67186720E-03   0.00000000E+00  -0.32533780E-02  -0.20162835E-09
 14.   27.   0.36510966E-03   0.00000000E+00  -0.22501490E-02  -0.20162835E-09
 14.   28.   0.34659993E-03   0.69079245E-04  -0.21734770E-02  -0.20162835E-09
 14.   29.   0.29603042E-03   0.11964876E-03  -0.19486862E-02  -0.20162835E-09
 14.   30.   0.22695117E-03   0.13815849E-03  -0.15910956E-02  -0.20162835E-09
 14.   31.   0.15787193E-03   0.11964876E-03  -0.11250745E-02  -0.20162835E-09
 14.   32.   0.10730241E-03   0.69079246E-04  -0.58238142E-03  -0.20162835E-09
 14.   33.   0.88792682E-04   0.14698849E-11  -0.11846497E-10  -0.20162835E-09
 14.   34.   0.10730241E-03  -0.69079243E-04   0.58238140E-03  -0.20162835E-09
 14.   35.   0.15787193E-03  -0.11964876E-03   0.11250745E-02  -0.20162835E-09
 14.   36.   0.22695117E-03  -0.13815849E-03   0.15910956E-02  -0.20162835E-09
 14.   37.   0.29603042E-03  -0.11964876E-03   0.19486862E-02  -0.20162835E-09
 14.   38.   0.34659993E-03  -0.69079248E-04   0.21734770E-02  -0.20162835E-09
 14.   39.   0.36510966E-03   0.00000000E+00   0.22501490E-02  -0.20162835E-09
 14.   40.  -0.44918131E-03   0.00000000E+00  -0.17216787E-02  -0.20162835E-09
 14.   41.  -0.41575613E-03  -0.12474449E-03  -0.16630139E-02  -0.20162835E-09
 14.   42.  -0.32443682E-03  -0.21606380E-03  -0.14910174E-02  -0.20162835E-09
 14.   43.  -0.19969233E-03  -0.24948898E-03  -0.12174107E-02  -0.20162835E-09
 14.   44.  -0.74947841E-04  -0.21606380E-03  -0.86083933E-03  -0.20162835E-09
 14.   45.   0.16371465E-04  -0.12474449E-03  -0.44560323E-03  -0.20162835E-09
 14.   46.   0.49796651E-04  -0.26045257E-11  -0.89743298E-11  -0.20162835E-09
 14.   47.   0.16371468E-04   0.12474449E-03   0.44560321E-03  -0.20162835E-09
 14.   48.  -0.74947836E-04   0.21606379E-03   0.86083931E-03  -0.20162835E-09
 14.   49.  -0.19969233E-03   0.24948898E-03   0.12174106E-02  -0.20162835E-09
 14.   50.  -0.32443682E-03   0.21606380E-03   0.14910174E-02  -0.20162835E-09
 14.   51.  -0.41575612E-03   0.12474450E-03   0.16630139E-02  -0.20162835E-09
 14.   52.  -0.44918131E-03   0.00000000E+00   0.17216787E-02  -0.20162835E-09
 14.   53.  -0.65701547E-03   0.00000000E+00   0.37526526E-02  -0.20162835E-09
 14.   54.  -0.61813793E-03  -0.14509298E-03   0.36247841E-02  -0.20162835E-09
 14.   55.  -0.51192250E-03  -0.25130841E-03   0.32498925E-02  -0.20162835E-09
 14.   56.  -0.36682952E-03  -0.29018595E-03   0.26535261E-02  -0.20162835E-09
 14.   57.  -0.22173654E-03  -0.25130841E-03   0.18763263E-02  -0.20162835E-09
 14.   58.  -0.11552111E-03  -0.14509298E-03   0.97125798E-03  -0.20162835E-09
 14.   59.  -0.76643565E-04  -0.30193053E-11   0.19702389E-10  -0.20162835E-09
 14.   60.  -0.11552111E-03   0.14509297E-03  -0.97125794E-03  -0.20162835E-09
 14.   61.  -0.22173654E-03   0.25130841E-03  -0.18763263E-02  -0.20162835E-09
 14.   62.  -0.36682951E-03   0.29018595E-03  -0.26535261E-02  -0.20162835E-09
 14.   63.  -0.51192249E-03   0.25130841E-03  -0.32498925E-02  -0.20162835E-09
 14.   64.  -0.61813792E-03   0.14509298E-03  -0.36247841E-02  -0.20162835E-09
 14.   65.  -0.65701547E-03   0.00000000E+00  -0.37526526E-02  -0.20162835E-09
 14.   66.   0.65701547E-03   0.00000000E+00   0.37526526E-02  -0.20162835E-09
 14.   67.   0.61813793E-03   0.14509298E-03   0.36247841E-02  -0.20162835E-09
 14.   68.   0.51192250E-03   0.25130841E-03   0.32498925E-02  -0.20162835E-09
 14.   69.   0.36682952E-03   0.29018595E-03   0.26535261E-02  -0.20162835E-09
 14.   70.   0.22173654E-03   0.25130841E-03   0.18763263E-02  -0.20162835E-09
 14.   71.   0.11552111E-03   0.14509298E-03   0.97125798E-03  -0.20162835E-09
 14.   72.   0.76643565E-04   0.30412760E-11   0.19704370E-10  -0.20162835E-09
 14.   73.   0.11552111E-03  -0.14509297E-03  -0.97125794E-03  -0.20162835E-09
 14.   74.   0.22173654E-03  -0.25130841E-03  -0.18763263E-02  -0.20162835E-09
 14.   75.   0.36682951E-03  -0.29018595E-03  -0.26535261E-02  -0.20162835E-09
 14.   76.   0.51192249E-03  -0.25130841E-03  -0.32498925E-02  -0.20162835E-09
 14.   77.   0.61813792E-03  -0.14509298E-03  -0.36247841E-02  -0.20162835E-09
 14.   78.   0.65701547E-03   0.00000000E+00  -0.37526526E-02  -0.20162835E-09
 15.    1.   0.33333020E-06   0.00000000E+00  -0.13889634E-06   0.37530814E-09
 15.    2.  -0.55951043E-08  -0.31244903E-06   0.35949275E-07   0.37530814E-09
 15.    3.  -0.32773512E-06  -0.96909767E-08   0.12028806E-06   0.37530814E-09
 15.    4.   0.11190194E-07   0.32214003E-06  -0.98214654E-07   0.37530814E-09
 15.    5.   0.31654492E-06   0.96910062E-08  -0.69448290E-07   0.37530814E-09
 15.    6.  -0.55951041E-08  -0.33183096E-06   0.13416371E-06   0.37530814E-09
 15.    7.  -0.31094985E-06   0.22424836E-13  -0.13706858E-12   0.37530814E-09
 15.    8.  -0.55951082E-08   0.33183102E-06  -0.13416401E-06   0.37530814E-09
 15.    9.   0.31654497E-06  -0.96909039E-08   0.69448075E-07   0.37530814E-09
 15.   10.   0.11190271E-07  -0.32213990E-06   0.98214695E-07   0.37530814E-09
 15.   11.  -0.32773507E-06   0.96910885E-08  -0.12028767E-06   0.37530814E-09
 15.   12.  -0.55951455E-08   0.31244910E-06  -0.35948589E-07   0.37530814E-09
 15.   13.   0.33333016E-06   0.00000000E+00   0.13889712E-06   0.37530814E-09
 15.   14.   0.18457904E-04   0.00000000E+00  -0.46698900E-04   0.37530814E-09
 15.   15.   0.40474722E-06  -0.19968441E-04   0.12086565E-04   0.37530814E-09
 15.   16.  -0.18862651E-04   0.70104271E-06   0.40442434E-04   0.37530814E-09
 15.   17.  -0.80949471E-06   0.19267399E-04  -0.33021108E-04   0.37530814E-09
 15.   18.   0.19672146E-04  -0.70104243E-06  -0.23349451E-04   0.37530814E-09
 15.   19.   0.40474750E-06  -0.18566356E-04   0.45107673E-04   0.37530814E-09
 15.   20.  -0.20076893E-04  -0.63923400E-12   0.15969514E-11   0.37530814E-09
 15.   21.   0.40474625E-06   0.18566356E-04  -0.45107674E-04   0.37530814E-09
 15.   22.   0.19672146E-04   0.70104361E-06   0.23349447E-04   0.37530814E-09
 15.   23.  -0.80949345E-06  -0.19267398E-04   0.33021110E-04   0.37530814E-09
 15.   24.  -0.18862651E-04  -0.70104384E-06  -0.40442432E-04   0.37530814E-09
 15.   25.   0.40474607E-06   0.19968441E-04  -0.12086568E-04   0.37530814E-09
 15.   26.   0.18457904E-04   0.00000000E+00   0.46698900E-04   0.37530814E-09
 15.   27.   0.15216935E-03   0.00000000E+00  -0.68717559E-03   0.37530814E-09
 15.   28.   0.94562316E-05  -0.18746049E-03   0.17785413E-03   0.37530814E-09
 15.   29.  -0.16162559E-03   0.16378673E-04   0.59511152E-03   0.37530814E-09
 15.   30.  -0.18912466E-04   0.17108182E-03  -0.48590651E-03   0.37530814E-09
 15.   31.   0.18053805E-03  -0.16378671E-04  -0.34358781E-03   0.37530814E-09
 15.   32.   0.94562347E-05  -0.15470314E-03   0.66376065E-03   0.37530814E-09
 15.   33.  -0.18999428E-03  -0.46313516E-11   0.25464021E-10   0.37530814E-09
 15.   34.   0.94562225E-05   0.15470314E-03  -0.66376066E-03   0.37530814E-09
 15.   35.   0.18053805E-03   0.16378681E-04   0.34358776E-03   0.37530814E-09
 15.   36.  -0.18912455E-04  -0.17108182E-03   0.48590655E-03   0.37530814E-09
 15.   37.  -0.16162559E-03  -0.16378685E-04  -0.59511150E-03   0.37530814E-09
 15.   38.   0.94562223E-05   0.18746049E-03  -0.17785418E-03   0.37530814E-09
 15.   39.   0.15216935E-03   0.00000000E+00   0.68717559E-03   0.37530814E-09
 15.   40.   0.41728084E-03   0.00000000E+00  -0.32272350E-02   0.37530814E-09
 15.   41.   0.60265524E-04  -0.64219484E-03   0.83526989E-03   0.37530814E-09
 15.   42.  -0.47754637E-03   0.10438295E-03   0.27948675E-02   0.37530814E-09
 15.   43.  -0.12053106E-03   0.53781189E-03  -0.22819997E-02   0.37530814E-09
 15.   44.   0.59807741E-03  -0.10438294E-03  -0.16136176E-02   0.37530814E-09
 15.   45.   0.60265535E-04  -0.43342894E-03   0.31172697E-02   0.37530814E-09
 15.   46.  -0.65834294E-03  -0.11814918E-10   0.11819303E-09   0.37530814E-09
 15.   47.   0.60265493E-04   0.43342894E-03  -0.31172697E-02   0.37530814E-09
 15.   48.   0.59807742E-03   0.10438297E-03   0.16136174E-02   0.37530814E-09
 15.   49.  -0.12053102E-03  -0.53781188E-03   0.22819999E-02   0.37530814E-09
 15.   50.  -0.47754637E-03  -0.10438299E-03  -0.27948674E-02   0.37530814E-09
 15.   51.   0.60265499E-04   0.64219483E-03  -0.83527012E-03   0.37530814E-09
 15.   52.   0.41728084E-03   0.00000000E+00   0.32272350E-02   0.37530814E-09
 15.   53.   0.73185541E-03   0.00000000E+00  -0.81898260E-02   0.37530814E-09
 15.   54.   0.13101824E-03  -0.12208221E-02   0.21196829E-02   0.37530814E-09
 15.   55.  -0.86287365E-03   0.22693025E-03   0.70925974E-02   0.37530814E-09
 15.   56.  -0.26203650E-03   0.99389189E-03  -0.57910814E-02   0.37530814E-09
 15.   57.   0.11249101E-02  -0.22693024E-03  -0.40949131E-02   0.37530814E-09
 15.   58.   0.13101826E-03  -0.76696164E-03   0.79107644E-02   0.37530814E-09
 15.   59.  -0.12559284E-02  -0.20257474E-10   0.29958902E-09   0.37530814E-09
 15.   60.   0.13101818E-03   0.76696163E-03  -0.79107646E-02   0.37530814E-09
 15.   61.   0.11249101E-02   0.22693029E-03   0.40949126E-02   0.37530814E-09
 15.   62.  -0.26203643E-03  -0.99389187E-03   0.57910818E-02   0.37530814E-09
 15.   63.  -0.86287367E-03  -0.22693032E-03  -0.70925971E-02   0.37530814E-09
 15.   64.   0.13101820E-03   0.12208221E-02  -0.21196835E-02   0.37530814E-09
 15.   65.   0.73185540E-03   0.00000000E+00   0.81898260E-02   0.37530814E-09
 15.   66.  -0.73185541E-03   0.00000000E+00  -0.81898260E-02   0.37530814E-09
 15.   67.  -0.13101824E-03   0.12208221E-02   0.21196829E-02   0.37530814E-09
 15.   68.   0.86287365E-03  -0.22693025E-03   0.70925974E-02   0.37530814E-09
 15.   69.   0.26203650E-03  -0.99389189E-03  -0.57910814E-02   0.37530814E-09
 15.   70.  -0.11249101E-02   0.22693024E-03  -0.40949131E-02   0.37530814E-09
 15.   71.  -0.13101826E-03   0.76696164E-03   0.79107644E-02   0.37530814E-09
 15.   72.   0.12559284E-02   0.20166530E-10   0.29958803E-09   0.37530814E-09
 15.   73.  -0.13101818E-03  -0.76696163E-03  -0.79107646E-02   0.37530814E-09
 15.   74.  -0.11249101E-02  -0.22693029E-03   0.40949126E-02   0.37530814E-09
 15.   75.   0.26203643E-03   0.99389187E-03   0.57910818E-02   0.37530814E-09
 15.   76.   0.86287367E-03   0.22693032E-03  -0.70925971E-02   0.37530814E-09
 15.   77.  -0.13101820E-03  -0.12208221E-02  -0.21196835E-02   0.37530814E-09
 15.   78.  -0.73185540E-03   0.00000000E+00   0.81898260E-02   0.37530814E-09
 16.    1.   0.62497181E-04   0.00000000E+00  -0.10175181E-03   0.21017021E-09
 16.    2.   0.46500760E-04  -0.52807918E-04  -0.50875904E-04   0.21017021E-09
 16.    3.   0.44598339E-05  -0.70221840E-04   0.50875903E-04   0.21017021E-09
 16.    4.  -0.44192180E-04  -0.44192181E-04   0.10175181E-03   0.21017021E-09
 16.    5.  -0.70221840E-04   0.44598334E-05   0.50875904E-04   0.21017021E-09
 16.    6.  -0.52807918E-04   0.46500760E-04  -0.50875903E-04   0.21017021E-09
 16.    7.  -0.13083322E-11   0.62497181E-04  -0.10175181E-03   0.21017021E-09
 16.    8.   0.52807917E-04   0.46500761E-04  -0.50875907E-04   0.21017021E-09
 16.    9.   0.70221840E-04   0.44598355E-05   0.50875900E-04   0.21017021E-09
 16.   10.   0.44192182E-04  -0.44192179E-04   0.10175181E-03   0.21017021E-09
 16.   11.  -0.44598319E-05  -0.70221839E-04   0.50875907E-04   0.21017021E-09
 16.   12.  -0.46500759E-04  -0.52807919E-04  -0.50875899E-04   0.21017021E-09
 16.   13.  -0.62497181E-04   0.00000000E+00  -0.10175181E-03   0.21017021E-09
 16.   14.   0.25519697E-03   0.00000000E+00  -0.14800908E-02   0.21017021E-09
 16.   15.   0.20454231E-03  -0.27035960E-03  -0.74004539E-03   0.21017021E-09
 16.   16.   0.46539856E-04  -0.33580636E-03   0.74004539E-03   0.21017021E-09
 16.   17.  -0.18045151E-03  -0.18045151E-03   0.14800908E-02   0.21017021E-09
 16.   18.  -0.33580636E-03   0.46539853E-04   0.74004541E-03   0.21017021E-09
 16.   19.  -0.27035961E-03   0.20454231E-03  -0.74004538E-03   0.21017021E-09
 16.   20.  -0.62621584E-11   0.25519697E-03  -0.14800908E-02   0.21017021E-09
 16.   21.   0.27035960E-03   0.20454231E-03  -0.74004543E-03   0.21017021E-09
 16.   22.   0.33580637E-03   0.46539862E-04   0.74004535E-03   0.21017021E-09
 16.   23.   0.18045151E-03  -0.18045150E-03   0.14800908E-02   0.21017021E-09
 16.   24.  -0.46539847E-04  -0.33580636E-03   0.74004544E-03   0.21017021E-09
 16.   25.  -0.20454231E-03  -0.27035961E-03  -0.74004534E-03   0.21017021E-09
 16.   26.  -0.25519697E-03   0.00000000E+00  -0.14800908E-02   0.21017021E-09
 16.   27.   0.85924713E-04   0.00000000E+00  -0.35317507E-02   0.21017021E-09
 16.   28.   0.16618369E-03  -0.45421216E-03  -0.17658754E-02   0.21017021E-09
 16.   29.   0.20366689E-03  -0.43868611E-03   0.17658754E-02   0.21017021E-09
 16.   30.  -0.60757944E-04  -0.60757951E-04   0.35317507E-02   0.21017021E-09
 16.   31.  -0.43868611E-03   0.20366689E-03   0.17658754E-02   0.21017021E-09
 16.   32.  -0.45421216E-03   0.16618369E-03  -0.17658753E-02   0.21017021E-09
 16.   33.  -0.11153078E-10   0.85924713E-04  -0.35317507E-02   0.21017021E-09
 16.   34.   0.45421215E-03   0.16618368E-03  -0.17658755E-02   0.21017021E-09
 16.   35.   0.43868612E-03   0.20366689E-03   0.17658753E-02   0.21017021E-09
 16.   36.   0.60757959E-04  -0.60757936E-04   0.35317507E-02   0.21017021E-09
 16.   37.  -0.20366688E-03  -0.43868610E-03   0.17658755E-02   0.21017021E-09
 16.   38.  -0.16618369E-03  -0.45421217E-03  -0.17658752E-02   0.21017021E-09
 16.   39.  -0.85924714E-04   0.00000000E+00  -0.35317507E-02   0.21017021E-09
 16.   40.  -0.48487522E-03   0.00000000E+00  -0.16875431E-02   0.21017021E-09
 16.   41.  -0.19048102E-03  -0.22582215E-03  -0.84377157E-03   0.21017021E-09
 16.   42.   0.29437080E-03  -0.24989956E-04   0.84377157E-03   0.21017021E-09
 16.   43.   0.34285856E-03   0.34285856E-03   0.16875431E-02   0.21017021E-09
 16.   44.  -0.24989951E-04   0.29437080E-03   0.84377158E-03   0.21017021E-09
 16.   45.  -0.22582215E-03  -0.19048102E-03  -0.84377155E-03   0.21017021E-09
 16.   46.  -0.65360069E-11  -0.48487522E-03  -0.16875431E-02   0.21017021E-09
 16.   47.   0.22582215E-03  -0.19048104E-03  -0.84377161E-03   0.21017021E-09
 16.   48.   0.24989967E-04   0.29437079E-03   0.84377152E-03   0.21017021E-09
 16.   49.  -0.34285855E-03   0.34285857E-03   0.16875431E-02   0.21017021E-09
 16.   50.  -0.29437081E-03  -0.24989940E-04   0.84377163E-03   0.21017021E-09
 16.   51.   0.19048100E-03  -0.22582216E-03  -0.84377151E-03   0.21017021E-09
 16.   52.   0.48487522E-03   0.00000000E+00  -0.16875431E-02   0.21017021E-09
 16.   53.  -0.64407545E-03   0.00000000E+00   0.37266103E-02   0.21017021E-09
 16.   54.  -0.37929518E-03   0.17129065E-03   0.18633052E-02   0.21017021E-09
 16.   55.   0.14708141E-03   0.38932297E-03  -0.18633052E-02   0.21017021E-09
 16.   56.   0.45543012E-03   0.45543012E-03  -0.37266103E-02   0.21017021E-09
 16.   57.   0.38932298E-03   0.14708142E-03  -0.18633052E-02   0.21017021E-09
 16.   58.   0.17129065E-03  -0.37929518E-03   0.18633051E-02   0.21017021E-09
 16.   59.   0.29688739E-11  -0.64407545E-03   0.37266103E-02   0.21017021E-09
 16.   60.  -0.17129065E-03  -0.37929519E-03   0.18633053E-02   0.21017021E-09
 16.   61.  -0.38932297E-03   0.14708140E-03  -0.18633051E-02   0.21017021E-09
 16.   62.  -0.45543012E-03   0.45543012E-03  -0.37266103E-02   0.21017021E-09
 16.   63.  -0.14708143E-03   0.38932298E-03  -0.18633053E-02   0.21017021E-09
 16.   64.   0.37929516E-03   0.17129066E-03   0.18633050E-02   0.21017021E-09
 16.   65.   0.64407545E-03   0.00000000E+00   0.37266103E-02   0.21017021E-09
 16.   66.   0.64407545E-03   0.00000000E+00   0.37266103E-02   0.21017021E-09
 16.   67.   0.37929518E-03  -0.17129065E-03   0.18633052E-02   0.21017021E-09
 16.   68.  -0.14708141E-03  -0.38932297E-03  -0.18633052E-02   0.21017021E-09
 16.   69.  -0.45543012E-03  -0.45543012E-03  -0.37266103E-02   0.21017021E-09
 16.   70.  -0.38932298E-03  -0.14708142E-03  -0.18633052E-02   0.21017021E-09
 16.   71.  -0.17129065E-03   0.37929518E-03   0.18633051E-02   0.21017021E-09
 16.   72.  -0.27633322E-11   0.64407545E-03   0.37266103E-02   0.21017021E-09
 16.   73.   0.17129065E-03   0.37929519E-03   0.18633053E-02   0.21017021E-09
 16.   74.   0.38932297E-03  -0.14708140E-03  -0.18633051E-02   0.21017021E-09
 16.   75.   0.45543012E-03  -0.45543012E-03  -0.37266103E-02   0.21017021E-09
 16.   76.   0.14708143E-03  -0.38932298E-03  -0.18633053E-02   0.21017021E-09
 16.   77.  -0.37929516E-03  -0.17129066E-03   0.18633050E-02   0.21017021E-09
 16.   78.  -0.64407545E-03   0.00000000E+00   0.37266103E-02   0.21017021E-09
 17.    1.  -0.69631398E-07   0.00000000E+00   0.19995560E-07  -0.47515206E-10
 17.    2.   0.19316033E-07   0.62426973E-07  -0.99922718E-08  -0.47515206E-10
 17.    3.   0.57800356E-07  -0.30482679E-07  -0.99938006E-08  -0.47515206E-10
 17.    4.  -0.49237508E-07  -0.49235845E-07   0.19991241E-07  -0.47515206E-10
 17.    5.  -0.30484303E-07   0.57801604E-07  -0.99982913E-08  -0.47515206E-10
 17.    6.   0.62425917E-07   0.19316840E-07  -0.10000057E-07  -0.47515206E-10
 17.    7.  -0.11542401E-12  -0.69630780E-07   0.19986421E-07  -0.47515206E-10
 17.    8.  -0.62426101E-07   0.19316857E-07  -0.10000316E-07  -0.47515206E-10
 17.    9.   0.30484195E-07   0.57801687E-07  -0.99986207E-08  -0.47515206E-10
 17.   10.   0.49237454E-07  -0.49235668E-07   0.19991105E-07  -0.47515206E-10
 17.   11.  -0.57800323E-07  -0.30482476E-07  -0.99935685E-08  -0.47515206E-10
 17.   12.  -0.19316050E-07   0.62427127E-07  -0.99916177E-08  -0.47515206E-10
 17.   13.   0.69631325E-07   0.00000000E+00   0.19996381E-07  -0.47515206E-10
 17.   14.  -0.79936243E-05   0.00000000E+00   0.17779867E-04  -0.47515206E-10
 17.   15.   0.19098521E-05   0.83148335E-05  -0.88899256E-05  -0.47515206E-10
 17.   16.   0.72299439E-05  -0.45290051E-05  -0.88899276E-05  -0.47515206E-10
 17.   17.  -0.56523466E-05  -0.56523459E-05   0.17779862E-04  -0.47515206E-10
 17.   18.  -0.45290065E-05   0.72299441E-05  -0.88899331E-05  -0.47515206E-10
 17.   19.   0.83148326E-05   0.19098517E-05  -0.88899360E-05  -0.47515206E-10
 17.   20.   0.29500191E-12  -0.79936252E-05   0.17779856E-04  -0.47515206E-10
 17.   21.  -0.83148328E-05   0.19098510E-05  -0.88899346E-05  -0.47515206E-10
 17.   22.   0.45290059E-05   0.72299443E-05  -0.88899345E-05  -0.47515206E-10
 17.   23.   0.56523471E-05  -0.56523454E-05   0.17779861E-04  -0.47515206E-10
 17.   24.  -0.72299437E-05  -0.45290056E-05  -0.88899265E-05  -0.47515206E-10
 17.   25.  -0.19098527E-05   0.83148334E-05  -0.88899267E-05  -0.47515206E-10
 17.   26.   0.79936242E-05   0.00000000E+00   0.17779867E-04  -0.47515206E-10
 17.   27.  -0.95751584E-04   0.00000000E+00   0.38163865E-03  -0.47515206E-10
 17.   28.   0.19316502E-04   0.11288769E-03  -0.19081932E-03  -0.47515206E-10
 17.   29.   0.93482482E-04  -0.66164822E-04  -0.19081933E-03  -0.47515206E-10
 17.   30.  -0.67706593E-04  -0.67706596E-04   0.38163865E-03  -0.47515206E-10
 17.   31.  -0.66164824E-04   0.93482480E-04  -0.19081932E-03  -0.47515206E-10
 17.   32.   0.11288769E-03   0.19316503E-04  -0.19081933E-03  -0.47515206E-10
 17.   33.   0.45925797E-11  -0.95751585E-04   0.38163865E-03  -0.47515206E-10
 17.   34.  -0.11288769E-03   0.19316496E-04  -0.19081930E-03  -0.47515206E-10
 17.   35.   0.66164817E-04   0.93482483E-04  -0.19081934E-03  -0.47515206E-10
 17.   36.   0.67706599E-04  -0.67706590E-04   0.38163865E-03  -0.47515206E-10
 17.   37.  -0.93482479E-04  -0.66164829E-04  -0.19081930E-03  -0.47515206E-10
 17.   38.  -0.19316509E-04   0.11288769E-03  -0.19081935E-03  -0.47515206E-10
 17.   39.   0.95751584E-04   0.00000000E+00   0.38163865E-03  -0.47515206E-10
 17.   40.  -0.31577839E-03   0.00000000E+00   0.21934802E-02  -0.47515206E-10
 17.   41.   0.38302474E-04   0.46709023E-03  -0.10967401E-02  -0.47515206E-10
 17.   42.   0.35736661E-03  -0.30319873E-03  -0.10967401E-02  -0.47515206E-10
 17.   43.  -0.22328904E-03  -0.22328905E-03   0.21934802E-02  -0.47515206E-10
 17.   44.  -0.30319874E-03   0.35736661E-03  -0.10967401E-02  -0.47515206E-10
 17.   45.   0.46709023E-03   0.38302481E-04  -0.10967402E-02  -0.47515206E-10
 17.   46.   0.19708629E-10  -0.31577839E-03   0.21934802E-02  -0.47515206E-10
 17.   47.  -0.46709024E-03   0.38302458E-04  -0.10967400E-02  -0.47515206E-10
 17.   48.   0.30319871E-03   0.35736661E-03  -0.10967402E-02  -0.47515206E-10
 17.   49.   0.22328906E-03  -0.22328902E-03   0.21934802E-02  -0.47515206E-10
 17.   50.  -0.35736660E-03  -0.30319875E-03  -0.10967400E-02  -0.47515206E-10
 17.   51.  -0.38302497E-04   0.46709022E-03  -0.10967403E-02  -0.47515206E-10
 17.   52.   0.31577839E-03   0.00000000E+00   0.21934802E-02  -0.47515206E-10
 17.   53.  -0.60321636E-03   0.00000000E+00   0.61210918E-02  -0.47515206E-10
 17.   54.   0.53313723E-04   0.96635500E-03  -0.30605459E-02  -0.47515206E-10
 17.   55.   0.72101467E-03  -0.64561768E-03  -0.30605459E-02  -0.47515206E-10
 17.   56.  -0.42653837E-03  -0.42653840E-03   0.61210918E-02  -0.47515206E-10
 17.   57.  -0.64561769E-03   0.72101467E-03  -0.30605458E-02  -0.47515206E-10
 17.   58.   0.96635500E-03   0.53313735E-04  -0.30605460E-02  -0.47515206E-10
 17.   59.   0.41209841E-10  -0.60321636E-03   0.61210918E-02  -0.47515206E-10
 17.   60.  -0.96635503E-03   0.53313692E-04  -0.30605456E-02  -0.47515206E-10
 17.   61.   0.64561764E-03   0.72101468E-03  -0.30605462E-02  -0.47515206E-10
 17.   62.   0.42653843E-03  -0.42653834E-03   0.61210918E-02  -0.47515206E-10
 17.   63.  -0.72101466E-03  -0.64561773E-03  -0.30605455E-02  -0.47515206E-10
 17.   64.  -0.53313766E-04   0.96635497E-03  -0.30605463E-02  -0.47515206E-10
 17.   65.   0.60321636E-03   0.00000000E+00   0.61210918E-02  -0.47515206E-10
 17.   66.   0.60321636E-03   0.00000000E+00   0.61210918E-02  -0.47515206E-10
 17.   67.  -0.53313723E-04  -0.96635500E-03  -0.30605459E-02  -0.47515206E-10
 17.   68.  -0.72101467E-03   0.64561768E-03  -0.30605459E-02  -0.47515206E-10
 17.   69.   0.42653837E-03   0.42653840E-03   0.61210918E-02  -0.47515206E-10
 17.   70.   0.64561769E-03  -0.72101467E-03  -0.30605458E-02  -0.47515206E-10
 17.   71.  -0.96635500E-03  -0.53313735E-04  -0.30605460E-02  -0.47515206E-10
 17.   72.  -0.41140194E-10   0.60321636E-03   0.61210918E-02  -0.47515206E-10
 17.   73.   0.96635503E-03  -0.53313692E-04  -0.30605456E-02  -0.47515206E-10
 17.   74.  -0.64561764E-03  -0.72101468E-03  -0.30605462E-02  -0.47515206E-10
 17.   75.  -0.42653843E-03   0.42653834E-03   0.61210918E-02  -0.47515206E-10
 17.   76.   0.72101466E-03   0.64561773E-03  -0.30605455E-02  -0.47515206E-10
 17.   77.   0.53313766E-04  -0.96635497E-03  -0.30605463E-02  -0.47515206E-10
 17.   78.  -0.60321636E-03   0.00000000E+00   0.61210918E-02  -0.47515206E-10
 18.    1.   0.17467325E-03   0.00000000E+00  -0.23773721E-02  -0.11408648E-09
 18.    2.   0.22673743E-03  -0.26172752E-03  -0.20588646E-02  -0.11408648E-09
 18.    3.   0.34539688E-03  -0.42357170E-03  -0.11886860E-02  -0.11408648E-09
 18.    4.   0.44051810E-03  -0.44051810E-03  -0.12424853E-10  -0.11408648E-09
 18.    5.   0.42357170E-03  -0.34539688E-03   0.11886860E-02  -0.11408648E-09
 18.    6.   0.26172752E-03  -0.22673743E-03   0.20588646E-02  -0.11408648E-09
 18.    7.   0.53407892E-11  -0.17467325E-03   0.23773721E-02  -0.11408648E-09
 18.    8.  -0.26172752E-03  -0.22673743E-03   0.20588646E-02  -0.11408648E-09
 18.    9.  -0.42357169E-03  -0.34539688E-03   0.11886861E-02  -0.11408648E-09
 18.   10.  -0.44051811E-03  -0.44051810E-03   0.36786111E-10  -0.11408648E-09
 18.   11.  -0.34539688E-03  -0.42357170E-03  -0.11886860E-02  -0.11408648E-09
 18.   12.  -0.22673743E-03  -0.26172753E-03  -0.20588646E-02  -0.11408648E-09
 18.   13.  -0.17467325E-03   0.00000000E+00  -0.23773721E-02  -0.11408648E-09
 18.   14.  -0.20067090E-03   0.00000000E+00  -0.30313484E-02  -0.11408648E-09
 18.   15.  -0.11987245E-03  -0.22408785E-03  -0.26252247E-02  -0.11408648E-09
 18.   16.   0.73691420E-04  -0.32830818E-03  -0.15156742E-02  -0.11408648E-09
 18.   17.   0.26223334E-03  -0.26223334E-03  -0.14521293E-10  -0.11408648E-09
 18.   18.   0.32830818E-03  -0.73691422E-04   0.15156742E-02  -0.11408648E-09
 18.   19.   0.22408786E-03   0.11987245E-03   0.26252247E-02  -0.11408648E-09
 18.   20.   0.48517860E-11   0.20067090E-03   0.30313484E-02  -0.11408648E-09
 18.   21.  -0.22408785E-03   0.11987245E-03   0.26252247E-02  -0.11408648E-09
 18.   22.  -0.32830818E-03  -0.73691414E-04   0.15156742E-02  -0.11408648E-09
 18.   23.  -0.26223334E-03  -0.26223334E-03   0.47820346E-10  -0.11408648E-09
 18.   24.  -0.73691429E-04  -0.32830818E-03  -0.15156741E-02  -0.11408648E-09
 18.   25.   0.11987244E-03  -0.22408786E-03  -0.26252247E-02  -0.11408648E-09
 18.   26.   0.20067090E-03   0.00000000E+00  -0.30313484E-02  -0.11408648E-09
 18.   27.  -0.41440588E-03   0.00000000E+00   0.58160660E-03  -0.11408648E-09
 18.   28.  -0.35256345E-03  -0.70844381E-04   0.50368609E-03  -0.11408648E-09
 18.   29.  -0.19920547E-03  -0.69371892E-04   0.29080330E-03  -0.11408648E-09
 18.   30.  -0.32271958E-04   0.32271955E-04   0.34895323E-11  -0.11408648E-09
 18.   31.   0.69371891E-04   0.19920547E-03  -0.29080330E-03  -0.11408648E-09
 18.   32.   0.70844382E-04   0.35256345E-03  -0.50368609E-03  -0.11408648E-09
 18.   33.   0.18159170E-11   0.41440588E-03  -0.58160660E-03  -0.11408648E-09
 18.   34.  -0.70844380E-04   0.35256346E-03  -0.50368610E-03  -0.11408648E-09
 18.   35.  -0.69371893E-04   0.19920547E-03  -0.29080331E-03  -0.11408648E-09
 18.   36.   0.32271952E-04   0.32271960E-04  -0.89221413E-11  -0.11408648E-09
 18.   37.   0.19920546E-03  -0.69371890E-04   0.29080329E-03  -0.11408648E-09
 18.   38.   0.35256345E-03  -0.70844383E-04   0.50368609E-03  -0.11408648E-09
 18.   39.   0.41440588E-03   0.00000000E+00   0.58160660E-03  -0.11408648E-09
 18.   40.   0.25531860E-03   0.00000000E+00   0.15282599E-02  -0.11408648E-09
 18.   41.   0.20217547E-03   0.99783543E-04   0.13235119E-02  -0.11408648E-09
 18.   42.   0.72402029E-04   0.12991461E-03   0.76412997E-03  -0.11408648E-09
 18.   43.  -0.62305494E-04   0.62305496E-04   0.99488437E-11  -0.11408648E-09
 18.   44.  -0.12991461E-03  -0.72402027E-04  -0.76412996E-03  -0.11408648E-09
 18.   45.  -0.99783543E-04  -0.20217547E-03  -0.13235119E-02  -0.11408648E-09
 18.   46.  -0.21673513E-11  -0.25531860E-03  -0.15282599E-02  -0.11408648E-09
 18.   47.   0.99783540E-04  -0.20217548E-03  -0.13235119E-02  -0.11408648E-09
 18.   48.   0.12991461E-03  -0.72402033E-04  -0.76412999E-03  -0.11408648E-09
 18.   49.   0.62305498E-04   0.62305491E-04  -0.21985226E-10  -0.11408648E-09
 18.   50.  -0.72402024E-04   0.12991461E-03   0.76412994E-03  -0.11408648E-09
 18.   51.  -0.20217547E-03   0.99783546E-04   0.13235119E-02  -0.11408648E-09
 18.   52.  -0.25531860E-03   0.00000000E+00   0.15282599E-02  -0.11408648E-09
 18.   53.   0.51045565E-03   0.00000000E+00  -0.24769476E-02  -0.11408648E-09
 18.   54.   0.43971265E-03   0.66987958E-04  -0.21450996E-02  -0.11408648E-09
 18.   55.   0.26355616E-03   0.53962997E-04  -0.12384738E-02  -0.11408648E-09
 18.   56.   0.69438749E-04  -0.69438747E-04  -0.75731717E-11  -0.11408648E-09
 18.   57.  -0.53962998E-04  -0.26355615E-03   0.12384738E-02  -0.11408648E-09
 18.   58.  -0.66987956E-04  -0.43971265E-03   0.21450996E-02  -0.11408648E-09
 18.   59.  -0.17418457E-11  -0.51045565E-03   0.24769476E-02  -0.11408648E-09
 18.   60.   0.66987955E-04  -0.43971265E-03   0.21450996E-02  -0.11408648E-09
 18.   61.   0.53963000E-04  -0.26355616E-03   0.12384738E-02  -0.11408648E-09
 18.   62.  -0.69438743E-04  -0.69438754E-04   0.43421069E-10  -0.11408648E-09
 18.   63.  -0.26355615E-03   0.53962995E-04  -0.12384738E-02  -0.11408648E-09
 18.   64.  -0.43971264E-03   0.66987959E-04  -0.21450995E-02  -0.11408648E-09
 18.   65.  -0.51045565E-03   0.00000000E+00  -0.24769476E-02  -0.11408648E-09
 18.   66.  -0.51045565E-03   0.00000000E+00  -0.24769476E-02  -0.11408648E-09
 18.   67.  -0.43971265E-03  -0.66987958E-04  -0.21450996E-02  -0.11408648E-09
 18.   68.  -0.26355616E-03  -0.53962997E-04  -0.12384738E-02  -0.11408648E-09
 18.   69.  -0.69438749E-04   0.69438747E-04  -0.75693733E-11  -0.11408648E-09
 18.   70.   0.53962998E-04   0.26355615E-03   0.12384738E-02  -0.11408648E-09
 18.   71.   0.66987957E-04   0.43971265E-03   0.21450996E-02  -0.11408648E-09
 18.   72.   0.19116602E-11   0.51045565E-03   0.24769476E-02  -0.11408648E-09
 18.   73.  -0.66987955E-04   0.43971265E-03   0.21450996E-02  -0.11408648E-09
 18.   74.  -0.53963000E-04   0.26355616E-03   0.12384738E-02  -0.11408648E-09
 18.   75.   0.69438743E-04   0.69438754E-04   0.43386422E-10  -0.11408648E-09
 18.   76.   0.26355615E-03  -0.53962995E-04  -0.12384738E-02  -0.11408648E-09
 18.   77.   0.43971264E-03  -0.66987959E-04  -0.21450995E-02  -0.11408648E-09
 18.   78.   0.51045565E-03   0.00000000E+00  -0.24769476E-02  -0.11408648E-09
 19.    1.  -0.19097970E-04   0.00000000E+00   0.20756195E-04   0.18987967E-10
 19.    2.  -0.10028603E-04   0.18329285E-04   0.53720983E-05   0.18987967E-10
 19.    3.   0.90693669E-05   0.17370049E-04  -0.17975392E-04   0.18987967E-10
 19.    4.   0.20057205E-04  -0.95923570E-06  -0.14676847E-04   0.18987967E-10
 19.    5.   0.10987839E-04  -0.17370049E-04   0.10378097E-04   0.18987967E-10
 19.    6.  -0.10028603E-04  -0.16410814E-04   0.20048945E-04   0.18987967E-10
 19.    7.  -0.21016441E-04  -0.49696225E-12   0.25666963E-12   0.18987967E-10
 19.    8.  -0.10028603E-04   0.16410813E-04  -0.20048945E-04   0.18987967E-10
 19.    9.   0.10987838E-04   0.17370050E-04  -0.10378099E-04   0.18987967E-10
 19.   10.   0.20057206E-04   0.95923638E-06   0.14676845E-04   0.18987967E-10
 19.   11.   0.90693676E-05  -0.17370049E-04   0.17975392E-04   0.18987967E-10
 19.   12.  -0.10028602E-04  -0.18329286E-04  -0.53720978E-05   0.18987967E-10
 19.   13.  -0.19097970E-04   0.00000000E+00  -0.20756195E-04   0.18987967E-10
 19.   14.  -0.16356361E-03   0.00000000E+00   0.71598061E-03   0.18987967E-10
 19.   15.  -0.95465716E-04   0.19271930E-03   0.18530942E-03   0.18987967E-10
 19.   16.   0.68097889E-04   0.16535147E-03  -0.62005740E-03   0.18987967E-10
 19.   17.   0.19093143E-03  -0.27367825E-04  -0.50627475E-03   0.18987967E-10
 19.   18.   0.12283355E-03  -0.16535147E-03   0.35799030E-03   0.18987967E-10
 19.   19.  -0.95465714E-04  -0.13798365E-03   0.69158417E-03   0.18987967E-10
 19.   20.  -0.21829926E-03  -0.32061203E-11   0.18827069E-10   0.18987967E-10
 19.   21.  -0.95465723E-04   0.13798364E-03  -0.69158416E-03   0.18987967E-10
 19.   22.   0.12283354E-03   0.16535147E-03  -0.35799033E-03   0.18987967E-10
 19.   23.   0.19093143E-03   0.27367833E-04   0.50627473E-03   0.18987967E-10
 19.   24.   0.68097896E-04  -0.16535147E-03   0.62005742E-03   0.18987967E-10
 19.   25.  -0.95465711E-04  -0.19271930E-03  -0.18530938E-03   0.18987967E-10
 19.   26.  -0.16356361E-03   0.00000000E+00  -0.71598061E-03   0.18987967E-10
 19.   27.  -0.13787928E-03   0.00000000E+00   0.25002474E-02   0.18987967E-10
 19.   28.  -0.15697299E-03   0.44795189E-03   0.64711163E-03   0.18987967E-10
 19.   29.  -0.19093708E-04   0.27188520E-03  -0.21652777E-02   0.18987967E-10
 19.   30.   0.31394598E-03  -0.17606670E-03  -0.17679419E-02   0.18987967E-10
 19.   31.   0.33303969E-03  -0.27188520E-03   0.12501237E-02   0.18987967E-10
 19.   32.  -0.15697299E-03  -0.95818499E-04   0.24150535E-02   0.18987967E-10
 19.   33.  -0.49001268E-03  -0.10753391E-11   0.65434137E-10   0.18987967E-10
 19.   34.  -0.15697301E-03   0.95818492E-04  -0.24150535E-02   0.18987967E-10
 19.   35.   0.33303968E-03   0.27188519E-03  -0.12501238E-02   0.18987967E-10
 19.   36.   0.31394599E-03   0.17606671E-03   0.17679418E-02   0.18987967E-10
 19.   37.  -0.19093697E-04  -0.27188518E-03   0.21652778E-02   0.18987967E-10
 19.   38.  -0.15697299E-03  -0.44795190E-03  -0.64711151E-03   0.18987967E-10
 19.   39.  -0.13787928E-03   0.00000000E+00  -0.25002474E-02   0.18987967E-10
 19.   40.   0.36295829E-03   0.00000000E+00   0.15866630E-02   0.18987967E-10
 19.   41.   0.33652774E-04   0.23736443E-03   0.41065861E-03   0.18987967E-10
 19.   42.  -0.32930552E-03  -0.58288314E-04  -0.13740905E-02   0.18987967E-10
 19.   43.  -0.67305552E-04  -0.29565275E-03  -0.11219402E-02   0.18987967E-10
 19.   44.   0.26199997E-03   0.58288309E-04   0.79333150E-03   0.18987967E-10
 19.   45.   0.33652778E-04   0.35394106E-03   0.15325988E-02   0.18987967E-10
 19.   46.  -0.22834720E-03   0.10619030E-10   0.41457745E-10   0.18987967E-10
 19.   47.   0.33652762E-04  -0.35394106E-03  -0.15325988E-02   0.18987967E-10
 19.   48.   0.26199997E-03  -0.58288329E-04  -0.79333157E-03   0.18987967E-10
 19.   49.  -0.67305534E-04   0.29565274E-03   0.11219401E-02   0.18987967E-10
 19.   50.  -0.32930552E-03   0.58288331E-04   0.13740905E-02   0.18987967E-10
 19.   51.   0.33652753E-04  -0.23736443E-03  -0.41065853E-03   0.18987967E-10
 19.   52.   0.36295829E-03   0.00000000E+00  -0.15866630E-02   0.18987967E-10
 19.   53.   0.54088853E-03   0.00000000E+00  -0.28369773E-02   0.18987967E-10
 19.   54.   0.20634231E-03  -0.22919146E-03  -0.73426375E-03   0.18987967E-10
 19.   55.  -0.33454622E-03  -0.35739537E-03   0.24568944E-02   0.18987967E-10
 19.   56.  -0.41268463E-03  -0.12820391E-03   0.20060459E-02   0.18987967E-10
 19.   57.  -0.78138412E-04   0.35739536E-03  -0.14184886E-02   0.18987967E-10
 19.   58.   0.20634231E-03   0.48559928E-03  -0.27403096E-02   0.18987967E-10
 19.   59.   0.28448072E-03   0.12589418E-10  -0.74081211E-10   0.18987967E-10
 19.   60.   0.20634232E-03  -0.48559927E-03   0.27403096E-02   0.18987967E-10
 19.   61.  -0.78138397E-04  -0.35739538E-03   0.14184887E-02   0.18987967E-10
 19.   62.  -0.41268462E-03   0.12820389E-03  -0.20060458E-02   0.18987967E-10
 19.   63.  -0.33454623E-03   0.35739537E-03  -0.24568944E-02   0.18987967E-10
 19.   64.   0.20634229E-03   0.22919147E-03   0.73426360E-03   0.18987967E-10
 19.   65.   0.54088853E-03   0.00000000E+00   0.28369773E-02   0.18987967E-10
 19.   66.  -0.54088853E-03   0.00000000E+00  -0.28369773E-02   0.18987967E-10
 19.   67.  -0.20634231E-03   0.22919146E-03  -0.73426375E-03   0.18987967E-10
 19.   68.   0.33454622E-03   0.35739537E-03   0.24568944E-02   0.18987967E-10
 19.   69.   0.41268463E-03   0.12820391E-03   0.20060459E-02   0.18987967E-10
 19.   70.   0.78138412E-04  -0.35739536E-03  -0.14184886E-02   0.18987967E-10
 19.   71.  -0.20634231E-03  -0.48559928E-03  -0.27403096E-02   0.18987967E-10
 19.   72.  -0.28448072E-03  -0.12691819E-10  -0.74080744E-10   0.18987967E-10
 19.   73.  -0.20634232E-03   0.48559927E-03   0.27403096E-02   0.18987967E-10
 19.   74.   0.78138397E-04   0.35739538E-03   0.14184887E-02   0.18987967E-10
 19.   75.   0.41268462E-03  -0.12820389E-03  -0.20060458E-02   0.18987967E-10
 19.   76.   0.33454623E-03  -0.35739537E-03  -0.24568944E-02   0.18987967E-10
 19.   77.  -0.20634229E-03  -0.22919147E-03   0.73426360E-03   0.18987967E-10
 19.   78.  -0.54088853E-03   0.00000000E+00   0.28369773E-02   0.18987967E-10
 20.    1.  -0.38091287E-03   0.00000000E+00  -0.20318164E-02   0.99808851E+00
 20.    2.  -0.36793358E-03  -0.98587506E-04  -0.20318164E-02   0.99808851E+00
 20.    3.  -0.32988022E-03  -0.19045644E-03  -0.20318164E-02   0.99808851E+00
 20.    4.  -0.26934608E-03  -0.26934607E-03  -0.20318164E-02   0.99808851E+00
 20.    5.  -0.19045644E-03  -0.32988022E-03  -0.20318164E-02   0.99808851E+00
 20.    6.  -0.98587507E-04  -0.36793358E-03  -0.20318164E-02   0.99808851E+00
 20.    7.  -0.19210257E-11  -0.38091287E-03  -0.20318164E-02   0.99808851E+00
 20.    8.   0.98587503E-04  -0.36793358E-03  -0.20318164E-02   0.99808851E+00
 20.    9.   0.19045643E-03  -0.32988023E-03  -0.20318164E-02   0.99808851E+00
 20.   10.   0.26934607E-03  -0.26934608E-03  -0.20318164E-02   0.99808851E+00
 20.   11.   0.32988022E-03  -0.19045644E-03  -0.20318164E-02   0.99808851E+00
 20.   12.   0.36793358E-03  -0.98587510E-04  -0.20318164E-02   0.99808851E+00
 20.   13.   0.38091287E-03   0.00000000E+00  -0.20318164E-02   0.99808851E+00
 20.   14.  -0.14605415E-03   0.00000000E+00   0.65364681E-03   0.99808851E+00
 20.   15.  -0.14107748E-03  -0.37801597E-04   0.65364681E-03   0.99808851E+00
 20.   16.  -0.12648661E-03  -0.73027077E-04   0.65364681E-03   0.99808851E+00
 20.   17.  -0.10327588E-03  -0.10327588E-03   0.65364681E-03   0.99808851E+00
 20.   18.  -0.73027077E-04  -0.12648661E-03   0.65364681E-03   0.99808851E+00
 20.   19.  -0.37801597E-04  -0.14107748E-03   0.65364681E-03   0.99808851E+00
 20.   20.  -0.74747582E-12  -0.14605415E-03   0.65364681E-03   0.99808851E+00
 20.   21.   0.37801596E-04  -0.14107748E-03   0.65364681E-03   0.99808851E+00
 20.   22.   0.73027076E-04  -0.12648661E-03   0.65364681E-03   0.99808851E+00
 20.   23.   0.10327588E-03  -0.10327588E-03   0.65364681E-03   0.99808851E+00
 20.   24.   0.12648661E-03  -0.73027078E-04   0.65364681E-03   0.99808851E+00
 20.   25.   0.14107748E-03  -0.37801598E-04   0.65364681E-03   0.99808851E+00
 20.   26.   0.14605415E-03   0.00000000E+00   0.65364681E-03   0.99808851E+00
 20.   27.   0.17142764E-03   0.00000000E+00   0.20425319E-03   0.99808851E+00
 20.   28.   0.16558639E-03   0.44368739E-04   0.20425319E-03   0.99808851E+00
 20.   29.   0.14846069E-03   0.85713821E-04   0.20425319E-03   0.99808851E+00
 20.   30.   0.12121765E-03   0.12121765E-03   0.20425319E-03   0.99808851E+00
 20.   31.   0.85713822E-04   0.14846069E-03   0.20425319E-03   0.99808851E+00
 20.   32.   0.44368739E-04   0.16558639E-03   0.20425319E-03   0.99808851E+00
 20.   33.   0.86175172E-12   0.17142764E-03   0.20425319E-03   0.99808851E+00
 20.   34.  -0.44368737E-04   0.16558639E-03   0.20425319E-03   0.99808851E+00
 20.   35.  -0.85713820E-04   0.14846069E-03   0.20425319E-03   0.99808851E+00
 20.   36.  -0.12121765E-03   0.12121765E-03   0.20425319E-03   0.99808851E+00
 20.   37.  -0.14846069E-03   0.85713823E-04   0.20425319E-03   0.99808851E+00
 20.   38.  -0.16558639E-03   0.44368740E-04   0.20425319E-03   0.99808851E+00
 20.   39.  -0.17142764E-03   0.00000000E+00   0.20425319E-03   0.99808851E+00
 20.   40.  -0.59075412E-04   0.00000000E+00  -0.58724521E-03   0.99808851E+00
 20.   41.  -0.57062466E-04  -0.15289842E-04  -0.58724521E-03   0.99808851E+00
 20.   42.  -0.51160808E-04  -0.29537706E-04  -0.58724521E-03   0.99808851E+00
 20.   43.  -0.41772625E-04  -0.41772625E-04  -0.58724521E-03   0.99808851E+00
 20.   44.  -0.29537706E-04  -0.51160808E-04  -0.58724521E-03   0.99808851E+00
 20.   45.  -0.15289842E-04  -0.57062466E-04  -0.58724521E-03   0.99808851E+00
 20.   46.  -0.30082093E-12  -0.59075412E-04  -0.58724521E-03   0.99808851E+00
 20.   47.   0.15289841E-04  -0.57062467E-04  -0.58724521E-03   0.99808851E+00
 20.   48.   0.29537706E-04  -0.51160808E-04  -0.58724521E-03   0.99808851E+00
 20.   49.   0.41772624E-04  -0.41772625E-04  -0.58724521E-03   0.99808851E+00
 20.   50.   0.51160808E-04  -0.29537707E-04  -0.58724521E-03   0.99808851E+00
 20.   51.   0.57062466E-04  -0.15289842E-04  -0.58724521E-03   0.99808851E+00
 20.   52.   0.59075412E-04   0.00000000E+00  -0.58724521E-03   0.99808851E+00
 20.   53.  -0.19600107E-03   0.00000000E+00   0.84743357E-03   0.99808851E+00
 20.   54.  -0.18932249E-03  -0.50728809E-04   0.84743357E-03   0.99808851E+00
 20.   55.  -0.16974190E-03  -0.98000533E-04   0.84743357E-03   0.99808851E+00
 20.   56.  -0.13859368E-03  -0.13859368E-03   0.84743357E-03   0.99808851E+00
 20.   57.  -0.98000533E-04  -0.16974190E-03   0.84743357E-03   0.99808851E+00
 20.   58.  -0.50728809E-04  -0.18932249E-03   0.84743357E-03   0.99808851E+00
 20.   59.  -0.10063224E-11  -0.19600107E-03   0.84743357E-03   0.99808851E+00
 20.   60.   0.50728807E-04  -0.18932249E-03   0.84743357E-03   0.99808851E+00
 20.   61.   0.98000532E-04  -0.16974190E-03   0.84743357E-03   0.99808851E+00
 20.   62.   0.13859368E-03  -0.13859368E-03   0.84743357E-03   0.99808851E+00
 20.   63.   0.16974190E-03  -0.98000535E-04   0.84743357E-03   0.99808851E+00
 20.   64.   0.18932249E-03  -0.50728811E-04   0.84743357E-03   0.99808851E+00
 20.   65.   0.19600107E-03   0.00000000E+00   0.84743357E-03   0.99808851E+00
 20.   66.   0.19600107E-03   0.00000000E+00   0.84743357E-03   0.99808851E+00
 20.   67.   0.18932249E-03   0.50728809E-04   0.84743357E-03   0.99808851E+00
 20.   68.   0.16974190E-03   0.98000533E-04   0.84743357E-03   0.99808851E+00
 20.   69.   0.13859368E-03   0.13859368E-03   0.84743357E-03   0.99808851E+00
 20.   70.   0.98000533E-04   0.16974190E-03   0.84743357E-03   0.99808851E+00
 20.   71.   0.50728809E-04   0.18932249E-03   0.84743357E-03   0.99808851E+00
 20.   72.   0.98673164E-12   0.19600107E-03   0.84743357E-03   0.99808851E+00
 20.   73.  -0.50728807E-04   0.18932249E-03   0.84743357E-03   0.99808851E+00
 20.   74.  -0.98000532E-04   0.16974190E-03   0.84743357E-03   0.99808851E+00
 20.   75.  -0.13859368E-03   0.13859368E-03   0.84743357E-03   0.99808851E+00
 20.   76.  -0.16974190E-03   0.98000535E-04   0.84743357E-03   0.99808851E+00
 20.   77.  -0.18932249E-03   0.50728811E-04   0.84743357E-03   0.99808851E+00
 20.   78.  -0.19600107E-03   0.00000000E+00   0.84743357E-03   0.99808851E+00
 21.    1.   0.14650731E-07   0.00000000E+00  -0.27654733E-08  -0.44913344E-09
 21.    2.  -0.75883000E-08  -0.11706698E-07   0.19554150E-08  -0.44913344E-09
 21.    3.  -0.66070409E-08   0.11443722E-07   0.76492355E-14  -0.44913344E-09
 21.    4.   0.13932377E-07   0.71831750E-09  -0.19554356E-08  -0.44913344E-09
 21.    5.  -0.73254457E-08  -0.12687944E-07   0.27654084E-08  -0.44913344E-09
 21.    6.  -0.63441922E-08   0.12424938E-07  -0.19555621E-08  -0.44913344E-09
 21.    7.   0.13214035E-07  -0.10484958E-12  -0.16280139E-12  -0.44913344E-09
 21.    8.  -0.63441574E-08  -0.12425092E-07   0.19552952E-08  -0.44913344E-09
 21.    9.  -0.73253886E-08   0.12687838E-07  -0.27655908E-08  -0.44913344E-09
 21.   10.   0.13932428E-07  -0.71838018E-09   0.19552821E-08  -0.44913344E-09
 21.   11.  -0.66070361E-08  -0.11443771E-07  -0.19384374E-12  -0.44913344E-09
 21.   12.  -0.75882954E-08   0.11706630E-07  -0.19556747E-08  -0.44913344E-09
 21.   13.   0.14650785E-07   0.00000000E+00   0.27651944E-08  -0.44913344E-09
 21.   14.   0.35071391E-05   0.00000000E+00  -0.69669608E-05  -0.44913344E-09
 21.   15.  -0.16961505E-05  -0.32515620E-05   0.49263856E-05  -0.44913344E-09
 21.   16.  -0.19104411E-05   0.33089811E-05  -0.49373292E-14  -0.44913344E-09
 21.   17.   0.36640106E-05  -0.15687144E-06  -0.49263857E-05  -0.44913344E-09
 21.   18.  -0.17535695E-05  -0.30372716E-05   0.69669609E-05  -0.44913344E-09
 21.   19.  -0.19678601E-05   0.30946904E-05  -0.49263854E-05  -0.44913344E-09
 21.   20.   0.38208822E-05   0.13004982E-12  -0.20015966E-12  -0.44913344E-09
 21.   21.  -0.19678599E-05  -0.30946906E-05   0.49263861E-05  -0.44913344E-09
 21.   22.  -0.17535698E-05   0.30372714E-05  -0.69669607E-05  -0.44913344E-09
 21.   23.   0.36640105E-05   0.15687178E-06   0.49263854E-05  -0.44913344E-09
 21.   24.  -0.19104409E-05  -0.33089812E-05   0.66975201E-12  -0.44913344E-09
 21.   25.  -0.16961509E-05   0.32515619E-05  -0.49263861E-05  -0.44913344E-09
 21.   26.   0.35071390E-05   0.00000000E+00   0.69669609E-05  -0.44913344E-09
 21.   27.   0.61235115E-04   0.00000000E+00  -0.21850233E-03  -0.44913344E-09
 21.   28.  -0.27721267E-04  -0.63840270E-04   0.15450448E-03  -0.44913344E-09
 21.   29.  -0.38530371E-04   0.66736560E-04   0.60641154E-12  -0.44913344E-09
 21.   30.   0.69147929E-04  -0.79128122E-05  -0.15450448E-03  -0.44913344E-09
 21.   31.  -0.30617556E-04  -0.53031166E-04   0.21850233E-03  -0.44913344E-09
 21.   32.  -0.41426663E-04   0.55927456E-04  -0.15450448E-03  -0.44913344E-09
 21.   33.   0.77060742E-04   0.24742729E-11  -0.10398741E-10  -0.44913344E-09
 21.   34.  -0.41426658E-04  -0.55927458E-04   0.15450449E-03  -0.44913344E-09
 21.   35.  -0.30617562E-04   0.53031163E-04  -0.21850233E-03  -0.44913344E-09
 21.   36.   0.69147930E-04   0.79128179E-05   0.15450447E-03  -0.44913344E-09
 21.   37.  -0.38530367E-04  -0.66736563E-04   0.19716566E-10  -0.44913344E-09
 21.   38.  -0.27721271E-04   0.63840266E-04  -0.15450450E-03  -0.44913344E-09
 21.   39.   0.61235115E-04   0.00000000E+00   0.21850233E-03  -0.44913344E-09
 21.   40.   0.24422439E-03   0.00000000E+00  -0.15401394E-02  -0.44913344E-09
 21.   41.  -0.93447885E-04  -0.31848120E-03   0.10890430E-02  -0.44913344E-09
 21.   42.  -0.20042455E-03   0.34714551E-03   0.51456863E-11  -0.44913344E-09
 21.   43.   0.32253675E-03  -0.78312349E-04  -0.10890430E-02  -0.44913344E-09
 21.   44.  -0.12211219E-03  -0.21150453E-03   0.15401394E-02  -0.44913344E-09
 21.   45.  -0.22908887E-03   0.24016884E-03  -0.10890430E-02  -0.44913344E-09
 21.   46.   0.40084911E-03   0.93492414E-11  -0.72405148E-10  -0.44913344E-09
 21.   47.  -0.22908884E-03  -0.24016885E-03   0.10890431E-02  -0.44913344E-09
 21.   48.  -0.12211222E-03   0.21150452E-03  -0.15401394E-02  -0.44913344E-09
 21.   49.   0.32253676E-03   0.78312376E-04   0.10890429E-02  -0.44913344E-09
 21.   50.  -0.20042454E-03  -0.34714552E-03   0.13956638E-09  -0.44913344E-09
 21.   51.  -0.93447904E-04   0.31848118E-03  -0.10890431E-02  -0.44913344E-09
 21.   52.   0.24422439E-03   0.00000000E+00   0.15401394E-02  -0.44913344E-09
 21.   53.   0.50781943E-03   0.00000000E+00  -0.47197677E-02  -0.44913344E-09
 21.   54.  -0.18000910E-03  -0.71558539E-03   0.33373798E-02  -0.44913344E-09
 21.   55.  -0.45580996E-03   0.78948601E-03   0.15277918E-10  -0.44913344E-09
 21.   56.   0.70971967E-03  -0.20190023E-03  -0.33373799E-02  -0.44913344E-09
 21.   57.  -0.25390970E-03  -0.43978454E-03   0.47197677E-02  -0.44913344E-09
 21.   58.  -0.52971060E-03   0.51368515E-03  -0.33373797E-02  -0.44913344E-09
 21.   59.   0.91161992E-03   0.19131689E-10  -0.22239936E-09  -0.44913344E-09
 21.   60.  -0.52971054E-03  -0.51368516E-03   0.33373800E-02  -0.44913344E-09
 21.   61.  -0.25390977E-03   0.43978450E-03  -0.47197677E-02  -0.44913344E-09
 21.   62.   0.70971970E-03   0.20190029E-03   0.33373795E-02  -0.44913344E-09
 21.   63.  -0.45580993E-03  -0.78948603E-03   0.42762093E-09  -0.44913344E-09
 21.   64.  -0.18000914E-03   0.71558535E-03  -0.33373801E-02  -0.44913344E-09
 21.   65.   0.50781943E-03   0.00000000E+00   0.47197677E-02  -0.44913344E-09
 21.   66.  -0.50781943E-03   0.00000000E+00  -0.47197677E-02  -0.44913344E-09
 21.   67.   0.18000910E-03   0.71558539E-03   0.33373798E-02  -0.44913344E-09
 21.   68.   0.45580996E-03  -0.78948601E-03   0.15269489E-10  -0.44913344E-09
 21.   69.  -0.70971967E-03   0.20190023E-03  -0.33373799E-02  -0.44913344E-09
 21.   70.   0.25390970E-03   0.43978454E-03   0.47197677E-02  -0.44913344E-09
 21.   71.   0.52971060E-03  -0.51368515E-03  -0.33373797E-02  -0.44913344E-09
 21.   72.  -0.91161993E-03  -0.19267930E-10  -0.22239648E-09  -0.44913344E-09
 21.   73.   0.52971054E-03   0.51368516E-03   0.33373800E-02  -0.44913344E-09
 21.   74.   0.25390977E-03  -0.43978450E-03  -0.47197677E-02  -0.44913344E-09
 21.   75.  -0.70971970E-03  -0.20190029E-03   0.33373795E-02  -0.44913344E-09
 21.   76.   0.45580993E-03   0.78948603E-03   0.42762705E-09  -0.44913344E-09
 21.   77.   0.18000914E-03  -0.71558535E-03  -0.33373801E-02  -0.44913344E-09
 21.   78.  -0.50781943E-03   0.00000000E+00   0.47197677E-02  -0.44913344E-09
 22.    1.  -0.60844941E-01   0.00000000E+00  -0.28727128E-02  -0.86508836E-09
 22.    2.  -0.58628042E-01   0.15211693E-01  -0.24878423E-02  -0.86508836E-09
 22.    3.  -0.52212577E-01   0.29589896E-01  -0.14363564E-02  -0.86508836E-09
 22.    4.  -0.42238911E-01   0.42238911E-01  -0.21354179E-10  -0.86508836E-09
 22.    5.  -0.29589896E-01   0.52212577E-01   0.14363564E-02  -0.86508836E-09
 22.    6.  -0.15211693E-01   0.58628042E-01   0.24878422E-02  -0.86508836E-09
 22.    7.  -0.30491541E-09   0.60844941E-01   0.28727128E-02  -0.86508836E-09
 22.    8.   0.15211692E-01   0.58628042E-01   0.24878423E-02  -0.86508836E-09
 22.    9.   0.29589895E-01   0.52212577E-01   0.14363564E-02  -0.86508836E-09
 22.   10.   0.42238911E-01   0.42238912E-01   0.53568755E-10  -0.86508836E-09
 22.   11.   0.52212577E-01   0.29589896E-01  -0.14363563E-02  -0.86508836E-09
 22.   12.   0.58628042E-01   0.15211693E-01  -0.24878422E-02  -0.86508836E-09
 22.   13.   0.60844941E-01   0.00000000E+00  -0.28727128E-02  -0.86508836E-09
 22.   14.  -0.66581698E-01   0.00000000E+00  -0.51312046E-03  -0.86508836E-09
 22.   15.  -0.61894710E-01   0.82075015E-02  -0.44437535E-03  -0.86508836E-09
 22.   16.  -0.49569749E-01   0.19275627E-01  -0.25656023E-03  -0.86508836E-09
 22.   17.  -0.33866692E-01   0.33866692E-01  -0.69931777E-11  -0.86508836E-09
 22.   18.  -0.19275627E-01   0.49569749E-01   0.25656022E-03  -0.86508836E-09
 22.   19.  -0.82075016E-02   0.61894710E-01   0.44437535E-03  -0.86508836E-09
 22.   20.  -0.15246080E-09   0.66581698E-01   0.51312046E-03  -0.86508836E-09
 22.   21.   0.82075012E-02   0.61894711E-01   0.44437536E-03  -0.86508836E-09
 22.   22.   0.19275626E-01   0.49569750E-01   0.25656024E-03  -0.86508836E-09
 22.   23.   0.33866691E-01   0.33866692E-01   0.94770996E-11  -0.86508836E-09
 22.   24.   0.49569749E-01   0.19275627E-01  -0.25656022E-03  -0.86508836E-09
 22.   25.   0.61894710E-01   0.82075019E-02  -0.44437535E-03  -0.86508836E-09
 22.   26.   0.66581698E-01   0.00000000E+00  -0.51312047E-03  -0.86508836E-09
 22.   27.  -0.74145751E-01   0.00000000E+00  -0.83101125E-04  -0.86508836E-09
 22.   28.  -0.68381420E-01   0.71064155E-02  -0.71967687E-04  -0.86508836E-09
 22.   29.  -0.53377961E-01   0.18307588E-01  -0.41550567E-04  -0.86508836E-09
 22.   30.  -0.34736881E-01   0.34736881E-01  -0.40379934E-11  -0.86508836E-09
 22.   31.  -0.18307589E-01   0.53377960E-01   0.41550565E-04  -0.86508836E-09
 22.   32.  -0.71064156E-02   0.68381420E-01   0.71967695E-04  -0.86508836E-09
 22.   33.  -0.12686680E-09   0.74145751E-01   0.83101134E-04  -0.86508836E-09
 22.   34.   0.71064153E-02   0.68381421E-01   0.71967689E-04  -0.86508836E-09
 22.   35.   0.18307588E-01   0.53377961E-01   0.41550563E-04  -0.86508836E-09
 22.   36.   0.34736881E-01   0.34736882E-01   0.38968174E-11  -0.86508836E-09
 22.   37.   0.53377960E-01   0.18307589E-01  -0.41550560E-04  -0.86508836E-09
 22.   38.   0.68381420E-01   0.71064159E-02  -0.71967692E-04  -0.86508836E-09
 22.   39.   0.74145751E-01   0.00000000E+00  -0.83101139E-04  -0.86508836E-09
 22.   40.  -0.79282316E-01   0.00000000E+00   0.16136330E-03  -0.86508836E-09
 22.   41.  -0.71406954E-01   0.12105817E-02   0.13974472E-03  -0.86508836E-09
 22.   42.  -0.51348352E-01   0.96556388E-02   0.80681646E-04  -0.86508836E-09
 22.   43.  -0.27790445E-01   0.27790445E-01  -0.24345708E-11  -0.86508836E-09
 22.   44.  -0.96556390E-02   0.51348352E-01  -0.80681648E-04  -0.86508836E-09
 22.   45.  -0.12105818E-02   0.71406954E-01  -0.13974471E-03  -0.86508836E-09
 22.   46.   0.31197299E-11   0.79282316E-01  -0.16136329E-03  -0.86508836E-09
 22.   47.   0.12105816E-02   0.71406955E-01  -0.13974472E-03  -0.86508836E-09
 22.   48.   0.96556385E-02   0.51348353E-01  -0.80681656E-04  -0.86508836E-09
 22.   49.   0.27790444E-01   0.27790445E-01   0.20852656E-11  -0.86508836E-09
 22.   50.   0.51348351E-01   0.96556394E-02   0.80681651E-04  -0.86508836E-09
 22.   51.   0.71406954E-01   0.12105819E-02   0.13974472E-03  -0.86508836E-09
 22.   52.   0.79282316E-01   0.00000000E+00   0.16136330E-03  -0.86508836E-09
 22.   53.  -0.79262354E-01   0.00000000E+00   0.39010319E-03  -0.86508836E-09
 22.   54.  -0.68385955E-01  -0.99971467E-02   0.33783928E-03  -0.86508836E-09
 22.   55.  -0.41287123E-01  -0.77509603E-02   0.19505160E-03  -0.86508836E-09
 22.   56.  -0.11374641E-01   0.11374640E-01   0.87124622E-11  -0.86508836E-09
 22.   57.   0.77509602E-02   0.41287122E-01  -0.19505159E-03  -0.86508836E-09
 22.   58.   0.99971467E-02   0.68385955E-01  -0.33783928E-03  -0.86508836E-09
 22.   59.   0.24698673E-09   0.79262354E-01  -0.39010319E-03  -0.86508836E-09
 22.   60.  -0.99971465E-02   0.68385956E-01  -0.33783927E-03  -0.86508836E-09
 22.   61.  -0.77509606E-02   0.41287123E-01  -0.19505160E-03  -0.86508836E-09
 22.   62.   0.11374640E-01   0.11374641E-01  -0.46588242E-11  -0.86508836E-09
 22.   63.   0.41287121E-01  -0.77509599E-02   0.19505158E-03  -0.86508836E-09
 22.   64.   0.68385955E-01  -0.99971469E-02   0.33783926E-03  -0.86508836E-09
 22.   65.   0.79262354E-01   0.00000000E+00   0.39010320E-03  -0.86508836E-09
 22.   66.  -0.79262354E-01   0.00000000E+00  -0.39010319E-03  -0.86508836E-09
 22.   67.  -0.68385955E-01  -0.99971467E-02  -0.33783927E-03  -0.86508836E-09
 22.   68.  -0.41287123E-01  -0.77509603E-02  -0.19505159E-03  -0.86508836E-09
 22.   69.  -0.11374641E-01   0.11374640E-01   0.47433436E-11  -0.86508836E-09
 22.   70.   0.77509602E-02   0.41287122E-01   0.19505159E-03  -0.86508836E-09
 22.   71.   0.99971467E-02   0.68385955E-01   0.33783926E-03  -0.86508836E-09
 22.   72.   0.24491414E-09   0.79262354E-01   0.39010319E-03  -0.86508836E-09
 22.   73.  -0.99971465E-02   0.68385956E-01   0.33783928E-03  -0.86508836E-09
 22.   74.  -0.77509606E-02   0.41287123E-01   0.19505160E-03  -0.86508836E-09
 22.   75.   0.11374640E-01   0.11374641E-01   0.76738530E-11  -0.86508836E-09
 22.   76.   0.41287121E-01  -0.77509599E-02  -0.19505160E-03  -0.86508836E-09
 22.   77.   0.68385955E-01  -0.99971469E-02  -0.33783928E-03  -0.86508836E-09
 22.   78.   0.79262354E-01   0.00000000E+00  -0.39010318E-03  -0.86508836E-09
 23.    1.   0.17141256E-03   0.00000000E+00  -0.73855604E-03   0.22916828E-08
 23.    2.   0.17569750E-03  -0.18740416E-03  -0.52223798E-03   0.22916828E-08
 23.    3.   0.16015430E-03  -0.27739538E-03  -0.55089485E-12   0.22916828E-08
 23.    4.   0.74448014E-04  -0.24586058E-03   0.52223798E-03   0.22916828E-08
 23.    5.  -0.85706280E-04  -0.14844764E-03   0.73855604E-03   0.22916828E-08
 23.    6.  -0.25014551E-03  -0.58456418E-04   0.52223799E-03   0.22916828E-08
 23.    7.  -0.32030859E-03  -0.79586053E-12   0.11758367E-10   0.22916828E-08
 23.    8.  -0.25014552E-03   0.58456416E-04  -0.52223797E-03   0.22916828E-08
 23.    9.  -0.85706287E-04   0.14844763E-03  -0.73855604E-03   0.22916828E-08
 23.   10.   0.74448009E-04   0.24586058E-03  -0.52223799E-03   0.22916828E-08
 23.   11.   0.16015429E-03   0.27739538E-03  -0.17438691E-10   0.22916828E-08
 23.   12.   0.17569750E-03   0.18740417E-03   0.52223797E-03   0.22916828E-08
 23.   13.   0.17141256E-03   0.00000000E+00   0.73855604E-03   0.22916828E-08
 23.   14.   0.42381854E-04   0.00000000E+00  -0.23773582E-02   0.22916828E-08
 23.   15.   0.10831169E-03  -0.28843536E-03  -0.16810461E-02   0.22916828E-08
 23.   16.   0.21682743E-03  -0.37555613E-03  -0.31157948E-11   0.22916828E-08
 23.   17.   0.19563650E-03  -0.23801836E-03   0.16810461E-02   0.22916828E-08
 23.   18.  -0.21190925E-04  -0.36703764E-04   0.23773582E-02   0.22916828E-08
 23.   19.  -0.30394819E-03   0.50417003E-04   0.16810461E-02   0.22916828E-08
 23.   20.  -0.43365486E-03   0.13324600E-11   0.36356768E-10   0.22916828E-08
 23.   21.  -0.30394820E-03  -0.50417003E-04  -0.16810461E-02   0.22916828E-08
 23.   22.  -0.21190936E-04   0.36703758E-04  -0.23773582E-02   0.22916828E-08
 23.   23.   0.19563650E-03   0.23801835E-03  -0.16810461E-02   0.22916828E-08
 23.   24.   0.21682743E-03   0.37555612E-03  -0.72712717E-10   0.22916828E-08
 23.   25.   0.10831170E-03   0.28843537E-03   0.16810460E-02   0.22916828E-08
 23.   26.   0.42381854E-04   0.00000000E+00   0.23773582E-02   0.22916828E-08
 23.   27.  -0.39183706E-03   0.00000000E+00  -0.31017596E-03   0.22916828E-08
 23.   28.  -0.26095918E-03  -0.96605824E-04  -0.21932752E-03   0.22916828E-08
 23.   29.   0.18224160E-04  -0.31565172E-04   0.21144774E-12   0.22916828E-08
 23.   30.   0.21414269E-03   0.17769437E-03   0.21932752E-03   0.22916828E-08
 23.   31.   0.19591853E-03   0.33934084E-03   0.31017596E-03   0.22916828E-08
 23.   32.   0.46816494E-04   0.27430019E-03   0.21932753E-03   0.22916828E-08
 23.   33.  -0.36448321E-04   0.65756897E-11   0.58741965E-11   0.22916828E-08
 23.   34.   0.46816488E-04  -0.27430019E-03  -0.21932752E-03   0.22916828E-08
 23.   35.   0.19591852E-03  -0.33934085E-03  -0.31017596E-03   0.22916828E-08
 23.   36.   0.21414269E-03  -0.17769437E-03  -0.21932753E-03   0.22916828E-08
 23.   37.   0.18224171E-04   0.31565166E-04  -0.84918833E-11   0.22916828E-08
 23.   38.  -0.26095917E-03   0.96605826E-04   0.21932752E-03   0.22916828E-08
 23.   39.  -0.39183706E-03   0.00000000E+00   0.31017596E-03   0.22916828E-08
 23.   40.   0.14467312E-03   0.00000000E+00   0.13791890E-02   0.22916828E-08
 23.   41.   0.77088468E-04   0.10755624E-03   0.97523390E-03   0.22916828E-08
 23.   42.  -0.59354110E-04   0.10280433E-03  -0.66041623E-13   0.22916828E-08
 23.   43.  -0.13169067E-03  -0.12982450E-04  -0.97523390E-03   0.22916828E-08
 23.   44.  -0.72336562E-04  -0.12529060E-03  -0.13791890E-02   0.22916828E-08
 23.   45.   0.54602203E-04  -0.12053869E-03  -0.97523391E-03   0.22916828E-08
 23.   46.   0.11870822E-03  -0.31441162E-11  -0.22149374E-10   0.22916828E-08
 23.   47.   0.54602208E-04   0.12053869E-03   0.97523388E-03   0.22916828E-08
 23.   48.  -0.72336558E-04   0.12529060E-03   0.13791890E-02   0.22916828E-08
 23.   49.  -0.13169067E-03   0.12982455E-04   0.97523392E-03   0.22916828E-08
 23.   50.  -0.59354116E-04  -0.10280433E-03   0.41998508E-10   0.22916828E-08
 23.   51.   0.77088463E-04  -0.10755624E-03  -0.97523387E-03   0.22916828E-08
 23.   52.   0.14467312E-03   0.00000000E+00  -0.13791890E-02   0.22916828E-08
 23.   53.   0.45185668E-03   0.00000000E+00  -0.19373432E-02   0.22916828E-08
 23.   54.   0.32914458E-03   0.61111123E-05  -0.13699085E-02   0.22916828E-08
 23.   55.   0.56063671E-04  -0.97105127E-04  -0.11263197E-11   0.22916828E-08
 23.   56.  -0.16986467E-03  -0.28199201E-03   0.13699085E-02   0.22916828E-08
 23.   57.  -0.22592834E-03  -0.39131936E-03   0.19373432E-02   0.22916828E-08
 23.   58.  -0.15927991E-03  -0.28810312E-03   0.13699085E-02   0.22916828E-08
 23.   59.  -0.11212734E-03  -0.75632033E-11   0.32791241E-10   0.22916828E-08
 23.   60.  -0.15927991E-03   0.28810311E-03  -0.13699085E-02   0.22916828E-08
 23.   61.  -0.22592834E-03   0.39131936E-03  -0.19373432E-02   0.22916828E-08
 23.   62.  -0.16986467E-03   0.28199201E-03  -0.13699085E-02   0.22916828E-08
 23.   63.   0.56063660E-04   0.97105132E-04  -0.57832860E-10   0.22916828E-08
 23.   64.   0.32914457E-03  -0.61111108E-05   0.13699084E-02   0.22916828E-08
 23.   65.   0.45185668E-03   0.00000000E+00   0.19373432E-02   0.22916828E-08
 23.   66.  -0.45185668E-03   0.00000000E+00  -0.19373432E-02   0.22916828E-08
 23.   67.  -0.32914458E-03  -0.61111119E-05  -0.13699085E-02   0.22916828E-08
 23.   68.  -0.56063671E-04   0.97105126E-04  -0.12808303E-11   0.22916828E-08
 23.   69.   0.16986467E-03   0.28199201E-03   0.13699085E-02   0.22916828E-08
 23.   70.   0.22592834E-03   0.39131936E-03   0.19373432E-02   0.22916828E-08
 23.   71.   0.15927991E-03   0.28810312E-03   0.13699085E-02   0.22916828E-08
 23.   72.   0.11212734E-03   0.63789375E-11   0.32778863E-10   0.22916828E-08
 23.   73.   0.15927991E-03  -0.28810311E-03  -0.13699085E-02   0.22916828E-08
 23.   74.   0.22592834E-03  -0.39131936E-03  -0.19373432E-02   0.22916828E-08
 23.   75.   0.16986467E-03  -0.28199201E-03  -0.13699085E-02   0.22916828E-08
 23.   76.  -0.56063661E-04  -0.97105133E-04  -0.57782836E-10   0.22916828E-08
 23.   77.  -0.32914457E-03   0.61111100E-05   0.13699084E-02   0.22916828E-08
 23.   78.  -0.45185668E-03   0.00000000E+00   0.19373432E-02   0.22916828E-08
 24.    1.   0.66061233E-03   0.00000000E+00   0.46782813E-02  -0.10070191E-09
 24.    2.   0.58192451E-03   0.29366693E-03   0.45188727E-02  -0.10070191E-09
 24.    3.   0.36694539E-03   0.50864605E-03   0.40515104E-02  -0.10070191E-09
 24.    4.   0.73278465E-04   0.58733387E-03   0.33080444E-02  -0.10070191E-09
 24.    5.  -0.22038847E-03   0.50864605E-03   0.23391406E-02  -0.10070191E-09
 24.    6.  -0.43536758E-03   0.29366694E-03   0.12108283E-02  -0.10070191E-09
 24.    7.  -0.51405540E-03   0.62461379E-11   0.24720234E-10  -0.10070191E-09
 24.    8.  -0.43536759E-03  -0.29366692E-03  -0.12108283E-02  -0.10070191E-09
 24.    9.  -0.22038848E-03  -0.50864604E-03  -0.23391406E-02  -0.10070191E-09
 24.   10.   0.73278452E-04  -0.58733387E-03  -0.33080444E-02  -0.10070191E-09
 24.   11.   0.36694538E-03  -0.50864605E-03  -0.40515104E-02  -0.10070191E-09
 24.   12.   0.58192450E-03  -0.29366694E-03  -0.45188727E-02  -0.10070191E-09
 24.   13.   0.66061233E-03   0.00000000E+00  -0.46782813E-02  -0.10070191E-09
 24.   14.   0.44974486E-03   0.00000000E+00  -0.82441798E-03  -0.10070191E-09
 24.   15.   0.42295572E-03   0.99978461E-04  -0.79632662E-03  -0.10070191E-09
 24.   16.   0.34976640E-03   0.17316777E-03  -0.71396692E-03  -0.10070191E-09
 24.   17.   0.24978794E-03   0.19995692E-03  -0.58295155E-03  -0.10070191E-09
 24.   18.   0.14980948E-03   0.17316777E-03  -0.41220899E-03  -0.10070191E-09
 24.   19.   0.76620167E-04   0.99978462E-04  -0.21337508E-03  -0.10070191E-09
 24.   20.   0.49831019E-04   0.21837227E-11  -0.43046706E-11  -0.10070191E-09
 24.   21.   0.76620165E-04  -0.99978458E-04   0.21337507E-03  -0.10070191E-09
 24.   22.   0.14980948E-03  -0.17316777E-03   0.41220899E-03  -0.10070191E-09
 24.   23.   0.24978794E-03  -0.19995692E-03   0.58295154E-03  -0.10070191E-09
 24.   24.   0.34976640E-03  -0.17316778E-03   0.71396691E-03  -0.10070191E-09
 24.   25.   0.42295571E-03  -0.99978465E-04   0.79632662E-03  -0.10070191E-09
 24.   26.   0.44974486E-03   0.00000000E+00   0.82441799E-03  -0.10070191E-09
 24.   27.  -0.36068055E-03   0.00000000E+00  -0.84560073E-03  -0.10070191E-09
 24.   28.  -0.33430488E-03  -0.98435334E-04  -0.81678758E-03  -0.10070191E-09
 24.   29.  -0.26224522E-03  -0.17049500E-03  -0.73231171E-03  -0.10070191E-09
 24.   30.  -0.16380988E-03  -0.19687067E-03  -0.59793001E-03  -0.10070191E-09
 24.   31.  -0.65374548E-04  -0.17049500E-03  -0.42280037E-03  -0.10070191E-09
 24.   32.   0.66851184E-05  -0.98435335E-04  -0.21885757E-03  -0.10070191E-09
 24.   33.   0.33060787E-04  -0.21177177E-11  -0.44708801E-11  -0.10070191E-09
 24.   34.   0.66851203E-05   0.98435332E-04   0.21885757E-03  -0.10070191E-09
 24.   35.  -0.65374544E-04   0.17049500E-03   0.42280036E-03  -0.10070191E-09
 24.   36.  -0.16380988E-03   0.19687067E-03   0.59793000E-03  -0.10070191E-09
 24.   37.  -0.26224521E-03   0.17049500E-03   0.73231171E-03  -0.10070191E-09
 24.   38.  -0.33430488E-03   0.98435338E-04   0.81678758E-03  -0.10070191E-09
 24.   39.  -0.36068055E-03   0.00000000E+00   0.84560073E-03  -0.10070191E-09
 24.   40.   0.84784398E-04   0.00000000E+00   0.13134230E-02  -0.10070191E-09
 24.   41.   0.76583086E-04   0.30607715E-04   0.12686692E-02  -0.10070191E-09
 24.   42.   0.54176684E-04   0.53014117E-04   0.11374577E-02  -0.10070191E-09
 24.   43.   0.23568970E-04   0.61215429E-04   0.92873031E-03  -0.10070191E-09
 24.   44.  -0.70387446E-05   0.53014116E-04   0.65671150E-03  -0.10070191E-09
 24.   45.  -0.29445147E-04   0.30607715E-04   0.33993889E-03  -0.10070191E-09
 24.   46.  -0.37646459E-04   0.79457327E-12   0.69244802E-11  -0.10070191E-09
 24.   47.  -0.29445147E-04  -0.30607713E-04  -0.33993888E-03  -0.10070191E-09
 24.   48.  -0.70387457E-05  -0.53014116E-04  -0.65671149E-03  -0.10070191E-09
 24.   49.   0.23568969E-04  -0.61215429E-04  -0.92873030E-03  -0.10070191E-09
 24.   50.   0.54176683E-04  -0.53014117E-04  -0.11374577E-02  -0.10070191E-09
 24.   51.   0.76583085E-04  -0.30607716E-04  -0.12686692E-02  -0.10070191E-09
 24.   52.   0.84784398E-04   0.00000000E+00  -0.13134230E-02  -0.10070191E-09
 24.   53.   0.44878392E-03   0.00000000E+00  -0.18177838E-02  -0.10070191E-09
 24.   54.   0.42104144E-03   0.10353635E-03  -0.17558443E-02  -0.10070191E-09
 24.   55.   0.34524757E-03   0.17933022E-03  -0.15742470E-02  -0.10070191E-09
 24.   56.   0.24171122E-03   0.20707270E-03  -0.12853673E-02  -0.10070191E-09
 24.   57.   0.13817487E-03   0.17933022E-03  -0.90889192E-03  -0.10070191E-09
 24.   58.   0.62380997E-04   0.10353635E-03  -0.47047708E-03  -0.10070191E-09
 24.   59.   0.34638514E-04   0.24482587E-11  -0.97138211E-11  -0.10070191E-09
 24.   60.   0.62380995E-04  -0.10353635E-03   0.47047706E-03  -0.10070191E-09
 24.   61.   0.13817486E-03  -0.17933022E-03   0.90889190E-03  -0.10070191E-09
 24.   62.   0.24171122E-03  -0.20707271E-03   0.12853673E-02  -0.10070191E-09
 24.   63.   0.34524757E-03  -0.17933023E-03   0.15742470E-02  -0.10070191E-09
 24.   64.   0.42104144E-03  -0.10353636E-03   0.17558443E-02  -0.10070191E-09
 24.   65.   0.44878393E-03   0.00000000E+00   0.18177838E-02  -0.10070191E-09
 24.   66.  -0.44878393E-03   0.00000000E+00  -0.18177838E-02  -0.10070191E-09
 24.   67.  -0.42104144E-03  -0.10353635E-03  -0.17558443E-02  -0.10070191E-09
 24.   68.  -0.34524757E-03  -0.17933022E-03  -0.15742470E-02  -0.10070191E-09
 24.   69.  -0.24171122E-03  -0.20707271E-03  -0.12853673E-02  -0.10070191E-09
 24.   70.  -0.13817487E-03  -0.17933022E-03  -0.90889192E-03  -0.10070191E-09
 24.   71.  -0.62380997E-04  -0.10353635E-03  -0.47047708E-03  -0.10070191E-09
 24.   72.  -0.34638514E-04  -0.19476225E-11  -0.97121890E-11  -0.10070191E-09
 24.   73.  -0.62380995E-04   0.10353635E-03   0.47047706E-03  -0.10070191E-09
 24.   74.  -0.13817486E-03   0.17933022E-03   0.90889190E-03  -0.10070191E-09
 24.   75.  -0.24171122E-03   0.20707270E-03   0.12853673E-02  -0.10070191E-09
 24.   76.  -0.34524757E-03   0.17933023E-03   0.15742470E-02  -0.10070191E-09
 24.   77.  -0.42104144E-03   0.10353636E-03   0.17558443E-02  -0.10070191E-09
 24.   78.  -0.44878393E-03   0.00000000E+00   0.18177838E-02  -0.10070191E-09
