mode k UX UY UZ VOLT
  1.    1.   0.99961504E+00   0.00000000E+00   0.18880964E-01   0.00000000E+00
  1.    2.   0.99961504E+00   0.86600388E-13   0.18824748E-01   0.00000000E+00
  1.    3.   0.99961504E+00   0.17035614E-12   0.18659928E-01   0.00000000E+00
  1.    4.   0.99961504E+00   0.23162591E-12   0.18397739E-01   0.00000000E+00
  1.    5.   0.99961504E+00   0.30281579E-12   0.18056047E-01   0.00000000E+00
  1.    6.   0.99961504E+00   0.34980561E-12   0.17658138E-01   0.00000000E+00
  1.    7.   0.99961504E+00   0.37411703E-12   0.17231130E-01   0.00000000E+00
  1.    8.   0.99961504E+00   0.35680860E-12   0.16804121E-01   0.00000000E+00
  1.    9.   0.99961504E+00   0.31881538E-12   0.16406212E-01   0.00000000E+00
  1.   10.   0.99961504E+00   0.26331348E-12   0.16064520E-01   0.00000000E+00
  1.   11.   0.99961504E+00   0.18115601E-12   0.15802331E-01   0.00000000E+00
  1.   12.   0.99961504E+00   0.10079222E-12   0.15637512E-01   0.00000000E+00
  1.   13.   0.99961504E+00   0.00000000E+00   0.15581295E-01   0.00000000E+00
  1.   14.   0.99961504E+00   0.00000000E+00   0.20943258E-01   0.00000000E+00
  1.   15.   0.99961504E+00   0.71930745E-13   0.20816770E-01   0.00000000E+00
  1.   16.   0.99961504E+00   0.15032627E-12   0.20445927E-01   0.00000000E+00
  1.   17.   0.99961504E+00   0.25943306E-12   0.19856000E-01   0.00000000E+00
  1.   18.   0.99961504E+00   0.32877947E-12   0.19087194E-01   0.00000000E+00
  1.   19.   0.99961504E+00   0.36453573E-12   0.18191899E-01   0.00000000E+00
  1.   20.   0.99961504E+00   0.39003609E-12   0.17231130E-01   0.00000000E+00
  1.   21.   0.99961504E+00   0.37433885E-12   0.16270360E-01   0.00000000E+00
  1.   22.   0.99961504E+00   0.32564705E-12   0.15375066E-01   0.00000000E+00
  1.   23.   0.99961504E+00   0.26418659E-12   0.14606259E-01   0.00000000E+00
  1.   24.   0.99961504E+00   0.19416431E-12   0.14016333E-01   0.00000000E+00
  1.   25.   0.99961504E+00   0.10125050E-12   0.13645489E-01   0.00000000E+00
  1.   26.   0.99961504E+00   0.00000000E+00   0.13519002E-01   0.00000000E+00
  1.   27.   0.99961504E+00   0.00000000E+00   0.23005551E-01   0.00000000E+00
  1.   28.   0.99961504E+00   0.75152131E-13   0.22808792E-01   0.00000000E+00
  1.   29.   0.99961504E+00   0.19555995E-12   0.22231925E-01   0.00000000E+00
  1.   30.   0.99961504E+00   0.33187976E-12   0.21314262E-01   0.00000000E+00
  1.   31.   0.99961504E+00   0.42317371E-12   0.20118340E-01   0.00000000E+00
  1.   32.   0.99961504E+00   0.47639498E-12   0.18725660E-01   0.00000000E+00
  1.   33.   0.99961504E+00   0.48271125E-12   0.17231130E-01   0.00000000E+00
  1.   34.   0.99961504E+00   0.45597965E-12   0.15736599E-01   0.00000000E+00
  1.   35.   0.99961504E+00   0.40089354E-12   0.14343919E-01   0.00000000E+00
  1.   36.   0.99961504E+00   0.33709477E-12   0.13147997E-01   0.00000000E+00
  1.   37.   0.99961504E+00   0.24440573E-12   0.12230334E-01   0.00000000E+00
  1.   38.   0.99961504E+00   0.11884183E-12   0.11653467E-01   0.00000000E+00
  1.   39.   0.99961504E+00   0.00000000E+00   0.11456708E-01   0.00000000E+00
  1.   40.   0.99961504E+00   0.00000000E+00   0.25067844E-01   0.00000000E+00
  1.   41.   0.99961504E+00   0.11677758E-12   0.24800815E-01   0.00000000E+00
  1.   42.   0.99961504E+00   0.20682593E-12   0.24017924E-01   0.00000000E+00
  1.   43.   0.99961504E+00   0.35440128E-12   0.22772524E-01   0.00000000E+00
  1.   44.   0.99961504E+00   0.46267513E-12   0.21149487E-01   0.00000000E+00
  1.   45.   0.99961504E+00   0.56648252E-12   0.19259421E-01   0.00000000E+00
  1.   46.   0.99961504E+00   0.58599226E-12   0.17231130E-01   0.00000000E+00
  1.   47.   0.99961504E+00   0.55309909E-12   0.15202839E-01   0.00000000E+00
  1.   48.   0.99961504E+00   0.47596373E-12   0.13312772E-01   0.00000000E+00
  1.   49.   0.99961504E+00   0.41264331E-12   0.11689736E-01   0.00000000E+00
  1.   50.   0.99961504E+00   0.30051561E-12   0.10444336E-01   0.00000000E+00
  1.   51.   0.99961504E+00   0.15438419E-12   0.96614446E-02   0.00000000E+00
  1.   52.   0.99961504E+00   0.00000000E+00   0.93944150E-02   0.00000000E+00
  1.   53.   0.99961504E+00   0.00000000E+00   0.27130138E-01   0.00000000E+00
  1.   54.   0.99961504E+00   0.14514465E-12   0.26792837E-01   0.00000000E+00
  1.   55.   0.99961504E+00   0.20065173E-12   0.25803922E-01   0.00000000E+00
  1.   56.   0.99961504E+00   0.28293692E-12   0.24230785E-01   0.00000000E+00
  1.   57.   0.99961504E+00   0.44162633E-12   0.22180634E-01   0.00000000E+00
  1.   58.   0.99961504E+00   0.60208823E-12   0.19793181E-01   0.00000000E+00
  1.   59.   0.99961504E+00   0.64178482E-12   0.17231130E-01   0.00000000E+00
  1.   60.   0.99961504E+00   0.59227101E-12   0.14669078E-01   0.00000000E+00
  1.   61.   0.99961504E+00   0.50898579E-12   0.12281626E-01   0.00000000E+00
  1.   62.   0.99961504E+00   0.41624213E-12   0.10231474E-01   0.00000000E+00
  1.   63.   0.99961504E+00   0.25510265E-12   0.86583373E-02   0.00000000E+00
  1.   64.   0.99961504E+00   0.23505928E-12   0.76694222E-02   0.00000000E+00
  1.   65.   0.99961504E+00   0.00000000E+00   0.73321217E-02   0.00000000E+00
  1.   66.   0.10000000E+01   0.00000000E+00   0.27130138E-01   0.00000000E+00
  1.   67.   0.10000000E+01  -0.14188325E-12   0.26792837E-01   0.00000000E+00
  1.   68.   0.10000000E+01  -0.18516683E-12   0.25803922E-01   0.00000000E+00
  1.   69.   0.10000000E+01  -0.38169807E-12   0.24230785E-01   0.00000000E+00
  1.   70.   0.10000000E+01  -0.44288040E-12   0.22180634E-01   0.00000000E+00
  1.   71.   0.10000000E+01  -0.39048322E-12   0.19793181E-01   0.00000000E+00
  1.   72.   0.10000000E+01  -0.32491809E-12   0.17231130E-01   0.00000000E+00
  1.   73.   0.10000000E+01  -0.26310177E-12   0.14669078E-01   0.00000000E+00
  1.   74.   0.10000000E+01  -0.14141699E-12   0.12281626E-01   0.00000000E+00
  1.   75.   0.10000000E+01   0.68257807E-14   0.10231474E-01   0.00000000E+00
  1.   76.   0.10000000E+01  -0.74831703E-13   0.86583373E-02   0.00000000E+00
  1.   77.   0.10000000E+01  -0.14286050E-12   0.76694222E-02   0.00000000E+00
  1.   78.   0.10000000E+01   0.00000000E+00   0.73321217E-02   0.00000000E+00
  2.    1.  -0.19622651E-01   0.00000000E+00   0.58147665E+00   0.00000000E+00
  2.    2.  -0.19622651E-01   0.15007250E-11   0.57862448E+00   0.00000000E+00
  2.    3.  -0.19622651E-01   0.28309685E-11   0.57026235E+00   0.00000000E+00
  2.    4.  -0.19622651E-01   0.38861881E-11   0.55696012E+00   0.00000000E+00
  2.    5.  -0.19622651E-01   0.46092624E-11   0.53962431E+00   0.00000000E+00
  2.    6.  -0.19622651E-01   0.49667366E-11   0.51943634E+00   0.00000000E+00
  2.    7.  -0.19622651E-01   0.49850629E-11   0.49777198E+00   0.00000000E+00
  2.    8.  -0.19622651E-01   0.47086987E-11   0.47610761E+00   0.00000000E+00
  2.    9.  -0.19622651E-01   0.41623093E-11   0.45591964E+00   0.00000000E+00
  2.   10.  -0.19622651E-01   0.33772303E-11   0.43858384E+00   0.00000000E+00
  2.   11.  -0.19622651E-01   0.23755702E-11   0.42528161E+00   0.00000000E+00
  2.   12.  -0.19622651E-01   0.12265035E-11   0.41691947E+00   0.00000000E+00
  2.   13.  -0.19622651E-01   0.00000000E+00   0.41406731E+00   0.00000000E+00
  2.   14.  -0.19622651E-01   0.00000000E+00   0.68610749E+00   0.00000000E+00
  2.   15.  -0.19622651E-01   0.22817519E-11   0.67969011E+00   0.00000000E+00
  2.   16.  -0.19622651E-01   0.42646264E-11   0.66087531E+00   0.00000000E+00
  2.   17.  -0.19622651E-01   0.56786775E-11   0.63094529E+00   0.00000000E+00
  2.   18.  -0.19622651E-01   0.64572878E-11   0.59193973E+00   0.00000000E+00
  2.   19.  -0.19622651E-01   0.67643781E-11   0.54651679E+00   0.00000000E+00
  2.   20.  -0.19622651E-01   0.66717900E-11   0.49777198E+00   0.00000000E+00
  2.   21.  -0.19622651E-01   0.62573089E-11   0.44902716E+00   0.00000000E+00
  2.   22.  -0.19622651E-01   0.55221539E-11   0.40360422E+00   0.00000000E+00
  2.   23.  -0.19622651E-01   0.45261631E-11   0.36459866E+00   0.00000000E+00
  2.   24.  -0.19622651E-01   0.32811162E-11   0.33466864E+00   0.00000000E+00
  2.   25.  -0.19622651E-01   0.17581732E-11   0.31585385E+00   0.00000000E+00
  2.   26.  -0.19622651E-01   0.00000000E+00   0.30943647E+00   0.00000000E+00
  2.   27.  -0.19622651E-01   0.00000000E+00   0.79073832E+00   0.00000000E+00
  2.   28.  -0.19622651E-01   0.36937220E-11   0.78075574E+00   0.00000000E+00
  2.   29.  -0.19622651E-01   0.65977201E-11   0.75148828E+00   0.00000000E+00
  2.   30.  -0.19622651E-01   0.84464473E-11   0.70493047E+00   0.00000000E+00
  2.   31.  -0.19622651E-01   0.95441957E-11   0.64425515E+00   0.00000000E+00
  2.   32.  -0.19622651E-01   0.97490157E-11   0.57359725E+00   0.00000000E+00
  2.   33.  -0.19622651E-01   0.92450004E-11   0.49777198E+00   0.00000000E+00
  2.   34.  -0.19622651E-01   0.83409777E-11   0.42194671E+00   0.00000000E+00
  2.   35.  -0.19622651E-01   0.71197341E-11   0.35128880E+00   0.00000000E+00
  2.   36.  -0.19622651E-01   0.57087820E-11   0.29061349E+00   0.00000000E+00
  2.   37.  -0.19622651E-01   0.40853568E-11   0.24405568E+00   0.00000000E+00
  2.   38.  -0.19622651E-01   0.21362352E-11   0.21478822E+00   0.00000000E+00
  2.   39.  -0.19622651E-01   0.00000000E+00   0.20480563E+00   0.00000000E+00
  2.   40.  -0.19622651E-01   0.00000000E+00   0.89536916E+00   0.00000000E+00
  2.   41.  -0.19622651E-01   0.49411483E-11   0.88182137E+00   0.00000000E+00
  2.   42.  -0.19622651E-01   0.85100178E-11   0.84210124E+00   0.00000000E+00
  2.   43.  -0.19622651E-01   0.10600634E-10   0.77891564E+00   0.00000000E+00
  2.   44.  -0.19622651E-01   0.11845875E-10   0.69657057E+00   0.00000000E+00
  2.   45.  -0.19622651E-01   0.11824516E-10   0.60067770E+00   0.00000000E+00
  2.   46.  -0.19622651E-01   0.10934978E-10   0.49777198E+00   0.00000000E+00
  2.   47.  -0.19622651E-01   0.95071539E-11   0.39486625E+00   0.00000000E+00
  2.   48.  -0.19622651E-01   0.79621434E-11   0.29897338E+00   0.00000000E+00
  2.   49.  -0.19622651E-01   0.63592634E-11   0.21662831E+00   0.00000000E+00
  2.   50.  -0.19622651E-01   0.45569680E-11   0.15344271E+00   0.00000000E+00
  2.   51.  -0.19622651E-01   0.23217648E-11   0.11372259E+00   0.00000000E+00
  2.   52.  -0.19622651E-01   0.00000000E+00   0.10017479E+00   0.00000000E+00
  2.   53.  -0.19622651E-01   0.00000000E+00   0.10000000E+01   0.00000000E+00
  2.   54.  -0.19622651E-01   0.55589075E-11   0.98288700E+00   0.00000000E+00
  2.   55.  -0.19622651E-01   0.95052734E-11   0.93271420E+00   0.00000000E+00
  2.   56.  -0.19622651E-01   0.11741118E-10   0.85290082E+00   0.00000000E+00
  2.   57.  -0.19622651E-01   0.12748744E-10   0.74888599E+00   0.00000000E+00
  2.   58.  -0.19622651E-01   0.12663028E-10   0.62775815E+00   0.00000000E+00
  2.   59.  -0.19622651E-01   0.11361562E-10   0.49777198E+00   0.00000000E+00
  2.   60.  -0.19622651E-01   0.99139131E-11   0.36778580E+00   0.00000000E+00
  2.   61.  -0.19622651E-01   0.82734968E-11   0.24665797E+00   0.00000000E+00
  2.   62.  -0.19622651E-01   0.66412378E-11   0.14264314E+00   0.00000000E+00
  2.   63.  -0.19622651E-01   0.48241358E-11   0.62829751E-01   0.00000000E+00
  2.   64.  -0.19622651E-01   0.24114784E-11   0.12656959E-01   0.00000000E+00
  2.   65.  -0.19622651E-01   0.00000000E+00  -0.44560463E-02   0.00000000E+00
  2.   66.  -0.91561407E-04   0.00000000E+00   0.10000000E+01   0.00000000E+00
  2.   67.  -0.91561406E-04  -0.55548123E-11   0.98288700E+00   0.00000000E+00
  2.   68.  -0.91561406E-04  -0.95369002E-11   0.93271420E+00   0.00000000E+00
  2.   69.  -0.91561406E-04  -0.11718509E-10   0.85290082E+00   0.00000000E+00
  2.   70.  -0.91561407E-04  -0.12749521E-10   0.74888599E+00   0.00000000E+00
  2.   71.  -0.91561409E-04  -0.12661913E-10   0.62775815E+00   0.00000000E+00
  2.   72.  -0.91561410E-04  -0.11368385E-10   0.49777198E+00   0.00000000E+00
  2.   73.  -0.91561410E-04  -0.99182544E-11   0.36778580E+00   0.00000000E+00
  2.   74.  -0.91561410E-04  -0.82773563E-11   0.24665797E+00   0.00000000E+00
  2.   75.  -0.91561409E-04  -0.66518367E-11   0.14264314E+00   0.00000000E+00
  2.   76.  -0.91561409E-04  -0.48285425E-11   0.62829751E-01   0.00000000E+00
  2.   77.  -0.91561408E-04  -0.24139856E-11   0.12656959E-01   0.00000000E+00
  2.   78.  -0.91561408E-04   0.00000000E+00  -0.44560463E-02   0.00000000E+00
  3.    1.   0.13912301E-01   0.00000000E+00   0.73583323E-01   0.00000000E+00
  3.    2.   0.13912301E-01  -0.19694343E-12   0.78092877E-01   0.00000000E+00
  3.    3.   0.13912301E-01  -0.33560324E-12   0.91314223E-01   0.00000000E+00
  3.    4.   0.13912301E-01  -0.37102107E-12   0.11234635E+00   0.00000000E+00
  3.    5.   0.13912301E-01  -0.28641854E-12   0.13975594E+00   0.00000000E+00
  3.    6.   0.13912301E-01  -0.10024393E-12   0.17167509E+00   0.00000000E+00
  3.    7.   0.13912301E-01   0.14881477E-12   0.20592856E+00   0.00000000E+00
  3.    8.   0.13912301E-01   0.40845565E-12   0.24018203E+00   0.00000000E+00
  3.    9.   0.13912301E-01   0.60796759E-12   0.27210118E+00   0.00000000E+00
  3.   10.   0.13912301E-01   0.68332256E-12   0.29951078E+00   0.00000000E+00
  3.   11.   0.13912301E-01   0.58689920E-12   0.32054290E+00   0.00000000E+00
  3.   12.   0.13912301E-01   0.33964764E-12   0.33376425E+00   0.00000000E+00
  3.   13.   0.13912301E-01   0.00000000E+00   0.33827380E+00   0.00000000E+00
  3.   14.   0.13912301E-01   0.00000000E+00  -0.91848227E-01   0.00000000E+00
  3.   15.   0.13912301E-01  -0.70485835E-12  -0.81701729E-01   0.00000000E+00
  3.   16.   0.13912301E-01  -0.12378227E-11  -0.51953702E-01   0.00000000E+00
  3.   17.   0.13912301E-01  -0.14958669E-11  -0.46314249E-02   0.00000000E+00
  3.   18.   0.13912301E-01  -0.15011277E-11   0.57040167E-01   0.00000000E+00
  3.   19.   0.13912301E-01  -0.13446689E-11   0.12885826E+00   0.00000000E+00
  3.   20.   0.13912301E-01  -0.11349715E-11   0.20592856E+00   0.00000000E+00
  3.   21.   0.13912301E-01  -0.95045428E-12   0.28299887E+00   0.00000000E+00
  3.   22.   0.13912301E-01  -0.83052428E-12   0.35481696E+00   0.00000000E+00
  3.   23.   0.13912301E-01  -0.69872683E-12   0.41648855E+00   0.00000000E+00
  3.   24.   0.13912301E-01  -0.48399492E-12   0.46381083E+00   0.00000000E+00
  3.   25.   0.13912301E-01  -0.21623626E-12   0.49355885E+00   0.00000000E+00
  3.   26.   0.13912301E-01   0.00000000E+00   0.50370535E+00   0.00000000E+00
  3.   27.   0.13912301E-01   0.00000000E+00  -0.25727978E+00   0.00000000E+00
  3.   28.   0.13912301E-01  -0.13030061E-11  -0.24149634E+00   0.00000000E+00
  3.   29.   0.13912301E-01  -0.21971565E-11  -0.19522163E+00   0.00000000E+00
  3.   30.   0.13912301E-01  -0.25616747E-11  -0.12160920E+00   0.00000000E+00
  3.   31.   0.13912301E-01  -0.25523476E-11  -0.25675607E-01   0.00000000E+00
  3.   32.   0.13912301E-01  -0.23161582E-11   0.86041422E-01   0.00000000E+00
  3.   33.   0.13912301E-01  -0.20456669E-11   0.20592856E+00   0.00000000E+00
  3.   34.   0.13912301E-01  -0.18754965E-11   0.32581570E+00   0.00000000E+00
  3.   35.   0.13912301E-01  -0.18441178E-11   0.43753273E+00   0.00000000E+00
  3.   36.   0.13912301E-01  -0.17605495E-11   0.53346632E+00   0.00000000E+00
  3.   37.   0.13912301E-01  -0.15226749E-11   0.60707875E+00   0.00000000E+00
  3.   38.   0.13912301E-01  -0.10778879E-11   0.65335346E+00   0.00000000E+00
  3.   39.   0.13912301E-01   0.00000000E+00   0.66913690E+00   0.00000000E+00
  3.   40.   0.13912301E-01   0.00000000E+00  -0.42271133E+00   0.00000000E+00
  3.   41.   0.13912301E-01  -0.19094042E-11  -0.40129094E+00   0.00000000E+00
  3.   42.   0.13912301E-01  -0.31231919E-11  -0.33848955E+00   0.00000000E+00
  3.   43.   0.13912301E-01  -0.35167117E-11  -0.23858697E+00   0.00000000E+00
  3.   44.   0.13912301E-01  -0.34351098E-11  -0.10839138E+00   0.00000000E+00
  3.   45.   0.13912301E-01  -0.30550755E-11   0.43224586E-01   0.00000000E+00
  3.   46.   0.13912301E-01  -0.27762494E-11   0.20592856E+00   0.00000000E+00
  3.   47.   0.13912301E-01  -0.28325817E-11   0.36863254E+00   0.00000000E+00
  3.   48.   0.13912301E-01  -0.30849277E-11   0.52024851E+00   0.00000000E+00
  3.   49.   0.13912301E-01  -0.31612442E-11   0.65044409E+00   0.00000000E+00
  3.   50.   0.13912301E-01  -0.31543595E-11   0.75034667E+00   0.00000000E+00
  3.   51.   0.13912301E-01  -0.30424740E-11   0.81314807E+00   0.00000000E+00
  3.   52.   0.13912301E-01   0.00000000E+00   0.83456845E+00   0.00000000E+00
  3.   53.   0.13912301E-01   0.00000000E+00  -0.58814288E+00   0.00000000E+00
  3.   54.   0.13912301E-01  -0.22526372E-11  -0.56108555E+00   0.00000000E+00
  3.   55.   0.13912301E-01  -0.36846503E-11  -0.48175748E+00   0.00000000E+00
  3.   56.   0.13912301E-01  -0.41712387E-11  -0.35556474E+00   0.00000000E+00
  3.   57.   0.13912301E-01  -0.40502022E-11  -0.19110716E+00   0.00000000E+00
  3.   58.   0.13912301E-01  -0.36376682E-11   0.40775042E-03   0.00000000E+00
  3.   59.   0.13912301E-01  -0.34490032E-11   0.20592856E+00   0.00000000E+00
  3.   60.   0.13912301E-01  -0.36524034E-11   0.41144937E+00   0.00000000E+00
  3.   61.   0.13912301E-01  -0.42558739E-11   0.60296428E+00   0.00000000E+00
  3.   62.   0.13912301E-01  -0.46026573E-11   0.76742186E+00   0.00000000E+00
  3.   63.   0.13912301E-01  -0.49195184E-11   0.89361460E+00   0.00000000E+00
  3.   64.   0.13912301E-01  -0.54763896E-11   0.97294267E+00   0.00000000E+00
  3.   65.   0.13912301E-01   0.00000000E+00   0.10000000E+01   0.00000000E+00
  3.   66.  -0.16968255E-01   0.00000000E+00  -0.58814288E+00   0.00000000E+00
  3.   67.  -0.16968255E-01   0.22500652E-11  -0.56108555E+00   0.00000000E+00
  3.   68.  -0.16968255E-01   0.37032655E-11  -0.48175748E+00   0.00000000E+00
  3.   69.  -0.16968255E-01   0.41678760E-11  -0.35556474E+00   0.00000000E+00
  3.   70.  -0.16968255E-01   0.40572999E-11  -0.19110716E+00   0.00000000E+00
  3.   71.  -0.16968255E-01   0.36428099E-11   0.40775042E-03   0.00000000E+00
  3.   72.  -0.16968255E-01   0.34447247E-11   0.20592856E+00   0.00000000E+00
  3.   73.  -0.16968255E-01   0.36430920E-11   0.41144937E+00   0.00000000E+00
  3.   74.  -0.16968255E-01   0.42519021E-11   0.60296428E+00   0.00000000E+00
  3.   75.  -0.16968255E-01   0.45836855E-11   0.76742186E+00   0.00000000E+00
  3.   76.  -0.16968255E-01   0.48983533E-11   0.89361460E+00   0.00000000E+00
  3.   77.  -0.16968255E-01   0.54550557E-11   0.97294267E+00   0.00000000E+00
  3.   78.  -0.16968255E-01   0.00000000E+00   0.10000000E+01   0.00000000E+00
  4.    1.  -0.80694743E-02   0.00000000E+00   0.31887765E-01   0.00000000E+00
  4.    2.  -0.78105177E-02   0.21482617E-02   0.27615614E-01   0.00000000E+00
  4.    3.  -0.70419204E-02   0.41274897E-02   0.15943882E-01   0.00000000E+00
  4.    4.  -0.57934279E-02   0.57934279E-02   0.30076583E-11   0.00000000E+00
  4.    5.  -0.41274897E-02   0.70419204E-02  -0.15943882E-01   0.00000000E+00
  4.    6.  -0.21482617E-02   0.78105177E-02  -0.27615614E-01   0.00000000E+00
  4.    7.  -0.52513921E-11   0.80694743E-02  -0.31887765E-01   0.00000000E+00
  4.    8.   0.21482617E-02   0.78105177E-02  -0.27615614E-01   0.00000000E+00
  4.    9.   0.41274897E-02   0.70419204E-02  -0.15943882E-01   0.00000000E+00
  4.   10.   0.57934279E-02   0.57934280E-02  -0.90686489E-10   0.00000000E+00
  4.   11.   0.70419204E-02   0.41274897E-02   0.15943882E-01   0.00000000E+00
  4.   12.   0.78105177E-02   0.21482617E-02   0.27615614E-01   0.00000000E+00
  4.   13.   0.80694743E-02   0.00000000E+00   0.31887765E-01   0.00000000E+00
  4.   14.  -0.13482547E-01   0.00000000E+00   0.14447305E+00   0.00000000E+00
  4.   15.  -0.13215052E-01   0.42057616E-02   0.12511733E+00   0.00000000E+00
  4.   16.  -0.12318375E-01   0.78535043E-02   0.72236527E-01   0.00000000E+00
  4.   17.  -0.10582222E-01   0.10582222E-01   0.12762420E-09   0.00000000E+00
  4.   18.  -0.78535043E-02   0.12318375E-01  -0.72236526E-01   0.00000000E+00
  4.   19.  -0.42057616E-02   0.13215052E-01  -0.12511733E+00   0.00000000E+00
  4.   20.  -0.14925946E-10   0.13482547E-01  -0.14447305E+00   0.00000000E+00
  4.   21.   0.42057616E-02   0.13215052E-01  -0.12511733E+00   0.00000000E+00
  4.   22.   0.78535043E-02   0.12318375E-01  -0.72236527E-01   0.00000000E+00
  4.   23.   0.10582222E-01   0.10582222E-01  -0.42878054E-09   0.00000000E+00
  4.   24.   0.12318375E-01   0.78535044E-02   0.72236526E-01   0.00000000E+00
  4.   25.   0.13215052E-01   0.42057616E-02   0.12511733E+00   0.00000000E+00
  4.   26.   0.13482547E-01   0.00000000E+00   0.14447305E+00   0.00000000E+00
  4.   27.  -0.18695824E-01   0.00000000E+00   0.31841297E+00   0.00000000E+00
  4.   28.  -0.18384649E-01   0.60549972E-02   0.27575372E+00   0.00000000E+00
  4.   29.  -0.17281439E-01   0.11236507E-01   0.15920649E+00   0.00000000E+00
  4.   30.  -0.15000529E-01   0.15000529E-01   0.33503636E-09   0.00000000E+00
  4.   31.  -0.11236507E-01   0.17281439E-01  -0.15920649E+00   0.00000000E+00
  4.   32.  -0.60549972E-02   0.18384649E-01  -0.27575372E+00   0.00000000E+00
  4.   33.  -0.23498397E-10   0.18695824E-01  -0.31841297E+00   0.00000000E+00
  4.   34.   0.60549972E-02   0.18384649E-01  -0.27575372E+00   0.00000000E+00
  4.   35.   0.11236507E-01   0.17281440E-01  -0.15920649E+00   0.00000000E+00
  4.   36.   0.15000529E-01   0.15000529E-01  -0.96829895E-09   0.00000000E+00
  4.   37.   0.17281439E-01   0.11236507E-01   0.15920648E+00   0.00000000E+00
  4.   38.   0.18384649E-01   0.60549972E-02   0.27575372E+00   0.00000000E+00
  4.   39.   0.18695824E-01   0.00000000E+00   0.31841297E+00   0.00000000E+00
  4.   40.  -0.22176329E-01   0.00000000E+00   0.53886215E+00   0.00000000E+00
  4.   41.  -0.21974808E-01   0.78076553E-02   0.46666832E+00   0.00000000E+00
  4.   42.  -0.21059382E-01   0.14299590E-01   0.26943108E+00   0.00000000E+00
  4.   43.  -0.18708793E-01   0.18708793E-01   0.60753807E-09   0.00000000E+00
  4.   44.  -0.14299590E-01   0.21059382E-01  -0.26943108E+00   0.00000000E+00
  4.   45.  -0.78076553E-02   0.21974808E-01  -0.46666831E+00   0.00000000E+00
  4.   46.  -0.31961264E-10   0.22176329E-01  -0.53886215E+00   0.00000000E+00
  4.   47.   0.78076552E-02   0.21974808E-01  -0.46666832E+00   0.00000000E+00
  4.   48.   0.14299590E-01   0.21059382E-01  -0.26943108E+00   0.00000000E+00
  4.   49.   0.18708793E-01   0.18708793E-01  -0.16603856E-08   0.00000000E+00
  4.   50.   0.21059382E-01   0.14299590E-01   0.26943108E+00   0.00000000E+00
  4.   51.   0.21974808E-01   0.78076553E-02   0.46666831E+00   0.00000000E+00
  4.   52.   0.22176329E-01   0.00000000E+00   0.53886215E+00   0.00000000E+00
  4.   53.  -0.24587222E-01   0.00000000E+00   0.78974957E+00   0.00000000E+00
  4.   54.  -0.24498410E-01   0.91588642E-02   0.68394319E+00   0.00000000E+00
  4.   55.  -0.23799287E-01   0.16634352E-01   0.39487479E+00   0.00000000E+00
  4.   56.  -0.21478282E-01   0.21478282E-01   0.91980707E-09   0.00000000E+00
  4.   57.  -0.16634353E-01   0.23799287E-01  -0.39487479E+00   0.00000000E+00
  4.   58.  -0.91588642E-02   0.24498410E-01  -0.68394319E+00   0.00000000E+00
  4.   59.  -0.38823444E-10   0.24587222E-01  -0.78974957E+00   0.00000000E+00
  4.   60.   0.91588642E-02   0.24498410E-01  -0.68394319E+00   0.00000000E+00
  4.   61.   0.16634352E-01   0.23799287E-01  -0.39487479E+00   0.00000000E+00
  4.   62.   0.21478282E-01   0.21478282E-01  -0.24507249E-08   0.00000000E+00
  4.   63.   0.23799287E-01   0.16634353E-01   0.39487478E+00   0.00000000E+00
  4.   64.   0.24498410E-01   0.91588643E-02   0.68394319E+00   0.00000000E+00
  4.   65.   0.24587222E-01   0.00000000E+00   0.78974957E+00   0.00000000E+00
  4.   66.   0.24587222E-01   0.00000000E+00   0.78974957E+00   0.00000000E+00
  4.   67.   0.24498410E-01  -0.91588642E-02   0.68394319E+00   0.00000000E+00
  4.   68.   0.23799287E-01  -0.16634352E-01   0.39487479E+00   0.00000000E+00
  4.   69.   0.21478282E-01  -0.21478282E-01   0.91979171E-09   0.00000000E+00
  4.   70.   0.16634353E-01  -0.23799287E-01  -0.39487479E+00   0.00000000E+00
  4.   71.   0.91588642E-02  -0.24498410E-01  -0.68394319E+00   0.00000000E+00
  4.   72.   0.39147922E-10  -0.24587222E-01  -0.78974957E+00   0.00000000E+00
  4.   73.  -0.91588642E-02  -0.24498410E-01  -0.68394319E+00   0.00000000E+00
  4.   74.  -0.16634352E-01  -0.23799287E-01  -0.39487479E+00   0.00000000E+00
  4.   75.  -0.21478282E-01  -0.21478282E-01  -0.24507317E-08   0.00000000E+00
  4.   76.  -0.23799287E-01  -0.16634353E-01   0.39487478E+00   0.00000000E+00
  4.   77.  -0.24498410E-01  -0.91588643E-02   0.68394319E+00   0.00000000E+00
  4.   78.  -0.24587222E-01   0.00000000E+00   0.78974957E+00   0.00000000E+00
  5.    1.   0.68272900E-02   0.00000000E+00   0.19700737E+00   0.00000000E+00
  5.    2.   0.65946558E-02   0.17670327E-02   0.19700737E+00   0.00000000E+00
  5.    3.   0.59126066E-02   0.34136450E-02   0.19700737E+00   0.00000000E+00
  5.    4.   0.48276231E-02   0.48276231E-02   0.19700737E+00   0.00000000E+00
  5.    5.   0.34136450E-02   0.59126066E-02   0.19700737E+00   0.00000000E+00
  5.    6.   0.17670327E-02   0.65946558E-02   0.19700737E+00   0.00000000E+00
  5.    7.   0.78979570E-11   0.68272900E-02   0.19700737E+00   0.00000000E+00
  5.    8.  -0.17670327E-02   0.65946558E-02   0.19700737E+00   0.00000000E+00
  5.    9.  -0.34136450E-02   0.59126066E-02   0.19700737E+00   0.00000000E+00
  5.   10.  -0.48276231E-02   0.48276231E-02   0.19700737E+00   0.00000000E+00
  5.   11.  -0.59126066E-02   0.34136450E-02   0.19700737E+00   0.00000000E+00
  5.   12.  -0.65946558E-02   0.17670327E-02   0.19700737E+00   0.00000000E+00
  5.   13.  -0.68272900E-02   0.00000000E+00   0.19700737E+00   0.00000000E+00
  5.   14.   0.71035923E-02   0.00000000E+00   0.12513829E+00   0.00000000E+00
  5.   15.   0.68615433E-02   0.18385450E-02   0.12513829E+00   0.00000000E+00
  5.   16.   0.61518914E-02   0.35517962E-02   0.12513829E+00   0.00000000E+00
  5.   17.   0.50229983E-02   0.50229983E-02   0.12513829E+00   0.00000000E+00
  5.   18.   0.35517962E-02   0.61518914E-02   0.12513829E+00   0.00000000E+00
  5.   19.   0.18385450E-02   0.68615433E-02   0.12513829E+00   0.00000000E+00
  5.   20.   0.78988347E-11   0.71035923E-02   0.12513829E+00   0.00000000E+00
  5.   21.  -0.18385450E-02   0.68615433E-02   0.12513829E+00   0.00000000E+00
  5.   22.  -0.35517962E-02   0.61518914E-02   0.12513829E+00   0.00000000E+00
  5.   23.  -0.50229983E-02   0.50229983E-02   0.12513829E+00   0.00000000E+00
  5.   24.  -0.61518914E-02   0.35517962E-02   0.12513829E+00   0.00000000E+00
  5.   25.  -0.68615433E-02   0.18385450E-02   0.12513829E+00   0.00000000E+00
  5.   26.  -0.71035923E-02   0.00000000E+00   0.12513829E+00   0.00000000E+00
  5.   27.   0.80658190E-02   0.00000000E+00   0.43190211E-01   0.00000000E+00
  5.   28.   0.77909829E-02   0.20875876E-02   0.43190211E-01   0.00000000E+00
  5.   29.   0.69852041E-02   0.40329095E-02   0.43190211E-01   0.00000000E+00
  5.   30.   0.57033953E-02   0.57033953E-02   0.43190211E-01   0.00000000E+00
  5.   31.   0.40329095E-02   0.69852041E-02   0.43190211E-01   0.00000000E+00
  5.   32.   0.20875876E-02   0.77909829E-02   0.43190211E-01   0.00000000E+00
  5.   33.   0.86567786E-11   0.80658190E-02   0.43190211E-01   0.00000000E+00
  5.   34.  -0.20875876E-02   0.77909829E-02   0.43190211E-01   0.00000000E+00
  5.   35.  -0.40329095E-02   0.69852042E-02   0.43190211E-01   0.00000000E+00
  5.   36.  -0.57033953E-02   0.57033953E-02   0.43190211E-01   0.00000000E+00
  5.   37.  -0.69852041E-02   0.40329095E-02   0.43190211E-01   0.00000000E+00
  5.   38.  -0.77909829E-02   0.20875876E-02   0.43190211E-01   0.00000000E+00
  5.   39.  -0.80658190E-02   0.00000000E+00   0.43190211E-01   0.00000000E+00
  5.   40.   0.81622925E-02   0.00000000E+00  -0.44627721E-01   0.00000000E+00
  5.   41.   0.78841691E-02   0.21125567E-02  -0.44627721E-01   0.00000000E+00
  5.   42.   0.70687526E-02   0.40811462E-02  -0.44627721E-01   0.00000000E+00
  5.   43.   0.57716124E-02   0.57716124E-02  -0.44627721E-01   0.00000000E+00
  5.   44.   0.40811462E-02   0.70687526E-02  -0.44627721E-01   0.00000000E+00
  5.   45.   0.21125567E-02   0.78841691E-02  -0.44627721E-01   0.00000000E+00
  5.   46.   0.83692688E-11   0.81622925E-02  -0.44627721E-01   0.00000000E+00
  5.   47.  -0.21125567E-02   0.78841691E-02  -0.44627721E-01   0.00000000E+00
  5.   48.  -0.40811462E-02   0.70687526E-02  -0.44627721E-01   0.00000000E+00
  5.   49.  -0.57716123E-02   0.57716124E-02  -0.44627721E-01   0.00000000E+00
  5.   50.  -0.70687526E-02   0.40811463E-02  -0.44627721E-01   0.00000000E+00
  5.   51.  -0.78841691E-02   0.21125568E-02  -0.44627721E-01   0.00000000E+00
  5.   52.  -0.81622925E-02   0.00000000E+00  -0.44627721E-01   0.00000000E+00
  5.   53.   0.76755444E-02   0.00000000E+00  -0.12966378E+00   0.00000000E+00
  5.   54.   0.74140065E-02   0.19865771E-02  -0.12966378E+00   0.00000000E+00
  5.   55.   0.66472164E-02   0.38377722E-02  -0.12966378E+00   0.00000000E+00
  5.   56.   0.54274295E-02   0.54274295E-02  -0.12966378E+00   0.00000000E+00
  5.   57.   0.38377722E-02   0.66472164E-02  -0.12966378E+00   0.00000000E+00
  5.   58.   0.19865771E-02   0.74140065E-02  -0.12966378E+00   0.00000000E+00
  5.   59.   0.75002584E-11   0.76755444E-02  -0.12966378E+00   0.00000000E+00
  5.   60.  -0.19865770E-02   0.74140065E-02  -0.12966378E+00   0.00000000E+00
  5.   61.  -0.38377722E-02   0.66472164E-02  -0.12966378E+00   0.00000000E+00
  5.   62.  -0.54274295E-02   0.54274295E-02  -0.12966378E+00   0.00000000E+00
  5.   63.  -0.66472164E-02   0.38377722E-02  -0.12966378E+00   0.00000000E+00
  5.   64.  -0.74140065E-02   0.19865771E-02  -0.12966378E+00   0.00000000E+00
  5.   65.  -0.76755444E-02   0.00000000E+00  -0.12966378E+00   0.00000000E+00
  5.   66.  -0.76755444E-02   0.00000000E+00  -0.12966378E+00   0.00000000E+00
  5.   67.  -0.74140065E-02  -0.19865771E-02  -0.12966378E+00   0.00000000E+00
  5.   68.  -0.66472164E-02  -0.38377722E-02  -0.12966378E+00   0.00000000E+00
  5.   69.  -0.54274295E-02  -0.54274295E-02  -0.12966378E+00   0.00000000E+00
  5.   70.  -0.38377722E-02  -0.66472164E-02  -0.12966378E+00   0.00000000E+00
  5.   71.  -0.19865771E-02  -0.74140065E-02  -0.12966378E+00   0.00000000E+00
  5.   72.  -0.77256220E-11  -0.76755444E-02  -0.12966378E+00   0.00000000E+00
  5.   73.   0.19865770E-02  -0.74140065E-02  -0.12966378E+00   0.00000000E+00
  5.   74.   0.38377722E-02  -0.66472164E-02  -0.12966378E+00   0.00000000E+00
  5.   75.   0.54274295E-02  -0.54274295E-02  -0.12966378E+00   0.00000000E+00
  5.   76.   0.66472164E-02  -0.38377722E-02  -0.12966378E+00   0.00000000E+00
  5.   77.   0.74140065E-02  -0.19865771E-02  -0.12966378E+00   0.00000000E+00
  5.   78.   0.76755444E-02   0.00000000E+00  -0.12966378E+00   0.00000000E+00
  6.    1.  -0.11958162E-02   0.00000000E+00   0.28593099E-02   0.00000000E+00
  6.    2.  -0.10389886E-02   0.61052780E-03   0.20218374E-02   0.00000000E+00
  6.    3.  -0.60714636E-03   0.10516083E-02   0.30856268E-10   0.00000000E+00
  6.    4.  -0.92382784E-05   0.12050544E-02  -0.20218374E-02   0.00000000E+00
  6.    5.   0.59790808E-03   0.10356072E-02  -0.28593098E-02   0.00000000E+00
  6.    6.   0.10482269E-02   0.59452664E-03  -0.20218374E-02   0.00000000E+00
  6.    7.   0.12142927E-02   0.37737250E-11   0.16352764E-10   0.00000000E+00
  6.    8.   0.10482269E-02  -0.59452663E-03   0.20218374E-02   0.00000000E+00
  6.    9.   0.59790808E-03  -0.10356072E-02   0.28593099E-02   0.00000000E+00
  6.   10.  -0.92382745E-05  -0.12050544E-02   0.20218374E-02   0.00000000E+00
  6.   11.  -0.60714635E-03  -0.10516083E-02   0.41288202E-10   0.00000000E+00
  6.   12.  -0.10389886E-02  -0.61052781E-03  -0.20218374E-02   0.00000000E+00
  6.   13.  -0.11958162E-02   0.00000000E+00  -0.28593099E-02   0.00000000E+00
  6.   14.  -0.39412144E-02   0.00000000E+00   0.27815986E-01   0.00000000E+00
  6.   15.  -0.34819364E-02   0.22271655E-02   0.19668872E-01   0.00000000E+00
  6.   16.  -0.21584209E-02   0.37384947E-02   0.33040373E-10   0.00000000E+00
  6.   17.  -0.18781374E-03   0.41290281E-02  -0.19668872E-01   0.00000000E+00
  6.   18.   0.19706072E-02   0.34131918E-02  -0.27815986E-01   0.00000000E+00
  6.   19.   0.36697501E-02   0.19018626E-02  -0.19668873E-01   0.00000000E+00
  6.   20.   0.43168419E-02   0.96631338E-11  -0.81866604E-10   0.00000000E+00
  6.   21.   0.36697501E-02  -0.19018626E-02   0.19668872E-01   0.00000000E+00
  6.   22.   0.19706072E-02  -0.34131918E-02   0.27815986E-01   0.00000000E+00
  6.   23.  -0.18781372E-03  -0.41290281E-02   0.19668873E-01   0.00000000E+00
  6.   24.  -0.21584209E-02  -0.37384947E-02   0.18805583E-09   0.00000000E+00
  6.   25.  -0.34819364E-02  -0.22271655E-02  -0.19668872E-01   0.00000000E+00
  6.   26.  -0.39412144E-02   0.00000000E+00  -0.27815986E-01   0.00000000E+00
  6.   27.  -0.77508701E-02   0.00000000E+00   0.90697220E-01   0.00000000E+00
  6.   28.  -0.69508128E-02   0.47650156E-02   0.64132619E-01   0.00000000E+00
  6.   29.  -0.45266532E-02   0.78403934E-02   0.50189753E-10   0.00000000E+00
  6.   30.  -0.65121815E-03   0.84020883E-02  -0.64132619E-01   0.00000000E+00
  6.   31.   0.38754351E-02   0.67124505E-02  -0.90697220E-01   0.00000000E+00
  6.   32.   0.76020310E-02   0.36370727E-02  -0.64132619E-01   0.00000000E+00
  6.   33.   0.90533064E-02   0.17433584E-10  -0.31505089E-09   0.00000000E+00
  6.   34.   0.76020310E-02  -0.36370727E-02   0.64132619E-01   0.00000000E+00
  6.   35.   0.38754351E-02  -0.67124504E-02   0.90697220E-01   0.00000000E+00
  6.   36.  -0.65121811E-03  -0.84020883E-02   0.64132620E-01   0.00000000E+00
  6.   37.  -0.45266532E-02  -0.78403934E-02   0.57944960E-09   0.00000000E+00
  6.   38.  -0.69508128E-02  -0.47650156E-02  -0.64132619E-01   0.00000000E+00
  6.   39.  -0.77508701E-02   0.00000000E+00  -0.90697220E-01   0.00000000E+00
  6.   40.  -0.10803297E-01   0.00000000E+00   0.19123971E+00   0.00000000E+00
  6.   41.  -0.99540184E-02   0.76337466E-02   0.13522690E+00   0.00000000E+00
  6.   42.  -0.70356577E-02   0.12186117E-01   0.84041327E-10   0.00000000E+00
  6.   43.  -0.16340093E-02   0.12437306E-01  -0.13522689E+00   0.00000000E+00
  6.   44.   0.54016484E-02   0.93559295E-02  -0.19123971E+00   0.00000000E+00
  6.   45.   0.11588028E-01   0.48035595E-02  -0.13522690E+00   0.00000000E+00
  6.   46.   0.14071315E-01   0.22396839E-10  -0.67874054E-09   0.00000000E+00
  6.   47.   0.11588028E-01  -0.48035595E-02   0.13522689E+00   0.00000000E+00
  6.   48.   0.54016485E-02  -0.93559295E-02   0.19123971E+00   0.00000000E+00
  6.   49.  -0.16340092E-02  -0.12437306E-01   0.13522690E+00   0.00000000E+00
  6.   50.  -0.70356577E-02  -0.12186117E-01   0.12127216E-08   0.00000000E+00
  6.   51.  -0.99540184E-02  -0.76337467E-02  -0.13522689E+00   0.00000000E+00
  6.   52.  -0.10803297E-01   0.00000000E+00  -0.19123971E+00   0.00000000E+00
  6.   53.  -0.13196635E-01   0.00000000E+00   0.31965706E+00   0.00000000E+00
  6.   54.  -0.12354953E-01   0.10055434E-01   0.22603167E+00   0.00000000E+00
  6.   55.  -0.91291021E-02   0.15812069E-01   0.13026076E-09   0.00000000E+00
  6.   56.  -0.25307845E-02   0.15727420E-01  -0.22603167E+00   0.00000000E+00
  6.   57.   0.65983177E-02   0.11428622E-01  -0.31965706E+00   0.00000000E+00
  6.   58.   0.14885737E-01   0.56719863E-02  -0.22603167E+00   0.00000000E+00
  6.   59.   0.18258204E-01   0.25401083E-10  -0.11382687E-08   0.00000000E+00
  6.   60.   0.14885737E-01  -0.56719863E-02   0.22603167E+00   0.00000000E+00
  6.   61.   0.65983178E-02  -0.11428621E-01   0.31965706E+00   0.00000000E+00
  6.   62.  -0.25307844E-02  -0.15727420E-01   0.22603167E+00   0.00000000E+00
  6.   63.  -0.91291021E-02  -0.15812069E-01   0.20272509E-08   0.00000000E+00
  6.   64.  -0.12354953E-01  -0.10055434E-01  -0.22603167E+00   0.00000000E+00
  6.   65.  -0.13196635E-01   0.00000000E+00  -0.31965706E+00   0.00000000E+00
  6.   66.   0.13196635E-01   0.00000000E+00   0.31965706E+00   0.00000000E+00
  6.   67.   0.12354953E-01  -0.10055434E-01   0.22603167E+00   0.00000000E+00
  6.   68.   0.91291021E-02  -0.15812069E-01   0.13027670E-09   0.00000000E+00
  6.   69.   0.25307845E-02  -0.15727420E-01  -0.22603167E+00   0.00000000E+00
  6.   70.  -0.65983177E-02  -0.11428622E-01  -0.31965706E+00   0.00000000E+00
  6.   71.  -0.14885737E-01  -0.56719863E-02  -0.22603167E+00   0.00000000E+00
  6.   72.  -0.18258204E-01  -0.25717705E-10  -0.11382359E-08   0.00000000E+00
  6.   73.  -0.14885737E-01   0.56719863E-02   0.22603167E+00   0.00000000E+00
  6.   74.  -0.65983178E-02   0.11428621E-01   0.31965706E+00   0.00000000E+00
  6.   75.   0.25307844E-02   0.15727420E-01   0.22603167E+00   0.00000000E+00
  6.   76.   0.91291021E-02   0.15812069E-01   0.20272695E-08   0.00000000E+00
  6.   77.   0.12354953E-01   0.10055434E-01  -0.22603167E+00   0.00000000E+00
  6.   78.   0.13196635E-01   0.00000000E+00  -0.31965706E+00   0.00000000E+00
  7.    1.  -0.22497609E-02   0.00000000E+00   0.60272995E-01   0.00000000E+00
  7.    2.  -0.25381125E-02   0.10761429E-02   0.58219242E-01   0.00000000E+00
  7.    3.  -0.33259038E-02   0.18639342E-02   0.52197945E-01   0.00000000E+00
  7.    4.  -0.44020467E-02   0.21522858E-02   0.42619443E-01   0.00000000E+00
  7.    5.  -0.54781896E-02   0.18639342E-02   0.30136497E-01   0.00000000E+00
  7.    6.  -0.62659809E-02   0.10761429E-02   0.15599799E-01   0.00000000E+00
  7.    7.  -0.65543325E-02   0.52887413E-11   0.71459671E-10   0.00000000E+00
  7.    8.  -0.62659809E-02  -0.10761429E-02  -0.15599799E-01   0.00000000E+00
  7.    9.  -0.54781896E-02  -0.18639342E-02  -0.30136497E-01   0.00000000E+00
  7.   10.  -0.44020467E-02  -0.21522858E-02  -0.42619443E-01   0.00000000E+00
  7.   11.  -0.33259038E-02  -0.18639342E-02  -0.52197944E-01   0.00000000E+00
  7.   12.  -0.25381125E-02  -0.10761429E-02  -0.58219242E-01   0.00000000E+00
  7.   13.  -0.22497609E-02   0.00000000E+00  -0.60272995E-01   0.00000000E+00
  7.   14.   0.94999824E-04   0.00000000E+00   0.76712122E-01   0.00000000E+00
  7.   15.  -0.17664445E-03   0.10137902E-02   0.74098220E-01   0.00000000E+00
  7.   16.  -0.91879041E-03   0.17559362E-02   0.66434647E-01   0.00000000E+00
  7.   17.  -0.19325806E-02   0.20275805E-02   0.54243662E-01   0.00000000E+00
  7.   18.  -0.29463709E-02   0.17559362E-02   0.38356061E-01   0.00000000E+00
  7.   19.  -0.36885168E-02   0.10137902E-02   0.19854558E-01   0.00000000E+00
  7.   20.  -0.39601611E-02   0.50395003E-11   0.89931657E-10   0.00000000E+00
  7.   21.  -0.36885169E-02  -0.10137902E-02  -0.19854558E-01   0.00000000E+00
  7.   22.  -0.29463709E-02  -0.17559362E-02  -0.38356061E-01   0.00000000E+00
  7.   23.  -0.19325807E-02  -0.20275805E-02  -0.54243662E-01   0.00000000E+00
  7.   24.  -0.91879042E-03  -0.17559362E-02  -0.66434647E-01   0.00000000E+00
  7.   25.  -0.17664446E-03  -0.10137902E-02  -0.74098220E-01   0.00000000E+00
  7.   26.   0.94999824E-04   0.00000000E+00  -0.76712122E-01   0.00000000E+00
  7.   27.   0.40823475E-02   0.00000000E+00   0.53538630E-01   0.00000000E+00
  7.   28.   0.36899773E-02   0.14643457E-02   0.51714346E-01   0.00000000E+00
  7.   29.   0.26180018E-02   0.25363212E-02   0.46365814E-01   0.00000000E+00
  7.   30.   0.11536560E-02   0.29286915E-02   0.37857528E-01   0.00000000E+00
  7.   31.  -0.31068970E-03   0.25363212E-02   0.26769315E-01   0.00000000E+00
  7.   32.  -0.13826652E-02   0.14643457E-02   0.13856817E-01   0.00000000E+00
  7.   33.  -0.17750354E-02   0.71882894E-11   0.62576366E-10   0.00000000E+00
  7.   34.  -0.13826652E-02  -0.14643457E-02  -0.13856817E-01   0.00000000E+00
  7.   35.  -0.31068971E-03  -0.25363212E-02  -0.26769315E-01   0.00000000E+00
  7.   36.   0.11536560E-02  -0.29286915E-02  -0.37857528E-01   0.00000000E+00
  7.   37.   0.26180018E-02  -0.25363212E-02  -0.46365814E-01   0.00000000E+00
  7.   38.   0.36899773E-02  -0.14643458E-02  -0.51714345E-01   0.00000000E+00
  7.   39.   0.40823475E-02   0.00000000E+00  -0.53538630E-01   0.00000000E+00
  7.   40.   0.61958604E-02   0.00000000E+00  -0.39403405E-02   0.00000000E+00
  7.   41.   0.57875141E-02   0.15239690E-02  -0.38060767E-02   0.00000000E+00
  7.   42.   0.46718914E-02   0.26395917E-02  -0.34124350E-02   0.00000000E+00
  7.   43.   0.31479224E-02   0.30479380E-02  -0.27862415E-02   0.00000000E+00
  7.   44.   0.16239535E-02   0.26395917E-02  -0.19701703E-02   0.00000000E+00
  7.   45.   0.50833074E-03   0.15239690E-02  -0.10198352E-02   0.00000000E+00
  7.   46.   0.99984486E-04   0.74015847E-11  -0.73679304E-11   0.00000000E+00
  7.   47.   0.50833074E-03  -0.15239690E-02   0.10198352E-02   0.00000000E+00
  7.   48.   0.16239535E-02  -0.26395917E-02   0.19701703E-02   0.00000000E+00
  7.   49.   0.31479224E-02  -0.30479380E-02   0.27862415E-02   0.00000000E+00
  7.   50.   0.46718914E-02  -0.26395917E-02   0.34124350E-02   0.00000000E+00
  7.   51.   0.57875141E-02  -0.15239690E-02   0.38060767E-02   0.00000000E+00
  7.   52.   0.61958604E-02   0.00000000E+00   0.39403405E-02   0.00000000E+00
  7.   53.   0.62252711E-02   0.00000000E+00  -0.71637835E-01   0.00000000E+00
  7.   54.   0.58958539E-02   0.12294017E-02  -0.69196835E-01   0.00000000E+00
  7.   55.   0.49958694E-02   0.21293863E-02  -0.62040185E-01   0.00000000E+00
  7.   56.   0.37664676E-02   0.24588035E-02  -0.50655599E-01   0.00000000E+00
  7.   57.   0.25370659E-02   0.21293863E-02  -0.35818918E-01   0.00000000E+00
  7.   58.   0.16370814E-02   0.12294017E-02  -0.18541236E-01   0.00000000E+00
  7.   59.   0.13076642E-02   0.63035444E-11  -0.89300512E-10   0.00000000E+00
  7.   60.   0.16370814E-02  -0.12294017E-02   0.18541236E-01   0.00000000E+00
  7.   61.   0.25370659E-02  -0.21293863E-02   0.35818917E-01   0.00000000E+00
  7.   62.   0.37664676E-02  -0.24588035E-02   0.50655599E-01   0.00000000E+00
  7.   63.   0.49958693E-02  -0.21293863E-02   0.62040185E-01   0.00000000E+00
  7.   64.   0.58958539E-02  -0.12294017E-02   0.69196835E-01   0.00000000E+00
  7.   65.   0.62252711E-02   0.00000000E+00   0.71637835E-01   0.00000000E+00
  7.   66.  -0.62252711E-02   0.00000000E+00  -0.71637835E-01   0.00000000E+00
  7.   67.  -0.58958539E-02  -0.12294017E-02  -0.69196835E-01   0.00000000E+00
  7.   68.  -0.49958694E-02  -0.21293863E-02  -0.62040185E-01   0.00000000E+00
  7.   69.  -0.37664676E-02  -0.24588035E-02  -0.50655599E-01   0.00000000E+00
  7.   70.  -0.25370659E-02  -0.21293863E-02  -0.35818918E-01   0.00000000E+00
  7.   71.  -0.16370814E-02  -0.12294017E-02  -0.18541236E-01   0.00000000E+00
  7.   72.  -0.13076642E-02  -0.56450232E-11  -0.89302207E-10   0.00000000E+00
  7.   73.  -0.16370814E-02   0.12294017E-02   0.18541236E-01   0.00000000E+00
  7.   74.  -0.25370659E-02   0.21293863E-02   0.35818917E-01   0.00000000E+00
  7.   75.  -0.37664676E-02   0.24588035E-02   0.50655599E-01   0.00000000E+00
  7.   76.  -0.49958693E-02   0.21293863E-02   0.62040185E-01   0.00000000E+00
  7.   77.  -0.58958539E-02   0.12294017E-02   0.69196835E-01   0.00000000E+00
  7.   78.  -0.62252711E-02   0.00000000E+00   0.71637835E-01   0.00000000E+00
  8.    1.  -0.19900195E-03   0.00000000E+00   0.32088997E-03   0.00000000E+00
  8.    2.  -0.14110889E-03   0.14218331E-03   0.16044499E-03   0.00000000E+00
  8.    3.  -0.75972735E-06   0.20031783E-03  -0.16044498E-03   0.00000000E+00
  8.    4.   0.14071563E-03   0.14071563E-03  -0.32088997E-03   0.00000000E+00
  8.    5.   0.20031783E-03  -0.75972649E-06  -0.16044499E-03   0.00000000E+00
  8.    6.   0.14218331E-03  -0.14110889E-03   0.16044498E-03   0.00000000E+00
  8.    7.   0.28889717E-12  -0.19900195E-03   0.32088997E-03   0.00000000E+00
  8.    8.  -0.14218331E-03  -0.14110889E-03   0.16044498E-03   0.00000000E+00
  8.    9.  -0.20031783E-03  -0.75972813E-06  -0.16044499E-03   0.00000000E+00
  8.   10.  -0.14071563E-03   0.14071563E-03  -0.32088998E-03   0.00000000E+00
  8.   11.   0.75972563E-06   0.20031783E-03  -0.16044499E-03   0.00000000E+00
  8.   12.   0.14110889E-03   0.14218331E-03   0.16044498E-03   0.00000000E+00
  8.   13.   0.19900195E-03   0.00000000E+00   0.32088997E-03   0.00000000E+00
  8.   14.  -0.13345260E-02   0.00000000E+00   0.70170630E-02   0.00000000E+00
  8.   15.  -0.96940955E-03   0.10397795E-02   0.35085315E-02   0.00000000E+00
  8.   16.  -0.49759084E-04   0.14207112E-02  -0.35085315E-02   0.00000000E+00
  8.   17.   0.94365235E-03   0.94365235E-03  -0.70170630E-02   0.00000000E+00
  8.   18.   0.14207112E-02  -0.49759081E-04  -0.35085315E-02   0.00000000E+00
  8.   19.   0.10397795E-02  -0.96940955E-03   0.35085315E-02   0.00000000E+00
  8.   20.   0.49781368E-11  -0.13345260E-02   0.70170630E-02   0.00000000E+00
  8.   21.  -0.10397795E-02  -0.96940955E-03   0.35085315E-02   0.00000000E+00
  8.   22.  -0.14207112E-02  -0.49759090E-04  -0.35085315E-02   0.00000000E+00
  8.   23.  -0.94365236E-03   0.94365235E-03  -0.70170630E-02   0.00000000E+00
  8.   24.   0.49759075E-04   0.14207112E-02  -0.35085316E-02   0.00000000E+00
  8.   25.   0.96940954E-03   0.10397795E-02   0.35085315E-02   0.00000000E+00
  8.   26.   0.13345260E-02   0.00000000E+00   0.70170630E-02   0.00000000E+00
  8.   27.  -0.37114073E-02   0.00000000E+00   0.33528599E-01   0.00000000E+00
  8.   28.  -0.27909050E-02   0.32459111E-02   0.16764300E-01   0.00000000E+00
  8.   29.  -0.32173789E-03   0.42686737E-02  -0.16764300E-01   0.00000000E+00
  8.   30.   0.26243612E-02   0.26243613E-02  -0.33528599E-01   0.00000000E+00
  8.   31.   0.42686737E-02  -0.32173788E-03  -0.16764300E-01   0.00000000E+00
  8.   32.   0.32459111E-02  -0.27909050E-02   0.16764299E-01   0.00000000E+00
  8.   33.   0.16395222E-10  -0.37114073E-02   0.33528599E-01   0.00000000E+00
  8.   34.  -0.32459111E-02  -0.27909051E-02   0.16764300E-01   0.00000000E+00
  8.   35.  -0.42686737E-02  -0.32173791E-03  -0.16764299E-01   0.00000000E+00
  8.   36.  -0.26243613E-02   0.26243612E-02  -0.33528599E-01   0.00000000E+00
  8.   37.   0.32173787E-03   0.42686736E-02  -0.16764300E-01   0.00000000E+00
  8.   38.   0.27909050E-02   0.32459112E-02   0.16764299E-01   0.00000000E+00
  8.   39.   0.37114073E-02   0.00000000E+00   0.33528599E-01   0.00000000E+00
  8.   40.  -0.60749975E-02   0.00000000E+00   0.86663271E-01   0.00000000E+00
  8.   41.  -0.48368640E-02   0.63154282E-02   0.43331636E-01   0.00000000E+00
  8.   42.  -0.10455028E-02   0.78858615E-02  -0.43331636E-01   0.00000000E+00
  8.   43.   0.42956719E-02   0.42956719E-02  -0.86663271E-01   0.00000000E+00
  8.   44.   0.78858615E-02  -0.10455028E-02  -0.43331636E-01   0.00000000E+00
  8.   45.   0.63154282E-02  -0.48368640E-02   0.43331635E-01   0.00000000E+00
  8.   46.   0.32719169E-10  -0.60749975E-02   0.86663271E-01   0.00000000E+00
  8.   47.  -0.63154282E-02  -0.48368640E-02   0.43331636E-01   0.00000000E+00
  8.   48.  -0.78858615E-02  -0.10455028E-02  -0.43331635E-01   0.00000000E+00
  8.   49.  -0.42956719E-02   0.42956719E-02  -0.86663271E-01   0.00000000E+00
  8.   50.   0.10455028E-02   0.78858614E-02  -0.43331636E-01   0.00000000E+00
  8.   51.   0.48368640E-02   0.63154283E-02   0.43331635E-01   0.00000000E+00
  8.   52.   0.60749975E-02   0.00000000E+00   0.86663271E-01   0.00000000E+00
  8.   53.  -0.81551640E-02   0.00000000E+00   0.16237877E+00   0.00000000E+00
  8.   54.  -0.66850750E-02   0.91944725E-02   0.81189386E-01   0.00000000E+00
  8.   55.  -0.17744120E-02   0.11228536E-01  -0.81189386E-01   0.00000000E+00
  8.   56.   0.57665718E-02   0.57665718E-02  -0.16237877E+00   0.00000000E+00
  8.   57.   0.11228536E-01  -0.17744120E-02  -0.81189387E-01   0.00000000E+00
  8.   58.   0.91944725E-02  -0.66850750E-02   0.81189386E-01   0.00000000E+00
  8.   59.   0.48125694E-10  -0.81551640E-02   0.16237877E+00   0.00000000E+00
  8.   60.  -0.91944725E-02  -0.66850750E-02   0.81189387E-01   0.00000000E+00
  8.   61.  -0.11228536E-01  -0.17744120E-02  -0.81189385E-01   0.00000000E+00
  8.   62.  -0.57665718E-02   0.57665717E-02  -0.16237877E+00   0.00000000E+00
  8.   63.   0.17744119E-02   0.11228536E-01  -0.81189387E-01   0.00000000E+00
  8.   64.   0.66850750E-02   0.91944726E-02   0.81189385E-01   0.00000000E+00
  8.   65.   0.81551640E-02   0.00000000E+00   0.16237877E+00   0.00000000E+00
  8.   66.   0.81551640E-02   0.00000000E+00   0.16237877E+00   0.00000000E+00
  8.   67.   0.66850750E-02  -0.91944725E-02   0.81189386E-01   0.00000000E+00
  8.   68.   0.17744120E-02  -0.11228536E-01  -0.81189386E-01   0.00000000E+00
  8.   69.  -0.57665718E-02  -0.57665718E-02  -0.16237877E+00   0.00000000E+00
  8.   70.  -0.11228536E-01   0.17744120E-02  -0.81189387E-01   0.00000000E+00
  8.   71.  -0.91944725E-02   0.66850750E-02   0.81189386E-01   0.00000000E+00
  8.   72.  -0.48231760E-10   0.81551640E-02   0.16237877E+00   0.00000000E+00
  8.   73.   0.91944725E-02   0.66850750E-02   0.81189387E-01   0.00000000E+00
  8.   74.   0.11228536E-01   0.17744120E-02  -0.81189385E-01   0.00000000E+00
  8.   75.   0.57665718E-02  -0.57665717E-02  -0.16237877E+00   0.00000000E+00
  8.   76.  -0.17744119E-02  -0.11228536E-01  -0.81189387E-01   0.00000000E+00
  8.   77.  -0.66850750E-02  -0.91944726E-02   0.81189385E-01   0.00000000E+00
  8.   78.  -0.81551640E-02   0.00000000E+00   0.16237877E+00   0.00000000E+00
  9.    1.  -0.37105459E-04   0.00000000E+00   0.42901253E-04   0.00000000E+00
  9.    2.  -0.18565585E-04   0.32182247E-04   0.11103661E-04   0.00000000E+00
  9.    3.   0.18539875E-04   0.32156536E-04  -0.37153577E-04   0.00000000E+00
  9.    4.   0.37131171E-04  -0.25710841E-07  -0.30335768E-04   0.00000000E+00
  9.    5.   0.18591296E-04  -0.32156537E-04   0.21450627E-04   0.00000000E+00
  9.    6.  -0.18565585E-04  -0.32130827E-04   0.41439430E-04   0.00000000E+00
  9.    7.  -0.37156881E-04  -0.44544822E-12   0.12233016E-12   0.00000000E+00
  9.    8.  -0.18565585E-04   0.32130826E-04  -0.41439430E-04   0.00000000E+00
  9.    9.   0.18591296E-04   0.32156537E-04  -0.21450627E-04   0.00000000E+00
  9.   10.   0.37131170E-04   0.25710627E-07   0.30335768E-04   0.00000000E+00
  9.   11.   0.18539875E-04  -0.32156537E-04   0.37153577E-04   0.00000000E+00
  9.   12.  -0.18565585E-04  -0.32182247E-04  -0.11103661E-04   0.00000000E+00
  9.   13.  -0.37105460E-04   0.00000000E+00  -0.42901254E-04   0.00000000E+00
  9.   14.  -0.51156525E-03   0.00000000E+00   0.21560358E-02   0.00000000E+00
  9.   15.  -0.26673452E-03   0.48390154E-03   0.55802313E-03   0.00000000E+00
  9.   16.   0.24483073E-03   0.46199775E-03  -0.18671818E-02   0.00000000E+00
  9.   17.   0.53346905E-03  -0.21903790E-04  -0.15245475E-02   0.00000000E+00
  9.   18.   0.28863832E-03  -0.46199775E-03   0.10780179E-02   0.00000000E+00
  9.   19.  -0.26673452E-03  -0.44009396E-03   0.20825707E-02   0.00000000E+00
  9.   20.  -0.55537284E-03  -0.27597367E-11   0.12862119E-10   0.00000000E+00
  9.   21.  -0.26673453E-03   0.44009395E-03  -0.20825707E-02   0.00000000E+00
  9.   22.   0.28863831E-03   0.46199775E-03  -0.10780179E-02   0.00000000E+00
  9.   23.   0.53346905E-03   0.21903795E-04   0.15245475E-02   0.00000000E+00
  9.   24.   0.24483074E-03  -0.46199774E-03   0.18671818E-02   0.00000000E+00
  9.   25.  -0.26673452E-03  -0.48390154E-03  -0.55802311E-03   0.00000000E+00
  9.   26.  -0.51156525E-03   0.00000000E+00  -0.21560358E-02   0.00000000E+00
  9.   27.  -0.20287808E-02   0.00000000E+00   0.14988294E-01   0.00000000E+00
  9.   28.  -0.11280250E-02   0.21810657E-02   0.38792560E-02   0.00000000E+00
  9.   29.   0.90075582E-03   0.19537966E-02  -0.12980244E-01   0.00000000E+00
  9.   30.   0.22560499E-02  -0.22726915E-03  -0.10598325E-01   0.00000000E+00
  9.   31.   0.13552941E-02  -0.19537966E-02   0.74941471E-02   0.00000000E+00
  9.   32.  -0.11280250E-02  -0.17265274E-02   0.14477581E-01   0.00000000E+00
  9.   33.  -0.24833191E-02  -0.92725526E-11   0.89005575E-10   0.00000000E+00
  9.   34.  -0.11280250E-02   0.17265274E-02  -0.14477581E-01   0.00000000E+00
  9.   35.   0.13552941E-02   0.19537966E-02  -0.74941473E-02   0.00000000E+00
  9.   36.   0.22560499E-02   0.22726917E-03   0.10598324E-01   0.00000000E+00
  9.   37.   0.90075584E-03  -0.19537965E-02   0.12980244E-01   0.00000000E+00
  9.   38.  -0.11280250E-02  -0.21810657E-02  -0.38792559E-02   0.00000000E+00
  9.   39.  -0.20287808E-02   0.00000000E+00  -0.14988294E-01   0.00000000E+00
  9.   40.  -0.39177739E-02   0.00000000E+00   0.47245808E-01   0.00000000E+00
  9.   41.  -0.24228440E-02   0.51244029E-02   0.12228115E-01   0.00000000E+00
  9.   42.   0.14949299E-02   0.41964889E-02  -0.40916070E-01   0.00000000E+00
  9.   43.   0.48456879E-02  -0.92791402E-03  -0.33407832E-01   0.00000000E+00
  9.   44.   0.33507580E-02  -0.41964889E-02   0.23622904E-01   0.00000000E+00
  9.   45.  -0.24228440E-02  -0.32685748E-02   0.45635946E-01   0.00000000E+00
  9.   46.  -0.57736020E-02  -0.16548814E-10   0.27797822E-09   0.00000000E+00
  9.   47.  -0.24228440E-02   0.32685748E-02  -0.45635946E-01   0.00000000E+00
  9.   48.   0.33507580E-02   0.41964889E-02  -0.23622904E-01   0.00000000E+00
  9.   49.   0.48456880E-02   0.92791406E-03   0.33407831E-01   0.00000000E+00
  9.   50.   0.14949300E-02  -0.41964888E-02   0.40916070E-01   0.00000000E+00
  9.   51.  -0.24228439E-02  -0.51244029E-02  -0.12228114E-01   0.00000000E+00
  9.   52.  -0.39177739E-02   0.00000000E+00  -0.47245808E-01   0.00000000E+00
  9.   53.  -0.57591778E-02   0.00000000E+00   0.98344078E-01   0.00000000E+00
  9.   54.  -0.37381572E-02   0.81918147E-02   0.25453320E-01   0.00000000E+00
  9.   55.   0.20210206E-02   0.64746782E-02  -0.85168470E-01   0.00000000E+00
  9.   56.   0.74763143E-02  -0.17171366E-02  -0.69539765E-01   0.00000000E+00
  9.   57.   0.54552938E-02  -0.64746782E-02   0.49172039E-01   0.00000000E+00
  9.   58.  -0.37381571E-02  -0.47575416E-02   0.94993085E-01   0.00000000E+00
  9.   59.  -0.91934509E-02  -0.23173070E-10   0.57671343E-09   0.00000000E+00
  9.   60.  -0.37381572E-02   0.47575415E-02  -0.94993085E-01   0.00000000E+00
  9.   61.   0.54552937E-02   0.64746782E-02  -0.49172040E-01   0.00000000E+00
  9.   62.   0.74763144E-02   0.17171366E-02   0.69539764E-01   0.00000000E+00
  9.   63.   0.20210206E-02  -0.64746781E-02   0.85168471E-01   0.00000000E+00
  9.   64.  -0.37381571E-02  -0.81918148E-02  -0.25453319E-01   0.00000000E+00
  9.   65.  -0.57591778E-02   0.00000000E+00  -0.98344078E-01   0.00000000E+00
  9.   66.   0.57591778E-02   0.00000000E+00   0.98344078E-01   0.00000000E+00
  9.   67.   0.37381572E-02  -0.81918147E-02   0.25453320E-01   0.00000000E+00
  9.   68.  -0.20210206E-02  -0.64746782E-02  -0.85168470E-01   0.00000000E+00
  9.   69.  -0.74763143E-02   0.17171366E-02  -0.69539765E-01   0.00000000E+00
  9.   70.  -0.54552938E-02   0.64746782E-02   0.49172039E-01   0.00000000E+00
  9.   71.   0.37381571E-02   0.47575416E-02   0.94993085E-01   0.00000000E+00
  9.   72.   0.91934509E-02   0.22455254E-10   0.57671322E-09   0.00000000E+00
  9.   73.   0.37381572E-02  -0.47575415E-02  -0.94993085E-01   0.00000000E+00
  9.   74.  -0.54552937E-02  -0.64746782E-02  -0.49172040E-01   0.00000000E+00
  9.   75.  -0.74763144E-02  -0.17171366E-02   0.69539764E-01   0.00000000E+00
  9.   76.  -0.20210206E-02   0.64746781E-02   0.85168471E-01   0.00000000E+00
  9.   77.   0.37381571E-02   0.81918148E-02  -0.25453319E-01   0.00000000E+00
  9.   78.   0.57591778E-02   0.00000000E+00  -0.98344078E-01   0.00000000E+00
 10.    1.  -0.21243671E-02   0.00000000E+00   0.13300023E-01   0.00000000E+00
 10.    2.  -0.21875967E-02   0.10559515E-02   0.11518158E-01   0.00000000E+00
 10.    3.  -0.22935350E-02   0.18481521E-02   0.66500116E-02   0.00000000E+00
 10.    4.  -0.22431726E-02   0.22431726E-02   0.18319470E-10   0.00000000E+00
 10.    5.  -0.18481521E-02   0.22935350E-02  -0.66500116E-02   0.00000000E+00
 10.    6.  -0.10559515E-02   0.21875967E-02  -0.11518158E-01   0.00000000E+00
 10.    7.  -0.48616060E-11   0.21243671E-02  -0.13300023E-01   0.00000000E+00
 10.    8.   0.10559515E-02   0.21875967E-02  -0.11518158E-01   0.00000000E+00
 10.    9.   0.18481521E-02   0.22935350E-02  -0.66500116E-02   0.00000000E+00
 10.   10.   0.22431726E-02   0.22431726E-02  -0.42014995E-10   0.00000000E+00
 10.   11.   0.22935350E-02   0.18481521E-02   0.66500115E-02   0.00000000E+00
 10.   12.   0.21875968E-02   0.10559515E-02   0.11518158E-01   0.00000000E+00
 10.   13.   0.21243671E-02   0.00000000E+00   0.13300023E-01   0.00000000E+00
 10.   14.  -0.17446057E-02   0.00000000E+00   0.37419925E-01   0.00000000E+00
 10.   15.  -0.19576855E-02   0.14686175E-02   0.32406605E-01   0.00000000E+00
 10.   16.  -0.24227621E-02   0.24517414E-02   0.18709962E-01   0.00000000E+00
 10.   17.  -0.27227315E-02   0.27227315E-02   0.50806725E-10   0.00000000E+00
 10.   18.  -0.24517414E-02   0.24227621E-02  -0.18709962E-01   0.00000000E+00
 10.   19.  -0.14686175E-02   0.19576855E-02  -0.32406605E-01   0.00000000E+00
 10.   20.  -0.69780206E-11   0.17446057E-02  -0.37419925E-01   0.00000000E+00
 10.   21.   0.14686175E-02   0.19576855E-02  -0.32406605E-01   0.00000000E+00
 10.   22.   0.24517414E-02   0.24227621E-02  -0.18709962E-01   0.00000000E+00
 10.   23.   0.27227315E-02   0.27227315E-02  -0.12203454E-09   0.00000000E+00
 10.   24.   0.24227621E-02   0.24517414E-02   0.18709962E-01   0.00000000E+00
 10.   25.   0.19576855E-02   0.14686175E-02   0.32406605E-01   0.00000000E+00
 10.   26.   0.17446057E-02   0.00000000E+00   0.37419925E-01   0.00000000E+00
 10.   27.   0.15284424E-02   0.00000000E+00   0.39937195E-01   0.00000000E+00
 10.   28.   0.93677915E-03   0.16181606E-02   0.34586625E-01   0.00000000E+00
 10.   29.  -0.48180941E-03   0.23629608E-02   0.19968597E-01   0.00000000E+00
 10.   30.  -0.18675635E-02   0.18675635E-02   0.53903954E-10   0.00000000E+00
 10.   31.  -0.23629608E-02   0.48180942E-03  -0.19968597E-01   0.00000000E+00
 10.   32.  -0.16181606E-02  -0.93677915E-03  -0.34586625E-01   0.00000000E+00
 10.   33.  -0.80172500E-11  -0.15284424E-02  -0.39937195E-01   0.00000000E+00
 10.   34.   0.16181606E-02  -0.93677916E-03  -0.34586625E-01   0.00000000E+00
 10.   35.   0.23629608E-02   0.48180941E-03  -0.19968597E-01   0.00000000E+00
 10.   36.   0.18675635E-02   0.18675635E-02  -0.13108622E-09   0.00000000E+00
 10.   37.   0.48180943E-03   0.23629608E-02   0.19968597E-01   0.00000000E+00
 10.   38.  -0.93677914E-03   0.16181606E-02   0.34586625E-01   0.00000000E+00
 10.   39.  -0.15284424E-02   0.00000000E+00   0.39937195E-01   0.00000000E+00
 10.   40.   0.43082258E-02   0.00000000E+00   0.64796641E-02   0.00000000E+00
 10.   41.   0.35636458E-02   0.11158974E-02   0.56115537E-02   0.00000000E+00
 10.   42.   0.17308195E-02   0.13103586E-02   0.32398321E-02   0.00000000E+00
 10.   43.  -0.21995936E-03   0.21995937E-03   0.86047013E-11   0.00000000E+00
 10.   44.  -0.13103586E-02  -0.17308194E-02  -0.32398321E-02   0.00000000E+00
 10.   45.  -0.11158974E-02  -0.35636458E-02  -0.56115537E-02   0.00000000E+00
 10.   46.  -0.58375302E-11  -0.43082258E-02  -0.64796641E-02   0.00000000E+00
 10.   47.   0.11158974E-02  -0.35636458E-02  -0.56115537E-02   0.00000000E+00
 10.   48.   0.13103586E-02  -0.17308195E-02  -0.32398321E-02   0.00000000E+00
 10.   49.   0.21995938E-03   0.21995935E-03  -0.21630023E-10   0.00000000E+00
 10.   50.  -0.17308194E-02   0.13103586E-02   0.32398320E-02   0.00000000E+00
 10.   51.  -0.35636458E-02   0.11158974E-02   0.56115537E-02   0.00000000E+00
 10.   52.  -0.43082258E-02   0.00000000E+00   0.64796641E-02   0.00000000E+00
 10.   53.   0.46815902E-02   0.00000000E+00  -0.43303464E-01   0.00000000E+00
 10.   54.   0.41165403E-02   0.30176863E-03  -0.37501900E-01   0.00000000E+00
 10.   55.   0.26974509E-02   0.94681849E-05  -0.21651732E-01   0.00000000E+00
 10.   56.   0.10945347E-02  -0.10945347E-02  -0.59158441E-10   0.00000000E+00
 10.   57.  -0.94681827E-05  -0.26974509E-02   0.21651732E-01   0.00000000E+00
 10.   58.  -0.30176863E-03  -0.41165403E-02   0.37501900E-01   0.00000000E+00
 10.   59.  -0.18421450E-11  -0.46815902E-02   0.43303464E-01   0.00000000E+00
 10.   60.   0.30176863E-03  -0.41165403E-02   0.37501900E-01   0.00000000E+00
 10.   61.   0.94681888E-05  -0.26974509E-02   0.21651732E-01   0.00000000E+00
 10.   62.  -0.10945347E-02  -0.10945347E-02   0.14192517E-09   0.00000000E+00
 10.   63.  -0.26974509E-02   0.94681786E-05  -0.21651732E-01   0.00000000E+00
 10.   64.  -0.41165403E-02   0.30176863E-03  -0.37501900E-01   0.00000000E+00
 10.   65.  -0.46815902E-02   0.00000000E+00  -0.43303464E-01   0.00000000E+00
 10.   66.  -0.46815902E-02   0.00000000E+00  -0.43303464E-01   0.00000000E+00
 10.   67.  -0.41165403E-02  -0.30176863E-03  -0.37501900E-01   0.00000000E+00
 10.   68.  -0.26974509E-02  -0.94681850E-05  -0.21651732E-01   0.00000000E+00
 10.   69.  -0.10945347E-02   0.10945347E-02  -0.59162338E-10   0.00000000E+00
 10.   70.   0.94681825E-05   0.26974509E-02   0.21651732E-01   0.00000000E+00
 10.   71.   0.30176863E-03   0.41165403E-02   0.37501900E-01   0.00000000E+00
 10.   72.   0.18323674E-11   0.46815902E-02   0.43303464E-01   0.00000000E+00
 10.   73.  -0.30176863E-03   0.41165403E-02   0.37501900E-01   0.00000000E+00
 10.   74.  -0.94681888E-05   0.26974509E-02   0.21651732E-01   0.00000000E+00
 10.   75.   0.10945347E-02   0.10945347E-02   0.14191807E-09   0.00000000E+00
 10.   76.   0.26974509E-02  -0.94681788E-05  -0.21651732E-01   0.00000000E+00
 10.   77.   0.41165403E-02  -0.30176863E-03  -0.37501900E-01   0.00000000E+00
 10.   78.   0.46815902E-02   0.00000000E+00  -0.43303464E-01   0.00000000E+00
 11.    1.   0.65045405E-02   0.00000000E+00   0.73946396E-01   0.00000000E+00
 11.    2.   0.62829036E-02   0.16834990E-02   0.73946396E-01   0.00000000E+00
 11.    3.   0.56330973E-02   0.32522702E-02   0.73946396E-01   0.00000000E+00
 11.    4.   0.45994047E-02   0.45994047E-02   0.73946396E-01   0.00000000E+00
 11.    5.   0.32522702E-02   0.56330973E-02   0.73946396E-01   0.00000000E+00
 11.    6.   0.16834990E-02   0.62829036E-02   0.73946396E-01   0.00000000E+00
 11.    7.   0.69824868E-11   0.65045405E-02   0.73946396E-01   0.00000000E+00
 11.    8.  -0.16834989E-02   0.62829036E-02   0.73946396E-01   0.00000000E+00
 11.    9.  -0.32522702E-02   0.56330973E-02   0.73946396E-01   0.00000000E+00
 11.   10.  -0.45994047E-02   0.45994047E-02   0.73946396E-01   0.00000000E+00
 11.   11.  -0.56330973E-02   0.32522702E-02   0.73946396E-01   0.00000000E+00
 11.   12.  -0.62829036E-02   0.16834990E-02   0.73946396E-01   0.00000000E+00
 11.   13.  -0.65045405E-02   0.00000000E+00   0.73946396E-01   0.00000000E+00
 11.   14.   0.52076138E-02   0.00000000E+00   0.99548168E-02   0.00000000E+00
 11.   15.   0.50301686E-02   0.13478296E-02   0.99548168E-02   0.00000000E+00
 11.   16.   0.45099258E-02   0.26038069E-02   0.99548168E-02   0.00000000E+00
 11.   17.   0.36823390E-02   0.36823390E-02   0.99548168E-02   0.00000000E+00
 11.   18.   0.26038069E-02   0.45099258E-02   0.99548168E-02   0.00000000E+00
 11.   19.   0.13478296E-02   0.50301686E-02   0.99548168E-02   0.00000000E+00
 11.   20.   0.59555855E-11   0.52076138E-02   0.99548168E-02   0.00000000E+00
 11.   21.  -0.13478296E-02   0.50301686E-02   0.99548168E-02   0.00000000E+00
 11.   22.  -0.26038069E-02   0.45099258E-02   0.99548168E-02   0.00000000E+00
 11.   23.  -0.36823390E-02   0.36823390E-02   0.99548168E-02   0.00000000E+00
 11.   24.  -0.45099258E-02   0.26038069E-02   0.99548168E-02   0.00000000E+00
 11.   25.  -0.50301686E-02   0.13478296E-02   0.99548168E-02   0.00000000E+00
 11.   26.  -0.52076138E-02   0.00000000E+00   0.99548168E-02   0.00000000E+00
 11.   27.   0.88356400E-03   0.00000000E+00  -0.25326224E-01   0.00000000E+00
 11.   28.   0.85345729E-03   0.22868319E-03  -0.25326224E-01   0.00000000E+00
 11.   29.   0.76518887E-03   0.44178200E-03  -0.25326224E-01   0.00000000E+00
 11.   30.   0.62477410E-03   0.62477410E-03  -0.25326224E-01   0.00000000E+00
 11.   31.   0.44178200E-03   0.76518887E-03  -0.25326224E-01   0.00000000E+00
 11.   32.   0.22868319E-03   0.85345729E-03  -0.25326224E-01   0.00000000E+00
 11.   33.   0.95519746E-12   0.88356400E-03  -0.25326224E-01   0.00000000E+00
 11.   34.  -0.22868319E-03   0.85345729E-03  -0.25326224E-01   0.00000000E+00
 11.   35.  -0.44178200E-03   0.76518887E-03  -0.25326224E-01   0.00000000E+00
 11.   36.  -0.62477410E-03   0.62477410E-03  -0.25326224E-01   0.00000000E+00
 11.   37.  -0.76518887E-03   0.44178200E-03  -0.25326224E-01   0.00000000E+00
 11.   38.  -0.85345729E-03   0.22868319E-03  -0.25326224E-01   0.00000000E+00
 11.   39.  -0.88356400E-03   0.00000000E+00  -0.25326224E-01   0.00000000E+00
 11.   40.  -0.33362384E-02   0.00000000E+00  -0.96311523E-02   0.00000000E+00
 11.   41.  -0.32225589E-02  -0.86348204E-03  -0.96311523E-02   0.00000000E+00
 11.   42.  -0.28892672E-02  -0.16681192E-02  -0.96311523E-02   0.00000000E+00
 11.   43.  -0.23590768E-02  -0.23590768E-02  -0.96311523E-02   0.00000000E+00
 11.   44.  -0.16681192E-02  -0.28892672E-02  -0.96311523E-02   0.00000000E+00
 11.   45.  -0.86348204E-03  -0.32225589E-02  -0.96311523E-02   0.00000000E+00
 11.   46.  -0.41017439E-11  -0.33362384E-02  -0.96311523E-02   0.00000000E+00
 11.   47.   0.86348204E-03  -0.32225589E-02  -0.96311523E-02   0.00000000E+00
 11.   48.   0.16681192E-02  -0.28892672E-02  -0.96311523E-02   0.00000000E+00
 11.   49.   0.23590768E-02  -0.23590768E-02  -0.96311523E-02   0.00000000E+00
 11.   50.   0.28892672E-02  -0.16681192E-02  -0.96311523E-02   0.00000000E+00
 11.   51.   0.32225588E-02  -0.86348205E-03  -0.96311523E-02   0.00000000E+00
 11.   52.   0.33362384E-02   0.00000000E+00  -0.96311523E-02   0.00000000E+00
 11.   53.  -0.41020786E-02   0.00000000E+00   0.32991864E-01   0.00000000E+00
 11.   54.  -0.39623036E-02  -0.10616961E-02   0.32991864E-01   0.00000000E+00
 11.   55.  -0.35525043E-02  -0.20510393E-02   0.32991864E-01   0.00000000E+00
 11.   56.  -0.29006076E-02  -0.29006076E-02   0.32991864E-01   0.00000000E+00
 11.   57.  -0.20510393E-02  -0.35525043E-02   0.32991864E-01   0.00000000E+00
 11.   58.  -0.10616961E-02  -0.39623036E-02   0.32991864E-01   0.00000000E+00
 11.   59.  -0.55646578E-11  -0.41020786E-02   0.32991864E-01   0.00000000E+00
 11.   60.   0.10616961E-02  -0.39623036E-02   0.32991864E-01   0.00000000E+00
 11.   61.   0.20510393E-02  -0.35525043E-02   0.32991864E-01   0.00000000E+00
 11.   62.   0.29006076E-02  -0.29006076E-02   0.32991864E-01   0.00000000E+00
 11.   63.   0.35525043E-02  -0.20510393E-02   0.32991864E-01   0.00000000E+00
 11.   64.   0.39623036E-02  -0.10616961E-02   0.32991864E-01   0.00000000E+00
 11.   65.   0.41020786E-02   0.00000000E+00   0.32991864E-01   0.00000000E+00
 11.   66.   0.41020786E-02   0.00000000E+00   0.32991864E-01   0.00000000E+00
 11.   67.   0.39623036E-02   0.10616961E-02   0.32991864E-01   0.00000000E+00
 11.   68.   0.35525043E-02   0.20510393E-02   0.32991864E-01   0.00000000E+00
 11.   69.   0.29006076E-02   0.29006076E-02   0.32991864E-01   0.00000000E+00
 11.   70.   0.20510393E-02   0.35525043E-02   0.32991864E-01   0.00000000E+00
 11.   71.   0.10616961E-02   0.39623036E-02   0.32991864E-01   0.00000000E+00
 11.   72.   0.45630280E-11   0.41020786E-02   0.32991864E-01   0.00000000E+00
 11.   73.  -0.10616961E-02   0.39623036E-02   0.32991864E-01   0.00000000E+00
 11.   74.  -0.20510393E-02   0.35525043E-02   0.32991864E-01   0.00000000E+00
 11.   75.  -0.29006076E-02   0.29006076E-02   0.32991864E-01   0.00000000E+00
 11.   76.  -0.35525042E-02   0.20510393E-02   0.32991864E-01   0.00000000E+00
 11.   77.  -0.39623036E-02   0.10616961E-02   0.32991864E-01   0.00000000E+00
 11.   78.  -0.41020786E-02   0.00000000E+00   0.32991864E-01   0.00000000E+00
 12.    1.  -0.73166882E-05   0.00000000E+00   0.63148918E-05   0.00000000E+00
 12.    2.  -0.18846611E-05   0.70336510E-05  -0.41446933E-12   0.00000000E+00
 12.    3.   0.63364380E-05   0.36583440E-05  -0.63148925E-05   0.00000000E+00
 12.    4.   0.51489901E-05  -0.51489901E-05   0.11963684E-12   0.00000000E+00
 12.    5.  -0.36583439E-05  -0.63364380E-05   0.63148928E-05   0.00000000E+00
 12.    6.  -0.70336510E-05   0.18846610E-05   0.84714200E-12   0.00000000E+00
 12.    7.   0.65086759E-13   0.73166882E-05  -0.63148911E-05   0.00000000E+00
 12.    8.   0.70336511E-05   0.18846613E-05   0.13490166E-11   0.00000000E+00
 12.    9.   0.36583441E-05  -0.63364377E-05   0.63148940E-05   0.00000000E+00
 12.   10.  -0.51489900E-05  -0.51489899E-05   0.18697141E-11   0.00000000E+00
 12.   11.  -0.63364380E-05   0.36583441E-05  -0.63148904E-05   0.00000000E+00
 12.   12.   0.18846610E-05   0.70336512E-05   0.18146035E-11   0.00000000E+00
 12.   13.   0.73166881E-05   0.00000000E+00   0.63148942E-05   0.00000000E+00
 12.   14.  -0.20918390E-03   0.00000000E+00   0.73820312E-03   0.00000000E+00
 12.   15.  -0.58889100E-04   0.21977711E-03  -0.12151775E-12   0.00000000E+00
 12.   16.   0.18115857E-03   0.10459195E-03  -0.73820312E-03   0.00000000E+00
 12.   17.   0.16088801E-03  -0.16088801E-03  -0.30965984E-11   0.00000000E+00
 12.   18.  -0.10459195E-03  -0.18115857E-03   0.73820312E-03   0.00000000E+00
 12.   19.  -0.21977711E-03   0.58889099E-04   0.40817273E-11   0.00000000E+00
 12.   20.  -0.13849929E-11   0.20918390E-03  -0.73820312E-03   0.00000000E+00
 12.   21.   0.21977711E-03   0.58889102E-04  -0.63267265E-11   0.00000000E+00
 12.   22.   0.10459195E-03  -0.18115857E-03   0.73820312E-03   0.00000000E+00
 12.   23.  -0.16088801E-03  -0.16088801E-03   0.76939452E-11   0.00000000E+00
 12.   24.  -0.18115857E-03   0.10459195E-03  -0.73820312E-03   0.00000000E+00
 12.   25.   0.58889098E-04   0.21977711E-03  -0.87957293E-11   0.00000000E+00
 12.   26.   0.20918390E-03   0.00000000E+00   0.73820312E-03   0.00000000E+00
 12.   27.  -0.11930100E-02   0.00000000E+00   0.74602026E-02   0.00000000E+00
 12.   28.  -0.38282545E-03   0.14287240E-02   0.45093614E-11   0.00000000E+00
 12.   29.   0.10331769E-02   0.59650498E-03  -0.74602026E-02   0.00000000E+00
 12.   30.   0.10458986E-02  -0.10458986E-02  -0.30737442E-10   0.00000000E+00
 12.   31.  -0.59650497E-03  -0.10331769E-02   0.74602026E-02   0.00000000E+00
 12.   32.  -0.14287240E-02   0.38282544E-03   0.35592811E-10   0.00000000E+00
 12.   33.  -0.90851301E-11   0.11930100E-02  -0.74602026E-02   0.00000000E+00
 12.   34.   0.14287240E-02   0.38282546E-03  -0.68960816E-10   0.00000000E+00
 12.   35.   0.59650499E-03  -0.10331769E-02   0.74602026E-02   0.00000000E+00
 12.   36.  -0.10458986E-02  -0.10458986E-02   0.71603067E-10   0.00000000E+00
 12.   37.  -0.10331769E-02   0.59650496E-03  -0.74602026E-02   0.00000000E+00
 12.   38.   0.38282544E-03   0.14287240E-02  -0.98155786E-10   0.00000000E+00
 12.   39.   0.11930100E-02   0.00000000E+00   0.74602026E-02   0.00000000E+00
 12.   40.  -0.27347168E-02   0.00000000E+00   0.28672827E-01   0.00000000E+00
 12.   41.  -0.10855437E-02   0.40513042E-02   0.20386862E-10   0.00000000E+00
 12.   42.   0.23683342E-02   0.13673584E-02  -0.28672827E-01   0.00000000E+00
 12.   43.   0.29657605E-02  -0.29657605E-02  -0.11695186E-09   0.00000000E+00
 12.   44.  -0.13673584E-02  -0.23683342E-02   0.28672827E-01   0.00000000E+00
 12.   45.  -0.40513042E-02   0.10855437E-02   0.13578063E-09   0.00000000E+00
 12.   46.  -0.26346174E-10   0.27347168E-02  -0.28672827E-01   0.00000000E+00
 12.   47.   0.40513042E-02   0.10855437E-02  -0.26232833E-09   0.00000000E+00
 12.   48.   0.13673584E-02  -0.23683342E-02   0.28672827E-01   0.00000000E+00
 12.   49.  -0.29657605E-02  -0.29657606E-02   0.27942177E-09   0.00000000E+00
 12.   50.  -0.23683342E-02   0.13673583E-02  -0.28672827E-01   0.00000000E+00
 12.   51.   0.10855437E-02   0.40513042E-02  -0.37805432E-09   0.00000000E+00
 12.   52.   0.27347168E-02   0.00000000E+00   0.28672827E-01   0.00000000E+00
 12.   53.  -0.43880378E-02   0.00000000E+00   0.65950585E-01   0.00000000E+00
 12.   54.  -0.18978034E-02   0.70826987E-02   0.47495342E-10   0.00000000E+00
 12.   55.   0.38001522E-02   0.21940189E-02  -0.65950585E-01   0.00000000E+00
 12.   56.   0.51848953E-02  -0.51848953E-02  -0.27082668E-09   0.00000000E+00
 12.   57.  -0.21940189E-02  -0.38001522E-02   0.65950585E-01   0.00000000E+00
 12.   58.  -0.70826987E-02   0.18978034E-02   0.30836814E-09   0.00000000E+00
 12.   59.  -0.46462350E-10   0.43880378E-02  -0.65950585E-01   0.00000000E+00
 12.   60.   0.70826987E-02   0.18978034E-02  -0.60337222E-09   0.00000000E+00
 12.   61.   0.21940189E-02  -0.38001521E-02   0.65950585E-01   0.00000000E+00
 12.   62.  -0.51848953E-02  -0.51848953E-02   0.64688735E-09   0.00000000E+00
 12.   63.  -0.38001522E-02   0.21940188E-02  -0.65950585E-01   0.00000000E+00
 12.   64.   0.18978034E-02   0.70826987E-02  -0.86837314E-09   0.00000000E+00
 12.   65.   0.43880378E-02   0.00000000E+00   0.65950585E-01   0.00000000E+00
 12.   66.   0.43880378E-02   0.00000000E+00   0.65950585E-01   0.00000000E+00
 12.   67.   0.18978034E-02  -0.70826987E-02   0.47501897E-10   0.00000000E+00
 12.   68.  -0.38001522E-02  -0.21940189E-02  -0.65950585E-01   0.00000000E+00
 12.   69.  -0.51848953E-02   0.51848953E-02  -0.27082538E-09   0.00000000E+00
 12.   70.   0.21940189E-02   0.38001522E-02   0.65950585E-01   0.00000000E+00
 12.   71.   0.70826987E-02  -0.18978034E-02   0.30835748E-09   0.00000000E+00
 12.   72.   0.46649806E-10  -0.43880378E-02  -0.65950585E-01   0.00000000E+00
 12.   73.  -0.70826987E-02  -0.18978034E-02  -0.60337871E-09   0.00000000E+00
 12.   74.  -0.21940189E-02   0.38001521E-02   0.65950585E-01   0.00000000E+00
 12.   75.   0.51848953E-02   0.51848953E-02   0.64688604E-09   0.00000000E+00
 12.   76.   0.38001522E-02  -0.21940188E-02  -0.65950585E-01   0.00000000E+00
 12.   77.  -0.18978034E-02  -0.70826987E-02  -0.86837574E-09   0.00000000E+00
 12.   78.  -0.43880378E-02   0.00000000E+00   0.65950585E-01   0.00000000E+00
 13.    1.  -0.87889052E-03   0.00000000E+00   0.28852823E-02   0.00000000E+00
 13.    2.  -0.80712868E-03   0.61107170E-03   0.20402027E-02   0.00000000E+00
 13.    3.  -0.56508453E-03   0.97875512E-03   0.20591067E-11   0.00000000E+00
 13.    4.  -0.12563928E-03   0.10045298E-02  -0.20402027E-02   0.00000000E+00
 13.    5.   0.43944526E-03   0.76114152E-03  -0.28852823E-02   0.00000000E+00
 13.    6.   0.93276796E-03   0.39345809E-03  -0.20402027E-02   0.00000000E+00
 13.    7.   0.11301691E-02   0.18217057E-11  -0.10240683E-10   0.00000000E+00
 13.    8.   0.93276796E-03  -0.39345809E-03   0.20402027E-02   0.00000000E+00
 13.    9.   0.43944526E-03  -0.76114151E-03   0.28852823E-02   0.00000000E+00
 13.   10.  -0.12563927E-03  -0.10045298E-02   0.20402027E-02   0.00000000E+00
 13.   11.  -0.56508453E-03  -0.97875513E-03   0.17575581E-10   0.00000000E+00
 13.   12.  -0.80712868E-03  -0.61107171E-03  -0.20402027E-02   0.00000000E+00
 13.   13.  -0.87889052E-03   0.00000000E+00  -0.28852823E-02   0.00000000E+00
 13.   14.  -0.17007337E-02   0.00000000E+00   0.17862646E-01   0.00000000E+00
 13.   15.  -0.16643864E-02   0.15650836E-02   0.12630798E-01   0.00000000E+00
 13.   16.  -0.13735758E-02   0.23791032E-02   0.95364444E-11   0.00000000E+00
 13.   17.  -0.52320898E-03   0.22239427E-02  -0.12630798E-01   0.00000000E+00
 13.   18.   0.85036687E-03   0.14728786E-02  -0.17862646E-01   0.00000000E+00
 13.   19.   0.21875954E-02   0.65885910E-03  -0.12630798E-01   0.00000000E+00
 13.   20.   0.27471517E-02   0.29449383E-11  -0.63077392E-10   0.00000000E+00
 13.   21.   0.21875954E-02  -0.65885909E-03   0.12630798E-01   0.00000000E+00
 13.   22.   0.85036688E-03  -0.14728786E-02   0.17862646E-01   0.00000000E+00
 13.   23.  -0.52320897E-03  -0.22239427E-02   0.12630798E-01   0.00000000E+00
 13.   24.  -0.13735758E-02  -0.23791032E-02   0.11500533E-09   0.00000000E+00
 13.   25.  -0.16643864E-02  -0.15650836E-02  -0.12630798E-01   0.00000000E+00
 13.   26.  -0.17007337E-02   0.00000000E+00  -0.17862646E-01   0.00000000E+00
 13.   27.   0.20770684E-03   0.00000000E+00   0.28710380E-01   0.00000000E+00
 13.   28.  -0.37758027E-03   0.19766144E-02   0.20301304E-01   0.00000000E+00
 13.   29.  -0.14191547E-02   0.24580481E-02   0.14715902E-10   0.00000000E+00
 13.   30.  -0.15230081E-02   0.13153013E-02  -0.20301304E-01   0.00000000E+00
 13.   31.  -0.10385342E-03  -0.17987939E-03  -0.28710380E-01   0.00000000E+00
 13.   32.   0.19005884E-02  -0.66131309E-03  -0.20301304E-01   0.00000000E+00
 13.   33.   0.28383094E-02  -0.39064540E-11  -0.10133513E-09   0.00000000E+00
 13.   34.   0.19005884E-02   0.66131309E-03   0.20301304E-01   0.00000000E+00
 13.   35.  -0.10385341E-03   0.17987940E-03   0.28710380E-01   0.00000000E+00
 13.   36.  -0.15230081E-02  -0.13153013E-02   0.20301304E-01   0.00000000E+00
 13.   37.  -0.14191547E-02  -0.24580481E-02   0.18505325E-09   0.00000000E+00
 13.   38.  -0.37758028E-03  -0.19766144E-02  -0.20301304E-01   0.00000000E+00
 13.   39.   0.20770684E-03   0.00000000E+00  -0.28710380E-01   0.00000000E+00
 13.   40.   0.31369709E-02   0.00000000E+00   0.94347875E-02   0.00000000E+00
 13.   41.   0.20176660E-02   0.10403320E-02   0.66714022E-02   0.00000000E+00
 13.   42.  -0.34130146E-03   0.59115146E-03   0.42853880E-11   0.00000000E+00
 13.   43.  -0.19097869E-02  -0.12271840E-02  -0.66714022E-02   0.00000000E+00
 13.   44.  -0.15684854E-02  -0.27166965E-02  -0.94347875E-02   0.00000000E+00
 13.   45.  -0.10787906E-03  -0.22675160E-02  -0.66714022E-02   0.00000000E+00
 13.   46.   0.68260291E-03  -0.11792837E-10  -0.33504550E-10   0.00000000E+00
 13.   47.  -0.10787905E-03   0.22675160E-02   0.66714022E-02   0.00000000E+00
 13.   48.  -0.15684854E-02   0.27166965E-02   0.94347875E-02   0.00000000E+00
 13.   49.  -0.19097869E-02   0.12271840E-02   0.66714022E-02   0.00000000E+00
 13.   50.  -0.34130148E-03  -0.59115145E-03   0.60838498E-10   0.00000000E+00
 13.   51.   0.20176659E-02  -0.10403320E-02  -0.66714022E-02   0.00000000E+00
 13.   52.   0.31369709E-02   0.00000000E+00  -0.94347875E-02   0.00000000E+00
 13.   53.   0.37435243E-02   0.00000000E+00  -0.29391219E-01   0.00000000E+00
 13.   54.   0.28396293E-02  -0.37014206E-03  -0.20782731E-01   0.00000000E+00
 13.   55.   0.77249995E-03  -0.13380092E-02  -0.16263300E-10   0.00000000E+00
 13.   56.  -0.10992622E-02  -0.26442621E-02   0.20782731E-01   0.00000000E+00
 13.   57.  -0.18717622E-02  -0.32419872E-02   0.29391219E-01   0.00000000E+00
 13.   58.  -0.17403671E-02  -0.22741201E-02   0.20782731E-01   0.00000000E+00
 13.   59.  -0.15449999E-02  -0.11241274E-10   0.10336776E-09   0.00000000E+00
 13.   60.  -0.17403671E-02   0.22741200E-02  -0.20782730E-01   0.00000000E+00
 13.   61.  -0.18717622E-02   0.32419872E-02  -0.29391219E-01   0.00000000E+00
 13.   62.  -0.10992622E-02   0.26442621E-02  -0.20782731E-01   0.00000000E+00
 13.   63.   0.77249993E-03   0.13380092E-02  -0.18991333E-09   0.00000000E+00
 13.   64.   0.28396293E-02   0.37014206E-03   0.20782730E-01   0.00000000E+00
 13.   65.   0.37435243E-02   0.00000000E+00   0.29391219E-01   0.00000000E+00
 13.   66.  -0.37435243E-02   0.00000000E+00  -0.29391219E-01   0.00000000E+00
 13.   67.  -0.28396293E-02   0.37014206E-03  -0.20782731E-01   0.00000000E+00
 13.   68.  -0.77249995E-03   0.13380092E-02  -0.16266673E-10   0.00000000E+00
 13.   69.   0.10992622E-02   0.26442621E-02   0.20782731E-01   0.00000000E+00
 13.   70.   0.18717622E-02   0.32419872E-02   0.29391219E-01   0.00000000E+00
 13.   71.   0.17403671E-02   0.22741201E-02   0.20782731E-01   0.00000000E+00
 13.   72.   0.15449999E-02   0.11546701E-10   0.10335232E-09   0.00000000E+00
 13.   73.   0.17403671E-02  -0.22741200E-02  -0.20782730E-01   0.00000000E+00
 13.   74.   0.18717622E-02  -0.32419872E-02  -0.29391219E-01   0.00000000E+00
 13.   75.   0.10992622E-02  -0.26442621E-02  -0.20782731E-01   0.00000000E+00
 13.   76.  -0.77249993E-03  -0.13380092E-02  -0.18992543E-09   0.00000000E+00
 13.   77.  -0.28396293E-02  -0.37014206E-03   0.20782730E-01   0.00000000E+00
 13.   78.  -0.37435243E-02   0.00000000E+00   0.29391219E-01   0.00000000E+00
 14.    1.   0.16683519E-02   0.00000000E+00   0.42205150E-01   0.00000000E+00
 14.    2.   0.12708251E-02   0.14835902E-02   0.40767044E-01   0.00000000E+00
 14.    3.   0.18476172E-03   0.25696536E-02   0.36550732E-01   0.00000000E+00
 14.    4.  -0.12988285E-02   0.29671804E-02   0.29843548E-01   0.00000000E+00
 14.    5.  -0.27824187E-02   0.25696536E-02   0.21102575E-01   0.00000000E+00
 14.    6.  -0.38684821E-02   0.14835902E-02   0.10923497E-01   0.00000000E+00
 14.    7.  -0.42660089E-02   0.66841081E-11   0.46136456E-10   0.00000000E+00
 14.    8.  -0.38684821E-02  -0.14835902E-02  -0.10923496E-01   0.00000000E+00
 14.    9.  -0.27824187E-02  -0.25696536E-02  -0.21102575E-01   0.00000000E+00
 14.   10.  -0.12988285E-02  -0.29671804E-02  -0.29843547E-01   0.00000000E+00
 14.   11.   0.18476171E-03  -0.25696536E-02  -0.36550732E-01   0.00000000E+00
 14.   12.   0.12708251E-02  -0.14835902E-02  -0.40767044E-01   0.00000000E+00
 14.   13.   0.16683519E-02   0.00000000E+00  -0.42205150E-01   0.00000000E+00
 14.   14.   0.31807519E-02   0.00000000E+00   0.18503358E-01   0.00000000E+00
 14.   15.   0.29040552E-02   0.10326464E-02   0.17872872E-01   0.00000000E+00
 14.   16.   0.21481055E-02   0.17885961E-02   0.16024378E-01   0.00000000E+00
 14.   17.   0.11154591E-02   0.20652928E-02   0.13083850E-01   0.00000000E+00
 14.   18.   0.82812675E-04   0.17885961E-02   0.92516792E-02   0.00000000E+00
 14.   19.  -0.67313697E-03   0.10326464E-02   0.47890216E-02   0.00000000E+00
 14.   20.  -0.94983375E-03   0.45486614E-11   0.22264249E-10   0.00000000E+00
 14.   21.  -0.67313697E-03  -0.10326464E-02  -0.47890215E-02   0.00000000E+00
 14.   22.   0.82812667E-04  -0.17885961E-02  -0.92516791E-02   0.00000000E+00
 14.   23.   0.11154591E-02  -0.20652928E-02  -0.13083850E-01   0.00000000E+00
 14.   24.   0.21481055E-02  -0.17885961E-02  -0.16024378E-01   0.00000000E+00
 14.   25.   0.29040551E-02  -0.10326464E-02  -0.17872872E-01   0.00000000E+00
 14.   26.   0.31807519E-02   0.00000000E+00  -0.18503358E-01   0.00000000E+00
 14.   27.   0.17336323E-02   0.00000000E+00  -0.12802651E-01   0.00000000E+00
 14.   28.   0.16457046E-02   0.32815072E-03  -0.12366411E-01   0.00000000E+00
 14.   29.   0.14054816E-02   0.56837372E-03  -0.11087421E-01   0.00000000E+00
 14.   30.   0.10773309E-02   0.65630144E-03  -0.90528415E-02   0.00000000E+00
 14.   31.   0.74918016E-03   0.56837372E-03  -0.64013256E-02   0.00000000E+00
 14.   32.   0.50895716E-03   0.32815072E-03  -0.33135700E-02   0.00000000E+00
 14.   33.   0.42102944E-03   0.13806653E-11  -0.14968364E-10   0.00000000E+00
 14.   34.   0.50895716E-03  -0.32815072E-03   0.33135699E-02   0.00000000E+00
 14.   35.   0.74918016E-03  -0.56837372E-03   0.64013256E-02   0.00000000E+00
 14.   36.   0.10773309E-02  -0.65630144E-03   0.90528415E-02   0.00000000E+00
 14.   37.   0.14054816E-02  -0.56837372E-03   0.11087421E-01   0.00000000E+00
 14.   38.   0.16457046E-02  -0.32815072E-03   0.12366411E-01   0.00000000E+00
 14.   39.   0.17336323E-02   0.00000000E+00   0.12802651E-01   0.00000000E+00
 14.   40.  -0.21301367E-02   0.00000000E+00  -0.98069039E-02   0.00000000E+00
 14.   41.  -0.19716088E-02  -0.59163422E-03  -0.94727418E-02   0.00000000E+00
 14.   42.  -0.15385025E-02  -0.10247405E-02  -0.84930279E-02   0.00000000E+00
 14.   43.  -0.94686829E-03  -0.11832684E-02  -0.69345283E-02   0.00000000E+00
 14.   44.  -0.35523407E-03  -0.10247405E-02  -0.49034520E-02   0.00000000E+00
 14.   45.   0.77872241E-04  -0.59163422E-03  -0.25382135E-02   0.00000000E+00
 14.   46.   0.23640015E-03  -0.22994410E-11  -0.13470783E-10   0.00000000E+00
 14.   47.   0.77872244E-04   0.59163422E-03   0.25382135E-02   0.00000000E+00
 14.   48.  -0.35523406E-03   0.10247405E-02   0.49034519E-02   0.00000000E+00
 14.   49.  -0.94686828E-03   0.11832684E-02   0.69345282E-02   0.00000000E+00
 14.   50.  -0.15385025E-02   0.10247405E-02   0.84930279E-02   0.00000000E+00
 14.   51.  -0.19716088E-02   0.59163422E-03   0.94727417E-02   0.00000000E+00
 14.   52.  -0.21301367E-02   0.00000000E+00   0.98069039E-02   0.00000000E+00
 14.   53.  -0.31112524E-02   0.00000000E+00   0.21317250E-01   0.00000000E+00
 14.   54.  -0.29274184E-02  -0.68607811E-03   0.20590882E-01   0.00000000E+00
 14.   55.  -0.24251743E-02  -0.11883221E-02   0.18461280E-01   0.00000000E+00
 14.   56.  -0.17390962E-02  -0.13721562E-02   0.15073572E-01   0.00000000E+00
 14.   57.  -0.10530181E-02  -0.11883221E-02   0.10658625E-01   0.00000000E+00
 14.   58.  -0.55077408E-03  -0.68607811E-03   0.55173102E-02   0.00000000E+00
 14.   59.  -0.36694000E-03  -0.32430727E-11   0.24703248E-10   0.00000000E+00
 14.   60.  -0.55077407E-03   0.68607810E-03  -0.55173102E-02   0.00000000E+00
 14.   61.  -0.10530181E-02   0.11883221E-02  -0.10658625E-01   0.00000000E+00
 14.   62.  -0.17390962E-02   0.13721562E-02  -0.15073572E-01   0.00000000E+00
 14.   63.  -0.24251743E-02   0.11883221E-02  -0.18461280E-01   0.00000000E+00
 14.   64.  -0.29274184E-02   0.68607811E-03  -0.20590882E-01   0.00000000E+00
 14.   65.  -0.31112524E-02   0.00000000E+00  -0.21317250E-01   0.00000000E+00
 14.   66.   0.31112524E-02   0.00000000E+00   0.21317250E-01   0.00000000E+00
 14.   67.   0.29274184E-02   0.68607811E-03   0.20590882E-01   0.00000000E+00
 14.   68.   0.24251743E-02   0.11883221E-02   0.18461280E-01   0.00000000E+00
 14.   69.   0.17390962E-02   0.13721562E-02   0.15073572E-01   0.00000000E+00
 14.   70.   0.10530181E-02   0.11883221E-02   0.10658625E-01   0.00000000E+00
 14.   71.   0.55077408E-03   0.68607811E-03   0.55173102E-02   0.00000000E+00
 14.   72.   0.36694000E-03   0.36552613E-11   0.24770612E-10   0.00000000E+00
 14.   73.   0.55077407E-03  -0.68607811E-03  -0.55173102E-02   0.00000000E+00
 14.   74.   0.10530181E-02  -0.11883221E-02  -0.10658625E-01   0.00000000E+00
 14.   75.   0.17390962E-02  -0.13721562E-02  -0.15073572E-01   0.00000000E+00
 14.   76.   0.24251743E-02  -0.11883221E-02  -0.18461280E-01   0.00000000E+00
 14.   77.   0.29274184E-02  -0.68607811E-03  -0.20590882E-01   0.00000000E+00
 14.   78.   0.31112524E-02   0.00000000E+00  -0.21317250E-01   0.00000000E+00
 15.    1.  -0.14798833E-05   0.00000000E+00   0.98148898E-06   0.00000000E+00
 15.    2.   0.33096554E-08   0.14675294E-05  -0.25403010E-06   0.00000000E+00
 15.    3.   0.14765722E-05   0.57332545E-08  -0.84999797E-06   0.00000000E+00
 15.    4.  -0.66206445E-08  -0.14732628E-05   0.69401568E-06   0.00000000E+00
 15.    5.  -0.14699527E-05  -0.57336651E-08   0.49074200E-06   0.00000000E+00
 15.    6.   0.33100823E-08   0.14789954E-05  -0.94805014E-06   0.00000000E+00
 15.    7.   0.14666425E-05  -0.28997405E-12  -0.26095692E-11   0.00000000E+00
 15.    8.   0.33101584E-08  -0.14789960E-05   0.94804467E-06   0.00000000E+00
 15.    9.  -0.14699524E-05   0.57333123E-08  -0.49074711E-06   0.00000000E+00
 15.   10.  -0.66200497E-08   0.14732627E-05  -0.69402028E-06   0.00000000E+00
 15.   11.   0.14765729E-05  -0.57332318E-08   0.84999414E-06   0.00000000E+00
 15.   12.   0.33103122E-08  -0.14675293E-05   0.25402688E-06   0.00000000E+00
 15.   13.  -0.14798825E-05   0.00000000E+00  -0.98149208E-06   0.00000000E+00
 15.   14.  -0.88448672E-04   0.00000000E+00   0.26899131E-03   0.00000000E+00
 15.   15.  -0.19895474E-05   0.95873764E-04  -0.69620072E-04   0.00000000E+00
 15.   16.   0.90438219E-04  -0.34459968E-05  -0.23295331E-03   0.00000000E+00
 15.   17.   0.39790950E-05  -0.92427766E-04   0.19020558E-03   0.00000000E+00
 15.   18.  -0.94417314E-04   0.34459965E-05   0.13449566E-03   0.00000000E+00
 15.   19.  -0.19895476E-05   0.88981769E-04  -0.25982565E-03   0.00000000E+00
 15.   20.   0.96406861E-04   0.38033060E-12  -0.10722772E-11   0.00000000E+00
 15.   21.  -0.19895464E-05  -0.88981770E-04   0.25982565E-03   0.00000000E+00
 15.   22.  -0.94417314E-04  -0.34459979E-05  -0.13449565E-03   0.00000000E+00
 15.   23.   0.39790937E-05   0.92427767E-04  -0.19020558E-03   0.00000000E+00
 15.   24.   0.90438219E-04   0.34459983E-05   0.23295330E-03   0.00000000E+00
 15.   25.  -0.19895459E-05  -0.95873763E-04   0.69620078E-04   0.00000000E+00
 15.   26.  -0.88448672E-04   0.00000000E+00  -0.26899131E-03   0.00000000E+00
 15.   27.  -0.73002273E-03   0.00000000E+00   0.39577082E-02   0.00000000E+00
 15.   28.  -0.45631518E-04   0.90032187E-03  -0.10243302E-02   0.00000000E+00
 15.   29.   0.77565425E-03  -0.79036107E-04  -0.34274758E-02   0.00000000E+00
 15.   30.   0.91263039E-04  -0.82128576E-03   0.27985223E-02   0.00000000E+00
 15.   31.  -0.86691728E-03   0.79036104E-04   0.19788541E-02   0.00000000E+00
 15.   32.  -0.45631522E-04   0.74224966E-03  -0.38228525E-02   0.00000000E+00
 15.   33.   0.91254880E-03   0.49687225E-11  -0.31857217E-10   0.00000000E+00
 15.   34.  -0.45631509E-04  -0.74224966E-03   0.38228526E-02   0.00000000E+00
 15.   35.  -0.86691728E-03  -0.79036115E-04  -0.19788541E-02   0.00000000E+00
 15.   36.   0.91263028E-04   0.82128576E-03  -0.27985223E-02   0.00000000E+00
 15.   37.   0.77565425E-03   0.79036119E-04   0.34274758E-02   0.00000000E+00
 15.   38.  -0.45631509E-04  -0.90032187E-03   0.10243303E-02   0.00000000E+00
 15.   39.  -0.73002273E-03   0.00000000E+00  -0.39577082E-02   0.00000000E+00
 15.   40.  -0.19994537E-02   0.00000000E+00   0.18574553E-01   0.00000000E+00
 15.   41.  -0.29027573E-03   0.30827774E-02  -0.48074480E-02   0.00000000E+00
 15.   42.   0.22897294E-02  -0.50277231E-03  -0.16086035E-01   0.00000000E+00
 15.   43.   0.58055147E-03  -0.25800051E-02   0.13134192E-01   0.00000000E+00
 15.   44.  -0.28702809E-02   0.50277230E-03   0.92872765E-02   0.00000000E+00
 15.   45.  -0.29027574E-03   0.20772328E-02  -0.17941640E-01   0.00000000E+00
 15.   46.   0.31605566E-02   0.13141653E-10  -0.15353203E-09   0.00000000E+00
 15.   47.  -0.29027570E-03  -0.20772328E-02   0.17941640E-01   0.00000000E+00
 15.   48.  -0.28702809E-02  -0.50277233E-03  -0.92872762E-02   0.00000000E+00
 15.   49.   0.58055143E-03   0.25800051E-02  -0.13134192E-01   0.00000000E+00
 15.   50.   0.22897294E-02   0.50277235E-03   0.16086034E-01   0.00000000E+00
 15.   51.  -0.29027570E-03  -0.30827774E-02   0.48074483E-02   0.00000000E+00
 15.   52.  -0.19994537E-02   0.00000000E+00  -0.18574553E-01   0.00000000E+00
 15.   53.  -0.34935250E-02   0.00000000E+00   0.47045775E-01   0.00000000E+00
 15.   54.  -0.63859359E-03   0.58767887E-02  -0.12176343E-01   0.00000000E+00
 15.   55.   0.41321185E-02  -0.11060765E-02  -0.40742836E-01   0.00000000E+00
 15.   56.   0.12771872E-02  -0.47707121E-02   0.33266386E-01   0.00000000E+00
 15.   57.  -0.54093057E-02   0.11060765E-02   0.23522888E-01   0.00000000E+00
 15.   58.  -0.63859362E-03   0.36646356E-02  -0.45442729E-01   0.00000000E+00
 15.   59.   0.60478993E-02   0.21685043E-10  -0.38884359E-09   0.00000000E+00
 15.   60.  -0.63859353E-03  -0.36646356E-02   0.45442729E-01   0.00000000E+00
 15.   61.  -0.54093057E-02  -0.11060766E-02  -0.23522887E-01   0.00000000E+00
 15.   62.   0.12771871E-02   0.47707121E-02  -0.33266387E-01   0.00000000E+00
 15.   63.   0.41321186E-02   0.11060766E-02   0.40742836E-01   0.00000000E+00
 15.   64.  -0.63859355E-03  -0.58767887E-02   0.12176343E-01   0.00000000E+00
 15.   65.  -0.34935249E-02   0.00000000E+00  -0.47045775E-01   0.00000000E+00
 15.   66.   0.34935250E-02   0.00000000E+00   0.47045775E-01   0.00000000E+00
 15.   67.   0.63859359E-03  -0.58767887E-02  -0.12176343E-01   0.00000000E+00
 15.   68.  -0.41321185E-02   0.11060765E-02  -0.40742836E-01   0.00000000E+00
 15.   69.  -0.12771872E-02   0.47707121E-02   0.33266386E-01   0.00000000E+00
 15.   70.   0.54093057E-02  -0.11060765E-02   0.23522888E-01   0.00000000E+00
 15.   71.   0.63859362E-03  -0.36646356E-02  -0.45442729E-01   0.00000000E+00
 15.   72.  -0.60478993E-02  -0.21762276E-10  -0.38880352E-09   0.00000000E+00
 15.   73.   0.63859353E-03   0.36646356E-02   0.45442729E-01   0.00000000E+00
 15.   74.   0.54093057E-02   0.11060766E-02  -0.23522887E-01   0.00000000E+00
 15.   75.  -0.12771871E-02  -0.47707121E-02  -0.33266387E-01   0.00000000E+00
 15.   76.  -0.41321186E-02  -0.11060766E-02   0.40742836E-01   0.00000000E+00
 15.   77.   0.63859355E-03   0.58767887E-02   0.12176343E-01   0.00000000E+00
 15.   78.   0.34935249E-02   0.00000000E+00  -0.47045775E-01   0.00000000E+00
 16.    1.  -0.29045901E-03   0.00000000E+00   0.60492614E-03   0.00000000E+00
 16.    2.  -0.21795083E-03   0.25227984E-03   0.30246307E-03   0.00000000E+00
 16.    3.  -0.24274277E-04   0.33250330E-03  -0.30246307E-03   0.00000000E+00
 16.    4.   0.20538554E-03   0.20538554E-03  -0.60492613E-03   0.00000000E+00
 16.    5.   0.33250330E-03  -0.24274276E-04  -0.30246307E-03   0.00000000E+00
 16.    6.   0.25227984E-03  -0.21795083E-03   0.30246307E-03   0.00000000E+00
 16.    7.   0.13939018E-11  -0.29045901E-03   0.60492614E-03   0.00000000E+00
 16.    8.  -0.25227984E-03  -0.21795083E-03   0.30246308E-03   0.00000000E+00
 16.    9.  -0.33250330E-03  -0.24274278E-04  -0.30246306E-03   0.00000000E+00
 16.   10.  -0.20538554E-03   0.20538554E-03  -0.60492613E-03   0.00000000E+00
 16.   11.   0.24274275E-04   0.33250330E-03  -0.30246307E-03   0.00000000E+00
 16.   12.   0.21795083E-03   0.25227984E-03   0.30246307E-03   0.00000000E+00
 16.   13.   0.29045901E-03   0.00000000E+00   0.60492614E-03   0.00000000E+00
 16.   14.  -0.12241563E-02   0.00000000E+00   0.85174969E-02   0.00000000E+00
 16.   15.  -0.98113544E-03   0.12967588E-02   0.42587485E-02   0.00000000E+00
 16.   16.  -0.22317945E-03   0.16107145E-02  -0.42587485E-02   0.00000000E+00
 16.   17.   0.86560925E-03   0.86560925E-03  -0.85174969E-02   0.00000000E+00
 16.   18.   0.16107145E-02  -0.22317945E-03  -0.42587485E-02   0.00000000E+00
 16.   19.   0.12967588E-02  -0.98113543E-03   0.42587484E-02   0.00000000E+00
 16.   20.   0.66398061E-11  -0.12241563E-02   0.85174969E-02   0.00000000E+00
 16.   21.  -0.12967588E-02  -0.98113544E-03   0.42587485E-02   0.00000000E+00
 16.   22.  -0.16107145E-02  -0.22317945E-03  -0.42587484E-02   0.00000000E+00
 16.   23.  -0.86560926E-03   0.86560924E-03  -0.85174969E-02   0.00000000E+00
 16.   24.   0.22317944E-03   0.16107145E-02  -0.42587485E-02   0.00000000E+00
 16.   25.   0.98113543E-03   0.12967588E-02   0.42587484E-02   0.00000000E+00
 16.   26.   0.12241563E-02   0.00000000E+00   0.85174969E-02   0.00000000E+00
 16.   27.  -0.41051175E-03   0.00000000E+00   0.20310437E-01   0.00000000E+00
 16.   28.  -0.79595785E-03   0.21775073E-02   0.10155218E-01   0.00000000E+00
 16.   29.  -0.97690301E-03   0.21025574E-02  -0.10155218E-01   0.00000000E+00
 16.   30.   0.29027564E-03   0.29027565E-03  -0.20310437E-01   0.00000000E+00
 16.   31.   0.21025574E-02  -0.97690301E-03  -0.10155218E-01   0.00000000E+00
 16.   32.   0.21775073E-02  -0.79595786E-03   0.10155218E-01   0.00000000E+00
 16.   33.   0.11657069E-10  -0.41051175E-03   0.20310437E-01   0.00000000E+00
 16.   34.  -0.21775073E-02  -0.79595785E-03   0.10155218E-01   0.00000000E+00
 16.   35.  -0.21025574E-02  -0.97690302E-03  -0.10155218E-01   0.00000000E+00
 16.   36.  -0.29027566E-03   0.29027563E-03  -0.20310437E-01   0.00000000E+00
 16.   37.   0.97690301E-03   0.21025574E-02  -0.10155219E-01   0.00000000E+00
 16.   38.   0.79595786E-03   0.21775074E-02   0.10155218E-01   0.00000000E+00
 16.   39.   0.41051175E-03   0.00000000E+00   0.20310437E-01   0.00000000E+00
 16.   40.   0.23234325E-02   0.00000000E+00   0.96879162E-02   0.00000000E+00
 16.   41.   0.91300474E-03   0.10811469E-02   0.48439581E-02   0.00000000E+00
 16.   42.  -0.14100782E-02   0.11889449E-03  -0.48439581E-02   0.00000000E+00
 16.   43.  -0.16429149E-02  -0.16429149E-02  -0.96879161E-02   0.00000000E+00
 16.   44.   0.11889449E-03  -0.14100782E-02  -0.48439581E-02   0.00000000E+00
 16.   45.   0.10811469E-02   0.91300473E-03   0.48439580E-02   0.00000000E+00
 16.   46.   0.64731226E-11   0.23234325E-02   0.96879161E-02   0.00000000E+00
 16.   47.  -0.10811469E-02   0.91300475E-03   0.48439581E-02   0.00000000E+00
 16.   48.  -0.11889450E-03  -0.14100782E-02  -0.48439580E-02   0.00000000E+00
 16.   49.   0.16429149E-02  -0.16429149E-02  -0.96879161E-02   0.00000000E+00
 16.   50.   0.14100782E-02   0.11889448E-03  -0.48439581E-02   0.00000000E+00
 16.   51.  -0.91300471E-03   0.10811469E-02   0.48439580E-02   0.00000000E+00
 16.   52.  -0.23234325E-02   0.00000000E+00   0.96879161E-02   0.00000000E+00
 16.   53.   0.30720292E-02   0.00000000E+00  -0.21366294E-01   0.00000000E+00
 16.   54.   0.18135170E-02  -0.83343294E-03  -0.10683147E-01   0.00000000E+00
 16.   55.  -0.69302409E-03  -0.18716763E-02   0.10683147E-01   0.00000000E+00
 16.   56.  -0.21722527E-02  -0.21722527E-02   0.21366294E-01   0.00000000E+00
 16.   57.  -0.18716763E-02  -0.69302409E-03   0.10683147E-01   0.00000000E+00
 16.   58.  -0.83343295E-03   0.18135170E-02  -0.10683147E-01   0.00000000E+00
 16.   59.  -0.44770639E-11   0.30720292E-02  -0.21366294E-01   0.00000000E+00
 16.   60.   0.83343294E-03   0.18135170E-02  -0.10683147E-01   0.00000000E+00
 16.   61.   0.18716763E-02  -0.69302407E-03   0.10683147E-01   0.00000000E+00
 16.   62.   0.21722527E-02  -0.21722527E-02   0.21366294E-01   0.00000000E+00
 16.   63.   0.69302411E-03  -0.18716763E-02   0.10683147E-01   0.00000000E+00
 16.   64.  -0.18135170E-02  -0.83343295E-03  -0.10683147E-01   0.00000000E+00
 16.   65.  -0.30720292E-02   0.00000000E+00  -0.21366294E-01   0.00000000E+00
 16.   66.  -0.30720292E-02   0.00000000E+00  -0.21366294E-01   0.00000000E+00
 16.   67.  -0.18135170E-02   0.83343294E-03  -0.10683147E-01   0.00000000E+00
 16.   68.   0.69302409E-03   0.18716763E-02   0.10683147E-01   0.00000000E+00
 16.   69.   0.21722527E-02   0.21722527E-02   0.21366294E-01   0.00000000E+00
 16.   70.   0.18716763E-02   0.69302409E-03   0.10683147E-01   0.00000000E+00
 16.   71.   0.83343294E-03  -0.18135170E-02  -0.10683147E-01   0.00000000E+00
 16.   72.   0.35435417E-11  -0.30720292E-02  -0.21366294E-01   0.00000000E+00
 16.   73.  -0.83343294E-03  -0.18135170E-02  -0.10683147E-01   0.00000000E+00
 16.   74.  -0.18716763E-02   0.69302407E-03   0.10683147E-01   0.00000000E+00
 16.   75.  -0.21722527E-02   0.21722527E-02   0.21366294E-01   0.00000000E+00
 16.   76.  -0.69302411E-03   0.18716763E-02   0.10683147E-01   0.00000000E+00
 16.   77.   0.18135170E-02   0.83343295E-03  -0.10683147E-01   0.00000000E+00
 16.   78.   0.30720292E-02   0.00000000E+00  -0.21366294E-01   0.00000000E+00
 17.    1.  -0.30184479E-06   0.00000000E+00   0.15729024E-06   0.00000000E+00
 17.    2.   0.78861543E-07   0.28878375E-06  -0.78573991E-07   0.00000000E+00
 17.    3.   0.25995778E-06  -0.14842332E-06  -0.78593249E-07   0.00000000E+00
 17.    4.  -0.21344238E-06  -0.21342580E-06   0.15723720E-06   0.00000000E+00
 17.    5.  -0.14843931E-06   0.25997100E-06  -0.78647562E-07   0.00000000E+00
 17.    6.   0.28877361E-06   0.78870432E-07  -0.78668657E-07   0.00000000E+00
 17.    7.  -0.31325738E-12  -0.30183810E-06   0.15718001E-06   0.00000000E+00
 17.    8.  -0.28877410E-06   0.78870032E-07  -0.78670520E-07   0.00000000E+00
 17.    9.   0.14843932E-06   0.25997038E-06  -0.78650997E-07   0.00000000E+00
 17.   10.   0.21344285E-06  -0.21342638E-06   0.15723313E-06   0.00000000E+00
 17.   11.  -0.25995726E-06  -0.14842359E-06  -0.78597236E-07   0.00000000E+00
 17.   12.  -0.78861210E-07   0.28878367E-06  -0.78577658E-07   0.00000000E+00
 17.   13.   0.30184508E-06   0.00000000E+00   0.15728676E-06   0.00000000E+00
 17.   14.  -0.37979052E-04   0.00000000E+00   0.10162990E-03   0.00000000E+00
 17.   15.   0.90465789E-05   0.39607628E-04  -0.50814848E-04   0.00000000E+00
 17.   16.   0.34403713E-04  -0.21609917E-04  -0.50814875E-04   0.00000000E+00
 17.   17.  -0.26855254E-04  -0.26855244E-04   0.10162982E-03   0.00000000E+00
 17.   18.  -0.21609931E-04   0.34403716E-04  -0.50814945E-04   0.00000000E+00
 17.   19.   0.39607619E-04   0.90465744E-05  -0.50814974E-04   0.00000000E+00
 17.   20.   0.41569601E-12  -0.37979061E-04   0.10162975E-03   0.00000000E+00
 17.   21.  -0.39607619E-04   0.90465735E-05  -0.50814972E-04   0.00000000E+00
 17.   22.   0.21609931E-04   0.34403716E-04  -0.50814946E-04   0.00000000E+00
 17.   23.   0.26855255E-04  -0.26855244E-04   0.10162983E-03   0.00000000E+00
 17.   24.  -0.34403713E-04  -0.21609919E-04  -0.50814872E-04   0.00000000E+00
 17.   25.  -0.90465790E-05   0.39607627E-04  -0.50814852E-04   0.00000000E+00
 17.   26.   0.37979053E-04   0.00000000E+00   0.10162989E-03   0.00000000E+00
 17.   27.  -0.45572791E-03   0.00000000E+00   0.21810777E-02   0.00000000E+00
 17.   28.   0.91734311E-04   0.53804165E-03  -0.10905389E-02   0.00000000E+00
 17.   29.   0.44531885E-03  -0.31558695E-03  -0.10905389E-02   0.00000000E+00
 17.   30.  -0.32224830E-03  -0.32224830E-03   0.21810777E-02   0.00000000E+00
 17.   31.  -0.31558695E-03   0.44531884E-03  -0.10905389E-02   0.00000000E+00
 17.   32.   0.53804164E-03   0.91734300E-04  -0.10905389E-02   0.00000000E+00
 17.   33.   0.51438241E-11  -0.45572793E-03   0.21810777E-02   0.00000000E+00
 17.   34.  -0.53804165E-03   0.91734293E-04  -0.10905388E-02   0.00000000E+00
 17.   35.   0.31558694E-03   0.44531884E-03  -0.10905389E-02   0.00000000E+00
 17.   36.   0.32224831E-03  -0.32224830E-03   0.21810777E-02   0.00000000E+00
 17.   37.  -0.44531885E-03  -0.31558695E-03  -0.10905388E-02   0.00000000E+00
 17.   38.  -0.91734319E-04   0.53804164E-03  -0.10905389E-02   0.00000000E+00
 17.   39.   0.45572791E-03   0.00000000E+00   0.21810777E-02   0.00000000E+00
 17.   40.  -0.15007637E-02   0.00000000E+00   0.12525002E-01   0.00000000E+00
 17.   41.   0.18071657E-03   0.22248094E-02  -0.62625011E-02   0.00000000E+00
 17.   42.   0.17009637E-02  -0.14453919E-02  -0.62625011E-02   0.00000000E+00
 17.   43.  -0.10612002E-02  -0.10612002E-02   0.12525002E-01   0.00000000E+00
 17.   44.  -0.14453919E-02   0.17009637E-02  -0.62625009E-02   0.00000000E+00
 17.   45.   0.22248094E-02   0.18071659E-03  -0.62625011E-02   0.00000000E+00
 17.   46.   0.21662533E-10  -0.15007637E-02   0.12525002E-01   0.00000000E+00
 17.   47.  -0.22248094E-02   0.18071656E-03  -0.62625009E-02   0.00000000E+00
 17.   48.   0.14453918E-02   0.17009637E-02  -0.62625011E-02   0.00000000E+00
 17.   49.   0.10612002E-02  -0.10612002E-02   0.12525002E-01   0.00000000E+00
 17.   50.  -0.17009637E-02  -0.14453919E-02  -0.62625009E-02   0.00000000E+00
 17.   51.  -0.18071659E-03   0.22248093E-02  -0.62625013E-02   0.00000000E+00
 17.   52.   0.15007637E-02   0.00000000E+00   0.12525002E-01   0.00000000E+00
 17.   53.  -0.28508388E-02   0.00000000E+00   0.34853055E-01   0.00000000E+00
 17.   54.   0.23948906E-03   0.46136123E-02  -0.17426527E-01   0.00000000E+00
 17.   55.   0.34316609E-02  -0.30929722E-02  -0.17426527E-01   0.00000000E+00
 17.   56.  -0.20158474E-02  -0.20158475E-02   0.34853055E-01   0.00000000E+00
 17.   57.  -0.30929722E-02   0.34316609E-02  -0.17426527E-01   0.00000000E+00
 17.   58.   0.46136123E-02   0.23948910E-03  -0.17426528E-01   0.00000000E+00
 17.   59.   0.45465286E-10  -0.28508388E-02   0.34853055E-01   0.00000000E+00
 17.   60.  -0.46136123E-02   0.23948905E-03  -0.17426527E-01   0.00000000E+00
 17.   61.   0.30929722E-02   0.34316609E-02  -0.17426528E-01   0.00000000E+00
 17.   62.   0.20158475E-02  -0.20158474E-02   0.34853055E-01   0.00000000E+00
 17.   63.  -0.34316609E-02  -0.30929722E-02  -0.17426527E-01   0.00000000E+00
 17.   64.  -0.23948911E-03   0.46136123E-02  -0.17426528E-01   0.00000000E+00
 17.   65.   0.28508388E-02   0.00000000E+00   0.34853055E-01   0.00000000E+00
 17.   66.   0.28508388E-02   0.00000000E+00   0.34853055E-01   0.00000000E+00
 17.   67.  -0.23948907E-03  -0.46136123E-02  -0.17426527E-01   0.00000000E+00
 17.   68.  -0.34316609E-02   0.30929722E-02  -0.17426527E-01   0.00000000E+00
 17.   69.   0.20158474E-02   0.20158475E-02   0.34853055E-01   0.00000000E+00
 17.   70.   0.30929722E-02  -0.34316609E-02  -0.17426527E-01   0.00000000E+00
 17.   71.  -0.46136123E-02  -0.23948910E-03  -0.17426528E-01   0.00000000E+00
 17.   72.  -0.44947900E-10   0.28508388E-02   0.34853055E-01   0.00000000E+00
 17.   73.   0.46136123E-02  -0.23948905E-03  -0.17426527E-01   0.00000000E+00
 17.   74.  -0.30929722E-02  -0.34316609E-02  -0.17426528E-01   0.00000000E+00
 17.   75.  -0.20158475E-02   0.20158474E-02   0.34853055E-01   0.00000000E+00
 17.   76.   0.34316609E-02   0.30929722E-02  -0.17426527E-01   0.00000000E+00
 17.   77.   0.23948911E-03  -0.46136123E-02  -0.17426528E-01   0.00000000E+00
 17.   78.  -0.28508388E-02   0.00000000E+00   0.34853055E-01   0.00000000E+00
 18.    1.  -0.84637186E-03   0.00000000E+00   0.13643783E-01   0.00000000E+00
 18.    2.  -0.10951593E-02   0.12551746E-02   0.11815862E-01   0.00000000E+00
 18.    3.  -0.16619370E-02   0.20321875E-02   0.68218914E-02   0.00000000E+00
 18.    4.  -0.21154565E-02   0.21154565E-02   0.19065605E-10   0.00000000E+00
 18.    5.  -0.20321875E-02   0.16619370E-02  -0.68218913E-02   0.00000000E+00
 18.    6.  -0.12551746E-02   0.10951593E-02  -0.11815862E-01   0.00000000E+00
 18.    7.  -0.59435000E-11   0.84637186E-03  -0.13643783E-01   0.00000000E+00
 18.    8.   0.12551746E-02   0.10951593E-02  -0.11815862E-01   0.00000000E+00
 18.    9.   0.20321875E-02   0.16619370E-02  -0.68218914E-02   0.00000000E+00
 18.   10.   0.21154565E-02   0.21154565E-02  -0.42613660E-10   0.00000000E+00
 18.   11.   0.16619370E-02   0.20321875E-02   0.68218913E-02   0.00000000E+00
 18.   12.   0.10951593E-02   0.12551746E-02   0.11815862E-01   0.00000000E+00
 18.   13.   0.84637186E-03   0.00000000E+00   0.13643783E-01   0.00000000E+00
 18.   14.   0.96373867E-03   0.00000000E+00   0.17423224E-01   0.00000000E+00
 18.   15.   0.57630731E-03   0.10739243E-02   0.15088955E-01   0.00000000E+00
 18.   16.  -0.35186835E-03   0.15731925E-02   0.87116120E-02   0.00000000E+00
 18.   17.  -0.12560648E-02   0.12560648E-02   0.22918766E-10   0.00000000E+00
 18.   18.  -0.15731925E-02   0.35186835E-03  -0.87116120E-02   0.00000000E+00
 18.   19.  -0.10739243E-02  -0.57630731E-03  -0.15088955E-01   0.00000000E+00
 18.   20.  -0.53663143E-11  -0.96373867E-03  -0.17423224E-01   0.00000000E+00
 18.   21.   0.10739243E-02  -0.57630731E-03  -0.15088955E-01   0.00000000E+00
 18.   22.   0.15731925E-02   0.35186834E-03  -0.87116121E-02   0.00000000E+00
 18.   23.   0.12560648E-02   0.12560648E-02  -0.59032695E-10   0.00000000E+00
 18.   24.   0.35186835E-03   0.15731925E-02   0.87116119E-02   0.00000000E+00
 18.   25.  -0.57630730E-03   0.10739243E-02   0.15088955E-01   0.00000000E+00
 18.   26.  -0.96373867E-03   0.00000000E+00   0.17423224E-01   0.00000000E+00
 18.   27.   0.19870026E-02   0.00000000E+00  -0.33681671E-02   0.00000000E+00
 18.   28.   0.16906686E-02   0.33897920E-03  -0.29169183E-02   0.00000000E+00
 18.   29.   0.95578875E-03   0.33152795E-03  -0.16840835E-02   0.00000000E+00
 18.   30.   0.15577347E-03  -0.15577346E-03  -0.92291148E-11   0.00000000E+00
 18.   31.  -0.33152794E-03  -0.95578875E-03   0.16840835E-02   0.00000000E+00
 18.   32.  -0.33897920E-03  -0.16906686E-02   0.29169183E-02   0.00000000E+00
 18.   33.  -0.19648719E-11  -0.19870026E-02   0.33681671E-02   0.00000000E+00
 18.   34.   0.33897920E-03  -0.16906686E-02   0.29169183E-02   0.00000000E+00
 18.   35.   0.33152795E-03  -0.95578876E-03   0.16840836E-02   0.00000000E+00
 18.   36.  -0.15577346E-03  -0.15577347E-03   0.54381564E-11   0.00000000E+00
 18.   37.  -0.95578875E-03   0.33152795E-03  -0.16840835E-02   0.00000000E+00
 18.   38.  -0.16906686E-02   0.33897920E-03  -0.29169183E-02   0.00000000E+00
 18.   39.  -0.19870026E-02   0.00000000E+00  -0.33681671E-02   0.00000000E+00
 18.   40.  -0.12259745E-02   0.00000000E+00  -0.87912152E-02   0.00000000E+00
 18.   41.  -0.97087821E-03  -0.47882380E-03  -0.76134157E-02   0.00000000E+00
 18.   42.  -0.34793501E-03  -0.62333337E-03  -0.43956076E-02   0.00000000E+00
 18.   43.   0.29871938E-03  -0.29871938E-03  -0.35932735E-10   0.00000000E+00
 18.   44.   0.62333337E-03   0.34793501E-03   0.43956076E-02   0.00000000E+00
 18.   45.   0.47882379E-03   0.97087820E-03   0.76134157E-02   0.00000000E+00
 18.   46.   0.21755573E-11   0.12259745E-02   0.87912152E-02   0.00000000E+00
 18.   47.  -0.47882379E-03   0.97087821E-03   0.76134157E-02   0.00000000E+00
 18.   48.  -0.62333337E-03   0.34793501E-03   0.43956076E-02   0.00000000E+00
 18.   49.  -0.29871939E-03  -0.29871938E-03   0.63919728E-11   0.00000000E+00
 18.   50.   0.34793501E-03  -0.62333337E-03  -0.43956075E-02   0.00000000E+00
 18.   51.   0.97087820E-03  -0.47882380E-03  -0.76134157E-02   0.00000000E+00
 18.   52.   0.12259745E-02   0.00000000E+00  -0.87912152E-02   0.00000000E+00
 18.   53.  -0.24408189E-02   0.00000000E+00   0.14220008E-01   0.00000000E+00
 18.   54.  -0.21034506E-02  -0.31695469E-03   0.12314888E-01   0.00000000E+00
 18.   55.  -0.12632434E-02  -0.25281717E-03   0.71100040E-02   0.00000000E+00
 18.   56.  -0.33694822E-03   0.33694822E-03  -0.40301691E-10   0.00000000E+00
 18.   57.   0.25281718E-03   0.12632434E-02  -0.71100039E-02   0.00000000E+00
 18.   58.   0.31695467E-03   0.21034506E-02  -0.12314888E-01   0.00000000E+00
 18.   59.   0.12972288E-11   0.24408189E-02  -0.14220008E-01   0.00000000E+00
 18.   60.  -0.31695467E-03   0.21034506E-02  -0.12314888E-01   0.00000000E+00
 18.   61.  -0.25281718E-03   0.12632434E-02  -0.71100040E-02   0.00000000E+00
 18.   62.   0.33694821E-03   0.33694823E-03  -0.10907852E-09   0.00000000E+00
 18.   63.   0.12632434E-02  -0.25281716E-03   0.71100039E-02   0.00000000E+00
 18.   64.   0.21034506E-02  -0.31695469E-03   0.12314888E-01   0.00000000E+00
 18.   65.   0.24408189E-02   0.00000000E+00   0.14220008E-01   0.00000000E+00
 18.   66.   0.24408189E-02   0.00000000E+00   0.14220008E-01   0.00000000E+00
 18.   67.   0.21034506E-02   0.31695469E-03   0.12314888E-01   0.00000000E+00
 18.   68.   0.12632434E-02   0.25281717E-03   0.71100040E-02   0.00000000E+00
 18.   69.   0.33694822E-03  -0.33694822E-03  -0.40307061E-10   0.00000000E+00
 18.   70.  -0.25281718E-03  -0.12632434E-02  -0.71100039E-02   0.00000000E+00
 18.   71.  -0.31695467E-03  -0.21034506E-02  -0.12314888E-01   0.00000000E+00
 18.   72.  -0.15677096E-11  -0.24408189E-02  -0.14220008E-01   0.00000000E+00
 18.   73.   0.31695467E-03  -0.21034506E-02  -0.12314888E-01   0.00000000E+00
 18.   74.   0.25281718E-03  -0.12632434E-02  -0.71100040E-02   0.00000000E+00
 18.   75.  -0.33694821E-03  -0.33694823E-03  -0.10908731E-09   0.00000000E+00
 18.   76.  -0.12632434E-02   0.25281716E-03   0.71100039E-02   0.00000000E+00
 18.   77.  -0.21034506E-02   0.31695469E-03   0.12314888E-01   0.00000000E+00
 18.   78.  -0.24408189E-02   0.00000000E+00   0.14220008E-01   0.00000000E+00
 19.    1.  -0.87515658E-04   0.00000000E+00   0.12677724E-03   0.00000000E+00
 19.    2.  -0.46801847E-04   0.87151218E-04   0.32812377E-04   0.00000000E+00
 19.    3.   0.40713814E-04   0.81063182E-04  -0.10979228E-03   0.00000000E+00
 19.    4.   0.93603700E-04  -0.60880353E-05  -0.89645021E-04   0.00000000E+00
 19.    5.   0.52889888E-04  -0.81063178E-04   0.63388630E-04   0.00000000E+00
 19.    6.  -0.46801848E-04  -0.74975141E-04   0.12245741E-03   0.00000000E+00
 19.    7.  -0.99691736E-04   0.20362112E-11   0.16123859E-10   0.00000000E+00
 19.    8.  -0.46801850E-04   0.74975145E-04  -0.12245738E-03   0.00000000E+00
 19.    9.   0.52889885E-04   0.81063182E-04  -0.63388600E-04   0.00000000E+00
 19.   10.   0.93603697E-04   0.60880391E-05   0.89645050E-04   0.00000000E+00
 19.   11.   0.40713811E-04  -0.81063179E-04   0.10979231E-03   0.00000000E+00
 19.   12.  -0.46801850E-04  -0.87151218E-04  -0.32812348E-04   0.00000000E+00
 19.   13.  -0.87515662E-04   0.00000000E+00  -0.12677722E-03   0.00000000E+00
 19.   14.  -0.78422375E-03   0.00000000E+00   0.41195945E-02   0.00000000E+00
 19.   15.  -0.45779172E-03   0.92427821E-03   0.10662295E-02   0.00000000E+00
 19.   16.   0.32643203E-03   0.79291852E-03  -0.35676735E-02   0.00000000E+00
 19.   17.   0.91558345E-03  -0.13135969E-03  -0.29129932E-02   0.00000000E+00
 19.   18.   0.58915141E-03  -0.79291852E-03   0.20597972E-02   0.00000000E+00
 19.   19.  -0.45779172E-03  -0.66155883E-03   0.39792227E-02   0.00000000E+00
 19.   20.  -0.10469431E-02  -0.23182646E-11   0.18997704E-10   0.00000000E+00
 19.   21.  -0.45779173E-03   0.66155883E-03  -0.39792227E-02   0.00000000E+00
 19.   22.   0.58915141E-03   0.79291852E-03  -0.20597973E-02   0.00000000E+00
 19.   23.   0.91558345E-03   0.13135970E-03   0.29129931E-02   0.00000000E+00
 19.   24.   0.32643204E-03  -0.79291852E-03   0.35676735E-02   0.00000000E+00
 19.   25.  -0.45779172E-03  -0.92427822E-03  -0.10662295E-02   0.00000000E+00
 19.   26.  -0.78422376E-03   0.00000000E+00  -0.41195945E-02   0.00000000E+00
 19.   27.  -0.65934390E-03   0.00000000E+00   0.14371363E-01   0.00000000E+00
 19.   28.  -0.75184946E-03   0.21465965E-02   0.37195824E-02   0.00000000E+00
 19.   29.  -0.92505560E-04   0.13022415E-02  -0.12445965E-01   0.00000000E+00
 19.   30.   0.15036989E-02  -0.84435501E-03  -0.10162088E-01   0.00000000E+00
 19.   31.   0.15962045E-02  -0.13022415E-02   0.71856814E-02   0.00000000E+00
 19.   32.  -0.75184945E-03  -0.45788645E-03   0.13881671E-01   0.00000000E+00
 19.   33.  -0.23480539E-02  -0.20385998E-11   0.82634118E-10   0.00000000E+00
 19.   34.  -0.75184947E-03   0.45788644E-03  -0.13881671E-01   0.00000000E+00
 19.   35.   0.15962045E-02   0.13022415E-02  -0.71856815E-02   0.00000000E+00
 19.   36.   0.15036989E-02   0.84435502E-03   0.10162088E-01   0.00000000E+00
 19.   37.  -0.92505545E-04  -0.13022414E-02   0.12445965E-01   0.00000000E+00
 19.   38.  -0.75184946E-03  -0.21465965E-02  -0.37195823E-02   0.00000000E+00
 19.   39.  -0.65934390E-03   0.00000000E+00  -0.14371363E-01   0.00000000E+00
 19.   40.   0.17388168E-02   0.00000000E+00   0.90979276E-02   0.00000000E+00
 19.   41.   0.16177206E-03   0.11350753E-02   0.23547169E-02   0.00000000E+00
 19.   42.  -0.15770448E-02  -0.28019742E-03  -0.78790364E-02   0.00000000E+00
 19.   43.  -0.32354412E-03  -0.14152727E-02  -0.64332063E-02   0.00000000E+00
 19.   44.   0.12535006E-02   0.28019741E-03   0.45489638E-02   0.00000000E+00
 19.   45.   0.16177206E-03   0.16954701E-02   0.87879232E-02   0.00000000E+00
 19.   46.  -0.10917286E-02   0.12020404E-10   0.58836993E-10   0.00000000E+00
 19.   47.   0.16177204E-03  -0.16954701E-02  -0.87879232E-02   0.00000000E+00
 19.   48.   0.12535006E-02  -0.28019743E-03  -0.45489639E-02   0.00000000E+00
 19.   49.  -0.32354410E-03   0.14152727E-02   0.64332062E-02   0.00000000E+00
 19.   50.  -0.15770448E-02   0.28019744E-03   0.78790365E-02   0.00000000E+00
 19.   51.   0.16177203E-03  -0.11350753E-02  -0.23547168E-02   0.00000000E+00
 19.   52.   0.17388168E-02   0.00000000E+00  -0.90979276E-02   0.00000000E+00
 19.   53.   0.25734081E-02   0.00000000E+00  -0.16239228E-01   0.00000000E+00
 19.   54.   0.98724067E-03  -0.11110242E-02  -0.42030214E-02   0.00000000E+00
 19.   55.  -0.15861674E-02  -0.17099510E-02   0.14063584E-01   0.00000000E+00
 19.   56.  -0.19744813E-02  -0.59892676E-03   0.11482868E-01   0.00000000E+00
 19.   57.  -0.38831392E-03   0.17099510E-02  -0.81196138E-02   0.00000000E+00
 19.   58.   0.98724067E-03   0.23088778E-02  -0.15685889E-01   0.00000000E+00
 19.   59.   0.13755546E-02   0.15251610E-10  -0.10250872E-09   0.00000000E+00
 19.   60.   0.98724067E-03  -0.23088777E-02   0.15685889E-01   0.00000000E+00
 19.   61.  -0.38831391E-03  -0.17099510E-02   0.81196139E-02   0.00000000E+00
 19.   62.  -0.19744813E-02   0.59892674E-03  -0.11482868E-01   0.00000000E+00
 19.   63.  -0.15861674E-02   0.17099510E-02  -0.14063584E-01   0.00000000E+00
 19.   64.   0.98724064E-03   0.11110243E-02   0.42030212E-02   0.00000000E+00
 19.   65.   0.25734081E-02   0.00000000E+00   0.16239228E-01   0.00000000E+00
 19.   66.  -0.25734081E-02   0.00000000E+00  -0.16239228E-01   0.00000000E+00
 19.   67.  -0.98724067E-03   0.11110242E-02  -0.42030214E-02   0.00000000E+00
 19.   68.   0.15861674E-02   0.17099510E-02   0.14063584E-01   0.00000000E+00
 19.   69.   0.19744813E-02   0.59892675E-03   0.11482868E-01   0.00000000E+00
 19.   70.   0.38831392E-03  -0.17099510E-02  -0.81196138E-02   0.00000000E+00
 19.   71.  -0.98724067E-03  -0.23088778E-02  -0.15685889E-01   0.00000000E+00
 19.   72.  -0.13755546E-02  -0.15064271E-10  -0.10246169E-09   0.00000000E+00
 19.   73.  -0.98724067E-03   0.23088777E-02   0.15685889E-01   0.00000000E+00
 19.   74.   0.38831391E-03   0.17099510E-02   0.81196139E-02   0.00000000E+00
 19.   75.   0.19744813E-02  -0.59892674E-03  -0.11482868E-01   0.00000000E+00
 19.   76.   0.15861674E-02  -0.17099510E-02  -0.14063584E-01   0.00000000E+00
 19.   77.  -0.98724064E-03  -0.11110243E-02   0.42030212E-02   0.00000000E+00
 19.   78.  -0.25734081E-02   0.00000000E+00   0.16239228E-01   0.00000000E+00
 20.    1.  -0.54438250E-02   0.00000000E+00  -0.34846250E-01   0.00000000E+00
 20.    2.  -0.52583312E-02  -0.14089656E-02  -0.34846250E-01   0.00000000E+00
 20.    3.  -0.47144908E-02  -0.27219125E-02  -0.34846250E-01   0.00000000E+00
 20.    4.  -0.38493656E-02  -0.38493656E-02  -0.34846250E-01   0.00000000E+00
 20.    5.  -0.27219125E-02  -0.47144907E-02  -0.34846250E-01   0.00000000E+00
 20.    6.  -0.14089656E-02  -0.52583312E-02  -0.34846250E-01   0.00000000E+00
 20.    7.  -0.52765076E-11  -0.54438250E-02  -0.34846250E-01   0.00000000E+00
 20.    8.   0.14089656E-02  -0.52583312E-02  -0.34846250E-01   0.00000000E+00
 20.    9.   0.27219125E-02  -0.47144908E-02  -0.34846250E-01   0.00000000E+00
 20.   10.   0.38493656E-02  -0.38493656E-02  -0.34846250E-01   0.00000000E+00
 20.   11.   0.47144907E-02  -0.27219125E-02  -0.34846250E-01   0.00000000E+00
 20.   12.   0.52583312E-02  -0.14089656E-02  -0.34846250E-01   0.00000000E+00
 20.   13.   0.54438250E-02   0.00000000E+00  -0.34846250E-01   0.00000000E+00
 20.   14.  -0.20896572E-02   0.00000000E+00   0.11226716E-01   0.00000000E+00
 20.   15.  -0.20184539E-02  -0.54084309E-03   0.11226716E-01   0.00000000E+00
 20.   16.  -0.18096963E-02  -0.10448286E-02   0.11226716E-01   0.00000000E+00
 20.   17.  -0.14776108E-02  -0.14776108E-02   0.11226716E-01   0.00000000E+00
 20.   18.  -0.10448286E-02  -0.18096963E-02   0.11226716E-01   0.00000000E+00
 20.   19.  -0.54084309E-03  -0.20184539E-02   0.11226716E-01   0.00000000E+00
 20.   20.  -0.31648561E-11  -0.20896572E-02   0.11226716E-01   0.00000000E+00
 20.   21.   0.54084309E-03  -0.20184539E-02   0.11226716E-01   0.00000000E+00
 20.   22.   0.10448286E-02  -0.18096963E-02   0.11226716E-01   0.00000000E+00
 20.   23.   0.14776108E-02  -0.14776108E-02   0.11226716E-01   0.00000000E+00
 20.   24.   0.18096963E-02  -0.10448286E-02   0.11226716E-01   0.00000000E+00
 20.   25.   0.20184539E-02  -0.54084310E-03   0.11226716E-01   0.00000000E+00
 20.   26.   0.20896572E-02   0.00000000E+00   0.11226716E-01   0.00000000E+00
 20.   27.   0.24562279E-02   0.00000000E+00   0.35075080E-02   0.00000000E+00
 20.   28.   0.23725339E-02   0.63571856E-03   0.35075080E-02   0.00000000E+00
 20.   29.   0.21271557E-02   0.12281139E-02   0.35075080E-02   0.00000000E+00
 20.   30.   0.17368154E-02   0.17368154E-02   0.35075080E-02   0.00000000E+00
 20.   31.   0.12281139E-02   0.21271557E-02   0.35075080E-02   0.00000000E+00
 20.   32.   0.63571856E-03   0.23725339E-02   0.35075080E-02   0.00000000E+00
 20.   33.   0.97904348E-12   0.24562279E-02   0.35075080E-02   0.00000000E+00
 20.   34.  -0.63571855E-03   0.23725340E-02   0.35075080E-02   0.00000000E+00
 20.   35.  -0.12281139E-02   0.21271557E-02   0.35075080E-02   0.00000000E+00
 20.   36.  -0.17368154E-02   0.17368154E-02   0.35075080E-02   0.00000000E+00
 20.   37.  -0.21271557E-02   0.12281139E-02   0.35075080E-02   0.00000000E+00
 20.   38.  -0.23725339E-02   0.63571856E-03   0.35075080E-02   0.00000000E+00
 20.   39.  -0.24562279E-02   0.00000000E+00   0.35075080E-02   0.00000000E+00
 20.   40.  -0.84471949E-03   0.00000000E+00  -0.10092126E-01   0.00000000E+00
 20.   41.  -0.81593637E-03  -0.21862949E-03  -0.10092126E-01   0.00000000E+00
 20.   42.  -0.73154854E-03  -0.42235975E-03  -0.10092126E-01   0.00000000E+00
 20.   43.  -0.59730688E-03  -0.59730688E-03  -0.10092126E-01   0.00000000E+00
 20.   44.  -0.42235974E-03  -0.73154854E-03  -0.10092126E-01   0.00000000E+00
 20.   45.  -0.21862949E-03  -0.81593637E-03  -0.10092126E-01   0.00000000E+00
 20.   46.  -0.29301227E-11  -0.84471949E-03  -0.10092126E-01   0.00000000E+00
 20.   47.   0.21862949E-03  -0.81593637E-03  -0.10092126E-01   0.00000000E+00
 20.   48.   0.42235974E-03  -0.73154854E-03  -0.10092126E-01   0.00000000E+00
 20.   49.   0.59730688E-03  -0.59730688E-03  -0.10092126E-01   0.00000000E+00
 20.   50.   0.73154853E-03  -0.42235975E-03  -0.10092126E-01   0.00000000E+00
 20.   51.   0.81593637E-03  -0.21862949E-03  -0.10092126E-01   0.00000000E+00
 20.   52.   0.84471949E-03   0.00000000E+00  -0.10092126E-01   0.00000000E+00
 20.   53.  -0.28056334E-02   0.00000000E+00   0.14527316E-01   0.00000000E+00
 20.   54.  -0.27100338E-02  -0.72615136E-03   0.14527316E-01   0.00000000E+00
 20.   55.  -0.24297498E-02  -0.14028167E-02   0.14527316E-01   0.00000000E+00
 20.   56.  -0.19838824E-02  -0.19838824E-02   0.14527316E-01   0.00000000E+00
 20.   57.  -0.14028167E-02  -0.24297498E-02   0.14527316E-01   0.00000000E+00
 20.   58.  -0.72615136E-03  -0.27100338E-02   0.14527316E-01   0.00000000E+00
 20.   59.  -0.46974472E-11  -0.28056334E-02   0.14527316E-01   0.00000000E+00
 20.   60.   0.72615136E-03  -0.27100338E-02   0.14527316E-01   0.00000000E+00
 20.   61.   0.14028167E-02  -0.24297498E-02   0.14527316E-01   0.00000000E+00
 20.   62.   0.19838824E-02  -0.19838824E-02   0.14527316E-01   0.00000000E+00
 20.   63.   0.24297498E-02  -0.14028167E-02   0.14527316E-01   0.00000000E+00
 20.   64.   0.27100338E-02  -0.72615137E-03   0.14527316E-01   0.00000000E+00
 20.   65.   0.28056334E-02   0.00000000E+00   0.14527316E-01   0.00000000E+00
 20.   66.   0.28056334E-02   0.00000000E+00   0.14527316E-01   0.00000000E+00
 20.   67.   0.27100338E-02   0.72615136E-03   0.14527316E-01   0.00000000E+00
 20.   68.   0.24297498E-02   0.14028167E-02   0.14527316E-01   0.00000000E+00
 20.   69.   0.19838824E-02   0.19838824E-02   0.14527316E-01   0.00000000E+00
 20.   70.   0.14028167E-02   0.24297498E-02   0.14527316E-01   0.00000000E+00
 20.   71.   0.72615136E-03   0.27100338E-02   0.14527316E-01   0.00000000E+00
 20.   72.   0.54108083E-11   0.28056334E-02   0.14527316E-01   0.00000000E+00
 20.   73.  -0.72615136E-03   0.27100338E-02   0.14527316E-01   0.00000000E+00
 20.   74.  -0.14028167E-02   0.24297498E-02   0.14527316E-01   0.00000000E+00
 20.   75.  -0.19838824E-02   0.19838824E-02   0.14527316E-01   0.00000000E+00
 20.   76.  -0.24297498E-02   0.14028167E-02   0.14527316E-01   0.00000000E+00
 20.   77.  -0.27100338E-02   0.72615137E-03   0.14527316E-01   0.00000000E+00
 20.   78.  -0.28056334E-02   0.00000000E+00   0.14527316E-01   0.00000000E+00
 21.    1.   0.62167024E-07   0.00000000E+00  -0.25859477E-07   0.00000000E+00
 21.    2.  -0.31210566E-07  -0.53371971E-07   0.18274549E-07   0.00000000E+00
 21.    3.  -0.30742647E-07   0.53244769E-07  -0.83702382E-11   0.00000000E+00
 21.    4.   0.61824602E-07   0.34125079E-09  -0.18289946E-07   0.00000000E+00
 21.    5.  -0.31085048E-07  -0.53840875E-07   0.25845858E-07   0.00000000E+00
 21.    6.  -0.30616934E-07   0.53712340E-07  -0.18291412E-07   0.00000000E+00
 21.    7.   0.61482857E-07  -0.23389979E-11  -0.12956999E-10   0.00000000E+00
 21.    8.  -0.30614906E-07  -0.53717525E-07   0.18266270E-07   0.00000000E+00
 21.    9.  -0.31082588E-07   0.53836939E-07  -0.25867519E-07   0.00000000E+00
 21.   10.   0.61828479E-07  -0.34527894E-09   0.18267332E-07   0.00000000E+00
 21.   11.  -0.30738567E-07  -0.53247984E-07  -0.13792508E-10   0.00000000E+00
 21.   12.  -0.31206402E-07   0.53369917E-07  -0.18295092E-07   0.00000000E+00
 21.   13.   0.62172968E-07   0.00000000E+00   0.25840080E-07   0.00000000E+00
 21.   14.   0.16562226E-04   0.00000000E+00  -0.39624091E-04   0.00000000E+00
 21.   15.  -0.79967213E-05  -0.15404674E-04   0.28018471E-04   0.00000000E+00
 21.   16.  -0.90580866E-05   0.15689066E-04   0.30297217E-11   0.00000000E+00
 21.   17.   0.17339199E-04  -0.77697372E-06  -0.28018466E-04   0.00000000E+00
 21.   18.  -0.82811128E-05  -0.14343309E-04   0.39624098E-04   0.00000000E+00
 21.   19.  -0.93424790E-05   0.14627700E-04  -0.28018463E-04   0.00000000E+00
 21.   20.   0.18116172E-04  -0.16386176E-11  -0.13304788E-11   0.00000000E+00
 21.   21.  -0.93424775E-05  -0.14627702E-04   0.28018469E-04   0.00000000E+00
 21.   22.  -0.82811133E-05   0.14343306E-04  -0.39624089E-04   0.00000000E+00
 21.   23.   0.17339200E-04   0.77697185E-06   0.28018468E-04   0.00000000E+00
 21.   24.  -0.90580853E-05  -0.15689066E-04   0.67973573E-12   0.00000000E+00
 21.   25.  -0.79967213E-05   0.15404672E-04  -0.28018466E-04   0.00000000E+00
 21.   26.   0.16562226E-04   0.00000000E+00   0.39624095E-04   0.00000000E+00
 21.   27.   0.28989676E-03   0.00000000E+00  -0.12424338E-02   0.00000000E+00
 21.   28.  -0.13109982E-03  -0.30274148E-03   0.87853336E-03   0.00000000E+00
 21.   29.  -0.18278335E-03   0.31659004E-03   0.40984284E-11   0.00000000E+00
 21.   30.   0.32773172E-03  -0.37834964E-04  -0.87853336E-03   0.00000000E+00
 21.   31.  -0.14494838E-03  -0.25105796E-03   0.12424338E-02   0.00000000E+00
 21.   32.  -0.19663190E-03   0.26490652E-03  -0.87853335E-03   0.00000000E+00
 21.   33.   0.36556669E-03   0.25209881E-11  -0.12075242E-10   0.00000000E+00
 21.   34.  -0.19663190E-03  -0.26490652E-03   0.87853337E-03   0.00000000E+00
 21.   35.  -0.14494838E-03   0.25105796E-03  -0.12424338E-02   0.00000000E+00
 21.   36.   0.32773172E-03   0.37834970E-04   0.87853334E-03   0.00000000E+00
 21.   37.  -0.18278334E-03  -0.31659004E-03   0.23168529E-10   0.00000000E+00
 21.   38.  -0.13109983E-03   0.30274148E-03  -0.87853337E-03   0.00000000E+00
 21.   39.   0.28989676E-03   0.00000000E+00   0.12424338E-02   0.00000000E+00
 21.   40.   0.11543552E-02   0.00000000E+00  -0.87483253E-02   0.00000000E+00
 21.   41.  -0.44066726E-03  -0.15091646E-02   0.61860002E-02   0.00000000E+00
 21.   42.  -0.95013087E-03   0.16456749E-02   0.76768802E-11   0.00000000E+00
 21.   43.   0.15273085E-02  -0.37295324E-03  -0.61860002E-02   0.00000000E+00
 21.   44.  -0.57717761E-03  -0.99970097E-03   0.87483253E-02   0.00000000E+00
 21.   45.  -0.10866412E-02   0.11362113E-02  -0.61860001E-02   0.00000000E+00
 21.   46.   0.19002617E-02   0.10984208E-10  -0.94984169E-10   0.00000000E+00
 21.   47.  -0.10866412E-02  -0.11362113E-02   0.61860002E-02   0.00000000E+00
 21.   48.  -0.57717764E-03   0.99970095E-03  -0.87483253E-02   0.00000000E+00
 21.   49.   0.15273085E-02   0.37295326E-03   0.61860001E-02   0.00000000E+00
 21.   50.  -0.95013085E-03  -0.16456749E-02   0.16476689E-09   0.00000000E+00
 21.   51.  -0.44066728E-03   0.15091646E-02  -0.61860003E-02   0.00000000E+00
 21.   52.   0.11543552E-02   0.00000000E+00   0.87483253E-02   0.00000000E+00
 21.   53.   0.23819094E-02   0.00000000E+00  -0.26705733E-01   0.00000000E+00
 21.   54.  -0.83370792E-03  -0.33960573E-02   0.18883805E-01   0.00000000E+00
 21.   55.  -0.21669711E-02   0.37533040E-02   0.46395964E-10   0.00000000E+00
 21.   56.   0.33579258E-02  -0.97601637E-03  -0.18883805E-01   0.00000000E+00
 21.   57.  -0.11909547E-02  -0.20627941E-02   0.26705733E-01   0.00000000E+00
 21.   58.  -0.25242179E-02   0.24200409E-02  -0.18883805E-01   0.00000000E+00
 21.   59.   0.43339422E-02   0.21155934E-10  -0.28510377E-09   0.00000000E+00
 21.   60.  -0.25242178E-02  -0.24200409E-02   0.18883805E-01   0.00000000E+00
 21.   61.  -0.11909548E-02   0.20627940E-02  -0.26705733E-01   0.00000000E+00
 21.   62.   0.33579258E-02   0.97601643E-03   0.18883805E-01   0.00000000E+00
 21.   63.  -0.21669711E-02  -0.37533041E-02   0.52219334E-09   0.00000000E+00
 21.   64.  -0.83370796E-03   0.33960572E-02  -0.18883805E-01   0.00000000E+00
 21.   65.   0.23819094E-02   0.00000000E+00   0.26705733E-01   0.00000000E+00
 21.   66.  -0.23819094E-02   0.00000000E+00  -0.26705733E-01   0.00000000E+00
 21.   67.   0.83370792E-03   0.33960573E-02   0.18883805E-01   0.00000000E+00
 21.   68.   0.21669711E-02  -0.37533040E-02   0.46486629E-10   0.00000000E+00
 21.   69.  -0.33579258E-02   0.97601637E-03  -0.18883805E-01   0.00000000E+00
 21.   70.   0.11909547E-02   0.20627941E-02   0.26705733E-01   0.00000000E+00
 21.   71.   0.25242179E-02  -0.24200409E-02  -0.18883805E-01   0.00000000E+00
 21.   72.  -0.43339422E-02  -0.21526958E-10  -0.28438029E-09   0.00000000E+00
 21.   73.   0.25242178E-02   0.24200409E-02   0.18883805E-01   0.00000000E+00
 21.   74.   0.11909548E-02  -0.20627940E-02  -0.26705733E-01   0.00000000E+00
 21.   75.  -0.33579258E-02  -0.97601643E-03   0.18883805E-01   0.00000000E+00
 21.   76.   0.21669711E-02   0.37533041E-02   0.52241946E-09   0.00000000E+00
 21.   77.   0.83370796E-03  -0.33960572E-02  -0.18883805E-01   0.00000000E+00
 21.   78.  -0.23819094E-02   0.00000000E+00   0.26705733E-01   0.00000000E+00
 22.    1.  -0.81576905E-03   0.00000000E+00   0.43026005E-02   0.00000000E+00
 22.    2.  -0.83938234E-03   0.90389506E-03   0.30423980E-02   0.00000000E+00
 22.    3.  -0.77098944E-03   0.13353929E-02  -0.11827101E-10   0.00000000E+00
 22.    4.  -0.36310491E-03   0.11788740E-02  -0.30423980E-02   0.00000000E+00
 22.    5.   0.40788452E-03   0.70647672E-03  -0.43026005E-02   0.00000000E+00
 22.    6.   0.12024872E-02   0.27497890E-03  -0.30423980E-02   0.00000000E+00
 22.    7.   0.15419789E-02  -0.33939001E-11  -0.35804924E-10   0.00000000E+00
 22.    8.   0.12024873E-02  -0.27497891E-03   0.30423980E-02   0.00000000E+00
 22.    9.   0.40788453E-03  -0.70647672E-03   0.43026005E-02   0.00000000E+00
 22.   10.  -0.36310490E-03  -0.11788740E-02   0.30423980E-02   0.00000000E+00
 22.   11.  -0.77098943E-03  -0.13353929E-02   0.29254164E-10   0.00000000E+00
 22.   12.  -0.83938233E-03  -0.90389506E-03  -0.30423980E-02   0.00000000E+00
 22.   13.  -0.81576904E-03   0.00000000E+00  -0.43026005E-02   0.00000000E+00
 22.   14.  -0.20259050E-03   0.00000000E+00   0.13742811E-01   0.00000000E+00
 22.   15.  -0.52071051E-03   0.13898305E-02   0.97176351E-02   0.00000000E+00
 22.   16.  -0.10445686E-02   0.18092458E-02   0.35615874E-11   0.00000000E+00
 22.   17.  -0.94327330E-03   0.11458638E-02  -0.97176351E-02   0.00000000E+00
 22.   18.   0.10129525E-03   0.17544852E-03  -0.13742811E-01   0.00000000E+00
 22.   19.   0.14639838E-02  -0.24396674E-03  -0.97176351E-02   0.00000000E+00
 22.   20.   0.20891371E-02  -0.61823001E-11  -0.65445709E-10   0.00000000E+00
 22.   21.   0.14639838E-02   0.24396674E-03   0.97176351E-02   0.00000000E+00
 22.   22.   0.10129526E-03  -0.17544852E-03   0.13742811E-01   0.00000000E+00
 22.   23.  -0.94327329E-03  -0.11458638E-02   0.97176352E-02   0.00000000E+00
 22.   24.  -0.10445686E-02  -0.18092458E-02   0.73793888E-10   0.00000000E+00
 22.   25.  -0.52071052E-03  -0.13898306E-02  -0.97176351E-02   0.00000000E+00
 22.   26.  -0.20259050E-03   0.00000000E+00  -0.13742811E-01   0.00000000E+00
 22.   27.   0.18898554E-02   0.00000000E+00   0.17675328E-02   0.00000000E+00
 22.   28.   0.12591214E-02   0.46407602E-03   0.12498345E-02   0.00000000E+00
 22.   29.  -0.86534612E-04   0.14988234E-03   0.69332573E-11   0.00000000E+00
 22.   30.  -0.10314623E-02  -0.85839308E-03  -0.12498345E-02   0.00000000E+00
 22.   31.  -0.94492770E-03  -0.16366628E-02  -0.17675328E-02   0.00000000E+00
 22.   32.  -0.22765906E-03  -0.13224691E-02  -0.12498345E-02   0.00000000E+00
 22.   33.   0.17306922E-03  -0.81824987E-11  -0.62274921E-11   0.00000000E+00
 22.   34.  -0.22765906E-03   0.13224691E-02   0.12498345E-02   0.00000000E+00
 22.   35.  -0.94492769E-03   0.16366628E-02   0.17675328E-02   0.00000000E+00
 22.   36.  -0.10314623E-02   0.85839309E-03   0.12498345E-02   0.00000000E+00
 22.   37.  -0.86534619E-04  -0.14988233E-03   0.71231500E-11   0.00000000E+00
 22.   38.   0.12591214E-02  -0.46407601E-03  -0.12498344E-02   0.00000000E+00
 22.   39.   0.18898554E-02   0.00000000E+00  -0.17675328E-02   0.00000000E+00
 22.   40.  -0.70013958E-03   0.00000000E+00  -0.79745092E-02   0.00000000E+00
 22.   41.  -0.37350170E-03  -0.51888959E-03  -0.56388296E-02   0.00000000E+00
 22.   42.   0.28605263E-03  -0.49545769E-03  -0.20985645E-10   0.00000000E+00
 22.   43.   0.63612242E-03   0.64017155E-04   0.56388295E-02   0.00000000E+00
 22.   44.   0.35006979E-03   0.60633866E-03   0.79745092E-02   0.00000000E+00
 22.   45.  -0.26262072E-03   0.58290675E-03   0.56388296E-02   0.00000000E+00
 22.   46.  -0.57210526E-03   0.10395946E-10   0.21245549E-10   0.00000000E+00
 22.   47.  -0.26262073E-03  -0.58290676E-03  -0.56388295E-02   0.00000000E+00
 22.   48.   0.35006978E-03  -0.60633866E-03  -0.79745092E-02   0.00000000E+00
 22.   49.   0.63612242E-03  -0.64017163E-04  -0.56388296E-02   0.00000000E+00
 22.   50.   0.28605264E-03   0.49545768E-03  -0.43251807E-10   0.00000000E+00
 22.   51.  -0.37350169E-03   0.51888960E-03   0.56388295E-02   0.00000000E+00
 22.   52.  -0.70013957E-03   0.00000000E+00   0.79745092E-02   0.00000000E+00
 22.   53.  -0.21687905E-02   0.00000000E+00   0.11170540E-01   0.00000000E+00
 22.   54.  -0.15815884E-02  -0.22677553E-04   0.78987645E-02   0.00000000E+00
 22.   55.  -0.27396170E-03   0.47451558E-03   0.27379169E-10   0.00000000E+00
 22.   56.   0.81043354E-03   0.13583569E-02  -0.78987645E-02   0.00000000E+00
 22.   57.   0.10843952E-02   0.18782277E-02  -0.11170540E-01   0.00000000E+00
 22.   58.   0.77115486E-03   0.13810345E-02  -0.78987645E-02   0.00000000E+00
 22.   59.   0.54792340E-03   0.13432915E-10  -0.67322483E-10   0.00000000E+00
 22.   60.   0.77115485E-03  -0.13810345E-02   0.78987645E-02   0.00000000E+00
 22.   61.   0.10843953E-02  -0.18782277E-02   0.11170540E-01   0.00000000E+00
 22.   62.   0.81043354E-03  -0.13583570E-02   0.78987645E-02   0.00000000E+00
 22.   63.  -0.27396171E-03  -0.47451560E-03   0.77783234E-10   0.00000000E+00
 22.   64.  -0.15815884E-02   0.22677569E-04  -0.78987645E-02   0.00000000E+00
 22.   65.  -0.21687905E-02   0.00000000E+00  -0.11170540E-01   0.00000000E+00
 22.   66.   0.21687905E-02   0.00000000E+00   0.11170540E-01   0.00000000E+00
 22.   67.   0.15815884E-02   0.22677558E-04   0.78987645E-02   0.00000000E+00
 22.   68.   0.27396171E-03  -0.47451559E-03   0.27821499E-10   0.00000000E+00
 22.   69.  -0.81043354E-03  -0.13583569E-02  -0.78987645E-02   0.00000000E+00
 22.   70.  -0.10843952E-02  -0.18782277E-02  -0.11170540E-01   0.00000000E+00
 22.   71.  -0.77115485E-03  -0.13810345E-02  -0.78987645E-02   0.00000000E+00
 22.   72.  -0.54792341E-03  -0.15212778E-10  -0.63967028E-10   0.00000000E+00
 22.   73.  -0.77115486E-03   0.13810345E-02   0.78987645E-02   0.00000000E+00
 22.   74.  -0.10843952E-02   0.18782277E-02   0.11170540E-01   0.00000000E+00
 22.   75.  -0.81043354E-03   0.13583569E-02   0.78987645E-02   0.00000000E+00
 22.   76.   0.27396169E-03   0.47451559E-03   0.78787272E-10   0.00000000E+00
 22.   77.   0.15815884E-02  -0.22677554E-04  -0.78987645E-02   0.00000000E+00
 22.   78.   0.21687905E-02   0.00000000E+00  -0.11170540E-01   0.00000000E+00
 23.    1.   0.30135869E-02   0.00000000E+00   0.25792001E-01   0.00000000E+00
 23.    2.   0.26503667E-02   0.13555563E-02   0.24913159E-01   0.00000000E+00
 23.    3.   0.16580306E-02   0.23478924E-02   0.22336528E-01   0.00000000E+00
 23.    4.   0.30247432E-03   0.27111126E-02   0.18237699E-01   0.00000000E+00
 23.    5.  -0.10530820E-02   0.23478924E-02   0.12896000E-01   0.00000000E+00
 23.    6.  -0.20454181E-02   0.13555563E-02   0.66754610E-02   0.00000000E+00
 23.    7.  -0.24086383E-02   0.38775515E-12   0.66383878E-11   0.00000000E+00
 23.    8.  -0.20454181E-02  -0.13555563E-02  -0.66754609E-02   0.00000000E+00
 23.    9.  -0.10530820E-02  -0.23478924E-02  -0.12896000E-01   0.00000000E+00
 23.   10.   0.30247430E-03  -0.27111126E-02  -0.18237699E-01   0.00000000E+00
 23.   11.   0.16580306E-02  -0.23478924E-02  -0.22336528E-01   0.00000000E+00
 23.   12.   0.26503667E-02  -0.13555563E-02  -0.24913159E-01   0.00000000E+00
 23.   13.   0.30135869E-02   0.00000000E+00  -0.25792001E-01   0.00000000E+00
 23.   14.   0.20785103E-02   0.00000000E+00  -0.45465011E-02   0.00000000E+00
 23.   15.   0.19546186E-02   0.46237022E-03  -0.43915828E-02   0.00000000E+00
 23.   16.   0.16161401E-02   0.80084871E-03  -0.39373855E-02   0.00000000E+00
 23.   17.   0.11537699E-02   0.92474043E-03  -0.32148618E-02   0.00000000E+00
 23.   18.   0.69139965E-03   0.80084871E-03  -0.22732506E-02   0.00000000E+00
 23.   19.   0.35292115E-03   0.46237022E-03  -0.11767211E-02   0.00000000E+00
 23.   20.   0.22902943E-03  -0.32589802E-12  -0.13510249E-10   0.00000000E+00
 23.   21.   0.35292116E-03  -0.46237022E-03   0.11767211E-02   0.00000000E+00
 23.   22.   0.69139964E-03  -0.80084871E-03   0.22732506E-02   0.00000000E+00
 23.   23.   0.11537699E-02  -0.92474044E-03   0.32148618E-02   0.00000000E+00
 23.   24.   0.16161401E-02  -0.80084871E-03   0.39373854E-02   0.00000000E+00
 23.   25.   0.19546186E-02  -0.46237022E-03   0.43915828E-02   0.00000000E+00
 23.   26.   0.20785103E-02   0.00000000E+00   0.45465011E-02   0.00000000E+00
 23.   27.  -0.16673785E-02   0.00000000E+00  -0.46842331E-02   0.00000000E+00
 23.   28.  -0.15454634E-02  -0.45499316E-03  -0.45246217E-02   0.00000000E+00
 23.   29.  -0.12123853E-02  -0.78807126E-03  -0.40566649E-02   0.00000000E+00
 23.   30.  -0.75739215E-03  -0.90998631E-03  -0.33122530E-02   0.00000000E+00
 23.   31.  -0.30239899E-03  -0.78807127E-03  -0.23421166E-02   0.00000000E+00
 23.   32.   0.30679116E-04  -0.45499316E-03  -0.12123687E-02   0.00000000E+00
 23.   33.   0.15259416E-03  -0.30987529E-11  -0.82850061E-11   0.00000000E+00
 23.   34.   0.30679113E-04   0.45499315E-03   0.12123687E-02   0.00000000E+00
 23.   35.  -0.30239899E-03   0.78807126E-03   0.23421165E-02   0.00000000E+00
 23.   36.  -0.75739214E-03   0.90998631E-03   0.33122530E-02   0.00000000E+00
 23.   37.  -0.12123853E-02   0.78807127E-03   0.40566649E-02   0.00000000E+00
 23.   38.  -0.15454634E-02   0.45499316E-03   0.45246217E-02   0.00000000E+00
 23.   39.  -0.16673785E-02   0.00000000E+00   0.46842331E-02   0.00000000E+00
 23.   40.   0.39187348E-03   0.00000000E+00   0.72814912E-02   0.00000000E+00
 23.   41.   0.35397176E-03   0.14145117E-03   0.70333804E-02   0.00000000E+00
 23.   42.   0.25042232E-03   0.24500061E-03   0.63059564E-02   0.00000000E+00
 23.   43.   0.10897116E-03   0.28290233E-03   0.51487918E-02   0.00000000E+00
 23.   44.  -0.32480013E-04   0.24500061E-03   0.36407456E-02   0.00000000E+00
 23.   45.  -0.13602945E-03   0.14145116E-03   0.18845886E-02   0.00000000E+00
 23.   46.  -0.17393118E-03   0.96819626E-11   0.26390712E-11   0.00000000E+00
 23.   47.  -0.13602945E-03  -0.14145117E-03  -0.18845886E-02   0.00000000E+00
 23.   48.  -0.32480016E-04  -0.24500061E-03  -0.36407456E-02   0.00000000E+00
 23.   49.   0.10897116E-03  -0.28290233E-03  -0.51487918E-02   0.00000000E+00
 23.   50.   0.25042232E-03  -0.24500061E-03  -0.63059564E-02   0.00000000E+00
 23.   51.   0.35397176E-03  -0.14145117E-03  -0.70333804E-02   0.00000000E+00
 23.   52.   0.39187349E-03   0.00000000E+00  -0.72814912E-02   0.00000000E+00
 23.   53.   0.20671839E-02   0.00000000E+00  -0.10044122E-01   0.00000000E+00
 23.   54.   0.19395837E-02   0.47621040E-03  -0.97018765E-02   0.00000000E+00
 23.   55.   0.15909735E-02   0.82482059E-03  -0.86984645E-02   0.00000000E+00
 23.   56.   0.11147631E-02   0.95242078E-03  -0.71022665E-02   0.00000000E+00
 23.   57.   0.63855269E-03   0.82482059E-03  -0.50220608E-02   0.00000000E+00
 23.   58.   0.28994250E-03   0.47621038E-03  -0.25996100E-02   0.00000000E+00
 23.   59.   0.16234231E-03   0.60588358E-11  -0.29500149E-10   0.00000000E+00
 23.   60.   0.28994249E-03  -0.47621040E-03   0.25996100E-02   0.00000000E+00
 23.   61.   0.63855270E-03  -0.82482060E-03   0.50220608E-02   0.00000000E+00
 23.   62.   0.11147631E-02  -0.95242078E-03   0.71022665E-02   0.00000000E+00
 23.   63.   0.15909735E-02  -0.82482059E-03   0.86984645E-02   0.00000000E+00
 23.   64.   0.19395837E-02  -0.47621039E-03   0.97018765E-02   0.00000000E+00
 23.   65.   0.20671839E-02   0.00000000E+00   0.10044122E-01   0.00000000E+00
 23.   66.  -0.20671839E-02   0.00000000E+00  -0.10044122E-01   0.00000000E+00
 23.   67.  -0.19395837E-02  -0.47621039E-03  -0.97018765E-02   0.00000000E+00
 23.   68.  -0.15909735E-02  -0.82482058E-03  -0.86984645E-02   0.00000000E+00
 23.   69.  -0.11147631E-02  -0.95242078E-03  -0.71022665E-02   0.00000000E+00
 23.   70.  -0.63855270E-03  -0.82482059E-03  -0.50220608E-02   0.00000000E+00
 23.   71.  -0.28994249E-03  -0.47621039E-03  -0.25996100E-02   0.00000000E+00
 23.   72.  -0.16234231E-03  -0.79329508E-12  -0.25335131E-10   0.00000000E+00
 23.   73.  -0.28994251E-03   0.47621040E-03   0.25996100E-02   0.00000000E+00
 23.   74.  -0.63855270E-03   0.82482058E-03   0.50220608E-02   0.00000000E+00
 23.   75.  -0.11147631E-02   0.95242077E-03   0.71022665E-02   0.00000000E+00
 23.   76.  -0.15909735E-02   0.82482059E-03   0.86984645E-02   0.00000000E+00
 23.   77.  -0.19395837E-02   0.47621039E-03   0.97018765E-02   0.00000000E+00
 23.   78.  -0.20671839E-02   0.00000000E+00   0.10044122E-01   0.00000000E+00
 24.    1.  -0.17126009E+00   0.00000000E+00  -0.64172800E-02   0.00000000E+00
 24.    2.  -0.16508027E+00   0.43040534E-01  -0.55575275E-02   0.00000000E+00
 24.    3.  -0.14716363E+00   0.83634800E-01  -0.32086400E-02   0.00000000E+00
 24.    4.  -0.11921804E+00   0.11921804E+00   0.60949492E-10   0.00000000E+00
 24.    5.  -0.83634801E-01   0.14716363E+00   0.32086401E-02   0.00000000E+00
 24.    6.  -0.43040535E-01   0.16508027E+00   0.55575276E-02   0.00000000E+00
 24.    7.  -0.21388255E-09   0.17126009E+00   0.64172800E-02   0.00000000E+00
 24.    8.   0.43040534E-01   0.16508027E+00   0.55575275E-02   0.00000000E+00
 24.    9.   0.83634800E-01   0.14716363E+00   0.32086399E-02   0.00000000E+00
 24.   10.   0.11921804E+00   0.11921804E+00  -0.11770977E-09   0.00000000E+00
 24.   11.   0.14716363E+00   0.83634801E-01  -0.32086401E-02   0.00000000E+00
 24.   12.   0.16508027E+00   0.43040535E-01  -0.55575277E-02   0.00000000E+00
 24.   13.   0.17126009E+00   0.00000000E+00  -0.64172802E-02   0.00000000E+00
 24.   14.  -0.18774978E+00   0.00000000E+00  -0.11296886E-02   0.00000000E+00
 24.   15.  -0.17453783E+00   0.23161044E-01  -0.97833902E-03   0.00000000E+00
 24.   16.  -0.13979421E+00   0.54380903E-01  -0.56484430E-03   0.00000000E+00
 24.   17.  -0.95523855E-01   0.95523855E-01  -0.14577380E-10   0.00000000E+00
 24.   18.  -0.54380904E-01   0.13979421E+00   0.56484430E-03   0.00000000E+00
 24.   19.  -0.23161045E-01   0.17453783E+00   0.97833901E-03   0.00000000E+00
 24.   20.  -0.10257713E-09   0.18774978E+00   0.11296885E-02   0.00000000E+00
 24.   21.   0.23161044E-01   0.17453783E+00   0.97833900E-03   0.00000000E+00
 24.   22.   0.54380903E-01   0.13979421E+00   0.56484431E-03   0.00000000E+00
 24.   23.   0.95523854E-01   0.95523855E-01   0.11030537E-10   0.00000000E+00
 24.   24.   0.13979421E+00   0.54380904E-01  -0.56484428E-03   0.00000000E+00
 24.   25.   0.17453783E+00   0.23161045E-01  -0.97833898E-03   0.00000000E+00
 24.   26.   0.18774978E+00   0.00000000E+00  -0.11296885E-02   0.00000000E+00
 24.   27.  -0.20912630E+00   0.00000000E+00  -0.18223802E-03   0.00000000E+00
 24.   28.  -0.19287045E+00   0.20052080E-01  -0.15782270E-03   0.00000000E+00
 24.   29.  -0.15055896E+00   0.51649476E-01  -0.91118979E-04   0.00000000E+00
 24.   30.  -0.97987135E-01   0.97987135E-01   0.41193734E-11   0.00000000E+00
 24.   31.  -0.51649476E-01   0.15055896E+00   0.91118979E-04   0.00000000E+00
 24.   32.  -0.20052080E-01   0.19287045E+00   0.15782266E-03   0.00000000E+00
 24.   33.  -0.71741047E-10   0.20912630E+00   0.18223793E-03   0.00000000E+00
 24.   34.   0.20052080E-01   0.19287045E+00   0.15782270E-03   0.00000000E+00
 24.   35.   0.51649476E-01   0.15055896E+00   0.91118977E-04   0.00000000E+00
 24.   36.   0.97987134E-01   0.97987135E-01   0.31160712E-10   0.00000000E+00
 24.   37.   0.15055896E+00   0.51649477E-01  -0.91118970E-04   0.00000000E+00
 24.   38.   0.19287045E+00   0.20052080E-01  -0.15782264E-03   0.00000000E+00
 24.   39.   0.20912630E+00   0.00000000E+00  -0.18223792E-03   0.00000000E+00
 24.   40.  -0.22362228E+00   0.00000000E+00   0.35665977E-03   0.00000000E+00
 24.   41.  -0.20141264E+00   0.34274820E-02   0.30887640E-03   0.00000000E+00
 24.   42.  -0.14484384E+00   0.27254612E-01   0.17832987E-03   0.00000000E+00
 24.   43.  -0.78404171E-01   0.78404171E-01   0.96707975E-11   0.00000000E+00
 24.   44.  -0.27254612E-01   0.14484384E+00  -0.17832985E-03   0.00000000E+00
 24.   45.  -0.34274820E-02   0.20141264E+00  -0.30887636E-03   0.00000000E+00
 24.   46.   0.90925142E-11   0.22362228E+00  -0.35665973E-03   0.00000000E+00
 24.   47.   0.34274819E-02   0.20141264E+00  -0.30887638E-03   0.00000000E+00
 24.   48.   0.27254611E-01   0.14484384E+00  -0.17832985E-03   0.00000000E+00
 24.   49.   0.78404171E-01   0.78404172E-01  -0.32648445E-10   0.00000000E+00
 24.   50.   0.14484384E+00   0.27254612E-01   0.17832984E-03   0.00000000E+00
 24.   51.   0.20141264E+00   0.34274821E-02   0.30887632E-03   0.00000000E+00
 24.   52.   0.22362228E+00   0.00000000E+00   0.35665969E-03   0.00000000E+00
 24.   53.  -0.22352415E+00   0.00000000E+00   0.84190368E-03   0.00000000E+00
 24.   54.  -0.19285802E+00  -0.28170430E-01   0.72911000E-03   0.00000000E+00
 24.   55.  -0.11645171E+00  -0.21823862E-01   0.42095188E-03   0.00000000E+00
 24.   56.  -0.32109413E-01   0.32109412E-01  -0.28713244E-10   0.00000000E+00
 24.   57.   0.21823862E-01   0.11645171E+00  -0.42095186E-03   0.00000000E+00
 24.   58.   0.28170430E-01   0.19285802E+00  -0.72910996E-03   0.00000000E+00
 24.   59.   0.15741505E-09   0.22352415E+00  -0.84190381E-03   0.00000000E+00
 24.   60.  -0.28170430E-01   0.19285802E+00  -0.72910993E-03   0.00000000E+00
 24.   61.  -0.21823862E-01   0.11645171E+00  -0.42095185E-03   0.00000000E+00
 24.   62.   0.32109412E-01   0.32109413E-01  -0.38992097E-10   0.00000000E+00
 24.   63.   0.11645171E+00  -0.21823861E-01   0.42095192E-03   0.00000000E+00
 24.   64.   0.19285802E+00  -0.28170430E-01   0.72911006E-03   0.00000000E+00
 24.   65.   0.22352415E+00   0.00000000E+00   0.84190381E-03   0.00000000E+00
 24.   66.  -0.22352415E+00   0.00000000E+00  -0.84190382E-03   0.00000000E+00
 24.   67.  -0.19285802E+00  -0.28170430E-01  -0.72911007E-03   0.00000000E+00
 24.   68.  -0.11645171E+00  -0.21823862E-01  -0.42095187E-03   0.00000000E+00
 24.   69.  -0.32109413E-01   0.32109412E-01  -0.33956275E-10   0.00000000E+00
 24.   70.   0.21823862E-01   0.11645171E+00   0.42095189E-03   0.00000000E+00
 24.   71.   0.28170430E-01   0.19285802E+00   0.72911011E-03   0.00000000E+00
 24.   72.   0.14615117E-09   0.22352415E+00   0.84190370E-03   0.00000000E+00
 24.   73.  -0.28170430E-01   0.19285802E+00   0.72911015E-03   0.00000000E+00
 24.   74.  -0.21823862E-01   0.11645171E+00   0.42095190E-03   0.00000000E+00
 24.   75.   0.32109412E-01   0.32109413E-01  -0.33235076E-10   0.00000000E+00
 24.   76.   0.11645171E+00  -0.21823861E-01  -0.42095183E-03   0.00000000E+00
 24.   77.   0.19285802E+00  -0.28170430E-01  -0.72911001E-03   0.00000000E+00
 24.   78.   0.22352415E+00   0.00000000E+00  -0.84190369E-03   0.00000000E+00
