mode k UX UY UZ VOLT(zero: no VOLT dof)
  1.    1.   0.13629600E-01   0.00000000E+00   0.18033391E+00   0.00000000E+00
  1.    2.   0.13629600E-01   0.51453954E-11   0.17474803E+00   0.00000000E+00
  1.    3.   0.13629600E-01   0.29285748E-11   0.15837103E+00   0.00000000E+00
  1.    4.   0.13629600E-01  -0.10973814E-11   0.13231899E+00   0.00000000E+00
  1.    5.   0.13629600E-01   0.10264387E-11   0.98367314E-01   0.00000000E+00
  1.    6.   0.13629600E-01   0.10548929E-10   0.58829749E-01   0.00000000E+00
  1.    7.   0.13629600E-01   0.24339528E-10   0.16400715E-01   0.00000000E+00
  1.    8.   0.13629600E-01   0.36992974E-10  -0.26028318E-01   0.00000000E+00
  1.    9.   0.13629600E-01   0.43228193E-10  -0.65565884E-01   0.00000000E+00
  1.   10.   0.13629600E-01   0.39142282E-10  -0.99517561E-01   0.00000000E+00
  1.   11.   0.13629600E-01   0.26268024E-10  -0.12556960E+00   0.00000000E+00
  1.   12.   0.13629600E-01   0.10727342E-10  -0.14194660E+00   0.00000000E+00
  1.   13.   0.13629600E-01   0.00000000E+00  -0.14753249E+00   0.00000000E+00
  1.   14.   0.13629600E-01   0.00000000E+00   0.38525042E+00   0.00000000E+00
  1.   15.   0.13629600E-01   0.55343915E-10   0.37268217E+00   0.00000000E+00
  1.   16.   0.13629600E-01   0.66494360E-10   0.33583393E+00   0.00000000E+00
  1.   17.   0.13629600E-01   0.52881106E-10   0.27721684E+00   0.00000000E+00
  1.   18.   0.13629600E-01   0.37540296E-10   0.20082556E+00   0.00000000E+00
  1.   19.   0.13629600E-01   0.27849749E-10   0.11186604E+00   0.00000000E+00
  1.   20.   0.13629600E-01   0.25347248E-10   0.16400715E-01   0.00000000E+00
  1.   21.   0.13629600E-01   0.23795330E-10  -0.79064611E-01   0.00000000E+00
  1.   22.   0.13629600E-01   0.17086331E-10  -0.16802413E+00   0.00000000E+00
  1.   23.   0.13629600E-01   0.10770335E-11  -0.24441541E+00   0.00000000E+00
  1.   24.   0.13629600E-01  -0.17940500E-10  -0.30303250E+00   0.00000000E+00
  1.   25.   0.13629600E-01  -0.20878945E-10  -0.33988074E+00   0.00000000E+00
  1.   26.   0.13629600E-01   0.00000000E+00  -0.35244899E+00   0.00000000E+00
  1.   27.   0.13629600E-01   0.00000000E+00   0.59016694E+00   0.00000000E+00
  1.   28.   0.13629600E-01   0.11034408E-09   0.57061632E+00   0.00000000E+00
  1.   29.   0.13629600E-01   0.10259228E-09   0.51329683E+00   0.00000000E+00
  1.   30.   0.13629600E-01   0.62810382E-10   0.42211469E+00   0.00000000E+00
  1.   31.   0.13629600E-01   0.30895085E-10   0.30328381E+00   0.00000000E+00
  1.   32.   0.13629600E-01   0.19481508E-10   0.16490233E+00   0.00000000E+00
  1.   33.   0.13629600E-01   0.27046427E-10   0.16400715E-01   0.00000000E+00
  1.   34.   0.13629600E-01   0.39348584E-10  -0.13210090E+00   0.00000000E+00
  1.   35.   0.13629600E-01   0.38383483E-10  -0.27048239E+00   0.00000000E+00
  1.   36.   0.13629600E-01   0.16952578E-10  -0.38931326E+00   0.00000000E+00
  1.   37.   0.13629600E-01  -0.12480564E-10  -0.48049540E+00   0.00000000E+00
  1.   38.   0.13629600E-01  -0.35972583E-10  -0.53781490E+00   0.00000000E+00
  1.   39.   0.13629600E-01   0.00000000E+00  -0.55736551E+00   0.00000000E+00
  1.   40.   0.13629600E-01   0.00000000E+00   0.79508346E+00   0.00000000E+00
  1.   41.   0.13629600E-01   0.15304652E-09   0.76855049E+00   0.00000000E+00
  1.   42.   0.13629600E-01   0.12607871E-09   0.69075974E+00   0.00000000E+00
  1.   43.   0.13629600E-01   0.66511787E-10   0.56701254E+00   0.00000000E+00
  1.   44.   0.13629600E-01   0.18141589E-10   0.40574207E+00   0.00000000E+00
  1.   45.   0.13629600E-01   0.28147157E-11   0.21793863E+00   0.00000000E+00
  1.   46.   0.13629600E-01   0.21898637E-10   0.16400715E-01   0.00000000E+00
  1.   47.   0.13629600E-01   0.43549148E-10  -0.18513720E+00   0.00000000E+00
  1.   48.   0.13629600E-01   0.45348390E-10  -0.37294064E+00   0.00000000E+00
  1.   49.   0.13629600E-01   0.13910935E-10  -0.53421112E+00   0.00000000E+00
  1.   50.   0.13629600E-01  -0.14912351E-10  -0.65795832E+00   0.00000000E+00
  1.   51.   0.13629600E-01  -0.28399619E-10  -0.73574906E+00   0.00000000E+00
  1.   52.   0.13629600E-01   0.00000000E+00  -0.76228204E+00   0.00000000E+00
  1.   53.   0.13629599E-01   0.00000000E+00   0.10000000E+01   0.00000000E+00
  1.   54.   0.13629600E-01   0.22803539E-09   0.96648466E+00   0.00000000E+00
  1.   55.   0.13629600E-01   0.21166162E-09   0.86822265E+00   0.00000000E+00
  1.   56.   0.13629600E-01   0.13696062E-09   0.71191040E+00   0.00000000E+00
  1.   57.   0.13629600E-01   0.52944299E-10   0.50820032E+00   0.00000000E+00
  1.   58.   0.13629600E-01   0.87787888E-11   0.27097492E+00   0.00000000E+00
  1.   59.   0.13629600E-01   0.15226777E-10   0.16400715E-01   0.00000000E+00
  1.   60.   0.13629600E-01   0.22905716E-10  -0.23817349E+00   0.00000000E+00
  1.   61.   0.13629600E-01  -0.27260839E-11  -0.47539890E+00   0.00000000E+00
  1.   62.   0.13629600E-01  -0.60211412E-10  -0.67910898E+00   0.00000000E+00
  1.   63.   0.13629600E-01  -0.85439872E-10  -0.83542123E+00   0.00000000E+00
  1.   64.   0.13629600E-01  -0.45198454E-10  -0.93368323E+00   0.00000000E+00
  1.   65.   0.13629599E-01   0.00000000E+00  -0.96719857E+00   0.00000000E+00
  1.   66.   0.21826261E-01   0.00000000E+00   0.10000000E+01   0.00000000E+00
  1.   67.   0.21826261E-01  -0.22195681E-09   0.96648466E+00   0.00000000E+00
  1.   68.   0.21826261E-01  -0.20697182E-09   0.86822265E+00   0.00000000E+00
  1.   69.   0.21826261E-01  -0.13384807E-09   0.71191040E+00   0.00000000E+00
  1.   70.   0.21826260E-01  -0.52918356E-10   0.50820032E+00   0.00000000E+00
  1.   71.   0.21826260E-01  -0.92315681E-11   0.27097492E+00   0.00000000E+00
  1.   72.   0.21826260E-01  -0.16664468E-10   0.16400715E-01   0.00000000E+00
  1.   73.   0.21826260E-01  -0.25361279E-10  -0.23817349E+00   0.00000000E+00
  1.   74.   0.21826260E-01   0.11241359E-11  -0.47539890E+00   0.00000000E+00
  1.   75.   0.21826261E-01   0.59142478E-10  -0.67910898E+00   0.00000000E+00
  1.   76.   0.21826261E-01   0.88023061E-10  -0.83542123E+00   0.00000000E+00
  1.   77.   0.21826261E-01   0.45846944E-10  -0.93368323E+00   0.00000000E+00
  1.   78.   0.21826261E-01   0.00000000E+00  -0.96719857E+00   0.00000000E+00
  2.    1.   0.15424496E-01   0.00000000E+00   0.92773980E+00   0.00000000E+00
  2.    2.   0.15424496E-01  -0.47136551E-10   0.92809154E+00   0.00000000E+00
  2.    3.   0.15424496E-01  -0.12347502E-09   0.92912280E+00   0.00000000E+00
  2.    4.   0.15424496E-01  -0.20664005E-09   0.93076330E+00   0.00000000E+00
  2.    5.   0.15424496E-01  -0.26391553E-09   0.93290123E+00   0.00000000E+00
  2.    6.   0.15424497E-01  -0.28733065E-09   0.93539091E+00   0.00000000E+00
  2.    7.   0.15424497E-01  -0.28488848E-09   0.93806267E+00   0.00000000E+00
  2.    8.   0.15424497E-01  -0.27242419E-09   0.94073442E+00   0.00000000E+00
  2.    9.   0.15424497E-01  -0.24595742E-09   0.94322410E+00   0.00000000E+00
  2.   10.   0.15424497E-01  -0.18939156E-09   0.94536204E+00   0.00000000E+00
  2.   11.   0.15424497E-01  -0.11153569E-09   0.94700253E+00   0.00000000E+00
  2.   12.   0.15424497E-01  -0.37915356E-10   0.94803379E+00   0.00000000E+00
  2.   13.   0.15424497E-01   0.00000000E+00   0.94838553E+00   0.00000000E+00
  2.   14.   0.15424496E-01   0.00000000E+00   0.91483623E+00   0.00000000E+00
  2.   15.   0.15424496E-01   0.11387618E-11   0.91562766E+00   0.00000000E+00
  2.   16.   0.15424496E-01  -0.79041005E-10   0.91794798E+00   0.00000000E+00
  2.   17.   0.15424496E-01  -0.19113090E-09   0.92163910E+00   0.00000000E+00
  2.   18.   0.15424496E-01  -0.28476117E-09   0.92644945E+00   0.00000000E+00
  2.   19.   0.15424497E-01  -0.33863855E-09   0.93205123E+00   0.00000000E+00
  2.   20.   0.15424497E-01  -0.34767475E-09   0.93806268E+00   0.00000000E+00
  2.   21.   0.15424497E-01  -0.32435340E-09   0.94407413E+00   0.00000000E+00
  2.   22.   0.15424497E-01  -0.27397119E-09   0.94967590E+00   0.00000000E+00
  2.   23.   0.15424497E-01  -0.18615242E-09   0.95448626E+00   0.00000000E+00
  2.   24.   0.15424497E-01  -0.80833368E-10   0.95817738E+00   0.00000000E+00
  2.   25.   0.15424497E-01  -0.11451068E-10   0.96049771E+00   0.00000000E+00
  2.   26.   0.15424497E-01   0.00000000E+00   0.96128913E+00   0.00000000E+00
  2.   27.   0.15424496E-01   0.00000000E+00   0.90193268E+00   0.00000000E+00
  2.   28.   0.15424496E-01   0.40035724E-10   0.90316377E+00   0.00000000E+00
  2.   29.   0.15424496E-01  -0.94514196E-10   0.90677317E+00   0.00000000E+00
  2.   30.   0.15424496E-01  -0.27086003E-09   0.91251490E+00   0.00000000E+00
  2.   31.   0.15424496E-01  -0.42402322E-09   0.91999768E+00   0.00000000E+00
  2.   32.   0.15424497E-01  -0.51375516E-09   0.92871156E+00   0.00000000E+00
  2.   33.   0.15424497E-01  -0.53766295E-09   0.93806270E+00   0.00000000E+00
  2.   34.   0.15424497E-01  -0.52257854E-09   0.94741384E+00   0.00000000E+00
  2.   35.   0.15424497E-01  -0.44641342E-09   0.95612771E+00   0.00000000E+00
  2.   36.   0.15424497E-01  -0.31111251E-09   0.96361049E+00   0.00000000E+00
  2.   37.   0.15424497E-01  -0.15376033E-09   0.96935223E+00   0.00000000E+00
  2.   38.   0.15424497E-01  -0.14092536E-10   0.97296164E+00   0.00000000E+00
  2.   39.   0.15424497E-01   0.00000000E+00   0.97419274E+00   0.00000000E+00
  2.   40.   0.15424496E-01   0.00000000E+00   0.88902913E+00   0.00000000E+00
  2.   41.   0.15424496E-01   0.50203402E-10   0.89069990E+00   0.00000000E+00
  2.   42.   0.15424496E-01  -0.12897586E-09   0.89559837E+00   0.00000000E+00
  2.   43.   0.15424496E-01  -0.35468024E-09   0.90339072E+00   0.00000000E+00
  2.   44.   0.15424496E-01  -0.55901238E-09   0.91354591E+00   0.00000000E+00
  2.   45.   0.15424497E-01  -0.68676157E-09   0.92537190E+00   0.00000000E+00
  2.   46.   0.15424497E-01  -0.71671835E-09   0.93806273E+00   0.00000000E+00
  2.   47.   0.15424497E-01  -0.68566604E-09   0.95075356E+00   0.00000000E+00
  2.   48.   0.15424497E-01  -0.58093589E-09   0.96257953E+00   0.00000000E+00
  2.   49.   0.15424497E-01  -0.39936136E-09   0.97273473E+00   0.00000000E+00
  2.   50.   0.15424497E-01  -0.21086745E-09   0.98052709E+00   0.00000000E+00
  2.   51.   0.15424498E-01  -0.59426257E-10   0.98542558E+00   0.00000000E+00
  2.   52.   0.15424498E-01   0.00000000E+00   0.98709637E+00   0.00000000E+00
  2.   53.   0.15424496E-01   0.00000000E+00   0.87612559E+00   0.00000000E+00
  2.   54.   0.15424496E-01   0.10893504E-09   0.87823604E+00   0.00000000E+00
  2.   55.   0.15424496E-01  -0.59844456E-10   0.88442357E+00   0.00000000E+00
  2.   56.   0.15424496E-01  -0.30543180E-09   0.89426653E+00   0.00000000E+00
  2.   57.   0.15424496E-01  -0.55877602E-09   0.90709415E+00   0.00000000E+00
  2.   58.   0.15424497E-01  -0.72688135E-09   0.92203224E+00   0.00000000E+00
  2.   59.   0.15424497E-01  -0.75057037E-09   0.93806277E+00   0.00000000E+00
  2.   60.   0.15424497E-01  -0.70545296E-09   0.95409329E+00   0.00000000E+00
  2.   61.   0.15424497E-01  -0.54838181E-09   0.96903136E+00   0.00000000E+00
  2.   62.   0.15424497E-01  -0.33007353E-09   0.98185897E+00   0.00000000E+00
  2.   63.   0.15424497E-01  -0.14155970E-09   0.99170197E+00   0.00000000E+00
  2.   64.   0.15424498E-01  -0.52776198E-10   0.99788953E+00   0.00000000E+00
  2.   65.   0.15424498E-01   0.00000000E+00   0.10000000E+01   0.00000000E+00
  2.   66.   0.14908354E-01   0.00000000E+00   0.87612559E+00   0.00000000E+00
  2.   67.   0.14908354E-01  -0.10184169E-09   0.87823604E+00   0.00000000E+00
  2.   68.   0.14908354E-01   0.66633101E-10   0.88442357E+00   0.00000000E+00
  2.   69.   0.14908354E-01   0.31034922E-09   0.89426653E+00   0.00000000E+00
  2.   70.   0.14908353E-01   0.55805725E-09   0.90709415E+00   0.00000000E+00
  2.   71.   0.14908353E-01   0.72622496E-09   0.92203224E+00   0.00000000E+00
  2.   72.   0.14908353E-01   0.75013046E-09   0.93806277E+00   0.00000000E+00
  2.   73.   0.14908353E-01   0.70537008E-09   0.95409329E+00   0.00000000E+00
  2.   74.   0.14908353E-01   0.54780264E-09   0.96903136E+00   0.00000000E+00
  2.   75.   0.14908353E-01   0.32964215E-09   0.98185897E+00   0.00000000E+00
  2.   76.   0.14908352E-01   0.13806696E-09   0.99170197E+00   0.00000000E+00
  2.   77.   0.14908352E-01   0.51964967E-10   0.99788953E+00   0.00000000E+00
  2.   78.   0.14908352E-01   0.00000000E+00   0.10000000E+01   0.00000000E+00
  3.    1.   0.10000000E+01   0.00000000E+00  -0.28833584E-01   0.00000000E+00
  3.    2.   0.10000000E+01   0.79790220E-10  -0.28441737E-01   0.00000000E+00
  3.    3.   0.10000000E+01   0.14997086E-09  -0.27292898E-01   0.00000000E+00
  3.    4.   0.10000000E+01   0.20384048E-09  -0.25465360E-01   0.00000000E+00
  3.    5.   0.10000000E+01   0.23821296E-09  -0.23083667E-01   0.00000000E+00
  3.    6.   0.10000000E+01   0.25103990E-09  -0.20310125E-01   0.00000000E+00
  3.    7.   0.10000000E+01   0.24521518E-09  -0.17333748E-01   0.00000000E+00
  3.    8.   0.10000000E+01   0.22342255E-09  -0.14357371E-01   0.00000000E+00
  3.    9.   0.10000000E+01   0.19077270E-09  -0.11583829E-01   0.00000000E+00
  3.   10.   0.10000000E+01   0.14771566E-09  -0.92021344E-02   0.00000000E+00
  3.   11.   0.10000000E+01   0.98441561E-10  -0.73745957E-02   0.00000000E+00
  3.   12.   0.10000000E+01   0.49103143E-10  -0.62257568E-02   0.00000000E+00
  3.   13.   0.10000000E+01   0.00000000E+00  -0.58339092E-02   0.00000000E+00
  3.   14.   0.10000000E+01   0.00000000E+00  -0.43208391E-01   0.00000000E+00
  3.   15.   0.10000000E+01   0.10211841E-09  -0.42326735E-01   0.00000000E+00
  3.   16.   0.10000000E+01   0.19246122E-09  -0.39741849E-01   0.00000000E+00
  3.   17.   0.10000000E+01   0.26180297E-09  -0.35629890E-01   0.00000000E+00
  3.   18.   0.10000000E+01   0.30452694E-09  -0.30271079E-01   0.00000000E+00
  3.   19.   0.10000000E+01   0.30843083E-09  -0.24030610E-01   0.00000000E+00
  3.   20.   0.10000000E+01   0.28660979E-09  -0.17333761E-01   0.00000000E+00
  3.   21.   0.10000000E+01   0.25142120E-09  -0.10636912E-01   0.00000000E+00
  3.   22.   0.10000000E+01   0.21066893E-09  -0.43964402E-02   0.00000000E+00
  3.   23.   0.10000000E+01   0.16137822E-09   0.96237428E-03   0.00000000E+00
  3.   24.   0.10000000E+01   0.10996815E-09   0.50743373E-02   0.00000000E+00
  3.   25.   0.10000000E+01   0.56247037E-10   0.76592254E-02   0.00000000E+00
  3.   26.   0.10000000E+01   0.00000000E+00   0.85408827E-02   0.00000000E+00
  3.   27.   0.10000000E+01   0.00000000E+00  -0.57583200E-01   0.00000000E+00
  3.   28.   0.10000000E+01   0.15741975E-09  -0.56211736E-01   0.00000000E+00
  3.   29.   0.10000000E+01   0.28346812E-09  -0.52190805E-01   0.00000000E+00
  3.   30.   0.10000000E+01   0.37006261E-09  -0.45794425E-01   0.00000000E+00
  3.   31.   0.10000000E+01   0.40554438E-09  -0.37458497E-01   0.00000000E+00
  3.   32.   0.10000000E+01   0.38463925E-09  -0.27751100E-01   0.00000000E+00
  3.   33.   0.10000000E+01   0.34613500E-09  -0.17333777E-01   0.00000000E+00
  3.   34.   0.10000000E+01   0.31074882E-09  -0.69164535E-02   0.00000000E+00
  3.   35.   0.10000000E+01   0.24750931E-09   0.27909486E-02   0.00000000E+00
  3.   36.   0.10000000E+01   0.16633972E-09   0.11126884E-01   0.00000000E+00
  3.   37.   0.10000000E+01   0.99178512E-10   0.17523272E-01   0.00000000E+00
  3.   38.   0.10000000E+01   0.48446183E-10   0.21544210E-01   0.00000000E+00
  3.   39.   0.10000000E+01   0.00000000E+00   0.22915677E-01   0.00000000E+00
  3.   40.   0.10000000E+01   0.00000000E+00  -0.71958008E-01   0.00000000E+00
  3.   41.   0.10000000E+01   0.20082790E-09  -0.70096737E-01   0.00000000E+00
  3.   42.   0.10000000E+01   0.35207028E-09  -0.64639762E-01   0.00000000E+00
  3.   43.   0.10000000E+01   0.44089756E-09  -0.55958964E-01   0.00000000E+00
  3.   44.   0.10000000E+01   0.43848392E-09  -0.44645920E-01   0.00000000E+00
  3.   45.   0.10000000E+01   0.40164675E-09  -0.31471593E-01   0.00000000E+00
  3.   46.   0.10000000E+01   0.37168195E-09  -0.17333795E-01   0.00000000E+00
  3.   47.   0.10000000E+01   0.33987016E-09  -0.31959971E-02   0.00000000E+00
  3.   48.   0.10000000E+01   0.28452788E-09   0.99783372E-02   0.00000000E+00
  3.   49.   0.10000000E+01   0.17739973E-09   0.21291396E-01   0.00000000E+00
  3.   50.   0.10000000E+01   0.10095735E-09   0.29972210E-01   0.00000000E+00
  3.   51.   0.10000000E+01   0.44598424E-10   0.35429197E-01   0.00000000E+00
  3.   52.   0.10000000E+01   0.00000000E+00   0.37290474E-01   0.00000000E+00
  3.   53.   0.10000000E+01   0.00000000E+00  -0.86332815E-01   0.00000000E+00
  3.   54.   0.10000000E+01   0.23103895E-09  -0.83981736E-01   0.00000000E+00
  3.   55.   0.10000000E+01   0.38278369E-09  -0.77088718E-01   0.00000000E+00
  3.   56.   0.10000000E+01   0.48580247E-09  -0.66123504E-01   0.00000000E+00
  3.   57.   0.10000000E+01   0.43268677E-09  -0.51833344E-01   0.00000000E+00
  3.   58.   0.10000000E+01   0.38612977E-09  -0.35192087E-01   0.00000000E+00
  3.   59.   0.10000000E+01   0.36473715E-09  -0.17333814E-01   0.00000000E+00
  3.   60.   0.10000000E+01   0.35418240E-09   0.52445855E-03   0.00000000E+00
  3.   61.   0.10000000E+01   0.31025118E-09   0.17165726E-01   0.00000000E+00
  3.   62.   0.10000000E+01   0.20258598E-09   0.31455908E-01   0.00000000E+00
  3.   63.   0.10000000E+01   0.12041213E-09   0.42421148E-01   0.00000000E+00
  3.   64.   0.10000000E+01   0.39741473E-10   0.49314187E-01   0.00000000E+00
  3.   65.   0.10000000E+01   0.00000000E+00   0.51665274E-01   0.00000000E+00
  3.   66.   0.99942501E+00   0.00000000E+00  -0.86332815E-01   0.00000000E+00
  3.   67.   0.99942501E+00  -0.23089111E-09  -0.83981736E-01   0.00000000E+00
  3.   68.   0.99942501E+00  -0.38179499E-09  -0.77088718E-01   0.00000000E+00
  3.   69.   0.99942501E+00  -0.48421100E-09  -0.66123504E-01   0.00000000E+00
  3.   70.   0.99942501E+00  -0.43195489E-09  -0.51833344E-01   0.00000000E+00
  3.   71.   0.99942501E+00  -0.38649806E-09  -0.35192087E-01   0.00000000E+00
  3.   72.   0.99942501E+00  -0.36481057E-09  -0.17333814E-01   0.00000000E+00
  3.   73.   0.99942501E+00  -0.35418715E-09   0.52445855E-03   0.00000000E+00
  3.   74.   0.99942501E+00  -0.31149978E-09   0.17165726E-01   0.00000000E+00
  3.   75.   0.99942501E+00  -0.20496898E-09   0.31455908E-01   0.00000000E+00
  3.   76.   0.99942501E+00  -0.12280088E-09   0.42421148E-01   0.00000000E+00
  3.   77.   0.99942501E+00  -0.41561654E-10   0.49314187E-01   0.00000000E+00
  3.   78.   0.99942501E+00   0.00000000E+00   0.51665274E-01   0.00000000E+00
  4.    1.  -0.20781652E-02   0.00000000E+00   0.42136720E-01   0.00000000E+00
  4.    2.  -0.20165245E-02   0.57209397E-03   0.36491468E-01   0.00000000E+00
  4.    3.  -0.18304309E-02   0.10922310E-02   0.21068353E-01   0.00000000E+00
  4.    4.  -0.15195968E-02   0.15195925E-02  -0.13616155E-07   0.00000000E+00
  4.    5.  -0.10922353E-02   0.18304266E-02  -0.21068381E-01   0.00000000E+00
  4.    6.  -0.57209824E-03   0.20165201E-02  -0.36491496E-01   0.00000000E+00
  4.    7.  -0.42387681E-08   0.20781608E-02  -0.42136748E-01   0.00000000E+00
  4.    8.   0.57208977E-03   0.20165201E-02  -0.36491496E-01   0.00000000E+00
  4.    9.   0.10922269E-02   0.18304266E-02  -0.21068382E-01   0.00000000E+00
  4.   10.   0.15195883E-02   0.15195925E-02  -0.14836616E-07   0.00000000E+00
  4.   11.   0.18304225E-02   0.10922310E-02   0.21068352E-01   0.00000000E+00
  4.   12.   0.20165160E-02   0.57209399E-03   0.36491467E-01   0.00000000E+00
  4.   13.   0.20781567E-02   0.00000000E+00   0.42136720E-01   0.00000000E+00
  4.   14.  -0.36556275E-02   0.00000000E+00   0.18302688E+00   0.00000000E+00
  4.   15.  -0.35843021E-02   0.11448279E-02   0.15850593E+00   0.00000000E+00
  4.   16.  -0.33440012E-02   0.21363493E-02   0.91513435E-01   0.00000000E+00
  4.   17.  -0.28758124E-02   0.28758080E-02  -0.92522288E-08   0.00000000E+00
  4.   18.  -0.21363536E-02   0.33439968E-02  -0.91513454E-01   0.00000000E+00
  4.   19.  -0.11448322E-02   0.35842977E-02  -0.15850595E+00   0.00000000E+00
  4.   20.  -0.42293203E-08   0.36556231E-02  -0.18302690E+00   0.00000000E+00
  4.   21.   0.11448237E-02   0.35842977E-02  -0.15850595E+00   0.00000000E+00
  4.   22.   0.21363451E-02   0.33439968E-02  -0.91513456E-01   0.00000000E+00
  4.   23.   0.28758039E-02   0.28758080E-02  -0.12576110E-07   0.00000000E+00
  4.   24.   0.33439927E-02   0.21363493E-02   0.91513431E-01   0.00000000E+00
  4.   25.   0.35842936E-02   0.11448279E-02   0.15850592E+00   0.00000000E+00
  4.   26.   0.36556190E-02   0.00000000E+00   0.18302688E+00   0.00000000E+00
  4.   27.  -0.50787889E-02   0.00000000E+00   0.40339398E+00   0.00000000E+00
  4.   28.  -0.49942295E-02   0.16447580E-02   0.34934943E+00   0.00000000E+00
  4.   29.  -0.46944743E-02   0.30522760E-02   0.20169699E+00   0.00000000E+00
  4.   30.  -0.40747987E-02   0.40747944E-02  -0.45789766E-08   0.00000000E+00
  4.   31.  -0.30522803E-02   0.46944699E-02  -0.20169700E+00   0.00000000E+00
  4.   32.  -0.16447622E-02   0.49942251E-02  -0.34934944E+00   0.00000000E+00
  4.   33.  -0.42109629E-08   0.50787844E-02  -0.40339399E+00   0.00000000E+00
  4.   34.   0.16447538E-02   0.49942251E-02  -0.34934944E+00   0.00000000E+00
  4.   35.   0.30522718E-02   0.46944699E-02  -0.20169700E+00   0.00000000E+00
  4.   36.   0.40747902E-02   0.40747943E-02  -0.10027567E-07   0.00000000E+00
  4.   37.   0.46944658E-02   0.30522760E-02   0.20169698E+00   0.00000000E+00
  4.   38.   0.49942210E-02   0.16447580E-02   0.34934943E+00   0.00000000E+00
  4.   39.   0.50787803E-02   0.00000000E+00   0.40339398E+00   0.00000000E+00
  4.   40.  -0.60171315E-02   0.00000000E+00   0.68265098E+00   0.00000000E+00
  4.   41.  -0.59633361E-02   0.21217575E-02   0.59119309E+00   0.00000000E+00
  4.   42.  -0.57170257E-02   0.38850445E-02   0.34132549E+00   0.00000000E+00
  4.   43.  -0.50811098E-02   0.50811054E-02   0.57850168E-09   0.00000000E+00
  4.   44.  -0.38850487E-02   0.57170213E-02  -0.34132549E+00   0.00000000E+00
  4.   45.  -0.21217617E-02   0.59633317E-02  -0.59119308E+00   0.00000000E+00
  4.   46.  -0.41918619E-08   0.60171270E-02  -0.68265097E+00   0.00000000E+00
  4.   47.   0.21217533E-02   0.59633316E-02  -0.59119309E+00   0.00000000E+00
  4.   48.   0.38850403E-02   0.57170213E-02  -0.34132549E+00   0.00000000E+00
  4.   49.   0.50811013E-02   0.50811054E-02  -0.68054916E-08   0.00000000E+00
  4.   50.   0.57170172E-02   0.38850444E-02   0.34132547E+00   0.00000000E+00
  4.   51.   0.59633276E-02   0.21217575E-02   0.59119307E+00   0.00000000E+00
  4.   52.   0.60171229E-02   0.00000000E+00   0.68265097E+00   0.00000000E+00
  4.   53.  -0.66586080E-02   0.00000000E+00   0.99999378E+00   0.00000000E+00
  4.   54.  -0.66460924E-02   0.25234163E-02   0.86602001E+00   0.00000000E+00
  4.   55.  -0.64838229E-02   0.45716996E-02   0.49999688E+00   0.00000000E+00
  4.   56.  -0.58796919E-02   0.58796876E-02   0.56808727E-08   0.00000000E+00
  4.   57.  -0.45717039E-02   0.64838185E-02  -0.49999688E+00   0.00000000E+00
  4.   58.  -0.25234204E-02   0.66460879E-02  -0.86602000E+00   0.00000000E+00
  4.   59.  -0.41718952E-08   0.66586035E-02  -0.99999376E+00   0.00000000E+00
  4.   60.   0.25234120E-02   0.66460879E-02  -0.86602000E+00   0.00000000E+00
  4.   61.   0.45716954E-02   0.64838184E-02  -0.49999688E+00   0.00000000E+00
  4.   62.   0.58796835E-02   0.58796875E-02  -0.35717009E-08   0.00000000E+00
  4.   63.   0.64838144E-02   0.45716995E-02   0.49999687E+00   0.00000000E+00
  4.   64.   0.66460838E-02   0.25234162E-02   0.86601999E+00   0.00000000E+00
  4.   65.   0.66585994E-02   0.00000000E+00   0.99999376E+00   0.00000000E+00
  4.   66.   0.66585996E-02   0.00000000E+00   0.99999378E+00   0.00000000E+00
  4.   67.   0.66460839E-02  -0.25234163E-02   0.86602001E+00   0.00000000E+00
  4.   68.   0.64838145E-02  -0.45716996E-02   0.49999688E+00   0.00000000E+00
  4.   69.   0.58796835E-02  -0.58796876E-02   0.56808733E-08   0.00000000E+00
  4.   70.   0.45716954E-02  -0.64838185E-02  -0.49999688E+00   0.00000000E+00
  4.   71.   0.25234120E-02  -0.66460879E-02  -0.86602000E+00   0.00000000E+00
  4.   72.  -0.42785192E-08  -0.66586035E-02  -0.99999376E+00   0.00000000E+00
  4.   73.  -0.25234205E-02  -0.66460879E-02  -0.86602000E+00   0.00000000E+00
  4.   74.  -0.45717039E-02  -0.64838184E-02  -0.49999688E+00   0.00000000E+00
  4.   75.  -0.58796919E-02  -0.58796875E-02  -0.35716925E-08   0.00000000E+00
  4.   76.  -0.64838229E-02  -0.45716995E-02   0.49999687E+00   0.00000000E+00
  4.   77.  -0.66460923E-02  -0.25234162E-02   0.86601999E+00   0.00000000E+00
  4.   78.  -0.66586079E-02   0.00000000E+00   0.99999376E+00   0.00000000E+00
  5.    1.   0.74508212E-02   0.00000000E+00   0.99997135E+00   0.00000000E+00
  5.    2.   0.71969404E-02   0.19284159E-02   0.99997135E+00   0.00000000E+00
  5.    3.   0.64525997E-02   0.37254135E-02   0.99997135E+00   0.00000000E+00
  5.    4.   0.52685246E-02   0.52685302E-02   0.99997135E+00   0.00000000E+00
  5.    5.   0.37254078E-02   0.64526054E-02   0.99997135E+00   0.00000000E+00
  5.    6.   0.19284103E-02   0.71969462E-02   0.99997135E+00   0.00000000E+00
  5.    7.  -0.55919579E-08   0.74508270E-02   0.99997135E+00   0.00000000E+00
  5.    8.  -0.19284215E-02   0.71969462E-02   0.99997135E+00   0.00000000E+00
  5.    9.  -0.37254191E-02   0.64526055E-02   0.99997135E+00   0.00000000E+00
  5.   10.  -0.52685359E-02   0.52685303E-02   0.99997135E+00   0.00000000E+00
  5.   11.  -0.64526110E-02   0.37254136E-02   0.99997135E+00   0.00000000E+00
  5.   12.  -0.71969518E-02   0.19284160E-02   0.99997135E+00   0.00000000E+00
  5.   13.  -0.74508326E-02   0.00000000E+00   0.99997135E+00   0.00000000E+00
  5.   14.   0.77326582E-02   0.00000000E+00   0.63477653E+00   0.00000000E+00
  5.   15.   0.74691740E-02   0.20013607E-02   0.63477653E+00   0.00000000E+00
  5.   16.   0.66966777E-02   0.38663320E-02   0.63477652E+00   0.00000000E+00
  5.   17.   0.54678134E-02   0.54678191E-02   0.63477652E+00   0.00000000E+00
  5.   18.   0.38663263E-02   0.66966834E-02   0.63477652E+00   0.00000000E+00
  5.   19.   0.20013550E-02   0.74691798E-02   0.63477652E+00   0.00000000E+00
  5.   20.  -0.56314723E-08   0.77326640E-02   0.63477652E+00   0.00000000E+00
  5.   21.  -0.20013663E-02   0.74691799E-02   0.63477652E+00   0.00000000E+00
  5.   22.  -0.38663376E-02   0.66966835E-02   0.63477653E+00   0.00000000E+00
  5.   23.  -0.54678247E-02   0.54678192E-02   0.63477653E+00   0.00000000E+00
  5.   24.  -0.66966890E-02   0.38663321E-02   0.63477653E+00   0.00000000E+00
  5.   25.  -0.74691854E-02   0.20013608E-02   0.63477653E+00   0.00000000E+00
  5.   26.  -0.77326696E-02   0.00000000E+00   0.63477653E+00   0.00000000E+00
  5.   27.   0.87727321E-02   0.00000000E+00   0.21910471E+00   0.00000000E+00
  5.   28.   0.84738083E-02   0.22705516E-02   0.21910471E+00   0.00000000E+00
  5.   29.   0.75974081E-02   0.43863689E-02   0.21910471E+00   0.00000000E+00
  5.   30.   0.62032567E-02   0.62032624E-02   0.21910471E+00   0.00000000E+00
  5.   31.   0.43863632E-02   0.75974139E-02   0.21910471E+00   0.00000000E+00
  5.   32.   0.22705459E-02   0.84738141E-02   0.21910470E+00   0.00000000E+00
  5.   33.  -0.56423744E-08   0.87727379E-02   0.21910470E+00   0.00000000E+00
  5.   34.  -0.22705572E-02   0.84738141E-02   0.21910471E+00   0.00000000E+00
  5.   35.  -0.43863745E-02   0.75974139E-02   0.21910471E+00   0.00000000E+00
  5.   36.  -0.62032680E-02   0.62032625E-02   0.21910471E+00   0.00000000E+00
  5.   37.  -0.75974194E-02   0.43863690E-02   0.21910471E+00   0.00000000E+00
  5.   38.  -0.84738196E-02   0.22705518E-02   0.21910472E+00   0.00000000E+00
  5.   39.  -0.87727435E-02   0.00000000E+00   0.21910472E+00   0.00000000E+00
  5.   40.   0.88728474E-02   0.00000000E+00  -0.22610763E+00   0.00000000E+00
  5.   41.   0.85705123E-02   0.22964634E-02  -0.22610763E+00   0.00000000E+00
  5.   42.   0.76841105E-02   0.44364266E-02  -0.22610763E+00   0.00000000E+00
  5.   43.   0.62740488E-02   0.62740546E-02  -0.22610763E+00   0.00000000E+00
  5.   44.   0.44364208E-02   0.76841163E-02  -0.22610764E+00   0.00000000E+00
  5.   45.   0.22964576E-02   0.85705181E-02  -0.22610764E+00   0.00000000E+00
  5.   46.  -0.56398193E-08   0.88728532E-02  -0.22610764E+00   0.00000000E+00
  5.   47.  -0.22964689E-02   0.85705181E-02  -0.22610764E+00   0.00000000E+00
  5.   48.  -0.44364321E-02   0.76841163E-02  -0.22610764E+00   0.00000000E+00
  5.   49.  -0.62740602E-02   0.62740547E-02  -0.22610763E+00   0.00000000E+00
  5.   50.  -0.76841218E-02   0.44364267E-02  -0.22610763E+00   0.00000000E+00
  5.   51.  -0.85705236E-02   0.22964635E-02  -0.22610762E+00   0.00000000E+00
  5.   52.  -0.88728588E-02   0.00000000E+00  -0.22610762E+00   0.00000000E+00
  5.   53.   0.83404052E-02   0.00000000E+00  -0.65722187E+00   0.00000000E+00
  5.   54.   0.80562125E-02   0.21586571E-02  -0.65722186E+00   0.00000000E+00
  5.   55.   0.72230019E-02   0.41702054E-02  -0.65722186E+00   0.00000000E+00
  5.   56.   0.58975553E-02   0.58975611E-02  -0.65722186E+00   0.00000000E+00
  5.   57.   0.41701996E-02   0.72230077E-02  -0.65722187E+00   0.00000000E+00
  5.   58.   0.21586514E-02   0.80562184E-02  -0.65722188E+00   0.00000000E+00
  5.   59.  -0.56362802E-08   0.83404110E-02  -0.65722189E+00   0.00000000E+00
  5.   60.  -0.21586627E-02   0.80562184E-02  -0.65722188E+00   0.00000000E+00
  5.   61.  -0.41702109E-02   0.72230078E-02  -0.65722187E+00   0.00000000E+00
  5.   62.  -0.58975666E-02   0.58975612E-02  -0.65722186E+00   0.00000000E+00
  5.   63.  -0.72230133E-02   0.41702055E-02  -0.65722186E+00   0.00000000E+00
  5.   64.  -0.80562238E-02   0.21586573E-02  -0.65722185E+00   0.00000000E+00
  5.   65.  -0.83404165E-02   0.00000000E+00  -0.65722185E+00   0.00000000E+00
  5.   66.  -0.83404166E-02   0.00000000E+00  -0.65722187E+00   0.00000000E+00
  5.   67.  -0.80562239E-02  -0.21586571E-02  -0.65722186E+00   0.00000000E+00
  5.   68.  -0.72230133E-02  -0.41702054E-02  -0.65722186E+00   0.00000000E+00
  5.   69.  -0.58975667E-02  -0.58975611E-02  -0.65722186E+00   0.00000000E+00
  5.   70.  -0.41702110E-02  -0.72230077E-02  -0.65722187E+00   0.00000000E+00
  5.   71.  -0.21586628E-02  -0.80562184E-02  -0.65722188E+00   0.00000000E+00
  5.   72.  -0.57626062E-08  -0.83404110E-02  -0.65722189E+00   0.00000000E+00
  5.   73.   0.21586513E-02  -0.80562184E-02  -0.65722188E+00   0.00000000E+00
  5.   74.   0.41701995E-02  -0.72230078E-02  -0.65722187E+00   0.00000000E+00
  5.   75.   0.58975552E-02  -0.58975612E-02  -0.65722186E+00   0.00000000E+00
  5.   76.   0.72230019E-02  -0.41702055E-02  -0.65722186E+00   0.00000000E+00
  5.   77.   0.80562124E-02  -0.21586573E-02  -0.65722185E+00   0.00000000E+00
  5.   78.   0.83404051E-02   0.00000000E+00  -0.65722185E+00   0.00000000E+00
  6.    1.  -0.72638276E-03   0.00000000E+00   0.97934085E-02   0.00000000E+00
  6.    2.  -0.63590166E-03   0.38870115E-03   0.69249851E-02   0.00000000E+00
  6.    3.  -0.38186716E-03   0.66141066E-03  -0.12463628E-08   0.00000000E+00
  6.    4.  -0.18676551E-04   0.74505624E-03  -0.69249874E-02   0.00000000E+00
  6.    5.   0.36318907E-03   0.62906459E-03  -0.97934102E-02   0.00000000E+00
  6.    6.   0.65457359E-03   0.35635509E-03  -0.69249861E-02   0.00000000E+00
  6.    7.   0.76372970E-03   0.73386392E-11   0.13204274E-08   0.00000000E+00
  6.    8.   0.65457358E-03  -0.35635507E-03   0.69249887E-02   0.00000000E+00
  6.    9.   0.36318906E-03  -0.62906459E-03   0.97934129E-02   0.00000000E+00
  6.   10.  -0.18676572E-04  -0.74505624E-03   0.69249900E-02   0.00000000E+00
  6.   11.  -0.38186719E-03  -0.66141067E-03   0.37024651E-08   0.00000000E+00
  6.   12.  -0.63590170E-03  -0.38870117E-03  -0.69249830E-02   0.00000000E+00
  6.   13.  -0.72638281E-03   0.00000000E+00  -0.97934066E-02   0.00000000E+00
  6.   14.  -0.26564774E-02   0.00000000E+00   0.87294083E-01   0.00000000E+00
  6.   15.  -0.23468710E-02   0.15010089E-02   0.61726236E-01   0.00000000E+00
  6.   16.  -0.14547166E-02   0.25196404E-02  -0.49256553E-08   0.00000000E+00
  6.   17.  -0.12647868E-03   0.27829530E-02  -0.61726245E-01   0.00000000E+00
  6.   18.   0.13282364E-02   0.23005756E-02  -0.87294090E-01   0.00000000E+00
  6.   19.   0.24733450E-02   0.12819441E-02  -0.61726242E-01   0.00000000E+00
  6.   20.   0.29094286E-02   0.15838164E-10   0.41984045E-09   0.00000000E+00
  6.   21.   0.24733451E-02  -0.12819441E-02   0.61726244E-01   0.00000000E+00
  6.   22.   0.13282364E-02  -0.23005756E-02   0.87294093E-01   0.00000000E+00
  6.   23.  -0.12647868E-03  -0.27829530E-02   0.61726248E-01   0.00000000E+00
  6.   24.  -0.14547166E-02  -0.25196405E-02   0.77554735E-08   0.00000000E+00
  6.   25.  -0.23468710E-02  -0.15010090E-02  -0.61726235E-01   0.00000000E+00
  6.   26.  -0.26564775E-02   0.00000000E+00  -0.87294083E-01   0.00000000E+00
  6.   27.  -0.52179179E-02   0.00000000E+00   0.28470017E+00   0.00000000E+00
  6.   28.  -0.46803315E-02   0.32116165E-02   0.20131342E+00   0.00000000E+00
  6.   29.  -0.30501362E-02   0.52829882E-02  -0.89592519E-08   0.00000000E+00
  6.   30.  -0.44117801E-03   0.56590928E-02  -0.20131344E+00   0.00000000E+00
  6.   31.   0.26089566E-02   0.45188481E-02  -0.28470019E+00   0.00000000E+00
  6.   32.   0.51215048E-02   0.24474764E-02  -0.20131343E+00   0.00000000E+00
  6.   33.   0.61002678E-02   0.28825965E-10  -0.18170541E-08   0.00000000E+00
  6.   34.   0.51215049E-02  -0.24474763E-02   0.20131343E+00   0.00000000E+00
  6.   35.   0.26089567E-02  -0.45188481E-02   0.28470019E+00   0.00000000E+00
  6.   36.  -0.44117797E-03  -0.56590928E-02   0.20131344E+00   0.00000000E+00
  6.   37.  -0.30501362E-02  -0.52829883E-02   0.15122334E-07   0.00000000E+00
  6.   38.  -0.46803315E-02  -0.32116166E-02  -0.20131342E+00   0.00000000E+00
  6.   39.  -0.52179180E-02   0.00000000E+00  -0.28470018E+00   0.00000000E+00
  6.   40.  -0.72430907E-02   0.00000000E+00   0.59958471E+00   0.00000000E+00
  6.   41.  -0.66796843E-02   0.51404278E-02   0.42397041E+00   0.00000000E+00
  6.   42.  -0.47334458E-02   0.81985660E-02  -0.13355709E-07   0.00000000E+00
  6.   43.  -0.11119012E-02   0.83549888E-02  -0.42397043E+00   0.00000000E+00
  6.   44.   0.36215430E-02   0.62726992E-02  -0.59958473E+00   0.00000000E+00
  6.   45.   0.77915809E-02   0.32145611E-02  -0.42397043E+00   0.00000000E+00
  6.   46.   0.94668870E-02   0.36703275E-10  -0.54706968E-08   0.00000000E+00
  6.   47.   0.77915809E-02  -0.32145610E-02   0.42397042E+00   0.00000000E+00
  6.   48.   0.36215431E-02  -0.62726992E-02   0.59958473E+00   0.00000000E+00
  6.   49.  -0.11119011E-02  -0.83549888E-02   0.42397044E+00   0.00000000E+00
  6.   50.  -0.47334458E-02  -0.81985660E-02   0.25610792E-07   0.00000000E+00
  6.   51.  -0.66796843E-02  -0.51404280E-02  -0.42397040E+00   0.00000000E+00
  6.   52.  -0.72430908E-02   0.00000000E+00  -0.59958472E+00   0.00000000E+00
  6.   53.  -0.87955680E-02   0.00000000E+00   0.99998215E+00   0.00000000E+00
  6.   54.  -0.82858673E-02   0.68933375E-02   0.70709415E+00   0.00000000E+00
  6.   55.  -0.62246572E-02   0.10781420E-01  -0.18145320E-07   0.00000000E+00
  6.   56.  -0.18268740E-02   0.10622439E-01  -0.70709417E+00   0.00000000E+00
  6.   57.   0.43977816E-02   0.76171840E-02  -0.99998217E+00   0.00000000E+00
  6.   58.   0.10112737E-01   0.37291015E-02  -0.70709417E+00   0.00000000E+00
  6.   59.   0.12449310E-01   0.39866460E-10  -0.10196612E-07   0.00000000E+00
  6.   60.   0.10112737E-01  -0.37291014E-02   0.70709416E+00   0.00000000E+00
  6.   61.   0.43977818E-02  -0.76171839E-02   0.99998217E+00   0.00000000E+00
  6.   62.  -0.18268739E-02  -0.10622439E-01   0.70709419E+00   0.00000000E+00
  6.   63.  -0.62246572E-02  -0.10781420E-01   0.38422865E-07   0.00000000E+00
  6.   64.  -0.82858673E-02  -0.68933377E-02  -0.70709414E+00   0.00000000E+00
  6.   65.  -0.87955680E-02   0.00000000E+00  -0.99998216E+00   0.00000000E+00
  6.   66.   0.87955648E-02   0.00000000E+00   0.99998215E+00   0.00000000E+00
  6.   67.   0.82858640E-02  -0.68933375E-02   0.70709415E+00   0.00000000E+00
  6.   68.   0.62246540E-02  -0.10781420E-01  -0.18145329E-07   0.00000000E+00
  6.   69.   0.18268708E-02  -0.10622439E-01  -0.70709417E+00   0.00000000E+00
  6.   70.  -0.43977849E-02  -0.76171840E-02  -0.99998217E+00   0.00000000E+00
  6.   71.  -0.10112740E-01  -0.37291015E-02  -0.70709417E+00   0.00000000E+00
  6.   72.  -0.12449313E-01  -0.38169131E-10  -0.10196604E-07   0.00000000E+00
  6.   73.  -0.10112740E-01   0.37291014E-02   0.70709416E+00   0.00000000E+00
  6.   74.  -0.43977850E-02   0.76171839E-02   0.99998217E+00   0.00000000E+00
  6.   75.   0.18268707E-02   0.10622439E-01   0.70709419E+00   0.00000000E+00
  6.   76.   0.62246540E-02   0.10781420E-01   0.38422859E-07   0.00000000E+00
  6.   77.   0.82858641E-02   0.68933377E-02  -0.70709414E+00   0.00000000E+00
  6.   78.   0.87955648E-02   0.00000000E+00  -0.99998216E+00   0.00000000E+00
  7.    1.  -0.69759423E-02   0.00000000E+00   0.76748746E+00   0.00000000E+00
  7.    2.  -0.77761983E-02   0.29865959E-02   0.74133596E+00   0.00000000E+00
  7.    3.  -0.99625383E-02   0.51729359E-02   0.66466364E+00   0.00000000E+00
  7.    4.  -0.12949134E-01   0.59731918E-02   0.54269559E+00   0.00000000E+00
  7.    5.  -0.15935730E-01   0.51729359E-02   0.38374373E+00   0.00000000E+00
  7.    6.  -0.18122070E-01   0.29865959E-02   0.19864037E+00   0.00000000E+00
  7.    7.  -0.18922326E-01   0.35779020E-10   0.21923382E-08   0.00000000E+00
  7.    8.  -0.18122070E-01  -0.29865959E-02  -0.19864037E+00   0.00000000E+00
  7.    9.  -0.15935730E-01  -0.51729359E-02  -0.38374373E+00   0.00000000E+00
  7.   10.  -0.12949134E-01  -0.59731919E-02  -0.54269559E+00   0.00000000E+00
  7.   11.  -0.99625383E-02  -0.51729360E-02  -0.66466364E+00   0.00000000E+00
  7.   12.  -0.77761983E-02  -0.29865961E-02  -0.74133596E+00   0.00000000E+00
  7.   13.  -0.69759423E-02   0.00000000E+00  -0.76748747E+00   0.00000000E+00
  7.   14.   0.83906203E-04   0.00000000E+00   0.99992271E+00   0.00000000E+00
  7.   15.  -0.66574312E-03   0.27977294E-02   0.96585117E+00   0.00000000E+00
  7.   16.  -0.27138231E-02   0.48458094E-02   0.86595847E+00   0.00000000E+00
  7.   17.  -0.55115525E-02   0.55954587E-02   0.70705213E+00   0.00000000E+00
  7.   18.  -0.83092818E-02   0.48458094E-02   0.49996135E+00   0.00000000E+00
  7.   19.  -0.10357362E-01   0.27977294E-02   0.25879904E+00   0.00000000E+00
  7.   20.  -0.11107011E-01   0.52454326E-10   0.43324637E-08   0.00000000E+00
  7.   21.  -0.10357362E-01  -0.27977293E-02  -0.25879903E+00   0.00000000E+00
  7.   22.  -0.83092818E-02  -0.48458094E-02  -0.49996134E+00   0.00000000E+00
  7.   23.  -0.55115525E-02  -0.55954588E-02  -0.70705212E+00   0.00000000E+00
  7.   24.  -0.27138232E-02  -0.48458095E-02  -0.86595846E+00   0.00000000E+00
  7.   25.  -0.66574315E-03  -0.27977295E-02  -0.96585116E+00   0.00000000E+00
  7.   26.   0.83906221E-04   0.00000000E+00  -0.99992271E+00   0.00000000E+00
  7.   27.   0.11438828E-01   0.00000000E+00   0.70155947E+00   0.00000000E+00
  7.   28.   0.10337008E-01   0.41120484E-02   0.67765441E+00   0.00000000E+00
  7.   29.   0.73267800E-02   0.71222767E-02   0.60756832E+00   0.00000000E+00
  7.   30.   0.32147316E-02   0.82240968E-02   0.49607746E+00   0.00000000E+00
  7.   31.  -0.89731679E-03   0.71222767E-02   0.35077974E+00   0.00000000E+00
  7.   32.  -0.39075451E-02   0.41120484E-02   0.18157695E+00   0.00000000E+00
  7.   33.  -0.50093652E-02   0.12319922E-09   0.20705907E-08   0.00000000E+00
  7.   34.  -0.39075451E-02  -0.41120482E-02  -0.18157695E+00   0.00000000E+00
  7.   35.  -0.89731685E-03  -0.71222766E-02  -0.35077973E+00   0.00000000E+00
  7.   36.   0.32147315E-02  -0.82240968E-02  -0.49607745E+00   0.00000000E+00
  7.   37.   0.73267798E-02  -0.71222769E-02  -0.60756832E+00   0.00000000E+00
  7.   38.   0.10337008E-01  -0.41120486E-02  -0.67765441E+00   0.00000000E+00
  7.   39.   0.11438828E-01   0.00000000E+00  -0.70155948E+00   0.00000000E+00
  7.   40.   0.17427905E-01   0.00000000E+00  -0.50342313E-01   0.00000000E+00
  7.   41.   0.16278245E-01   0.42905895E-02  -0.48626938E-01   0.00000000E+00
  7.   42.   0.13137316E-01   0.74315191E-02  -0.43597717E-01   0.00000000E+00
  7.   43.   0.88467260E-02   0.85811791E-02  -0.35597385E-01   0.00000000E+00
  7.   44.   0.45561364E-02   0.74315191E-02  -0.25171153E-01   0.00000000E+00
  7.   45.   0.14152068E-02   0.42905896E-02  -0.13029551E-01   0.00000000E+00
  7.   46.   0.26554684E-03   0.16240308E-09  -0.46744684E-08   0.00000000E+00
  7.   47.   0.14152068E-02  -0.42905894E-02   0.13029546E-01   0.00000000E+00
  7.   48.   0.45561364E-02  -0.74315190E-02   0.25171156E-01   0.00000000E+00
  7.   49.   0.88467259E-02  -0.85811791E-02   0.35597392E-01   0.00000000E+00
  7.   50.   0.13137315E-01  -0.74315193E-02   0.43597720E-01   0.00000000E+00
  7.   51.   0.16278245E-01  -0.42905898E-02   0.48626932E-01   0.00000000E+00
  7.   52.   0.17427905E-01   0.00000000E+00   0.50342301E-01   0.00000000E+00
  7.   53.   0.17492245E-01   0.00000000E+00  -0.93748253E+00   0.00000000E+00
  7.   54.   0.16578821E-01   0.34089425E-02  -0.90553859E+00   0.00000000E+00
  7.   55.   0.14083302E-01   0.59044616E-02  -0.81188368E+00   0.00000000E+00
  7.   56.   0.10674360E-01   0.68178851E-02  -0.66290024E+00   0.00000000E+00
  7.   57.   0.72654169E-02   0.59044618E-02  -0.46874126E+00   0.00000000E+00
  7.   58.   0.47698977E-02   0.34089427E-02  -0.24263834E+00   0.00000000E+00
  7.   59.   0.38564744E-02   0.16483617E-09  -0.13457022E-07   0.00000000E+00
  7.   60.   0.47698978E-02  -0.34089424E-02   0.24263832E+00   0.00000000E+00
  7.   61.   0.72654170E-02  -0.59044616E-02   0.46874126E+00   0.00000000E+00
  7.   62.   0.10674360E-01  -0.68178852E-02   0.66290025E+00   0.00000000E+00
  7.   63.   0.14083302E-01  -0.59044619E-02   0.81188368E+00   0.00000000E+00
  7.   64.   0.16578821E-01  -0.34089429E-02   0.90553857E+00   0.00000000E+00
  7.   65.   0.17492245E-01   0.00000000E+00   0.93748251E+00   0.00000000E+00
  7.   66.  -0.17492247E-01   0.00000000E+00  -0.93748253E+00   0.00000000E+00
  7.   67.  -0.16578823E-01  -0.34089425E-02  -0.90553859E+00   0.00000000E+00
  7.   68.  -0.14083304E-01  -0.59044616E-02  -0.81188368E+00   0.00000000E+00
  7.   69.  -0.10674362E-01  -0.68178851E-02  -0.66290024E+00   0.00000000E+00
  7.   70.  -0.72654189E-02  -0.59044618E-02  -0.46874126E+00   0.00000000E+00
  7.   71.  -0.47698997E-02  -0.34089427E-02  -0.24263834E+00   0.00000000E+00
  7.   72.  -0.38564764E-02  -0.16426585E-09  -0.13457017E-07   0.00000000E+00
  7.   73.  -0.47698998E-02   0.34089424E-02   0.24263832E+00   0.00000000E+00
  7.   74.  -0.72654190E-02   0.59044616E-02   0.46874126E+00   0.00000000E+00
  7.   75.  -0.10674362E-01   0.68178852E-02   0.66290025E+00   0.00000000E+00
  7.   76.  -0.14083304E-01   0.59044619E-02   0.81188368E+00   0.00000000E+00
  7.   77.  -0.16578823E-01   0.34089428E-02   0.90553857E+00   0.00000000E+00
  7.   78.  -0.17492247E-01   0.00000000E+00   0.93748251E+00   0.00000000E+00
  8.    1.   0.22890978E-03   0.00000000E+00  -0.22881497E-02   0.00000000E+00
  8.    2.   0.16490498E-03  -0.17321317E-03  -0.11440766E-02   0.00000000E+00
  8.    3.   0.58756039E-05  -0.23908532E-03   0.11440697E-02   0.00000000E+00
  8.    4.  -0.16186280E-03  -0.16186337E-03   0.22881434E-02   0.00000000E+00
  8.    5.  -0.23908474E-03   0.58750568E-05   0.11440713E-02   0.00000000E+00
  8.    6.  -0.17321260E-03   0.16490446E-03  -0.11440735E-02   0.00000000E+00
  8.    7.   0.55156750E-09   0.22890928E-03  -0.22881454E-02   0.00000000E+00
  8.    8.   0.17321370E-03   0.16490450E-03  -0.11440715E-02   0.00000000E+00
  8.    9.   0.23908582E-03   0.58751204E-05   0.11440752E-02   0.00000000E+00
  8.   10.   0.16186385E-03  -0.16186330E-03   0.22881490E-02   0.00000000E+00
  8.   11.  -0.58745877E-05  -0.23908526E-03   0.11440766E-02   0.00000000E+00
  8.   12.  -0.16490399E-03  -0.17321314E-03  -0.11440689E-02   0.00000000E+00
  8.   13.  -0.22890880E-03   0.00000000E+00  -0.22881418E-02   0.00000000E+00
  8.   14.   0.17824878E-02   0.00000000E+00  -0.43558678E-01   0.00000000E+00
  8.   15.   0.12947071E-02  -0.13884099E-02  -0.21779341E-01   0.00000000E+00
  8.   16.   0.66258656E-04  -0.18972500E-02   0.21779333E-01   0.00000000E+00
  8.   17.  -0.12604084E-02  -0.12604089E-02   0.43558671E-01   0.00000000E+00
  8.   18.  -0.18972494E-02   0.66258142E-04   0.21779336E-01   0.00000000E+00
  8.   19.  -0.13884094E-02   0.12947066E-02  -0.21779336E-01   0.00000000E+00
  8.   20.   0.48551003E-09   0.17824873E-02  -0.43558672E-01   0.00000000E+00
  8.   21.   0.13884104E-02   0.12947067E-02  -0.21779335E-01   0.00000000E+00
  8.   22.   0.18972504E-02   0.66258243E-04   0.21779339E-01   0.00000000E+00
  8.   23.   0.12604094E-02  -0.12604088E-02   0.43558678E-01   0.00000000E+00
  8.   24.  -0.66257675E-04  -0.18972499E-02   0.21779343E-01   0.00000000E+00
  8.   25.  -0.12947062E-02  -0.13884099E-02  -0.21779330E-01   0.00000000E+00
  8.   26.  -0.17824869E-02   0.00000000E+00  -0.43558668E-01   0.00000000E+00
  8.   27.   0.49415852E-02   0.00000000E+00  -0.20796119E+00   0.00000000E+00
  8.   28.   0.37182061E-02  -0.43301241E-02  -0.10398060E+00   0.00000000E+00
  8.   29.   0.43269197E-03  -0.56910287E-02   0.10398059E+00   0.00000000E+00
  8.   30.  -0.34942277E-02  -0.34942282E-02   0.20796119E+00   0.00000000E+00
  8.   31.  -0.56910281E-02   0.43269150E-03   0.10398060E+00   0.00000000E+00
  8.   32.  -0.43301236E-02   0.37182057E-02  -0.10398059E+00   0.00000000E+00
  8.   33.   0.39825635E-09   0.49415848E-02  -0.20796119E+00   0.00000000E+00
  8.   34.   0.43301244E-02   0.37182058E-02  -0.10398060E+00   0.00000000E+00
  8.   35.   0.56910291E-02   0.43269171E-03   0.10398059E+00   0.00000000E+00
  8.   36.   0.34942286E-02  -0.34942280E-02   0.20796119E+00   0.00000000E+00
  8.   37.  -0.43269101E-03  -0.56910285E-02   0.10398061E+00   0.00000000E+00
  8.   38.  -0.37182052E-02  -0.43301242E-02  -0.10398058E+00   0.00000000E+00
  8.   39.  -0.49415844E-02   0.00000000E+00  -0.20796118E+00   0.00000000E+00
  8.   40.   0.80314419E-02   0.00000000E+00  -0.53613343E+00   0.00000000E+00
  8.   41.   0.64086406E-02  -0.84018174E-02  -0.26806671E+00   0.00000000E+00
  8.   42.   0.14093894E-02  -0.10472575E-01   0.26806672E+00   0.00000000E+00
  8.   43.  -0.56790864E-02  -0.56790869E-02   0.53613344E+00   0.00000000E+00
  8.   44.  -0.10472575E-01   0.14093890E-02   0.26806672E+00   0.00000000E+00
  8.   45.  -0.84018170E-02   0.64086402E-02  -0.26806671E+00   0.00000000E+00
  8.   46.   0.29432063E-09   0.80314416E-02  -0.53613343E+00   0.00000000E+00
  8.   47.   0.84018176E-02   0.64086403E-02  -0.26806673E+00   0.00000000E+00
  8.   48.   0.10472575E-01   0.14093892E-02   0.26806671E+00   0.00000000E+00
  8.   49.   0.56790874E-02  -0.56790866E-02   0.53613343E+00   0.00000000E+00
  8.   50.  -0.14093884E-02  -0.10472575E-01   0.26806674E+00   0.00000000E+00
  8.   51.  -0.64086397E-02  -0.84018176E-02  -0.26806670E+00   0.00000000E+00
  8.   52.  -0.80314412E-02   0.00000000E+00  -0.53613343E+00   0.00000000E+00
  8.   53.   0.10656486E-01   0.00000000E+00  -0.99996521E+00   0.00000000E+00
  8.   54.   0.88611890E-02  -0.12483656E-01  -0.49998260E+00   0.00000000E+00
  8.   55.   0.25614718E-02  -0.15093085E-01   0.49998262E+00   0.00000000E+00
  8.   56.  -0.75352730E-02  -0.75352736E-02   0.99996523E+00   0.00000000E+00
  8.   57.  -0.15093084E-01   0.25614714E-02   0.49998262E+00   0.00000000E+00
  8.   58.  -0.12483656E-01   0.88611886E-02  -0.49998260E+00   0.00000000E+00
  8.   59.   0.20098994E-09   0.10656486E-01  -0.99996522E+00   0.00000000E+00
  8.   60.   0.12483657E-01   0.88611888E-02  -0.49998263E+00   0.00000000E+00
  8.   61.   0.15093085E-01   0.25614717E-02   0.49998259E+00   0.00000000E+00
  8.   62.   0.75352742E-02  -0.75352731E-02   0.99996522E+00   0.00000000E+00
  8.   63.  -0.25614707E-02  -0.15093084E-01   0.49998264E+00   0.00000000E+00
  8.   64.  -0.88611881E-02  -0.12483657E-01  -0.49998258E+00   0.00000000E+00
  8.   65.  -0.10656485E-01   0.00000000E+00  -0.99996522E+00   0.00000000E+00
  8.   66.  -0.10656485E-01   0.00000000E+00  -0.99996521E+00   0.00000000E+00
  8.   67.  -0.88611881E-02   0.12483656E-01  -0.49998260E+00   0.00000000E+00
  8.   68.  -0.25614709E-02   0.15093085E-01   0.49998262E+00   0.00000000E+00
  8.   69.   0.75352740E-02   0.75352736E-02   0.99996523E+00   0.00000000E+00
  8.   70.   0.15093085E-01  -0.25614714E-02   0.49998262E+00   0.00000000E+00
  8.   71.   0.12483657E-01  -0.88611886E-02  -0.49998260E+00   0.00000000E+00
  8.   72.   0.71264270E-09  -0.10656486E-01  -0.99996522E+00   0.00000000E+00
  8.   73.  -0.12483656E-01  -0.88611888E-02  -0.49998263E+00   0.00000000E+00
  8.   74.  -0.15093084E-01  -0.25614717E-02   0.49998259E+00   0.00000000E+00
  8.   75.  -0.75352732E-02   0.75352731E-02   0.99996522E+00   0.00000000E+00
  8.   76.   0.25614716E-02   0.15093084E-01   0.49998264E+00   0.00000000E+00
  8.   77.   0.88611890E-02   0.12483657E-01  -0.49998258E+00   0.00000000E+00
  8.   78.   0.10656486E-01   0.00000000E+00  -0.99996522E+00   0.00000000E+00
  9.    1.  -0.68232833E-04   0.00000000E+00   0.53784773E-03   0.00000000E+00
  9.    2.  -0.35206166E-04   0.63157979E-04   0.13920483E-03   0.00000000E+00
  9.    3.   0.33026532E-04   0.60978605E-04  -0.46579060E-03   0.00000000E+00
  9.    4.   0.70411926E-04  -0.21793919E-05  -0.38031579E-03   0.00000000E+00
  9.    5.   0.37385255E-04  -0.60978655E-04   0.26892549E-03   0.00000000E+00
  9.    6.  -0.35206180E-04  -0.58799284E-04   0.51952364E-03   0.00000000E+00
  9.    7.  -0.72591594E-04  -0.87266454E-11   0.23305971E-08   0.00000000E+00
  9.    8.  -0.35206226E-04   0.58799264E-04  -0.51951924E-03   0.00000000E+00
  9.    9.   0.37385174E-04   0.60978630E-04  -0.26892180E-03   0.00000000E+00
  9.   10.   0.70411825E-04   0.21793612E-05   0.38031857E-03   0.00000000E+00
  9.   11.   0.33026424E-04  -0.60978635E-04   0.46579247E-03   0.00000000E+00
  9.   12.  -0.35206276E-04  -0.63158000E-04  -0.13920363E-03   0.00000000E+00
  9.   13.  -0.68232946E-04   0.00000000E+00  -0.53784681E-03   0.00000000E+00
  9.   14.  -0.11362144E-02   0.00000000E+00   0.22206293E-01   0.00000000E+00
  9.   15.  -0.59236414E-03   0.10745182E-02   0.57474092E-02   0.00000000E+00
  9.   16.   0.54385014E-03   0.10260045E-02  -0.19231220E-01   0.00000000E+00
  9.   17.   0.11847278E-02  -0.48513731E-04  -0.15702224E-01   0.00000000E+00
  9.   18.   0.64087755E-03  -0.10260046E-02   0.11103149E-01   0.00000000E+00
  9.   19.  -0.59236414E-03  -0.97749085E-03   0.21449638E-01   0.00000000E+00
  9.   20.  -0.12332419E-02  -0.26844275E-10   0.33785227E-08   0.00000000E+00
  9.   21.  -0.59236424E-03   0.97749080E-03  -0.21449633E-01   0.00000000E+00
  9.   22.   0.64087742E-03   0.10260045E-02  -0.11103147E-01   0.00000000E+00
  9.   23.   0.11847277E-02   0.48513721E-04   0.15702224E-01   0.00000000E+00
  9.   24.   0.54385007E-03  -0.10260045E-02   0.19231218E-01   0.00000000E+00
  9.   25.  -0.59236421E-03  -0.10745183E-02  -0.57474122E-02   0.00000000E+00
  9.   26.  -0.11362145E-02   0.00000000E+00  -0.22206298E-01   0.00000000E+00
  9.   27.  -0.44870305E-02   0.00000000E+00   0.15411269E+00   0.00000000E+00
  9.   28.  -0.24974120E-02   0.48334375E-02   0.39887296E-01   0.00000000E+00
  9.   29.   0.19896182E-02   0.43256441E-02  -0.13346551E+00   0.00000000E+00
  9.   30.   0.49948235E-02  -0.50779340E-03  -0.10897413E+00   0.00000000E+00
  9.   31.   0.30052051E-02  -0.43256442E-02   0.77056345E-01   0.00000000E+00
  9.   32.  -0.24974120E-02  -0.38178508E-02   0.14886143E+00   0.00000000E+00
  9.   33.  -0.55026173E-02  -0.49173182E-10   0.59506181E-08   0.00000000E+00
  9.   34.  -0.24974122E-02   0.38178507E-02  -0.14886143E+00   0.00000000E+00
  9.   35.   0.30052049E-02   0.43256442E-02  -0.77056350E-01   0.00000000E+00
  9.   36.   0.49948234E-02   0.50779355E-03   0.10897413E+00   0.00000000E+00
  9.   37.   0.19896184E-02  -0.43256441E-02   0.13346551E+00   0.00000000E+00
  9.   38.  -0.24974119E-02  -0.48334377E-02  -0.39887294E-01   0.00000000E+00
  9.   39.  -0.44870304E-02   0.00000000E+00  -0.15411269E+00   0.00000000E+00
  9.   40.  -0.85788293E-02   0.00000000E+00   0.48392604E+00   0.00000000E+00
  9.   41.  -0.53280399E-02   0.11305686E-01   0.12524927E+00   0.00000000E+00
  9.   42.   0.32507892E-02   0.92284354E-02  -0.41909225E+00   0.00000000E+00
  9.   43.   0.10656079E-01  -0.20772502E-02  -0.34218739E+00   0.00000000E+00
  9.   44.   0.74052899E-02  -0.92284354E-02   0.24196302E+00   0.00000000E+00
  9.   45.  -0.53280398E-02  -0.71511851E-02   0.46743666E+00   0.00000000E+00
  9.   46.  -0.12733330E-01  -0.83519192E-10   0.11568987E-07   0.00000000E+00
  9.   47.  -0.53280403E-02   0.71511850E-02  -0.46743666E+00   0.00000000E+00
  9.   48.   0.74052895E-02   0.92284355E-02  -0.24196304E+00   0.00000000E+00
  9.   49.   0.10656079E-01   0.20772506E-02   0.34218737E+00   0.00000000E+00
  9.   50.   0.32507896E-02  -0.92284351E-02   0.41909226E+00   0.00000000E+00
  9.   51.  -0.53280396E-02  -0.11305686E-01  -0.12524925E+00   0.00000000E+00
  9.   52.  -0.85788292E-02   0.00000000E+00  -0.48392604E+00   0.00000000E+00
  9.   53.  -0.12374569E-01   0.00000000E+00   0.99994306E+00   0.00000000E+00
  9.   54.  -0.82645565E-02   0.18469175E-01   0.25880431E+00   0.00000000E+00
  9.   55.   0.41100126E-02   0.14314631E-01  -0.86597609E+00   0.00000000E+00
  9.   56.   0.16529112E-01  -0.41545433E-02  -0.70706652E+00   0.00000000E+00
  9.   57.   0.12419100E-01  -0.14314631E-01   0.49997152E+00   0.00000000E+00
  9.   58.  -0.82645563E-02  -0.10160088E-01   0.96587083E+00   0.00000000E+00
  9.   59.  -0.20683656E-01  -0.13175419E-09   0.21024823E-07   0.00000000E+00
  9.   60.  -0.82645571E-02   0.10160088E-01  -0.96587082E+00   0.00000000E+00
  9.   61.   0.12419099E-01   0.14314632E-01  -0.49997156E+00   0.00000000E+00
  9.   62.   0.16529113E-01   0.41545440E-02   0.70706649E+00   0.00000000E+00
  9.   63.   0.41100133E-02  -0.14314631E-01   0.86597612E+00   0.00000000E+00
  9.   64.  -0.82645561E-02  -0.18469175E-01  -0.25880425E+00   0.00000000E+00
  9.   65.  -0.12374569E-01   0.00000000E+00  -0.99994305E+00   0.00000000E+00
  9.   66.   0.12374569E-01   0.00000000E+00   0.99994306E+00   0.00000000E+00
  9.   67.   0.82645561E-02  -0.18469175E-01   0.25880431E+00   0.00000000E+00
  9.   68.  -0.41100130E-02  -0.14314631E-01  -0.86597609E+00   0.00000000E+00
  9.   69.  -0.16529113E-01   0.41545433E-02  -0.70706652E+00   0.00000000E+00
  9.   70.  -0.12419100E-01   0.14314631E-01   0.49997152E+00   0.00000000E+00
  9.   71.   0.82645559E-02   0.10160088E-01   0.96587083E+00   0.00000000E+00
  9.   72.   0.20683656E-01   0.13021491E-09   0.21024817E-07   0.00000000E+00
  9.   73.   0.82645567E-02  -0.10160088E-01  -0.96587082E+00   0.00000000E+00
  9.   74.  -0.12419100E-01  -0.14314632E-01  -0.49997156E+00   0.00000000E+00
  9.   75.  -0.16529113E-01  -0.41545440E-02   0.70706649E+00   0.00000000E+00
  9.   76.  -0.41100137E-02   0.14314631E-01   0.86597612E+00   0.00000000E+00
  9.   77.   0.82645557E-02   0.18469175E-01  -0.25880425E+00   0.00000000E+00
  9.   78.   0.12374569E-01   0.00000000E+00  -0.99994305E+00   0.00000000E+00
 10.    1.  -0.10296831E-01   0.00000000E+00   0.31053086E+00   0.00000000E+00
 10.    2.  -0.10634821E-01   0.52358273E-02   0.26892762E+00   0.00000000E+00
 10.    3.  -0.11222243E-01   0.91406651E-02   0.15526543E+00   0.00000000E+00
 10.    4.  -0.11044888E-01   0.11044888E-01   0.18158051E-10   0.00000000E+00
 10.    5.  -0.91406649E-02   0.11222243E-01  -0.15526543E+00   0.00000000E+00
 10.    6.  -0.52358271E-02   0.10634822E-01  -0.26892762E+00   0.00000000E+00
 10.    7.   0.12743012E-09   0.10296831E-01  -0.31053087E+00   0.00000000E+00
 10.    8.   0.52358274E-02   0.10634822E-01  -0.26892762E+00   0.00000000E+00
 10.    9.   0.91406653E-02   0.11222243E-01  -0.15526544E+00   0.00000000E+00
 10.   10.   0.11044888E-01   0.11044888E-01  -0.58706002E-08   0.00000000E+00
 10.   11.   0.11222244E-01   0.91406652E-02   0.15526543E+00   0.00000000E+00
 10.   12.   0.10634822E-01   0.52358275E-02   0.26892761E+00   0.00000000E+00
 10.   13.   0.10296831E-01   0.00000000E+00   0.31053086E+00   0.00000000E+00
 10.   14.  -0.86605309E-02   0.00000000E+00   0.86385910E+00   0.00000000E+00
 10.   15.  -0.97276825E-02   0.73255043E-02   0.74812393E+00   0.00000000E+00
 10.   16.  -0.12058424E-01   0.12225272E-01   0.43192955E+00   0.00000000E+00
 10.   17.  -0.13567404E-01   0.13567404E-01   0.34683054E-08   0.00000000E+00
 10.   18.  -0.12225272E-01   0.12058424E-01  -0.43192955E+00   0.00000000E+00
 10.   19.  -0.73255041E-02   0.97276827E-02  -0.74812392E+00   0.00000000E+00
 10.   20.   0.86743179E-10   0.86605311E-02  -0.86385910E+00   0.00000000E+00
 10.   21.   0.73255043E-02   0.97276826E-02  -0.74812393E+00   0.00000000E+00
 10.   22.   0.12225272E-01   0.12058424E-01  -0.43192956E+00   0.00000000E+00
 10.   23.   0.13567404E-01   0.13567404E-01  -0.12876562E-07   0.00000000E+00
 10.   24.   0.12058424E-01   0.12225272E-01   0.43192954E+00   0.00000000E+00
 10.   25.   0.97276830E-02   0.73255045E-02   0.74812392E+00   0.00000000E+00
 10.   26.   0.86605314E-02   0.00000000E+00   0.86385910E+00   0.00000000E+00
 10.   27.   0.76138441E-02   0.00000000E+00   0.92096167E+00   0.00000000E+00
 10.   28.   0.46673891E-02   0.80574860E-02   0.79757620E+00   0.00000000E+00
 10.   29.  -0.23971603E-02   0.11765848E-01   0.46048083E+00   0.00000000E+00
 10.   30.  -0.92983472E-02   0.92983475E-02   0.37328370E-08   0.00000000E+00
 10.   31.  -0.11765848E-01   0.23971606E-02  -0.46048083E+00   0.00000000E+00
 10.   32.  -0.80574857E-02  -0.46673888E-02  -0.79757620E+00   0.00000000E+00
 10.   33.   0.44028463E-10  -0.76138439E-02  -0.92096167E+00   0.00000000E+00
 10.   34.   0.80574859E-02  -0.46673890E-02  -0.79757621E+00   0.00000000E+00
 10.   35.   0.11765848E-01   0.23971604E-02  -0.46048085E+00   0.00000000E+00
 10.   36.   0.92983479E-02   0.92983473E-02  -0.12307440E-07   0.00000000E+00
 10.   37.   0.23971611E-02   0.11765848E-01   0.46048082E+00   0.00000000E+00
 10.   38.  -0.46673884E-02   0.80574861E-02   0.79757619E+00   0.00000000E+00
 10.   39.  -0.76138437E-02   0.00000000E+00   0.92096167E+00   0.00000000E+00
 10.   40.   0.21367245E-01   0.00000000E+00   0.14883805E+00   0.00000000E+00
 10.   41.   0.17671597E-01   0.55448973E-02   0.12889753E+00   0.00000000E+00
 10.   42.   0.85748716E-02   0.65151317E-02   0.74419021E-01   0.00000000E+00
 10.   43.  -0.11062169E-02   0.11062173E-02  -0.50084448E-09   0.00000000E+00
 10.   44.  -0.65151314E-02  -0.85748713E-02  -0.74419021E-01   0.00000000E+00
 10.   45.  -0.55448971E-02  -0.17671597E-01  -0.12889753E+00   0.00000000E+00
 10.   46.   0.27930770E-10  -0.21367245E-01  -0.14883805E+00   0.00000000E+00
 10.   47.   0.55448974E-02  -0.17671597E-01  -0.12889753E+00   0.00000000E+00
 10.   48.   0.65151320E-02  -0.85748716E-02  -0.74419025E-01   0.00000000E+00
 10.   49.   0.11062178E-02   0.11062170E-02   0.11188235E-08   0.00000000E+00
 10.   50.  -0.85748707E-02   0.65151316E-02   0.74419023E-01   0.00000000E+00
 10.   51.  -0.17671596E-01   0.55448974E-02   0.12889753E+00   0.00000000E+00
 10.   52.  -0.21367244E-01   0.00000000E+00   0.14883804E+00   0.00000000E+00
 10.   53.   0.23087670E-01   0.00000000E+00  -0.99709644E+00   0.00000000E+00
 10.   54.   0.20370578E-01   0.12288200E-02  -0.86351085E+00   0.00000000E+00
 10.   55.   0.13535267E-01  -0.35609918E-03  -0.49854823E+00   0.00000000E+00
 10.   56.   0.57775500E-02  -0.57775496E-02  -0.70690317E-08   0.00000000E+00
 10.   57.   0.35609955E-03  -0.13535267E-01   0.49854822E+00   0.00000000E+00
 10.   58.  -0.12288197E-02  -0.20370577E-01   0.86351085E+00   0.00000000E+00
 10.   59.   0.48937028E-10  -0.23087670E-01   0.99709644E+00   0.00000000E+00
 10.   60.   0.12288201E-02  -0.20370577E-01   0.86351085E+00   0.00000000E+00
 10.   61.  -0.35609882E-03  -0.13535267E-01   0.49854823E+00   0.00000000E+00
 10.   62.  -0.57775491E-02  -0.57775498E-02   0.20749301E-07   0.00000000E+00
 10.   63.  -0.13535266E-01  -0.35609947E-03  -0.49854820E+00   0.00000000E+00
 10.   64.  -0.20370577E-01   0.12288198E-02  -0.86351084E+00   0.00000000E+00
 10.   65.  -0.23087670E-01   0.00000000E+00  -0.99709645E+00   0.00000000E+00
 10.   66.  -0.23087670E-01   0.00000000E+00  -0.99709644E+00   0.00000000E+00
 10.   67.  -0.20370577E-01  -0.12288200E-02  -0.86351085E+00   0.00000000E+00
 10.   68.  -0.13535266E-01   0.35609918E-03  -0.49854823E+00   0.00000000E+00
 10.   69.  -0.57775495E-02   0.57775496E-02  -0.70690337E-08   0.00000000E+00
 10.   70.  -0.35609910E-03   0.13535267E-01   0.49854822E+00   0.00000000E+00
 10.   71.   0.12288202E-02   0.20370577E-01   0.86351085E+00   0.00000000E+00
 10.   72.   0.40484109E-09   0.23087670E-01   0.99709644E+00   0.00000000E+00
 10.   73.  -0.12288196E-02   0.20370577E-01   0.86351085E+00   0.00000000E+00
 10.   74.   0.35609927E-03   0.13535267E-01   0.49854823E+00   0.00000000E+00
 10.   75.   0.57775495E-02   0.57775498E-02   0.20749302E-07   0.00000000E+00
 10.   76.   0.13535266E-01   0.35609947E-03  -0.49854820E+00   0.00000000E+00
 10.   77.   0.20370577E-01  -0.12288198E-02  -0.86351084E+00   0.00000000E+00
 10.   78.   0.23087670E-01   0.00000000E+00  -0.99709645E+00   0.00000000E+00
 11.    1.   0.18993484E-01   0.00000000E+00   0.99992699E+00   0.00000000E+00
 11.    2.   0.18346296E-01   0.49158753E-02   0.99992699E+00   0.00000000E+00
 11.    3.   0.16448839E-01   0.94967418E-02   0.99992699E+00   0.00000000E+00
 11.    4.   0.13430421E-01   0.13430421E-01   0.99992699E+00   0.00000000E+00
 11.    5.   0.94967418E-02   0.16448839E-01   0.99992699E+00   0.00000000E+00
 11.    6.   0.49158753E-02   0.18346296E-01   0.99992699E+00   0.00000000E+00
 11.    7.   0.10995391E-09   0.18993484E-01   0.99992699E+00   0.00000000E+00
 11.    8.  -0.49158752E-02   0.18346296E-01   0.99992699E+00   0.00000000E+00
 11.    9.  -0.94967417E-02   0.16448839E-01   0.99992699E+00   0.00000000E+00
 11.   10.  -0.13430421E-01   0.13430421E-01   0.99992699E+00   0.00000000E+00
 11.   11.  -0.16448839E-01   0.94967420E-02   0.99992699E+00   0.00000000E+00
 11.   12.  -0.18346296E-01   0.49158755E-02   0.99992699E+00   0.00000000E+00
 11.   13.  -0.18993484E-01   0.00000000E+00   0.99992699E+00   0.00000000E+00
 11.   14.   0.15161271E-01   0.00000000E+00   0.13326532E+00   0.00000000E+00
 11.   15.   0.14644664E-01   0.39240258E-02   0.13326532E+00   0.00000000E+00
 11.   16.   0.13130046E-01   0.75806357E-02   0.13326532E+00   0.00000000E+00
 11.   17.   0.10720638E-01   0.10720638E-01   0.13326532E+00   0.00000000E+00
 11.   18.   0.75806357E-02   0.13130046E-01   0.13326532E+00   0.00000000E+00
 11.   19.   0.39240258E-02   0.14644664E-01   0.13326532E+00   0.00000000E+00
 11.   20.   0.64738870E-10   0.15161271E-01   0.13326532E+00   0.00000000E+00
 11.   21.  -0.39240257E-02   0.14644664E-01   0.13326532E+00   0.00000000E+00
 11.   22.  -0.75806356E-02   0.13130046E-01   0.13326532E+00   0.00000000E+00
 11.   23.  -0.10720638E-01   0.10720638E-01   0.13326532E+00   0.00000000E+00
 11.   24.  -0.13130046E-01   0.75806358E-02   0.13326532E+00   0.00000000E+00
 11.   25.  -0.14644664E-01   0.39240259E-02   0.13326532E+00   0.00000000E+00
 11.   26.  -0.15161271E-01   0.00000000E+00   0.13326532E+00   0.00000000E+00
 11.   27.   0.25693076E-02   0.00000000E+00  -0.34252803E+00   0.00000000E+00
 11.   28.   0.24817606E-02   0.66498571E-03  -0.34252803E+00   0.00000000E+00
 11.   29.   0.22250856E-02   0.12846538E-02  -0.34252803E+00   0.00000000E+00
 11.   30.   0.18167748E-02   0.18167748E-02  -0.34252803E+00   0.00000000E+00
 11.   31.   0.12846538E-02   0.22250857E-02  -0.34252803E+00   0.00000000E+00
 11.   32.   0.66498572E-03   0.24817606E-02  -0.34252803E+00   0.00000000E+00
 11.   33.  -0.28662646E-11   0.25693076E-02  -0.34252803E+00   0.00000000E+00
 11.   34.  -0.66498574E-03   0.24817606E-02  -0.34252803E+00   0.00000000E+00
 11.   35.  -0.12846538E-02   0.22250857E-02  -0.34252803E+00   0.00000000E+00
 11.   36.  -0.18167748E-02   0.18167748E-02  -0.34252803E+00   0.00000000E+00
 11.   37.  -0.22250857E-02   0.12846538E-02  -0.34252803E+00   0.00000000E+00
 11.   38.  -0.24817606E-02   0.66498574E-03  -0.34252803E+00   0.00000000E+00
 11.   39.  -0.25693076E-02   0.00000000E+00  -0.34252803E+00   0.00000000E+00
 11.   40.  -0.96990525E-02   0.00000000E+00  -0.13041939E+00   0.00000000E+00
 11.   41.  -0.93685653E-02  -0.25102995E-02  -0.13041939E+00   0.00000000E+00
 11.   42.  -0.83996259E-02  -0.48495263E-02  -0.13041939E+00   0.00000000E+00
 11.   43.  -0.68582659E-02  -0.68582657E-02  -0.13041939E+00   0.00000000E+00
 11.   44.  -0.48495263E-02  -0.83996258E-02  -0.13041939E+00   0.00000000E+00
 11.   45.  -0.25102995E-02  -0.93685653E-02  -0.13041939E+00   0.00000000E+00
 11.   46.  -0.63754076E-10  -0.96990526E-02  -0.13041939E+00   0.00000000E+00
 11.   47.   0.25102994E-02  -0.93685654E-02  -0.13041939E+00   0.00000000E+00
 11.   48.   0.48495262E-02  -0.83996259E-02  -0.13041939E+00   0.00000000E+00
 11.   49.   0.68582657E-02  -0.68582658E-02  -0.13041939E+00   0.00000000E+00
 11.   50.   0.83996258E-02  -0.48495263E-02  -0.13041939E+00   0.00000000E+00
 11.   51.   0.93685653E-02  -0.25102996E-02  -0.13041939E+00   0.00000000E+00
 11.   52.   0.96990525E-02   0.00000000E+00  -0.13041939E+00   0.00000000E+00
 11.   53.  -0.11921067E-01   0.00000000E+00   0.44581469E+00   0.00000000E+00
 11.   54.  -0.11514867E-01  -0.30853993E-02   0.44581469E+00   0.00000000E+00
 11.   55.  -0.10323947E-01  -0.59605337E-02   0.44581469E+00   0.00000000E+00
 11.   56.  -0.84294676E-02  -0.84294675E-02   0.44581469E+00   0.00000000E+00
 11.   57.  -0.59605337E-02  -0.10323947E-01   0.44581469E+00   0.00000000E+00
 11.   58.  -0.30853993E-02  -0.11514867E-01   0.44581469E+00   0.00000000E+00
 11.   59.  -0.71230412E-10  -0.11921067E-01   0.44581470E+00   0.00000000E+00
 11.   60.   0.30853991E-02  -0.11514867E-01   0.44581469E+00   0.00000000E+00
 11.   61.   0.59605335E-02  -0.10323947E-01   0.44581469E+00   0.00000000E+00
 11.   62.   0.84294675E-02  -0.84294676E-02   0.44581469E+00   0.00000000E+00
 11.   63.   0.10323947E-01  -0.59605338E-02   0.44581469E+00   0.00000000E+00
 11.   64.   0.11514867E-01  -0.30853994E-02   0.44581469E+00   0.00000000E+00
 11.   65.   0.11921067E-01   0.00000000E+00   0.44581469E+00   0.00000000E+00
 11.   66.   0.11921067E-01   0.00000000E+00   0.44581469E+00   0.00000000E+00
 11.   67.   0.11514867E-01   0.30853993E-02   0.44581469E+00   0.00000000E+00
 11.   68.   0.10323947E-01   0.59605337E-02   0.44581469E+00   0.00000000E+00
 11.   69.   0.84294676E-02   0.84294675E-02   0.44581469E+00   0.00000000E+00
 11.   70.   0.59605337E-02   0.10323947E-01   0.44581469E+00   0.00000000E+00
 11.   71.   0.30853992E-02   0.11514867E-01   0.44581469E+00   0.00000000E+00
 11.   72.   0.22433566E-10   0.11921067E-01   0.44581470E+00   0.00000000E+00
 11.   73.  -0.30853992E-02   0.11514867E-01   0.44581469E+00   0.00000000E+00
 11.   74.  -0.59605336E-02   0.10323947E-01   0.44581469E+00   0.00000000E+00
 11.   75.  -0.84294675E-02   0.84294676E-02   0.44581469E+00   0.00000000E+00
 11.   76.  -0.10323947E-01   0.59605338E-02   0.44581469E+00   0.00000000E+00
 11.   77.  -0.11514867E-01   0.30853994E-02   0.44581469E+00   0.00000000E+00
 11.   78.  -0.11921067E-01   0.00000000E+00   0.44581469E+00   0.00000000E+00
 12.    1.  -0.19541912E-04   0.00000000E+00   0.12652455E-03   0.00000000E+00
 12.    2.  -0.54015234E-05   0.20159313E-04   0.25933711E-08   0.00000000E+00
 12.    3.   0.16924057E-04   0.97710525E-05  -0.12651935E-03   0.00000000E+00
 12.    4.   0.14757756E-04  -0.14757601E-04   0.26219853E-08   0.00000000E+00
 12.    5.  -0.97709246E-05  -0.16923881E-04   0.12652454E-03   0.00000000E+00
 12.    6.  -0.20159215E-04   0.54017108E-05   0.24426554E-08   0.00000000E+00
 12.    7.   0.70540413E-10   0.19542101E-04  -0.12651972E-03   0.00000000E+00
 12.    8.   0.20159361E-04   0.54017054E-05   0.20133614E-08   0.00000000E+00
 12.    9.   0.97710824E-05  -0.16923891E-04   0.12652377E-03   0.00000000E+00
 12.   10.  -0.14757584E-04  -0.14757612E-04   0.16119256E-08   0.00000000E+00
 12.   11.  -0.16923874E-04   0.97710426E-05  -0.12652050E-03   0.00000000E+00
 12.   12.   0.54017146E-05   0.20159309E-04   0.13767034E-08   0.00000000E+00
 12.   13.   0.19542107E-04   0.00000000E+00   0.12652333E-03   0.00000000E+00
 12.   14.  -0.69820467E-03   0.00000000E+00   0.11392323E-01   0.00000000E+00
 12.   15.  -0.19646783E-03   0.73322849E-03  -0.13668010E-09   0.00000000E+00
 12.   16.   0.60466325E-03   0.34910242E-03  -0.11392323E-01   0.00000000E+00
 12.   17.   0.53676064E-03  -0.53676049E-03   0.47541768E-09   0.00000000E+00
 12.   18.  -0.34910230E-03  -0.60466310E-03   0.11392324E-01   0.00000000E+00
 12.   19.  -0.73322840E-03   0.19646800E-03   0.89472345E-09   0.00000000E+00
 12.   20.   0.55169785E-10   0.69820486E-03  -0.11392323E-01   0.00000000E+00
 12.   21.   0.73322855E-03   0.19646804E-03  -0.51313096E-09   0.00000000E+00
 12.   22.   0.34910251E-03  -0.60466308E-03   0.11392323E-01   0.00000000E+00
 12.   23.  -0.53676042E-03  -0.53676051E-03   0.13708376E-09   0.00000000E+00
 12.   24.  -0.60466307E-03   0.34910239E-03  -0.11392324E-01   0.00000000E+00
 12.   25.   0.19646802E-03   0.73322850E-03  -0.11485531E-08   0.00000000E+00
 12.   26.   0.69820489E-03   0.00000000E+00   0.11392323E-01   0.00000000E+00
 12.   27.  -0.39620831E-02   0.00000000E+00   0.11486870E+00   0.00000000E+00
 12.   28.  -0.12736675E-02   0.47533923E-02  -0.20063307E-08   0.00000000E+00
 12.   29.   0.34312648E-02   0.19810416E-02  -0.11486871E+00   0.00000000E+00
 12.   30.   0.34797248E-02  -0.34797246E-02  -0.20544064E-08   0.00000000E+00
 12.   31.  -0.19810414E-02  -0.34312647E-02   0.11486871E+00   0.00000000E+00
 12.   32.  -0.47533922E-02   0.12736676E-02   0.17214139E-08   0.00000000E+00
 12.   33.  -0.55964513E-10   0.39620832E-02  -0.11486871E+00   0.00000000E+00
 12.   34.   0.47533923E-02   0.12736678E-02  -0.63007808E-08   0.00000000E+00
 12.   35.   0.19810419E-02  -0.34312646E-02   0.11486871E+00   0.00000000E+00
 12.   36.  -0.34797244E-02  -0.34797248E-02   0.44891555E-08   0.00000000E+00
 12.   37.  -0.34312647E-02   0.19810414E-02  -0.11486871E+00   0.00000000E+00
 12.   38.   0.12736675E-02   0.47533923E-02  -0.79524345E-08   0.00000000E+00
 12.   39.   0.39620833E-02   0.00000000E+00   0.11486871E+00   0.00000000E+00
 12.   40.  -0.89688748E-02   0.00000000E+00   0.43929993E+00   0.00000000E+00
 12.   41.  -0.35897898E-02   0.13397278E-01  -0.17847696E-08   0.00000000E+00
 12.   42.   0.77672736E-02   0.44844374E-02  -0.43929993E+00   0.00000000E+00
 12.   43.   0.98074884E-02  -0.98074882E-02  -0.62898644E-08   0.00000000E+00
 12.   44.  -0.44844372E-02  -0.77672736E-02   0.43929993E+00   0.00000000E+00
 12.   45.  -0.13397278E-01   0.35897897E-02   0.74941805E-08   0.00000000E+00
 12.   46.  -0.30680955E-09   0.89688748E-02  -0.43929993E+00   0.00000000E+00
 12.   47.   0.13397278E-01   0.35897901E-02  -0.20677074E-07   0.00000000E+00
 12.   48.   0.44844381E-02  -0.77672732E-02   0.43929993E+00   0.00000000E+00
 12.   49.  -0.98074879E-02  -0.98074885E-02   0.21264682E-07   0.00000000E+00
 12.   50.  -0.77672737E-02   0.44844368E-02  -0.43929993E+00   0.00000000E+00
 12.   51.   0.35897896E-02   0.13397278E-01  -0.27448642E-07   0.00000000E+00
 12.   52.   0.89688750E-02   0.00000000E+00   0.43929993E+00   0.00000000E+00
 12.   53.  -0.14002334E-01   0.00000000E+00   0.99991569E+00   0.00000000E+00
 12.   54.  -0.64147910E-02   0.23940326E-01  -0.51808447E-09   0.00000000E+00
 12.   55.   0.12126377E-01   0.70011670E-02  -0.99991569E+00   0.00000000E+00
 12.   56.   0.17525535E-01  -0.17525535E-01  -0.13295092E-07   0.00000000E+00
 12.   57.  -0.70011666E-02  -0.12126377E-01   0.99991569E+00   0.00000000E+00
 12.   58.  -0.23940326E-01   0.64147909E-02   0.17752490E-07   0.00000000E+00
 12.   59.  -0.61935455E-09   0.14002334E-01  -0.99991569E+00   0.00000000E+00
 12.   60.   0.23940326E-01   0.64147915E-02  -0.45479732E-07   0.00000000E+00
 12.   61.   0.70011680E-02  -0.12126376E-01   0.99991569E+00   0.00000000E+00
 12.   62.  -0.17525535E-01  -0.17525536E-01   0.50066920E-07   0.00000000E+00
 12.   63.  -0.12126377E-01   0.70011658E-02  -0.99991569E+00   0.00000000E+00
 12.   64.   0.64147906E-02   0.23940326E-01  -0.61703141E-07   0.00000000E+00
 12.   65.   0.14002334E-01   0.00000000E+00   0.99991569E+00   0.00000000E+00
 12.   66.   0.14002334E-01   0.00000000E+00   0.99991569E+00   0.00000000E+00
 12.   67.   0.64147912E-02  -0.23940326E-01  -0.51807444E-09   0.00000000E+00
 12.   68.  -0.12126377E-01  -0.70011670E-02  -0.99991569E+00   0.00000000E+00
 12.   69.  -0.17525535E-01   0.17525535E-01  -0.13295095E-07   0.00000000E+00
 12.   70.   0.70011668E-02   0.12126377E-01   0.99991569E+00   0.00000000E+00
 12.   71.   0.23940326E-01  -0.64147909E-02   0.17752488E-07   0.00000000E+00
 12.   72.   0.80082001E-09  -0.14002334E-01  -0.99991569E+00   0.00000000E+00
 12.   73.  -0.23940326E-01  -0.64147915E-02  -0.45479725E-07   0.00000000E+00
 12.   74.  -0.70011678E-02   0.12126376E-01   0.99991569E+00   0.00000000E+00
 12.   75.   0.17525535E-01   0.17525536E-01   0.50066916E-07   0.00000000E+00
 12.   76.   0.12126378E-01  -0.70011658E-02  -0.99991569E+00   0.00000000E+00
 12.   77.  -0.64147904E-02  -0.23940326E-01  -0.61703130E-07   0.00000000E+00
 12.   78.  -0.14002334E-01   0.00000000E+00   0.99991569E+00   0.00000000E+00
 13.    1.  -0.59531555E-02   0.00000000E+00   0.10384586E+00   0.00000000E+00
 13.    2.  -0.55273616E-02   0.43640713E-02   0.73430113E-01   0.00000000E+00
 13.    3.  -0.39922935E-02   0.69148552E-02  -0.24327144E-08   0.00000000E+00
 13.    4.  -0.10157158E-02   0.69688712E-02  -0.73430117E-01   0.00000000E+00
 13.    5.   0.29765777E-02   0.51555838E-02  -0.10384587E+00   0.00000000E+00
 13.    6.   0.65430775E-02   0.26047999E-02  -0.73430117E-01   0.00000000E+00
 13.    7.   0.79845871E-02   0.31538939E-10  -0.16553545E-08   0.00000000E+00
 13.    8.   0.65430776E-02  -0.26047999E-02   0.73430114E-01   0.00000000E+00
 13.    9.   0.29765779E-02  -0.51555838E-02   0.10384587E+00   0.00000000E+00
 13.   10.  -0.10157157E-02  -0.69688712E-02   0.73430118E-01   0.00000000E+00
 13.   11.  -0.39922935E-02  -0.69148553E-02   0.41647318E-08   0.00000000E+00
 13.   12.  -0.55273616E-02  -0.43640715E-02  -0.73430112E-01   0.00000000E+00
 13.   13.  -0.59531555E-02   0.00000000E+00  -0.10384586E+00   0.00000000E+00
 13.   14.  -0.12564888E-01   0.00000000E+00   0.61013167E+00   0.00000000E+00
 13.   15.  -0.12301318E-01   0.11581232E-01   0.43142824E+00   0.00000000E+00
 13.   16.  -0.10161426E-01   0.17600106E-01  -0.22418206E-08   0.00000000E+00
 13.   17.  -0.38789821E-02   0.16443870E-01  -0.43142824E+00   0.00000000E+00
 13.   18.   0.62824438E-02   0.10881512E-01  -0.61013167E+00   0.00000000E+00
 13.   19.   0.16180300E-01   0.48626379E-02  -0.43142824E+00   0.00000000E+00
 13.   20.   0.20322852E-01   0.77682664E-10  -0.85834235E-08   0.00000000E+00
 13.   21.   0.16180300E-01  -0.48626377E-02   0.43142823E+00   0.00000000E+00
 13.   22.   0.62824442E-02  -0.10881512E-01   0.61013167E+00   0.00000000E+00
 13.   23.  -0.38789818E-02  -0.16443870E-01   0.43142825E+00   0.00000000E+00
 13.   24.  -0.10161426E-01  -0.17600106E-01   0.20016424E-07   0.00000000E+00
 13.   25.  -0.12301318E-01  -0.11581232E-01  -0.43142823E+00   0.00000000E+00
 13.   26.  -0.12564888E-01   0.00000000E+00  -0.61013167E+00   0.00000000E+00
 13.   27.   0.15697433E-02   0.00000000E+00   0.97944797E+00   0.00000000E+00
 13.   28.  -0.27662035E-02   0.14612230E-01   0.69257430E+00   0.00000000E+00
 13.   29.  -0.10486589E-01   0.18163305E-01  -0.14055529E-08   0.00000000E+00
 13.   30.  -0.11271461E-01   0.97017177E-02  -0.69257430E+00   0.00000000E+00
 13.   31.  -0.78487184E-03  -0.13594376E-02  -0.97944797E+00   0.00000000E+00
 13.   32.   0.14037664E-01  -0.49105128E-02  -0.69257430E+00   0.00000000E+00
 13.   33.   0.20973179E-01  -0.12378737E-09  -0.14203220E-07   0.00000000E+00
 13.   34.   0.14037665E-01   0.49105127E-02   0.69257428E+00   0.00000000E+00
 13.   35.  -0.78487127E-03   0.13594379E-02   0.97944797E+00   0.00000000E+00
 13.   36.  -0.11271461E-01  -0.97017172E-02   0.69257432E+00   0.00000000E+00
 13.   37.  -0.10486590E-01  -0.18163305E-01   0.31301164E-07   0.00000000E+00
 13.   38.  -0.27662037E-02  -0.14612231E-01  -0.69257428E+00   0.00000000E+00
 13.   39.   0.15697434E-02   0.00000000E+00  -0.97944796E+00   0.00000000E+00
 13.   40.   0.23093486E-01   0.00000000E+00   0.31981614E+00   0.00000000E+00
 13.   41.   0.14850020E-01   0.76715456E-02   0.22614416E+00   0.00000000E+00
 13.   42.  -0.25220208E-02   0.43682681E-02  -0.57121995E-09   0.00000000E+00
 13.   43.  -0.14068764E-01  -0.90247219E-02  -0.22614416E+00   0.00000000E+00
 13.   44.  -0.11546743E-01  -0.19999545E-01  -0.31981614E+00   0.00000000E+00
 13.   45.  -0.78125688E-03  -0.16696268E-01  -0.22614416E+00   0.00000000E+00
 13.   46.   0.50440415E-02  -0.34723110E-09  -0.51173498E-08   0.00000000E+00
 13.   47.  -0.78125645E-03   0.16696267E-01   0.22614416E+00   0.00000000E+00
 13.   48.  -0.11546743E-01   0.19999545E-01   0.31981614E+00   0.00000000E+00
 13.   49.  -0.14068764E-01   0.90247225E-02   0.22614417E+00   0.00000000E+00
 13.   50.  -0.25220215E-02  -0.43682677E-02   0.98584171E-08   0.00000000E+00
 13.   51.   0.14850020E-01  -0.76715457E-02  -0.22614415E+00   0.00000000E+00
 13.   52.   0.23093486E-01   0.00000000E+00  -0.31981614E+00   0.00000000E+00
 13.   53.   0.27226273E-01   0.00000000E+00  -0.99999379E+00   0.00000000E+00
 13.   54.   0.20837274E-01  -0.33822046E-02  -0.70710239E+00   0.00000000E+00
 13.   55.   0.61235744E-02  -0.10606342E-01   0.21090176E-09   0.00000000E+00
 13.   56.  -0.74895617E-02  -0.19736711E-01   0.70710239E+00   0.00000000E+00
 13.   57.  -0.13613136E-01  -0.23578644E-01   0.99999379E+00   0.00000000E+00
 13.   58.  -0.13347712E-01  -0.16354506E-01   0.70710240E+00   0.00000000E+00
 13.   59.  -0.12247149E-01  -0.31044246E-09   0.13240625E-07   0.00000000E+00
 13.   60.  -0.13347712E-01   0.16354506E-01  -0.70710238E+00   0.00000000E+00
 13.   61.  -0.13613136E-01   0.23578644E-01  -0.99999379E+00   0.00000000E+00
 13.   62.  -0.74895622E-02   0.19736711E-01  -0.70710241E+00   0.00000000E+00
 13.   63.   0.61235738E-02   0.10606343E-01  -0.32801025E-07   0.00000000E+00
 13.   64.   0.20837273E-01   0.33822048E-02   0.70710237E+00   0.00000000E+00
 13.   65.   0.27226272E-01   0.00000000E+00   0.99999379E+00   0.00000000E+00
 13.   66.  -0.27226273E-01   0.00000000E+00  -0.99999379E+00   0.00000000E+00
 13.   67.  -0.20837274E-01   0.33822046E-02  -0.70710239E+00   0.00000000E+00
 13.   68.  -0.61235745E-02   0.10606342E-01   0.21089264E-09   0.00000000E+00
 13.   69.   0.74895617E-02   0.19736711E-01   0.70710239E+00   0.00000000E+00
 13.   70.   0.13613136E-01   0.23578644E-01   0.99999379E+00   0.00000000E+00
 13.   71.   0.13347712E-01   0.16354506E-01   0.70710240E+00   0.00000000E+00
 13.   72.   0.12247149E-01   0.31300102E-09   0.13240619E-07   0.00000000E+00
 13.   73.   0.13347712E-01  -0.16354506E-01  -0.70710238E+00   0.00000000E+00
 13.   74.   0.13613136E-01  -0.23578644E-01  -0.99999379E+00   0.00000000E+00
 13.   75.   0.74895621E-02  -0.19736711E-01  -0.70710241E+00   0.00000000E+00
 13.   76.  -0.61235738E-02  -0.10606343E-01  -0.32801034E-07   0.00000000E+00
 13.   77.  -0.20837273E-01  -0.33822048E-02   0.70710237E+00   0.00000000E+00
 13.   78.  -0.27226273E-01   0.00000000E+00   0.99999379E+00   0.00000000E+00
 14.    1.   0.71774127E-02   0.00000000E+00   0.99987715E+00   0.00000000E+00
 14.    2.   0.50688875E-02   0.78691231E-02   0.96580717E+00   0.00000000E+00
 14.    3.  -0.69171039E-03   0.13629721E-01   0.86591902E+00   0.00000000E+00
 14.    4.  -0.85608334E-02   0.15738246E-01   0.70701992E+00   0.00000000E+00
 14.    5.  -0.16429956E-01   0.13629721E-01   0.49993858E+00   0.00000000E+00
 14.    6.  -0.22190554E-01   0.78691232E-02   0.25878725E+00   0.00000000E+00
 14.    7.  -0.24299080E-01   0.17556763E-09   0.61686301E-08   0.00000000E+00
 14.    8.  -0.22190555E-01  -0.78691229E-02  -0.25878724E+00   0.00000000E+00
 14.    9.  -0.16429957E-01  -0.13629721E-01  -0.49993857E+00   0.00000000E+00
 14.   10.  -0.85608337E-02  -0.15738246E-01  -0.70701991E+00   0.00000000E+00
 14.   11.  -0.69171069E-03  -0.13629721E-01  -0.86591901E+00   0.00000000E+00
 14.   12.   0.50688873E-02  -0.78691234E-02  -0.96580716E+00   0.00000000E+00
 14.   13.   0.71774127E-02   0.00000000E+00  -0.99987715E+00   0.00000000E+00
 14.   14.   0.16628909E-01   0.00000000E+00   0.45872833E+00   0.00000000E+00
 14.   15.   0.15173785E-01   0.54305962E-02   0.44309754E+00   0.00000000E+00
 14.   16.   0.11198312E-01   0.94060686E-02   0.39727039E+00   0.00000000E+00
 14.   17.   0.57677163E-02   0.10861192E-01   0.32436991E+00   0.00000000E+00
 14.   18.   0.33712004E-03   0.94060686E-02   0.22936417E+00   0.00000000E+00
 14.   19.  -0.36383523E-02   0.54305963E-02   0.11872763E+00   0.00000000E+00
 14.   20.  -0.50934762E-02   0.12738337E-09   0.27251893E-08   0.00000000E+00
 14.   21.  -0.36383524E-02  -0.54305961E-02  -0.11872762E+00   0.00000000E+00
 14.   22.   0.33711984E-03  -0.94060685E-02  -0.22936416E+00   0.00000000E+00
 14.   23.   0.57677160E-02  -0.10861192E-01  -0.32436991E+00   0.00000000E+00
 14.   24.   0.11198312E-01  -0.94060687E-02  -0.39727038E+00   0.00000000E+00
 14.   25.   0.15173785E-01  -0.54305964E-02  -0.44309754E+00   0.00000000E+00
 14.   26.   0.16628909E-01   0.00000000E+00  -0.45872833E+00   0.00000000E+00
 14.   27.   0.93959071E-02   0.00000000E+00  -0.31066517E+00   0.00000000E+00
 14.   28.   0.89150145E-02   0.17947153E-02  -0.30007951E+00   0.00000000E+00
 14.   29.   0.76011917E-02   0.31085381E-02  -0.26904393E+00   0.00000000E+00
 14.   30.   0.58064765E-02   0.35894306E-02  -0.21967345E+00   0.00000000E+00
 14.   31.   0.40117612E-02   0.31085381E-02  -0.15533258E+00   0.00000000E+00
 14.   32.   0.26979384E-02   0.17947153E-02  -0.80406063E-01   0.00000000E+00
 14.   33.   0.22170459E-02   0.42662554E-10  -0.18791391E-08   0.00000000E+00
 14.   34.   0.26979383E-02  -0.17947152E-02   0.80406059E-01   0.00000000E+00
 14.   35.   0.40117611E-02  -0.31085380E-02   0.15533258E+00   0.00000000E+00
 14.   36.   0.58064764E-02  -0.35894306E-02   0.21967345E+00   0.00000000E+00
 14.   37.   0.76011917E-02  -0.31085381E-02   0.26904393E+00   0.00000000E+00
 14.   38.   0.89150145E-02  -0.17947154E-02   0.30007951E+00   0.00000000E+00
 14.   39.   0.93959070E-02   0.00000000E+00   0.31066517E+00   0.00000000E+00
 14.   40.  -0.11248613E-01   0.00000000E+00  -0.24336564E+00   0.00000000E+00
 14.   41.  -0.10409402E-01  -0.31319776E-02  -0.23507316E+00   0.00000000E+00
 14.   42.  -0.81166354E-02  -0.54247443E-02  -0.21076082E+00   0.00000000E+00
 14.   43.  -0.49846579E-02  -0.62639552E-02  -0.17208549E+00   0.00000000E+00
 14.   44.  -0.18526803E-02  -0.54247443E-02  -0.12168282E+00   0.00000000E+00
 14.   45.   0.44008644E-03  -0.31319776E-02  -0.62987662E-01   0.00000000E+00
 14.   46.   0.12792973E-02  -0.79104980E-10  -0.13241874E-08   0.00000000E+00
 14.   47.   0.44008650E-03   0.31319775E-02   0.62987659E-01   0.00000000E+00
 14.   48.  -0.18526802E-02   0.54247443E-02   0.12168282E+00   0.00000000E+00
 14.   49.  -0.49846577E-02   0.62639552E-02   0.17208549E+00   0.00000000E+00
 14.   50.  -0.81166353E-02   0.54247444E-02   0.21076082E+00   0.00000000E+00
 14.   51.  -0.10409402E-01   0.31319777E-02   0.23507315E+00   0.00000000E+00
 14.   52.  -0.11248613E-01   0.00000000E+00   0.24336564E+00   0.00000000E+00
 14.   53.  -0.16511180E-01   0.00000000E+00   0.52324707E+00   0.00000000E+00
 14.   54.  -0.15547674E-01  -0.35958523E-02   0.50541786E+00   0.00000000E+00
 14.   55.  -0.12915328E-01  -0.62281988E-02   0.45314526E+00   0.00000000E+00
 14.   56.  -0.93194753E-02  -0.71917045E-02   0.36999155E+00   0.00000000E+00
 14.   57.  -0.57236230E-02  -0.62281988E-02   0.26162354E+00   0.00000000E+00
 14.   58.  -0.30912765E-02  -0.35958523E-02   0.13542631E+00   0.00000000E+00
 14.   59.  -0.21277708E-02  -0.95117224E-10   0.35440688E-08   0.00000000E+00
 14.   60.  -0.30912764E-02   0.35958522E-02  -0.13542630E+00   0.00000000E+00
 14.   61.  -0.57236229E-02   0.62281988E-02  -0.26162353E+00   0.00000000E+00
 14.   62.  -0.93194751E-02   0.71917045E-02  -0.36999155E+00   0.00000000E+00
 14.   63.  -0.12915327E-01   0.62281989E-02  -0.45314525E+00   0.00000000E+00
 14.   64.  -0.15547674E-01   0.35958524E-02  -0.50541786E+00   0.00000000E+00
 14.   65.  -0.16511180E-01   0.00000000E+00  -0.52324707E+00   0.00000000E+00
 14.   66.   0.16511180E-01   0.00000000E+00   0.52324707E+00   0.00000000E+00
 14.   67.   0.15547674E-01   0.35958523E-02   0.50541786E+00   0.00000000E+00
 14.   68.   0.12915328E-01   0.62281988E-02   0.45314526E+00   0.00000000E+00
 14.   69.   0.93194753E-02   0.71917045E-02   0.36999155E+00   0.00000000E+00
 14.   70.   0.57236230E-02   0.62281988E-02   0.26162354E+00   0.00000000E+00
 14.   71.   0.30912764E-02   0.35958523E-02   0.13542631E+00   0.00000000E+00
 14.   72.   0.21277707E-02   0.93991871E-10   0.35440663E-08   0.00000000E+00
 14.   73.   0.30912764E-02  -0.35958522E-02  -0.13542630E+00   0.00000000E+00
 14.   74.   0.57236228E-02  -0.62281988E-02  -0.26162353E+00   0.00000000E+00
 14.   75.   0.93194751E-02  -0.71917045E-02  -0.36999155E+00   0.00000000E+00
 14.   76.   0.12915327E-01  -0.62281989E-02  -0.45314525E+00   0.00000000E+00
 14.   77.   0.15547674E-01  -0.35958524E-02  -0.50541786E+00   0.00000000E+00
 14.   78.   0.16511180E-01   0.00000000E+00  -0.52324707E+00   0.00000000E+00
 15.    1.  -0.54268108E-05   0.00000000E+00   0.29726370E-04   0.00000000E+00
 15.    2.  -0.98914266E-07   0.57964912E-05  -0.76916676E-05   0.00000000E+00
 15.    3.   0.55260394E-05  -0.17148279E-06  -0.25740881E-04   0.00000000E+00
 15.    4.   0.19812362E-06  -0.56249339E-05   0.21019602E-04   0.00000000E+00
 15.    5.  -0.57239195E-05   0.17153661E-06   0.14863007E-04   0.00000000E+00
 15.    6.  -0.98962577E-07   0.54534699E-05  -0.28711595E-04   0.00000000E+00
 15.    7.   0.58230666E-05   0.38430011E-12  -0.23691910E-09   0.00000000E+00
 15.    8.  -0.98955174E-07  -0.54534687E-05   0.28711163E-04   0.00000000E+00
 15.    9.  -0.57239078E-05  -0.17153365E-06  -0.14863336E-04   0.00000000E+00
 15.   10.   0.19813631E-06   0.56249387E-05  -0.21019802E-04   0.00000000E+00
 15.   11.   0.55260516E-05   0.17148797E-06   0.25740804E-04   0.00000000E+00
 15.   12.  -0.98903173E-07  -0.57964881E-05   0.76916803E-05   0.00000000E+00
 15.   13.  -0.54268007E-05   0.00000000E+00  -0.29726329E-04   0.00000000E+00
 15.   14.  -0.41732853E-03   0.00000000E+00   0.58473208E-02   0.00000000E+00
 15.   15.  -0.92853325E-05   0.45198249E-03  -0.15133971E-02   0.00000000E+00
 15.   16.   0.42661425E-03  -0.16082873E-04  -0.50639271E-02   0.00000000E+00
 15.   17.   0.18571034E-04  -0.43589957E-03   0.41346801E-02   0.00000000E+00
 15.   18.  -0.44518495E-03   0.16082901E-04   0.29236603E-02   0.00000000E+00
 15.   19.  -0.92853775E-05   0.41981671E-03  -0.56480775E-02   0.00000000E+00
 15.   20.   0.45447060E-03   0.11901098E-10  -0.46957066E-09   0.00000000E+00
 15.   21.  -0.92853399E-05  -0.41981671E-03   0.56480772E-02   0.00000000E+00
 15.   22.  -0.44518494E-03  -0.16082926E-04  -0.29236601E-02   0.00000000E+00
 15.   23.   0.18571018E-04   0.43589957E-03  -0.41346803E-02   0.00000000E+00
 15.   24.   0.42661425E-03   0.16082904E-04   0.50639272E-02   0.00000000E+00
 15.   25.  -0.92853053E-05  -0.45198248E-03   0.15133979E-02   0.00000000E+00
 15.   26.  -0.41732853E-03   0.00000000E+00  -0.58473204E-02   0.00000000E+00
 15.   27.  -0.34248538E-02   0.00000000E+00   0.85801576E-01   0.00000000E+00
 15.   28.  -0.21574544E-03   0.42300274E-02  -0.22207083E-01   0.00000000E+00
 15.   29.   0.36405997E-02  -0.37368227E-03  -0.74306346E-01   0.00000000E+00
 15.   30.   0.43149129E-03  -0.38563451E-02   0.60670876E-01   0.00000000E+00
 15.   31.  -0.40720906E-02   0.37368223E-03   0.42900790E-01   0.00000000E+00
 15.   32.  -0.21574554E-03   0.34826628E-02  -0.82877959E-01   0.00000000E+00
 15.   33.   0.42878363E-02   0.97809782E-10  -0.32460122E-08   0.00000000E+00
 15.   34.  -0.21574526E-03  -0.34826628E-02   0.82877960E-01   0.00000000E+00
 15.   35.  -0.40720906E-02  -0.37368245E-03  -0.42900784E-01   0.00000000E+00
 15.   36.   0.43149105E-03   0.38563451E-02  -0.60670880E-01   0.00000000E+00
 15.   37.   0.36405997E-02   0.37368253E-03   0.74306343E-01   0.00000000E+00
 15.   38.  -0.21574525E-03  -0.42300274E-02   0.22207089E-01   0.00000000E+00
 15.   39.  -0.34248539E-02   0.00000000E+00  -0.85801576E-01   0.00000000E+00
 15.   40.  -0.92430327E-02   0.00000000E+00   0.40027847E+00   0.00000000E+00
 15.   41.  -0.13749534E-02   0.14374429E-01  -0.10359969E+00   0.00000000E+00
 15.   42.   0.10617986E-01  -0.23814892E-02  -0.34665133E+00   0.00000000E+00
 15.   43.   0.27499072E-02  -0.11992940E-01   0.28303962E+00   0.00000000E+00
 15.   44.  -0.13367893E-01   0.23814891E-02   0.20013924E+00   0.00000000E+00
 15.   45.  -0.13749536E-02   0.96114505E-02  -0.38663931E+00   0.00000000E+00
 15.   46.   0.14742847E-01   0.25311659E-09  -0.14432390E-07   0.00000000E+00
 15.   47.  -0.13749527E-02  -0.96114503E-02   0.38663932E+00   0.00000000E+00
 15.   48.  -0.13367893E-01  -0.23814897E-02  -0.20013922E+00   0.00000000E+00
 15.   49.   0.27499064E-02   0.11992940E-01  -0.28303964E+00   0.00000000E+00
 15.   50.   0.10617986E-01   0.23814901E-02   0.34665131E+00   0.00000000E+00
 15.   51.  -0.13749528E-02  -0.14374429E-01   0.10359972E+00   0.00000000E+00
 15.   52.  -0.92430327E-02   0.00000000E+00  -0.40027847E+00   0.00000000E+00
 15.   53.  -0.15566253E-01   0.00000000E+00   0.99988316E+00   0.00000000E+00
 15.   54.  -0.33273996E-02   0.27984277E-01  -0.25878881E+00   0.00000000E+00
 15.   55.   0.18893653E-01  -0.57632252E-02  -0.86592422E+00   0.00000000E+00
 15.   56.   0.66547997E-02  -0.22221052E-01   0.70702415E+00   0.00000000E+00
 15.   57.  -0.25548452E-01   0.57632249E-02   0.49994160E+00   0.00000000E+00
 15.   58.  -0.33274000E-02   0.16457827E-01  -0.96581296E+00   0.00000000E+00
 15.   59.   0.28875851E-01   0.40915745E-09  -0.35970015E-07   0.00000000E+00
 15.   60.  -0.33273982E-02  -0.16457827E-01   0.96581298E+00   0.00000000E+00
 15.   61.  -0.25548452E-01  -0.57632260E-02  -0.49994153E+00   0.00000000E+00
 15.   62.   0.66547983E-02   0.22221052E-01  -0.70702420E+00   0.00000000E+00
 15.   63.   0.18893653E-01   0.57632269E-02   0.86592418E+00   0.00000000E+00
 15.   64.  -0.33273987E-02  -0.27984277E-01   0.25878887E+00   0.00000000E+00
 15.   65.  -0.15566252E-01   0.00000000E+00  -0.99988316E+00   0.00000000E+00
 15.   66.   0.15566253E-01   0.00000000E+00   0.99988316E+00   0.00000000E+00
 15.   67.   0.33273998E-02  -0.27984277E-01  -0.25878881E+00   0.00000000E+00
 15.   68.  -0.18893652E-01   0.57632252E-02  -0.86592422E+00   0.00000000E+00
 15.   69.  -0.66547995E-02   0.22221052E-01   0.70702415E+00   0.00000000E+00
 15.   70.   0.25548452E-01  -0.57632249E-02   0.49994160E+00   0.00000000E+00
 15.   71.   0.33274002E-02  -0.16457827E-01  -0.96581296E+00   0.00000000E+00
 15.   72.  -0.28875851E-01  -0.41022337E-09  -0.35970006E-07   0.00000000E+00
 15.   73.   0.33273984E-02   0.16457827E-01   0.96581298E+00   0.00000000E+00
 15.   74.   0.25548452E-01   0.57632260E-02  -0.49994153E+00   0.00000000E+00
 15.   75.  -0.66547981E-02  -0.22221052E-01  -0.70702420E+00   0.00000000E+00
 15.   76.  -0.18893653E-01  -0.57632269E-02   0.86592418E+00   0.00000000E+00
 15.   77.   0.33273989E-02   0.27984277E-01   0.25878887E+00   0.00000000E+00
 15.   78.   0.15566253E-01   0.00000000E+00  -0.99988316E+00   0.00000000E+00
 16.    1.  -0.25941760E-02   0.00000000E+00   0.31433670E-01   0.00000000E+00
 16.    2.  -0.19888335E-02   0.24108645E-02   0.15716836E-01   0.00000000E+00
 16.    3.  -0.29842091E-03   0.31110563E-02  -0.15716834E-01   0.00000000E+00
 16.    4.   0.18343595E-02   0.18343595E-02  -0.31433668E-01   0.00000000E+00
 16.    5.   0.31110563E-02  -0.29842089E-03  -0.15716834E-01   0.00000000E+00
 16.    6.   0.24108645E-02  -0.19888335E-02   0.15716834E-01   0.00000000E+00
 16.    7.   0.59887014E-10  -0.25941760E-02   0.31433669E-01   0.00000000E+00
 16.    8.  -0.24108644E-02  -0.19888335E-02   0.15716835E-01   0.00000000E+00
 16.    9.  -0.31110562E-02  -0.29842099E-03  -0.15716834E-01   0.00000000E+00
 16.   10.  -0.18343595E-02   0.18343594E-02  -0.31433669E-01   0.00000000E+00
 16.   11.   0.29842088E-03   0.31110562E-02  -0.15716836E-01   0.00000000E+00
 16.   12.   0.19888335E-02   0.24108645E-02   0.15716833E-01   0.00000000E+00
 16.   13.   0.25941760E-02   0.00000000E+00   0.31433668E-01   0.00000000E+00
 16.   14.  -0.12535618E-01   0.00000000E+00   0.40151424E+00   0.00000000E+00
 16.   15.  -0.10050164E-01   0.13290767E-01   0.20075712E+00   0.00000000E+00
 16.   16.  -0.22914526E-02   0.16504531E-01  -0.20075712E+00   0.00000000E+00
 16.   17.   0.88640207E-02   0.88640209E-02  -0.40151424E+00   0.00000000E+00
 16.   18.   0.16504531E-01  -0.22914525E-02  -0.20075712E+00   0.00000000E+00
 16.   19.   0.13290767E-01  -0.10050164E-01   0.20075711E+00   0.00000000E+00
 16.   20.   0.31991200E-09  -0.12535618E-01   0.40151424E+00   0.00000000E+00
 16.   21.  -0.13290767E-01  -0.10050164E-01   0.20075713E+00   0.00000000E+00
 16.   22.  -0.16504531E-01  -0.22914529E-02  -0.20075711E+00   0.00000000E+00
 16.   23.  -0.88640211E-02   0.88640205E-02  -0.40151424E+00   0.00000000E+00
 16.   24.   0.22914523E-02   0.16504531E-01  -0.20075713E+00   0.00000000E+00
 16.   25.   0.10050164E-01   0.13290768E-01   0.20075710E+00   0.00000000E+00
 16.   26.   0.12535618E-01   0.00000000E+00   0.40151424E+00   0.00000000E+00
 16.   27.  -0.41242859E-02   0.00000000E+00   0.95516960E+00   0.00000000E+00
 16.   28.  -0.81031079E-02   0.22273702E-01   0.47758480E+00   0.00000000E+00
 16.   29.  -0.10020123E-01   0.21479648E-01  -0.47758480E+00   0.00000000E+00
 16.   30.   0.29163104E-02   0.29163107E-02  -0.95516960E+00   0.00000000E+00
 16.   31.   0.21479648E-01  -0.10020123E-01  -0.47758481E+00   0.00000000E+00
 16.   32.   0.22273702E-01  -0.81031080E-02   0.47758479E+00   0.00000000E+00
 16.   33.   0.55717954E-09  -0.41242859E-02   0.95516960E+00   0.00000000E+00
 16.   34.  -0.22273701E-01  -0.81031077E-02   0.47758482E+00   0.00000000E+00
 16.   35.  -0.21479649E-01  -0.10020123E-01  -0.47758477E+00   0.00000000E+00
 16.   36.  -0.29163111E-02   0.29163099E-02  -0.95516960E+00   0.00000000E+00
 16.   37.   0.10020123E-01   0.21479648E-01  -0.47758483E+00   0.00000000E+00
 16.   38.   0.81031081E-02   0.22273702E-01   0.47758476E+00   0.00000000E+00
 16.   39.   0.41242859E-02   0.00000000E+00   0.95516960E+00   0.00000000E+00
 16.   40.   0.23676862E-01   0.00000000E+00   0.45150534E+00   0.00000000E+00
 16.   41.   0.93070015E-02   0.11005983E-01   0.22575267E+00   0.00000000E+00
 16.   42.  -0.14363449E-01   0.12013611E-02  -0.22575267E+00   0.00000000E+00
 16.   43.  -0.16742070E-01  -0.16742070E-01  -0.45150535E+00   0.00000000E+00
 16.   44.   0.12013610E-02  -0.14363449E-01  -0.22575268E+00   0.00000000E+00
 16.   45.   0.11005983E-01   0.93070013E-02   0.22575267E+00   0.00000000E+00
 16.   46.   0.34613128E-09   0.23676862E-01   0.45150534E+00   0.00000000E+00
 16.   47.  -0.11005983E-01   0.93070023E-02   0.22575268E+00   0.00000000E+00
 16.   48.  -0.12013617E-02  -0.14363448E-01  -0.22575266E+00   0.00000000E+00
 16.   49.   0.16742070E-01  -0.16742070E-01  -0.45150534E+00   0.00000000E+00
 16.   50.   0.14363450E-01   0.12013604E-02  -0.22575269E+00   0.00000000E+00
 16.   51.  -0.93070005E-02   0.11005983E-01   0.22575266E+00   0.00000000E+00
 16.   52.  -0.23676862E-01   0.00000000E+00   0.45150534E+00   0.00000000E+00
 16.   53.   0.30660869E-01   0.00000000E+00  -0.99997798E+00   0.00000000E+00
 16.   54.   0.18456978E-01  -0.96501294E-02  -0.49998899E+00   0.00000000E+00
 16.   55.  -0.62273824E-02  -0.19874726E-01   0.49998899E+00   0.00000000E+00
 16.   56.  -0.21680508E-01  -0.21680508E-01   0.99997798E+00   0.00000000E+00
 16.   57.  -0.19874726E-01  -0.62273826E-02   0.49998900E+00   0.00000000E+00
 16.   58.  -0.96501295E-02   0.18456978E-01  -0.49998898E+00   0.00000000E+00
 16.   59.  -0.13089143E-09   0.30660869E-01  -0.99997798E+00   0.00000000E+00
 16.   60.   0.96501291E-02   0.18456979E-01  -0.49998902E+00   0.00000000E+00
 16.   61.   0.19874726E-01  -0.62273817E-02   0.49998896E+00   0.00000000E+00
 16.   62.   0.21680509E-01  -0.21680508E-01   0.99997798E+00   0.00000000E+00
 16.   63.   0.62273834E-02  -0.19874727E-01   0.49998903E+00   0.00000000E+00
 16.   64.  -0.18456977E-01  -0.96501298E-02  -0.49998895E+00   0.00000000E+00
 16.   65.  -0.30660869E-01   0.00000000E+00  -0.99997798E+00   0.00000000E+00
 16.   66.  -0.30660869E-01   0.00000000E+00  -0.99997798E+00   0.00000000E+00
 16.   67.  -0.18456978E-01   0.96501294E-02  -0.49998899E+00   0.00000000E+00
 16.   68.   0.62273825E-02   0.19874726E-01   0.49998899E+00   0.00000000E+00
 16.   69.   0.21680508E-01   0.21680508E-01   0.99997798E+00   0.00000000E+00
 16.   70.   0.19874726E-01   0.62273826E-02   0.49998900E+00   0.00000000E+00
 16.   71.   0.96501295E-02  -0.18456978E-01  -0.49998898E+00   0.00000000E+00
 16.   72.   0.18565590E-09  -0.30660869E-01  -0.99997798E+00   0.00000000E+00
 16.   73.  -0.96501290E-02  -0.18456979E-01  -0.49998902E+00   0.00000000E+00
 16.   74.  -0.19874726E-01   0.62273817E-02   0.49998896E+00   0.00000000E+00
 16.   75.  -0.21680509E-01   0.21680508E-01   0.99997798E+00   0.00000000E+00
 16.   76.  -0.62273833E-02   0.19874727E-01   0.49998903E+00   0.00000000E+00
 16.   77.   0.18456977E-01   0.96501298E-02  -0.49998895E+00   0.00000000E+00
 16.   78.   0.30660869E-01   0.00000000E+00  -0.99997798E+00   0.00000000E+00
 17.    1.  -0.14700447E-05   0.00000000E+00   0.69318955E-05   0.00000000E+00
 17.    2.   0.35508686E-06   0.15177623E-05  -0.35216656E-05   0.00000000E+00
 17.    3.   0.13254852E-05  -0.82461839E-06  -0.35067005E-05   0.00000000E+00
 17.    4.  -0.10384844E-05  -0.10413174E-05   0.69727910E-05   0.00000000E+00
 17.    5.  -0.82191500E-06   0.13232359E-05  -0.34657730E-05   0.00000000E+00
 17.    6.   0.15194171E-05   0.35357646E-06  -0.34507611E-05   0.00000000E+00
 17.    7.  -0.27555064E-10  -0.14712294E-05   0.70138054E-05   0.00000000E+00
 17.    8.  -0.15194737E-05   0.35357753E-06  -0.34506676E-05   0.00000000E+00
 17.    9.   0.82185475E-06   0.13232373E-05  -0.34656127E-05   0.00000000E+00
 17.   10.   0.10384201E-05  -0.10413168E-05   0.69729799E-05   0.00000000E+00
 17.   11.  -0.13255530E-05  -0.82461885E-06  -0.35065171E-05   0.00000000E+00
 17.   12.  -0.35515690E-06   0.15177617E-05  -0.35215029E-05   0.00000000E+00
 17.   13.   0.14699741E-05   0.00000000E+00   0.69320483E-05   0.00000000E+00
 17.   14.  -0.24405529E-03   0.00000000E+00   0.29964759E-02   0.00000000E+00
 17.   15.   0.58221131E-04   0.25419084E-03  -0.14983109E-02   0.00000000E+00
 17.   16.   0.22090963E-03  -0.13857277E-03  -0.14982915E-02   0.00000000E+00
 17.   17.  -0.17257187E-03  -0.17257351E-03   0.29965291E-02   0.00000000E+00
 17.   18.  -0.13857071E-03   0.22090919E-03  -0.14982381E-02   0.00000000E+00
 17.   19.   0.25419225E-03   0.58221933E-04  -0.14982185E-02   0.00000000E+00
 17.   20.  -0.19047728E-10  -0.24405398E-03   0.29965827E-02   0.00000000E+00
 17.   21.  -0.25419231E-03   0.58221918E-04  -0.14982182E-02   0.00000000E+00
 17.   22.   0.13857063E-03   0.22090920E-03  -0.14982381E-02   0.00000000E+00
 17.   23.   0.17257181E-03  -0.17257350E-03   0.29965293E-02   0.00000000E+00
 17.   24.  -0.22090969E-03  -0.13857279E-03  -0.14982912E-02   0.00000000E+00
 17.   25.  -0.58221221E-04   0.25419083E-03  -0.14983113E-02   0.00000000E+00
 17.   26.   0.24405522E-03   0.00000000E+00   0.29964757E-02   0.00000000E+00
 17.   27.  -0.29097771E-02   0.00000000E+00   0.64113382E-01   0.00000000E+00
 17.   28.   0.58469486E-03   0.34391397E-02  -0.32056677E-01   0.00000000E+00
 17.   29.   0.28452810E-02  -0.20183968E-02  -0.32056681E-01   0.00000000E+00
 17.   30.  -0.20575223E-02  -0.20575221E-02   0.64113372E-01   0.00000000E+00
 17.   31.  -0.20183965E-02   0.28452823E-02  -0.32056690E-01   0.00000000E+00
 17.   32.   0.34391401E-02   0.58469720E-03  -0.32056696E-01   0.00000000E+00
 17.   33.   0.10438370E-09  -0.29097745E-02   0.64113362E-01   0.00000000E+00
 17.   34.  -0.34391402E-02   0.58469700E-03  -0.32056692E-01   0.00000000E+00
 17.   35.   0.20183962E-02   0.28452824E-02  -0.32056695E-01   0.00000000E+00
 17.   36.   0.20575224E-02  -0.20575219E-02   0.64113372E-01   0.00000000E+00
 17.   37.  -0.28452810E-02  -0.20183970E-02  -0.32056676E-01   0.00000000E+00
 17.   38.  -0.58469513E-03   0.34391396E-02  -0.32056682E-01   0.00000000E+00
 17.   39.   0.29097771E-02   0.00000000E+00   0.64113382E-01   0.00000000E+00
 17.   40.  -0.94248981E-02   0.00000000E+00   0.36562560E+00   0.00000000E+00
 17.   41.   0.11025930E-02   0.14092576E-01  -0.18281276E+00   0.00000000E+00
 17.   42.   0.10744607E-01  -0.91853050E-02  -0.18281277E+00   0.00000000E+00
 17.   43.  -0.66644100E-02  -0.66644099E-02   0.36562557E+00   0.00000000E+00
 17.   44.  -0.91853061E-02   0.10744606E-01  -0.18281279E+00   0.00000000E+00
 17.   45.   0.14092575E-01   0.11025919E-02  -0.18281282E+00   0.00000000E+00
 17.   46.   0.55397210E-09  -0.94248997E-02   0.36562554E+00   0.00000000E+00
 17.   47.  -0.14092576E-01   0.11025912E-02  -0.18281279E+00   0.00000000E+00
 17.   48.   0.91853052E-02   0.10744606E-01  -0.18281282E+00   0.00000000E+00
 17.   49.   0.66644107E-02  -0.66644091E-02   0.36562557E+00   0.00000000E+00
 17.   50.  -0.10744607E-01  -0.91853058E-02  -0.18281275E+00   0.00000000E+00
 17.   51.  -0.11025937E-02   0.14092576E-01  -0.18281279E+00   0.00000000E+00
 17.   52.   0.94248980E-02   0.00000000E+00   0.36562560E+00   0.00000000E+00
 17.   53.  -0.17082449E-01   0.00000000E+00   0.99984541E+00   0.00000000E+00
 17.   54.   0.86310582E-03   0.29779610E-01  -0.49992276E+00   0.00000000E+00
 17.   55.   0.21667672E-01  -0.20447057E-01  -0.49992275E+00   0.00000000E+00
 17.   56.  -0.12079116E-01  -0.12079117E-01   0.99984545E+00   0.00000000E+00
 17.   57.  -0.20447058E-01   0.21667670E-01  -0.49992269E+00   0.00000000E+00
 17.   58.   0.29779610E-01   0.86310336E-03  -0.49992271E+00   0.00000000E+00
 17.   59.   0.12389271E-08  -0.17082452E-01   0.99984550E+00   0.00000000E+00
 17.   60.  -0.29779611E-01   0.86310214E-03  -0.49992263E+00   0.00000000E+00
 17.   61.   0.20447056E-01   0.21667671E-01  -0.49992276E+00   0.00000000E+00
 17.   62.   0.12079118E-01  -0.12079115E-01   0.99984545E+00   0.00000000E+00
 17.   63.  -0.21667672E-01  -0.20447059E-01  -0.49992268E+00   0.00000000E+00
 17.   64.  -0.86310710E-03   0.29779609E-01  -0.49992284E+00   0.00000000E+00
 17.   65.   0.17082448E-01   0.00000000E+00   0.99984540E+00   0.00000000E+00
 17.   66.   0.17082449E-01   0.00000000E+00   0.99984541E+00   0.00000000E+00
 17.   67.  -0.86310589E-03  -0.29779610E-01  -0.49992276E+00   0.00000000E+00
 17.   68.  -0.21667672E-01   0.20447057E-01  -0.49992275E+00   0.00000000E+00
 17.   69.   0.12079116E-01   0.12079117E-01   0.99984545E+00   0.00000000E+00
 17.   70.   0.20447058E-01  -0.21667670E-01  -0.49992269E+00   0.00000000E+00
 17.   71.  -0.29779610E-01  -0.86310336E-03  -0.49992271E+00   0.00000000E+00
 17.   72.  -0.12999549E-08   0.17082452E-01   0.99984550E+00   0.00000000E+00
 17.   73.   0.29779611E-01  -0.86310214E-03  -0.49992263E+00   0.00000000E+00
 17.   74.  -0.20447056E-01  -0.21667671E-01  -0.49992276E+00   0.00000000E+00
 17.   75.  -0.12079118E-01   0.12079115E-01   0.99984545E+00   0.00000000E+00
 17.   76.   0.21667672E-01   0.20447059E-01  -0.49992268E+00   0.00000000E+00
 17.   77.   0.86310703E-03  -0.29779609E-01  -0.49992284E+00   0.00000000E+00
 17.   78.  -0.17082448E-01   0.00000000E+00   0.99984540E+00   0.00000000E+00
 18.    1.  -0.10467612E-01   0.00000000E+00   0.70318510E+00   0.00000000E+00
 18.    2.  -0.13261496E-01   0.14467261E-01   0.60897616E+00   0.00000000E+00
 18.    3.  -0.19607192E-01   0.23493040E-01   0.35159255E+00   0.00000000E+00
 18.    4.  -0.24616691E-01   0.24616691E-01   0.37379875E-08   0.00000000E+00
 18.    5.  -0.23493040E-01   0.19607192E-01  -0.35159255E+00   0.00000000E+00
 18.    6.  -0.14467261E-01   0.13261496E-01  -0.60897616E+00   0.00000000E+00
 18.    7.  -0.34879338E-09   0.10467612E-01  -0.70318510E+00   0.00000000E+00
 18.    8.   0.14467261E-01   0.13261495E-01  -0.60897617E+00   0.00000000E+00
 18.    9.   0.23493040E-01   0.19607192E-01  -0.35159256E+00   0.00000000E+00
 18.   10.   0.24616691E-01   0.24616691E-01  -0.10806498E-07   0.00000000E+00
 18.   11.   0.19607192E-01   0.23493040E-01   0.35159254E+00   0.00000000E+00
 18.   12.   0.13261496E-01   0.14467262E-01   0.60897616E+00   0.00000000E+00
 18.   13.   0.10467612E-01   0.00000000E+00   0.70318510E+00   0.00000000E+00
 18.   14.   0.11018004E-01   0.00000000E+00   0.91748866E+00   0.00000000E+00
 18.   15.   0.65812469E-02   0.12305411E-01   0.79456849E+00   0.00000000E+00
 18.   16.  -0.40475949E-02   0.18028644E-01   0.45874433E+00   0.00000000E+00
 18.   17.  -0.14400600E-01   0.14400600E-01   0.51005025E-08   0.00000000E+00
 18.   18.  -0.18028644E-01   0.40475950E-02  -0.45874433E+00   0.00000000E+00
 18.   19.  -0.12305411E-01  -0.65812468E-02  -0.79456849E+00   0.00000000E+00
 18.   20.  -0.30388246E-09  -0.11018004E-01  -0.91748866E+00   0.00000000E+00
 18.   21.   0.12305410E-01  -0.65812472E-02  -0.79456849E+00   0.00000000E+00
 18.   22.   0.18028644E-01   0.40475946E-02  -0.45874434E+00   0.00000000E+00
 18.   23.   0.14400600E-01   0.14400600E-01  -0.13889696E-07   0.00000000E+00
 18.   24.   0.40475953E-02   0.18028644E-01   0.45874431E+00   0.00000000E+00
 18.   25.  -0.65812466E-02   0.12305411E-01   0.79456848E+00   0.00000000E+00
 18.   26.  -0.11018004E-01   0.00000000E+00   0.91748866E+00   0.00000000E+00
 18.   27.   0.22832752E-01   0.00000000E+00  -0.17922192E+00   0.00000000E+00
 18.   28.   0.19430885E-01   0.38828294E-02  -0.15521074E+00   0.00000000E+00
 18.   29.   0.10994136E-01   0.37903508E-02  -0.89610966E-01   0.00000000E+00
 18.   30.   0.18081541E-02  -0.18081543E-02   0.47499012E-08   0.00000000E+00
 18.   31.  -0.37903511E-02  -0.10994135E-01   0.89610960E-01   0.00000000E+00
 18.   32.  -0.38828289E-02  -0.19430885E-01   0.15521074E+00   0.00000000E+00
 18.   33.  -0.12087084E-09  -0.22832753E-01   0.17922193E+00   0.00000000E+00
 18.   34.   0.38828288E-02  -0.19430885E-01   0.15521074E+00   0.00000000E+00
 18.   35.   0.37903512E-02  -0.10994136E-01   0.89610964E-01   0.00000000E+00
 18.   36.  -0.18081539E-02  -0.18081547E-02   0.85739749E-08   0.00000000E+00
 18.   37.  -0.10994136E-01   0.37903506E-02  -0.89610963E-01   0.00000000E+00
 18.   38.  -0.19430885E-01   0.38828295E-02  -0.15521074E+00   0.00000000E+00
 18.   39.  -0.22832752E-01   0.00000000E+00  -0.17922192E+00   0.00000000E+00
 18.   40.  -0.14020705E-01   0.00000000E+00  -0.46462972E+00   0.00000000E+00
 18.   41.  -0.11096530E-01  -0.55013749E-02  -0.40238118E+00   0.00000000E+00
 18.   42.  -0.39563706E-02  -0.71680686E-02  -0.23231489E+00   0.00000000E+00
 18.   43.   0.34534068E-02  -0.34534081E-02   0.28312772E-07   0.00000000E+00
 18.   44.   0.71680670E-02   0.39563723E-02   0.23231486E+00   0.00000000E+00
 18.   45.   0.55013772E-02   0.11096530E-01   0.40238115E+00   0.00000000E+00
 18.   46.   0.88034056E-10   0.14020703E-01   0.46462978E+00   0.00000000E+00
 18.   47.  -0.55013771E-02   0.11096530E-01   0.40238115E+00   0.00000000E+00
 18.   48.  -0.71680671E-02   0.39563726E-02   0.23231487E+00   0.00000000E+00
 18.   49.  -0.34534072E-02  -0.34534079E-02   0.37962736E-07   0.00000000E+00
 18.   50.   0.39563702E-02  -0.71680686E-02  -0.23231488E+00   0.00000000E+00
 18.   51.   0.11096530E-01  -0.55013750E-02  -0.40238118E+00   0.00000000E+00
 18.   52.   0.14020705E-01   0.00000000E+00  -0.46462972E+00   0.00000000E+00
 18.   53.  -0.27773976E-01   0.00000000E+00   0.75147976E+00   0.00000000E+00
 18.   54.  -0.24020463E-01  -0.32879391E-02   0.65080045E+00   0.00000000E+00
 18.   55.  -0.14660104E-01  -0.23819270E-02   0.37573980E+00   0.00000000E+00
 18.   56.  -0.43006889E-02   0.43006867E-02   0.87001132E-07   0.00000000E+00
 18.   57.   0.23819235E-02   0.14660108E-01  -0.37573988E+00   0.00000000E+00
 18.   58.   0.32879441E-02   0.24020463E-01  -0.65080053E+00   0.00000000E+00
 18.   59.   0.37908950E-10   0.27773973E-01  -0.75147959E+00   0.00000000E+00
 18.   60.  -0.32879441E-02   0.24020463E-01  -0.65080054E+00   0.00000000E+00
 18.   61.  -0.23819237E-02   0.14660108E-01  -0.37573989E+00   0.00000000E+00
 18.   62.   0.43006885E-02   0.43006870E-02   0.71384151E-07   0.00000000E+00
 18.   63.   0.14660104E-01  -0.23819269E-02   0.37573978E+00   0.00000000E+00
 18.   64.   0.24020462E-01  -0.32879392E-02   0.65080044E+00   0.00000000E+00
 18.   65.   0.27773976E-01   0.00000000E+00   0.75147976E+00   0.00000000E+00
 18.   66.   0.27773976E-01   0.00000000E+00   0.75147976E+00   0.00000000E+00
 18.   67.   0.24020463E-01   0.32879391E-02   0.65080045E+00   0.00000000E+00
 18.   68.   0.14660104E-01   0.23819270E-02   0.37573980E+00   0.00000000E+00
 18.   69.   0.43006888E-02  -0.43006867E-02   0.87001133E-07   0.00000000E+00
 18.   70.  -0.23819236E-02  -0.14660108E-01  -0.37573988E+00   0.00000000E+00
 18.   71.  -0.32879442E-02  -0.24020463E-01  -0.65080053E+00   0.00000000E+00
 18.   72.  -0.10376976E-09  -0.27773973E-01  -0.75147959E+00   0.00000000E+00
 18.   73.   0.32879440E-02  -0.24020463E-01  -0.65080054E+00   0.00000000E+00
 18.   74.   0.23819237E-02  -0.14660108E-01  -0.37573989E+00   0.00000000E+00
 18.   75.  -0.43006885E-02  -0.43006870E-02   0.71384157E-07   0.00000000E+00
 18.   76.  -0.14660104E-01   0.23819268E-02   0.37573978E+00   0.00000000E+00
 18.   77.  -0.24020462E-01   0.32879392E-02   0.65080044E+00   0.00000000E+00
 18.   78.  -0.27773976E-01   0.00000000E+00   0.75147976E+00   0.00000000E+00
 19.    1.   0.99492130E-03   0.00000000E+00  -0.91545484E-02   0.00000000E+00
 19.    2.   0.55311315E-03  -0.10693262E-02  -0.23693804E-02   0.00000000E+00
 19.    3.  -0.44180850E-03  -0.95802093E-03   0.79280491E-02   0.00000000E+00
 19.    4.  -0.11062273E-02   0.11130505E-03   0.64732230E-02   0.00000000E+00
 19.    5.  -0.66441907E-03   0.95802036E-03  -0.45772799E-02   0.00000000E+00
 19.    6.   0.55311342E-03   0.84671498E-03  -0.88426150E-02   0.00000000E+00
 19.    7.   0.12175324E-02  -0.39343304E-09  -0.12136408E-07   0.00000000E+00
 19.    8.   0.55311367E-03  -0.84671575E-03   0.88425909E-02   0.00000000E+00
 19.    9.  -0.66441864E-03  -0.95802111E-03   0.45772562E-02   0.00000000E+00
 19.   10.  -0.11062268E-02  -0.11130570E-03  -0.64732471E-02   0.00000000E+00
 19.   11.  -0.44180783E-03   0.95802047E-03  -0.79280741E-02   0.00000000E+00
 19.   12.   0.55311391E-03   0.10693260E-02   0.23693550E-02   0.00000000E+00
 19.   13.   0.99492213E-03   0.00000000E+00   0.91545234E-02   0.00000000E+00
 19.   14.   0.10652884E-01   0.00000000E+00  -0.25654223E+00   0.00000000E+00
 19.   15.   0.62217762E-02  -0.12567101E-01  -0.66398012E-01   0.00000000E+00
 19.   16.  -0.44311080E-02  -0.10776433E-01   0.22217209E+00   0.00000000E+00
 19.   17.  -0.12443553E-01   0.17906682E-02   0.18140276E+00   0.00000000E+00
 19.   18.  -0.80124449E-02   0.10776433E-01  -0.12827111E+00   0.00000000E+00
 19.   19.   0.62217762E-02   0.89857642E-02  -0.24780076E+00   0.00000000E+00
 19.   20.   0.14234221E-01   0.49081983E-10  -0.23645374E-08   0.00000000E+00
 19.   21.   0.62217768E-02  -0.89857642E-02   0.24780077E+00   0.00000000E+00
 19.   22.  -0.80124443E-02  -0.10776433E-01   0.12827113E+00   0.00000000E+00
 19.   23.  -0.12443553E-01  -0.17906689E-02  -0.18140274E+00   0.00000000E+00
 19.   24.  -0.44311082E-02   0.10776432E-01  -0.22217209E+00   0.00000000E+00
 19.   25.   0.62217762E-02   0.12567101E-01   0.66398006E-01   0.00000000E+00
 19.   26.   0.10652884E-01   0.00000000E+00   0.25654224E+00   0.00000000E+00
 19.   27.   0.88324198E-02   0.00000000E+00  -0.89169277E+00   0.00000000E+00
 19.   28.   0.10160084E-01  -0.29085531E-01  -0.23078707E+00   0.00000000E+00
 19.   29.   0.13276648E-02  -0.17597782E-01   0.77222860E+00   0.00000000E+00
 19.   30.  -0.20320168E-01   0.11487749E-01   0.63052202E+00   0.00000000E+00
 19.   31.  -0.21647833E-01   0.17597782E-01  -0.44584638E+00   0.00000000E+00
 19.   32.   0.10160084E-01   0.61100336E-02  -0.86130908E+00   0.00000000E+00
 19.   33.   0.31807917E-01   0.25010045E-09  -0.21641074E-07   0.00000000E+00
 19.   34.   0.10160085E-01  -0.61100328E-02   0.86130907E+00   0.00000000E+00
 19.   35.  -0.21647833E-01  -0.17597782E-01   0.44584642E+00   0.00000000E+00
 19.   36.  -0.20320169E-01  -0.11487749E-01  -0.63052198E+00   0.00000000E+00
 19.   37.   0.13276638E-02   0.17597781E-01  -0.77222862E+00   0.00000000E+00
 19.   38.   0.10160084E-01   0.29085531E-01   0.23078703E+00   0.00000000E+00
 19.   39.   0.88324194E-02   0.00000000E+00   0.89169277E+00   0.00000000E+00
 19.   40.  -0.23500407E-01   0.00000000E+00  -0.55817162E+00   0.00000000E+00
 19.   41.  -0.22078186E-02  -0.15260716E-01  -0.14446545E+00   0.00000000E+00
 19.   42.   0.21292588E-01   0.38240538E-02   0.48339080E+00   0.00000000E+00
 19.   43.   0.44156373E-02   0.19084770E-01   0.39468694E+00   0.00000000E+00
 19.   44.  -0.16876951E-01  -0.38240536E-02  -0.27908581E+00   0.00000000E+00
 19.   45.  -0.22078188E-02  -0.22908824E-01  -0.53915238E+00   0.00000000E+00
 19.   46.   0.14669133E-01  -0.74439926E-09  -0.17775690E-07   0.00000000E+00
 19.   47.  -0.22078177E-02   0.22908823E-01   0.53915237E+00   0.00000000E+00
 19.   48.  -0.16876951E-01   0.38240548E-02   0.27908582E+00   0.00000000E+00
 19.   49.   0.44156362E-02  -0.19084770E-01  -0.39468692E+00   0.00000000E+00
 19.   50.   0.21292588E-01  -0.38240550E-02  -0.48339082E+00   0.00000000E+00
 19.   51.  -0.22078171E-02   0.15260716E-01   0.14446541E+00   0.00000000E+00
 19.   52.  -0.23500407E-01   0.00000000E+00   0.55817161E+00   0.00000000E+00
 19.   53.  -0.33713610E-01   0.00000000E+00   0.99995684E+00   0.00000000E+00
 19.   54.  -0.13501759E-01   0.16675642E-01   0.25880788E+00   0.00000000E+00
 19.   55.   0.20211850E-01   0.23385733E-01  -0.86598802E+00   0.00000000E+00
 19.   56.   0.27003519E-01   0.67100912E-02  -0.70707626E+00   0.00000000E+00
 19.   57.   0.67916684E-02  -0.23385733E-01   0.49997841E+00   0.00000000E+00
 19.   58.  -0.13501759E-01  -0.30095825E-01   0.96588414E+00   0.00000000E+00
 19.   59.  -0.20293428E-01  -0.97630509E-09   0.30989535E-07   0.00000000E+00
 19.   60.  -0.13501760E-01   0.30095824E-01  -0.96588412E+00   0.00000000E+00
 19.   61.   0.67916676E-02   0.23385734E-01  -0.49997844E+00   0.00000000E+00
 19.   62.   0.27003518E-01  -0.67100904E-02   0.70707624E+00   0.00000000E+00
 19.   63.   0.20211852E-01  -0.23385733E-01   0.86598805E+00   0.00000000E+00
 19.   64.  -0.13501758E-01  -0.16675643E-01  -0.25880782E+00   0.00000000E+00
 19.   65.  -0.33713609E-01   0.00000000E+00  -0.99995683E+00   0.00000000E+00
 19.   66.   0.33713610E-01   0.00000000E+00   0.99995684E+00   0.00000000E+00
 19.   67.   0.13501759E-01  -0.16675642E-01   0.25880788E+00   0.00000000E+00
 19.   68.  -0.20211850E-01  -0.23385733E-01  -0.86598802E+00   0.00000000E+00
 19.   69.  -0.27003518E-01  -0.67100912E-02  -0.70707626E+00   0.00000000E+00
 19.   70.  -0.67916683E-02   0.23385733E-01   0.49997841E+00   0.00000000E+00
 19.   71.   0.13501759E-01   0.30095825E-01   0.96588414E+00   0.00000000E+00
 19.   72.   0.20293428E-01   0.97669581E-09   0.30989548E-07   0.00000000E+00
 19.   73.   0.13501760E-01  -0.30095824E-01  -0.96588412E+00   0.00000000E+00
 19.   74.  -0.67916676E-02  -0.23385734E-01  -0.49997844E+00   0.00000000E+00
 19.   75.  -0.27003518E-01   0.67100904E-02   0.70707624E+00   0.00000000E+00
 19.   76.  -0.20211852E-01   0.23385733E-01   0.86598805E+00   0.00000000E+00
 19.   77.   0.13501758E-01   0.16675643E-01  -0.25880782E+00   0.00000000E+00
 19.   78.   0.33713609E-01   0.00000000E+00  -0.99995683E+00   0.00000000E+00
 20.    1.   0.33895986E-01   0.00000000E+00   0.99986977E+00   0.00000000E+00
 20.    2.   0.32741008E-01   0.87729266E-02   0.99986977E+00   0.00000000E+00
 20.    3.   0.29354785E-01   0.16947993E-01   0.99986977E+00   0.00000000E+00
 20.    4.   0.23968081E-01   0.23968081E-01   0.99986977E+00   0.00000000E+00
 20.    5.   0.16947993E-01   0.29354785E-01   0.99986977E+00   0.00000000E+00
 20.    6.   0.87729268E-02   0.32741008E-01   0.99986977E+00   0.00000000E+00
 20.    7.   0.21281857E-09   0.33895986E-01   0.99986977E+00   0.00000000E+00
 20.    8.  -0.87729264E-02   0.32741008E-01   0.99986977E+00   0.00000000E+00
 20.    9.  -0.16947993E-01   0.29354785E-01   0.99986977E+00   0.00000000E+00
 20.   10.  -0.23968081E-01   0.23968082E-01   0.99986977E+00   0.00000000E+00
 20.   11.  -0.29354785E-01   0.16947993E-01   0.99986977E+00   0.00000000E+00
 20.   12.  -0.32741008E-01   0.87729270E-02   0.99986977E+00   0.00000000E+00
 20.   13.  -0.33895986E-01   0.00000000E+00   0.99986977E+00   0.00000000E+00
 20.   14.   0.12933606E-01   0.00000000E+00  -0.32184244E+00   0.00000000E+00
 20.   15.   0.12492904E-01   0.33474635E-02  -0.32184244E+00   0.00000000E+00
 20.   16.   0.11200831E-01   0.64668029E-02  -0.32184244E+00   0.00000000E+00
 20.   17.   0.91454404E-02   0.91454404E-02  -0.32184244E+00   0.00000000E+00
 20.   18.   0.64668029E-02   0.11200831E-01  -0.32184244E+00   0.00000000E+00
 20.   19.   0.33474636E-02   0.12492904E-01  -0.32184244E+00   0.00000000E+00
 20.   20.   0.14232513E-09   0.12933606E-01  -0.32184244E+00   0.00000000E+00
 20.   21.  -0.33474634E-02   0.12492904E-01  -0.32184244E+00   0.00000000E+00
 20.   22.  -0.64668029E-02   0.11200831E-01  -0.32184244E+00   0.00000000E+00
 20.   23.  -0.91454404E-02   0.91454405E-02  -0.32184244E+00   0.00000000E+00
 20.   24.  -0.11200831E-01   0.64668031E-02  -0.32184244E+00   0.00000000E+00
 20.   25.  -0.12492904E-01   0.33474637E-02  -0.32184244E+00   0.00000000E+00
 20.   26.  -0.12933606E-01   0.00000000E+00  -0.32184244E+00   0.00000000E+00
 20.   27.  -0.15340278E-01   0.00000000E+00  -0.99366993E-01   0.00000000E+00
 20.   28.  -0.14817571E-01  -0.39703563E-02  -0.99366990E-01   0.00000000E+00
 20.   29.  -0.13285070E-01  -0.76701391E-02  -0.99366985E-01   0.00000000E+00
 20.   30.  -0.10847215E-01  -0.10847215E-01  -0.99366986E-01   0.00000000E+00
 20.   31.  -0.76701392E-02  -0.13285070E-01  -0.99366991E-01   0.00000000E+00
 20.   32.  -0.39703561E-02  -0.14817571E-01  -0.99366993E-01   0.00000000E+00
 20.   33.   0.74908491E-10  -0.15340278E-01  -0.99366989E-01   0.00000000E+00
 20.   34.   0.39703561E-02  -0.14817571E-01  -0.99366985E-01   0.00000000E+00
 20.   35.   0.76701388E-02  -0.13285071E-01  -0.99366987E-01   0.00000000E+00
 20.   36.   0.10847214E-01  -0.10847215E-01  -0.99366992E-01   0.00000000E+00
 20.   37.   0.13285070E-01  -0.76701391E-02  -0.99366993E-01   0.00000000E+00
 20.   38.   0.14817571E-01  -0.39703562E-02  -0.99366988E-01   0.00000000E+00
 20.   39.   0.15340278E-01   0.00000000E+00  -0.99366985E-01   0.00000000E+00
 20.   40.   0.52174498E-02   0.00000000E+00   0.28922217E+00   0.00000000E+00
 20.   41.   0.50396696E-02   0.13503753E-02   0.28922217E+00   0.00000000E+00
 20.   42.   0.45184442E-02   0.26087250E-02   0.28922217E+00   0.00000000E+00
 20.   43.   0.36892942E-02   0.36892943E-02   0.28922217E+00   0.00000000E+00
 20.   44.   0.26087249E-02   0.45184441E-02   0.28922217E+00   0.00000000E+00
 20.   45.   0.13503754E-02   0.50396695E-02   0.28922217E+00   0.00000000E+00
 20.   46.   0.10324977E-09   0.52174499E-02   0.28922217E+00   0.00000000E+00
 20.   47.  -0.13503754E-02   0.50396697E-02   0.28922217E+00   0.00000000E+00
 20.   48.  -0.26087250E-02   0.45184442E-02   0.28922217E+00   0.00000000E+00
 20.   49.  -0.36892941E-02   0.36892941E-02   0.28922217E+00   0.00000000E+00
 20.   50.  -0.45184440E-02   0.26087250E-02   0.28922217E+00   0.00000000E+00
 20.   51.  -0.50396696E-02   0.13503755E-02   0.28922217E+00   0.00000000E+00
 20.   52.  -0.52174500E-02   0.00000000E+00   0.28922217E+00   0.00000000E+00
 20.   53.   0.17387286E-01   0.00000000E+00  -0.41657668E+00   0.00000000E+00
 20.   54.   0.16794829E-01   0.45001609E-02  -0.41657668E+00   0.00000000E+00
 20.   55.   0.15057832E-01   0.86936432E-02  -0.41657669E+00   0.00000000E+00
 20.   56.   0.12294668E-01   0.12294668E-01  -0.41657669E+00   0.00000000E+00
 20.   57.   0.86936432E-02   0.15057831E-01  -0.41657668E+00   0.00000000E+00
 20.   58.   0.45001608E-02   0.16794829E-01  -0.41657668E+00   0.00000000E+00
 20.   59.   0.10597481E-10   0.17387286E-01  -0.41657668E+00   0.00000000E+00
 20.   60.  -0.45001607E-02   0.16794829E-01  -0.41657669E+00   0.00000000E+00
 20.   61.  -0.86936430E-02   0.15057832E-01  -0.41657668E+00   0.00000000E+00
 20.   62.  -0.12294668E-01   0.12294668E-01  -0.41657668E+00   0.00000000E+00
 20.   63.  -0.15057831E-01   0.86936432E-02  -0.41657668E+00   0.00000000E+00
 20.   64.  -0.16794829E-01   0.45001609E-02  -0.41657668E+00   0.00000000E+00
 20.   65.  -0.17387286E-01   0.00000000E+00  -0.41657669E+00   0.00000000E+00
 20.   66.  -0.17387286E-01   0.00000000E+00  -0.41657668E+00   0.00000000E+00
 20.   67.  -0.16794829E-01  -0.45001609E-02  -0.41657668E+00   0.00000000E+00
 20.   68.  -0.15057832E-01  -0.86936432E-02  -0.41657669E+00   0.00000000E+00
 20.   69.  -0.12294668E-01  -0.12294668E-01  -0.41657669E+00   0.00000000E+00
 20.   70.  -0.86936432E-02  -0.15057831E-01  -0.41657668E+00   0.00000000E+00
 20.   71.  -0.45001608E-02  -0.16794829E-01  -0.41657668E+00   0.00000000E+00
 20.   72.   0.90527491E-11  -0.17387286E-01  -0.41657668E+00   0.00000000E+00
 20.   73.   0.45001608E-02  -0.16794829E-01  -0.41657669E+00   0.00000000E+00
 20.   74.   0.86936430E-02  -0.15057832E-01  -0.41657668E+00   0.00000000E+00
 20.   75.   0.12294668E-01  -0.12294668E-01  -0.41657668E+00   0.00000000E+00
 20.   76.   0.15057831E-01  -0.86936432E-02  -0.41657668E+00   0.00000000E+00
 20.   77.   0.16794829E-01  -0.45001609E-02  -0.41657668E+00   0.00000000E+00
 20.   78.   0.17387286E-01   0.00000000E+00  -0.41657669E+00   0.00000000E+00
 21.    1.   0.39074551E-06   0.00000000E+00  -0.16338480E-05   0.00000000E+00
 21.    2.  -0.18899340E-06  -0.36205628E-06   0.11554622E-05   0.00000000E+00
 21.    3.  -0.21267911E-06   0.36841322E-06  -0.18458303E-11   0.00000000E+00
 21.    4.   0.40808252E-06  -0.17332051E-07  -0.11554843E-05   0.00000000E+00
 21.    5.  -0.19533615E-06  -0.33837208E-06   0.16337857E-05   0.00000000E+00
 21.    6.  -0.21901521E-06   0.34472281E-06  -0.11555614E-05   0.00000000E+00
 21.    7.   0.42543414E-06  -0.19714810E-11  -0.12209394E-09   0.00000000E+00
 21.    8.  -0.21901123E-06  -0.34472585E-06   0.11553362E-05   0.00000000E+00
 21.    9.  -0.19532976E-06   0.33837132E-06  -0.16339602E-05   0.00000000E+00
 21.   10.   0.40808963E-06   0.17333405E-07   0.11553776E-05   0.00000000E+00
 21.   11.  -0.21267290E-06  -0.36841101E-06  -0.37322579E-10   0.00000000E+00
 21.   12.  -0.18898846E-06   0.36205803E-06  -0.11554524E-05   0.00000000E+00
 21.   13.   0.39074982E-06   0.00000000E+00   0.16338761E-05   0.00000000E+00
 21.   14.   0.14021697E-03   0.00000000E+00  -0.15321899E-02   0.00000000E+00
 21.   15.  -0.67761217E-04  -0.13019136E-03   0.10834222E-02   0.00000000E+00
 21.   16.  -0.76521164E-04   0.13253858E-03   0.24075657E-09   0.00000000E+00
 21.   17.   0.14662966E-03  -0.64127065E-05  -0.10834221E-02   0.00000000E+00
 21.   18.  -0.70108442E-04  -0.12143142E-03   0.15321897E-02   0.00000000E+00
 21.   19.  -0.78868364E-04   0.12377864E-03  -0.10834224E-02   0.00000000E+00
 21.   20.   0.15304241E-03   0.22519376E-11  -0.99223366E-10   0.00000000E+00
 21.   21.  -0.78868352E-04  -0.12377865E-03   0.10834225E-02   0.00000000E+00
 21.   22.  -0.70108451E-04   0.12143141E-03  -0.15321897E-02   0.00000000E+00
 21.   23.   0.14662966E-03   0.64127197E-05   0.10834220E-02   0.00000000E+00
 21.   24.  -0.76521153E-04  -0.13253858E-03   0.11181181E-10   0.00000000E+00
 21.   25.  -0.67761229E-04   0.13019136E-03  -0.10834222E-02   0.00000000E+00
 21.   26.   0.14021696E-03   0.00000000E+00   0.15321901E-02   0.00000000E+00
 21.   27.   0.24367297E-02   0.00000000E+00  -0.47881114E-01   0.00000000E+00
 21.   28.  -0.11014747E-02  -0.25465095E-02   0.33857060E-01   0.00000000E+00
 21.   29.  -0.15377144E-02   0.26633996E-02   0.78951786E-09   0.00000000E+00
 21.   30.   0.27560793E-02  -0.31934956E-03  -0.33857060E-01   0.00000000E+00
 21.   31.  -0.12183648E-02  -0.21102698E-02   0.47881113E-01   0.00000000E+00
 21.   32.  -0.16546045E-02   0.22271598E-02  -0.33857060E-01   0.00000000E+00
 21.   33.   0.30754290E-02   0.95556348E-10  -0.21459176E-08   0.00000000E+00
 21.   34.  -0.16546043E-02  -0.22271599E-02   0.33857063E-01   0.00000000E+00
 21.   35.  -0.12183650E-02   0.21102697E-02  -0.47881113E-01   0.00000000E+00
 21.   36.   0.27560793E-02   0.31934979E-03   0.33857057E-01   0.00000000E+00
 21.   37.  -0.15377143E-02  -0.26633997E-02   0.37747083E-08   0.00000000E+00
 21.   38.  -0.11014749E-02   0.25465094E-02  -0.33857063E-01   0.00000000E+00
 21.   39.   0.24367297E-02   0.00000000E+00   0.47881114E-01   0.00000000E+00
 21.   40.   0.95293035E-02   0.00000000E+00  -0.33451349E+00   0.00000000E+00
 21.   41.  -0.36102115E-02  -0.12561048E-01   0.23653676E+00   0.00000000E+00
 21.   42.  -0.79186410E-02   0.13715489E-01   0.14950973E-08   0.00000000E+00
 21.   43.   0.12683293E-01  -0.31539890E-02  -0.23653676E+00   0.00000000E+00
 21.   44.  -0.47646514E-02  -0.82526191E-02   0.33451349E+00   0.00000000E+00
 21.   45.  -0.90730815E-02   0.94070590E-02  -0.23653675E+00   0.00000000E+00
 21.   46.   0.15837282E-01   0.36437164E-09  -0.15595387E-07   0.00000000E+00
 21.   47.  -0.90730804E-02  -0.94070593E-02   0.23653677E+00   0.00000000E+00
 21.   48.  -0.47646526E-02   0.82526184E-02  -0.33451349E+00   0.00000000E+00
 21.   49.   0.12683293E-01   0.31539901E-02   0.23653674E+00   0.00000000E+00
 21.   50.  -0.79186404E-02  -0.13715489E-01   0.29973404E-07   0.00000000E+00
 21.   51.  -0.36102122E-02   0.12561048E-01  -0.23653678E+00   0.00000000E+00
 21.   52.   0.95293034E-02   0.00000000E+00   0.33451349E+00   0.00000000E+00
 21.   53.   0.18561644E-01   0.00000000E+00  -0.99980271E+00   0.00000000E+00
 21.   54.  -0.59012164E-02  -0.28687715E-01   0.70696728E+00   0.00000000E+00
 21.   55.  -0.18514076E-01   0.32067321E-01   0.25116158E-08   0.00000000E+00
 21.   56.   0.27794898E-01  -0.92332537E-02  -0.70696729E+00   0.00000000E+00
 21.   57.  -0.92808213E-02  -0.16074856E-01   0.99980271E+00   0.00000000E+00
 21.   58.  -0.21893683E-01   0.19454461E-01  -0.70696726E+00   0.00000000E+00
 21.   59.   0.37028153E-01   0.67734298E-09  -0.46897480E-07   0.00000000E+00
 21.   60.  -0.21893680E-01  -0.19454461E-01   0.70696732E+00   0.00000000E+00
 21.   61.  -0.92808241E-02   0.16074854E-01  -0.99980271E+00   0.00000000E+00
 21.   62.   0.27794899E-01   0.92332560E-02   0.70696723E+00   0.00000000E+00
 21.   63.  -0.18514075E-01  -0.32067322E-01   0.91159223E-07   0.00000000E+00
 21.   64.  -0.59012179E-02   0.28687713E-01  -0.70696734E+00   0.00000000E+00
 21.   65.   0.18561643E-01   0.00000000E+00   0.99980270E+00   0.00000000E+00
 21.   66.  -0.18561644E-01   0.00000000E+00  -0.99980271E+00   0.00000000E+00
 21.   67.   0.59012164E-02   0.28687715E-01   0.70696728E+00   0.00000000E+00
 21.   68.   0.18514076E-01  -0.32067321E-01   0.25116230E-08   0.00000000E+00
 21.   69.  -0.27794898E-01   0.92332537E-02  -0.70696729E+00   0.00000000E+00
 21.   70.   0.92808213E-02   0.16074856E-01   0.99980271E+00   0.00000000E+00
 21.   71.   0.21893683E-01  -0.19454461E-01  -0.70696726E+00   0.00000000E+00
 21.   72.  -0.37028153E-01  -0.68020991E-09  -0.46897475E-07   0.00000000E+00
 21.   73.   0.21893680E-01   0.19454461E-01   0.70696732E+00   0.00000000E+00
 21.   74.   0.92808241E-02  -0.16074854E-01  -0.99980271E+00   0.00000000E+00
 21.   75.  -0.27794899E-01  -0.92332560E-02   0.70696723E+00   0.00000000E+00
 21.   76.   0.18514075E-01   0.32067322E-01   0.91159227E-07   0.00000000E+00
 21.   77.   0.59012179E-02  -0.28687713E-01  -0.70696734E+00   0.00000000E+00
 21.   78.  -0.18561643E-01   0.00000000E+00   0.99980270E+00   0.00000000E+00
 22.    1.  -0.12218098E-01   0.00000000E+00   0.31679802E+00   0.00000000E+00
 22.    2.  -0.12732257E-01   0.14136963E-01   0.22401003E+00   0.00000000E+00
 22.    3.  -0.11985890E-01   0.20760171E-01  -0.47171547E-08   0.00000000E+00
 22.    4.  -0.58768411E-02   0.18094939E-01  -0.22401004E+00   0.00000000E+00
 22.    5.   0.61090491E-02   0.10581184E-01  -0.31679803E+00   0.00000000E+00
 22.    6.   0.18609098E-01   0.39579760E-02  -0.22401004E+00   0.00000000E+00
 22.    7.   0.23971781E-01   0.71475686E-10  -0.52942267E-08   0.00000000E+00
 22.    8.   0.18609098E-01  -0.39579758E-02   0.22401003E+00   0.00000000E+00
 22.    9.   0.61090497E-02  -0.10581183E-01   0.31679803E+00   0.00000000E+00
 22.   10.  -0.58768407E-02  -0.18094939E-01   0.22401004E+00   0.00000000E+00
 22.   11.  -0.11985890E-01  -0.20760171E-01   0.13207785E-07   0.00000000E+00
 22.   12.  -0.12732257E-01  -0.14136964E-01  -0.22401002E+00   0.00000000E+00
 22.   13.  -0.12218098E-01   0.00000000E+00  -0.31679803E+00   0.00000000E+00
 22.   14.  -0.31332741E-02   0.00000000E+00   0.99408431E+00   0.00000000E+00
 22.   15.  -0.81951339E-02   0.22024392E-01   0.70292376E+00   0.00000000E+00
 22.   16.  -0.16542753E-01   0.28652889E-01   0.84035916E-09   0.00000000E+00
 22.   17.  -0.14976116E-01   0.18109390E-01  -0.70292375E+00   0.00000000E+00
 22.   18.   0.15666368E-02   0.27134950E-02  -0.99408431E+00   0.00000000E+00
 22.   19.   0.23171250E-01  -0.39150019E-02  -0.70292376E+00   0.00000000E+00
 22.   20.   0.33085506E-01  -0.13033878E-09  -0.15242361E-07   0.00000000E+00
 22.   21.   0.23171250E-01   0.39150019E-02   0.70292374E+00   0.00000000E+00
 22.   22.   0.15666377E-02  -0.27134945E-02   0.99408431E+00   0.00000000E+00
 22.   23.  -0.14976116E-01  -0.18109390E-01   0.70292378E+00   0.00000000E+00
 22.   24.  -0.16542753E-01  -0.28652889E-01   0.30329765E-07   0.00000000E+00
 22.   25.  -0.81951342E-02  -0.22024393E-01  -0.70292374E+00   0.00000000E+00
 22.   26.  -0.31332741E-02   0.00000000E+00  -0.99408431E+00   0.00000000E+00
 22.   27.   0.29954549E-01   0.00000000E+00   0.12425968E+00   0.00000000E+00
 22.   28.   0.19972704E-01   0.72982028E-02   0.87864865E-01   0.00000000E+00
 22.   29.  -0.13295066E-02   0.23027732E-02   0.12437056E-08   0.00000000E+00
 22.   30.  -0.16306781E-01  -0.13647768E-01  -0.87864863E-01   0.00000000E+00
 22.   31.  -0.14977275E-01  -0.25941400E-01  -0.12425968E+00   0.00000000E+00
 22.   32.  -0.36659231E-02  -0.20945971E-01  -0.87864865E-01   0.00000000E+00
 22.   33.   0.26590134E-02  -0.49405316E-09  -0.17507925E-08   0.00000000E+00
 22.   34.  -0.36659227E-02   0.20945970E-01   0.87864862E-01   0.00000000E+00
 22.   35.  -0.14977274E-01   0.25941401E-01   0.12425968E+00   0.00000000E+00
 22.   36.  -0.16306781E-01   0.13647768E-01   0.87864866E-01   0.00000000E+00
 22.   37.  -0.13295074E-02  -0.23027727E-02   0.34217317E-08   0.00000000E+00
 22.   38.   0.19972704E-01  -0.72982030E-02  -0.87864862E-01   0.00000000E+00
 22.   39.   0.29954549E-01   0.00000000E+00  -0.12425968E+00   0.00000000E+00
 22.   40.  -0.11079952E-01   0.00000000E+00  -0.57778170E+00   0.00000000E+00
 22.   41.  -0.59010074E-02  -0.82481331E-02  -0.40855336E+00   0.00000000E+00
 22.   42.   0.45536204E-02  -0.78871018E-02  -0.95108026E-09   0.00000000E+00
 22.   43.   0.10093597E-01   0.98635572E-03   0.40855336E+00   0.00000000E+00
 22.   44.   0.55399763E-02   0.95955201E-02   0.57778170E+00   0.00000000E+00
 22.   45.  -0.41925889E-02   0.92344890E-02   0.40855336E+00   0.00000000E+00
 22.   46.  -0.91072407E-02   0.22575960E-09   0.91441631E-08   0.00000000E+00
 22.   47.  -0.41925893E-02  -0.92344887E-02  -0.40855335E+00   0.00000000E+00
 22.   48.   0.55399760E-02  -0.95955204E-02  -0.57778170E+00   0.00000000E+00
 22.   49.   0.10093597E-01  -0.98635616E-03  -0.40855337E+00   0.00000000E+00
 22.   50.   0.45536208E-02   0.78871016E-02  -0.16864610E-07   0.00000000E+00
 22.   51.  -0.59010070E-02   0.82481333E-02   0.40855335E+00   0.00000000E+00
 22.   52.  -0.11079952E-01   0.00000000E+00   0.57778170E+00   0.00000000E+00
 22.   53.  -0.33830221E-01   0.00000000E+00   0.80972866E+00   0.00000000E+00
 22.   54.  -0.24897725E-01   0.49369346E-03   0.57256463E+00   0.00000000E+00
 22.   55.  -0.48937988E-02   0.84763082E-02   0.14923682E-08   0.00000000E+00
 22.   56.   0.12021311E-01   0.21808909E-01  -0.57256462E+00   0.00000000E+00
 22.   57.   0.16915110E-01   0.29297830E-01  -0.80972866E+00   0.00000000E+00
 22.   58.   0.12876414E-01   0.21315216E-01  -0.57256463E+00   0.00000000E+00
 22.   59.   0.97875977E-02   0.47436639E-09  -0.12767054E-07   0.00000000E+00
 22.   60.   0.12876413E-01  -0.21315215E-01   0.57256461E+00   0.00000000E+00
 22.   61.   0.16915110E-01  -0.29297830E-01   0.80972866E+00   0.00000000E+00
 22.   62.   0.12021312E-01  -0.21808909E-01   0.57256464E+00   0.00000000E+00
 22.   63.  -0.48937980E-02  -0.84763086E-02   0.23392139E-07   0.00000000E+00
 22.   64.  -0.24897724E-01  -0.49369362E-03  -0.57256461E+00   0.00000000E+00
 22.   65.  -0.33830221E-01   0.00000000E+00  -0.80972866E+00   0.00000000E+00
 22.   66.   0.33830221E-01   0.00000000E+00   0.80972866E+00   0.00000000E+00
 22.   67.   0.24897725E-01  -0.49369344E-03   0.57256463E+00   0.00000000E+00
 22.   68.   0.48937989E-02  -0.84763081E-02   0.14926835E-08   0.00000000E+00
 22.   69.  -0.12021311E-01  -0.21808909E-01  -0.57256462E+00   0.00000000E+00
 22.   70.  -0.16915110E-01  -0.29297830E-01  -0.80972866E+00   0.00000000E+00
 22.   71.  -0.12876414E-01  -0.21315216E-01  -0.57256463E+00   0.00000000E+00
 22.   72.  -0.97875976E-02  -0.48942740E-09  -0.12766784E-07   0.00000000E+00
 22.   73.  -0.12876413E-01   0.21315215E-01   0.57256461E+00   0.00000000E+00
 22.   74.  -0.16915110E-01   0.29297830E-01   0.80972866E+00   0.00000000E+00
 22.   75.  -0.12021312E-01   0.21808909E-01   0.57256464E+00   0.00000000E+00
 22.   76.   0.48937981E-02   0.84763086E-02   0.23392513E-07   0.00000000E+00
 22.   77.   0.24897724E-01   0.49369359E-03  -0.57256461E+00   0.00000000E+00
 22.   78.   0.33830221E-01   0.00000000E+00  -0.80972866E+00   0.00000000E+00
 23.    1.   0.23962253E-01   0.00000000E+00   0.99981314E+00   0.00000000E+00
 23.    2.   0.20753846E-01   0.11973937E-01   0.96574534E+00   0.00000000E+00
 23.    3.   0.11988316E-01   0.20739467E-01   0.86586358E+00   0.00000000E+00
 23.    4.   0.14379027E-04   0.23947874E-01   0.70697465E+00   0.00000000E+00
 23.    5.  -0.11959558E-01   0.20739467E-01   0.49990657E+00   0.00000000E+00
 23.    6.  -0.20725088E-01   0.11973937E-01   0.25877069E+00   0.00000000E+00
 23.    7.  -0.23933495E-01   0.26163433E-09   0.57446646E-08   0.00000000E+00
 23.    8.  -0.20725088E-01  -0.11973937E-01  -0.25877067E+00   0.00000000E+00
 23.    9.  -0.11959558E-01  -0.20739467E-01  -0.49990656E+00   0.00000000E+00
 23.   10.   0.14378507E-04  -0.23947874E-01  -0.70697465E+00   0.00000000E+00
 23.   11.   0.11988315E-01  -0.20739467E-01  -0.86586357E+00   0.00000000E+00
 23.   12.   0.20753846E-01  -0.11973937E-01  -0.96574533E+00   0.00000000E+00
 23.   13.   0.23962253E-01   0.00000000E+00  -0.99981314E+00   0.00000000E+00
 23.   14.   0.18166239E-01   0.00000000E+00  -0.16931815E+00   0.00000000E+00
 23.   15.   0.17075111E-01   0.40721439E-02  -0.16354877E+00   0.00000000E+00
 23.   16.   0.14094095E-01   0.70531601E-02  -0.14663382E+00   0.00000000E+00
 23.   17.   0.10021951E-01   0.81442878E-02  -0.11972601E+00   0.00000000E+00
 23.   18.   0.59498072E-02   0.70531601E-02  -0.84659076E-01   0.00000000E+00
 23.   19.   0.29687910E-02   0.40721439E-02  -0.43822763E-01   0.00000000E+00
 23.   20.   0.18776633E-02   0.96211601E-10  -0.92071984E-09   0.00000000E+00
 23.   21.   0.29687909E-02  -0.40721438E-02   0.43822761E-01   0.00000000E+00
 23.   22.   0.59498071E-02  -0.70531600E-02   0.84659074E-01   0.00000000E+00
 23.   23.   0.10021951E-01  -0.81442878E-02   0.11972601E+00   0.00000000E+00
 23.   24.   0.14094095E-01  -0.70531602E-02   0.14663382E+00   0.00000000E+00
 23.   25.   0.17075111E-01  -0.40721441E-02   0.16354877E+00   0.00000000E+00
 23.   26.   0.18166239E-01   0.00000000E+00   0.16931815E+00   0.00000000E+00
 23.   27.  -0.14337933E-01   0.00000000E+00  -0.18988683E+00   0.00000000E+00
 23.   28.  -0.13286759E-01  -0.39230354E-02  -0.18341659E+00   0.00000000E+00
 23.   29.  -0.10414897E-01  -0.67948967E-02  -0.16444682E+00   0.00000000E+00
 23.   30.  -0.64918620E-02  -0.78460709E-02  -0.13427027E+00   0.00000000E+00
 23.   31.  -0.25688266E-02  -0.67948967E-02  -0.94943416E-01   0.00000000E+00
 23.   32.   0.30303468E-03  -0.39230355E-02  -0.49146329E-01   0.00000000E+00
 23.   33.   0.13542089E-02  -0.83839229E-10  -0.12548010E-08   0.00000000E+00
 23.   34.   0.30303478E-03   0.39230353E-02   0.49146327E-01   0.00000000E+00
 23.   35.  -0.25688264E-02   0.67948966E-02   0.94943414E-01   0.00000000E+00
 23.   36.  -0.64918618E-02   0.78460708E-02   0.13427026E+00   0.00000000E+00
 23.   37.  -0.10414897E-01   0.67948967E-02   0.16444682E+00   0.00000000E+00
 23.   38.  -0.13286759E-01   0.39230356E-02   0.18341659E+00   0.00000000E+00
 23.   39.  -0.14337933E-01   0.00000000E+00   0.18988683E+00   0.00000000E+00
 23.   40.   0.32009385E-02   0.00000000E+00   0.28829808E+00   0.00000000E+00
 23.   41.   0.28850624E-02   0.11788656E-02   0.27847456E+00   0.00000000E+00
 23.   42.   0.20220729E-02   0.20418551E-02   0.24967346E+00   0.00000000E+00
 23.   43.   0.84320735E-03   0.23577311E-02   0.20385753E+00   0.00000000E+00
 23.   44.  -0.33565822E-03   0.20418551E-02   0.14414904E+00   0.00000000E+00
 23.   45.  -0.11986477E-02   0.11788656E-02   0.74617035E-01   0.00000000E+00
 23.   46.  -0.15145238E-02   0.21262845E-10   0.14916243E-08   0.00000000E+00
 23.   47.  -0.11986478E-02  -0.11788655E-02  -0.74617032E-01   0.00000000E+00
 23.   48.  -0.33565826E-03  -0.20418550E-02  -0.14414904E+00   0.00000000E+00
 23.   49.   0.84320729E-03  -0.23577311E-02  -0.20385753E+00   0.00000000E+00
 23.   50.   0.20220729E-02  -0.20418551E-02  -0.24967346E+00   0.00000000E+00
 23.   51.   0.28850624E-02  -0.11788656E-02  -0.27847456E+00   0.00000000E+00
 23.   52.   0.32009385E-02   0.00000000E+00  -0.28829808E+00   0.00000000E+00
 23.   53.   0.17759254E-01   0.00000000E+00  -0.39722689E+00   0.00000000E+00
 23.   54.   0.16676535E-01   0.40407625E-02  -0.38369171E+00   0.00000000E+00
 23.   55.   0.13718491E-01   0.69988060E-02  -0.34400858E+00   0.00000000E+00
 23.   56.   0.96777288E-02   0.80815251E-02  -0.28088183E+00   0.00000000E+00
 23.   57.   0.56369663E-02   0.69988061E-02  -0.19861345E+00   0.00000000E+00
 23.   58.   0.26789228E-02   0.40407626E-02  -0.10280989E+00   0.00000000E+00
 23.   59.   0.15962037E-02   0.84429984E-10  -0.19505931E-08   0.00000000E+00
 23.   60.   0.26789227E-02  -0.40407624E-02   0.10280988E+00   0.00000000E+00
 23.   61.   0.56369662E-02  -0.69988059E-02   0.19861344E+00   0.00000000E+00
 23.   62.   0.96777287E-02  -0.80815251E-02   0.28088183E+00   0.00000000E+00
 23.   63.   0.13718491E-01  -0.69988061E-02   0.34400858E+00   0.00000000E+00
 23.   64.   0.16676535E-01  -0.40407627E-02   0.38369171E+00   0.00000000E+00
 23.   65.   0.17759254E-01   0.00000000E+00   0.39722689E+00   0.00000000E+00
 23.   66.  -0.17759254E-01   0.00000000E+00  -0.39722689E+00   0.00000000E+00
 23.   67.  -0.16676535E-01  -0.40407625E-02  -0.38369171E+00   0.00000000E+00
 23.   68.  -0.13718491E-01  -0.69988060E-02  -0.34400858E+00   0.00000000E+00
 23.   69.  -0.96777288E-02  -0.80815251E-02  -0.28088183E+00   0.00000000E+00
 23.   70.  -0.56369663E-02  -0.69988061E-02  -0.19861345E+00   0.00000000E+00
 23.   71.  -0.26789228E-02  -0.40407626E-02  -0.10280989E+00   0.00000000E+00
 23.   72.  -0.15962037E-02  -0.81955307E-10  -0.19505710E-08   0.00000000E+00
 23.   73.  -0.26789227E-02   0.40407624E-02   0.10280988E+00   0.00000000E+00
 23.   74.  -0.56369661E-02   0.69988059E-02   0.19861344E+00   0.00000000E+00
 23.   75.  -0.96777286E-02   0.80815251E-02   0.28088183E+00   0.00000000E+00
 23.   76.  -0.13718491E-01   0.69988061E-02   0.34400858E+00   0.00000000E+00
 23.   77.  -0.16676535E-01   0.40407627E-02   0.38369171E+00   0.00000000E+00
 23.   78.  -0.17759254E-01   0.00000000E+00   0.39722689E+00   0.00000000E+00
 24.    1.  -0.35273603E-03   0.00000000E+00   0.26013743E-02   0.00000000E+00
 24.    2.  -0.10941304E-03   0.40833493E-03  -0.55342451E-09   0.00000000E+00
 24.    3.   0.30547832E-03   0.17636801E-03  -0.26013755E-02   0.00000000E+00
 24.    4.   0.29892192E-03  -0.29892190E-03  -0.51530812E-09   0.00000000E+00
 24.    5.  -0.17636796E-03  -0.30547833E-03   0.26013747E-02   0.00000000E+00
 24.    6.  -0.40833490E-03   0.10941303E-03   0.19312277E-09   0.00000000E+00
 24.    7.   0.16074164E-10   0.35273605E-03  -0.26013743E-02   0.00000000E+00
 24.    8.   0.40833494E-03   0.10941308E-03   0.79158268E-09   0.00000000E+00
 24.    9.   0.17636800E-03  -0.30547828E-03   0.26013760E-02   0.00000000E+00
 24.   10.  -0.29892192E-03  -0.29892188E-03   0.13164969E-08   0.00000000E+00
 24.   11.  -0.30547839E-03   0.17636802E-03  -0.26013736E-02   0.00000000E+00
 24.   12.   0.10941293E-03   0.40833494E-03   0.10634319E-08   0.00000000E+00
 24.   13.   0.35273594E-03   0.00000000E+00   0.26013760E-02   0.00000000E+00
 24.   14.  -0.82614891E-02   0.00000000E+00   0.16003488E+00   0.00000000E+00
 24.   15.  -0.27569450E-02   0.10289059E-01   0.20097035E-09   0.00000000E+00
 24.   16.   0.71546594E-02   0.41307446E-02  -0.16003488E+00   0.00000000E+00
 24.   17.   0.75321139E-02  -0.75321138E-02  -0.27109341E-08   0.00000000E+00
 24.   18.  -0.41307444E-02  -0.71546595E-02   0.16003487E+00   0.00000000E+00
 24.   19.  -0.10289059E-01   0.27569449E-02   0.24312454E-08   0.00000000E+00
 24.   20.  -0.28451041E-09   0.82614891E-02  -0.16003488E+00   0.00000000E+00
 24.   21.   0.10289059E-01   0.27569453E-02  -0.72303196E-08   0.00000000E+00
 24.   22.   0.41307449E-02  -0.71546592E-02   0.16003488E+00   0.00000000E+00
 24.   23.  -0.75321137E-02  -0.75321141E-02   0.76196178E-08   0.00000000E+00
 24.   24.  -0.71546597E-02   0.41307441E-02  -0.16003488E+00   0.00000000E+00
 24.   25.   0.27569446E-02   0.10289059E-01  -0.10800151E-07   0.00000000E+00
 24.   26.   0.82614890E-02   0.00000000E+00   0.16003487E+00   0.00000000E+00
 24.   27.  -0.12429819E-01   0.00000000E+00   0.80833021E+00   0.00000000E+00
 24.   28.  -0.89529126E-02   0.33412725E-01  -0.32486061E-09   0.00000000E+00
 24.   29.   0.10764539E-01   0.62149094E-02  -0.80833021E+00   0.00000000E+00
 24.   30.   0.24459812E-01  -0.24459812E-01  -0.12234313E-07   0.00000000E+00
 24.   31.  -0.62149089E-02  -0.10764539E-01   0.80833021E+00   0.00000000E+00
 24.   32.  -0.33412725E-01   0.89529126E-02   0.12936510E-07   0.00000000E+00
 24.   33.  -0.10538104E-08   0.12429819E-01  -0.80833021E+00   0.00000000E+00
 24.   34.   0.33412725E-01   0.89529129E-02  -0.37833375E-07   0.00000000E+00
 24.   35.   0.62149107E-02  -0.10764538E-01   0.80833021E+00   0.00000000E+00
 24.   36.  -0.24459812E-01  -0.24459812E-01   0.38120668E-07   0.00000000E+00
 24.   37.  -0.10764540E-01   0.62149076E-02  -0.80833021E+00   0.00000000E+00
 24.   38.   0.89529123E-02   0.33412725E-01  -0.50746441E-07   0.00000000E+00
 24.   39.   0.12429819E-01   0.00000000E+00   0.80833020E+00   0.00000000E+00
 24.   40.   0.22715573E-01   0.00000000E+00   0.64699323E+00   0.00000000E+00
 24.   41.  -0.52799531E-02   0.19705053E-01  -0.79861712E-09   0.00000000E+00
 24.   42.  -0.19672263E-01  -0.11357786E-01  -0.64699323E+00   0.00000000E+00
 24.   43.   0.14425100E-01  -0.14425100E-01  -0.10037568E-07   0.00000000E+00
 24.   44.   0.11357787E-01   0.19672263E-01   0.64699323E+00   0.00000000E+00
 24.   45.  -0.19705053E-01   0.52799535E-02   0.10444999E-07   0.00000000E+00
 24.   46.  -0.78197235E-09  -0.22715573E-01  -0.64699323E+00   0.00000000E+00
 24.   47.   0.19705053E-01   0.52799519E-02  -0.29998693E-07   0.00000000E+00
 24.   48.  -0.11357786E-01   0.19672264E-01   0.64699323E+00   0.00000000E+00
 24.   49.  -0.14425101E-01  -0.14425099E-01   0.30843790E-07   0.00000000E+00
 24.   50.   0.19672263E-01  -0.11357788E-01  -0.64699323E+00   0.00000000E+00
 24.   51.   0.52799547E-02   0.19705053E-01  -0.40225842E-07   0.00000000E+00
 24.   52.  -0.22715573E-01   0.00000000E+00   0.64699323E+00   0.00000000E+00
 24.   53.   0.36528266E-01   0.00000000E+00  -0.99993048E+00   0.00000000E+00
 24.   54.   0.62868246E-02  -0.23462749E-01   0.14359341E-08   0.00000000E+00
 24.   55.  -0.31634407E-01  -0.18264133E-01   0.99993048E+00   0.00000000E+00
 24.   56.  -0.17175925E-01   0.17175924E-01   0.15204110E-07   0.00000000E+00
 24.   57.   0.18264133E-01   0.31634407E-01  -0.99993048E+00   0.00000000E+00
 24.   58.   0.23462749E-01  -0.62868241E-02  -0.16320358E-07   0.00000000E+00
 24.   59.   0.53096888E-09  -0.36528266E-01   0.99993048E+00   0.00000000E+00
 24.   60.  -0.23462749E-01  -0.62868261E-02   0.45947121E-07   0.00000000E+00
 24.   61.  -0.18264134E-01   0.31634406E-01  -0.99993048E+00   0.00000000E+00
 24.   62.   0.17175923E-01   0.17175925E-01  -0.47206962E-07   0.00000000E+00
 24.   63.   0.31634407E-01  -0.18264132E-01   0.99993048E+00   0.00000000E+00
 24.   64.  -0.62868227E-02  -0.23462749E-01   0.62015854E-07   0.00000000E+00
 24.   65.  -0.36528266E-01   0.00000000E+00  -0.99993048E+00   0.00000000E+00
 24.   66.  -0.36528266E-01   0.00000000E+00  -0.99993048E+00   0.00000000E+00
 24.   67.  -0.62868246E-02   0.23462749E-01   0.14368659E-08   0.00000000E+00
 24.   68.   0.31634407E-01   0.18264133E-01   0.99993048E+00   0.00000000E+00
 24.   69.   0.17175925E-01  -0.17175924E-01   0.15203053E-07   0.00000000E+00
 24.   70.  -0.18264133E-01  -0.31634407E-01  -0.99993048E+00   0.00000000E+00
 24.   71.  -0.23462749E-01   0.62868242E-02  -0.16319863E-07   0.00000000E+00
 24.   72.  -0.60130543E-09   0.36528266E-01   0.99993048E+00   0.00000000E+00
 24.   73.   0.23462749E-01   0.62868261E-02   0.45946792E-07   0.00000000E+00
 24.   74.   0.18264134E-01  -0.31634406E-01  -0.99993048E+00   0.00000000E+00
 24.   75.  -0.17175923E-01  -0.17175925E-01  -0.47206456E-07   0.00000000E+00
 24.   76.  -0.31634407E-01   0.18264132E-01   0.99993048E+00   0.00000000E+00
 24.   77.   0.62868227E-02   0.23462749E-01   0.62014339E-07   0.00000000E+00
 24.   78.   0.36528266E-01   0.00000000E+00  -0.99993048E+00   0.00000000E+00
