mode k UX UY UZ VOLT
  1.    1.   0.99947677E+00   0.00000000E+00   0.72994861E-02   0.00000000E+00
  1.    2.   0.99947677E+00   0.91674884E-13   0.72230777E-02   0.00000000E+00
  1.    3.   0.99947677E+00   0.18320766E-12   0.69990596E-02   0.00000000E+00
  1.    4.   0.99947677E+00   0.24570032E-12   0.66426984E-02   0.00000000E+00
  1.    5.   0.99947677E+00   0.30472742E-12   0.61782794E-02   0.00000000E+00
  1.    6.   0.99947677E+00   0.34619641E-12   0.56374520E-02   0.00000000E+00
  1.    7.   0.99947677E+00   0.35265217E-12   0.50570727E-02   0.00000000E+00
  1.    8.   0.99947677E+00   0.32895532E-12   0.44766935E-02   0.00000000E+00
  1.    9.   0.99947677E+00   0.27557357E-12   0.39358661E-02   0.00000000E+00
  1.   10.   0.99947677E+00   0.22081033E-12   0.34714471E-02   0.00000000E+00
  1.   11.   0.99947677E+00   0.13774235E-12   0.31150859E-02   0.00000000E+00
  1.   12.   0.99947677E+00   0.71648799E-13   0.28910678E-02   0.00000000E+00
  1.   13.   0.99947677E+00   0.00000000E+00   0.28146594E-02   0.00000000E+00
  1.   14.   0.99947677E+00   0.00000000E+00   0.10102503E-01   0.00000000E+00
  1.   15.   0.99947677E+00   0.26303593E-13   0.99305838E-02   0.00000000E+00
  1.   16.   0.99947677E+00   0.82750361E-13   0.94265433E-02   0.00000000E+00
  1.   17.   0.99947677E+00   0.15783563E-12   0.86247305E-02   0.00000000E+00
  1.   18.   0.99947677E+00   0.23244113E-12   0.75797877E-02   0.00000000E+00
  1.   19.   0.99947677E+00   0.28982563E-12   0.63629261E-02   0.00000000E+00
  1.   20.   0.99947677E+00   0.30933402E-12   0.50570727E-02   0.00000000E+00
  1.   21.   0.99947677E+00   0.31129978E-12   0.37512194E-02   0.00000000E+00
  1.   22.   0.99947677E+00   0.26524662E-12   0.25343578E-02   0.00000000E+00
  1.   23.   0.99947677E+00   0.18704126E-12   0.14894150E-02   0.00000000E+00
  1.   24.   0.99947677E+00   0.10833125E-12   0.68760224E-03   0.00000000E+00
  1.   25.   0.99947677E+00   0.44625877E-13   0.18356165E-03   0.00000000E+00
  1.   26.   0.99947677E+00   0.00000000E+00   0.11642793E-04   0.00000000E+00
  1.   27.   0.99947677E+00   0.00000000E+00   0.12905519E-01   0.00000000E+00
  1.   28.   0.99947677E+00  -0.11291729E-13   0.12638090E-01   0.00000000E+00
  1.   29.   0.99947677E+00   0.87705301E-14   0.11854027E-01   0.00000000E+00
  1.   30.   0.99947677E+00   0.82343897E-13   0.10606763E-01   0.00000000E+00
  1.   31.   0.99947677E+00   0.18916333E-12   0.89812960E-02   0.00000000E+00
  1.   32.   0.99947677E+00   0.26802449E-12   0.70884002E-02   0.00000000E+00
  1.   33.   0.99947677E+00   0.29260773E-12   0.50570728E-02   0.00000000E+00
  1.   34.   0.99947677E+00   0.28498466E-12   0.30257453E-02   0.00000000E+00
  1.   35.   0.99947677E+00   0.25813161E-12   0.11328495E-02   0.00000000E+00
  1.   36.   0.99947677E+00   0.20141425E-12  -0.49261705E-03   0.00000000E+00
  1.   37.   0.99947677E+00   0.12867700E-12  -0.17398814E-02   0.00000000E+00
  1.   38.   0.99947677E+00   0.48589274E-13  -0.25239445E-02   0.00000000E+00
  1.   39.   0.99947677E+00   0.00000000E+00  -0.27913738E-02   0.00000000E+00
  1.   40.   0.99947677E+00   0.00000000E+00   0.15708536E-01   0.00000000E+00
  1.   41.   0.99947677E+00  -0.31201816E-13   0.15345596E-01   0.00000000E+00
  1.   42.   0.99947677E+00  -0.67791561E-13   0.14281510E-01   0.00000000E+00
  1.   43.   0.99947677E+00  -0.20960808E-13   0.12588795E-01   0.00000000E+00
  1.   44.   0.99947677E+00   0.13231788E-12   0.10382804E-01   0.00000000E+00
  1.   45.   0.99947677E+00   0.29868039E-12   0.78138743E-02   0.00000000E+00
  1.   46.   0.99947677E+00   0.32327312E-12   0.50570728E-02   0.00000000E+00
  1.   47.   0.99947677E+00   0.26723616E-12   0.23002712E-02   0.00000000E+00
  1.   48.   0.99947677E+00   0.23981783E-12  -0.26865886E-03   0.00000000E+00
  1.   49.   0.99947677E+00   0.19818717E-12  -0.24746491E-02   0.00000000E+00
  1.   50.   0.99947677E+00   0.11474583E-12  -0.41673650E-02   0.00000000E+00
  1.   51.   0.99947677E+00   0.66670712E-13  -0.52314507E-02   0.00000000E+00
  1.   52.   0.99947677E+00   0.00000000E+00  -0.55943905E-02   0.00000000E+00
  1.   53.   0.99947677E+00   0.00000000E+00   0.18511553E-01   0.00000000E+00
  1.   54.   0.99947677E+00   0.44435247E-13   0.18053102E-01   0.00000000E+00
  1.   55.   0.99947677E+00  -0.11724448E-12   0.16708994E-01   0.00000000E+00
  1.   56.   0.99947677E+00  -0.17500420E-12   0.14570827E-01   0.00000000E+00
  1.   57.   0.99947677E+00   0.71306521E-14   0.11784313E-01   0.00000000E+00
  1.   58.   0.99947677E+00   0.27767197E-12   0.85393484E-02   0.00000000E+00
  1.   59.   0.99947677E+00   0.32899979E-12   0.50570728E-02   0.00000000E+00
  1.   60.   0.99947677E+00   0.28467082E-12   0.15747971E-02   0.00000000E+00
  1.   61.   0.99947677E+00   0.23497417E-12  -0.16701672E-02   0.00000000E+00
  1.   62.   0.99947677E+00   0.18148916E-12  -0.44566812E-02   0.00000000E+00
  1.   63.   0.99947677E+00   0.53740317E-13  -0.65948486E-02   0.00000000E+00
  1.   64.   0.99947677E+00   0.74362442E-13  -0.79389568E-02   0.00000000E+00
  1.   65.   0.99947677E+00   0.00000000E+00  -0.83974071E-02   0.00000000E+00
  1.   66.   0.10000000E+01   0.00000000E+00   0.18511553E-01   0.00000000E+00
  1.   67.   0.10000000E+01  -0.45028587E-13   0.18053102E-01   0.00000000E+00
  1.   68.   0.10000000E+01   0.58816580E-14   0.16708994E-01   0.00000000E+00
  1.   69.   0.10000000E+01  -0.23930290E-13   0.14570827E-01   0.00000000E+00
  1.   70.   0.10000000E+01  -0.20211032E-14   0.11784313E-01   0.00000000E+00
  1.   71.   0.10000000E+01   0.28524834E-13   0.85393484E-02   0.00000000E+00
  1.   72.   0.10000000E+01   0.51318525E-13   0.50570728E-02   0.00000000E+00
  1.   73.   0.10000000E+01   0.16019843E-13   0.15747971E-02   0.00000000E+00
  1.   74.   0.10000000E+01  -0.16290542E-13  -0.16701672E-02   0.00000000E+00
  1.   75.   0.10000000E+01   0.22478963E-13  -0.44566812E-02   0.00000000E+00
  1.   76.   0.10000000E+01  -0.71015544E-13  -0.65948486E-02   0.00000000E+00
  1.   77.   0.10000000E+01  -0.17384205E-12  -0.79389568E-02   0.00000000E+00
  1.   78.   0.10000000E+01   0.00000000E+00  -0.83974071E-02   0.00000000E+00
  2.    1.  -0.11390086E-01   0.00000000E+00   0.70433149E+00   0.00000000E+00
  2.    2.  -0.11390086E-01   0.14712787E-11   0.70231656E+00   0.00000000E+00
  2.    3.  -0.11390086E-01   0.28853317E-11   0.69640908E+00   0.00000000E+00
  2.    4.  -0.11390086E-01   0.41372571E-11   0.68701163E+00   0.00000000E+00
  2.    5.  -0.11390086E-01   0.51275570E-11   0.67476464E+00   0.00000000E+00
  2.    6.  -0.11390086E-01   0.57585264E-11   0.66050272E+00   0.00000000E+00
  2.    7.  -0.11390086E-01   0.59693969E-11   0.64519779E+00   0.00000000E+00
  2.    8.  -0.11390086E-01   0.57544626E-11   0.62989286E+00   0.00000000E+00
  2.    9.  -0.11390086E-01   0.51364861E-11   0.61563094E+00   0.00000000E+00
  2.   10.  -0.11390086E-01   0.41898582E-11   0.60338395E+00   0.00000000E+00
  2.   11.  -0.11390086E-01   0.29317000E-11   0.59398650E+00   0.00000000E+00
  2.   12.  -0.11390086E-01   0.15138496E-11   0.58807902E+00   0.00000000E+00
  2.   13.  -0.11390086E-01   0.00000000E+00   0.58606409E+00   0.00000000E+00
  2.   14.  -0.11390086E-01   0.00000000E+00   0.77824862E+00   0.00000000E+00
  2.   15.  -0.11390086E-01   0.14562569E-11   0.77371502E+00   0.00000000E+00
  2.   16.  -0.11390086E-01   0.29375103E-11   0.76042319E+00   0.00000000E+00
  2.   17.  -0.11390086E-01   0.43552266E-11   0.73927893E+00   0.00000000E+00
  2.   18.  -0.11390086E-01   0.56238405E-11   0.71172320E+00   0.00000000E+00
  2.   19.  -0.11390086E-01   0.65567540E-11   0.67963388E+00   0.00000000E+00
  2.   20.  -0.11390086E-01   0.70065326E-11   0.64519779E+00   0.00000000E+00
  2.   21.  -0.11390086E-01   0.68487580E-11   0.61076170E+00   0.00000000E+00
  2.   22.  -0.11390086E-01   0.60602483E-11   0.57867237E+00   0.00000000E+00
  2.   23.  -0.11390086E-01   0.47753198E-11   0.55111664E+00   0.00000000E+00
  2.   24.  -0.11390086E-01   0.32903799E-11   0.52997239E+00   0.00000000E+00
  2.   25.  -0.11390086E-01   0.16487521E-11   0.51668055E+00   0.00000000E+00
  2.   26.  -0.11390086E-01   0.00000000E+00   0.51214696E+00   0.00000000E+00
  2.   27.  -0.11390086E-01   0.00000000E+00   0.85216574E+00   0.00000000E+00
  2.   28.  -0.11390086E-01   0.13570770E-11   0.84511348E+00   0.00000000E+00
  2.   29.  -0.11390086E-01   0.29187200E-11   0.82443730E+00   0.00000000E+00
  2.   30.  -0.11390086E-01   0.47998033E-11   0.79154623E+00   0.00000000E+00
  2.   31.  -0.11390086E-01   0.68942692E-11   0.74868177E+00   0.00000000E+00
  2.   32.  -0.11390086E-01   0.86121926E-11   0.69876504E+00   0.00000000E+00
  2.   33.  -0.11390086E-01   0.93695694E-11   0.64519779E+00   0.00000000E+00
  2.   34.  -0.11390086E-01   0.90220979E-11   0.59163054E+00   0.00000000E+00
  2.   35.  -0.11390086E-01   0.77826945E-11   0.54171381E+00   0.00000000E+00
  2.   36.  -0.11390086E-01   0.58391609E-11   0.49884934E+00   0.00000000E+00
  2.   37.  -0.11390086E-01   0.36604832E-11   0.46595828E+00   0.00000000E+00
  2.   38.  -0.11390086E-01   0.17635321E-11   0.44528209E+00   0.00000000E+00
  2.   39.  -0.11390086E-01   0.00000000E+00   0.43822983E+00   0.00000000E+00
  2.   40.  -0.11390086E-01   0.00000000E+00   0.92608287E+00   0.00000000E+00
  2.   41.  -0.11390086E-01   0.10457080E-11   0.91651195E+00   0.00000000E+00
  2.   42.  -0.11390086E-01   0.23429575E-11   0.88845141E+00   0.00000000E+00
  2.   43.  -0.11390086E-01   0.42039944E-11   0.84381354E+00   0.00000000E+00
  2.   44.  -0.11390086E-01   0.71080878E-11   0.78564033E+00   0.00000000E+00
  2.   45.  -0.11390086E-01   0.98393135E-11   0.71789620E+00   0.00000000E+00
  2.   46.  -0.11390086E-01   0.11145894E-10   0.64519779E+00   0.00000000E+00
  2.   47.  -0.11390086E-01   0.10743214E-10   0.57249938E+00   0.00000000E+00
  2.   48.  -0.11390086E-01   0.90189633E-11   0.50475525E+00   0.00000000E+00
  2.   49.  -0.11390086E-01   0.63452803E-11   0.44658204E+00   0.00000000E+00
  2.   50.  -0.11390086E-01   0.36891248E-11   0.40194417E+00   0.00000000E+00
  2.   51.  -0.11390086E-01   0.15746060E-11   0.37388363E+00   0.00000000E+00
  2.   52.  -0.11390086E-01   0.00000000E+00   0.36431270E+00   0.00000000E+00
  2.   53.  -0.11390086E-01   0.00000000E+00   0.10000000E+01   0.00000000E+00
  2.   54.  -0.11390086E-01   0.30634060E-12   0.98791041E+00   0.00000000E+00
  2.   55.  -0.11390086E-01   0.11844404E-11   0.95246552E+00   0.00000000E+00
  2.   56.  -0.11390086E-01   0.32470667E-11   0.89608084E+00   0.00000000E+00
  2.   57.  -0.11390086E-01   0.71549801E-11   0.82259889E+00   0.00000000E+00
  2.   58.  -0.11390086E-01   0.10394520E-10   0.73702736E+00   0.00000000E+00
  2.   59.  -0.11390086E-01   0.11748726E-10   0.64519779E+00   0.00000000E+00
  2.   60.  -0.11390086E-01   0.11523748E-10   0.55336822E+00   0.00000000E+00
  2.   61.  -0.11390086E-01   0.94814866E-11   0.46779668E+00   0.00000000E+00
  2.   62.  -0.11390086E-01   0.63513658E-11   0.39431474E+00   0.00000000E+00
  2.   63.  -0.11390086E-01   0.34605525E-11   0.33793006E+00   0.00000000E+00
  2.   64.  -0.11390086E-01   0.12858990E-11   0.30248517E+00   0.00000000E+00
  2.   65.  -0.11390086E-01   0.00000000E+00   0.29039557E+00   0.00000000E+00
  2.   66.   0.24077781E-02   0.00000000E+00   0.10000000E+01   0.00000000E+00
  2.   67.   0.24077781E-02  -0.30746969E-12   0.98791041E+00   0.00000000E+00
  2.   68.   0.24077781E-02  -0.11995754E-11   0.95246552E+00   0.00000000E+00
  2.   69.   0.24077781E-02  -0.32537308E-11   0.89608084E+00   0.00000000E+00
  2.   70.   0.24077781E-02  -0.71497121E-11   0.82259889E+00   0.00000000E+00
  2.   71.   0.24077781E-02  -0.10420426E-10   0.73702736E+00   0.00000000E+00
  2.   72.   0.24077781E-02  -0.11795693E-10   0.64519779E+00   0.00000000E+00
  2.   73.   0.24077781E-02  -0.11479690E-10   0.55336822E+00   0.00000000E+00
  2.   74.   0.24077781E-02  -0.94790722E-11   0.46779668E+00   0.00000000E+00
  2.   75.   0.24077781E-02  -0.63494849E-11   0.39431474E+00   0.00000000E+00
  2.   76.   0.24077781E-02  -0.34636164E-11   0.33793006E+00   0.00000000E+00
  2.   77.   0.24077781E-02  -0.12864395E-11   0.30248517E+00   0.00000000E+00
  2.   78.   0.24077781E-02   0.00000000E+00   0.29039557E+00   0.00000000E+00
  3.    1.   0.19440338E-01   0.00000000E+00  -0.22150246E-01   0.00000000E+00
  3.    2.   0.19440338E-01   0.23827698E-12  -0.17174686E-01   0.00000000E+00
  3.    3.   0.19440338E-01   0.48454266E-12  -0.25870798E-02   0.00000000E+00
  3.    4.   0.19440338E-01   0.74121621E-12   0.20618450E-01   0.00000000E+00
  3.    5.   0.19440338E-01   0.99392116E-12   0.50860485E-01   0.00000000E+00
  3.    6.   0.19440338E-01   0.12134926E-11   0.86078081E-01   0.00000000E+00
  3.    7.   0.19440338E-01   0.13630928E-11   0.12387122E+00   0.00000000E+00
  3.    8.   0.19440338E-01   0.14115632E-11   0.16166435E+00   0.00000000E+00
  3.    9.   0.19440338E-01   0.13381806E-11   0.19688195E+00   0.00000000E+00
  3.   10.   0.19440338E-01   0.11453052E-11   0.22712398E+00   0.00000000E+00
  3.   11.   0.19440338E-01   0.82501294E-12   0.25032951E+00   0.00000000E+00
  3.   12.   0.19440338E-01   0.43410243E-12   0.26491712E+00   0.00000000E+00
  3.   13.   0.19440338E-01   0.00000000E+00   0.26989268E+00   0.00000000E+00
  3.   14.   0.19440338E-01   0.00000000E+00  -0.20467708E+00   0.00000000E+00
  3.   15.   0.19440338E-01   0.43028980E-12  -0.19348206E+00   0.00000000E+00
  3.   16.   0.19440338E-01   0.81103923E-12  -0.16065995E+00   0.00000000E+00
  3.   17.   0.19440338E-01   0.11204435E-11  -0.10844751E+00   0.00000000E+00
  3.   18.   0.19440338E-01   0.13368248E-11  -0.40402930E-01   0.00000000E+00
  3.   19.   0.19440338E-01   0.14544145E-11   0.38836661E-01   0.00000000E+00
  3.   20.   0.19440338E-01   0.14611341E-11   0.12387122E+00   0.00000000E+00
  3.   21.   0.19440338E-01   0.13139588E-11   0.20890577E+00   0.00000000E+00
  3.   22.   0.19440338E-01   0.98418490E-12   0.28814536E+00   0.00000000E+00
  3.   23.   0.19440338E-01   0.54776461E-12   0.35618994E+00   0.00000000E+00
  3.   24.   0.19440338E-01   0.22230001E-12   0.40840239E+00   0.00000000E+00
  3.   25.   0.19440338E-01   0.35910476E-13   0.44122450E+00   0.00000000E+00
  3.   26.   0.19440338E-01   0.00000000E+00   0.45241951E+00   0.00000000E+00
  3.   27.   0.19440338E-01   0.00000000E+00  -0.38720391E+00   0.00000000E+00
  3.   28.   0.19440338E-01   0.70580523E-12  -0.36978944E+00   0.00000000E+00
  3.   29.   0.19440338E-01   0.13027619E-11  -0.31873282E+00   0.00000000E+00
  3.   30.   0.19440338E-01   0.17049648E-11  -0.23751347E+00   0.00000000E+00
  3.   31.   0.19440338E-01   0.18914085E-11  -0.13166634E+00   0.00000000E+00
  3.   32.   0.19440338E-01   0.19715865E-11  -0.84047585E-02   0.00000000E+00
  3.   33.   0.19440338E-01   0.19239029E-11   0.12387122E+00   0.00000000E+00
  3.   34.   0.19440338E-01   0.16132646E-11   0.25614719E+00   0.00000000E+00
  3.   35.   0.19440338E-01   0.95758045E-12   0.37940878E+00   0.00000000E+00
  3.   36.   0.19440338E-01   0.45054134E-13   0.48525590E+00   0.00000000E+00
  3.   37.   0.19440338E-01  -0.65494217E-12   0.56647526E+00   0.00000000E+00
  3.   38.   0.19440338E-01  -0.56877506E-12   0.61753188E+00   0.00000000E+00
  3.   39.   0.19440338E-01   0.00000000E+00   0.63494634E+00   0.00000000E+00
  3.   40.   0.19440338E-01   0.00000000E+00  -0.56973074E+00   0.00000000E+00
  3.   41.   0.19440338E-01   0.10132314E-11  -0.54609682E+00   0.00000000E+00
  3.   42.   0.19440338E-01   0.18595497E-11  -0.47680569E+00   0.00000000E+00
  3.   43.   0.19440338E-01   0.24095934E-11  -0.36657943E+00   0.00000000E+00
  3.   44.   0.19440338E-01   0.23674578E-11  -0.22292976E+00   0.00000000E+00
  3.   45.   0.19440338E-01   0.22961045E-11  -0.55646178E-01   0.00000000E+00
  3.   46.   0.19440338E-01   0.23104567E-11   0.12387122E+00   0.00000000E+00
  3.   47.   0.19440338E-01   0.19952687E-11   0.30338861E+00   0.00000000E+00
  3.   48.   0.19440338E-01   0.10200952E-11   0.47067219E+00   0.00000000E+00
  3.   49.   0.19440338E-01  -0.65395694E-12   0.61432186E+00   0.00000000E+00
  3.   50.   0.19440338E-01  -0.17632882E-11   0.72454813E+00   0.00000000E+00
  3.   51.   0.19440338E-01  -0.15841801E-11   0.79383926E+00   0.00000000E+00
  3.   52.   0.19440338E-01   0.00000000E+00   0.81747317E+00   0.00000000E+00
  3.   53.   0.19440338E-01   0.00000000E+00  -0.75225757E+00   0.00000000E+00
  3.   54.   0.19440338E-01   0.15614302E-11  -0.72240420E+00   0.00000000E+00
  3.   55.   0.19440338E-01   0.26493003E-11  -0.63487857E+00   0.00000000E+00
  3.   56.   0.19440338E-01   0.30921727E-11  -0.49564539E+00   0.00000000E+00
  3.   57.   0.19440338E-01   0.25640646E-11  -0.31419317E+00   0.00000000E+00
  3.   58.   0.19440338E-01   0.23345823E-11  -0.10288760E+00   0.00000000E+00
  3.   59.   0.19440338E-01   0.23709561E-11   0.12387122E+00   0.00000000E+00
  3.   60.   0.19440338E-01   0.21251772E-11   0.35063003E+00   0.00000000E+00
  3.   61.   0.19440338E-01   0.85892310E-12   0.56193561E+00   0.00000000E+00
  3.   62.   0.19440338E-01  -0.14885040E-11   0.74338782E+00   0.00000000E+00
  3.   63.   0.19440338E-01  -0.28596211E-11   0.88262100E+00   0.00000000E+00
  3.   64.   0.19440338E-01  -0.26147045E-11   0.97014664E+00   0.00000000E+00
  3.   65.   0.19440338E-01   0.00000000E+00   0.10000000E+01   0.00000000E+00
  3.   66.  -0.14631337E-01   0.00000000E+00  -0.75225757E+00   0.00000000E+00
  3.   67.  -0.14631337E-01  -0.15599428E-11  -0.72240420E+00   0.00000000E+00
  3.   68.  -0.14631337E-01  -0.26377026E-11  -0.63487857E+00   0.00000000E+00
  3.   69.  -0.14631337E-01  -0.30871712E-11  -0.49564539E+00   0.00000000E+00
  3.   70.  -0.14631337E-01  -0.25641521E-11  -0.31419317E+00   0.00000000E+00
  3.   71.  -0.14631337E-01  -0.23283246E-11  -0.10288760E+00   0.00000000E+00
  3.   72.  -0.14631337E-01  -0.23722900E-11   0.12387122E+00   0.00000000E+00
  3.   73.  -0.14631337E-01  -0.20905498E-11   0.35063003E+00   0.00000000E+00
  3.   74.  -0.14631337E-01  -0.85583493E-12   0.56193561E+00   0.00000000E+00
  3.   75.  -0.14631337E-01   0.14875437E-11   0.74338782E+00   0.00000000E+00
  3.   76.  -0.14631337E-01   0.28429575E-11   0.88262100E+00   0.00000000E+00
  3.   77.  -0.14631337E-01   0.26030933E-11   0.97014664E+00   0.00000000E+00
  3.   78.  -0.14631337E-01   0.00000000E+00   0.10000000E+01   0.00000000E+00
  4.    1.  -0.10216320E-01   0.00000000E+00   0.40371190E-01   0.00000000E+00
  4.    2.  -0.98884646E-02   0.27197783E-02   0.34962476E-01   0.00000000E+00
  4.    3.  -0.89153740E-02   0.52255605E-02   0.20185595E-01   0.00000000E+00
  4.    4.  -0.73347155E-02   0.73347155E-02  -0.21622632E-10   0.00000000E+00
  4.    5.  -0.52255605E-02   0.89153740E-02  -0.20185595E-01   0.00000000E+00
  4.    6.  -0.27197783E-02   0.98884646E-02  -0.34962477E-01   0.00000000E+00
  4.    7.  -0.11665457E-10   0.10216320E-01  -0.40371191E-01   0.00000000E+00
  4.    8.   0.27197783E-02   0.98884646E-02  -0.34962477E-01   0.00000000E+00
  4.    9.   0.52255605E-02   0.89153740E-02  -0.20185595E-01   0.00000000E+00
  4.   10.   0.73347155E-02   0.73347155E-02  -0.20784941E-09   0.00000000E+00
  4.   11.   0.89153740E-02   0.52255605E-02   0.20185595E-01   0.00000000E+00
  4.   12.   0.98884646E-02   0.27197783E-02   0.34962476E-01   0.00000000E+00
  4.   13.   0.10216320E-01   0.00000000E+00   0.40371190E-01   0.00000000E+00
  4.   14.  -0.17069391E-01   0.00000000E+00   0.18290838E+00   0.00000000E+00
  4.   15.  -0.16730736E-01   0.53246603E-02   0.15840331E+00   0.00000000E+00
  4.   16.  -0.15595520E-01   0.99428422E-02   0.91454192E-01   0.00000000E+00
  4.   17.  -0.13397496E-01   0.13397496E-01   0.19285234E-09   0.00000000E+00
  4.   18.  -0.99428422E-02   0.15595520E-01  -0.91454192E-01   0.00000000E+00
  4.   19.  -0.53246603E-02   0.16730736E-01  -0.15840331E+00   0.00000000E+00
  4.   20.  -0.23432194E-10   0.17069391E-01  -0.18290838E+00   0.00000000E+00
  4.   21.   0.53246603E-02   0.16730736E-01  -0.15840331E+00   0.00000000E+00
  4.   22.   0.99428422E-02   0.15595520E-01  -0.91454193E-01   0.00000000E+00
  4.   23.   0.13397496E-01   0.13397496E-01  -0.64958035E-09   0.00000000E+00
  4.   24.   0.15595520E-01   0.99428422E-02   0.91454192E-01   0.00000000E+00
  4.   25.   0.16730736E-01   0.53246603E-02   0.15840331E+00   0.00000000E+00
  4.   26.   0.17069391E-01   0.00000000E+00   0.18290838E+00   0.00000000E+00
  4.   27.  -0.23669552E-01   0.00000000E+00   0.40312243E+00   0.00000000E+00
  4.   28.  -0.23275600E-01   0.76658567E-02   0.34911426E+00   0.00000000E+00
  4.   29.  -0.21878914E-01   0.14225838E-01   0.20156121E+00   0.00000000E+00
  4.   30.  -0.18991216E-01   0.18991216E-01   0.51063333E-09   0.00000000E+00
  4.   31.  -0.14225838E-01   0.21878914E-01  -0.20156121E+00   0.00000000E+00
  4.   32.  -0.76658567E-02   0.23275600E-01  -0.34911426E+00   0.00000000E+00
  4.   33.  -0.33727010E-10   0.23669552E-01  -0.40312243E+00   0.00000000E+00
  4.   34.   0.76658566E-02   0.23275600E-01  -0.34911426E+00   0.00000000E+00
  4.   35.   0.14225838E-01   0.21878914E-01  -0.20156122E+00   0.00000000E+00
  4.   36.   0.18991216E-01   0.18991216E-01  -0.13385225E-08   0.00000000E+00
  4.   37.   0.21878914E-01   0.14225838E-01   0.20156121E+00   0.00000000E+00
  4.   38.   0.23275600E-01   0.76658567E-02   0.34911426E+00   0.00000000E+00
  4.   39.   0.23669552E-01   0.00000000E+00   0.40312243E+00   0.00000000E+00
  4.   40.  -0.28075935E-01   0.00000000E+00   0.68221836E+00   0.00000000E+00
  4.   41.  -0.27820814E-01   0.98847816E-02   0.59081843E+00   0.00000000E+00
  4.   42.  -0.26661882E-01   0.18103800E-01   0.34110918E+00   0.00000000E+00
  4.   43.  -0.23685987E-01   0.23685987E-01   0.90369857E-09   0.00000000E+00
  4.   44.  -0.18103800E-01   0.26661882E-01  -0.34110918E+00   0.00000000E+00
  4.   45.  -0.98847817E-02   0.27820814E-01  -0.59081843E+00   0.00000000E+00
  4.   46.  -0.43477270E-10   0.28075935E-01  -0.68221836E+00   0.00000000E+00
  4.   47.   0.98847816E-02   0.27820814E-01  -0.59081843E+00   0.00000000E+00
  4.   48.   0.18103800E-01   0.26661882E-01  -0.34110918E+00   0.00000000E+00
  4.   49.   0.23685987E-01   0.23685987E-01  -0.22146059E-08   0.00000000E+00
  4.   50.   0.26661882E-01   0.18103800E-01   0.34110918E+00   0.00000000E+00
  4.   51.   0.27820814E-01   0.98847817E-02   0.59081843E+00   0.00000000E+00
  4.   52.   0.28075935E-01   0.00000000E+00   0.68221836E+00   0.00000000E+00
  4.   53.  -0.31128094E-01   0.00000000E+00   0.99984937E+00   0.00000000E+00
  4.   54.  -0.31015681E-01   0.11595465E-01   0.86589495E+00   0.00000000E+00
  4.   55.  -0.30130630E-01   0.21059688E-01   0.49992469E+00   0.00000000E+00
  4.   56.  -0.27192226E-01   0.27192226E-01   0.13432321E-08   0.00000000E+00
  4.   57.  -0.21059688E-01   0.30130630E-01  -0.49992468E+00   0.00000000E+00
  4.   58.  -0.11595465E-01   0.31015681E-01  -0.86589495E+00   0.00000000E+00
  4.   59.  -0.50780840E-10   0.31128094E-01  -0.99984937E+00   0.00000000E+00
  4.   60.   0.11595465E-01   0.31015681E-01  -0.86589496E+00   0.00000000E+00
  4.   61.   0.21059688E-01   0.30130630E-01  -0.49992469E+00   0.00000000E+00
  4.   62.   0.27192226E-01   0.27192226E-01  -0.32160584E-08   0.00000000E+00
  4.   63.   0.30130630E-01   0.21059688E-01   0.49992468E+00   0.00000000E+00
  4.   64.   0.31015681E-01   0.11595465E-01   0.86589495E+00   0.00000000E+00
  4.   65.   0.31128094E-01   0.00000000E+00   0.99984937E+00   0.00000000E+00
  4.   66.   0.31128094E-01   0.00000000E+00   0.99984937E+00   0.00000000E+00
  4.   67.   0.31015681E-01  -0.11595465E-01   0.86589495E+00   0.00000000E+00
  4.   68.   0.30130630E-01  -0.21059688E-01   0.49992469E+00   0.00000000E+00
  4.   69.   0.27192226E-01  -0.27192226E-01   0.13432398E-08   0.00000000E+00
  4.   70.   0.21059688E-01  -0.30130630E-01  -0.49992468E+00   0.00000000E+00
  4.   71.   0.11595465E-01  -0.31015681E-01  -0.86589495E+00   0.00000000E+00
  4.   72.   0.52045149E-10  -0.31128094E-01  -0.99984937E+00   0.00000000E+00
  4.   73.  -0.11595465E-01  -0.31015681E-01  -0.86589496E+00   0.00000000E+00
  4.   74.  -0.21059688E-01  -0.30130630E-01  -0.49992469E+00   0.00000000E+00
  4.   75.  -0.27192226E-01  -0.27192226E-01  -0.32160605E-08   0.00000000E+00
  4.   76.  -0.30130630E-01  -0.21059688E-01   0.49992468E+00   0.00000000E+00
  4.   77.  -0.31015681E-01  -0.11595465E-01   0.86589495E+00   0.00000000E+00
  4.   78.  -0.31128094E-01   0.00000000E+00   0.99984937E+00   0.00000000E+00
  5.    1.   0.34630120E-01   0.00000000E+00   0.99929520E+00   0.00000000E+00
  5.    2.   0.33450128E-01   0.89629347E-02   0.99929520E+00   0.00000000E+00
  5.    3.   0.29990564E-01   0.17315060E-01   0.99929520E+00   0.00000000E+00
  5.    4.   0.24487193E-01   0.24487193E-01   0.99929520E+00   0.00000000E+00
  5.    5.   0.17315060E-01   0.29990564E-01   0.99929520E+00   0.00000000E+00
  5.    6.   0.89629347E-02   0.33450128E-01   0.99929520E+00   0.00000000E+00
  5.    7.   0.38226848E-10   0.34630120E-01   0.99929520E+00   0.00000000E+00
  5.    8.  -0.89629347E-02   0.33450128E-01   0.99929520E+00   0.00000000E+00
  5.    9.  -0.17315060E-01   0.29990564E-01   0.99929520E+00   0.00000000E+00
  5.   10.  -0.24487193E-01   0.24487193E-01   0.99929520E+00   0.00000000E+00
  5.   11.  -0.29990564E-01   0.17315060E-01   0.99929520E+00   0.00000000E+00
  5.   12.  -0.33450128E-01   0.89629348E-02   0.99929520E+00   0.00000000E+00
  5.   13.  -0.34630120E-01   0.00000000E+00   0.99929520E+00   0.00000000E+00
  5.   14.   0.36032053E-01   0.00000000E+00   0.63474984E+00   0.00000000E+00
  5.   15.   0.34804291E-01   0.93257816E-02   0.63474984E+00   0.00000000E+00
  5.   16.   0.31204673E-01   0.18016027E-01   0.63474984E+00   0.00000000E+00
  5.   17.   0.25478509E-01   0.25478509E-01   0.63474984E+00   0.00000000E+00
  5.   18.   0.18016027E-01   0.31204673E-01   0.63474984E+00   0.00000000E+00
  5.   19.   0.93257816E-02   0.34804291E-01   0.63474984E+00   0.00000000E+00
  5.   20.   0.39881237E-10   0.36032053E-01   0.63474984E+00   0.00000000E+00
  5.   21.  -0.93257815E-02   0.34804291E-01   0.63474984E+00   0.00000000E+00
  5.   22.  -0.18016027E-01   0.31204673E-01   0.63474984E+00   0.00000000E+00
  5.   23.  -0.25478509E-01   0.25478509E-01   0.63474984E+00   0.00000000E+00
  5.   24.  -0.31204673E-01   0.18016027E-01   0.63474984E+00   0.00000000E+00
  5.   25.  -0.34804291E-01   0.93257817E-02   0.63474984E+00   0.00000000E+00
  5.   26.  -0.36032053E-01   0.00000000E+00   0.63474984E+00   0.00000000E+00
  5.   27.   0.40912952E-01   0.00000000E+00   0.21907807E+00   0.00000000E+00
  5.   28.   0.39518877E-01   0.10589051E-01   0.21907807E+00   0.00000000E+00
  5.   29.   0.35431656E-01   0.20456476E-01   0.21907807E+00   0.00000000E+00
  5.   30.   0.28929826E-01   0.28929826E-01   0.21907807E+00   0.00000000E+00
  5.   31.   0.20456476E-01   0.35431656E-01   0.21907807E+00   0.00000000E+00
  5.   32.   0.10589051E-01   0.39518877E-01   0.21907807E+00   0.00000000E+00
  5.   33.   0.46067876E-10   0.40912952E-01   0.21907807E+00   0.00000000E+00
  5.   34.  -0.10589051E-01   0.39518877E-01   0.21907807E+00   0.00000000E+00
  5.   35.  -0.20456476E-01   0.35431656E-01   0.21907807E+00   0.00000000E+00
  5.   36.  -0.28929826E-01   0.28929826E-01   0.21907807E+00   0.00000000E+00
  5.   37.  -0.35431656E-01   0.20456476E-01   0.21907807E+00   0.00000000E+00
  5.   38.  -0.39518877E-01   0.10589051E-01   0.21907807E+00   0.00000000E+00
  5.   39.  -0.40912952E-01   0.00000000E+00   0.21907807E+00   0.00000000E+00
  5.   40.   0.41402387E-01   0.00000000E+00  -0.22636889E+00   0.00000000E+00
  5.   41.   0.39991634E-01   0.10715726E-01  -0.22636889E+00   0.00000000E+00
  5.   42.   0.35855518E-01   0.20701193E-01  -0.22636889E+00   0.00000000E+00
  5.   43.   0.29275908E-01   0.29275908E-01  -0.22636889E+00   0.00000000E+00
  5.   44.   0.20701193E-01   0.35855518E-01  -0.22636889E+00   0.00000000E+00
  5.   45.   0.10715726E-01   0.39991634E-01  -0.22636889E+00   0.00000000E+00
  5.   46.   0.47271525E-10   0.41402387E-01  -0.22636889E+00   0.00000000E+00
  5.   47.  -0.10715726E-01   0.39991634E-01  -0.22636889E+00   0.00000000E+00
  5.   48.  -0.20701193E-01   0.35855519E-01  -0.22636889E+00   0.00000000E+00
  5.   49.  -0.29275908E-01   0.29275908E-01  -0.22636889E+00   0.00000000E+00
  5.   50.  -0.35855518E-01   0.20701193E-01  -0.22636889E+00   0.00000000E+00
  5.   51.  -0.39991634E-01   0.10715726E-01  -0.22636889E+00   0.00000000E+00
  5.   52.  -0.41402387E-01   0.00000000E+00  -0.22636889E+00   0.00000000E+00
  5.   53.   0.38933508E-01   0.00000000E+00  -0.65770596E+00   0.00000000E+00
  5.   54.   0.37606881E-01   0.10076733E-01  -0.65770596E+00   0.00000000E+00
  5.   55.   0.33717407E-01   0.19466754E-01  -0.65770596E+00   0.00000000E+00
  5.   56.   0.27530148E-01   0.27530148E-01  -0.65770596E+00   0.00000000E+00
  5.   57.   0.19466754E-01   0.33717407E-01  -0.65770596E+00   0.00000000E+00
  5.   58.   0.10076733E-01   0.37606881E-01  -0.65770596E+00   0.00000000E+00
  5.   59.   0.45227651E-10   0.38933508E-01  -0.65770596E+00   0.00000000E+00
  5.   60.  -0.10076733E-01   0.37606881E-01  -0.65770596E+00   0.00000000E+00
  5.   61.  -0.19466754E-01   0.33717407E-01  -0.65770596E+00   0.00000000E+00
  5.   62.  -0.27530148E-01   0.27530148E-01  -0.65770596E+00   0.00000000E+00
  5.   63.  -0.33717407E-01   0.19466754E-01  -0.65770596E+00   0.00000000E+00
  5.   64.  -0.37606881E-01   0.10076734E-01  -0.65770596E+00   0.00000000E+00
  5.   65.  -0.38933508E-01   0.00000000E+00  -0.65770596E+00   0.00000000E+00
  5.   66.  -0.38933508E-01   0.00000000E+00  -0.65770596E+00   0.00000000E+00
  5.   67.  -0.37606881E-01  -0.10076733E-01  -0.65770596E+00   0.00000000E+00
  5.   68.  -0.33717407E-01  -0.19466754E-01  -0.65770596E+00   0.00000000E+00
  5.   69.  -0.27530148E-01  -0.27530148E-01  -0.65770596E+00   0.00000000E+00
  5.   70.  -0.19466754E-01  -0.33717407E-01  -0.65770596E+00   0.00000000E+00
  5.   71.  -0.10076733E-01  -0.37606881E-01  -0.65770596E+00   0.00000000E+00
  5.   72.  -0.51536281E-10  -0.38933508E-01  -0.65770596E+00   0.00000000E+00
  5.   73.   0.10076733E-01  -0.37606881E-01  -0.65770596E+00   0.00000000E+00
  5.   74.   0.19466754E-01  -0.33717407E-01  -0.65770596E+00   0.00000000E+00
  5.   75.   0.27530148E-01  -0.27530148E-01  -0.65770596E+00   0.00000000E+00
  5.   76.   0.33717407E-01  -0.19466754E-01  -0.65770596E+00   0.00000000E+00
  5.   77.   0.37606881E-01  -0.10076734E-01  -0.65770596E+00   0.00000000E+00
  5.   78.   0.38933508E-01   0.00000000E+00  -0.65770596E+00   0.00000000E+00
  6.    1.  -0.37393952E-02   0.00000000E+00   0.89411800E-02   0.00000000E+00
  6.    2.  -0.32489807E-02   0.19091435E-02   0.63223690E-02   0.00000000E+00
  6.    3.  -0.18985740E-02   0.32884267E-02  -0.20599015E-10   0.00000000E+00
  6.    4.  -0.28876450E-04   0.37682716E-02  -0.63223691E-02   0.00000000E+00
  6.    5.   0.18696976E-02   0.32384112E-02  -0.89411801E-02   0.00000000E+00
  6.    6.   0.32778572E-02   0.18591281E-02  -0.63223691E-02   0.00000000E+00
  6.    7.   0.37971481E-02   0.71547497E-11  -0.72553305E-10   0.00000000E+00
  6.    8.   0.32778572E-02  -0.18591281E-02   0.63223690E-02   0.00000000E+00
  6.    9.   0.18696976E-02  -0.32384112E-02   0.89411800E-02   0.00000000E+00
  6.   10.  -0.28876430E-04  -0.37682716E-02   0.63223690E-02   0.00000000E+00
  6.   11.  -0.18985740E-02  -0.32884267E-02  -0.39818426E-11   0.00000000E+00
  6.   12.  -0.32489807E-02  -0.19091436E-02  -0.63223691E-02   0.00000000E+00
  6.   13.  -0.37393952E-02   0.00000000E+00  -0.89411801E-02   0.00000000E+00
  6.   14.  -0.12324301E-01   0.00000000E+00   0.86981556E-01   0.00000000E+00
  6.   15.  -0.10888127E-01   0.69644266E-02   0.61505248E-01   0.00000000E+00
  6.   16.  -0.67494573E-02   0.11690403E-01   0.48439076E-10   0.00000000E+00
  6.   17.  -0.58730690E-03   0.12911608E-01  -0.61505248E-01   0.00000000E+00
  6.   18.   0.61621504E-02   0.10673158E-01  -0.86981556E-01   0.00000000E+00
  6.   19.   0.11475434E-01   0.59471812E-02  -0.61505248E-01   0.00000000E+00
  6.   20.   0.13498915E-01   0.25338857E-10  -0.32640724E-09   0.00000000E+00
  6.   21.   0.11475434E-01  -0.59471812E-02   0.61505248E-01   0.00000000E+00
  6.   22.   0.61621505E-02  -0.10673158E-01   0.86981556E-01   0.00000000E+00
  6.   23.  -0.58730684E-03  -0.12911608E-01   0.61505248E-01   0.00000000E+00
  6.   24.  -0.67494573E-02  -0.11690403E-01   0.50306881E-09   0.00000000E+00
  6.   25.  -0.10888127E-01  -0.69644266E-02  -0.61505248E-01   0.00000000E+00
  6.   26.  -0.12324301E-01   0.00000000E+00  -0.86981556E-01   0.00000000E+00
  6.   27.  -0.24237163E-01   0.00000000E+00   0.28361294E+00   0.00000000E+00
  6.   28.  -0.21735373E-01   0.14900355E-01   0.20054463E+00   0.00000000E+00
  6.   29.  -0.14154981E-01   0.24517146E-01   0.16736330E-09   0.00000000E+00
  6.   30.  -0.20363995E-02   0.26273563E-01  -0.20054463E+00   0.00000000E+00
  6.   31.   0.12118582E-01   0.20989999E-01  -0.28361294E+00   0.00000000E+00
  6.   32.   0.23771772E-01   0.11373208E-01  -0.20054463E+00   0.00000000E+00
  6.   33.   0.28309962E-01   0.49844605E-10  -0.99659212E-09   0.00000000E+00
  6.   34.   0.23771772E-01  -0.11373208E-01   0.20054463E+00   0.00000000E+00
  6.   35.   0.12118582E-01  -0.20989999E-01   0.28361294E+00   0.00000000E+00
  6.   36.  -0.20363993E-02  -0.26273563E-01   0.20054463E+00   0.00000000E+00
  6.   37.  -0.14154981E-01  -0.24517146E-01   0.17814514E-08   0.00000000E+00
  6.   38.  -0.21735373E-01  -0.14900355E-01  -0.20054463E+00   0.00000000E+00
  6.   39.  -0.24237163E-01   0.00000000E+00  -0.28361294E+00   0.00000000E+00
  6.   40.  -0.33782054E-01   0.00000000E+00   0.59801123E+00   0.00000000E+00
  6.   41.  -0.31126377E-01   0.23870934E-01   0.42285780E+00   0.00000000E+00
  6.   42.  -0.22000673E-01   0.38106284E-01   0.33322857E-09   0.00000000E+00
  6.   43.  -0.51096463E-02   0.38891700E-01  -0.42285780E+00   0.00000000E+00
  6.   44.   0.16891027E-01   0.29256117E-01  -0.59801123E+00   0.00000000E+00
  6.   45.   0.36236024E-01   0.15020767E-01  -0.42285780E+00   0.00000000E+00
  6.   46.   0.44001347E-01   0.65813380E-10  -0.20828696E-08   0.00000000E+00
  6.   47.   0.36236024E-01  -0.15020767E-01   0.42285780E+00   0.00000000E+00
  6.   48.   0.16891027E-01  -0.29256117E-01   0.59801123E+00   0.00000000E+00
  6.   49.  -0.51096462E-02  -0.38891700E-01   0.42285780E+00   0.00000000E+00
  6.   50.  -0.22000673E-01  -0.38106284E-01   0.38224231E-08   0.00000000E+00
  6.   51.  -0.31126377E-01  -0.23870934E-01  -0.42285780E+00   0.00000000E+00
  6.   52.  -0.33782054E-01   0.00000000E+00  -0.59801123E+00   0.00000000E+00
  6.   53.  -0.41265755E-01   0.00000000E+00   0.99957294E+00   0.00000000E+00
  6.   54.  -0.38633912E-01   0.31443582E-01   0.70680481E+00   0.00000000E+00
  6.   55.  -0.28546862E-01   0.49444616E-01   0.53733357E-09   0.00000000E+00
  6.   56.  -0.79139848E-02   0.49179740E-01  -0.70680481E+00   0.00000000E+00
  6.   57.   0.20632878E-01   0.35737192E-01  -0.99957294E+00   0.00000000E+00
  6.   58.   0.46547897E-01   0.17736158E-01  -0.70680481E+00   0.00000000E+00
  6.   59.   0.57093725E-01   0.76132993E-10  -0.34748354E-08   0.00000000E+00
  6.   60.   0.46547897E-01  -0.17736158E-01   0.70680480E+00   0.00000000E+00
  6.   61.   0.20632878E-01  -0.35737192E-01   0.99957294E+00   0.00000000E+00
  6.   62.  -0.79139846E-02  -0.49179740E-01   0.70680481E+00   0.00000000E+00
  6.   63.  -0.28546862E-01  -0.49444616E-01   0.64259061E-08   0.00000000E+00
  6.   64.  -0.38633912E-01  -0.31443582E-01  -0.70680480E+00   0.00000000E+00
  6.   65.  -0.41265755E-01   0.00000000E+00  -0.99957294E+00   0.00000000E+00
  6.   66.   0.41265755E-01   0.00000000E+00   0.99957294E+00   0.00000000E+00
  6.   67.   0.38633912E-01  -0.31443582E-01   0.70680481E+00   0.00000000E+00
  6.   68.   0.28546862E-01  -0.49444616E-01   0.53737918E-09   0.00000000E+00
  6.   69.   0.79139848E-02  -0.49179740E-01  -0.70680481E+00   0.00000000E+00
  6.   70.  -0.20632878E-01  -0.35737192E-01  -0.99957294E+00   0.00000000E+00
  6.   71.  -0.46547897E-01  -0.17736158E-01  -0.70680481E+00   0.00000000E+00
  6.   72.  -0.57093725E-01  -0.75997823E-10  -0.34747189E-08   0.00000000E+00
  6.   73.  -0.46547897E-01   0.17736158E-01   0.70680480E+00   0.00000000E+00
  6.   74.  -0.20632878E-01   0.35737192E-01   0.99957294E+00   0.00000000E+00
  6.   75.   0.79139846E-02   0.49179740E-01   0.70680481E+00   0.00000000E+00
  6.   76.   0.28546862E-01   0.49444616E-01   0.64259756E-08   0.00000000E+00
  6.   77.   0.38633912E-01   0.31443582E-01  -0.70680480E+00   0.00000000E+00
  6.   78.   0.41265755E-01   0.00000000E+00  -0.99957294E+00   0.00000000E+00
  7.    1.  -0.29273237E-01   0.00000000E+00   0.78423128E+00   0.00000000E+00
  7.    2.  -0.33025018E-01   0.14001840E-01   0.75750925E+00   0.00000000E+00
  7.    3.  -0.43275077E-01   0.24251899E-01   0.67916421E+00   0.00000000E+00
  7.    4.  -0.57276917E-01   0.28003680E-01   0.55453526E+00   0.00000000E+00
  7.    5.  -0.71278757E-01   0.24251899E-01   0.39211564E+00   0.00000000E+00
  7.    6.  -0.81528816E-01   0.14001840E-01   0.20297399E+00   0.00000000E+00
  7.    7.  -0.85280597E-01   0.66744144E-10   0.94514688E-09   0.00000000E+00
  7.    8.  -0.81528816E-01  -0.14001840E-01  -0.20297399E+00   0.00000000E+00
  7.    9.  -0.71278757E-01  -0.24251899E-01  -0.39211564E+00   0.00000000E+00
  7.   10.  -0.57276917E-01  -0.28003680E-01  -0.55453526E+00   0.00000000E+00
  7.   11.  -0.43275077E-01  -0.24251899E-01  -0.67916421E+00   0.00000000E+00
  7.   12.  -0.33025018E-01  -0.14001840E-01  -0.75750925E+00   0.00000000E+00
  7.   13.  -0.29273237E-01   0.00000000E+00  -0.78423128E+00   0.00000000E+00
  7.   14.   0.12359409E-02   0.00000000E+00   0.99812972E+00   0.00000000E+00
  7.   15.  -0.22985140E-02   0.13190765E-01   0.96411927E+00   0.00000000E+00
  7.   16.  -0.11954824E-01   0.22847075E-01   0.86440569E+00   0.00000000E+00
  7.   17.  -0.25145589E-01   0.26381530E-01   0.70578429E+00   0.00000000E+00
  7.   18.  -0.38336355E-01   0.22847075E-01   0.49906486E+00   0.00000000E+00
  7.   19.  -0.47992665E-01   0.13190765E-01   0.25833498E+00   0.00000000E+00
  7.   20.  -0.51527120E-01   0.63207266E-10   0.11923920E-08   0.00000000E+00
  7.   21.  -0.47992665E-01  -0.13190765E-01  -0.25833498E+00   0.00000000E+00
  7.   22.  -0.38336355E-01  -0.22847075E-01  -0.49906486E+00   0.00000000E+00
  7.   23.  -0.25145589E-01  -0.26381530E-01  -0.70578429E+00   0.00000000E+00
  7.   24.  -0.11954824E-01  -0.22847075E-01  -0.86440569E+00   0.00000000E+00
  7.   25.  -0.22985140E-02  -0.13190765E-01  -0.96411927E+00   0.00000000E+00
  7.   26.   0.12359409E-02   0.00000000E+00  -0.99812972E+00   0.00000000E+00
  7.   27.   0.53116921E-01   0.00000000E+00   0.69661163E+00   0.00000000E+00
  7.   28.   0.48011646E-01   0.19053147E-01   0.67287517E+00   0.00000000E+00
  7.   29.   0.34063774E-01   0.33001019E-01   0.60328337E+00   0.00000000E+00
  7.   30.   0.15010627E-01   0.38106294E-01   0.49257881E+00   0.00000000E+00
  7.   31.  -0.40425206E-02   0.33001019E-01   0.34830582E+00   0.00000000E+00
  7.   32.  -0.17990392E-01   0.19053147E-01   0.18029636E+00   0.00000000E+00
  7.   33.  -0.23095668E-01   0.90676939E-10   0.83574082E-09   0.00000000E+00
  7.   34.  -0.17990392E-01  -0.19053147E-01  -0.18029636E+00   0.00000000E+00
  7.   35.  -0.40425207E-02  -0.33001019E-01  -0.34830582E+00   0.00000000E+00
  7.   36.   0.15010626E-01  -0.38106294E-01  -0.49257881E+00   0.00000000E+00
  7.   37.   0.34063774E-01  -0.33001019E-01  -0.60328337E+00   0.00000000E+00
  7.   38.   0.48011646E-01  -0.19053147E-01  -0.67287517E+00   0.00000000E+00
  7.   39.   0.53116921E-01   0.00000000E+00  -0.69661163E+00   0.00000000E+00
  7.   40.   0.80616733E-01   0.00000000E+00  -0.51268974E-01   0.00000000E+00
  7.   41.   0.75303581E-01   0.19828951E-01  -0.49522026E-01   0.00000000E+00
  7.   42.   0.60787782E-01   0.34344751E-01  -0.44400234E-01   0.00000000E+00
  7.   43.   0.40958831E-01   0.39657902E-01  -0.36252639E-01   0.00000000E+00
  7.   44.   0.21129880E-01   0.34344751E-01  -0.25634487E-01   0.00000000E+00
  7.   45.   0.66140800E-02   0.19828951E-01  -0.13269387E-01   0.00000000E+00
  7.   46.   0.13009285E-02   0.92755045E-10  -0.45217655E-10   0.00000000E+00
  7.   47.   0.66140799E-02  -0.19828951E-01   0.13269387E-01   0.00000000E+00
  7.   48.   0.21129879E-01  -0.34344751E-01   0.25634487E-01   0.00000000E+00
  7.   49.   0.40958830E-01  -0.39657902E-01   0.36252639E-01   0.00000000E+00
  7.   50.   0.60787781E-01  -0.34344751E-01   0.44400233E-01   0.00000000E+00
  7.   51.   0.75303581E-01  -0.19828951E-01   0.49522026E-01   0.00000000E+00
  7.   52.   0.80616733E-01   0.00000000E+00   0.51268974E-01   0.00000000E+00
  7.   53.   0.80999545E-01   0.00000000E+00  -0.93210775E+00   0.00000000E+00
  7.   54.   0.76713362E-01   0.15996255E-01  -0.90034695E+00   0.00000000E+00
  7.   55.   0.65003290E-01   0.27706326E-01  -0.80722899E+00   0.00000000E+00
  7.   56.   0.49007035E-01   0.31992510E-01  -0.65909971E+00   0.00000000E+00
  7.   57.   0.33010780E-01   0.27706326E-01  -0.46605387E+00   0.00000000E+00
  7.   58.   0.21300709E-01   0.15996255E-01  -0.24124724E+00   0.00000000E+00
  7.   59.   0.17014525E-01   0.75994292E-10  -0.10738990E-08   0.00000000E+00
  7.   60.   0.21300709E-01  -0.15996255E-01   0.24124724E+00   0.00000000E+00
  7.   61.   0.33010780E-01  -0.27706326E-01   0.46605387E+00   0.00000000E+00
  7.   62.   0.49007035E-01  -0.31992510E-01   0.65909971E+00   0.00000000E+00
  7.   63.   0.65003290E-01  -0.27706326E-01   0.80722899E+00   0.00000000E+00
  7.   64.   0.76713362E-01  -0.15996255E-01   0.90034695E+00   0.00000000E+00
  7.   65.   0.80999545E-01   0.00000000E+00   0.93210775E+00   0.00000000E+00
  7.   66.  -0.80999545E-01   0.00000000E+00  -0.93210775E+00   0.00000000E+00
  7.   67.  -0.76713362E-01  -0.15996255E-01  -0.90034695E+00   0.00000000E+00
  7.   68.  -0.65003290E-01  -0.27706326E-01  -0.80722899E+00   0.00000000E+00
  7.   69.  -0.49007035E-01  -0.31992510E-01  -0.65909971E+00   0.00000000E+00
  7.   70.  -0.33010780E-01  -0.27706326E-01  -0.46605387E+00   0.00000000E+00
  7.   71.  -0.21300709E-01  -0.15996255E-01  -0.24124724E+00   0.00000000E+00
  7.   72.  -0.17014525E-01  -0.72106087E-10  -0.10741364E-08   0.00000000E+00
  7.   73.  -0.21300709E-01   0.15996255E-01   0.24124724E+00   0.00000000E+00
  7.   74.  -0.33010780E-01   0.27706326E-01   0.46605387E+00   0.00000000E+00
  7.   75.  -0.49007035E-01   0.31992510E-01   0.65909971E+00   0.00000000E+00
  7.   76.  -0.65003290E-01   0.27706326E-01   0.80722899E+00   0.00000000E+00
  7.   77.  -0.76713362E-01   0.15996255E-01   0.90034695E+00   0.00000000E+00
  7.   78.  -0.80999545E-01   0.00000000E+00   0.93210775E+00   0.00000000E+00
  8.    1.  -0.12245555E-02   0.00000000E+00   0.19745709E-02   0.00000000E+00
  8.    2.  -0.86830915E-03   0.87491437E-03   0.98728543E-03   0.00000000E+00
  8.    3.  -0.46705999E-05   0.12326452E-02  -0.98728552E-03   0.00000000E+00
  8.    4.   0.86589147E-03   0.86589147E-03  -0.19745710E-02   0.00000000E+00
  8.    5.   0.12326452E-02  -0.46705971E-05  -0.98728552E-03   0.00000000E+00
  8.    6.   0.87491438E-03  -0.86830915E-03   0.98728543E-03   0.00000000E+00
  8.    7.   0.52396118E-11  -0.12245555E-02   0.19745709E-02   0.00000000E+00
  8.    8.  -0.87491437E-03  -0.86830916E-03   0.98728546E-03   0.00000000E+00
  8.    9.  -0.12326452E-02  -0.46706043E-05  -0.98728549E-03   0.00000000E+00
  8.   10.  -0.86589148E-03   0.86589147E-03  -0.19745710E-02   0.00000000E+00
  8.   11.   0.46705909E-05   0.12326452E-02  -0.98728552E-03   0.00000000E+00
  8.   12.   0.86830915E-03   0.87491438E-03   0.98728544E-03   0.00000000E+00
  8.   13.   0.12245555E-02   0.00000000E+00   0.19745709E-02   0.00000000E+00
  8.   14.  -0.82118809E-02   0.00000000E+00   0.43178872E-01   0.00000000E+00
  8.   15.  -0.59651726E-02   0.63981915E-02   0.21589436E-01   0.00000000E+00
  8.   16.  -0.30619062E-03   0.87422185E-02  -0.21589436E-01   0.00000000E+00
  8.   17.   0.58066766E-02   0.58066767E-02  -0.43178872E-01   0.00000000E+00
  8.   18.   0.87422185E-02  -0.30619059E-03  -0.21589436E-01   0.00000000E+00
  8.   19.   0.63981915E-02  -0.59651726E-02   0.21589436E-01   0.00000000E+00
  8.   20.   0.32416300E-10  -0.82118809E-02   0.43178872E-01   0.00000000E+00
  8.   21.  -0.63981914E-02  -0.59651726E-02   0.21589436E-01   0.00000000E+00
  8.   22.  -0.87422186E-02  -0.30619065E-03  -0.21589436E-01   0.00000000E+00
  8.   23.  -0.58066767E-02   0.58066766E-02  -0.43178872E-01   0.00000000E+00
  8.   24.   0.30619056E-03   0.87422185E-02  -0.21589436E-01   0.00000000E+00
  8.   25.   0.59651725E-02   0.63981915E-02   0.21589436E-01   0.00000000E+00
  8.   26.   0.82118809E-02   0.00000000E+00   0.43178872E-01   0.00000000E+00
  8.   27.  -0.22837741E-01   0.00000000E+00   0.20631492E+00   0.00000000E+00
  8.   28.  -0.17173541E-01   0.19973398E-01   0.10315746E+00   0.00000000E+00
  8.   29.  -0.19797984E-02   0.26266852E-01  -0.10315746E+00   0.00000000E+00
  8.   30.   0.16148721E-01   0.16148721E-01  -0.20631492E+00   0.00000000E+00
  8.   31.   0.26266852E-01  -0.19797983E-02  -0.10315746E+00   0.00000000E+00
  8.   32.   0.19973398E-01  -0.17173540E-01   0.10315746E+00   0.00000000E+00
  8.   33.   0.10194088E-09  -0.22837741E-01   0.20631492E+00   0.00000000E+00
  8.   34.  -0.19973398E-01  -0.17173541E-01   0.10315746E+00   0.00000000E+00
  8.   35.  -0.26266852E-01  -0.19797985E-02  -0.10315746E+00   0.00000000E+00
  8.   36.  -0.16148722E-01   0.16148721E-01  -0.20631492E+00   0.00000000E+00
  8.   37.   0.19797982E-02   0.26266852E-01  -0.10315746E+00   0.00000000E+00
  8.   38.   0.17173540E-01   0.19973398E-01   0.10315746E+00   0.00000000E+00
  8.   39.   0.22837741E-01   0.00000000E+00   0.20631492E+00   0.00000000E+00
  8.   40.  -0.37381653E-01   0.00000000E+00   0.53327256E+00   0.00000000E+00
  8.   41.  -0.29763018E-01   0.38861287E-01   0.26663628E+00   0.00000000E+00
  8.   42.  -0.64334480E-02   0.48524712E-01  -0.26663628E+00   0.00000000E+00
  8.   43.   0.26432820E-01   0.26432821E-01  -0.53327256E+00   0.00000000E+00
  8.   44.   0.48524712E-01  -0.64334479E-02  -0.26663628E+00   0.00000000E+00
  8.   45.   0.38861288E-01  -0.29763018E-01   0.26663628E+00   0.00000000E+00
  8.   46.   0.20185672E-09  -0.37381653E-01   0.53327256E+00   0.00000000E+00
  8.   47.  -0.38861287E-01  -0.29763018E-01   0.26663628E+00   0.00000000E+00
  8.   48.  -0.48524712E-01  -0.64334481E-02  -0.26663628E+00   0.00000000E+00
  8.   49.  -0.26432821E-01   0.26432820E-01  -0.53327256E+00   0.00000000E+00
  8.   50.   0.64334477E-02   0.48524712E-01  -0.26663628E+00   0.00000000E+00
  8.   51.   0.29763018E-01   0.38861288E-01   0.26663628E+00   0.00000000E+00
  8.   52.   0.37381653E-01   0.00000000E+00   0.53327256E+00   0.00000000E+00
  8.   53.  -0.50181100E-01   0.00000000E+00   0.99917549E+00   0.00000000E+00
  8.   54.  -0.41135418E-01   0.56577029E-01   0.49958775E+00   0.00000000E+00
  8.   55.  -0.10918868E-01   0.69093134E-01  -0.49958774E+00   0.00000000E+00
  8.   56.   0.35483396E-01   0.35483396E-01  -0.99917549E+00   0.00000000E+00
  8.   57.   0.69093134E-01  -0.10918868E-01  -0.49958775E+00   0.00000000E+00
  8.   58.   0.56577029E-01  -0.41135418E-01   0.49958774E+00   0.00000000E+00
  8.   59.   0.29617785E-09  -0.50181100E-01   0.99917549E+00   0.00000000E+00
  8.   60.  -0.56577029E-01  -0.41135418E-01   0.49958775E+00   0.00000000E+00
  8.   61.  -0.69093134E-01  -0.10918868E-01  -0.49958774E+00   0.00000000E+00
  8.   62.  -0.35483396E-01   0.35483396E-01  -0.99917549E+00   0.00000000E+00
  8.   63.   0.10918867E-01   0.69093133E-01  -0.49958775E+00   0.00000000E+00
  8.   64.   0.41135418E-01   0.56577029E-01   0.49958774E+00   0.00000000E+00
  8.   65.   0.50181100E-01   0.00000000E+00   0.99917549E+00   0.00000000E+00
  8.   66.   0.50181100E-01   0.00000000E+00   0.99917549E+00   0.00000000E+00
  8.   67.   0.41135418E-01  -0.56577029E-01   0.49958775E+00   0.00000000E+00
  8.   68.   0.10918868E-01  -0.69093134E-01  -0.49958774E+00   0.00000000E+00
  8.   69.  -0.35483396E-01  -0.35483396E-01  -0.99917549E+00   0.00000000E+00
  8.   70.  -0.69093134E-01   0.10918868E-01  -0.49958775E+00   0.00000000E+00
  8.   71.  -0.56577029E-01   0.41135418E-01   0.49958774E+00   0.00000000E+00
  8.   72.  -0.29737591E-09   0.50181100E-01   0.99917549E+00   0.00000000E+00
  8.   73.   0.56577029E-01   0.41135418E-01   0.49958775E+00   0.00000000E+00
  8.   74.   0.69093134E-01   0.10918868E-01  -0.49958774E+00   0.00000000E+00
  8.   75.   0.35483396E-01  -0.35483396E-01  -0.99917549E+00   0.00000000E+00
  8.   76.  -0.10918867E-01  -0.69093133E-01  -0.49958775E+00   0.00000000E+00
  8.   77.  -0.41135418E-01  -0.56577029E-01   0.49958774E+00   0.00000000E+00
  8.   78.  -0.50181100E-01   0.00000000E+00   0.99917549E+00   0.00000000E+00
  9.    1.  -0.37680654E-03   0.00000000E+00   0.43565755E-03   0.00000000E+00
  9.    2.  -0.18853297E-03   0.32680810E-03   0.11275648E-03   0.00000000E+00
  9.    3.   0.18827358E-03   0.32654869E-03  -0.37729049E-03   0.00000000E+00
  9.    4.   0.37706596E-03  -0.25940806E-06  -0.30805638E-03   0.00000000E+00
  9.    5.   0.18879239E-03  -0.32654869E-03   0.21782881E-03   0.00000000E+00
  9.    6.  -0.18853297E-03  -0.32628929E-03   0.42081292E-03   0.00000000E+00
  9.    7.  -0.37732536E-03  -0.12505450E-11   0.47770750E-10   0.00000000E+00
  9.    8.  -0.18853298E-03   0.32628929E-03  -0.42081283E-03   0.00000000E+00
  9.    9.   0.18879238E-03   0.32654870E-03  -0.21782873E-03   0.00000000E+00
  9.   10.   0.37706595E-03   0.25940988E-06   0.30805644E-03   0.00000000E+00
  9.   11.   0.18827357E-03  -0.32654869E-03   0.37729054E-03   0.00000000E+00
  9.   12.  -0.18853298E-03  -0.32680810E-03  -0.11275644E-03   0.00000000E+00
  9.   13.  -0.37680655E-03   0.00000000E+00  -0.43565752E-03   0.00000000E+00
  9.   14.  -0.51948836E-02   0.00000000E+00   0.21894295E-01   0.00000000E+00
  9.   15.  -0.27086577E-02   0.49139646E-02   0.56666604E-02   0.00000000E+00
  9.   16.   0.24862259E-02   0.46915328E-02  -0.18961015E-01   0.00000000E+00
  9.   17.   0.54173154E-02  -0.22243183E-03  -0.15481604E-01   0.00000000E+00
  9.   18.   0.29310896E-02  -0.46915328E-02   0.10947147E-01   0.00000000E+00
  9.   19.  -0.27086577E-02  -0.44691009E-02   0.21148265E-01   0.00000000E+00
  9.   20.  -0.56397473E-02  -0.22542585E-10   0.17807599E-09   0.00000000E+00
  9.   21.  -0.27086577E-02   0.44691009E-02  -0.21148265E-01   0.00000000E+00
  9.   22.   0.29310895E-02   0.46915328E-02  -0.10947147E-01   0.00000000E+00
  9.   23.   0.54173154E-02   0.22243188E-03   0.15481604E-01   0.00000000E+00
  9.   24.   0.24862259E-02  -0.46915328E-02   0.18961015E-01   0.00000000E+00
  9.   25.  -0.27086577E-02  -0.49139646E-02  -0.56666602E-02   0.00000000E+00
  9.   26.  -0.51948836E-02   0.00000000E+00  -0.21894295E-01   0.00000000E+00
  9.   27.  -0.20601969E-01   0.00000000E+00   0.15220414E+00   0.00000000E+00
  9.   28.  -0.11454936E-01   0.22148435E-01   0.39393330E-01   0.00000000E+00
  9.   29.   0.91470325E-02   0.19840532E-01  -0.13181265E+00   0.00000000E+00
  9.   30.   0.22909873E-01  -0.23079037E-02  -0.10762458E+00   0.00000000E+00
  9.   31.   0.13762840E-01  -0.19840532E-01   0.76102068E-01   0.00000000E+00
  9.   32.  -0.11454936E-01  -0.17532628E-01   0.14701791E+00   0.00000000E+00
  9.   33.  -0.25217776E-01  -0.88404963E-10   0.93912103E-09   0.00000000E+00
  9.   34.  -0.11454936E-01   0.17532628E-01  -0.14701791E+00   0.00000000E+00
  9.   35.   0.13762840E-01   0.19840532E-01  -0.76102070E-01   0.00000000E+00
  9.   36.   0.22909873E-01   0.23079040E-02   0.10762458E+00   0.00000000E+00
  9.   37.   0.91470327E-02  -0.19840532E-01   0.13181265E+00   0.00000000E+00
  9.   38.  -0.11454936E-01  -0.22148436E-01  -0.39393328E-01   0.00000000E+00
  9.   39.  -0.20601969E-01   0.00000000E+00  -0.15220414E+00   0.00000000E+00
  9.   40.  -0.39784186E-01   0.00000000E+00   0.47977349E+00   0.00000000E+00
  9.   41.  -0.24603544E-01   0.52037489E-01   0.12417452E+00   0.00000000E+00
  9.   42.   0.15180642E-01   0.42614588E-01  -0.41549603E+00   0.00000000E+00
  9.   43.   0.49207087E-01  -0.94229016E-02  -0.33925109E+00   0.00000000E+00
  9.   44.   0.34026446E-01  -0.42614588E-01   0.23988674E+00   0.00000000E+00
  9.   45.  -0.24603544E-01  -0.33191686E-01   0.46342561E+00   0.00000000E+00
  9.   46.  -0.58629989E-01  -0.16045209E-09   0.28399625E-08   0.00000000E+00
  9.   47.  -0.24603544E-01   0.33191686E-01  -0.46342560E+00   0.00000000E+00
  9.   48.   0.34026445E-01   0.42614588E-01  -0.23988675E+00   0.00000000E+00
  9.   49.   0.49207087E-01   0.94229020E-02   0.33925109E+00   0.00000000E+00
  9.   50.   0.15180642E-01  -0.42614587E-01   0.41549603E+00   0.00000000E+00
  9.   51.  -0.24603543E-01  -0.52037490E-01  -0.12417451E+00   0.00000000E+00
  9.   52.  -0.39784186E-01   0.00000000E+00  -0.47977349E+00   0.00000000E+00
  9.   53.  -0.58482353E-01   0.00000000E+00   0.99866304E+00   0.00000000E+00
  9.   54.  -0.37959985E-01   0.83186239E-01   0.25847301E+00   0.00000000E+00
  9.   55.   0.20522368E-01   0.65748622E-01  -0.86486756E+00   0.00000000E+00
  9.   56.   0.75919969E-01  -0.17437616E-01  -0.70616141E+00   0.00000000E+00
  9.   57.   0.55397601E-01  -0.65748622E-01   0.49933151E+00   0.00000000E+00
  9.   58.  -0.37959984E-01  -0.48311006E-01   0.96463442E+00   0.00000000E+00
  9.   59.  -0.93357586E-01  -0.22647029E-09   0.58328637E-08   0.00000000E+00
  9.   60.  -0.37959985E-01   0.48311005E-01  -0.96463442E+00   0.00000000E+00
  9.   61.   0.55397601E-01   0.65748622E-01  -0.49933152E+00   0.00000000E+00
  9.   62.   0.75919969E-01   0.17437617E-01   0.70616140E+00   0.00000000E+00
  9.   63.   0.20522369E-01  -0.65748622E-01   0.86486756E+00   0.00000000E+00
  9.   64.  -0.37959984E-01  -0.83186239E-01  -0.25847300E+00   0.00000000E+00
  9.   65.  -0.58482353E-01   0.00000000E+00  -0.99866303E+00   0.00000000E+00
  9.   66.   0.58482353E-01   0.00000000E+00   0.99866304E+00   0.00000000E+00
  9.   67.   0.37959985E-01  -0.83186239E-01   0.25847301E+00   0.00000000E+00
  9.   68.  -0.20522368E-01  -0.65748622E-01  -0.86486756E+00   0.00000000E+00
  9.   69.  -0.75919969E-01   0.17437616E-01  -0.70616141E+00   0.00000000E+00
  9.   70.  -0.55397601E-01   0.65748622E-01   0.49933151E+00   0.00000000E+00
  9.   71.   0.37959984E-01   0.48311006E-01   0.96463442E+00   0.00000000E+00
  9.   72.   0.93357586E-01   0.23004818E-09   0.58326061E-08   0.00000000E+00
  9.   73.   0.37959985E-01  -0.48311005E-01  -0.96463442E+00   0.00000000E+00
  9.   74.  -0.55397601E-01  -0.65748622E-01  -0.49933152E+00   0.00000000E+00
  9.   75.  -0.75919969E-01  -0.17437617E-01   0.70616140E+00   0.00000000E+00
  9.   76.  -0.20522369E-01   0.65748622E-01   0.86486756E+00   0.00000000E+00
  9.   77.   0.37959984E-01   0.83186239E-01  -0.25847300E+00   0.00000000E+00
  9.   78.   0.58482353E-01   0.00000000E+00  -0.99866303E+00   0.00000000E+00
 10.    1.  -0.48857719E-01   0.00000000E+00   0.30587833E+00   0.00000000E+00
 10.    2.  -0.50311777E-01   0.24284996E-01   0.26489841E+00   0.00000000E+00
 10.    3.  -0.52747884E-01   0.42504296E-01   0.15293917E+00   0.00000000E+00
 10.    4.  -0.51589310E-01   0.51589310E-01   0.42538554E-09   0.00000000E+00
 10.    5.  -0.42504296E-01   0.52747884E-01  -0.15293917E+00   0.00000000E+00
 10.    6.  -0.24284996E-01   0.50311777E-01  -0.26489841E+00   0.00000000E+00
 10.    7.  -0.11647734E-09   0.48857719E-01  -0.30587833E+00   0.00000000E+00
 10.    8.   0.24284996E-01   0.50311777E-01  -0.26489841E+00   0.00000000E+00
 10.    9.   0.42504296E-01   0.52747884E-01  -0.15293917E+00   0.00000000E+00
 10.   10.   0.51589310E-01   0.51589310E-01  -0.10100379E-08   0.00000000E+00
 10.   11.   0.52747884E-01   0.42504297E-01   0.15293916E+00   0.00000000E+00
 10.   12.   0.50311777E-01   0.24284996E-01   0.26489840E+00   0.00000000E+00
 10.   13.   0.48857718E-01   0.00000000E+00   0.30587833E+00   0.00000000E+00
 10.   14.  -0.40123040E-01   0.00000000E+00   0.86059751E+00   0.00000000E+00
 10.   15.  -0.45023541E-01   0.33775835E-01   0.74529931E+00   0.00000000E+00
 10.   16.  -0.55719574E-01   0.56386093E-01   0.43029876E+00   0.00000000E+00
 10.   17.  -0.62618409E-01   0.62618409E-01   0.11862705E-08   0.00000000E+00
 10.   18.  -0.56386093E-01   0.55719574E-01  -0.43029876E+00   0.00000000E+00
 10.   19.  -0.33775835E-01   0.45023541E-01  -0.74529931E+00   0.00000000E+00
 10.   20.  -0.16308347E-09   0.40123040E-01  -0.86059751E+00   0.00000000E+00
 10.   21.   0.33775835E-01   0.45023541E-01  -0.74529931E+00   0.00000000E+00
 10.   22.   0.56386092E-01   0.55719573E-01  -0.43029876E+00   0.00000000E+00
 10.   23.   0.62618409E-01   0.62618409E-01  -0.28256284E-08   0.00000000E+00
 10.   24.   0.55719574E-01   0.56386093E-01   0.43029875E+00   0.00000000E+00
 10.   25.   0.45023541E-01   0.33775836E-01   0.74529931E+00   0.00000000E+00
 10.   26.   0.40123040E-01   0.00000000E+00   0.86059751E+00   0.00000000E+00
 10.   27.   0.35151743E-01   0.00000000E+00   0.91848994E+00   0.00000000E+00
 10.   28.   0.21544446E-01   0.37215058E-01   0.79543562E+00   0.00000000E+00
 10.   29.  -0.11080796E-01   0.54344244E-01   0.45924497E+00   0.00000000E+00
 10.   30.  -0.42950899E-01   0.42950900E-01   0.12470549E-08   0.00000000E+00
 10.   31.  -0.54344244E-01   0.11080796E-01  -0.45924497E+00   0.00000000E+00
 10.   32.  -0.37215058E-01  -0.21544446E-01  -0.79543562E+00   0.00000000E+00
 10.   33.  -0.18874396E-09  -0.35151743E-01  -0.91848994E+00   0.00000000E+00
 10.   34.   0.37215057E-01  -0.21544446E-01  -0.79543563E+00   0.00000000E+00
 10.   35.   0.54344244E-01   0.11080795E-01  -0.45924497E+00   0.00000000E+00
 10.   36.   0.42950900E-01   0.42950899E-01  -0.30004397E-08   0.00000000E+00
 10.   37.   0.11080796E-01   0.54344244E-01   0.45924497E+00   0.00000000E+00
 10.   38.  -0.21544446E-01   0.37215058E-01   0.79543562E+00   0.00000000E+00
 10.   39.  -0.35151743E-01   0.00000000E+00   0.91848994E+00   0.00000000E+00
 10.   40.   0.99082187E-01   0.00000000E+00   0.14902091E+00   0.00000000E+00
 10.   41.   0.81958062E-01   0.25663808E-01   0.12905590E+00   0.00000000E+00
 10.   42.   0.39806049E-01   0.30136088E-01   0.74510456E-01   0.00000000E+00
 10.   43.  -0.50586805E-02   0.50586807E-02   0.16395655E-09   0.00000000E+00
 10.   44.  -0.30136088E-01  -0.39806049E-01  -0.74510456E-01   0.00000000E+00
 10.   45.  -0.25663808E-01  -0.81958062E-01  -0.12905590E+00   0.00000000E+00
 10.   46.  -0.14191467E-09  -0.99082187E-01  -0.14902091E+00   0.00000000E+00
 10.   47.   0.25663808E-01  -0.81958063E-01  -0.12905590E+00   0.00000000E+00
 10.   48.   0.30136088E-01  -0.39806049E-01  -0.74510456E-01   0.00000000E+00
 10.   49.   0.50586809E-02   0.50586804E-02  -0.45574322E-09   0.00000000E+00
 10.   50.  -0.39806049E-01   0.30136088E-01   0.74510456E-01   0.00000000E+00
 10.   51.  -0.81958062E-01   0.25663808E-01   0.12905590E+00   0.00000000E+00
 10.   52.  -0.99082187E-01   0.00000000E+00   0.14902091E+00   0.00000000E+00
 10.   53.   0.10766895E+00   0.00000000E+00  -0.99590989E+00   0.00000000E+00
 10.   54.   0.94673728E-01   0.69401733E-02  -0.86248326E+00   0.00000000E+00
 10.   55.   0.62036991E-01   0.21773130E-03  -0.49795494E+00   0.00000000E+00
 10.   56.   0.25172536E-01  -0.25172536E-01  -0.14280012E-08   0.00000000E+00
 10.   57.  -0.21773123E-03  -0.62036991E-01   0.49795494E+00   0.00000000E+00
 10.   58.  -0.69401733E-02  -0.94673727E-01   0.86248326E+00   0.00000000E+00
 10.   59.  -0.53276653E-10  -0.10766895E+00   0.99590989E+00   0.00000000E+00
 10.   60.   0.69401733E-02  -0.94673728E-01   0.86248326E+00   0.00000000E+00
 10.   61.   0.21773138E-03  -0.62036991E-01   0.49795495E+00   0.00000000E+00
 10.   62.  -0.25172536E-01  -0.25172537E-01   0.33281068E-08   0.00000000E+00
 10.   63.  -0.62036991E-01   0.21773114E-03  -0.49795494E+00   0.00000000E+00
 10.   64.  -0.94673727E-01   0.69401733E-02  -0.86248326E+00   0.00000000E+00
 10.   65.  -0.10766895E+00   0.00000000E+00  -0.99590989E+00   0.00000000E+00
 10.   66.  -0.10766895E+00   0.00000000E+00  -0.99590989E+00   0.00000000E+00
 10.   67.  -0.94673728E-01  -0.69401733E-02  -0.86248326E+00   0.00000000E+00
 10.   68.  -0.62036991E-01  -0.21773130E-03  -0.49795494E+00   0.00000000E+00
 10.   69.  -0.25172536E-01   0.25172536E-01  -0.14283894E-08   0.00000000E+00
 10.   70.   0.21773123E-03   0.62036991E-01   0.49795494E+00   0.00000000E+00
 10.   71.   0.69401733E-02   0.94673727E-01   0.86248326E+00   0.00000000E+00
 10.   72.   0.51532535E-10   0.10766895E+00   0.99590989E+00   0.00000000E+00
 10.   73.  -0.69401733E-02   0.94673728E-01   0.86248326E+00   0.00000000E+00
 10.   74.  -0.21773139E-03   0.62036991E-01   0.49795495E+00   0.00000000E+00
 10.   75.   0.25172536E-01   0.25172537E-01   0.33279170E-08   0.00000000E+00
 10.   76.   0.62036991E-01  -0.21773114E-03  -0.49795494E+00   0.00000000E+00
 10.   77.   0.94673727E-01  -0.69401733E-02  -0.86248326E+00   0.00000000E+00
 10.   78.   0.10766895E+00   0.00000000E+00  -0.99590989E+00   0.00000000E+00
 11.    1.   0.87805286E-01   0.00000000E+00   0.99821861E+00   0.00000000E+00
 11.    2.   0.84813394E-01   0.22725680E-01   0.99821861E+00   0.00000000E+00
 11.    3.   0.76041609E-01   0.43902643E-01   0.99821861E+00   0.00000000E+00
 11.    4.   0.62087714E-01   0.62087713E-01   0.99821861E+00   0.00000000E+00
 11.    5.   0.43902643E-01   0.76041609E-01   0.99821861E+00   0.00000000E+00
 11.    6.   0.22725680E-01   0.84813394E-01   0.99821861E+00   0.00000000E+00
 11.    7.   0.10850771E-09   0.87805286E-01   0.99821861E+00   0.00000000E+00
 11.    8.  -0.22725680E-01   0.84813394E-01   0.99821861E+00   0.00000000E+00
 11.    9.  -0.43902643E-01   0.76041609E-01   0.99821861E+00   0.00000000E+00
 11.   10.  -0.62087713E-01   0.62087714E-01   0.99821861E+00   0.00000000E+00
 11.   11.  -0.76041609E-01   0.43902643E-01   0.99821861E+00   0.00000000E+00
 11.   12.  -0.84813394E-01   0.22725681E-01   0.99821861E+00   0.00000000E+00
 11.   13.  -0.87805286E-01   0.00000000E+00   0.99821861E+00   0.00000000E+00
 11.   14.   0.70298853E-01   0.00000000E+00   0.13438374E+00   0.00000000E+00
 11.   15.   0.67903478E-01   0.18194682E-01   0.13438374E+00   0.00000000E+00
 11.   16.   0.60880593E-01   0.35149426E-01   0.13438374E+00   0.00000000E+00
 11.   17.   0.49708796E-01   0.49708796E-01   0.13438374E+00   0.00000000E+00
 11.   18.   0.35149427E-01   0.60880593E-01   0.13438374E+00   0.00000000E+00
 11.   19.   0.18194682E-01   0.67903478E-01   0.13438374E+00   0.00000000E+00
 11.   20.   0.82349397E-10   0.70298853E-01   0.13438374E+00   0.00000000E+00
 11.   21.  -0.18194682E-01   0.67903478E-01   0.13438374E+00   0.00000000E+00
 11.   22.  -0.35149426E-01   0.60880593E-01   0.13438374E+00   0.00000000E+00
 11.   23.  -0.49708796E-01   0.49708796E-01   0.13438374E+00   0.00000000E+00
 11.   24.  -0.60880592E-01   0.35149427E-01   0.13438374E+00   0.00000000E+00
 11.   25.  -0.67903478E-01   0.18194682E-01   0.13438374E+00   0.00000000E+00
 11.   26.  -0.70298853E-01   0.00000000E+00   0.13438374E+00   0.00000000E+00
 11.   27.   0.11927570E-01   0.00000000E+00  -0.34188464E+00   0.00000000E+00
 11.   28.   0.11521148E-01   0.30870823E-02  -0.34188464E+00   0.00000000E+00
 11.   29.   0.10329579E-01   0.59637851E-02  -0.34188464E+00   0.00000000E+00
 11.   30.   0.84340658E-02   0.84340658E-02  -0.34188464E+00   0.00000000E+00
 11.   31.   0.59637851E-02   0.10329579E-01  -0.34188464E+00   0.00000000E+00
 11.   32.   0.30870823E-02   0.11521148E-01  -0.34188464E+00   0.00000000E+00
 11.   33.   0.14612442E-10   0.11927570E-01  -0.34188464E+00   0.00000000E+00
 11.   34.  -0.30870823E-02   0.11521148E-01  -0.34188464E+00   0.00000000E+00
 11.   35.  -0.59637851E-02   0.10329579E-01  -0.34188464E+00   0.00000000E+00
 11.   36.  -0.84340658E-02   0.84340658E-02  -0.34188464E+00   0.00000000E+00
 11.   37.  -0.10329579E-01   0.59637851E-02  -0.34188464E+00   0.00000000E+00
 11.   38.  -0.11521148E-01   0.30870824E-02  -0.34188464E+00   0.00000000E+00
 11.   39.  -0.11927570E-01   0.00000000E+00  -0.34188464E+00   0.00000000E+00
 11.   40.  -0.45036700E-01   0.00000000E+00  -0.13001379E+00   0.00000000E+00
 11.   41.  -0.43502111E-01  -0.11656356E-01  -0.13001379E+00   0.00000000E+00
 11.   42.  -0.39002926E-01  -0.22518350E-01  -0.13001379E+00   0.00000000E+00
 11.   43.  -0.31845756E-01  -0.31845756E-01  -0.13001379E+00   0.00000000E+00
 11.   44.  -0.22518350E-01  -0.39002926E-01  -0.13001379E+00   0.00000000E+00
 11.   45.  -0.11656356E-01  -0.43502111E-01  -0.13001379E+00   0.00000000E+00
 11.   46.  -0.46229524E-10  -0.45036700E-01  -0.13001379E+00   0.00000000E+00
 11.   47.   0.11656356E-01  -0.43502111E-01  -0.13001379E+00   0.00000000E+00
 11.   48.   0.22518350E-01  -0.39002926E-01  -0.13001379E+00   0.00000000E+00
 11.   49.   0.31845756E-01  -0.31845756E-01  -0.13001379E+00   0.00000000E+00
 11.   50.   0.39002926E-01  -0.22518350E-01  -0.13001379E+00   0.00000000E+00
 11.   51.   0.43502111E-01  -0.11656356E-01  -0.13001379E+00   0.00000000E+00
 11.   52.   0.45036700E-01   0.00000000E+00  -0.13001379E+00   0.00000000E+00
 11.   53.  -0.55375104E-01   0.00000000E+00   0.44536541E+00   0.00000000E+00
 11.   54.  -0.53488243E-01  -0.14332131E-01   0.44536541E+00   0.00000000E+00
 11.   55.  -0.47956246E-01  -0.27687552E-01   0.44536541E+00   0.00000000E+00
 11.   56.  -0.39156111E-01  -0.39156111E-01   0.44536541E+00   0.00000000E+00
 11.   57.  -0.27687552E-01  -0.47956246E-01   0.44536541E+00   0.00000000E+00
 11.   58.  -0.14332131E-01  -0.53488243E-01   0.44536541E+00   0.00000000E+00
 11.   59.  -0.60525651E-10  -0.55375104E-01   0.44536541E+00   0.00000000E+00
 11.   60.   0.14332131E-01  -0.53488243E-01   0.44536541E+00   0.00000000E+00
 11.   61.   0.27687552E-01  -0.47956247E-01   0.44536541E+00   0.00000000E+00
 11.   62.   0.39156111E-01  -0.39156111E-01   0.44536541E+00   0.00000000E+00
 11.   63.   0.47956246E-01  -0.27687552E-01   0.44536541E+00   0.00000000E+00
 11.   64.   0.53488243E-01  -0.14332132E-01   0.44536541E+00   0.00000000E+00
 11.   65.   0.55375104E-01   0.00000000E+00   0.44536541E+00   0.00000000E+00
 11.   66.   0.55375104E-01   0.00000000E+00   0.44536541E+00   0.00000000E+00
 11.   67.   0.53488243E-01   0.14332131E-01   0.44536541E+00   0.00000000E+00
 11.   68.   0.47956246E-01   0.27687552E-01   0.44536541E+00   0.00000000E+00
 11.   69.   0.39156111E-01   0.39156111E-01   0.44536541E+00   0.00000000E+00
 11.   70.   0.27687552E-01   0.47956246E-01   0.44536541E+00   0.00000000E+00
 11.   71.   0.14332131E-01   0.53488243E-01   0.44536541E+00   0.00000000E+00
 11.   72.   0.66494773E-10   0.55375104E-01   0.44536541E+00   0.00000000E+00
 11.   73.  -0.14332131E-01   0.53488243E-01   0.44536541E+00   0.00000000E+00
 11.   74.  -0.27687552E-01   0.47956247E-01   0.44536541E+00   0.00000000E+00
 11.   75.  -0.39156111E-01   0.39156111E-01   0.44536541E+00   0.00000000E+00
 11.   76.  -0.47956246E-01   0.27687552E-01   0.44536541E+00   0.00000000E+00
 11.   77.  -0.53488243E-01   0.14332132E-01   0.44536541E+00   0.00000000E+00
 11.   78.  -0.55375104E-01   0.00000000E+00   0.44536541E+00   0.00000000E+00
 12.    1.   0.11072729E-03   0.00000000E+00  -0.95565276E-04   0.00000000E+00
 12.    2.   0.28521319E-04  -0.10644301E-03   0.28348579E-10   0.00000000E+00
 12.    3.  -0.95892646E-04  -0.55363645E-04   0.95565333E-04   0.00000000E+00
 12.    4.  -0.77921688E-04   0.77921689E-04   0.27915566E-10   0.00000000E+00
 12.    5.   0.55363646E-04   0.95892650E-04  -0.95565277E-04   0.00000000E+00
 12.    6.   0.10644301E-03  -0.28521314E-04   0.26467272E-10   0.00000000E+00
 12.    7.   0.76137943E-12  -0.11072729E-03   0.95565332E-04   0.00000000E+00
 12.    8.  -0.10644301E-03  -0.28521314E-04   0.29702117E-10   0.00000000E+00
 12.    9.  -0.55363647E-04   0.95892651E-04  -0.95565272E-04   0.00000000E+00
 12.   10.   0.77921687E-04   0.77921694E-04   0.36272958E-10   0.00000000E+00
 12.   11.   0.95892646E-04  -0.55363641E-04   0.95565347E-04   0.00000000E+00
 12.   12.  -0.28521319E-04  -0.10644300E-03   0.46760459E-10   0.00000000E+00
 12.   13.  -0.11072729E-03   0.00000000E+00  -0.95565258E-04   0.00000000E+00
 12.   14.   0.31656481E-02   0.00000000E+00  -0.11171472E-01   0.00000000E+00
 12.   15.   0.89118834E-03  -0.33259602E-02   0.69478559E-13   0.00000000E+00
 12.   16.  -0.27415317E-02  -0.15828241E-02   0.11171472E-01   0.00000000E+00
 12.   17.  -0.24347718E-02   0.24347718E-02   0.53170931E-10   0.00000000E+00
 12.   18.   0.15828240E-02   0.27415317E-02  -0.11171472E-01   0.00000000E+00
 12.   19.   0.33259602E-02  -0.89118832E-03  -0.49545361E-10   0.00000000E+00
 12.   20.   0.19695327E-10  -0.31656481E-02   0.11171472E-01   0.00000000E+00
 12.   21.  -0.33259601E-02  -0.89118836E-03   0.10051536E-09   0.00000000E+00
 12.   22.  -0.15828241E-02   0.27415317E-02  -0.11171472E-01   0.00000000E+00
 12.   23.   0.24347718E-02   0.24347718E-02  -0.10321055E-09   0.00000000E+00
 12.   24.   0.27415317E-02  -0.15828240E-02   0.11171472E-01   0.00000000E+00
 12.   25.  -0.89118831E-03  -0.33259602E-02   0.15873185E-09   0.00000000E+00
 12.   26.  -0.31656481E-02   0.00000000E+00  -0.11171472E-01   0.00000000E+00
 12.   27.   0.18054158E-01   0.00000000E+00  -0.11289751E+00   0.00000000E+00
 12.   28.   0.57934142E-02  -0.21621316E-01  -0.89272007E-10   0.00000000E+00
 12.   29.  -0.15635359E-01  -0.90270788E-02   0.11289751E+00   0.00000000E+00
 12.   30.  -0.15827902E-01   0.15827902E-01   0.45449773E-09   0.00000000E+00
 12.   31.   0.90270787E-02   0.15635359E-01  -0.11289751E+00   0.00000000E+00
 12.   32.   0.21621316E-01  -0.57934141E-02  -0.53946332E-09   0.00000000E+00
 12.   33.   0.13509075E-09  -0.18054158E-01   0.11289751E+00   0.00000000E+00
 12.   34.  -0.21621316E-01  -0.57934143E-02   0.10161136E-08   0.00000000E+00
 12.   35.  -0.90270790E-02   0.15635359E-01  -0.11289751E+00   0.00000000E+00
 12.   36.   0.15827902E-01   0.15827902E-01  -0.11169975E-08   0.00000000E+00
 12.   37.   0.15635359E-01  -0.90270786E-02   0.11289751E+00   0.00000000E+00
 12.   38.  -0.57934140E-02  -0.21621316E-01   0.14837368E-08   0.00000000E+00
 12.   39.  -0.18054158E-01   0.00000000E+00  -0.11289751E+00   0.00000000E+00
 12.   40.   0.41384982E-01   0.00000000E+00  -0.43391314E+00   0.00000000E+00
 12.   41.   0.16427808E-01  -0.61309415E-01  -0.30471657E-09   0.00000000E+00
 12.   42.  -0.35840445E-01  -0.20692491E-01   0.43391314E+00   0.00000000E+00
 12.   43.  -0.44881607E-01   0.44881607E-01   0.17807367E-08   0.00000000E+00
 12.   44.   0.20692491E-01   0.35840446E-01  -0.43391314E+00   0.00000000E+00
 12.   45.   0.61309415E-01  -0.16427808E-01  -0.20512533E-08   0.00000000E+00
 12.   46.   0.39901610E-09  -0.41384982E-01   0.43391314E+00   0.00000000E+00
 12.   47.  -0.61309415E-01  -0.16427809E-01   0.39674607E-08   0.00000000E+00
 12.   48.  -0.20692491E-01   0.35840445E-01  -0.43391314E+00   0.00000000E+00
 12.   49.   0.44881607E-01   0.44881607E-01  -0.42539116E-08   0.00000000E+00
 12.   50.   0.35840446E-01  -0.20692490E-01   0.43391314E+00   0.00000000E+00
 12.   51.  -0.16427808E-01  -0.61309415E-01   0.57253430E-08   0.00000000E+00
 12.   52.  -0.41384982E-01   0.00000000E+00  -0.43391314E+00   0.00000000E+00
 12.   53.   0.66403682E-01   0.00000000E+00  -0.99804057E+00   0.00000000E+00
 12.   54.   0.28719783E-01  -0.10718369E+00  -0.70510499E-09   0.00000000E+00
 12.   55.  -0.57507275E-01  -0.33201841E-01   0.99804057E+00   0.00000000E+00
 12.   56.  -0.78463907E-01   0.78463907E-01   0.40986709E-08   0.00000000E+00
 12.   57.   0.33201840E-01   0.57507276E-01  -0.99804057E+00   0.00000000E+00
 12.   58.   0.10718369E+00  -0.28719783E-01  -0.46803693E-08   0.00000000E+00
 12.   59.   0.70647524E-09  -0.66403682E-01   0.99804057E+00   0.00000000E+00
 12.   60.  -0.10718369E+00  -0.28719784E-01   0.91600675E-08   0.00000000E+00
 12.   61.  -0.33201842E-01   0.57507275E-01  -0.99804057E+00   0.00000000E+00
 12.   62.   0.78463907E-01   0.78463907E-01  -0.97567841E-08   0.00000000E+00
 12.   63.   0.57507276E-01  -0.33201840E-01   0.99804057E+00   0.00000000E+00
 12.   64.  -0.28719783E-01  -0.10718369E+00   0.13155184E-07   0.00000000E+00
 12.   65.  -0.66403682E-01   0.00000000E+00  -0.99804057E+00   0.00000000E+00
 12.   66.  -0.66403682E-01   0.00000000E+00  -0.99804057E+00   0.00000000E+00
 12.   67.  -0.28719783E-01   0.10718369E+00  -0.70508265E-09   0.00000000E+00
 12.   68.   0.57507275E-01   0.33201841E-01   0.99804057E+00   0.00000000E+00
 12.   69.   0.78463907E-01  -0.78463907E-01   0.40986729E-08   0.00000000E+00
 12.   70.  -0.33201840E-01  -0.57507276E-01  -0.99804057E+00   0.00000000E+00
 12.   71.  -0.10718369E+00   0.28719783E-01  -0.46804586E-08   0.00000000E+00
 12.   72.  -0.70721365E-09   0.66403682E-01   0.99804057E+00   0.00000000E+00
 12.   73.   0.10718369E+00   0.28719784E-01   0.91600408E-08   0.00000000E+00
 12.   74.   0.33201842E-01  -0.57507275E-01  -0.99804057E+00   0.00000000E+00
 12.   75.  -0.78463907E-01  -0.78463907E-01  -0.97568253E-08   0.00000000E+00
 12.   76.  -0.57507276E-01   0.33201840E-01   0.99804057E+00   0.00000000E+00
 12.   77.   0.28719783E-01   0.10718369E+00   0.13155208E-07   0.00000000E+00
 12.   78.   0.66403682E-01   0.00000000E+00  -0.99804057E+00   0.00000000E+00
 13.    1.   0.29901198E-01   0.00000000E+00  -0.98160008E-01   0.00000000E+00
 13.    2.   0.27459647E-01  -0.20789207E-01  -0.69409607E-01   0.00000000E+00
 13.    3.   0.19224757E-01  -0.33298255E-01  -0.74131272E-10   0.00000000E+00
 13.    4.   0.42741578E-02  -0.34175355E-01   0.69409607E-01   0.00000000E+00
 13.    5.  -0.14950599E-01  -0.25895197E-01   0.98160008E-01   0.00000000E+00
 13.    6.  -0.31733805E-01  -0.13386149E-01   0.69409607E-01   0.00000000E+00
 13.    7.  -0.38449513E-01  -0.60016269E-10   0.34163901E-09   0.00000000E+00
 13.    8.  -0.31733805E-01   0.13386148E-01  -0.69409607E-01   0.00000000E+00
 13.    9.  -0.14950599E-01   0.25895197E-01  -0.98160008E-01   0.00000000E+00
 13.   10.   0.42741577E-02   0.34175355E-01  -0.69409607E-01   0.00000000E+00
 13.   11.   0.19224756E-01   0.33298255E-01  -0.61905336E-09   0.00000000E+00
 13.   12.   0.27459647E-01   0.20789207E-01   0.69409607E-01   0.00000000E+00
 13.   13.   0.29901198E-01   0.00000000E+00   0.98160008E-01   0.00000000E+00
 13.   14.   0.57860554E-01   0.00000000E+00  -0.60770457E+00   0.00000000E+00
 13.   15.   0.56624004E-01  -0.53245685E-01  -0.42971202E+00   0.00000000E+00
 13.   16.   0.46730391E-01  -0.80939412E-01  -0.32679174E-09   0.00000000E+00
 13.   17.   0.17800114E-01  -0.75660668E-01   0.42971202E+00   0.00000000E+00
 13.   18.  -0.28930277E-01  -0.50108710E-01   0.60770457E+00   0.00000000E+00
 13.   19.  -0.74424118E-01  -0.22414983E-01   0.42971202E+00   0.00000000E+00
 13.   20.  -0.93460783E-01  -0.94653118E-10   0.21499243E-08   0.00000000E+00
 13.   21.  -0.74424118E-01   0.22414983E-01  -0.42971202E+00   0.00000000E+00
 13.   22.  -0.28930277E-01   0.50108709E-01  -0.60770457E+00   0.00000000E+00
 13.   23.   0.17800114E-01   0.75660668E-01  -0.42971202E+00   0.00000000E+00
 13.   24.   0.46730391E-01   0.80939412E-01  -0.39113056E-08   0.00000000E+00
 13.   25.   0.56624004E-01   0.53245686E-01   0.42971202E+00   0.00000000E+00
 13.   26.   0.57860554E-01   0.00000000E+00   0.60770457E+00   0.00000000E+00
 13.   27.  -0.70664867E-02   0.00000000E+00  -0.97675402E+00   0.00000000E+00
 13.   28.   0.12845565E-01  -0.67246302E-01  -0.69066939E+00   0.00000000E+00
 13.   29.   0.48280980E-01  -0.83625110E-01  -0.49570365E-09   0.00000000E+00
 13.   30.   0.51814223E-01  -0.44747737E-01   0.69066939E+00   0.00000000E+00
 13.   31.   0.35332435E-02   0.61197569E-02   0.97675402E+00   0.00000000E+00
 13.   32.  -0.64659788E-01   0.22498565E-01   0.69066939E+00   0.00000000E+00
 13.   33.  -0.96561960E-01   0.13928021E-09   0.34585358E-08   0.00000000E+00
 13.   34.  -0.64659788E-01  -0.22498565E-01  -0.69066939E+00   0.00000000E+00
 13.   35.   0.35332429E-02  -0.61197572E-02  -0.97675402E+00   0.00000000E+00
 13.   36.   0.51814223E-01   0.44747736E-01  -0.69066940E+00   0.00000000E+00
 13.   37.   0.48280980E-01   0.83625110E-01  -0.63000595E-08   0.00000000E+00
 13.   38.   0.12845565E-01   0.67246302E-01   0.69066939E+00   0.00000000E+00
 13.   39.  -0.70664867E-02   0.00000000E+00   0.97675402E+00   0.00000000E+00
 13.   40.  -0.10672278E+00   0.00000000E+00  -0.32097911E+00   0.00000000E+00
 13.   41.  -0.68642963E-01  -0.35393029E-01  -0.22696650E+00   0.00000000E+00
 13.   42.   0.11611354E-01  -0.20111455E-01  -0.15993576E-09   0.00000000E+00
 13.   43.   0.64972744E-01   0.41750035E-01   0.22696650E+00   0.00000000E+00
 13.   44.   0.53361390E-01   0.92424638E-01   0.32097911E+00   0.00000000E+00
 13.   45.   0.36702197E-02   0.77143064E-01   0.22696650E+00   0.00000000E+00
 13.   46.  -0.23222708E-01   0.40690142E-09   0.11382236E-08   0.00000000E+00
 13.   47.   0.36702193E-02  -0.77143064E-01  -0.22696650E+00   0.00000000E+00
 13.   48.   0.53361389E-01  -0.92424638E-01  -0.32097911E+00   0.00000000E+00
 13.   49.   0.64972744E-01  -0.41750036E-01  -0.22696650E+00   0.00000000E+00
 13.   50.   0.11611355E-01   0.20111455E-01  -0.20823940E-08   0.00000000E+00
 13.   51.  -0.68642963E-01   0.35393029E-01   0.22696650E+00   0.00000000E+00
 13.   52.  -0.10672278E+00   0.00000000E+00   0.32097911E+00   0.00000000E+00
 13.   53.  -0.12735804E+00   0.00000000E+00   0.99991794E+00   0.00000000E+00
 13.   54.  -0.96606750E-01   0.12592659E-01   0.70704876E+00   0.00000000E+00
 13.   55.  -0.26281209E-01   0.45520388E-01   0.52137275E-09   0.00000000E+00
 13.   56.   0.37397812E-01   0.89960229E-01  -0.70704875E+00   0.00000000E+00
 13.   57.   0.63679021E-01   0.11029530E+00  -0.99991794E+00   0.00000000E+00
 13.   58.   0.59208938E-01   0.77367571E-01  -0.70704876E+00   0.00000000E+00
 13.   59.   0.52562417E-01   0.39152485E-09  -0.35515649E-08   0.00000000E+00
 13.   60.   0.59208938E-01  -0.77367570E-01   0.70704875E+00   0.00000000E+00
 13.   61.   0.63679021E-01  -0.11029530E+00   0.99991794E+00   0.00000000E+00
 13.   62.   0.37397813E-01  -0.89960230E-01   0.70704876E+00   0.00000000E+00
 13.   63.  -0.26281208E-01  -0.45520389E-01   0.64285373E-08   0.00000000E+00
 13.   64.  -0.96606750E-01  -0.12592659E-01  -0.70704875E+00   0.00000000E+00
 13.   65.  -0.12735804E+00   0.00000000E+00  -0.99991794E+00   0.00000000E+00
 13.   66.   0.12735804E+00   0.00000000E+00   0.99991794E+00   0.00000000E+00
 13.   67.   0.96606750E-01  -0.12592659E-01   0.70704876E+00   0.00000000E+00
 13.   68.   0.26281209E-01  -0.45520388E-01   0.52135928E-09   0.00000000E+00
 13.   69.  -0.37397812E-01  -0.89960229E-01  -0.70704875E+00   0.00000000E+00
 13.   70.  -0.63679021E-01  -0.11029530E+00  -0.99991794E+00   0.00000000E+00
 13.   71.  -0.59208938E-01  -0.77367571E-01  -0.70704876E+00   0.00000000E+00
 13.   72.  -0.52562417E-01  -0.38946608E-09  -0.35514398E-08   0.00000000E+00
 13.   73.  -0.59208938E-01   0.77367570E-01   0.70704875E+00   0.00000000E+00
 13.   74.  -0.63679021E-01   0.11029530E+00   0.99991794E+00   0.00000000E+00
 13.   75.  -0.37397813E-01   0.89960230E-01   0.70704876E+00   0.00000000E+00
 13.   76.   0.26281208E-01   0.45520389E-01   0.64286645E-08   0.00000000E+00
 13.   77.   0.96606750E-01   0.12592659E-01  -0.70704875E+00   0.00000000E+00
 13.   78.   0.12735804E+00   0.00000000E+00  -0.99991794E+00   0.00000000E+00
 14.    1.   0.39417206E-01   0.00000000E+00   0.99720157E+00   0.00000000E+00
 14.    2.   0.30024756E-01   0.35053102E-01   0.96322275E+00   0.00000000E+00
 14.    3.   0.43641040E-02   0.60713753E-01   0.86360189E+00   0.00000000E+00
 14.    4.  -0.30688998E-01   0.70106204E-01   0.70512799E+00   0.00000000E+00
 14.    5.  -0.65742100E-01   0.60713754E-01   0.49860078E+00   0.00000000E+00
 14.    6.  -0.91402751E-01   0.35053102E-01   0.25809476E+00   0.00000000E+00
 14.    7.  -0.10079520E+00   0.16839685E-09   0.11812071E-08   0.00000000E+00
 14.    8.  -0.91402752E-01  -0.35053102E-01  -0.25809476E+00   0.00000000E+00
 14.    9.  -0.65742100E-01  -0.60713753E-01  -0.49860078E+00   0.00000000E+00
 14.   10.  -0.30688998E-01  -0.70106204E-01  -0.70512799E+00   0.00000000E+00
 14.   11.   0.43641037E-02  -0.60713754E-01  -0.86360189E+00   0.00000000E+00
 14.   12.   0.30024755E-01  -0.35053102E-01  -0.96322275E+00   0.00000000E+00
 14.   13.   0.39417206E-01   0.00000000E+00  -0.99720157E+00   0.00000000E+00
 14.   14.   0.75153419E-01   0.00000000E+00   0.43719140E+00   0.00000000E+00
 14.   15.   0.68615741E-01   0.24398947E-01   0.42229446E+00   0.00000000E+00
 14.   16.   0.50754472E-01   0.42260215E-01   0.37861886E+00   0.00000000E+00
 14.   17.   0.26355525E-01   0.48797894E-01   0.30914100E+00   0.00000000E+00
 14.   18.   0.19565786E-02   0.42260215E-01   0.21859570E+00   0.00000000E+00
 14.   19.  -0.15904690E-01   0.24398947E-01   0.11315346E+00   0.00000000E+00
 14.   20.  -0.22442368E-01   0.11071870E-09   0.52771794E-09   0.00000000E+00
 14.   21.  -0.15904690E-01  -0.24398947E-01  -0.11315346E+00   0.00000000E+00
 14.   22.   0.19565784E-02  -0.42260215E-01  -0.21859570E+00   0.00000000E+00
 14.   23.   0.26355525E-01  -0.48797893E-01  -0.30914100E+00   0.00000000E+00
 14.   24.   0.50754472E-01  -0.42260216E-01  -0.37861886E+00   0.00000000E+00
 14.   25.   0.68615741E-01  -0.24398947E-01  -0.42229446E+00   0.00000000E+00
 14.   26.   0.75153419E-01   0.00000000E+00  -0.43719140E+00   0.00000000E+00
 14.   27.   0.40961754E-01   0.00000000E+00  -0.30249533E+00   0.00000000E+00
 14.   28.   0.38884220E-01   0.77534642E-02  -0.29218805E+00   0.00000000E+00
 14.   29.   0.33208290E-01   0.13429394E-01  -0.26196864E+00   0.00000000E+00
 14.   30.   0.25454826E-01   0.15506928E-01  -0.21389650E+00   0.00000000E+00
 14.   31.   0.17701362E-01   0.13429394E-01  -0.15124766E+00   0.00000000E+00
 14.   32.   0.12025432E-01   0.77534643E-02  -0.78291552E-01   0.00000000E+00
 14.   33.   0.99478973E-02   0.38808782E-10  -0.37041596E-09   0.00000000E+00
 14.   34.   0.12025432E-01  -0.77534642E-02   0.78291552E-01   0.00000000E+00
 14.   35.   0.17701361E-01  -0.13429394E-01   0.15124766E+00   0.00000000E+00
 14.   36.   0.25454826E-01  -0.15506928E-01   0.21389650E+00   0.00000000E+00
 14.   37.   0.33208290E-01  -0.13429394E-01   0.26196864E+00   0.00000000E+00
 14.   38.   0.38884220E-01  -0.77534643E-02   0.29218805E+00   0.00000000E+00
 14.   39.   0.40961754E-01   0.00000000E+00   0.30249533E+00   0.00000000E+00
 14.   40.  -0.50330032E-01   0.00000000E+00  -0.23171415E+00   0.00000000E+00
 14.   41.  -0.46584396E-01  -0.13978904E-01  -0.22381868E+00   0.00000000E+00
 14.   42.  -0.36351128E-01  -0.24212171E-01  -0.20067034E+00   0.00000000E+00
 14.   43.  -0.22372225E-01  -0.27957807E-01  -0.16384664E+00   0.00000000E+00
 14.   44.  -0.83933210E-02  -0.24212171E-01  -0.11585707E+00   0.00000000E+00
 14.   45.   0.18399466E-02  -0.13978904E-01  -0.59972034E-01   0.00000000E+00
 14.   46.   0.55855826E-02  -0.64464332E-10  -0.34333188E-09   0.00000000E+00
 14.   47.   0.18399467E-02   0.13978903E-01   0.59972034E-01   0.00000000E+00
 14.   48.  -0.83933209E-02   0.24212171E-01   0.11585707E+00   0.00000000E+00
 14.   49.  -0.22372224E-01   0.27957807E-01   0.16384664E+00   0.00000000E+00
 14.   50.  -0.36351128E-01   0.24212171E-01   0.20067034E+00   0.00000000E+00
 14.   51.  -0.46584396E-01   0.13978904E-01   0.22381868E+00   0.00000000E+00
 14.   52.  -0.50330032E-01   0.00000000E+00   0.23171415E+00   0.00000000E+00
 14.   53.  -0.73511612E-01   0.00000000E+00   0.50367600E+00   0.00000000E+00
 14.   54.  -0.69168042E-01  -0.16210423E-01   0.48651366E+00   0.00000000E+00
 14.   55.  -0.57301189E-01  -0.28077276E-01   0.43619621E+00   0.00000000E+00
 14.   56.  -0.41090766E-01  -0.32420846E-01   0.35615272E+00   0.00000000E+00
 14.   57.  -0.24880343E-01  -0.28077276E-01   0.25183800E+00   0.00000000E+00
 14.   58.  -0.13013489E-01  -0.16210423E-01   0.13036094E+00   0.00000000E+00
 14.   59.  -0.86699195E-02  -0.86855937E-10   0.66149228E-09   0.00000000E+00
 14.   60.  -0.13013489E-01   0.16210423E-01  -0.13036094E+00   0.00000000E+00
 14.   61.  -0.24880342E-01   0.28077276E-01  -0.25183800E+00   0.00000000E+00
 14.   62.  -0.41090765E-01   0.32420846E-01  -0.35615272E+00   0.00000000E+00
 14.   63.  -0.57301189E-01   0.28077276E-01  -0.43619621E+00   0.00000000E+00
 14.   64.  -0.69168042E-01   0.16210423E-01  -0.48651366E+00   0.00000000E+00
 14.   65.  -0.73511612E-01   0.00000000E+00  -0.50367600E+00   0.00000000E+00
 14.   66.   0.73511612E-01   0.00000000E+00   0.50367600E+00   0.00000000E+00
 14.   67.   0.69168042E-01   0.16210423E-01   0.48651366E+00   0.00000000E+00
 14.   68.   0.57301189E-01   0.28077276E-01   0.43619621E+00   0.00000000E+00
 14.   69.   0.41090766E-01   0.32420846E-01   0.35615272E+00   0.00000000E+00
 14.   70.   0.24880343E-01   0.28077276E-01   0.25183800E+00   0.00000000E+00
 14.   71.   0.13013489E-01   0.16210423E-01   0.13036094E+00   0.00000000E+00
 14.   72.   0.86699195E-02   0.93616820E-10   0.66348569E-09   0.00000000E+00
 14.   73.   0.13013489E-01  -0.16210423E-01  -0.13036094E+00   0.00000000E+00
 14.   74.   0.24880342E-01  -0.28077276E-01  -0.25183800E+00   0.00000000E+00
 14.   75.   0.41090765E-01  -0.32420846E-01  -0.35615272E+00   0.00000000E+00
 14.   76.   0.57301189E-01  -0.28077276E-01  -0.43619621E+00   0.00000000E+00
 14.   77.   0.69168042E-01  -0.16210423E-01  -0.48651366E+00   0.00000000E+00
 14.   78.   0.73511612E-01   0.00000000E+00  -0.50367600E+00   0.00000000E+00
 15.    1.  -0.31372494E-04   0.00000000E+00   0.20806581E-04   0.00000000E+00
 15.    2.   0.70226897E-07   0.31110370E-04  -0.53852047E-05   0.00000000E+00
 15.    3.   0.31302250E-04   0.12164197E-06  -0.18019121E-04   0.00000000E+00
 15.    4.  -0.14046829E-06  -0.31232027E-04   0.14712472E-04   0.00000000E+00
 15.    5.  -0.31161787E-04  -0.12165341E-06   0.10403285E-04   0.00000000E+00
 15.    6.   0.70235204E-07   0.31353663E-04  -0.20097686E-04   0.00000000E+00
 15.    7.   0.31091558E-04  -0.53531625E-12  -0.67459340E-11   0.00000000E+00
 15.    8.   0.70236159E-07  -0.31353668E-04   0.20097669E-04   0.00000000E+00
 15.    9.  -0.31161786E-04   0.12164914E-06  -0.10403306E-04   0.00000000E+00
 15.   10.  -0.14046525E-06   0.31232026E-04  -0.14712490E-04   0.00000000E+00
 15.   11.   0.31302254E-04  -0.12164182E-06   0.18019107E-04   0.00000000E+00
 15.   12.   0.70230961E-07  -0.31110372E-04   0.53851937E-05   0.00000000E+00
 15.   13.  -0.31372491E-04   0.00000000E+00  -0.20806593E-04   0.00000000E+00
 15.   14.  -0.18750278E-02   0.00000000E+00   0.57023617E-02   0.00000000E+00
 15.   15.  -0.42176712E-04   0.20324334E-02  -0.14758798E-02   0.00000000E+00
 15.   16.   0.19172045E-02  -0.73052207E-04  -0.49383901E-02   0.00000000E+00
 15.   17.   0.84353427E-04  -0.19593812E-02   0.40321786E-02   0.00000000E+00
 15.   18.  -0.20015579E-02   0.73052196E-04   0.28511809E-02   0.00000000E+00
 15.   19.  -0.42176718E-04   0.18863290E-02  -0.55080585E-02   0.00000000E+00
 15.   20.   0.20437347E-02   0.13691360E-10  -0.36360367E-10   0.00000000E+00
 15.   21.  -0.42176692E-04  -0.18863290E-02   0.55080585E-02   0.00000000E+00
 15.   22.  -0.20015580E-02  -0.73052220E-04  -0.28511808E-02   0.00000000E+00
 15.   23.   0.84353401E-04   0.19593812E-02  -0.40321787E-02   0.00000000E+00
 15.   24.   0.19172045E-02   0.73052233E-04   0.49383901E-02   0.00000000E+00
 15.   25.  -0.42176687E-04  -0.20324334E-02   0.14758799E-02   0.00000000E+00
 15.   26.  -0.18750278E-02   0.00000000E+00  -0.57023617E-02   0.00000000E+00
 15.   27.  -0.15475744E-01   0.00000000E+00   0.83899513E-01   0.00000000E+00
 15.   28.  -0.96734837E-03   0.19085937E-01  -0.21714792E-01   0.00000000E+00
 15.   29.   0.16443092E-01  -0.16754965E-02  -0.72659110E-01   0.00000000E+00
 15.   30.   0.19346968E-02  -0.17410440E-01   0.59325914E-01   0.00000000E+00
 15.   31.  -0.18377789E-01   0.16754964E-02   0.41949757E-01   0.00000000E+00
 15.   32.  -0.96734846E-03   0.15734944E-01  -0.81040706E-01   0.00000000E+00
 15.   33.   0.19345137E-01   0.10781305E-09  -0.70461649E-09   0.00000000E+00
 15.   34.  -0.96734818E-03  -0.15734944E-01   0.81040707E-01   0.00000000E+00
 15.   35.  -0.18377789E-01  -0.16754967E-02  -0.41949756E-01   0.00000000E+00
 15.   36.   0.19346966E-02   0.17410440E-01  -0.59325915E-01   0.00000000E+00
 15.   37.   0.16443092E-01   0.16754968E-02   0.72659109E-01   0.00000000E+00
 15.   38.  -0.96734817E-03  -0.19085937E-01   0.21714793E-01   0.00000000E+00
 15.   39.  -0.15475744E-01   0.00000000E+00  -0.83899513E-01   0.00000000E+00
 15.   40.  -0.42386112E-01   0.00000000E+00   0.39376078E+00   0.00000000E+00
 15.   41.  -0.61535833E-02   0.65351597E-01  -0.10191279E+00   0.00000000E+00
 15.   42.   0.48539695E-01  -0.10658319E-01  -0.34100684E+00   0.00000000E+00
 15.   43.   0.12307167E-01  -0.54693278E-01   0.27843092E+00   0.00000000E+00
 15.   44.  -0.60846862E-01   0.10658319E-01   0.19688039E+00   0.00000000E+00
 15.   45.  -0.61535836E-02   0.44034959E-01  -0.38034370E+00   0.00000000E+00
 15.   46.   0.67000445E-01   0.26919618E-09  -0.32700598E-08   0.00000000E+00
 15.   47.  -0.61535827E-02  -0.44034959E-01   0.38034371E+00   0.00000000E+00
 15.   48.  -0.60846862E-01  -0.10658319E-01  -0.19688039E+00   0.00000000E+00
 15.   49.   0.12307166E-01   0.54693278E-01  -0.27843092E+00   0.00000000E+00
 15.   50.   0.48539695E-01   0.10658320E-01   0.34100683E+00   0.00000000E+00
 15.   51.  -0.61535828E-02  -0.65351597E-01   0.10191279E+00   0.00000000E+00
 15.   52.  -0.42386112E-01   0.00000000E+00  -0.39376078E+00   0.00000000E+00
 15.   53.  -0.74056908E-01   0.00000000E+00   0.99731288E+00   0.00000000E+00
 15.   54.  -0.13537827E-01   0.12458077E+00  -0.25812357E+00   0.00000000E+00
 15.   55.   0.87594735E-01  -0.23448204E-01  -0.86369829E+00   0.00000000E+00
 15.   56.   0.27075654E-01  -0.10113256E+00   0.70520670E+00   0.00000000E+00
 15.   57.  -0.11467039E+00   0.23448203E-01   0.49865644E+00   0.00000000E+00
 15.   58.  -0.13537827E-01   0.77684358E-01  -0.96333026E+00   0.00000000E+00
 15.   59.   0.12820822E+00   0.45050348E-09  -0.81718920E-08   0.00000000E+00
 15.   60.  -0.13537826E-01  -0.77684358E-01   0.96333027E+00   0.00000000E+00
 15.   61.  -0.11467039E+00  -0.23448205E-01  -0.49865643E+00   0.00000000E+00
 15.   62.   0.27075653E-01   0.10113256E+00  -0.70520671E+00   0.00000000E+00
 15.   63.   0.87594735E-01   0.23448205E-01   0.86369828E+00   0.00000000E+00
 15.   64.  -0.13537826E-01  -0.12458077E+00   0.25812358E+00   0.00000000E+00
 15.   65.  -0.74056908E-01   0.00000000E+00  -0.99731288E+00   0.00000000E+00
 15.   66.   0.74056908E-01   0.00000000E+00   0.99731288E+00   0.00000000E+00
 15.   67.   0.13537827E-01  -0.12458077E+00  -0.25812357E+00   0.00000000E+00
 15.   68.  -0.87594735E-01   0.23448204E-01  -0.86369829E+00   0.00000000E+00
 15.   69.  -0.27075654E-01   0.10113256E+00   0.70520670E+00   0.00000000E+00
 15.   70.   0.11467039E+00  -0.23448204E-01   0.49865644E+00   0.00000000E+00
 15.   71.   0.13537827E-01  -0.77684358E-01  -0.96333026E+00   0.00000000E+00
 15.   72.  -0.12820822E+00  -0.45127147E-09  -0.81711993E-08   0.00000000E+00
 15.   73.   0.13537826E-01   0.77684358E-01   0.96333027E+00   0.00000000E+00
 15.   74.   0.11467039E+00   0.23448205E-01  -0.49865643E+00   0.00000000E+00
 15.   75.  -0.27075653E-01  -0.10113256E+00  -0.70520671E+00   0.00000000E+00
 15.   76.  -0.87594735E-01  -0.23448205E-01   0.86369828E+00   0.00000000E+00
 15.   77.   0.13537826E-01   0.12458077E+00   0.25812358E+00   0.00000000E+00
 15.   78.   0.74056908E-01   0.00000000E+00  -0.99731288E+00   0.00000000E+00
 16.    1.   0.13589088E-01   0.00000000E+00  -0.28300862E-01   0.00000000E+00
 16.    2.   0.10196748E-01  -0.11802679E-01  -0.14150431E-01   0.00000000E+00
 16.    3.   0.11355650E-02  -0.15555944E-01   0.14150431E-01   0.00000000E+00
 16.    4.  -0.96089361E-02  -0.96089362E-02   0.28300861E-01   0.00000000E+00
 16.    5.  -0.15555944E-01   0.11355649E-02   0.14150431E-01   0.00000000E+00
 16.    6.  -0.11802679E-01   0.10196748E-01  -0.14150431E-01   0.00000000E+00
 16.    7.  -0.41629216E-10   0.13589088E-01  -0.28300861E-01   0.00000000E+00
 16.    8.   0.11802679E-01   0.10196748E-01  -0.14150431E-01   0.00000000E+00
 16.    9.   0.15555944E-01   0.11355650E-02   0.14150431E-01   0.00000000E+00
 16.   10.   0.96089362E-02  -0.96089361E-02   0.28300861E-01   0.00000000E+00
 16.   11.  -0.11355648E-02  -0.15555944E-01   0.14150431E-01   0.00000000E+00
 16.   12.  -0.10196748E-01  -0.11802679E-01  -0.14150431E-01   0.00000000E+00
 16.   13.  -0.13589088E-01   0.00000000E+00  -0.28300862E-01   0.00000000E+00
 16.   14.   0.57270970E-01   0.00000000E+00  -0.39848303E+00   0.00000000E+00
 16.   15.   0.45901484E-01  -0.60667651E-01  -0.19924152E+00   0.00000000E+00
 16.   16.   0.10441257E-01  -0.75355758E-01   0.19924152E+00   0.00000000E+00
 16.   17.  -0.40496691E-01  -0.40496691E-01   0.39848303E+00   0.00000000E+00
 16.   18.  -0.75355758E-01   0.10441257E-01   0.19924152E+00   0.00000000E+00
 16.   19.  -0.60667651E-01   0.45901484E-01  -0.19924151E+00   0.00000000E+00
 16.   20.  -0.31324163E-09   0.57270970E-01  -0.39848303E+00   0.00000000E+00
 16.   21.   0.60667651E-01   0.45901484E-01  -0.19924152E+00   0.00000000E+00
 16.   22.   0.75355758E-01   0.10441257E-01   0.19924151E+00   0.00000000E+00
 16.   23.   0.40496692E-01  -0.40496691E-01   0.39848303E+00   0.00000000E+00
 16.   24.  -0.10441257E-01  -0.75355758E-01   0.19924152E+00   0.00000000E+00
 16.   25.  -0.45901483E-01  -0.60667651E-01  -0.19924151E+00   0.00000000E+00
 16.   26.  -0.57270970E-01   0.00000000E+00  -0.39848303E+00   0.00000000E+00
 16.   27.   0.19205270E-01   0.00000000E+00  -0.95020359E+00   0.00000000E+00
 16.   28.   0.37238047E-01  -0.10187255E+00  -0.47510180E+00   0.00000000E+00
 16.   29.   0.45703496E-01  -0.98366047E-01   0.47510180E+00   0.00000000E+00
 16.   30.  -0.13580176E-01  -0.13580177E-01   0.95020360E+00   0.00000000E+00
 16.   31.  -0.98366047E-01   0.45703496E-01   0.47510180E+00   0.00000000E+00
 16.   32.  -0.10187255E+00   0.37238047E-01  -0.47510179E+00   0.00000000E+00
 16.   33.  -0.53942257E-09   0.19205270E-01  -0.95020360E+00   0.00000000E+00
 16.   34.   0.10187255E+00   0.37238047E-01  -0.47510180E+00   0.00000000E+00
 16.   35.   0.98366048E-01   0.45703496E-01   0.47510179E+00   0.00000000E+00
 16.   36.   0.13580177E-01  -0.13580176E-01   0.95020359E+00   0.00000000E+00
 16.   37.  -0.45703496E-01  -0.98366047E-01   0.47510180E+00   0.00000000E+00
 16.   38.  -0.37238047E-01  -0.10187255E+00  -0.47510179E+00   0.00000000E+00
 16.   39.  -0.19205270E-01   0.00000000E+00  -0.95020359E+00   0.00000000E+00
 16.   40.  -0.10869961E+00   0.00000000E+00  -0.45323786E+00   0.00000000E+00
 16.   41.  -0.42714116E-01  -0.50580276E-01  -0.22661893E+00   0.00000000E+00
 16.   42.   0.65969097E-01  -0.55622147E-02   0.22661893E+00   0.00000000E+00
 16.   43.   0.76862234E-01   0.76862234E-01   0.45323786E+00   0.00000000E+00
 16.   44.  -0.55622143E-02   0.65969098E-01   0.22661893E+00   0.00000000E+00
 16.   45.  -0.50580276E-01  -0.42714116E-01  -0.22661893E+00   0.00000000E+00
 16.   46.  -0.30962571E-09  -0.10869961E+00  -0.45323786E+00   0.00000000E+00
 16.   47.   0.50580276E-01  -0.42714117E-01  -0.22661893E+00   0.00000000E+00
 16.   48.   0.55622151E-02   0.65969097E-01   0.22661893E+00   0.00000000E+00
 16.   49.  -0.76862234E-01   0.76862234E-01   0.45323786E+00   0.00000000E+00
 16.   50.  -0.65969098E-01  -0.55622139E-02   0.22661893E+00   0.00000000E+00
 16.   51.   0.42714115E-01  -0.50580276E-01  -0.22661893E+00   0.00000000E+00
 16.   52.   0.10869961E+00   0.00000000E+00  -0.45323786E+00   0.00000000E+00
 16.   53.  -0.14372136E+00   0.00000000E+00   0.99960168E+00   0.00000000E+00
 16.   54.  -0.84843382E-01   0.38991471E-01   0.49980084E+00   0.00000000E+00
 16.   55.   0.32422197E-01   0.87564464E-01  -0.49980084E+00   0.00000000E+00
 16.   56.   0.10162635E+00   0.10162635E+00  -0.99960168E+00   0.00000000E+00
 16.   57.   0.87564464E-01   0.32422197E-01  -0.49980084E+00   0.00000000E+00
 16.   58.   0.38991471E-01  -0.84843381E-01   0.49980084E+00   0.00000000E+00
 16.   59.   0.19052199E-09  -0.14372136E+00   0.99960168E+00   0.00000000E+00
 16.   60.  -0.38991470E-01  -0.84843382E-01   0.49980084E+00   0.00000000E+00
 16.   61.  -0.87564464E-01   0.32422196E-01  -0.49980083E+00   0.00000000E+00
 16.   62.  -0.10162635E+00   0.10162635E+00  -0.99960168E+00   0.00000000E+00
 16.   63.  -0.32422198E-01   0.87564464E-01  -0.49980085E+00   0.00000000E+00
 16.   64.   0.84843381E-01   0.38991471E-01   0.49980083E+00   0.00000000E+00
 16.   65.   0.14372136E+00   0.00000000E+00   0.99960168E+00   0.00000000E+00
 16.   66.   0.14372136E+00   0.00000000E+00   0.99960168E+00   0.00000000E+00
 16.   67.   0.84843382E-01  -0.38991471E-01   0.49980084E+00   0.00000000E+00
 16.   68.  -0.32422197E-01  -0.87564464E-01  -0.49980084E+00   0.00000000E+00
 16.   69.  -0.10162635E+00  -0.10162635E+00  -0.99960168E+00   0.00000000E+00
 16.   70.  -0.87564464E-01  -0.32422197E-01  -0.49980084E+00   0.00000000E+00
 16.   71.  -0.38991471E-01   0.84843381E-01   0.49980084E+00   0.00000000E+00
 16.   72.  -0.14945265E-09   0.14372136E+00   0.99960168E+00   0.00000000E+00
 16.   73.   0.38991471E-01   0.84843382E-01   0.49980084E+00   0.00000000E+00
 16.   74.   0.87564464E-01  -0.32422197E-01  -0.49980083E+00   0.00000000E+00
 16.   75.   0.10162635E+00  -0.10162635E+00  -0.99960168E+00   0.00000000E+00
 16.   76.   0.32422198E-01  -0.87564464E-01  -0.49980085E+00   0.00000000E+00
 16.   77.  -0.84843381E-01  -0.38991471E-01   0.49980083E+00   0.00000000E+00
 16.   78.  -0.14372136E+00   0.00000000E+00   0.99960168E+00   0.00000000E+00
 17.    1.  -0.86301271E-05   0.00000000E+00   0.44953010E-05   0.00000000E+00
 17.    2.   0.22549692E-05   0.82566294E-05  -0.22481468E-05   0.00000000E+00
 17.    3.   0.74328581E-05  -0.42438982E-05  -0.22480457E-05   0.00000000E+00
 17.    4.  -0.61023902E-05  -0.61024929E-05   0.44955862E-05   0.00000000E+00
 17.    5.  -0.42438056E-05   0.74327717E-05  -0.22477393E-05   0.00000000E+00
 17.    6.   0.82566875E-05   0.22549025E-05  -0.22476202E-05   0.00000000E+00
 17.    7.   0.13278862E-10  -0.86301875E-05   0.44959238E-05   0.00000000E+00
 17.    8.  -0.82566725E-05   0.22549050E-05  -0.22475723E-05   0.00000000E+00
 17.    9.   0.42438117E-05   0.74327707E-05  -0.22476754E-05   0.00000000E+00
 17.   10.   0.61023985E-05  -0.61025095E-05   0.44956348E-05   0.00000000E+00
 17.   11.  -0.74328444E-05  -0.42439238E-05  -0.22480289E-05   0.00000000E+00
 17.   12.  -0.22549439E-05   0.82566098E-05  -0.22481699E-05   0.00000000E+00
 17.   13.   0.86301606E-05   0.00000000E+00   0.44952606E-05   0.00000000E+00
 17.   14.  -0.10858763E-02   0.00000000E+00   0.29057440E-02   0.00000000E+00
 17.   15.   0.25865458E-03   0.11324396E-02  -0.14528725E-02   0.00000000E+00
 17.   16.   0.98365218E-03  -0.61785936E-03  -0.14528724E-02   0.00000000E+00
 17.   17.  -0.76783042E-03  -0.76783049E-03   0.29057443E-02   0.00000000E+00
 17.   18.  -0.61785931E-03   0.98365216E-03  -0.14528719E-02   0.00000000E+00
 17.   19.   0.11324397E-02   0.25865463E-03  -0.14528718E-02   0.00000000E+00
 17.   20.   0.11772338E-10  -0.10858762E-02   0.29057447E-02   0.00000000E+00
 17.   21.  -0.11324397E-02   0.25865462E-03  -0.14528718E-02   0.00000000E+00
 17.   22.   0.61785928E-03   0.98365218E-03  -0.14528720E-02   0.00000000E+00
 17.   23.   0.76783043E-03  -0.76783047E-03   0.29057443E-02   0.00000000E+00
 17.   24.  -0.98365219E-03  -0.61785938E-03  -0.14528723E-02   0.00000000E+00
 17.   25.  -0.25865462E-03   0.11324396E-02  -0.14528725E-02   0.00000000E+00
 17.   26.   0.10858762E-02   0.00000000E+00   0.29057440E-02   0.00000000E+00
 17.   27.  -0.13029883E-01   0.00000000E+00   0.62360054E-01   0.00000000E+00
 17.   28.   0.26228043E-02   0.15383361E-01  -0.31180027E-01   0.00000000E+00
 17.   29.   0.12732282E-01  -0.90230761E-02  -0.31180027E-01   0.00000000E+00
 17.   30.  -0.92135183E-02  -0.92135184E-02   0.62360054E-01   0.00000000E+00
 17.   31.  -0.90230762E-02   0.12732282E-01  -0.31180027E-01   0.00000000E+00
 17.   32.   0.15383361E-01   0.26228045E-02  -0.31180027E-01   0.00000000E+00
 17.   33.   0.15872453E-09  -0.13029883E-01   0.62360054E-01   0.00000000E+00
 17.   34.  -0.15383361E-01   0.26228043E-02  -0.31180026E-01   0.00000000E+00
 17.   35.   0.90230760E-02   0.12732282E-01  -0.31180028E-01   0.00000000E+00
 17.   36.   0.92135185E-02  -0.92135182E-02   0.62360054E-01   0.00000000E+00
 17.   37.  -0.12732282E-01  -0.90230763E-02  -0.31180026E-01   0.00000000E+00
 17.   38.  -0.26228046E-02   0.15383361E-01  -0.31180028E-01   0.00000000E+00
 17.   39.   0.13029883E-01   0.00000000E+00   0.62360054E-01   0.00000000E+00
 17.   40.  -0.42908580E-01   0.00000000E+00   0.35810587E+00   0.00000000E+00
 17.   41.   0.51668312E-02   0.63610136E-01  -0.17905294E+00   0.00000000E+00
 17.   42.   0.48632660E-01  -0.41325657E-01  -0.17905294E+00   0.00000000E+00
 17.   43.  -0.30340948E-01  -0.30340948E-01   0.35810587E+00   0.00000000E+00
 17.   44.  -0.41325657E-01   0.48632659E-01  -0.17905293E+00   0.00000000E+00
 17.   45.   0.63610135E-01   0.51668314E-02  -0.17905294E+00   0.00000000E+00
 17.   46.   0.62829427E-09  -0.42908581E-01   0.35810587E+00   0.00000000E+00
 17.   47.  -0.63610136E-01   0.51668308E-02  -0.17905293E+00   0.00000000E+00
 17.   48.   0.41325656E-01   0.48632660E-01  -0.17905294E+00   0.00000000E+00
 17.   49.   0.30340949E-01  -0.30340948E-01   0.35810587E+00   0.00000000E+00
 17.   50.  -0.48632659E-01  -0.41325657E-01  -0.17905293E+00   0.00000000E+00
 17.   51.  -0.51668319E-02   0.63610135E-01  -0.17905294E+00   0.00000000E+00
 17.   52.   0.42908580E-01   0.00000000E+00   0.35810587E+00   0.00000000E+00
 17.   53.  -0.81506468E-01   0.00000000E+00   0.99648478E+00   0.00000000E+00
 17.   54.   0.68462486E-02   0.13190786E+00  -0.49824239E+00   0.00000000E+00
 17.   55.   0.98113969E-01  -0.88431911E-01  -0.49824239E+00   0.00000000E+00
 17.   56.  -0.57633775E-01  -0.57633776E-01   0.99648478E+00   0.00000000E+00
 17.   57.  -0.88431911E-01   0.98113968E-01  -0.49824239E+00   0.00000000E+00
 17.   58.   0.13190786E+00   0.68462491E-02  -0.49824240E+00   0.00000000E+00
 17.   59.   0.12955608E-08  -0.81506468E-01   0.99648478E+00   0.00000000E+00
 17.   60.  -0.13190786E+00   0.68462477E-02  -0.49824238E+00   0.00000000E+00
 17.   61.   0.88431910E-01   0.98113969E-01  -0.49824240E+00   0.00000000E+00
 17.   62.   0.57633777E-01  -0.57633775E-01   0.99648478E+00   0.00000000E+00
 17.   63.  -0.98113968E-01  -0.88431912E-01  -0.49824238E+00   0.00000000E+00
 17.   64.  -0.68462499E-02   0.13190786E+00  -0.49824241E+00   0.00000000E+00
 17.   65.   0.81506467E-01   0.00000000E+00   0.99648478E+00   0.00000000E+00
 17.   66.   0.81506467E-01   0.00000000E+00   0.99648478E+00   0.00000000E+00
 17.   67.  -0.68462486E-02  -0.13190786E+00  -0.49824239E+00   0.00000000E+00
 17.   68.  -0.98113969E-01   0.88431911E-01  -0.49824239E+00   0.00000000E+00
 17.   69.   0.57633775E-01   0.57633776E-01   0.99648478E+00   0.00000000E+00
 17.   70.   0.88431911E-01  -0.98113968E-01  -0.49824239E+00   0.00000000E+00
 17.   71.  -0.13190786E+00  -0.68462490E-02  -0.49824240E+00   0.00000000E+00
 17.   72.  -0.12566367E-08   0.81506468E-01   0.99648478E+00   0.00000000E+00
 17.   73.   0.13190786E+00  -0.68462477E-02  -0.49824238E+00   0.00000000E+00
 17.   74.  -0.88431910E-01  -0.98113969E-01  -0.49824240E+00   0.00000000E+00
 17.   75.  -0.57633777E-01   0.57633775E-01   0.99648478E+00   0.00000000E+00
 17.   76.   0.98113968E-01   0.88431912E-01  -0.49824238E+00   0.00000000E+00
 17.   77.   0.68462499E-02  -0.13190786E+00  -0.49824241E+00   0.00000000E+00
 17.   78.  -0.81506467E-01   0.00000000E+00   0.99648478E+00   0.00000000E+00
 18.    1.  -0.44246434E-01   0.00000000E+00   0.71322228E+00   0.00000000E+00
 18.    2.  -0.57251282E-01   0.65613239E-01   0.61766862E+00   0.00000000E+00
 18.    3.  -0.86878336E-01   0.10623126E+00   0.35661114E+00   0.00000000E+00
 18.    4.  -0.11058478E+00   0.11058478E+00   0.10168569E-08   0.00000000E+00
 18.    5.  -0.10623126E+00   0.86878336E-01  -0.35661114E+00   0.00000000E+00
 18.    6.  -0.65613239E-01   0.57251282E-01  -0.61766861E+00   0.00000000E+00
 18.    7.  -0.32598843E-09   0.44246434E-01  -0.71322228E+00   0.00000000E+00
 18.    8.   0.65613239E-01   0.57251282E-01  -0.61766862E+00   0.00000000E+00
 18.    9.   0.10623126E+00   0.86878336E-01  -0.35661114E+00   0.00000000E+00
 18.   10.   0.11058478E+00   0.11058478E+00  -0.23115441E-08   0.00000000E+00
 18.   11.   0.86878336E-01   0.10623126E+00   0.35661114E+00   0.00000000E+00
 18.   12.   0.57251282E-01   0.65613240E-01   0.61766861E+00   0.00000000E+00
 18.   13.   0.44246434E-01   0.00000000E+00   0.71322228E+00   0.00000000E+00
 18.   14.   0.50379255E-01   0.00000000E+00   0.91079603E+00   0.00000000E+00
 18.   15.   0.30126348E-01   0.56139213E-01   0.78877250E+00   0.00000000E+00
 18.   16.  -0.18393873E-01   0.82238378E-01   0.45539801E+00   0.00000000E+00
 18.   17.  -0.65660582E-01   0.65660582E-01   0.12392957E-08   0.00000000E+00
 18.   18.  -0.82238378E-01   0.18393873E-01  -0.45539801E+00   0.00000000E+00
 18.   19.  -0.56139213E-01  -0.30126348E-01  -0.78877250E+00   0.00000000E+00
 18.   20.  -0.28065033E-09  -0.50379255E-01  -0.91079603E+00   0.00000000E+00
 18.   21.   0.56139212E-01  -0.30126348E-01  -0.78877250E+00   0.00000000E+00
 18.   22.   0.82238378E-01   0.18393873E-01  -0.45539802E+00   0.00000000E+00
 18.   23.   0.65660582E-01   0.65660582E-01  -0.29560163E-08   0.00000000E+00
 18.   24.   0.18393873E-01   0.82238378E-01   0.45539801E+00   0.00000000E+00
 18.   25.  -0.30126348E-01   0.56139213E-01   0.78877249E+00   0.00000000E+00
 18.   26.  -0.50379255E-01   0.00000000E+00   0.91079603E+00   0.00000000E+00
 18.   27.   0.10387026E+00   0.00000000E+00  -0.17607048E+00   0.00000000E+00
 18.   28.   0.88379443E-01   0.17720082E-01  -0.15248151E+00   0.00000000E+00
 18.   29.   0.49963713E-01   0.17330567E-01  -0.88035238E-01   0.00000000E+00
 18.   30.   0.81430388E-02  -0.81430386E-02  -0.19414862E-09   0.00000000E+00
 18.   31.  -0.17330567E-01  -0.49963713E-01   0.88035238E-01   0.00000000E+00
 18.   32.  -0.17720082E-01  -0.88379443E-01   0.15248150E+00   0.00000000E+00
 18.   33.  -0.11365796E-09  -0.10387026E+00   0.17607048E+00   0.00000000E+00
 18.   34.   0.17720082E-01  -0.88379443E-01   0.15248151E+00   0.00000000E+00
 18.   35.   0.17330567E-01  -0.49963713E-01   0.88035238E-01   0.00000000E+00
 18.   36.  -0.81430385E-02  -0.81430389E-02   0.64449391E-09   0.00000000E+00
 18.   37.  -0.49963713E-01   0.17330567E-01  -0.88035237E-01   0.00000000E+00
 18.   38.  -0.88379442E-01   0.17720082E-01  -0.15248150E+00   0.00000000E+00
 18.   39.  -0.10387026E+00   0.00000000E+00  -0.17607048E+00   0.00000000E+00
 18.   40.  -0.64087662E-01   0.00000000E+00  -0.45955920E+00   0.00000000E+00
 18.   41.  -0.50752538E-01  -0.25030446E-01  -0.39798995E+00   0.00000000E+00
 18.   42.  -0.18188266E-01  -0.32584661E-01  -0.22977960E+00   0.00000000E+00
 18.   43.   0.15615506E-01  -0.15615507E-01  -0.42248037E-09   0.00000000E+00
 18.   44.   0.32584661E-01   0.18188266E-01   0.22977960E+00   0.00000000E+00
 18.   45.   0.25030446E-01   0.50752538E-01   0.39798994E+00   0.00000000E+00
 18.   46.   0.10621801E-09   0.64087662E-01   0.45955920E+00   0.00000000E+00
 18.   47.  -0.25030446E-01   0.50752538E-01   0.39798995E+00   0.00000000E+00
 18.   48.  -0.32584661E-01   0.18188266E-01   0.22977960E+00   0.00000000E+00
 18.   49.  -0.15615507E-01  -0.15615506E-01   0.17013585E-08   0.00000000E+00
 18.   50.   0.18188266E-01  -0.32584661E-01  -0.22977960E+00   0.00000000E+00
 18.   51.   0.50752538E-01  -0.25030446E-01  -0.39798994E+00   0.00000000E+00
 18.   52.   0.64087662E-01   0.00000000E+00  -0.45955920E+00   0.00000000E+00
 18.   53.  -0.12759344E+00   0.00000000E+00   0.74334919E+00   0.00000000E+00
 18.   54.  -0.10995757E+00  -0.16568750E-01   0.64375928E+00   0.00000000E+00
 18.   55.  -0.66035865E-01  -0.13215968E-01   0.37167459E+00   0.00000000E+00
 18.   56.  -0.17613929E-01   0.17613928E-01   0.15564178E-08   0.00000000E+00
 18.   57.   0.13215967E-01   0.66035864E-01  -0.37167459E+00   0.00000000E+00
 18.   58.   0.16568750E-01   0.10995757E+00  -0.64375928E+00   0.00000000E+00
 18.   59.   0.73818328E-10   0.12759344E+00  -0.74334918E+00   0.00000000E+00
 18.   60.  -0.16568750E-01   0.10995757E+00  -0.64375928E+00   0.00000000E+00
 18.   61.  -0.13215968E-01   0.66035865E-01  -0.37167459E+00   0.00000000E+00
 18.   62.   0.17613928E-01   0.17613929E-01  -0.19251416E-08   0.00000000E+00
 18.   63.   0.66035864E-01  -0.13215967E-01   0.37167459E+00   0.00000000E+00
 18.   64.   0.10995757E+00  -0.16568750E-01   0.64375928E+00   0.00000000E+00
 18.   65.   0.12759344E+00   0.00000000E+00   0.74334919E+00   0.00000000E+00
 18.   66.   0.12759344E+00   0.00000000E+00   0.74334919E+00   0.00000000E+00
 18.   67.   0.10995757E+00   0.16568750E-01   0.64375928E+00   0.00000000E+00
 18.   68.   0.66035865E-01   0.13215968E-01   0.37167459E+00   0.00000000E+00
 18.   69.   0.17613929E-01  -0.17613928E-01   0.15548301E-08   0.00000000E+00
 18.   70.  -0.13215967E-01  -0.66035864E-01  -0.37167459E+00   0.00000000E+00
 18.   71.  -0.16568750E-01  -0.10995757E+00  -0.64375928E+00   0.00000000E+00
 18.   72.  -0.10256753E-09  -0.12759344E+00  -0.74334918E+00   0.00000000E+00
 18.   73.   0.16568750E-01  -0.10995757E+00  -0.64375928E+00   0.00000000E+00
 18.   74.   0.13215968E-01  -0.66035865E-01  -0.37167459E+00   0.00000000E+00
 18.   75.  -0.17613928E-01  -0.17613929E-01  -0.19264798E-08   0.00000000E+00
 18.   76.  -0.66035864E-01   0.13215967E-01   0.37167459E+00   0.00000000E+00
 18.   77.  -0.10995757E+00   0.16568750E-01   0.64375928E+00   0.00000000E+00
 18.   78.  -0.12759344E+00   0.00000000E+00   0.74334919E+00   0.00000000E+00
 19.    1.  -0.53848813E-02   0.00000000E+00   0.78005082E-02   0.00000000E+00
 19.    2.  -0.28797182E-02   0.53623731E-02   0.20189197E-02   0.00000000E+00
 19.    3.   0.25051631E-02   0.49878181E-02  -0.67554392E-02   0.00000000E+00
 19.    4.   0.57594362E-02  -0.37455504E-03  -0.55157931E-02   0.00000000E+00
 19.    5.   0.32542731E-02  -0.49878182E-02   0.39002539E-02   0.00000000E+00
 19.    6.  -0.28797181E-02  -0.46132632E-02   0.75347124E-02   0.00000000E+00
 19.    7.  -0.61339912E-02  -0.10556257E-09  -0.41498442E-09   0.00000000E+00
 19.    8.  -0.28797181E-02   0.46132630E-02  -0.75347133E-02   0.00000000E+00
 19.    9.   0.32542731E-02   0.49878180E-02  -0.39002549E-02   0.00000000E+00
 19.   10.   0.57594363E-02   0.37455495E-03   0.55157920E-02   0.00000000E+00
 19.   11.   0.25051632E-02  -0.49878182E-02   0.67554382E-02   0.00000000E+00
 19.   12.  -0.28797180E-02  -0.53623732E-02  -0.20189208E-02   0.00000000E+00
 19.   13.  -0.53848811E-02   0.00000000E+00  -0.78005094E-02   0.00000000E+00
 19.   14.  -0.48252801E-01   0.00000000E+00   0.25347613E+00   0.00000000E+00
 19.   15.  -0.28167647E-01   0.56870290E-01   0.65604451E-01   0.00000000E+00
 19.   16.   0.20085154E-01   0.48787796E-01  -0.21951677E+00   0.00000000E+00
 19.   17.   0.56335294E-01  -0.80824933E-02  -0.17923469E+00   0.00000000E+00
 19.   18.   0.36250141E-01  -0.48787796E-01   0.12673807E+00   0.00000000E+00
 19.   19.  -0.28167647E-01  -0.40705303E-01   0.24483914E+00   0.00000000E+00
 19.   20.  -0.64417788E-01  -0.24499168E-09   0.16182991E-08   0.00000000E+00
 19.   21.  -0.28167648E-01   0.40705303E-01  -0.24483914E+00   0.00000000E+00
 19.   22.   0.36250140E-01   0.48787796E-01  -0.12673807E+00   0.00000000E+00
 19.   23.   0.56335295E-01   0.80824938E-02   0.17923469E+00   0.00000000E+00
 19.   24.   0.20085154E-01  -0.48787796E-01   0.21951677E+00   0.00000000E+00
 19.   25.  -0.28167647E-01  -0.56870290E-01  -0.65604448E-01   0.00000000E+00
 19.   26.  -0.48252801E-01   0.00000000E+00  -0.25347613E+00   0.00000000E+00
 19.   27.  -0.40568865E-01   0.00000000E+00   0.88426022E+00   0.00000000E+00
 19.   28.  -0.46260767E-01   0.13207867E+00   0.22886339E+00   0.00000000E+00
 19.   29.  -0.56919017E-02   0.80125999E-01  -0.76579181E+00   0.00000000E+00
 19.   30.   0.92521533E-01  -0.51952668E-01  -0.62526640E+00   0.00000000E+00
 19.   31.   0.98213436E-01  -0.80125999E-01   0.44213011E+00   0.00000000E+00
 19.   32.  -0.46260766E-01  -0.28173330E-01   0.85412978E+00   0.00000000E+00
 19.   33.  -0.14447420E+00  -0.45605686E-10   0.52579396E-08   0.00000000E+00
 19.   34.  -0.46260768E-01   0.28173330E-01  -0.85412978E+00   0.00000000E+00
 19.   35.   0.98213435E-01   0.80125998E-01  -0.44213011E+00   0.00000000E+00
 19.   36.   0.92521534E-01   0.51952669E-01   0.62526639E+00   0.00000000E+00
 19.   37.  -0.56919010E-02  -0.80125997E-01   0.76579182E+00   0.00000000E+00
 19.   38.  -0.46260767E-01  -0.13207867E+00  -0.22886338E+00   0.00000000E+00
 19.   39.  -0.40568865E-01   0.00000000E+00  -0.88426022E+00   0.00000000E+00
 19.   40.   0.10698840E+00   0.00000000E+00   0.55978717E+00   0.00000000E+00
 19.   41.   0.99538294E-02   0.69840202E-01   0.14488358E+00   0.00000000E+00
 19.   42.  -0.97034569E-01  -0.17240538E-01  -0.48478991E+00   0.00000000E+00
 19.   43.  -0.19907659E-01  -0.87080740E-01  -0.39582931E+00   0.00000000E+00
 19.   44.   0.77126911E-01   0.17240538E-01   0.27989359E+00   0.00000000E+00
 19.   45.   0.99538297E-02   0.10432128E+00   0.54071289E+00   0.00000000E+00
 19.   46.  -0.67173081E-01   0.69809028E-09   0.32199057E-08   0.00000000E+00
 19.   47.   0.99538287E-02  -0.10432128E+00  -0.54071289E+00   0.00000000E+00
 19.   48.   0.77126911E-01  -0.17240539E-01  -0.27989359E+00   0.00000000E+00
 19.   49.  -0.19907658E-01   0.87080740E-01   0.39582930E+00   0.00000000E+00
 19.   50.  -0.97034569E-01   0.17240539E-01   0.48478992E+00   0.00000000E+00
 19.   51.   0.99538280E-02  -0.69840202E-01  -0.14488358E+00   0.00000000E+00
 19.   52.   0.10698840E+00   0.00000000E+00  -0.55978717E+00   0.00000000E+00
 19.   53.   0.15833917E+00   0.00000000E+00  -0.99918907E+00   0.00000000E+00
 19.   54.   0.60744053E-01  -0.68360722E-01  -0.25860916E+00   0.00000000E+00
 19.   55.  -0.97595118E-01  -0.10521179E+00   0.86532312E+00   0.00000000E+00
 19.   56.  -0.12148811E+00  -0.36851065E-01   0.70653337E+00   0.00000000E+00
 19.   57.  -0.23892989E-01   0.10521179E+00  -0.49959453E+00   0.00000000E+00
 19.   58.   0.60744053E-01   0.14206285E+00  -0.96514253E+00   0.00000000E+00
 19.   59.   0.84637042E-01   0.81505557E-09  -0.57812766E-08   0.00000000E+00
 19.   60.   0.60744054E-01  -0.14206285E+00   0.96514253E+00   0.00000000E+00
 19.   61.  -0.23892988E-01  -0.10521179E+00   0.49959454E+00   0.00000000E+00
 19.   62.  -0.12148811E+00   0.36851064E-01  -0.70653336E+00   0.00000000E+00
 19.   63.  -0.97595119E-01   0.10521179E+00  -0.86532312E+00   0.00000000E+00
 19.   64.   0.60744052E-01   0.68360722E-01   0.25860915E+00   0.00000000E+00
 19.   65.   0.15833917E+00   0.00000000E+00   0.99918907E+00   0.00000000E+00
 19.   66.  -0.15833917E+00   0.00000000E+00  -0.99918907E+00   0.00000000E+00
 19.   67.  -0.60744053E-01   0.68360722E-01  -0.25860916E+00   0.00000000E+00
 19.   68.   0.97595118E-01   0.10521179E+00   0.86532312E+00   0.00000000E+00
 19.   69.   0.12148811E+00   0.36851065E-01   0.70653337E+00   0.00000000E+00
 19.   70.   0.23892989E-01  -0.10521179E+00  -0.49959453E+00   0.00000000E+00
 19.   71.  -0.60744053E-01  -0.14206285E+00  -0.96514253E+00   0.00000000E+00
 19.   72.  -0.84637042E-01  -0.83540381E-09  -0.57786267E-08   0.00000000E+00
 19.   73.  -0.60744054E-01   0.14206285E+00   0.96514253E+00   0.00000000E+00
 19.   74.   0.23892988E-01   0.10521179E+00   0.49959454E+00   0.00000000E+00
 19.   75.   0.12148811E+00  -0.36851064E-01  -0.70653336E+00   0.00000000E+00
 19.   76.   0.97595119E-01  -0.10521179E+00  -0.86532312E+00   0.00000000E+00
 19.   77.  -0.60744052E-01  -0.68360722E-01   0.25860915E+00   0.00000000E+00
 19.   78.  -0.15833917E+00   0.00000000E+00   0.99918907E+00   0.00000000E+00
 20.    1.   0.15573369E+00   0.00000000E+00   0.99687032E+00   0.00000000E+00
 20.    2.   0.15042719E+00   0.40306845E-01   0.99687032E+00   0.00000000E+00
 20.    3.   0.13486933E+00   0.77866845E-01   0.99687032E+00   0.00000000E+00
 20.    4.   0.11012035E+00   0.11012035E+00   0.99687032E+00   0.00000000E+00
 20.    5.   0.77866845E-01   0.13486933E+00   0.99687032E+00   0.00000000E+00
 20.    6.   0.40306845E-01   0.15042719E+00   0.99687032E+00   0.00000000E+00
 20.    7.   0.17785078E-09   0.15573369E+00   0.99687032E+00   0.00000000E+00
 20.    8.  -0.40306845E-01   0.15042719E+00   0.99687032E+00   0.00000000E+00
 20.    9.  -0.77866845E-01   0.13486933E+00   0.99687032E+00   0.00000000E+00
 20.   10.  -0.11012035E+00   0.11012035E+00   0.99687032E+00   0.00000000E+00
 20.   11.  -0.13486933E+00   0.77866845E-01   0.99687032E+00   0.00000000E+00
 20.   12.  -0.15042719E+00   0.40306845E-01   0.99687032E+00   0.00000000E+00
 20.   13.  -0.15573369E+00   0.00000000E+00   0.99687032E+00   0.00000000E+00
 20.   14.   0.59780562E-01   0.00000000E+00  -0.32116988E+00   0.00000000E+00
 20.   15.   0.57743589E-01   0.15472348E-01  -0.32116988E+00   0.00000000E+00
 20.   16.   0.51771485E-01   0.29890281E-01  -0.32116988E+00   0.00000000E+00
 20.   17.   0.42271241E-01   0.42271241E-01  -0.32116988E+00   0.00000000E+00
 20.   18.   0.29890281E-01   0.51771485E-01  -0.32116988E+00   0.00000000E+00
 20.   19.   0.15472348E-01   0.57743589E-01  -0.32116988E+00   0.00000000E+00
 20.   20.   0.68871286E-10   0.59780562E-01  -0.32116988E+00   0.00000000E+00
 20.   21.  -0.15472348E-01   0.57743589E-01  -0.32116988E+00   0.00000000E+00
 20.   22.  -0.29890281E-01   0.51771485E-01  -0.32116988E+00   0.00000000E+00
 20.   23.  -0.42271241E-01   0.42271241E-01  -0.32116988E+00   0.00000000E+00
 20.   24.  -0.51771485E-01   0.29890281E-01  -0.32116988E+00   0.00000000E+00
 20.   25.  -0.57743589E-01   0.15472348E-01  -0.32116988E+00   0.00000000E+00
 20.   26.  -0.59780562E-01   0.00000000E+00  -0.32116988E+00   0.00000000E+00
 20.   27.  -0.70267099E-01   0.00000000E+00  -0.10034267E+00   0.00000000E+00
 20.   28.  -0.67872805E-01  -0.18186463E-01  -0.10034267E+00   0.00000000E+00
 20.   29.  -0.60853093E-01  -0.35133549E-01  -0.10034267E+00   0.00000000E+00
 20.   30.  -0.49686342E-01  -0.49686342E-01  -0.10034267E+00   0.00000000E+00
 20.   31.  -0.35133549E-01  -0.60853092E-01  -0.10034267E+00   0.00000000E+00
 20.   32.  -0.18186463E-01  -0.67872805E-01  -0.10034267E+00   0.00000000E+00
 20.   33.  -0.89164410E-10  -0.70267099E-01  -0.10034267E+00   0.00000000E+00
 20.   34.   0.18186463E-01  -0.67872805E-01  -0.10034267E+00   0.00000000E+00
 20.   35.   0.35133549E-01  -0.60853093E-01  -0.10034267E+00   0.00000000E+00
 20.   36.   0.49686342E-01  -0.49686342E-01  -0.10034267E+00   0.00000000E+00
 20.   37.   0.60853092E-01  -0.35133549E-01  -0.10034267E+00   0.00000000E+00
 20.   38.   0.67872805E-01  -0.18186464E-01  -0.10034267E+00   0.00000000E+00
 20.   39.   0.70267099E-01   0.00000000E+00  -0.10034267E+00   0.00000000E+00
 20.   40.   0.24165431E-01   0.00000000E+00   0.28871277E+00   0.00000000E+00
 20.   41.   0.23342014E-01   0.62544739E-02   0.28871277E+00   0.00000000E+00
 20.   42.   0.20927877E-01   0.12082716E-01   0.28871277E+00   0.00000000E+00
 20.   43.   0.17087540E-01   0.17087540E-01   0.28871277E+00   0.00000000E+00
 20.   44.   0.12082716E-01   0.20927877E-01   0.28871277E+00   0.00000000E+00
 20.   45.   0.62544739E-02   0.23342014E-01   0.28871277E+00   0.00000000E+00
 20.   46.   0.45738004E-10   0.24165431E-01   0.28871277E+00   0.00000000E+00
 20.   47.  -0.62544738E-02   0.23342014E-01   0.28871277E+00   0.00000000E+00
 20.   48.  -0.12082716E-01   0.20927877E-01   0.28871277E+00   0.00000000E+00
 20.   49.  -0.17087540E-01   0.17087540E-01   0.28871277E+00   0.00000000E+00
 20.   50.  -0.20927877E-01   0.12082716E-01   0.28871277E+00   0.00000000E+00
 20.   51.  -0.23342014E-01   0.62544738E-02   0.28871277E+00   0.00000000E+00
 20.   52.  -0.24165431E-01   0.00000000E+00   0.28871277E+00   0.00000000E+00
 20.   53.   0.80262853E-01   0.00000000E+00  -0.41559351E+00   0.00000000E+00
 20.   54.   0.77527963E-01   0.20773555E-01  -0.41559351E+00   0.00000000E+00
 20.   55.   0.69509670E-01   0.40131427E-01  -0.41559351E+00   0.00000000E+00
 20.   56.   0.56754408E-01   0.56754408E-01  -0.41559351E+00   0.00000000E+00
 20.   57.   0.40131427E-01   0.69509670E-01  -0.41559351E+00   0.00000000E+00
 20.   58.   0.20773555E-01   0.77527963E-01  -0.41559351E+00   0.00000000E+00
 20.   59.   0.95174334E-10   0.80262853E-01  -0.41559351E+00   0.00000000E+00
 20.   60.  -0.20773555E-01   0.77527963E-01  -0.41559351E+00   0.00000000E+00
 20.   61.  -0.40131427E-01   0.69509670E-01  -0.41559351E+00   0.00000000E+00
 20.   62.  -0.56754408E-01   0.56754408E-01  -0.41559351E+00   0.00000000E+00
 20.   63.  -0.69509670E-01   0.40131427E-01  -0.41559351E+00   0.00000000E+00
 20.   64.  -0.77527963E-01   0.20773555E-01  -0.41559351E+00   0.00000000E+00
 20.   65.  -0.80262853E-01   0.00000000E+00  -0.41559351E+00   0.00000000E+00
 20.   66.  -0.80262853E-01   0.00000000E+00  -0.41559351E+00   0.00000000E+00
 20.   67.  -0.77527963E-01  -0.20773555E-01  -0.41559351E+00   0.00000000E+00
 20.   68.  -0.69509670E-01  -0.40131427E-01  -0.41559351E+00   0.00000000E+00
 20.   69.  -0.56754408E-01  -0.56754408E-01  -0.41559351E+00   0.00000000E+00
 20.   70.  -0.40131427E-01  -0.69509670E-01  -0.41559351E+00   0.00000000E+00
 20.   71.  -0.20773555E-01  -0.77527963E-01  -0.41559351E+00   0.00000000E+00
 20.   72.  -0.64047936E-10  -0.80262853E-01  -0.41559351E+00   0.00000000E+00
 20.   73.   0.20773555E-01  -0.77527963E-01  -0.41559351E+00   0.00000000E+00
 20.   74.   0.40131427E-01  -0.69509670E-01  -0.41559351E+00   0.00000000E+00
 20.   75.   0.56754408E-01  -0.56754408E-01  -0.41559351E+00   0.00000000E+00
 20.   76.   0.69509670E-01  -0.40131427E-01  -0.41559351E+00   0.00000000E+00
 20.   77.   0.77527963E-01  -0.20773555E-01  -0.41559351E+00   0.00000000E+00
 20.   78.   0.80262853E-01   0.00000000E+00  -0.41559351E+00   0.00000000E+00
 21.    1.  -0.23176798E-05   0.00000000E+00   0.96339401E-06   0.00000000E+00
 21.    2.   0.11634216E-05   0.19896588E-05  -0.68189888E-06   0.00000000E+00
 21.    3.   0.11459821E-05  -0.19850090E-05  -0.32407550E-09   0.00000000E+00
 21.    4.  -0.23048804E-05  -0.12813381E-07   0.68120060E-06   0.00000000E+00
 21.    5.   0.11587918E-05   0.20070717E-05  -0.96414818E-06   0.00000000E+00
 21.    6.   0.11413604E-05  -0.20024944E-05   0.68127977E-06   0.00000000E+00
 21.    7.  -0.22920599E-05  -0.19343365E-10  -0.11181880E-09   0.00000000E+00
 21.    8.   0.11413381E-05   0.20024849E-05  -0.68152374E-06   0.00000000E+00
 21.    9.   0.11587999E-05  -0.20071055E-05   0.96378354E-06   0.00000000E+00
 21.   10.  -0.23048885E-05   0.12822784E-07  -0.68150576E-06   0.00000000E+00
 21.   11.   0.11459933E-05   0.19850352E-05   0.32091585E-10   0.00000000E+00
 21.   12.   0.11634476E-05  -0.19896290E-05   0.68156803E-06   0.00000000E+00
 21.   13.  -0.23177156E-05   0.00000000E+00  -0.96375945E-06   0.00000000E+00
 21.   14.  -0.61743216E-03   0.00000000E+00   0.14771682E-02   0.00000000E+00
 21.   15.   0.29811401E-03   0.57427926E-03  -0.10445155E-02   0.00000000E+00
 21.   16.   0.33768136E-03  -0.58488136E-03   0.17082465E-09   0.00000000E+00
 21.   17.  -0.64639746E-03   0.28965301E-04   0.10445158E-02   0.00000000E+00
 21.   18.   0.30871603E-03   0.53471189E-03  -0.14771680E-02   0.00000000E+00
 21.   19.   0.34828343E-03  -0.54531395E-03   0.10445157E-02   0.00000000E+00
 21.   20.  -0.67536274E-03   0.25360137E-10   0.23791362E-09   0.00000000E+00
 21.   21.   0.34828338E-03   0.54531398E-03  -0.10445155E-02   0.00000000E+00
 21.   22.   0.30871608E-03  -0.53471185E-03   0.14771680E-02   0.00000000E+00
 21.   23.  -0.64639744E-03  -0.28965271E-04  -0.10445155E-02   0.00000000E+00
 21.   24.   0.33768136E-03   0.58488132E-03   0.12135896E-09   0.00000000E+00
 21.   25.   0.29811405E-03  -0.57427921E-03   0.10445158E-02   0.00000000E+00
 21.   26.  -0.61743211E-03   0.00000000E+00  -0.14771679E-02   0.00000000E+00
 21.   27.  -0.10807184E-01   0.00000000E+00   0.46317261E-01   0.00000000E+00
 21.   28.   0.48873230E-02   0.11286039E-01  -0.32751249E-01   0.00000000E+00
 21.   29.   0.68140658E-02  -0.11802308E-01  -0.12209788E-09   0.00000000E+00
 21.   30.  -0.12217658E-01   0.14104735E-02   0.32751249E-01   0.00000000E+00
 21.   31.   0.54035921E-02   0.93592962E-02  -0.46317261E-01   0.00000000E+00
 21.   32.   0.73303349E-02  -0.98755653E-02   0.32751249E-01   0.00000000E+00
 21.   33.  -0.13628131E-01  -0.72425613E-10   0.47125452E-09   0.00000000E+00
 21.   34.   0.73303347E-02   0.98755654E-02  -0.32751250E-01   0.00000000E+00
 21.   35.   0.54035923E-02  -0.93592961E-02   0.46317261E-01   0.00000000E+00
 21.   36.  -0.12217658E-01  -0.14104737E-02  -0.32751249E-01   0.00000000E+00
 21.   37.   0.68140655E-02   0.11802308E-01  -0.86158799E-09   0.00000000E+00
 21.   38.   0.48873232E-02  -0.11286039E-01   0.32751250E-01   0.00000000E+00
 21.   39.  -0.10807184E-01   0.00000000E+00  -0.46317261E-01   0.00000000E+00
 21.   40.  -0.43033390E-01   0.00000000E+00   0.32613149E+00   0.00000000E+00
 21.   41.   0.16427650E-01   0.56260582E-01  -0.23060979E+00   0.00000000E+00
 21.   42.   0.35420223E-01  -0.61349626E-01  -0.36184879E-09   0.00000000E+00
 21.   43.  -0.56936918E-01   0.13903528E-01   0.23060979E+00   0.00000000E+00
 21.   44.   0.21516694E-01   0.37268009E-01  -0.32613149E+00   0.00000000E+00
 21.   45.   0.40509268E-01  -0.42357053E-01   0.23060979E+00   0.00000000E+00
 21.   46.  -0.70840447E-01  -0.43246433E-09   0.33936724E-08   0.00000000E+00
 21.   47.   0.40509267E-01   0.42357053E-01  -0.23060979E+00   0.00000000E+00
 21.   48.   0.21516696E-01  -0.37268008E-01   0.32613149E+00   0.00000000E+00
 21.   49.  -0.56936918E-01  -0.13903529E-01  -0.23060978E+00   0.00000000E+00
 21.   50.   0.35420223E-01   0.61349627E-01  -0.62918186E-08   0.00000000E+00
 21.   51.   0.16427651E-01  -0.56260581E-01   0.23060979E+00   0.00000000E+00
 21.   52.  -0.43033390E-01   0.00000000E+00  -0.32613149E+00   0.00000000E+00
 21.   53.  -0.88792633E-01   0.00000000E+00   0.99556122E+00   0.00000000E+00
 21.   54.   0.31078044E-01   0.12660114E+00  -0.70396809E+00   0.00000000E+00
 21.   55.   0.80782512E-01  -0.13991942E+00  -0.17553783E-08   0.00000000E+00
 21.   56.  -0.12517883E+00   0.36386195E-01   0.70396810E+00   0.00000000E+00
 21.   57.   0.44396316E-01   0.76896676E-01  -0.99556122E+00   0.00000000E+00
 21.   58.   0.94100785E-01  -0.90214948E-01   0.70396809E+00   0.00000000E+00
 21.   59.  -0.16156502E+00  -0.82470011E-09   0.10711039E-07   0.00000000E+00
 21.   60.   0.94100783E-01   0.90214948E-01  -0.70396810E+00   0.00000000E+00
 21.   61.   0.44396318E-01  -0.76896675E-01   0.99556122E+00   0.00000000E+00
 21.   62.  -0.12517883E+00  -0.36386197E-01  -0.70396808E+00   0.00000000E+00
 21.   63.   0.80782511E-01   0.13991942E+00  -0.18995673E-07   0.00000000E+00
 21.   64.   0.31078046E-01  -0.12660114E+00   0.70396811E+00   0.00000000E+00
 21.   65.  -0.88792633E-01   0.00000000E+00  -0.99556122E+00   0.00000000E+00
 21.   66.   0.88792633E-01   0.00000000E+00   0.99556122E+00   0.00000000E+00
 21.   67.  -0.31078044E-01  -0.12660114E+00  -0.70396809E+00   0.00000000E+00
 21.   68.  -0.80782512E-01   0.13991942E+00  -0.17588526E-08   0.00000000E+00
 21.   69.   0.12517883E+00  -0.36386195E-01   0.70396810E+00   0.00000000E+00
 21.   70.  -0.44396316E-01  -0.76896676E-01  -0.99556122E+00   0.00000000E+00
 21.   71.  -0.94100785E-01   0.90214948E-01   0.70396809E+00   0.00000000E+00
 21.   72.   0.16156502E+00   0.82003622E-09   0.10683322E-07   0.00000000E+00
 21.   73.  -0.94100783E-01  -0.90214948E-01  -0.70396810E+00   0.00000000E+00
 21.   74.  -0.44396318E-01   0.76896675E-01   0.99556122E+00   0.00000000E+00
 21.   75.   0.12517883E+00   0.36386198E-01  -0.70396808E+00   0.00000000E+00
 21.   76.  -0.80782511E-01  -0.13991942E+00  -0.19004005E-07   0.00000000E+00
 21.   77.  -0.31078046E-01   0.12660114E+00   0.70396811E+00   0.00000000E+00
 21.   78.   0.88792633E-01   0.00000000E+00  -0.99556122E+00   0.00000000E+00
 22.    1.  -0.58447602E-01   0.00000000E+00   0.30825832E+00   0.00000000E+00
 22.    2.  -0.60138777E-01   0.64759156E-01   0.21797155E+00   0.00000000E+00
 22.    3.  -0.55237486E-01   0.95674133E-01   0.18988595E-08   0.00000000E+00
 22.    4.  -0.26013685E-01   0.84461287E-01  -0.21797154E+00   0.00000000E+00
 22.    5.   0.29223801E-01   0.50617108E-01  -0.30825831E+00   0.00000000E+00
 22.    6.   0.86152463E-01   0.19702131E-01  -0.21797154E+00   0.00000000E+00
 22.    7.   0.11047497E+00  -0.21005293E-09  -0.22703455E-08   0.00000000E+00
 22.    8.   0.86152464E-01  -0.19702132E-01   0.21797154E+00   0.00000000E+00
 22.    9.   0.29223802E-01  -0.50617108E-01   0.30825831E+00   0.00000000E+00
 22.   10.  -0.26013685E-01  -0.84461288E-01   0.21797154E+00   0.00000000E+00
 22.   11.  -0.55237486E-01  -0.95674133E-01  -0.12244713E-09   0.00000000E+00
 22.   12.  -0.60138777E-01  -0.64759157E-01  -0.21797154E+00   0.00000000E+00
 22.   13.  -0.58447601E-01   0.00000000E+00  -0.30825832E+00   0.00000000E+00
 22.   14.  -0.14514467E-01   0.00000000E+00   0.98460278E+00   0.00000000E+00
 22.   15.  -0.37306198E-01   0.99574365E-01   0.69621930E+00   0.00000000E+00
 22.   16.  -0.74838064E-01   0.12962333E+00  -0.35951501E-09   0.00000000E+00
 22.   17.  -0.67580830E-01   0.82095298E-01  -0.69621930E+00   0.00000000E+00
 22.   18.   0.72572334E-02   0.12569897E-01  -0.98460278E+00   0.00000000E+00
 22.   19.   0.10488703E+00  -0.17479067E-01  -0.69621930E+00   0.00000000E+00
 22.   20.   0.14967613E+00  -0.47273180E-09  -0.47931267E-08   0.00000000E+00
 22.   21.   0.10488703E+00   0.17479067E-01   0.69621930E+00   0.00000000E+00
 22.   22.   0.72572341E-02  -0.12569897E-01   0.98460278E+00   0.00000000E+00
 22.   23.  -0.67580830E-01  -0.82095298E-01   0.69621930E+00   0.00000000E+00
 22.   24.  -0.74838064E-01  -0.12962333E+00   0.56884969E-08   0.00000000E+00
 22.   25.  -0.37306199E-01  -0.99574366E-01  -0.69621930E+00   0.00000000E+00
 22.   26.  -0.14514467E-01   0.00000000E+00  -0.98460278E+00   0.00000000E+00
 22.   27.   0.13539857E+00   0.00000000E+00   0.12663403E+00   0.00000000E+00
 22.   28.   0.90209681E-01   0.33248648E-01   0.89543781E-01   0.00000000E+00
 22.   29.  -0.61997320E-02   0.10738250E-01  -0.21841078E-11   0.00000000E+00
 22.   30.  -0.73899015E-01  -0.61499551E-01  -0.89543780E-01   0.00000000E+00
 22.   31.  -0.67699283E-01  -0.11725860E+00  -0.12663403E+00   0.00000000E+00
 22.   32.  -0.16310666E-01  -0.94748200E-01  -0.89543781E-01   0.00000000E+00
 22.   33.   0.12399464E-01  -0.60943771E-09  -0.42486322E-09   0.00000000E+00
 22.   34.  -0.16310666E-01   0.94748199E-01   0.89543781E-01   0.00000000E+00
 22.   35.  -0.67699283E-01   0.11725860E+00   0.12663403E+00   0.00000000E+00
 22.   36.  -0.73899015E-01   0.61499552E-01   0.89543782E-01   0.00000000E+00
 22.   37.  -0.61997326E-02  -0.10738250E-01   0.89061358E-09   0.00000000E+00
 22.   38.   0.90209680E-01  -0.33248648E-01  -0.89543778E-01   0.00000000E+00
 22.   39.   0.13539857E+00   0.00000000E+00  -0.12663403E+00   0.00000000E+00
 22.   40.  -0.50161577E-01   0.00000000E+00  -0.57133273E+00   0.00000000E+00
 22.   41.  -0.26759593E-01  -0.37175820E-01  -0.40399324E+00   0.00000000E+00
 22.   42.   0.20494212E-01  -0.35497017E-01  -0.79734818E-09   0.00000000E+00
 22.   43.   0.45575001E-01   0.45865764E-02   0.40399324E+00   0.00000000E+00
 22.   44.   0.25080789E-01   0.43441200E-01   0.57133273E+00   0.00000000E+00
 22.   45.  -0.18815408E-01   0.41762397E-01   0.40399325E+00   0.00000000E+00
 22.   46.  -0.40988424E-01   0.67976168E-09   0.15725081E-08   0.00000000E+00
 22.   47.  -0.18815409E-01  -0.41762397E-01  -0.40399324E+00   0.00000000E+00
 22.   48.   0.25080788E-01  -0.43441200E-01  -0.57133273E+00   0.00000000E+00
 22.   49.   0.45575001E-01  -0.45865770E-02  -0.40399325E+00   0.00000000E+00
 22.   50.   0.20494212E-01   0.35497016E-01  -0.37817527E-08   0.00000000E+00
 22.   51.  -0.26759592E-01   0.37175821E-01   0.40399324E+00   0.00000000E+00
 22.   52.  -0.50161577E-01   0.00000000E+00   0.57133273E+00   0.00000000E+00
 22.   53.  -0.15538263E+00   0.00000000E+00   0.80031312E+00   0.00000000E+00
 22.   54.  -0.11331265E+00  -0.16246654E-02   0.56590683E+00   0.00000000E+00
 22.   55.  -0.19627987E-01   0.33996671E-01   0.75478783E-09   0.00000000E+00
 22.   56.   0.58063329E-01   0.97319304E-01  -0.56590683E+00   0.00000000E+00
 22.   57.   0.77691316E-01   0.13456531E+00  -0.80031312E+00   0.00000000E+00
 22.   58.   0.55249326E-01   0.98943970E-01  -0.56590683E+00   0.00000000E+00
 22.   59.   0.39255975E-01   0.85444661E-09  -0.42015970E-08   0.00000000E+00
 22.   60.   0.55249325E-01  -0.98943971E-01   0.56590683E+00   0.00000000E+00
 22.   61.   0.77691317E-01  -0.13456531E+00   0.80031312E+00   0.00000000E+00
 22.   62.   0.58063329E-01  -0.97319305E-01   0.56590683E+00   0.00000000E+00
 22.   63.  -0.19627988E-01  -0.33996672E-01   0.59101721E-08   0.00000000E+00
 22.   64.  -0.11331265E+00   0.16246665E-02  -0.56590683E+00   0.00000000E+00
 22.   65.  -0.15538263E+00   0.00000000E+00  -0.80031312E+00   0.00000000E+00
 22.   66.   0.15538263E+00   0.00000000E+00   0.80031312E+00   0.00000000E+00
 22.   67.   0.11331265E+00   0.16246658E-02   0.56590683E+00   0.00000000E+00
 22.   68.   0.19627988E-01  -0.33996672E-01   0.78632289E-09   0.00000000E+00
 22.   69.  -0.58063329E-01  -0.97319304E-01  -0.56590683E+00   0.00000000E+00
 22.   70.  -0.77691316E-01  -0.13456531E+00  -0.80031312E+00   0.00000000E+00
 22.   71.  -0.55249325E-01  -0.98943970E-01  -0.56590683E+00   0.00000000E+00
 22.   72.  -0.39255975E-01  -0.10656182E-08  -0.39600698E-08   0.00000000E+00
 22.   73.  -0.55249326E-01   0.98943970E-01   0.56590683E+00   0.00000000E+00
 22.   74.  -0.77691317E-01   0.13456531E+00   0.80031312E+00   0.00000000E+00
 22.   75.  -0.58063329E-01   0.97319304E-01   0.56590683E+00   0.00000000E+00
 22.   76.   0.19627986E-01   0.33996672E-01   0.59824275E-08   0.00000000E+00
 22.   77.   0.11331265E+00  -0.16246654E-02  -0.56590683E+00   0.00000000E+00
 22.   78.   0.15538263E+00   0.00000000E+00  -0.80031312E+00   0.00000000E+00
 23.    1.   0.11635528E+00   0.00000000E+00   0.99585497E+00   0.00000000E+00
 23.    2.   0.10233113E+00   0.52338846E-01   0.96192203E+00   0.00000000E+00
 23.    3.   0.64016433E-01   0.90653541E-01   0.86243570E+00   0.00000000E+00
 23.    4.   0.11677586E-01   0.10467769E+00   0.70417580E+00   0.00000000E+00
 23.    5.  -0.40661260E-01   0.90653541E-01   0.49792748E+00   0.00000000E+00
 23.    6.  -0.78975955E-01   0.52338847E-01   0.25774623E+00   0.00000000E+00
 23.    7.  -0.93000107E-01   0.78737017E-10   0.41825255E-09   0.00000000E+00
 23.    8.  -0.78975955E-01  -0.52338846E-01  -0.25774623E+00   0.00000000E+00
 23.    9.  -0.40661261E-01  -0.90653541E-01  -0.49792748E+00   0.00000000E+00
 23.   10.   0.11677586E-01  -0.10467769E+00  -0.70417580E+00   0.00000000E+00
 23.   11.   0.64016433E-01  -0.90653542E-01  -0.86243570E+00   0.00000000E+00
 23.   12.   0.10233113E+00  -0.52338847E-01  -0.96192203E+00   0.00000000E+00
 23.   13.   0.11635528E+00   0.00000000E+00  -0.99585496E+00   0.00000000E+00
 23.   14.   0.80253917E-01   0.00000000E+00  -0.17554373E+00   0.00000000E+00
 23.   15.   0.75470293E-01   0.17852730E-01  -0.16956222E+00   0.00000000E+00
 23.   16.   0.62401187E-01   0.30921836E-01  -0.15202533E+00   0.00000000E+00
 23.   17.   0.44548457E-01   0.35705460E-01  -0.12412816E+00   0.00000000E+00
 23.   18.   0.26695727E-01   0.30921836E-01  -0.87771863E-01   0.00000000E+00
 23.   19.   0.13626621E-01   0.17852730E-01  -0.45434060E-01   0.00000000E+00
 23.   20.   0.88429962E-02   0.17411974E-10  -0.57906421E-09   0.00000000E+00
 23.   21.   0.13626621E-01  -0.17852730E-01   0.45434060E-01   0.00000000E+00
 23.   22.   0.26695726E-01  -0.30921836E-01   0.87771864E-01   0.00000000E+00
 23.   23.   0.44548457E-01  -0.35705460E-01   0.12412816E+00   0.00000000E+00
 23.   24.   0.62401187E-01  -0.30921836E-01   0.15202533E+00   0.00000000E+00
 23.   25.   0.75470292E-01  -0.17852730E-01   0.16956222E+00   0.00000000E+00
 23.   26.   0.80253917E-01   0.00000000E+00   0.17554373E+00   0.00000000E+00
 23.   27.  -0.64379334E-01   0.00000000E+00  -0.18086461E+00   0.00000000E+00
 23.   28.  -0.59672055E-01  -0.17567801E-01  -0.17470180E+00   0.00000000E+00
 23.   29.  -0.46811533E-01  -0.30428324E-01  -0.15663335E+00   0.00000000E+00
 23.   30.  -0.29243732E-01  -0.35135602E-01  -0.12789059E+00   0.00000000E+00
 23.   31.  -0.11675931E-01  -0.30428324E-01  -0.90432307E-01   0.00000000E+00
 23.   32.   0.11845919E-02  -0.17567801E-01  -0.46811207E-01   0.00000000E+00
 23.   33.   0.58918699E-02  -0.74768710E-10  -0.29932288E-09   0.00000000E+00
 23.   34.   0.11845918E-02   0.17567801E-01   0.46811206E-01   0.00000000E+00
 23.   35.  -0.11675931E-01   0.30428323E-01   0.90432306E-01   0.00000000E+00
 23.   36.  -0.29243732E-01   0.35135602E-01   0.12789060E+00   0.00000000E+00
 23.   37.  -0.46811533E-01   0.30428324E-01   0.15663335E+00   0.00000000E+00
 23.   38.  -0.59672056E-01   0.17567801E-01   0.17470180E+00   0.00000000E+00
 23.   39.  -0.64379334E-01   0.00000000E+00   0.18086461E+00   0.00000000E+00
 23.   40.   0.15130581E-01   0.00000000E+00   0.28114664E+00   0.00000000E+00
 23.   41.   0.13667159E-01   0.54615661E-02   0.27156680E+00   0.00000000E+00
 23.   42.   0.96690151E-02   0.94597095E-02   0.24348013E+00   0.00000000E+00
 23.   43.   0.42074495E-02   0.10923132E-01   0.19880070E+00   0.00000000E+00
 23.   44.  -0.12541166E-02   0.94597095E-02   0.14057332E+00   0.00000000E+00
 23.   45.  -0.52522600E-02   0.54615658E-02   0.72766105E-01   0.00000000E+00
 23.   46.  -0.67156823E-02   0.38733217E-09   0.13925813E-09   0.00000000E+00
 23.   47.  -0.52522602E-02  -0.54615659E-02  -0.72766105E-01   0.00000000E+00
 23.   48.  -0.12541167E-02  -0.94597094E-02  -0.14057332E+00   0.00000000E+00
 23.   49.   0.42074494E-02  -0.10923132E-01  -0.19880070E+00   0.00000000E+00
 23.   50.   0.96690149E-02  -0.94597096E-02  -0.24348013E+00   0.00000000E+00
 23.   51.   0.13667159E-01  -0.54615658E-02  -0.27156680E+00   0.00000000E+00
 23.   52.   0.15130581E-01   0.00000000E+00  -0.28114664E+00   0.00000000E+00
 23.   53.   0.79816379E-01   0.00000000E+00  -0.38781509E+00   0.00000000E+00
 23.   54.   0.74889587E-01   0.18387039E-01  -0.37460061E+00   0.00000000E+00
 23.   55.   0.61429340E-01   0.31847286E-01  -0.33585772E+00   0.00000000E+00
 23.   56.   0.43042301E-01   0.36774078E-01  -0.27422668E+00   0.00000000E+00
 23.   57.   0.24655261E-01   0.31847286E-01  -0.19390754E+00   0.00000000E+00
 23.   58.   0.11195015E-01   0.18387039E-01  -0.10037393E+00   0.00000000E+00
 23.   59.   0.62682224E-02   0.21415571E-09  -0.64214582E-09   0.00000000E+00
 23.   60.   0.11195014E-01  -0.18387039E-01   0.10037393E+00   0.00000000E+00
 23.   61.   0.24655261E-01  -0.31847286E-01   0.19390754E+00   0.00000000E+00
 23.   62.   0.43042300E-01  -0.36774078E-01   0.27422668E+00   0.00000000E+00
 23.   63.   0.61429339E-01  -0.31847286E-01   0.33585771E+00   0.00000000E+00
 23.   64.   0.74889587E-01  -0.18387039E-01   0.37460061E+00   0.00000000E+00
 23.   65.   0.79816379E-01   0.00000000E+00   0.38781508E+00   0.00000000E+00
 23.   66.  -0.79816379E-01   0.00000000E+00  -0.38781509E+00   0.00000000E+00
 23.   67.  -0.74889586E-01  -0.18387039E-01  -0.37460061E+00   0.00000000E+00
 23.   68.  -0.61429340E-01  -0.31847286E-01  -0.33585772E+00   0.00000000E+00
 23.   69.  -0.43042301E-01  -0.36774078E-01  -0.27422668E+00   0.00000000E+00
 23.   70.  -0.24655261E-01  -0.31847286E-01  -0.19390754E+00   0.00000000E+00
 23.   71.  -0.11195015E-01  -0.18387039E-01  -0.10037393E+00   0.00000000E+00
 23.   72.  -0.62682225E-02   0.58052544E-10  -0.48019358E-09   0.00000000E+00
 23.   73.  -0.11195015E-01   0.18387039E-01   0.10037393E+00   0.00000000E+00
 23.   74.  -0.24655261E-01   0.31847285E-01   0.19390754E+00   0.00000000E+00
 23.   75.  -0.43042300E-01   0.36774078E-01   0.27422668E+00   0.00000000E+00
 23.   76.  -0.61429340E-01   0.31847286E-01   0.33585771E+00   0.00000000E+00
 23.   77.  -0.74889586E-01   0.18387039E-01   0.37460061E+00   0.00000000E+00
 23.   78.  -0.79816379E-01   0.00000000E+00   0.38781508E+00   0.00000000E+00
 24.    1.   0.75916298E+00   0.00000000E+00   0.28446607E-01   0.00000000E+00
 24.    2.   0.73176903E+00  -0.19079034E+00   0.24635484E-01   0.00000000E+00
 24.    3.   0.65234799E+00  -0.37073687E+00   0.14223304E-01   0.00000000E+00
 24.    4.   0.52847051E+00  -0.52847050E+00   0.13508692E-09   0.00000000E+00
 24.    5.   0.37073687E+00  -0.65234799E+00  -0.14223303E-01   0.00000000E+00
 24.    6.   0.19079034E+00  -0.73176903E+00  -0.24635484E-01   0.00000000E+00
 24.    7.   0.87068033E-09  -0.75916298E+00  -0.28446607E-01   0.00000000E+00
 24.    8.  -0.19079034E+00  -0.73176903E+00  -0.24635484E-01   0.00000000E+00
 24.    9.  -0.37073687E+00  -0.65234799E+00  -0.14223303E-01   0.00000000E+00
 24.   10.  -0.52847050E+00  -0.52847051E+00  -0.42391592E-10   0.00000000E+00
 24.   11.  -0.65234798E+00  -0.37073687E+00   0.14223303E-01   0.00000000E+00
 24.   12.  -0.73176903E+00  -0.19079034E+00   0.24635484E-01   0.00000000E+00
 24.   13.  -0.75916298E+00   0.00000000E+00   0.28446607E-01   0.00000000E+00
 24.   14.   0.83225847E+00   0.00000000E+00   0.50076910E-02   0.00000000E+00
 24.   15.   0.77369246E+00  -0.10266843E+00   0.43367876E-02   0.00000000E+00
 24.   16.   0.61968073E+00  -0.24106003E+00   0.25038455E-02   0.00000000E+00
 24.   17.   0.42343878E+00  -0.42343878E+00   0.98002438E-10   0.00000000E+00
 24.   18.   0.24106003E+00  -0.61968073E+00  -0.25038455E-02   0.00000000E+00
 24.   19.   0.10266843E+00  -0.77369246E+00  -0.43367876E-02   0.00000000E+00
 24.   20.   0.44447502E-09  -0.83225847E+00  -0.50076909E-02   0.00000000E+00
 24.   21.  -0.10266843E+00  -0.77369246E+00  -0.43367877E-02   0.00000000E+00
 24.   22.  -0.24106003E+00  -0.61968073E+00  -0.25038457E-02   0.00000000E+00
 24.   23.  -0.42343878E+00  -0.42343878E+00  -0.46805793E-10   0.00000000E+00
 24.   24.  -0.61968073E+00  -0.24106003E+00   0.25038456E-02   0.00000000E+00
 24.   25.  -0.77369246E+00  -0.10266843E+00   0.43367878E-02   0.00000000E+00
 24.   26.  -0.83225847E+00   0.00000000E+00   0.50076911E-02   0.00000000E+00
 24.   27.   0.92701646E+00   0.00000000E+00   0.80782568E-03   0.00000000E+00
 24.   28.   0.85495742E+00  -0.88886994E-01   0.69959737E-03   0.00000000E+00
 24.   29.   0.66739878E+00  -0.22895214E+00   0.40391280E-03   0.00000000E+00
 24.   30.   0.43435803E+00  -0.43435802E+00  -0.50774750E-11   0.00000000E+00
 24.   31.   0.22895214E+00  -0.66739878E+00  -0.40391283E-03   0.00000000E+00
 24.   32.   0.88886994E-01  -0.85495742E+00  -0.69959742E-03   0.00000000E+00
 24.   33.   0.32944233E-09  -0.92701646E+00  -0.80782557E-03   0.00000000E+00
 24.   34.  -0.88886993E-01  -0.85495742E+00  -0.69959754E-03   0.00000000E+00
 24.   35.  -0.22895214E+00  -0.66739878E+00  -0.40391274E-03   0.00000000E+00
 24.   36.  -0.43435802E+00  -0.43435803E+00  -0.73637863E-10   0.00000000E+00
 24.   37.  -0.66739878E+00  -0.22895215E+00   0.40391281E-03   0.00000000E+00
 24.   38.  -0.85495741E+00  -0.88886995E-01   0.69959738E-03   0.00000000E+00
 24.   39.  -0.92701646E+00   0.00000000E+00   0.80782565E-03   0.00000000E+00
 24.   40.   0.99127434E+00   0.00000000E+00  -0.15810036E-02   0.00000000E+00
 24.   41.   0.89282331E+00  -0.15193365E-01  -0.13691892E-02   0.00000000E+00
 24.   42.   0.64206475E+00  -0.12081442E+00  -0.79050168E-03   0.00000000E+00
 24.   43.   0.34755053E+00  -0.34755053E+00  -0.10691116E-10   0.00000000E+00
 24.   44.   0.12081443E+00  -0.64206475E+00   0.79050177E-03   0.00000000E+00
 24.   45.   0.15193365E-01  -0.89282331E+00   0.13691892E-02   0.00000000E+00
 24.   46.  -0.27674842E-10  -0.99127434E+00   0.15810036E-02   0.00000000E+00
 24.   47.  -0.15193365E-01  -0.89282331E+00   0.13691893E-02   0.00000000E+00
 24.   48.  -0.12081442E+00  -0.64206475E+00   0.79050166E-03   0.00000000E+00
 24.   49.  -0.34755053E+00  -0.34755054E+00   0.90556540E-10   0.00000000E+00
 24.   50.  -0.64206474E+00  -0.12081443E+00  -0.79050183E-03   0.00000000E+00
 24.   51.  -0.89282331E+00  -0.15193365E-01  -0.13691892E-02   0.00000000E+00
 24.   52.  -0.99127434E+00   0.00000000E+00  -0.15810036E-02   0.00000000E+00
 24.   53.   0.99083934E+00   0.00000000E+00  -0.37320004E-02   0.00000000E+00
 24.   54.   0.85490234E+00   0.12487407E+00  -0.32320073E-02   0.00000000E+00
 24.   55.   0.51620794E+00   0.96740962E-01  -0.18660005E-02   0.00000000E+00
 24.   56.   0.14233482E+00  -0.14233482E+00   0.23801272E-11   0.00000000E+00
 24.   57.  -0.96740962E-01  -0.51620794E+00   0.18660002E-02   0.00000000E+00
 24.   58.  -0.12487407E+00  -0.85490234E+00   0.32320071E-02   0.00000000E+00
 24.   59.  -0.68644579E-09  -0.99083934E+00   0.37320006E-02   0.00000000E+00
 24.   60.   0.12487407E+00  -0.85490234E+00   0.32320069E-02   0.00000000E+00
 24.   61.   0.96740963E-01  -0.51620794E+00   0.18660001E-02   0.00000000E+00
 24.   62.  -0.14233482E+00  -0.14233482E+00   0.34726353E-09   0.00000000E+00
 24.   63.  -0.51620794E+00   0.96740961E-01  -0.18660001E-02   0.00000000E+00
 24.   64.  -0.85490234E+00   0.12487407E+00  -0.32320072E-02   0.00000000E+00
 24.   65.  -0.99083934E+00   0.00000000E+00  -0.37320003E-02   0.00000000E+00
 24.   66.   0.99083934E+00   0.00000000E+00   0.37320005E-02   0.00000000E+00
 24.   67.   0.85490234E+00   0.12487407E+00   0.32320071E-02   0.00000000E+00
 24.   68.   0.51620794E+00   0.96740962E-01   0.18660000E-02   0.00000000E+00
 24.   69.   0.14233482E+00  -0.14233482E+00   0.27916121E-10   0.00000000E+00
 24.   70.  -0.96740962E-01  -0.51620794E+00  -0.18660003E-02   0.00000000E+00
 24.   71.  -0.12487407E+00  -0.85490234E+00  -0.32320073E-02   0.00000000E+00
 24.   72.  -0.66368663E-09  -0.99083934E+00  -0.37320003E-02   0.00000000E+00
 24.   73.   0.12487407E+00  -0.85490234E+00  -0.32320076E-02   0.00000000E+00
 24.   74.   0.96740963E-01  -0.51620794E+00  -0.18660004E-02   0.00000000E+00
 24.   75.  -0.14233482E+00  -0.14233482E+00   0.32412230E-09   0.00000000E+00
 24.   76.  -0.51620794E+00   0.96740961E-01   0.18660004E-02   0.00000000E+00
 24.   77.  -0.85490234E+00   0.12487407E+00   0.32320072E-02   0.00000000E+00
 24.   78.  -0.99083934E+00   0.00000000E+00   0.37320007E-02   0.00000000E+00
