mode k UX UY UZ VOLT
  1.    1.   0.18694168E-01   0.00000000E+00   0.10994286E+00   0.00000000E+00
  1.    2.   0.18694168E-01   0.27054363E-12   0.11427542E+00   0.00000000E+00
  1.    3.   0.18694168E-01   0.67189048E-12   0.12697786E+00   0.00000000E+00
  1.    4.   0.18694168E-01   0.12461007E-11   0.14718453E+00   0.00000000E+00
  1.    5.   0.18694168E-01   0.19525600E-11   0.17351837E+00   0.00000000E+00
  1.    6.   0.18694168E-01   0.27201649E-11   0.20418477E+00   0.00000000E+00
  1.    7.   0.18694168E-01   0.34571359E-11   0.23709388E+00   0.00000000E+00
  1.    8.   0.18694168E-01   0.40088074E-11   0.27000298E+00   0.00000000E+00
  1.    9.   0.18694168E-01   0.41870263E-11   0.30066939E+00   0.00000000E+00
  1.   10.   0.18694168E-01   0.38670603E-11   0.32700323E+00   0.00000000E+00
  1.   11.   0.18694168E-01   0.29957878E-11   0.34720989E+00   0.00000000E+00
  1.   12.   0.18694168E-01   0.16440223E-11   0.35991233E+00   0.00000000E+00
  1.   13.   0.18694168E-01   0.00000000E+00   0.36424490E+00   0.00000000E+00
  1.   14.   0.18694168E-01   0.00000000E+00  -0.48995918E-01   0.00000000E+00
  1.   15.   0.18694168E-01   0.98147900E-12  -0.39247644E-01   0.00000000E+00
  1.   16.   0.18694168E-01   0.19799211E-11  -0.10667153E-01   0.00000000E+00
  1.   17.   0.18694168E-01   0.29646506E-11   0.34797843E-01   0.00000000E+00
  1.   18.   0.18694168E-01   0.39176321E-11   0.94048979E-01   0.00000000E+00
  1.   19.   0.18694168E-01   0.48626103E-11   0.16304839E+00   0.00000000E+00
  1.   20.   0.18694168E-01   0.58010772E-11   0.23709388E+00   0.00000000E+00
  1.   21.   0.18694168E-01   0.66109215E-11   0.31113936E+00   0.00000000E+00
  1.   22.   0.18694168E-01   0.70370824E-11   0.38013877E+00   0.00000000E+00
  1.   23.   0.18694168E-01   0.68108664E-11   0.43938991E+00   0.00000000E+00
  1.   24.   0.18694168E-01   0.55599523E-11   0.48485491E+00   0.00000000E+00
  1.   25.   0.18694168E-01   0.31423578E-11   0.51343540E+00   0.00000000E+00
  1.   26.   0.18694168E-01   0.00000000E+00   0.52318367E+00   0.00000000E+00
  1.   27.   0.18694168E-01   0.00000000E+00  -0.20793469E+00   0.00000000E+00
  1.   28.   0.18694168E-01   0.12638781E-11  -0.19277071E+00   0.00000000E+00
  1.   29.   0.18694168E-01   0.26365564E-11  -0.14831217E+00   0.00000000E+00
  1.   30.   0.18694168E-01   0.39751896E-11  -0.77588843E-01   0.00000000E+00
  1.   31.   0.18694168E-01   0.52968427E-11   0.14579591E-01   0.00000000E+00
  1.   32.   0.18694168E-01   0.66697638E-11   0.12191201E+00   0.00000000E+00
  1.   33.   0.18694168E-01   0.80897157E-11   0.23709388E+00   0.00000000E+00
  1.   34.   0.18694168E-01   0.94499660E-11   0.35227574E+00   0.00000000E+00
  1.   35.   0.18694168E-01   0.10466857E-10   0.45960816E+00   0.00000000E+00
  1.   36.   0.18694168E-01   0.10501965E-10   0.55177660E+00   0.00000000E+00
  1.   37.   0.18694168E-01   0.89601112E-11   0.62249992E+00   0.00000000E+00
  1.   38.   0.18694168E-01   0.52859579E-11   0.66695847E+00   0.00000000E+00
  1.   39.   0.18694168E-01   0.00000000E+00   0.68212245E+00   0.00000000E+00
  1.   40.   0.18694168E-01   0.00000000E+00  -0.36687347E+00   0.00000000E+00
  1.   41.   0.18694168E-01   0.15254520E-11  -0.34629378E+00   0.00000000E+00
  1.   42.   0.18694168E-01   0.31323241E-11  -0.28595719E+00   0.00000000E+00
  1.   43.   0.18694168E-01   0.46998895E-11  -0.18997553E+00   0.00000000E+00
  1.   44.   0.18694168E-01   0.63176914E-11  -0.64889797E-01   0.00000000E+00
  1.   45.   0.18694168E-01   0.79890569E-11   0.80775624E-01   0.00000000E+00
  1.   46.   0.18694168E-01   0.96628640E-11   0.23709387E+00   0.00000000E+00
  1.   47.   0.18694168E-01   0.11403189E-10   0.39341212E+00   0.00000000E+00
  1.   48.   0.18694168E-01   0.13230417E-10   0.53907755E+00   0.00000000E+00
  1.   49.   0.18694168E-01   0.14043426E-10   0.66416328E+00   0.00000000E+00
  1.   50.   0.18694168E-01   0.12744877E-10   0.76014494E+00   0.00000000E+00
  1.   51.   0.18694168E-01   0.81420684E-11   0.82048153E+00   0.00000000E+00
  1.   52.   0.18694168E-01   0.00000000E+00   0.84106122E+00   0.00000000E+00
  1.   53.   0.18694168E-01   0.00000000E+00  -0.52581224E+00   0.00000000E+00
  1.   54.   0.18694168E-01   0.17606668E-11  -0.49981685E+00   0.00000000E+00
  1.   55.   0.18694168E-01   0.35642887E-11  -0.42360220E+00   0.00000000E+00
  1.   56.   0.18694168E-01   0.54577331E-11  -0.30236222E+00   0.00000000E+00
  1.   57.   0.18694168E-01   0.71843154E-11  -0.14435918E+00   0.00000000E+00
  1.   58.   0.18694168E-01   0.88182538E-11   0.39639242E-01   0.00000000E+00
  1.   59.   0.18694168E-01   0.10478398E-10   0.23709387E+00   0.00000000E+00
  1.   60.   0.18694168E-01   0.12220603E-10   0.43454851E+00   0.00000000E+00
  1.   61.   0.18694168E-01   0.14403199E-10   0.61854693E+00   0.00000000E+00
  1.   62.   0.18694168E-01   0.15850877E-10   0.77654997E+00   0.00000000E+00
  1.   63.   0.18694168E-01   0.15252259E-10   0.89778996E+00   0.00000000E+00
  1.   64.   0.18694168E-01   0.10286127E-10   0.97400460E+00   0.00000000E+00
  1.   65.   0.18694168E-01   0.00000000E+00   0.10000000E+01   0.00000000E+00
  1.   66.  -0.16908118E-01   0.00000000E+00  -0.52581224E+00   0.00000000E+00
  1.   67.  -0.16908118E-01  -0.17644324E-11  -0.49981685E+00   0.00000000E+00
  1.   68.  -0.16908118E-01  -0.35589815E-11  -0.42360220E+00   0.00000000E+00
  1.   69.  -0.16908118E-01  -0.54574169E-11  -0.30236222E+00   0.00000000E+00
  1.   70.  -0.16908118E-01  -0.71930725E-11  -0.14435918E+00   0.00000000E+00
  1.   71.  -0.16908118E-01  -0.88236518E-11   0.39639242E-01   0.00000000E+00
  1.   72.  -0.16908118E-01  -0.10481564E-10   0.23709387E+00   0.00000000E+00
  1.   73.  -0.16908118E-01  -0.12214829E-10   0.43454851E+00   0.00000000E+00
  1.   74.  -0.16908118E-01  -0.14413067E-10   0.61854693E+00   0.00000000E+00
  1.   75.  -0.16908118E-01  -0.15844750E-10   0.77654997E+00   0.00000000E+00
  1.   76.  -0.16908118E-01  -0.15260034E-10   0.89778996E+00   0.00000000E+00
  1.   77.  -0.16908118E-01  -0.10307677E-10   0.97400460E+00   0.00000000E+00
  1.   78.  -0.16908118E-01   0.00000000E+00   0.10000000E+01   0.00000000E+00
  2.    1.   0.10000000E+01   0.00000000E+00  -0.40124761E-01   0.00000000E+00
  2.    2.   0.10000000E+01   0.18669322E-12  -0.39917021E-01   0.00000000E+00
  2.    3.   0.10000000E+01   0.34120678E-12  -0.39307961E-01   0.00000000E+00
  2.    4.   0.10000000E+01   0.40951849E-12  -0.38339085E-01   0.00000000E+00
  2.    5.   0.10000000E+01   0.41266566E-12  -0.37076421E-01   0.00000000E+00
  2.    6.   0.10000000E+01   0.36533470E-12  -0.35606018E-01   0.00000000E+00
  2.    7.   0.10000000E+01   0.26555132E-12  -0.34028081E-01   0.00000000E+00
  2.    8.   0.10000000E+01   0.14572594E-12  -0.32450145E-01   0.00000000E+00
  2.    9.   0.10000000E+01   0.62970152E-13  -0.30979742E-01   0.00000000E+00
  2.   10.   0.10000000E+01   0.23299001E-13  -0.29717078E-01   0.00000000E+00
  2.   11.   0.10000000E+01  -0.22031012E-13  -0.28748202E-01   0.00000000E+00
  2.   12.   0.10000000E+01  -0.22257866E-13  -0.28139141E-01   0.00000000E+00
  2.   13.   0.10000000E+01   0.00000000E+00  -0.27931402E-01   0.00000000E+00
  2.   14.   0.10000000E+01   0.00000000E+00  -0.47745610E-01   0.00000000E+00
  2.   15.   0.10000000E+01   0.34434127E-13  -0.47278197E-01   0.00000000E+00
  2.   16.   0.10000000E+01   0.10334253E-12  -0.45907810E-01   0.00000000E+00
  2.   17.   0.10000000E+01   0.14215021E-12  -0.43727839E-01   0.00000000E+00
  2.   18.   0.10000000E+01   0.15961618E-12  -0.40886846E-01   0.00000000E+00
  2.   19.   0.10000000E+01   0.17663508E-12  -0.37578439E-01   0.00000000E+00
  2.   20.   0.10000000E+01   0.14586570E-12  -0.34028081E-01   0.00000000E+00
  2.   21.   0.10000000E+01   0.10964783E-12  -0.30477724E-01   0.00000000E+00
  2.   22.   0.10000000E+01   0.66147346E-13  -0.27169317E-01   0.00000000E+00
  2.   23.   0.10000000E+01   0.25528194E-13  -0.24328324E-01   0.00000000E+00
  2.   24.   0.10000000E+01  -0.10311718E-14  -0.22148353E-01   0.00000000E+00
  2.   25.   0.10000000E+01   0.61710894E-14  -0.20777966E-01   0.00000000E+00
  2.   26.   0.10000000E+01   0.00000000E+00  -0.20310552E-01   0.00000000E+00
  2.   27.   0.10000000E+01   0.00000000E+00  -0.55366459E-01   0.00000000E+00
  2.   28.   0.10000000E+01  -0.93062398E-13  -0.54639372E-01   0.00000000E+00
  2.   29.   0.10000000E+01  -0.92538252E-13  -0.52507659E-01   0.00000000E+00
  2.   30.   0.10000000E+01  -0.66969704E-13  -0.49116593E-01   0.00000000E+00
  2.   31.   0.10000000E+01  -0.55138748E-13  -0.44697270E-01   0.00000000E+00
  2.   32.   0.10000000E+01  -0.15684498E-13  -0.39550860E-01   0.00000000E+00
  2.   33.   0.10000000E+01  -0.99642114E-14  -0.34028081E-01   0.00000000E+00
  2.   34.   0.10000000E+01  -0.15301024E-13  -0.28505303E-01   0.00000000E+00
  2.   35.   0.10000000E+01  -0.20874772E-13  -0.23358892E-01   0.00000000E+00
  2.   36.   0.10000000E+01  -0.25080104E-13  -0.18939569E-01   0.00000000E+00
  2.   37.   0.10000000E+01   0.17236311E-14  -0.15548504E-01   0.00000000E+00
  2.   38.   0.10000000E+01   0.88916977E-14  -0.13416791E-01   0.00000000E+00
  2.   39.   0.10000000E+01   0.00000000E+00  -0.12689703E-01   0.00000000E+00
  2.   40.   0.10000000E+01   0.00000000E+00  -0.62987309E-01   0.00000000E+00
  2.   41.   0.10000000E+01  -0.18606192E-12  -0.62000547E-01   0.00000000E+00
  2.   42.   0.10000000E+01  -0.28816426E-12  -0.59107508E-01   0.00000000E+00
  2.   43.   0.10000000E+01  -0.30854660E-12  -0.54505348E-01   0.00000000E+00
  2.   44.   0.10000000E+01  -0.25351501E-12  -0.48507695E-01   0.00000000E+00
  2.   45.   0.10000000E+01  -0.13027074E-12  -0.41523281E-01   0.00000000E+00
  2.   46.   0.10000000E+01  -0.10784237E-12  -0.34028081E-01   0.00000000E+00
  2.   47.   0.10000000E+01  -0.98842659E-13  -0.26532882E-01   0.00000000E+00
  2.   48.   0.10000000E+01  -0.13418813E-12  -0.19548468E-01   0.00000000E+00
  2.   49.   0.10000000E+01  -0.18389652E-12  -0.13550815E-01   0.00000000E+00
  2.   50.   0.10000000E+01  -0.13395485E-12  -0.89486546E-02   0.00000000E+00
  2.   51.   0.10000000E+01  -0.83785834E-13  -0.60556155E-02   0.00000000E+00
  2.   52.   0.10000000E+01   0.00000000E+00  -0.50688537E-02   0.00000000E+00
  2.   53.   0.10000000E+01   0.00000000E+00  -0.70608158E-01   0.00000000E+00
  2.   54.   0.10000000E+01  -0.32943529E-12  -0.69361722E-01   0.00000000E+00
  2.   55.   0.10000000E+01  -0.55631713E-12  -0.65707357E-01   0.00000000E+00
  2.   56.   0.10000000E+01  -0.51992276E-12  -0.59894102E-01   0.00000000E+00
  2.   57.   0.10000000E+01  -0.32509665E-12  -0.52318120E-01   0.00000000E+00
  2.   58.   0.10000000E+01  -0.13327572E-12  -0.43495702E-01   0.00000000E+00
  2.   59.   0.10000000E+01  -0.11127907E-12  -0.34028081E-01   0.00000000E+00
  2.   60.   0.10000000E+01  -0.71410979E-13  -0.24560461E-01   0.00000000E+00
  2.   61.   0.10000000E+01  -0.12300875E-12  -0.15738043E-01   0.00000000E+00
  2.   62.   0.10000000E+01  -0.21283136E-12  -0.81620610E-02   0.00000000E+00
  2.   63.   0.10000000E+01  -0.25861040E-12  -0.23488055E-02   0.00000000E+00
  2.   64.   0.10000000E+01  -0.18787092E-12   0.13055597E-02   0.00000000E+00
  2.   65.   0.10000000E+01   0.00000000E+00   0.25519957E-02   0.00000000E+00
  2.   66.   0.99829293E+00   0.00000000E+00  -0.70608158E-01   0.00000000E+00
  2.   67.   0.99829293E+00   0.32788870E-13  -0.69361722E-01   0.00000000E+00
  2.   68.   0.99829293E+00   0.15048434E-13  -0.65707357E-01   0.00000000E+00
  2.   69.   0.99829293E+00   0.12113509E-12  -0.59894102E-01   0.00000000E+00
  2.   70.   0.99829293E+00   0.13098273E-12  -0.52318120E-01   0.00000000E+00
  2.   71.   0.99829293E+00   0.26381502E-12  -0.43495702E-01   0.00000000E+00
  2.   72.   0.99829293E+00   0.35935360E-12  -0.34028081E-01   0.00000000E+00
  2.   73.   0.99829293E+00   0.31038463E-12  -0.24560461E-01   0.00000000E+00
  2.   74.   0.99829293E+00   0.44934849E-12  -0.15738043E-01   0.00000000E+00
  2.   75.   0.99829293E+00   0.49927253E-12  -0.81620610E-02   0.00000000E+00
  2.   76.   0.99829293E+00   0.46736093E-12  -0.23488055E-02   0.00000000E+00
  2.   77.   0.99829293E+00   0.20547896E-12   0.13055597E-02   0.00000000E+00
  2.   78.   0.99829293E+00   0.00000000E+00   0.25519957E-02   0.00000000E+00
  3.    1.   0.78003244E-02   0.00000000E+00   0.54393240E+00   0.00000000E+00
  3.    2.   0.78003244E-02  -0.27242871E-11   0.54082437E+00   0.00000000E+00
  3.    3.   0.78003244E-02  -0.47228295E-11   0.53171210E+00   0.00000000E+00
  3.    4.   0.78003244E-02  -0.57101727E-11   0.51721658E+00   0.00000000E+00
  3.    5.   0.78003244E-02  -0.58405885E-11   0.49832564E+00   0.00000000E+00
  3.    6.   0.78003244E-02  -0.53515544E-11   0.47632668E+00   0.00000000E+00
  3.    7.   0.78003244E-02  -0.44149986E-11   0.45271888E+00   0.00000000E+00
  3.    8.   0.78003244E-02  -0.32843302E-11   0.42911108E+00   0.00000000E+00
  3.    9.   0.78003244E-02  -0.22122087E-11   0.40711212E+00   0.00000000E+00
  3.   10.   0.78003244E-02  -0.13254391E-11   0.38822118E+00   0.00000000E+00
  3.   11.   0.78003244E-02  -0.68656437E-12   0.37372565E+00   0.00000000E+00
  3.   12.   0.78003244E-02  -0.27178958E-12   0.36461338E+00   0.00000000E+00
  3.   13.   0.78003244E-02   0.00000000E+00   0.36150536E+00   0.00000000E+00
  3.   14.   0.78003244E-02   0.00000000E+00   0.65794930E+00   0.00000000E+00
  3.   15.   0.78003244E-02  -0.13298568E-11   0.65095624E+00   0.00000000E+00
  3.   16.   0.78003244E-02  -0.25343241E-11   0.63045364E+00   0.00000000E+00
  3.   17.   0.78003244E-02  -0.32828173E-11   0.59783870E+00   0.00000000E+00
  3.   18.   0.78003244E-02  -0.35336404E-11   0.55533409E+00   0.00000000E+00
  3.   19.   0.78003244E-02  -0.34295900E-11   0.50583642E+00   0.00000000E+00
  3.   20.   0.78003244E-02  -0.29880688E-11   0.45271888E+00   0.00000000E+00
  3.   21.   0.78003244E-02  -0.23317757E-11   0.39960134E+00   0.00000000E+00
  3.   22.   0.78003244E-02  -0.16314813E-11   0.35010367E+00   0.00000000E+00
  3.   23.   0.78003244E-02  -0.94981770E-12   0.30759906E+00   0.00000000E+00
  3.   24.   0.78003244E-02  -0.43582774E-12   0.27498412E+00   0.00000000E+00
  3.   25.   0.78003244E-02  -0.15208013E-12   0.25448152E+00   0.00000000E+00
  3.   26.   0.78003244E-02   0.00000000E+00   0.24748846E+00   0.00000000E+00
  3.   27.   0.78003244E-02   0.00000000E+00   0.77196620E+00   0.00000000E+00
  3.   28.   0.78003244E-02  -0.11158088E-12   0.76108811E+00   0.00000000E+00
  3.   29.   0.78003244E-02  -0.70147264E-12   0.72919517E+00   0.00000000E+00
  3.   30.   0.78003244E-02  -0.10385108E-11   0.67846082E+00   0.00000000E+00
  3.   31.   0.78003244E-02  -0.11941217E-11   0.61234254E+00   0.00000000E+00
  3.   32.   0.78003244E-02  -0.14439919E-11   0.53534617E+00   0.00000000E+00
  3.   33.   0.78003244E-02  -0.13910969E-11   0.45271888E+00   0.00000000E+00
  3.   34.   0.78003244E-02  -0.10597626E-11   0.37009159E+00   0.00000000E+00
  3.   35.   0.78003244E-02  -0.58260053E-12   0.29309522E+00   0.00000000E+00
  3.   36.   0.78003244E-02  -0.17973932E-12   0.22697694E+00   0.00000000E+00
  3.   37.   0.78003244E-02   0.65395500E-13   0.17624259E+00   0.00000000E+00
  3.   38.   0.78003244E-02   0.10243708E-12   0.14434965E+00   0.00000000E+00
  3.   39.   0.78003244E-02   0.00000000E+00   0.13347156E+00   0.00000000E+00
  3.   40.   0.78003244E-02   0.00000000E+00   0.88598310E+00   0.00000000E+00
  3.   41.   0.78003244E-02   0.80275539E-12   0.87121998E+00   0.00000000E+00
  3.   42.   0.78003244E-02   0.11420861E-11   0.82793670E+00   0.00000000E+00
  3.   43.   0.78003244E-02   0.14183614E-11   0.75908295E+00   0.00000000E+00
  3.   44.   0.78003244E-02   0.10116779E-11   0.66935099E+00   0.00000000E+00
  3.   45.   0.78003244E-02   0.20750794E-12   0.56485591E+00   0.00000000E+00
  3.   46.   0.78003244E-02   0.19041782E-13   0.45271888E+00   0.00000000E+00
  3.   47.   0.78003244E-02   0.86921173E-13   0.34058185E+00   0.00000000E+00
  3.   48.   0.78003244E-02   0.43062819E-12   0.23608677E+00   0.00000000E+00
  3.   49.   0.78003244E-02   0.63652080E-12   0.14635481E+00   0.00000000E+00
  3.   50.   0.78003244E-02   0.54974131E-12   0.77501060E-01   0.00000000E+00
  3.   51.   0.78003244E-02   0.31365032E-12   0.34217780E-01   0.00000000E+00
  3.   52.   0.78003244E-02   0.00000000E+00   0.19454658E-01   0.00000000E+00
  3.   53.   0.78003244E-02   0.00000000E+00   0.10000000E+01   0.00000000E+00
  3.   54.   0.78003244E-02   0.13282660E-11   0.98135185E+00   0.00000000E+00
  3.   55.   0.78003244E-02   0.22094595E-11   0.92667823E+00   0.00000000E+00
  3.   56.   0.78003244E-02   0.22871001E-11   0.83970507E+00   0.00000000E+00
  3.   57.   0.78003244E-02   0.15846981E-11   0.72635944E+00   0.00000000E+00
  3.   58.   0.78003244E-02   0.62347547E-12   0.59436566E+00   0.00000000E+00
  3.   59.   0.78003244E-02   0.50004339E-12   0.45271888E+00   0.00000000E+00
  3.   60.   0.78003244E-02   0.55565265E-12   0.31107211E+00   0.00000000E+00
  3.   61.   0.78003244E-02   0.91190403E-12   0.17907832E+00   0.00000000E+00
  3.   62.   0.78003244E-02   0.11483170E-11   0.65732690E-01   0.00000000E+00
  3.   63.   0.78003244E-02   0.87793118E-12  -0.21240472E-01   0.00000000E+00
  3.   64.   0.78003244E-02   0.43572529E-12  -0.75914088E-01   0.00000000E+00
  3.   65.   0.78003244E-02   0.00000000E+00  -0.94562242E-01   0.00000000E+00
  3.   66.   0.33340110E-01   0.00000000E+00   0.10000000E+01   0.00000000E+00
  3.   67.   0.33340110E-01  -0.13266019E-11   0.98135185E+00   0.00000000E+00
  3.   68.   0.33340110E-01  -0.22329727E-11   0.92667823E+00   0.00000000E+00
  3.   69.   0.33340110E-01  -0.22969080E-11   0.83970507E+00   0.00000000E+00
  3.   70.   0.33340110E-01  -0.15395642E-11   0.72635944E+00   0.00000000E+00
  3.   71.   0.33340110E-01  -0.62545400E-12   0.59436566E+00   0.00000000E+00
  3.   72.   0.33340110E-01  -0.48498436E-12   0.45271888E+00   0.00000000E+00
  3.   73.   0.33340110E-01  -0.53805601E-12   0.31107211E+00   0.00000000E+00
  3.   74.   0.33340110E-01  -0.89845907E-12   0.17907832E+00   0.00000000E+00
  3.   75.   0.33340110E-01  -0.11373539E-11   0.65732690E-01   0.00000000E+00
  3.   76.   0.33340110E-01  -0.87584290E-12  -0.21240472E-01   0.00000000E+00
  3.   77.   0.33340110E-01  -0.43610367E-12  -0.75914088E-01   0.00000000E+00
  3.   78.   0.33340110E-01   0.00000000E+00  -0.94562242E-01   0.00000000E+00
  4.    1.   0.16551587E-02   0.00000000E+00  -0.53484760E-02   0.00000000E+00
  4.    2.   0.16005210E-02  -0.43495668E-03  -0.46319160E-02   0.00000000E+00
  4.    3.   0.14393001E-02  -0.83778213E-03  -0.26742380E-02   0.00000000E+00
  4.    4.   0.11799932E-02  -0.11799932E-02  -0.10169133E-10   0.00000000E+00
  4.    5.   0.83778213E-03  -0.14393001E-02   0.26742380E-02   0.00000000E+00
  4.    6.   0.43495668E-03  -0.16005210E-02   0.46319161E-02   0.00000000E+00
  4.    7.   0.96037750E-11  -0.16551587E-02   0.53484760E-02   0.00000000E+00
  4.    8.  -0.43495666E-03  -0.16005210E-02   0.46319161E-02   0.00000000E+00
  4.    9.  -0.83778212E-03  -0.14393001E-02   0.26742381E-02   0.00000000E+00
  4.   10.  -0.11799932E-02  -0.11799932E-02   0.10675674E-09   0.00000000E+00
  4.   11.  -0.14393001E-02  -0.83778214E-03  -0.26742379E-02   0.00000000E+00
  4.   12.  -0.16005210E-02  -0.43495669E-03  -0.46319160E-02   0.00000000E+00
  4.   13.  -0.16551587E-02   0.00000000E+00  -0.53484759E-02   0.00000000E+00
  4.   14.   0.27375123E-02   0.00000000E+00  -0.24444254E-01   0.00000000E+00
  4.   15.   0.26831698E-02  -0.85383126E-03  -0.21169345E-01   0.00000000E+00
  4.   16.   0.25010374E-02  -0.15944116E-02  -0.12222127E-01   0.00000000E+00
  4.   17.   0.21484635E-02  -0.21484635E-02  -0.11343543E-09   0.00000000E+00
  4.   18.   0.15944116E-02  -0.25010374E-02   0.12222127E-01   0.00000000E+00
  4.   19.   0.85383127E-03  -0.26831698E-02   0.21169345E-01   0.00000000E+00
  4.   20.   0.18333795E-10  -0.27375123E-02   0.24444254E-01   0.00000000E+00
  4.   21.  -0.85383123E-03  -0.26831698E-02   0.21169345E-01   0.00000000E+00
  4.   22.  -0.15944116E-02  -0.25010374E-02   0.12222127E-01   0.00000000E+00
  4.   23.  -0.21484635E-02  -0.21484635E-02   0.40936019E-09   0.00000000E+00
  4.   24.  -0.25010374E-02  -0.15944116E-02  -0.12222126E-01   0.00000000E+00
  4.   25.  -0.26831698E-02  -0.85383129E-03  -0.21169344E-01   0.00000000E+00
  4.   26.  -0.27375123E-02   0.00000000E+00  -0.24444254E-01   0.00000000E+00
  4.   27.   0.37934032E-02   0.00000000E+00  -0.53862493E-01   0.00000000E+00
  4.   28.   0.37304829E-02  -0.12293773E-02  -0.46646287E-01   0.00000000E+00
  4.   29.   0.35071508E-02  -0.22811602E-02  -0.26931246E-01   0.00000000E+00
  4.   30.   0.30448122E-02  -0.30448122E-02  -0.26941329E-09   0.00000000E+00
  4.   31.   0.22811603E-02  -0.35071508E-02   0.26931246E-01   0.00000000E+00
  4.   32.   0.12293774E-02  -0.37304829E-02   0.46646287E-01   0.00000000E+00
  4.   33.   0.26144689E-10  -0.37934032E-02   0.53862493E-01   0.00000000E+00
  4.   34.  -0.12293773E-02  -0.37304829E-02   0.46646287E-01   0.00000000E+00
  4.   35.  -0.22811602E-02  -0.35071508E-02   0.26931247E-01   0.00000000E+00
  4.   36.  -0.30448122E-02  -0.30448122E-02   0.87523331E-09   0.00000000E+00
  4.   37.  -0.35071508E-02  -0.22811603E-02  -0.26931245E-01   0.00000000E+00
  4.   38.  -0.37304829E-02  -0.12293774E-02  -0.46646286E-01   0.00000000E+00
  4.   39.  -0.37934032E-02   0.00000000E+00  -0.53862493E-01   0.00000000E+00
  4.   40.   0.44984408E-02   0.00000000E+00  -0.91132493E-01   0.00000000E+00
  4.   41.   0.44578459E-02  -0.15848311E-02  -0.78923054E-01   0.00000000E+00
  4.   42.   0.42728179E-02  -0.29022969E-02  -0.45566247E-01   0.00000000E+00
  4.   43.   0.37966044E-02  -0.37966044E-02  -0.46522330E-09   0.00000000E+00
  4.   44.   0.29022969E-02  -0.42728179E-02   0.45566246E-01   0.00000000E+00
  4.   45.   0.15848311E-02  -0.44578459E-02   0.78923054E-01   0.00000000E+00
  4.   46.   0.33608122E-10  -0.44984408E-02   0.91132493E-01   0.00000000E+00
  4.   47.  -0.15848311E-02  -0.44578459E-02   0.78923055E-01   0.00000000E+00
  4.   48.  -0.29022968E-02  -0.42728179E-02   0.45566248E-01   0.00000000E+00
  4.   49.  -0.37966044E-02  -0.37966044E-02   0.14655402E-08   0.00000000E+00
  4.   50.  -0.42728179E-02  -0.29022969E-02  -0.45566245E-01   0.00000000E+00
  4.   51.  -0.44578459E-02  -0.15848312E-02  -0.78923053E-01   0.00000000E+00
  4.   52.  -0.44984408E-02   0.00000000E+00  -0.91132493E-01   0.00000000E+00
  4.   53.   0.49861278E-02   0.00000000E+00  -0.13353837E+00   0.00000000E+00
  4.   54.   0.49677705E-02  -0.18560631E-02  -0.11564762E+00   0.00000000E+00
  4.   55.   0.48251790E-02  -0.33713274E-02  -0.66769185E-01   0.00000000E+00
  4.   56.   0.43537595E-02  -0.43537595E-02  -0.68699057E-09   0.00000000E+00
  4.   57.   0.33713274E-02  -0.48251790E-02   0.66769184E-01   0.00000000E+00
  4.   58.   0.18560631E-02  -0.49677705E-02   0.11564762E+00   0.00000000E+00
  4.   59.   0.39311498E-10  -0.49861278E-02   0.13353837E+00   0.00000000E+00
  4.   60.  -0.18560630E-02  -0.49677705E-02   0.11564762E+00   0.00000000E+00
  4.   61.  -0.33713273E-02  -0.48251790E-02   0.66769187E-01   0.00000000E+00
  4.   62.  -0.43537595E-02  -0.43537595E-02   0.21378315E-08   0.00000000E+00
  4.   63.  -0.48251790E-02  -0.33713274E-02  -0.66769183E-01   0.00000000E+00
  4.   64.  -0.49677705E-02  -0.18560631E-02  -0.11564762E+00   0.00000000E+00
  4.   65.  -0.49861278E-02   0.00000000E+00  -0.13353837E+00   0.00000000E+00
  4.   66.  -0.49861278E-02   0.00000000E+00  -0.13353837E+00   0.00000000E+00
  4.   67.  -0.49677705E-02   0.18560631E-02  -0.11564762E+00   0.00000000E+00
  4.   68.  -0.48251790E-02   0.33713274E-02  -0.66769185E-01   0.00000000E+00
  4.   69.  -0.43537595E-02   0.43537595E-02  -0.68699174E-09   0.00000000E+00
  4.   70.  -0.33713274E-02   0.48251790E-02   0.66769184E-01   0.00000000E+00
  4.   71.  -0.18560631E-02   0.49677705E-02   0.11564762E+00   0.00000000E+00
  4.   72.  -0.38794870E-10   0.49861278E-02   0.13353837E+00   0.00000000E+00
  4.   73.   0.18560630E-02   0.49677705E-02   0.11564762E+00   0.00000000E+00
  4.   74.   0.33713273E-02   0.48251790E-02   0.66769187E-01   0.00000000E+00
  4.   75.   0.43537595E-02   0.43537595E-02   0.21378311E-08   0.00000000E+00
  4.   76.   0.48251790E-02   0.33713274E-02  -0.66769183E-01   0.00000000E+00
  4.   77.   0.49677705E-02   0.18560631E-02  -0.11564762E+00   0.00000000E+00
  4.   78.   0.49861278E-02   0.00000000E+00  -0.13353837E+00   0.00000000E+00
  5.    1.   0.14478067E-02   0.00000000E+00   0.34887363E-01   0.00000000E+00
  5.    2.   0.13984738E-02   0.37471994E-03   0.34887363E-01   0.00000000E+00
  5.    3.   0.12538373E-02   0.72390333E-03   0.34887363E-01   0.00000000E+00
  5.    4.   0.10237539E-02   0.10237539E-02   0.34887363E-01   0.00000000E+00
  5.    5.   0.72390333E-03   0.12538373E-02   0.34887363E-01   0.00000000E+00
  5.    6.   0.37471994E-03   0.13984738E-02   0.34887363E-01   0.00000000E+00
  5.    7.   0.79096496E-11   0.14478067E-02   0.34887363E-01   0.00000000E+00
  5.    8.  -0.37471993E-03   0.13984738E-02   0.34887363E-01   0.00000000E+00
  5.    9.  -0.72390332E-03   0.12538374E-02   0.34887363E-01   0.00000000E+00
  5.   10.  -0.10237539E-02   0.10237539E-02   0.34887363E-01   0.00000000E+00
  5.   11.  -0.12538373E-02   0.72390334E-03   0.34887363E-01   0.00000000E+00
  5.   12.  -0.13984738E-02   0.37471995E-03   0.34887363E-01   0.00000000E+00
  5.   13.  -0.14478067E-02   0.00000000E+00   0.34887363E-01   0.00000000E+00
  5.   14.   0.15093515E-02   0.00000000E+00   0.22173571E-01   0.00000000E+00
  5.   15.   0.14579216E-02   0.39064892E-03   0.22173571E-01   0.00000000E+00
  5.   16.   0.13071368E-02   0.75467576E-03   0.22173571E-01   0.00000000E+00
  5.   17.   0.10672727E-02   0.10672727E-02   0.22173571E-01   0.00000000E+00
  5.   18.   0.75467577E-03   0.13071368E-02   0.22173571E-01   0.00000000E+00
  5.   19.   0.39064892E-03   0.14579216E-02   0.22173571E-01   0.00000000E+00
  5.   20.   0.80690373E-11   0.15093515E-02   0.22173571E-01   0.00000000E+00
  5.   21.  -0.39064891E-03   0.14579216E-02   0.22173571E-01   0.00000000E+00
  5.   22.  -0.75467575E-03   0.13071368E-02   0.22173571E-01   0.00000000E+00
  5.   23.  -0.10672727E-02   0.10672727E-02   0.22173571E-01   0.00000000E+00
  5.   24.  -0.13071368E-02   0.75467578E-03   0.22173571E-01   0.00000000E+00
  5.   25.  -0.14579216E-02   0.39064894E-03   0.22173571E-01   0.00000000E+00
  5.   26.  -0.15093515E-02   0.00000000E+00   0.22173571E-01   0.00000000E+00
  5.   27.   0.17152620E-02   0.00000000E+00   0.76561771E-02   0.00000000E+00
  5.   28.   0.16568159E-02   0.44394248E-03   0.76561771E-02   0.00000000E+00
  5.   29.   0.14854605E-02   0.85763101E-03   0.76561771E-02   0.00000000E+00
  5.   30.   0.12128734E-02   0.12128734E-02   0.76561771E-02   0.00000000E+00
  5.   31.   0.85763101E-03   0.14854605E-02   0.76561771E-02   0.00000000E+00
  5.   32.   0.44394248E-03   0.16568159E-02   0.76561771E-02   0.00000000E+00
  5.   33.   0.90970732E-11   0.17152620E-02   0.76561771E-02   0.00000000E+00
  5.   34.  -0.44394246E-03   0.16568159E-02   0.76561771E-02   0.00000000E+00
  5.   35.  -0.85763100E-03   0.14854605E-02   0.76561771E-02   0.00000000E+00
  5.   36.  -0.12128734E-02   0.12128734E-02   0.76561771E-02   0.00000000E+00
  5.   37.  -0.14854605E-02   0.85763102E-03   0.76561771E-02   0.00000000E+00
  5.   38.  -0.16568159E-02   0.44394250E-03   0.76561771E-02   0.00000000E+00
  5.   39.  -0.17152620E-02   0.00000000E+00   0.76561771E-02   0.00000000E+00
  5.   40.   0.17368441E-02   0.00000000E+00  -0.79118807E-02   0.00000000E+00
  5.   41.   0.16776626E-02   0.44952833E-03  -0.79118807E-02   0.00000000E+00
  5.   42.   0.15041511E-02   0.86842205E-03  -0.79118807E-02   0.00000000E+00
  5.   43.   0.12281342E-02   0.12281342E-02  -0.79118808E-02   0.00000000E+00
  5.   44.   0.86842205E-03   0.15041511E-02  -0.79118808E-02   0.00000000E+00
  5.   45.   0.44952833E-03   0.16776626E-02  -0.79118808E-02   0.00000000E+00
  5.   46.   0.91903845E-11   0.17368441E-02  -0.79118808E-02   0.00000000E+00
  5.   47.  -0.44952832E-03   0.16776626E-02  -0.79118808E-02   0.00000000E+00
  5.   48.  -0.86842204E-03   0.15041511E-02  -0.79118808E-02   0.00000000E+00
  5.   49.  -0.12281342E-02   0.12281342E-02  -0.79118808E-02   0.00000000E+00
  5.   50.  -0.15041511E-02   0.86842206E-03  -0.79118808E-02   0.00000000E+00
  5.   51.  -0.16776626E-02   0.44952835E-03  -0.79118808E-02   0.00000000E+00
  5.   52.  -0.17368441E-02   0.00000000E+00  -0.79118808E-02   0.00000000E+00
  5.   53.   0.16342813E-02   0.00000000E+00  -0.22995360E-01   0.00000000E+00
  5.   54.   0.15785945E-02   0.42298313E-03  -0.22995360E-01   0.00000000E+00
  5.   55.   0.14153291E-02   0.81714066E-03  -0.22995360E-01   0.00000000E+00
  5.   56.   0.11556114E-02   0.11556114E-02  -0.22995360E-01   0.00000000E+00
  5.   57.   0.81714066E-03   0.14153291E-02  -0.22995360E-01   0.00000000E+00
  5.   58.   0.42298313E-03   0.15785945E-02  -0.22995360E-01   0.00000000E+00
  5.   59.   0.86556176E-11   0.16342813E-02  -0.22995360E-01   0.00000000E+00
  5.   60.  -0.42298312E-03   0.15785945E-02  -0.22995360E-01   0.00000000E+00
  5.   61.  -0.81714064E-03   0.14153291E-02  -0.22995360E-01   0.00000000E+00
  5.   62.  -0.11556114E-02   0.11556114E-02  -0.22995360E-01   0.00000000E+00
  5.   63.  -0.14153291E-02   0.81714067E-03  -0.22995360E-01   0.00000000E+00
  5.   64.  -0.15785945E-02   0.42298314E-03  -0.22995360E-01   0.00000000E+00
  5.   65.  -0.16342813E-02   0.00000000E+00  -0.22995360E-01   0.00000000E+00
  5.   66.  -0.16342813E-02   0.00000000E+00  -0.22995360E-01   0.00000000E+00
  5.   67.  -0.15785945E-02  -0.42298313E-03  -0.22995360E-01   0.00000000E+00
  5.   68.  -0.14153291E-02  -0.81714066E-03  -0.22995360E-01   0.00000000E+00
  5.   69.  -0.11556114E-02  -0.11556114E-02  -0.22995360E-01   0.00000000E+00
  5.   70.  -0.81714066E-03  -0.14153291E-02  -0.22995360E-01   0.00000000E+00
  5.   71.  -0.42298313E-03  -0.15785945E-02  -0.22995360E-01   0.00000000E+00
  5.   72.  -0.84948331E-11  -0.16342813E-02  -0.22995360E-01   0.00000000E+00
  5.   73.   0.42298312E-03  -0.15785945E-02  -0.22995360E-01   0.00000000E+00
  5.   74.   0.81714064E-03  -0.14153291E-02  -0.22995360E-01   0.00000000E+00
  5.   75.   0.11556114E-02  -0.11556114E-02  -0.22995360E-01   0.00000000E+00
  5.   76.   0.14153291E-02  -0.81714067E-03  -0.22995360E-01   0.00000000E+00
  5.   77.   0.15785945E-02  -0.42298314E-03  -0.22995360E-01   0.00000000E+00
  5.   78.   0.16342813E-02   0.00000000E+00  -0.22995360E-01   0.00000000E+00
  6.    1.   0.25528361E-03   0.00000000E+00  -0.48669024E-03   0.00000000E+00
  6.    2.   0.22109129E-03  -0.12767615E-03  -0.34414197E-03   0.00000000E+00
  6.    3.   0.12766694E-03  -0.22112563E-03   0.14974900E-11   0.00000000E+00
  6.    4.   0.25141931E-07  -0.25530875E-03   0.34414197E-03   0.00000000E+00
  6.    5.  -0.12764180E-03  -0.22108209E-03   0.48669025E-03   0.00000000E+00
  6.    6.  -0.22111643E-03  -0.12763260E-03   0.34414198E-03   0.00000000E+00
  6.    7.  -0.25533389E-03  -0.26493784E-11   0.86977969E-11   0.00000000E+00
  6.    8.  -0.22111643E-03   0.12763260E-03  -0.34414196E-03   0.00000000E+00
  6.    9.  -0.12764181E-03   0.22108209E-03  -0.48669025E-03   0.00000000E+00
  6.   10.   0.25136510E-07   0.25530875E-03  -0.34414198E-03   0.00000000E+00
  6.   11.   0.12766694E-03   0.22112564E-03  -0.14708328E-10   0.00000000E+00
  6.   12.   0.22109129E-03   0.12767615E-03   0.34414196E-03   0.00000000E+00
  6.   13.   0.25528361E-03   0.00000000E+00   0.48669025E-03   0.00000000E+00
  6.   14.   0.82328549E-03   0.00000000E+00  -0.48430469E-02   0.00000000E+00
  6.   15.   0.72736134E-03  -0.46529167E-03  -0.34245513E-02   0.00000000E+00
  6.   16.   0.45091649E-03  -0.78101026E-03  -0.32477042E-11   0.00000000E+00
  6.   17.   0.39273744E-04  -0.86255923E-03   0.34245513E-02   0.00000000E+00
  6.   18.  -0.41164274E-03  -0.71298615E-03   0.48430469E-02   0.00000000E+00
  6.   19.  -0.76663507E-03  -0.39726756E-03   0.34245513E-02   0.00000000E+00
  6.   20.  -0.90183297E-03  -0.81771110E-11   0.76858100E-10   0.00000000E+00
  6.   21.  -0.76663508E-03   0.39726755E-03  -0.34245512E-02   0.00000000E+00
  6.   22.  -0.41164276E-03   0.71298614E-03  -0.48430469E-02   0.00000000E+00
  6.   23.   0.39273726E-04   0.86255923E-03  -0.34245514E-02   0.00000000E+00
  6.   24.   0.45091647E-03   0.78101027E-03  -0.14769035E-09   0.00000000E+00
  6.   25.   0.72736133E-03   0.46529169E-03   0.34245512E-02   0.00000000E+00
  6.   26.   0.82328549E-03   0.00000000E+00   0.48430469E-02   0.00000000E+00
  6.   27.   0.16185068E-02   0.00000000E+00  -0.15786556E-01   0.00000000E+00
  6.   28.   0.14514827E-02  -0.99516438E-03  -0.11162781E-01   0.00000000E+00
  6.   29.   0.94534969E-03  -0.16373937E-02  -0.15833992E-10   0.00000000E+00
  6.   30.   0.13609630E-03  -0.17546031E-02   0.11162781E-01   0.00000000E+00
  6.   31.  -0.80925339E-03  -0.14016680E-02   0.15786556E-01   0.00000000E+00
  6.   32.  -0.15875790E-02  -0.75943870E-03   0.11162781E-01   0.00000000E+00
  6.   33.  -0.18906994E-02  -0.15481208E-10   0.24838932E-09   0.00000000E+00
  6.   34.  -0.15875790E-02   0.75943868E-03  -0.11162781E-01   0.00000000E+00
  6.   35.  -0.80925342E-03   0.14016680E-02  -0.15786556E-01   0.00000000E+00
  6.   36.   0.13609626E-03   0.17546031E-02  -0.11162781E-01   0.00000000E+00
  6.   37.   0.94534966E-03   0.16373937E-02  -0.47967368E-09   0.00000000E+00
  6.   38.   0.14514827E-02   0.99516442E-03   0.11162780E-01   0.00000000E+00
  6.   39.   0.16185068E-02   0.00000000E+00   0.15786556E-01   0.00000000E+00
  6.   40.   0.22556513E-02   0.00000000E+00  -0.33281788E-01   0.00000000E+00
  6.   41.   0.20783556E-02  -0.15939749E-02  -0.23533778E-01   0.00000000E+00
  6.   42.   0.14690706E-02  -0.25445049E-02  -0.36154232E-10   0.00000000E+00
  6.   43.   0.34124494E-03  -0.25968962E-02   0.23533778E-01   0.00000000E+00
  6.   44.  -0.11278256E-02  -0.19534513E-02   0.33281788E-01   0.00000000E+00
  6.   45.  -0.24196006E-02  -0.10029213E-02   0.23533778E-01   0.00000000E+00
  6.   46.  -0.29381412E-02  -0.20002066E-10   0.52273355E-09   0.00000000E+00
  6.   47.  -0.24196006E-02   0.10029213E-02  -0.23533777E-01   0.00000000E+00
  6.   48.  -0.11278257E-02   0.19534513E-02  -0.33281788E-01   0.00000000E+00
  6.   49.   0.34124489E-03   0.25968962E-02  -0.23533778E-01   0.00000000E+00
  6.   50.   0.14690705E-02   0.25445049E-02  -0.10094490E-08   0.00000000E+00
  6.   51.   0.20783556E-02   0.15939749E-02   0.23533777E-01   0.00000000E+00
  6.   52.   0.22556513E-02   0.00000000E+00   0.33281788E-01   0.00000000E+00
  6.   53.   0.27548554E-02   0.00000000E+00  -0.55625267E-01   0.00000000E+00
  6.   54.   0.25780000E-02  -0.20948219E-02  -0.39333003E-01   0.00000000E+00
  6.   55.   0.19025967E-02  -0.32953942E-02  -0.61926985E-10   0.00000000E+00
  6.   56.   0.52516902E-03  -0.32800244E-02   0.39333003E-01   0.00000000E+00
  6.   57.  -0.13774277E-02  -0.23857748E-02   0.55625267E-01   0.00000000E+00
  6.   58.  -0.31031690E-02  -0.11852025E-02   0.39333004E-01   0.00000000E+00
  6.   59.  -0.38051934E-02  -0.23360809E-10   0.87323133E-09   0.00000000E+00
  6.   60.  -0.31031690E-02   0.11852025E-02  -0.39333002E-01   0.00000000E+00
  6.   61.  -0.13774278E-02   0.23857748E-02  -0.55625267E-01   0.00000000E+00
  6.   62.   0.52516895E-03   0.32800244E-02  -0.39333004E-01   0.00000000E+00
  6.   63.   0.19025967E-02   0.32953942E-02  -0.16859365E-08   0.00000000E+00
  6.   64.   0.25780000E-02   0.20948220E-02   0.39333002E-01   0.00000000E+00
  6.   65.   0.27548554E-02   0.00000000E+00   0.55625267E-01   0.00000000E+00
  6.   66.  -0.27548554E-02   0.00000000E+00  -0.55625267E-01   0.00000000E+00
  6.   67.  -0.25780000E-02   0.20948219E-02  -0.39333003E-01   0.00000000E+00
  6.   68.  -0.19025967E-02   0.32953942E-02  -0.61928570E-10   0.00000000E+00
  6.   69.  -0.52516902E-03   0.32800244E-02   0.39333003E-01   0.00000000E+00
  6.   70.   0.13774277E-02   0.23857748E-02   0.55625267E-01   0.00000000E+00
  6.   71.   0.31031690E-02   0.11852025E-02   0.39333004E-01   0.00000000E+00
  6.   72.   0.38051934E-02   0.23301504E-10   0.87322541E-09   0.00000000E+00
  6.   73.   0.31031690E-02  -0.11852025E-02  -0.39333002E-01   0.00000000E+00
  6.   74.   0.13774278E-02  -0.23857748E-02  -0.55625267E-01   0.00000000E+00
  6.   75.  -0.52516895E-03  -0.32800244E-02  -0.39333004E-01   0.00000000E+00
  6.   76.  -0.19025967E-02  -0.32953942E-02  -0.16859384E-08   0.00000000E+00
  6.   77.  -0.25780000E-02  -0.20948220E-02   0.39333002E-01   0.00000000E+00
  6.   78.  -0.27548554E-02   0.00000000E+00   0.55625267E-01   0.00000000E+00
  7.    1.  -0.46259018E-03   0.00000000E+00   0.10510134E-01   0.00000000E+00
  7.    2.  -0.52291628E-03   0.22514007E-03   0.10152009E-01   0.00000000E+00
  7.    3.  -0.68773026E-03   0.38995405E-03   0.91020427E-02   0.00000000E+00
  7.    4.  -0.91287033E-03   0.45028015E-03   0.74317867E-02   0.00000000E+00
  7.    5.  -0.11380104E-02   0.38995405E-03   0.52550668E-02   0.00000000E+00
  7.    6.  -0.13028244E-02   0.22514008E-03   0.27202228E-02   0.00000000E+00
  7.    7.  -0.13631505E-02   0.47287034E-11   0.55886966E-10   0.00000000E+00
  7.    8.  -0.13028244E-02  -0.22514007E-03  -0.27202227E-02   0.00000000E+00
  7.    9.  -0.11380104E-02  -0.38995404E-03  -0.52550667E-02   0.00000000E+00
  7.   10.  -0.91287034E-03  -0.45028015E-03  -0.74317867E-02   0.00000000E+00
  7.   11.  -0.68773027E-03  -0.38995405E-03  -0.91020426E-02   0.00000000E+00
  7.   12.  -0.52291629E-03  -0.22514008E-03  -0.10152009E-01   0.00000000E+00
  7.   13.  -0.46259018E-03   0.00000000E+00  -0.10510134E-01   0.00000000E+00
  7.   14.   0.21363905E-04   0.00000000E+00   0.13337746E-01   0.00000000E+00
  7.   15.  -0.35414228E-04   0.21189888E-03   0.12883274E-01   0.00000000E+00
  7.   16.  -0.19053497E-03   0.36701962E-03   0.11550827E-01   0.00000000E+00
  7.   17.  -0.40243385E-03   0.42379775E-03   0.94312109E-02   0.00000000E+00
  7.   18.  -0.61433272E-03   0.36701962E-03   0.66688732E-02   0.00000000E+00
  7.   19.  -0.76945347E-03   0.21189888E-03   0.34520628E-02   0.00000000E+00
  7.   20.  -0.82623160E-03   0.44521383E-11   0.70487232E-10   0.00000000E+00
  7.   21.  -0.76945347E-03  -0.21189887E-03  -0.34520627E-02   0.00000000E+00
  7.   22.  -0.61433273E-03  -0.36701962E-03  -0.66688731E-02   0.00000000E+00
  7.   23.  -0.40243385E-03  -0.42379775E-03  -0.94312108E-02   0.00000000E+00
  7.   24.  -0.19053498E-03  -0.36701962E-03  -0.11550827E-01   0.00000000E+00
  7.   25.  -0.35414233E-04  -0.21189888E-03  -0.12883274E-01   0.00000000E+00
  7.   26.   0.21363905E-04   0.00000000E+00  -0.13337746E-01   0.00000000E+00
  7.   27.   0.85149414E-03   0.00000000E+00   0.93037768E-02   0.00000000E+00
  7.   28.   0.76966020E-03   0.30540841E-03   0.89867583E-02   0.00000000E+00
  7.   29.   0.54608573E-03   0.52898289E-03   0.80573071E-02   0.00000000E+00
  7.   30.   0.24067731E-03   0.61081683E-03   0.65787637E-02   0.00000000E+00
  7.   31.  -0.64731102E-04   0.52898289E-03   0.46518884E-02   0.00000000E+00
  7.   32.  -0.28830558E-03   0.30540842E-03   0.24079947E-02   0.00000000E+00
  7.   33.  -0.37013952E-03   0.64043637E-11   0.49204781E-10   0.00000000E+00
  7.   34.  -0.28830559E-03  -0.30540841E-03  -0.24079946E-02   0.00000000E+00
  7.   35.  -0.64731113E-04  -0.52898289E-03  -0.46518883E-02   0.00000000E+00
  7.   36.   0.24067730E-03  -0.61081683E-03  -0.65787636E-02   0.00000000E+00
  7.   37.   0.54608571E-03  -0.52898290E-03  -0.80573070E-02   0.00000000E+00
  7.   38.   0.76966020E-03  -0.30540843E-03  -0.89867583E-02   0.00000000E+00
  7.   39.   0.85149414E-03   0.00000000E+00  -0.93037768E-02   0.00000000E+00
  7.   40.   0.12923700E-02   0.00000000E+00  -0.68737805E-03   0.00000000E+00
  7.   41.   0.12071999E-02   0.31785898E-03  -0.66395621E-03   0.00000000E+00
  7.   42.   0.97451103E-03   0.55054790E-03  -0.59528686E-03   0.00000000E+00
  7.   43.   0.65665205E-03   0.63571796E-03  -0.48604968E-03   0.00000000E+00
  7.   44.   0.33879307E-03   0.55054790E-03  -0.34368903E-03   0.00000000E+00
  7.   45.   0.10610415E-03   0.31785898E-03  -0.17790653E-03   0.00000000E+00
  7.   46.   0.20934092E-04   0.67131170E-11  -0.33869743E-11   0.00000000E+00
  7.   47.   0.10610414E-03  -0.31785897E-03   0.17790653E-03   0.00000000E+00
  7.   48.   0.33879306E-03  -0.55054789E-03   0.34368902E-03   0.00000000E+00
  7.   49.   0.65665204E-03  -0.63571796E-03   0.48604968E-03   0.00000000E+00
  7.   50.   0.97451102E-03  -0.55054791E-03   0.59528685E-03   0.00000000E+00
  7.   51.   0.12071999E-02  -0.31785899E-03   0.66395621E-03   0.00000000E+00
  7.   52.   0.12923700E-02   0.00000000E+00   0.68737805E-03   0.00000000E+00
  7.   53.   0.12995114E-02   0.00000000E+00  -0.12459508E-01   0.00000000E+00
  7.   54.   0.12306384E-02   0.25703745E-03  -0.12034961E-01   0.00000000E+00
  7.   55.   0.10424740E-02   0.44520193E-03  -0.10790250E-01   0.00000000E+00
  7.   56.   0.78543651E-03   0.51407491E-03  -0.88102026E-02   0.00000000E+00
  7.   57.   0.52839906E-03   0.44520193E-03  -0.62297540E-02   0.00000000E+00
  7.   58.   0.34023458E-03   0.25703746E-03  -0.32247580E-02   0.00000000E+00
  7.   59.   0.27136160E-03   0.53772619E-11  -0.65237091E-10   0.00000000E+00
  7.   60.   0.34023458E-03  -0.25703745E-03   0.32247579E-02   0.00000000E+00
  7.   61.   0.52839905E-03  -0.44520193E-03   0.62297539E-02   0.00000000E+00
  7.   62.   0.78543650E-03  -0.51407491E-03   0.88102025E-02   0.00000000E+00
  7.   63.   0.10424740E-02  -0.44520194E-03   0.10790250E-01   0.00000000E+00
  7.   64.   0.12306384E-02  -0.25703746E-03   0.12034961E-01   0.00000000E+00
  7.   65.   0.12995114E-02   0.00000000E+00   0.12459508E-01   0.00000000E+00
  7.   66.  -0.12995114E-02   0.00000000E+00  -0.12459508E-01   0.00000000E+00
  7.   67.  -0.12306384E-02  -0.25703745E-03  -0.12034961E-01   0.00000000E+00
  7.   68.  -0.10424740E-02  -0.44520193E-03  -0.10790250E-01   0.00000000E+00
  7.   69.  -0.78543651E-03  -0.51407491E-03  -0.88102026E-02   0.00000000E+00
  7.   70.  -0.52839906E-03  -0.44520193E-03  -0.62297540E-02   0.00000000E+00
  7.   71.  -0.34023458E-03  -0.25703746E-03  -0.32247580E-02   0.00000000E+00
  7.   72.  -0.27136160E-03  -0.53932816E-11  -0.65251772E-10   0.00000000E+00
  7.   73.  -0.34023458E-03   0.25703745E-03   0.32247579E-02   0.00000000E+00
  7.   74.  -0.52839905E-03   0.44520193E-03   0.62297539E-02   0.00000000E+00
  7.   75.  -0.78543650E-03   0.51407491E-03   0.88102025E-02   0.00000000E+00
  7.   76.  -0.10424740E-02   0.44520194E-03   0.10790250E-01   0.00000000E+00
  7.   77.  -0.12306384E-02   0.25703746E-03   0.12034961E-01   0.00000000E+00
  7.   78.  -0.12995114E-02   0.00000000E+00   0.12459508E-01   0.00000000E+00
  8.    1.  -0.43138074E-04   0.00000000E+00   0.53589094E-04   0.00000000E+00
  8.    2.  -0.30353051E-04   0.29942767E-04   0.26794547E-04   0.00000000E+00
  8.    3.   0.29011414E-06   0.42635582E-04  -0.26794547E-04   0.00000000E+00
  8.    4.   0.30503225E-04   0.30503225E-04  -0.53589094E-04   0.00000000E+00
  8.    5.   0.42635582E-04   0.29011446E-06  -0.26794547E-04   0.00000000E+00
  8.    6.   0.29942768E-04  -0.30353051E-04   0.26794547E-04   0.00000000E+00
  8.    7.   0.72878855E-12  -0.43138074E-04   0.53589095E-04   0.00000000E+00
  8.    8.  -0.29942767E-04  -0.30353051E-04   0.26794549E-04   0.00000000E+00
  8.    9.  -0.42635582E-04   0.29011316E-06  -0.26794545E-04   0.00000000E+00
  8.   10.  -0.30503226E-04   0.30503224E-04  -0.53589093E-04   0.00000000E+00
  8.   11.  -0.29011543E-06   0.42635582E-04  -0.26794548E-04   0.00000000E+00
  8.   12.   0.30353050E-04   0.29942768E-04   0.26794546E-04   0.00000000E+00
  8.   13.   0.43138074E-04   0.00000000E+00   0.53589095E-04   0.00000000E+00
  8.   14.  -0.27962112E-03   0.00000000E+00   0.12251396E-02   0.00000000E+00
  8.   15.  -0.20310219E-03   0.21780118E-03   0.61256981E-03   0.00000000E+00
  8.   16.  -0.10393753E-04   0.29762363E-03  -0.61256981E-03   0.00000000E+00
  8.   17.   0.19772199E-03   0.19772199E-03  -0.12251396E-02   0.00000000E+00
  8.   18.   0.29762363E-03  -0.10393750E-04  -0.61256982E-03   0.00000000E+00
  8.   19.   0.21780118E-03  -0.20310219E-03   0.61256980E-03   0.00000000E+00
  8.   20.   0.49258645E-11  -0.27962112E-03   0.12251396E-02   0.00000000E+00
  8.   21.  -0.21780117E-03  -0.20310220E-03   0.61256984E-03   0.00000000E+00
  8.   22.  -0.29762363E-03  -0.10393759E-04  -0.61256977E-03   0.00000000E+00
  8.   23.  -0.19772199E-03   0.19772198E-03  -0.12251396E-02   0.00000000E+00
  8.   24.   0.10393744E-04   0.29762363E-03  -0.61256985E-03   0.00000000E+00
  8.   25.   0.20310219E-03   0.21780118E-03   0.61256976E-03   0.00000000E+00
  8.   26.   0.27962112E-03   0.00000000E+00   0.12251396E-02   0.00000000E+00
  8.   27.  -0.77744297E-03   0.00000000E+00   0.58530734E-02   0.00000000E+00
  8.   28.  -0.58457892E-03   0.67977375E-03   0.29265367E-02   0.00000000E+00
  8.   29.  -0.67312910E-04   0.89403235E-03  -0.29265367E-02   0.00000000E+00
  8.   30.   0.54973519E-03   0.54973520E-03  -0.58530734E-02   0.00000000E+00
  8.   31.   0.89403235E-03  -0.67312903E-04  -0.29265368E-02   0.00000000E+00
  8.   32.   0.67977376E-03  -0.58457892E-03   0.29265366E-02   0.00000000E+00
  8.   33.   0.15469252E-10  -0.77744297E-03   0.58530734E-02   0.00000000E+00
  8.   34.  -0.67977374E-03  -0.58457893E-03   0.29265369E-02   0.00000000E+00
  8.   35.  -0.89403235E-03  -0.67312927E-04  -0.29265365E-02   0.00000000E+00
  8.   36.  -0.54973521E-03   0.54973518E-03  -0.58530734E-02   0.00000000E+00
  8.   37.   0.67312885E-04   0.89403235E-03  -0.29265369E-02   0.00000000E+00
  8.   38.   0.58457891E-03   0.67977377E-03   0.29265365E-02   0.00000000E+00
  8.   39.   0.77744297E-03   0.00000000E+00   0.58530734E-02   0.00000000E+00
  8.   40.  -0.12727651E-02   0.00000000E+00   0.15129241E-01   0.00000000E+00
  8.   41.  -0.10132075E-02   0.13225487E-02   0.75646203E-02   0.00000000E+00
  8.   42.  -0.21873724E-03   0.16516291E-02  -0.75646203E-02   0.00000000E+00
  8.   43.   0.89998080E-03   0.89998082E-03  -0.15129241E-01   0.00000000E+00
  8.   44.   0.16516291E-02  -0.21873723E-03  -0.75646204E-02   0.00000000E+00
  8.   45.   0.13225487E-02  -0.10132075E-02   0.75646201E-02   0.00000000E+00
  8.   46.   0.30553455E-10  -0.12727651E-02   0.15129241E-01   0.00000000E+00
  8.   47.  -0.13225487E-02  -0.10132076E-02   0.75646207E-02   0.00000000E+00
  8.   48.  -0.16516291E-02  -0.21873727E-03  -0.75646199E-02   0.00000000E+00
  8.   49.  -0.89998084E-03   0.89998078E-03  -0.15129241E-01   0.00000000E+00
  8.   50.   0.21873720E-03   0.16516291E-02  -0.75646208E-02   0.00000000E+00
  8.   51.   0.10132075E-02   0.13225488E-02   0.75646197E-02   0.00000000E+00
  8.   52.   0.12727651E-02   0.00000000E+00   0.15129241E-01   0.00000000E+00
  8.   53.  -0.17090371E-02   0.00000000E+00   0.28351889E-01   0.00000000E+00
  8.   54.  -0.13991808E-02   0.19202078E-02   0.14175945E-01   0.00000000E+00
  8.   55.  -0.36842173E-03   0.23471622E-02  -0.14175945E-01   0.00000000E+00
  8.   56.   0.12084717E-02   0.12084717E-02  -0.28351889E-01   0.00000000E+00
  8.   57.   0.23471622E-02  -0.36842172E-03  -0.14175945E-01   0.00000000E+00
  8.   58.   0.19202079E-02  -0.13991808E-02   0.14175944E-01   0.00000000E+00
  8.   59.   0.44640630E-10  -0.17090371E-02   0.28351889E-01   0.00000000E+00
  8.   60.  -0.19202078E-02  -0.13991809E-02   0.14175945E-01   0.00000000E+00
  8.   61.  -0.23471623E-02  -0.36842177E-03  -0.14175944E-01   0.00000000E+00
  8.   62.  -0.12084718E-02   0.12084717E-02  -0.28351889E-01   0.00000000E+00
  8.   63.   0.36842168E-03   0.23471622E-02  -0.14175946E-01   0.00000000E+00
  8.   64.   0.13991808E-02   0.19202079E-02   0.14175944E-01   0.00000000E+00
  8.   65.   0.17090371E-02   0.00000000E+00   0.28351889E-01   0.00000000E+00
  8.   66.   0.17090371E-02   0.00000000E+00   0.28351889E-01   0.00000000E+00
  8.   67.   0.13991808E-02  -0.19202078E-02   0.14175945E-01   0.00000000E+00
  8.   68.   0.36842173E-03  -0.23471622E-02  -0.14175945E-01   0.00000000E+00
  8.   69.  -0.12084717E-02  -0.12084717E-02  -0.28351889E-01   0.00000000E+00
  8.   70.  -0.23471622E-02   0.36842172E-03  -0.14175945E-01   0.00000000E+00
  8.   71.  -0.19202079E-02   0.13991808E-02   0.14175944E-01   0.00000000E+00
  8.   72.  -0.44633898E-10   0.17090371E-02   0.28351889E-01   0.00000000E+00
  8.   73.   0.19202078E-02   0.13991809E-02   0.14175945E-01   0.00000000E+00
  8.   74.   0.23471623E-02   0.36842177E-03  -0.14175944E-01   0.00000000E+00
  8.   75.   0.12084718E-02  -0.12084717E-02  -0.28351889E-01   0.00000000E+00
  8.   76.  -0.36842168E-03  -0.23471622E-02  -0.14175946E-01   0.00000000E+00
  8.   77.  -0.13991808E-02  -0.19202079E-02   0.14175944E-01   0.00000000E+00
  8.   78.  -0.17090371E-02   0.00000000E+00   0.28351889E-01   0.00000000E+00
  9.    1.   0.81487173E-05   0.00000000E+00  -0.69244504E-05   0.00000000E+00
  9.    2.   0.40069694E-05  -0.68054960E-05  -0.17921805E-05   0.00000000E+00
  9.    3.  -0.41417479E-05  -0.69402746E-05   0.59967479E-05   0.00000000E+00
  9.    4.  -0.80139386E-05  -0.13477882E-06   0.48963243E-05   0.00000000E+00
  9.    5.  -0.38721908E-05   0.69402743E-05  -0.34622249E-05   0.00000000E+00
  9.    6.   0.40069693E-05   0.70750530E-05  -0.66885044E-05   0.00000000E+00
  9.    7.   0.78791601E-05   0.27030792E-13  -0.22218727E-12   0.00000000E+00
  9.    8.   0.40069695E-05  -0.70750531E-05   0.66885041E-05   0.00000000E+00
  9.    9.  -0.38721906E-05  -0.69402747E-05   0.34622246E-05   0.00000000E+00
  9.   10.  -0.80139388E-05   0.13477822E-06  -0.48963252E-05   0.00000000E+00
  9.   11.  -0.41417483E-05   0.69402743E-05  -0.59967497E-05   0.00000000E+00
  9.   12.   0.40069690E-05   0.68054961E-05   0.17921782E-05   0.00000000E+00
  9.   13.   0.81487172E-05   0.00000000E+00   0.69244484E-05   0.00000000E+00
  9.   14.   0.10716416E-03   0.00000000E+00  -0.37618957E-03   0.00000000E+00
  9.   15.   0.55854682E-04  -0.10128835E-03  -0.97365027E-04   0.00000000E+00
  9.   16.  -0.51309482E-04  -0.96743147E-04   0.32578972E-03   0.00000000E+00
  9.   17.  -0.11170936E-03   0.45451985E-05   0.26600620E-03   0.00000000E+00
  9.   18.  -0.60399883E-04   0.96743146E-04  -0.18809478E-03   0.00000000E+00
  9.   19.   0.55854681E-04   0.92197947E-04  -0.36337122E-03   0.00000000E+00
  9.   20.   0.11625456E-03   0.20920386E-11  -0.84882601E-11   0.00000000E+00
  9.   21.   0.55854685E-04  -0.92197945E-04   0.36337122E-03   0.00000000E+00
  9.   22.  -0.60399879E-04  -0.96743148E-04   0.18809480E-03   0.00000000E+00
  9.   23.  -0.11170936E-03  -0.45452035E-05  -0.26600618E-03   0.00000000E+00
  9.   24.  -0.51309486E-04   0.96743144E-04  -0.32578973E-03   0.00000000E+00
  9.   25.   0.55854678E-04   0.10128835E-03   0.97365005E-04   0.00000000E+00
  9.   26.   0.10716416E-03   0.00000000E+00   0.37618957E-03   0.00000000E+00
  9.   27.   0.42482674E-03   0.00000000E+00  -0.26151785E-02   0.00000000E+00
  9.   28.   0.23614370E-03  -0.45647356E-03  -0.67685801E-03   0.00000000E+00
  9.   29.  -0.18868304E-03  -0.40901289E-03   0.22648110E-02   0.00000000E+00
  9.   30.  -0.47228741E-03   0.47460661E-04   0.18492105E-02   0.00000000E+00
  9.   31.  -0.28360437E-03   0.40901289E-03  -0.13075892E-02   0.00000000E+00
  9.   32.   0.23614370E-03   0.36155223E-03  -0.25260685E-02   0.00000000E+00
  9.   33.   0.51974807E-03   0.84666035E-11  -0.66611628E-10   0.00000000E+00
  9.   34.   0.23614372E-03  -0.36155222E-03   0.25260685E-02   0.00000000E+00
  9.   35.  -0.28360436E-03  -0.40901290E-03   0.13075894E-02   0.00000000E+00
  9.   36.  -0.47228741E-03  -0.47460681E-04  -0.18492104E-02   0.00000000E+00
  9.   37.  -0.18868305E-03   0.40901288E-03  -0.22648111E-02   0.00000000E+00
  9.   38.   0.23614369E-03   0.45647357E-03   0.67685788E-03   0.00000000E+00
  9.   39.   0.42482674E-03   0.00000000E+00   0.26151785E-02   0.00000000E+00
  9.   40.   0.82081438E-03   0.00000000E+00  -0.82454506E-02   0.00000000E+00
  9.   41.   0.50734453E-03  -0.10726212E-02  -0.21340797E-02   0.00000000E+00
  9.   42.  -0.31346984E-03  -0.87874651E-03   0.71407697E-02   0.00000000E+00
  9.   43.  -0.10146891E-02   0.19387468E-03   0.58304141E-02   0.00000000E+00
  9.   44.  -0.70121924E-03   0.87874651E-03  -0.41227252E-02   0.00000000E+00
  9.   45.   0.50734452E-03   0.68487182E-03  -0.79644937E-02   0.00000000E+00
  9.   46.   0.12085638E-02   0.15408048E-10  -0.21539680E-09   0.00000000E+00
  9.   47.   0.50734457E-03  -0.68487180E-03   0.79644936E-02   0.00000000E+00
  9.   48.  -0.70121920E-03  -0.87874652E-03   0.41227256E-02   0.00000000E+00
  9.   49.  -0.10146891E-02  -0.19387472E-03  -0.58304138E-02   0.00000000E+00
  9.   50.  -0.31346988E-03   0.87874648E-03  -0.71407699E-02   0.00000000E+00
  9.   51.   0.50734451E-03   0.10726212E-02   0.21340792E-02   0.00000000E+00
  9.   52.   0.82081438E-03   0.00000000E+00   0.82454506E-02   0.00000000E+00
  9.   53.   0.12079303E-02   0.00000000E+00  -0.17173365E-01   0.00000000E+00
  9.   54.   0.78174905E-03  -0.17095969E-02  -0.44447941E-02   0.00000000E+00
  9.   55.  -0.42618123E-03  -0.13540291E-02   0.14872571E-01   0.00000000E+00
  9.   56.  -0.15634981E-02   0.35556781E-03   0.12143403E-01   0.00000000E+00
  9.   57.  -0.11373169E-02   0.13540291E-02  -0.85866825E-02   0.00000000E+00
  9.   58.   0.78174903E-03   0.99846127E-03  -0.16588197E-01   0.00000000E+00
  9.   59.   0.19190659E-02   0.21841363E-10  -0.45122272E-09   0.00000000E+00
  9.   60.   0.78174911E-03  -0.99846123E-03   0.16588197E-01   0.00000000E+00
  9.   61.  -0.11373168E-02  -0.13540291E-02   0.85866833E-02   0.00000000E+00
  9.   62.  -0.15634981E-02  -0.35556787E-03  -0.12143403E-01   0.00000000E+00
  9.   63.  -0.42618129E-03   0.13540290E-02  -0.14872571E-01   0.00000000E+00
  9.   64.   0.78174902E-03   0.17095969E-02   0.44447932E-02   0.00000000E+00
  9.   65.   0.12079303E-02   0.00000000E+00   0.17173365E-01   0.00000000E+00
  9.   66.  -0.12079303E-02   0.00000000E+00  -0.17173365E-01   0.00000000E+00
  9.   67.  -0.78174905E-03   0.17095969E-02  -0.44447941E-02   0.00000000E+00
  9.   68.   0.42618123E-03   0.13540291E-02   0.14872571E-01   0.00000000E+00
  9.   69.   0.15634981E-02  -0.35556781E-03   0.12143403E-01   0.00000000E+00
  9.   70.   0.11373169E-02  -0.13540291E-02  -0.85866825E-02   0.00000000E+00
  9.   71.  -0.78174903E-03  -0.99846127E-03  -0.16588197E-01   0.00000000E+00
  9.   72.  -0.19190659E-02  -0.21794011E-10  -0.45121612E-09   0.00000000E+00
  9.   73.  -0.78174911E-03   0.99846123E-03   0.16588197E-01   0.00000000E+00
  9.   74.   0.11373168E-02   0.13540291E-02   0.85866833E-02   0.00000000E+00
  9.   75.   0.15634981E-02   0.35556787E-03  -0.12143403E-01   0.00000000E+00
  9.   76.   0.42618129E-03  -0.13540290E-02  -0.14872571E-01   0.00000000E+00
  9.   77.  -0.78174902E-03  -0.17095969E-02   0.44447932E-02   0.00000000E+00
  9.   78.  -0.12079303E-02   0.00000000E+00   0.17173365E-01   0.00000000E+00
 10.    1.   0.44519282E-03   0.00000000E+00  -0.23011234E-02   0.00000000E+00
 10.    2.   0.45800313E-03  -0.21964676E-03  -0.19928313E-02   0.00000000E+00
 10.    3.   0.47917083E-03  -0.38475541E-03  -0.11505617E-02   0.00000000E+00
 10.    4.   0.46768384E-03  -0.46768384E-03  -0.10856922E-10   0.00000000E+00
 10.    5.   0.38475542E-03  -0.47917083E-03   0.11505617E-02   0.00000000E+00
 10.    6.   0.21964676E-03  -0.45800313E-03   0.19928313E-02   0.00000000E+00
 10.    7.   0.46034173E-11  -0.44519282E-03   0.23011234E-02   0.00000000E+00
 10.    8.  -0.21964676E-03  -0.45800313E-03   0.19928313E-02   0.00000000E+00
 10.    9.  -0.38475541E-03  -0.47917083E-03   0.11505617E-02   0.00000000E+00
 10.   10.  -0.46768384E-03  -0.46768384E-03   0.36962940E-10   0.00000000E+00
 10.   11.  -0.47917084E-03  -0.38475542E-03  -0.11505617E-02   0.00000000E+00
 10.   12.  -0.45800313E-03  -0.21964677E-03  -0.19928313E-02   0.00000000E+00
 10.   13.  -0.44519282E-03   0.00000000E+00  -0.23011234E-02   0.00000000E+00
 10.   14.   0.36353760E-03   0.00000000E+00  -0.64968788E-02   0.00000000E+00
 10.   15.   0.40791448E-03  -0.30593702E-03  -0.56264621E-02   0.00000000E+00
 10.   16.   0.50476923E-03  -0.51074835E-03  -0.32484394E-02   0.00000000E+00
 10.   17.   0.56722480E-03  -0.56722480E-03  -0.32748717E-10   0.00000000E+00
 10.   18.   0.51074835E-03  -0.50476923E-03   0.32484394E-02   0.00000000E+00
 10.   19.   0.30593702E-03  -0.40791448E-03   0.56264620E-02   0.00000000E+00
 10.   20.   0.65061529E-11  -0.36353760E-03   0.64968788E-02   0.00000000E+00
 10.   21.  -0.30593701E-03  -0.40791447E-03   0.56264621E-02   0.00000000E+00
 10.   22.  -0.51074835E-03  -0.50476923E-03   0.32484395E-02   0.00000000E+00
 10.   23.  -0.56722480E-03  -0.56722480E-03   0.10275387E-09   0.00000000E+00
 10.   24.  -0.50476923E-03  -0.51074835E-03  -0.32484393E-02   0.00000000E+00
 10.   25.  -0.40791448E-03  -0.30593703E-03  -0.56264620E-02   0.00000000E+00
 10.   26.  -0.36353760E-03   0.00000000E+00  -0.64968788E-02   0.00000000E+00
 10.   27.  -0.31826358E-03   0.00000000E+00  -0.69358081E-02   0.00000000E+00
 10.   28.  -0.19501012E-03  -0.33714302E-03  -0.60065860E-02   0.00000000E+00
 10.   29.   0.10050313E-03  -0.49234011E-03  -0.34679041E-02   0.00000000E+00
 10.   30.   0.38916726E-03  -0.38916727E-03  -0.35455128E-10   0.00000000E+00
 10.   31.   0.49234011E-03  -0.10050314E-03   0.34679040E-02   0.00000000E+00
 10.   32.   0.33714302E-03   0.19501012E-03   0.60065860E-02   0.00000000E+00
 10.   33.   0.73355119E-11   0.31826358E-03   0.69358081E-02   0.00000000E+00
 10.   34.  -0.33714301E-03   0.19501013E-03   0.60065861E-02   0.00000000E+00
 10.   35.  -0.49234011E-03  -0.10050312E-03   0.34679041E-02   0.00000000E+00
 10.   36.  -0.38916727E-03  -0.38916726E-03   0.10942120E-09   0.00000000E+00
 10.   37.  -0.10050315E-03  -0.49234011E-03  -0.34679039E-02   0.00000000E+00
 10.   38.   0.19501011E-03  -0.33714303E-03  -0.60065859E-02   0.00000000E+00
 10.   39.   0.31826358E-03   0.00000000E+00  -0.69358081E-02   0.00000000E+00
 10.   40.  -0.89815233E-03   0.00000000E+00  -0.11250666E-02   0.00000000E+00
 10.   41.  -0.74293396E-03  -0.23260899E-03  -0.97433623E-03   0.00000000E+00
 10.   42.  -0.36085425E-03  -0.27313444E-03  -0.56253329E-03   0.00000000E+00
 10.   43.   0.45817082E-04  -0.45817088E-04  -0.62845225E-11   0.00000000E+00
 10.   44.   0.27313444E-03   0.36085424E-03   0.56253328E-03   0.00000000E+00
 10.   45.   0.23260899E-03   0.74293396E-03   0.97433623E-03   0.00000000E+00
 10.   46.   0.52687412E-11   0.89815233E-03   0.11250666E-02   0.00000000E+00
 10.   47.  -0.23260898E-03   0.74293397E-03   0.97433624E-03   0.00000000E+00
 10.   48.  -0.27313444E-03   0.36085426E-03   0.56253330E-03   0.00000000E+00
 10.   49.  -0.45817095E-04  -0.45817074E-04   0.18211439E-10   0.00000000E+00
 10.   50.   0.36085423E-03  -0.27313444E-03  -0.56253327E-03   0.00000000E+00
 10.   51.   0.74293395E-03  -0.23260900E-03  -0.97433622E-03   0.00000000E+00
 10.   52.   0.89815233E-03   0.00000000E+00  -0.11250666E-02   0.00000000E+00
 10.   53.  -0.97750826E-03   0.00000000E+00   0.75312154E-02   0.00000000E+00
 10.   54.  -0.85918290E-03  -0.64292147E-04   0.65222238E-02   0.00000000E+00
 10.   55.  -0.56207265E-03  -0.39698854E-05   0.37656077E-02   0.00000000E+00
 10.   56.  -0.22665807E-03   0.22665806E-03   0.37587213E-10   0.00000000E+00
 10.   57.   0.39698839E-05   0.56207264E-03  -0.37656076E-02   0.00000000E+00
 10.   58.   0.64292147E-04   0.85918290E-03  -0.65222238E-02   0.00000000E+00
 10.   59.   0.16007532E-11   0.97750826E-03  -0.75312154E-02   0.00000000E+00
 10.   60.  -0.64292146E-04   0.85918291E-03  -0.65222239E-02   0.00000000E+00
 10.   61.  -0.39698896E-05   0.56207266E-03  -0.37656078E-02   0.00000000E+00
 10.   62.   0.22665805E-03   0.22665807E-03  -0.11758944E-09   0.00000000E+00
 10.   63.   0.56207263E-03  -0.39698798E-05   0.37656075E-02   0.00000000E+00
 10.   64.   0.85918290E-03  -0.64292148E-04   0.65222237E-02   0.00000000E+00
 10.   65.   0.97750826E-03   0.00000000E+00   0.75312154E-02   0.00000000E+00
 10.   66.   0.97750826E-03   0.00000000E+00   0.75312154E-02   0.00000000E+00
 10.   67.   0.85918290E-03   0.64292147E-04   0.65222238E-02   0.00000000E+00
 10.   68.   0.56207265E-03   0.39698854E-05   0.37656077E-02   0.00000000E+00
 10.   69.   0.22665807E-03  -0.22665806E-03   0.37587947E-10   0.00000000E+00
 10.   70.  -0.39698840E-05  -0.56207264E-03  -0.37656076E-02   0.00000000E+00
 10.   71.  -0.64292147E-04  -0.85918290E-03  -0.65222238E-02   0.00000000E+00
 10.   72.  -0.16475855E-11  -0.97750826E-03  -0.75312154E-02   0.00000000E+00
 10.   73.   0.64292146E-04  -0.85918291E-03  -0.65222239E-02   0.00000000E+00
 10.   74.   0.39698896E-05  -0.56207266E-03  -0.37656078E-02   0.00000000E+00
 10.   75.  -0.22665805E-03  -0.22665807E-03  -0.11758462E-09   0.00000000E+00
 10.   76.  -0.56207263E-03   0.39698798E-05   0.37656075E-02   0.00000000E+00
 10.   77.  -0.85918290E-03   0.64292148E-04   0.65222237E-02   0.00000000E+00
 10.   78.  -0.97750826E-03   0.00000000E+00   0.75312154E-02   0.00000000E+00
 11.    1.   0.13855040E-02   0.00000000E+00   0.13149418E-01   0.00000000E+00
 11.    2.   0.13382941E-02   0.35859481E-03   0.13149418E-01   0.00000000E+00
 11.    3.   0.11998816E-02   0.69275199E-03   0.13149418E-01   0.00000000E+00
 11.    4.   0.97969926E-03   0.97969925E-03   0.13149418E-01   0.00000000E+00
 11.    5.   0.69275199E-03   0.11998816E-02   0.13149418E-01   0.00000000E+00
 11.    6.   0.35859482E-03   0.13382941E-02   0.13149418E-01   0.00000000E+00
 11.    7.   0.72234152E-11   0.13855040E-02   0.13149418E-01   0.00000000E+00
 11.    8.  -0.35859480E-03   0.13382941E-02   0.13149418E-01   0.00000000E+00
 11.    9.  -0.69275198E-03   0.11998816E-02   0.13149418E-01   0.00000000E+00
 11.   10.  -0.97969925E-03   0.97969926E-03   0.13149418E-01   0.00000000E+00
 11.   11.  -0.11998816E-02   0.69275200E-03   0.13149418E-01   0.00000000E+00
 11.   12.  -0.13382941E-02   0.35859483E-03   0.13149418E-01   0.00000000E+00
 11.   13.  -0.13855040E-02   0.00000000E+00   0.13149418E-01   0.00000000E+00
 11.   14.   0.11110273E-02   0.00000000E+00   0.17795187E-02   0.00000000E+00
 11.   15.   0.10731700E-02   0.28755503E-03   0.17795187E-02   0.00000000E+00
 11.   16.   0.96217787E-03   0.55551365E-03   0.17795187E-02   0.00000000E+00
 11.   17.   0.78561495E-03   0.78561494E-03   0.17795187E-02   0.00000000E+00
 11.   18.   0.55551366E-03   0.96217787E-03   0.17795187E-02   0.00000000E+00
 11.   19.   0.28755503E-03   0.10731700E-02   0.17795187E-02   0.00000000E+00
 11.   20.   0.57326745E-11   0.11110273E-02   0.17795187E-02   0.00000000E+00
 11.   21.  -0.28755502E-03   0.10731700E-02   0.17795187E-02   0.00000000E+00
 11.   22.  -0.55551365E-03   0.96217788E-03   0.17795187E-02   0.00000000E+00
 11.   23.  -0.78561494E-03   0.78561495E-03   0.17795187E-02   0.00000000E+00
 11.   24.  -0.96217787E-03   0.55551366E-03   0.17795187E-02   0.00000000E+00
 11.   25.  -0.10731700E-02   0.28755504E-03   0.17795187E-02   0.00000000E+00
 11.   26.  -0.11110273E-02   0.00000000E+00   0.17795187E-02   0.00000000E+00
 11.   27.   0.18928454E-03   0.00000000E+00  -0.44989366E-02   0.00000000E+00
 11.   28.   0.18283482E-03   0.48990444E-04  -0.44989366E-02   0.00000000E+00
 11.   29.   0.16392522E-03   0.94642269E-04  -0.44989366E-02   0.00000000E+00
 11.   30.   0.13384438E-03   0.13384438E-03  -0.44989366E-02   0.00000000E+00
 11.   31.   0.94642270E-04   0.16392522E-03  -0.44989366E-02   0.00000000E+00
 11.   32.   0.48990444E-04   0.18283482E-03  -0.44989366E-02   0.00000000E+00
 11.   33.   0.10635637E-11   0.18928454E-03  -0.44989366E-02   0.00000000E+00
 11.   34.  -0.48990442E-04   0.18283482E-03  -0.44989366E-02   0.00000000E+00
 11.   35.  -0.94642268E-04   0.16392522E-03  -0.44989366E-02   0.00000000E+00
 11.   36.  -0.13384438E-03   0.13384438E-03  -0.44989366E-02   0.00000000E+00
 11.   37.  -0.16392522E-03   0.94642271E-04  -0.44989366E-02   0.00000000E+00
 11.   38.  -0.18283482E-03   0.48990446E-04  -0.44989366E-02   0.00000000E+00
 11.   39.  -0.18928454E-03   0.00000000E+00  -0.44989366E-02   0.00000000E+00
 11.   40.  -0.71166854E-03   0.00000000E+00  -0.17122882E-02   0.00000000E+00
 11.   41.  -0.68741902E-03  -0.18419337E-03  -0.17122882E-02   0.00000000E+00
 11.   42.  -0.61632303E-03  -0.35583427E-03  -0.17122882E-02   0.00000000E+00
 11.   43.  -0.50322565E-03  -0.50322565E-03  -0.17122882E-02   0.00000000E+00
 11.   44.  -0.35583427E-03  -0.61632303E-03  -0.17122882E-02   0.00000000E+00
 11.   45.  -0.18419337E-03  -0.68741902E-03  -0.17122882E-02   0.00000000E+00
 11.   46.  -0.37156247E-11  -0.71166854E-03  -0.17122882E-02   0.00000000E+00
 11.   47.   0.18419337E-03  -0.68741902E-03  -0.17122882E-02   0.00000000E+00
 11.   48.   0.35583426E-03  -0.61632303E-03  -0.17122882E-02   0.00000000E+00
 11.   49.   0.50322564E-03  -0.50322565E-03  -0.17122882E-02   0.00000000E+00
 11.   50.   0.61632303E-03  -0.35583427E-03  -0.17122882E-02   0.00000000E+00
 11.   51.   0.68741902E-03  -0.18419338E-03  -0.17122882E-02   0.00000000E+00
 11.   52.   0.71166854E-03   0.00000000E+00  -0.17122882E-02   0.00000000E+00
 11.   53.  -0.87630528E-03   0.00000000E+00   0.58720542E-02   0.00000000E+00
 11.   54.  -0.84644590E-03  -0.22680450E-03   0.58720542E-02   0.00000000E+00
 11.   55.  -0.75890264E-03  -0.43815264E-03   0.58720542E-02   0.00000000E+00
 11.   56.  -0.61964141E-03  -0.61964141E-03   0.58720542E-02   0.00000000E+00
 11.   57.  -0.43815264E-03  -0.75890263E-03   0.58720542E-02   0.00000000E+00
 11.   58.  -0.22680450E-03  -0.84644590E-03   0.58720542E-02   0.00000000E+00
 11.   59.  -0.45458655E-11  -0.87630528E-03   0.58720542E-02   0.00000000E+00
 11.   60.   0.22680449E-03  -0.84644591E-03   0.58720542E-02   0.00000000E+00
 11.   61.   0.43815264E-03  -0.75890264E-03   0.58720542E-02   0.00000000E+00
 11.   62.   0.61964140E-03  -0.61964141E-03   0.58720542E-02   0.00000000E+00
 11.   63.   0.75890263E-03  -0.43815265E-03   0.58720542E-02   0.00000000E+00
 11.   64.   0.84644590E-03  -0.22680451E-03   0.58720542E-02   0.00000000E+00
 11.   65.   0.87630528E-03   0.00000000E+00   0.58720542E-02   0.00000000E+00
 11.   66.   0.87630528E-03   0.00000000E+00   0.58720542E-02   0.00000000E+00
 11.   67.   0.84644590E-03   0.22680450E-03   0.58720542E-02   0.00000000E+00
 11.   68.   0.75890264E-03   0.43815264E-03   0.58720542E-02   0.00000000E+00
 11.   69.   0.61964141E-03   0.61964141E-03   0.58720542E-02   0.00000000E+00
 11.   70.   0.43815264E-03   0.75890263E-03   0.58720542E-02   0.00000000E+00
 11.   71.   0.22680450E-03   0.84644590E-03   0.58720542E-02   0.00000000E+00
 11.   72.   0.46853619E-11   0.87630528E-03   0.58720542E-02   0.00000000E+00
 11.   73.  -0.22680449E-03   0.84644591E-03   0.58720542E-02   0.00000000E+00
 11.   74.  -0.43815264E-03   0.75890264E-03   0.58720542E-02   0.00000000E+00
 11.   75.  -0.61964140E-03   0.61964141E-03   0.58720542E-02   0.00000000E+00
 11.   76.  -0.75890263E-03   0.43815265E-03   0.58720542E-02   0.00000000E+00
 11.   77.  -0.84644590E-03   0.22680451E-03   0.58720542E-02   0.00000000E+00
 11.   78.  -0.87630528E-03   0.00000000E+00   0.58720542E-02   0.00000000E+00
 12.    1.   0.16273084E-05   0.00000000E+00  -0.96704399E-06   0.00000000E+00
 12.    2.   0.39991310E-06  -0.14924959E-05   0.41028638E-13   0.00000000E+00
 12.    3.  -0.14092904E-05  -0.81365418E-06   0.96704406E-06   0.00000000E+00
 12.    4.  -0.10925829E-05   0.10925828E-05  -0.63292069E-14   0.00000000E+00
 12.    5.   0.81365417E-06   0.14092904E-05  -0.96704409E-06   0.00000000E+00
 12.    6.   0.14924960E-05  -0.39991306E-06  -0.82541494E-13   0.00000000E+00
 12.    7.   0.45388020E-13  -0.16273084E-05   0.96704394E-06   0.00000000E+00
 12.    8.  -0.14924959E-05  -0.39991317E-06  -0.80372231E-13   0.00000000E+00
 12.    9.  -0.81365420E-06   0.14092903E-05  -0.96704416E-06   0.00000000E+00
 12.   10.   0.10925829E-05   0.10925829E-05  -0.12261533E-12   0.00000000E+00
 12.   11.   0.14092905E-05  -0.81365412E-06   0.96704401E-06   0.00000000E+00
 12.   12.  -0.39991299E-06  -0.14924960E-05   0.62496239E-13   0.00000000E+00
 12.   13.  -0.16273084E-05   0.00000000E+00  -0.96704404E-06   0.00000000E+00
 12.   14.   0.43754101E-04   0.00000000E+00  -0.12853957E-03   0.00000000E+00
 12.   15.   0.12300990E-04  -0.45907920E-04  -0.80763095E-13   0.00000000E+00
 12.   16.  -0.37892163E-04  -0.21877050E-04   0.12853957E-03   0.00000000E+00
 12.   17.  -0.33606930E-04   0.33606929E-04   0.20417228E-11   0.00000000E+00
 12.   18.   0.21877050E-04   0.37892163E-04  -0.12853957E-03   0.00000000E+00
 12.   19.   0.45907920E-04  -0.12300989E-04  -0.19751977E-11   0.00000000E+00
 12.   20.   0.12609573E-11  -0.43754101E-04   0.12853957E-03   0.00000000E+00
 12.   21.  -0.45907919E-04  -0.12300992E-04   0.60415302E-11   0.00000000E+00
 12.   22.  -0.21877052E-04   0.37892162E-04  -0.12853957E-03   0.00000000E+00
 12.   23.   0.33606928E-04   0.33606931E-04  -0.61243231E-11   0.00000000E+00
 12.   24.   0.37892164E-04  -0.21877048E-04   0.12853957E-03   0.00000000E+00
 12.   25.  -0.12300988E-04  -0.45907920E-04   0.79465719E-11   0.00000000E+00
 12.   26.  -0.43754101E-04   0.00000000E+00  -0.12853957E-03   0.00000000E+00
 12.   27.   0.24936248E-03   0.00000000E+00  -0.12991090E-02   0.00000000E+00
 12.   28.   0.79953193E-04  -0.29838938E-03  -0.50515218E-12   0.00000000E+00
 12.   29.  -0.21595425E-03  -0.12468124E-03   0.12991090E-02   0.00000000E+00
 12.   30.  -0.21843619E-03   0.21843618E-03   0.19813357E-10   0.00000000E+00
 12.   31.   0.12468124E-03   0.21595425E-03  -0.12991090E-02   0.00000000E+00
 12.   32.   0.29838938E-03  -0.79953190E-04  -0.20439960E-10   0.00000000E+00
 12.   33.   0.83980802E-11  -0.24936248E-03   0.12991090E-02   0.00000000E+00
 12.   34.  -0.29838937E-03  -0.79953202E-04   0.60710794E-10   0.00000000E+00
 12.   35.  -0.12468125E-03   0.21595424E-03  -0.12991090E-02   0.00000000E+00
 12.   36.   0.21843618E-03   0.21843619E-03  -0.61578586E-10   0.00000000E+00
 12.   37.   0.21595425E-03  -0.12468123E-03   0.12991090E-02   0.00000000E+00
 12.   38.  -0.79953181E-04  -0.29838938E-03   0.81009617E-10   0.00000000E+00
 12.   39.  -0.24936248E-03   0.00000000E+00  -0.12991090E-02   0.00000000E+00
 12.   40.   0.57212062E-03   0.00000000E+00  -0.49952955E-02   0.00000000E+00
 12.   41.   0.22678725E-03  -0.84638154E-03  -0.17437788E-11   0.00000000E+00
 12.   42.  -0.49547099E-03  -0.28606031E-03   0.49952955E-02   0.00000000E+00
 12.   43.  -0.61959429E-03   0.61959428E-03   0.75756592E-10   0.00000000E+00
 12.   44.   0.28606030E-03   0.49547100E-03  -0.49952955E-02   0.00000000E+00
 12.   45.   0.84638154E-03  -0.22678724E-03  -0.78931614E-10   0.00000000E+00
 12.   46.   0.24520241E-10  -0.57212062E-03   0.49952955E-02   0.00000000E+00
 12.   47.  -0.84638153E-03  -0.22678727E-03   0.23347831E-09   0.00000000E+00
 12.   48.  -0.28606034E-03   0.49547097E-03  -0.49952955E-02   0.00000000E+00
 12.   49.   0.61959427E-03   0.61959430E-03  -0.23672100E-09   0.00000000E+00
 12.   50.   0.49547102E-03  -0.28606027E-03   0.49952955E-02   0.00000000E+00
 12.   51.  -0.22678722E-03  -0.84638154E-03   0.31106520E-09   0.00000000E+00
 12.   52.  -0.57212062E-03   0.00000000E+00  -0.49952955E-02   0.00000000E+00
 12.   53.   0.92009858E-03   0.00000000E+00  -0.11503343E-01   0.00000000E+00
 12.   54.   0.39529645E-03  -0.14752664E-02  -0.38630995E-11   0.00000000E+00
 12.   55.  -0.79682874E-03  -0.46004929E-03   0.11503343E-01   0.00000000E+00
 12.   56.  -0.10799700E-02   0.10799700E-02   0.17430556E-09   0.00000000E+00
 12.   57.   0.46004927E-03   0.79682876E-03  -0.11503343E-01   0.00000000E+00
 12.   58.   0.14752664E-02  -0.39529644E-03  -0.18195396E-09   0.00000000E+00
 12.   59.   0.43122039E-10  -0.92009858E-03   0.11503343E-01   0.00000000E+00
 12.   60.  -0.14752664E-02  -0.39529648E-03   0.53763442E-09   0.00000000E+00
 12.   61.  -0.46004935E-03   0.79682871E-03  -0.11503343E-01   0.00000000E+00
 12.   62.   0.10799700E-02   0.10799700E-02  -0.54506490E-09   0.00000000E+00
 12.   63.   0.79682879E-03  -0.46004922E-03   0.11503343E-01   0.00000000E+00
 12.   64.  -0.39529641E-03  -0.14752664E-02   0.71630077E-09   0.00000000E+00
 12.   65.  -0.92009858E-03   0.00000000E+00  -0.11503343E-01   0.00000000E+00
 12.   66.  -0.92009858E-03   0.00000000E+00  -0.11503343E-01   0.00000000E+00
 12.   67.  -0.39529645E-03   0.14752664E-02  -0.38651053E-11   0.00000000E+00
 12.   68.   0.79682874E-03   0.46004929E-03   0.11503343E-01   0.00000000E+00
 12.   69.   0.10799700E-02  -0.10799700E-02   0.17431522E-09   0.00000000E+00
 12.   70.  -0.46004927E-03  -0.79682876E-03  -0.11503343E-01   0.00000000E+00
 12.   71.  -0.14752664E-02   0.39529644E-03  -0.18195043E-09   0.00000000E+00
 12.   72.  -0.43131566E-10   0.92009858E-03   0.11503343E-01   0.00000000E+00
 12.   73.   0.14752664E-02   0.39529648E-03   0.53763360E-09   0.00000000E+00
 12.   74.   0.46004935E-03  -0.79682871E-03  -0.11503343E-01   0.00000000E+00
 12.   75.  -0.10799700E-02  -0.10799700E-02  -0.54507802E-09   0.00000000E+00
 12.   76.  -0.79682879E-03   0.46004922E-03   0.11503343E-01   0.00000000E+00
 12.   77.   0.39529641E-03   0.14752664E-02   0.71630147E-09   0.00000000E+00
 12.   78.   0.92009858E-03   0.00000000E+00  -0.11503343E-01   0.00000000E+00
 13.    1.  -0.18674329E-03   0.00000000E+00   0.49420546E-03   0.00000000E+00
 13.    2.  -0.17086878E-03   0.12749882E-03   0.34945603E-03   0.00000000E+00
 13.    3.  -0.11835447E-03   0.20499596E-03   0.20714861E-13   0.00000000E+00
 13.    4.  -0.24982828E-04   0.21172612E-03  -0.34945603E-03   0.00000000E+00
 13.    5.   0.93371644E-04   0.16172443E-03  -0.49420546E-03   0.00000000E+00
 13.    6.   0.19585161E-03   0.84227297E-04  -0.34945603E-03   0.00000000E+00
 13.    7.   0.23670894E-03   0.16292532E-11  -0.82274899E-11   0.00000000E+00
 13.    8.   0.19585161E-03  -0.84227294E-04   0.34945602E-03   0.00000000E+00
 13.    9.   0.93371649E-04  -0.16172443E-03   0.49420546E-03   0.00000000E+00
 13.   10.  -0.24982823E-04  -0.21172612E-03   0.34945604E-03   0.00000000E+00
 13.   11.  -0.11835447E-03  -0.20499596E-03   0.15430786E-10   0.00000000E+00
 13.   12.  -0.17086878E-03  -0.12749883E-03  -0.34945602E-03   0.00000000E+00
 13.   13.  -0.18674329E-03   0.00000000E+00  -0.49420545E-03   0.00000000E+00
 13.   14.  -0.35466420E-03   0.00000000E+00   0.31052199E-02   0.00000000E+00
 13.   15.  -0.34710619E-03   0.32645733E-03   0.21957220E-02   0.00000000E+00
 13.   16.  -0.28649935E-03   0.49623143E-03   0.31653777E-11   0.00000000E+00
 13.   17.  -0.10916725E-03   0.46383145E-03  -0.21957220E-02   0.00000000E+00
 13.   18.   0.17733210E-03   0.30714821E-03  -0.31052199E-02   0.00000000E+00
 13.   19.   0.45627344E-03   0.13737412E-03  -0.21957221E-02   0.00000000E+00
 13.   20.   0.57299870E-03   0.25341132E-11  -0.48744091E-10   0.00000000E+00
 13.   21.   0.45627345E-03  -0.13737411E-03   0.21957220E-02   0.00000000E+00
 13.   22.   0.17733211E-03  -0.30714820E-03   0.31052199E-02   0.00000000E+00
 13.   23.  -0.10916724E-03  -0.46383144E-03   0.21957221E-02   0.00000000E+00
 13.   24.  -0.28649934E-03  -0.49623143E-03   0.93837044E-10   0.00000000E+00
 13.   25.  -0.34710619E-03  -0.32645734E-03  -0.21957220E-02   0.00000000E+00
 13.   26.  -0.35466420E-03   0.00000000E+00  -0.31052199E-02   0.00000000E+00
 13.   27.   0.43083064E-04   0.00000000E+00   0.49928176E-02   0.00000000E+00
 13.   28.  -0.78955148E-04   0.41236974E-03   0.35304552E-02   0.00000000E+00
 13.   29.  -0.29610357E-03   0.51286642E-03   0.55887501E-11   0.00000000E+00
 13.   30.  -0.31764510E-03   0.27456204E-03  -0.35304552E-02   0.00000000E+00
 13.   31.  -0.21541536E-04  -0.37311026E-04  -0.49928176E-02   0.00000000E+00
 13.   32.   0.39660024E-03  -0.13780771E-03  -0.35304552E-02   0.00000000E+00
 13.   33.   0.59220714E-03  -0.37487861E-11  -0.78303919E-10   0.00000000E+00
 13.   34.   0.39660026E-03   0.13780771E-03   0.35304551E-02   0.00000000E+00
 13.   35.  -0.21541520E-04   0.37311035E-04   0.49928176E-02   0.00000000E+00
 13.   36.  -0.31764510E-03  -0.27456203E-03   0.35304553E-02   0.00000000E+00
 13.   37.  -0.29610357E-03  -0.51286642E-03   0.15085938E-09   0.00000000E+00
 13.   38.  -0.78955157E-04  -0.41236976E-03  -0.35304551E-02   0.00000000E+00
 13.   39.   0.43083064E-04   0.00000000E+00  -0.49928176E-02   0.00000000E+00
 13.   40.   0.65479385E-03   0.00000000E+00   0.16422436E-02   0.00000000E+00
 13.   41.   0.42114647E-03   0.21719007E-03   0.11612416E-02   0.00000000E+00
 13.   42.  -0.71268426E-04   0.12344054E-03   0.17771027E-11   0.00000000E+00
 13.   43.  -0.39866535E-03  -0.25612850E-03  -0.11612416E-02   0.00000000E+00
 13.   44.  -0.32739693E-03  -0.56706811E-03  -0.16422436E-02   0.00000000E+00
 13.   45.  -0.22481115E-04  -0.47331858E-03  -0.11612416E-02   0.00000000E+00
 13.   46.   0.14253685E-03  -0.11057388E-10  -0.25734105E-10   0.00000000E+00
 13.   47.  -0.22481103E-04   0.47331856E-03   0.11612416E-02   0.00000000E+00
 13.   48.  -0.32739692E-03   0.56706812E-03   0.16422436E-02   0.00000000E+00
 13.   49.  -0.39866536E-03   0.25612851E-03   0.11612416E-02   0.00000000E+00
 13.   50.  -0.71268445E-04  -0.12344052E-03   0.49508310E-10   0.00000000E+00
 13.   51.   0.42114645E-03  -0.21719008E-03  -0.11612416E-02   0.00000000E+00
 13.   52.   0.65479385E-03   0.00000000E+00  -0.16422436E-02   0.00000000E+00
 13.   53.   0.78361673E-03   0.00000000E+00  -0.51219216E-02   0.00000000E+00
 13.   54.   0.59377212E-03  -0.75106993E-04  -0.36217455E-02   0.00000000E+00
 13.   55.   0.15996687E-03  -0.27707075E-03  -0.54622472E-11   0.00000000E+00
 13.   56.  -0.23184149E-03  -0.55177523E-03   0.36217455E-02   0.00000000E+00
 13.   57.  -0.39180836E-03  -0.67863199E-03   0.51219216E-02   0.00000000E+00
 13.   58.  -0.36193062E-03  -0.47666824E-03   0.36217455E-02   0.00000000E+00
 13.   59.  -0.31993374E-03  -0.10567416E-10   0.80185321E-10   0.00000000E+00
 13.   60.  -0.36193062E-03   0.47666823E-03  -0.36217454E-02   0.00000000E+00
 13.   61.  -0.39180836E-03   0.67863199E-03  -0.51219216E-02   0.00000000E+00
 13.   62.  -0.23184150E-03   0.55177524E-03  -0.36217456E-02   0.00000000E+00
 13.   63.   0.15996685E-03   0.27707076E-03  -0.15420356E-09   0.00000000E+00
 13.   64.   0.59377210E-03   0.75106998E-04   0.36217454E-02   0.00000000E+00
 13.   65.   0.78361673E-03   0.00000000E+00   0.51219216E-02   0.00000000E+00
 13.   66.  -0.78361673E-03   0.00000000E+00  -0.51219216E-02   0.00000000E+00
 13.   67.  -0.59377212E-03   0.75106993E-04  -0.36217455E-02   0.00000000E+00
 13.   68.  -0.15996687E-03   0.27707075E-03  -0.54665487E-11   0.00000000E+00
 13.   69.   0.23184149E-03   0.55177523E-03   0.36217455E-02   0.00000000E+00
 13.   70.   0.39180836E-03   0.67863199E-03   0.51219216E-02   0.00000000E+00
 13.   71.   0.36193062E-03   0.47666824E-03   0.36217455E-02   0.00000000E+00
 13.   72.   0.31993374E-03   0.10547883E-10   0.80202000E-10   0.00000000E+00
 13.   73.   0.36193062E-03  -0.47666823E-03  -0.36217454E-02   0.00000000E+00
 13.   74.   0.39180836E-03  -0.67863199E-03  -0.51219216E-02   0.00000000E+00
 13.   75.   0.23184150E-03  -0.55177524E-03  -0.36217456E-02   0.00000000E+00
 13.   76.  -0.15996685E-03  -0.27707076E-03  -0.15420353E-09   0.00000000E+00
 13.   77.  -0.59377210E-03  -0.75106998E-04   0.36217454E-02   0.00000000E+00
 13.   78.  -0.78361673E-03   0.00000000E+00   0.51219216E-02   0.00000000E+00
 14.    1.   0.36083300E-03   0.00000000E+00   0.74569604E-02   0.00000000E+00
 14.    2.   0.27682126E-03   0.31353611E-03   0.72028707E-02   0.00000000E+00
 14.    3.   0.47296898E-04   0.54306047E-03   0.64579172E-02   0.00000000E+00
 14.    4.  -0.26623921E-03   0.62707221E-03   0.52728673E-02   0.00000000E+00
 14.    5.  -0.57977531E-03   0.54306047E-03   0.37284802E-02   0.00000000E+00
 14.    6.  -0.80929967E-03   0.31353611E-03   0.19300034E-02   0.00000000E+00
 14.    7.  -0.89331142E-03   0.65100330E-11   0.38752449E-10   0.00000000E+00
 14.    8.  -0.80929968E-03  -0.31353610E-03  -0.19300033E-02   0.00000000E+00
 14.    9.  -0.57977532E-03  -0.54306046E-03  -0.37284802E-02   0.00000000E+00
 14.   10.  -0.26623922E-03  -0.62707221E-03  -0.52728672E-02   0.00000000E+00
 14.   11.   0.47296887E-04  -0.54306047E-03  -0.64579171E-02   0.00000000E+00
 14.   12.   0.27682125E-03  -0.31353612E-03  -0.72028706E-02   0.00000000E+00
 14.   13.   0.36083300E-03   0.00000000E+00  -0.74569604E-02   0.00000000E+00
 14.   14.   0.67186719E-03   0.00000000E+00   0.32533780E-02   0.00000000E+00
 14.   15.   0.61343557E-03   0.21806980E-03   0.31425218E-02   0.00000000E+00
 14.   16.   0.45379740E-03   0.37770797E-03   0.28175080E-02   0.00000000E+00
 14.   17.   0.23572760E-03   0.43613960E-03   0.23004856E-02   0.00000000E+00
 14.   18.   0.17657803E-04   0.37770797E-03   0.16266890E-02   0.00000000E+00
 14.   19.  -0.14198037E-03   0.21806980E-03   0.84203619E-03   0.00000000E+00
 14.   20.  -0.20041200E-03   0.45601920E-11   0.17060569E-10   0.00000000E+00
 14.   21.  -0.14198037E-03  -0.21806979E-03  -0.84203616E-03   0.00000000E+00
 14.   22.   0.17657795E-04  -0.37770797E-03  -0.16266890E-02   0.00000000E+00
 14.   23.   0.23572759E-03  -0.43613960E-03  -0.23004856E-02   0.00000000E+00
 14.   24.   0.45379739E-03  -0.37770797E-03  -0.28175080E-02   0.00000000E+00
 14.   25.   0.61343556E-03  -0.21806981E-03  -0.31425218E-02   0.00000000E+00
 14.   26.   0.67186719E-03   0.00000000E+00  -0.32533780E-02   0.00000000E+00
 14.   27.   0.36510966E-03   0.00000000E+00  -0.22501490E-02   0.00000000E+00
 14.   28.   0.34659993E-03   0.69079245E-04  -0.21734770E-02   0.00000000E+00
 14.   29.   0.29603042E-03   0.11964876E-03  -0.19486862E-02   0.00000000E+00
 14.   30.   0.22695117E-03   0.13815849E-03  -0.15910956E-02   0.00000000E+00
 14.   31.   0.15787193E-03   0.11964876E-03  -0.11250745E-02   0.00000000E+00
 14.   32.   0.10730241E-03   0.69079246E-04  -0.58238142E-03   0.00000000E+00
 14.   33.   0.88792682E-04   0.14862329E-11  -0.11815940E-10   0.00000000E+00
 14.   34.   0.10730241E-03  -0.69079243E-04   0.58238140E-03   0.00000000E+00
 14.   35.   0.15787193E-03  -0.11964876E-03   0.11250745E-02   0.00000000E+00
 14.   36.   0.22695117E-03  -0.13815849E-03   0.15910956E-02   0.00000000E+00
 14.   37.   0.29603041E-03  -0.11964876E-03   0.19486862E-02   0.00000000E+00
 14.   38.   0.34659993E-03  -0.69079248E-04   0.21734770E-02   0.00000000E+00
 14.   39.   0.36510966E-03   0.00000000E+00   0.22501490E-02   0.00000000E+00
 14.   40.  -0.44918131E-03   0.00000000E+00  -0.17216787E-02   0.00000000E+00
 14.   41.  -0.41575613E-03  -0.12474449E-03  -0.16630139E-02   0.00000000E+00
 14.   42.  -0.32443682E-03  -0.21606380E-03  -0.14910174E-02   0.00000000E+00
 14.   43.  -0.19969233E-03  -0.24948898E-03  -0.12174107E-02   0.00000000E+00
 14.   44.  -0.74947841E-04  -0.21606380E-03  -0.86083933E-03   0.00000000E+00
 14.   45.   0.16371465E-04  -0.12474449E-03  -0.44560323E-03   0.00000000E+00
 14.   46.   0.49796651E-04  -0.26504886E-11  -0.90969720E-11   0.00000000E+00
 14.   47.   0.16371468E-04   0.12474449E-03   0.44560321E-03   0.00000000E+00
 14.   48.  -0.74947836E-04   0.21606379E-03   0.86083931E-03   0.00000000E+00
 14.   49.  -0.19969233E-03   0.24948898E-03   0.12174106E-02   0.00000000E+00
 14.   50.  -0.32443682E-03   0.21606380E-03   0.14910174E-02   0.00000000E+00
 14.   51.  -0.41575612E-03   0.12474450E-03   0.16630139E-02   0.00000000E+00
 14.   52.  -0.44918131E-03   0.00000000E+00   0.17216787E-02   0.00000000E+00
 14.   53.  -0.65701547E-03   0.00000000E+00   0.37526526E-02   0.00000000E+00
 14.   54.  -0.61813793E-03  -0.14509298E-03   0.36247841E-02   0.00000000E+00
 14.   55.  -0.51192250E-03  -0.25130841E-03   0.32498925E-02   0.00000000E+00
 14.   56.  -0.36682952E-03  -0.29018595E-03   0.26535261E-02   0.00000000E+00
 14.   57.  -0.22173654E-03  -0.25130841E-03   0.18763263E-02   0.00000000E+00
 14.   58.  -0.11552111E-03  -0.14509298E-03   0.97125798E-03   0.00000000E+00
 14.   59.  -0.76643565E-04  -0.29952778E-11   0.19437305E-10   0.00000000E+00
 14.   60.  -0.11552111E-03   0.14509297E-03  -0.97125794E-03   0.00000000E+00
 14.   61.  -0.22173654E-03   0.25130841E-03  -0.18763263E-02   0.00000000E+00
 14.   62.  -0.36682951E-03   0.29018595E-03  -0.26535261E-02   0.00000000E+00
 14.   63.  -0.51192249E-03   0.25130841E-03  -0.32498925E-02   0.00000000E+00
 14.   64.  -0.61813792E-03   0.14509298E-03  -0.36247841E-02   0.00000000E+00
 14.   65.  -0.65701547E-03   0.00000000E+00  -0.37526526E-02   0.00000000E+00
 14.   66.   0.65701547E-03   0.00000000E+00   0.37526526E-02   0.00000000E+00
 14.   67.   0.61813793E-03   0.14509298E-03   0.36247841E-02   0.00000000E+00
 14.   68.   0.51192249E-03   0.25130841E-03   0.32498925E-02   0.00000000E+00
 14.   69.   0.36682952E-03   0.29018595E-03   0.26535261E-02   0.00000000E+00
 14.   70.   0.22173654E-03   0.25130841E-03   0.18763263E-02   0.00000000E+00
 14.   71.   0.11552111E-03   0.14509298E-03   0.97125798E-03   0.00000000E+00
 14.   72.   0.76643565E-04   0.29726920E-11   0.19456145E-10   0.00000000E+00
 14.   73.   0.11552111E-03  -0.14509297E-03  -0.97125794E-03   0.00000000E+00
 14.   74.   0.22173654E-03  -0.25130841E-03  -0.18763263E-02   0.00000000E+00
 14.   75.   0.36682951E-03  -0.29018595E-03  -0.26535261E-02   0.00000000E+00
 14.   76.   0.51192249E-03  -0.25130841E-03  -0.32498925E-02   0.00000000E+00
 14.   77.   0.61813792E-03  -0.14509298E-03  -0.36247841E-02   0.00000000E+00
 14.   78.   0.65701547E-03   0.00000000E+00  -0.37526526E-02   0.00000000E+00
 15.    1.  -0.33333021E-06   0.00000000E+00   0.13889641E-06   0.00000000E+00
 15.    2.   0.55950982E-08   0.31244898E-06  -0.35949134E-07   0.00000000E+00
 15.    3.   0.32773514E-06   0.96909428E-08  -0.12028781E-06   0.00000000E+00
 15.    4.  -0.11190123E-07  -0.32213999E-06   0.98215017E-07   0.00000000E+00
 15.    5.  -0.31654489E-06  -0.96909223E-08   0.69448682E-07   0.00000000E+00
 15.    6.   0.55950810E-08   0.33183108E-06  -0.13416335E-06   0.00000000E+00
 15.    7.   0.31094977E-06   0.66224712E-13   0.37356208E-12   0.00000000E+00
 15.    8.   0.55950251E-08  -0.33183104E-06   0.13416400E-06   0.00000000E+00
 15.    9.  -0.31654499E-06   0.96908704E-08  -0.69448224E-07   0.00000000E+00
 15.   10.  -0.11190196E-07   0.32213990E-06  -0.98214790E-07   0.00000000E+00
 15.   11.   0.32773518E-06  -0.96910837E-08   0.12028775E-06   0.00000000E+00
 15.   12.   0.55952383E-08  -0.31244908E-06   0.35948851E-07   0.00000000E+00
 15.   13.  -0.33333006E-06   0.00000000E+00  -0.13889681E-06   0.00000000E+00
 15.   14.  -0.18457904E-04   0.00000000E+00   0.46698899E-04   0.00000000E+00
 15.   15.  -0.40474728E-06   0.19968441E-04  -0.12086565E-04   0.00000000E+00
 15.   16.   0.18862651E-04  -0.70104272E-06  -0.40442433E-04   0.00000000E+00
 15.   17.   0.80949462E-06  -0.19267399E-04   0.33021108E-04   0.00000000E+00
 15.   18.  -0.19672146E-04   0.70104253E-06   0.23349450E-04   0.00000000E+00
 15.   19.  -0.40474747E-06   0.18566356E-04  -0.45107673E-04   0.00000000E+00
 15.   20.   0.20076893E-04   0.58050705E-12  -0.16490207E-11   0.00000000E+00
 15.   21.  -0.40474636E-06  -0.18566356E-04   0.45107674E-04   0.00000000E+00
 15.   22.  -0.19672146E-04  -0.70104358E-06  -0.23349448E-04   0.00000000E+00
 15.   23.   0.80949346E-06   0.19267399E-04  -0.33021111E-04   0.00000000E+00
 15.   24.   0.18862651E-04   0.70104405E-06   0.40442432E-04   0.00000000E+00
 15.   25.  -0.40474619E-06  -0.19968441E-04   0.12086568E-04   0.00000000E+00
 15.   26.  -0.18457904E-04   0.00000000E+00  -0.46698899E-04   0.00000000E+00
 15.   27.  -0.15216935E-03   0.00000000E+00   0.68717559E-03   0.00000000E+00
 15.   28.  -0.94562317E-05   0.18746049E-03  -0.17785413E-03   0.00000000E+00
 15.   29.   0.16162559E-03  -0.16378673E-04  -0.59511152E-03   0.00000000E+00
 15.   30.   0.18912466E-04  -0.17108182E-03   0.48590651E-03   0.00000000E+00
 15.   31.  -0.18053805E-03   0.16378671E-04   0.34358781E-03   0.00000000E+00
 15.   32.  -0.94562347E-05   0.15470314E-03  -0.66376065E-03   0.00000000E+00
 15.   33.   0.18999428E-03   0.45550402E-11  -0.25174317E-10   0.00000000E+00
 15.   34.  -0.94562226E-05  -0.15470314E-03   0.66376066E-03   0.00000000E+00
 15.   35.  -0.18053805E-03  -0.16378681E-04  -0.34358776E-03   0.00000000E+00
 15.   36.   0.18912455E-04   0.17108182E-03  -0.48590655E-03   0.00000000E+00
 15.   37.   0.16162559E-03   0.16378685E-04   0.59511150E-03   0.00000000E+00
 15.   38.  -0.94562224E-05  -0.18746049E-03   0.17785418E-03   0.00000000E+00
 15.   39.  -0.15216935E-03   0.00000000E+00  -0.68717559E-03   0.00000000E+00
 15.   40.  -0.41728084E-03   0.00000000E+00   0.32272350E-02   0.00000000E+00
 15.   41.  -0.60265524E-04   0.64219484E-03  -0.83526989E-03   0.00000000E+00
 15.   42.   0.47754637E-03  -0.10438295E-03  -0.27948675E-02   0.00000000E+00
 15.   43.   0.12053106E-03  -0.53781189E-03   0.22819997E-02   0.00000000E+00
 15.   44.  -0.59807741E-03   0.10438294E-03   0.16136176E-02   0.00000000E+00
 15.   45.  -0.60265535E-04   0.43342894E-03  -0.31172697E-02   0.00000000E+00
 15.   46.   0.65834294E-03   0.11833966E-10  -0.11801890E-09   0.00000000E+00
 15.   47.  -0.60265493E-04  -0.43342894E-03   0.31172697E-02   0.00000000E+00
 15.   48.  -0.59807742E-03  -0.10438297E-03  -0.16136174E-02   0.00000000E+00
 15.   49.   0.12053102E-03   0.53781188E-03  -0.22819999E-02   0.00000000E+00
 15.   50.   0.47754637E-03   0.10438299E-03   0.27948674E-02   0.00000000E+00
 15.   51.  -0.60265499E-04  -0.64219483E-03   0.83527012E-03   0.00000000E+00
 15.   52.  -0.41728084E-03   0.00000000E+00  -0.32272350E-02   0.00000000E+00
 15.   53.  -0.73185541E-03   0.00000000E+00   0.81898260E-02   0.00000000E+00
 15.   54.  -0.13101824E-03   0.12208221E-02  -0.21196829E-02   0.00000000E+00
 15.   55.   0.86287365E-03  -0.22693025E-03  -0.70925974E-02   0.00000000E+00
 15.   56.   0.26203650E-03  -0.99389189E-03   0.57910814E-02   0.00000000E+00
 15.   57.  -0.11249101E-02   0.22693024E-03   0.40949131E-02   0.00000000E+00
 15.   58.  -0.13101826E-03   0.76696164E-03  -0.79107644E-02   0.00000000E+00
 15.   59.   0.12559284E-02   0.20184768E-10  -0.29954517E-09   0.00000000E+00
 15.   60.  -0.13101818E-03  -0.76696163E-03   0.79107646E-02   0.00000000E+00
 15.   61.  -0.11249101E-02  -0.22693029E-03  -0.40949126E-02   0.00000000E+00
 15.   62.   0.26203643E-03   0.99389187E-03  -0.57910818E-02   0.00000000E+00
 15.   63.   0.86287367E-03   0.22693032E-03   0.70925971E-02   0.00000000E+00
 15.   64.  -0.13101820E-03  -0.12208221E-02   0.21196835E-02   0.00000000E+00
 15.   65.  -0.73185540E-03   0.00000000E+00  -0.81898260E-02   0.00000000E+00
 15.   66.   0.73185541E-03   0.00000000E+00   0.81898260E-02   0.00000000E+00
 15.   67.   0.13101824E-03  -0.12208221E-02  -0.21196829E-02   0.00000000E+00
 15.   68.  -0.86287365E-03   0.22693025E-03  -0.70925974E-02   0.00000000E+00
 15.   69.  -0.26203650E-03   0.99389189E-03   0.57910814E-02   0.00000000E+00
 15.   70.   0.11249101E-02  -0.22693024E-03   0.40949131E-02   0.00000000E+00
 15.   71.   0.13101826E-03  -0.76696164E-03  -0.79107644E-02   0.00000000E+00
 15.   72.  -0.12559284E-02  -0.20177015E-10  -0.29956006E-09   0.00000000E+00
 15.   73.   0.13101818E-03   0.76696163E-03   0.79107646E-02   0.00000000E+00
 15.   74.   0.11249101E-02   0.22693029E-03  -0.40949126E-02   0.00000000E+00
 15.   75.  -0.26203643E-03  -0.99389187E-03  -0.57910818E-02   0.00000000E+00
 15.   76.  -0.86287367E-03  -0.22693032E-03   0.70925971E-02   0.00000000E+00
 15.   77.   0.13101820E-03   0.12208221E-02   0.21196835E-02   0.00000000E+00
 15.   78.   0.73185540E-03   0.00000000E+00  -0.81898260E-02   0.00000000E+00
 16.    1.  -0.62497181E-04   0.00000000E+00   0.10175181E-03   0.00000000E+00
 16.    2.  -0.46500760E-04   0.52807918E-04   0.50875904E-04   0.00000000E+00
 16.    3.  -0.44598340E-05   0.70221840E-04  -0.50875903E-04   0.00000000E+00
 16.    4.   0.44192180E-04   0.44192181E-04  -0.10175181E-03   0.00000000E+00
 16.    5.   0.70221840E-04  -0.44598334E-05  -0.50875904E-04   0.00000000E+00
 16.    6.   0.52807918E-04  -0.46500760E-04   0.50875903E-04   0.00000000E+00
 16.    7.   0.11777010E-11  -0.62497181E-04   0.10175181E-03   0.00000000E+00
 16.    8.  -0.52807917E-04  -0.46500761E-04   0.50875906E-04   0.00000000E+00
 16.    9.  -0.70221840E-04  -0.44598354E-05  -0.50875901E-04   0.00000000E+00
 16.   10.  -0.44192182E-04   0.44192179E-04  -0.10175181E-03   0.00000000E+00
 16.   11.   0.44598321E-05   0.70221839E-04  -0.50875907E-04   0.00000000E+00
 16.   12.   0.46500759E-04   0.52807919E-04   0.50875900E-04   0.00000000E+00
 16.   13.   0.62497181E-04   0.00000000E+00   0.10175181E-03   0.00000000E+00
 16.   14.  -0.25519697E-03   0.00000000E+00   0.14800908E-02   0.00000000E+00
 16.   15.  -0.20454231E-03   0.27035960E-03   0.74004539E-03   0.00000000E+00
 16.   16.  -0.46539856E-04   0.33580636E-03  -0.74004539E-03   0.00000000E+00
 16.   17.   0.18045151E-03   0.18045151E-03  -0.14800908E-02   0.00000000E+00
 16.   18.   0.33580636E-03  -0.46539853E-04  -0.74004541E-03   0.00000000E+00
 16.   19.   0.27035961E-03  -0.20454231E-03   0.74004538E-03   0.00000000E+00
 16.   20.   0.62485856E-11  -0.25519697E-03   0.14800908E-02   0.00000000E+00
 16.   21.  -0.27035960E-03  -0.20454231E-03   0.74004543E-03   0.00000000E+00
 16.   22.  -0.33580637E-03  -0.46539862E-04  -0.74004535E-03   0.00000000E+00
 16.   23.  -0.18045151E-03   0.18045150E-03  -0.14800908E-02   0.00000000E+00
 16.   24.   0.46539847E-04   0.33580636E-03  -0.74004544E-03   0.00000000E+00
 16.   25.   0.20454231E-03   0.27035961E-03   0.74004534E-03   0.00000000E+00
 16.   26.   0.25519697E-03   0.00000000E+00   0.14800908E-02   0.00000000E+00
 16.   27.  -0.85924714E-04   0.00000000E+00   0.35317507E-02   0.00000000E+00
 16.   28.  -0.16618369E-03   0.45421216E-03   0.17658754E-02   0.00000000E+00
 16.   29.  -0.20366689E-03   0.43868611E-03  -0.17658754E-02   0.00000000E+00
 16.   30.   0.60757944E-04   0.60757951E-04  -0.35317507E-02   0.00000000E+00
 16.   31.   0.43868611E-03  -0.20366689E-03  -0.17658754E-02   0.00000000E+00
 16.   32.   0.45421216E-03  -0.16618369E-03   0.17658753E-02   0.00000000E+00
 16.   33.   0.11180430E-10  -0.85924714E-04   0.35317507E-02   0.00000000E+00
 16.   34.  -0.45421215E-03  -0.16618368E-03   0.17658755E-02   0.00000000E+00
 16.   35.  -0.43868612E-03  -0.20366689E-03  -0.17658753E-02   0.00000000E+00
 16.   36.  -0.60757960E-04   0.60757936E-04  -0.35317507E-02   0.00000000E+00
 16.   37.   0.20366688E-03   0.43868610E-03  -0.17658755E-02   0.00000000E+00
 16.   38.   0.16618369E-03   0.45421217E-03   0.17658752E-02   0.00000000E+00
 16.   39.   0.85924713E-04   0.00000000E+00   0.35317507E-02   0.00000000E+00
 16.   40.   0.48487522E-03   0.00000000E+00   0.16875431E-02   0.00000000E+00
 16.   41.   0.19048102E-03   0.22582215E-03   0.84377157E-03   0.00000000E+00
 16.   42.  -0.29437080E-03   0.24989956E-04  -0.84377157E-03   0.00000000E+00
 16.   43.  -0.34285856E-03  -0.34285856E-03  -0.16875431E-02   0.00000000E+00
 16.   44.   0.24989951E-04  -0.29437080E-03  -0.84377158E-03   0.00000000E+00
 16.   45.   0.22582215E-03   0.19048102E-03   0.84377155E-03   0.00000000E+00
 16.   46.   0.66330923E-11   0.48487522E-03   0.16875431E-02   0.00000000E+00
 16.   47.  -0.22582215E-03   0.19048104E-03   0.84377161E-03   0.00000000E+00
 16.   48.  -0.24989967E-04  -0.29437079E-03  -0.84377152E-03   0.00000000E+00
 16.   49.   0.34285855E-03  -0.34285857E-03  -0.16875431E-02   0.00000000E+00
 16.   50.   0.29437081E-03   0.24989940E-04  -0.84377163E-03   0.00000000E+00
 16.   51.  -0.19048100E-03   0.22582216E-03   0.84377151E-03   0.00000000E+00
 16.   52.  -0.48487522E-03   0.00000000E+00   0.16875431E-02   0.00000000E+00
 16.   53.   0.64407545E-03   0.00000000E+00  -0.37266103E-02   0.00000000E+00
 16.   54.   0.37929518E-03  -0.17129065E-03  -0.18633052E-02   0.00000000E+00
 16.   55.  -0.14708141E-03  -0.38932298E-03   0.18633052E-02   0.00000000E+00
 16.   56.  -0.45543012E-03  -0.45543012E-03   0.37266103E-02   0.00000000E+00
 16.   57.  -0.38932298E-03  -0.14708142E-03   0.18633052E-02   0.00000000E+00
 16.   58.  -0.17129065E-03   0.37929518E-03  -0.18633051E-02   0.00000000E+00
 16.   59.  -0.29821706E-11   0.64407545E-03  -0.37266103E-02   0.00000000E+00
 16.   60.   0.17129065E-03   0.37929519E-03  -0.18633053E-02   0.00000000E+00
 16.   61.   0.38932297E-03  -0.14708140E-03   0.18633051E-02   0.00000000E+00
 16.   62.   0.45543012E-03  -0.45543012E-03   0.37266103E-02   0.00000000E+00
 16.   63.   0.14708143E-03  -0.38932298E-03   0.18633053E-02   0.00000000E+00
 16.   64.  -0.37929516E-03  -0.17129066E-03  -0.18633050E-02   0.00000000E+00
 16.   65.  -0.64407545E-03   0.00000000E+00  -0.37266103E-02   0.00000000E+00
 16.   66.  -0.64407545E-03   0.00000000E+00  -0.37266103E-02   0.00000000E+00
 16.   67.  -0.37929518E-03   0.17129065E-03  -0.18633052E-02   0.00000000E+00
 16.   68.   0.14708141E-03   0.38932298E-03   0.18633052E-02   0.00000000E+00
 16.   69.   0.45543012E-03   0.45543012E-03   0.37266103E-02   0.00000000E+00
 16.   70.   0.38932298E-03   0.14708142E-03   0.18633052E-02   0.00000000E+00
 16.   71.   0.17129065E-03  -0.37929518E-03  -0.18633051E-02   0.00000000E+00
 16.   72.   0.29944197E-11  -0.64407545E-03  -0.37266103E-02   0.00000000E+00
 16.   73.  -0.17129065E-03  -0.37929519E-03  -0.18633053E-02   0.00000000E+00
 16.   74.  -0.38932297E-03   0.14708140E-03   0.18633051E-02   0.00000000E+00
 16.   75.  -0.45543012E-03   0.45543012E-03   0.37266103E-02   0.00000000E+00
 16.   76.  -0.14708143E-03   0.38932298E-03   0.18633053E-02   0.00000000E+00
 16.   77.   0.37929516E-03   0.17129066E-03  -0.18633050E-02   0.00000000E+00
 16.   78.   0.64407545E-03   0.00000000E+00  -0.37266103E-02   0.00000000E+00
 17.    1.  -0.69629784E-07   0.00000000E+00   0.19961642E-07   0.00000000E+00
 17.    2.   0.19318375E-07   0.62423532E-07  -0.10022213E-07   0.00000000E+00
 17.    3.   0.57804328E-07  -0.30488332E-07  -0.10012841E-07   0.00000000E+00
 17.    4.  -0.49232030E-07  -0.49241919E-07   0.19987493E-07   0.00000000E+00
 17.    5.  -0.30478799E-07   0.57796589E-07  -0.99863630E-08   0.00000000E+00
 17.    6.   0.62429574E-07   0.19313371E-07  -0.99761926E-08   0.00000000E+00
 17.    7.   0.31166107E-12  -0.69633414E-07   0.20015256E-07   0.00000000E+00
 17.    8.  -0.62429067E-07   0.19313641E-07  -0.99749745E-08   0.00000000E+00
 17.    9.   0.30478990E-07   0.57796953E-07  -0.99843331E-08   0.00000000E+00
 17.   10.   0.49231919E-07  -0.49241681E-07   0.19989690E-07   0.00000000E+00
 17.   11.  -0.57804673E-07  -0.30488302E-07  -0.10011036E-07   0.00000000E+00
 17.   12.  -0.19318801E-07   0.62423502E-07  -0.10020985E-07   0.00000000E+00
 17.   13.   0.69629307E-07   0.00000000E+00   0.19962621E-07   0.00000000E+00
 17.   14.  -0.79936270E-05   0.00000000E+00   0.17779830E-04   0.00000000E+00
 17.   15.   0.19098503E-05   0.83148308E-05  -0.88899581E-05   0.00000000E+00
 17.   16.   0.72299446E-05  -0.45290093E-05  -0.88899468E-05   0.00000000E+00
 17.   17.  -0.56523434E-05  -0.56523496E-05   0.17779862E-04   0.00000000E+00
 17.   18.  -0.45290023E-05   0.72299428E-05  -0.88899126E-05   0.00000000E+00
 17.   19.   0.83148354E-05   0.19098531E-05  -0.88899011E-05   0.00000000E+00
 17.   20.   0.40073283E-12  -0.79936226E-05   0.17779896E-04   0.00000000E+00
 17.   21.  -0.83148354E-05   0.19098526E-05  -0.88898991E-05   0.00000000E+00
 17.   22.   0.45290019E-05   0.72299432E-05  -0.88899125E-05   0.00000000E+00
 17.   23.   0.56523439E-05  -0.56523493E-05   0.17779863E-04   0.00000000E+00
 17.   24.  -0.72299443E-05  -0.45290103E-05  -0.88899458E-05   0.00000000E+00
 17.   25.  -0.19098505E-05   0.83148302E-05  -0.88899616E-05   0.00000000E+00
 17.   26.   0.79936277E-05   0.00000000E+00   0.17779827E-04   0.00000000E+00
 17.   27.  -0.95751589E-04   0.00000000E+00   0.38163865E-03   0.00000000E+00
 17.   28.   0.19316498E-04   0.11288769E-03  -0.19081932E-03   0.00000000E+00
 17.   29.   0.93482479E-04  -0.66164823E-04  -0.19081932E-03   0.00000000E+00
 17.   30.  -0.67706593E-04  -0.67706596E-04   0.38163865E-03   0.00000000E+00
 17.   31.  -0.66164824E-04   0.93482483E-04  -0.19081932E-03   0.00000000E+00
 17.   32.   0.11288769E-03   0.19316508E-04  -0.19081934E-03   0.00000000E+00
 17.   33.   0.45078876E-11  -0.95751580E-04   0.38163864E-03   0.00000000E+00
 17.   34.  -0.11288769E-03   0.19316501E-04  -0.19081931E-03   0.00000000E+00
 17.   35.   0.66164816E-04   0.93482486E-04  -0.19081935E-03   0.00000000E+00
 17.   36.   0.67706600E-04  -0.67706589E-04   0.38163865E-03   0.00000000E+00
 17.   37.  -0.93482477E-04  -0.66164830E-04  -0.19081929E-03   0.00000000E+00
 17.   38.  -0.19316505E-04   0.11288769E-03  -0.19081935E-03   0.00000000E+00
 17.   39.   0.95751589E-04   0.00000000E+00   0.38163866E-03   0.00000000E+00
 17.   40.  -0.31577839E-03   0.00000000E+00   0.21934803E-02   0.00000000E+00
 17.   41.   0.38302477E-04   0.46709023E-03  -0.10967401E-02   0.00000000E+00
 17.   42.   0.35736661E-03  -0.30319873E-03  -0.10967401E-02   0.00000000E+00
 17.   43.  -0.22328904E-03  -0.22328905E-03   0.21934802E-02   0.00000000E+00
 17.   44.  -0.30319874E-03   0.35736661E-03  -0.10967401E-02   0.00000000E+00
 17.   45.   0.46709023E-03   0.38302478E-04  -0.10967402E-02   0.00000000E+00
 17.   46.   0.19431574E-10  -0.31577840E-03   0.21934802E-02   0.00000000E+00
 17.   47.  -0.46709024E-03   0.38302456E-04  -0.10967400E-02   0.00000000E+00
 17.   48.   0.30319871E-03   0.35736661E-03  -0.10967402E-02   0.00000000E+00
 17.   49.   0.22328907E-03  -0.22328902E-03   0.21934802E-02   0.00000000E+00
 17.   50.  -0.35736660E-03  -0.30319875E-03  -0.10967400E-02   0.00000000E+00
 17.   51.  -0.38302500E-04   0.46709022E-03  -0.10967403E-02   0.00000000E+00
 17.   52.   0.31577839E-03   0.00000000E+00   0.21934803E-02   0.00000000E+00
 17.   53.  -0.60321636E-03   0.00000000E+00   0.61210918E-02   0.00000000E+00
 17.   54.   0.53313728E-04   0.96635501E-03  -0.30605459E-02   0.00000000E+00
 17.   55.   0.72101468E-03  -0.64561768E-03  -0.30605459E-02   0.00000000E+00
 17.   56.  -0.42653837E-03  -0.42653840E-03   0.61210918E-02   0.00000000E+00
 17.   57.  -0.64561770E-03   0.72101467E-03  -0.30605458E-02   0.00000000E+00
 17.   58.   0.96635500E-03   0.53313730E-04  -0.30605460E-02   0.00000000E+00
 17.   59.   0.41208987E-10  -0.60321637E-03   0.61210918E-02   0.00000000E+00
 17.   60.  -0.96635503E-03   0.53313686E-04  -0.30605455E-02   0.00000000E+00
 17.   61.   0.64561764E-03   0.72101468E-03  -0.30605462E-02   0.00000000E+00
 17.   62.   0.42653843E-03  -0.42653834E-03   0.61210918E-02   0.00000000E+00
 17.   63.  -0.72101467E-03  -0.64561773E-03  -0.30605455E-02   0.00000000E+00
 17.   64.  -0.53313772E-04   0.96635498E-03  -0.30605464E-02   0.00000000E+00
 17.   65.   0.60321636E-03   0.00000000E+00   0.61210918E-02   0.00000000E+00
 17.   66.   0.60321636E-03   0.00000000E+00   0.61210918E-02   0.00000000E+00
 17.   67.  -0.53313728E-04  -0.96635501E-03  -0.30605459E-02   0.00000000E+00
 17.   68.  -0.72101468E-03   0.64561768E-03  -0.30605459E-02   0.00000000E+00
 17.   69.   0.42653837E-03   0.42653840E-03   0.61210918E-02   0.00000000E+00
 17.   70.   0.64561770E-03  -0.72101467E-03  -0.30605458E-02   0.00000000E+00
 17.   71.  -0.96635500E-03  -0.53313730E-04  -0.30605460E-02   0.00000000E+00
 17.   72.  -0.41510456E-10   0.60321637E-03   0.61210918E-02   0.00000000E+00
 17.   73.   0.96635503E-03  -0.53313686E-04  -0.30605455E-02   0.00000000E+00
 17.   74.  -0.64561764E-03  -0.72101468E-03  -0.30605462E-02   0.00000000E+00
 17.   75.  -0.42653843E-03   0.42653834E-03   0.61210918E-02   0.00000000E+00
 17.   76.   0.72101467E-03   0.64561773E-03  -0.30605455E-02   0.00000000E+00
 17.   77.   0.53313772E-04  -0.96635498E-03  -0.30605464E-02   0.00000000E+00
 17.   78.  -0.60321636E-03   0.00000000E+00   0.61210918E-02   0.00000000E+00
 18.    1.  -0.17467325E-03   0.00000000E+00   0.23773721E-02   0.00000000E+00
 18.    2.  -0.22673743E-03   0.26172752E-03   0.20588646E-02   0.00000000E+00
 18.    3.  -0.34539688E-03   0.42357170E-03   0.11886860E-02   0.00000000E+00
 18.    4.  -0.44051810E-03   0.44051810E-03   0.11081411E-10   0.00000000E+00
 18.    5.  -0.42357170E-03   0.34539688E-03  -0.11886860E-02   0.00000000E+00
 18.    6.  -0.26172752E-03   0.22673743E-03  -0.20588646E-02   0.00000000E+00
 18.    7.  -0.55393049E-11   0.17467325E-03  -0.23773721E-02   0.00000000E+00
 18.    8.   0.26172752E-03   0.22673743E-03  -0.20588646E-02   0.00000000E+00
 18.    9.   0.42357169E-03   0.34539688E-03  -0.11886861E-02   0.00000000E+00
 18.   10.   0.44051811E-03   0.44051810E-03  -0.38028690E-10   0.00000000E+00
 18.   11.   0.34539688E-03   0.42357170E-03   0.11886860E-02   0.00000000E+00
 18.   12.   0.22673743E-03   0.26172753E-03   0.20588646E-02   0.00000000E+00
 18.   13.   0.17467325E-03   0.00000000E+00   0.23773721E-02   0.00000000E+00
 18.   14.   0.20067090E-03   0.00000000E+00   0.30313484E-02   0.00000000E+00
 18.   15.   0.11987245E-03   0.22408785E-03   0.26252247E-02   0.00000000E+00
 18.   16.  -0.73691420E-04   0.32830818E-03   0.15156742E-02   0.00000000E+00
 18.   17.  -0.26223334E-03   0.26223334E-03   0.15578378E-10   0.00000000E+00
 18.   18.  -0.32830818E-03   0.73691422E-04  -0.15156742E-02   0.00000000E+00
 18.   19.  -0.22408786E-03  -0.11987245E-03  -0.26252247E-02   0.00000000E+00
 18.   20.  -0.49164794E-11  -0.20067090E-03  -0.30313484E-02   0.00000000E+00
 18.   21.   0.22408785E-03  -0.11987245E-03  -0.26252247E-02   0.00000000E+00
 18.   22.   0.32830818E-03   0.73691414E-04  -0.15156742E-02   0.00000000E+00
 18.   23.   0.26223334E-03   0.26223333E-03  -0.47368351E-10   0.00000000E+00
 18.   24.   0.73691429E-04   0.32830818E-03   0.15156741E-02   0.00000000E+00
 18.   25.  -0.11987244E-03   0.22408786E-03   0.26252247E-02   0.00000000E+00
 18.   26.  -0.20067090E-03   0.00000000E+00   0.30313484E-02   0.00000000E+00
 18.   27.   0.41440588E-03   0.00000000E+00  -0.58160660E-03   0.00000000E+00
 18.   28.   0.35256345E-03   0.70844382E-04  -0.50368609E-03   0.00000000E+00
 18.   29.   0.19920547E-03   0.69371892E-04  -0.29080330E-03   0.00000000E+00
 18.   30.   0.32271957E-04  -0.32271955E-04  -0.10087421E-11   0.00000000E+00
 18.   31.  -0.69371892E-04  -0.19920546E-03   0.29080330E-03   0.00000000E+00
 18.   32.  -0.70844381E-04  -0.35256345E-03   0.50368609E-03   0.00000000E+00
 18.   33.  -0.16902703E-11  -0.41440588E-03   0.58160660E-03   0.00000000E+00
 18.   34.   0.70844379E-04  -0.35256346E-03   0.50368610E-03   0.00000000E+00
 18.   35.   0.69371894E-04  -0.19920547E-03   0.29080331E-03   0.00000000E+00
 18.   36.  -0.32271951E-04  -0.32271961E-04   0.11181373E-10   0.00000000E+00
 18.   37.  -0.19920546E-03   0.69371890E-04  -0.29080329E-03   0.00000000E+00
 18.   38.  -0.35256345E-03   0.70844384E-04  -0.50368609E-03   0.00000000E+00
 18.   39.  -0.41440588E-03   0.00000000E+00  -0.58160660E-03   0.00000000E+00
 18.   40.  -0.25531860E-03   0.00000000E+00  -0.15282599E-02   0.00000000E+00
 18.   41.  -0.20217547E-03  -0.99783540E-04  -0.13235119E-02   0.00000000E+00
 18.   42.  -0.72402027E-04  -0.12991461E-03  -0.76412997E-03   0.00000000E+00
 18.   43.   0.62305493E-04  -0.62305497E-04   0.24379829E-11   0.00000000E+00
 18.   44.   0.12991460E-03   0.72402029E-04   0.76412996E-03   0.00000000E+00
 18.   45.   0.99783546E-04   0.20217547E-03   0.13235119E-02   0.00000000E+00
 18.   46.   0.22087363E-11   0.25531860E-03   0.15282599E-02   0.00000000E+00
 18.   47.  -0.99783543E-04   0.20217548E-03   0.13235119E-02   0.00000000E+00
 18.   48.  -0.12991461E-03   0.72402035E-04   0.76412998E-03   0.00000000E+00
 18.   49.  -0.62305497E-04  -0.62305492E-04   0.34552262E-10   0.00000000E+00
 18.   50.   0.72402022E-04  -0.12991461E-03  -0.76412995E-03   0.00000000E+00
 18.   51.   0.20217547E-03  -0.99783543E-04  -0.13235119E-02   0.00000000E+00
 18.   52.   0.25531860E-03   0.00000000E+00  -0.15282599E-02   0.00000000E+00
 18.   53.  -0.51045565E-03   0.00000000E+00   0.24769477E-02   0.00000000E+00
 18.   54.  -0.43971265E-03  -0.66987952E-04   0.21450996E-02   0.00000000E+00
 18.   55.  -0.26355615E-03  -0.53963001E-04   0.12384738E-02   0.00000000E+00
 18.   56.  -0.69438752E-04   0.69438744E-04   0.42193588E-10   0.00000000E+00
 18.   57.   0.53962994E-04   0.26355616E-03  -0.12384738E-02   0.00000000E+00
 18.   58.   0.66987962E-04   0.43971264E-03  -0.21450996E-02   0.00000000E+00
 18.   59.   0.16331118E-11   0.51045565E-03  -0.24769476E-02   0.00000000E+00
 18.   60.  -0.66987960E-04   0.43971265E-03  -0.21450996E-02   0.00000000E+00
 18.   61.  -0.53962997E-04   0.26355616E-03  -0.12384739E-02   0.00000000E+00
 18.   62.   0.69438745E-04   0.69438751E-04  -0.93064874E-11   0.00000000E+00
 18.   63.   0.26355614E-03  -0.53962998E-04   0.12384738E-02   0.00000000E+00
 18.   64.   0.43971264E-03  -0.66987954E-04   0.21450995E-02   0.00000000E+00
 18.   65.   0.51045565E-03   0.00000000E+00   0.24769477E-02   0.00000000E+00
 18.   66.   0.51045565E-03   0.00000000E+00   0.24769477E-02   0.00000000E+00
 18.   67.   0.43971265E-03   0.66987952E-04   0.21450996E-02   0.00000000E+00
 18.   68.   0.26355615E-03   0.53963001E-04   0.12384738E-02   0.00000000E+00
 18.   69.   0.69438752E-04  -0.69438744E-04   0.42193270E-10   0.00000000E+00
 18.   70.  -0.53962994E-04  -0.26355616E-03  -0.12384738E-02   0.00000000E+00
 18.   71.  -0.66987962E-04  -0.43971264E-03  -0.21450996E-02   0.00000000E+00
 18.   72.  -0.17016404E-11  -0.51045565E-03  -0.24769476E-02   0.00000000E+00
 18.   73.   0.66987960E-04  -0.43971265E-03  -0.21450996E-02   0.00000000E+00
 18.   74.   0.53962997E-04  -0.26355616E-03  -0.12384739E-02   0.00000000E+00
 18.   75.  -0.69438745E-04  -0.69438751E-04  -0.93075835E-11   0.00000000E+00
 18.   76.  -0.26355614E-03   0.53962998E-04   0.12384738E-02   0.00000000E+00
 18.   77.  -0.43971264E-03   0.66987954E-04   0.21450995E-02   0.00000000E+00
 18.   78.  -0.51045565E-03   0.00000000E+00   0.24769477E-02   0.00000000E+00
 19.    1.  -0.19097971E-04   0.00000000E+00   0.20756188E-04   0.00000000E+00
 19.    2.  -0.10028604E-04   0.18329285E-04   0.53720914E-05   0.00000000E+00
 19.    3.   0.90693657E-05   0.17370049E-04  -0.17975399E-04   0.00000000E+00
 19.    4.   0.20057205E-04  -0.95923655E-06  -0.14676854E-04   0.00000000E+00
 19.    5.   0.10987838E-04  -0.17370051E-04   0.10378090E-04   0.00000000E+00
 19.    6.  -0.10028603E-04  -0.16410815E-04   0.20048938E-04   0.00000000E+00
 19.    7.  -0.21016441E-04  -0.17049519E-11  -0.66138141E-11   0.00000000E+00
 19.    8.  -0.10028603E-04   0.16410812E-04  -0.20048952E-04   0.00000000E+00
 19.    9.   0.10987839E-04   0.17370049E-04  -0.10378105E-04   0.00000000E+00
 19.   10.   0.20057207E-04   0.95923548E-06   0.14676839E-04   0.00000000E+00
 19.   11.   0.90693688E-05  -0.17370050E-04   0.17975386E-04   0.00000000E+00
 19.   12.  -0.10028601E-04  -0.18329286E-04  -0.53721048E-05   0.00000000E+00
 19.   13.  -0.19097968E-04   0.00000000E+00  -0.20756202E-04   0.00000000E+00
 19.   14.  -0.16356361E-03   0.00000000E+00   0.71598062E-03   0.00000000E+00
 19.   15.  -0.95465717E-04   0.19271930E-03   0.18530942E-03   0.00000000E+00
 19.   16.   0.68097888E-04   0.16535147E-03  -0.62005740E-03   0.00000000E+00
 19.   17.   0.19093143E-03  -0.27367826E-04  -0.50627475E-03   0.00000000E+00
 19.   18.   0.12283355E-03  -0.16535147E-03   0.35799030E-03   0.00000000E+00
 19.   19.  -0.95465714E-04  -0.13798365E-03   0.69158417E-03   0.00000000E+00
 19.   20.  -0.21829926E-03  -0.36383815E-11   0.20946915E-10   0.00000000E+00
 19.   21.  -0.95465723E-04   0.13798364E-03  -0.69158416E-03   0.00000000E+00
 19.   22.   0.12283354E-03   0.16535147E-03  -0.35799033E-03   0.00000000E+00
 19.   23.   0.19093143E-03   0.27367833E-04   0.50627473E-03   0.00000000E+00
 19.   24.   0.68097896E-04  -0.16535147E-03   0.62005742E-03   0.00000000E+00
 19.   25.  -0.95465711E-04  -0.19271930E-03  -0.18530938E-03   0.00000000E+00
 19.   26.  -0.16356361E-03   0.00000000E+00  -0.71598061E-03   0.00000000E+00
 19.   27.  -0.13787928E-03   0.00000000E+00   0.25002474E-02   0.00000000E+00
 19.   28.  -0.15697299E-03   0.44795189E-03   0.64711164E-03   0.00000000E+00
 19.   29.  -0.19093708E-04   0.27188520E-03  -0.21652777E-02   0.00000000E+00
 19.   30.   0.31394598E-03  -0.17606669E-03  -0.17679419E-02   0.00000000E+00
 19.   31.   0.33303969E-03  -0.27188520E-03   0.12501237E-02   0.00000000E+00
 19.   32.  -0.15697299E-03  -0.95818498E-04   0.24150535E-02   0.00000000E+00
 19.   33.  -0.49001268E-03  -0.43852974E-12   0.66118076E-10   0.00000000E+00
 19.   34.  -0.15697301E-03   0.95818493E-04  -0.24150535E-02   0.00000000E+00
 19.   35.   0.33303968E-03   0.27188519E-03  -0.12501238E-02   0.00000000E+00
 19.   36.   0.31394599E-03   0.17606671E-03   0.17679418E-02   0.00000000E+00
 19.   37.  -0.19093697E-04  -0.27188518E-03   0.21652778E-02   0.00000000E+00
 19.   38.  -0.15697299E-03  -0.44795190E-03  -0.64711151E-03   0.00000000E+00
 19.   39.  -0.13787928E-03   0.00000000E+00  -0.25002474E-02   0.00000000E+00
 19.   40.   0.36295829E-03   0.00000000E+00   0.15866630E-02   0.00000000E+00
 19.   41.   0.33652774E-04   0.23736443E-03   0.41065861E-03   0.00000000E+00
 19.   42.  -0.32930552E-03  -0.58288314E-04  -0.13740905E-02   0.00000000E+00
 19.   43.  -0.67305552E-04  -0.29565275E-03  -0.11219402E-02   0.00000000E+00
 19.   44.   0.26199997E-03   0.58288309E-04   0.79333150E-03   0.00000000E+00
 19.   45.   0.33652778E-04   0.35394106E-03   0.15325988E-02   0.00000000E+00
 19.   46.  -0.22834720E-03   0.10491334E-10   0.39535097E-10   0.00000000E+00
 19.   47.   0.33652762E-04  -0.35394106E-03  -0.15325988E-02   0.00000000E+00
 19.   48.   0.26199997E-03  -0.58288329E-04  -0.79333157E-03   0.00000000E+00
 19.   49.  -0.67305533E-04   0.29565274E-03   0.11219401E-02   0.00000000E+00
 19.   50.  -0.32930552E-03   0.58288330E-04   0.13740905E-02   0.00000000E+00
 19.   51.   0.33652753E-04  -0.23736443E-03  -0.41065853E-03   0.00000000E+00
 19.   52.   0.36295829E-03   0.00000000E+00  -0.15866630E-02   0.00000000E+00
 19.   53.   0.54088853E-03   0.00000000E+00  -0.28369773E-02   0.00000000E+00
 19.   54.   0.20634231E-03  -0.22919146E-03  -0.73426374E-03   0.00000000E+00
 19.   55.  -0.33454622E-03  -0.35739537E-03   0.24568944E-02   0.00000000E+00
 19.   56.  -0.41268463E-03  -0.12820391E-03   0.20060459E-02   0.00000000E+00
 19.   57.  -0.78138412E-04   0.35739536E-03  -0.14184886E-02   0.00000000E+00
 19.   58.   0.20634231E-03   0.48559927E-03  -0.27403096E-02   0.00000000E+00
 19.   59.   0.28448072E-03   0.11949917E-10  -0.70907119E-10   0.00000000E+00
 19.   60.   0.20634232E-03  -0.48559927E-03   0.27403096E-02   0.00000000E+00
 19.   61.  -0.78138397E-04  -0.35739538E-03   0.14184887E-02   0.00000000E+00
 19.   62.  -0.41268462E-03   0.12820389E-03  -0.20060458E-02   0.00000000E+00
 19.   63.  -0.33454623E-03   0.35739537E-03  -0.24568944E-02   0.00000000E+00
 19.   64.   0.20634229E-03   0.22919147E-03   0.73426361E-03   0.00000000E+00
 19.   65.   0.54088853E-03   0.00000000E+00   0.28369773E-02   0.00000000E+00
 19.   66.  -0.54088853E-03   0.00000000E+00  -0.28369773E-02   0.00000000E+00
 19.   67.  -0.20634231E-03   0.22919146E-03  -0.73426374E-03   0.00000000E+00
 19.   68.   0.33454622E-03   0.35739537E-03   0.24568944E-02   0.00000000E+00
 19.   69.   0.41268463E-03   0.12820391E-03   0.20060459E-02   0.00000000E+00
 19.   70.   0.78138412E-04  -0.35739536E-03  -0.14184886E-02   0.00000000E+00
 19.   71.  -0.20634231E-03  -0.48559927E-03  -0.27403096E-02   0.00000000E+00
 19.   72.  -0.28448072E-03  -0.11910536E-10  -0.70910939E-10   0.00000000E+00
 19.   73.  -0.20634232E-03   0.48559927E-03   0.27403096E-02   0.00000000E+00
 19.   74.   0.78138397E-04   0.35739538E-03   0.14184887E-02   0.00000000E+00
 19.   75.   0.41268462E-03  -0.12820389E-03  -0.20060458E-02   0.00000000E+00
 19.   76.   0.33454623E-03  -0.35739537E-03  -0.24568944E-02   0.00000000E+00
 19.   77.  -0.20634229E-03  -0.22919147E-03   0.73426361E-03   0.00000000E+00
 19.   78.  -0.54088853E-03   0.00000000E+00   0.28369773E-02   0.00000000E+00
 20.    1.  -0.11373201E-02   0.00000000E+00  -0.60734863E-02   0.00000000E+00
 20.    2.  -0.10985669E-02  -0.29436011E-03  -0.60734863E-02   0.00000000E+00
 20.    3.  -0.98494813E-03  -0.56866007E-03  -0.60734863E-02   0.00000000E+00
 20.    4.  -0.80420678E-03  -0.80420678E-03  -0.60734863E-02   0.00000000E+00
 20.    5.  -0.56866007E-03  -0.98494813E-03  -0.60734863E-02   0.00000000E+00
 20.    6.  -0.29436011E-03  -0.10985669E-02  -0.60734863E-02   0.00000000E+00
 20.    7.  -0.66126757E-11  -0.11373201E-02  -0.60734863E-02   0.00000000E+00
 20.    8.   0.29436010E-03  -0.10985669E-02  -0.60734863E-02   0.00000000E+00
 20.    9.   0.56866006E-03  -0.98494813E-03  -0.60734863E-02   0.00000000E+00
 20.   10.   0.80420677E-03  -0.80420679E-03  -0.60734863E-02   0.00000000E+00
 20.   11.   0.98494812E-03  -0.56866008E-03  -0.60734863E-02   0.00000000E+00
 20.   12.   0.10985669E-02  -0.29436012E-03  -0.60734863E-02   0.00000000E+00
 20.   13.   0.11373201E-02   0.00000000E+00  -0.60734863E-02   0.00000000E+00
 20.   14.  -0.43720267E-03   0.00000000E+00   0.19526611E-02   0.00000000E+00
 20.   15.  -0.42230535E-03  -0.11315638E-03   0.19526611E-02   0.00000000E+00
 20.   16.  -0.37862862E-03  -0.21860134E-03   0.19526611E-02   0.00000000E+00
 20.   17.  -0.30914897E-03  -0.30914897E-03   0.19526611E-02   0.00000000E+00
 20.   18.  -0.21860134E-03  -0.37862862E-03   0.19526611E-02   0.00000000E+00
 20.   19.  -0.11315638E-03  -0.42230535E-03   0.19526611E-02   0.00000000E+00
 20.   20.  -0.23385681E-11  -0.43720267E-03   0.19526611E-02   0.00000000E+00
 20.   21.   0.11315637E-03  -0.42230535E-03   0.19526611E-02   0.00000000E+00
 20.   22.   0.21860133E-03  -0.37862862E-03   0.19526611E-02   0.00000000E+00
 20.   23.   0.30914897E-03  -0.30914898E-03   0.19526611E-02   0.00000000E+00
 20.   24.   0.37862862E-03  -0.21860134E-03   0.19526611E-02   0.00000000E+00
 20.   25.   0.42230535E-03  -0.11315638E-03   0.19526611E-02   0.00000000E+00
 20.   26.   0.43720267E-03   0.00000000E+00   0.19526611E-02   0.00000000E+00
 20.   27.   0.51234127E-03   0.00000000E+00   0.61448408E-03   0.00000000E+00
 20.   28.   0.49488367E-03   0.13260368E-03   0.61448408E-03   0.00000000E+00
 20.   29.   0.44370056E-03   0.25617063E-03   0.61448409E-03   0.00000000E+00
 20.   30.   0.36227999E-03   0.36227999E-03   0.61448409E-03   0.00000000E+00
 20.   31.   0.25617064E-03   0.44370056E-03   0.61448408E-03   0.00000000E+00
 20.   32.   0.13260368E-03   0.49488367E-03   0.61448408E-03   0.00000000E+00
 20.   33.   0.41282406E-11   0.51234127E-03   0.61448408E-03   0.00000000E+00
 20.   34.  -0.13260367E-03   0.49488367E-03   0.61448409E-03   0.00000000E+00
 20.   35.  -0.25617063E-03   0.44370056E-03   0.61448408E-03   0.00000000E+00
 20.   36.  -0.36227998E-03   0.36227999E-03   0.61448408E-03   0.00000000E+00
 20.   37.  -0.44370055E-03   0.25617064E-03   0.61448408E-03   0.00000000E+00
 20.   38.  -0.49488366E-03   0.13260368E-03   0.61448409E-03   0.00000000E+00
 20.   39.  -0.51234127E-03   0.00000000E+00   0.61448409E-03   0.00000000E+00
 20.   40.  -0.17592276E-03   0.00000000E+00  -0.17558989E-02   0.00000000E+00
 20.   41.  -0.16992833E-03  -0.45532160E-04  -0.17558989E-02   0.00000000E+00
 20.   42.  -0.15235358E-03  -0.87961379E-04  -0.17558989E-02   0.00000000E+00
 20.   43.  -0.12439618E-03  -0.12439617E-03  -0.17558989E-02   0.00000000E+00
 20.   44.  -0.87961379E-04  -0.15235358E-03  -0.17558989E-02   0.00000000E+00
 20.   45.  -0.45532160E-04  -0.16992834E-03  -0.17558989E-02   0.00000000E+00
 20.   46.  -0.34443385E-12  -0.17592276E-03  -0.17558989E-02   0.00000000E+00
 20.   47.   0.45532159E-04  -0.16992833E-03  -0.17558989E-02   0.00000000E+00
 20.   48.   0.87961377E-04  -0.15235358E-03  -0.17558989E-02   0.00000000E+00
 20.   49.   0.12439617E-03  -0.12439618E-03  -0.17558989E-02   0.00000000E+00
 20.   50.   0.15235358E-03  -0.87961380E-04  -0.17558989E-02   0.00000000E+00
 20.   51.   0.16992833E-03  -0.45532162E-04  -0.17558989E-02   0.00000000E+00
 20.   52.   0.17592276E-03   0.00000000E+00  -0.17558989E-02   0.00000000E+00
 20.   53.  -0.58731910E-03   0.00000000E+00   0.25341740E-02   0.00000000E+00
 20.   54.  -0.56730669E-03  -0.15200937E-03   0.25341740E-02   0.00000000E+00
 20.   55.  -0.50863326E-03  -0.29365955E-03   0.25341740E-02   0.00000000E+00
 20.   56.  -0.41529732E-03  -0.41529732E-03   0.25341740E-02   0.00000000E+00
 20.   57.  -0.29365955E-03  -0.50863326E-03   0.25341740E-02   0.00000000E+00
 20.   58.  -0.15200937E-03  -0.56730669E-03   0.25341740E-02   0.00000000E+00
 20.   59.  -0.44581469E-11  -0.58731910E-03   0.25341740E-02   0.00000000E+00
 20.   60.   0.15200937E-03  -0.56730669E-03   0.25341740E-02   0.00000000E+00
 20.   61.   0.29365955E-03  -0.50863326E-03   0.25341740E-02   0.00000000E+00
 20.   62.   0.41529732E-03  -0.41529732E-03   0.25341740E-02   0.00000000E+00
 20.   63.   0.50863326E-03  -0.29365956E-03   0.25341740E-02   0.00000000E+00
 20.   64.   0.56730669E-03  -0.15200938E-03   0.25341740E-02   0.00000000E+00
 20.   65.   0.58731910E-03   0.00000000E+00   0.25341740E-02   0.00000000E+00
 20.   66.   0.58731910E-03   0.00000000E+00   0.25341740E-02   0.00000000E+00
 20.   67.   0.56730669E-03   0.15200937E-03   0.25341740E-02   0.00000000E+00
 20.   68.   0.50863326E-03   0.29365955E-03   0.25341740E-02   0.00000000E+00
 20.   69.   0.41529732E-03   0.41529732E-03   0.25341740E-02   0.00000000E+00
 20.   70.   0.29365955E-03   0.50863326E-03   0.25341740E-02   0.00000000E+00
 20.   71.   0.15200937E-03   0.56730669E-03   0.25341740E-02   0.00000000E+00
 20.   72.   0.56789124E-11   0.58731910E-03   0.25341740E-02   0.00000000E+00
 20.   73.  -0.15200936E-03   0.56730669E-03   0.25341740E-02   0.00000000E+00
 20.   74.  -0.29365955E-03   0.50863327E-03   0.25341740E-02   0.00000000E+00
 20.   75.  -0.41529732E-03   0.41529732E-03   0.25341740E-02   0.00000000E+00
 20.   76.  -0.50863326E-03   0.29365956E-03   0.25341740E-02   0.00000000E+00
 20.   77.  -0.56730669E-03   0.15200938E-03   0.25341740E-02   0.00000000E+00
 20.   78.  -0.58731910E-03   0.00000000E+00   0.25341740E-02   0.00000000E+00
 21.    1.   0.14649656E-07   0.00000000E+00  -0.27708313E-08   0.00000000E+00
 21.    2.  -0.75893713E-08  -0.11706954E-07   0.19500920E-08   0.00000000E+00
 21.    3.  -0.66080411E-08   0.11443202E-07  -0.52670219E-11   0.00000000E+00
 21.    4.   0.13931474E-07   0.71755652E-09  -0.19606909E-08   0.00000000E+00
 21.    5.  -0.73261744E-08  -0.12688894E-07   0.27601241E-08   0.00000000E+00
 21.    6.  -0.63446919E-08   0.12423913E-07  -0.19609511E-08   0.00000000E+00
 21.    7.   0.13213797E-07  -0.10711354E-11  -0.57672877E-11   0.00000000E+00
 21.    8.  -0.63440617E-08  -0.12425953E-07   0.19494578E-08   0.00000000E+00
 21.    9.  -0.73249849E-08   0.12687162E-07  -0.27715222E-08   0.00000000E+00
 21.   10.   0.13933081E-07  -0.71884558E-09   0.19494577E-08   0.00000000E+00
 21.   11.  -0.66062111E-08  -0.11443995E-07  -0.57248426E-11   0.00000000E+00
 21.   12.  -0.75873955E-08   0.11706541E-07  -0.19608713E-08   0.00000000E+00
 21.   13.   0.14651694E-07   0.00000000E+00   0.27601441E-08   0.00000000E+00
 21.   14.   0.35071386E-05   0.00000000E+00  -0.69669606E-05   0.00000000E+00
 21.   15.  -0.16961510E-05  -0.32515623E-05   0.49263862E-05   0.00000000E+00
 21.   16.  -0.19104414E-05   0.33089806E-05   0.14396385E-11   0.00000000E+00
 21.   17.   0.36640104E-05  -0.15687193E-06  -0.49263831E-05   0.00000000E+00
 21.   18.  -0.17535697E-05  -0.30372720E-05   0.69669644E-05   0.00000000E+00
 21.   19.  -0.19678605E-05   0.30946902E-05  -0.49263824E-05   0.00000000E+00
 21.   20.   0.38208820E-05  -0.18632837E-12   0.17742459E-11   0.00000000E+00
 21.   21.  -0.19678599E-05  -0.30946910E-05   0.49263872E-05   0.00000000E+00
 21.   22.  -0.17535696E-05   0.30372710E-05  -0.69669602E-05   0.00000000E+00
 21.   23.   0.36640110E-05   0.15687157E-06   0.49263860E-05   0.00000000E+00
 21.   24.  -0.19104403E-05  -0.33089812E-05   0.21820093E-11   0.00000000E+00
 21.   25.  -0.16961502E-05   0.32515619E-05  -0.49263834E-05   0.00000000E+00
 21.   26.   0.35071397E-05   0.00000000E+00   0.69669641E-05   0.00000000E+00
 21.   27.   0.61235116E-04   0.00000000E+00  -0.21850233E-03   0.00000000E+00
 21.   28.  -0.27721267E-04  -0.63840270E-04   0.15450448E-03   0.00000000E+00
 21.   29.  -0.38530371E-04   0.66736561E-04   0.15637247E-11   0.00000000E+00
 21.   30.   0.69147929E-04  -0.79128118E-05  -0.15450448E-03   0.00000000E+00
 21.   31.  -0.30617556E-04  -0.53031166E-04   0.21850233E-03   0.00000000E+00
 21.   32.  -0.41426663E-04   0.55927456E-04  -0.15450448E-03   0.00000000E+00
 21.   33.   0.77060743E-04   0.30392926E-11  -0.97404117E-11   0.00000000E+00
 21.   34.  -0.41426658E-04  -0.55927457E-04   0.15450449E-03   0.00000000E+00
 21.   35.  -0.30617562E-04   0.53031164E-04  -0.21850233E-03   0.00000000E+00
 21.   36.   0.69147929E-04   0.79128184E-05   0.15450447E-03   0.00000000E+00
 21.   37.  -0.38530368E-04  -0.66736563E-04   0.20500382E-10   0.00000000E+00
 21.   38.  -0.27721272E-04   0.63840267E-04  -0.15450449E-03   0.00000000E+00
 21.   39.   0.61235115E-04   0.00000000E+00   0.21850233E-03   0.00000000E+00
 21.   40.   0.24422439E-03   0.00000000E+00  -0.15401394E-02   0.00000000E+00
 21.   41.  -0.93447885E-04  -0.31848120E-03   0.10890430E-02   0.00000000E+00
 21.   42.  -0.20042455E-03   0.34714551E-03   0.38471606E-11   0.00000000E+00
 21.   43.   0.32253675E-03  -0.78312349E-04  -0.10890430E-02   0.00000000E+00
 21.   44.  -0.12211219E-03  -0.21150453E-03   0.15401394E-02   0.00000000E+00
 21.   45.  -0.22908887E-03   0.24016884E-03  -0.10890430E-02   0.00000000E+00
 21.   46.   0.40084911E-03   0.93432800E-11  -0.74456333E-10   0.00000000E+00
 21.   47.  -0.22908884E-03  -0.24016885E-03   0.10890431E-02   0.00000000E+00
 21.   48.  -0.12211222E-03   0.21150452E-03  -0.15401394E-02   0.00000000E+00
 21.   49.   0.32253676E-03   0.78312376E-04   0.10890429E-02   0.00000000E+00
 21.   50.  -0.20042454E-03  -0.34714552E-03   0.13788835E-09   0.00000000E+00
 21.   51.  -0.93447904E-04   0.31848118E-03  -0.10890431E-02   0.00000000E+00
 21.   52.   0.24422439E-03   0.00000000E+00   0.15401394E-02   0.00000000E+00
 21.   53.   0.50781943E-03   0.00000000E+00  -0.47197677E-02   0.00000000E+00
 21.   54.  -0.18000910E-03  -0.71558540E-03   0.33373798E-02   0.00000000E+00
 21.   55.  -0.45580996E-03   0.78948601E-03   0.18143586E-10   0.00000000E+00
 21.   56.   0.70971967E-03  -0.20190023E-03  -0.33373799E-02   0.00000000E+00
 21.   57.  -0.25390970E-03  -0.43978454E-03   0.47197677E-02   0.00000000E+00
 21.   58.  -0.52971060E-03   0.51368515E-03  -0.33373797E-02   0.00000000E+00
 21.   59.   0.91161993E-03   0.18687001E-10  -0.22057539E-09   0.00000000E+00
 21.   60.  -0.52971054E-03  -0.51368516E-03   0.33373800E-02   0.00000000E+00
 21.   61.  -0.25390977E-03   0.43978450E-03  -0.47197677E-02   0.00000000E+00
 21.   62.   0.70971970E-03   0.20190029E-03   0.33373795E-02   0.00000000E+00
 21.   63.  -0.45580993E-03  -0.78948603E-03   0.43103830E-09   0.00000000E+00
 21.   64.  -0.18000914E-03   0.71558535E-03  -0.33373801E-02   0.00000000E+00
 21.   65.   0.50781943E-03   0.00000000E+00   0.47197677E-02   0.00000000E+00
 21.   66.  -0.50781943E-03   0.00000000E+00  -0.47197677E-02   0.00000000E+00
 21.   67.   0.18000910E-03   0.71558540E-03   0.33373798E-02   0.00000000E+00
 21.   68.   0.45580996E-03  -0.78948601E-03   0.18133562E-10   0.00000000E+00
 21.   69.  -0.70971967E-03   0.20190023E-03  -0.33373799E-02   0.00000000E+00
 21.   70.   0.25390970E-03   0.43978454E-03   0.47197677E-02   0.00000000E+00
 21.   71.   0.52971060E-03  -0.51368515E-03  -0.33373797E-02   0.00000000E+00
 21.   72.  -0.91161993E-03  -0.18577728E-10  -0.22058588E-09   0.00000000E+00
 21.   73.   0.52971054E-03   0.51368516E-03   0.33373800E-02   0.00000000E+00
 21.   74.   0.25390977E-03  -0.43978450E-03  -0.47197677E-02   0.00000000E+00
 21.   75.  -0.70971970E-03  -0.20190029E-03   0.33373795E-02   0.00000000E+00
 21.   76.   0.45580993E-03   0.78948603E-03   0.43104333E-09   0.00000000E+00
 21.   77.   0.18000914E-03  -0.71558535E-03  -0.33373801E-02   0.00000000E+00
 21.   78.  -0.50781943E-03   0.00000000E+00   0.47197677E-02   0.00000000E+00
 22.    1.  -0.60844941E-01   0.00000000E+00  -0.28727128E-02   0.00000000E+00
 22.    2.  -0.58628042E-01   0.15211692E-01  -0.24878423E-02   0.00000000E+00
 22.    3.  -0.52212577E-01   0.29589896E-01  -0.14363564E-02   0.00000000E+00
 22.    4.  -0.42238911E-01   0.42238911E-01  -0.17219137E-10   0.00000000E+00
 22.    5.  -0.29589896E-01   0.52212577E-01   0.14363564E-02   0.00000000E+00
 22.    6.  -0.15211693E-01   0.58628042E-01   0.24878422E-02   0.00000000E+00
 22.    7.  -0.30688282E-09   0.60844941E-01   0.28727128E-02   0.00000000E+00
 22.    8.   0.15211692E-01   0.58628042E-01   0.24878423E-02   0.00000000E+00
 22.    9.   0.29589895E-01   0.52212577E-01   0.14363564E-02   0.00000000E+00
 22.   10.   0.42238911E-01   0.42238912E-01   0.41891461E-10   0.00000000E+00
 22.   11.   0.52212577E-01   0.29589896E-01  -0.14363563E-02   0.00000000E+00
 22.   12.   0.58628042E-01   0.15211693E-01  -0.24878422E-02   0.00000000E+00
 22.   13.   0.60844941E-01   0.00000000E+00  -0.28727128E-02   0.00000000E+00
 22.   14.  -0.66581698E-01   0.00000000E+00  -0.51312046E-03   0.00000000E+00
 22.   15.  -0.61894710E-01   0.82075015E-02  -0.44437535E-03   0.00000000E+00
 22.   16.  -0.49569749E-01   0.19275627E-01  -0.25656023E-03   0.00000000E+00
 22.   17.  -0.33866692E-01   0.33866692E-01  -0.91536282E-12   0.00000000E+00
 22.   18.  -0.19275627E-01   0.49569749E-01   0.25656023E-03   0.00000000E+00
 22.   19.  -0.82075016E-02   0.61894710E-01   0.44437536E-03   0.00000000E+00
 22.   20.  -0.15319810E-09   0.66581698E-01   0.51312046E-03   0.00000000E+00
 22.   21.   0.82075012E-02   0.61894711E-01   0.44437536E-03   0.00000000E+00
 22.   22.   0.19275626E-01   0.49569750E-01   0.25656024E-03   0.00000000E+00
 22.   23.   0.33866691E-01   0.33866692E-01   0.71934724E-11   0.00000000E+00
 22.   24.   0.49569749E-01   0.19275627E-01  -0.25656022E-03   0.00000000E+00
 22.   25.   0.61894710E-01   0.82075019E-02  -0.44437535E-03   0.00000000E+00
 22.   26.   0.66581698E-01   0.00000000E+00  -0.51312046E-03   0.00000000E+00
 22.   27.  -0.74145751E-01   0.00000000E+00  -0.83101132E-04   0.00000000E+00
 22.   28.  -0.68381420E-01   0.71064155E-02  -0.71967690E-04   0.00000000E+00
 22.   29.  -0.53377961E-01   0.18307588E-01  -0.41550563E-04   0.00000000E+00
 22.   30.  -0.34736881E-01   0.34736881E-01   0.54811282E-12   0.00000000E+00
 22.   31.  -0.18307589E-01   0.53377960E-01   0.41550564E-04   0.00000000E+00
 22.   32.  -0.71064156E-02   0.68381420E-01   0.71967689E-04   0.00000000E+00
 22.   33.  -0.12555324E-09   0.74145751E-01   0.83101131E-04   0.00000000E+00
 22.   34.   0.71064153E-02   0.68381421E-01   0.71967692E-04   0.00000000E+00
 22.   35.   0.18307588E-01   0.53377961E-01   0.41550566E-04   0.00000000E+00
 22.   36.   0.34736881E-01   0.34736882E-01   0.18447692E-12   0.00000000E+00
 22.   37.   0.53377960E-01   0.18307589E-01  -0.41550565E-04   0.00000000E+00
 22.   38.   0.68381420E-01   0.71064159E-02  -0.71967687E-04   0.00000000E+00
 22.   39.   0.74145751E-01   0.00000000E+00  -0.83101131E-04   0.00000000E+00
 22.   40.  -0.79282316E-01   0.00000000E+00   0.16136330E-03   0.00000000E+00
 22.   41.  -0.71406954E-01   0.12105817E-02   0.13974471E-03   0.00000000E+00
 22.   42.  -0.51348352E-01   0.96556388E-02   0.80681649E-04   0.00000000E+00
 22.   43.  -0.27790445E-01   0.27790444E-01   0.93544014E-12   0.00000000E+00
 22.   44.  -0.96556390E-02   0.51348352E-01  -0.80681653E-04   0.00000000E+00
 22.   45.  -0.12105818E-02   0.71406954E-01  -0.13974472E-03   0.00000000E+00
 22.   46.   0.36779401E-11   0.79282316E-01  -0.16136330E-03   0.00000000E+00
 22.   47.   0.12105816E-02   0.71406955E-01  -0.13974472E-03   0.00000000E+00
 22.   48.   0.96556384E-02   0.51348353E-01  -0.80681649E-04   0.00000000E+00
 22.   49.   0.27790444E-01   0.27790445E-01  -0.46186897E-11   0.00000000E+00
 22.   50.   0.51348351E-01   0.96556394E-02   0.80681644E-04   0.00000000E+00
 22.   51.   0.71406954E-01   0.12105819E-02   0.13974471E-03   0.00000000E+00
 22.   52.   0.79282316E-01   0.00000000E+00   0.16136329E-03   0.00000000E+00
 22.   53.  -0.79262354E-01   0.00000000E+00   0.39010320E-03   0.00000000E+00
 22.   54.  -0.68385955E-01  -0.99971467E-02   0.33783927E-03   0.00000000E+00
 22.   55.  -0.41287123E-01  -0.77509603E-02   0.19505160E-03   0.00000000E+00
 22.   56.  -0.11374641E-01   0.11374640E-01   0.73718248E-11   0.00000000E+00
 22.   57.   0.77509602E-02   0.41287122E-01  -0.19505160E-03   0.00000000E+00
 22.   58.   0.99971467E-02   0.68385955E-01  -0.33783926E-03   0.00000000E+00
 22.   59.   0.24536153E-09   0.79262354E-01  -0.39010319E-03   0.00000000E+00
 22.   60.  -0.99971465E-02   0.68385956E-01  -0.33783928E-03   0.00000000E+00
 22.   61.  -0.77509606E-02   0.41287123E-01  -0.19505159E-03   0.00000000E+00
 22.   62.   0.11374640E-01   0.11374641E-01  -0.98372582E-11   0.00000000E+00
 22.   63.   0.41287121E-01  -0.77509599E-02   0.19505159E-03   0.00000000E+00
 22.   64.   0.68385954E-01  -0.99971469E-02   0.33783928E-03   0.00000000E+00
 22.   65.   0.79262354E-01   0.00000000E+00   0.39010318E-03   0.00000000E+00
 22.   66.  -0.79262354E-01   0.00000000E+00  -0.39010318E-03   0.00000000E+00
 22.   67.  -0.68385955E-01  -0.99971467E-02  -0.33783927E-03   0.00000000E+00
 22.   68.  -0.41287123E-01  -0.77509603E-02  -0.19505159E-03   0.00000000E+00
 22.   69.  -0.11374641E-01   0.11374640E-01   0.38993742E-11   0.00000000E+00
 22.   70.   0.77509602E-02   0.41287122E-01   0.19505159E-03   0.00000000E+00
 22.   71.   0.99971467E-02   0.68385955E-01   0.33783928E-03   0.00000000E+00
 22.   72.   0.24817386E-09   0.79262354E-01   0.39010319E-03   0.00000000E+00
 22.   73.  -0.99971465E-02   0.68385956E-01   0.33783927E-03   0.00000000E+00
 22.   74.  -0.77509606E-02   0.41287123E-01   0.19505161E-03   0.00000000E+00
 22.   75.   0.11374640E-01   0.11374641E-01   0.20213124E-11   0.00000000E+00
 22.   76.   0.41287121E-01  -0.77509599E-02  -0.19505159E-03   0.00000000E+00
 22.   77.   0.68385954E-01  -0.99971469E-02  -0.33783926E-03   0.00000000E+00
 22.   78.   0.79262354E-01   0.00000000E+00  -0.39010319E-03   0.00000000E+00
 23.    1.  -0.17141257E-03   0.00000000E+00   0.73855606E-03   0.00000000E+00
 23.    2.  -0.17569750E-03   0.18740416E-03   0.52223800E-03   0.00000000E+00
 23.    3.  -0.16015430E-03   0.27739538E-03   0.27524113E-11   0.00000000E+00
 23.    4.  -0.74448017E-04   0.24586058E-03  -0.52223799E-03   0.00000000E+00
 23.    5.   0.85706281E-04   0.14844764E-03  -0.73855606E-03   0.00000000E+00
 23.    6.   0.25014552E-03   0.58456419E-04  -0.52223800E-03   0.00000000E+00
 23.    7.   0.32030860E-03   0.25251292E-12  -0.14324996E-10   0.00000000E+00
 23.    8.   0.25014552E-03  -0.58456418E-04   0.52223798E-03   0.00000000E+00
 23.    9.   0.85706289E-04  -0.14844764E-03   0.73855605E-03   0.00000000E+00
 23.   10.  -0.74448011E-04  -0.24586058E-03   0.52223800E-03   0.00000000E+00
 23.   11.  -0.16015430E-03  -0.27739538E-03   0.17047509E-10   0.00000000E+00
 23.   12.  -0.17569750E-03  -0.18740417E-03  -0.52223798E-03   0.00000000E+00
 23.   13.  -0.17141257E-03   0.00000000E+00  -0.73855606E-03   0.00000000E+00
 23.   14.  -0.42381856E-04   0.00000000E+00   0.23773582E-02   0.00000000E+00
 23.   15.  -0.10831170E-03   0.28843537E-03   0.16810461E-02   0.00000000E+00
 23.   16.  -0.21682744E-03   0.37555613E-03   0.21291849E-11   0.00000000E+00
 23.   17.  -0.19563651E-03   0.23801837E-03  -0.16810461E-02   0.00000000E+00
 23.   18.   0.21190925E-04   0.36703765E-04  -0.23773582E-02   0.00000000E+00
 23.   19.   0.30394820E-03  -0.50417004E-04  -0.16810461E-02   0.00000000E+00
 23.   20.   0.43365487E-03  -0.15641023E-11  -0.36080449E-10   0.00000000E+00
 23.   21.   0.30394821E-03   0.50417004E-04   0.16810461E-02   0.00000000E+00
 23.   22.   0.21190936E-04  -0.36703759E-04   0.23773582E-02   0.00000000E+00
 23.   23.  -0.19563650E-03  -0.23801836E-03   0.16810462E-02   0.00000000E+00
 23.   24.  -0.21682744E-03  -0.37555613E-03   0.72763478E-10   0.00000000E+00
 23.   25.  -0.10831170E-03  -0.28843538E-03  -0.16810461E-02   0.00000000E+00
 23.   26.  -0.42381855E-04   0.00000000E+00  -0.23773582E-02   0.00000000E+00
 23.   27.   0.39183706E-03   0.00000000E+00   0.31017597E-03   0.00000000E+00
 23.   28.   0.26095919E-03   0.96605826E-04   0.21932753E-03   0.00000000E+00
 23.   29.  -0.18224161E-04   0.31565173E-04   0.23954036E-12   0.00000000E+00
 23.   30.  -0.21414269E-03  -0.17769437E-03  -0.21932753E-03   0.00000000E+00
 23.   31.  -0.19591853E-03  -0.33934085E-03  -0.31017597E-03   0.00000000E+00
 23.   32.  -0.46816495E-04  -0.27430020E-03  -0.21932753E-03   0.00000000E+00
 23.   33.   0.36448322E-04  -0.64204328E-11  -0.51272929E-11   0.00000000E+00
 23.   34.  -0.46816488E-04   0.27430019E-03   0.21932753E-03   0.00000000E+00
 23.   35.  -0.19591853E-03   0.33934086E-03   0.31017597E-03   0.00000000E+00
 23.   36.  -0.21414270E-03   0.17769438E-03   0.21932754E-03   0.00000000E+00
 23.   37.  -0.18224171E-04  -0.31565166E-04   0.10488388E-10   0.00000000E+00
 23.   38.   0.26095918E-03  -0.96605828E-04  -0.21932752E-03   0.00000000E+00
 23.   39.   0.39183706E-03   0.00000000E+00  -0.31017597E-03   0.00000000E+00
 23.   40.  -0.14467313E-03   0.00000000E+00  -0.13791890E-02   0.00000000E+00
 23.   41.  -0.77088469E-04  -0.10755624E-03  -0.97523392E-03   0.00000000E+00
 23.   42.   0.59354112E-04  -0.10280434E-03  -0.48096667E-12   0.00000000E+00
 23.   43.   0.13169068E-03   0.12982450E-04   0.97523392E-03   0.00000000E+00
 23.   44.   0.72336564E-04   0.12529060E-03   0.13791890E-02   0.00000000E+00
 23.   45.  -0.54602204E-04   0.12053870E-03   0.97523393E-03   0.00000000E+00
 23.   46.  -0.11870822E-03   0.27243296E-11   0.20889491E-10   0.00000000E+00
 23.   47.  -0.54602208E-04  -0.12053869E-03  -0.97523390E-03   0.00000000E+00
 23.   48.   0.72336560E-04  -0.12529060E-03  -0.13791890E-02   0.00000000E+00
 23.   49.   0.13169068E-03  -0.12982455E-04  -0.97523395E-03   0.00000000E+00
 23.   50.   0.59354117E-04   0.10280433E-03  -0.43569378E-10   0.00000000E+00
 23.   51.  -0.77088465E-04   0.10755625E-03   0.97523389E-03   0.00000000E+00
 23.   52.  -0.14467313E-03   0.00000000E+00   0.13791890E-02   0.00000000E+00
 23.   53.  -0.45185669E-03   0.00000000E+00   0.19373432E-02   0.00000000E+00
 23.   54.  -0.32914458E-03  -0.61111124E-05   0.13699085E-02   0.00000000E+00
 23.   55.  -0.56063673E-04   0.97105129E-04   0.18816059E-11   0.00000000E+00
 23.   56.   0.16986467E-03   0.28199201E-03  -0.13699085E-02   0.00000000E+00
 23.   57.   0.22592834E-03   0.39131937E-03  -0.19373432E-02   0.00000000E+00
 23.   58.   0.15927991E-03   0.28810313E-03  -0.13699085E-02   0.00000000E+00
 23.   59.   0.11212735E-03   0.59464517E-11  -0.30254145E-10   0.00000000E+00
 23.   60.   0.15927991E-03  -0.28810312E-03   0.13699085E-02   0.00000000E+00
 23.   61.   0.22592834E-03  -0.39131937E-03   0.19373432E-02   0.00000000E+00
 23.   62.   0.16986467E-03  -0.28199202E-03   0.13699086E-02   0.00000000E+00
 23.   63.  -0.56063661E-04  -0.97105136E-04   0.61500869E-10   0.00000000E+00
 23.   64.  -0.32914458E-03   0.61111111E-05  -0.13699085E-02   0.00000000E+00
 23.   65.  -0.45185669E-03   0.00000000E+00  -0.19373432E-02   0.00000000E+00
 23.   66.   0.45185669E-03   0.00000000E+00   0.19373432E-02   0.00000000E+00
 23.   67.   0.32914458E-03   0.61111129E-05   0.13699085E-02   0.00000000E+00
 23.   68.   0.56063673E-04  -0.97105129E-04   0.19291751E-11   0.00000000E+00
 23.   69.  -0.16986467E-03  -0.28199201E-03  -0.13699085E-02   0.00000000E+00
 23.   70.  -0.22592834E-03  -0.39131937E-03  -0.19373432E-02   0.00000000E+00
 23.   71.  -0.15927991E-03  -0.28810313E-03  -0.13699085E-02   0.00000000E+00
 23.   72.  -0.11212734E-03  -0.63468535E-11  -0.30371481E-10   0.00000000E+00
 23.   73.  -0.15927991E-03   0.28810312E-03   0.13699085E-02   0.00000000E+00
 23.   74.  -0.22592834E-03   0.39131937E-03   0.19373432E-02   0.00000000E+00
 23.   75.  -0.16986468E-03   0.28199202E-03   0.13699086E-02   0.00000000E+00
 23.   76.   0.56063661E-04   0.97105135E-04   0.61583341E-10   0.00000000E+00
 23.   77.   0.32914458E-03  -0.61111111E-05  -0.13699085E-02   0.00000000E+00
 23.   78.   0.45185668E-03   0.00000000E+00  -0.19373432E-02   0.00000000E+00
 24.    1.   0.66061233E-03   0.00000000E+00   0.46782813E-02   0.00000000E+00
 24.    2.   0.58192451E-03   0.29366693E-03   0.45188727E-02   0.00000000E+00
 24.    3.   0.36694539E-03   0.50864605E-03   0.40515104E-02   0.00000000E+00
 24.    4.   0.73278466E-04   0.58733386E-03   0.33080444E-02   0.00000000E+00
 24.    5.  -0.22038847E-03   0.50864605E-03   0.23391406E-02   0.00000000E+00
 24.    6.  -0.43536758E-03   0.29366694E-03   0.12108283E-02   0.00000000E+00
 24.    7.  -0.51405540E-03   0.67345014E-11   0.26344916E-10   0.00000000E+00
 24.    8.  -0.43536759E-03  -0.29366692E-03  -0.12108283E-02   0.00000000E+00
 24.    9.  -0.22038848E-03  -0.50864604E-03  -0.23391406E-02   0.00000000E+00
 24.   10.   0.73278452E-04  -0.58733386E-03  -0.33080444E-02   0.00000000E+00
 24.   11.   0.36694538E-03  -0.50864605E-03  -0.40515104E-02   0.00000000E+00
 24.   12.   0.58192450E-03  -0.29366694E-03  -0.45188727E-02   0.00000000E+00
 24.   13.   0.66061233E-03   0.00000000E+00  -0.46782813E-02   0.00000000E+00
 24.   14.   0.44974486E-03   0.00000000E+00  -0.82441798E-03   0.00000000E+00
 24.   15.   0.42295571E-03   0.99978461E-04  -0.79632662E-03   0.00000000E+00
 24.   16.   0.34976640E-03   0.17316777E-03  -0.71396692E-03   0.00000000E+00
 24.   17.   0.24978794E-03   0.19995692E-03  -0.58295155E-03   0.00000000E+00
 24.   18.   0.14980948E-03   0.17316777E-03  -0.41220899E-03   0.00000000E+00
 24.   19.   0.76620167E-04   0.99978462E-04  -0.21337508E-03   0.00000000E+00
 24.   20.   0.49831018E-04   0.19996953E-11  -0.49700683E-11   0.00000000E+00
 24.   21.   0.76620165E-04  -0.99978458E-04   0.21337507E-03   0.00000000E+00
 24.   22.   0.14980948E-03  -0.17316777E-03   0.41220898E-03   0.00000000E+00
 24.   23.   0.24978794E-03  -0.19995692E-03   0.58295154E-03   0.00000000E+00
 24.   24.   0.34976640E-03  -0.17316778E-03   0.71396691E-03   0.00000000E+00
 24.   25.   0.42295571E-03  -0.99978464E-04   0.79632662E-03   0.00000000E+00
 24.   26.   0.44974486E-03   0.00000000E+00   0.82441798E-03   0.00000000E+00
 24.   27.  -0.36068055E-03   0.00000000E+00  -0.84560072E-03   0.00000000E+00
 24.   28.  -0.33430488E-03  -0.98435334E-04  -0.81678758E-03   0.00000000E+00
 24.   29.  -0.26224521E-03  -0.17049500E-03  -0.73231171E-03   0.00000000E+00
 24.   30.  -0.16380988E-03  -0.19687067E-03  -0.59793001E-03   0.00000000E+00
 24.   31.  -0.65374548E-04  -0.17049500E-03  -0.42280036E-03   0.00000000E+00
 24.   32.   0.66851182E-05  -0.98435335E-04  -0.21885757E-03   0.00000000E+00
 24.   33.   0.33060787E-04  -0.19048317E-11  -0.41020759E-11   0.00000000E+00
 24.   34.   0.66851199E-05   0.98435331E-04   0.21885757E-03   0.00000000E+00
 24.   35.  -0.65374544E-04   0.17049500E-03   0.42280036E-03   0.00000000E+00
 24.   36.  -0.16380988E-03   0.19687067E-03   0.59793000E-03   0.00000000E+00
 24.   37.  -0.26224521E-03   0.17049500E-03   0.73231170E-03   0.00000000E+00
 24.   38.  -0.33430488E-03   0.98435337E-04   0.81678758E-03   0.00000000E+00
 24.   39.  -0.36068055E-03   0.00000000E+00   0.84560073E-03   0.00000000E+00
 24.   40.   0.84784398E-04   0.00000000E+00   0.13134230E-02   0.00000000E+00
 24.   41.   0.76583085E-04   0.30607715E-04   0.12686692E-02   0.00000000E+00
 24.   42.   0.54176684E-04   0.53014116E-04   0.11374577E-02   0.00000000E+00
 24.   43.   0.23568970E-04   0.61215429E-04   0.92873031E-03   0.00000000E+00
 24.   44.  -0.70387445E-05   0.53014116E-04   0.65671150E-03   0.00000000E+00
 24.   45.  -0.29445147E-04   0.30607714E-04   0.33993889E-03   0.00000000E+00
 24.   46.  -0.37646459E-04   0.84758062E-12   0.70881083E-11   0.00000000E+00
 24.   47.  -0.29445147E-04  -0.30607713E-04  -0.33993888E-03   0.00000000E+00
 24.   48.  -0.70387458E-05  -0.53014116E-04  -0.65671149E-03   0.00000000E+00
 24.   49.   0.23568968E-04  -0.61215429E-04  -0.92873030E-03   0.00000000E+00
 24.   50.   0.54176683E-04  -0.53014117E-04  -0.11374577E-02   0.00000000E+00
 24.   51.   0.76583085E-04  -0.30607715E-04  -0.12686692E-02   0.00000000E+00
 24.   52.   0.84784398E-04   0.00000000E+00  -0.13134230E-02   0.00000000E+00
 24.   53.   0.44878392E-03   0.00000000E+00  -0.18177838E-02   0.00000000E+00
 24.   54.   0.42104144E-03   0.10353635E-03  -0.17558443E-02   0.00000000E+00
 24.   55.   0.34524757E-03   0.17933022E-03  -0.15742470E-02   0.00000000E+00
 24.   56.   0.24171122E-03   0.20707270E-03  -0.12853673E-02   0.00000000E+00
 24.   57.   0.13817487E-03   0.17933022E-03  -0.90889191E-03   0.00000000E+00
 24.   58.   0.62380997E-04   0.10353635E-03  -0.47047708E-03   0.00000000E+00
 24.   59.   0.34638514E-04   0.25799174E-11  -0.96765748E-11   0.00000000E+00
 24.   60.   0.62380994E-04  -0.10353635E-03   0.47047706E-03   0.00000000E+00
 24.   61.   0.13817486E-03  -0.17933022E-03   0.90889190E-03   0.00000000E+00
 24.   62.   0.24171122E-03  -0.20707270E-03   0.12853673E-02   0.00000000E+00
 24.   63.   0.34524757E-03  -0.17933022E-03   0.15742470E-02   0.00000000E+00
 24.   64.   0.42104144E-03  -0.10353636E-03   0.17558443E-02   0.00000000E+00
 24.   65.   0.44878392E-03   0.00000000E+00   0.18177838E-02   0.00000000E+00
 24.   66.  -0.44878392E-03   0.00000000E+00  -0.18177838E-02   0.00000000E+00
 24.   67.  -0.42104144E-03  -0.10353635E-03  -0.17558443E-02   0.00000000E+00
 24.   68.  -0.34524757E-03  -0.17933022E-03  -0.15742470E-02   0.00000000E+00
 24.   69.  -0.24171122E-03  -0.20707270E-03  -0.12853673E-02   0.00000000E+00
 24.   70.  -0.13817487E-03  -0.17933022E-03  -0.90889191E-03   0.00000000E+00
 24.   71.  -0.62380997E-04  -0.10353635E-03  -0.47047708E-03   0.00000000E+00
 24.   72.  -0.34638514E-04  -0.21897441E-11  -0.95579204E-11   0.00000000E+00
 24.   73.  -0.62380994E-04   0.10353635E-03   0.47047706E-03   0.00000000E+00
 24.   74.  -0.13817486E-03   0.17933022E-03   0.90889190E-03   0.00000000E+00
 24.   75.  -0.24171122E-03   0.20707270E-03   0.12853673E-02   0.00000000E+00
 24.   76.  -0.34524757E-03   0.17933023E-03   0.15742470E-02   0.00000000E+00
 24.   77.  -0.42104144E-03   0.10353636E-03   0.17558443E-02   0.00000000E+00
 24.   78.  -0.44878392E-03   0.00000000E+00   0.18177838E-02   0.00000000E+00
