mode k UX UY UZ VOLT
  1.    1.   0.18957413E-02   0.00000000E+00   0.13381862E+00   0.00000000E+00
  1.    2.   0.18310545E-02   0.49097549E-03   0.13381804E+00   0.00000000E+00
  1.    3.   0.16414556E-02   0.94836357E-03   0.13381646E+00   0.00000000E+00
  1.    4.   0.13399936E-02   0.13409403E-02   0.13381431E+00   0.00000000E+00
  1.    5.   0.94734173E-03   0.16420048E-02   0.13381215E+00   0.00000000E+00
  1.    6.   0.49031298E-03   0.18311686E-02   0.13381057E+00   0.00000000E+00
  1.    7.   0.23186392E-11   0.18956705E-02   0.13380999E+00   0.00000000E+00
  1.    8.  -0.49031297E-03   0.18311686E-02   0.13381057E+00   0.00000000E+00
  1.    9.  -0.94734173E-03   0.16420048E-02   0.13381215E+00   0.00000000E+00
  1.   10.  -0.13399936E-02   0.13409403E-02   0.13381431E+00   0.00000000E+00
  1.   11.  -0.16414556E-02   0.94836357E-03   0.13381646E+00   0.00000000E+00
  1.   12.  -0.18310545E-02   0.49097550E-03   0.13381804E+00   0.00000000E+00
  1.   13.  -0.18957413E-02   0.00000000E+00   0.13381862E+00   0.00000000E+00
  1.   14.   0.33630613E-02   0.00000000E+00   0.10050824E+00   0.00000000E+00
  1.   15.   0.32484202E-02   0.87055009E-03   0.10050778E+00   0.00000000E+00
  1.   16.   0.29123373E-02   0.16817064E-02   0.10050655E+00   0.00000000E+00
  1.   17.   0.23777833E-02   0.23781620E-02   0.10050486E+00   0.00000000E+00
  1.   18.   0.16812546E-02   0.29124823E-02   0.10050317E+00   0.00000000E+00
  1.   19.   0.87024649E-03   0.32483217E-02   0.10050193E+00   0.00000000E+00
  1.   20.   0.40553357E-11   0.33628607E-02   0.10050147E+00   0.00000000E+00
  1.   21.  -0.87024648E-03   0.32483217E-02   0.10050193E+00   0.00000000E+00
  1.   22.  -0.16812546E-02   0.29124823E-02   0.10050317E+00   0.00000000E+00
  1.   23.  -0.23777833E-02   0.23781620E-02   0.10050486E+00   0.00000000E+00
  1.   24.  -0.29123373E-02   0.16817064E-02   0.10050655E+00   0.00000000E+00
  1.   25.  -0.32484202E-02   0.87055010E-03   0.10050778E+00   0.00000000E+00
  1.   26.  -0.33630613E-02   0.00000000E+00   0.10050824E+00   0.00000000E+00
  1.   27.   0.41650753E-02   0.00000000E+00   0.52870595E-01   0.00000000E+00
  1.   28.   0.40231229E-02   0.10780433E-02   0.52870348E-01   0.00000000E+00
  1.   29.   0.36069578E-02   0.20825761E-02   0.52869671E-01   0.00000000E+00
  1.   30.   0.29449844E-02   0.29451231E-02   0.52868747E-01   0.00000000E+00
  1.   31.   0.20823588E-02   0.36069212E-02   0.52867823E-01   0.00000000E+00
  1.   32.   0.10778856E-02   0.40229135E-02   0.52867146E-01   0.00000000E+00
  1.   33.   0.49694450E-11   0.41647946E-02   0.52866898E-01   0.00000000E+00
  1.   34.  -0.10778856E-02   0.40229135E-02   0.52867146E-01   0.00000000E+00
  1.   35.  -0.20823588E-02   0.36069212E-02   0.52867823E-01   0.00000000E+00
  1.   36.  -0.29449844E-02   0.29451231E-02   0.52868747E-01   0.00000000E+00
  1.   37.  -0.36069578E-02   0.20825761E-02   0.52869671E-01   0.00000000E+00
  1.   38.  -0.40231229E-02   0.10780433E-02   0.52870348E-01   0.00000000E+00
  1.   39.  -0.41650753E-02   0.00000000E+00   0.52870595E-01   0.00000000E+00
  1.   40.   0.42085665E-02   0.00000000E+00  -0.12795751E-04   0.00000000E+00
  1.   41.   0.40651430E-02   0.10892546E-02  -0.12795703E-04   0.00000000E+00
  1.   42.   0.36446582E-02   0.21042498E-02  -0.12795572E-04   0.00000000E+00
  1.   43.   0.29757960E-02   0.29758037E-02  -0.12795392E-04   0.00000000E+00
  1.   44.   0.21041667E-02   0.36445330E-02  -0.12795213E-04   0.00000000E+00
  1.   45.   0.10891821E-02   0.40648934E-02  -0.12795081E-04   0.00000000E+00
  1.   46.   0.49737565E-11   0.42082664E-02  -0.12795033E-04   0.00000000E+00
  1.   47.  -0.10891821E-02   0.40648934E-02  -0.12795081E-04   0.00000000E+00
  1.   48.  -0.21041667E-02   0.36445330E-02  -0.12795213E-04   0.00000000E+00
  1.   49.  -0.29757960E-02   0.29758037E-02  -0.12795392E-04   0.00000000E+00
  1.   50.  -0.36446582E-02   0.21042498E-02  -0.12795572E-04   0.00000000E+00
  1.   51.  -0.40651430E-02   0.10892546E-02  -0.12795703E-04   0.00000000E+00
  1.   52.  -0.42085665E-02   0.00000000E+00  -0.12795751E-04   0.00000000E+00
  1.   53.  -0.42085665E-02   0.00000000E+00  -0.12795751E-04   0.00000000E+00
  1.   54.  -0.40651430E-02  -0.10892546E-02  -0.12795703E-04   0.00000000E+00
  1.   55.  -0.36446582E-02  -0.21042498E-02  -0.12795572E-04   0.00000000E+00
  1.   56.  -0.29757960E-02  -0.29758037E-02  -0.12795392E-04   0.00000000E+00
  1.   57.  -0.21041667E-02  -0.36445330E-02  -0.12795213E-04   0.00000000E+00
  1.   58.  -0.10891821E-02  -0.40648934E-02  -0.12795081E-04   0.00000000E+00
  1.   59.  -0.49682887E-11  -0.42082664E-02  -0.12795033E-04   0.00000000E+00
  1.   60.   0.10891821E-02  -0.40648934E-02  -0.12795081E-04   0.00000000E+00
  1.   61.   0.21041667E-02  -0.36445330E-02  -0.12795213E-04   0.00000000E+00
  1.   62.   0.29757960E-02  -0.29758037E-02  -0.12795392E-04   0.00000000E+00
  1.   63.   0.36446582E-02  -0.21042498E-02  -0.12795572E-04   0.00000000E+00
  1.   64.   0.40651430E-02  -0.10892546E-02  -0.12795703E-04   0.00000000E+00
  1.   65.   0.42085665E-02   0.00000000E+00  -0.12795751E-04   0.00000000E+00
  2.    1.   0.16051146E-02   0.00000000E+00  -0.22421127E-01   0.00000000E+00
  2.    2.   0.16156764E-02  -0.39416353E-04  -0.21657139E-01   0.00000000E+00
  2.    3.   0.16445309E-02  -0.68269109E-04  -0.19417244E-01   0.00000000E+00
  2.    4.   0.16839440E-02  -0.78826871E-04  -0.15854094E-01   0.00000000E+00
  2.    5.   0.17233533E-02  -0.68262689E-04  -0.11210524E-01   0.00000000E+00
  2.    6.   0.17522001E-02  -0.39409904E-04  -0.58029886E-02   0.00000000E+00
  2.    7.   0.17627582E-02  -0.19947777E-12  -0.26886764E-10   0.00000000E+00
  2.    8.   0.17522001E-02   0.39409904E-04   0.58029885E-02   0.00000000E+00
  2.    9.   0.17233533E-02   0.68262689E-04   0.11210524E-01   0.00000000E+00
  2.   10.   0.16839440E-02   0.78826871E-04   0.15854094E-01   0.00000000E+00
  2.   11.   0.16445309E-02   0.68269109E-04   0.19417244E-01   0.00000000E+00
  2.   12.   0.16156764E-02   0.39416353E-04   0.21657139E-01   0.00000000E+00
  2.   13.   0.16051146E-02   0.00000000E+00   0.22421127E-01   0.00000000E+00
  2.   14.   0.43210291E-04   0.00000000E+00  -0.33451046E-01   0.00000000E+00
  2.   15.   0.12920942E-03  -0.32095254E-03  -0.32311226E-01   0.00000000E+00
  2.   16.   0.36416300E-03  -0.55590540E-03  -0.28969443E-01   0.00000000E+00
  2.   17.   0.68511458E-03  -0.64190312E-03  -0.23653441E-01   0.00000000E+00
  2.   18.   0.10060650E-02  -0.55590339E-03  -0.16725501E-01   0.00000000E+00
  2.   19.   0.12410163E-02  -0.32095054E-03  -0.86577538E-02   0.00000000E+00
  2.   20.   0.13270142E-02  -0.15287674E-11  -0.39707380E-10   0.00000000E+00
  2.   21.   0.12410163E-02   0.32095053E-03   0.86577537E-02   0.00000000E+00
  2.   22.   0.10060650E-02   0.55590339E-03   0.16725501E-01   0.00000000E+00
  2.   23.   0.68511459E-03   0.64190312E-03   0.23653441E-01   0.00000000E+00
  2.   24.   0.36416300E-03   0.55590540E-03   0.28969443E-01   0.00000000E+00
  2.   25.   0.12920942E-03   0.32095254E-03   0.32311226E-01   0.00000000E+00
  2.   26.   0.43210291E-04   0.00000000E+00   0.33451046E-01   0.00000000E+00
  2.   27.  -0.15225485E-02   0.00000000E+00  -0.23553581E-01   0.00000000E+00
  2.   28.  -0.13787029E-02  -0.53683883E-03  -0.22751010E-01   0.00000000E+00
  2.   29.  -0.98570936E-03  -0.92983176E-03  -0.20397993E-01   0.00000000E+00
  2.   30.  -0.44887076E-03  -0.10736766E-02  -0.16654886E-01   0.00000000E+00
  2.   31.   0.87967258E-04  -0.92983074E-03  -0.11776779E-01   0.00000000E+00
  2.   32.   0.48095958E-03  -0.53683781E-03  -0.60961081E-02   0.00000000E+00
  2.   33.   0.62480468E-03  -0.25424381E-11  -0.27882015E-10   0.00000000E+00
  2.   34.   0.48095959E-03   0.53683781E-03   0.60961080E-02   0.00000000E+00
  2.   35.   0.87967263E-04   0.92983074E-03   0.11776779E-01   0.00000000E+00
  2.   36.  -0.44887075E-03   0.10736766E-02   0.16654886E-01   0.00000000E+00
  2.   37.  -0.98570935E-03   0.92983176E-03   0.20397993E-01   0.00000000E+00
  2.   38.  -0.13787029E-02   0.53683883E-03   0.22751010E-01   0.00000000E+00
  2.   39.  -0.15225485E-02   0.00000000E+00   0.23553581E-01   0.00000000E+00
  2.   40.  -0.20352001E-02   0.00000000E+00   0.43353220E-05   0.00000000E+00
  2.   41.  -0.18964081E-02  -0.51797788E-03   0.41875992E-05   0.00000000E+00
  2.   42.  -0.15172217E-02  -0.89716381E-03   0.37544981E-05   0.00000000E+00
  2.   43.  -0.99924363E-03  -0.10359552E-02   0.30655341E-05   0.00000000E+00
  2.   44.  -0.48126590E-03  -0.89716324E-03   0.21676594E-05   0.00000000E+00
  2.   45.  -0.10208009E-03  -0.51797732E-03   0.11220629E-05   0.00000000E+00
  2.   46.   0.36711508E-04  -0.24513286E-11   0.58635281E-14   0.00000000E+00
  2.   47.  -0.10208008E-03   0.51797731E-03  -0.11220629E-05   0.00000000E+00
  2.   48.  -0.48126589E-03   0.89716324E-03  -0.21676594E-05   0.00000000E+00
  2.   49.  -0.99924362E-03   0.10359552E-02  -0.30655341E-05   0.00000000E+00
  2.   50.  -0.15172217E-02   0.89716381E-03  -0.37544981E-05   0.00000000E+00
  2.   51.  -0.18964081E-02   0.51797789E-03  -0.41875992E-05   0.00000000E+00
  2.   52.  -0.20352001E-02   0.00000000E+00  -0.43353220E-05   0.00000000E+00
  2.   53.   0.20352001E-02   0.00000000E+00   0.43353220E-05   0.00000000E+00
  2.   54.   0.18964081E-02   0.51797788E-03   0.41875992E-05   0.00000000E+00
  2.   55.   0.15172217E-02   0.89716381E-03   0.37544981E-05   0.00000000E+00
  2.   56.   0.99924363E-03   0.10359552E-02   0.30655341E-05   0.00000000E+00
  2.   57.   0.48126590E-03   0.89716324E-03   0.21676594E-05   0.00000000E+00
  2.   58.   0.10208009E-03   0.51797732E-03   0.11220629E-05   0.00000000E+00
  2.   59.  -0.36711508E-04   0.24515020E-11   0.58634484E-14   0.00000000E+00
  2.   60.   0.10208008E-03  -0.51797731E-03  -0.11220629E-05   0.00000000E+00
  2.   61.   0.48126589E-03  -0.89716324E-03  -0.21676594E-05   0.00000000E+00
  2.   62.   0.99924362E-03  -0.10359552E-02  -0.30655341E-05   0.00000000E+00
  2.   63.   0.15172217E-02  -0.89716381E-03  -0.37544981E-05   0.00000000E+00
  2.   64.   0.18964081E-02  -0.51797789E-03  -0.41875992E-05   0.00000000E+00
  2.   65.   0.20352001E-02   0.00000000E+00  -0.43353220E-05   0.00000000E+00
  3.    1.   0.21191562E-02   0.00000000E+00  -0.15793433E-01   0.00000000E+00
  3.    2.   0.20924599E-02  -0.71946137E-03  -0.13679531E-01   0.00000000E+00
  3.    3.   0.19875299E-02  -0.13255286E-02  -0.79042424E-02   0.00000000E+00
  3.    4.   0.17471528E-02  -0.17502389E-02  -0.15052161E-04   0.00000000E+00
  3.    5.   0.13233462E-02  -0.19913095E-02   0.78741377E-02   0.00000000E+00
  3.    6.   0.71833152E-03  -0.20966757E-02   0.13649425E-01   0.00000000E+00
  3.    7.   0.33273828E-11  -0.21235209E-02   0.15763327E-01   0.00000000E+00
  3.    8.  -0.71833152E-03  -0.20966758E-02   0.13649425E-01   0.00000000E+00
  3.    9.  -0.13233462E-02  -0.19913095E-02   0.78741378E-02   0.00000000E+00
  3.   10.  -0.17471528E-02  -0.17502389E-02  -0.15052088E-04   0.00000000E+00
  3.   11.  -0.19875299E-02  -0.13255286E-02  -0.79042424E-02   0.00000000E+00
  3.   12.  -0.20924599E-02  -0.71946138E-03  -0.13679531E-01   0.00000000E+00
  3.   13.  -0.21191562E-02   0.00000000E+00  -0.15793433E-01   0.00000000E+00
  3.   14.   0.11468195E-02   0.00000000E+00  -0.39726529E-01   0.00000000E+00
  3.   15.   0.13661435E-02  -0.12617610E-02  -0.34403321E-01   0.00000000E+00
  3.   16.   0.18578012E-02  -0.20721009E-02  -0.19860045E-01   0.00000000E+00
  3.   17.   0.22228528E-02  -0.22244287E-02   0.64391528E-05   0.00000000E+00
  3.   18.   0.20709865E-02  -0.18597313E-02   0.19872923E-01   0.00000000E+00
  3.   19.   0.12611841E-02  -0.13682963E-02   0.34416199E-01   0.00000000E+00
  3.   20.   0.60675740E-11  -0.11490482E-02   0.39739407E-01   0.00000000E+00
  3.   21.  -0.12611841E-02  -0.13682963E-02   0.34416199E-01   0.00000000E+00
  3.   22.  -0.20709865E-02  -0.18597313E-02   0.19872923E-01   0.00000000E+00
  3.   23.  -0.22228528E-02  -0.22244287E-02   0.64393371E-05   0.00000000E+00
  3.   24.  -0.18578012E-02  -0.20721009E-02  -0.19860045E-01   0.00000000E+00
  3.   25.  -0.13661435E-02  -0.12617610E-02  -0.34403321E-01   0.00000000E+00
  3.   26.  -0.11468195E-02   0.00000000E+00  -0.39726529E-01   0.00000000E+00
  3.   27.  -0.18667979E-02   0.00000000E+00  -0.35531027E-01   0.00000000E+00
  3.   28.  -0.13181009E-02  -0.13269936E-02  -0.30769351E-01   0.00000000E+00
  3.   29.   0.64395135E-05  -0.18775377E-02  -0.17760210E-01   0.00000000E+00
  3.   30.   0.13305411E-02  -0.13299560E-02   0.10606913E-04   0.00000000E+00
  3.   31.   0.18779514E-02  -0.57229062E-05   0.17781424E-01   0.00000000E+00
  3.   32.   0.13272078E-02   0.13189002E-02   0.30790565E-01   0.00000000E+00
  3.   33.   0.66547066E-11   0.18676253E-02   0.35552241E-01   0.00000000E+00
  3.   34.  -0.13272078E-02   0.13189002E-02   0.30790565E-01   0.00000000E+00
  3.   35.  -0.18779514E-02  -0.57228931E-05   0.17781424E-01   0.00000000E+00
  3.   36.  -0.13305411E-02  -0.13299560E-02   0.10607078E-04   0.00000000E+00
  3.   37.  -0.64395266E-05  -0.18775377E-02  -0.17760210E-01   0.00000000E+00
  3.   38.   0.13181009E-02  -0.13269936E-02  -0.30769351E-01   0.00000000E+00
  3.   39.   0.18667979E-02   0.00000000E+00  -0.35531027E-01   0.00000000E+00
  3.   40.  -0.33009805E-02   0.00000000E+00   0.36039551E-05   0.00000000E+00
  3.   41.  -0.27457772E-02  -0.79737241E-03   0.31209726E-05   0.00000000E+00
  3.   42.  -0.13773459E-02  -0.91429735E-03   0.18014399E-05   0.00000000E+00
  3.   43.   0.84949285E-04  -0.83464240E-04  -0.10752392E-08   0.00000000E+00
  3.   44.   0.91534744E-03   0.13791647E-02  -0.18035904E-05   0.00000000E+00
  3.   45.   0.79791597E-03   0.27478058E-02  -0.31231231E-05   0.00000000E+00
  3.   46.   0.41817777E-11   0.33030806E-02  -0.36061056E-05   0.00000000E+00
  3.   47.  -0.79791597E-03   0.27478058E-02  -0.31231231E-05   0.00000000E+00
  3.   48.  -0.91534744E-03   0.13791647E-02  -0.18035904E-05   0.00000000E+00
  3.   49.  -0.84949296E-04  -0.83464229E-04  -0.10752559E-08   0.00000000E+00
  3.   50.   0.13773459E-02  -0.91429735E-03   0.18014399E-05   0.00000000E+00
  3.   51.   0.27457772E-02  -0.79737241E-03   0.31209726E-05   0.00000000E+00
  3.   52.   0.33009805E-02   0.00000000E+00   0.36039551E-05   0.00000000E+00
  3.   53.   0.33009805E-02   0.00000000E+00   0.36039551E-05   0.00000000E+00
  3.   54.   0.27457772E-02   0.79737241E-03   0.31209726E-05   0.00000000E+00
  3.   55.   0.13773459E-02   0.91429735E-03   0.18014399E-05   0.00000000E+00
  3.   56.  -0.84949285E-04   0.83464240E-04  -0.10752392E-08   0.00000000E+00
  3.   57.  -0.91534744E-03  -0.13791647E-02  -0.18035904E-05   0.00000000E+00
  3.   58.  -0.79791597E-03  -0.27478058E-02  -0.31231231E-05   0.00000000E+00
  3.   59.  -0.41810242E-11  -0.33030806E-02  -0.36061056E-05   0.00000000E+00
  3.   60.   0.79791597E-03  -0.27478058E-02  -0.31231231E-05   0.00000000E+00
  3.   61.   0.91534744E-03  -0.13791647E-02  -0.18035904E-05   0.00000000E+00
  3.   62.   0.84949296E-04   0.83464229E-04  -0.10752559E-08   0.00000000E+00
  3.   63.  -0.13773459E-02   0.91429735E-03   0.18014399E-05   0.00000000E+00
  3.   64.  -0.27457772E-02   0.79737241E-03   0.31209726E-05   0.00000000E+00
  3.   65.  -0.33009805E-02   0.00000000E+00   0.36039551E-05   0.00000000E+00
  4.    1.   0.15114107E-02   0.00000000E+00   0.14939580E-01   0.00000000E+00
  4.    2.   0.14598292E-02   0.39118157E-03   0.14939539E-01   0.00000000E+00
  4.    3.   0.13086471E-02   0.75558983E-03   0.14939425E-01   0.00000000E+00
  4.    4.   0.10682823E-02   0.10683428E-02   0.14939266E-01   0.00000000E+00
  4.    5.   0.75523105E-03   0.13081739E-02   0.14939106E-01   0.00000000E+00
  4.    6.   0.39087607E-03   0.14588545E-02   0.14938987E-01   0.00000000E+00
  4.    7.   0.17797517E-11   0.15102323E-02   0.14938943E-01   0.00000000E+00
  4.    8.  -0.39087607E-03   0.14588545E-02   0.14938987E-01   0.00000000E+00
  4.    9.  -0.75523105E-03   0.13081739E-02   0.14939106E-01   0.00000000E+00
  4.   10.  -0.10682823E-02   0.10683428E-02   0.14939266E-01   0.00000000E+00
  4.   11.  -0.13086471E-02   0.75558984E-03   0.14939425E-01   0.00000000E+00
  4.   12.  -0.14598292E-02   0.39118157E-03   0.14939539E-01   0.00000000E+00
  4.   13.  -0.15114107E-02   0.00000000E+00   0.14939580E-01   0.00000000E+00
  4.   14.   0.11999662E-02   0.00000000E+00  -0.40792894E-02   0.00000000E+00
  4.   15.   0.11590945E-02   0.31027982E-03  -0.40783127E-02   0.00000000E+00
  4.   16.   0.10392552E-02   0.59943748E-03  -0.40756447E-02   0.00000000E+00
  4.   17.   0.84859225E-03   0.84777674E-03  -0.40720006E-02   0.00000000E+00
  4.   18.   0.60007634E-03   0.10383641E-02  -0.40683573E-02   0.00000000E+00
  4.   19.   0.31063409E-03   0.11581886E-02  -0.40656908E-02   0.00000000E+00
  4.   20.   0.14104260E-11   0.11990617E-02  -0.40647148E-02   0.00000000E+00
  4.   21.  -0.31063409E-03   0.11581886E-02  -0.40656908E-02   0.00000000E+00
  4.   22.  -0.60007634E-03   0.10383641E-02  -0.40683573E-02   0.00000000E+00
  4.   23.  -0.84859225E-03   0.84777674E-03  -0.40720006E-02   0.00000000E+00
  4.   24.  -0.10392552E-02   0.59943748E-03  -0.40756447E-02   0.00000000E+00
  4.   25.  -0.11590945E-02   0.31027982E-03  -0.40783127E-02   0.00000000E+00
  4.   26.  -0.11999662E-02   0.00000000E+00  -0.40792894E-02   0.00000000E+00
  4.   27.  -0.30306028E-03   0.00000000E+00  -0.99002391E-02   0.00000000E+00
  4.   28.  -0.29263182E-03  -0.78631345E-04  -0.98991582E-02   0.00000000E+00
  4.   29.  -0.26211685E-03  -0.15175992E-03  -0.98962051E-02   0.00000000E+00
  4.   30.  -0.21373909E-03  -0.21434246E-03  -0.98921714E-02   0.00000000E+00
  4.   31.  -0.15093952E-03  -0.26217383E-03  -0.98881382E-02   0.00000000E+00
  4.   32.  -0.78057466E-04  -0.29213852E-03  -0.98851858E-02   0.00000000E+00
  4.   33.  -0.36204968E-12  -0.30233857E-03  -0.98841052E-02   0.00000000E+00
  4.   34.   0.78057465E-04  -0.29213852E-03  -0.98851858E-02   0.00000000E+00
  4.   35.   0.15093952E-03  -0.26217383E-03  -0.98881382E-02   0.00000000E+00
  4.   36.   0.21373909E-03  -0.21434247E-03  -0.98921714E-02   0.00000000E+00
  4.   37.   0.26211685E-03  -0.15175992E-03  -0.98962051E-02   0.00000000E+00
  4.   38.   0.29263182E-03  -0.78631345E-04  -0.98991582E-02   0.00000000E+00
  4.   39.   0.30306028E-03   0.00000000E+00  -0.99002391E-02   0.00000000E+00
  4.   40.  -0.10245173E-02   0.00000000E+00   0.64969383E-06   0.00000000E+00
  4.   41.  -0.98950278E-03  -0.26515108E-03   0.64962009E-06   0.00000000E+00
  4.   42.  -0.88690700E-03  -0.51208421E-03   0.64941864E-06   0.00000000E+00
  4.   43.  -0.72386999E-03  -0.72390989E-03   0.64914346E-06   0.00000000E+00
  4.   44.  -0.51165078E-03  -0.88625401E-03   0.64886830E-06   0.00000000E+00
  4.   45.  -0.26477317E-03  -0.98820141E-03   0.64866687E-06   0.00000000E+00
  4.   46.  -0.12091162E-11  -0.10229528E-02   0.64859315E-06   0.00000000E+00
  4.   47.   0.26477317E-03  -0.98820141E-03   0.64866687E-06   0.00000000E+00
  4.   48.   0.51165078E-03  -0.88625401E-03   0.64886830E-06   0.00000000E+00
  4.   49.   0.72386999E-03  -0.72390989E-03   0.64914346E-06   0.00000000E+00
  4.   50.   0.88690700E-03  -0.51208421E-03   0.64941864E-06   0.00000000E+00
  4.   51.   0.98950278E-03  -0.26515108E-03   0.64962009E-06   0.00000000E+00
  4.   52.   0.10245173E-02   0.00000000E+00   0.64969385E-06   0.00000000E+00
  4.   53.   0.10245173E-02   0.00000000E+00   0.64969383E-06   0.00000000E+00
  4.   54.   0.98950278E-03   0.26515108E-03   0.64962009E-06   0.00000000E+00
  4.   55.   0.88690700E-03   0.51208421E-03   0.64941864E-06   0.00000000E+00
  4.   56.   0.72386999E-03   0.72390989E-03   0.64914346E-06   0.00000000E+00
  4.   57.   0.51165078E-03   0.88625401E-03   0.64886830E-06   0.00000000E+00
  4.   58.   0.26477317E-03   0.98820141E-03   0.64866687E-06   0.00000000E+00
  4.   59.   0.12074009E-11   0.10229528E-02   0.64859315E-06   0.00000000E+00
  4.   60.  -0.26477317E-03   0.98820141E-03   0.64866687E-06   0.00000000E+00
  4.   61.  -0.51165078E-03   0.88625401E-03   0.64886830E-06   0.00000000E+00
  4.   62.  -0.72386999E-03   0.72390989E-03   0.64914346E-06   0.00000000E+00
  4.   63.  -0.88690700E-03   0.51208421E-03   0.64941864E-06   0.00000000E+00
  4.   64.  -0.98950278E-03   0.26515108E-03   0.64962009E-06   0.00000000E+00
  4.   65.  -0.10245173E-02   0.00000000E+00   0.64969385E-06   0.00000000E+00
  5.    1.  -0.95230660E-03   0.00000000E+00   0.45679211E-02   0.00000000E+00
  5.    2.  -0.84636420E-03   0.55692630E-03   0.32300222E-02   0.00000000E+00
  5.    3.  -0.53528183E-03   0.92713901E-03   0.47797663E-07   0.00000000E+00
  5.    4.  -0.59129056E-04   0.10114399E-02  -0.32299299E-02   0.00000000E+00
  5.    5.   0.47615169E-03   0.82472635E-03  -0.45678382E-02   0.00000000E+00
  5.    6.   0.90549000E-03   0.45451365E-03  -0.32299546E-02   0.00000000E+00
  5.    7.   0.10705604E-02   0.21190245E-11  -0.16088317E-10   0.00000000E+00
  5.    8.   0.90549001E-03  -0.45451364E-03   0.32299546E-02   0.00000000E+00
  5.    9.   0.47615169E-03  -0.82472635E-03   0.45678382E-02   0.00000000E+00
  5.   10.  -0.59129052E-04  -0.10114399E-02   0.32299299E-02   0.00000000E+00
  5.   11.  -0.53528182E-03  -0.92713901E-03  -0.47765700E-07   0.00000000E+00
  5.   12.  -0.84636420E-03  -0.55692631E-03  -0.32300222E-02   0.00000000E+00
  5.   13.  -0.95230660E-03   0.00000000E+00  -0.45679211E-02   0.00000000E+00
  5.   14.  -0.12893244E-02   0.00000000E+00   0.21243165E-01   0.00000000E+00
  5.   15.  -0.13407519E-02   0.14812595E-02   0.15021186E-01   0.00000000E+00
  5.   16.  -0.12570899E-02   0.21773523E-02  -0.84036630E-09   0.00000000E+00
  5.   17.  -0.61242639E-03   0.19017609E-02  -0.15021187E-01   0.00000000E+00
  5.   18.   0.64466603E-03   0.11165943E-02  -0.21243166E-01   0.00000000E+00
  5.   19.   0.19531859E-02   0.42050144E-03  -0.15021187E-01   0.00000000E+00
  5.   20.   0.25141874E-02   0.16052110E-11  -0.75235048E-10   0.00000000E+00
  5.   21.   0.19531860E-02  -0.42050144E-03   0.15021187E-01   0.00000000E+00
  5.   22.   0.64466604E-03  -0.11165942E-02   0.21243166E-01   0.00000000E+00
  5.   23.  -0.61242638E-03  -0.19017609E-02   0.15021187E-01   0.00000000E+00
  5.   24.  -0.12570899E-02  -0.21773523E-02   0.98818219E-09   0.00000000E+00
  5.   25.  -0.13407519E-02  -0.14812595E-02  -0.15021186E-01   0.00000000E+00
  5.   26.  -0.12893244E-02   0.00000000E+00  -0.21243165E-01   0.00000000E+00
  5.   27.   0.96430690E-03   0.00000000E+00   0.25086559E-01   0.00000000E+00
  5.   28.   0.29521447E-03   0.15327797E-02   0.17738867E-01   0.00000000E+00
  5.   29.  -0.99288021E-03   0.17197183E-02  -0.30328142E-07   0.00000000E+00
  5.   30.  -0.14750335E-02   0.51072586E-03  -0.17738925E-01   0.00000000E+00
  5.   31.  -0.48215305E-03  -0.83511517E-03  -0.25086611E-01   0.00000000E+00
  5.   32.   0.11798199E-02  -0.10220538E-02  -0.17738910E-01   0.00000000E+00
  5.   33.   0.19857612E-02  -0.57586196E-11  -0.88861620E-10   0.00000000E+00
  5.   34.   0.11798199E-02   0.10220538E-02   0.17738910E-01   0.00000000E+00
  5.   35.  -0.48215304E-03   0.83511518E-03   0.25086611E-01   0.00000000E+00
  5.   36.  -0.14750335E-02  -0.51072584E-03   0.17738926E-01   0.00000000E+00
  5.   37.  -0.99288022E-03  -0.17197183E-02   0.30502634E-07   0.00000000E+00
  5.   38.   0.29521445E-03  -0.15327797E-02  -0.17738867E-01   0.00000000E+00
  5.   39.   0.96430690E-03   0.00000000E+00  -0.25086559E-01   0.00000000E+00
  5.   40.   0.25393533E-02   0.00000000E+00   0.71055120E-06   0.00000000E+00
  5.   41.   0.17092832E-02   0.55850647E-03   0.50243521E-06   0.00000000E+00
  5.   42.  -0.68649474E-04   0.11889743E-03  -0.12027093E-11   0.00000000E+00
  5.   43.  -0.13383271E-02  -0.12010342E-02  -0.50243752E-06   0.00000000E+00
  5.   44.  -0.12696796E-02  -0.21991497E-02  -0.71055325E-06   0.00000000E+00
  5.   45.  -0.37096201E-03  -0.17595407E-02  -0.50243689E-06   0.00000000E+00
  5.   46.   0.13729304E-03  -0.91577244E-11   0.32562181E-15   0.00000000E+00
  5.   47.  -0.37096201E-03   0.17595407E-02   0.50243688E-06   0.00000000E+00
  5.   48.  -0.12696796E-02   0.21991498E-02   0.71055325E-06   0.00000000E+00
  5.   49.  -0.13383271E-02   0.12010342E-02   0.50243752E-06   0.00000000E+00
  5.   50.  -0.68649490E-04  -0.11889742E-03   0.12076732E-11   0.00000000E+00
  5.   51.   0.17092832E-02  -0.55850647E-03  -0.50243521E-06   0.00000000E+00
  5.   52.   0.25393533E-02   0.00000000E+00  -0.71055122E-06   0.00000000E+00
  5.   53.  -0.25393533E-02   0.00000000E+00   0.71055120E-06   0.00000000E+00
  5.   54.  -0.17092832E-02  -0.55850647E-03   0.50243521E-06   0.00000000E+00
  5.   55.   0.68649474E-04  -0.11889743E-03  -0.12027059E-11   0.00000000E+00
  5.   56.   0.13383271E-02   0.12010342E-02  -0.50243752E-06   0.00000000E+00
  5.   57.   0.12696796E-02   0.21991497E-02  -0.71055325E-06   0.00000000E+00
  5.   58.   0.37096201E-03   0.17595407E-02  -0.50243689E-06   0.00000000E+00
  5.   59.  -0.13729304E-03   0.91578243E-11   0.32418229E-15   0.00000000E+00
  5.   60.   0.37096201E-03  -0.17595407E-02   0.50243688E-06   0.00000000E+00
  5.   61.   0.12696796E-02  -0.21991498E-02   0.71055325E-06   0.00000000E+00
  5.   62.   0.13383271E-02  -0.12010342E-02   0.50243752E-06   0.00000000E+00
  5.   63.   0.68649490E-04   0.11889742E-03   0.12076626E-11   0.00000000E+00
  5.   64.  -0.17092832E-02   0.55850647E-03  -0.50243521E-06   0.00000000E+00
  5.   65.  -0.25393533E-02   0.00000000E+00  -0.71055122E-06   0.00000000E+00
  6.    1.   0.13309337E-02   0.00000000E+00  -0.62607844E-05   0.00000000E+00
  6.    2.   0.13441327E-02  -0.49265029E-04  -0.60475197E-05   0.00000000E+00
  6.    3.   0.13801938E-02  -0.85331001E-04  -0.54222270E-05   0.00000000E+00
  6.    4.   0.14294561E-02  -0.98534241E-04  -0.44274325E-05   0.00000000E+00
  6.    5.   0.14787209E-02  -0.85335486E-04  -0.31308261E-05   0.00000000E+00
  6.    6.   0.15147869E-02  -0.49269507E-04  -0.16207035E-05   0.00000000E+00
  6.    7.   0.15279884E-02  -0.23245586E-12  -0.71403383E-14   0.00000000E+00
  6.    8.   0.15147869E-02   0.49269507E-04   0.16207035E-05   0.00000000E+00
  6.    9.   0.14787209E-02   0.85335486E-04   0.31308261E-05   0.00000000E+00
  6.   10.   0.14294561E-02   0.98534241E-04   0.44274325E-05   0.00000000E+00
  6.   11.   0.13801938E-02   0.85331001E-04   0.54222270E-05   0.00000000E+00
  6.   12.   0.13441327E-02   0.49265030E-04   0.60475197E-05   0.00000000E+00
  6.   13.   0.13309337E-02   0.00000000E+00   0.62607844E-05   0.00000000E+00
  6.   14.   0.15706365E-02   0.00000000E+00  -0.17145470E-05   0.00000000E+00
  6.   15.   0.15858176E-02  -0.56658564E-04  -0.16561328E-05   0.00000000E+00
  6.   16.   0.16272935E-02  -0.98136012E-04  -0.14848667E-05   0.00000000E+00
  6.   17.   0.16839513E-02  -0.11331851E-03  -0.12124098E-05   0.00000000E+00
  6.   18.   0.17406098E-02  -0.98137416E-04  -0.85731846E-06   0.00000000E+00
  6.   19.   0.17820873E-02  -0.56659968E-04  -0.44378658E-06   0.00000000E+00
  6.   20.   0.17972693E-02  -0.26729730E-12  -0.19420314E-14   0.00000000E+00
  6.   21.   0.17820873E-02   0.56659968E-04   0.44378658E-06   0.00000000E+00
  6.   22.   0.17406098E-02   0.98137416E-04   0.85731845E-06   0.00000000E+00
  6.   23.   0.16839513E-02   0.11331851E-03   0.12124098E-05   0.00000000E+00
  6.   24.   0.16272935E-02   0.98136013E-04   0.14848667E-05   0.00000000E+00
  6.   25.   0.15858176E-02   0.56658564E-04   0.16561328E-05   0.00000000E+00
  6.   26.   0.15706365E-02   0.00000000E+00   0.17145470E-05   0.00000000E+00
  6.   27.   0.16836937E-02   0.00000000E+00   0.49155918E-06   0.00000000E+00
  6.   28.   0.17017103E-02  -0.67240234E-04   0.47480908E-06   0.00000000E+00
  6.   29.   0.17509329E-02  -0.11646382E-03   0.42570062E-06   0.00000000E+00
  6.   30.   0.18181727E-02  -0.13448135E-03   0.34758133E-06   0.00000000E+00
  6.   31.   0.18854129E-02  -0.11646470E-03   0.24577584E-06   0.00000000E+00
  6.   32.   0.19346365E-02  -0.67241117E-04   0.12722244E-06   0.00000000E+00
  6.   33.   0.19526537E-02  -0.31722929E-12   0.46321629E-15   0.00000000E+00
  6.   34.   0.19346365E-02   0.67241117E-04  -0.12722244E-06   0.00000000E+00
  6.   35.   0.18854129E-02   0.11646470E-03  -0.24577584E-06   0.00000000E+00
  6.   36.   0.18181727E-02   0.13448135E-03  -0.34758133E-06   0.00000000E+00
  6.   37.   0.17509329E-02   0.11646382E-03  -0.42570062E-06   0.00000000E+00
  6.   38.   0.17017103E-02   0.67240234E-04  -0.47480908E-06   0.00000000E+00
  6.   39.   0.16836937E-02   0.00000000E+00  -0.49155918E-06   0.00000000E+00
  6.   40.   0.17321133E-02   0.00000000E+00   0.20780865E-05   0.00000000E+00
  6.   41.   0.17536112E-02  -0.80232435E-04   0.20072807E-05   0.00000000E+00
  6.   42.   0.18123450E-02  -0.13896707E-03   0.17996867E-05   0.00000000E+00
  6.   43.   0.18925773E-02  -0.16046601E-03   0.14694471E-05   0.00000000E+00
  6.   44.   0.19728103E-02  -0.13896821E-03   0.10390625E-05   0.00000000E+00
  6.   45.   0.20315453E-02  -0.80233580E-04   0.53786078E-06   0.00000000E+00
  6.   46.   0.20530439E-02  -0.37851996E-12   0.24389310E-14   0.00000000E+00
  6.   47.   0.20315453E-02   0.80233579E-04  -0.53786078E-06   0.00000000E+00
  6.   48.   0.19728103E-02   0.13896821E-03  -0.10390625E-05   0.00000000E+00
  6.   49.   0.18925773E-02   0.16046601E-03  -0.14694471E-05   0.00000000E+00
  6.   50.   0.18123450E-02   0.13896707E-03  -0.17996867E-05   0.00000000E+00
  6.   51.   0.17536112E-02   0.80232436E-04  -0.20072807E-05   0.00000000E+00
  6.   52.   0.17321133E-02   0.00000000E+00  -0.20780865E-05   0.00000000E+00
  6.   53.   0.17321133E-02   0.00000000E+00  -0.20780865E-05   0.00000000E+00
  6.   54.   0.17536112E-02  -0.80232435E-04  -0.20072807E-05   0.00000000E+00
  6.   55.   0.18123450E-02  -0.13896707E-03  -0.17996867E-05   0.00000000E+00
  6.   56.   0.18925773E-02  -0.16046601E-03  -0.14694471E-05   0.00000000E+00
  6.   57.   0.19728103E-02  -0.13896821E-03  -0.10390625E-05   0.00000000E+00
  6.   58.   0.20315453E-02  -0.80233580E-04  -0.53786078E-06   0.00000000E+00
  6.   59.   0.20530439E-02  -0.37851720E-12  -0.24357399E-14   0.00000000E+00
  6.   60.   0.20315453E-02   0.80233579E-04   0.53786078E-06   0.00000000E+00
  6.   61.   0.19728103E-02   0.13896821E-03   0.10390625E-05   0.00000000E+00
  6.   62.   0.18925773E-02   0.16046601E-03   0.14694471E-05   0.00000000E+00
  6.   63.   0.18123450E-02   0.13896707E-03   0.17996867E-05   0.00000000E+00
  6.   64.   0.17536112E-02   0.80232436E-04   0.20072807E-05   0.00000000E+00
  6.   65.   0.17321133E-02   0.00000000E+00   0.20780865E-05   0.00000000E+00
  7.    1.   0.32276170E-03   0.00000000E+00  -0.16879667E-01   0.00000000E+00
  7.    2.   0.38932859E-03  -0.24842917E-03  -0.16304500E-01   0.00000000E+00
  7.    3.   0.57119156E-03  -0.43028977E-03  -0.14618199E-01   0.00000000E+00
  7.    4.   0.81961794E-03  -0.49685205E-03  -0.11935692E-01   0.00000000E+00
  7.    5.   0.10680402E-02  -0.43028286E-03  -0.84397952E-02   0.00000000E+00
  7.    6.   0.12498950E-02  -0.24842223E-03  -0.43687542E-02   0.00000000E+00
  7.    7.   0.13164578E-02  -0.11756617E-11  -0.19918530E-10   0.00000000E+00
  7.    8.   0.12498950E-02   0.24842223E-03   0.43687541E-02   0.00000000E+00
  7.    9.   0.10680402E-02   0.43028286E-03   0.84397952E-02   0.00000000E+00
  7.   10.   0.81961794E-03   0.49685205E-03   0.11935692E-01   0.00000000E+00
  7.   11.   0.57119157E-03   0.43028977E-03   0.14618199E-01   0.00000000E+00
  7.   12.   0.38932859E-03   0.24842917E-03   0.16304500E-01   0.00000000E+00
  7.   13.   0.32276170E-03   0.00000000E+00   0.16879667E-01   0.00000000E+00
  7.   14.  -0.17334067E-02   0.00000000E+00  -0.50223406E-02   0.00000000E+00
  7.   15.  -0.16040448E-02  -0.48278244E-03  -0.48512103E-02   0.00000000E+00
  7.   16.  -0.12506220E-02  -0.83620321E-03  -0.43494806E-02   0.00000000E+00
  7.   17.  -0.76783819E-03  -0.96556345E-03  -0.35513408E-02   0.00000000E+00
  7.   18.  -0.28505522E-03  -0.83620172E-03  -0.25111804E-02   0.00000000E+00
  7.   19.   0.68365858E-04  -0.48278096E-03  -0.12998838E-02   0.00000000E+00
  7.   20.   0.19772682E-03  -0.22815046E-11  -0.58805038E-11   0.00000000E+00
  7.   21.   0.68365861E-04   0.48278096E-03   0.12998838E-02   0.00000000E+00
  7.   22.  -0.28505522E-03   0.83620172E-03   0.25111804E-02   0.00000000E+00
  7.   23.  -0.76783818E-03   0.96556345E-03   0.35513408E-02   0.00000000E+00
  7.   24.  -0.12506220E-02   0.83620321E-03   0.43494806E-02   0.00000000E+00
  7.   25.  -0.16040448E-02   0.48278245E-03   0.48512103E-02   0.00000000E+00
  7.   26.  -0.17334067E-02   0.00000000E+00   0.50223406E-02   0.00000000E+00
  7.   27.  -0.18416301E-03   0.00000000E+00   0.10063163E-01   0.00000000E+00
  7.   28.  -0.18956897E-03   0.20174964E-04   0.97202629E-02   0.00000000E+00
  7.   29.  -0.20433791E-03   0.34943343E-04   0.87149341E-02   0.00000000E+00
  7.   30.  -0.22451168E-03   0.40347973E-04   0.71156971E-02   0.00000000E+00
  7.   31.  -0.24468435E-03   0.34941407E-04   0.50315458E-02   0.00000000E+00
  7.   32.  -0.25945106E-03   0.20173028E-04   0.26045153E-02   0.00000000E+00
  7.   33.  -0.26485591E-03   0.97277963E-13   0.11928301E-10   0.00000000E+00
  7.   34.  -0.25945106E-03  -0.20173028E-04  -0.26045153E-02   0.00000000E+00
  7.   35.  -0.24468435E-03  -0.34941407E-04  -0.50315458E-02   0.00000000E+00
  7.   36.  -0.22451168E-03  -0.40347973E-04  -0.71156971E-02   0.00000000E+00
  7.   37.  -0.20433791E-03  -0.34943343E-04  -0.87149341E-02   0.00000000E+00
  7.   38.  -0.18956897E-03  -0.20174964E-04  -0.97202629E-02   0.00000000E+00
  7.   39.  -0.18416301E-03   0.00000000E+00  -0.10063163E-01   0.00000000E+00
  7.   40.   0.13237359E-02   0.00000000E+00   0.18904966E-05   0.00000000E+00
  7.   41.   0.12334618E-02   0.33690473E-03   0.18260786E-05   0.00000000E+00
  7.   42.   0.98682898E-03   0.58353520E-03   0.16372150E-05   0.00000000E+00
  7.   43.   0.64992349E-03   0.67380697E-03   0.13367779E-05   0.00000000E+00
  7.   44.   0.31301943E-03   0.58353272E-03   0.94524291E-06   0.00000000E+00
  7.   45.   0.66389456E-04   0.33690225E-03   0.48929306E-06   0.00000000E+00
  7.   46.  -0.23883191E-04   0.15958040E-11   0.18227801E-14   0.00000000E+00
  7.   47.   0.66389454E-04  -0.33690225E-03  -0.48929306E-06   0.00000000E+00
  7.   48.   0.31301943E-03  -0.58353271E-03  -0.94524291E-06   0.00000000E+00
  7.   49.   0.64992348E-03  -0.67380697E-03  -0.13367779E-05   0.00000000E+00
  7.   50.   0.98682898E-03  -0.58353520E-03  -0.16372150E-05   0.00000000E+00
  7.   51.   0.12334618E-02  -0.33690474E-03  -0.18260786E-05   0.00000000E+00
  7.   52.   0.13237359E-02   0.00000000E+00  -0.18904966E-05   0.00000000E+00
  7.   53.  -0.13237359E-02   0.00000000E+00   0.18904966E-05   0.00000000E+00
  7.   54.  -0.12334618E-02  -0.33690473E-03   0.18260786E-05   0.00000000E+00
  7.   55.  -0.98682898E-03  -0.58353520E-03   0.16372150E-05   0.00000000E+00
  7.   56.  -0.64992349E-03  -0.67380697E-03   0.13367779E-05   0.00000000E+00
  7.   57.  -0.31301943E-03  -0.58353272E-03   0.94524291E-06   0.00000000E+00
  7.   58.  -0.66389456E-04  -0.33690225E-03   0.48929306E-06   0.00000000E+00
  7.   59.   0.23883191E-04  -0.15957460E-11   0.18275928E-14   0.00000000E+00
  7.   60.  -0.66389454E-04   0.33690225E-03  -0.48929306E-06   0.00000000E+00
  7.   61.  -0.31301943E-03   0.58353271E-03  -0.94524291E-06   0.00000000E+00
  7.   62.  -0.64992348E-03   0.67380697E-03  -0.13367779E-05   0.00000000E+00
  7.   63.  -0.98682898E-03   0.58353520E-03  -0.16372150E-05   0.00000000E+00
  7.   64.  -0.12334618E-02   0.33690474E-03  -0.18260786E-05   0.00000000E+00
  7.   65.  -0.13237359E-02   0.00000000E+00  -0.18904966E-05   0.00000000E+00
  8.    1.   0.38565021E-03   0.00000000E+00  -0.13680763E-02   0.00000000E+00
  8.    2.   0.28172497E-03  -0.30639242E-03  -0.68403866E-03   0.00000000E+00
  8.    3.   0.17442972E-04  -0.41586156E-03   0.68403655E-03   0.00000000E+00
  8.    4.  -0.27269548E-03  -0.27269556E-03   0.13680743E-02   0.00000000E+00
  8.    5.  -0.41586148E-03   0.17442931E-04   0.68403690E-03   0.00000000E+00
  8.    6.  -0.30639237E-03   0.28172497E-03  -0.68403806E-03   0.00000000E+00
  8.    7.  -0.15483958E-11   0.38565022E-03  -0.13680756E-02   0.00000000E+00
  8.    8.   0.30639237E-03   0.28172497E-03  -0.68403807E-03   0.00000000E+00
  8.    9.   0.41586148E-03   0.17442934E-04   0.68403689E-03   0.00000000E+00
  8.   10.   0.27269548E-03  -0.27269555E-03   0.13680743E-02   0.00000000E+00
  8.   11.  -0.17442969E-04  -0.41586156E-03   0.68403656E-03   0.00000000E+00
  8.   12.  -0.28172497E-03  -0.30639243E-03  -0.68403865E-03   0.00000000E+00
  8.   13.  -0.38565021E-03   0.00000000E+00  -0.13680763E-02   0.00000000E+00
  8.   14.   0.10908886E-02   0.00000000E+00  -0.11785793E-01   0.00000000E+00
  8.   15.   0.94223272E-03  -0.14090259E-02  -0.58928969E-02   0.00000000E+00
  8.   16.   0.33007229E-03  -0.16625911E-02   0.58928951E-02   0.00000000E+00
  8.   17.  -0.77137496E-03  -0.77137498E-03   0.11785791E-01   0.00000000E+00
  8.   18.  -0.16625911E-02   0.33007230E-03   0.58928953E-02   0.00000000E+00
  8.   19.  -0.14090259E-02   0.94223277E-03  -0.58928967E-02   0.00000000E+00
  8.   20.  -0.74549369E-11   0.10908886E-02  -0.11785793E-01   0.00000000E+00
  8.   21.   0.14090259E-02   0.94223277E-03  -0.58928968E-02   0.00000000E+00
  8.   22.   0.16625911E-02   0.33007231E-03   0.58928952E-02   0.00000000E+00
  8.   23.   0.77137497E-03  -0.77137497E-03   0.11785791E-01   0.00000000E+00
  8.   24.  -0.33007228E-03  -0.16625911E-02   0.58928952E-02   0.00000000E+00
  8.   25.  -0.94223272E-03  -0.14090259E-02  -0.58928969E-02   0.00000000E+00
  8.   26.  -0.10908886E-02   0.00000000E+00  -0.11785793E-01   0.00000000E+00
  8.   27.  -0.44311519E-03   0.00000000E+00  -0.18459965E-01   0.00000000E+00
  8.   28.   0.22115011E-03  -0.16813764E-02  -0.92299819E-02   0.00000000E+00
  8.   29.   0.10325358E-02  -0.13452894E-02   0.92299843E-02   0.00000000E+00
  8.   30.   0.31332969E-03   0.31332969E-03   0.18459967E-01   0.00000000E+00
  8.   31.  -0.13452894E-02   0.10325358E-02   0.92299841E-02   0.00000000E+00
  8.   32.  -0.16813764E-02   0.22115013E-03  -0.92299821E-02   0.00000000E+00
  8.   33.  -0.96932667E-11  -0.44311518E-03  -0.18459965E-01   0.00000000E+00
  8.   34.   0.16813764E-02   0.22115012E-03  -0.92299823E-02   0.00000000E+00
  8.   35.   0.13452894E-02   0.10325358E-02   0.92299840E-02   0.00000000E+00
  8.   36.  -0.31332967E-03   0.31332970E-03   0.18459967E-01   0.00000000E+00
  8.   37.  -0.10325358E-02  -0.13452894E-02   0.92299844E-02   0.00000000E+00
  8.   38.  -0.22115012E-03  -0.16813764E-02  -0.92299817E-02   0.00000000E+00
  8.   39.   0.44311519E-03   0.00000000E+00  -0.18459965E-01   0.00000000E+00
  8.   40.  -0.20432170E-02   0.00000000E+00  -0.38402338E-05   0.00000000E+00
  8.   41.  -0.95381010E-03  -0.38752400E-03  -0.19201167E-05   0.00000000E+00
  8.   42.   0.94846674E-03   0.40042492E-03   0.19201174E-05   0.00000000E+00
  8.   43.   0.14447728E-02   0.14447728E-02   0.38402345E-05   0.00000000E+00
  8.   44.   0.40042491E-03   0.94846672E-03   0.19201174E-05   0.00000000E+00
  8.   45.  -0.38752401E-03  -0.95381014E-03  -0.19201168E-05   0.00000000E+00
  8.   46.  -0.31068943E-11  -0.20432170E-02  -0.38402339E-05   0.00000000E+00
  8.   47.   0.38752401E-03  -0.95381015E-03  -0.19201168E-05   0.00000000E+00
  8.   48.  -0.40042490E-03   0.94846671E-03   0.19201173E-05   0.00000000E+00
  8.   49.  -0.14447728E-02   0.14447728E-02   0.38402345E-05   0.00000000E+00
  8.   50.  -0.94846675E-03   0.40042493E-03   0.19201175E-05   0.00000000E+00
  8.   51.   0.95381009E-03  -0.38752400E-03  -0.19201167E-05   0.00000000E+00
  8.   52.   0.20432170E-02   0.00000000E+00  -0.38402338E-05   0.00000000E+00
  8.   53.   0.20432170E-02   0.00000000E+00  -0.38402338E-05   0.00000000E+00
  8.   54.   0.95381010E-03   0.38752400E-03  -0.19201167E-05   0.00000000E+00
  8.   55.  -0.94846674E-03  -0.40042492E-03   0.19201174E-05   0.00000000E+00
  8.   56.  -0.14447728E-02  -0.14447728E-02   0.38402345E-05   0.00000000E+00
  8.   57.  -0.40042491E-03  -0.94846672E-03   0.19201174E-05   0.00000000E+00
  8.   58.   0.38752401E-03   0.95381014E-03  -0.19201168E-05   0.00000000E+00
  8.   59.   0.31081289E-11   0.20432170E-02  -0.38402339E-05   0.00000000E+00
  8.   60.  -0.38752401E-03   0.95381015E-03  -0.19201168E-05   0.00000000E+00
  8.   61.   0.40042490E-03  -0.94846671E-03   0.19201173E-05   0.00000000E+00
  8.   62.   0.14447728E-02  -0.14447728E-02   0.38402345E-05   0.00000000E+00
  8.   63.   0.94846675E-03  -0.40042493E-03   0.19201175E-05   0.00000000E+00
  8.   64.  -0.95381009E-03   0.38752400E-03  -0.19201167E-05   0.00000000E+00
  8.   65.  -0.20432170E-02   0.00000000E+00  -0.38402338E-05   0.00000000E+00
  9.    1.   0.10800461E-02   0.00000000E+00  -0.11980378E-01   0.00000000E+00
  9.    2.   0.11435609E-02  -0.65604038E-03  -0.10375541E-01   0.00000000E+00
  9.    3.   0.12710129E-02  -0.11255036E-02  -0.59910461E-02   0.00000000E+00
  9.    4.   0.13118473E-02  -0.13176327E-02  -0.17143955E-05   0.00000000E+00
  9.    5.   0.11214126E-02  -0.12780984E-02   0.59876168E-02   0.00000000E+00
  9.    6.   0.65392252E-03  -0.11514639E-02   0.10372111E-01   0.00000000E+00
  9.    7.   0.31037344E-11  -0.10882280E-02   0.11976948E-01   0.00000000E+00
  9.    8.  -0.65392252E-03  -0.11514639E-02   0.10372111E-01   0.00000000E+00
  9.    9.  -0.11214126E-02  -0.12780984E-02   0.59876169E-02   0.00000000E+00
  9.   10.  -0.13118473E-02  -0.13176327E-02  -0.17143399E-05   0.00000000E+00
  9.   11.  -0.12710129E-02  -0.11255037E-02  -0.59910460E-02   0.00000000E+00
  9.   12.  -0.11435609E-02  -0.65604039E-03  -0.10375541E-01   0.00000000E+00
  9.   13.  -0.10800461E-02   0.00000000E+00  -0.11980378E-01   0.00000000E+00
  9.   14.  -0.14936360E-02   0.00000000E+00  -0.97347406E-02   0.00000000E+00
  9.   15.  -0.11503554E-02  -0.70380281E-03  -0.84285723E-02   0.00000000E+00
  9.   16.  -0.31518368E-03  -0.94614620E-03  -0.48600539E-02   0.00000000E+00
  9.   17.   0.54146731E-03  -0.53923908E-03   0.14632825E-04   0.00000000E+00
  9.   18.   0.94772178E-03   0.31791267E-03   0.48893195E-02   0.00000000E+00
  9.   19.   0.70461837E-03   0.11533992E-02   0.84578379E-02   0.00000000E+00
  9.   20.   0.35669352E-11   0.14967870E-02   0.97640062E-02   0.00000000E+00
  9.   21.  -0.70461836E-03   0.11533992E-02   0.84578379E-02   0.00000000E+00
  9.   22.  -0.94772178E-03   0.31791268E-03   0.48893196E-02   0.00000000E+00
  9.   23.  -0.54146732E-03  -0.53923908E-03   0.14632870E-04   0.00000000E+00
  9.   24.   0.31518367E-03  -0.94614620E-03  -0.48600539E-02   0.00000000E+00
  9.   25.   0.11503554E-02  -0.70380281E-03  -0.84285722E-02   0.00000000E+00
  9.   26.   0.14936360E-02   0.00000000E+00  -0.97347406E-02   0.00000000E+00
  9.   27.  -0.61129205E-03   0.00000000E+00   0.90309333E-02   0.00000000E+00
  9.   28.  -0.57256285E-03   0.91945797E-04   0.78194782E-02   0.00000000E+00
  9.   29.  -0.46950010E-03   0.20293995E-03   0.45097217E-02   0.00000000E+00
  9.   30.  -0.33444168E-03   0.33590395E-03  -0.11489688E-04   0.00000000E+00
  9.   31.  -0.20190594E-03   0.47129098E-03  -0.45327008E-02   0.00000000E+00
  9.   32.  -0.91410533E-04   0.57456033E-03  -0.78424570E-02   0.00000000E+00
  9.   33.  -0.40040144E-12   0.61336000E-03  -0.90539118E-02   0.00000000E+00
  9.   34.   0.91410532E-04   0.57456033E-03  -0.78424570E-02   0.00000000E+00
  9.   35.   0.20190594E-03   0.47129098E-03  -0.45327009E-02   0.00000000E+00
  9.   36.   0.33444168E-03   0.33590395E-03  -0.11489730E-04   0.00000000E+00
  9.   37.   0.46950010E-03   0.20293996E-03   0.45097216E-02   0.00000000E+00
  9.   38.   0.57256285E-03   0.91945798E-04   0.78194782E-02   0.00000000E+00
  9.   39.   0.61129205E-03   0.00000000E+00   0.90309333E-02   0.00000000E+00
  9.   40.   0.14789527E-02   0.00000000E+00   0.49624362E-05   0.00000000E+00
  9.   41.   0.12299905E-02   0.35723102E-03   0.42966702E-05   0.00000000E+00
  9.   42.   0.61638877E-03   0.40929965E-03   0.24777638E-05   0.00000000E+00
  9.   43.  -0.39218788E-04   0.36339003E-04  -0.69084217E-08   0.00000000E+00
  9.   44.  -0.41133595E-03  -0.61991575E-03  -0.24915806E-05   0.00000000E+00
  9.   45.  -0.35828508E-03  -0.12339242E-02  -0.43104868E-05   0.00000000E+00
  9.   46.  -0.18787741E-11  -0.14830252E-02  -0.49762527E-05   0.00000000E+00
  9.   47.   0.35828507E-03  -0.12339243E-02  -0.43104868E-05   0.00000000E+00
  9.   48.   0.41133595E-03  -0.61991575E-03  -0.24915806E-05   0.00000000E+00
  9.   49.   0.39218793E-04   0.36338998E-04  -0.69084447E-08   0.00000000E+00
  9.   50.  -0.61638876E-03   0.40929965E-03   0.24777638E-05   0.00000000E+00
  9.   51.  -0.12299905E-02   0.35723103E-03   0.42966702E-05   0.00000000E+00
  9.   52.  -0.14789527E-02   0.00000000E+00   0.49624362E-05   0.00000000E+00
  9.   53.  -0.14789527E-02   0.00000000E+00   0.49624362E-05   0.00000000E+00
  9.   54.  -0.12299905E-02  -0.35723102E-03   0.42966702E-05   0.00000000E+00
  9.   55.  -0.61638877E-03  -0.40929965E-03   0.24777638E-05   0.00000000E+00
  9.   56.   0.39218788E-04  -0.36339003E-04  -0.69084217E-08   0.00000000E+00
  9.   57.   0.41133595E-03   0.61991575E-03  -0.24915806E-05   0.00000000E+00
  9.   58.   0.35828508E-03   0.12339242E-02  -0.43104868E-05   0.00000000E+00
  9.   59.   0.18780868E-11   0.14830252E-02  -0.49762527E-05   0.00000000E+00
  9.   60.  -0.35828507E-03   0.12339243E-02  -0.43104868E-05   0.00000000E+00
  9.   61.  -0.41133595E-03   0.61991575E-03  -0.24915806E-05   0.00000000E+00
  9.   62.  -0.39218793E-04  -0.36338998E-04  -0.69084447E-08   0.00000000E+00
  9.   63.   0.61638876E-03  -0.40929965E-03   0.24777638E-05   0.00000000E+00
  9.   64.   0.12299905E-02  -0.35723103E-03   0.42966702E-05   0.00000000E+00
  9.   65.   0.14789527E-02   0.00000000E+00   0.49624362E-05   0.00000000E+00
 10.    1.   0.96841603E-03   0.00000000E+00   0.12046340E-02   0.00000000E+00
 10.    2.   0.93542163E-03   0.24994246E-03   0.12058034E-02   0.00000000E+00
 10.    3.   0.83868454E-03   0.48285715E-03   0.12089972E-02   0.00000000E+00
 10.    4.   0.68479189E-03   0.68287297E-03   0.12133580E-02   0.00000000E+00
 10.    5.   0.48422670E-03   0.83635636E-03   0.12177163E-02   0.00000000E+00
 10.    6.   0.25065617E-03   0.93284279E-03   0.12209052E-02   0.00000000E+00
 10.    7.   0.11428385E-11   0.96575298E-03   0.12220721E-02   0.00000000E+00
 10.    8.  -0.25065616E-03   0.93284279E-03   0.12209052E-02   0.00000000E+00
 10.    9.  -0.48422670E-03   0.83635636E-03   0.12177163E-02   0.00000000E+00
 10.   10.  -0.68479188E-03   0.68287297E-03   0.12133580E-02   0.00000000E+00
 10.   11.  -0.83868454E-03   0.48285715E-03   0.12089972E-02   0.00000000E+00
 10.   12.  -0.93542163E-03   0.24994246E-03   0.12058034E-02   0.00000000E+00
 10.   13.  -0.96841603E-03   0.00000000E+00   0.12046340E-02   0.00000000E+00
 10.   14.  -0.31393025E-03   0.00000000E+00  -0.36518758E-02   0.00000000E+00
 10.   15.  -0.30296245E-03  -0.81591065E-04  -0.36505127E-02   0.00000000E+00
 10.   16.  -0.27096524E-03  -0.15723875E-03  -0.36467887E-02   0.00000000E+00
 10.   17.  -0.22050229E-03  -0.22162921E-03  -0.36417018E-02   0.00000000E+00
 10.   18.  -0.15539557E-03  -0.27053313E-03  -0.36366152E-02   0.00000000E+00
 10.   19.  -0.80240476E-04  -0.30100078E-03  -0.36328918E-02   0.00000000E+00
 10.   20.  -0.36482761E-12  -0.31133865E-03  -0.36315289E-02   0.00000000E+00
 10.   21.   0.80240475E-04  -0.30100078E-03  -0.36328918E-02   0.00000000E+00
 10.   22.   0.15539557E-03  -0.27053313E-03  -0.36366152E-02   0.00000000E+00
 10.   23.   0.22050229E-03  -0.22162921E-03  -0.36417018E-02   0.00000000E+00
 10.   24.   0.27096524E-03  -0.15723875E-03  -0.36467887E-02   0.00000000E+00
 10.   25.   0.30296245E-03  -0.81591066E-04  -0.36505127E-02   0.00000000E+00
 10.   26.   0.31393025E-03   0.00000000E+00  -0.36518758E-02   0.00000000E+00
 10.   27.  -0.27962690E-03   0.00000000E+00   0.25990097E-02   0.00000000E+00
 10.   28.  -0.27006545E-03  -0.72140294E-04   0.25979050E-02   0.00000000E+00
 10.   29.  -0.24205225E-03  -0.13931719E-03   0.25948873E-02   0.00000000E+00
 10.   30.  -0.19754355E-03  -0.19693310E-03   0.25907659E-02   0.00000000E+00
 10.   31.  -0.13961979E-03  -0.24108109E-03   0.25866454E-02   0.00000000E+00
 10.   32.  -0.72248034E-04  -0.26879977E-03   0.25836296E-02   0.00000000E+00
 10.   33.  -0.32816595E-12  -0.27824740E-03   0.25825258E-02   0.00000000E+00
 10.   34.   0.72248034E-04  -0.26879977E-03   0.25836296E-02   0.00000000E+00
 10.   35.   0.13961979E-03  -0.24108109E-03   0.25866454E-02   0.00000000E+00
 10.   36.   0.19754355E-03  -0.19693310E-03   0.25907659E-02   0.00000000E+00
 10.   37.   0.24205225E-03  -0.13931719E-03   0.25948873E-02   0.00000000E+00
 10.   38.   0.27006545E-03  -0.72140295E-04   0.25979050E-02   0.00000000E+00
 10.   39.   0.27962690E-03   0.00000000E+00   0.25990097E-02   0.00000000E+00
 10.   40.   0.49185506E-03   0.00000000E+00   0.18717443E-05   0.00000000E+00
 10.   41.   0.47490268E-03   0.12727665E-03   0.18710182E-05   0.00000000E+00
 10.   42.   0.42531381E-03   0.24560692E-03   0.18690348E-05   0.00000000E+00
 10.   43.   0.34674060E-03   0.34681395E-03   0.18663257E-05   0.00000000E+00
 10.   44.   0.24481028E-03   0.42411366E-03   0.18636170E-05   0.00000000E+00
 10.   45.   0.12658205E-03   0.47251081E-03   0.18616345E-05   0.00000000E+00
 10.   46.   0.57772321E-12   0.48897968E-03   0.18609089E-05   0.00000000E+00
 10.   47.  -0.12658205E-03   0.47251081E-03   0.18616345E-05   0.00000000E+00
 10.   48.  -0.24481028E-03   0.42411366E-03   0.18636170E-05   0.00000000E+00
 10.   49.  -0.34674059E-03   0.34681395E-03   0.18663257E-05   0.00000000E+00
 10.   50.  -0.42531381E-03   0.24560692E-03   0.18690348E-05   0.00000000E+00
 10.   51.  -0.47490268E-03   0.12727665E-03   0.18710182E-05   0.00000000E+00
 10.   52.  -0.49185506E-03   0.00000000E+00   0.18717443E-05   0.00000000E+00
 10.   53.  -0.49185506E-03   0.00000000E+00   0.18717443E-05   0.00000000E+00
 10.   54.  -0.47490268E-03  -0.12727665E-03   0.18710182E-05   0.00000000E+00
 10.   55.  -0.42531381E-03  -0.24560692E-03   0.18690348E-05   0.00000000E+00
 10.   56.  -0.34674060E-03  -0.34681395E-03   0.18663257E-05   0.00000000E+00
 10.   57.  -0.24481028E-03  -0.42411366E-03   0.18636170E-05   0.00000000E+00
 10.   58.  -0.12658205E-03  -0.47251081E-03   0.18616345E-05   0.00000000E+00
 10.   59.  -0.57767530E-12  -0.48897968E-03   0.18609089E-05   0.00000000E+00
 10.   60.   0.12658205E-03  -0.47251081E-03   0.18616345E-05   0.00000000E+00
 10.   61.   0.24481028E-03  -0.42411366E-03   0.18636170E-05   0.00000000E+00
 10.   62.   0.34674059E-03  -0.34681395E-03   0.18663257E-05   0.00000000E+00
 10.   63.   0.42531381E-03  -0.24560692E-03   0.18690348E-05   0.00000000E+00
 10.   64.   0.47490268E-03  -0.12727665E-03   0.18710182E-05   0.00000000E+00
 10.   65.   0.49185506E-03   0.00000000E+00   0.18717443E-05   0.00000000E+00
 11.    1.   0.14865984E-03   0.00000000E+00  -0.41946625E-03   0.00000000E+00
 11.    2.   0.77800854E-04  -0.14169681E-03  -0.10856586E-03   0.00000000E+00
 11.    3.  -0.70858962E-04  -0.13475497E-03   0.36326843E-03   0.00000000E+00
 11.    4.  -0.15560163E-03   0.69418522E-05   0.29660744E-03   0.00000000E+00
 11.    5.  -0.84742654E-04   0.13475500E-03  -0.20973310E-03   0.00000000E+00
 11.    6.   0.77800824E-04   0.12781315E-03  -0.40517327E-03   0.00000000E+00
 11.    7.   0.16254348E-03   0.67764585E-12  -0.24482088E-11   0.00000000E+00
 11.    8.   0.77800825E-04  -0.12781315E-03   0.40517327E-03   0.00000000E+00
 11.    9.  -0.84742653E-04  -0.13475500E-03   0.20973311E-03   0.00000000E+00
 11.   10.  -0.15560163E-03  -0.69418536E-05  -0.29660744E-03   0.00000000E+00
 11.   11.  -0.70858963E-04   0.13475497E-03  -0.36326843E-03   0.00000000E+00
 11.   12.   0.77800853E-04   0.14169681E-03   0.10856585E-03   0.00000000E+00
 11.   13.   0.14865984E-03   0.00000000E+00   0.41946625E-03   0.00000000E+00
 11.   14.   0.83412908E-03   0.00000000E+00  -0.67083069E-02   0.00000000E+00
 11.   15.   0.53681249E-03  -0.11692824E-02  -0.17362377E-02   0.00000000E+00
 11.   16.  -0.29731660E-03  -0.92978654E-03   0.58095639E-02   0.00000000E+00
 11.   17.  -0.10736250E-02   0.23949590E-03   0.47434891E-02   0.00000000E+00
 11.   18.  -0.77630841E-03   0.92978652E-03  -0.33541534E-02   0.00000000E+00
 11.   19.   0.53681250E-03   0.69029062E-03  -0.64797268E-02   0.00000000E+00
 11.   20.   0.13131209E-02   0.33729054E-11  -0.39500126E-10   0.00000000E+00
 11.   21.   0.53681251E-03  -0.69029061E-03   0.64797268E-02   0.00000000E+00
 11.   22.  -0.77630840E-03  -0.92978652E-03   0.33541535E-02   0.00000000E+00
 11.   23.  -0.10736250E-02  -0.23949591E-03  -0.47434891E-02   0.00000000E+00
 11.   24.  -0.29731661E-03   0.92978653E-03  -0.58095640E-02   0.00000000E+00
 11.   25.   0.53681248E-03   0.11692824E-02   0.17362376E-02   0.00000000E+00
 11.   26.   0.83412908E-03   0.00000000E+00   0.67083069E-02   0.00000000E+00
 11.   27.  -0.13089435E-03   0.00000000E+00  -0.13983061E-01   0.00000000E+00
 11.   28.   0.42500247E-03  -0.17170252E-02  -0.36190823E-02   0.00000000E+00
 11.   29.   0.55589681E-03  -0.73612589E-03   0.12109686E-01   0.00000000E+00
 11.   30.  -0.85000496E-03   0.98089929E-03   0.98875172E-02   0.00000000E+00
 11.   31.  -0.14059018E-02   0.73612588E-03  -0.69915303E-02   0.00000000E+00
 11.   32.   0.42500247E-03  -0.24477341E-03  -0.13506600E-01   0.00000000E+00
 11.   33.   0.18309042E-02  -0.29291091E-11  -0.82445324E-10   0.00000000E+00
 11.   34.   0.42500249E-03   0.24477342E-03   0.13506600E-01   0.00000000E+00
 11.   35.  -0.14059018E-02  -0.73612587E-03   0.69915304E-02   0.00000000E+00
 11.   36.  -0.85000497E-03  -0.98089930E-03  -0.98875171E-02   0.00000000E+00
 11.   37.   0.55589680E-03   0.73612587E-03  -0.12109686E-01   0.00000000E+00
 11.   38.   0.42500247E-03   0.17170252E-02   0.36190822E-02   0.00000000E+00
 11.   39.  -0.13089435E-03   0.00000000E+00   0.13983061E-01   0.00000000E+00
 11.   40.  -0.16969676E-02   0.00000000E+00  -0.62561455E-05   0.00000000E+00
 11.   41.  -0.38608396E-03  -0.25608258E-03  -0.16192095E-05   0.00000000E+00
 11.   42.   0.13108836E-02   0.66871707E-03   0.54179811E-05   0.00000000E+00
 11.   43.   0.77216797E-03   0.92479966E-03   0.44237630E-05   0.00000000E+00
 11.   44.  -0.53871567E-03  -0.66871705E-03  -0.31280728E-05   0.00000000E+00
 11.   45.  -0.38608398E-03  -0.15935167E-02  -0.60429726E-05   0.00000000E+00
 11.   46.   0.15263170E-03  -0.10188049E-10  -0.33371673E-13   0.00000000E+00
 11.   47.  -0.38608397E-03   0.15935167E-02   0.60429726E-05   0.00000000E+00
 11.   48.  -0.53871568E-03   0.66871707E-03   0.31280728E-05   0.00000000E+00
 11.   49.   0.77216795E-03  -0.92479966E-03  -0.44237630E-05   0.00000000E+00
 11.   50.   0.13108837E-02  -0.66871708E-03  -0.54179811E-05   0.00000000E+00
 11.   51.  -0.38608394E-03   0.25608258E-03   0.16192095E-05   0.00000000E+00
 11.   52.  -0.16969676E-02   0.00000000E+00   0.62561456E-05   0.00000000E+00
 11.   53.   0.16969676E-02   0.00000000E+00  -0.62561455E-05   0.00000000E+00
 11.   54.   0.38608396E-03   0.25608258E-03  -0.16192095E-05   0.00000000E+00
 11.   55.  -0.13108836E-02  -0.66871707E-03   0.54179811E-05   0.00000000E+00
 11.   56.  -0.77216797E-03  -0.92479966E-03   0.44237630E-05   0.00000000E+00
 11.   57.   0.53871567E-03   0.66871705E-03  -0.31280728E-05   0.00000000E+00
 11.   58.   0.38608398E-03   0.15935167E-02  -0.60429726E-05   0.00000000E+00
 11.   59.  -0.15263170E-03   0.10188240E-10  -0.33370994E-13   0.00000000E+00
 11.   60.   0.38608397E-03  -0.15935167E-02   0.60429726E-05   0.00000000E+00
 11.   61.   0.53871568E-03  -0.66871707E-03   0.31280728E-05   0.00000000E+00
 11.   62.  -0.77216795E-03   0.92479966E-03  -0.44237630E-05   0.00000000E+00
 11.   63.  -0.13108837E-02   0.66871708E-03  -0.54179811E-05   0.00000000E+00
 11.   64.   0.38608394E-03  -0.25608258E-03   0.16192095E-05   0.00000000E+00
 11.   65.   0.16969676E-02   0.00000000E+00   0.62561456E-05   0.00000000E+00
 12.    1.   0.91397298E-03   0.00000000E+00  -0.54403559E-02   0.00000000E+00
 12.    2.   0.85487089E-03  -0.69341034E-03  -0.38469258E-02   0.00000000E+00
 12.    3.   0.63005354E-03  -0.10913010E-02  -0.44248687E-07   0.00000000E+00
 12.    4.   0.17306567E-03  -0.10870574E-02   0.38468402E-02   0.00000000E+00
 12.    5.  -0.45699058E-03  -0.79153770E-03   0.54402791E-02   0.00000000E+00
 12.    6.  -0.10279447E-02  -0.39364708E-03   0.38468631E-02   0.00000000E+00
 12.    7.  -0.12601152E-02  -0.17510124E-11   0.19254782E-10   0.00000000E+00
 12.    8.  -0.10279447E-02   0.39364708E-03  -0.38468631E-02   0.00000000E+00
 12.    9.  -0.45699058E-03   0.79153769E-03  -0.54402791E-02   0.00000000E+00
 12.   10.   0.17306567E-03   0.10870574E-02  -0.38468402E-02   0.00000000E+00
 12.   11.   0.63005353E-03   0.10913010E-02   0.44210791E-07   0.00000000E+00
 12.   12.   0.85487089E-03   0.69341034E-03   0.38469257E-02   0.00000000E+00
 12.   13.   0.91397298E-03   0.00000000E+00   0.54403559E-02   0.00000000E+00
 12.   14.  -0.73102591E-03   0.00000000E+00  -0.99269281E-02   0.00000000E+00
 12.   15.  -0.28680044E-03  -0.92684622E-03  -0.70193859E-02   0.00000000E+00
 12.   16.   0.58055942E-03  -0.10055586E-02   0.41054512E-07   0.00000000E+00
 12.   17.   0.94607188E-03  -0.21504618E-03   0.70194652E-02   0.00000000E+00
 12.   18.   0.36551149E-03   0.63308767E-03   0.99269992E-02   0.00000000E+00
 12.   19.  -0.65927437E-03   0.71180004E-03   0.70194440E-02   0.00000000E+00
 12.   20.  -0.11611218E-02   0.39600877E-11   0.35127359E-10   0.00000000E+00
 12.   21.  -0.65927438E-03  -0.71180003E-03  -0.70194439E-02   0.00000000E+00
 12.   22.   0.36551148E-03  -0.63308768E-03  -0.99269992E-02   0.00000000E+00
 12.   23.   0.94607188E-03   0.21504617E-03  -0.70194652E-02   0.00000000E+00
 12.   24.   0.58055942E-03   0.10055586E-02  -0.41123675E-07   0.00000000E+00
 12.   25.  -0.28680043E-03   0.92684623E-03   0.70193858E-02   0.00000000E+00
 12.   26.  -0.73102591E-03   0.00000000E+00   0.99269281E-02   0.00000000E+00
 12.   27.  -0.84227201E-03   0.00000000E+00   0.58709216E-02   0.00000000E+00
 12.   28.  -0.65933509E-03   0.15954739E-03   0.41513621E-02   0.00000000E+00
 12.   29.  -0.22963560E-03   0.39774964E-03  -0.21493378E-07   0.00000000E+00
 12.   30.   0.19150188E-03   0.65078065E-03  -0.41514036E-02   0.00000000E+00
 12.   31.   0.42114044E-03   0.72943551E-03  -0.58709589E-02   0.00000000E+00
 12.   32.   0.46784207E-03   0.49123326E-03  -0.41513925E-02   0.00000000E+00
 12.   33.   0.45928006E-03   0.24392890E-11  -0.20825066E-10   0.00000000E+00
 12.   34.   0.46784207E-03  -0.49123326E-03   0.41513924E-02   0.00000000E+00
 12.   35.   0.42114044E-03  -0.72943551E-03   0.58709589E-02   0.00000000E+00
 12.   36.   0.19150189E-03  -0.65078065E-03   0.41514036E-02   0.00000000E+00
 12.   37.  -0.22963560E-03  -0.39774964E-03   0.21534180E-07   0.00000000E+00
 12.   38.  -0.65933509E-03  -0.15954739E-03  -0.41513621E-02   0.00000000E+00
 12.   39.  -0.84227201E-03   0.00000000E+00  -0.58709216E-02   0.00000000E+00
 12.   40.   0.12841889E-02   0.00000000E+00   0.73512251E-05   0.00000000E+00
 12.   41.   0.86440380E-03   0.28246384E-03   0.51980912E-05   0.00000000E+00
 12.   42.  -0.34734457E-04   0.60150421E-04  -0.33193244E-10   0.00000000E+00
 12.   43.  -0.67683052E-03  -0.60737156E-03  -0.51981553E-05   0.00000000E+00
 12.   44.  -0.64209931E-03  -0.11121488E-02  -0.73512826E-05   0.00000000E+00
 12.   45.  -0.18758298E-03  -0.88983541E-03  -0.51981381E-05   0.00000000E+00
 12.   46.   0.69459199E-04  -0.46338018E-11  -0.24920513E-13   0.00000000E+00
 12.   47.  -0.18758298E-03   0.88983540E-03   0.51981381E-05   0.00000000E+00
 12.   48.  -0.64209930E-03   0.11121488E-02   0.73512826E-05   0.00000000E+00
 12.   49.  -0.67683053E-03   0.60737157E-03   0.51981553E-05   0.00000000E+00
 12.   50.  -0.34734465E-04  -0.60150416E-04   0.33244334E-10   0.00000000E+00
 12.   51.   0.86440379E-03  -0.28246384E-03  -0.51980912E-05   0.00000000E+00
 12.   52.   0.12841889E-02   0.00000000E+00  -0.73512251E-05   0.00000000E+00
 12.   53.  -0.12841889E-02   0.00000000E+00   0.73512251E-05   0.00000000E+00
 12.   54.  -0.86440380E-03  -0.28246384E-03   0.51980912E-05   0.00000000E+00
 12.   55.   0.34734457E-04  -0.60150421E-04  -0.33193231E-10   0.00000000E+00
 12.   56.   0.67683052E-03   0.60737156E-03  -0.51981553E-05   0.00000000E+00
 12.   57.   0.64209931E-03   0.11121488E-02  -0.73512826E-05   0.00000000E+00
 12.   58.   0.18758298E-03   0.88983541E-03  -0.51981381E-05   0.00000000E+00
 12.   59.  -0.69459199E-04   0.46332805E-11  -0.24927324E-13   0.00000000E+00
 12.   60.   0.18758298E-03  -0.88983540E-03   0.51981381E-05   0.00000000E+00
 12.   61.   0.64209930E-03  -0.11121488E-02   0.73512826E-05   0.00000000E+00
 12.   62.   0.67683053E-03  -0.60737157E-03   0.51981553E-05   0.00000000E+00
 12.   63.   0.34734465E-04   0.60150416E-04   0.33244343E-10   0.00000000E+00
 12.   64.  -0.86440379E-03   0.28246384E-03  -0.51980912E-05   0.00000000E+00
 12.   65.  -0.12841889E-02   0.00000000E+00  -0.73512251E-05   0.00000000E+00
 13.    1.  -0.55382231E-04   0.00000000E+00   0.13008240E-03   0.00000000E+00
 13.    2.  -0.15578391E-04   0.58139345E-04  -0.52858050E-11   0.00000000E+00
 13.    3.   0.47962418E-04   0.27691115E-04  -0.13008241E-03   0.00000000E+00
 13.    4.   0.42560955E-04  -0.42560955E-04  -0.52668680E-11   0.00000000E+00
 13.    5.  -0.27691115E-04  -0.47962419E-04   0.13008240E-03   0.00000000E+00
 13.    6.  -0.58139346E-04   0.15578390E-04  -0.39626353E-11   0.00000000E+00
 13.    7.  -0.35389514E-12   0.55382230E-04  -0.13008241E-03   0.00000000E+00
 13.    8.   0.58139346E-04   0.15578391E-04  -0.57317232E-11   0.00000000E+00
 13.    9.   0.27691116E-04  -0.47962419E-04   0.13008240E-03   0.00000000E+00
 13.   10.  -0.42560954E-04  -0.42560956E-04  -0.34087027E-11   0.00000000E+00
 13.   11.  -0.47962419E-04   0.27691114E-04  -0.13008241E-03   0.00000000E+00
 13.   12.   0.15578391E-04   0.58139345E-04  -0.71043950E-11   0.00000000E+00
 13.   13.   0.55382231E-04   0.00000000E+00   0.13008240E-03   0.00000000E+00
 13.   14.  -0.60312836E-03   0.00000000E+00   0.38677822E-02   0.00000000E+00
 13.   15.  -0.23407872E-03   0.87359367E-03   0.73426088E-11   0.00000000E+00
 13.   16.   0.52232448E-03   0.30156418E-03  -0.38677822E-02   0.00000000E+00
 13.   17.   0.63951495E-03  -0.63951495E-03  -0.11671987E-10   0.00000000E+00
 13.   18.  -0.30156418E-03  -0.52232448E-03   0.38677822E-02   0.00000000E+00
 13.   19.  -0.87359367E-03   0.23407872E-03   0.21743451E-10   0.00000000E+00
 13.   20.  -0.56797324E-11   0.60312836E-03  -0.38677822E-02   0.00000000E+00
 13.   21.   0.87359367E-03   0.23407872E-03  -0.31957479E-10   0.00000000E+00
 13.   22.   0.30156419E-03  -0.52232448E-03   0.38677822E-02   0.00000000E+00
 13.   23.  -0.63951495E-03  -0.63951496E-03   0.42128877E-10   0.00000000E+00
 13.   24.  -0.52232449E-03   0.30156417E-03  -0.38677822E-02   0.00000000E+00
 13.   25.   0.23407871E-03   0.87359367E-03  -0.46535701E-10   0.00000000E+00
 13.   26.   0.60312836E-03   0.00000000E+00   0.38677822E-02   0.00000000E+00
 13.   27.  -0.58068497E-04   0.00000000E+00   0.10757046E-01   0.00000000E+00
 13.   28.  -0.43552141E-03   0.16253880E-02   0.52415873E-11   0.00000000E+00
 13.   29.   0.50288794E-04   0.29034250E-04  -0.10757046E-01   0.00000000E+00
 13.   30.   0.11898666E-02  -0.11898666E-02  -0.46101642E-10   0.00000000E+00
 13.   31.  -0.29034242E-04  -0.50288797E-04   0.10757046E-01   0.00000000E+00
 13.   32.  -0.16253880E-02   0.43552141E-03   0.49073181E-10   0.00000000E+00
 13.   33.  -0.11845523E-10   0.58068498E-04  -0.10757046E-01   0.00000000E+00
 13.   34.   0.16253880E-02   0.43552141E-03  -0.10046684E-09   0.00000000E+00
 13.   35.   0.29034262E-04  -0.50288786E-04   0.10757046E-01   0.00000000E+00
 13.   36.  -0.11898666E-02  -0.11898666E-02   0.10336622E-09   0.00000000E+00
 13.   37.  -0.50288805E-04   0.29034230E-04  -0.10757046E-01   0.00000000E+00
 13.   38.   0.43552141E-03   0.16253880E-02  -0.14434004E-09   0.00000000E+00
 13.   39.   0.58068497E-04   0.00000000E+00   0.10757046E-01   0.00000000E+00
 13.   40.   0.14344096E-02   0.00000000E+00   0.81527296E-05   0.00000000E+00
 13.   41.  -0.40019628E-04   0.14935529E-03  -0.11422862E-13   0.00000000E+00
 13.   42.  -0.12422352E-02  -0.71720481E-03  -0.81527297E-05   0.00000000E+00
 13.   43.   0.10933565E-03  -0.10933566E-03  -0.13892041E-13   0.00000000E+00
 13.   44.   0.71720481E-03   0.12422352E-02   0.81527296E-05   0.00000000E+00
 13.   45.  -0.14935528E-03   0.40019634E-04   0.24403139E-13   0.00000000E+00
 13.   46.  -0.27886647E-11  -0.14344096E-02  -0.81527297E-05   0.00000000E+00
 13.   47.   0.14935529E-03   0.40019615E-04  -0.89082564E-13   0.00000000E+00
 13.   48.  -0.71720481E-03   0.12422352E-02   0.81527296E-05   0.00000000E+00
 13.   49.  -0.10933567E-03  -0.10933565E-03   0.99381089E-13   0.00000000E+00
 13.   50.   0.12422352E-02  -0.71720482E-03  -0.81527297E-05   0.00000000E+00
 13.   51.   0.40019647E-04   0.14935528E-03  -0.12468107E-12   0.00000000E+00
 13.   52.  -0.14344096E-02   0.00000000E+00   0.81527297E-05   0.00000000E+00
 13.   53.  -0.14344096E-02   0.00000000E+00   0.81527296E-05   0.00000000E+00
 13.   54.   0.40019628E-04  -0.14935529E-03  -0.11432608E-13   0.00000000E+00
 13.   55.   0.12422352E-02   0.71720481E-03  -0.81527297E-05   0.00000000E+00
 13.   56.  -0.10933565E-03   0.10933566E-03  -0.13902415E-13   0.00000000E+00
 13.   57.  -0.71720481E-03  -0.12422352E-02   0.81527296E-05   0.00000000E+00
 13.   58.   0.14935528E-03  -0.40019634E-04   0.24400555E-13   0.00000000E+00
 13.   59.   0.27882489E-11   0.14344096E-02  -0.81527297E-05   0.00000000E+00
 13.   60.  -0.14935529E-03  -0.40019615E-04  -0.89093193E-13   0.00000000E+00
 13.   61.   0.71720481E-03  -0.12422352E-02   0.81527296E-05   0.00000000E+00
 13.   62.   0.10933567E-03   0.10933565E-03   0.99371599E-13   0.00000000E+00
 13.   63.  -0.12422352E-02   0.71720482E-03  -0.81527297E-05   0.00000000E+00
 13.   64.  -0.40019647E-04  -0.14935528E-03  -0.12470390E-12   0.00000000E+00
 13.   65.   0.14344096E-02   0.00000000E+00   0.81527297E-05   0.00000000E+00
 14.    1.  -0.83313858E-03   0.00000000E+00  -0.90855088E-02   0.00000000E+00
 14.    2.  -0.73042720E-03  -0.38331885E-03  -0.87759261E-02   0.00000000E+00
 14.    3.  -0.44981552E-03  -0.66392581E-03  -0.78682761E-02   0.00000000E+00
 14.    4.  -0.66495573E-04  -0.76663213E-03  -0.64244151E-02   0.00000000E+00
 14.    5.   0.31682069E-03  -0.66391962E-03  -0.45427429E-02   0.00000000E+00
 14.    6.   0.59742497E-03  -0.38331263E-03  -0.23514948E-02   0.00000000E+00
 14.    7.   0.70013263E-03  -0.18103165E-11  -0.10707167E-10   0.00000000E+00
 14.    8.   0.59742497E-03   0.38331263E-03   0.23514948E-02   0.00000000E+00
 14.    9.   0.31682069E-03   0.66391962E-03   0.45427429E-02   0.00000000E+00
 14.   10.  -0.66495569E-04   0.76663213E-03   0.64244151E-02   0.00000000E+00
 14.   11.  -0.44981552E-03   0.66392581E-03   0.78682760E-02   0.00000000E+00
 14.   12.  -0.73042720E-03   0.38331886E-03   0.87759261E-02   0.00000000E+00
 14.   13.  -0.83313858E-03   0.00000000E+00   0.90855088E-02   0.00000000E+00
 14.   14.  -0.38761221E-03   0.00000000E+00   0.59238660E-02   0.00000000E+00
 14.   15.  -0.37708100E-03  -0.39304129E-04   0.57220043E-02   0.00000000E+00
 14.   16.  -0.34830807E-03  -0.68078669E-04   0.51301821E-02   0.00000000E+00
 14.   17.  -0.30900089E-03  -0.78613464E-04   0.41887466E-02   0.00000000E+00
 14.   18.  -0.26969075E-03  -0.68083805E-04   0.29618704E-02   0.00000000E+00
 14.   19.  -0.24091190E-03  -0.39309265E-04   0.15331691E-02   0.00000000E+00
 14.   20.  -0.23037773E-03  -0.18459392E-12   0.70038252E-11   0.00000000E+00
 14.   21.  -0.24091190E-03   0.39309265E-04  -0.15331691E-02   0.00000000E+00
 14.   22.  -0.26969075E-03   0.68083805E-04  -0.29618703E-02   0.00000000E+00
 14.   23.  -0.30900089E-03   0.78613464E-04  -0.41887466E-02   0.00000000E+00
 14.   24.  -0.34830807E-03   0.68078669E-04  -0.51301821E-02   0.00000000E+00
 14.   25.  -0.37708100E-03   0.39304129E-04  -0.57220043E-02   0.00000000E+00
 14.   26.  -0.38761221E-03   0.00000000E+00  -0.59238660E-02   0.00000000E+00
 14.   27.   0.85160512E-03   0.00000000E+00  -0.27739334E-02   0.00000000E+00
 14.   28.   0.79939086E-03   0.19486190E-03  -0.26794086E-02   0.00000000E+00
 14.   29.   0.65673937E-03   0.33750985E-03  -0.24022790E-02   0.00000000E+00
 14.   30.   0.46187500E-03   0.38972144E-03  -0.19614383E-02   0.00000000E+00
 14.   31.   0.26701201E-03   0.33750749E-03  -0.13869363E-02   0.00000000E+00
 14.   32.   0.12436329E-03   0.19485954E-03  -0.71792730E-03   0.00000000E+00
 14.   33.   0.72150421E-04   0.92035612E-12  -0.32719858E-11   0.00000000E+00
 14.   34.   0.12436329E-03  -0.19485954E-03   0.71792730E-03   0.00000000E+00
 14.   35.   0.26701201E-03  -0.33750749E-03   0.13869363E-02   0.00000000E+00
 14.   36.   0.46187500E-03  -0.38972144E-03   0.19614383E-02   0.00000000E+00
 14.   37.   0.65673937E-03  -0.33750985E-03   0.24022790E-02   0.00000000E+00
 14.   38.   0.79939086E-03  -0.19486190E-03   0.26794086E-02   0.00000000E+00
 14.   39.   0.85160512E-03   0.00000000E+00   0.27739334E-02   0.00000000E+00
 14.   40.  -0.94286398E-03   0.00000000E+00  -0.65404764E-05   0.00000000E+00
 14.   41.  -0.87856260E-03  -0.23997045E-03  -0.63176052E-05   0.00000000E+00
 14.   42.  -0.70288905E-03  -0.41563917E-03  -0.56641858E-05   0.00000000E+00
 14.   43.  -0.46291707E-03  -0.47993587E-03  -0.46247617E-05   0.00000000E+00
 14.   44.  -0.22294799E-03  -0.41563416E-03  -0.32701816E-05   0.00000000E+00
 14.   45.  -0.47280259E-04  -0.23996545E-03  -0.16927635E-05   0.00000000E+00
 14.   46.   0.17018211E-04  -0.11328280E-11  -0.75022452E-14   0.00000000E+00
 14.   47.  -0.47280258E-04   0.23996545E-03   0.16927635E-05   0.00000000E+00
 14.   48.  -0.22294799E-03   0.41563416E-03   0.32701816E-05   0.00000000E+00
 14.   49.  -0.46291706E-03   0.47993587E-03   0.46247617E-05   0.00000000E+00
 14.   50.  -0.70288905E-03   0.41563917E-03   0.56641858E-05   0.00000000E+00
 14.   51.  -0.87856260E-03   0.23997046E-03   0.63176052E-05   0.00000000E+00
 14.   52.  -0.94286398E-03   0.00000000E+00   0.65404764E-05   0.00000000E+00
 14.   53.   0.94286398E-03   0.00000000E+00  -0.65404764E-05   0.00000000E+00
 14.   54.   0.87856260E-03   0.23997045E-03  -0.63176052E-05   0.00000000E+00
 14.   55.   0.70288905E-03   0.41563917E-03  -0.56641858E-05   0.00000000E+00
 14.   56.   0.46291707E-03   0.47993587E-03  -0.46247617E-05   0.00000000E+00
 14.   57.   0.22294799E-03   0.41563416E-03  -0.32701816E-05   0.00000000E+00
 14.   58.   0.47280259E-04   0.23996545E-03  -0.16927635E-05   0.00000000E+00
 14.   59.  -0.17018211E-04   0.11329461E-11  -0.75048856E-14   0.00000000E+00
 14.   60.   0.47280258E-04  -0.23996545E-03   0.16927635E-05   0.00000000E+00
 14.   61.   0.22294799E-03  -0.41563416E-03   0.32701816E-05   0.00000000E+00
 14.   62.   0.46291706E-03  -0.47993587E-03   0.46247617E-05   0.00000000E+00
 14.   63.   0.70288905E-03  -0.41563917E-03   0.56641858E-05   0.00000000E+00
 14.   64.   0.87856260E-03  -0.23997046E-03   0.63176052E-05   0.00000000E+00
 14.   65.   0.94286398E-03   0.00000000E+00   0.65404764E-05   0.00000000E+00
 15.    1.   0.20258214E-04   0.00000000E+00  -0.40870762E-04   0.00000000E+00
 15.    2.   0.42022588E-06  -0.21826519E-04   0.10578133E-04   0.00000000E+00
 15.    3.  -0.20678440E-04   0.72785282E-06   0.35395120E-04   0.00000000E+00
 15.    4.  -0.84045194E-06   0.21098666E-04  -0.28899994E-04   0.00000000E+00
 15.    5.   0.21518892E-04  -0.72785260E-06  -0.20435382E-04   0.00000000E+00
 15.    6.   0.42022611E-06  -0.20370813E-04   0.39478126E-04   0.00000000E+00
 15.    7.  -0.21939118E-04  -0.24922410E-12   0.77727075E-12   0.00000000E+00
 15.    8.   0.42022560E-06   0.20370813E-04  -0.39478126E-04   0.00000000E+00
 15.    9.   0.21518892E-04   0.72785286E-06   0.20435381E-04   0.00000000E+00
 15.   10.  -0.84045180E-06  -0.21098666E-04   0.28899993E-04   0.00000000E+00
 15.   11.  -0.20678440E-04  -0.72785287E-06  -0.35395120E-04   0.00000000E+00
 15.   12.   0.42022577E-06   0.21826519E-04  -0.10578133E-04   0.00000000E+00
 15.   13.   0.20258214E-04   0.00000000E+00   0.40870763E-04   0.00000000E+00
 15.   14.   0.42351647E-03   0.00000000E+00  -0.22616911E-02   0.00000000E+00
 15.   15.   0.47606300E-04  -0.60118560E-03   0.58536873E-03   0.00000000E+00
 15.   16.  -0.47112277E-03   0.82456530E-04   0.19586820E-02   0.00000000E+00
 15.   17.  -0.95212602E-04   0.51872907E-03  -0.15992571E-02   0.00000000E+00
 15.   18.   0.56633537E-03  -0.82456528E-04  -0.11308456E-02   0.00000000E+00
 15.   19.   0.47606303E-04  -0.43627254E-03   0.21846259E-02   0.00000000E+00
 15.   20.  -0.61394167E-03  -0.27310838E-11   0.20290025E-10   0.00000000E+00
 15.   21.   0.47606294E-04   0.43627254E-03  -0.21846259E-02   0.00000000E+00
 15.   22.   0.56633537E-03   0.82456534E-04   0.11308455E-02   0.00000000E+00
 15.   23.  -0.95212594E-04  -0.51872907E-03   0.15992571E-02   0.00000000E+00
 15.   24.  -0.47112277E-03  -0.82456537E-04  -0.19586819E-02   0.00000000E+00
 15.   25.   0.47606294E-04   0.60118560E-03  -0.58536877E-03   0.00000000E+00
 15.   26.   0.42351647E-03   0.00000000E+00   0.22616911E-02   0.00000000E+00
 15.   27.   0.16991702E-03   0.00000000E+00  -0.84100720E-02   0.00000000E+00
 15.   28.   0.33938291E-03  -0.14365113E-02   0.21766868E-02   0.00000000E+00
 15.   29.  -0.50929993E-03   0.58782844E-03   0.72833360E-02   0.00000000E+00
 15.   30.  -0.67876582E-03   0.84868284E-03  -0.59468189E-02   0.00000000E+00
 15.   31.   0.11880657E-02  -0.58782844E-03  -0.42050360E-02   0.00000000E+00
 15.   32.   0.33938292E-03  -0.26085440E-03   0.81235057E-02   0.00000000E+00
 15.   33.  -0.15274486E-02   0.58316630E-12   0.68600768E-10   0.00000000E+00
 15.   34.   0.33938289E-03   0.26085439E-03  -0.81235058E-02   0.00000000E+00
 15.   35.   0.11880657E-02   0.58782844E-03   0.42050359E-02   0.00000000E+00
 15.   36.  -0.67876581E-03  -0.84868283E-03   0.59468190E-02   0.00000000E+00
 15.   37.  -0.50929994E-03  -0.58782846E-03  -0.72833359E-02   0.00000000E+00
 15.   38.   0.33938291E-03   0.14365113E-02  -0.21766869E-02   0.00000000E+00
 15.   39.   0.16991702E-03   0.00000000E+00   0.84100720E-02   0.00000000E+00
 15.   40.  -0.12342860E-02   0.00000000E+00  -0.96955471E-05   0.00000000E+00
 15.   41.   0.34732076E-03  -0.61932716E-04   0.25093922E-05   0.00000000E+00
 15.   42.   0.88696524E-03   0.60157720E-03   0.83965901E-05   0.00000000E+00
 15.   43.  -0.69464151E-03  -0.53964448E-03  -0.68557871E-05   0.00000000E+00
 15.   44.  -0.19232373E-03  -0.60157720E-03  -0.48477736E-05   0.00000000E+00
 15.   45.   0.34732076E-03   0.11412217E-02   0.93651793E-05   0.00000000E+00
 15.   46.  -0.15499703E-03   0.10136553E-10   0.73930860E-13   0.00000000E+00
 15.   47.   0.34732075E-03  -0.11412217E-02  -0.93651794E-05   0.00000000E+00
 15.   48.  -0.19232372E-03   0.60157719E-03   0.48477734E-05   0.00000000E+00
 15.   49.  -0.69464152E-03   0.53964449E-03   0.68557872E-05   0.00000000E+00
 15.   50.   0.88696523E-03  -0.60157720E-03  -0.83965900E-05   0.00000000E+00
 15.   51.   0.34732077E-03   0.61932709E-04  -0.25093924E-05   0.00000000E+00
 15.   52.  -0.12342860E-02   0.00000000E+00   0.96955472E-05   0.00000000E+00
 15.   53.   0.12342860E-02   0.00000000E+00  -0.96955471E-05   0.00000000E+00
 15.   54.  -0.34732076E-03   0.61932716E-04   0.25093922E-05   0.00000000E+00
 15.   55.  -0.88696524E-03  -0.60157720E-03   0.83965901E-05   0.00000000E+00
 15.   56.   0.69464151E-03   0.53964448E-03  -0.68557871E-05   0.00000000E+00
 15.   57.   0.19232373E-03   0.60157720E-03  -0.48477736E-05   0.00000000E+00
 15.   58.  -0.34732076E-03  -0.11412217E-02   0.93651793E-05   0.00000000E+00
 15.   59.   0.15499703E-03  -0.10136737E-10   0.73929872E-13   0.00000000E+00
 15.   60.  -0.34732075E-03   0.11412217E-02  -0.93651794E-05   0.00000000E+00
 15.   61.   0.19232372E-03  -0.60157719E-03   0.48477734E-05   0.00000000E+00
 15.   62.   0.69464152E-03  -0.53964449E-03   0.68557872E-05   0.00000000E+00
 15.   63.  -0.88696523E-03   0.60157720E-03  -0.83965900E-05   0.00000000E+00
 15.   64.  -0.34732077E-03  -0.61932709E-04  -0.25093924E-05   0.00000000E+00
 15.   65.   0.12342860E-02   0.00000000E+00   0.96955472E-05   0.00000000E+00
 16.    1.   0.55869871E-03   0.00000000E+00  -0.23017008E-02   0.00000000E+00
 16.    2.   0.42825620E-03  -0.51895038E-03  -0.11508527E-02   0.00000000E+00
 16.    3.   0.64130939E-04  -0.66977599E-03   0.11508437E-02   0.00000000E+00
 16.    4.  -0.39505916E-03  -0.39505938E-03   0.23016923E-02   0.00000000E+00
 16.    5.  -0.66977573E-03   0.64130863E-04   0.11508447E-02   0.00000000E+00
 16.    6.  -0.51895021E-03   0.42825626E-03  -0.11508510E-02   0.00000000E+00
 16.    7.  -0.26784147E-11   0.55869883E-03  -0.23016989E-02   0.00000000E+00
 16.    8.   0.51895020E-03   0.42825627E-03  -0.11508510E-02   0.00000000E+00
 16.    9.   0.66977573E-03   0.64130867E-04   0.11508447E-02   0.00000000E+00
 16.   10.   0.39505916E-03  -0.39505937E-03   0.23016923E-02   0.00000000E+00
 16.   11.  -0.64130935E-04  -0.66977599E-03   0.11508438E-02   0.00000000E+00
 16.   12.  -0.42825619E-03  -0.51895038E-03  -0.11508526E-02   0.00000000E+00
 16.   13.  -0.55869871E-03   0.00000000E+00  -0.23017008E-02   0.00000000E+00
 16.   14.  -0.18253129E-03   0.00000000E+00  -0.85599317E-02   0.00000000E+00
 16.   15.   0.20938711E-03  -0.11340677E-02  -0.42799646E-02   0.00000000E+00
 16.   16.   0.65384702E-03  -0.94996645E-03   0.42799696E-02   0.00000000E+00
 16.   17.   0.12906841E-03   0.12906846E-03   0.85599365E-02   0.00000000E+00
 16.   18.  -0.94996648E-03   0.65384712E-03   0.42799691E-02   0.00000000E+00
 16.   19.  -0.11340677E-02   0.20938723E-03  -0.42799654E-02   0.00000000E+00
 16.   20.  -0.65831053E-11  -0.18253115E-03  -0.85599327E-02   0.00000000E+00
 16.   21.   0.11340677E-02   0.20938723E-03  -0.42799655E-02   0.00000000E+00
 16.   22.   0.94996648E-03   0.65384712E-03   0.42799690E-02   0.00000000E+00
 16.   23.  -0.12906840E-03   0.12906847E-03   0.85599365E-02   0.00000000E+00
 16.   24.  -0.65384702E-03  -0.94996644E-03   0.42799697E-02   0.00000000E+00
 16.   25.  -0.20938711E-03  -0.11340677E-02  -0.42799645E-02   0.00000000E+00
 16.   26.   0.18253129E-03   0.00000000E+00  -0.85599317E-02   0.00000000E+00
 16.   27.  -0.93573891E-03   0.00000000E+00   0.36031946E-02   0.00000000E+00
 16.   28.  -0.53569971E-03   0.19155088E-03   0.18015968E-02   0.00000000E+00
 16.   29.   0.24335096E-03   0.51424439E-03  -0.18015989E-02   0.00000000E+00
 16.   30.   0.66166811E-03   0.66166810E-03  -0.36031967E-02   0.00000000E+00
 16.   31.   0.51424436E-03   0.24335086E-03  -0.18015987E-02   0.00000000E+00
 16.   32.   0.19155085E-03  -0.53569987E-03   0.18015972E-02   0.00000000E+00
 16.   33.   0.40261316E-12  -0.93573910E-03   0.36031951E-02   0.00000000E+00
 16.   34.  -0.19155085E-03  -0.53569988E-03   0.18015972E-02   0.00000000E+00
 16.   35.  -0.51424435E-03   0.24335086E-03  -0.18015987E-02   0.00000000E+00
 16.   36.  -0.66166811E-03   0.66166810E-03  -0.36031967E-02   0.00000000E+00
 16.   37.  -0.24335096E-03   0.51424439E-03  -0.18015989E-02   0.00000000E+00
 16.   38.   0.53569970E-03   0.19155088E-03   0.18015968E-02   0.00000000E+00
 16.   39.   0.93573891E-03   0.00000000E+00   0.36031946E-02   0.00000000E+00
 16.   40.   0.11245553E-02   0.00000000E+00   0.93467501E-05   0.00000000E+00
 16.   41.   0.52495295E-03   0.21332178E-03   0.46733727E-05   0.00000000E+00
 16.   42.  -0.52204003E-03  -0.22035707E-03  -0.46733821E-05   0.00000000E+00
 16.   43.  -0.79518141E-03  -0.79518142E-03  -0.93467593E-05   0.00000000E+00
 16.   44.  -0.22035702E-03  -0.52203995E-03  -0.46733813E-05   0.00000000E+00
 16.   45.   0.21332182E-03   0.52495311E-03   0.46733741E-05   0.00000000E+00
 16.   46.   0.16855341E-11   0.11245555E-02   0.93467518E-05   0.00000000E+00
 16.   47.  -0.21332182E-03   0.52495312E-03   0.46733742E-05   0.00000000E+00
 16.   48.   0.22035702E-03  -0.52203994E-03  -0.46733812E-05   0.00000000E+00
 16.   49.   0.79518141E-03  -0.79518142E-03  -0.93467593E-05   0.00000000E+00
 16.   50.   0.52204004E-03  -0.22035708E-03  -0.46733822E-05   0.00000000E+00
 16.   51.  -0.52495294E-03   0.21332178E-03   0.46733726E-05   0.00000000E+00
 16.   52.  -0.11245553E-02   0.00000000E+00   0.93467501E-05   0.00000000E+00
 16.   53.  -0.11245553E-02   0.00000000E+00   0.93467501E-05   0.00000000E+00
 16.   54.  -0.52495295E-03  -0.21332178E-03   0.46733727E-05   0.00000000E+00
 16.   55.   0.52204003E-03   0.22035707E-03  -0.46733821E-05   0.00000000E+00
 16.   56.   0.79518141E-03   0.79518142E-03  -0.93467593E-05   0.00000000E+00
 16.   57.   0.22035702E-03   0.52203995E-03  -0.46733813E-05   0.00000000E+00
 16.   58.  -0.21332182E-03  -0.52495311E-03   0.46733741E-05   0.00000000E+00
 16.   59.  -0.16854847E-11  -0.11245555E-02   0.93467518E-05   0.00000000E+00
 16.   60.   0.21332182E-03  -0.52495312E-03   0.46733742E-05   0.00000000E+00
 16.   61.  -0.22035702E-03   0.52203994E-03  -0.46733812E-05   0.00000000E+00
 16.   62.  -0.79518141E-03   0.79518142E-03  -0.93467593E-05   0.00000000E+00
 16.   63.  -0.52204004E-03   0.22035708E-03  -0.46733822E-05   0.00000000E+00
 16.   64.   0.52495294E-03  -0.21332178E-03   0.46733726E-05   0.00000000E+00
 16.   65.   0.11245553E-02   0.00000000E+00   0.93467501E-05   0.00000000E+00
 17.    1.   0.10791916E-03   0.00000000E+00  -0.76511443E-02   0.00000000E+00
 17.    2.   0.24171615E-03  -0.54298105E-03  -0.66238539E-02   0.00000000E+00
 17.    3.   0.55345844E-03  -0.85454085E-03  -0.38172446E-02   0.00000000E+00
 17.    4.   0.82748332E-03  -0.83291668E-03   0.16654617E-04   0.00000000E+00
 17.    5.   0.85069864E-03  -0.56011289E-03   0.38505534E-02   0.00000000E+00
 17.    6.   0.54099201E-03  -0.24913848E-03   0.66571619E-02   0.00000000E+00
 17.    7.   0.26326491E-11  -0.11560349E-03   0.76844518E-02   0.00000000E+00
 17.    8.  -0.54099200E-03  -0.24913848E-03   0.66571619E-02   0.00000000E+00
 17.    9.  -0.85069864E-03  -0.56011289E-03   0.38505535E-02   0.00000000E+00
 17.   10.  -0.82748333E-03  -0.83291668E-03   0.16654653E-04   0.00000000E+00
 17.   11.  -0.55345845E-03  -0.85454085E-03  -0.38172446E-02   0.00000000E+00
 17.   12.  -0.24171615E-03  -0.54298105E-03  -0.66238539E-02   0.00000000E+00
 17.   13.  -0.10791916E-03   0.00000000E+00  -0.76511443E-02   0.00000000E+00
 17.   14.  -0.84348506E-03   0.00000000E+00   0.32233291E-02   0.00000000E+00
 17.   15.  -0.73747638E-03  -0.68236153E-04   0.27903529E-02   0.00000000E+00
 17.   16.  -0.47193695E-03  -0.22549255E-04   0.16074401E-02   0.00000000E+00
 17.   17.  -0.17423575E-03   0.17920956E-03  -0.84482103E-05   0.00000000E+00
 17.   18.   0.26066396E-04   0.47802849E-03  -0.16243360E-02   0.00000000E+00
 17.   19.   0.70056832E-04   0.74427061E-03  -0.28072475E-02   0.00000000E+00
 17.   20.   0.41296013E-12   0.85051899E-03  -0.32402231E-02   0.00000000E+00
 17.   21.  -0.70056832E-04   0.74427061E-03  -0.28072475E-02   0.00000000E+00
 17.   22.  -0.26066397E-04   0.47802849E-03  -0.16243360E-02   0.00000000E+00
 17.   23.   0.17423575E-03   0.17920956E-03  -0.84482253E-05   0.00000000E+00
 17.   24.   0.47193694E-03  -0.22549254E-04   0.16074401E-02   0.00000000E+00
 17.   25.   0.73747637E-03  -0.68236153E-04   0.27903529E-02   0.00000000E+00
 17.   26.   0.84348506E-03   0.00000000E+00   0.32233291E-02   0.00000000E+00
 17.   27.   0.89428030E-03   0.00000000E+00  -0.11833322E-02   0.00000000E+00
 17.   28.   0.75560105E-03   0.17069403E-03  -0.10243509E-02   0.00000000E+00
 17.   29.   0.41240050E-03   0.17672722E-03  -0.59000589E-03   0.00000000E+00
 17.   30.   0.41095579E-04  -0.45697954E-04   0.33202420E-05   0.00000000E+00
 17.   31.  -0.17998158E-03  -0.41803714E-03   0.59664616E-03   0.00000000E+00
 17.   32.  -0.17237859E-03  -0.76188776E-03   0.10309907E-02   0.00000000E+00
 17.   33.  -0.91906470E-12  -0.90078870E-03   0.11899719E-02   0.00000000E+00
 17.   34.   0.17237859E-03  -0.76188776E-03   0.10309907E-02   0.00000000E+00
 17.   35.   0.17998159E-03  -0.41803715E-03   0.59664616E-03   0.00000000E+00
 17.   36.  -0.41095577E-04  -0.45697957E-04   0.33202475E-05   0.00000000E+00
 17.   37.  -0.41240050E-03   0.17672722E-03  -0.59000588E-03   0.00000000E+00
 17.   38.  -0.75560105E-03   0.17069404E-03  -0.10243509E-02   0.00000000E+00
 17.   39.  -0.89428030E-03   0.00000000E+00  -0.11833322E-02   0.00000000E+00
 17.   40.  -0.85184703E-03   0.00000000E+00  -0.82673971E-05   0.00000000E+00
 17.   41.  -0.70820047E-03  -0.20573379E-03  -0.71558357E-05   0.00000000E+00
 17.   42.  -0.35419327E-03  -0.23534921E-03  -0.41189936E-05   0.00000000E+00
 17.   43.   0.23951550E-04  -0.19684885E-04   0.29408942E-07   0.00000000E+00
 17.   44.   0.23836614E-03   0.35941878E-03   0.41778107E-05   0.00000000E+00
 17.   45.   0.20729542E-03   0.71402858E-03   0.72146509E-05   0.00000000E+00
 17.   46.   0.10870450E-11   0.85788064E-03   0.83262115E-05   0.00000000E+00
 17.   47.  -0.20729542E-03   0.71402858E-03   0.72146510E-05   0.00000000E+00
 17.   48.  -0.23836614E-03   0.35941878E-03   0.41778107E-05   0.00000000E+00
 17.   49.  -0.23951553E-04  -0.19684882E-04   0.29408980E-07   0.00000000E+00
 17.   50.   0.35419327E-03  -0.23534921E-03  -0.41189936E-05   0.00000000E+00
 17.   51.   0.70820047E-03  -0.20573379E-03  -0.71558357E-05   0.00000000E+00
 17.   52.   0.85184703E-03   0.00000000E+00  -0.82673971E-05   0.00000000E+00
 17.   53.   0.85184703E-03   0.00000000E+00  -0.82673971E-05   0.00000000E+00
 17.   54.   0.70820047E-03   0.20573379E-03  -0.71558357E-05   0.00000000E+00
 17.   55.   0.35419327E-03   0.23534921E-03  -0.41189936E-05   0.00000000E+00
 17.   56.  -0.23951550E-04   0.19684885E-04   0.29408942E-07   0.00000000E+00
 17.   57.  -0.23836614E-03  -0.35941878E-03   0.41778107E-05   0.00000000E+00
 17.   58.  -0.20729542E-03  -0.71402858E-03   0.72146509E-05   0.00000000E+00
 17.   59.  -0.10869039E-11  -0.85788064E-03   0.83262115E-05   0.00000000E+00
 17.   60.   0.20729542E-03  -0.71402858E-03   0.72146510E-05   0.00000000E+00
 17.   61.   0.23836614E-03  -0.35941878E-03   0.41778107E-05   0.00000000E+00
 17.   62.   0.23951553E-04   0.19684882E-04   0.29408980E-07   0.00000000E+00
 17.   63.  -0.35419327E-03   0.23534921E-03  -0.41189936E-05   0.00000000E+00
 17.   64.  -0.70820047E-03   0.20573379E-03  -0.71558357E-05   0.00000000E+00
 17.   65.  -0.85184703E-03   0.00000000E+00  -0.82673971E-05   0.00000000E+00
 18.    1.   0.30158587E-01   0.00000000E+00  -0.13479670E-04   0.00000000E+00
 18.    2.   0.28984758E-01  -0.72675483E-02  -0.11645566E-04   0.00000000E+00
 18.    3.   0.25628906E-01  -0.14246584E-01  -0.66346418E-05   0.00000000E+00
 18.    4.   0.20526489E-01  -0.20547138E-01   0.21055168E-06   0.00000000E+00
 18.    5.   0.14231986E-01  -0.25654192E-01   0.70559288E-05   0.00000000E+00
 18.    6.   0.72599938E-02  -0.29012953E-01   0.12067231E-04   0.00000000E+00
 18.    7.   0.32908297E-10  -0.30187774E-01   0.13901534E-04   0.00000000E+00
 18.    8.  -0.72599938E-02  -0.29012953E-01   0.12067231E-04   0.00000000E+00
 18.    9.  -0.14231986E-01  -0.25654192E-01   0.70559289E-05   0.00000000E+00
 18.   10.  -0.20526489E-01  -0.20547138E-01   0.21055174E-06   0.00000000E+00
 18.   11.  -0.25628906E-01  -0.14246584E-01  -0.66346418E-05   0.00000000E+00
 18.   12.  -0.28984758E-01  -0.72675484E-02  -0.11645566E-04   0.00000000E+00
 18.   13.  -0.30158587E-01   0.00000000E+00  -0.13479670E-04   0.00000000E+00
 18.   14.   0.54440870E-01   0.00000000E+00  -0.50914742E-04   0.00000000E+00
 18.   15.   0.51517788E-01  -0.10109957E-01  -0.44072973E-04   0.00000000E+00
 18.   16.   0.43573399E-01  -0.21041393E-01  -0.25380910E-04   0.00000000E+00
 18.   17.   0.32659555E-01  -0.32675000E-01   0.15293393E-06   0.00000000E+00
 18.   18.   0.21030472E-01  -0.43592315E-01   0.25686788E-04   0.00000000E+00
 18.   19.   0.10104304E-01  -0.51538886E-01   0.44378874E-04   0.00000000E+00
 18.   20.   0.44745441E-10  -0.54462711E-01   0.51220654E-04   0.00000000E+00
 18.   21.  -0.10104304E-01  -0.51538886E-01   0.44378875E-04   0.00000000E+00
 18.   22.  -0.21030472E-01  -0.43592315E-01   0.25686789E-04   0.00000000E+00
 18.   23.  -0.32659555E-01  -0.32675000E-01   0.15293417E-06   0.00000000E+00
 18.   24.  -0.43573399E-01  -0.21041393E-01  -0.25380909E-04   0.00000000E+00
 18.   25.  -0.51517788E-01  -0.10109957E-01  -0.44072973E-04   0.00000000E+00
 18.   26.  -0.54440870E-01   0.00000000E+00  -0.50914742E-04   0.00000000E+00
 18.   27.   0.69416147E-01   0.00000000E+00  -0.10810809E-03   0.00000000E+00
 18.   28.   0.63841078E-01  -0.59924547E-02  -0.93610119E-04   0.00000000E+00
 18.   29.   0.49376043E-01  -0.16115835E-01  -0.54000932E-04   0.00000000E+00
 18.   30.   0.31546113E-01  -0.31560490E-01   0.10622431E-06   0.00000000E+00
 18.   31.   0.16105669E-01  -0.49393652E-01   0.54213381E-04   0.00000000E+00
 18.   32.   0.59871923E-02  -0.63860718E-01   0.93822570E-04   0.00000000E+00
 18.   33.   0.23366433E-10  -0.69436479E-01   0.10832054E-03   0.00000000E+00
 18.   34.  -0.59871922E-02  -0.63860718E-01   0.93822570E-04   0.00000000E+00
 18.   35.  -0.16105669E-01  -0.49393652E-01   0.54213382E-04   0.00000000E+00
 18.   36.  -0.31546113E-01  -0.31560491E-01   0.10622481E-06   0.00000000E+00
 18.   37.  -0.49376043E-01  -0.16115835E-01  -0.54000931E-04   0.00000000E+00
 18.   38.  -0.63841078E-01  -0.59924548E-02  -0.93610118E-04   0.00000000E+00
 18.   39.  -0.69416147E-01   0.00000000E+00  -0.10810809E-03   0.00000000E+00
 18.   40.   0.73096901E-01   0.00000000E+00  -0.18347514E-03   0.00000000E+00
 18.   41.   0.64102726E-01   0.53474048E-02  -0.15888568E-03   0.00000000E+00
 18.   42.   0.41542776E-01   0.11331129E-02  -0.91706015E-04   0.00000000E+00
 18.   43.   0.16151754E-01  -0.16165316E-01   0.63104002E-07   0.00000000E+00
 18.   44.  -0.11427025E-02  -0.41559386E-01   0.91832219E-04   0.00000000E+00
 18.   45.  -0.53523685E-02  -0.64121251E-01   0.15901187E-03   0.00000000E+00
 18.   46.  -0.32342119E-10  -0.73116080E-01   0.18360133E-03   0.00000000E+00
 18.   47.   0.53523685E-02  -0.64121251E-01   0.15901187E-03   0.00000000E+00
 18.   48.   0.11427026E-02  -0.41559386E-01   0.91832220E-04   0.00000000E+00
 18.   49.  -0.16151754E-01  -0.16165317E-01   0.63104853E-07   0.00000000E+00
 18.   50.  -0.41542775E-01   0.11331128E-02  -0.91706014E-04   0.00000000E+00
 18.   51.  -0.64102725E-01   0.53474048E-02  -0.15888567E-03   0.00000000E+00
 18.   52.  -0.73096901E-01   0.00000000E+00  -0.18347514E-03   0.00000000E+00
 18.   53.   0.73096901E-01   0.00000000E+00   0.18347514E-03   0.00000000E+00
 18.   54.   0.64102726E-01   0.53474048E-02   0.15888568E-03   0.00000000E+00
 18.   55.   0.41542776E-01   0.11331129E-02   0.91706015E-04   0.00000000E+00
 18.   56.   0.16151754E-01  -0.16165316E-01  -0.63104002E-07   0.00000000E+00
 18.   57.  -0.11427025E-02  -0.41559386E-01  -0.91832219E-04   0.00000000E+00
 18.   58.  -0.53523685E-02  -0.64121251E-01  -0.15901187E-03   0.00000000E+00
 18.   59.  -0.32341568E-10  -0.73116080E-01  -0.18360133E-03   0.00000000E+00
 18.   60.   0.53523685E-02  -0.64121251E-01  -0.15901187E-03   0.00000000E+00
 18.   61.   0.11427026E-02  -0.41559386E-01  -0.91832220E-04   0.00000000E+00
 18.   62.  -0.16151754E-01  -0.16165317E-01  -0.63104854E-07   0.00000000E+00
 18.   63.  -0.41542775E-01   0.11331128E-02   0.91706014E-04   0.00000000E+00
 18.   64.  -0.64102725E-01   0.53474048E-02   0.15888567E-03   0.00000000E+00
 18.   65.  -0.73096901E-01   0.00000000E+00   0.18347514E-03   0.00000000E+00
 19.    1.   0.42371944E-03   0.00000000E+00  -0.13828084E-02   0.00000000E+00
 19.    2.   0.40954151E-03   0.10830927E-03  -0.13803966E-02   0.00000000E+00
 19.    3.   0.36782134E-03   0.20960535E-03  -0.13738083E-02   0.00000000E+00
 19.    4.   0.30103412E-03   0.29713688E-03  -0.13648102E-02   0.00000000E+00
 19.    5.   0.21336425E-03   0.36478575E-03  -0.13558143E-02   0.00000000E+00
 19.    6.   0.11063511E-03   0.40757439E-03  -0.13492303E-02   0.00000000E+00
 19.    7.   0.50431667E-12   0.42222048E-03  -0.13468207E-02   0.00000000E+00
 19.    8.  -0.11063511E-03   0.40757439E-03  -0.13492303E-02   0.00000000E+00
 19.    9.  -0.21336425E-03   0.36478575E-03  -0.13558143E-02   0.00000000E+00
 19.   10.  -0.30103412E-03   0.29713688E-03  -0.13648102E-02   0.00000000E+00
 19.   11.  -0.36782133E-03   0.20960535E-03  -0.13738083E-02   0.00000000E+00
 19.   12.  -0.40954151E-03   0.10830927E-03  -0.13803966E-02   0.00000000E+00
 19.   13.  -0.42371944E-03   0.00000000E+00  -0.13828084E-02   0.00000000E+00
 19.   14.  -0.36234783E-03   0.00000000E+00   0.67664170E-03   0.00000000E+00
 19.   15.  -0.34977377E-03  -0.93442150E-04   0.67570551E-03   0.00000000E+00
 19.   16.  -0.31304162E-03  -0.18019504E-03   0.67314857E-03   0.00000000E+00
 19.   17.  -0.25497607E-03  -0.25421339E-03   0.66965754E-03   0.00000000E+00
 19.   18.  -0.17985586E-03  -0.31058595E-03   0.66616858E-03   0.00000000E+00
 19.   19.  -0.92933689E-04  -0.34579247E-03   0.66361579E-03   0.00000000E+00
 19.   20.  -0.42420191E-12  -0.35775531E-03   0.66268168E-03   0.00000000E+00
 19.   21.   0.92933688E-04  -0.34579247E-03   0.66361579E-03   0.00000000E+00
 19.   22.   0.17985586E-03  -0.31058595E-03   0.66616858E-03   0.00000000E+00
 19.   23.   0.25497607E-03  -0.25421339E-03   0.66965754E-03   0.00000000E+00
 19.   24.   0.31304162E-03  -0.18019504E-03   0.67314857E-03   0.00000000E+00
 19.   25.   0.34977377E-03  -0.93442151E-04   0.67570551E-03   0.00000000E+00
 19.   26.   0.36234783E-03   0.00000000E+00   0.67664170E-03   0.00000000E+00
 19.   27.   0.32254491E-03   0.00000000E+00  -0.25974441E-03   0.00000000E+00
 19.   28.   0.31127541E-03   0.83339787E-04  -0.25941279E-03   0.00000000E+00
 19.   29.   0.27839844E-03   0.16060556E-03  -0.25850703E-03   0.00000000E+00
 19.   30.   0.22654923E-03   0.22636852E-03  -0.25727034E-03   0.00000000E+00
 19.   31.   0.15965571E-03   0.27631060E-03  -0.25603435E-03   0.00000000E+00
 19.   32.   0.82439749E-04   0.30742272E-03  -0.25512997E-03   0.00000000E+00
 19.   33.   0.37567209E-12   0.31797881E-03  -0.25479903E-03   0.00000000E+00
 19.   34.  -0.82439748E-04   0.30742272E-03  -0.25512997E-03   0.00000000E+00
 19.   35.  -0.15965571E-03   0.27631060E-03  -0.25603435E-03   0.00000000E+00
 19.   36.  -0.22654923E-03   0.22636853E-03  -0.25727034E-03   0.00000000E+00
 19.   37.  -0.27839844E-03   0.16060556E-03  -0.25850703E-03   0.00000000E+00
 19.   38.  -0.31127541E-03   0.83339788E-04  -0.25941279E-03   0.00000000E+00
 19.   39.  -0.32254491E-03   0.00000000E+00  -0.25974441E-03   0.00000000E+00
 19.   40.  -0.29537990E-03   0.00000000E+00  -0.29986697E-05   0.00000000E+00
 19.   41.  -0.28502792E-03  -0.76413015E-04  -0.29957690E-05   0.00000000E+00
 19.   42.  -0.25484577E-03  -0.14721256E-03  -0.29878453E-05   0.00000000E+00
 19.   43.  -0.20729653E-03  -0.20740579E-03  -0.29770243E-05   0.00000000E+00
 19.   44.  -0.14602647E-03  -0.25305903E-03  -0.29662066E-05   0.00000000E+00
 19.   45.  -0.75378868E-04  -0.28146694E-03  -0.29582896E-05   0.00000000E+00
 19.   46.  -0.34402031E-12  -0.29109908E-03  -0.29553922E-05   0.00000000E+00
 19.   47.   0.75378868E-04  -0.28146694E-03  -0.29582896E-05   0.00000000E+00
 19.   48.   0.14602647E-03  -0.25305903E-03  -0.29662066E-05   0.00000000E+00
 19.   49.   0.20729653E-03  -0.20740579E-03  -0.29770243E-05   0.00000000E+00
 19.   50.   0.25484577E-03  -0.14721256E-03  -0.29878453E-05   0.00000000E+00
 19.   51.   0.28502792E-03  -0.76413016E-04  -0.29957690E-05   0.00000000E+00
 19.   52.   0.29537990E-03   0.00000000E+00  -0.29986697E-05   0.00000000E+00
 19.   53.   0.29537990E-03   0.00000000E+00  -0.29986697E-05   0.00000000E+00
 19.   54.   0.28502792E-03   0.76413015E-04  -0.29957690E-05   0.00000000E+00
 19.   55.   0.25484577E-03   0.14721256E-03  -0.29878453E-05   0.00000000E+00
 19.   56.   0.20729653E-03   0.20740579E-03  -0.29770243E-05   0.00000000E+00
 19.   57.   0.14602647E-03   0.25305903E-03  -0.29662066E-05   0.00000000E+00
 19.   58.   0.75378868E-04   0.28146694E-03  -0.29582896E-05   0.00000000E+00
 19.   59.   0.34387246E-12   0.29109908E-03  -0.29553922E-05   0.00000000E+00
 19.   60.  -0.75378868E-04   0.28146694E-03  -0.29582896E-05   0.00000000E+00
 19.   61.  -0.14602647E-03   0.25305903E-03  -0.29662066E-05   0.00000000E+00
 19.   62.  -0.20729653E-03   0.20740579E-03  -0.29770243E-05   0.00000000E+00
 19.   63.  -0.25484577E-03   0.14721256E-03  -0.29878453E-05   0.00000000E+00
 19.   64.  -0.28502792E-03   0.76413016E-04  -0.29957690E-05   0.00000000E+00
 19.   65.  -0.29537990E-03   0.00000000E+00  -0.29986697E-05   0.00000000E+00
 20.    1.  -0.72677628E-05   0.00000000E+00   0.12888621E-04   0.00000000E+00
 20.    2.   0.17490872E-05   0.75125574E-05  -0.64443104E-05   0.00000000E+00
 20.    3.   0.65489717E-05  -0.40753889E-05  -0.64443105E-05   0.00000000E+00
 20.    4.  -0.51390843E-05  -0.51390844E-05   0.12888621E-04   0.00000000E+00
 20.    5.  -0.40753889E-05   0.65489717E-05  -0.64443104E-05   0.00000000E+00
 20.    6.   0.75125574E-05   0.17490872E-05  -0.64443105E-05   0.00000000E+00
 20.    7.   0.64945018E-13  -0.72677628E-05   0.12888621E-04   0.00000000E+00
 20.    8.  -0.75125574E-05   0.17490871E-05  -0.64443103E-05   0.00000000E+00
 20.    9.   0.40753888E-05   0.65489717E-05  -0.64443106E-05   0.00000000E+00
 20.   10.   0.51390844E-05  -0.51390843E-05   0.12888621E-04   0.00000000E+00
 20.   11.  -0.65489716E-05  -0.40753890E-05  -0.64443102E-05   0.00000000E+00
 20.   12.  -0.17490873E-05   0.75125574E-05  -0.64443106E-05   0.00000000E+00
 20.   13.   0.72677628E-05   0.00000000E+00   0.12888621E-04   0.00000000E+00
 20.   14.  -0.28985648E-03   0.00000000E+00   0.13281988E-02   0.00000000E+00
 20.   15.   0.48126868E-04   0.38034781E-03  -0.66409941E-03   0.00000000E+00
 20.   16.   0.30297735E-03  -0.23491568E-03  -0.66409941E-03   0.00000000E+00
 20.   17.  -0.20495948E-03  -0.20495949E-03   0.13281988E-02   0.00000000E+00
 20.   18.  -0.23491568E-03   0.30297735E-03  -0.66409940E-03   0.00000000E+00
 20.   19.   0.38034781E-03   0.48126870E-04  -0.66409942E-03   0.00000000E+00
 20.   20.   0.35175275E-11  -0.28985648E-03   0.13281988E-02   0.00000000E+00
 20.   21.  -0.38034781E-03   0.48126865E-04  -0.66409940E-03   0.00000000E+00
 20.   22.   0.23491568E-03   0.30297735E-03  -0.66409942E-03   0.00000000E+00
 20.   23.   0.20495949E-03  -0.20495948E-03   0.13281988E-02   0.00000000E+00
 20.   24.  -0.30297735E-03  -0.23491569E-03  -0.66409939E-03   0.00000000E+00
 20.   25.  -0.48126873E-04   0.38034781E-03  -0.66409943E-03   0.00000000E+00
 20.   26.   0.28985648E-03   0.00000000E+00   0.13281988E-02   0.00000000E+00
 20.   27.  -0.23152308E-03   0.00000000E+00   0.66144771E-02   0.00000000E+00
 20.   28.  -0.19432076E-03   0.11724832E-02  -0.33072385E-02   0.00000000E+00
 20.   29.   0.69166528E-03  -0.96647633E-03  -0.33072385E-02   0.00000000E+00
 20.   30.  -0.16371153E-03  -0.16371154E-03   0.66144771E-02   0.00000000E+00
 20.   31.  -0.96647633E-03   0.69166528E-03  -0.33072385E-02   0.00000000E+00
 20.   32.   0.11724832E-02  -0.19432075E-03  -0.33072386E-02   0.00000000E+00
 20.   33.   0.12604133E-10  -0.23152308E-03   0.66144770E-02   0.00000000E+00
 20.   34.  -0.11724832E-02  -0.19432076E-03  -0.33072385E-02   0.00000000E+00
 20.   35.   0.96647632E-03   0.69166528E-03  -0.33072386E-02   0.00000000E+00
 20.   36.   0.16371155E-03  -0.16371153E-03   0.66144770E-02   0.00000000E+00
 20.   37.  -0.69166529E-03  -0.96647634E-03  -0.33072384E-02   0.00000000E+00
 20.   38.   0.19432075E-03   0.11724832E-02  -0.33072386E-02   0.00000000E+00
 20.   39.   0.23152308E-03   0.00000000E+00   0.66144770E-02   0.00000000E+00
 20.   40.   0.10698635E-02   0.00000000E+00   0.10899327E-04   0.00000000E+00
 20.   41.  -0.55106190E-03  -0.10226541E-04  -0.54496635E-05   0.00000000E+00
 20.   42.  -0.39689087E-03  -0.38242835E-03  -0.54496635E-05   0.00000000E+00
 20.   43.   0.75650774E-03   0.75650773E-03   0.10899327E-04   0.00000000E+00
 20.   44.  -0.38242835E-03  -0.39689086E-03  -0.54496635E-05   0.00000000E+00
 20.   45.  -0.10226544E-04  -0.55106191E-03  -0.54496636E-05   0.00000000E+00
 20.   46.   0.27086345E-11   0.10698635E-02   0.10899327E-04   0.00000000E+00
 20.   47.   0.10226536E-04  -0.55106189E-03  -0.54496634E-05   0.00000000E+00
 20.   48.   0.38242836E-03  -0.39689088E-03  -0.54496636E-05   0.00000000E+00
 20.   49.  -0.75650773E-03   0.75650774E-03   0.10899327E-04   0.00000000E+00
 20.   50.   0.39689085E-03  -0.38242835E-03  -0.54496633E-05   0.00000000E+00
 20.   51.   0.55106192E-03  -0.10226548E-04  -0.54496637E-05   0.00000000E+00
 20.   52.  -0.10698635E-02   0.00000000E+00   0.10899327E-04   0.00000000E+00
 20.   53.  -0.10698635E-02   0.00000000E+00   0.10899327E-04   0.00000000E+00
 20.   54.   0.55106190E-03   0.10226541E-04  -0.54496635E-05   0.00000000E+00
 20.   55.   0.39689087E-03   0.38242835E-03  -0.54496635E-05   0.00000000E+00
 20.   56.  -0.75650774E-03  -0.75650773E-03   0.10899327E-04   0.00000000E+00
 20.   57.   0.38242835E-03   0.39689086E-03  -0.54496635E-05   0.00000000E+00
 20.   58.   0.10226544E-04   0.55106191E-03  -0.54496636E-05   0.00000000E+00
 20.   59.  -0.27088849E-11  -0.10698635E-02   0.10899327E-04   0.00000000E+00
 20.   60.  -0.10226536E-04   0.55106189E-03  -0.54496634E-05   0.00000000E+00
 20.   61.  -0.38242836E-03   0.39689088E-03  -0.54496636E-05   0.00000000E+00
 20.   62.   0.75650773E-03  -0.75650774E-03   0.10899327E-04   0.00000000E+00
 20.   63.  -0.39689085E-03   0.38242835E-03  -0.54496633E-05   0.00000000E+00
 20.   64.  -0.55106192E-03   0.10226548E-04  -0.54496637E-05   0.00000000E+00
 20.   65.   0.10698635E-02   0.00000000E+00   0.10899327E-04   0.00000000E+00
 21.    1.   0.29238191E-03   0.00000000E+00  -0.92692298E-03   0.00000000E+00
 21.    2.   0.16149082E-03  -0.31030981E-03  -0.23990545E-03   0.00000000E+00
 21.    3.  -0.13089101E-03  -0.27971014E-03   0.80273854E-03   0.00000000E+00
 21.    4.  -0.32298142E-03   0.30599683E-04   0.65543332E-03   0.00000000E+00
 21.    5.  -0.19209036E-03   0.27971020E-03  -0.46346140E-03   0.00000000E+00
 21.    6.   0.16149075E-03   0.24911054E-03  -0.89533865E-03   0.00000000E+00
 21.    7.   0.35358113E-03   0.13075074E-11  -0.54592289E-11   0.00000000E+00
 21.    8.   0.16149075E-03  -0.24911053E-03   0.89533864E-03   0.00000000E+00
 21.    9.  -0.19209036E-03  -0.27971020E-03   0.46346141E-03   0.00000000E+00
 21.   10.  -0.32298142E-03  -0.30599686E-04  -0.65543331E-03   0.00000000E+00
 21.   11.  -0.13089102E-03   0.27971014E-03  -0.80273855E-03   0.00000000E+00
 21.   12.   0.16149082E-03   0.31030981E-03   0.23990544E-03   0.00000000E+00
 21.   13.   0.29238191E-03   0.00000000E+00   0.92692298E-03   0.00000000E+00
 21.   14.   0.14592314E-03   0.00000000E+00  -0.67685109E-02   0.00000000E+00
 21.   15.   0.36251461E-03  -0.12070000E-02  -0.17518195E-02   0.00000000E+00
 21.   16.   0.21659141E-03  -0.62789388E-03   0.58617025E-02   0.00000000E+00
 21.   17.  -0.72502940E-03   0.57910612E-03   0.47860601E-02   0.00000000E+00
 21.   18.  -0.94162086E-03   0.62789383E-03  -0.33842555E-02   0.00000000E+00
 21.   19.   0.36251468E-03   0.48787687E-04  -0.65378796E-02   0.00000000E+00
 21.   20.   0.13041355E-02  -0.67788452E-12  -0.39910364E-10   0.00000000E+00
 21.   21.   0.36251469E-03  -0.48787683E-04   0.65378795E-02   0.00000000E+00
 21.   22.  -0.94162085E-03  -0.62789382E-03   0.33842555E-02   0.00000000E+00
 21.   23.  -0.72502941E-03  -0.57910613E-03  -0.47860600E-02   0.00000000E+00
 21.   24.   0.21659141E-03   0.62789387E-03  -0.58617025E-02   0.00000000E+00
 21.   25.   0.36251462E-03   0.12070000E-02   0.17518194E-02   0.00000000E+00
 21.   26.   0.14592314E-03   0.00000000E+00   0.67685109E-02   0.00000000E+00
 21.   27.  -0.93739019E-03   0.00000000E+00   0.19714357E-02   0.00000000E+00
 21.   28.  -0.29786904E-03   0.17427236E-03   0.51024510E-03   0.00000000E+00
 21.   29.   0.63952121E-03   0.51592444E-03  -0.17073134E-02   0.00000000E+00
 21.   30.   0.59573822E-03   0.34165209E-03  -0.13940156E-02   0.00000000E+00
 21.   31.  -0.43782953E-04  -0.51592439E-03   0.98571786E-03   0.00000000E+00
 21.   32.  -0.29786909E-03  -0.85757647E-03   0.19042607E-02   0.00000000E+00
 21.   33.  -0.25408613E-03  -0.52274833E-11   0.11633509E-10   0.00000000E+00
 21.   34.  -0.29786909E-03   0.85757646E-03  -0.19042607E-02   0.00000000E+00
 21.   35.  -0.43782957E-04   0.51592440E-03  -0.98571788E-03   0.00000000E+00
 21.   36.   0.59573822E-03  -0.34165209E-03   0.13940156E-02   0.00000000E+00
 21.   37.   0.63952121E-03  -0.51592444E-03   0.17073135E-02   0.00000000E+00
 21.   38.  -0.29786903E-03  -0.17427237E-03  -0.51024508E-03   0.00000000E+00
 21.   39.  -0.93739019E-03   0.00000000E+00  -0.19714357E-02   0.00000000E+00
 21.   40.   0.98662636E-03   0.00000000E+00   0.10947821E-04   0.00000000E+00
 21.   41.   0.22445722E-03   0.14894046E-03   0.28335041E-05   0.00000000E+00
 21.   42.  -0.76216919E-03  -0.38877142E-03  -0.94810923E-05   0.00000000E+00
 21.   43.  -0.44891457E-03  -0.53771190E-03  -0.77412794E-05   0.00000000E+00
 21.   44.   0.31325459E-03   0.38877138E-03   0.54739106E-05   0.00000000E+00
 21.   45.   0.22445727E-03   0.92648327E-03   0.10574784E-04   0.00000000E+00
 21.   46.  -0.88797329E-04   0.59240518E-11   0.63110316E-13   0.00000000E+00
 21.   47.   0.22445727E-03  -0.92648327E-03  -0.10574784E-04   0.00000000E+00
 21.   48.   0.31325460E-03  -0.38877139E-03  -0.54739107E-05   0.00000000E+00
 21.   49.  -0.44891456E-03   0.53771190E-03   0.77412793E-05   0.00000000E+00
 21.   50.  -0.76216919E-03   0.38877143E-03   0.94810923E-05   0.00000000E+00
 21.   51.   0.22445721E-03  -0.14894046E-03  -0.28335040E-05   0.00000000E+00
 21.   52.   0.98662636E-03   0.00000000E+00  -0.10947821E-04   0.00000000E+00
 21.   53.  -0.98662636E-03   0.00000000E+00   0.10947821E-04   0.00000000E+00
 21.   54.  -0.22445722E-03  -0.14894046E-03   0.28335041E-05   0.00000000E+00
 21.   55.   0.76216919E-03   0.38877142E-03  -0.94810923E-05   0.00000000E+00
 21.   56.   0.44891457E-03   0.53771190E-03  -0.77412794E-05   0.00000000E+00
 21.   57.  -0.31325459E-03  -0.38877138E-03   0.54739106E-05   0.00000000E+00
 21.   58.  -0.22445727E-03  -0.92648327E-03   0.10574784E-04   0.00000000E+00
 21.   59.   0.88797329E-04  -0.59241109E-11   0.63090672E-13   0.00000000E+00
 21.   60.  -0.22445727E-03   0.92648327E-03  -0.10574784E-04   0.00000000E+00
 21.   61.  -0.31325460E-03   0.38877139E-03  -0.54739107E-05   0.00000000E+00
 21.   62.   0.44891456E-03  -0.53771190E-03   0.77412793E-05   0.00000000E+00
 21.   63.   0.76216919E-03  -0.38877143E-03   0.94810923E-05   0.00000000E+00
 21.   64.  -0.22445721E-03   0.14894046E-03  -0.28335040E-05   0.00000000E+00
 21.   65.  -0.98662636E-03   0.00000000E+00  -0.10947821E-04   0.00000000E+00
 22.    1.   0.53308364E-03   0.00000000E+00  -0.49862633E-02   0.00000000E+00
 22.    2.   0.57223388E-03  -0.67921101E-03  -0.35258241E-02   0.00000000E+00
 22.    3.   0.56862335E-03  -0.98491345E-03  -0.11624821E-07   0.00000000E+00
 22.    4.   0.30207758E-03  -0.83519463E-03   0.35258015E-02   0.00000000E+00
 22.    5.  -0.26655361E-03  -0.46168612E-03   0.49862430E-02   0.00000000E+00
 22.    6.  -0.87433498E-03  -0.15598368E-03   0.35258075E-02   0.00000000E+00
 22.    7.  -0.11372702E-02  -0.54548404E-12   0.17643868E-10   0.00000000E+00
 22.    8.  -0.87433499E-03   0.15598368E-03  -0.35258075E-02   0.00000000E+00
 22.    9.  -0.26655362E-03   0.46168612E-03  -0.49862430E-02   0.00000000E+00
 22.   10.   0.30207758E-03   0.83519463E-03  -0.35258016E-02   0.00000000E+00
 22.   11.   0.56862335E-03   0.98491345E-03   0.11590097E-07   0.00000000E+00
 22.   12.   0.57223388E-03   0.67921101E-03   0.35258240E-02   0.00000000E+00
 22.   13.   0.53308364E-03   0.00000000E+00   0.49862633E-02   0.00000000E+00
 22.   14.  -0.10107368E-02   0.00000000E+00   0.59008334E-03   0.00000000E+00
 22.   15.  -0.70279223E-03  -0.13851587E-03   0.41725408E-03   0.00000000E+00
 22.   16.  -0.34002815E-04   0.58915409E-04   0.72344238E-08   0.00000000E+00
 22.   17.   0.47136849E-03   0.53939229E-03  -0.41724007E-03   0.00000000E+00
 22.   18.   0.50537715E-03   0.87533945E-03  -0.59007071E-03   0.00000000E+00
 22.   19.   0.23144127E-03   0.67790817E-03  -0.41724378E-03   0.00000000E+00
 22.   20.   0.68023157E-04   0.34972639E-11  -0.20945253E-11   0.00000000E+00
 22.   21.   0.23144127E-03  -0.67790816E-03   0.41724377E-03   0.00000000E+00
 22.   22.   0.50537715E-03  -0.87533945E-03   0.59007071E-03   0.00000000E+00
 22.   23.   0.47136849E-03  -0.53939229E-03   0.41724007E-03   0.00000000E+00
 22.   24.  -0.34002809E-04  -0.58915413E-04  -0.72303296E-08   0.00000000E+00
 22.   25.  -0.70279223E-03   0.13851587E-03  -0.41725408E-03   0.00000000E+00
 22.   26.  -0.10107368E-02   0.00000000E+00  -0.59008334E-03   0.00000000E+00
 22.   27.   0.87104728E-03   0.00000000E+00   0.32264362E-04   0.00000000E+00
 22.   28.   0.59448058E-03   0.16110386E-03   0.22813262E-04   0.00000000E+00
 22.   29.  -0.12458646E-05   0.21408451E-05  -0.36443681E-08   0.00000000E+00
 22.   30.  -0.43677193E-03  -0.43429503E-03  -0.22820310E-04   0.00000000E+00
 22.   31.  -0.43553094E-03  -0.75436189E-03  -0.32270694E-04   0.00000000E+00
 22.   32.  -0.15772324E-03  -0.59539888E-03  -0.22818431E-04   0.00000000E+00
 22.   33.   0.24771220E-05  -0.30863910E-11  -0.11419042E-12   0.00000000E+00
 22.   34.  -0.15772324E-03   0.59539888E-03   0.22818431E-04   0.00000000E+00
 22.   35.  -0.43553093E-03   0.75436190E-03   0.32270694E-04   0.00000000E+00
 22.   36.  -0.43677194E-03   0.43429503E-03   0.22820310E-04   0.00000000E+00
 22.   37.  -0.12458698E-05  -0.21408421E-05   0.36445992E-08   0.00000000E+00
 22.   38.   0.59448057E-03  -0.16110386E-03  -0.22813261E-04   0.00000000E+00
 22.   39.   0.87104728E-03   0.00000000E+00  -0.32264362E-04   0.00000000E+00
 22.   40.  -0.78442811E-03   0.00000000E+00  -0.10186250E-04   0.00000000E+00
 22.   41.  -0.52800224E-03  -0.17255751E-03  -0.72027370E-05   0.00000000E+00
 22.   42.   0.21234406E-04  -0.36763908E-04   0.99140278E-10   0.00000000E+00
 22.   43.   0.41345060E-03   0.37099500E-03   0.72029284E-05   0.00000000E+00
 22.   44.   0.39222049E-03   0.67934609E-03   0.10186422E-04   0.00000000E+00
 22.   45.   0.11456452E-03   0.54355250E-03   0.72028770E-05   0.00000000E+00
 22.   46.  -0.42455918E-04   0.28278836E-11   0.35610289E-13   0.00000000E+00
 22.   47.   0.11456452E-03  -0.54355249E-03  -0.72028770E-05   0.00000000E+00
 22.   48.   0.39222049E-03  -0.67934609E-03  -0.10186422E-04   0.00000000E+00
 22.   49.   0.41345060E-03  -0.37099500E-03  -0.72029285E-05   0.00000000E+00
 22.   50.   0.21234411E-04   0.36763906E-04  -0.99211213E-10   0.00000000E+00
 22.   51.  -0.52800223E-03   0.17255751E-03   0.72027370E-05   0.00000000E+00
 22.   52.  -0.78442811E-03   0.00000000E+00   0.10186250E-04   0.00000000E+00
 22.   53.   0.78442811E-03   0.00000000E+00  -0.10186250E-04   0.00000000E+00
 22.   54.   0.52800224E-03   0.17255751E-03  -0.72027370E-05   0.00000000E+00
 22.   55.  -0.21234406E-04   0.36763908E-04   0.99140331E-10   0.00000000E+00
 22.   56.  -0.41345060E-03  -0.37099500E-03   0.72029284E-05   0.00000000E+00
 22.   57.  -0.39222049E-03  -0.67934609E-03   0.10186422E-04   0.00000000E+00
 22.   58.  -0.11456452E-03  -0.54355250E-03   0.72028770E-05   0.00000000E+00
 22.   59.   0.42455918E-04  -0.28272119E-11   0.35651892E-13   0.00000000E+00
 22.   60.  -0.11456452E-03   0.54355249E-03  -0.72028770E-05   0.00000000E+00
 22.   61.  -0.39222049E-03   0.67934609E-03  -0.10186422E-04   0.00000000E+00
 22.   62.  -0.41345060E-03   0.37099500E-03  -0.72029285E-05   0.00000000E+00
 22.   63.  -0.21234411E-04  -0.36763906E-04  -0.99211225E-10   0.00000000E+00
 22.   64.   0.52800223E-03  -0.17255751E-03   0.72027370E-05   0.00000000E+00
 22.   65.   0.78442811E-03   0.00000000E+00   0.10186250E-04   0.00000000E+00
 23.    1.  -0.12736673E-02   0.00000000E+00   0.15683043E-04   0.00000000E+00
 23.    2.  -0.12608482E-02  -0.47835391E-04   0.15148723E-04   0.00000000E+00
 23.    3.  -0.12258264E-02  -0.82851804E-04   0.13582144E-04   0.00000000E+00
 23.    4.  -0.11779876E-02  -0.95666443E-04   0.11089979E-04   0.00000000E+00
 23.    5.  -0.11301515E-02  -0.82847159E-04   0.78419590E-05   0.00000000E+00
 23.    6.  -0.10951347E-02  -0.47830753E-04   0.40593658E-05   0.00000000E+00
 23.    7.  -0.10823181E-02  -0.22563665E-12   0.18536549E-13   0.00000000E+00
 23.    8.  -0.10951347E-02   0.47830753E-04  -0.40593658E-05   0.00000000E+00
 23.    9.  -0.11301515E-02   0.82847159E-04  -0.78419590E-05   0.00000000E+00
 23.   10.  -0.11779876E-02   0.95666443E-04  -0.11089979E-04   0.00000000E+00
 23.   11.  -0.12258264E-02   0.82851805E-04  -0.13582144E-04   0.00000000E+00
 23.   12.  -0.12608482E-02   0.47835391E-04  -0.15148723E-04   0.00000000E+00
 23.   13.  -0.12736673E-02   0.00000000E+00  -0.15683043E-04   0.00000000E+00
 23.   14.  -0.13146875E-02   0.00000000E+00   0.18378436E-04   0.00000000E+00
 23.   15.  -0.12339630E-02  -0.30126427E-03   0.17752213E-04   0.00000000E+00
 23.   16.  -0.10134202E-02  -0.52180435E-03   0.15916217E-04   0.00000000E+00
 23.   17.  -0.71215388E-03  -0.60252671E-03   0.12995557E-04   0.00000000E+00
 23.   18.  -0.41088866E-03  -0.52180251E-03   0.91892613E-05   0.00000000E+00
 23.   19.  -0.19034789E-03  -0.30126242E-03   0.47567174E-05   0.00000000E+00
 23.   20.  -0.10962451E-03  -0.14213407E-11   0.21821840E-13   0.00000000E+00
 23.   21.  -0.19034789E-03   0.30126242E-03  -0.47567174E-05   0.00000000E+00
 23.   22.  -0.41088865E-03   0.52180251E-03  -0.91892613E-05   0.00000000E+00
 23.   23.  -0.71215388E-03   0.60252671E-03  -0.12995557E-04   0.00000000E+00
 23.   24.  -0.10134202E-02   0.52180435E-03  -0.15916217E-04   0.00000000E+00
 23.   25.  -0.12339630E-02   0.30126427E-03  -0.17752213E-04   0.00000000E+00
 23.   26.  -0.13146875E-02   0.00000000E+00  -0.18378436E-04   0.00000000E+00
 23.   27.  -0.11303620E-02   0.00000000E+00   0.21104145E-04   0.00000000E+00
 23.   28.  -0.96683436E-03  -0.61029016E-03   0.20385037E-04   0.00000000E+00
 23.   29.  -0.52006885E-03  -0.10570528E-02   0.18276720E-04   0.00000000E+00
 23.   30.   0.90223208E-04  -0.12205783E-02   0.14922875E-04   0.00000000E+00
 23.   31.   0.70051412E-03  -0.10570508E-02   0.10552063E-04   0.00000000E+00
 23.   32.   0.11472773E-02  -0.61028817E-03   0.54621486E-05   0.00000000E+00
 23.   33.   0.13108039E-02  -0.28794083E-11   0.24859471E-13   0.00000000E+00
 23.   34.   0.11472773E-02   0.61028816E-03  -0.54621485E-05   0.00000000E+00
 23.   35.   0.70051412E-03   0.10570508E-02  -0.10552063E-04   0.00000000E+00
 23.   36.   0.90223214E-04   0.12205783E-02  -0.14922875E-04   0.00000000E+00
 23.   37.  -0.52006884E-03   0.10570528E-02  -0.18276720E-04   0.00000000E+00
 23.   38.  -0.96683436E-03   0.61029017E-03  -0.20385037E-04   0.00000000E+00
 23.   39.  -0.11303620E-02   0.00000000E+00  -0.21104145E-04   0.00000000E+00
 23.   40.  -0.87558348E-03   0.00000000E+00   0.21918459E-04   0.00000000E+00
 23.   41.  -0.65108132E-03  -0.83785005E-03   0.21171597E-04   0.00000000E+00
 23.   42.  -0.37730756E-04  -0.14511976E-02   0.18981913E-04   0.00000000E+00
 23.   43.   0.80011998E-03  -0.16756966E-02   0.15498643E-04   0.00000000E+00
 23.   44.   0.16379687E-02  -0.14511941E-02   0.10959178E-04   0.00000000E+00
 23.   45.   0.22513153E-02  -0.83784659E-03   0.56728817E-05   0.00000000E+00
 23.   46.   0.24758155E-02  -0.39531312E-11   0.25743482E-13   0.00000000E+00
 23.   47.   0.22513153E-02   0.83784658E-03  -0.56728816E-05   0.00000000E+00
 23.   48.   0.16379687E-02   0.14511941E-02  -0.10959178E-04   0.00000000E+00
 23.   49.   0.80011999E-03   0.16756966E-02  -0.15498643E-04   0.00000000E+00
 23.   50.  -0.37730749E-04   0.14511976E-02  -0.18981913E-04   0.00000000E+00
 23.   51.  -0.65108132E-03   0.83785005E-03  -0.21171597E-04   0.00000000E+00
 23.   52.  -0.87558348E-03   0.00000000E+00  -0.21918459E-04   0.00000000E+00
 23.   53.  -0.87558348E-03   0.00000000E+00  -0.21918459E-04   0.00000000E+00
 23.   54.  -0.65108132E-03  -0.83785005E-03  -0.21171597E-04   0.00000000E+00
 23.   55.  -0.37730756E-04  -0.14511976E-02  -0.18981913E-04   0.00000000E+00
 23.   56.   0.80011998E-03  -0.16756966E-02  -0.15498643E-04   0.00000000E+00
 23.   57.   0.16379687E-02  -0.14511941E-02  -0.10959178E-04   0.00000000E+00
 23.   58.   0.22513153E-02  -0.83784659E-03  -0.56728817E-05   0.00000000E+00
 23.   59.   0.24758155E-02  -0.39530452E-11  -0.25755175E-13   0.00000000E+00
 23.   60.   0.22513153E-02   0.83784658E-03   0.56728816E-05   0.00000000E+00
 23.   61.   0.16379687E-02   0.14511941E-02   0.10959178E-04   0.00000000E+00
 23.   62.   0.80011999E-03   0.16756966E-02   0.15498643E-04   0.00000000E+00
 23.   63.  -0.37730749E-04   0.14511976E-02   0.18981913E-04   0.00000000E+00
 23.   64.  -0.65108132E-03   0.83785005E-03   0.21171597E-04   0.00000000E+00
 23.   65.  -0.87558348E-03   0.00000000E+00   0.21918459E-04   0.00000000E+00
 24.    1.   0.26022938E-05   0.00000000E+00  -0.41296322E-05   0.00000000E+00
 24.    2.  -0.12628516E-05  -0.23965725E-05   0.29200909E-05   0.00000000E+00
 24.    3.  -0.14057716E-05   0.24348678E-05   0.18249107E-13   0.00000000E+00
 24.    4.   0.27069185E-05  -0.10462462E-06  -0.29200909E-05   0.00000000E+00
 24.    5.  -0.13011469E-05  -0.22536526E-05   0.41296322E-05   0.00000000E+00
 24.    6.  -0.14440668E-05   0.22919478E-05  -0.29200909E-05   0.00000000E+00
 24.    7.   0.28115431E-05   0.24259407E-13  -0.43307525E-13   0.00000000E+00
 24.    8.  -0.14440668E-05  -0.22919479E-05   0.29200910E-05   0.00000000E+00
 24.    9.  -0.13011469E-05   0.22536525E-05  -0.41296322E-05   0.00000000E+00
 24.   10.   0.27069185E-05   0.10462467E-06   0.29200909E-05   0.00000000E+00
 24.   11.  -0.14057715E-05  -0.24348678E-05   0.62659820E-13   0.00000000E+00
 24.   12.  -0.12628517E-05   0.23965724E-05  -0.29200910E-05   0.00000000E+00
 24.   13.   0.26022938E-05   0.00000000E+00   0.41296322E-05   0.00000000E+00
 24.   14.   0.19721387E-03   0.00000000E+00  -0.79264441E-03   0.00000000E+00
 24.   15.  -0.84631764E-04  -0.22294827E-03   0.56048423E-03   0.00000000E+00
 24.   16.  -0.13678782E-03   0.23692345E-03   0.12314055E-11   0.00000000E+00
 24.   17.   0.23539475E-03  -0.38180878E-04  -0.56048424E-03   0.00000000E+00
 24.   18.  -0.98606934E-04  -0.17079222E-03   0.79264441E-03   0.00000000E+00
 24.   19.  -0.15076299E-03   0.18476739E-03  -0.56048423E-03   0.00000000E+00
 24.   20.   0.27357563E-03   0.17631825E-11  -0.83822337E-11   0.00000000E+00
 24.   21.  -0.15076298E-03  -0.18476740E-03   0.56048424E-03   0.00000000E+00
 24.   22.  -0.98606939E-04   0.17079222E-03  -0.79264441E-03   0.00000000E+00
 24.   23.   0.23539475E-03   0.38180882E-04   0.56048423E-03   0.00000000E+00
 24.   24.  -0.13678781E-03  -0.23692345E-03   0.15261501E-10   0.00000000E+00
 24.   25.  -0.84631767E-04   0.22294827E-03  -0.56048425E-03   0.00000000E+00
 24.   26.   0.19721387E-03   0.00000000E+00   0.79264441E-03   0.00000000E+00
 24.   27.   0.26337961E-03   0.00000000E+00  -0.52940394E-02   0.00000000E+00
 24.   28.   0.43928099E-04  -0.88350836E-03   0.37434511E-02   0.00000000E+00
 24.   29.  -0.61148683E-03   0.10591263E-02   0.82727318E-11   0.00000000E+00
 24.   30.   0.74317663E-03  -0.47979703E-03  -0.37434512E-02   0.00000000E+00
 24.   31.  -0.13168980E-03  -0.22809343E-03   0.52940394E-02   0.00000000E+00
 24.   32.  -0.78710474E-03   0.40371133E-03  -0.37434511E-02   0.00000000E+00
 24.   33.   0.12229737E-02   0.13402672E-11  -0.55973696E-10   0.00000000E+00
 24.   34.  -0.78710472E-03  -0.40371133E-03   0.37434512E-02   0.00000000E+00
 24.   35.  -0.13168982E-03   0.22809342E-03  -0.52940394E-02   0.00000000E+00
 24.   36.   0.74317664E-03   0.47979704E-03   0.37434511E-02   0.00000000E+00
 24.   37.  -0.61148683E-03  -0.10591263E-02   0.10196628E-09   0.00000000E+00
 24.   38.   0.43928093E-04   0.88350835E-03  -0.37434512E-02   0.00000000E+00
 24.   39.   0.26337961E-03   0.00000000E+00   0.52940394E-02   0.00000000E+00
 24.   40.  -0.94472475E-03   0.00000000E+00  -0.11968558E-04   0.00000000E+00
 24.   41.   0.67307448E-03   0.69087883E-04   0.84630482E-05   0.00000000E+00
 24.   42.  -0.75993275E-04   0.13162422E-03  -0.11800166E-13   0.00000000E+00
 24.   43.  -0.39636910E-03  -0.54835565E-03  -0.84630482E-05   0.00000000E+00
 24.   44.   0.47236238E-03   0.81815563E-03   0.11968558E-04   0.00000000E+00
 24.   45.  -0.27670538E-03  -0.61744353E-03  -0.84630481E-05   0.00000000E+00
 24.   46.   0.15198655E-03  -0.10166543E-10  -0.12191119E-12   0.00000000E+00
 24.   47.  -0.27670538E-03   0.61744355E-03   0.84630483E-05   0.00000000E+00
 24.   48.   0.47236237E-03  -0.81815564E-03  -0.11968558E-04   0.00000000E+00
 24.   49.  -0.39636909E-03   0.54835565E-03   0.84630480E-05   0.00000000E+00
 24.   50.  -0.75993293E-04  -0.13162421E-03   0.26095054E-12   0.00000000E+00
 24.   51.   0.67307449E-03  -0.69087891E-04  -0.84630484E-05   0.00000000E+00
 24.   52.  -0.94472475E-03   0.00000000E+00   0.11968558E-04   0.00000000E+00
 24.   53.   0.94472475E-03   0.00000000E+00  -0.11968558E-04   0.00000000E+00
 24.   54.  -0.67307448E-03  -0.69087883E-04   0.84630482E-05   0.00000000E+00
 24.   55.   0.75993275E-04  -0.13162422E-03  -0.11629294E-13   0.00000000E+00
 24.   56.   0.39636910E-03   0.54835565E-03  -0.84630482E-05   0.00000000E+00
 24.   57.  -0.47236238E-03  -0.81815563E-03   0.11968558E-04   0.00000000E+00
 24.   58.   0.27670538E-03   0.61744353E-03  -0.84630481E-05   0.00000000E+00
 24.   59.  -0.15198655E-03   0.10167450E-10  -0.12170711E-12   0.00000000E+00
 24.   60.   0.27670538E-03  -0.61744355E-03   0.84630483E-05   0.00000000E+00
 24.   61.  -0.47236237E-03   0.81815564E-03  -0.11968558E-04   0.00000000E+00
 24.   62.   0.39636909E-03  -0.54835565E-03   0.84630480E-05   0.00000000E+00
 24.   63.   0.75993293E-04   0.13162421E-03   0.26085436E-12   0.00000000E+00
 24.   64.  -0.67307449E-03   0.69087891E-04  -0.84630484E-05   0.00000000E+00
 24.   65.   0.94472475E-03   0.00000000E+00   0.11968558E-04   0.00000000E+00
 25.    1.   0.10719744E-02   0.00000000E+00   0.24355047E-02   0.00000000E+00
 25.    2.   0.98778589E-03   0.31418811E-03   0.23525236E-02   0.00000000E+00
 25.    3.   0.75777888E-03   0.54418938E-03   0.21092309E-02   0.00000000E+00
 25.    4.   0.44358411E-03   0.62837485E-03   0.17221968E-02   0.00000000E+00
 25.    5.   0.12939054E-03   0.54418749E-03   0.12177884E-02   0.00000000E+00
 25.    6.  -0.10061403E-03   0.31418620E-03   0.63037776E-03   0.00000000E+00
 25.    7.  -0.18480127E-03   0.14823268E-11   0.28671413E-11   0.00000000E+00
 25.    8.  -0.10061403E-03  -0.31418619E-03  -0.63037775E-03   0.00000000E+00
 25.    9.   0.12939054E-03  -0.54418748E-03  -0.12177884E-02   0.00000000E+00
 25.   10.   0.44358411E-03  -0.62837485E-03  -0.17221968E-02   0.00000000E+00
 25.   11.   0.75777888E-03  -0.54418938E-03  -0.21092309E-02   0.00000000E+00
 25.   12.   0.98778589E-03  -0.31418811E-03  -0.23525236E-02   0.00000000E+00
 25.   13.   0.10719744E-02   0.00000000E+00  -0.24355047E-02   0.00000000E+00
 25.   14.  -0.77681758E-03   0.00000000E+00  -0.12613756E-02   0.00000000E+00
 25.   15.  -0.72154429E-03  -0.20627308E-03  -0.12183942E-02   0.00000000E+00
 25.   16.  -0.57053671E-03  -0.35727227E-03  -0.10923795E-02   0.00000000E+00
 25.   17.  -0.36426093E-03  -0.41253747E-03  -0.89192079E-03   0.00000000E+00
 25.   18.  -0.15799024E-03  -0.35726359E-03  -0.63068072E-03   0.00000000E+00
 25.   19.  -0.69928252E-05  -0.20626440E-03  -0.32646337E-03   0.00000000E+00
 25.   20.   0.48275389E-04  -0.97406095E-12  -0.14885030E-11   0.00000000E+00
 25.   21.  -0.69928243E-05   0.20626440E-03   0.32646336E-03   0.00000000E+00
 25.   22.  -0.15799024E-03   0.35726359E-03   0.63068072E-03   0.00000000E+00
 25.   23.  -0.36426093E-03   0.41253747E-03   0.89192078E-03   0.00000000E+00
 25.   24.  -0.57053671E-03   0.35727227E-03   0.10923795E-02   0.00000000E+00
 25.   25.  -0.72154429E-03   0.20627308E-03   0.12183942E-02   0.00000000E+00
 25.   26.  -0.77681758E-03   0.00000000E+00   0.12613756E-02   0.00000000E+00
 25.   27.   0.66194276E-03   0.00000000E+00   0.57513480E-03   0.00000000E+00
 25.   28.   0.61661244E-03   0.16916694E-03   0.55553650E-03   0.00000000E+00
 25.   29.   0.49276928E-03   0.29300308E-03   0.49807780E-03   0.00000000E+00
 25.   30.   0.32360004E-03   0.33832668E-03   0.40667591E-03   0.00000000E+00
 25.   31.   0.15443497E-03   0.29299595E-03   0.28756122E-03   0.00000000E+00
 25.   32.   0.30600149E-04   0.16915981E-03   0.14885185E-03   0.00000000E+00
 25.   33.  -0.14725999E-04   0.79782226E-12   0.67572469E-12   0.00000000E+00
 25.   34.   0.30600148E-04  -0.16915981E-03  -0.14885185E-03   0.00000000E+00
 25.   35.   0.15443497E-03  -0.29299595E-03  -0.28756122E-03   0.00000000E+00
 25.   36.   0.32360004E-03  -0.33832668E-03  -0.40667591E-03   0.00000000E+00
 25.   37.   0.49276928E-03  -0.29300308E-03  -0.49807780E-03   0.00000000E+00
 25.   38.   0.61661244E-03  -0.16916694E-03  -0.55553650E-03   0.00000000E+00
 25.   39.   0.66194276E-03   0.00000000E+00  -0.57513480E-03   0.00000000E+00
 25.   40.  -0.59546634E-03   0.00000000E+00  -0.85010546E-05   0.00000000E+00
 25.   41.  -0.55485530E-03  -0.15155517E-03  -0.82113614E-05   0.00000000E+00
 25.   42.  -0.44390532E-03  -0.26249882E-03  -0.73620401E-05   0.00000000E+00
 25.   43.  -0.29234817E-03  -0.30310375E-03  -0.60110086E-05   0.00000000E+00
 25.   44.  -0.14079481E-03  -0.26249231E-03  -0.42503748E-05   0.00000000E+00
 25.   45.  -0.29852424E-04  -0.15154866E-03  -0.22001371E-05   0.00000000E+00
 25.   46.   0.10754816E-04  -0.71370486E-12  -0.99900402E-14   0.00000000E+00
 25.   47.  -0.29852423E-04   0.15154866E-03   0.22001371E-05   0.00000000E+00
 25.   48.  -0.14079481E-03   0.26249231E-03   0.42503748E-05   0.00000000E+00
 25.   49.  -0.29234816E-03   0.30310375E-03   0.60110086E-05   0.00000000E+00
 25.   50.  -0.44390532E-03   0.26249882E-03   0.73620401E-05   0.00000000E+00
 25.   51.  -0.55485530E-03   0.15155517E-03   0.82113614E-05   0.00000000E+00
 25.   52.  -0.59546634E-03   0.00000000E+00   0.85010546E-05   0.00000000E+00
 25.   53.   0.59546634E-03   0.00000000E+00  -0.85010546E-05   0.00000000E+00
 25.   54.   0.55485530E-03   0.15155517E-03  -0.82113614E-05   0.00000000E+00
 25.   55.   0.44390532E-03   0.26249882E-03  -0.73620401E-05   0.00000000E+00
 25.   56.   0.29234817E-03   0.30310375E-03  -0.60110086E-05   0.00000000E+00
 25.   57.   0.14079481E-03   0.26249231E-03  -0.42503748E-05   0.00000000E+00
 25.   58.   0.29852424E-04   0.15154866E-03  -0.22001371E-05   0.00000000E+00
 25.   59.  -0.10754816E-04   0.71478292E-12  -0.95594038E-14   0.00000000E+00
 25.   60.   0.29852423E-04  -0.15154866E-03   0.22001371E-05   0.00000000E+00
 25.   61.   0.14079481E-03  -0.26249231E-03   0.42503748E-05   0.00000000E+00
 25.   62.   0.29234816E-03  -0.30310375E-03   0.60110086E-05   0.00000000E+00
 25.   63.   0.44390532E-03  -0.26249882E-03   0.73620401E-05   0.00000000E+00
 25.   64.   0.55485530E-03  -0.15155517E-03   0.82113614E-05   0.00000000E+00
 25.   65.   0.59546634E-03   0.00000000E+00   0.85010546E-05   0.00000000E+00
 26.    1.  -0.13889484E-03   0.00000000E+00   0.35957618E-03   0.00000000E+00
 26.    2.  -0.42310576E-04   0.15790520E-03  -0.11216524E-10   0.00000000E+00
 26.    3.   0.12028645E-03   0.69447414E-04  -0.35957620E-03   0.00000000E+00
 26.    4.   0.11559463E-03  -0.11559463E-03  -0.10858793E-10   0.00000000E+00
 26.    5.  -0.69447417E-04  -0.12028646E-03   0.35957618E-03   0.00000000E+00
 26.    6.  -0.15790521E-03   0.42310569E-04  -0.81138811E-11   0.00000000E+00
 26.    7.  -0.99228221E-12   0.13889483E-03  -0.35957620E-03   0.00000000E+00
 26.    8.   0.15790521E-03   0.42310570E-04  -0.13103009E-10   0.00000000E+00
 26.    9.   0.69447418E-04  -0.12028645E-03   0.35957618E-03   0.00000000E+00
 26.   10.  -0.11559463E-03  -0.11559464E-03  -0.58490301E-11   0.00000000E+00
 26.   11.  -0.12028645E-03   0.69447412E-04  -0.35957620E-03   0.00000000E+00
 26.   12.   0.42310575E-04   0.15790520E-03  -0.16236482E-10   0.00000000E+00
 26.   13.   0.13889484E-03   0.00000000E+00   0.35957618E-03   0.00000000E+00
 26.   14.  -0.30336968E-03   0.00000000E+00   0.50620290E-02   0.00000000E+00
 26.   15.  -0.30097080E-03   0.11232383E-02   0.96589631E-11   0.00000000E+00
 26.   16.   0.26272585E-03   0.15168484E-03  -0.50620290E-02   0.00000000E+00
 26.   17.   0.82226753E-03  -0.82226753E-03  -0.15344964E-10   0.00000000E+00
 26.   18.  -0.15168483E-03  -0.26272585E-03   0.50620290E-02   0.00000000E+00
 26.   19.  -0.11232383E-02   0.30097081E-03   0.28709257E-10   0.00000000E+00
 26.   20.  -0.78667405E-11   0.30336968E-03  -0.50620290E-02   0.00000000E+00
 26.   21.   0.11232383E-02   0.30097081E-03  -0.41677991E-10   0.00000000E+00
 26.   22.   0.15168485E-03  -0.26272584E-03   0.50620290E-02   0.00000000E+00
 26.   23.  -0.82226753E-03  -0.82226753E-03   0.55032469E-10   0.00000000E+00
 26.   24.  -0.26272586E-03   0.15168483E-03  -0.50620290E-02   0.00000000E+00
 26.   25.   0.30097080E-03   0.11232383E-02  -0.60799253E-10   0.00000000E+00
 26.   26.   0.30336968E-03   0.00000000E+00   0.50620290E-02   0.00000000E+00
 26.   27.   0.87985971E-03   0.00000000E+00  -0.81708521E-03   0.00000000E+00
 26.   28.   0.32499597E-04  -0.12129015E-03  -0.32721103E-11   0.00000000E+00
 26.   29.  -0.76198086E-03  -0.43992986E-03   0.81708520E-03   0.00000000E+00
 26.   30.  -0.88790559E-04   0.88790551E-04   0.90487948E-12   0.00000000E+00
 26.   31.   0.43992985E-03   0.76198086E-03  -0.81708521E-03   0.00000000E+00
 26.   32.   0.12129015E-03  -0.32499597E-04  -0.59029606E-11   0.00000000E+00
 26.   33.  -0.14859368E-12  -0.87985971E-03   0.81708520E-03   0.00000000E+00
 26.   34.  -0.12129015E-03  -0.32499608E-04   0.54458087E-11   0.00000000E+00
 26.   35.  -0.43992985E-03   0.76198086E-03  -0.81708521E-03   0.00000000E+00
 26.   36.   0.88790551E-04   0.88790559E-04  -0.10466133E-10   0.00000000E+00
 26.   37.   0.76198086E-03  -0.43992986E-03   0.81708520E-03   0.00000000E+00
 26.   38.  -0.32499585E-04  -0.12129016E-03   0.81065326E-11   0.00000000E+00
 26.   39.  -0.87985971E-03   0.00000000E+00  -0.81708521E-03   0.00000000E+00
 26.   40.  -0.86415054E-03   0.00000000E+00  -0.12150326E-04   0.00000000E+00
 26.   41.   0.24128305E-04  -0.90048051E-04   0.44334374E-13   0.00000000E+00
 26.   42.   0.74837633E-03   0.43207527E-03   0.12150326E-04   0.00000000E+00
 26.   43.  -0.65919745E-04   0.65919753E-04   0.53338074E-13   0.00000000E+00
 26.   44.  -0.43207527E-03  -0.74837632E-03  -0.12150326E-04   0.00000000E+00
 26.   45.   0.90048051E-04  -0.24128305E-04  -0.15969664E-13   0.00000000E+00
 26.   46.   0.16815528E-11   0.86415055E-03   0.12150326E-04   0.00000000E+00
 26.   47.  -0.90048054E-04  -0.24128293E-04   0.15083115E-12   0.00000000E+00
 26.   48.   0.43207527E-03  -0.74837633E-03  -0.12150326E-04   0.00000000E+00
 26.   49.   0.65919754E-04   0.65919744E-04  -0.11649035E-12   0.00000000E+00
 26.   50.  -0.74837633E-03   0.43207528E-03   0.12150326E-04   0.00000000E+00
 26.   51.  -0.24128316E-04  -0.90048048E-04   0.21227619E-12   0.00000000E+00
 26.   52.   0.86415054E-03   0.00000000E+00  -0.12150326E-04   0.00000000E+00
 26.   53.   0.86415054E-03   0.00000000E+00  -0.12150326E-04   0.00000000E+00
 26.   54.  -0.24128305E-04   0.90048051E-04   0.43474408E-13   0.00000000E+00
 26.   55.  -0.74837633E-03  -0.43207527E-03   0.12150326E-04   0.00000000E+00
 26.   56.   0.65919745E-04  -0.65919753E-04   0.51605360E-13   0.00000000E+00
 26.   57.   0.43207527E-03   0.74837632E-03  -0.12150326E-04   0.00000000E+00
 26.   58.  -0.90048051E-04   0.24128305E-04  -0.18029520E-13   0.00000000E+00
 26.   59.  -0.16816485E-11  -0.86415055E-03   0.12150326E-04   0.00000000E+00
 26.   60.   0.90048054E-04   0.24128293E-04   0.15270243E-12   0.00000000E+00
 26.   61.  -0.43207527E-03   0.74837633E-03  -0.12150326E-04   0.00000000E+00
 26.   62.  -0.65919754E-04  -0.65919744E-04  -0.11479758E-12   0.00000000E+00
 26.   63.   0.74837633E-03  -0.43207528E-03   0.12150326E-04   0.00000000E+00
 26.   64.   0.24128316E-04   0.90048048E-04   0.21312924E-12   0.00000000E+00
 26.   65.  -0.86415054E-03   0.00000000E+00  -0.12150326E-04   0.00000000E+00
 27.    1.   0.26411085E-02   0.00000000E+00  -0.18646864E-03   0.00000000E+00
 27.    2.   0.25513874E-02   0.68392969E-03  -0.18645874E-03   0.00000000E+00
 27.    3.   0.22881799E-02   0.13216365E-02  -0.18643166E-03   0.00000000E+00
 27.    4.   0.18690386E-02   0.18698235E-02  -0.18639455E-03   0.00000000E+00
 27.    5.   0.13221401E-02   0.22909747E-02  -0.18635728E-03   0.00000000E+00
 27.    6.   0.68459159E-03   0.25560019E-02  -0.18632988E-03   0.00000000E+00
 27.    7.   0.31387872E-11   0.26464532E-02  -0.18631983E-03   0.00000000E+00
 27.    8.  -0.68459159E-03   0.25560019E-02  -0.18632988E-03   0.00000000E+00
 27.    9.  -0.13221401E-02   0.22909747E-02  -0.18635728E-03   0.00000000E+00
 27.   10.  -0.18690386E-02   0.18698235E-02  -0.18639455E-03   0.00000000E+00
 27.   11.  -0.22881799E-02   0.13216365E-02  -0.18643166E-03   0.00000000E+00
 27.   12.  -0.25513874E-02   0.68392970E-03  -0.18645874E-03   0.00000000E+00
 27.   13.  -0.26411085E-02   0.00000000E+00  -0.18646864E-03   0.00000000E+00
 27.   14.   0.47288734E-02   0.00000000E+00  -0.15018344E-03   0.00000000E+00
 27.   15.   0.45679386E-02   0.12233544E-02  -0.15018168E-03   0.00000000E+00
 27.   16.   0.40959860E-02   0.23636188E-02  -0.15017686E-03   0.00000000E+00
 27.   17.   0.33448990E-02   0.33432023E-02  -0.15017027E-03   0.00000000E+00
 27.   18.   0.23655832E-02   0.40952323E-02  -0.15016366E-03   0.00000000E+00
 27.   19.   0.12246610E-02   0.45681794E-02  -0.15015883E-03   0.00000000E+00
 27.   20.   0.55523815E-11   0.47295325E-02  -0.15015705E-03   0.00000000E+00
 27.   21.  -0.12246610E-02   0.45681794E-02  -0.15015883E-03   0.00000000E+00
 27.   22.  -0.23655832E-02   0.40952323E-02  -0.15016366E-03   0.00000000E+00
 27.   23.  -0.33448990E-02   0.33432023E-02  -0.15017027E-03   0.00000000E+00
 27.   24.  -0.40959860E-02   0.23636188E-02  -0.15017686E-03   0.00000000E+00
 27.   25.  -0.45679386E-02   0.12233544E-02  -0.15018168E-03   0.00000000E+00
 27.   26.  -0.47288734E-02   0.00000000E+00  -0.15018344E-03   0.00000000E+00
 27.   27.   0.59257618E-02   0.00000000E+00  -0.97832880E-04   0.00000000E+00
 27.   28.   0.57240229E-02   0.15325074E-02  -0.97834005E-04   0.00000000E+00
 27.   29.   0.51324510E-02   0.29608268E-02  -0.97837078E-04   0.00000000E+00
 27.   30.   0.41911114E-02   0.41877242E-02  -0.97841276E-04   0.00000000E+00
 27.   31.   0.29639047E-02   0.51294852E-02  -0.97845474E-04   0.00000000E+00
 27.   32.   0.15343594E-02   0.57216805E-02  -0.97848547E-04   0.00000000E+00
 27.   33.   0.69466663E-11   0.59237026E-02  -0.97849672E-04   0.00000000E+00
 27.   34.  -0.15343594E-02   0.57216805E-02  -0.97848547E-04   0.00000000E+00
 27.   35.  -0.29639047E-02   0.51294852E-02  -0.97845474E-04   0.00000000E+00
 27.   36.  -0.41911114E-02   0.41877242E-02  -0.97841276E-04   0.00000000E+00
 27.   37.  -0.51324510E-02   0.29608268E-02  -0.97837078E-04   0.00000000E+00
 27.   38.  -0.57240229E-02   0.15325075E-02  -0.97834005E-04   0.00000000E+00
 27.   39.  -0.59257618E-02   0.00000000E+00  -0.97832880E-04   0.00000000E+00
 27.   40.   0.60334599E-02   0.00000000E+00  -0.40116294E-04   0.00000000E+00
 27.   41.   0.58280085E-02   0.15602020E-02  -0.40119539E-04   0.00000000E+00
 27.   42.   0.52255774E-02   0.30142680E-02  -0.40128406E-04   0.00000000E+00
 27.   43.   0.42670321E-02   0.42631845E-02  -0.40140524E-04   0.00000000E+00
 27.   44.   0.30175064E-02   0.52217618E-02  -0.40152648E-04   0.00000000E+00
 27.   45.   0.15620745E-02   0.58244850E-02  -0.40161527E-04   0.00000000E+00
 27.   46.   0.71336188E-11   0.60300896E-02  -0.40164778E-04   0.00000000E+00
 27.   47.  -0.15620745E-02   0.58244850E-02  -0.40161527E-04   0.00000000E+00
 27.   48.  -0.30175064E-02   0.52217619E-02  -0.40152648E-04   0.00000000E+00
 27.   49.  -0.42670321E-02   0.42631845E-02  -0.40140524E-04   0.00000000E+00
 27.   50.  -0.52255774E-02   0.30142680E-02  -0.40128406E-04   0.00000000E+00
 27.   51.  -0.58280085E-02   0.15602020E-02  -0.40119539E-04   0.00000000E+00
 27.   52.  -0.60334599E-02   0.00000000E+00  -0.40116294E-04   0.00000000E+00
 27.   53.   0.60334599E-02   0.00000000E+00   0.40116294E-04   0.00000000E+00
 27.   54.   0.58280085E-02   0.15602020E-02   0.40119539E-04   0.00000000E+00
 27.   55.   0.52255774E-02   0.30142680E-02   0.40128406E-04   0.00000000E+00
 27.   56.   0.42670321E-02   0.42631845E-02   0.40140524E-04   0.00000000E+00
 27.   57.   0.30175064E-02   0.52217618E-02   0.40152648E-04   0.00000000E+00
 27.   58.   0.15620745E-02   0.58244850E-02   0.40161527E-04   0.00000000E+00
 27.   59.   0.71327712E-11   0.60300896E-02   0.40164778E-04   0.00000000E+00
 27.   60.  -0.15620745E-02   0.58244850E-02   0.40161527E-04   0.00000000E+00
 27.   61.  -0.30175064E-02   0.52217619E-02   0.40152648E-04   0.00000000E+00
 27.   62.  -0.42670321E-02   0.42631845E-02   0.40140524E-04   0.00000000E+00
 27.   63.  -0.52255774E-02   0.30142680E-02   0.40128406E-04   0.00000000E+00
 27.   64.  -0.58280085E-02   0.15602020E-02   0.40119539E-04   0.00000000E+00
 27.   65.  -0.60334599E-02   0.00000000E+00   0.40116294E-04   0.00000000E+00
 28.    1.   0.51610368E-03   0.00000000E+00  -0.27368400E-02   0.00000000E+00
 28.    2.   0.43443337E-03  -0.62429362E-03  -0.13684241E-02   0.00000000E+00
 28.    3.   0.13424980E-03  -0.74863410E-03   0.13684078E-02   0.00000000E+00
 28.    4.  -0.36494155E-03  -0.36494189E-03   0.27368242E-02   0.00000000E+00
 28.    5.  -0.74863357E-03   0.13424990E-03   0.13684093E-02   0.00000000E+00
 28.    6.  -0.62429323E-03   0.43443391E-03  -0.13684214E-02   0.00000000E+00
 28.    7.  -0.32601870E-11   0.51610439E-03  -0.27368369E-02   0.00000000E+00
 28.    8.   0.62429323E-03   0.43443391E-03  -0.13684214E-02   0.00000000E+00
 28.    9.   0.74863357E-03   0.13424991E-03   0.13684093E-02   0.00000000E+00
 28.   10.   0.36494155E-03  -0.36494188E-03   0.27368242E-02   0.00000000E+00
 28.   11.  -0.13424979E-03  -0.74863410E-03   0.13684078E-02   0.00000000E+00
 28.   12.  -0.43443337E-03  -0.62429362E-03  -0.13684241E-02   0.00000000E+00
 28.   13.  -0.51610368E-03   0.00000000E+00  -0.27368400E-02   0.00000000E+00
 28.   14.  -0.89453685E-03   0.00000000E+00  -0.12518040E-02   0.00000000E+00
 28.   15.  -0.38927242E-03  -0.27532568E-03  -0.62589962E-03   0.00000000E+00
 28.   16.   0.46994390E-03   0.80573737E-04   0.62590906E-03   0.00000000E+00
 28.   17.   0.63253465E-03   0.63253475E-03   0.12518131E-02   0.00000000E+00
 28.   18.   0.80573500E-04   0.46994372E-03   0.62590817E-03   0.00000000E+00
 28.   19.  -0.27532587E-03  -0.38927286E-03  -0.62590116E-03   0.00000000E+00
 28.   20.  -0.19881912E-11  -0.89453740E-03  -0.12518058E-02   0.00000000E+00
 28.   21.   0.27532587E-03  -0.38927287E-03  -0.62590117E-03   0.00000000E+00
 28.   22.  -0.80573494E-04   0.46994371E-03   0.62590816E-03   0.00000000E+00
 28.   23.  -0.63253465E-03   0.63253475E-03   0.12518131E-02   0.00000000E+00
 28.   24.  -0.46994390E-03   0.80573743E-04   0.62590907E-03   0.00000000E+00
 28.   25.   0.38927242E-03  -0.27532568E-03  -0.62589961E-03   0.00000000E+00
 28.   26.   0.89453685E-03   0.00000000E+00  -0.12518040E-02   0.00000000E+00
 28.   27.   0.76411968E-03   0.00000000E+00   0.82368560E-03   0.00000000E+00
 28.   28.   0.35021816E-03   0.16913137E-03   0.41184169E-03   0.00000000E+00
 28.   29.  -0.36723780E-03  -0.12804900E-03  -0.41184608E-03   0.00000000E+00
 28.   30.  -0.54031594E-03  -0.54031597E-03  -0.82368984E-03   0.00000000E+00
 28.   31.  -0.12804883E-03  -0.36723759E-03  -0.41184566E-03   0.00000000E+00
 28.   32.   0.16913151E-03   0.35021861E-03   0.41184242E-03   0.00000000E+00
 28.   33.   0.12330435E-11   0.76412022E-03   0.82368645E-03   0.00000000E+00
 28.   34.  -0.16913151E-03   0.35021861E-03   0.41184243E-03   0.00000000E+00
 28.   35.   0.12804883E-03  -0.36723758E-03  -0.41184566E-03   0.00000000E+00
 28.   36.   0.54031594E-03  -0.54031597E-03  -0.82368984E-03   0.00000000E+00
 28.   37.   0.36723781E-03  -0.12804900E-03  -0.41184609E-03   0.00000000E+00
 28.   38.  -0.35021816E-03   0.16913137E-03   0.41184169E-03   0.00000000E+00
 28.   39.  -0.76411968E-03   0.00000000E+00   0.82368560E-03   0.00000000E+00
 28.   40.  -0.70604702E-03   0.00000000E+00  -0.11620394E-04   0.00000000E+00
 28.   41.  -0.32957990E-03  -0.13396676E-03  -0.58101865E-05   0.00000000E+00
 28.   42.   0.32777912E-03   0.13832062E-03   0.58102277E-05   0.00000000E+00
 28.   43.   0.49925231E-03   0.49925232E-03   0.11620433E-04   0.00000000E+00
 28.   44.   0.13832048E-03   0.32777891E-03   0.58102235E-05   0.00000000E+00
 28.   45.  -0.13396688E-03  -0.32958033E-03  -0.58101939E-05   0.00000000E+00
 28.   46.  -0.10559880E-11  -0.70604754E-03  -0.11620402E-04   0.00000000E+00
 28.   47.   0.13396688E-03  -0.32958033E-03  -0.58101940E-05   0.00000000E+00
 28.   48.  -0.13832047E-03   0.32777891E-03   0.58102234E-05   0.00000000E+00
 28.   49.  -0.49925231E-03   0.49925233E-03   0.11620433E-04   0.00000000E+00
 28.   50.  -0.32777913E-03   0.13832062E-03   0.58102278E-05   0.00000000E+00
 28.   51.   0.32957990E-03  -0.13396676E-03  -0.58101864E-05   0.00000000E+00
 28.   52.   0.70604702E-03   0.00000000E+00  -0.11620394E-04   0.00000000E+00
 28.   53.   0.70604702E-03   0.00000000E+00  -0.11620394E-04   0.00000000E+00
 28.   54.   0.32957990E-03   0.13396676E-03  -0.58101865E-05   0.00000000E+00
 28.   55.  -0.32777912E-03  -0.13832062E-03   0.58102277E-05   0.00000000E+00
 28.   56.  -0.49925231E-03  -0.49925232E-03   0.11620434E-04   0.00000000E+00
 28.   57.  -0.13832048E-03  -0.32777891E-03   0.58102235E-05   0.00000000E+00
 28.   58.   0.13396688E-03   0.32958033E-03  -0.58101939E-05   0.00000000E+00
 28.   59.   0.10953847E-11   0.70604753E-03  -0.11620402E-04   0.00000000E+00
 28.   60.  -0.13396688E-03   0.32958033E-03  -0.58101940E-05   0.00000000E+00
 28.   61.   0.13832047E-03  -0.32777891E-03   0.58102234E-05   0.00000000E+00
 28.   62.   0.49925231E-03  -0.49925233E-03   0.11620433E-04   0.00000000E+00
 28.   63.   0.32777913E-03  -0.13832062E-03   0.58102278E-05   0.00000000E+00
 28.   64.  -0.32957990E-03   0.13396676E-03  -0.58101864E-05   0.00000000E+00
 28.   65.  -0.70604702E-03   0.00000000E+00  -0.11620394E-04   0.00000000E+00
 29.    1.  -0.92085041E-06   0.00000000E+00   0.13265278E-05   0.00000000E+00
 29.    2.   0.64149417E-06   0.68713431E-06  -0.11488069E-05   0.00000000E+00
 29.    3.   0.32271916E-07  -0.97674709E-06   0.66326364E-06   0.00000000E+00
 29.    4.  -0.70383960E-06   0.70383950E-06  -0.18566690E-12   0.00000000E+00
 29.    5.   0.97674743E-06  -0.32272242E-07  -0.66326423E-06   0.00000000E+00
 29.    6.  -0.68713392E-06  -0.64149442E-06   0.11488069E-05   0.00000000E+00
 29.    7.   0.16278736E-12   0.92084994E-06  -0.13265275E-05   0.00000000E+00
 29.    8.   0.68713453E-06  -0.64149482E-06   0.11488068E-05   0.00000000E+00
 29.    9.  -0.97674704E-06  -0.32272640E-07  -0.66326366E-06   0.00000000E+00
 29.   10.   0.70383980E-06   0.70383927E-06  -0.27858274E-12   0.00000000E+00
 29.   11.  -0.32271702E-07  -0.97674723E-06   0.66326404E-06   0.00000000E+00
 29.   12.  -0.64149428E-06   0.68713418E-06  -0.11488062E-05   0.00000000E+00
 29.   13.   0.92085035E-06   0.00000000E+00   0.13265285E-05   0.00000000E+00
 29.   14.  -0.13224045E-03   0.00000000E+00   0.47411493E-03   0.00000000E+00
 29.   15.   0.87236157E-04   0.11691540E-03  -0.41059558E-03   0.00000000E+00
 29.   16.   0.20986392E-04  -0.16858995E-03   0.23705747E-03   0.00000000E+00
 29.   17.  -0.12777875E-03   0.12777875E-03   0.29865402E-11   0.00000000E+00
 29.   18.   0.16858995E-03  -0.20986391E-04  -0.23705747E-03   0.00000000E+00
 29.   19.  -0.11691540E-03  -0.87236157E-04   0.41059558E-03   0.00000000E+00
 29.   20.  -0.19910334E-11   0.13224045E-03  -0.47411493E-03   0.00000000E+00
 29.   21.   0.11691540E-03  -0.87236156E-04   0.41059557E-03   0.00000000E+00
 29.   22.  -0.16858995E-03  -0.20986394E-04  -0.23705746E-03   0.00000000E+00
 29.   23.   0.12777875E-03   0.12777875E-03  -0.75023198E-11   0.00000000E+00
 29.   24.  -0.20986389E-04  -0.16858995E-03   0.23705748E-03   0.00000000E+00
 29.   25.  -0.87236158E-04   0.11691539E-03  -0.41059558E-03   0.00000000E+00
 29.   26.   0.13224045E-03   0.00000000E+00   0.47411493E-03   0.00000000E+00
 29.   27.  -0.27387418E-03   0.00000000E+00   0.42519412E-02   0.00000000E+00
 29.   28.   0.88695550E-04   0.58538457E-03  -0.36822891E-02   0.00000000E+00
 29.   29.   0.35121218E-03  -0.88219152E-03   0.21259706E-02   0.00000000E+00
 29.   30.  -0.76718537E-03   0.76718537E-03   0.29225847E-10   0.00000000E+00
 29.   31.   0.88219151E-03  -0.35121217E-03  -0.21259706E-02   0.00000000E+00
 29.   32.  -0.58538457E-03  -0.88695553E-04   0.36822891E-02   0.00000000E+00
 29.   33.  -0.12659012E-10   0.27387418E-03  -0.42519412E-02   0.00000000E+00
 29.   34.   0.58538459E-03  -0.88695546E-04   0.36822891E-02   0.00000000E+00
 29.   35.  -0.88219152E-03  -0.35121218E-03  -0.21259705E-02   0.00000000E+00
 29.   36.   0.76718537E-03   0.76718538E-03  -0.68122996E-10   0.00000000E+00
 29.   37.  -0.35121217E-03  -0.88219151E-03   0.21259707E-02   0.00000000E+00
 29.   38.  -0.88695558E-04   0.58538455E-03  -0.36822891E-02   0.00000000E+00
 29.   39.   0.27387418E-03   0.00000000E+00   0.42519412E-02   0.00000000E+00
 29.   40.   0.83785994E-03   0.00000000E+00   0.12809398E-04   0.00000000E+00
 29.   41.  -0.72022517E-03  -0.11561705E-03  -0.11093264E-04   0.00000000E+00
 29.   42.   0.42752251E-03   0.97369234E-04   0.64046989E-05   0.00000000E+00
 29.   43.  -0.10568488E-03   0.10568489E-03   0.34125890E-13   0.00000000E+00
 29.   44.  -0.97369237E-04  -0.42752251E-03  -0.64046989E-05   0.00000000E+00
 29.   45.   0.11561705E-03   0.72022518E-03   0.11093264E-04   0.00000000E+00
 29.   46.  -0.29088096E-11  -0.83785994E-03  -0.12809398E-04   0.00000000E+00
 29.   47.  -0.11561704E-03   0.72022517E-03   0.11093264E-04   0.00000000E+00
 29.   48.   0.97369227E-04  -0.42752250E-03  -0.64046987E-05   0.00000000E+00
 29.   49.   0.10568490E-03   0.10568488E-03  -0.21176321E-12   0.00000000E+00
 29.   50.  -0.42752252E-03   0.97369244E-04   0.64046991E-05   0.00000000E+00
 29.   51.   0.72022518E-03  -0.11561705E-03  -0.11093264E-04   0.00000000E+00
 29.   52.  -0.83785994E-03   0.00000000E+00   0.12809398E-04   0.00000000E+00
 29.   53.  -0.83785994E-03   0.00000000E+00   0.12809398E-04   0.00000000E+00
 29.   54.   0.72022517E-03   0.11561705E-03  -0.11093264E-04   0.00000000E+00
 29.   55.  -0.42752251E-03  -0.97369233E-04   0.64046988E-05   0.00000000E+00
 29.   56.   0.10568488E-03  -0.10568489E-03   0.13226525E-12   0.00000000E+00
 29.   57.   0.97369237E-04   0.42752251E-03  -0.64046990E-05   0.00000000E+00
 29.   58.  -0.11561705E-03  -0.72022518E-03   0.11093264E-04   0.00000000E+00
 29.   59.   0.25830383E-11   0.83785994E-03  -0.12809398E-04   0.00000000E+00
 29.   60.   0.11561704E-03  -0.72022517E-03   0.11093264E-04   0.00000000E+00
 29.   61.  -0.97369226E-04   0.42752250E-03  -0.64046986E-05   0.00000000E+00
 29.   62.  -0.10568490E-03  -0.10568488E-03  -0.29329859E-12   0.00000000E+00
 29.   63.   0.42752252E-03  -0.97369245E-04   0.64046991E-05   0.00000000E+00
 29.   64.  -0.72022518E-03   0.11561705E-03  -0.11093264E-04   0.00000000E+00
 29.   65.   0.83785994E-03   0.00000000E+00   0.12809398E-04   0.00000000E+00
 30.    1.   0.36370712E-01   0.00000000E+00  -0.35023960E-04   0.00000000E+00
 30.    2.   0.31184206E-01  -0.17014446E-01  -0.24762927E-04   0.00000000E+00
 30.    3.   0.17328151E-01  -0.30013302E-01   0.92013126E-08   0.00000000E+00
 30.    4.  -0.85724964E-03  -0.35513537E-01   0.24780690E-04   0.00000000E+00
 30.    5.  -0.18185489E-01  -0.31497948E-01   0.35039889E-04   0.00000000E+00
 30.    6.  -0.30327223E-01  -0.18499091E-01   0.24775912E-04   0.00000000E+00
 30.    7.  -0.34656569E-01  -0.79113689E-10  -0.16512742E-10   0.00000000E+00
 30.    8.  -0.30327224E-01   0.18499091E-01  -0.24775911E-04   0.00000000E+00
 30.    9.  -0.18185490E-01   0.31497948E-01  -0.35039872E-04   0.00000000E+00
 30.   10.  -0.85724982E-03   0.35513537E-01  -0.24780650E-04   0.00000000E+00
 30.   11.   0.17328151E-01   0.30013302E-01  -0.91843185E-08   0.00000000E+00
 30.   12.   0.31184206E-01   0.17014446E-01   0.24762893E-04   0.00000000E+00
 30.   13.   0.36370712E-01   0.00000000E+00   0.35023914E-04   0.00000000E+00
 30.   14.   0.11988755E+00   0.00000000E+00  -0.24622556E-03   0.00000000E+00
 30.   15.   0.99539052E-01  -0.43946224E-01  -0.17410549E-03   0.00000000E+00
 30.   16.   0.48232514E-01  -0.83541666E-01   0.72713360E-08   0.00000000E+00
 30.   17.  -0.11711364E-01  -0.10817676E+00   0.17411964E-03   0.00000000E+00
 30.   18.  -0.59944089E-01  -0.10382598E+00   0.24623811E-03   0.00000000E+00
 30.   19.  -0.87828320E-01  -0.64230536E-01   0.17411585E-03   0.00000000E+00
 30.   20.  -0.96465661E-01  -0.32549743E-09   0.60245240E-12   0.00000000E+00
 30.   21.  -0.87828320E-01   0.64230536E-01  -0.17411589E-03   0.00000000E+00
 30.   22.  -0.59944089E-01   0.10382598E+00  -0.24623814E-03   0.00000000E+00
 30.   23.  -0.11711364E-01   0.10817676E+00  -0.17411963E-03   0.00000000E+00
 30.   24.   0.48232514E-01   0.83541666E-01  -0.73099637E-08   0.00000000E+00
 30.   25.   0.99539052E-01   0.43946224E-01   0.17410560E-03   0.00000000E+00
 30.   26.   0.11988755E+00   0.00000000E+00   0.24622552E-03   0.00000000E+00
 30.   27.   0.19747716E+00   0.00000000E+00  -0.74601827E-03   0.00000000E+00
 30.   28.   0.15350900E+00  -0.33386115E-01  -0.52751274E-03   0.00000000E+00
 30.   29.   0.50896975E-01  -0.88156779E-01   0.61368915E-08   0.00000000E+00
 30.   30.  -0.47841655E-01  -0.14963624E+00   0.52752459E-03   0.00000000E+00
 30.   31.  -0.98738730E-01  -0.17102079E+00   0.74602888E-03   0.00000000E+00
 30.   32.  -0.10566764E+00  -0.11625012E+00   0.52752149E-03   0.00000000E+00
 30.   33.  -0.10179425E+00  -0.57677810E-09  -0.52712210E-10   0.00000000E+00
 30.   34.  -0.10566764E+00   0.11625012E+00  -0.52752141E-03   0.00000000E+00
 30.   35.  -0.98738730E-01   0.17102079E+00  -0.74602894E-03   0.00000000E+00
 30.   36.  -0.47841656E-01   0.14963624E+00  -0.52752469E-03   0.00000000E+00
 30.   37.   0.50896974E-01   0.88156780E-01  -0.60773934E-08   0.00000000E+00
 30.   38.   0.15350900E+00   0.33386116E-01   0.52751274E-03   0.00000000E+00
 30.   39.   0.19747716E+00   0.00000000E+00   0.74601836E-03   0.00000000E+00
 30.   40.   0.21813074E+00   0.00000000E+00  -0.15807827E-02   0.00000000E+00
 30.   41.   0.14784255E+00   0.44188031E-01  -0.11177808E-02   0.00000000E+00
 30.   42.  -0.31241446E-02   0.54105921E-02   0.45217238E-08   0.00000000E+00
 30.   43.  -0.11218949E+00  -0.10594193E+00   0.11177896E-02   0.00000000E+00
 30.   44.  -0.10906528E+00  -0.18890740E+00   0.15807905E-02   0.00000000E+00
 30.   45.  -0.35652886E-01  -0.15012996E+00   0.11177872E-02   0.00000000E+00
 30.   46.   0.62484667E-02  -0.73000541E-09   0.78250638E-11   0.00000000E+00
 30.   47.  -0.35652885E-01   0.15012996E+00  -0.11177872E-02   0.00000000E+00
 30.   48.  -0.10906528E+00   0.18890740E+00  -0.15807905E-02   0.00000000E+00
 30.   49.  -0.11218949E+00   0.10594193E+00  -0.11177896E-02   0.00000000E+00
 30.   50.  -0.31241460E-02  -0.54105914E-02  -0.45267570E-08   0.00000000E+00
 30.   51.   0.14784255E+00  -0.44188031E-01   0.11177808E-02   0.00000000E+00
 30.   52.   0.21813074E+00   0.00000000E+00   0.15807827E-02   0.00000000E+00
 30.   53.   0.21813074E+00   0.00000000E+00   0.15807827E-02   0.00000000E+00
 30.   54.   0.14784255E+00   0.44188031E-01   0.11177808E-02   0.00000000E+00
 30.   55.  -0.31241446E-02   0.54105921E-02  -0.45112841E-08   0.00000000E+00
 30.   56.  -0.11218949E+00  -0.10594193E+00  -0.11177896E-02   0.00000000E+00
 30.   57.  -0.10906528E+00  -0.18890740E+00  -0.15807905E-02   0.00000000E+00
 30.   58.  -0.35652886E-01  -0.15012996E+00  -0.11177872E-02   0.00000000E+00
 30.   59.   0.62484667E-02  -0.78877008E-09   0.41209675E-11   0.00000000E+00
 30.   60.  -0.35652885E-01   0.15012996E+00   0.11177872E-02   0.00000000E+00
 30.   61.  -0.10906528E+00   0.18890740E+00   0.15807905E-02   0.00000000E+00
 30.   62.  -0.11218949E+00   0.10594193E+00   0.11177896E-02   0.00000000E+00
 30.   63.  -0.31241460E-02  -0.54105914E-02   0.45376331E-08   0.00000000E+00
 30.   64.   0.14784255E+00  -0.44188031E-01  -0.11177808E-02   0.00000000E+00
 30.   65.   0.21813074E+00   0.00000000E+00  -0.15807827E-02   0.00000000E+00
