mode k UX UY UZ VOLT
  1.    1.   0.20818000E-01   0.00000000E+00  -0.12692442E+00   0.00000000E+00
  1.    2.   0.20818000E-01   0.94344774E-12  -0.12143885E+00   0.00000000E+00
  1.    3.   0.20818000E-01   0.17279300E-11  -0.10535596E+00   0.00000000E+00
  1.    4.   0.20818000E-01   0.19934232E-11  -0.79771775E-01   0.00000000E+00
  1.    5.   0.20818000E-01   0.19035544E-11  -0.46429819E-01   0.00000000E+00
  1.    6.   0.20818000E-01   0.16156329E-11  -0.76022896E-02   0.00000000E+00
  1.    7.   0.20818000E-01   0.12727754E-11   0.34064782E-01   0.00000000E+00
  1.    8.   0.20818000E-01   0.97803954E-12   0.75731853E-01   0.00000000E+00
  1.    9.   0.20818000E-01   0.78079529E-12   0.11455938E+00   0.00000000E+00
  1.   10.   0.20818000E-01   0.65369129E-12   0.14790134E+00   0.00000000E+00
  1.   11.   0.20818000E-01   0.52653332E-12   0.17348552E+00   0.00000000E+00
  1.   12.   0.20818000E-01   0.31066495E-12   0.18956841E+00   0.00000000E+00
  1.   13.   0.20818000E-01   0.00000000E+00   0.19505399E+00   0.00000000E+00
  1.   14.   0.20818000E-01   0.00000000E+00  -0.32816092E+00   0.00000000E+00
  1.   15.   0.20818000E-01  -0.96866559E-12  -0.31581838E+00   0.00000000E+00
  1.   16.   0.20818000E-01  -0.15437434E-11  -0.27963188E+00   0.00000000E+00
  1.   17.   0.20818000E-01  -0.15021062E-11  -0.22206747E+00   0.00000000E+00
  1.   18.   0.20818000E-01  -0.98499685E-12  -0.14704807E+00   0.00000000E+00
  1.   19.   0.20818000E-01  -0.31578958E-12  -0.59686130E-01   0.00000000E+00
  1.   20.   0.20818000E-01   0.38149616E-12   0.34064781E-01   0.00000000E+00
  1.   21.   0.20818000E-01   0.11274700E-11   0.12781569E+00   0.00000000E+00
  1.   22.   0.20818000E-01   0.19391314E-11   0.21517763E+00   0.00000000E+00
  1.   23.   0.20818000E-01   0.26083129E-11   0.29019703E+00   0.00000000E+00
  1.   24.   0.20818000E-01   0.28348792E-11   0.34776144E+00   0.00000000E+00
  1.   25.   0.20818000E-01   0.18852388E-11   0.38394795E+00   0.00000000E+00
  1.   26.   0.20818000E-01   0.00000000E+00   0.39629049E+00   0.00000000E+00
  1.   27.   0.20818000E-01   0.00000000E+00  -0.52939743E+00   0.00000000E+00
  1.   28.   0.20818000E-01  -0.43223333E-11  -0.51019792E+00   0.00000000E+00
  1.   29.   0.20818000E-01  -0.64058512E-11  -0.45390781E+00   0.00000000E+00
  1.   30.   0.20818000E-01  -0.61662478E-11  -0.36436317E+00   0.00000000E+00
  1.   31.   0.20818000E-01  -0.45307421E-11  -0.24766632E+00   0.00000000E+00
  1.   32.   0.20818000E-01  -0.25857665E-11  -0.11176997E+00   0.00000000E+00
  1.   33.   0.20818000E-01  -0.79162803E-12   0.34064780E-01   0.00000000E+00
  1.   34.   0.20818000E-01   0.76109202E-12   0.17989953E+00   0.00000000E+00
  1.   35.   0.20818000E-01   0.23505446E-11   0.31579588E+00   0.00000000E+00
  1.   36.   0.20818000E-01   0.39675321E-11   0.43249273E+00   0.00000000E+00
  1.   37.   0.20818000E-01   0.50018146E-11   0.52203737E+00   0.00000000E+00
  1.   38.   0.20818000E-01   0.39906789E-11   0.57832748E+00   0.00000000E+00
  1.   39.   0.20818000E-01   0.00000000E+00   0.59752699E+00   0.00000000E+00
  1.   40.   0.20818000E-01   0.00000000E+00  -0.73063393E+00   0.00000000E+00
  1.   41.   0.20818000E-01  -0.85445482E-11  -0.70457745E+00   0.00000000E+00
  1.   42.   0.20818000E-01  -0.11722153E-10  -0.62818373E+00   0.00000000E+00
  1.   43.   0.20818000E-01  -0.10958731E-10  -0.50665886E+00   0.00000000E+00
  1.   44.   0.20818000E-01  -0.75685469E-11  -0.34828458E+00   0.00000000E+00
  1.   45.   0.20818000E-01  -0.40488307E-11  -0.16385381E+00   0.00000000E+00
  1.   46.   0.20818000E-01  -0.11536834E-11   0.34064779E-01   0.00000000E+00
  1.   47.   0.20818000E-01   0.15476157E-11   0.23198337E+00   0.00000000E+00
  1.   48.   0.20818000E-01   0.45046639E-11   0.41641413E+00   0.00000000E+00
  1.   49.   0.20818000E-01   0.72834779E-11   0.57478842E+00   0.00000000E+00
  1.   50.   0.20818000E-01   0.87761085E-11   0.69631329E+00   0.00000000E+00
  1.   51.   0.20818000E-01   0.70333479E-11   0.77270702E+00   0.00000000E+00
  1.   52.   0.20818000E-01   0.00000000E+00   0.79876350E+00   0.00000000E+00
  1.   53.   0.20818000E-01   0.00000000E+00  -0.93187044E+00   0.00000000E+00
  1.   54.   0.20818000E-01  -0.11976188E-10  -0.89895699E+00   0.00000000E+00
  1.   55.   0.20818000E-01  -0.15373147E-10  -0.80245965E+00   0.00000000E+00
  1.   56.   0.20818000E-01  -0.13724551E-10  -0.64895456E+00   0.00000000E+00
  1.   57.   0.20818000E-01  -0.89880608E-11  -0.44890283E+00   0.00000000E+00
  1.   58.   0.20818000E-01  -0.43227536E-11  -0.21593765E+00   0.00000000E+00
  1.   59.   0.20818000E-01  -0.11346158E-11   0.34064778E-01   0.00000000E+00
  1.   60.   0.20818000E-01   0.18836947E-11   0.28406721E+00   0.00000000E+00
  1.   61.   0.20818000E-01   0.51912851E-11   0.51703238E+00   0.00000000E+00
  1.   62.   0.20818000E-01   0.89839020E-11   0.71708412E+00   0.00000000E+00
  1.   63.   0.20818000E-01   0.11254914E-10   0.87058921E+00   0.00000000E+00
  1.   64.   0.20818000E-01   0.95626861E-11   0.96708655E+00   0.00000000E+00
  1.   65.   0.20818000E-01   0.00000000E+00   0.10000000E+01   0.00000000E+00
  1.   66.  -0.16746148E-01   0.00000000E+00  -0.93187044E+00   0.00000000E+00
  1.   67.  -0.16746148E-01   0.11987866E-10  -0.89895699E+00   0.00000000E+00
  1.   68.  -0.16746148E-01   0.15387045E-10  -0.80245965E+00   0.00000000E+00
  1.   69.  -0.16746148E-01   0.13751241E-10  -0.64895456E+00   0.00000000E+00
  1.   70.  -0.16746148E-01   0.89806344E-11  -0.44890283E+00   0.00000000E+00
  1.   71.  -0.16746148E-01   0.43044420E-11  -0.21593765E+00   0.00000000E+00
  1.   72.  -0.16746148E-01   0.11113560E-11   0.34064778E-01   0.00000000E+00
  1.   73.  -0.16746148E-01  -0.19588951E-11   0.28406721E+00   0.00000000E+00
  1.   74.  -0.16746148E-01  -0.52183102E-11   0.51703238E+00   0.00000000E+00
  1.   75.  -0.16746148E-01  -0.90105085E-11   0.71708412E+00   0.00000000E+00
  1.   76.  -0.16746148E-01  -0.11310539E-10   0.87058921E+00   0.00000000E+00
  1.   77.  -0.16746148E-01  -0.95633360E-11   0.96708655E+00   0.00000000E+00
  1.   78.  -0.16746148E-01   0.00000000E+00   0.10000000E+01   0.00000000E+00
  2.    1.   0.99971826E+00   0.00000000E+00  -0.57411184E-02   0.00000000E+00
  2.    2.   0.99971826E+00   0.32754003E-12  -0.57822610E-02   0.00000000E+00
  2.    3.   0.99971826E+00   0.68363791E-12  -0.59028851E-02   0.00000000E+00
  2.    4.   0.99971826E+00   0.91533347E-12  -0.60947702E-02   0.00000000E+00
  2.    5.   0.99971826E+00   0.10499520E-11  -0.63448399E-02   0.00000000E+00
  2.    6.   0.99971826E+00   0.11490418E-11  -0.66360521E-02   0.00000000E+00
  2.    7.   0.99971826E+00   0.12159365E-11  -0.69485613E-02   0.00000000E+00
  2.    8.   0.99971826E+00   0.11784352E-11  -0.72610706E-02   0.00000000E+00
  2.    9.   0.99971826E+00   0.10559345E-11  -0.75522828E-02   0.00000000E+00
  2.   10.   0.99971826E+00   0.83991215E-12  -0.78023525E-02   0.00000000E+00
  2.   11.   0.99971826E+00   0.59501783E-12  -0.79942376E-02   0.00000000E+00
  2.   12.   0.99971826E+00   0.29980319E-12  -0.81148617E-02   0.00000000E+00
  2.   13.   0.99971826E+00   0.00000000E+00  -0.81560043E-02   0.00000000E+00
  2.   14.   0.99971826E+00   0.00000000E+00  -0.42318147E-02   0.00000000E+00
  2.   15.   0.99971826E+00  -0.28087805E-13  -0.43243856E-02   0.00000000E+00
  2.   16.   0.99971826E+00   0.96147851E-13  -0.45957897E-02   0.00000000E+00
  2.   17.   0.99971826E+00   0.33605156E-12  -0.50275313E-02   0.00000000E+00
  2.   18.   0.99971826E+00   0.60332543E-12  -0.55901880E-02   0.00000000E+00
  2.   19.   0.99971826E+00   0.87985574E-12  -0.62454156E-02   0.00000000E+00
  2.   20.   0.99971826E+00   0.10699061E-11  -0.69485613E-02   0.00000000E+00
  2.   21.   0.99971826E+00   0.10888832E-11  -0.76517071E-02   0.00000000E+00
  2.   22.   0.99971826E+00   0.94842012E-12  -0.83069347E-02   0.00000000E+00
  2.   23.   0.99971826E+00   0.71003026E-12  -0.88695914E-02   0.00000000E+00
  2.   24.   0.99971826E+00   0.46982296E-12  -0.93013330E-02   0.00000000E+00
  2.   25.   0.99971826E+00   0.23809273E-12  -0.95727371E-02   0.00000000E+00
  2.   26.   0.99971826E+00   0.00000000E+00  -0.96653081E-02   0.00000000E+00
  2.   27.   0.99971826E+00   0.00000000E+00  -0.27225110E-02   0.00000000E+00
  2.   28.   0.99971826E+00  -0.20655634E-12  -0.28665101E-02   0.00000000E+00
  2.   29.   0.99971826E+00  -0.23639373E-12  -0.32886944E-02   0.00000000E+00
  2.   30.   0.99971826E+00  -0.39392035E-13  -0.39602925E-02   0.00000000E+00
  2.   31.   0.99971826E+00   0.23613779E-12  -0.48355361E-02   0.00000000E+00
  2.   32.   0.99971826E+00   0.61272395E-12  -0.58547790E-02   0.00000000E+00
  2.   33.   0.99971826E+00   0.82175398E-12  -0.69485613E-02   0.00000000E+00
  2.   34.   0.99971826E+00   0.88798370E-12  -0.80423437E-02   0.00000000E+00
  2.   35.   0.99971826E+00   0.91750147E-12  -0.90615865E-02   0.00000000E+00
  2.   36.   0.99971826E+00   0.77156156E-12  -0.99368302E-02   0.00000000E+00
  2.   37.   0.99971826E+00   0.51423627E-12  -0.10608428E-01   0.00000000E+00
  2.   38.   0.99971826E+00   0.23034351E-12  -0.11030613E-01   0.00000000E+00
  2.   39.   0.99971826E+00   0.00000000E+00  -0.11174612E-01   0.00000000E+00
  2.   40.   0.99971826E+00   0.00000000E+00  -0.12132073E-02   0.00000000E+00
  2.   41.   0.99971826E+00  -0.45238544E-12  -0.14086347E-02   0.00000000E+00
  2.   42.   0.99971826E+00  -0.56548889E-12  -0.19815990E-02   0.00000000E+00
  2.   43.   0.99971826E+00  -0.43811339E-12  -0.28930536E-02   0.00000000E+00
  2.   44.   0.99971826E+00  -0.65809055E-13  -0.40808843E-02   0.00000000E+00
  2.   45.   0.99971826E+00   0.31945094E-12  -0.54641425E-02   0.00000000E+00
  2.   46.   0.99971826E+00   0.62615236E-12  -0.69485613E-02   0.00000000E+00
  2.   47.   0.99971826E+00   0.83917010E-12  -0.84329802E-02   0.00000000E+00
  2.   48.   0.99971826E+00   0.87813662E-12  -0.98162384E-02   0.00000000E+00
  2.   49.   0.99971826E+00   0.74539482E-12  -0.11004069E-01   0.00000000E+00
  2.   50.   0.99971826E+00   0.44116313E-12  -0.11915524E-01   0.00000000E+00
  2.   51.   0.99971826E+00   0.16351577E-12  -0.12488488E-01   0.00000000E+00
  2.   52.   0.99971826E+00   0.00000000E+00  -0.12683916E-01   0.00000000E+00
  2.   53.   0.99971826E+00   0.00000000E+00   0.29609645E-03   0.00000000E+00
  2.   54.   0.99971826E+00  -0.40663037E-12   0.49240725E-04   0.00000000E+00
  2.   55.   0.99971826E+00  -0.93853502E-12  -0.67450364E-03   0.00000000E+00
  2.   56.   0.99971826E+00  -0.76388553E-12  -0.18258147E-02   0.00000000E+00
  2.   57.   0.99971826E+00  -0.32846213E-12  -0.33262324E-02   0.00000000E+00
  2.   58.   0.99971826E+00   0.22533528E-12  -0.50735059E-02   0.00000000E+00
  2.   59.   0.99971826E+00   0.44592009E-12  -0.69485613E-02   0.00000000E+00
  2.   60.   0.99971826E+00   0.77418296E-12  -0.88236167E-02   0.00000000E+00
  2.   61.   0.99971826E+00   0.83546494E-12  -0.10570890E-01   0.00000000E+00
  2.   62.   0.99971826E+00   0.68980840E-12  -0.12071308E-01   0.00000000E+00
  2.   63.   0.99971826E+00   0.21631923E-12  -0.13222619E-01   0.00000000E+00
  2.   64.   0.99971826E+00  -0.20758911E-12  -0.13946363E-01   0.00000000E+00
  2.   65.   0.99971826E+00   0.00000000E+00  -0.14193219E-01   0.00000000E+00
  2.   66.   0.10000000E+01   0.00000000E+00   0.29609645E-03   0.00000000E+00
  2.   67.   0.10000000E+01   0.50064342E-13   0.49240725E-04   0.00000000E+00
  2.   68.   0.10000000E+01  -0.30437420E-12  -0.67450364E-03   0.00000000E+00
  2.   69.   0.10000000E+01  -0.47221287E-12  -0.18258147E-02   0.00000000E+00
  2.   70.   0.10000000E+01  -0.44078560E-12  -0.33262324E-02   0.00000000E+00
  2.   71.   0.10000000E+01  -0.15692146E-12  -0.50735059E-02   0.00000000E+00
  2.   72.   0.10000000E+01   0.25165212E-12  -0.69485613E-02   0.00000000E+00
  2.   73.   0.10000000E+01   0.48254099E-12  -0.88236167E-02   0.00000000E+00
  2.   74.   0.10000000E+01   0.52237631E-12  -0.10570890E-01   0.00000000E+00
  2.   75.   0.10000000E+01   0.38969186E-12  -0.12071308E-01   0.00000000E+00
  2.   76.   0.10000000E+01   0.29972057E-12  -0.13222619E-01   0.00000000E+00
  2.   77.   0.10000000E+01  -0.20662594E-12  -0.13946363E-01   0.00000000E+00
  2.   78.   0.10000000E+01   0.00000000E+00  -0.14193219E-01   0.00000000E+00
  3.    1.   0.35395813E-02   0.00000000E+00   0.89943483E+00   0.00000000E+00
  3.    2.   0.35395813E-02  -0.13926902E-10   0.89874949E+00   0.00000000E+00
  3.    3.   0.35395813E-02  -0.26453950E-10   0.89674019E+00   0.00000000E+00
  3.    4.   0.35395813E-02  -0.34760406E-10   0.89354385E+00   0.00000000E+00
  3.    5.   0.35395813E-02  -0.39334407E-10   0.88937831E+00   0.00000000E+00
  3.    6.   0.35395813E-02  -0.40348712E-10   0.88452743E+00   0.00000000E+00
  3.    7.   0.35395813E-02  -0.38285032E-10   0.87932179E+00   0.00000000E+00
  3.    8.   0.35395813E-02  -0.34030818E-10   0.87411616E+00   0.00000000E+00
  3.    9.   0.35395813E-02  -0.28270331E-10   0.86926527E+00   0.00000000E+00
  3.   10.   0.35395813E-02  -0.21569400E-10   0.86509973E+00   0.00000000E+00
  3.   11.   0.35395813E-02  -0.14377350E-10   0.86190339E+00   0.00000000E+00
  3.   12.   0.35395813E-02  -0.71267984E-11   0.85989409E+00   0.00000000E+00
  3.   13.   0.35395813E-02   0.00000000E+00   0.85920876E+00   0.00000000E+00
  3.   14.   0.35395812E-02   0.00000000E+00   0.92457612E+00   0.00000000E+00
  3.   15.   0.35395813E-02  -0.10271906E-10   0.92303412E+00   0.00000000E+00
  3.   16.   0.35395813E-02  -0.19606095E-10   0.91851319E+00   0.00000000E+00
  3.   17.   0.35395813E-02  -0.27343449E-10   0.91132143E+00   0.00000000E+00
  3.   18.   0.35395813E-02  -0.32957469E-10   0.90194896E+00   0.00000000E+00
  3.   19.   0.35395813E-02  -0.35458030E-10   0.89103447E+00   0.00000000E+00
  3.   20.   0.35395813E-02  -0.34987675E-10   0.87932179E+00   0.00000000E+00
  3.   21.   0.35395813E-02  -0.31923314E-10   0.86760911E+00   0.00000000E+00
  3.   22.   0.35395813E-02  -0.26465482E-10   0.85669463E+00   0.00000000E+00
  3.   23.   0.35395813E-02  -0.19509847E-10   0.84732215E+00   0.00000000E+00
  3.   24.   0.35395813E-02  -0.11941952E-10   0.84013040E+00   0.00000000E+00
  3.   25.   0.35395813E-02  -0.54739328E-11   0.83560947E+00   0.00000000E+00
  3.   26.   0.35395813E-02   0.00000000E+00   0.83406746E+00   0.00000000E+00
  3.   27.   0.35395812E-02   0.00000000E+00   0.94971741E+00   0.00000000E+00
  3.   28.   0.35395812E-02  -0.49663414E-11   0.94731874E+00   0.00000000E+00
  3.   29.   0.35395813E-02  -0.11886100E-10   0.94028619E+00   0.00000000E+00
  3.   30.   0.35395813E-02  -0.19943723E-10   0.92909901E+00   0.00000000E+00
  3.   31.   0.35395813E-02  -0.27340690E-10   0.91451960E+00   0.00000000E+00
  3.   32.   0.35395813E-02  -0.31952298E-10   0.89754152E+00   0.00000000E+00
  3.   33.   0.35395813E-02  -0.33658701E-10   0.87932179E+00   0.00000000E+00
  3.   34.   0.35395813E-02  -0.32130838E-10   0.86110207E+00   0.00000000E+00
  3.   35.   0.35395813E-02  -0.27323976E-10   0.84412398E+00   0.00000000E+00
  3.   36.   0.35395813E-02  -0.19593595E-10   0.82954457E+00   0.00000000E+00
  3.   37.   0.35395813E-02  -0.10854755E-10   0.81835740E+00   0.00000000E+00
  3.   38.   0.35395813E-02  -0.37183495E-11   0.81132485E+00   0.00000000E+00
  3.   39.   0.35395813E-02   0.00000000E+00   0.80892617E+00   0.00000000E+00
  3.   40.   0.35395812E-02   0.00000000E+00   0.97485871E+00   0.00000000E+00
  3.   41.   0.35395813E-02   0.16004046E-11   0.97160337E+00   0.00000000E+00
  3.   42.   0.35395813E-02  -0.28350821E-11   0.96205919E+00   0.00000000E+00
  3.   43.   0.35395813E-02  -0.10628964E-10   0.94687659E+00   0.00000000E+00
  3.   44.   0.35395813E-02  -0.20204167E-10   0.92709025E+00   0.00000000E+00
  3.   45.   0.35395813E-02  -0.26930551E-10   0.90404857E+00   0.00000000E+00
  3.   46.   0.35395813E-02  -0.29348570E-10   0.87932179E+00   0.00000000E+00
  3.   47.   0.35395813E-02  -0.27546231E-10   0.85459502E+00   0.00000000E+00
  3.   48.   0.35395813E-02  -0.22244157E-10   0.83155334E+00   0.00000000E+00
  3.   49.   0.35395813E-02  -0.14457123E-10   0.81176699E+00   0.00000000E+00
  3.   50.   0.35395813E-02  -0.64097189E-11   0.79658440E+00   0.00000000E+00
  3.   51.   0.35395813E-02  -0.63975390E-12   0.78704022E+00   0.00000000E+00
  3.   52.   0.35395813E-02   0.00000000E+00   0.78378488E+00   0.00000000E+00
  3.   53.   0.35395812E-02   0.00000000E+00   0.10000000E+01   0.00000000E+00
  3.   54.   0.35395812E-02   0.67640159E-11   0.99588799E+00   0.00000000E+00
  3.   55.   0.35395813E-02   0.34416231E-11   0.98383219E+00   0.00000000E+00
  3.   56.   0.35395813E-02  -0.51107561E-11   0.96465417E+00   0.00000000E+00
  3.   57.   0.35395813E-02  -0.16539446E-10   0.93966090E+00   0.00000000E+00
  3.   58.   0.35395813E-02  -0.25140333E-10   0.91055561E+00   0.00000000E+00
  3.   59.   0.35395813E-02  -0.27334983E-10   0.87932179E+00   0.00000000E+00
  3.   60.   0.35395813E-02  -0.25166474E-10   0.84808798E+00   0.00000000E+00
  3.   61.   0.35395813E-02  -0.19707819E-10   0.81898269E+00   0.00000000E+00
  3.   62.   0.35395813E-02  -0.11014455E-10   0.79398942E+00   0.00000000E+00
  3.   63.   0.35395813E-02  -0.28448899E-11   0.77481140E+00   0.00000000E+00
  3.   64.   0.35395813E-02   0.22227913E-11   0.76275560E+00   0.00000000E+00
  3.   65.   0.35395813E-02   0.00000000E+00   0.75864359E+00   0.00000000E+00
  3.   66.   0.82326227E-02   0.00000000E+00   0.10000000E+01   0.00000000E+00
  3.   67.   0.82326227E-02  -0.67728208E-11   0.99588799E+00   0.00000000E+00
  3.   68.   0.82326227E-02  -0.34533725E-11   0.98383219E+00   0.00000000E+00
  3.   69.   0.82326227E-02   0.50794132E-11   0.96465417E+00   0.00000000E+00
  3.   70.   0.82326227E-02   0.16566189E-10   0.93966090E+00   0.00000000E+00
  3.   71.   0.82326227E-02   0.25196137E-10   0.91055561E+00   0.00000000E+00
  3.   72.   0.82326227E-02   0.27353346E-10   0.87932179E+00   0.00000000E+00
  3.   73.   0.82326227E-02   0.25019067E-10   0.84808798E+00   0.00000000E+00
  3.   74.   0.82326226E-02   0.19694864E-10   0.81898269E+00   0.00000000E+00
  3.   75.   0.82326226E-02   0.10993450E-10   0.79398942E+00   0.00000000E+00
  3.   76.   0.82326226E-02   0.27830346E-11   0.77481140E+00   0.00000000E+00
  3.   77.   0.82326226E-02  -0.22335333E-11   0.76275560E+00   0.00000000E+00
  3.   78.   0.82326226E-02   0.00000000E+00   0.75864359E+00   0.00000000E+00
  4.    1.   0.77210538E-02   0.00000000E+00  -0.30320507E-01   0.00000000E+00
  4.    2.   0.74700906E-02  -0.20436084E-02  -0.26258329E-01   0.00000000E+00
  4.    3.   0.67272011E-02  -0.39308003E-02  -0.15160253E-01   0.00000000E+00
  4.    4.   0.55258639E-02  -0.55258639E-02   0.50050339E-11   0.00000000E+00
  4.    5.   0.39308003E-02  -0.67272011E-02   0.15160254E-01   0.00000000E+00
  4.    6.   0.20436084E-02  -0.74700906E-02   0.26258329E-01   0.00000000E+00
  4.    7.   0.37696452E-10  -0.77210537E-02   0.30320507E-01   0.00000000E+00
  4.    8.  -0.20436083E-02  -0.74700906E-02   0.26258330E-01   0.00000000E+00
  4.    9.  -0.39308002E-02  -0.67272011E-02   0.15160254E-01   0.00000000E+00
  4.   10.  -0.55258638E-02  -0.55258639E-02   0.61572779E-09   0.00000000E+00
  4.   11.  -0.67272010E-02  -0.39308004E-02  -0.15160253E-01   0.00000000E+00
  4.   12.  -0.74700906E-02  -0.20436084E-02  -0.26258329E-01   0.00000000E+00
  4.   13.  -0.77210538E-02   0.00000000E+00  -0.30320507E-01   0.00000000E+00
  4.   14.   0.12852457E-01   0.00000000E+00  -0.13771179E+00   0.00000000E+00
  4.   15.   0.12597281E-01  -0.40085332E-02  -0.11926191E+00   0.00000000E+00
  4.   16.   0.11742084E-01  -0.74854287E-02  -0.68855895E-01   0.00000000E+00
  4.   17.   0.10086683E-01  -0.10086683E-01  -0.57019163E-09   0.00000000E+00
  4.   18.   0.74854287E-02  -0.11742084E-01   0.68855894E-01   0.00000000E+00
  4.   19.   0.40085332E-02  -0.12597281E-01   0.11926191E+00   0.00000000E+00
  4.   20.   0.78390491E-10  -0.12852457E-01   0.13771179E+00   0.00000000E+00
  4.   21.  -0.40085331E-02  -0.12597281E-01   0.11926191E+00   0.00000000E+00
  4.   22.  -0.74854286E-02  -0.11742084E-01   0.68855897E-01   0.00000000E+00
  4.   23.  -0.10086683E-01  -0.10086683E-01   0.22640638E-08   0.00000000E+00
  4.   24.  -0.11742084E-01  -0.74854288E-02  -0.68855892E-01   0.00000000E+00
  4.   25.  -0.12597281E-01  -0.40085333E-02  -0.11926191E+00   0.00000000E+00
  4.   26.  -0.12852457E-01   0.00000000E+00  -0.13771179E+00   0.00000000E+00
  4.   27.   0.17820431E-01   0.00000000E+00  -0.30351378E+00   0.00000000E+00
  4.   28.   0.17523796E-01  -0.57713734E-02  -0.26285064E+00   0.00000000E+00
  4.   29.   0.16472172E-01  -0.10710208E-01  -0.15175689E+00   0.00000000E+00
  4.   30.   0.14297997E-01  -0.14297997E-01  -0.14459062E-08   0.00000000E+00
  4.   31.   0.10710209E-01  -0.16472172E-01   0.15175689E+00   0.00000000E+00
  4.   32.   0.57713735E-02  -0.17523796E-01   0.26285064E+00   0.00000000E+00
  4.   33.   0.11456454E-09  -0.17820431E-01   0.30351378E+00   0.00000000E+00
  4.   34.  -0.57713733E-02  -0.17523796E-01   0.26285064E+00   0.00000000E+00
  4.   35.  -0.10710208E-01  -0.16472172E-01   0.15175689E+00   0.00000000E+00
  4.   36.  -0.14297997E-01  -0.14297997E-01   0.48336668E-08   0.00000000E+00
  4.   37.  -0.16472172E-01  -0.10710209E-01  -0.15175688E+00   0.00000000E+00
  4.   38.  -0.17523796E-01  -0.57713736E-02  -0.26285064E+00   0.00000000E+00
  4.   39.  -0.17820431E-01   0.00000000E+00  -0.30351378E+00   0.00000000E+00
  4.   40.   0.21139559E-01   0.00000000E+00  -0.51365151E+00   0.00000000E+00
  4.   41.   0.20947162E-01  -0.74415302E-02  -0.44483526E+00   0.00000000E+00
  4.   42.   0.20073837E-01  -0.13629346E-01  -0.25682576E+00   0.00000000E+00
  4.   43.   0.17832513E-01  -0.17832513E-01  -0.25516256E-08   0.00000000E+00
  4.   44.   0.13629346E-01  -0.20073837E-01   0.25682575E+00   0.00000000E+00
  4.   45.   0.74415302E-02  -0.20947162E-01   0.44483526E+00   0.00000000E+00
  4.   46.   0.14890442E-09  -0.21139559E-01   0.51365151E+00   0.00000000E+00
  4.   47.  -0.74415300E-02  -0.20947162E-01   0.44483526E+00   0.00000000E+00
  4.   48.  -0.13629346E-01  -0.20073837E-01   0.25682576E+00   0.00000000E+00
  4.   49.  -0.17832513E-01  -0.17832513E-01   0.81017260E-08   0.00000000E+00
  4.   50.  -0.20073837E-01  -0.13629346E-01  -0.25682575E+00   0.00000000E+00
  4.   51.  -0.20947162E-01  -0.74415304E-02  -0.44483525E+00   0.00000000E+00
  4.   52.  -0.21139559E-01   0.00000000E+00  -0.51365151E+00   0.00000000E+00
  4.   53.   0.23440580E-01   0.00000000E+00  -0.75282520E+00   0.00000000E+00
  4.   54.   0.23354470E-01  -0.87263579E-02  -0.65196575E+00   0.00000000E+00
  4.   55.   0.22684571E-01  -0.15850249E-01  -0.37641260E+00   0.00000000E+00
  4.   56.   0.20468756E-01  -0.20468756E-01  -0.38037673E-08   0.00000000E+00
  4.   57.   0.15850249E-01  -0.22684571E-01   0.37641260E+00   0.00000000E+00
  4.   58.   0.87263580E-02  -0.23354470E-01   0.65196575E+00   0.00000000E+00
  4.   59.   0.17546804E-09  -0.23440580E-01   0.75282520E+00   0.00000000E+00
  4.   60.  -0.87263577E-02  -0.23354470E-01   0.65196576E+00   0.00000000E+00
  4.   61.  -0.15850249E-01  -0.22684571E-01   0.37641261E+00   0.00000000E+00
  4.   62.  -0.20468756E-01  -0.20468756E-01   0.11829024E-07   0.00000000E+00
  4.   63.  -0.22684571E-01  -0.15850249E-01  -0.37641259E+00   0.00000000E+00
  4.   64.  -0.23354470E-01  -0.87263583E-02  -0.65196574E+00   0.00000000E+00
  4.   65.  -0.23440580E-01   0.00000000E+00  -0.75282520E+00   0.00000000E+00
  4.   66.  -0.23440580E-01   0.00000000E+00  -0.75282520E+00   0.00000000E+00
  4.   67.  -0.23354470E-01   0.87263579E-02  -0.65196575E+00   0.00000000E+00
  4.   68.  -0.22684571E-01   0.15850249E-01  -0.37641260E+00   0.00000000E+00
  4.   69.  -0.20468756E-01   0.20468756E-01  -0.38037643E-08   0.00000000E+00
  4.   70.  -0.15850249E-01   0.22684571E-01   0.37641260E+00   0.00000000E+00
  4.   71.  -0.87263580E-02   0.23354470E-01   0.65196575E+00   0.00000000E+00
  4.   72.  -0.17935082E-09   0.23440580E-01   0.75282520E+00   0.00000000E+00
  4.   73.   0.87263577E-02   0.23354470E-01   0.65196576E+00   0.00000000E+00
  4.   74.   0.15850249E-01   0.22684571E-01   0.37641261E+00   0.00000000E+00
  4.   75.   0.20468756E-01   0.20468756E-01   0.11829044E-07   0.00000000E+00
  4.   76.   0.22684571E-01   0.15850249E-01  -0.37641259E+00   0.00000000E+00
  4.   77.   0.23354470E-01   0.87263583E-02  -0.65196574E+00   0.00000000E+00
  4.   78.   0.23440580E-01   0.00000000E+00  -0.75282520E+00   0.00000000E+00
  5.    1.   0.66307234E-02   0.00000000E+00   0.19127760E+00   0.00000000E+00
  5.    2.   0.64047870E-02   0.17161575E-02   0.19127760E+00   0.00000000E+00
  5.    3.   0.57423749E-02   0.33153617E-02   0.19127760E+00   0.00000000E+00
  5.    4.   0.46886295E-02   0.46886295E-02   0.19127760E+00   0.00000000E+00
  5.    5.   0.33153617E-02   0.57423749E-02   0.19127760E+00   0.00000000E+00
  5.    6.   0.17161575E-02   0.64047870E-02   0.19127760E+00   0.00000000E+00
  5.    7.   0.37005846E-10   0.66307234E-02   0.19127760E+00   0.00000000E+00
  5.    8.  -0.17161575E-02   0.64047870E-02   0.19127760E+00   0.00000000E+00
  5.    9.  -0.33153617E-02   0.57423750E-02   0.19127760E+00   0.00000000E+00
  5.   10.  -0.46886295E-02   0.46886295E-02   0.19127760E+00   0.00000000E+00
  5.   11.  -0.57423749E-02   0.33153618E-02   0.19127760E+00   0.00000000E+00
  5.   12.  -0.64047870E-02   0.17161576E-02   0.19127760E+00   0.00000000E+00
  5.   13.  -0.66307234E-02   0.00000000E+00   0.19127760E+00   0.00000000E+00
  5.   14.   0.68970541E-02   0.00000000E+00   0.12149939E+00   0.00000000E+00
  5.   15.   0.66620427E-02   0.17850890E-02   0.12149939E+00   0.00000000E+00
  5.   16.   0.59730241E-02   0.34485270E-02   0.12149939E+00   0.00000000E+00
  5.   17.   0.48769537E-02   0.48769537E-02   0.12149939E+00   0.00000000E+00
  5.   18.   0.34485271E-02   0.59730240E-02   0.12149939E+00   0.00000000E+00
  5.   19.   0.17850890E-02   0.66620427E-02   0.12149939E+00   0.00000000E+00
  5.   20.   0.36633491E-10   0.68970541E-02   0.12149939E+00   0.00000000E+00
  5.   21.  -0.17850889E-02   0.66620427E-02   0.12149939E+00   0.00000000E+00
  5.   22.  -0.34485270E-02   0.59730241E-02   0.12149939E+00   0.00000000E+00
  5.   23.  -0.48769537E-02   0.48769538E-02   0.12149939E+00   0.00000000E+00
  5.   24.  -0.59730240E-02   0.34485271E-02   0.12149939E+00   0.00000000E+00
  5.   25.  -0.66620427E-02   0.17850890E-02   0.12149939E+00   0.00000000E+00
  5.   26.  -0.68970541E-02   0.00000000E+00   0.12149939E+00   0.00000000E+00
  5.   27.   0.78310669E-02   0.00000000E+00   0.41933995E-01   0.00000000E+00
  5.   28.   0.75642297E-02   0.20268292E-02   0.41933995E-01   0.00000000E+00
  5.   29.   0.67819029E-02   0.39155334E-02   0.41933995E-01   0.00000000E+00
  5.   30.   0.55374005E-02   0.55374005E-02   0.41933995E-01   0.00000000E+00
  5.   31.   0.39155335E-02   0.67819028E-02   0.41933995E-01   0.00000000E+00
  5.   32.   0.20268293E-02   0.75642297E-02   0.41933995E-01   0.00000000E+00
  5.   33.   0.40603762E-10   0.78310669E-02   0.41933995E-01   0.00000000E+00
  5.   34.  -0.20268292E-02   0.75642298E-02   0.41933995E-01   0.00000000E+00
  5.   35.  -0.39155334E-02   0.67819029E-02   0.41933995E-01   0.00000000E+00
  5.   36.  -0.55374004E-02   0.55374005E-02   0.41933995E-01   0.00000000E+00
  5.   37.  -0.67819028E-02   0.39155335E-02   0.41933995E-01   0.00000000E+00
  5.   38.  -0.75642297E-02   0.20268293E-02   0.41933995E-01   0.00000000E+00
  5.   39.  -0.78310669E-02   0.00000000E+00   0.41933995E-01   0.00000000E+00
  5.   40.   0.79247333E-02   0.00000000E+00  -0.43330161E-01   0.00000000E+00
  5.   41.   0.76547046E-02   0.20510719E-02  -0.43330161E-01   0.00000000E+00
  5.   42.   0.68630204E-02   0.39623667E-02  -0.43330161E-01   0.00000000E+00
  5.   43.   0.56036327E-02   0.56036327E-02  -0.43330161E-01   0.00000000E+00
  5.   44.   0.39623667E-02   0.68630204E-02  -0.43330161E-01   0.00000000E+00
  5.   45.   0.20510719E-02   0.76547046E-02  -0.43330161E-01   0.00000000E+00
  5.   46.   0.40522666E-10   0.79247333E-02  -0.43330161E-01   0.00000000E+00
  5.   47.  -0.20510719E-02   0.76547046E-02  -0.43330161E-01   0.00000000E+00
  5.   48.  -0.39623666E-02   0.68630204E-02  -0.43330161E-01   0.00000000E+00
  5.   49.  -0.56036326E-02   0.56036327E-02  -0.43330161E-01   0.00000000E+00
  5.   50.  -0.68630203E-02   0.39623667E-02  -0.43330161E-01   0.00000000E+00
  5.   51.  -0.76547046E-02   0.20510720E-02  -0.43330161E-01   0.00000000E+00
  5.   52.  -0.79247333E-02   0.00000000E+00  -0.43330161E-01   0.00000000E+00
  5.   53.   0.74523481E-02   0.00000000E+00  -0.12589215E+00   0.00000000E+00
  5.   54.   0.71984155E-02   0.19288096E-02  -0.12589215E+00   0.00000000E+00
  5.   55.   0.64539228E-02   0.37261741E-02  -0.12589215E+00   0.00000000E+00
  5.   56.   0.52696059E-02   0.52696059E-02  -0.12589215E+00   0.00000000E+00
  5.   57.   0.37261741E-02   0.64539228E-02  -0.12589215E+00   0.00000000E+00
  5.   58.   0.19288096E-02   0.71984155E-02  -0.12589215E+00   0.00000000E+00
  5.   59.   0.37711443E-10   0.74523481E-02  -0.12589215E+00   0.00000000E+00
  5.   60.  -0.19288096E-02   0.71984155E-02  -0.12589215E+00   0.00000000E+00
  5.   61.  -0.37261740E-02   0.64539228E-02  -0.12589215E+00   0.00000000E+00
  5.   62.  -0.52696058E-02   0.52696059E-02  -0.12589215E+00   0.00000000E+00
  5.   63.  -0.64539227E-02   0.37261741E-02  -0.12589215E+00   0.00000000E+00
  5.   64.  -0.71984155E-02   0.19288097E-02  -0.12589215E+00   0.00000000E+00
  5.   65.  -0.74523481E-02   0.00000000E+00  -0.12589215E+00   0.00000000E+00
  5.   66.  -0.74523481E-02   0.00000000E+00  -0.12589215E+00   0.00000000E+00
  5.   67.  -0.71984155E-02  -0.19288096E-02  -0.12589215E+00   0.00000000E+00
  5.   68.  -0.64539228E-02  -0.37261741E-02  -0.12589215E+00   0.00000000E+00
  5.   69.  -0.52696059E-02  -0.52696059E-02  -0.12589215E+00   0.00000000E+00
  5.   70.  -0.37261741E-02  -0.64539228E-02  -0.12589215E+00   0.00000000E+00
  5.   71.  -0.19288096E-02  -0.71984155E-02  -0.12589215E+00   0.00000000E+00
  5.   72.  -0.37443901E-10  -0.74523481E-02  -0.12589215E+00   0.00000000E+00
  5.   73.   0.19288096E-02  -0.71984155E-02  -0.12589215E+00   0.00000000E+00
  5.   74.   0.37261740E-02  -0.64539228E-02  -0.12589215E+00   0.00000000E+00
  5.   75.   0.52696058E-02  -0.52696059E-02  -0.12589215E+00   0.00000000E+00
  5.   76.   0.64539227E-02  -0.37261741E-02  -0.12589215E+00   0.00000000E+00
  5.   77.   0.71984155E-02  -0.19288097E-02  -0.12589215E+00   0.00000000E+00
  5.   78.   0.74523481E-02   0.00000000E+00  -0.12589215E+00   0.00000000E+00
  6.    1.   0.12137141E-02   0.00000000E+00  -0.28566835E-02   0.00000000E+00
  6.    2.   0.10528306E-02  -0.61328889E-03  -0.20199803E-02   0.00000000E+00
  6.    3.   0.61156548E-03  -0.10592625E-02  -0.14432707E-10   0.00000000E+00
  6.    4.   0.47084447E-05  -0.12184225E-02   0.20199803E-02   0.00000000E+00
  6.    5.  -0.60685704E-03  -0.10511072E-02   0.28566835E-02   0.00000000E+00
  6.    6.  -0.10575391E-02  -0.60513364E-03   0.20199803E-02   0.00000000E+00
  6.    7.  -0.12231310E-02  -0.13678268E-10   0.15240044E-10   0.00000000E+00
  6.    8.  -0.10575391E-02   0.60513361E-03  -0.20199803E-02   0.00000000E+00
  6.    9.  -0.60685706E-03   0.10511072E-02  -0.28566836E-02   0.00000000E+00
  6.   10.   0.47084209E-05   0.12184225E-02  -0.20199804E-02   0.00000000E+00
  6.   11.   0.61156546E-03   0.10592625E-02  -0.13441605E-09   0.00000000E+00
  6.   12.   0.10528306E-02   0.61328891E-03   0.20199802E-02   0.00000000E+00
  6.   13.   0.12137141E-02   0.00000000E+00   0.28566835E-02   0.00000000E+00
  6.   14.   0.39622803E-02   0.00000000E+00  -0.27964781E-01   0.00000000E+00
  6.   15.   0.35004905E-02  -0.22388570E-02  -0.19774087E-01   0.00000000E+00
  6.   16.   0.21698020E-02  -0.37582073E-02  -0.16868639E-10   0.00000000E+00
  6.   17.   0.18866184E-03  -0.41509422E-02   0.19774086E-01   0.00000000E+00
  6.   18.  -0.19811402E-02  -0.34314354E-02   0.27964781E-01   0.00000000E+00
  6.   19.  -0.36891523E-02  -0.19120852E-02   0.19774087E-01   0.00000000E+00
  6.   20.  -0.43396040E-02  -0.40544447E-10   0.41998165E-09   0.00000000E+00
  6.   21.  -0.36891523E-02   0.19120851E-02  -0.19774086E-01   0.00000000E+00
  6.   22.  -0.19811402E-02   0.34314354E-02  -0.27964782E-01   0.00000000E+00
  6.   23.   0.18866175E-03   0.41509422E-02  -0.19774087E-01   0.00000000E+00
  6.   24.   0.21698019E-02   0.37582073E-02  -0.89320612E-09   0.00000000E+00
  6.   25.   0.35004904E-02   0.22388571E-02   0.19774086E-01   0.00000000E+00
  6.   26.   0.39622803E-02   0.00000000E+00   0.27964781E-01   0.00000000E+00
  6.   27.   0.77921845E-02   0.00000000E+00  -0.91179965E-01   0.00000000E+00
  6.   28.   0.69876568E-02  -0.47896464E-02  -0.64473972E-01   0.00000000E+00
  6.   29.   0.45502193E-02  -0.78812110E-02  -0.66420480E-10   0.00000000E+00
  6.   30.   0.65412705E-03  -0.84463115E-02   0.64473971E-01   0.00000000E+00
  6.   31.  -0.38960922E-02  -0.67482298E-02   0.91179965E-01   0.00000000E+00
  6.   32.  -0.76417838E-02  -0.36566652E-02   0.64473972E-01   0.00000000E+00
  6.   33.  -0.91004385E-02  -0.76053110E-10   0.14253449E-08   0.00000000E+00
  6.   34.  -0.76417839E-02   0.36566651E-02  -0.64473970E-01   0.00000000E+00
  6.   35.  -0.38960924E-02   0.67482297E-02  -0.91179965E-01   0.00000000E+00
  6.   36.   0.65412687E-03   0.84463115E-02  -0.64473973E-01   0.00000000E+00
  6.   37.   0.45502191E-02   0.78812110E-02  -0.27955695E-08   0.00000000E+00
  6.   38.   0.69876568E-02   0.47896465E-02   0.64473970E-01   0.00000000E+00
  6.   39.   0.77921845E-02   0.00000000E+00   0.91179965E-01   0.00000000E+00
  6.   40.   0.10863120E-01   0.00000000E+00  -0.19227068E+00   0.00000000E+00
  6.   41.   0.10008379E-01  -0.76731823E-02  -0.13595590E+00   0.00000000E+00
  6.   42.   0.70725414E-02  -0.12250001E-01  -0.16364767E-09   0.00000000E+00
  6.   43.   0.16409816E-02  -0.12504101E-01   0.13595590E+00   0.00000000E+00
  6.   44.  -0.54315599E-02  -0.94077378E-02   0.19227068E+00   0.00000000E+00
  6.   45.  -0.11649360E-01  -0.48309191E-02   0.13595590E+00   0.00000000E+00
  6.   46.  -0.14145083E-01  -0.97862844E-10   0.30263657E-08   0.00000000E+00
  6.   47.  -0.11649360E-01   0.48309189E-02  -0.13595590E+00   0.00000000E+00
  6.   48.  -0.54315601E-02   0.94077376E-02  -0.19227068E+00   0.00000000E+00
  6.   49.   0.16409813E-02   0.12504101E-01  -0.13595591E+00   0.00000000E+00
  6.   50.   0.70725413E-02   0.12250001E-01  -0.58378887E-08   0.00000000E+00
  6.   51.   0.10008379E-01   0.76731826E-02   0.13595590E+00   0.00000000E+00
  6.   52.   0.10863120E-01   0.00000000E+00   0.19227068E+00   0.00000000E+00
  6.   53.   0.13274614E-01   0.00000000E+00  -0.32142127E+00   0.00000000E+00
  6.   54.   0.12424808E-01  -0.10103095E-01  -0.22727916E+00   0.00000000E+00
  6.   55.   0.91744401E-02  -0.15890596E-01  -0.29332263E-09   0.00000000E+00
  6.   56.   0.25371332E-02  -0.15811747E-01   0.22727916E+00   0.00000000E+00
  6.   57.  -0.66373069E-02  -0.11496153E-01   0.32142127E+00   0.00000000E+00
  6.   58.  -0.14961941E-01  -0.57086519E-02   0.22727916E+00   0.00000000E+00
  6.   59.  -0.18348880E-01  -0.11386194E-09   0.50694369E-08   0.00000000E+00
  6.   60.  -0.14961941E-01   0.57086516E-02  -0.22727915E+00   0.00000000E+00
  6.   61.  -0.66373073E-02   0.11496153E-01  -0.32142127E+00   0.00000000E+00
  6.   62.   0.25371329E-02   0.15811747E-01  -0.22727917E+00   0.00000000E+00
  6.   63.   0.91744399E-02   0.15890597E-01  -0.97282449E-08   0.00000000E+00
  6.   64.   0.12424808E-01   0.10103096E-01   0.22727915E+00   0.00000000E+00
  6.   65.   0.13274614E-01   0.00000000E+00   0.32142127E+00   0.00000000E+00
  6.   66.  -0.13274614E-01   0.00000000E+00  -0.32142127E+00   0.00000000E+00
  6.   67.  -0.12424808E-01   0.10103095E-01  -0.22727916E+00   0.00000000E+00
  6.   68.  -0.91744401E-02   0.15890596E-01  -0.29334195E-09   0.00000000E+00
  6.   69.  -0.25371332E-02   0.15811747E-01   0.22727916E+00   0.00000000E+00
  6.   70.   0.66373069E-02   0.11496153E-01   0.32142127E+00   0.00000000E+00
  6.   71.   0.14961941E-01   0.57086519E-02   0.22727916E+00   0.00000000E+00
  6.   72.   0.18348880E-01   0.11401191E-09   0.50694593E-08   0.00000000E+00
  6.   73.   0.14961941E-01  -0.57086516E-02  -0.22727915E+00   0.00000000E+00
  6.   74.   0.66373073E-02  -0.11496153E-01  -0.32142127E+00   0.00000000E+00
  6.   75.  -0.25371329E-02  -0.15811747E-01  -0.22727917E+00   0.00000000E+00
  6.   76.  -0.91744399E-02  -0.15890597E-01  -0.97282415E-08   0.00000000E+00
  6.   77.  -0.12424808E-01  -0.10103096E-01   0.22727915E+00   0.00000000E+00
  6.   78.  -0.13274614E-01   0.00000000E+00   0.32142127E+00   0.00000000E+00
  7.    1.  -0.22370616E-02   0.00000000E+00   0.60439195E-01   0.00000000E+00
  7.    2.  -0.25267993E-02   0.10813157E-02   0.58379779E-01   0.00000000E+00
  7.    3.  -0.33183773E-02   0.18728937E-02   0.52341878E-01   0.00000000E+00
  7.    4.  -0.43996930E-02   0.21626314E-02   0.42736965E-01   0.00000000E+00
  7.    5.  -0.54810086E-02   0.18728937E-02   0.30219598E-01   0.00000000E+00
  7.    6.  -0.62725867E-02   0.10813157E-02   0.15642815E-01   0.00000000E+00
  7.    7.  -0.65623243E-02   0.22147032E-10   0.31795332E-09   0.00000000E+00
  7.    8.  -0.62725867E-02  -0.10813157E-02  -0.15642814E-01   0.00000000E+00
  7.    9.  -0.54810087E-02  -0.18728937E-02  -0.30219597E-01   0.00000000E+00
  7.   10.  -0.43996930E-02  -0.21626314E-02  -0.42736964E-01   0.00000000E+00
  7.   11.  -0.33183773E-02  -0.18728937E-02  -0.52341878E-01   0.00000000E+00
  7.   12.  -0.25267993E-02  -0.10813157E-02  -0.58379779E-01   0.00000000E+00
  7.   13.  -0.22370616E-02   0.00000000E+00  -0.60439195E-01   0.00000000E+00
  7.   14.   0.98365530E-04   0.00000000E+00   0.76838416E-01   0.00000000E+00
  7.   15.  -0.17394088E-03   0.10162614E-02   0.74220210E-01   0.00000000E+00
  7.   16.  -0.91789582E-03   0.17602163E-02   0.66544020E-01   0.00000000E+00
  7.   17.  -0.19341572E-02   0.20325227E-02   0.54332965E-01   0.00000000E+00
  7.   18.  -0.29504185E-02   0.17602163E-02   0.38419208E-01   0.00000000E+00
  7.   19.  -0.36943735E-02   0.10162614E-02   0.19887246E-01   0.00000000E+00
  7.   20.  -0.39666799E-02   0.21198350E-10   0.40709190E-09   0.00000000E+00
  7.   21.  -0.36943735E-02  -0.10162613E-02  -0.19887245E-01   0.00000000E+00
  7.   22.  -0.29504186E-02  -0.17602163E-02  -0.38419207E-01   0.00000000E+00
  7.   23.  -0.19341572E-02  -0.20325227E-02  -0.54332964E-01   0.00000000E+00
  7.   24.  -0.91789586E-03  -0.17602163E-02  -0.66544020E-01   0.00000000E+00
  7.   25.  -0.17394090E-03  -0.10162614E-02  -0.74220210E-01   0.00000000E+00
  7.   26.   0.98365531E-04   0.00000000E+00  -0.76838416E-01   0.00000000E+00
  7.   27.   0.40884268E-02   0.00000000E+00   0.53613135E-01   0.00000000E+00
  7.   28.   0.36954837E-02   0.14664838E-02   0.51786312E-01   0.00000000E+00
  7.   29.   0.26219430E-02   0.25400245E-02   0.46430337E-01   0.00000000E+00
  7.   30.   0.11554592E-02   0.29329676E-02   0.37910211E-01   0.00000000E+00
  7.   31.  -0.31102460E-03   0.25400245E-02   0.26806568E-01   0.00000000E+00
  7.   32.  -0.13845653E-02   0.14664838E-02   0.13876100E-01   0.00000000E+00
  7.   33.  -0.17775084E-02   0.31362020E-10   0.28189429E-09   0.00000000E+00
  7.   34.  -0.13845653E-02  -0.14664838E-02  -0.13876100E-01   0.00000000E+00
  7.   35.  -0.31102465E-03  -0.25400245E-02  -0.26806567E-01   0.00000000E+00
  7.   36.   0.11554592E-02  -0.29329676E-02  -0.37910211E-01   0.00000000E+00
  7.   37.   0.26219430E-02  -0.25400245E-02  -0.46430336E-01   0.00000000E+00
  7.   38.   0.36954837E-02  -0.14664839E-02  -0.51786311E-01   0.00000000E+00
  7.   39.   0.40884268E-02   0.00000000E+00  -0.53613135E-01   0.00000000E+00
  7.   40.   0.62039277E-02   0.00000000E+00  -0.39498979E-02   0.00000000E+00
  7.   41.   0.57950569E-02   0.15259266E-02  -0.38153084E-02   0.00000000E+00
  7.   42.   0.46780011E-02   0.26429823E-02  -0.34207119E-02   0.00000000E+00
  7.   43.   0.31520746E-02   0.30518531E-02  -0.27929996E-02   0.00000000E+00
  7.   44.   0.16261480E-02   0.26429824E-02  -0.19749490E-02   0.00000000E+00
  7.   45.   0.50909222E-03   0.15259266E-02  -0.10223088E-02   0.00000000E+00
  7.   46.   0.10022142E-03   0.33047532E-10  -0.29433804E-10   0.00000000E+00
  7.   47.   0.50909219E-03  -0.15259265E-02   0.10223088E-02   0.00000000E+00
  7.   48.   0.16261479E-02  -0.26429823E-02   0.19749489E-02   0.00000000E+00
  7.   49.   0.31520745E-02  -0.30518531E-02   0.27929996E-02   0.00000000E+00
  7.   50.   0.46780011E-02  -0.26429824E-02   0.34207119E-02   0.00000000E+00
  7.   51.   0.57950569E-02  -0.15259266E-02   0.38153084E-02   0.00000000E+00
  7.   52.   0.62039277E-02   0.00000000E+00   0.39498979E-02   0.00000000E+00
  7.   53.   0.62340063E-02   0.00000000E+00  -0.71740494E-01   0.00000000E+00
  7.   54.   0.59040294E-02   0.12314907E-02  -0.69295996E-01   0.00000000E+00
  7.   55.   0.50025156E-02   0.21330044E-02  -0.62129090E-01   0.00000000E+00
  7.   56.   0.37710250E-02   0.24629813E-02  -0.50728190E-01   0.00000000E+00
  7.   57.   0.25395343E-02   0.21330044E-02  -0.35870247E-01   0.00000000E+00
  7.   58.   0.16380206E-02   0.12314907E-02  -0.18567806E-01   0.00000000E+00
  7.   59.   0.13080437E-02   0.27105752E-10  -0.39765241E-09   0.00000000E+00
  7.   60.   0.16380206E-02  -0.12314906E-02   0.18567805E-01   0.00000000E+00
  7.   61.   0.25395343E-02  -0.21330044E-02   0.35870246E-01   0.00000000E+00
  7.   62.   0.37710249E-02  -0.24629813E-02   0.50728189E-01   0.00000000E+00
  7.   63.   0.50025156E-02  -0.21330044E-02   0.62129090E-01   0.00000000E+00
  7.   64.   0.59040294E-02  -0.12314907E-02   0.69295995E-01   0.00000000E+00
  7.   65.   0.62340063E-02   0.00000000E+00   0.71740494E-01   0.00000000E+00
  7.   66.  -0.62340063E-02   0.00000000E+00  -0.71740494E-01   0.00000000E+00
  7.   67.  -0.59040294E-02  -0.12314907E-02  -0.69295996E-01   0.00000000E+00
  7.   68.  -0.50025156E-02  -0.21330044E-02  -0.62129090E-01   0.00000000E+00
  7.   69.  -0.37710250E-02  -0.24629813E-02  -0.50728190E-01   0.00000000E+00
  7.   70.  -0.25395343E-02  -0.21330044E-02  -0.35870247E-01   0.00000000E+00
  7.   71.  -0.16380206E-02  -0.12314907E-02  -0.18567806E-01   0.00000000E+00
  7.   72.  -0.13080437E-02  -0.27121909E-10  -0.39763813E-09   0.00000000E+00
  7.   73.  -0.16380206E-02   0.12314906E-02   0.18567805E-01   0.00000000E+00
  7.   74.  -0.25395343E-02   0.21330044E-02   0.35870246E-01   0.00000000E+00
  7.   75.  -0.37710249E-02   0.24629813E-02   0.50728189E-01   0.00000000E+00
  7.   76.  -0.50025156E-02   0.21330044E-02   0.62129090E-01   0.00000000E+00
  7.   77.  -0.59040294E-02   0.12314907E-02   0.69295995E-01   0.00000000E+00
  7.   78.  -0.62340063E-02   0.00000000E+00   0.71740494E-01   0.00000000E+00
  8.    1.  -0.20369841E-03   0.00000000E+00   0.31881561E-03   0.00000000E+00
  8.    2.  -0.14382427E-03   0.14324437E-03   0.15940781E-03   0.00000000E+00
  8.    3.   0.41005056E-06   0.20298818E-03  -0.15940777E-03   0.00000000E+00
  8.    4.   0.14403652E-03   0.14403653E-03  -0.31881557E-03   0.00000000E+00
  8.    5.   0.20298818E-03   0.41005335E-06  -0.15940778E-03   0.00000000E+00
  8.    6.   0.14324437E-03  -0.14382426E-03   0.15940780E-03   0.00000000E+00
  8.    7.   0.18661209E-11  -0.20369841E-03   0.31881559E-03   0.00000000E+00
  8.    8.  -0.14324436E-03  -0.14382427E-03   0.15940780E-03   0.00000000E+00
  8.    9.  -0.20298818E-03   0.41004638E-06  -0.15940778E-03   0.00000000E+00
  8.   10.  -0.14403653E-03   0.14403652E-03  -0.31881559E-03   0.00000000E+00
  8.   11.  -0.41005841E-06   0.20298818E-03  -0.15940781E-03   0.00000000E+00
  8.   12.   0.14382426E-03   0.14324437E-03   0.15940778E-03   0.00000000E+00
  8.   13.   0.20369840E-03   0.00000000E+00   0.31881558E-03   0.00000000E+00
  8.   14.  -0.13429413E-02   0.00000000E+00   0.70599806E-02   0.00000000E+00
  8.   15.  -0.97541731E-03   0.10459436E-02   0.35299903E-02   0.00000000E+00
  8.   16.  -0.49869593E-04   0.14293180E-02  -0.35299902E-02   0.00000000E+00
  8.   17.   0.94960290E-03   0.94960292E-03  -0.70599805E-02   0.00000000E+00
  8.   18.   0.14293180E-02  -0.49869581E-04  -0.35299903E-02   0.00000000E+00
  8.   19.   0.10459436E-02  -0.97541730E-03   0.35299902E-02   0.00000000E+00
  8.   20.   0.22763549E-10  -0.13429413E-02   0.70599805E-02   0.00000000E+00
  8.   21.  -0.10459435E-02  -0.97541733E-03   0.35299905E-02   0.00000000E+00
  8.   22.  -0.14293180E-02  -0.49869624E-04  -0.35299901E-02   0.00000000E+00
  8.   23.  -0.94960293E-03   0.94960288E-03  -0.70599806E-02   0.00000000E+00
  8.   24.   0.49869550E-04   0.14293180E-02  -0.35299905E-02   0.00000000E+00
  8.   25.   0.97541728E-03   0.10459436E-02   0.35299900E-02   0.00000000E+00
  8.   26.   0.13429413E-02   0.00000000E+00   0.70599805E-02   0.00000000E+00
  8.   27.  -0.37344392E-02   0.00000000E+00   0.33734161E-01   0.00000000E+00
  8.   28.  -0.28079327E-02   0.32649650E-02   0.16867080E-01   0.00000000E+00
  8.   29.  -0.32317062E-03   0.42941871E-02  -0.16867080E-01   0.00000000E+00
  8.   30.   0.26406472E-02   0.26406473E-02  -0.33734161E-01   0.00000000E+00
  8.   31.   0.42941871E-02  -0.32317059E-03  -0.16867081E-01   0.00000000E+00
  8.   32.   0.32649650E-02  -0.28079327E-02   0.16867080E-01   0.00000000E+00
  8.   33.   0.74114801E-10  -0.37344392E-02   0.33734161E-01   0.00000000E+00
  8.   34.  -0.32649649E-02  -0.28079327E-02   0.16867081E-01   0.00000000E+00
  8.   35.  -0.42941871E-02  -0.32317071E-03  -0.16867079E-01   0.00000000E+00
  8.   36.  -0.26406473E-02   0.26406472E-02  -0.33734161E-01   0.00000000E+00
  8.   37.   0.32317050E-03   0.42941871E-02  -0.16867082E-01   0.00000000E+00
  8.   38.   0.28079326E-02   0.32649650E-02   0.16867079E-01   0.00000000E+00
  8.   39.   0.37344392E-02   0.00000000E+00   0.33734161E-01   0.00000000E+00
  8.   40.  -0.61145645E-02   0.00000000E+00   0.87207051E-01   0.00000000E+00
  8.   41.  -0.48673827E-02   0.63528881E-02   0.43603526E-01   0.00000000E+00
  8.   42.  -0.10504110E-02   0.79339296E-02  -0.43603525E-01   0.00000000E+00
  8.   43.   0.43236499E-02   0.43236500E-02  -0.87207051E-01   0.00000000E+00
  8.   44.   0.79339296E-02  -0.10504109E-02  -0.43603526E-01   0.00000000E+00
  8.   45.   0.63528882E-02  -0.48673827E-02   0.43603525E-01   0.00000000E+00
  8.   46.   0.14671012E-09  -0.61145645E-02   0.87207051E-01   0.00000000E+00
  8.   47.  -0.63528880E-02  -0.48673828E-02   0.43603528E-01   0.00000000E+00
  8.   48.  -0.79339296E-02  -0.10504111E-02  -0.43603523E-01   0.00000000E+00
  8.   49.  -0.43236502E-02   0.43236498E-02  -0.87207051E-01   0.00000000E+00
  8.   50.   0.10504108E-02   0.79339296E-02  -0.43603529E-01   0.00000000E+00
  8.   51.   0.48673826E-02   0.63528883E-02   0.43603522E-01   0.00000000E+00
  8.   52.   0.61145645E-02   0.00000000E+00   0.87207051E-01   0.00000000E+00
  8.   53.  -0.82142699E-02   0.00000000E+00   0.16343960E+00   0.00000000E+00
  8.   54.  -0.67291510E-02   0.92447826E-02   0.81719798E-01   0.00000000E+00
  8.   55.  -0.17788202E-02   0.11295277E-01  -0.81719798E-01   0.00000000E+00
  8.   56.   0.58083659E-02   0.58083660E-02  -0.16343960E+00   0.00000000E+00
  8.   57.   0.11295277E-01  -0.17788201E-02  -0.81719800E-01   0.00000000E+00
  8.   58.   0.92447827E-02  -0.67291510E-02   0.81719797E-01   0.00000000E+00
  8.   59.   0.21536385E-09  -0.82142699E-02   0.16343960E+00   0.00000000E+00
  8.   60.  -0.92447825E-02  -0.67291511E-02   0.81719803E-01   0.00000000E+00
  8.   61.  -0.11295277E-01  -0.17788204E-02  -0.81719794E-01   0.00000000E+00
  8.   62.  -0.58083662E-02   0.58083657E-02  -0.16343960E+00   0.00000000E+00
  8.   63.   0.17788199E-02   0.11295277E-01  -0.81719804E-01   0.00000000E+00
  8.   64.   0.67291509E-02   0.92447829E-02   0.81719792E-01   0.00000000E+00
  8.   65.   0.82142699E-02   0.00000000E+00   0.16343960E+00   0.00000000E+00
  8.   66.   0.82142699E-02   0.00000000E+00   0.16343960E+00   0.00000000E+00
  8.   67.   0.67291510E-02  -0.92447826E-02   0.81719798E-01   0.00000000E+00
  8.   68.   0.17788202E-02  -0.11295277E-01  -0.81719798E-01   0.00000000E+00
  8.   69.  -0.58083659E-02  -0.58083660E-02  -0.16343960E+00   0.00000000E+00
  8.   70.  -0.11295277E-01   0.17788201E-02  -0.81719800E-01   0.00000000E+00
  8.   71.  -0.92447827E-02   0.67291510E-02   0.81719797E-01   0.00000000E+00
  8.   72.  -0.21521636E-09   0.82142699E-02   0.16343960E+00   0.00000000E+00
  8.   73.   0.92447825E-02   0.67291511E-02   0.81719803E-01   0.00000000E+00
  8.   74.   0.11295277E-01   0.17788204E-02  -0.81719794E-01   0.00000000E+00
  8.   75.   0.58083662E-02  -0.58083657E-02  -0.16343960E+00   0.00000000E+00
  8.   76.  -0.17788199E-02  -0.11295277E-01  -0.81719804E-01   0.00000000E+00
  8.   77.  -0.67291509E-02  -0.92447829E-02   0.81719792E-01   0.00000000E+00
  8.   78.  -0.82142699E-02   0.00000000E+00   0.16343960E+00   0.00000000E+00
  9.    1.   0.38093760E-04   0.00000000E+00  -0.41894583E-04   0.00000000E+00
  9.    2.   0.18865077E-04  -0.32311667E-04  -0.10843118E-04   0.00000000E+00
  9.    3.  -0.19228684E-04  -0.32675272E-04   0.36281768E-04   0.00000000E+00
  9.    4.  -0.37730156E-04  -0.36360566E-06   0.29623938E-04   0.00000000E+00
  9.    5.  -0.18501472E-04   0.32675273E-04  -0.20947295E-04   0.00000000E+00
  9.    6.   0.18865077E-04   0.33038879E-04  -0.40467063E-04   0.00000000E+00
  9.    7.   0.37366550E-04   0.14275198E-11  -0.54582309E-11   0.00000000E+00
  9.    8.   0.18865079E-04  -0.33038877E-04   0.40467054E-04   0.00000000E+00
  9.    9.  -0.18501470E-04  -0.32675273E-04   0.20947289E-04   0.00000000E+00
  9.   10.  -0.37730154E-04   0.36360502E-06  -0.29623943E-04   0.00000000E+00
  9.   11.  -0.19228684E-04   0.32675272E-04  -0.36281774E-04   0.00000000E+00
  9.   12.   0.18865077E-04   0.32311668E-04   0.10843112E-04   0.00000000E+00
  9.   13.   0.38093761E-04   0.00000000E+00   0.41894580E-04   0.00000000E+00
  9.   14.   0.51157276E-03   0.00000000E+00  -0.21549183E-02   0.00000000E+00
  9.   15.   0.26663709E-03  -0.48353040E-03  -0.55773389E-03   0.00000000E+00
  9.   16.  -0.24493568E-03  -0.46182899E-03   0.18662140E-02   0.00000000E+00
  9.   17.  -0.53327418E-03   0.21701409E-04   0.15237573E-02   0.00000000E+00
  9.   18.  -0.28833851E-03   0.46182898E-03  -0.10774591E-02   0.00000000E+00
  9.   19.   0.26663708E-03   0.44012758E-03  -0.20814912E-02   0.00000000E+00
  9.   20.   0.55497559E-03   0.11134466E-10  -0.59992501E-10   0.00000000E+00
  9.   21.   0.26663711E-03  -0.44012756E-03   0.20814912E-02   0.00000000E+00
  9.   22.  -0.28833849E-03  -0.46182899E-03   0.10774592E-02   0.00000000E+00
  9.   23.  -0.53327418E-03  -0.21701430E-04  -0.15237573E-02   0.00000000E+00
  9.   24.  -0.24493569E-03   0.46182897E-03  -0.18662140E-02   0.00000000E+00
  9.   25.   0.26663707E-03   0.48353041E-03   0.55773378E-03   0.00000000E+00
  9.   26.   0.51157277E-03   0.00000000E+00   0.21549183E-02   0.00000000E+00
  9.   27.   0.20280871E-02   0.00000000E+00  -0.14981137E-01   0.00000000E+00
  9.   28.   0.11273413E-02  -0.21792079E-02  -0.38774035E-02   0.00000000E+00
  9.   29.  -0.90074580E-03  -0.19526124E-02   0.12974045E-01   0.00000000E+00
  9.   30.  -0.22546826E-02   0.22659548E-03   0.10593264E-01   0.00000000E+00
  9.   31.  -0.13539368E-02   0.19526124E-02  -0.74905683E-02   0.00000000E+00
  9.   32.   0.11273413E-02   0.17260169E-02  -0.14470667E-01   0.00000000E+00
  9.   33.   0.24812781E-02   0.40658466E-10  -0.39383301E-09   0.00000000E+00
  9.   34.   0.11273414E-02  -0.17260169E-02   0.14470667E-01   0.00000000E+00
  9.   35.  -0.13539367E-02  -0.19526124E-02   0.74905689E-02   0.00000000E+00
  9.   36.  -0.22546826E-02  -0.22659557E-03  -0.10593263E-01   0.00000000E+00
  9.   37.  -0.90074588E-03   0.19526124E-02  -0.12974045E-01   0.00000000E+00
  9.   38.   0.11273412E-02   0.21792080E-02   0.38774028E-02   0.00000000E+00
  9.   39.   0.20280871E-02   0.00000000E+00   0.14981137E-01   0.00000000E+00
  9.   40.   0.39178554E-02   0.00000000E+00  -0.47232682E-01   0.00000000E+00
  9.   41.   0.24218231E-02  -0.51205115E-02  -0.12224718E-01   0.00000000E+00
  9.   42.  -0.14960323E-02  -0.41947207E-02   0.40904702E-01   0.00000000E+00
  9.   43.  -0.48436462E-02   0.92579075E-03   0.33398550E-01   0.00000000E+00
  9.   44.  -0.33476140E-02   0.41947207E-02  -0.23616340E-01   0.00000000E+00
  9.   45.   0.24218231E-02   0.32689299E-02  -0.45623267E-01   0.00000000E+00
  9.   46.   0.57694370E-02   0.72913301E-10  -0.12347435E-08   0.00000000E+00
  9.   47.   0.24218233E-02  -0.32689298E-02   0.45623266E-01   0.00000000E+00
  9.   48.  -0.33476138E-02  -0.41947207E-02   0.23616342E-01   0.00000000E+00
  9.   49.  -0.48436463E-02  -0.92579096E-03  -0.33398548E-01   0.00000000E+00
  9.   50.  -0.14960325E-02   0.41947205E-02  -0.40904703E-01   0.00000000E+00
  9.   51.   0.24218230E-02   0.51205116E-02   0.12224715E-01   0.00000000E+00
  9.   52.   0.39178554E-02   0.00000000E+00   0.47232682E-01   0.00000000E+00
  9.   53.   0.57661807E-02   0.00000000E+00  -0.98357034E-01   0.00000000E+00
  9.   54.   0.37373645E-02  -0.81818535E-02  -0.25456674E-01   0.00000000E+00
  9.   55.  -0.20288162E-02  -0.64733052E-02   0.85179690E-01   0.00000000E+00
  9.   56.  -0.74747290E-02   0.17085482E-02   0.69548927E-01   0.00000000E+00
  9.   57.  -0.54459129E-02   0.64733052E-02  -0.49178516E-01   0.00000000E+00
  9.   58.   0.37373644E-02   0.47647569E-02  -0.95005600E-01   0.00000000E+00
  9.   59.   0.91832773E-02   0.10294982E-09  -0.25684366E-08   0.00000000E+00
  9.   60.   0.37373648E-02  -0.47647568E-02   0.95005598E-01   0.00000000E+00
  9.   61.  -0.54459126E-02  -0.64733052E-02   0.49178520E-01   0.00000000E+00
  9.   62.  -0.74747291E-02  -0.17085485E-02  -0.69548923E-01   0.00000000E+00
  9.   63.  -0.20288165E-02   0.64733049E-02  -0.85179693E-01   0.00000000E+00
  9.   64.   0.37373643E-02   0.81818536E-02   0.25456669E-01   0.00000000E+00
  9.   65.   0.57661807E-02   0.00000000E+00   0.98357034E-01   0.00000000E+00
  9.   66.  -0.57661807E-02   0.00000000E+00  -0.98357034E-01   0.00000000E+00
  9.   67.  -0.37373645E-02   0.81818535E-02  -0.25456674E-01   0.00000000E+00
  9.   68.   0.20288162E-02   0.64733052E-02   0.85179690E-01   0.00000000E+00
  9.   69.   0.74747290E-02  -0.17085482E-02   0.69548927E-01   0.00000000E+00
  9.   70.   0.54459129E-02  -0.64733052E-02  -0.49178516E-01   0.00000000E+00
  9.   71.  -0.37373644E-02  -0.47647569E-02  -0.95005600E-01   0.00000000E+00
  9.   72.  -0.91832773E-02  -0.10162041E-09  -0.25685072E-08   0.00000000E+00
  9.   73.  -0.37373648E-02   0.47647568E-02   0.95005598E-01   0.00000000E+00
  9.   74.   0.54459126E-02   0.64733052E-02   0.49178520E-01   0.00000000E+00
  9.   75.   0.74747291E-02   0.17085485E-02  -0.69548923E-01   0.00000000E+00
  9.   76.   0.20288165E-02  -0.64733049E-02  -0.85179693E-01   0.00000000E+00
  9.   77.  -0.37373643E-02  -0.81818536E-02   0.25456669E-01   0.00000000E+00
  9.   78.  -0.57661807E-02   0.00000000E+00   0.98357034E-01   0.00000000E+00
 10.    1.  -0.21305771E-02   0.00000000E+00   0.13312922E-01   0.00000000E+00
 10.    2.  -0.21936103E-02   0.10576149E-02   0.11529329E-01   0.00000000E+00
 10.    3.  -0.22989634E-02   0.18513442E-02   0.66564612E-02   0.00000000E+00
 10.    4.  -0.22476459E-02   0.22476459E-02   0.64346020E-10   0.00000000E+00
 10.    5.  -0.18513442E-02   0.22989634E-02  -0.66564611E-02   0.00000000E+00
 10.    6.  -0.10576149E-02   0.21936103E-02  -0.11529329E-01   0.00000000E+00
 10.    7.  -0.22060394E-10   0.21305771E-02  -0.13312922E-01   0.00000000E+00
 10.    8.   0.10576149E-02   0.21936103E-02  -0.11529329E-01   0.00000000E+00
 10.    9.   0.18513442E-02   0.22989634E-02  -0.66564614E-02   0.00000000E+00
 10.   10.   0.22476459E-02   0.22476459E-02  -0.21226802E-09   0.00000000E+00
 10.   11.   0.22989634E-02   0.18513443E-02   0.66564609E-02   0.00000000E+00
 10.   12.   0.21936103E-02   0.10576150E-02   0.11529329E-01   0.00000000E+00
 10.   13.   0.21305771E-02   0.00000000E+00   0.13312922E-01   0.00000000E+00
 10.   14.  -0.17472466E-02   0.00000000E+00   0.37484812E-01   0.00000000E+00
 10.   15.  -0.19607428E-02   0.14711905E-02   0.32462799E-01   0.00000000E+00
 10.   16.  -0.24267433E-02   0.24559960E-02   0.18742406E-01   0.00000000E+00
 10.   17.  -0.27273652E-02   0.27273652E-02   0.18970391E-09   0.00000000E+00
 10.   18.  -0.24559960E-02   0.24267433E-02  -0.18742406E-01   0.00000000E+00
 10.   19.  -0.14711905E-02   0.19607428E-02  -0.32462799E-01   0.00000000E+00
 10.   20.  -0.31206423E-10   0.17472466E-02  -0.37484812E-01   0.00000000E+00
 10.   21.   0.14711904E-02   0.19607428E-02  -0.32462799E-01   0.00000000E+00
 10.   22.   0.24559960E-02   0.24267433E-02  -0.18742406E-01   0.00000000E+00
 10.   23.   0.27273652E-02   0.27273652E-02  -0.59219390E-09   0.00000000E+00
 10.   24.   0.24267433E-02   0.24559960E-02   0.18742405E-01   0.00000000E+00
 10.   25.   0.19607428E-02   0.14711905E-02   0.32462799E-01   0.00000000E+00
 10.   26.   0.17472466E-02   0.00000000E+00   0.37484812E-01   0.00000000E+00
 10.   27.   0.15307195E-02   0.00000000E+00   0.40010118E-01   0.00000000E+00
 10.   28.   0.93807551E-03   0.16209416E-02   0.34649779E-01   0.00000000E+00
 10.   29.  -0.48285928E-03   0.23670563E-02   0.20005059E-01   0.00000000E+00
 10.   30.  -0.18708880E-02   0.18708880E-02   0.20362171E-09   0.00000000E+00
 10.   31.  -0.23670563E-02   0.48285929E-03  -0.20005059E-01   0.00000000E+00
 10.   32.  -0.16209417E-02  -0.93807550E-03  -0.34649779E-01   0.00000000E+00
 10.   33.  -0.35754979E-10  -0.15307195E-02  -0.40010118E-01   0.00000000E+00
 10.   34.   0.16209416E-02  -0.93807554E-03  -0.34649779E-01   0.00000000E+00
 10.   35.   0.23670563E-02   0.48285923E-03  -0.20005060E-01   0.00000000E+00
 10.   36.   0.18708880E-02   0.18708880E-02  -0.63073230E-09   0.00000000E+00
 10.   37.   0.48285934E-03   0.23670563E-02   0.20005059E-01   0.00000000E+00
 10.   38.  -0.93807546E-03   0.16209417E-02   0.34649779E-01   0.00000000E+00
 10.   39.  -0.15307195E-02   0.00000000E+00   0.40010118E-01   0.00000000E+00
 10.   40.   0.43154200E-02   0.00000000E+00   0.64936364E-02   0.00000000E+00
 10.   41.   0.35695789E-02   0.11178269E-02   0.56236541E-02   0.00000000E+00
 10.   42.   0.17336505E-02   0.13126492E-02   0.32468182E-02   0.00000000E+00
 10.   43.  -0.22042330E-03   0.22042333E-03   0.32105871E-10   0.00000000E+00
 10.   44.  -0.13126492E-02  -0.17336505E-02  -0.32468182E-02   0.00000000E+00
 10.   45.  -0.11178269E-02  -0.35695789E-02  -0.56236541E-02   0.00000000E+00
 10.   46.  -0.26064299E-10  -0.43154200E-02  -0.64936364E-02   0.00000000E+00
 10.   47.   0.11178268E-02  -0.35695790E-02  -0.56236541E-02   0.00000000E+00
 10.   48.   0.13126492E-02  -0.17336506E-02  -0.32468183E-02   0.00000000E+00
 10.   49.   0.22042337E-03   0.22042327E-03  -0.10099905E-09   0.00000000E+00
 10.   50.  -0.17336504E-02   0.13126492E-02   0.32468181E-02   0.00000000E+00
 10.   51.  -0.35695789E-02   0.11178269E-02   0.56236540E-02   0.00000000E+00
 10.   52.  -0.43154200E-02   0.00000000E+00   0.64936364E-02   0.00000000E+00
 10.   53.   0.46912327E-02   0.00000000E+00  -0.43384576E-01   0.00000000E+00
 10.   54.   0.41246565E-02   0.30374302E-03  -0.37572145E-01   0.00000000E+00
 10.   55.   0.27017938E-02   0.11588534E-04  -0.21692288E-01   0.00000000E+00
 10.   56.   0.10948084E-02  -0.10948084E-02  -0.22394422E-09   0.00000000E+00
 10.   57.  -0.11588525E-04  -0.27017938E-02   0.21692288E-01   0.00000000E+00
 10.   58.  -0.30374302E-03  -0.41246565E-02   0.37572145E-01   0.00000000E+00
 10.   59.  -0.86964381E-11  -0.46912327E-02   0.43384576E-01   0.00000000E+00
 10.   60.   0.30374301E-03  -0.41246565E-02   0.37572146E-01   0.00000000E+00
 10.   61.   0.11588554E-04  -0.27017939E-02   0.21692289E-01   0.00000000E+00
 10.   62.  -0.10948083E-02  -0.10948084E-02   0.68697774E-09   0.00000000E+00
 10.   63.  -0.27017938E-02   0.11588505E-04  -0.21692287E-01   0.00000000E+00
 10.   64.  -0.41246565E-02   0.30374302E-03  -0.37572145E-01   0.00000000E+00
 10.   65.  -0.46912327E-02   0.00000000E+00  -0.43384576E-01   0.00000000E+00
 10.   66.  -0.46912327E-02   0.00000000E+00  -0.43384576E-01   0.00000000E+00
 10.   67.  -0.41246565E-02  -0.30374302E-03  -0.37572145E-01   0.00000000E+00
 10.   68.  -0.27017938E-02  -0.11588533E-04  -0.21692288E-01   0.00000000E+00
 10.   69.  -0.10948084E-02   0.10948084E-02  -0.22394420E-09   0.00000000E+00
 10.   70.   0.11588525E-04   0.27017938E-02   0.21692288E-01   0.00000000E+00
 10.   71.   0.30374302E-03   0.41246565E-02   0.37572145E-01   0.00000000E+00
 10.   72.   0.87166496E-11   0.46912327E-02   0.43384576E-01   0.00000000E+00
 10.   73.  -0.30374301E-03   0.41246565E-02   0.37572146E-01   0.00000000E+00
 10.   74.  -0.11588554E-04   0.27017939E-02   0.21692289E-01   0.00000000E+00
 10.   75.   0.10948083E-02   0.10948084E-02   0.68699325E-09   0.00000000E+00
 10.   76.   0.27017938E-02  -0.11588505E-04  -0.21692287E-01   0.00000000E+00
 10.   77.   0.41246565E-02  -0.30374302E-03  -0.37572145E-01   0.00000000E+00
 10.   78.   0.46912327E-02   0.00000000E+00  -0.43384576E-01   0.00000000E+00
 11.    1.   0.63831202E-02   0.00000000E+00   0.72557175E-01   0.00000000E+00
 11.    2.   0.61656206E-02   0.16520731E-02   0.72557175E-01   0.00000000E+00
 11.    3.   0.55279442E-02   0.31915601E-02   0.72557175E-01   0.00000000E+00
 11.    4.   0.45135476E-02   0.45135476E-02   0.72557175E-01   0.00000000E+00
 11.    5.   0.31915601E-02   0.55279442E-02   0.72557175E-01   0.00000000E+00
 11.    6.   0.16520731E-02   0.61656206E-02   0.72557175E-01   0.00000000E+00
 11.    7.   0.33787768E-10   0.63831202E-02   0.72557175E-01   0.00000000E+00
 11.    8.  -0.16520730E-02   0.61656207E-02   0.72557175E-01   0.00000000E+00
 11.    9.  -0.31915601E-02   0.55279443E-02   0.72557175E-01   0.00000000E+00
 11.   10.  -0.45135475E-02   0.45135476E-02   0.72557175E-01   0.00000000E+00
 11.   11.  -0.55279442E-02   0.31915602E-02   0.72557175E-01   0.00000000E+00
 11.   12.  -0.61656206E-02   0.16520731E-02   0.72557175E-01   0.00000000E+00
 11.   13.  -0.63831202E-02   0.00000000E+00   0.72557175E-01   0.00000000E+00
 11.   14.   0.51091282E-02   0.00000000E+00   0.97694917E-02   0.00000000E+00
 11.   15.   0.49350389E-02   0.13223397E-02   0.97694917E-02   0.00000000E+00
 11.   16.   0.44246349E-02   0.25545641E-02   0.97694917E-02   0.00000000E+00
 11.   17.   0.36126992E-02   0.36126992E-02   0.97694917E-02   0.00000000E+00
 11.   18.   0.25545641E-02   0.44246348E-02   0.97694917E-02   0.00000000E+00
 11.   19.   0.13223397E-02   0.49350389E-02   0.97694917E-02   0.00000000E+00
 11.   20.   0.26756084E-10   0.51091282E-02   0.97694917E-02   0.00000000E+00
 11.   21.  -0.13223397E-02   0.49350389E-02   0.97694917E-02   0.00000000E+00
 11.   22.  -0.25545641E-02   0.44246349E-02   0.97694917E-02   0.00000000E+00
 11.   23.  -0.36126992E-02   0.36126993E-02   0.97694917E-02   0.00000000E+00
 11.   24.  -0.44246348E-02   0.25545642E-02   0.97694917E-02   0.00000000E+00
 11.   25.  -0.49350389E-02   0.13223397E-02   0.97694917E-02   0.00000000E+00
 11.   26.  -0.51091282E-02   0.00000000E+00   0.97694917E-02   0.00000000E+00
 11.   27.   0.86713501E-03   0.00000000E+00  -0.24852530E-01   0.00000000E+00
 11.   28.   0.83758811E-03   0.22443106E-03  -0.24852530E-01   0.00000000E+00
 11.   29.   0.75096095E-03   0.43356751E-03  -0.24852530E-01   0.00000000E+00
 11.   30.   0.61315705E-03   0.61315705E-03  -0.24852530E-01   0.00000000E+00
 11.   31.   0.43356751E-03   0.75096095E-03  -0.24852530E-01   0.00000000E+00
 11.   32.   0.22443106E-03   0.83758810E-03  -0.24852530E-01   0.00000000E+00
 11.   33.   0.45272161E-11   0.86713501E-03  -0.24852530E-01   0.00000000E+00
 11.   34.  -0.22443105E-03   0.83758811E-03  -0.24852530E-01   0.00000000E+00
 11.   35.  -0.43356750E-03   0.75096095E-03  -0.24852530E-01   0.00000000E+00
 11.   36.  -0.61315704E-03   0.61315705E-03  -0.24852530E-01   0.00000000E+00
 11.   37.  -0.75096095E-03   0.43356752E-03  -0.24852530E-01   0.00000000E+00
 11.   38.  -0.83758810E-03   0.22443107E-03  -0.24852530E-01   0.00000000E+00
 11.   39.  -0.86713501E-03   0.00000000E+00  -0.24852530E-01   0.00000000E+00
 11.   40.  -0.32728893E-02   0.00000000E+00  -0.94505928E-02   0.00000000E+00
 11.   41.  -0.31613683E-02  -0.84708608E-03  -0.94505928E-02   0.00000000E+00
 11.   42.  -0.28344053E-02  -0.16364447E-02  -0.94505928E-02   0.00000000E+00
 11.   43.  -0.23142822E-02  -0.23142822E-02  -0.94505928E-02   0.00000000E+00
 11.   44.  -0.16364447E-02  -0.28344053E-02  -0.94505928E-02   0.00000000E+00
 11.   45.  -0.84708609E-03  -0.31613683E-02  -0.94505928E-02   0.00000000E+00
 11.   46.  -0.16765407E-10  -0.32728893E-02  -0.94505928E-02   0.00000000E+00
 11.   47.   0.84708606E-03  -0.31613683E-02  -0.94505928E-02   0.00000000E+00
 11.   48.   0.16364446E-02  -0.28344053E-02  -0.94505928E-02   0.00000000E+00
 11.   49.   0.23142822E-02  -0.23142822E-02  -0.94505928E-02   0.00000000E+00
 11.   50.   0.28344053E-02  -0.16364447E-02  -0.94505928E-02   0.00000000E+00
 11.   51.   0.31613683E-02  -0.84708612E-03  -0.94505928E-02   0.00000000E+00
 11.   52.   0.32728893E-02   0.00000000E+00  -0.94505928E-02   0.00000000E+00
 11.   53.  -0.40247424E-02   0.00000000E+00   0.32373063E-01   0.00000000E+00
 11.   54.  -0.38876026E-02  -0.10416800E-02   0.32373063E-01   0.00000000E+00
 11.   55.  -0.34855291E-02  -0.20123712E-02   0.32373063E-01   0.00000000E+00
 11.   56.  -0.28459226E-02  -0.28459226E-02   0.32373063E-01   0.00000000E+00
 11.   57.  -0.20123712E-02  -0.34855291E-02   0.32373063E-01   0.00000000E+00
 11.   58.  -0.10416800E-02  -0.38876026E-02   0.32373063E-01   0.00000000E+00
 11.   59.  -0.20509843E-10  -0.40247424E-02   0.32373063E-01   0.00000000E+00
 11.   60.   0.10416799E-02  -0.38876026E-02   0.32373063E-01   0.00000000E+00
 11.   61.   0.20123711E-02  -0.34855291E-02   0.32373063E-01   0.00000000E+00
 11.   62.   0.28459226E-02  -0.28459226E-02   0.32373063E-01   0.00000000E+00
 11.   63.   0.34855291E-02  -0.20123712E-02   0.32373063E-01   0.00000000E+00
 11.   64.   0.38876026E-02  -0.10416800E-02   0.32373063E-01   0.00000000E+00
 11.   65.   0.40247424E-02   0.00000000E+00   0.32373063E-01   0.00000000E+00
 11.   66.   0.40247424E-02   0.00000000E+00   0.32373063E-01   0.00000000E+00
 11.   67.   0.38876026E-02   0.10416800E-02   0.32373063E-01   0.00000000E+00
 11.   68.   0.34855291E-02   0.20123712E-02   0.32373063E-01   0.00000000E+00
 11.   69.   0.28459226E-02   0.28459226E-02   0.32373063E-01   0.00000000E+00
 11.   70.   0.20123712E-02   0.34855291E-02   0.32373063E-01   0.00000000E+00
 11.   71.   0.10416800E-02   0.38876026E-02   0.32373063E-01   0.00000000E+00
 11.   72.   0.20642674E-10   0.40247424E-02   0.32373063E-01   0.00000000E+00
 11.   73.  -0.10416799E-02   0.38876026E-02   0.32373063E-01   0.00000000E+00
 11.   74.  -0.20123711E-02   0.34855291E-02   0.32373063E-01   0.00000000E+00
 11.   75.  -0.28459226E-02   0.28459226E-02   0.32373063E-01   0.00000000E+00
 11.   76.  -0.34855291E-02   0.20123712E-02   0.32373063E-01   0.00000000E+00
 11.   77.  -0.38876026E-02   0.10416800E-02   0.32373063E-01   0.00000000E+00
 11.   78.  -0.40247424E-02   0.00000000E+00   0.32373063E-01   0.00000000E+00
 12.    1.  -0.75509783E-05   0.00000000E+00   0.60238319E-05   0.00000000E+00
 12.    2.  -0.18889019E-05   0.70494780E-05   0.31115738E-11   0.00000000E+00
 12.    3.   0.65393390E-05   0.37754896E-05  -0.60238257E-05   0.00000000E+00
 12.    4.   0.51605759E-05  -0.51605752E-05   0.26650673E-11   0.00000000E+00
 12.    5.  -0.37754892E-05  -0.65393384E-05   0.60238311E-05   0.00000000E+00
 12.    6.  -0.70494780E-05   0.18889026E-05   0.21276245E-11   0.00000000E+00
 12.    7.  -0.30749847E-12   0.75509791E-05  -0.60238271E-05   0.00000000E+00
 12.    8.   0.70494776E-05   0.18889029E-05   0.10051833E-11   0.00000000E+00
 12.    9.   0.37754894E-05  -0.65393383E-05   0.60238296E-05   0.00000000E+00
 12.   10.  -0.51605756E-05  -0.51605756E-05   0.12149466E-11   0.00000000E+00
 12.   11.  -0.65393391E-05   0.37754893E-05  -0.60238275E-05   0.00000000E+00
 12.   12.   0.18889017E-05   0.70494782E-05   0.11152431E-11   0.00000000E+00
 12.   13.   0.75509787E-05   0.00000000E+00   0.60238303E-05   0.00000000E+00
 12.   14.  -0.20802359E-03   0.00000000E+00   0.73337317E-03   0.00000000E+00
 12.   15.  -0.58488497E-04   0.21828204E-03   0.68923948E-12   0.00000000E+00
 12.   16.   0.18015372E-03   0.10401180E-03  -0.73337317E-03   0.00000000E+00
 12.   17.   0.15979355E-03  -0.15979354E-03  -0.10435222E-10   0.00000000E+00
 12.   18.  -0.10401179E-03  -0.18015372E-03   0.73337317E-03   0.00000000E+00
 12.   19.  -0.21828204E-03   0.58488494E-04   0.11491030E-10   0.00000000E+00
 12.   20.  -0.60339881E-11   0.20802360E-03  -0.73337317E-03   0.00000000E+00
 12.   21.   0.21828204E-03   0.58488505E-04  -0.34765247E-10   0.00000000E+00
 12.   22.   0.10401181E-03  -0.18015371E-03   0.73337317E-03   0.00000000E+00
 12.   23.  -0.15979354E-03  -0.15979355E-03   0.33744668E-10   0.00000000E+00
 12.   24.  -0.18015372E-03   0.10401179E-03  -0.73337317E-03   0.00000000E+00
 12.   25.   0.58488487E-04   0.21828204E-03  -0.44747165E-10   0.00000000E+00
 12.   26.   0.20802359E-03   0.00000000E+00   0.73337317E-03   0.00000000E+00
 12.   27.  -0.11854946E-02   0.00000000E+00   0.74116277E-02   0.00000000E+00
 12.   28.  -0.38014258E-03   0.14187114E-02   0.59180092E-12   0.00000000E+00
 12.   29.   0.10266684E-02   0.59274729E-03  -0.74116277E-02   0.00000000E+00
 12.   30.   0.10385688E-02  -0.10385688E-02  -0.11216225E-09   0.00000000E+00
 12.   31.  -0.59274727E-03  -0.10266684E-02   0.74116277E-02   0.00000000E+00
 12.   32.  -0.14187114E-02   0.38014256E-03   0.11689395E-09   0.00000000E+00
 12.   33.  -0.39884197E-10   0.11854946E-02  -0.74116277E-02   0.00000000E+00
 12.   34.   0.14187114E-02   0.38014262E-03  -0.34746592E-09   0.00000000E+00
 12.   35.   0.59274734E-03  -0.10266684E-02   0.74116277E-02   0.00000000E+00
 12.   36.  -0.10385688E-02  -0.10385689E-02   0.34946471E-09   0.00000000E+00
 12.   37.  -0.10266685E-02   0.59274723E-03  -0.74116277E-02   0.00000000E+00
 12.   38.   0.38014252E-03   0.14187114E-02  -0.45999783E-09   0.00000000E+00
 12.   39.   0.11854946E-02   0.00000000E+00   0.74116277E-02   0.00000000E+00
 12.   40.  -0.27184763E-02   0.00000000E+00   0.28492892E-01   0.00000000E+00
 12.   41.  -0.10780321E-02   0.40232705E-02   0.84104366E-11   0.00000000E+00
 12.   42.   0.23542695E-02   0.13592382E-02  -0.28492892E-01   0.00000000E+00
 12.   43.   0.29452385E-02  -0.29452384E-02  -0.43122694E-09   0.00000000E+00
 12.   44.  -0.13592381E-02  -0.23542696E-02   0.28492892E-01   0.00000000E+00
 12.   45.  -0.40232705E-02   0.10780321E-02   0.45062213E-09   0.00000000E+00
 12.   46.  -0.11623459E-09   0.27184763E-02  -0.28492892E-01   0.00000000E+00
 12.   47.   0.40232705E-02   0.10780322E-02  -0.13317032E-08   0.00000000E+00
 12.   48.   0.13592383E-02  -0.23542694E-02   0.28492892E-01   0.00000000E+00
 12.   49.  -0.29452384E-02  -0.29452385E-02   0.13490748E-08   0.00000000E+00
 12.   50.  -0.23542696E-02   0.13592380E-02  -0.28492892E-01   0.00000000E+00
 12.   51.   0.10780320E-02   0.40232705E-02  -0.17734712E-08   0.00000000E+00
 12.   52.   0.27184763E-02   0.00000000E+00   0.28492892E-01   0.00000000E+00
 12.   53.  -0.43696164E-02   0.00000000E+00   0.65574926E-01   0.00000000E+00
 12.   54.  -0.18838794E-02   0.70307338E-02   0.20939932E-10   0.00000000E+00
 12.   55.   0.37841988E-02   0.21848082E-02  -0.65574926E-01   0.00000000E+00
 12.   56.   0.51468544E-02  -0.51468543E-02  -0.99145492E-09   0.00000000E+00
 12.   57.  -0.21848081E-02  -0.37841988E-02   0.65574926E-01   0.00000000E+00
 12.   58.  -0.70307338E-02   0.18838794E-02   0.10353747E-08   0.00000000E+00
 12.   59.  -0.20516244E-09   0.43696164E-02  -0.65574926E-01   0.00000000E+00
 12.   60.   0.70307338E-02   0.18838796E-02  -0.30605201E-08   0.00000000E+00
 12.   61.   0.21848085E-02  -0.37841986E-02   0.65574926E-01   0.00000000E+00
 12.   62.  -0.51468542E-02  -0.51468545E-02   0.31058952E-08   0.00000000E+00
 12.   63.  -0.37841990E-02   0.21848078E-02  -0.65574926E-01   0.00000000E+00
 12.   64.   0.18838793E-02   0.70307338E-02  -0.40838916E-08   0.00000000E+00
 12.   65.   0.43696164E-02   0.00000000E+00   0.65574926E-01   0.00000000E+00
 12.   66.   0.43696164E-02   0.00000000E+00   0.65574926E-01   0.00000000E+00
 12.   67.   0.18838794E-02  -0.70307338E-02   0.20934746E-10   0.00000000E+00
 12.   68.  -0.37841988E-02  -0.21848082E-02  -0.65574926E-01   0.00000000E+00
 12.   69.  -0.51468544E-02   0.51468543E-02  -0.99141434E-09   0.00000000E+00
 12.   70.   0.21848081E-02   0.37841988E-02   0.65574926E-01   0.00000000E+00
 12.   71.   0.70307338E-02  -0.18838794E-02   0.10353850E-08   0.00000000E+00
 12.   72.   0.20518449E-09  -0.43696164E-02  -0.65574926E-01   0.00000000E+00
 12.   73.  -0.70307338E-02  -0.18838796E-02  -0.30605341E-08   0.00000000E+00
 12.   74.  -0.21848085E-02   0.37841986E-02   0.65574926E-01   0.00000000E+00
 12.   75.   0.51468542E-02   0.51468545E-02   0.31058337E-08   0.00000000E+00
 12.   76.   0.37841990E-02  -0.21848078E-02  -0.65574926E-01   0.00000000E+00
 12.   77.  -0.18838793E-02  -0.70307338E-02  -0.40838653E-08   0.00000000E+00
 12.   78.  -0.43696164E-02   0.00000000E+00   0.65574926E-01   0.00000000E+00
 13.    1.  -0.88914971E-03   0.00000000E+00   0.28862479E-02   0.00000000E+00
 13.    2.  -0.81528305E-03   0.61347556E-03   0.20408855E-02   0.00000000E+00
 13.    3.  -0.56821875E-03   0.98418375E-03   0.60102492E-11   0.00000000E+00
 13.    4.  -0.12364390E-03   0.10127936E-02  -0.20408855E-02   0.00000000E+00
 13.    5.   0.44457485E-03   0.77002624E-03  -0.28862479E-02   0.00000000E+00
 13.    6.   0.93892694E-03   0.39931805E-03  -0.20408855E-02   0.00000000E+00
 13.    7.   0.11364375E-02   0.80171924E-11  -0.43903647E-10   0.00000000E+00
 13.    8.   0.93892695E-03  -0.39931804E-03   0.20408854E-02   0.00000000E+00
 13.    9.   0.44457487E-03  -0.77002623E-03   0.28862479E-02   0.00000000E+00
 13.   10.  -0.12364388E-03  -0.10127936E-02   0.20408855E-02   0.00000000E+00
 13.   11.  -0.56821874E-03  -0.98418376E-03   0.86452382E-10   0.00000000E+00
 13.   12.  -0.81528304E-03  -0.61347558E-03  -0.20408854E-02   0.00000000E+00
 13.   13.  -0.88914971E-03   0.00000000E+00  -0.28862479E-02   0.00000000E+00
 13.   14.  -0.17071165E-02   0.00000000E+00   0.17937427E-01   0.00000000E+00
 13.   15.  -0.16708075E-02   0.15716094E-02   0.12683676E-01   0.00000000E+00
 13.   16.  -0.13792082E-02   0.23888586E-02   0.20051191E-10   0.00000000E+00
 13.   17.  -0.52564993E-03   0.22327664E-02  -0.12683676E-01   0.00000000E+00
 13.   18.   0.85355824E-03   0.14784063E-02  -0.17937427E-01   0.00000000E+00
 13.   19.   0.21964574E-02   0.66115704E-03  -0.12683676E-01   0.00000000E+00
 13.   20.   0.27584164E-02   0.12277359E-10  -0.28089679E-09   0.00000000E+00
 13.   21.   0.21964574E-02  -0.66115701E-03   0.12683676E-01   0.00000000E+00
 13.   22.   0.85355830E-03  -0.14784062E-02   0.17937427E-01   0.00000000E+00
 13.   23.  -0.52564988E-03  -0.22327664E-02   0.12683677E-01   0.00000000E+00
 13.   24.  -0.13792082E-02  -0.23888586E-02   0.54134744E-09   0.00000000E+00
 13.   25.  -0.16708075E-02  -0.15716095E-02  -0.12683676E-01   0.00000000E+00
 13.   26.  -0.17071165E-02   0.00000000E+00  -0.17937427E-01   0.00000000E+00
 13.   27.   0.20846997E-03   0.00000000E+00   0.28833556E-01   0.00000000E+00
 13.   28.  -0.37922244E-03   0.19848280E-02   0.20388403E-01   0.00000000E+00
 13.   29.  -0.14250653E-02   0.24682854E-02   0.30181742E-10   0.00000000E+00
 13.   30.  -0.15293002E-02   0.13208303E-02  -0.20388403E-01   0.00000000E+00
 13.   31.  -0.10423501E-03  -0.18054028E-03  -0.28833556E-01   0.00000000E+00
 13.   32.   0.19085227E-02  -0.66399773E-03  -0.20388403E-01   0.00000000E+00
 13.   33.   0.28501305E-02  -0.18259908E-10  -0.45231105E-09   0.00000000E+00
 13.   34.   0.19085227E-02   0.66399772E-03   0.20388403E-01   0.00000000E+00
 13.   35.  -0.10423493E-03   0.18054033E-03   0.28833556E-01   0.00000000E+00
 13.   36.  -0.15293002E-02  -0.13208302E-02   0.20388404E-01   0.00000000E+00
 13.   37.  -0.14250653E-02  -0.24682854E-02   0.87227231E-09   0.00000000E+00
 13.   38.  -0.37922249E-03  -0.19848280E-02  -0.20388402E-01   0.00000000E+00
 13.   39.   0.20846997E-03   0.00000000E+00  -0.28833556E-01   0.00000000E+00
 13.   40.   0.31496378E-02   0.00000000E+00   0.94789496E-02   0.00000000E+00
 13.   41.   0.20257522E-02   0.10447603E-02   0.67026296E-02   0.00000000E+00
 13.   42.  -0.34284619E-03   0.59382702E-03   0.89165590E-11   0.00000000E+00
 13.   43.  -0.19176651E-02  -0.12319727E-02  -0.67026295E-02   0.00000000E+00
 13.   44.  -0.15748189E-02  -0.27276663E-02  -0.94789496E-02   0.00000000E+00
 13.   45.  -0.10808714E-03  -0.22767331E-02  -0.67026296E-02   0.00000000E+00
 13.   46.   0.68569238E-03  -0.53068678E-10  -0.14962218E-09   0.00000000E+00
 13.   47.  -0.10808708E-03   0.22767330E-02   0.67026294E-02   0.00000000E+00
 13.   48.  -0.15748189E-02   0.27276664E-02   0.94789496E-02   0.00000000E+00
 13.   49.  -0.19176651E-02   0.12319728E-02   0.67026297E-02   0.00000000E+00
 13.   50.  -0.34284628E-03  -0.59382697E-03   0.28675479E-09   0.00000000E+00
 13.   51.   0.20257521E-02  -0.10447603E-02  -0.67026293E-02   0.00000000E+00
 13.   52.   0.31496378E-02   0.00000000E+00  -0.94789496E-02   0.00000000E+00
 13.   53.   0.37616077E-02   0.00000000E+00  -0.29520884E-01   0.00000000E+00
 13.   54.   0.28526232E-02  -0.36923144E-03  -0.20874417E-01   0.00000000E+00
 13.   55.   0.77425605E-03  -0.13410508E-02  -0.33573575E-10   0.00000000E+00
 13.   56.  -0.11065478E-02  -0.26550599E-02   0.20874417E-01   0.00000000E+00
 13.   57.  -0.18808038E-02  -0.32576478E-02   0.29520884E-01   0.00000000E+00
 13.   58.  -0.17460754E-02  -0.22858285E-02   0.20874417E-01   0.00000000E+00
 13.   59.  -0.15485121E-02  -0.50944932E-10   0.46221018E-09   0.00000000E+00
 13.   60.  -0.17460754E-02   0.22858284E-02  -0.20874416E-01   0.00000000E+00
 13.   61.  -0.18808039E-02   0.32576478E-02  -0.29520884E-01   0.00000000E+00
 13.   62.  -0.11065478E-02   0.26550599E-02  -0.20874417E-01   0.00000000E+00
 13.   63.   0.77425596E-03   0.13410509E-02  -0.89189069E-09   0.00000000E+00
 13.   64.   0.28526232E-02   0.36923146E-03   0.20874416E-01   0.00000000E+00
 13.   65.   0.37616077E-02   0.00000000E+00   0.29520884E-01   0.00000000E+00
 13.   66.  -0.37616077E-02   0.00000000E+00  -0.29520884E-01   0.00000000E+00
 13.   67.  -0.28526232E-02   0.36923144E-03  -0.20874417E-01   0.00000000E+00
 13.   68.  -0.77425605E-03   0.13410508E-02  -0.33526917E-10   0.00000000E+00
 13.   69.   0.11065478E-02   0.26550599E-02   0.20874417E-01   0.00000000E+00
 13.   70.   0.18808038E-02   0.32576478E-02   0.29520884E-01   0.00000000E+00
 13.   71.   0.17460754E-02   0.22858285E-02   0.20874417E-01   0.00000000E+00
 13.   72.   0.15485121E-02   0.50735015E-10   0.46221067E-09   0.00000000E+00
 13.   73.   0.17460754E-02  -0.22858284E-02  -0.20874416E-01   0.00000000E+00
 13.   74.   0.18808039E-02  -0.32576478E-02  -0.29520884E-01   0.00000000E+00
 13.   75.   0.11065478E-02  -0.26550599E-02  -0.20874417E-01   0.00000000E+00
 13.   76.  -0.77425596E-03  -0.13410509E-02  -0.89189127E-09   0.00000000E+00
 13.   77.  -0.28526232E-02  -0.36923146E-03   0.20874416E-01   0.00000000E+00
 13.   78.  -0.37616077E-02   0.00000000E+00   0.29520884E-01   0.00000000E+00
 14.    1.  -0.16211877E-02   0.00000000E+00  -0.40570662E-01   0.00000000E+00
 14.    2.  -0.12387307E-02  -0.14273491E-02  -0.39188251E-01   0.00000000E+00
 14.    3.  -0.19383865E-03  -0.24722411E-02  -0.35135224E-01   0.00000000E+00
 14.    4.   0.12335104E-02  -0.28546981E-02  -0.28687791E-01   0.00000000E+00
 14.    5.   0.26608595E-02  -0.24722411E-02  -0.20285331E-01   0.00000000E+00
 14.    6.   0.37057515E-02  -0.14273491E-02  -0.10500460E-01   0.00000000E+00
 14.    7.   0.40882085E-02  -0.30032410E-10  -0.21446937E-09   0.00000000E+00
 14.    8.   0.37057515E-02   0.14273490E-02   0.10500460E-01   0.00000000E+00
 14.    9.   0.26608595E-02   0.24722411E-02   0.20285331E-01   0.00000000E+00
 14.   10.   0.12335105E-02   0.28546981E-02   0.28687790E-01   0.00000000E+00
 14.   11.  -0.19383860E-03   0.24722411E-02   0.35135224E-01   0.00000000E+00
 14.   12.  -0.12387307E-02   0.14273491E-02   0.39188250E-01   0.00000000E+00
 14.   13.  -0.16211877E-02   0.00000000E+00   0.40570662E-01   0.00000000E+00
 14.   14.  -0.30537544E-02   0.00000000E+00  -0.17747541E-01   0.00000000E+00
 14.   15.  -0.27881631E-02  -0.99120037E-03  -0.17142808E-01   0.00000000E+00
 14.   16.  -0.20625541E-02  -0.17168094E-02  -0.15369821E-01   0.00000000E+00
 14.   17.  -0.10713537E-02  -0.19824007E-02  -0.12549407E-01   0.00000000E+00
 14.   18.  -0.80153355E-04  -0.17168094E-02  -0.88737706E-02   0.00000000E+00
 14.   19.   0.64545568E-03  -0.99120038E-03  -0.45934017E-02   0.00000000E+00
 14.   20.   0.91104702E-03  -0.21095336E-10  -0.93782517E-10   0.00000000E+00
 14.   21.   0.64545570E-03   0.99120034E-03   0.45934015E-02   0.00000000E+00
 14.   22.  -0.80153319E-04   0.17168094E-02   0.88737704E-02   0.00000000E+00
 14.   23.  -0.10713537E-02   0.19824007E-02   0.12549407E-01   0.00000000E+00
 14.   24.  -0.20625540E-02   0.17168094E-02   0.15369821E-01   0.00000000E+00
 14.   25.  -0.27881631E-02   0.99120040E-03   0.17142808E-01   0.00000000E+00
 14.   26.  -0.30537544E-02   0.00000000E+00   0.17747541E-01   0.00000000E+00
 14.   27.  -0.16616386E-02   0.00000000E+00   0.12295901E-01   0.00000000E+00
 14.   28.  -0.15774170E-02  -0.31431923E-03   0.11876928E-01   0.00000000E+00
 14.   29.  -0.13473193E-02  -0.54441688E-03   0.10648562E-01   0.00000000E+00
 14.   30.  -0.10330001E-02  -0.62863847E-03   0.86945147E-02   0.00000000E+00
 14.   31.  -0.71868087E-03  -0.54441689E-03   0.61479503E-02   0.00000000E+00
 14.   32.  -0.48858321E-03  -0.31431924E-03   0.31824133E-02   0.00000000E+00
 14.   33.  -0.40436163E-03  -0.68105947E-11   0.65390478E-10   0.00000000E+00
 14.   34.  -0.48858321E-03   0.31431923E-03  -0.31824132E-02   0.00000000E+00
 14.   35.  -0.71868085E-03   0.54441688E-03  -0.61479502E-02   0.00000000E+00
 14.   36.  -0.10330001E-02   0.62863847E-03  -0.86945147E-02   0.00000000E+00
 14.   37.  -0.13473193E-02   0.54441689E-03  -0.10648562E-01   0.00000000E+00
 14.   38.  -0.15774170E-02   0.31431925E-03  -0.11876928E-01   0.00000000E+00
 14.   39.  -0.16616386E-02   0.00000000E+00  -0.12295901E-01   0.00000000E+00
 14.   40.   0.20438668E-02   0.00000000E+00   0.94079375E-02   0.00000000E+00
 14.   41.   0.18917619E-02   0.56766313E-03   0.90873698E-02   0.00000000E+00
 14.   42.   0.14762037E-02   0.98322138E-03   0.81475129E-02   0.00000000E+00
 14.   43.   0.90854057E-03   0.11353263E-02   0.66524164E-02   0.00000000E+00
 14.   44.   0.34087745E-03   0.98322138E-03   0.47039688E-02   0.00000000E+00
 14.   45.  -0.74680806E-04   0.56766313E-03   0.24349534E-02   0.00000000E+00
 14.   46.  -0.22678569E-03   0.11907030E-10   0.49514232E-10   0.00000000E+00
 14.   47.  -0.74680818E-04  -0.56766311E-03  -0.24349533E-02   0.00000000E+00
 14.   48.   0.34087743E-03  -0.98322137E-03  -0.47039687E-02   0.00000000E+00
 14.   49.   0.90854055E-03  -0.11353263E-02  -0.66524164E-02   0.00000000E+00
 14.   50.   0.14762037E-02  -0.98322139E-03  -0.81475128E-02   0.00000000E+00
 14.   51.   0.18917619E-02  -0.56766315E-03  -0.90873698E-02   0.00000000E+00
 14.   52.   0.20438668E-02   0.00000000E+00  -0.94079375E-02   0.00000000E+00
 14.   53.   0.29850669E-02   0.00000000E+00  -0.20459351E-01   0.00000000E+00
 14.   54.   0.28086436E-02   0.65842071E-03  -0.19762216E-01   0.00000000E+00
 14.   55.   0.23266462E-02   0.11404181E-02  -0.17718318E-01   0.00000000E+00
 14.   56.   0.16682255E-02   0.13168414E-02  -0.14466946E-01   0.00000000E+00
 14.   57.   0.10098048E-02   0.11404181E-02  -0.10229676E-01   0.00000000E+00
 14.   58.   0.52780735E-03   0.65842071E-03  -0.52952698E-02   0.00000000E+00
 14.   59.   0.35138405E-03   0.13883643E-10  -0.10847818E-09   0.00000000E+00
 14.   60.   0.52780733E-03  -0.65842069E-03   0.52952696E-02   0.00000000E+00
 14.   61.   0.10098047E-02  -0.11404181E-02   0.10229676E-01   0.00000000E+00
 14.   62.   0.16682254E-02  -0.13168414E-02   0.14466946E-01   0.00000000E+00
 14.   63.   0.23266461E-02  -0.11404181E-02   0.17718318E-01   0.00000000E+00
 14.   64.   0.28086436E-02  -0.65842073E-03   0.19762216E-01   0.00000000E+00
 14.   65.   0.29850669E-02   0.00000000E+00   0.20459351E-01   0.00000000E+00
 14.   66.  -0.29850669E-02   0.00000000E+00  -0.20459351E-01   0.00000000E+00
 14.   67.  -0.28086436E-02  -0.65842071E-03  -0.19762216E-01   0.00000000E+00
 14.   68.  -0.23266462E-02  -0.11404181E-02  -0.17718318E-01   0.00000000E+00
 14.   69.  -0.16682255E-02  -0.13168414E-02  -0.14466946E-01   0.00000000E+00
 14.   70.  -0.10098048E-02  -0.11404181E-02  -0.10229676E-01   0.00000000E+00
 14.   71.  -0.52780735E-03  -0.65842071E-03  -0.52952698E-02   0.00000000E+00
 14.   72.  -0.35138405E-03  -0.14142614E-10  -0.10848056E-09   0.00000000E+00
 14.   73.  -0.52780733E-03   0.65842069E-03   0.52952696E-02   0.00000000E+00
 14.   74.  -0.10098047E-02   0.11404181E-02   0.10229676E-01   0.00000000E+00
 14.   75.  -0.16682254E-02   0.13168414E-02   0.14466946E-01   0.00000000E+00
 14.   76.  -0.23266461E-02   0.11404181E-02   0.17718318E-01   0.00000000E+00
 14.   77.  -0.28086436E-02   0.65842073E-03   0.19762216E-01   0.00000000E+00
 14.   78.  -0.29850669E-02   0.00000000E+00   0.20459351E-01   0.00000000E+00
 15.    1.  -0.15358536E-05   0.00000000E+00   0.90444999E-06   0.00000000E+00
 15.    2.   0.18089299E-07   0.14683453E-05  -0.23408090E-06   0.00000000E+00
 15.    3.   0.15177653E-05   0.31331279E-07  -0.78326551E-06   0.00000000E+00
 15.    4.  -0.36178016E-07  -0.14996758E-05   0.63954242E-06   0.00000000E+00
 15.    5.  -0.14815876E-05  -0.31330803E-07   0.45222450E-06   0.00000000E+00
 15.    6.   0.18088361E-07   0.15310070E-05  -0.87362428E-06   0.00000000E+00
 15.    7.   0.14634977E-05  -0.16843386E-12  -0.75760305E-12   0.00000000E+00
 15.    8.   0.18088647E-07  -0.15310072E-05   0.87362322E-06   0.00000000E+00
 15.    9.  -0.14815874E-05   0.31330754E-07  -0.45222496E-06   0.00000000E+00
 15.   10.  -0.36178170E-07   0.14996758E-05  -0.63954269E-06   0.00000000E+00
 15.   11.   0.15177651E-05  -0.31331208E-07   0.78326535E-06   0.00000000E+00
 15.   12.   0.18089188E-07  -0.14683455E-05   0.23408109E-06   0.00000000E+00
 15.   13.  -0.15358538E-05   0.00000000E+00  -0.90444977E-06   0.00000000E+00
 15.   14.  -0.87388823E-04   0.00000000E+00   0.26534057E-03   0.00000000E+00
 15.   15.  -0.19197963E-05   0.94553604E-04  -0.68675192E-04   0.00000000E+00
 15.   16.   0.89308621E-04  -0.33251858E-05  -0.22979167E-03   0.00000000E+00
 15.   17.   0.38395957E-05  -0.91228418E-04   0.18762412E-03   0.00000000E+00
 15.   18.  -0.93148215E-04   0.33251849E-05   0.13267029E-03   0.00000000E+00
 15.   19.  -0.19197989E-05   0.87903232E-04  -0.25629931E-03   0.00000000E+00
 15.   20.   0.95068012E-04   0.27630945E-11  -0.10066197E-10   0.00000000E+00
 15.   21.  -0.19197927E-05  -0.87903232E-04   0.25629931E-03   0.00000000E+00
 15.   22.  -0.93148215E-04  -0.33251905E-05  -0.13267028E-03   0.00000000E+00
 15.   23.   0.38395899E-05   0.91228418E-04  -0.18762413E-03   0.00000000E+00
 15.   24.   0.89308622E-04   0.33251916E-05   0.22979166E-03   0.00000000E+00
 15.   25.  -0.19197911E-05  -0.94553604E-04   0.68675210E-04   0.00000000E+00
 15.   26.  -0.87388823E-04   0.00000000E+00  -0.26534057E-03   0.00000000E+00
 15.   27.  -0.72034423E-03   0.00000000E+00   0.39039890E-02   0.00000000E+00
 15.   28.  -0.44800987E-04   0.88754379E-03  -0.10104267E-02   0.00000000E+00
 15.   29.   0.76514522E-03  -0.77597583E-04  -0.33809537E-02   0.00000000E+00
 15.   30.   0.89601986E-04  -0.80994621E-03   0.27605371E-02   0.00000000E+00
 15.   31.  -0.85474719E-03   0.77597573E-04   0.19519946E-02   0.00000000E+00
 15.   32.  -0.44801001E-04   0.73234862E-03  -0.37709638E-02   0.00000000E+00
 15.   33.   0.89954818E-03   0.21359594E-10  -0.14270151E-09   0.00000000E+00
 15.   34.  -0.44800944E-04  -0.73234862E-03   0.37709639E-02   0.00000000E+00
 15.   35.  -0.85474720E-03  -0.77597620E-04  -0.19519943E-02   0.00000000E+00
 15.   36.   0.89601935E-04   0.80994620E-03  -0.27605373E-02   0.00000000E+00
 15.   37.   0.76514523E-03   0.77597638E-04   0.33809535E-02   0.00000000E+00
 15.   38.  -0.44800942E-04  -0.88754379E-03   0.10104270E-02   0.00000000E+00
 15.   39.  -0.72034423E-03   0.00000000E+00  -0.39039890E-02   0.00000000E+00
 15.   40.  -0.19735291E-02   0.00000000E+00   0.18327084E-01   0.00000000E+00
 15.   41.  -0.28553477E-03   0.30391594E-02  -0.47433984E-02   0.00000000E+00
 15.   42.   0.22590639E-02  -0.49456073E-03  -0.15871720E-01   0.00000000E+00
 15.   43.   0.57106958E-03  -0.25445986E-02   0.12959205E-01   0.00000000E+00
 15.   44.  -0.28301334E-02   0.49456070E-03   0.91635423E-02   0.00000000E+00
 15.   45.  -0.28553482E-03   0.20500379E-02  -0.17702604E-01   0.00000000E+00
 15.   46.   0.31156682E-02   0.55872038E-10  -0.66915227E-09   0.00000000E+00
 15.   47.  -0.28553462E-03  -0.20500379E-02   0.17702604E-01   0.00000000E+00
 15.   48.  -0.28301334E-02  -0.49456084E-03  -0.91635412E-02   0.00000000E+00
 15.   49.   0.57106943E-03   0.25445986E-02  -0.12959206E-01   0.00000000E+00
 15.   50.   0.22590639E-02   0.49456091E-03   0.15871720E-01   0.00000000E+00
 15.   51.  -0.28553466E-03  -0.30391593E-02   0.47433997E-02   0.00000000E+00
 15.   52.  -0.19735291E-02   0.00000000E+00  -0.18327084E-01   0.00000000E+00
 15.   53.  -0.34564457E-02   0.00000000E+00   0.46454853E-01   0.00000000E+00
 15.   54.  -0.62572092E-03   0.57916680E-02  -0.12023401E-01   0.00000000E+00
 15.   55.   0.40821666E-02  -0.10837804E-02  -0.40231083E-01   0.00000000E+00
 15.   56.   0.12514419E-02  -0.47078876E-02   0.32848541E-01   0.00000000E+00
 15.   57.  -0.53336085E-02   0.10837804E-02   0.23227427E-01   0.00000000E+00
 15.   58.  -0.62572101E-03   0.36241071E-02  -0.44871942E-01   0.00000000E+00
 15.   59.   0.59593294E-02   0.95789142E-10  -0.17014790E-08   0.00000000E+00
 15.   60.  -0.62572063E-03  -0.36241071E-02   0.44871943E-01   0.00000000E+00
 15.   61.  -0.53336085E-02  -0.10837806E-02  -0.23227424E-01   0.00000000E+00
 15.   62.   0.12514416E-02   0.47078875E-02  -0.32848544E-01   0.00000000E+00
 15.   63.   0.40821667E-02   0.10837808E-02   0.40231081E-01   0.00000000E+00
 15.   64.  -0.62572072E-03  -0.57916679E-02   0.12023404E-01   0.00000000E+00
 15.   65.  -0.34564457E-02   0.00000000E+00  -0.46454853E-01   0.00000000E+00
 15.   66.   0.34564457E-02   0.00000000E+00   0.46454853E-01   0.00000000E+00
 15.   67.   0.62572092E-03  -0.57916680E-02  -0.12023401E-01   0.00000000E+00
 15.   68.  -0.40821666E-02   0.10837804E-02  -0.40231083E-01   0.00000000E+00
 15.   69.  -0.12514419E-02   0.47078876E-02   0.32848541E-01   0.00000000E+00
 15.   70.   0.53336085E-02  -0.10837804E-02   0.23227427E-01   0.00000000E+00
 15.   71.   0.62572101E-03  -0.36241071E-02  -0.44871942E-01   0.00000000E+00
 15.   72.  -0.59593294E-02  -0.95529883E-10  -0.17013708E-08   0.00000000E+00
 15.   73.   0.62572063E-03   0.36241071E-02   0.44871943E-01   0.00000000E+00
 15.   74.   0.53336085E-02   0.10837806E-02  -0.23227424E-01   0.00000000E+00
 15.   75.  -0.12514416E-02  -0.47078875E-02  -0.32848544E-01   0.00000000E+00
 15.   76.  -0.40821667E-02  -0.10837808E-02   0.40231081E-01   0.00000000E+00
 15.   77.   0.62572072E-03   0.57916679E-02   0.12023404E-01   0.00000000E+00
 15.   78.   0.34564457E-02   0.00000000E+00  -0.46454853E-01   0.00000000E+00
 16.    1.  -0.29677684E-03   0.00000000E+00   0.60332921E-03   0.00000000E+00
 16.    2.  -0.22173312E-03   0.25419043E-03   0.30166460E-03   0.00000000E+00
 16.    3.  -0.22950785E-04   0.33652877E-03  -0.30166460E-03   0.00000000E+00
 16.    4.   0.20985292E-03   0.20985292E-03  -0.60332921E-03   0.00000000E+00
 16.    5.   0.33652877E-03  -0.22950783E-04  -0.30166461E-03   0.00000000E+00
 16.    6.   0.25419043E-03  -0.22173312E-03   0.30166460E-03   0.00000000E+00
 16.    7.   0.57371577E-11  -0.29677684E-03   0.60332921E-03   0.00000000E+00
 16.    8.  -0.25419042E-03  -0.22173312E-03   0.30166462E-03   0.00000000E+00
 16.    9.  -0.33652877E-03  -0.22950792E-04  -0.30166459E-03   0.00000000E+00
 16.   10.  -0.20985292E-03   0.20985291E-03  -0.60332921E-03   0.00000000E+00
 16.   11.   0.22950776E-04   0.33652877E-03  -0.30166462E-03   0.00000000E+00
 16.   12.   0.22173311E-03   0.25419044E-03   0.30166458E-03   0.00000000E+00
 16.   13.   0.29677684E-03   0.00000000E+00   0.60332921E-03   0.00000000E+00
 16.   14.  -0.12312993E-02   0.00000000E+00   0.85705657E-02   0.00000000E+00
 16.   15.  -0.98695425E-03   0.13046758E-02   0.42852829E-02   0.00000000E+00
 16.   16.  -0.22466304E-03   0.16204271E-02  -0.42852828E-02   0.00000000E+00
 16.   17.   0.87066009E-03   0.87066011E-03  -0.85705657E-02   0.00000000E+00
 16.   18.   0.16204271E-02  -0.22466303E-03  -0.42852829E-02   0.00000000E+00
 16.   19.   0.13046758E-02  -0.98695424E-03   0.42852828E-02   0.00000000E+00
 16.   20.   0.30179275E-10  -0.12312993E-02   0.85705657E-02   0.00000000E+00
 16.   21.  -0.13046757E-02  -0.98695426E-03   0.42852831E-02   0.00000000E+00
 16.   22.  -0.16204271E-02  -0.22466307E-03  -0.42852826E-02   0.00000000E+00
 16.   23.  -0.87066014E-03   0.87066007E-03  -0.85705657E-02   0.00000000E+00
 16.   24.   0.22466300E-03   0.16204271E-02  -0.42852832E-02   0.00000000E+00
 16.   25.   0.98695423E-03   0.13046758E-02   0.42852825E-02   0.00000000E+00
 16.   26.   0.12312993E-02   0.00000000E+00   0.85705657E-02   0.00000000E+00
 16.   27.  -0.41304394E-03   0.00000000E+00   0.20440655E-01   0.00000000E+00
 16.   28.  -0.80087020E-03   0.21909487E-02   0.10220328E-01   0.00000000E+00
 16.   29.  -0.98293392E-03   0.21155354E-02  -0.10220328E-01   0.00000000E+00
 16.   30.   0.29206615E-03   0.29206619E-03  -0.20440655E-01   0.00000000E+00
 16.   31.   0.21155354E-02  -0.98293391E-03  -0.10220328E-01   0.00000000E+00
 16.   32.   0.21909487E-02  -0.80087021E-03   0.10220327E-01   0.00000000E+00
 16.   33.   0.53953651E-10  -0.41304394E-03   0.20440655E-01   0.00000000E+00
 16.   34.  -0.21909486E-02  -0.80087019E-03   0.10220328E-01   0.00000000E+00
 16.   35.  -0.21155355E-02  -0.98293393E-03  -0.10220327E-01   0.00000000E+00
 16.   36.  -0.29206623E-03   0.29206611E-03  -0.20440655E-01   0.00000000E+00
 16.   37.   0.98293390E-03   0.21155354E-02  -0.10220328E-01   0.00000000E+00
 16.   38.   0.80087023E-03   0.21909487E-02   0.10220327E-01   0.00000000E+00
 16.   39.   0.41304394E-03   0.00000000E+00   0.20440655E-01   0.00000000E+00
 16.   40.   0.23375209E-02   0.00000000E+00   0.97552851E-02   0.00000000E+00
 16.   41.   0.91841775E-03   0.10881619E-02   0.48776425E-02   0.00000000E+00
 16.   42.  -0.14188661E-02   0.12002723E-03  -0.48776425E-02   0.00000000E+00
 16.   43.  -0.16528769E-02  -0.16528769E-02  -0.97552851E-02   0.00000000E+00
 16.   44.   0.12002721E-03  -0.14188661E-02  -0.48776426E-02   0.00000000E+00
 16.   45.   0.10881619E-02   0.91841772E-03   0.48776425E-02   0.00000000E+00
 16.   46.   0.31807837E-10   0.23375209E-02   0.97552851E-02   0.00000000E+00
 16.   47.  -0.10881619E-02   0.91841782E-03   0.48776428E-02   0.00000000E+00
 16.   48.  -0.12002728E-03  -0.14188660E-02  -0.48776423E-02   0.00000000E+00
 16.   49.   0.16528768E-02  -0.16528769E-02  -0.97552851E-02   0.00000000E+00
 16.   50.   0.14188661E-02   0.12002715E-03  -0.48776429E-02   0.00000000E+00
 16.   51.  -0.91841765E-03   0.10881619E-02   0.48776422E-02   0.00000000E+00
 16.   52.  -0.23375209E-02   0.00000000E+00   0.97552851E-02   0.00000000E+00
 16.   53.   0.30947620E-02   0.00000000E+00  -0.21508728E-01   0.00000000E+00
 16.   54.   0.18258136E-02  -0.83540815E-03  -0.10754364E-01   0.00000000E+00
 16.   55.  -0.70032242E-03  -0.18817680E-02   0.10754364E-01   0.00000000E+00
 16.   56.  -0.21883272E-02  -0.21883272E-02   0.21508728E-01   0.00000000E+00
 16.   57.  -0.18817680E-02  -0.70032245E-03   0.10754364E-01   0.00000000E+00
 16.   58.  -0.83540816E-03   0.18258136E-02  -0.10754364E-01   0.00000000E+00
 16.   59.  -0.14789869E-10   0.30947620E-02  -0.21508728E-01   0.00000000E+00
 16.   60.   0.83540812E-03   0.18258137E-02  -0.10754364E-01   0.00000000E+00
 16.   61.   0.18817679E-02  -0.70032235E-03   0.10754363E-01   0.00000000E+00
 16.   62.   0.21883272E-02  -0.21883272E-02   0.21508728E-01   0.00000000E+00
 16.   63.   0.70032251E-03  -0.18817680E-02   0.10754365E-01   0.00000000E+00
 16.   64.  -0.18258135E-02  -0.83540819E-03  -0.10754363E-01   0.00000000E+00
 16.   65.  -0.30947620E-02   0.00000000E+00  -0.21508728E-01   0.00000000E+00
 16.   66.  -0.30947620E-02   0.00000000E+00  -0.21508728E-01   0.00000000E+00
 16.   67.  -0.18258136E-02   0.83540815E-03  -0.10754364E-01   0.00000000E+00
 16.   68.   0.70032242E-03   0.18817680E-02   0.10754364E-01   0.00000000E+00
 16.   69.   0.21883272E-02   0.21883272E-02   0.21508728E-01   0.00000000E+00
 16.   70.   0.18817680E-02   0.70032245E-03   0.10754364E-01   0.00000000E+00
 16.   71.   0.83540816E-03  -0.18258136E-02  -0.10754364E-01   0.00000000E+00
 16.   72.   0.14797498E-10  -0.30947620E-02  -0.21508728E-01   0.00000000E+00
 16.   73.  -0.83540812E-03  -0.18258137E-02  -0.10754364E-01   0.00000000E+00
 16.   74.  -0.18817679E-02   0.70032235E-03   0.10754363E-01   0.00000000E+00
 16.   75.  -0.21883272E-02   0.21883272E-02   0.21508728E-01   0.00000000E+00
 16.   76.  -0.70032251E-03   0.18817680E-02   0.10754365E-01   0.00000000E+00
 16.   77.   0.18258135E-02   0.83540819E-03  -0.10754363E-01   0.00000000E+00
 16.   78.   0.30947620E-02   0.00000000E+00  -0.21508728E-01   0.00000000E+00
 17.    1.  -0.31971910E-06   0.00000000E+00   0.13988081E-06   0.00000000E+00
 17.    2.   0.87036235E-07   0.29282017E-06  -0.69939965E-07   0.00000000E+00
 17.    3.   0.26859828E-06  -0.14550912E-06  -0.69943404E-07   0.00000000E+00
 17.    4.  -0.22607611E-06  -0.22607432E-06   0.13987242E-06   0.00000000E+00
 17.    5.  -0.14551098E-06   0.26859887E-06  -0.69950741E-07   0.00000000E+00
 17.    6.   0.29281926E-06   0.87036085E-07  -0.69952488E-07   0.00000000E+00
 17.    7.   0.57780356E-12  -0.31971857E-06   0.13986757E-06   0.00000000E+00
 17.    8.  -0.29281795E-06   0.87037331E-07  -0.69949859E-07   0.00000000E+00
 17.    9.   0.14551194E-06   0.26859988E-06  -0.69945948E-07   0.00000000E+00
 17.   10.   0.22607583E-06  -0.22607439E-06   0.13987653E-06   0.00000000E+00
 17.   11.  -0.26859834E-06  -0.14550995E-06  -0.69942081E-07   0.00000000E+00
 17.   12.  -0.87036470E-07   0.29281935E-06  -0.69941337E-07   0.00000000E+00
 17.   13.   0.31971835E-06   0.00000000E+00   0.13987888E-06   0.00000000E+00
 17.   14.  -0.37804776E-04   0.00000000E+00   0.10092335E-03   0.00000000E+00
 17.   15.   0.90303877E-05   0.39331355E-04  -0.50461664E-04   0.00000000E+00
 17.   16.   0.34196916E-04  -0.21426020E-04  -0.50461666E-04   0.00000000E+00
 17.   17.  -0.26732013E-04  -0.26732013E-04   0.10092335E-03   0.00000000E+00
 17.   18.  -0.21426022E-04   0.34196915E-04  -0.50461673E-04   0.00000000E+00
 17.   19.   0.39331354E-04   0.90303867E-05  -0.50461679E-04   0.00000000E+00
 17.   20.   0.15384312E-11  -0.37804776E-04   0.10092334E-03   0.00000000E+00
 17.   21.  -0.39331355E-04   0.90303843E-05  -0.50461672E-04   0.00000000E+00
 17.   22.   0.21426020E-04   0.34196916E-04  -0.50461680E-04   0.00000000E+00
 17.   23.   0.26732016E-04  -0.26732011E-04   0.10092335E-03   0.00000000E+00
 17.   24.  -0.34196915E-04  -0.21426023E-04  -0.50461661E-04   0.00000000E+00
 17.   25.  -0.90303895E-05   0.39331356E-04  -0.50461672E-04   0.00000000E+00
 17.   26.   0.37804775E-04   0.00000000E+00   0.10092335E-03   0.00000000E+00
 17.   27.  -0.45274995E-03   0.00000000E+00   0.21658224E-02   0.00000000E+00
 17.   28.   0.91307422E-04   0.53388182E-03  -0.10829112E-02   0.00000000E+00
 17.   29.   0.44207555E-03  -0.31294735E-03  -0.10829112E-02   0.00000000E+00
 17.   30.  -0.32014256E-03  -0.32014257E-03   0.21658224E-02   0.00000000E+00
 17.   31.  -0.31294736E-03   0.44207555E-03  -0.10829112E-02   0.00000000E+00
 17.   32.   0.53388181E-03   0.91307430E-04  -0.10829113E-02   0.00000000E+00
 17.   33.   0.21524983E-10  -0.45274996E-03   0.21658224E-02   0.00000000E+00
 17.   34.  -0.53388183E-03   0.91307397E-04  -0.10829111E-02   0.00000000E+00
 17.   35.   0.31294733E-03   0.44207556E-03  -0.10829113E-02   0.00000000E+00
 17.   36.   0.32014259E-03  -0.32014254E-03   0.21658224E-02   0.00000000E+00
 17.   37.  -0.44207554E-03  -0.31294739E-03  -0.10829111E-02   0.00000000E+00
 17.   38.  -0.91307455E-04   0.53388180E-03  -0.10829114E-02   0.00000000E+00
 17.   39.   0.45274996E-03   0.00000000E+00   0.21658225E-02   0.00000000E+00
 17.   40.  -0.14911883E-02   0.00000000E+00   0.12440465E-01   0.00000000E+00
 17.   41.   0.18039890E-03   0.22074967E-02  -0.62202325E-02   0.00000000E+00
 17.   42.   0.16884971E-02  -0.14333746E-02  -0.62202325E-02   0.00000000E+00
 17.   43.  -0.10544293E-02  -0.10544294E-02   0.12440465E-01   0.00000000E+00
 17.   44.  -0.14333746E-02   0.16884971E-02  -0.62202322E-02   0.00000000E+00
 17.   45.   0.22074966E-02   0.18039892E-03  -0.62202327E-02   0.00000000E+00
 17.   46.   0.92316386E-10  -0.14911883E-02   0.12440465E-01   0.00000000E+00
 17.   47.  -0.22074967E-02   0.18039882E-03  -0.62202318E-02   0.00000000E+00
 17.   48.   0.14333745E-02   0.16884972E-02  -0.62202331E-02   0.00000000E+00
 17.   49.   0.10544294E-02  -0.10544292E-02   0.12440465E-01   0.00000000E+00
 17.   50.  -0.16884971E-02  -0.14333747E-02  -0.62202316E-02   0.00000000E+00
 17.   51.  -0.18039900E-03   0.22074966E-02  -0.62202334E-02   0.00000000E+00
 17.   52.   0.14911883E-02   0.00000000E+00   0.12440465E-01   0.00000000E+00
 17.   53.  -0.28413688E-02   0.00000000E+00   0.34651558E-01   0.00000000E+00
 17.   54.   0.24445431E-03   0.45767871E-02  -0.17325779E-01   0.00000000E+00
 17.   55.   0.34091325E-02  -0.30634219E-02  -0.17325779E-01   0.00000000E+00
 17.   56.  -0.20091511E-02  -0.20091512E-02   0.34651558E-01   0.00000000E+00
 17.   57.  -0.30634220E-02   0.34091325E-02  -0.17325779E-01   0.00000000E+00
 17.   58.   0.45767871E-02   0.24445436E-03  -0.17325780E-01   0.00000000E+00
 17.   59.   0.19532112E-09  -0.28413688E-02   0.34651558E-01   0.00000000E+00
 17.   60.  -0.45767872E-02   0.24445416E-03  -0.17325777E-01   0.00000000E+00
 17.   61.   0.30634217E-02   0.34091325E-02  -0.17325781E-01   0.00000000E+00
 17.   62.   0.20091514E-02  -0.20091509E-02   0.34651558E-01   0.00000000E+00
 17.   63.  -0.34091325E-02  -0.30634221E-02  -0.17325777E-01   0.00000000E+00
 17.   64.  -0.24445451E-03   0.45767870E-02  -0.17325782E-01   0.00000000E+00
 17.   65.   0.28413688E-02   0.00000000E+00   0.34651558E-01   0.00000000E+00
 17.   66.   0.28413688E-02   0.00000000E+00   0.34651558E-01   0.00000000E+00
 17.   67.  -0.24445431E-03  -0.45767871E-02  -0.17325779E-01   0.00000000E+00
 17.   68.  -0.34091325E-02   0.30634219E-02  -0.17325779E-01   0.00000000E+00
 17.   69.   0.20091511E-02   0.20091512E-02   0.34651558E-01   0.00000000E+00
 17.   70.   0.30634220E-02  -0.34091325E-02  -0.17325779E-01   0.00000000E+00
 17.   71.  -0.45767871E-02  -0.24445436E-03  -0.17325780E-01   0.00000000E+00
 17.   72.  -0.19510436E-09   0.28413688E-02   0.34651558E-01   0.00000000E+00
 17.   73.   0.45767872E-02  -0.24445416E-03  -0.17325777E-01   0.00000000E+00
 17.   74.  -0.30634217E-02  -0.34091325E-02  -0.17325781E-01   0.00000000E+00
 17.   75.  -0.20091514E-02   0.20091509E-02   0.34651558E-01   0.00000000E+00
 17.   76.   0.34091325E-02   0.30634221E-02  -0.17325777E-01   0.00000000E+00
 17.   77.   0.24445451E-03  -0.45767870E-02  -0.17325782E-01   0.00000000E+00
 17.   78.  -0.28413688E-02   0.00000000E+00   0.34651558E-01   0.00000000E+00
 18.    1.   0.84254594E-03   0.00000000E+00  -0.13723165E-01   0.00000000E+00
 18.    2.   0.10937424E-02  -0.12626884E-02  -0.11884609E-01   0.00000000E+00
 18.    3.   0.16662482E-02  -0.20434805E-02  -0.68615823E-02   0.00000000E+00
 18.    4.   0.21252019E-02  -0.21252019E-02  -0.69674550E-10   0.00000000E+00
 18.    5.   0.20434805E-02  -0.16662482E-02   0.68615822E-02   0.00000000E+00
 18.    6.   0.12626884E-02  -0.10937424E-02   0.11884609E-01   0.00000000E+00
 18.    7.   0.27118928E-10  -0.84254594E-03   0.13723165E-01   0.00000000E+00
 18.    8.  -0.12626884E-02  -0.10937423E-02   0.11884609E-01   0.00000000E+00
 18.    9.  -0.20434805E-02  -0.16662481E-02   0.68615824E-02   0.00000000E+00
 18.   10.  -0.21252019E-02  -0.21252019E-02   0.21707408E-09   0.00000000E+00
 18.   11.  -0.16662482E-02  -0.20434806E-02  -0.68615820E-02   0.00000000E+00
 18.   12.  -0.10937424E-02  -0.12626884E-02  -0.11884609E-01   0.00000000E+00
 18.   13.  -0.84254594E-03   0.00000000E+00  -0.13723165E-01   0.00000000E+00
 18.   14.  -0.96800443E-03   0.00000000E+00  -0.17507309E-01   0.00000000E+00
 18.   15.  -0.57877268E-03  -0.10789969E-02  -0.15161774E-01   0.00000000E+00
 18.   16.   0.35371196E-03  -0.15806515E-02  -0.87536545E-02   0.00000000E+00
 18.   17.   0.12620917E-02  -0.12620917E-02  -0.88986527E-10   0.00000000E+00
 18.   18.   0.15806515E-02  -0.35371198E-03   0.87536544E-02   0.00000000E+00
 18.   19.   0.10789969E-02   0.57877267E-03   0.15161774E-01   0.00000000E+00
 18.   20.   0.23786482E-10   0.96800443E-03   0.17507309E-01   0.00000000E+00
 18.   21.  -0.10789969E-02   0.57877270E-03   0.15161774E-01   0.00000000E+00
 18.   22.  -0.15806515E-02  -0.35371193E-03   0.87536547E-02   0.00000000E+00
 18.   23.  -0.12620917E-02  -0.12620917E-02   0.27677590E-09   0.00000000E+00
 18.   24.  -0.35371201E-03  -0.15806515E-02  -0.87536542E-02   0.00000000E+00
 18.   25.   0.57877265E-03  -0.10789970E-02  -0.15161774E-01   0.00000000E+00
 18.   26.   0.96800443E-03   0.00000000E+00  -0.17507309E-01   0.00000000E+00
 18.   27.  -0.19952313E-02   0.00000000E+00   0.33834044E-02   0.00000000E+00
 18.   28.  -0.16976776E-02  -0.34035524E-03   0.29301141E-02   0.00000000E+00
 18.   29.  -0.95977182E-03  -0.33285778E-03   0.16917022E-02   0.00000000E+00
 18.   30.  -0.15645922E-03   0.15645920E-03   0.17669173E-10   0.00000000E+00
 18.   31.   0.33285778E-03   0.95977182E-03  -0.16917022E-02   0.00000000E+00
 18.   32.   0.34035524E-03   0.16976776E-02  -0.29301141E-02   0.00000000E+00
 18.   33.   0.81274816E-11   0.19952313E-02  -0.33834044E-02   0.00000000E+00
 18.   34.  -0.34035524E-03   0.16976776E-02  -0.29301142E-02   0.00000000E+00
 18.   35.  -0.33285779E-03   0.95977185E-03  -0.16917022E-02   0.00000000E+00
 18.   36.   0.15645919E-03   0.15645923E-03  -0.53035173E-10   0.00000000E+00
 18.   37.   0.95977179E-03  -0.33285777E-03   0.16917021E-02   0.00000000E+00
 18.   38.   0.16976775E-02  -0.34035525E-03   0.29301141E-02   0.00000000E+00
 18.   39.   0.19952313E-02   0.00000000E+00   0.33834044E-02   0.00000000E+00
 18.   40.   0.12310094E-02   0.00000000E+00   0.88335446E-02   0.00000000E+00
 18.   41.   0.97482998E-03   0.48092257E-03   0.76500741E-02   0.00000000E+00
 18.   42.   0.34924528E-03   0.62609879E-03   0.44167723E-02   0.00000000E+00
 18.   43.  -0.30013991E-03   0.30013992E-03   0.47302920E-10   0.00000000E+00
 18.   44.  -0.62609879E-03  -0.34924527E-03  -0.44167723E-02   0.00000000E+00
 18.   45.  -0.48092257E-03  -0.97482998E-03  -0.76500740E-02   0.00000000E+00
 18.   46.  -0.10836906E-10  -0.12310094E-02  -0.88335446E-02   0.00000000E+00
 18.   47.   0.48092256E-03  -0.97483000E-03  -0.76500741E-02   0.00000000E+00
 18.   48.   0.62609879E-03  -0.34924530E-03  -0.44167724E-02   0.00000000E+00
 18.   49.   0.30013993E-03   0.30013989E-03  -0.13709998E-09   0.00000000E+00
 18.   50.  -0.34924525E-03   0.62609879E-03   0.44167722E-02   0.00000000E+00
 18.   51.  -0.97482996E-03   0.48092259E-03   0.76500740E-02   0.00000000E+00
 18.   52.  -0.12310094E-02   0.00000000E+00   0.88335446E-02   0.00000000E+00
 18.   53.   0.24522537E-02   0.00000000E+00  -0.14287120E-01   0.00000000E+00
 18.   54.   0.21131278E-02   0.31910064E-03  -0.12373009E-01   0.00000000E+00
 18.   55.   0.12685688E-02   0.25502818E-03  -0.71435601E-02   0.00000000E+00
 18.   56.   0.33755888E-03  -0.33755886E-03  -0.65978454E-10   0.00000000E+00
 18.   57.  -0.25502818E-03  -0.12685688E-02   0.71435601E-02   0.00000000E+00
 18.   58.  -0.31910064E-03  -0.21131278E-02   0.12373009E-01   0.00000000E+00
 18.   59.  -0.78143450E-11  -0.24522537E-02   0.14287120E-01   0.00000000E+00
 18.   60.   0.31910063E-03  -0.21131278E-02   0.12373009E-01   0.00000000E+00
 18.   61.   0.25502819E-03  -0.12685688E-02   0.71435603E-02   0.00000000E+00
 18.   62.  -0.33755885E-03  -0.33755890E-03   0.23274250E-09   0.00000000E+00
 18.   63.  -0.12685687E-02   0.25502817E-03  -0.71435599E-02   0.00000000E+00
 18.   64.  -0.21131278E-02   0.31910065E-03  -0.12373009E-01   0.00000000E+00
 18.   65.  -0.24522537E-02   0.00000000E+00  -0.14287120E-01   0.00000000E+00
 18.   66.  -0.24522537E-02   0.00000000E+00  -0.14287120E-01   0.00000000E+00
 18.   67.  -0.21131278E-02  -0.31910064E-03  -0.12373009E-01   0.00000000E+00
 18.   68.  -0.12685688E-02  -0.25502818E-03  -0.71435601E-02   0.00000000E+00
 18.   69.  -0.33755888E-03   0.33755887E-03  -0.65982947E-10   0.00000000E+00
 18.   70.   0.25502818E-03   0.12685688E-02   0.71435601E-02   0.00000000E+00
 18.   71.   0.31910064E-03   0.21131278E-02   0.12373009E-01   0.00000000E+00
 18.   72.   0.78592974E-11   0.24522537E-02   0.14287120E-01   0.00000000E+00
 18.   73.  -0.31910063E-03   0.21131278E-02   0.12373009E-01   0.00000000E+00
 18.   74.  -0.25502819E-03   0.12685688E-02   0.71435603E-02   0.00000000E+00
 18.   75.   0.33755885E-03   0.33755890E-03   0.23273782E-09   0.00000000E+00
 18.   76.   0.12685687E-02  -0.25502817E-03  -0.71435599E-02   0.00000000E+00
 18.   77.   0.21131278E-02  -0.31910065E-03  -0.12373009E-01   0.00000000E+00
 18.   78.   0.24522537E-02   0.00000000E+00  -0.14287120E-01   0.00000000E+00
 19.    1.  -0.90395363E-04   0.00000000E+00   0.12552683E-03   0.00000000E+00
 19.    2.  -0.47845654E-04   0.88167026E-04   0.32488699E-04   0.00000000E+00
 19.    3.   0.42549702E-04   0.82871087E-04  -0.10870951E-03   0.00000000E+00
 19.    4.   0.95691287E-04  -0.52959419E-05  -0.88760953E-04   0.00000000E+00
 19.    5.   0.53141581E-04  -0.82871096E-04   0.62763390E-04   0.00000000E+00
 19.    6.  -0.47845647E-04  -0.77575160E-04   0.12124961E-03   0.00000000E+00
 19.    7.  -0.10098723E-03  -0.86933667E-11  -0.42523044E-10   0.00000000E+00
 19.    8.  -0.47845647E-04   0.77575144E-04  -0.12124969E-03   0.00000000E+00
 19.    9.   0.53141585E-04   0.82871086E-04  -0.62763487E-04   0.00000000E+00
 19.   10.   0.95691298E-04   0.52959360E-05   0.88760856E-04   0.00000000E+00
 19.   11.   0.42549718E-04  -0.82871092E-04   0.10870942E-03   0.00000000E+00
 19.   12.  -0.47845636E-04  -0.88167032E-04  -0.32488786E-04   0.00000000E+00
 19.   13.  -0.90395347E-04   0.00000000E+00  -0.12552692E-03   0.00000000E+00
 19.   14.  -0.78988318E-03   0.00000000E+00   0.41500477E-02   0.00000000E+00
 19.   15.  -0.46108047E-03   0.93089257E-03   0.10741114E-02   0.00000000E+00
 19.   16.   0.32880270E-03   0.79861480E-03  -0.35940467E-02   0.00000000E+00
 19.   17.   0.92216094E-03  -0.13227776E-03  -0.29345269E-02   0.00000000E+00
 19.   18.   0.59335824E-03  -0.79861480E-03   0.20750238E-02   0.00000000E+00
 19.   19.  -0.46108046E-03  -0.66633704E-03   0.40086382E-02   0.00000000E+00
 19.   20.  -0.10544387E-02  -0.17549491E-10   0.12284237E-09   0.00000000E+00
 19.   21.  -0.46108050E-03   0.66633702E-03  -0.40086381E-02   0.00000000E+00
 19.   22.   0.59335821E-03   0.79861481E-03  -0.20750239E-02   0.00000000E+00
 19.   23.   0.92216095E-03   0.13227779E-03   0.29345267E-02   0.00000000E+00
 19.   24.   0.32880274E-03  -0.79861478E-03   0.35940468E-02   0.00000000E+00
 19.   25.  -0.46108044E-03  -0.93089259E-03  -0.10741111E-02   0.00000000E+00
 19.   26.  -0.78988317E-03   0.00000000E+00  -0.41500476E-02   0.00000000E+00
 19.   27.  -0.66413452E-03   0.00000000E+00   0.14481541E-01   0.00000000E+00
 19.   28.  -0.75732131E-03   0.21622271E-02   0.37480987E-02   0.00000000E+00
 19.   29.  -0.93186785E-04   0.13117190E-02  -0.12541383E-01   0.00000000E+00
 19.   30.   0.15146426E-02  -0.85050808E-03  -0.10239996E-01   0.00000000E+00
 19.   31.   0.16078294E-02  -0.13117190E-02   0.72407705E-02   0.00000000E+00
 19.   32.  -0.75732128E-03  -0.46121089E-03   0.13988095E-01   0.00000000E+00
 19.   33.  -0.23651507E-02  -0.14691752E-11   0.38343188E-09   0.00000000E+00
 19.   34.  -0.75732139E-03   0.46121087E-03  -0.13988095E-01   0.00000000E+00
 19.   35.   0.16078294E-02   0.13117190E-02  -0.72407712E-02   0.00000000E+00
 19.   36.   0.15146427E-02   0.85050815E-03   0.10239996E-01   0.00000000E+00
 19.   37.  -0.93186736E-04  -0.13117189E-02   0.12541383E-01   0.00000000E+00
 19.   38.  -0.75732131E-03  -0.21622271E-02  -0.37480980E-02   0.00000000E+00
 19.   39.  -0.66413453E-03   0.00000000E+00  -0.14481541E-01   0.00000000E+00
 19.   40.   0.17513480E-02   0.00000000E+00   0.91739198E-02   0.00000000E+00
 19.   41.   0.16275971E-03   0.11439205E-02   0.23743852E-02   0.00000000E+00
 19.   42.  -0.15885883E-02  -0.28190809E-03  -0.79448477E-02   0.00000000E+00
 19.   43.  -0.32551945E-03  -0.14258286E-02  -0.64869410E-02   0.00000000E+00
 19.   44.   0.12630689E-02   0.28190807E-03   0.45869598E-02   0.00000000E+00
 19.   45.   0.16275973E-03   0.17077367E-02   0.88613261E-02   0.00000000E+00
 19.   46.  -0.11003092E-02   0.50615831E-10   0.22705523E-09   0.00000000E+00
 19.   47.   0.16275965E-03  -0.17077367E-02  -0.88613260E-02   0.00000000E+00
 19.   48.   0.12630689E-02  -0.28190816E-03  -0.45869603E-02   0.00000000E+00
 19.   49.  -0.32551935E-03   0.14258286E-02   0.64869407E-02   0.00000000E+00
 19.   50.  -0.15885883E-02   0.28190817E-03   0.79448479E-02   0.00000000E+00
 19.   51.   0.16275961E-03  -0.11439205E-02  -0.23743847E-02   0.00000000E+00
 19.   52.   0.17513480E-02   0.00000000E+00  -0.91739199E-02   0.00000000E+00
 19.   53.   0.25970823E-02   0.00000000E+00  -0.16370767E-01   0.00000000E+00
 19.   54.   0.99483147E-03  -0.11156793E-02  -0.42370662E-02   0.00000000E+00
 19.   55.  -0.16022508E-02  -0.17230987E-02   0.14177500E-01   0.00000000E+00
 19.   56.  -0.19896630E-02  -0.60741937E-03   0.11575880E-01   0.00000000E+00
 19.   57.  -0.38741215E-03   0.17230986E-02  -0.81853832E-02   0.00000000E+00
 19.   58.   0.99483146E-03   0.23305180E-02  -0.15812946E-01   0.00000000E+00
 19.   59.   0.13822436E-02   0.57725507E-10  -0.40820151E-09   0.00000000E+00
 19.   60.   0.99483150E-03  -0.23305180E-02   0.15812946E-01   0.00000000E+00
 19.   61.  -0.38741207E-03  -0.17230987E-02   0.81853839E-02   0.00000000E+00
 19.   62.  -0.19896629E-02   0.60741928E-03  -0.11575880E-01   0.00000000E+00
 19.   63.  -0.16022509E-02   0.17230986E-02  -0.14177500E-01   0.00000000E+00
 19.   64.   0.99483136E-03   0.11156793E-02   0.42370654E-02   0.00000000E+00
 19.   65.   0.25970823E-02   0.00000000E+00   0.16370767E-01   0.00000000E+00
 19.   66.  -0.25970823E-02   0.00000000E+00  -0.16370767E-01   0.00000000E+00
 19.   67.  -0.99483147E-03   0.11156793E-02  -0.42370662E-02   0.00000000E+00
 19.   68.   0.16022508E-02   0.17230987E-02   0.14177500E-01   0.00000000E+00
 19.   69.   0.19896630E-02   0.60741937E-03   0.11575880E-01   0.00000000E+00
 19.   70.   0.38741215E-03  -0.17230986E-02  -0.81853832E-02   0.00000000E+00
 19.   71.  -0.99483146E-03  -0.23305180E-02  -0.15812946E-01   0.00000000E+00
 19.   72.  -0.13822436E-02  -0.56547033E-10  -0.40808811E-09   0.00000000E+00
 19.   73.  -0.99483150E-03   0.23305180E-02   0.15812946E-01   0.00000000E+00
 19.   74.   0.38741207E-03   0.17230987E-02   0.81853839E-02   0.00000000E+00
 19.   75.   0.19896629E-02  -0.60741928E-03  -0.11575880E-01   0.00000000E+00
 19.   76.   0.16022509E-02  -0.17230986E-02  -0.14177500E-01   0.00000000E+00
 19.   77.  -0.99483137E-03  -0.11156793E-02   0.42370654E-02   0.00000000E+00
 19.   78.  -0.25970823E-02   0.00000000E+00   0.16370767E-01   0.00000000E+00
 20.    1.  -0.54767936E-02   0.00000000E+00  -0.35063631E-01   0.00000000E+00
 20.    2.  -0.52901764E-02  -0.14174985E-02  -0.35063631E-01   0.00000000E+00
 20.    3.  -0.47430424E-02  -0.27383968E-02  -0.35063631E-01   0.00000000E+00
 20.    4.  -0.38726779E-02  -0.38726779E-02  -0.35063631E-01   0.00000000E+00
 20.    5.  -0.27383968E-02  -0.47430424E-02  -0.35063631E-01   0.00000000E+00
 20.    6.  -0.14174985E-02  -0.52901764E-02  -0.35063631E-01   0.00000000E+00
 20.    7.  -0.28892417E-10  -0.54767936E-02  -0.35063631E-01   0.00000000E+00
 20.    8.   0.14174985E-02  -0.52901764E-02  -0.35063631E-01   0.00000000E+00
 20.    9.   0.27383968E-02  -0.47430424E-02  -0.35063631E-01   0.00000000E+00
 20.   10.   0.38726779E-02  -0.38726779E-02  -0.35063631E-01   0.00000000E+00
 20.   11.   0.47430424E-02  -0.27383969E-02  -0.35063631E-01   0.00000000E+00
 20.   12.   0.52901764E-02  -0.14174985E-02  -0.35063631E-01   0.00000000E+00
 20.   13.   0.54767936E-02   0.00000000E+00  -0.35063631E-01   0.00000000E+00
 20.   14.  -0.21027383E-02   0.00000000E+00   0.11297726E-01   0.00000000E+00
 20.   15.  -0.20310892E-02  -0.54422871E-03   0.11297726E-01   0.00000000E+00
 20.   16.  -0.18210248E-02  -0.10513691E-02   0.11297726E-01   0.00000000E+00
 20.   17.  -0.14868605E-02  -0.14868605E-02   0.11297726E-01   0.00000000E+00
 20.   18.  -0.10513691E-02  -0.18210247E-02   0.11297726E-01   0.00000000E+00
 20.   19.  -0.54422871E-03  -0.20310892E-02   0.11297726E-01   0.00000000E+00
 20.   20.  -0.87177020E-11  -0.21027383E-02   0.11297726E-01   0.00000000E+00
 20.   21.   0.54422869E-03  -0.20310892E-02   0.11297726E-01   0.00000000E+00
 20.   22.   0.10513691E-02  -0.18210248E-02   0.11297726E-01   0.00000000E+00
 20.   23.   0.14868605E-02  -0.14868605E-02   0.11297726E-01   0.00000000E+00
 20.   24.   0.18210247E-02  -0.10513691E-02   0.11297726E-01   0.00000000E+00
 20.   25.   0.20310892E-02  -0.54422873E-03   0.11297726E-01   0.00000000E+00
 20.   26.   0.21027383E-02   0.00000000E+00   0.11297726E-01   0.00000000E+00
 20.   27.   0.24694970E-02   0.00000000E+00   0.35305887E-02   0.00000000E+00
 20.   28.   0.23853509E-02   0.63915284E-03   0.35305888E-02   0.00000000E+00
 20.   29.   0.21386471E-02   0.12347485E-02   0.35305888E-02   0.00000000E+00
 20.   30.   0.17461981E-02   0.17461981E-02   0.35305888E-02   0.00000000E+00
 20.   31.   0.12347485E-02   0.21386471E-02   0.35305887E-02   0.00000000E+00
 20.   32.   0.63915286E-03   0.23853509E-02   0.35305887E-02   0.00000000E+00
 20.   33.   0.18500388E-10   0.24694970E-02   0.35305888E-02   0.00000000E+00
 20.   34.  -0.63915283E-03   0.23853509E-02   0.35305888E-02   0.00000000E+00
 20.   35.  -0.12347485E-02   0.21386471E-02   0.35305888E-02   0.00000000E+00
 20.   36.  -0.17461980E-02   0.17461981E-02   0.35305887E-02   0.00000000E+00
 20.   37.  -0.21386471E-02   0.12347485E-02   0.35305887E-02   0.00000000E+00
 20.   38.  -0.23853509E-02   0.63915288E-03   0.35305888E-02   0.00000000E+00
 20.   39.  -0.24694970E-02   0.00000000E+00   0.35305888E-02   0.00000000E+00
 20.   40.  -0.84953993E-03   0.00000000E+00  -0.10157048E-01   0.00000000E+00
 20.   41.  -0.82059255E-03  -0.21987711E-03  -0.10157048E-01   0.00000000E+00
 20.   42.  -0.73572315E-03  -0.42476996E-03  -0.10157048E-01   0.00000000E+00
 20.   43.  -0.60071544E-03  -0.60071544E-03  -0.10157048E-01   0.00000000E+00
 20.   44.  -0.42476997E-03  -0.73572316E-03  -0.10157048E-01   0.00000000E+00
 20.   45.  -0.21987711E-03  -0.82059256E-03  -0.10157048E-01   0.00000000E+00
 20.   46.  -0.28158668E-11  -0.84953993E-03  -0.10157048E-01   0.00000000E+00
 20.   47.   0.21987711E-03  -0.82059255E-03  -0.10157048E-01   0.00000000E+00
 20.   48.   0.42476995E-03  -0.73572316E-03  -0.10157048E-01   0.00000000E+00
 20.   49.   0.60071544E-03  -0.60071545E-03  -0.10157048E-01   0.00000000E+00
 20.   50.   0.73572316E-03  -0.42476997E-03  -0.10157048E-01   0.00000000E+00
 20.   51.   0.82059255E-03  -0.21987712E-03  -0.10157048E-01   0.00000000E+00
 20.   52.   0.84953992E-03   0.00000000E+00  -0.10157048E-01   0.00000000E+00
 20.   53.  -0.28223276E-02   0.00000000E+00   0.14618653E-01   0.00000000E+00
 20.   54.  -0.27261591E-02  -0.73047212E-03   0.14618653E-01   0.00000000E+00
 20.   55.  -0.24442074E-02  -0.14111638E-02   0.14618653E-01   0.00000000E+00
 20.   56.  -0.19956870E-02  -0.19956869E-02   0.14618653E-01   0.00000000E+00
 20.   57.  -0.14111638E-02  -0.24442074E-02   0.14618653E-01   0.00000000E+00
 20.   58.  -0.73047213E-03  -0.27261591E-02   0.14618653E-01   0.00000000E+00
 20.   59.  -0.20473858E-10  -0.28223276E-02   0.14618653E-01   0.00000000E+00
 20.   60.   0.73047210E-03  -0.27261591E-02   0.14618653E-01   0.00000000E+00
 20.   61.   0.14111638E-02  -0.24442074E-02   0.14618653E-01   0.00000000E+00
 20.   62.   0.19956869E-02  -0.19956870E-02   0.14618653E-01   0.00000000E+00
 20.   63.   0.24442073E-02  -0.14111638E-02   0.14618653E-01   0.00000000E+00
 20.   64.   0.27261591E-02  -0.73047216E-03   0.14618653E-01   0.00000000E+00
 20.   65.   0.28223275E-02   0.00000000E+00   0.14618653E-01   0.00000000E+00
 20.   66.   0.28223276E-02   0.00000000E+00   0.14618653E-01   0.00000000E+00
 20.   67.   0.27261591E-02   0.73047212E-03   0.14618653E-01   0.00000000E+00
 20.   68.   0.24442074E-02   0.14111638E-02   0.14618653E-01   0.00000000E+00
 20.   69.   0.19956870E-02   0.19956869E-02   0.14618653E-01   0.00000000E+00
 20.   70.   0.14111638E-02   0.24442074E-02   0.14618653E-01   0.00000000E+00
 20.   71.   0.73047213E-03   0.27261591E-02   0.14618653E-01   0.00000000E+00
 20.   72.   0.19509581E-10   0.28223276E-02   0.14618653E-01   0.00000000E+00
 20.   73.  -0.73047210E-03   0.27261591E-02   0.14618653E-01   0.00000000E+00
 20.   74.  -0.14111638E-02   0.24442074E-02   0.14618653E-01   0.00000000E+00
 20.   75.  -0.19956869E-02   0.19956870E-02   0.14618653E-01   0.00000000E+00
 20.   76.  -0.24442073E-02   0.14111638E-02   0.14618653E-01   0.00000000E+00
 20.   77.  -0.27261591E-02   0.73047216E-03   0.14618653E-01   0.00000000E+00
 20.   78.  -0.28223275E-02   0.00000000E+00   0.14618653E-01   0.00000000E+00
 21.    1.   0.67076547E-07   0.00000000E+00  -0.21719474E-07   0.00000000E+00
 21.    2.  -0.34421549E-07  -0.54803115E-07   0.15339180E-07   0.00000000E+00
 21.    3.  -0.31132954E-07   0.53921279E-07  -0.12052512E-10   0.00000000E+00
 21.    4.   0.64669276E-07   0.24067163E-08  -0.15363105E-07   0.00000000E+00
 21.    5.  -0.33540188E-07  -0.58092483E-07   0.21695754E-07   0.00000000E+00
 21.    6.  -0.30251395E-07   0.57208642E-07  -0.15363816E-07   0.00000000E+00
 21.    7.   0.62262996E-07  -0.13330848E-11  -0.13971788E-10   0.00000000E+00
 21.    8.  -0.30249716E-07  -0.57211553E-07   0.15335541E-07   0.00000000E+00
 21.    9.  -0.33537508E-07   0.58090191E-07  -0.21723698E-07   0.00000000E+00
 21.   10.   0.64672734E-07  -0.24082349E-08   0.15335759E-07   0.00000000E+00
 21.   11.  -0.31129464E-07  -0.53922201E-07  -0.14128177E-10   0.00000000E+00
 21.   12.  -0.34418158E-07   0.54802143E-07  -0.15363588E-07   0.00000000E+00
 21.   13.   0.67079886E-07   0.00000000E+00   0.21696248E-07   0.00000000E+00
 21.   14.   0.16572420E-04   0.00000000E+00  -0.39517135E-04   0.00000000E+00
 21.   15.  -0.80139121E-05  -0.15368372E-04   0.27942840E-04   0.00000000E+00
 21.   16.  -0.90301467E-05   0.15640671E-04   0.45086522E-11   0.00000000E+00
 21.   17.   0.17316355E-04  -0.74393455E-06  -0.27942834E-04   0.00000000E+00
 21.   18.  -0.82862107E-05  -0.14352138E-04   0.39517142E-04   0.00000000E+00
 21.   19.  -0.93024458E-05   0.14624437E-04  -0.27942831E-04   0.00000000E+00
 21.   20.   0.18060292E-04   0.10285880E-11   0.34082606E-11   0.00000000E+00
 21.   21.  -0.93024437E-05  -0.14624438E-04   0.27942843E-04   0.00000000E+00
 21.   22.  -0.82862112E-05   0.14352137E-04  -0.39517135E-04   0.00000000E+00
 21.   23.   0.17316357E-04   0.74393615E-06   0.27942837E-04   0.00000000E+00
 21.   24.  -0.90301436E-05  -0.15640672E-04   0.72719837E-11   0.00000000E+00
 21.   25.  -0.80139120E-05   0.15368371E-04  -0.27942834E-04   0.00000000E+00
 21.   26.   0.16572421E-04   0.00000000E+00   0.39517145E-04   0.00000000E+00
 21.   27.   0.28927878E-03   0.00000000E+00  -0.12389829E-02   0.00000000E+00
 21.   28.  -0.13093852E-03  -0.30165512E-03   0.87609324E-03   0.00000000E+00
 21.   29.  -0.18207087E-03   0.31535599E-03   0.64856077E-11   0.00000000E+00
 21.   30.   0.32671025E-03  -0.37431471E-04  -0.87609326E-03   0.00000000E+00
 21.   31.  -0.14463938E-03  -0.25052277E-03   0.12389829E-02   0.00000000E+00
 21.   32.  -0.19577175E-03   0.26422364E-03  -0.87609322E-03   0.00000000E+00
 21.   33.   0.36414173E-03   0.13948909E-10  -0.58015498E-10   0.00000000E+00
 21.   34.  -0.19577172E-03  -0.26422365E-03   0.87609331E-03   0.00000000E+00
 21.   35.  -0.14463941E-03   0.25052276E-03  -0.12389829E-02   0.00000000E+00
 21.   36.   0.32671026E-03   0.37431500E-04   0.87609318E-03   0.00000000E+00
 21.   37.  -0.18207085E-03  -0.31535600E-03   0.11139027E-09   0.00000000E+00
 21.   38.  -0.13093854E-03   0.30165510E-03  -0.87609332E-03   0.00000000E+00
 21.   39.   0.28927877E-03   0.00000000E+00   0.12389830E-02   0.00000000E+00
 21.   40.   0.11518224E-02   0.00000000E+00  -0.87258881E-02   0.00000000E+00
 21.   41.  -0.44034838E-03  -0.15034348E-02   0.61701346E-02   0.00000000E+00
 21.   42.  -0.94627570E-03   0.16389976E-02   0.26724433E-10   0.00000000E+00
 21.   43.   0.15221869E-02  -0.37036447E-03  -0.61701348E-02   0.00000000E+00
 21.   44.  -0.57591116E-03  -0.99750748E-03   0.87258881E-02   0.00000000E+00
 21.   45.  -0.10818385E-02   0.11330703E-02  -0.61701345E-02   0.00000000E+00
 21.   46.   0.18925514E-02   0.45582943E-10  -0.41563898E-09   0.00000000E+00
 21.   47.  -0.10818384E-02  -0.11330703E-02   0.61701350E-02   0.00000000E+00
 21.   48.  -0.57591131E-03   0.99750740E-03  -0.87258881E-02   0.00000000E+00
 21.   49.   0.15221869E-02   0.37036460E-03   0.61701342E-02   0.00000000E+00
 21.   50.  -0.94627562E-03  -0.16389976E-02   0.78880096E-09   0.00000000E+00
 21.   51.  -0.44034847E-03   0.15034347E-02  -0.61701352E-02   0.00000000E+00
 21.   52.   0.11518224E-02   0.00000000E+00   0.87258881E-02   0.00000000E+00
 21.   53.   0.23857718E-02   0.00000000E+00  -0.26668818E-01   0.00000000E+00
 21.   54.  -0.83996195E-03  -0.33832691E-02   0.18857702E-01   0.00000000E+00
 21.   55.  -0.21570920E-02   0.37361930E-02   0.90204431E-10   0.00000000E+00
 21.   56.   0.33499779E-02  -0.96420607E-03  -0.18857702E-01   0.00000000E+00
 21.   57.  -0.11928858E-02  -0.20661390E-02   0.26668818E-01   0.00000000E+00
 21.   58.  -0.25100160E-02   0.24190629E-02  -0.18857702E-01   0.00000000E+00
 21.   59.   0.43141841E-02   0.88461571E-10  -0.12484697E-08   0.00000000E+00
 21.   60.  -0.25100158E-02  -0.24190630E-02   0.18857703E-01   0.00000000E+00
 21.   61.  -0.11928861E-02   0.20661388E-02  -0.26668818E-01   0.00000000E+00
 21.   62.   0.33499780E-02   0.96420635E-03   0.18857701E-01   0.00000000E+00
 21.   63.  -0.21570919E-02  -0.37361931E-02   0.24229920E-08   0.00000000E+00
 21.   64.  -0.83996214E-03   0.33832688E-02  -0.18857704E-01   0.00000000E+00
 21.   65.   0.23857718E-02   0.00000000E+00   0.26668818E-01   0.00000000E+00
 21.   66.  -0.23857718E-02   0.00000000E+00  -0.26668818E-01   0.00000000E+00
 21.   67.   0.83996195E-03   0.33832691E-02   0.18857702E-01   0.00000000E+00
 21.   68.   0.21570920E-02  -0.37361930E-02   0.90023746E-10   0.00000000E+00
 21.   69.  -0.33499779E-02   0.96420607E-03  -0.18857702E-01   0.00000000E+00
 21.   70.   0.11928858E-02   0.20661390E-02   0.26668818E-01   0.00000000E+00
 21.   71.   0.25100160E-02  -0.24190629E-02  -0.18857702E-01   0.00000000E+00
 21.   72.  -0.43141841E-02  -0.87015773E-10  -0.12486769E-08   0.00000000E+00
 21.   73.   0.25100158E-02   0.24190630E-02   0.18857703E-01   0.00000000E+00
 21.   74.   0.11928861E-02  -0.20661388E-02  -0.26668818E-01   0.00000000E+00
 21.   75.  -0.33499780E-02  -0.96420635E-03   0.18857701E-01   0.00000000E+00
 21.   76.   0.21570919E-02   0.37361931E-02   0.24228165E-08   0.00000000E+00
 21.   77.   0.83996214E-03  -0.33832688E-02  -0.18857704E-01   0.00000000E+00
 21.   78.  -0.23857718E-02   0.00000000E+00   0.26668818E-01   0.00000000E+00
 22.    1.  -0.81913138E-03   0.00000000E+00   0.42998907E-02   0.00000000E+00
 22.    2.  -0.84211083E-03   0.90489185E-03   0.30404819E-02   0.00000000E+00
 22.    3.  -0.77216961E-03   0.13374370E-02  -0.23761690E-11   0.00000000E+00
 22.    4.  -0.36260392E-03   0.11817353E-02  -0.30404819E-02   0.00000000E+00
 22.    5.   0.40956568E-03   0.70938859E-03  -0.42998907E-02   0.00000000E+00
 22.    6.   0.12047147E-02   0.27684345E-03  -0.30404819E-02   0.00000000E+00
 22.    7.   0.15443392E-02   0.64672402E-11  -0.58546005E-10   0.00000000E+00
 22.    8.   0.12047148E-02  -0.27684343E-03   0.30404818E-02   0.00000000E+00
 22.    9.   0.40956571E-03  -0.70938857E-03   0.42998908E-02   0.00000000E+00
 22.   10.  -0.36260390E-03  -0.11817353E-02   0.30404820E-02   0.00000000E+00
 22.   11.  -0.77216960E-03  -0.13374370E-02   0.12769136E-09   0.00000000E+00
 22.   12.  -0.84211083E-03  -0.90489188E-03  -0.30404818E-02   0.00000000E+00
 22.   13.  -0.81913137E-03   0.00000000E+00  -0.42998908E-02   0.00000000E+00
 22.   14.  -0.20264227E-03   0.00000000E+00   0.13757014E-01   0.00000000E+00
 22.   15.  -0.52110461E-03   0.13911599E-02   0.97276782E-02   0.00000000E+00
 22.   16.  -0.10455486E-02   0.18109434E-02   0.14536835E-10   0.00000000E+00
 22.   17.  -0.94422751E-03   0.11468698E-02  -0.97276781E-02   0.00000000E+00
 22.   18.   0.10132112E-03   0.17549336E-03  -0.13757014E-01   0.00000000E+00
 22.   19.   0.14653321E-02  -0.24429012E-03  -0.97276782E-02   0.00000000E+00
 22.   20.   0.20910973E-02  -0.73230945E-11  -0.22260381E-09   0.00000000E+00
 22.   21.   0.14653321E-02   0.24429012E-03   0.97276779E-02   0.00000000E+00
 22.   22.   0.10132118E-03  -0.17549333E-03   0.13757014E-01   0.00000000E+00
 22.   23.  -0.94422748E-03  -0.11468697E-02   0.97276784E-02   0.00000000E+00
 22.   24.  -0.10455486E-02  -0.18109433E-02   0.41554405E-09   0.00000000E+00
 22.   25.  -0.52110463E-03  -0.13911599E-02  -0.97276778E-02   0.00000000E+00
 22.   26.  -0.20264227E-03   0.00000000E+00  -0.13757014E-01   0.00000000E+00
 22.   27.   0.18903665E-02   0.00000000E+00   0.17721207E-02   0.00000000E+00
 22.   28.   0.12593884E-02   0.46447594E-03   0.12530786E-02   0.00000000E+00
 22.   29.  -0.86758904E-04   0.15027083E-03   0.45696495E-11   0.00000000E+00
 22.   30.  -0.10319421E-02  -0.85842433E-03  -0.12530786E-02   0.00000000E+00
 22.   31.  -0.94518325E-03  -0.16371054E-02  -0.17721207E-02   0.00000000E+00
 22.   32.  -0.22744622E-03  -0.13229003E-02  -0.12530786E-02   0.00000000E+00
 22.   33.   0.17351781E-03  -0.31222602E-10  -0.28730772E-10   0.00000000E+00
 22.   34.  -0.22744619E-03   0.13229003E-02   0.12530786E-02   0.00000000E+00
 22.   35.  -0.94518323E-03   0.16371054E-02   0.17721207E-02   0.00000000E+00
 22.   36.  -0.10319422E-02   0.85842437E-03   0.12530786E-02   0.00000000E+00
 22.   37.  -0.86758959E-04  -0.15027080E-03   0.51945451E-10   0.00000000E+00
 22.   38.   0.12593883E-02  -0.46447595E-03  -0.12530785E-02   0.00000000E+00
 22.   39.   0.18903665E-02   0.00000000E+00  -0.17721207E-02   0.00000000E+00
 22.   40.  -0.70010523E-03   0.00000000E+00  -0.79843773E-02   0.00000000E+00
 22.   41.  -0.37336726E-03  -0.51929748E-03  -0.56458073E-02   0.00000000E+00
 22.   42.   0.28635583E-03  -0.49598285E-03  -0.14350756E-10   0.00000000E+00
 22.   43.   0.63640844E-03   0.63696780E-04   0.56458073E-02   0.00000000E+00
 22.   44.   0.35005262E-03   0.60630891E-03   0.79843773E-02   0.00000000E+00
 22.   45.  -0.26304118E-03   0.58299428E-03   0.56458073E-02   0.00000000E+00
 22.   46.  -0.57271166E-03   0.11610035E-10   0.12327051E-09   0.00000000E+00
 22.   47.  -0.26304120E-03  -0.58299427E-03  -0.56458072E-02   0.00000000E+00
 22.   48.   0.35005260E-03  -0.60630892E-03  -0.79843773E-02   0.00000000E+00
 22.   49.   0.63640844E-03  -0.63696808E-04  -0.56458074E-02   0.00000000E+00
 22.   50.   0.28635585E-03   0.49598283E-03  -0.24435706E-09   0.00000000E+00
 22.   51.  -0.37336724E-03   0.51929750E-03   0.56458071E-02   0.00000000E+00
 22.   52.  -0.70010523E-03   0.00000000E+00   0.79843773E-02   0.00000000E+00
 22.   53.  -0.21714648E-02   0.00000000E+00   0.11182842E-01   0.00000000E+00
 22.   54.  -0.15831702E-02  -0.24080523E-04   0.79074633E-02   0.00000000E+00
 22.   55.  -0.27329295E-03   0.47335727E-03   0.22845375E-10   0.00000000E+00
 22.   56.   0.81243943E-03   0.13590253E-02  -0.79074632E-02   0.00000000E+00
 22.   57.   0.10857324E-02   0.18805437E-02  -0.11182842E-01   0.00000000E+00
 22.   58.   0.77073075E-03   0.13831059E-02  -0.79074633E-02   0.00000000E+00
 22.   59.   0.54658590E-03   0.33656712E-10  -0.18159635E-09   0.00000000E+00
 22.   60.   0.77073074E-03  -0.13831058E-02   0.79074631E-02   0.00000000E+00
 22.   61.   0.10857324E-02  -0.18805437E-02   0.11182842E-01   0.00000000E+00
 22.   62.   0.81243947E-03  -0.13590254E-02   0.79074635E-02   0.00000000E+00
 22.   63.  -0.27329290E-03  -0.47335730E-03   0.35041021E-09   0.00000000E+00
 22.   64.  -0.15831702E-02   0.24080517E-04  -0.79074630E-02   0.00000000E+00
 22.   65.  -0.21714648E-02   0.00000000E+00  -0.11182842E-01   0.00000000E+00
 22.   66.   0.21714648E-02   0.00000000E+00   0.11182842E-01   0.00000000E+00
 22.   67.   0.15831702E-02   0.24080525E-04   0.79074633E-02   0.00000000E+00
 22.   68.   0.27329295E-03  -0.47335727E-03   0.24429933E-10   0.00000000E+00
 22.   69.  -0.81243944E-03  -0.13590253E-02  -0.79074632E-02   0.00000000E+00
 22.   70.  -0.10857324E-02  -0.18805437E-02  -0.11182842E-01   0.00000000E+00
 22.   71.  -0.77073076E-03  -0.13831059E-02  -0.79074633E-02   0.00000000E+00
 22.   72.  -0.54658589E-03  -0.36270370E-10  -0.18051920E-09   0.00000000E+00
 22.   73.  -0.77073074E-03   0.13831058E-02   0.79074631E-02   0.00000000E+00
 22.   74.  -0.10857324E-02   0.18805437E-02   0.11182842E-01   0.00000000E+00
 22.   75.  -0.81243947E-03   0.13590254E-02   0.79074635E-02   0.00000000E+00
 22.   76.   0.27329289E-03   0.47335730E-03   0.35122561E-09   0.00000000E+00
 22.   77.   0.15831701E-02  -0.24080517E-04  -0.79074630E-02   0.00000000E+00
 22.   78.   0.21714648E-02   0.00000000E+00  -0.11182842E-01   0.00000000E+00
 23.    1.  -0.29691036E-02   0.00000000E+00  -0.25313405E-01   0.00000000E+00
 23.    2.  -0.26126153E-02  -0.13304327E-02  -0.24450871E-01   0.00000000E+00
 23.    3.  -0.16386709E-02  -0.23043770E-02  -0.21922051E-01   0.00000000E+00
 23.    4.  -0.30823828E-03  -0.26608653E-02  -0.17899280E-01   0.00000000E+00
 23.    5.   0.10221944E-02  -0.23043770E-02  -0.12656702E-01   0.00000000E+00
 23.    6.   0.19961387E-02  -0.13304327E-02  -0.65515912E-02   0.00000000E+00
 23.    7.   0.23526271E-02  -0.23329183E-10  -0.11612288E-09   0.00000000E+00
 23.    8.   0.19961387E-02   0.13304326E-02   0.65515910E-02   0.00000000E+00
 23.    9.   0.10221944E-02   0.23043770E-02   0.12656702E-01   0.00000000E+00
 23.   10.  -0.30823823E-03   0.26608653E-02   0.17899280E-01   0.00000000E+00
 23.   11.  -0.16386709E-02   0.23043770E-02   0.21922051E-01   0.00000000E+00
 23.   12.  -0.26126152E-02   0.13304327E-02   0.24450871E-01   0.00000000E+00
 23.   13.  -0.29691036E-02   0.00000000E+00   0.25313405E-01   0.00000000E+00
 23.   14.  -0.20356960E-02   0.00000000E+00   0.44713616E-02   0.00000000E+00
 23.   15.  -0.19144182E-02  -0.45261508E-03   0.43190037E-02   0.00000000E+00
 23.   16.  -0.15830809E-02  -0.78395231E-03   0.38723127E-02   0.00000000E+00
 23.   17.  -0.11304659E-02  -0.90523016E-03   0.31617301E-02   0.00000000E+00
 23.   18.  -0.67785079E-03  -0.78395231E-03   0.22356808E-02   0.00000000E+00
 23.   19.  -0.34651356E-03  -0.45261508E-03   0.11572735E-02   0.00000000E+00
 23.   20.  -0.22523571E-03  -0.76701941E-11   0.12325498E-10   0.00000000E+00
 23.   21.  -0.34651354E-03   0.45261507E-03  -0.11572735E-02   0.00000000E+00
 23.   22.  -0.67785077E-03   0.78395230E-03  -0.22356808E-02   0.00000000E+00
 23.   23.  -0.11304658E-02   0.90523016E-03  -0.31617301E-02   0.00000000E+00
 23.   24.  -0.15830809E-02   0.78395232E-03  -0.38723127E-02   0.00000000E+00
 23.   25.  -0.19144182E-02   0.45261509E-03  -0.43190036E-02   0.00000000E+00
 23.   26.  -0.20356960E-02   0.00000000E+00  -0.44713616E-02   0.00000000E+00
 23.   27.   0.16338436E-02   0.00000000E+00   0.45877791E-02   0.00000000E+00
 23.   28.   0.15143848E-02   0.44582645E-03   0.44314544E-02   0.00000000E+00
 23.   29.   0.11880172E-02   0.77219408E-03   0.39731333E-02   0.00000000E+00
 23.   30.   0.74219070E-03   0.89165291E-03   0.32440497E-02   0.00000000E+00
 23.   31.   0.29636425E-03   0.77219408E-03   0.22938896E-02   0.00000000E+00
 23.   32.  -0.30003364E-04   0.44582646E-03   0.11874046E-02   0.00000000E+00
 23.   33.  -0.14946221E-03   0.96338828E-11   0.22567786E-10   0.00000000E+00
 23.   34.  -0.30003379E-04  -0.44582645E-03  -0.11874046E-02   0.00000000E+00
 23.   35.   0.29636424E-03  -0.77219407E-03  -0.22938895E-02   0.00000000E+00
 23.   36.   0.74219069E-03  -0.89165291E-03  -0.32440497E-02   0.00000000E+00
 23.   37.   0.11880171E-02  -0.77219408E-03  -0.39731333E-02   0.00000000E+00
 23.   38.   0.15143848E-02  -0.44582648E-03  -0.44314543E-02   0.00000000E+00
 23.   39.   0.16338436E-02   0.00000000E+00  -0.45877791E-02   0.00000000E+00
 23.   40.  -0.38478580E-03   0.00000000E+00  -0.71417820E-02   0.00000000E+00
 23.   41.  -0.34758255E-03  -0.13884444E-03  -0.68984317E-02   0.00000000E+00
 23.   42.  -0.24594137E-03  -0.24048563E-03  -0.61849647E-02   0.00000000E+00
 23.   43.  -0.10709693E-03  -0.27768888E-03  -0.50500025E-02   0.00000000E+00
 23.   44.   0.31747510E-04  -0.24048563E-03  -0.35708910E-02   0.00000000E+00
 23.   45.   0.13338869E-03  -0.13884444E-03  -0.18484292E-02   0.00000000E+00
 23.   46.   0.17059195E-03  -0.55172457E-11  -0.39315370E-10   0.00000000E+00
 23.   47.   0.13338869E-03   0.13884443E-03   0.18484291E-02   0.00000000E+00
 23.   48.   0.31747514E-04   0.24048563E-03   0.35708910E-02   0.00000000E+00
 23.   49.  -0.10709693E-03   0.27768888E-03   0.50500025E-02   0.00000000E+00
 23.   50.  -0.24594137E-03   0.24048563E-03   0.61849646E-02   0.00000000E+00
 23.   51.  -0.34758255E-03   0.13884444E-03   0.68984317E-02   0.00000000E+00
 23.   52.  -0.38478580E-03   0.00000000E+00   0.71417820E-02   0.00000000E+00
 23.   53.  -0.20262351E-02   0.00000000E+00   0.98506467E-02   0.00000000E+00
 23.   54.  -0.19011310E-02  -0.46689482E-03   0.95149940E-02   0.00000000E+00
 23.   55.  -0.15593402E-02  -0.80868557E-03   0.85309103E-02   0.00000000E+00
 23.   56.  -0.10924454E-02  -0.93378966E-03   0.69654591E-02   0.00000000E+00
 23.   57.  -0.62555059E-03  -0.80868556E-03   0.49253233E-02   0.00000000E+00
 23.   58.  -0.28375984E-03  -0.46689483E-03   0.25495350E-02   0.00000000E+00
 23.   59.  -0.15865575E-03  -0.33197175E-11   0.38827881E-10   0.00000000E+00
 23.   60.  -0.28375983E-03   0.46689481E-03  -0.25495349E-02   0.00000000E+00
 23.   61.  -0.62555056E-03   0.80868555E-03  -0.49253232E-02   0.00000000E+00
 23.   62.  -0.10924454E-02   0.93378965E-03  -0.69654590E-02   0.00000000E+00
 23.   63.  -0.15593402E-02   0.80868557E-03  -0.85309102E-02   0.00000000E+00
 23.   64.  -0.19011310E-02   0.46689484E-03  -0.95149940E-02   0.00000000E+00
 23.   65.  -0.20262350E-02   0.00000000E+00  -0.98506466E-02   0.00000000E+00
 23.   66.   0.20262351E-02   0.00000000E+00   0.98506467E-02   0.00000000E+00
 23.   67.   0.19011310E-02   0.46689483E-03   0.95149940E-02   0.00000000E+00
 23.   68.   0.15593402E-02   0.80868556E-03   0.85309103E-02   0.00000000E+00
 23.   69.   0.10924454E-02   0.93378965E-03   0.69654591E-02   0.00000000E+00
 23.   70.   0.62555058E-03   0.80868556E-03   0.49253233E-02   0.00000000E+00
 23.   71.   0.28375984E-03   0.46689483E-03   0.25495350E-02   0.00000000E+00
 23.   72.   0.15865576E-03   0.17722198E-11   0.40511166E-10   0.00000000E+00
 23.   73.   0.28375984E-03  -0.46689481E-03  -0.25495349E-02   0.00000000E+00
 23.   74.   0.62555057E-03  -0.80868555E-03  -0.49253232E-02   0.00000000E+00
 23.   75.   0.10924454E-02  -0.93378964E-03  -0.69654590E-02   0.00000000E+00
 23.   76.   0.15593402E-02  -0.80868557E-03  -0.85309102E-02   0.00000000E+00
 23.   77.   0.19011309E-02  -0.46689484E-03  -0.95149940E-02   0.00000000E+00
 23.   78.   0.20262351E-02   0.00000000E+00  -0.98506466E-02   0.00000000E+00
 24.    1.   0.17815501E+00   0.00000000E+00   0.65798707E-02   0.00000000E+00
 24.    2.   0.17173675E+00  -0.44811975E-01   0.56983351E-02   0.00000000E+00
 24.    3.   0.15312307E+00  -0.87061923E-01   0.32899353E-02   0.00000000E+00
 24.    4.   0.12407431E+00  -0.12407431E+00  -0.86500605E-11   0.00000000E+00
 24.    5.   0.87061924E-01  -0.15312307E+00  -0.32899354E-02   0.00000000E+00
 24.    6.   0.44811975E-01  -0.17173675E+00  -0.56983352E-02   0.00000000E+00
 24.    7.   0.91419275E-09  -0.17815501E+00  -0.65798708E-02   0.00000000E+00
 24.    8.  -0.44811973E-01  -0.17173675E+00  -0.56983352E-02   0.00000000E+00
 24.    9.  -0.87061922E-01  -0.15312307E+00  -0.32899354E-02   0.00000000E+00
 24.   10.  -0.12407431E+00  -0.12407431E+00  -0.66100729E-11   0.00000000E+00
 24.   11.  -0.15312307E+00  -0.87061925E-01   0.32899354E-02   0.00000000E+00
 24.   12.  -0.17173675E+00  -0.44811976E-01   0.56983353E-02   0.00000000E+00
 24.   13.  -0.17815501E+00   0.00000000E+00   0.65798709E-02   0.00000000E+00
 24.   14.   0.19535854E+00   0.00000000E+00   0.11768951E-02   0.00000000E+00
 24.   15.   0.18161076E+00  -0.24098183E-01   0.10192211E-02   0.00000000E+00
 24.   16.   0.14545819E+00  -0.56582437E-01   0.58844758E-03   0.00000000E+00
 24.   17.   0.99392883E-01  -0.99392882E-01   0.45235692E-10   0.00000000E+00
 24.   18.   0.56582438E-01  -0.14545819E+00  -0.58844751E-03   0.00000000E+00
 24.   19.   0.24098183E-01  -0.18161076E+00  -0.10192211E-02   0.00000000E+00
 24.   20.   0.44086326E-09  -0.19535854E+00  -0.11768952E-02   0.00000000E+00
 24.   21.  -0.24098182E-01  -0.18161076E+00  -0.10192211E-02   0.00000000E+00
 24.   22.  -0.56582436E-01  -0.14545819E+00  -0.58844760E-03   0.00000000E+00
 24.   23.  -0.99392881E-01  -0.99392884E-01  -0.40359098E-10   0.00000000E+00
 24.   24.  -0.14545819E+00  -0.56582439E-01   0.58844752E-03   0.00000000E+00
 24.   25.  -0.18161076E+00  -0.24098184E-01   0.10192211E-02   0.00000000E+00
 24.   26.  -0.19535854E+00   0.00000000E+00   0.11768951E-02   0.00000000E+00
 24.   27.   0.21759646E+00   0.00000000E+00   0.19060029E-03   0.00000000E+00
 24.   28.   0.20068186E+00  -0.20862929E-01   0.16506467E-03   0.00000000E+00
 24.   29.   0.15665582E+00  -0.53739376E-01   0.95300081E-04   0.00000000E+00
 24.   30.   0.10195395E+00  -0.10195395E+00   0.43929916E-11   0.00000000E+00
 24.   31.   0.53739377E-01  -0.15665582E+00  -0.95300053E-04   0.00000000E+00
 24.   32.   0.20862929E-01  -0.20068185E+00  -0.16506463E-03   0.00000000E+00
 24.   33.   0.36405717E-09  -0.21759646E+00  -0.19060029E-03   0.00000000E+00
 24.   34.  -0.20862928E-01  -0.20068186E+00  -0.16506467E-03   0.00000000E+00
 24.   35.  -0.53739375E-01  -0.15665582E+00  -0.95300110E-04   0.00000000E+00
 24.   36.  -0.10195395E+00  -0.10195395E+00  -0.74373878E-11   0.00000000E+00
 24.   37.  -0.15665582E+00  -0.53739378E-01   0.95300081E-04   0.00000000E+00
 24.   38.  -0.20068185E+00  -0.20862930E-01   0.16506463E-03   0.00000000E+00
 24.   39.  -0.21759646E+00   0.00000000E+00   0.19060022E-03   0.00000000E+00
 24.   40.   0.23267727E+00   0.00000000E+00  -0.37008921E-03   0.00000000E+00
 24.   41.   0.20956800E+00  -0.35651140E-02  -0.32050668E-03   0.00000000E+00
 24.   42.   0.15070787E+00  -0.28356421E-01  -0.18504467E-03   0.00000000E+00
 24.   43.   0.81577250E-01  -0.81577248E-01  -0.53572671E-10   0.00000000E+00
 24.   44.   0.28356422E-01  -0.15070787E+00   0.18504465E-03   0.00000000E+00
 24.   45.   0.35651141E-02  -0.20956800E+00   0.32050666E-03   0.00000000E+00
 24.   46.   0.56874759E-11  -0.23267727E+00   0.37008919E-03   0.00000000E+00
 24.   47.  -0.35651137E-02  -0.20956800E+00   0.32050671E-03   0.00000000E+00
 24.   48.  -0.28356420E-01  -0.15070787E+00   0.18504467E-03   0.00000000E+00
 24.   49.  -0.81577247E-01  -0.81577251E-01   0.69722301E-10   0.00000000E+00
 24.   50.  -0.15070787E+00  -0.28356423E-01  -0.18504463E-03   0.00000000E+00
 24.   51.  -0.20956800E+00  -0.35651145E-02  -0.32050665E-03   0.00000000E+00
 24.   52.  -0.23267727E+00   0.00000000E+00  -0.37008913E-03   0.00000000E+00
 24.   53.   0.23258041E+00   0.00000000E+00  -0.87893415E-03   0.00000000E+00
 24.   54.   0.20067136E+00   0.29313521E-01  -0.76117921E-03   0.00000000E+00
 24.   55.   0.12116829E+00   0.22710779E-01  -0.43946693E-03   0.00000000E+00
 24.   56.   0.33407802E-01  -0.33407800E-01   0.88607824E-11   0.00000000E+00
 24.   57.  -0.22710779E-01  -0.12116829E+00   0.43946704E-03   0.00000000E+00
 24.   58.  -0.29313521E-01  -0.20067136E+00   0.76117920E-03   0.00000000E+00
 24.   59.  -0.69891695E-09  -0.23258041E+00   0.87893407E-03   0.00000000E+00
 24.   60.   0.29313520E-01  -0.20067136E+00   0.76117926E-03   0.00000000E+00
 24.   61.   0.22710780E-01  -0.12116829E+00   0.43946692E-03   0.00000000E+00
 24.   62.  -0.33407799E-01  -0.33407803E-01   0.46369655E-11   0.00000000E+00
 24.   63.  -0.12116829E+00   0.22710778E-01  -0.43946704E-03   0.00000000E+00
 24.   64.  -0.20067136E+00   0.29313521E-01  -0.76117932E-03   0.00000000E+00
 24.   65.  -0.23258041E+00   0.00000000E+00  -0.87893409E-03   0.00000000E+00
 24.   66.   0.23258041E+00   0.00000000E+00   0.87893399E-03   0.00000000E+00
 24.   67.   0.20067136E+00   0.29313521E-01   0.76117926E-03   0.00000000E+00
 24.   68.   0.12116829E+00   0.22710779E-01   0.43946714E-03   0.00000000E+00
 24.   69.   0.33407802E-01  -0.33407800E-01   0.16826173E-10   0.00000000E+00
 24.   70.  -0.22710779E-01  -0.12116829E+00  -0.43946702E-03   0.00000000E+00
 24.   71.  -0.29313521E-01  -0.20067136E+00  -0.76117926E-03   0.00000000E+00
 24.   72.  -0.72260558E-09  -0.23258041E+00  -0.87893406E-03   0.00000000E+00
 24.   73.   0.29313520E-01  -0.20067136E+00  -0.76117922E-03   0.00000000E+00
 24.   74.   0.22710780E-01  -0.12116829E+00  -0.43946718E-03   0.00000000E+00
 24.   75.  -0.33407799E-01  -0.33407803E-01  -0.26840964E-10   0.00000000E+00
 24.   76.  -0.12116829E+00   0.22710778E-01   0.43946701E-03   0.00000000E+00
 24.   77.  -0.20067136E+00   0.29313521E-01   0.76117913E-03   0.00000000E+00
 24.   78.  -0.23258041E+00   0.00000000E+00   0.87893405E-03   0.00000000E+00
