mode k UX UY UZ VOLT(zero: no VOLT dof)
  1.    1.  -0.61511170E-01   0.00000000E+00   0.41025666E+00   0.00000000E+00
  1.    2.  -0.61511170E-01  -0.26258107E-11   0.40623765E+00   0.00000000E+00
  1.    3.  -0.61511170E-01  -0.54284581E-11   0.39445453E+00   0.00000000E+00
  1.    4.  -0.61511170E-01  -0.84701187E-11   0.37571029E+00   0.00000000E+00
  1.    5.  -0.61511170E-01  -0.10666269E-10   0.35128232E+00   0.00000000E+00
  1.    6.  -0.61511170E-01  -0.11525415E-10   0.32283535E+00   0.00000000E+00
  1.    7.  -0.61511170E-01  -0.11447537E-10   0.29230799E+00   0.00000000E+00
  1.    8.  -0.61511170E-01  -0.10905630E-10   0.26178063E+00   0.00000000E+00
  1.    9.  -0.61511170E-01  -0.98115008E-11   0.23333365E+00   0.00000000E+00
  1.   10.  -0.61511170E-01  -0.79777700E-11   0.20890569E+00   0.00000000E+00
  1.   11.  -0.61511170E-01  -0.54784347E-11   0.19016145E+00   0.00000000E+00
  1.   12.  -0.61511170E-01  -0.26417033E-11   0.17837832E+00   0.00000000E+00
  1.   13.  -0.61511170E-01   0.00000000E+00   0.17435932E+00   0.00000000E+00
  1.   14.  -0.61511170E-01   0.00000000E+00   0.55769249E+00   0.00000000E+00
  1.   15.  -0.61511170E-01  -0.45092490E-12   0.54864973E+00   0.00000000E+00
  1.   16.  -0.61511170E-01  -0.31511900E-11   0.52213771E+00   0.00000000E+00
  1.   17.  -0.61511170E-01  -0.76929629E-11   0.47996317E+00   0.00000000E+00
  1.   18.  -0.61511170E-01  -0.10911230E-10   0.42500024E+00   0.00000000E+00
  1.   19.  -0.61511170E-01  -0.12424066E-10   0.36099455E+00   0.00000000E+00
  1.   20.  -0.61511170E-01  -0.12758617E-10   0.29230799E+00   0.00000000E+00
  1.   21.  -0.61511170E-01  -0.12235691E-10   0.22362143E+00   0.00000000E+00
  1.   22.  -0.61511170E-01  -0.11017758E-10   0.15961574E+00   0.00000000E+00
  1.   23.  -0.61511170E-01  -0.92232567E-11   0.10465281E+00   0.00000000E+00
  1.   24.  -0.61511170E-01  -0.65728357E-11   0.62478267E-01   0.00000000E+00
  1.   25.  -0.61511170E-01  -0.33970762E-11   0.35966243E-01   0.00000000E+00
  1.   26.  -0.61511170E-01   0.00000000E+00   0.26923485E-01   0.00000000E+00
  1.   27.  -0.61511170E-01   0.00000000E+00   0.70512833E+00   0.00000000E+00
  1.   28.  -0.61511170E-01   0.12737193E-11   0.69106182E+00   0.00000000E+00
  1.   29.  -0.61511170E-01  -0.16499783E-11   0.64982089E+00   0.00000000E+00
  1.   30.  -0.61511170E-01  -0.70162620E-11   0.58421605E+00   0.00000000E+00
  1.   31.  -0.61511170E-01  -0.10803400E-10   0.49871816E+00   0.00000000E+00
  1.   32.  -0.61511170E-01  -0.12520189E-10   0.39915376E+00   0.00000000E+00
  1.   33.  -0.61511170E-01  -0.13179250E-10   0.29230799E+00   0.00000000E+00
  1.   34.  -0.61511170E-01  -0.13005316E-10   0.18546222E+00   0.00000000E+00
  1.   35.  -0.61511170E-01  -0.11828743E-10   0.85897820E-01   0.00000000E+00
  1.   36.  -0.61511170E-01  -0.10087781E-10   0.39992870E-03   0.00000000E+00
  1.   37.  -0.61511170E-01  -0.77539130E-11  -0.65204911E-01   0.00000000E+00
  1.   38.  -0.61511170E-01  -0.44175282E-11  -0.10644584E+00   0.00000000E+00
  1.   39.  -0.61511170E-01   0.00000000E+00  -0.12051235E+00   0.00000000E+00
  1.   40.  -0.61511170E-01   0.00000000E+00   0.85256416E+00   0.00000000E+00
  1.   41.  -0.61511170E-01   0.22342560E-11   0.83347390E+00   0.00000000E+00
  1.   42.  -0.61511170E-01   0.15668039E-11   0.77750407E+00   0.00000000E+00
  1.   43.  -0.61511170E-01  -0.44194740E-11   0.68846893E+00   0.00000000E+00
  1.   44.  -0.61511170E-01  -0.92540795E-11   0.57243608E+00   0.00000000E+00
  1.   45.  -0.61511170E-01  -0.11563095E-10   0.43731296E+00   0.00000000E+00
  1.   46.  -0.61511170E-01  -0.12222638E-10   0.29230799E+00   0.00000000E+00
  1.   47.  -0.61511170E-01  -0.12303279E-10   0.14730302E+00   0.00000000E+00
  1.   48.  -0.61511170E-01  -0.11441238E-10   0.12179903E-01   0.00000000E+00
  1.   49.  -0.61511170E-01  -0.98183295E-11  -0.10385295E+00   0.00000000E+00
  1.   50.  -0.61511170E-01  -0.80306028E-11  -0.19288809E+00   0.00000000E+00
  1.   51.  -0.61511170E-01  -0.50814248E-11  -0.24885792E+00   0.00000000E+00
  1.   52.  -0.61511170E-01   0.00000000E+00  -0.26794819E+00   0.00000000E+00
  1.   53.  -0.61511170E-01   0.00000000E+00   0.10000000E+01   0.00000000E+00
  1.   54.  -0.61511170E-01   0.36404198E-11   0.97588598E+00   0.00000000E+00
  1.   55.  -0.61511170E-01   0.46734594E-11   0.90518725E+00   0.00000000E+00
  1.   56.  -0.61511170E-01  -0.26958696E-11   0.79272181E+00   0.00000000E+00
  1.   57.  -0.61511170E-01  -0.91001111E-11   0.64615399E+00   0.00000000E+00
  1.   58.  -0.61511170E-01  -0.11635186E-10   0.47547216E+00   0.00000000E+00
  1.   59.  -0.61511170E-01  -0.12146662E-10   0.29230799E+00   0.00000000E+00
  1.   60.  -0.61511170E-01  -0.12049329E-10   0.10914382E+00   0.00000000E+00
  1.   61.  -0.61511170E-01  -0.11140448E-10  -0.61538014E-01   0.00000000E+00
  1.   62.  -0.61511170E-01  -0.95602062E-11  -0.20810583E+00   0.00000000E+00
  1.   63.  -0.61511170E-01  -0.79312587E-11  -0.32057127E+00   0.00000000E+00
  1.   64.  -0.61511170E-01  -0.57837133E-11  -0.39127000E+00   0.00000000E+00
  1.   65.  -0.61511170E-01   0.00000000E+00  -0.41538402E+00   0.00000000E+00
  1.   66.  -0.49716303E-01   0.00000000E+00   0.10000000E+01   0.00000000E+00
  1.   67.  -0.49716303E-01  -0.36800937E-11   0.97588598E+00   0.00000000E+00
  1.   68.  -0.49716303E-01  -0.44477643E-11   0.90518725E+00   0.00000000E+00
  1.   69.  -0.49716303E-01   0.30010052E-11   0.79272181E+00   0.00000000E+00
  1.   70.  -0.49716303E-01   0.93392745E-11   0.64615399E+00   0.00000000E+00
  1.   71.  -0.49716303E-01   0.11738259E-10   0.47547216E+00   0.00000000E+00
  1.   72.  -0.49716303E-01   0.12200197E-10   0.29230799E+00   0.00000000E+00
  1.   73.  -0.49716303E-01   0.12088756E-10   0.10914382E+00   0.00000000E+00
  1.   74.  -0.49716303E-01   0.11132887E-10  -0.61538014E-01   0.00000000E+00
  1.   75.  -0.49716303E-01   0.95640827E-11  -0.20810583E+00   0.00000000E+00
  1.   76.  -0.49716303E-01   0.79912088E-11  -0.32057127E+00   0.00000000E+00
  1.   77.  -0.49716303E-01   0.59066170E-11  -0.39127000E+00   0.00000000E+00
  1.   78.  -0.49716303E-01   0.00000000E+00  -0.41538402E+00   0.00000000E+00
  2.    1.   0.99974337E+00   0.00000000E+00   0.18321986E+00   0.00000000E+00
  2.    2.   0.99974337E+00  -0.42756498E-11   0.18313242E+00   0.00000000E+00
  2.    3.   0.99974337E+00  -0.86165048E-11   0.18287605E+00   0.00000000E+00
  2.    4.   0.99974337E+00  -0.12967384E-10   0.18246822E+00   0.00000000E+00
  2.    5.   0.99974337E+00  -0.16498174E-10   0.18193673E+00   0.00000000E+00
  2.    6.   0.99974337E+00  -0.18715526E-10   0.18131779E+00   0.00000000E+00
  2.    7.   0.99974337E+00  -0.19361862E-10   0.18065360E+00   0.00000000E+00
  2.    8.   0.99974337E+00  -0.18784676E-10   0.17998940E+00   0.00000000E+00
  2.    9.   0.99974337E+00  -0.17012554E-10   0.17937046E+00   0.00000000E+00
  2.   10.   0.99974337E+00  -0.13897623E-10   0.17883897E+00   0.00000000E+00
  2.   11.   0.99974337E+00  -0.95409354E-11   0.17843115E+00   0.00000000E+00
  2.   12.   0.99974337E+00  -0.46425609E-11   0.17817477E+00   0.00000000E+00
  2.   13.   0.99974337E+00   0.00000000E+00   0.17808733E+00   0.00000000E+00
  2.   14.   0.99974337E+00   0.00000000E+00   0.18642769E+00   0.00000000E+00
  2.   15.   0.99974337E+00  -0.32718325E-11   0.18623094E+00   0.00000000E+00
  2.   16.   0.99974337E+00  -0.72461122E-11   0.18565411E+00   0.00000000E+00
  2.   17.   0.99974337E+00  -0.12020630E-10   0.18473650E+00   0.00000000E+00
  2.   18.   0.99974337E+00  -0.15775127E-10   0.18354064E+00   0.00000000E+00
  2.   19.   0.99974337E+00  -0.17744907E-10   0.18214804E+00   0.00000000E+00
  2.   20.   0.99974337E+00  -0.18015423E-10   0.18065360E+00   0.00000000E+00
  2.   21.   0.99974337E+00  -0.16797304E-10   0.17915915E+00   0.00000000E+00
  2.   22.   0.99974337E+00  -0.14182215E-10   0.17776655E+00   0.00000000E+00
  2.   23.   0.99974337E+00  -0.10854826E-10   0.17657069E+00   0.00000000E+00
  2.   24.   0.99974337E+00  -0.66994847E-11   0.17565308E+00   0.00000000E+00
  2.   25.   0.99974337E+00  -0.28543473E-11   0.17507625E+00   0.00000000E+00
  2.   26.   0.99974337E+00   0.00000000E+00   0.17487950E+00   0.00000000E+00
  2.   27.   0.99974337E+00   0.00000000E+00   0.18963552E+00   0.00000000E+00
  2.   28.   0.99974337E+00  -0.31761546E-11   0.18932947E+00   0.00000000E+00
  2.   29.   0.99974337E+00  -0.79718741E-11   0.18843217E+00   0.00000000E+00
  2.   30.   0.99974337E+00  -0.12832336E-10   0.18700478E+00   0.00000000E+00
  2.   31.   0.99974337E+00  -0.15938886E-10   0.18514456E+00   0.00000000E+00
  2.   32.   0.99974337E+00  -0.17703102E-10   0.18297829E+00   0.00000000E+00
  2.   33.   0.99974337E+00  -0.17966492E-10   0.18065360E+00   0.00000000E+00
  2.   34.   0.99974337E+00  -0.16471438E-10   0.17832890E+00   0.00000000E+00
  2.   35.   0.99974337E+00  -0.13455877E-10   0.17616263E+00   0.00000000E+00
  2.   36.   0.99974337E+00  -0.88227451E-11   0.17430242E+00   0.00000000E+00
  2.   37.   0.99974337E+00  -0.40884040E-11   0.17287502E+00   0.00000000E+00
  2.   38.   0.99974337E+00  -0.92257022E-12   0.17197772E+00   0.00000000E+00
  2.   39.   0.99974337E+00   0.00000000E+00   0.17167167E+00   0.00000000E+00
  2.   40.   0.99974337E+00   0.00000000E+00   0.19284335E+00   0.00000000E+00
  2.   41.   0.99974337E+00  -0.45622200E-11   0.19242800E+00   0.00000000E+00
  2.   42.   0.99974337E+00  -0.80697273E-11   0.19121023E+00   0.00000000E+00
  2.   43.   0.99974337E+00  -0.11766329E-10   0.18927306E+00   0.00000000E+00
  2.   44.   0.99974337E+00  -0.14697493E-10   0.18674847E+00   0.00000000E+00
  2.   45.   0.99974337E+00  -0.16476294E-10   0.18380854E+00   0.00000000E+00
  2.   46.   0.99974337E+00  -0.16462337E-10   0.18065360E+00   0.00000000E+00
  2.   47.   0.99974337E+00  -0.14556364E-10   0.17749866E+00   0.00000000E+00
  2.   48.   0.99974337E+00  -0.11078604E-10   0.17455872E+00   0.00000000E+00
  2.   49.   0.99974337E+00  -0.59250416E-11   0.17203414E+00   0.00000000E+00
  2.   50.   0.99974337E+00   0.49440979E-12   0.17009696E+00   0.00000000E+00
  2.   51.   0.99974337E+00   0.32168079E-11   0.16887920E+00   0.00000000E+00
  2.   52.   0.99974337E+00   0.00000000E+00   0.16846384E+00   0.00000000E+00
  2.   53.   0.99974337E+00   0.00000000E+00   0.19605118E+00   0.00000000E+00
  2.   54.   0.99974337E+00  -0.55527683E-11   0.19552652E+00   0.00000000E+00
  2.   55.   0.99974337E+00  -0.84332048E-11   0.19398830E+00   0.00000000E+00
  2.   56.   0.99974337E+00  -0.10645831E-10   0.19154133E+00   0.00000000E+00
  2.   57.   0.99974337E+00  -0.12756258E-10   0.18835239E+00   0.00000000E+00
  2.   58.   0.99974337E+00  -0.14714894E-10   0.18463879E+00   0.00000000E+00
  2.   59.   0.99974337E+00  -0.15072849E-10   0.18065360E+00   0.00000000E+00
  2.   60.   0.99974337E+00  -0.12219635E-10   0.17666841E+00   0.00000000E+00
  2.   61.   0.99974337E+00  -0.74983439E-11   0.17295480E+00   0.00000000E+00
  2.   62.   0.99974337E+00  -0.92196499E-12   0.16976586E+00   0.00000000E+00
  2.   63.   0.99974337E+00   0.57435195E-11   0.16731890E+00   0.00000000E+00
  2.   64.   0.99974337E+00   0.83365579E-11   0.16578067E+00   0.00000000E+00
  2.   65.   0.99974337E+00   0.00000000E+00   0.16525601E+00   0.00000000E+00
  2.   66.   0.10000000E+01   0.00000000E+00   0.19605118E+00   0.00000000E+00
  2.   67.   0.10000000E+01   0.56166664E-11   0.19552652E+00   0.00000000E+00
  2.   68.   0.10000000E+01   0.84917583E-11   0.19398830E+00   0.00000000E+00
  2.   69.   0.10000000E+01   0.10618601E-10   0.19154133E+00   0.00000000E+00
  2.   70.   0.10000000E+01   0.12469793E-10   0.18835239E+00   0.00000000E+00
  2.   71.   0.10000000E+01   0.14391631E-10   0.18463879E+00   0.00000000E+00
  2.   72.   0.10000000E+01   0.15019076E-10   0.18065360E+00   0.00000000E+00
  2.   73.   0.10000000E+01   0.12455304E-10   0.17666841E+00   0.00000000E+00
  2.   74.   0.10000000E+01   0.77019555E-11   0.17295480E+00   0.00000000E+00
  2.   75.   0.10000000E+01   0.10978571E-11   0.16976586E+00   0.00000000E+00
  2.   76.   0.10000000E+01  -0.56560701E-11   0.16731890E+00   0.00000000E+00
  2.   77.   0.10000000E+01  -0.82682901E-11   0.16578067E+00   0.00000000E+00
  2.   78.   0.10000000E+01   0.00000000E+00   0.16525601E+00   0.00000000E+00
  3.    1.  -0.60236612E-01   0.00000000E+00   0.27182726E+00   0.00000000E+00
  3.    2.  -0.60236612E-01  -0.30227505E-11   0.27537181E+00   0.00000000E+00
  3.    3.  -0.60236612E-01  -0.59554802E-11   0.28576392E+00   0.00000000E+00
  3.    4.  -0.60236612E-01  -0.87714419E-11   0.30229538E+00   0.00000000E+00
  3.    5.  -0.60236612E-01  -0.10857779E-10   0.32383960E+00   0.00000000E+00
  3.    6.  -0.60236612E-01  -0.11936083E-10   0.34892837E+00   0.00000000E+00
  3.    7.  -0.60236612E-01  -0.12335153E-10   0.37585193E+00   0.00000000E+00
  3.    8.  -0.60236612E-01  -0.12384375E-10   0.40277550E+00   0.00000000E+00
  3.    9.  -0.60236612E-01  -0.11656620E-10   0.42786427E+00   0.00000000E+00
  3.   10.  -0.60236612E-01  -0.95616060E-11   0.44940849E+00   0.00000000E+00
  3.   11.  -0.60236612E-01  -0.62010977E-11   0.46593995E+00   0.00000000E+00
  3.   12.  -0.60236612E-01  -0.25345215E-11   0.47633206E+00   0.00000000E+00
  3.   13.  -0.60236612E-01   0.00000000E+00   0.47987661E+00   0.00000000E+00
  3.   14.  -0.60236612E-01   0.00000000E+00   0.14179641E+00   0.00000000E+00
  3.   15.  -0.60236612E-01  -0.45299962E-11   0.14977166E+00   0.00000000E+00
  3.   16.  -0.60236612E-01  -0.89793225E-11   0.17315390E+00   0.00000000E+00
  3.   17.  -0.60236612E-01  -0.12921457E-10   0.21034969E+00   0.00000000E+00
  3.   18.  -0.60236612E-01  -0.15273353E-10   0.25882417E+00   0.00000000E+00
  3.   19.  -0.60236612E-01  -0.16091349E-10   0.31527391E+00   0.00000000E+00
  3.   20.  -0.60236612E-01  -0.15831343E-10   0.37585193E+00   0.00000000E+00
  3.   21.  -0.60236612E-01  -0.14563627E-10   0.43642996E+00   0.00000000E+00
  3.   22.  -0.60236612E-01  -0.12204629E-10   0.49287970E+00   0.00000000E+00
  3.   23.  -0.60236612E-01  -0.88764163E-11   0.54135418E+00   0.00000000E+00
  3.   24.  -0.60236612E-01  -0.37339573E-11   0.57854996E+00   0.00000000E+00
  3.   25.  -0.60236612E-01  -0.40664312E-12   0.60193221E+00   0.00000000E+00
  3.   26.  -0.60236612E-01   0.00000000E+00   0.60990746E+00   0.00000000E+00
  3.   27.  -0.60236612E-01   0.00000000E+00   0.11765563E-01   0.00000000E+00
  3.   28.  -0.60236612E-01  -0.60763827E-11   0.24171505E-01   0.00000000E+00
  3.   29.  -0.60236612E-01  -0.11746632E-10   0.60543888E-01   0.00000000E+00
  3.   30.  -0.60236612E-01  -0.16147127E-10   0.11840399E+00   0.00000000E+00
  3.   31.  -0.60236612E-01  -0.18332623E-10   0.19380875E+00   0.00000000E+00
  3.   32.  -0.60236612E-01  -0.18582995E-10   0.28161945E+00   0.00000000E+00
  3.   33.  -0.60236612E-01  -0.17701153E-10   0.37585193E+00   0.00000000E+00
  3.   34.  -0.60236612E-01  -0.15736497E-10   0.47008442E+00   0.00000000E+00
  3.   35.  -0.60236612E-01  -0.12001922E-10   0.55789512E+00   0.00000000E+00
  3.   36.  -0.60236612E-01  -0.76774346E-11   0.63329988E+00   0.00000000E+00
  3.   37.  -0.60236612E-01  -0.10602326E-11   0.69115998E+00   0.00000000E+00
  3.   38.  -0.60236612E-01   0.28125899E-11   0.72753236E+00   0.00000000E+00
  3.   39.  -0.60236612E-01   0.00000000E+00   0.73993831E+00   0.00000000E+00
  3.   40.  -0.60236612E-01   0.00000000E+00  -0.11826528E+00   0.00000000E+00
  3.   41.  -0.60236612E-01  -0.73620989E-11  -0.10142865E+00   0.00000000E+00
  3.   42.  -0.60236612E-01  -0.13960715E-10  -0.52066129E-01   0.00000000E+00
  3.   43.  -0.60236612E-01  -0.18322179E-10   0.26458299E-01   0.00000000E+00
  3.   44.  -0.60236612E-01  -0.19987554E-10   0.12879333E+00   0.00000000E+00
  3.   45.  -0.60236612E-01  -0.19555576E-10   0.24796499E+00   0.00000000E+00
  3.   46.  -0.60236612E-01  -0.17742950E-10   0.37585193E+00   0.00000000E+00
  3.   47.  -0.60236612E-01  -0.15049927E-10   0.50373888E+00   0.00000000E+00
  3.   48.  -0.60236612E-01  -0.99754981E-11   0.62291054E+00   0.00000000E+00
  3.   49.  -0.60236612E-01  -0.54194361E-11   0.72524557E+00   0.00000000E+00
  3.   50.  -0.60236612E-01   0.11846826E-11   0.80377000E+00   0.00000000E+00
  3.   51.  -0.60236612E-01   0.46851118E-11   0.85313252E+00   0.00000000E+00
  3.   52.  -0.60236612E-01   0.00000000E+00   0.86996915E+00   0.00000000E+00
  3.   53.  -0.60236612E-01   0.00000000E+00  -0.24829613E+00   0.00000000E+00
  3.   54.  -0.60236612E-01  -0.82907840E-11  -0.22702880E+00   0.00000000E+00
  3.   55.  -0.60236612E-01  -0.15805201E-10  -0.16467615E+00   0.00000000E+00
  3.   56.  -0.60236612E-01  -0.20347870E-10  -0.65487395E-01   0.00000000E+00
  3.   57.  -0.60236612E-01  -0.22045409E-10   0.63777903E-01   0.00000000E+00
  3.   58.  -0.60236612E-01  -0.21353371E-10   0.21431053E+00   0.00000000E+00
  3.   59.  -0.60236612E-01  -0.19235373E-10   0.37585194E+00   0.00000000E+00
  3.   60.  -0.60236612E-01  -0.15746765E-10   0.53739334E+00   0.00000000E+00
  3.   61.  -0.60236612E-01  -0.97946790E-11   0.68792597E+00   0.00000000E+00
  3.   62.  -0.60236612E-01  -0.37367656E-11   0.81719126E+00   0.00000000E+00
  3.   63.  -0.60236612E-01   0.27116806E-11   0.91638001E+00   0.00000000E+00
  3.   64.  -0.60236612E-01   0.66375031E-11   0.97873267E+00   0.00000000E+00
  3.   65.  -0.60236612E-01   0.00000000E+00   0.10000000E+01   0.00000000E+00
  3.   66.  -0.70639080E-01   0.00000000E+00  -0.24829613E+00   0.00000000E+00
  3.   67.  -0.70639080E-01   0.82601695E-11  -0.22702880E+00   0.00000000E+00
  3.   68.  -0.70639080E-01   0.15724404E-10  -0.16467615E+00   0.00000000E+00
  3.   69.  -0.70639080E-01   0.20298714E-10  -0.65487395E-01   0.00000000E+00
  3.   70.  -0.70639080E-01   0.22101342E-10   0.63777903E-01   0.00000000E+00
  3.   71.  -0.70639080E-01   0.21514784E-10   0.21431053E+00   0.00000000E+00
  3.   72.  -0.70639080E-01   0.19552070E-10   0.37585194E+00   0.00000000E+00
  3.   73.  -0.70639080E-01   0.16138552E-10   0.53739334E+00   0.00000000E+00
  3.   74.  -0.70639080E-01   0.99192857E-11   0.68792597E+00   0.00000000E+00
  3.   75.  -0.70639080E-01   0.38832837E-11   0.81719126E+00   0.00000000E+00
  3.   76.  -0.70639080E-01  -0.27263049E-11   0.91638001E+00   0.00000000E+00
  3.   77.  -0.70639080E-01  -0.69177665E-11   0.97873267E+00   0.00000000E+00
  3.   78.  -0.70639080E-01   0.00000000E+00   0.10000000E+01   0.00000000E+00
  4.    1.  -0.42028405E-02   0.00000000E+00   0.41750622E-01   0.00000000E+00
  4.    2.  -0.40779534E-02   0.11561507E-02   0.36157099E-01   0.00000000E+00
  4.    3.  -0.37010706E-02   0.22076016E-02   0.20875311E-01   0.00000000E+00
  4.    4.  -0.30719659E-02   0.30719657E-02  -0.88159932E-10   0.00000000E+00
  4.    5.  -0.22076018E-02   0.37010704E-02  -0.20875311E-01   0.00000000E+00
  4.    6.  -0.11561509E-02   0.40779532E-02  -0.36157100E-01   0.00000000E+00
  4.    7.  -0.19943649E-09   0.42028403E-02  -0.41750622E-01   0.00000000E+00
  4.    8.   0.11561505E-02   0.40779532E-02  -0.36157100E-01   0.00000000E+00
  4.    9.   0.22076014E-02   0.37010704E-02  -0.20875311E-01   0.00000000E+00
  4.   10.   0.30719655E-02   0.30719657E-02  -0.21456378E-09   0.00000000E+00
  4.   11.   0.37010702E-02   0.22076016E-02   0.20875311E-01   0.00000000E+00
  4.   12.   0.40779530E-02   0.11561508E-02   0.36157099E-01   0.00000000E+00
  4.   13.   0.42028401E-02   0.00000000E+00   0.41750622E-01   0.00000000E+00
  4.   14.  -0.73111315E-02   0.00000000E+00   0.18297107E+00   0.00000000E+00
  4.   15.  -0.71679567E-02   0.22876557E-02   0.15845759E+00   0.00000000E+00
  4.   16.  -0.66861277E-02   0.42695812E-02   0.91485533E-01   0.00000000E+00
  4.   17.  -0.57486502E-02   0.57486500E-02   0.15045944E-09   0.00000000E+00
  4.   18.  -0.42695814E-02   0.66861275E-02  -0.91485533E-01   0.00000000E+00
  4.   19.  -0.22876559E-02   0.71679565E-02  -0.15845759E+00   0.00000000E+00
  4.   20.  -0.20235442E-09   0.73111313E-02  -0.18297107E+00   0.00000000E+00
  4.   21.   0.22876555E-02   0.71679565E-02  -0.15845759E+00   0.00000000E+00
  4.   22.   0.42695810E-02   0.66861275E-02  -0.91485534E-01   0.00000000E+00
  4.   23.   0.57486498E-02   0.57486500E-02  -0.49540974E-09   0.00000000E+00
  4.   24.   0.66861273E-02   0.42695812E-02   0.91485533E-01   0.00000000E+00
  4.   25.   0.71679563E-02   0.22876557E-02   0.15845759E+00   0.00000000E+00
  4.   26.   0.73111311E-02   0.00000000E+00   0.18297107E+00   0.00000000E+00
  4.   27.  -0.10154436E-01   0.00000000E+00   0.40328257E+00   0.00000000E+00
  4.   28.  -0.99852678E-02   0.32881221E-02   0.34925295E+00   0.00000000E+00
  4.   29.  -0.93857041E-02   0.61020803E-02   0.20164128E+00   0.00000000E+00
  4.   30.  -0.81465201E-02   0.81465199E-02   0.48579977E-09   0.00000000E+00
  4.   31.  -0.61020805E-02   0.93857039E-02  -0.20164128E+00   0.00000000E+00
  4.   32.  -0.32881223E-02   0.99852676E-02  -0.34925295E+00   0.00000000E+00
  4.   33.  -0.20373625E-09   0.10154436E-01  -0.40328257E+00   0.00000000E+00
  4.   34.   0.32881219E-02   0.99852676E-02  -0.34925295E+00   0.00000000E+00
  4.   35.   0.61020801E-02   0.93857039E-02  -0.20164128E+00   0.00000000E+00
  4.   36.   0.81465197E-02   0.81465199E-02  -0.97154189E-09   0.00000000E+00
  4.   37.   0.93857037E-02   0.61020803E-02   0.20164128E+00   0.00000000E+00
  4.   38.   0.99852674E-02   0.32881221E-02   0.34925295E+00   0.00000000E+00
  4.   39.   0.10154436E-01   0.00000000E+00   0.40328257E+00   0.00000000E+00
  4.   40.  -0.12035183E-01   0.00000000E+00   0.68251029E+00   0.00000000E+00
  4.   41.  -0.11926982E-01   0.42415963E-02   0.59107125E+00   0.00000000E+00
  4.   42.  -0.11432911E-01   0.77672006E-02   0.34125514E+00   0.00000000E+00
  4.   43.  -0.10159707E-01   0.10159707E-01   0.89605429E-09   0.00000000E+00
  4.   44.  -0.77672008E-02   0.11432911E-01  -0.34125514E+00   0.00000000E+00
  4.   45.  -0.42415966E-02   0.11926982E-01  -0.59107125E+00   0.00000000E+00
  4.   46.  -0.20468191E-09   0.12035182E-01  -0.68251029E+00   0.00000000E+00
  4.   47.   0.42415961E-02   0.11926982E-01  -0.59107125E+00   0.00000000E+00
  4.   48.   0.77672004E-02   0.11432911E-01  -0.34125515E+00   0.00000000E+00
  4.   49.   0.10159706E-01   0.10159707E-01  -0.15683982E-08   0.00000000E+00
  4.   50.   0.11432911E-01   0.77672006E-02   0.34125514E+00   0.00000000E+00
  4.   51.   0.11926981E-01   0.42415964E-02   0.59107125E+00   0.00000000E+00
  4.   52.   0.12035182E-01   0.00000000E+00   0.68251029E+00   0.00000000E+00
  4.   53.  -0.13326051E-01   0.00000000E+00   0.99997521E+00   0.00000000E+00
  4.   54.  -0.13294526E-01   0.50260097E-02   0.86600394E+00   0.00000000E+00
  4.   55.  -0.12954575E-01   0.91119308E-02   0.49998761E+00   0.00000000E+00
  4.   56.  -0.11731791E-01   0.11731791E-01   0.13390961E-08   0.00000000E+00
  4.   57.  -0.91119310E-02   0.12954575E-01  -0.49998760E+00   0.00000000E+00
  4.   58.  -0.50260099E-02   0.13294526E-01  -0.86600394E+00   0.00000000E+00
  4.   59.  -0.20552137E-09   0.13326051E-01  -0.99997521E+00   0.00000000E+00
  4.   60.   0.50260095E-02   0.13294526E-01  -0.86600394E+00   0.00000000E+00
  4.   61.   0.91119306E-02   0.12954575E-01  -0.49998761E+00   0.00000000E+00
  4.   62.   0.11731791E-01   0.11731791E-01  -0.22547318E-08   0.00000000E+00
  4.   63.   0.12954575E-01   0.91119309E-02   0.49998760E+00   0.00000000E+00
  4.   64.   0.13294526E-01   0.50260098E-02   0.86600393E+00   0.00000000E+00
  4.   65.   0.13326051E-01   0.00000000E+00   0.99997521E+00   0.00000000E+00
  4.   66.   0.13326051E-01   0.00000000E+00   0.99997521E+00   0.00000000E+00
  4.   67.   0.13294526E-01  -0.50260097E-02   0.86600394E+00   0.00000000E+00
  4.   68.   0.12954575E-01  -0.91119308E-02   0.49998761E+00   0.00000000E+00
  4.   69.   0.11731791E-01  -0.11731791E-01   0.13390966E-08   0.00000000E+00
  4.   70.   0.91119306E-02  -0.12954575E-01  -0.49998760E+00   0.00000000E+00
  4.   71.   0.50260095E-02  -0.13294526E-01  -0.86600394E+00   0.00000000E+00
  4.   72.  -0.18928581E-09  -0.13326051E-01  -0.99997521E+00   0.00000000E+00
  4.   73.  -0.50260099E-02  -0.13294526E-01  -0.86600394E+00   0.00000000E+00
  4.   74.  -0.91119310E-02  -0.12954575E-01  -0.49998761E+00   0.00000000E+00
  4.   75.  -0.11731791E-01  -0.11731791E-01  -0.22547307E-08   0.00000000E+00
  4.   76.  -0.12954575E-01  -0.91119309E-02   0.49998760E+00   0.00000000E+00
  4.   77.  -0.13294526E-01  -0.50260098E-02   0.86600393E+00   0.00000000E+00
  4.   78.  -0.13326051E-01   0.00000000E+00   0.99997521E+00   0.00000000E+00
  5.    1.   0.14892317E-01   0.00000000E+00   0.99988203E+00   0.00000000E+00
  5.    2.   0.14384874E-01   0.38544152E-02   0.99988203E+00   0.00000000E+00
  5.    3.   0.12897125E-01   0.74461584E-02   0.99988203E+00   0.00000000E+00
  5.    4.   0.10530458E-01   0.10530458E-01   0.99988203E+00   0.00000000E+00
  5.    5.   0.74461586E-02   0.12897125E-01   0.99988203E+00   0.00000000E+00
  5.    6.   0.38544154E-02   0.14384873E-01   0.99988203E+00   0.00000000E+00
  5.    7.   0.23629088E-09   0.14892317E-01   0.99988203E+00   0.00000000E+00
  5.    8.  -0.38544150E-02   0.14384873E-01   0.99988203E+00   0.00000000E+00
  5.    9.  -0.74461581E-02   0.12897125E-01   0.99988203E+00   0.00000000E+00
  5.   10.  -0.10530458E-01   0.10530458E-01   0.99988203E+00   0.00000000E+00
  5.   11.  -0.12897124E-01   0.74461584E-02   0.99988203E+00   0.00000000E+00
  5.   12.  -0.14384873E-01   0.38544152E-02   0.99988203E+00   0.00000000E+00
  5.   13.  -0.14892316E-01   0.00000000E+00   0.99988203E+00   0.00000000E+00
  5.   14.   0.15461095E-01   0.00000000E+00   0.63470767E+00   0.00000000E+00
  5.   15.   0.14934271E-01   0.40016257E-02   0.63470767E+00   0.00000000E+00
  5.   16.   0.13389701E-01   0.77305472E-02   0.63470767E+00   0.00000000E+00
  5.   17.   0.10932645E-01   0.10932645E-01   0.63470767E+00   0.00000000E+00
  5.   18.   0.77305474E-02   0.13389701E-01   0.63470767E+00   0.00000000E+00
  5.   19.   0.40016259E-02   0.14934270E-01   0.63470767E+00   0.00000000E+00
  5.   20.   0.23983560E-09   0.15461094E-01   0.63470767E+00   0.00000000E+00
  5.   21.  -0.40016255E-02   0.14934270E-01   0.63470767E+00   0.00000000E+00
  5.   22.  -0.77305470E-02   0.13389701E-01   0.63470767E+00   0.00000000E+00
  5.   23.  -0.10932644E-01   0.10932645E-01   0.63470767E+00   0.00000000E+00
  5.   24.  -0.13389700E-01   0.77305472E-02   0.63470767E+00   0.00000000E+00
  5.   25.  -0.14934270E-01   0.40016257E-02   0.63470767E+00   0.00000000E+00
  5.   26.  -0.15461094E-01   0.00000000E+00   0.63470767E+00   0.00000000E+00
  5.   27.   0.17541397E-01   0.00000000E+00   0.21906030E+00   0.00000000E+00
  5.   28.   0.16943688E-01   0.45400475E-02   0.21906030E+00   0.00000000E+00
  5.   29.   0.15191295E-01   0.87706982E-02   0.21906030E+00   0.00000000E+00
  5.   30.   0.12403641E-01   0.12403640E-01   0.21906030E+00   0.00000000E+00
  5.   31.   0.87706984E-02   0.15191295E-01   0.21906030E+00   0.00000000E+00
  5.   32.   0.45400477E-02   0.16943688E-01   0.21906030E+00   0.00000000E+00
  5.   33.   0.24576456E-09   0.17541396E-01   0.21906030E+00   0.00000000E+00
  5.   34.  -0.45400472E-02   0.16943688E-01   0.21906030E+00   0.00000000E+00
  5.   35.  -0.87706979E-02   0.15191295E-01   0.21906030E+00   0.00000000E+00
  5.   36.  -0.12403640E-01   0.12403640E-01   0.21906030E+00   0.00000000E+00
  5.   37.  -0.15191295E-01   0.87706982E-02   0.21906030E+00   0.00000000E+00
  5.   38.  -0.16943688E-01   0.45400475E-02   0.21906030E+00   0.00000000E+00
  5.   39.  -0.17541396E-01   0.00000000E+00   0.21906030E+00   0.00000000E+00
  5.   40.   0.17741923E-01   0.00000000E+00  -0.22612330E+00   0.00000000E+00
  5.   41.   0.17137382E-01   0.45919476E-02  -0.22612330E+00   0.00000000E+00
  5.   42.   0.15364956E-01   0.88709616E-02  -0.22612330E+00   0.00000000E+00
  5.   43.   0.12545434E-01   0.12545434E-01  -0.22612330E+00   0.00000000E+00
  5.   44.   0.88709618E-02   0.15364956E-01  -0.22612330E+00   0.00000000E+00
  5.   45.   0.45919478E-02   0.17137382E-01  -0.22612330E+00   0.00000000E+00
  5.   46.   0.24982089E-09   0.17741923E-01  -0.22612330E+00   0.00000000E+00
  5.   47.  -0.45919473E-02   0.17137382E-01  -0.22612330E+00   0.00000000E+00
  5.   48.  -0.88709613E-02   0.15364956E-01  -0.22612330E+00   0.00000000E+00
  5.   49.  -0.12545434E-01   0.12545434E-01  -0.22612330E+00   0.00000000E+00
  5.   50.  -0.15364956E-01   0.88709616E-02  -0.22612330E+00   0.00000000E+00
  5.   51.  -0.17137382E-01   0.45919476E-02  -0.22612330E+00   0.00000000E+00
  5.   52.  -0.17741923E-01   0.00000000E+00  -0.22612330E+00   0.00000000E+00
  5.   53.   0.16677319E-01   0.00000000E+00  -0.65718276E+00   0.00000000E+00
  5.   54.   0.16109054E-01   0.43164078E-02  -0.65718276E+00   0.00000000E+00
  5.   55.   0.14442982E-01   0.83386596E-02  -0.65718276E+00   0.00000000E+00
  5.   56.   0.11792646E-01   0.11792646E-01  -0.65718276E+00   0.00000000E+00
  5.   57.   0.83386599E-02   0.14442982E-01  -0.65718276E+00   0.00000000E+00
  5.   58.   0.43164081E-02   0.16109053E-01  -0.65718276E+00   0.00000000E+00
  5.   59.   0.25153293E-09   0.16677319E-01  -0.65718276E+00   0.00000000E+00
  5.   60.  -0.43164076E-02   0.16109053E-01  -0.65718276E+00   0.00000000E+00
  5.   61.  -0.83386594E-02   0.14442982E-01  -0.65718276E+00   0.00000000E+00
  5.   62.  -0.11792645E-01   0.11792646E-01  -0.65718276E+00   0.00000000E+00
  5.   63.  -0.14442982E-01   0.83386597E-02  -0.65718276E+00   0.00000000E+00
  5.   64.  -0.16109053E-01   0.43164079E-02  -0.65718276E+00   0.00000000E+00
  5.   65.  -0.16677319E-01   0.00000000E+00  -0.65718276E+00   0.00000000E+00
  5.   66.  -0.16677319E-01   0.00000000E+00  -0.65718276E+00   0.00000000E+00
  5.   67.  -0.16109053E-01  -0.43164078E-02  -0.65718276E+00   0.00000000E+00
  5.   68.  -0.14442982E-01  -0.83386596E-02  -0.65718276E+00   0.00000000E+00
  5.   69.  -0.11792645E-01  -0.11792646E-01  -0.65718276E+00   0.00000000E+00
  5.   70.  -0.83386594E-02  -0.14442982E-01  -0.65718276E+00   0.00000000E+00
  5.   71.  -0.43164076E-02  -0.16109053E-01  -0.65718276E+00   0.00000000E+00
  5.   72.   0.19737974E-09  -0.16677319E-01  -0.65718276E+00   0.00000000E+00
  5.   73.   0.43164080E-02  -0.16109053E-01  -0.65718276E+00   0.00000000E+00
  5.   74.   0.83386598E-02  -0.14442982E-01  -0.65718276E+00   0.00000000E+00
  5.   75.   0.11792646E-01  -0.11792646E-01  -0.65718276E+00   0.00000000E+00
  5.   76.   0.14442982E-01  -0.83386597E-02  -0.65718276E+00   0.00000000E+00
  5.   77.   0.16109054E-01  -0.43164079E-02  -0.65718276E+00   0.00000000E+00
  5.   78.   0.16677319E-01   0.00000000E+00  -0.65718276E+00   0.00000000E+00
  6.    1.  -0.14812227E-02   0.00000000E+00   0.96202886E-02   0.00000000E+00
  6.    2.  -0.12970218E-02   0.79377576E-03   0.68025713E-02   0.00000000E+00
  6.    3.  -0.77953036E-03   0.13501863E-02  -0.18014469E-09   0.00000000E+00
  6.    4.  -0.38919013E-04   0.15201418E-02  -0.68025716E-02   0.00000000E+00
  6.    5.   0.74061139E-03   0.12827765E-02  -0.96202890E-02   0.00000000E+00
  6.    6.   0.13359409E-02   0.72636599E-03  -0.68025716E-02   0.00000000E+00
  6.    7.   0.15590609E-02  -0.15959583E-11  -0.13395435E-09   0.00000000E+00
  6.    8.   0.13359409E-02  -0.72636599E-03   0.68025714E-02   0.00000000E+00
  6.    9.   0.74061140E-03  -0.12827765E-02   0.96202888E-02   0.00000000E+00
  6.   10.  -0.38919005E-04  -0.15201418E-02   0.68025714E-02   0.00000000E+00
  6.   11.  -0.77953035E-03  -0.13501863E-02  -0.12892704E-10   0.00000000E+00
  6.   12.  -0.12970218E-02  -0.79377577E-03  -0.68025715E-02   0.00000000E+00
  6.   13.  -0.14812227E-02   0.00000000E+00  -0.96202889E-02   0.00000000E+00
  6.   14.  -0.53042163E-02   0.00000000E+00   0.87196733E-01   0.00000000E+00
  6.   15.  -0.46861183E-02   0.29974433E-02   0.61657401E-01   0.00000000E+00
  6.   16.  -0.29049110E-02   0.50314535E-02  -0.16387268E-09   0.00000000E+00
  6.   17.  -0.25280278E-03   0.55570192E-02  -0.61657401E-01   0.00000000E+00
  6.   18.   0.26521082E-02   0.45935861E-02  -0.87196733E-01   0.00000000E+00
  6.   19.   0.49389212E-02   0.25595759E-02  -0.61657401E-01   0.00000000E+00
  6.   20.   0.58098221E-02   0.53759900E-11  -0.26991648E-09   0.00000000E+00
  6.   21.   0.49389213E-02  -0.25595759E-02   0.61657401E-01   0.00000000E+00
  6.   22.   0.26521083E-02  -0.45935861E-02   0.87196733E-01   0.00000000E+00
  6.   23.  -0.25280276E-03  -0.55570192E-02   0.61657402E-01   0.00000000E+00
  6.   24.  -0.29049109E-02  -0.50314535E-02   0.59701407E-09   0.00000000E+00
  6.   25.  -0.46861183E-02  -0.29974433E-02  -0.61657401E-01   0.00000000E+00
  6.   26.  -0.53042163E-02   0.00000000E+00  -0.87196733E-01   0.00000000E+00
  6.   27.  -0.10424010E-01   0.00000000E+00   0.28438880E+00   0.00000000E+00
  6.   28.  -0.93494929E-02   0.64138574E-02   0.20109325E+00   0.00000000E+00
  6.   29.  -0.60918220E-02   0.10551345E-01  -0.86320630E-10   0.00000000E+00
  6.   30.  -0.87981692E-03   0.11303827E-01  -0.20109325E+00   0.00000000E+00
  6.   31.   0.52120051E-02   0.90274576E-02  -0.28438880E+00   0.00000000E+00
  6.   32.   0.10229310E-01   0.48899697E-02  -0.20109325E+00   0.00000000E+00
  6.   33.   0.12183644E-01   0.14196053E-10  -0.78187297E-09   0.00000000E+00
  6.   34.   0.10229310E-01  -0.48899697E-02   0.20109325E+00   0.00000000E+00
  6.   35.   0.52120051E-02  -0.90274575E-02   0.28438880E+00   0.00000000E+00
  6.   36.  -0.87981687E-03  -0.11303827E-01   0.20109325E+00   0.00000000E+00
  6.   37.  -0.60918219E-02  -0.10551345E-01   0.19767000E-08   0.00000000E+00
  6.   38.  -0.93494929E-02  -0.64138574E-02  -0.20109325E+00   0.00000000E+00
  6.   39.  -0.10424010E-01   0.00000000E+00  -0.28438880E+00   0.00000000E+00
  6.   40.  -0.14486099E-01   0.00000000E+00   0.59915434E+00   0.00000000E+00
  6.   41.  -0.13356313E-01   0.10269679E-01   0.42366609E+00   0.00000000E+00
  6.   42.  -0.94586960E-02   0.16382942E-01   0.63569683E-10   0.00000000E+00
  6.   43.  -0.22156465E-02   0.16701746E-01  -0.42366609E+00   0.00000000E+00
  6.   44.   0.72430496E-02   0.12545330E-01  -0.59915434E+00   0.00000000E+00
  6.   45.   0.15571959E-01   0.64320667E-02  -0.42366609E+00   0.00000000E+00
  6.   46.   0.18917392E-01   0.19664230E-10  -0.16758552E-08   0.00000000E+00
  6.   47.   0.15571959E-01  -0.64320666E-02   0.42366609E+00   0.00000000E+00
  6.   48.   0.72430497E-02  -0.12545330E-01   0.59915434E+00   0.00000000E+00
  6.   49.  -0.22156464E-02  -0.16701746E-01   0.42366610E+00   0.00000000E+00
  6.   50.  -0.94586960E-02  -0.16382942E-01   0.41240442E-08   0.00000000E+00
  6.   51.  -0.13356313E-01  -0.10269679E-01  -0.42366609E+00   0.00000000E+00
  6.   52.  -0.14486099E-01   0.00000000E+00  -0.59915434E+00   0.00000000E+00
  6.   53.  -0.17620487E-01   0.00000000E+00   0.99992893E+00   0.00000000E+00
  6.   54.  -0.16571758E-01   0.13706578E-01   0.70705653E+00   0.00000000E+00
  6.   55.  -0.12394609E-01   0.21468093E-01   0.25740757E-09   0.00000000E+00
  6.   56.  -0.35843655E-02   0.21204853E-01  -0.70705653E+00   0.00000000E+00
  6.   57.   0.88102437E-02   0.15259790E-01  -0.99992893E+00   0.00000000E+00
  6.   58.   0.20156124E-01   0.74982749E-02  -0.70705653E+00   0.00000000E+00
  6.   59.   0.24789218E-01   0.22854629E-10  -0.28503238E-08   0.00000000E+00
  6.   60.   0.20156124E-01  -0.74982748E-02   0.70705652E+00   0.00000000E+00
  6.   61.   0.88102438E-02  -0.15259790E-01   0.99992893E+00   0.00000000E+00
  6.   62.  -0.35843654E-02  -0.21204853E-01   0.70705653E+00   0.00000000E+00
  6.   63.  -0.12394609E-01  -0.21468093E-01   0.68387692E-08   0.00000000E+00
  6.   64.  -0.16571758E-01  -0.13706578E-01  -0.70705652E+00   0.00000000E+00
  6.   65.  -0.17620487E-01   0.00000000E+00  -0.99992893E+00   0.00000000E+00
  6.   66.   0.17620487E-01   0.00000000E+00   0.99992893E+00   0.00000000E+00
  6.   67.   0.16571759E-01  -0.13706578E-01   0.70705653E+00   0.00000000E+00
  6.   68.   0.12394609E-01  -0.21468093E-01   0.25740409E-09   0.00000000E+00
  6.   69.   0.35843656E-02  -0.21204853E-01  -0.70705653E+00   0.00000000E+00
  6.   70.  -0.88102436E-02  -0.15259790E-01  -0.99992893E+00   0.00000000E+00
  6.   71.  -0.20156124E-01  -0.74982749E-02  -0.70705653E+00   0.00000000E+00
  6.   72.  -0.24789218E-01  -0.22634486E-10  -0.28503209E-08   0.00000000E+00
  6.   73.  -0.20156124E-01   0.74982748E-02   0.70705652E+00   0.00000000E+00
  6.   74.  -0.88102437E-02   0.15259790E-01   0.99992893E+00   0.00000000E+00
  6.   75.   0.35843655E-02   0.21204853E-01   0.70705653E+00   0.00000000E+00
  6.   76.   0.12394609E-01   0.21468093E-01   0.68387729E-08   0.00000000E+00
  6.   77.   0.16571759E-01   0.13706578E-01  -0.70705652E+00   0.00000000E+00
  6.   78.   0.17620487E-01   0.00000000E+00  -0.99992893E+00   0.00000000E+00
  7.    1.   0.13643114E-01   0.00000000E+00  -0.77155778E+00   0.00000000E+00
  7.    2.   0.15239444E-01  -0.59575834E-02  -0.74526759E+00   0.00000000E+00
  7.    3.   0.19600697E-01  -0.10318837E-01  -0.66818864E+00   0.00000000E+00
  7.    4.   0.25558281E-01  -0.11915167E-01  -0.54557374E+00   0.00000000E+00
  7.    5.   0.31515864E-01  -0.10318837E-01  -0.38577889E+00   0.00000000E+00
  7.    6.   0.35877118E-01  -0.59575834E-02  -0.19969385E+00   0.00000000E+00
  7.    7.   0.37473448E-01  -0.26311216E-10  -0.74311517E-09   0.00000000E+00
  7.    8.   0.35877118E-01   0.59575834E-02   0.19969385E+00   0.00000000E+00
  7.    9.   0.31515864E-01   0.10318837E-01   0.38577889E+00   0.00000000E+00
  7.   10.   0.25558281E-01   0.11915167E-01   0.54557374E+00   0.00000000E+00
  7.   11.   0.19600697E-01   0.10318837E-01   0.66818864E+00   0.00000000E+00
  7.   12.   0.15239444E-01   0.59575835E-02   0.74526759E+00   0.00000000E+00
  7.   13.   0.13643114E-01   0.00000000E+00   0.77155778E+00   0.00000000E+00
  7.   14.  -0.24956986E-03   0.00000000E+00  -0.99969184E+00   0.00000000E+00
  7.   15.   0.12535668E-02  -0.56097824E-02  -0.96562817E+00   0.00000000E+00
  7.   16.   0.53602126E-02  -0.97164282E-02  -0.86575853E+00   0.00000000E+00
  7.   17.   0.10969995E-01  -0.11219565E-01  -0.70688888E+00   0.00000000E+00
  7.   18.   0.16579777E-01  -0.97164282E-02  -0.49984592E+00   0.00000000E+00
  7.   19.   0.20686423E-01  -0.56097824E-02  -0.25873929E+00   0.00000000E+00
  7.   20.   0.22189560E-01  -0.25018265E-10  -0.10479709E-08   0.00000000E+00
  7.   21.   0.20686423E-01   0.56097824E-02   0.25873929E+00   0.00000000E+00
  7.   22.   0.16579777E-01   0.97164281E-02   0.49984592E+00   0.00000000E+00
  7.   23.   0.10969995E-01   0.11219565E-01   0.70688888E+00   0.00000000E+00
  7.   24.   0.53602126E-02   0.97164282E-02   0.86575853E+00   0.00000000E+00
  7.   25.   0.12535668E-02   0.56097825E-02   0.96562817E+00   0.00000000E+00
  7.   26.  -0.24956986E-03   0.00000000E+00   0.99969184E+00   0.00000000E+00
  7.   27.  -0.22859275E-01   0.00000000E+00  -0.70055154E+00   0.00000000E+00
  7.   28.  -0.20658541E-01  -0.82132490E-02  -0.67668082E+00   0.00000000E+00
  7.   29.  -0.14646026E-01  -0.14225765E-01  -0.60669543E+00   0.00000000E+00
  7.   30.  -0.64327766E-02  -0.16426498E-01  -0.49536474E+00   0.00000000E+00
  7.   31.   0.17804724E-02  -0.14225765E-01  -0.35027577E+00   0.00000000E+00
  7.   32.   0.77929879E-02  -0.82132490E-02  -0.18131608E+00   0.00000000E+00
  7.   33.   0.99937214E-02  -0.38892022E-10  -0.71209038E-09   0.00000000E+00
  7.   34.   0.77929880E-02   0.82132489E-02   0.18131608E+00   0.00000000E+00
  7.   35.   0.17804724E-02   0.14225765E-01   0.35027577E+00   0.00000000E+00
  7.   36.  -0.64327765E-02   0.16426498E-01   0.49536474E+00   0.00000000E+00
  7.   37.  -0.14646026E-01   0.14225765E-01   0.60669543E+00   0.00000000E+00
  7.   38.  -0.20658541E-01   0.82132490E-02   0.67668082E+00   0.00000000E+00
  7.   39.  -0.22859275E-01   0.00000000E+00   0.70055154E+00   0.00000000E+00
  7.   40.  -0.34794972E-01   0.00000000E+00   0.50524557E-01   0.00000000E+00
  7.   41.  -0.32500093E-01  -0.85646077E-02   0.48802974E-01   0.00000000E+00
  7.   42.  -0.26230365E-01  -0.14834336E-01   0.43755549E-01   0.00000000E+00
  7.   43.  -0.17665757E-01  -0.17129215E-01   0.35726256E-01   0.00000000E+00
  7.   44.  -0.91011493E-02  -0.14834336E-01   0.25262278E-01   0.00000000E+00
  7.   45.  -0.28314213E-02  -0.85646077E-02   0.13076718E-01   0.00000000E+00
  7.   46.  -0.53654162E-03  -0.41780861E-10   0.19023531E-09   0.00000000E+00
  7.   47.  -0.28314213E-02   0.85646076E-02  -0.13076717E-01   0.00000000E+00
  7.   48.  -0.91011492E-02   0.14834336E-01  -0.25262278E-01   0.00000000E+00
  7.   49.  -0.17665757E-01   0.17129215E-01  -0.35726257E-01   0.00000000E+00
  7.   50.  -0.26230365E-01   0.14834336E-01  -0.43755550E-01   0.00000000E+00
  7.   51.  -0.32500093E-01   0.85646077E-02  -0.48802974E-01   0.00000000E+00
  7.   52.  -0.34794972E-01   0.00000000E+00  -0.50524556E-01   0.00000000E+00
  7.   53.  -0.34931604E-01   0.00000000E+00   0.93638551E+00   0.00000000E+00
  7.   54.  -0.33100651E-01  -0.68332068E-02   0.90447895E+00   0.00000000E+00
  7.   55.  -0.28098397E-01  -0.11835461E-01   0.81093364E+00   0.00000000E+00
  7.   56.  -0.21265190E-01  -0.13666414E-01   0.66212454E+00   0.00000000E+00
  7.   57.  -0.14431983E-01  -0.11835461E-01   0.46819276E+00   0.00000000E+00
  7.   58.  -0.94297288E-02  -0.68332068E-02   0.24235440E+00   0.00000000E+00
  7.   59.  -0.75987765E-02  -0.35116117E-10   0.12879088E-08   0.00000000E+00
  7.   60.  -0.94297288E-02   0.68332067E-02  -0.24235440E+00   0.00000000E+00
  7.   61.  -0.14431983E-01   0.11835461E-01  -0.46819275E+00   0.00000000E+00
  7.   62.  -0.21265190E-01   0.13666414E-01  -0.66212454E+00   0.00000000E+00
  7.   63.  -0.28098397E-01   0.11835461E-01  -0.81093364E+00   0.00000000E+00
  7.   64.  -0.33100651E-01   0.68332068E-02  -0.90447895E+00   0.00000000E+00
  7.   65.  -0.34931604E-01   0.00000000E+00  -0.93638551E+00   0.00000000E+00
  7.   66.   0.34931604E-01   0.00000000E+00   0.93638551E+00   0.00000000E+00
  7.   67.   0.33100651E-01   0.68332068E-02   0.90447895E+00   0.00000000E+00
  7.   68.   0.28098397E-01   0.11835461E-01   0.81093364E+00   0.00000000E+00
  7.   69.   0.21265190E-01   0.13666414E-01   0.66212454E+00   0.00000000E+00
  7.   70.   0.14431983E-01   0.11835461E-01   0.46819276E+00   0.00000000E+00
  7.   71.   0.94297288E-02   0.68332068E-02   0.24235440E+00   0.00000000E+00
  7.   72.   0.75987766E-02   0.35171711E-10   0.12879247E-08   0.00000000E+00
  7.   73.   0.94297288E-02  -0.68332067E-02  -0.24235440E+00   0.00000000E+00
  7.   74.   0.14431983E-01  -0.11835461E-01  -0.46819275E+00   0.00000000E+00
  7.   75.   0.21265190E-01  -0.13666414E-01  -0.66212454E+00   0.00000000E+00
  7.   76.   0.28098397E-01  -0.11835461E-01  -0.81093364E+00   0.00000000E+00
  7.   77.   0.33100651E-01  -0.68332068E-02  -0.90447895E+00   0.00000000E+00
  7.   78.   0.34931604E-01   0.00000000E+00  -0.93638551E+00   0.00000000E+00
  8.    1.   0.46885259E-03   0.00000000E+00  -0.22298675E-02   0.00000000E+00
  8.    2.   0.33836648E-03  -0.35704724E-03  -0.11149338E-02   0.00000000E+00
  8.    3.   0.13209307E-04  -0.49173175E-03   0.11149336E-02   0.00000000E+00
  8.    4.  -0.33152883E-03  -0.33152884E-03   0.22298673E-02   0.00000000E+00
  8.    5.  -0.49173174E-03   0.13209292E-04   0.11149336E-02   0.00000000E+00
  8.    6.  -0.35704722E-03   0.33836647E-03  -0.11149337E-02   0.00000000E+00
  8.    7.   0.13520567E-10   0.46885258E-03  -0.22298673E-02   0.00000000E+00
  8.    8.   0.35704725E-03   0.33836648E-03  -0.11149336E-02   0.00000000E+00
  8.    9.   0.49173176E-03   0.13209299E-04   0.11149338E-02   0.00000000E+00
  8.   10.   0.33152885E-03  -0.33152884E-03   0.22298675E-02   0.00000000E+00
  8.   11.  -0.13209282E-04  -0.49173175E-03   0.11149339E-02   0.00000000E+00
  8.   12.  -0.33836646E-03  -0.35704724E-03  -0.11149335E-02   0.00000000E+00
  8.   13.  -0.46885257E-03   0.00000000E+00  -0.22298672E-02   0.00000000E+00
  8.   14.   0.35524400E-02   0.00000000E+00  -0.43451589E-01   0.00000000E+00
  8.   15.   0.25805485E-02  -0.27679512E-02  -0.21725795E-01   0.00000000E+00
  8.   16.   0.13251368E-03  -0.37819604E-02   0.21725794E-01   0.00000000E+00
  8.   17.  -0.25119544E-02  -0.25119544E-02   0.43451589E-01   0.00000000E+00
  8.   18.  -0.37819604E-02   0.13251366E-03   0.21725794E-01   0.00000000E+00
  8.   19.  -0.27679511E-02   0.25805485E-02  -0.21725794E-01   0.00000000E+00
  8.   20.  -0.19858294E-11   0.35524400E-02  -0.43451589E-01   0.00000000E+00
  8.   21.   0.27679512E-02   0.25805485E-02  -0.21725795E-01   0.00000000E+00
  8.   22.   0.37819604E-02   0.13251369E-03   0.21725794E-01   0.00000000E+00
  8.   23.   0.25119544E-02  -0.25119544E-02   0.43451589E-01   0.00000000E+00
  8.   24.  -0.13251364E-03  -0.37819604E-02   0.21725795E-01   0.00000000E+00
  8.   25.  -0.25805485E-02  -0.27679512E-02  -0.21725794E-01   0.00000000E+00
  8.   26.  -0.35524400E-02   0.00000000E+00  -0.43451589E-01   0.00000000E+00
  8.   27.   0.98598262E-02   0.00000000E+00  -0.20752009E+00   0.00000000E+00
  8.   28.   0.74179212E-02  -0.86363372E-02  -0.10376004E+00   0.00000000E+00
  8.   29.   0.86155025E-03  -0.11352075E-01   0.10376004E+00   0.00000000E+00
  8.   30.  -0.69719499E-02  -0.69719500E-02   0.20752009E+00   0.00000000E+00
  8.   31.  -0.11352075E-01   0.86155022E-03   0.10376004E+00   0.00000000E+00
  8.   32.  -0.86363372E-02   0.74179212E-02  -0.10376004E+00   0.00000000E+00
  8.   33.  -0.35001813E-10   0.98598262E-02  -0.20752009E+00   0.00000000E+00
  8.   34.   0.86363372E-02   0.74179212E-02  -0.10376004E+00   0.00000000E+00
  8.   35.   0.11352075E-01   0.86155029E-03   0.10376004E+00   0.00000000E+00
  8.   36.   0.69719500E-02  -0.69719499E-02   0.20752009E+00   0.00000000E+00
  8.   37.  -0.86155018E-03  -0.11352075E-01   0.10376004E+00   0.00000000E+00
  8.   38.  -0.74179211E-02  -0.86363373E-02  -0.10376004E+00   0.00000000E+00
  8.   39.  -0.98598262E-02   0.00000000E+00  -0.20752009E+00   0.00000000E+00
  8.   40.   0.16055110E-01   0.00000000E+00  -0.53538845E+00   0.00000000E+00
  8.   41.   0.12804832E-01  -0.16772194E-01  -0.26769422E+00   0.00000000E+00
  8.   42.   0.28053483E-02  -0.20914116E-01   0.26769422E+00   0.00000000E+00
  8.   43.  -0.11352677E-01  -0.11352677E-01   0.53538845E+00   0.00000000E+00
  8.   44.  -0.20914116E-01   0.28053482E-02   0.26769423E+00   0.00000000E+00
  8.   45.  -0.16772194E-01   0.12804832E-01  -0.26769422E+00   0.00000000E+00
  8.   46.  -0.81312755E-10   0.16055110E-01  -0.53538845E+00   0.00000000E+00
  8.   47.   0.16772194E-01   0.12804833E-01  -0.26769423E+00   0.00000000E+00
  8.   48.   0.20914116E-01   0.28053484E-02   0.26769422E+00   0.00000000E+00
  8.   49.   0.11352677E-01  -0.11352677E-01   0.53538845E+00   0.00000000E+00
  8.   50.  -0.28053482E-02  -0.20914116E-01   0.26769423E+00   0.00000000E+00
  8.   51.  -0.12804832E-01  -0.16772194E-01  -0.26769422E+00   0.00000000E+00
  8.   52.  -0.16055110E-01   0.00000000E+00  -0.53538845E+00   0.00000000E+00
  8.   53.   0.21370041E-01   0.00000000E+00  -0.99986143E+00   0.00000000E+00
  8.   54.   0.17703790E-01  -0.24787694E-01  -0.49993072E+00   0.00000000E+00
  8.   55.   0.50090768E-02  -0.30046016E-01   0.49993072E+00   0.00000000E+00
  8.   56.  -0.15110901E-01  -0.15110901E-01   0.99986144E+00   0.00000000E+00
  8.   57.  -0.30046016E-01   0.50090767E-02   0.49993072E+00   0.00000000E+00
  8.   58.  -0.24787694E-01   0.17703790E-01  -0.49993071E+00   0.00000000E+00
  8.   59.  -0.12667952E-09   0.21370041E-01  -0.99986144E+00   0.00000000E+00
  8.   60.   0.24787694E-01   0.17703790E-01  -0.49993072E+00   0.00000000E+00
  8.   61.   0.30046016E-01   0.50090769E-02   0.49993071E+00   0.00000000E+00
  8.   62.   0.15110901E-01  -0.15110901E-01   0.99986144E+00   0.00000000E+00
  8.   63.  -0.50090766E-02  -0.30046016E-01   0.49993073E+00   0.00000000E+00
  8.   64.  -0.17703790E-01  -0.24787694E-01  -0.49993071E+00   0.00000000E+00
  8.   65.  -0.21370041E-01   0.00000000E+00  -0.99986143E+00   0.00000000E+00
  8.   66.  -0.21370041E-01   0.00000000E+00  -0.99986143E+00   0.00000000E+00
  8.   67.  -0.17703790E-01   0.24787694E-01  -0.49993072E+00   0.00000000E+00
  8.   68.  -0.50090767E-02   0.30046016E-01   0.49993072E+00   0.00000000E+00
  8.   69.   0.15110901E-01   0.15110901E-01   0.99986144E+00   0.00000000E+00
  8.   70.   0.30046016E-01  -0.50090767E-02   0.49993072E+00   0.00000000E+00
  8.   71.   0.24787694E-01  -0.17703790E-01  -0.49993071E+00   0.00000000E+00
  8.   72.   0.13951334E-09  -0.21370041E-01  -0.99986144E+00   0.00000000E+00
  8.   73.  -0.24787694E-01  -0.17703790E-01  -0.49993072E+00   0.00000000E+00
  8.   74.  -0.30046016E-01  -0.50090769E-02   0.49993071E+00   0.00000000E+00
  8.   75.  -0.15110901E-01   0.15110901E-01   0.99986144E+00   0.00000000E+00
  8.   76.   0.50090766E-02   0.30046016E-01   0.49993073E+00   0.00000000E+00
  8.   77.   0.17703790E-01   0.24787694E-01  -0.49993071E+00   0.00000000E+00
  8.   78.   0.21370041E-01   0.00000000E+00  -0.99986143E+00   0.00000000E+00
  9.    1.  -0.13982729E-03   0.00000000E+00   0.52109681E-03   0.00000000E+00
  9.    2.  -0.72649616E-04   0.13130480E-03   0.13486984E-03   0.00000000E+00
  9.    3.   0.67177684E-04   0.12583285E-03  -0.45128293E-03   0.00000000E+00
  9.    4.   0.14529927E-03  -0.54719525E-05  -0.36847096E-03   0.00000000E+00
  9.    5.   0.78121596E-04  -0.12583284E-03   0.26054844E-03   0.00000000E+00
  9.    6.  -0.72649616E-04  -0.12036089E-03   0.50334087E-03   0.00000000E+00
  9.    7.  -0.15077120E-03   0.39281520E-11   0.82423682E-10   0.00000000E+00
  9.    8.  -0.72649618E-04   0.12036090E-03  -0.50334070E-03   0.00000000E+00
  9.    9.   0.78121593E-04   0.12583285E-03  -0.26054826E-03   0.00000000E+00
  9.   10.   0.14529927E-03   0.54719612E-05   0.36847115E-03   0.00000000E+00
  9.   11.   0.67177682E-04  -0.12583284E-03   0.45128315E-03   0.00000000E+00
  9.   12.  -0.72649619E-04  -0.13130480E-03  -0.13486960E-03   0.00000000E+00
  9.   13.  -0.13982729E-03   0.00000000E+00  -0.52109658E-03   0.00000000E+00
  9.   14.  -0.22593863E-02   0.00000000E+00   0.22119108E-01   0.00000000E+00
  9.   15.  -0.11782735E-02   0.21379903E-02   0.57248464E-02   0.00000000E+00
  9.   16.   0.10811128E-02   0.20408296E-02  -0.19155709E-01   0.00000000E+00
  9.   17.   0.23565470E-02  -0.97160733E-04  -0.15640571E-01   0.00000000E+00
  9.   18.   0.12754343E-02  -0.20408296E-02   0.11059554E-01   0.00000000E+00
  9.   19.  -0.11782735E-02  -0.19436688E-02   0.21365417E-01   0.00000000E+00
  9.   20.  -0.24537077E-02  -0.65007055E-11   0.99022193E-10   0.00000000E+00
  9.   21.  -0.11782735E-02   0.19436688E-02  -0.21365417E-01   0.00000000E+00
  9.   22.   0.12754342E-02   0.20408296E-02  -0.11059554E-01   0.00000000E+00
  9.   23.   0.23565470E-02   0.97160762E-04   0.15640571E-01   0.00000000E+00
  9.   24.   0.10811128E-02  -0.20408296E-02   0.19155709E-01   0.00000000E+00
  9.   25.  -0.11782735E-02  -0.21379903E-02  -0.57248460E-02   0.00000000E+00
  9.   26.  -0.22593863E-02   0.00000000E+00  -0.22119108E-01   0.00000000E+00
  9.   27.  -0.89387402E-02   0.00000000E+00   0.15361236E+00   0.00000000E+00
  9.   28.  -0.49743688E-02   0.96258571E-02   0.39757805E-01   0.00000000E+00
  9.   29.   0.39643713E-02   0.86158596E-02  -0.13303221E+00   0.00000000E+00
  9.   30.   0.99487377E-02  -0.10099975E-02  -0.10862034E+00   0.00000000E+00
  9.   31.   0.59843664E-02  -0.86158596E-02   0.76806180E-01   0.00000000E+00
  9.   32.  -0.49743688E-02  -0.76058621E-02   0.14837815E+00   0.00000000E+00
  9.   33.  -0.10958735E-01  -0.39201438E-10   0.81474641E-09   0.00000000E+00
  9.   34.  -0.49743689E-02   0.76058620E-02  -0.14837815E+00   0.00000000E+00
  9.   35.   0.59843663E-02   0.86158596E-02  -0.76806182E-01   0.00000000E+00
  9.   36.   0.99487377E-02   0.10099976E-02   0.10862034E+00   0.00000000E+00
  9.   37.   0.39643714E-02  -0.86158595E-02   0.13303221E+00   0.00000000E+00
  9.   38.  -0.49743688E-02  -0.96258572E-02  -0.39757803E-01   0.00000000E+00
  9.   39.  -0.89387402E-02   0.00000000E+00  -0.15361236E+00   0.00000000E+00
  9.   40.  -0.17135013E-01   0.00000000E+00   0.48287287E+00   0.00000000E+00
  9.   41.  -0.10632860E-01   0.22547362E-01   0.12497670E+00   0.00000000E+00
  9.   42.   0.65021529E-02   0.18416654E-01  -0.41818017E+00   0.00000000E+00
  9.   43.   0.21265721E-01  -0.41307074E-02  -0.34144268E+00   0.00000000E+00
  9.   44.   0.14763568E-01  -0.18416654E-01   0.24143643E+00   0.00000000E+00
  9.   45.  -0.10632860E-01  -0.14285947E-01   0.46641938E+00   0.00000000E+00
  9.   46.  -0.25396428E-01  -0.73496436E-10   0.27846002E-08   0.00000000E+00
  9.   47.  -0.10632860E-01   0.14285947E-01  -0.46641938E+00   0.00000000E+00
  9.   48.   0.14763568E-01   0.18416654E-01  -0.24143644E+00   0.00000000E+00
  9.   49.   0.21265721E-01   0.41307076E-02   0.34144268E+00   0.00000000E+00
  9.   50.   0.65021531E-02  -0.18416654E-01   0.41818018E+00   0.00000000E+00
  9.   51.  -0.10632860E-01  -0.22547362E-01  -0.12497669E+00   0.00000000E+00
  9.   52.  -0.17135013E-01   0.00000000E+00  -0.48287287E+00   0.00000000E+00
  9.   53.  -0.24839622E-01   0.00000000E+00   0.99977320E+00   0.00000000E+00
  9.   54.  -0.16469802E-01   0.36626514E-01   0.25876035E+00   0.00000000E+00
  9.   55.   0.83698205E-02   0.28526533E-01  -0.86582899E+00   0.00000000E+00
  9.   56.   0.32939603E-01  -0.80999811E-02  -0.70694641E+00   0.00000000E+00
  9.   57.   0.24569783E-01  -0.28526533E-01   0.49988660E+00   0.00000000E+00
  9.   58.  -0.16469802E-01  -0.20426552E-01   0.96570675E+00   0.00000000E+00
  9.   59.  -0.41039585E-01  -0.10020753E-09   0.58975603E-08   0.00000000E+00
  9.   60.  -0.16469802E-01   0.20426552E-01  -0.96570675E+00   0.00000000E+00
  9.   61.   0.24569783E-01   0.28526533E-01  -0.49988661E+00   0.00000000E+00
  9.   62.   0.32939603E-01   0.80999814E-02   0.70694640E+00   0.00000000E+00
  9.   63.   0.83698208E-02  -0.28526533E-01   0.86582899E+00   0.00000000E+00
  9.   64.  -0.16469802E-01  -0.36626515E-01  -0.25876033E+00   0.00000000E+00
  9.   65.  -0.24839622E-01   0.00000000E+00  -0.99977320E+00   0.00000000E+00
  9.   66.   0.24839622E-01   0.00000000E+00   0.99977320E+00   0.00000000E+00
  9.   67.   0.16469802E-01  -0.36626514E-01   0.25876035E+00   0.00000000E+00
  9.   68.  -0.83698205E-02  -0.28526533E-01  -0.86582899E+00   0.00000000E+00
  9.   69.  -0.32939603E-01   0.80999811E-02  -0.70694641E+00   0.00000000E+00
  9.   70.  -0.24569783E-01   0.28526533E-01   0.49988660E+00   0.00000000E+00
  9.   71.   0.16469802E-01   0.20426552E-01   0.96570675E+00   0.00000000E+00
  9.   72.   0.41039585E-01   0.10033176E-09   0.58975667E-08   0.00000000E+00
  9.   73.   0.16469802E-01  -0.20426552E-01  -0.96570675E+00   0.00000000E+00
  9.   74.  -0.24569783E-01  -0.28526533E-01  -0.49988661E+00   0.00000000E+00
  9.   75.  -0.32939603E-01  -0.80999814E-02   0.70694640E+00   0.00000000E+00
  9.   76.  -0.83698208E-02   0.28526533E-01   0.86582899E+00   0.00000000E+00
  9.   77.   0.16469802E-01   0.36626515E-01  -0.25876033E+00   0.00000000E+00
  9.   78.   0.24839622E-01   0.00000000E+00  -0.99977320E+00   0.00000000E+00
 10.    1.  -0.20696490E-01   0.00000000E+00   0.30959333E+00   0.00000000E+00
 10.    2.  -0.21362134E-01   0.10472765E-01   0.26811569E+00   0.00000000E+00
 10.    3.  -0.22510673E-01   0.18293140E-01   0.15479666E+00   0.00000000E+00
 10.    4.  -0.22125147E-01   0.22125147E-01   0.40832725E-09   0.00000000E+00
 10.    5.  -0.18293140E-01   0.22510673E-01  -0.15479666E+00   0.00000000E+00
 10.    6.  -0.10472765E-01   0.21362134E-01  -0.26811569E+00   0.00000000E+00
 10.    7.  -0.46201302E-10   0.20696490E-01  -0.30959333E+00   0.00000000E+00
 10.    8.   0.10472765E-01   0.21362134E-01  -0.26811569E+00   0.00000000E+00
 10.    9.   0.18293139E-01   0.22510673E-01  -0.15479667E+00   0.00000000E+00
 10.   10.   0.22125147E-01   0.22125147E-01  -0.10170643E-08   0.00000000E+00
 10.   11.   0.22510673E-01   0.18293140E-01   0.15479666E+00   0.00000000E+00
 10.   12.   0.21362134E-01   0.10472765E-01   0.26811569E+00   0.00000000E+00
 10.   13.   0.20696490E-01   0.00000000E+00   0.30959333E+00   0.00000000E+00
 10.   14.  -0.17306135E-01   0.00000000E+00   0.86342327E+00   0.00000000E+00
 10.   15.  -0.19432809E-01   0.14616774E-01   0.74774648E+00   0.00000000E+00
 10.   16.  -0.24076691E-01   0.24395917E-01   0.43171163E+00   0.00000000E+00
 10.   17.  -0.27079786E-01   0.27079786E-01   0.11595447E-08   0.00000000E+00
 10.   18.  -0.24395917E-01   0.24076691E-01  -0.43171163E+00   0.00000000E+00
 10.   19.  -0.14616774E-01   0.19432809E-01  -0.74774648E+00   0.00000000E+00
 10.   20.  -0.64593364E-10   0.17306135E-01  -0.86342327E+00   0.00000000E+00
 10.   21.   0.14616774E-01   0.19432809E-01  -0.74774648E+00   0.00000000E+00
 10.   22.   0.24395917E-01   0.24076691E-01  -0.43171163E+00   0.00000000E+00
 10.   23.   0.27079786E-01   0.27079786E-01  -0.27933759E-08   0.00000000E+00
 10.   24.   0.24076691E-01   0.24395917E-01   0.43171163E+00   0.00000000E+00
 10.   25.   0.19432809E-01   0.14616774E-01   0.74774648E+00   0.00000000E+00
 10.   26.   0.17306135E-01   0.00000000E+00   0.86342327E+00   0.00000000E+00
 10.   27.   0.15197772E-01   0.00000000E+00   0.92067496E+00   0.00000000E+00
 10.   28.   0.93161246E-02   0.16084486E-01   0.79732790E+00   0.00000000E+00
 10.   29.  -0.47859541E-02   0.23487288E-01   0.46033748E+00   0.00000000E+00
 10.   30.  -0.18561878E-01   0.18561878E-01   0.12389066E-08   0.00000000E+00
 10.   31.  -0.23487288E-01   0.47859542E-02  -0.46033748E+00   0.00000000E+00
 10.   32.  -0.16084486E-01  -0.93161246E-02  -0.79732790E+00   0.00000000E+00
 10.   33.  -0.73735612E-10  -0.15197772E-01  -0.92067496E+00   0.00000000E+00
 10.   34.   0.16084486E-01  -0.93161247E-02  -0.79732790E+00   0.00000000E+00
 10.   35.   0.23487288E-01   0.47859540E-02  -0.46033748E+00   0.00000000E+00
 10.   36.   0.18561878E-01   0.18561878E-01  -0.29768635E-08   0.00000000E+00
 10.   37.   0.47859543E-02   0.23487288E-01   0.46033748E+00   0.00000000E+00
 10.   38.  -0.93161245E-02   0.16084486E-01   0.79732790E+00   0.00000000E+00
 10.   39.  -0.15197772E-01   0.00000000E+00   0.92067496E+00   0.00000000E+00
 10.   40.   0.42691040E-01   0.00000000E+00   0.14901047E+00   0.00000000E+00
 10.   41.   0.35308171E-01   0.11075117E-01   0.12904686E+00   0.00000000E+00
 10.   42.   0.17135356E-01   0.13011732E-01   0.74505237E-01   0.00000000E+00
 10.   43.  -0.22052040E-02   0.22052041E-02   0.23663450E-09   0.00000000E+00
 10.   44.  -0.13011732E-01  -0.17135356E-01  -0.74505236E-01   0.00000000E+00
 10.   45.  -0.11075117E-01  -0.35308171E-01  -0.12904686E+00   0.00000000E+00
 10.   46.  -0.51629733E-10  -0.42691040E-01  -0.14901047E+00   0.00000000E+00
 10.   47.   0.11075117E-01  -0.35308171E-01  -0.12904686E+00   0.00000000E+00
 10.   48.   0.13011732E-01  -0.17135357E-01  -0.74505237E-01   0.00000000E+00
 10.   49.   0.22052041E-02   0.22052039E-02  -0.49131348E-09   0.00000000E+00
 10.   50.  -0.17135356E-01   0.13011732E-01   0.74505236E-01   0.00000000E+00
 10.   51.  -0.35308171E-01   0.11075117E-01   0.12904685E+00   0.00000000E+00
 10.   52.  -0.42691040E-01   0.00000000E+00   0.14901047E+00   0.00000000E+00
 10.   53.   0.46192811E-01   0.00000000E+00  -0.99706968E+00   0.00000000E+00
 10.   54.   0.40717676E-01   0.26037201E-02  -0.86348767E+00   0.00000000E+00
 10.   55.   0.26950637E-01  -0.48706175E-03  -0.49853484E+00   0.00000000E+00
 10.   56.   0.11346956E-01  -0.11346956E-01  -0.12510837E-08   0.00000000E+00
 10.   57.   0.48706177E-03  -0.26950637E-01   0.49853484E+00   0.00000000E+00
 10.   58.  -0.26037201E-02  -0.40717676E-01   0.86348767E+00   0.00000000E+00
 10.   59.  -0.97492444E-11  -0.46192811E-01   0.99706968E+00   0.00000000E+00
 10.   60.   0.26037201E-02  -0.40717676E-01   0.86348767E+00   0.00000000E+00
 10.   61.  -0.48706171E-03  -0.26950637E-01   0.49853484E+00   0.00000000E+00
 10.   62.  -0.11346956E-01  -0.11346956E-01   0.31869524E-08   0.00000000E+00
 10.   63.  -0.26950637E-01  -0.48706180E-03  -0.49853484E+00   0.00000000E+00
 10.   64.  -0.40717676E-01   0.26037201E-02  -0.86348767E+00   0.00000000E+00
 10.   65.  -0.46192811E-01   0.00000000E+00  -0.99706968E+00   0.00000000E+00
 10.   66.  -0.46192811E-01   0.00000000E+00  -0.99706968E+00   0.00000000E+00
 10.   67.  -0.40717676E-01  -0.26037201E-02  -0.86348767E+00   0.00000000E+00
 10.   68.  -0.26950637E-01   0.48706175E-03  -0.49853484E+00   0.00000000E+00
 10.   69.  -0.11346956E-01   0.11346956E-01  -0.12510833E-08   0.00000000E+00
 10.   70.  -0.48706176E-03   0.26950637E-01   0.49853484E+00   0.00000000E+00
 10.   71.   0.26037201E-02   0.40717676E-01   0.86348767E+00   0.00000000E+00
 10.   72.   0.15138738E-10   0.46192811E-01   0.99706968E+00   0.00000000E+00
 10.   73.  -0.26037201E-02   0.40717676E-01   0.86348767E+00   0.00000000E+00
 10.   74.   0.48706171E-03   0.26950637E-01   0.49853484E+00   0.00000000E+00
 10.   75.   0.11346956E-01   0.11346956E-01   0.31869623E-08   0.00000000E+00
 10.   76.   0.26950637E-01   0.48706180E-03  -0.49853484E+00   0.00000000E+00
 10.   77.   0.40717676E-01  -0.26037201E-02  -0.86348767E+00   0.00000000E+00
 10.   78.   0.46192811E-01   0.00000000E+00  -0.99706968E+00   0.00000000E+00
 11.    1.   0.37936384E-01   0.00000000E+00   0.99970041E+00   0.00000000E+00
 11.    2.   0.36643733E-01   0.98186587E-02   0.99970041E+00   0.00000000E+00
 11.    3.   0.32853872E-01   0.18968192E-01   0.99970041E+00   0.00000000E+00
 11.    4.   0.26825074E-01   0.26825074E-01   0.99970041E+00   0.00000000E+00
 11.    5.   0.18968192E-01   0.32853872E-01   0.99970041E+00   0.00000000E+00
 11.    6.   0.98186587E-02   0.36643733E-01   0.99970041E+00   0.00000000E+00
 11.    7.   0.42668230E-10   0.37936384E-01   0.99970041E+00   0.00000000E+00
 11.    8.  -0.98186586E-02   0.36643733E-01   0.99970041E+00   0.00000000E+00
 11.    9.  -0.18968192E-01   0.32853872E-01   0.99970041E+00   0.00000000E+00
 11.   10.  -0.26825074E-01   0.26825074E-01   0.99970041E+00   0.00000000E+00
 11.   11.  -0.32853872E-01   0.18968192E-01   0.99970041E+00   0.00000000E+00
 11.   12.  -0.36643733E-01   0.98186588E-02   0.99970041E+00   0.00000000E+00
 11.   13.  -0.37936384E-01   0.00000000E+00   0.99970041E+00   0.00000000E+00
 11.   14.   0.30282863E-01   0.00000000E+00   0.13331935E+00   0.00000000E+00
 11.   15.   0.29250999E-01   0.78377816E-02   0.13331935E+00   0.00000000E+00
 11.   16.   0.26225728E-01   0.15141431E-01   0.13331935E+00   0.00000000E+00
 11.   17.   0.21413218E-01   0.21413218E-01   0.13331935E+00   0.00000000E+00
 11.   18.   0.15141431E-01   0.26225728E-01   0.13331935E+00   0.00000000E+00
 11.   19.   0.78377816E-02   0.29250999E-01   0.13331935E+00   0.00000000E+00
 11.   20.   0.34639627E-10   0.30282863E-01   0.13331935E+00   0.00000000E+00
 11.   21.  -0.78377816E-02   0.29250999E-01   0.13331935E+00   0.00000000E+00
 11.   22.  -0.15141431E-01   0.26225728E-01   0.13331935E+00   0.00000000E+00
 11.   23.  -0.21413218E-01   0.21413218E-01   0.13331935E+00   0.00000000E+00
 11.   24.  -0.26225728E-01   0.15141431E-01   0.13331935E+00   0.00000000E+00
 11.   25.  -0.29250999E-01   0.78377817E-02   0.13331935E+00   0.00000000E+00
 11.   26.  -0.30282863E-01   0.00000000E+00   0.13331935E+00   0.00000000E+00
 11.   27.   0.51269506E-02   0.00000000E+00  -0.34238179E+00   0.00000000E+00
 11.   28.   0.49522540E-02   0.13269525E-02  -0.34238179E+00   0.00000000E+00
 11.   29.   0.44400695E-02   0.25634753E-02  -0.34238179E+00   0.00000000E+00
 11.   30.   0.36253015E-02   0.36253015E-02  -0.34238179E+00   0.00000000E+00
 11.   31.   0.25634753E-02   0.44400695E-02  -0.34238179E+00   0.00000000E+00
 11.   32.   0.13269525E-02   0.49522540E-02  -0.34238179E+00   0.00000000E+00
 11.   33.   0.59832452E-11   0.51269506E-02  -0.34238179E+00   0.00000000E+00
 11.   34.  -0.13269525E-02   0.49522540E-02  -0.34238179E+00   0.00000000E+00
 11.   35.  -0.25634753E-02   0.44400695E-02  -0.34238179E+00   0.00000000E+00
 11.   36.  -0.36253015E-02   0.36253016E-02  -0.34238179E+00   0.00000000E+00
 11.   37.  -0.44400695E-02   0.25634753E-02  -0.34238179E+00   0.00000000E+00
 11.   38.  -0.49522540E-02   0.13269525E-02  -0.34238179E+00   0.00000000E+00
 11.   39.  -0.51269506E-02   0.00000000E+00  -0.34238179E+00   0.00000000E+00
 11.   40.  -0.19379523E-01   0.00000000E+00  -0.13032023E+00   0.00000000E+00
 11.   41.  -0.18719181E-01  -0.50157895E-02  -0.13032023E+00   0.00000000E+00
 11.   42.  -0.16783159E-01  -0.96897613E-02  -0.13032023E+00   0.00000000E+00
 11.   43.  -0.13703392E-01  -0.13703392E-01  -0.13032023E+00   0.00000000E+00
 11.   44.  -0.96897613E-02  -0.16783159E-01  -0.13032023E+00   0.00000000E+00
 11.   45.  -0.50157896E-02  -0.18719181E-01  -0.13032023E+00   0.00000000E+00
 11.   46.  -0.22455560E-10  -0.19379523E-01  -0.13032023E+00   0.00000000E+00
 11.   47.   0.50157895E-02  -0.18719181E-01  -0.13032023E+00   0.00000000E+00
 11.   48.   0.96897613E-02  -0.16783159E-01  -0.13032023E+00   0.00000000E+00
 11.   49.   0.13703392E-01  -0.13703392E-01  -0.13032023E+00   0.00000000E+00
 11.   50.   0.16783159E-01  -0.96897614E-02  -0.13032023E+00   0.00000000E+00
 11.   51.   0.18719181E-01  -0.50157896E-02  -0.13032023E+00   0.00000000E+00
 11.   52.   0.19379523E-01   0.00000000E+00  -0.13032023E+00   0.00000000E+00
 11.   53.  -0.23820751E-01   0.00000000E+00   0.44564551E+00   0.00000000E+00
 11.   54.  -0.23009078E-01  -0.61652640E-02   0.44564551E+00   0.00000000E+00
 11.   55.  -0.20629375E-01  -0.11910375E-01   0.44564551E+00   0.00000000E+00
 11.   56.  -0.16843814E-01  -0.16843814E-01   0.44564551E+00   0.00000000E+00
 11.   57.  -0.11910375E-01  -0.20629375E-01   0.44564551E+00   0.00000000E+00
 11.   58.  -0.61652640E-02  -0.23009078E-01   0.44564551E+00   0.00000000E+00
 11.   59.  -0.27793912E-10  -0.23820751E-01   0.44564551E+00   0.00000000E+00
 11.   60.   0.61652639E-02  -0.23009078E-01   0.44564551E+00   0.00000000E+00
 11.   61.   0.11910375E-01  -0.20629375E-01   0.44564551E+00   0.00000000E+00
 11.   62.   0.16843814E-01  -0.16843814E-01   0.44564551E+00   0.00000000E+00
 11.   63.   0.20629375E-01  -0.11910375E-01   0.44564551E+00   0.00000000E+00
 11.   64.   0.23009078E-01  -0.61652640E-02   0.44564551E+00   0.00000000E+00
 11.   65.   0.23820751E-01   0.00000000E+00   0.44564551E+00   0.00000000E+00
 11.   66.   0.23820751E-01   0.00000000E+00   0.44564551E+00   0.00000000E+00
 11.   67.   0.23009078E-01   0.61652640E-02   0.44564551E+00   0.00000000E+00
 11.   68.   0.20629375E-01   0.11910375E-01   0.44564551E+00   0.00000000E+00
 11.   69.   0.16843814E-01   0.16843814E-01   0.44564551E+00   0.00000000E+00
 11.   70.   0.11910375E-01   0.20629375E-01   0.44564551E+00   0.00000000E+00
 11.   71.   0.61652640E-02   0.23009078E-01   0.44564551E+00   0.00000000E+00
 11.   72.   0.25324966E-10   0.23820751E-01   0.44564551E+00   0.00000000E+00
 11.   73.  -0.61652639E-02   0.23009078E-01   0.44564551E+00   0.00000000E+00
 11.   74.  -0.11910375E-01   0.20629375E-01   0.44564551E+00   0.00000000E+00
 11.   75.  -0.16843814E-01   0.16843814E-01   0.44564551E+00   0.00000000E+00
 11.   76.  -0.20629375E-01   0.11910375E-01   0.44564551E+00   0.00000000E+00
 11.   77.  -0.23009078E-01   0.61652640E-02   0.44564551E+00   0.00000000E+00
 11.   78.  -0.23820751E-01   0.00000000E+00   0.44564551E+00   0.00000000E+00
 12.    1.   0.39916379E-04   0.00000000E+00  -0.12234428E-03   0.00000000E+00
 12.    2.   0.11319452E-04  -0.42244775E-04  -0.49777929E-10   0.00000000E+00
 12.    3.  -0.34568601E-04  -0.19958192E-04   0.12234418E-03   0.00000000E+00
 12.    4.  -0.30925322E-04   0.30925319E-04  -0.40471221E-10   0.00000000E+00
 12.    5.   0.19958189E-04   0.34568598E-04  -0.12234427E-03   0.00000000E+00
 12.    6.   0.42244774E-04  -0.11319455E-04  -0.35070981E-10   0.00000000E+00
 12.    7.  -0.13029815E-12  -0.39916382E-04   0.12234420E-03   0.00000000E+00
 12.    8.  -0.42244774E-04  -0.11319454E-04  -0.30166123E-10   0.00000000E+00
 12.    9.  -0.19958190E-04   0.34568599E-04  -0.12234426E-03   0.00000000E+00
 12.   10.   0.30925322E-04   0.30925322E-04  -0.22217025E-10   0.00000000E+00
 12.   11.   0.34568601E-04  -0.19958190E-04   0.12234421E-03   0.00000000E+00
 12.   12.  -0.11319451E-04  -0.42244774E-04  -0.88433290E-11   0.00000000E+00
 12.   13.  -0.39916379E-04   0.00000000E+00  -0.12234424E-03   0.00000000E+00
 12.   14.   0.13846729E-02   0.00000000E+00  -0.11329461E-01   0.00000000E+00
 12.   15.   0.39004312E-03  -0.14556607E-02  -0.34356190E-10   0.00000000E+00
 12.   16.  -0.11991619E-02  -0.69233646E-03   0.11329461E-01   0.00000000E+00
 12.   17.  -0.10656176E-02   0.10656176E-02   0.52778236E-10   0.00000000E+00
 12.   18.   0.69233645E-03   0.11991619E-02  -0.11329461E-01   0.00000000E+00
 12.   19.   0.14556607E-02  -0.39004312E-03  -0.41216598E-10   0.00000000E+00
 12.   20.   0.69480786E-11  -0.13846729E-02   0.11329461E-01   0.00000000E+00
 12.   21.  -0.14556607E-02  -0.39004313E-03   0.81301527E-10   0.00000000E+00
 12.   22.  -0.69233647E-03   0.11991619E-02  -0.11329461E-01   0.00000000E+00
 12.   23.   0.10656176E-02   0.10656176E-02  -0.12402184E-09   0.00000000E+00
 12.   24.   0.11991619E-02  -0.69233644E-03   0.11329461E-01   0.00000000E+00
 12.   25.  -0.39004310E-03  -0.14556607E-02   0.18488390E-09   0.00000000E+00
 12.   26.  -0.13846729E-02   0.00000000E+00  -0.11329461E-01   0.00000000E+00
 12.   27.   0.78783451E-02   0.00000000E+00  -0.11435454E+00   0.00000000E+00
 12.   28.   0.25322387E-02  -0.94504436E-02  -0.87833374E-10   0.00000000E+00
 12.   29.  -0.68228470E-02  -0.39391726E-02   0.11435454E+00   0.00000000E+00
 12.   30.  -0.69182049E-02   0.69182048E-02   0.50414448E-09   0.00000000E+00
 12.   31.   0.39391725E-02   0.68228470E-02  -0.11435454E+00   0.00000000E+00
 12.   32.   0.94504436E-02  -0.25322387E-02  -0.48726070E-09   0.00000000E+00
 12.   33.   0.56775965E-10  -0.78783451E-02   0.11435454E+00   0.00000000E+00
 12.   34.  -0.94504435E-02  -0.25322388E-02   0.10083360E-08   0.00000000E+00
 12.   35.  -0.39391726E-02   0.68228470E-02  -0.11435454E+00   0.00000000E+00
 12.   36.   0.69182048E-02   0.69182049E-02  -0.11414440E-08   0.00000000E+00
 12.   37.   0.68228471E-02  -0.39391725E-02   0.11435454E+00   0.00000000E+00
 12.   38.  -0.25322386E-02  -0.94504436E-02   0.15632527E-08   0.00000000E+00
 12.   39.  -0.78783451E-02   0.00000000E+00  -0.11435454E+00   0.00000000E+00
 12.   40.   0.17893743E-01   0.00000000E+00  -0.43795769E+00   0.00000000E+00
 12.   41.   0.71511714E-02  -0.26688535E-01  -0.29566289E-09   0.00000000E+00
 12.   42.  -0.15496436E-01  -0.89468715E-02   0.43795769E+00   0.00000000E+00
 12.   43.  -0.19537363E-01   0.19537363E-01   0.17949520E-08   0.00000000E+00
 12.   44.   0.89468714E-02   0.15496436E-01  -0.43795769E+00   0.00000000E+00
 12.   45.   0.26688535E-01  -0.71511713E-02  -0.20138458E-08   0.00000000E+00
 12.   46.   0.17158285E-09  -0.17893743E-01   0.43795769E+00   0.00000000E+00
 12.   47.  -0.26688535E-01  -0.71511715E-02   0.39346964E-08   0.00000000E+00
 12.   48.  -0.89468717E-02   0.15496436E-01  -0.43795769E+00   0.00000000E+00
 12.   49.   0.19537363E-01   0.19537364E-01  -0.42939189E-08   0.00000000E+00
 12.   50.   0.15496436E-01  -0.89468712E-02   0.43795769E+00   0.00000000E+00
 12.   51.  -0.71511712E-02  -0.26688535E-01   0.57892951E-08   0.00000000E+00
 12.   52.  -0.17893743E-01   0.00000000E+00  -0.43795769E+00   0.00000000E+00
 12.   53.   0.28133020E-01   0.00000000E+00  -0.99966454E+00   0.00000000E+00
 12.   54.   0.12706772E-01  -0.47422317E-01  -0.66632692E-09   0.00000000E+00
 12.   55.  -0.24363910E-01  -0.14066510E-01   0.99966454E+00   0.00000000E+00
 12.   56.  -0.34715546E-01   0.34715545E-01   0.40239408E-08   0.00000000E+00
 12.   57.   0.14066510E-01   0.24363910E-01  -0.99966454E+00   0.00000000E+00
 12.   58.   0.47422317E-01  -0.12706771E-01  -0.46816915E-08   0.00000000E+00
 12.   59.   0.31264514E-09  -0.28133020E-01   0.99966454E+00   0.00000000E+00
 12.   60.  -0.47422317E-01  -0.12706772E-01   0.90097697E-08   0.00000000E+00
 12.   61.  -0.14066510E-01   0.24363910E-01  -0.99966454E+00   0.00000000E+00
 12.   62.   0.34715545E-01   0.34715546E-01  -0.97379727E-08   0.00000000E+00
 12.   63.   0.24363910E-01  -0.14066509E-01   0.99966454E+00   0.00000000E+00
 12.   64.  -0.12706771E-01  -0.47422317E-01   0.13109380E-07   0.00000000E+00
 12.   65.  -0.28133020E-01   0.00000000E+00  -0.99966454E+00   0.00000000E+00
 12.   66.  -0.28133020E-01   0.00000000E+00  -0.99966454E+00   0.00000000E+00
 12.   67.  -0.12706772E-01   0.47422317E-01  -0.66633412E-09   0.00000000E+00
 12.   68.   0.24363910E-01   0.14066510E-01   0.99966454E+00   0.00000000E+00
 12.   69.   0.34715546E-01  -0.34715545E-01   0.40239381E-08   0.00000000E+00
 12.   70.  -0.14066510E-01  -0.24363910E-01  -0.99966454E+00   0.00000000E+00
 12.   71.  -0.47422317E-01   0.12706771E-01  -0.46816883E-08   0.00000000E+00
 12.   72.  -0.31228358E-09   0.28133020E-01   0.99966454E+00   0.00000000E+00
 12.   73.   0.47422317E-01   0.12706772E-01   0.90097704E-08   0.00000000E+00
 12.   74.   0.14066510E-01  -0.24363910E-01  -0.99966454E+00   0.00000000E+00
 12.   75.  -0.34715545E-01  -0.34715546E-01  -0.97379585E-08   0.00000000E+00
 12.   76.  -0.24363910E-01   0.14066509E-01   0.99966454E+00   0.00000000E+00
 12.   77.   0.12706771E-01   0.47422317E-01   0.13109370E-07   0.00000000E+00
 12.   78.   0.28133020E-01   0.00000000E+00  -0.99966454E+00   0.00000000E+00
 13.    1.   0.12101548E-01   0.00000000E+00  -0.10269052E+00   0.00000000E+00
 13.    2.   0.11221498E-01  -0.88171564E-02  -0.72613164E-01   0.00000000E+00
 13.    3.   0.80759065E-02  -0.13987880E-01  -0.44225145E-10   0.00000000E+00
 13.    4.   0.20251324E-02  -0.14126681E-01   0.72613163E-01   0.00000000E+00
 13.    5.  -0.60507741E-02  -0.10480248E-01   0.10269052E+00   0.00000000E+00
 13.    6.  -0.13246630E-01  -0.53095243E-02   0.72613164E-01   0.00000000E+00
 13.    7.  -0.16151813E-01  -0.21647914E-10   0.39196249E-09   0.00000000E+00
 13.    8.  -0.13246630E-01   0.53095242E-02  -0.72613163E-01   0.00000000E+00
 13.    9.  -0.60507742E-02   0.10480248E-01  -0.10269052E+00   0.00000000E+00
 13.   10.   0.20251323E-02   0.14126681E-01  -0.72613164E-01   0.00000000E+00
 13.   11.   0.80759065E-02   0.13987880E-01  -0.59421707E-09   0.00000000E+00
 13.   12.   0.11221498E-01   0.88171564E-02   0.72613163E-01   0.00000000E+00
 13.   13.   0.12101548E-01   0.00000000E+00   0.10269052E+00   0.00000000E+00
 13.   14.   0.25071418E-01   0.00000000E+00  -0.60972172E+00   0.00000000E+00
 13.   15.   0.24541202E-01  -0.23092623E-01  -0.43113836E+00   0.00000000E+00
 13.   16.   0.20263906E-01  -0.35098116E-01  -0.28889855E-09   0.00000000E+00
 13.   17.   0.77281973E-02  -0.32799616E-01   0.43113836E+00   0.00000000E+00
 13.   18.  -0.12535709E-01  -0.21712485E-01   0.60972172E+00   0.00000000E+00
 13.   19.  -0.32269399E-01  -0.97069928E-02   0.43113836E+00   0.00000000E+00
 13.   20.  -0.40527813E-01  -0.38848061E-10   0.21383239E-08   0.00000000E+00
 13.   21.  -0.32269399E-01   0.97069927E-02  -0.43113836E+00   0.00000000E+00
 13.   22.  -0.12535709E-01   0.21712485E-01  -0.60972172E+00   0.00000000E+00
 13.   23.   0.77281971E-02   0.32799616E-01  -0.43113836E+00   0.00000000E+00
 13.   24.   0.20263906E-01   0.35098116E-01  -0.39389645E-08   0.00000000E+00
 13.   25.   0.24541202E-01   0.23092623E-01   0.43113836E+00   0.00000000E+00
 13.   26.   0.25071418E-01   0.00000000E+00   0.60972172E+00   0.00000000E+00
 13.   27.  -0.31128031E-02   0.00000000E+00  -0.97889522E+00   0.00000000E+00
 13.   28.   0.55294088E-02  -0.29140371E-01  -0.69218345E+00   0.00000000E+00
 13.   29.   0.20915195E-01  -0.36226181E-01  -0.45857186E-09   0.00000000E+00
 13.   30.   0.22471597E-01  -0.19358794E-01   0.69218345E+00   0.00000000E+00
 13.   31.   0.15564016E-02   0.26957665E-02   0.97889522E+00   0.00000000E+00
 13.   32.  -0.28001006E-01   0.97815769E-02   0.69218345E+00   0.00000000E+00
 13.   33.  -0.41830391E-01   0.61299687E-10   0.34065114E-08   0.00000000E+00
 13.   34.  -0.28001006E-01  -0.97815769E-02  -0.69218345E+00   0.00000000E+00
 13.   35.   0.15564014E-02  -0.26957667E-02  -0.97889522E+00   0.00000000E+00
 13.   36.   0.22471597E-01   0.19358794E-01  -0.69218345E+00   0.00000000E+00
 13.   37.   0.20915196E-01   0.36226181E-01  -0.64082718E-08   0.00000000E+00
 13.   38.   0.55294089E-02   0.29140371E-01   0.69218345E+00   0.00000000E+00
 13.   39.  -0.31128031E-02   0.00000000E+00   0.97889522E+00   0.00000000E+00
 13.   40.  -0.46094627E-01   0.00000000E+00  -0.32018898E+00   0.00000000E+00
 13.   41.  -0.29641194E-01  -0.15310421E-01  -0.22640780E+00   0.00000000E+00
 13.   42.   0.50324972E-02  -0.87165409E-02  -0.18600636E-09   0.00000000E+00
 13.   43.   0.28079811E-01   0.18014816E-01   0.22640780E+00   0.00000000E+00
 13.   44.   0.23047313E-01   0.39919118E-01   0.32018898E+00   0.00000000E+00
 13.   45.   0.15613832E-02   0.33325237E-01   0.22640780E+00   0.00000000E+00
 13.   46.  -0.10064994E-01   0.17283877E-09   0.10864712E-08   0.00000000E+00
 13.   47.   0.15613830E-02  -0.33325237E-01  -0.22640780E+00   0.00000000E+00
 13.   48.   0.23047313E-01  -0.39919118E-01  -0.32018898E+00   0.00000000E+00
 13.   49.   0.28079811E-01  -0.18014816E-01  -0.22640780E+00   0.00000000E+00
 13.   50.   0.50324975E-02   0.87165407E-02  -0.21510757E-08   0.00000000E+00
 13.   51.  -0.29641193E-01   0.15310421E-01   0.22640780E+00   0.00000000E+00
 13.   52.  -0.46094627E-01   0.00000000E+00   0.32018898E+00   0.00000000E+00
 13.   53.  -0.54505873E-01   0.00000000E+00   0.99997515E+00   0.00000000E+00
 13.   54.  -0.41612474E-01   0.63870512E-02   0.70708921E+00   0.00000000E+00
 13.   55.  -0.11978048E-01   0.20746588E-01   0.37084483E-09   0.00000000E+00
 13.   56.   0.15274888E-01   0.39230985E-01  -0.70708921E+00   0.00000000E+00
 13.   57.   0.27252936E-01   0.47203471E-01  -0.99997515E+00   0.00000000E+00
 13.   58.   0.26337585E-01   0.32843934E-01  -0.70708921E+00   0.00000000E+00
 13.   59.   0.23956097E-01   0.16102291E-09  -0.35228909E-08   0.00000000E+00
 13.   60.   0.26337585E-01  -0.32843933E-01   0.70708921E+00   0.00000000E+00
 13.   61.   0.27252937E-01  -0.47203471E-01   0.99997515E+00   0.00000000E+00
 13.   62.   0.15274888E-01  -0.39230985E-01   0.70708922E+00   0.00000000E+00
 13.   63.  -0.11978048E-01  -0.20746588E-01   0.64352640E-08   0.00000000E+00
 13.   64.  -0.41612473E-01  -0.63870513E-02  -0.70708921E+00   0.00000000E+00
 13.   65.  -0.54505873E-01   0.00000000E+00  -0.99997515E+00   0.00000000E+00
 13.   66.   0.54505873E-01   0.00000000E+00   0.99997515E+00   0.00000000E+00
 13.   67.   0.41612474E-01  -0.63870512E-02   0.70708921E+00   0.00000000E+00
 13.   68.   0.11978048E-01  -0.20746588E-01   0.37085168E-09   0.00000000E+00
 13.   69.  -0.15274888E-01  -0.39230985E-01  -0.70708921E+00   0.00000000E+00
 13.   70.  -0.27252936E-01  -0.47203471E-01  -0.99997515E+00   0.00000000E+00
 13.   71.  -0.26337585E-01  -0.32843934E-01  -0.70708921E+00   0.00000000E+00
 13.   72.  -0.23956097E-01  -0.16279015E-09  -0.35228606E-08   0.00000000E+00
 13.   73.  -0.26337585E-01   0.32843933E-01   0.70708921E+00   0.00000000E+00
 13.   74.  -0.27252937E-01   0.47203471E-01   0.99997515E+00   0.00000000E+00
 13.   75.  -0.15274888E-01   0.39230985E-01   0.70708922E+00   0.00000000E+00
 13.   76.   0.11978048E-01   0.20746588E-01   0.64352133E-08   0.00000000E+00
 13.   77.   0.41612473E-01   0.63870513E-02  -0.70708921E+00   0.00000000E+00
 13.   78.   0.54505873E-01   0.00000000E+00  -0.99997515E+00   0.00000000E+00
 14.    1.  -0.14981781E-01   0.00000000E+00  -0.99948639E+00   0.00000000E+00
 14.    2.  -0.10823261E-01  -0.15519808E-01  -0.96542972E+00   0.00000000E+00
 14.    3.   0.53802703E-03  -0.26881097E-01  -0.86558061E+00   0.00000000E+00
 14.    4.   0.16057835E-01  -0.31039617E-01  -0.70674361E+00   0.00000000E+00
 14.    5.   0.31577644E-01  -0.26881097E-01  -0.49974320E+00   0.00000000E+00
 14.    6.   0.42938932E-01  -0.15519809E-01  -0.25868611E+00   0.00000000E+00
 14.    7.   0.47097453E-01  -0.72412980E-10  -0.11615177E-08   0.00000000E+00
 14.    8.   0.42938932E-01   0.15519808E-01   0.25868611E+00   0.00000000E+00
 14.    9.   0.31577644E-01   0.26881097E-01   0.49974320E+00   0.00000000E+00
 14.   10.   0.16057836E-01   0.31039617E-01   0.70674361E+00   0.00000000E+00
 14.   11.   0.53802716E-03   0.26881097E-01   0.86558061E+00   0.00000000E+00
 14.   12.  -0.10823261E-01   0.15519809E-01   0.96542972E+00   0.00000000E+00
 14.   13.  -0.14981781E-01   0.00000000E+00   0.99948639E+00   0.00000000E+00
 14.   14.  -0.33020190E-01   0.00000000E+00  -0.45321516E+00   0.00000000E+00
 14.   15.  -0.30135434E-01  -0.10766057E-01  -0.43777222E+00   0.00000000E+00
 14.   16.  -0.22254134E-01  -0.18647357E-01  -0.39249584E+00   0.00000000E+00
 14.   17.  -0.11488077E-01  -0.21532113E-01  -0.32047151E+00   0.00000000E+00
 14.   18.  -0.72202040E-03  -0.18647357E-01  -0.22660758E+00   0.00000000E+00
 14.   19.   0.71592801E-02  -0.10766057E-01  -0.11730071E+00   0.00000000E+00
 14.   20.   0.10044036E-01  -0.49849164E-10  -0.53726840E-09   0.00000000E+00
 14.   21.   0.71592802E-02   0.10766057E-01   0.11730071E+00   0.00000000E+00
 14.   22.  -0.72202031E-03   0.18647357E-01   0.22660758E+00   0.00000000E+00
 14.   23.  -0.11488077E-01   0.21532113E-01   0.32047151E+00   0.00000000E+00
 14.   24.  -0.22254134E-01   0.18647357E-01   0.39249584E+00   0.00000000E+00
 14.   25.  -0.30135434E-01   0.10766057E-01   0.43777222E+00   0.00000000E+00
 14.   26.  -0.33020190E-01   0.00000000E+00   0.45321516E+00   0.00000000E+00
 14.   27.  -0.18492945E-01   0.00000000E+00   0.30869496E+00   0.00000000E+00
 14.   28.  -0.17548507E-01  -0.35246917E-02   0.29817643E+00   0.00000000E+00
 14.   29.  -0.14968254E-01  -0.61049450E-02   0.26733767E+00   0.00000000E+00
 14.   30.  -0.11443562E-01  -0.70493833E-02   0.21828030E+00   0.00000000E+00
 14.   31.  -0.79188703E-02  -0.61049450E-02   0.15434748E+00   0.00000000E+00
 14.   32.  -0.53386169E-02  -0.35246917E-02   0.79896134E-01   0.00000000E+00
 14.   33.  -0.43941787E-02  -0.15308045E-10   0.33219698E-09   0.00000000E+00
 14.   34.  -0.53386169E-02   0.35246916E-02  -0.79896134E-01   0.00000000E+00
 14.   35.  -0.79188703E-02   0.61049450E-02  -0.15434748E+00   0.00000000E+00
 14.   36.  -0.11443562E-01   0.70493833E-02  -0.21828030E+00   0.00000000E+00
 14.   37.  -0.14968254E-01   0.61049450E-02  -0.26733767E+00   0.00000000E+00
 14.   38.  -0.17548507E-01   0.35246917E-02  -0.29817643E+00   0.00000000E+00
 14.   39.  -0.18492945E-01   0.00000000E+00  -0.30869496E+00   0.00000000E+00
 14.   40.   0.22277946E-01   0.00000000E+00   0.24051979E+00   0.00000000E+00
 14.   41.   0.20616843E-01   0.61993206E-02   0.23232427E+00   0.00000000E+00
 14.   42.   0.16078626E-01   0.10737538E-01   0.20829625E+00   0.00000000E+00
 14.   43.   0.98793051E-02   0.12398641E-01   0.17007317E+00   0.00000000E+00
 14.   44.   0.36799845E-02   0.10737538E-01   0.12025989E+00   0.00000000E+00
 14.   45.  -0.85823314E-03   0.61993206E-02   0.62251102E-01   0.00000000E+00
 14.   46.  -0.25193361E-02   0.26642921E-10   0.27283053E-09   0.00000000E+00
 14.   47.  -0.85823317E-03  -0.61993205E-02  -0.62251101E-01   0.00000000E+00
 14.   48.   0.36799844E-02  -0.10737538E-01  -0.12025989E+00   0.00000000E+00
 14.   49.   0.98793050E-02  -0.12398641E-01  -0.17007317E+00   0.00000000E+00
 14.   50.   0.16078626E-01  -0.10737538E-01  -0.20829625E+00   0.00000000E+00
 14.   51.   0.20616843E-01  -0.61993206E-02  -0.23232427E+00   0.00000000E+00
 14.   52.   0.22277946E-01   0.00000000E+00  -0.24051979E+00   0.00000000E+00
 14.   53.   0.32663963E-01   0.00000000E+00  -0.51838204E+00   0.00000000E+00
 14.   54.   0.30750963E-01   0.71394155E-02  -0.50071860E+00   0.00000000E+00
 14.   55.   0.25524548E-01   0.12365830E-01  -0.44893202E+00   0.00000000E+00
 14.   56.   0.18385133E-01   0.14278831E-01  -0.36655146E+00   0.00000000E+00
 14.   57.   0.11245717E-01   0.12365830E-01  -0.25919102E+00   0.00000000E+00
 14.   58.   0.60193022E-02   0.71394155E-02  -0.13416715E+00   0.00000000E+00
 14.   59.   0.41063015E-02   0.28119162E-10  -0.54295784E-09   0.00000000E+00
 14.   60.   0.60193021E-02  -0.71394154E-02   0.13416714E+00   0.00000000E+00
 14.   61.   0.11245717E-01  -0.12365830E-01   0.25919102E+00   0.00000000E+00
 14.   62.   0.18385132E-01  -0.14278831E-01   0.36655146E+00   0.00000000E+00
 14.   63.   0.25524548E-01  -0.12365830E-01   0.44893202E+00   0.00000000E+00
 14.   64.   0.30750963E-01  -0.71394155E-02   0.50071860E+00   0.00000000E+00
 14.   65.   0.32663963E-01   0.00000000E+00   0.51838204E+00   0.00000000E+00
 14.   66.  -0.32663963E-01   0.00000000E+00  -0.51838204E+00   0.00000000E+00
 14.   67.  -0.30750963E-01  -0.71394155E-02  -0.50071860E+00   0.00000000E+00
 14.   68.  -0.25524548E-01  -0.12365830E-01  -0.44893202E+00   0.00000000E+00
 14.   69.  -0.18385133E-01  -0.14278831E-01  -0.36655146E+00   0.00000000E+00
 14.   70.  -0.11245717E-01  -0.12365830E-01  -0.25919102E+00   0.00000000E+00
 14.   71.  -0.60193022E-02  -0.71394155E-02  -0.13416715E+00   0.00000000E+00
 14.   72.  -0.41063016E-02  -0.31471682E-10  -0.54297033E-09   0.00000000E+00
 14.   73.  -0.60193021E-02   0.71394154E-02   0.13416714E+00   0.00000000E+00
 14.   74.  -0.11245717E-01   0.12365830E-01   0.25919102E+00   0.00000000E+00
 14.   75.  -0.18385132E-01   0.14278831E-01   0.36655146E+00   0.00000000E+00
 14.   76.  -0.25524548E-01   0.12365830E-01   0.44893202E+00   0.00000000E+00
 14.   77.  -0.30750963E-01   0.71394155E-02   0.50071860E+00   0.00000000E+00
 14.   78.  -0.32663963E-01   0.00000000E+00   0.51838204E+00   0.00000000E+00
 15.    1.  -0.11011033E-04   0.00000000E+00   0.28863920E-04   0.00000000E+00
 15.    2.  -0.32907344E-06   0.12239158E-04  -0.74705081E-05   0.00000000E+00
 15.    3.   0.11340110E-04  -0.56997248E-06  -0.24996854E-04   0.00000000E+00
 15.    4.   0.65815000E-06  -0.11669182E-04   0.20409875E-04   0.00000000E+00
 15.    5.  -0.11998257E-04   0.56997488E-06   0.14431965E-04   0.00000000E+00
 15.    6.  -0.32907364E-06   0.11099211E-04  -0.27880372E-04   0.00000000E+00
 15.    7.   0.12327333E-04   0.11129314E-11   0.15664292E-10   0.00000000E+00
 15.    8.  -0.32907392E-06  -0.11099209E-04   0.27880402E-04   0.00000000E+00
 15.    9.  -0.11998258E-04  -0.56997327E-06  -0.14431936E-04   0.00000000E+00
 15.   10.   0.65814845E-06   0.11669183E-04  -0.20409849E-04   0.00000000E+00
 15.   11.   0.11340108E-04   0.56997379E-06   0.24996876E-04   0.00000000E+00
 15.   12.  -0.32907466E-06  -0.12239157E-04   0.74705290E-05   0.00000000E+00
 15.   13.  -0.11011034E-04   0.00000000E+00  -0.28863901E-04   0.00000000E+00
 15.   14.  -0.82502633E-03   0.00000000E+00   0.58048377E-02   0.00000000E+00
 15.   15.  -0.18747934E-04   0.89499458E-03  -0.15024025E-02   0.00000000E+00
 15.   16.   0.84377427E-03  -0.32472374E-04  -0.50271369E-02   0.00000000E+00
 15.   17.   0.37495874E-04  -0.86252220E-03   0.41046401E-02   0.00000000E+00
 15.   18.  -0.88127014E-03   0.32472373E-04   0.29024189E-02   0.00000000E+00
 15.   19.  -0.18747937E-04   0.83004983E-03  -0.56070426E-02   0.00000000E+00
 15.   20.   0.90001807E-03   0.58041184E-11  -0.39821246E-10   0.00000000E+00
 15.   21.  -0.18747926E-04  -0.83004983E-03   0.56070427E-02   0.00000000E+00
 15.   22.  -0.88127014E-03  -0.32472384E-04  -0.29024188E-02   0.00000000E+00
 15.   23.   0.37495861E-04   0.86252220E-03  -0.41046402E-02   0.00000000E+00
 15.   24.   0.84377427E-03   0.32472387E-04   0.50271369E-02   0.00000000E+00
 15.   25.  -0.18747923E-04  -0.89499458E-03   0.15024026E-02   0.00000000E+00
 15.   26.  -0.82502633E-03   0.00000000E+00  -0.58048377E-02   0.00000000E+00
 15.   27.  -0.67957668E-02   0.00000000E+00   0.85302594E-01   0.00000000E+00
 15.   28.  -0.42822685E-03   0.83939312E-02  -0.22077936E-01   0.00000000E+00
 15.   29.   0.72239937E-02  -0.74171064E-03  -0.73874213E-01   0.00000000E+00
 15.   30.   0.85645372E-03  -0.76522205E-02   0.60318042E-01   0.00000000E+00
 15.   31.  -0.80804474E-02   0.74171062E-03   0.42651297E-01   0.00000000E+00
 15.   32.  -0.42822688E-03   0.69105099E-02  -0.82395978E-01   0.00000000E+00
 15.   33.   0.85086742E-02   0.45236419E-10  -0.68200149E-09   0.00000000E+00
 15.   34.  -0.42822676E-03  -0.69105099E-02   0.82395979E-01   0.00000000E+00
 15.   35.  -0.80804474E-02  -0.74171072E-03  -0.42651296E-01   0.00000000E+00
 15.   36.   0.85645361E-03   0.76522205E-02  -0.60318043E-01   0.00000000E+00
 15.   37.   0.72239937E-02   0.74171075E-03   0.73874212E-01   0.00000000E+00
 15.   38.  -0.42822675E-03  -0.83939312E-02   0.22077937E-01   0.00000000E+00
 15.   39.  -0.67957668E-02   0.00000000E+00  -0.85302594E-01   0.00000000E+00
 15.   40.  -0.18415127E-01   0.00000000E+00   0.39867442E+00   0.00000000E+00
 15.   41.  -0.27286379E-02   0.28598542E-01  -0.10318453E+00   0.00000000E+00
 15.   42.   0.21143764E-01  -0.47261394E-02  -0.34526218E+00   0.00000000E+00
 15.   43.   0.54572759E-02  -0.23872402E-01   0.28190538E+00   0.00000000E+00
 15.   44.  -0.26601040E-01   0.47261394E-02   0.19933721E+00   0.00000000E+00
 15.   45.  -0.27286380E-02   0.19146263E-01  -0.38508992E+00   0.00000000E+00
 15.   46.   0.29329678E-01   0.11669389E-09  -0.32370358E-08   0.00000000E+00
 15.   47.  -0.27286376E-02  -0.19146263E-01   0.38508992E+00   0.00000000E+00
 15.   48.  -0.26601040E-01  -0.47261397E-02  -0.19933721E+00   0.00000000E+00
 15.   49.   0.54572756E-02   0.23872402E-01  -0.28190539E+00   0.00000000E+00
 15.   50.   0.21143765E-01   0.47261398E-02   0.34526217E+00   0.00000000E+00
 15.   51.  -0.27286377E-02  -0.28598542E-01   0.10318454E+00   0.00000000E+00
 15.   52.  -0.18415127E-01   0.00000000E+00  -0.39867442E+00   0.00000000E+00
 15.   53.  -0.31301891E-01   0.00000000E+00   0.99953577E+00   0.00000000E+00
 15.   54.  -0.64509541E-02   0.55377179E-01  -0.25869889E+00   0.00000000E+00
 15.   55.   0.37752845E-01  -0.11173380E-01  -0.86562337E+00   0.00000000E+00
 15.   56.   0.12901908E-01  -0.44203799E-01   0.70677852E+00   0.00000000E+00
 15.   57.  -0.50654753E-01   0.11173380E-01   0.49976789E+00   0.00000000E+00
 15.   58.  -0.64509543E-02   0.33030419E-01  -0.96547741E+00   0.00000000E+00
 15.   59.   0.57105707E-01   0.18784844E-09  -0.81416044E-08   0.00000000E+00
 15.   60.  -0.64509535E-02  -0.33030419E-01   0.96547742E+00   0.00000000E+00
 15.   61.  -0.50654753E-01  -0.11173381E-01  -0.49976787E+00   0.00000000E+00
 15.   62.   0.12901908E-01   0.44203799E-01  -0.70677853E+00   0.00000000E+00
 15.   63.   0.37752845E-01   0.11173381E-01   0.86562336E+00   0.00000000E+00
 15.   64.  -0.64509537E-02  -0.55377179E-01   0.25869891E+00   0.00000000E+00
 15.   65.  -0.31301891E-01   0.00000000E+00  -0.99953577E+00   0.00000000E+00
 15.   66.   0.31301891E-01   0.00000000E+00   0.99953577E+00   0.00000000E+00
 15.   67.   0.64509541E-02  -0.55377179E-01  -0.25869889E+00   0.00000000E+00
 15.   68.  -0.37752845E-01   0.11173380E-01  -0.86562337E+00   0.00000000E+00
 15.   69.  -0.12901908E-01   0.44203799E-01   0.70677852E+00   0.00000000E+00
 15.   70.   0.50654753E-01  -0.11173380E-01   0.49976789E+00   0.00000000E+00
 15.   71.   0.64509543E-02  -0.33030419E-01  -0.96547741E+00   0.00000000E+00
 15.   72.  -0.57105707E-01  -0.18741687E-09  -0.81416358E-08   0.00000000E+00
 15.   73.   0.64509535E-02   0.33030419E-01   0.96547742E+00   0.00000000E+00
 15.   74.   0.50654753E-01   0.11173381E-01  -0.49976787E+00   0.00000000E+00
 15.   75.  -0.12901908E-01  -0.44203799E-01  -0.70677853E+00   0.00000000E+00
 15.   76.  -0.37752845E-01  -0.11173381E-01   0.86562336E+00   0.00000000E+00
 15.   77.   0.64509537E-02   0.55377179E-01   0.25869891E+00   0.00000000E+00
 15.   78.   0.31301891E-01   0.00000000E+00  -0.99953577E+00   0.00000000E+00
 16.    1.  -0.53054450E-02   0.00000000E+00   0.30845032E-01   0.00000000E+00
 16.    2.  -0.40642254E-02   0.49185629E-02   0.15422516E-01   0.00000000E+00
 16.    3.  -0.60410790E-03   0.63517905E-02  -0.15422516E-01   0.00000000E+00
 16.    4.   0.37515161E-02   0.37515161E-02  -0.30845032E-01   0.00000000E+00
 16.    5.   0.63517905E-02  -0.60410789E-03  -0.15422516E-01   0.00000000E+00
 16.    6.   0.49185630E-02  -0.40642254E-02   0.15422516E-01   0.00000000E+00
 16.    7.   0.27375601E-10  -0.53054450E-02   0.30845032E-01   0.00000000E+00
 16.    8.  -0.49185629E-02  -0.40642254E-02   0.15422516E-01   0.00000000E+00
 16.    9.  -0.63517905E-02  -0.60410792E-03  -0.15422516E-01   0.00000000E+00
 16.   10.  -0.37515161E-02   0.37515161E-02  -0.30845032E-01   0.00000000E+00
 16.   11.   0.60410786E-03   0.63517905E-02  -0.15422516E-01   0.00000000E+00
 16.   12.   0.40642253E-02   0.49185630E-02   0.15422516E-01   0.00000000E+00
 16.   13.   0.53054450E-02   0.00000000E+00   0.30845032E-01   0.00000000E+00
 16.   14.  -0.24972407E-01   0.00000000E+00   0.40096205E+00   0.00000000E+00
 16.   15.  -0.20017464E-01   0.26463208E-01   0.20048102E+00   0.00000000E+00
 16.   16.  -0.45578293E-02   0.32866799E-01  -0.20048102E+00   0.00000000E+00
 16.   17.   0.17658158E-01   0.17658158E-01  -0.40096205E+00   0.00000000E+00
 16.   18.   0.32866799E-01  -0.45578292E-02  -0.20048102E+00   0.00000000E+00
 16.   19.   0.26463208E-01  -0.20017464E-01   0.20048102E+00   0.00000000E+00
 16.   20.   0.13766153E-09  -0.24972407E-01   0.40096205E+00   0.00000000E+00
 16.   21.  -0.26463208E-01  -0.20017464E-01   0.20048102E+00   0.00000000E+00
 16.   22.  -0.32866799E-01  -0.45578294E-02  -0.20048102E+00   0.00000000E+00
 16.   23.  -0.17658158E-01   0.17658158E-01  -0.40096205E+00   0.00000000E+00
 16.   24.   0.45578291E-02   0.32866799E-01  -0.20048103E+00   0.00000000E+00
 16.   25.   0.20017464E-01   0.26463208E-01   0.20048102E+00   0.00000000E+00
 16.   26.   0.24972407E-01   0.00000000E+00   0.40096205E+00   0.00000000E+00
 16.   27.  -0.82546703E-02   0.00000000E+00   0.95414989E+00   0.00000000E+00
 16.   28.  -0.16160194E-01   0.44363865E-01   0.47707495E+00   0.00000000E+00
 16.   29.  -0.19943008E-01   0.42796973E-01  -0.47707495E+00   0.00000000E+00
 16.   30.   0.58369332E-02   0.58369334E-02  -0.95414989E+00   0.00000000E+00
 16.   31.   0.42796973E-01  -0.19943008E-01  -0.47707495E+00   0.00000000E+00
 16.   32.   0.44363865E-01  -0.16160194E-01   0.47707494E+00   0.00000000E+00
 16.   33.   0.24581436E-09  -0.82546703E-02   0.95414989E+00   0.00000000E+00
 16.   34.  -0.44363865E-01  -0.16160194E-01   0.47707495E+00   0.00000000E+00
 16.   35.  -0.42796973E-01  -0.19943008E-01  -0.47707494E+00   0.00000000E+00
 16.   36.  -0.58369336E-02   0.58369331E-02  -0.95414989E+00   0.00000000E+00
 16.   37.   0.19943007E-01   0.42796972E-01  -0.47707495E+00   0.00000000E+00
 16.   38.   0.16160194E-01   0.44363866E-01   0.47707494E+00   0.00000000E+00
 16.   39.   0.82546703E-02   0.00000000E+00   0.95414989E+00   0.00000000E+00
 16.   40.   0.47190942E-01   0.00000000E+00   0.45201785E+00   0.00000000E+00
 16.   41.   0.18546231E-01   0.21950423E-01   0.22600893E+00   0.00000000E+00
 16.   42.  -0.28635459E-01   0.24071277E-02  -0.22600893E+00   0.00000000E+00
 16.   43.  -0.33369035E-01  -0.33369035E-01  -0.45201785E+00   0.00000000E+00
 16.   44.   0.24071276E-02  -0.28635459E-01  -0.22600893E+00   0.00000000E+00
 16.   45.   0.21950423E-01   0.18546231E-01   0.22600892E+00   0.00000000E+00
 16.   46.   0.14133507E-09   0.47190942E-01   0.45201785E+00   0.00000000E+00
 16.   47.  -0.21950423E-01   0.18546231E-01   0.22600893E+00   0.00000000E+00
 16.   48.  -0.24071279E-02  -0.28635459E-01  -0.22600892E+00   0.00000000E+00
 16.   49.   0.33369035E-01  -0.33369035E-01  -0.45201785E+00   0.00000000E+00
 16.   50.   0.28635459E-01   0.24071274E-02  -0.22600893E+00   0.00000000E+00
 16.   51.  -0.18546230E-01   0.21950423E-01   0.22600892E+00   0.00000000E+00
 16.   52.  -0.47190942E-01   0.00000000E+00   0.45201785E+00   0.00000000E+00
 16.   53.   0.61420694E-01   0.00000000E+00  -0.99991202E+00   0.00000000E+00
 16.   54.   0.36776310E-01  -0.18595389E-01  -0.49995601E+00   0.00000000E+00
 16.   55.  -0.12855853E-01  -0.39153704E-01   0.49995601E+00   0.00000000E+00
 16.   56.  -0.43430989E-01  -0.43430989E-01   0.99991202E+00   0.00000000E+00
 16.   57.  -0.39153704E-01  -0.12855853E-01   0.49995601E+00   0.00000000E+00
 16.   58.  -0.18595389E-01   0.36776310E-01  -0.49995601E+00   0.00000000E+00
 16.   59.  -0.81189714E-10   0.61420694E-01  -0.99991202E+00   0.00000000E+00
 16.   60.   0.18595389E-01   0.36776311E-01  -0.49995602E+00   0.00000000E+00
 16.   61.   0.39153704E-01  -0.12855852E-01   0.49995601E+00   0.00000000E+00
 16.   62.   0.43430989E-01  -0.43430989E-01   0.99991202E+00   0.00000000E+00
 16.   63.   0.12855853E-01  -0.39153704E-01   0.49995602E+00   0.00000000E+00
 16.   64.  -0.36776310E-01  -0.18595389E-01  -0.49995600E+00   0.00000000E+00
 16.   65.  -0.61420694E-01   0.00000000E+00  -0.99991202E+00   0.00000000E+00
 16.   66.  -0.61420694E-01   0.00000000E+00  -0.99991202E+00   0.00000000E+00
 16.   67.  -0.36776310E-01   0.18595389E-01  -0.49995601E+00   0.00000000E+00
 16.   68.   0.12855853E-01   0.39153704E-01   0.49995601E+00   0.00000000E+00
 16.   69.   0.43430989E-01   0.43430989E-01   0.99991202E+00   0.00000000E+00
 16.   70.   0.39153704E-01   0.12855853E-01   0.49995601E+00   0.00000000E+00
 16.   71.   0.18595389E-01  -0.36776310E-01  -0.49995601E+00   0.00000000E+00
 16.   72.   0.71719212E-10  -0.61420694E-01  -0.99991202E+00   0.00000000E+00
 16.   73.  -0.18595389E-01  -0.36776311E-01  -0.49995602E+00   0.00000000E+00
 16.   74.  -0.39153704E-01   0.12855852E-01   0.49995601E+00   0.00000000E+00
 16.   75.  -0.43430989E-01   0.43430989E-01   0.99991202E+00   0.00000000E+00
 16.   76.  -0.12855853E-01   0.39153704E-01   0.49995602E+00   0.00000000E+00
 16.   77.   0.36776310E-01   0.18595389E-01  -0.49995600E+00   0.00000000E+00
 16.   78.   0.61420694E-01   0.00000000E+00  -0.99991202E+00   0.00000000E+00
 17.    1.  -0.29557127E-05   0.00000000E+00   0.68599909E-05   0.00000000E+00
 17.    2.   0.66441640E-06   0.32301840E-05  -0.34283696E-05   0.00000000E+00
 17.    3.   0.27538308E-05  -0.18141295E-05  -0.34287987E-05   0.00000000E+00
 17.    4.  -0.20900611E-05  -0.20898987E-05   0.68588175E-05   0.00000000E+00
 17.    5.  -0.18142846E-05   0.27539603E-05  -0.34299726E-05   0.00000000E+00
 17.    6.   0.32300876E-05   0.66450371E-06  -0.34304064E-05   0.00000000E+00
 17.    7.  -0.19030640E-11  -0.29556439E-05   0.68576317E-05   0.00000000E+00
 17.    8.  -0.32300900E-05   0.66450253E-06  -0.34304228E-05   0.00000000E+00
 17.    9.   0.18142830E-05   0.27539580E-05  -0.34300020E-05   0.00000000E+00
 17.   10.   0.20900591E-05  -0.20899025E-05   0.68587730E-05   0.00000000E+00
 17.   11.  -0.27538323E-05  -0.18141335E-05  -0.34288618E-05   0.00000000E+00
 17.   12.  -0.66441723E-06   0.32301815E-05  -0.34284480E-05   0.00000000E+00
 17.   13.   0.29557119E-05   0.00000000E+00   0.68599063E-05   0.00000000E+00
 17.   14.  -0.48071442E-03   0.00000000E+00   0.29690396E-02   0.00000000E+00
 17.   15.   0.11436956E-03   0.50183613E-03  -0.14845177E-02   0.00000000E+00
 17.   16.   0.43572317E-03  -0.27398017E-03  -0.14845182E-02   0.00000000E+00
 17.   17.  -0.33991650E-03  -0.33991641E-03   0.29690380E-02   0.00000000E+00
 17.   18.  -0.27398029E-03   0.43572319E-03  -0.14845198E-02   0.00000000E+00
 17.   19.   0.50183605E-03   0.11436952E-03  -0.14845204E-02   0.00000000E+00
 17.   20.   0.31778846E-11  -0.48071450E-03   0.29690365E-02   0.00000000E+00
 17.   21.  -0.50183605E-03   0.11436951E-03  -0.14845203E-02   0.00000000E+00
 17.   22.   0.27398028E-03   0.43572320E-03  -0.14845198E-02   0.00000000E+00
 17.   23.   0.33991651E-03  -0.33991641E-03   0.29690380E-02   0.00000000E+00
 17.   24.  -0.43572316E-03  -0.27398018E-03  -0.14845182E-02   0.00000000E+00
 17.   25.  -0.11436957E-03   0.50183613E-03  -0.14845178E-02   0.00000000E+00
 17.   26.   0.48071443E-03   0.00000000E+00   0.29690395E-02   0.00000000E+00
 17.   27.  -0.57601215E-02   0.00000000E+00   0.63646960E-01   0.00000000E+00
 17.   28.   0.11569222E-02   0.68100080E-02  -0.31823481E-01   0.00000000E+00
 17.   29.   0.56334704E-02  -0.39973353E-02  -0.31823481E-01   0.00000000E+00
 17.   30.  -0.40730210E-02  -0.40730210E-02   0.63646961E-01   0.00000000E+00
 17.   31.  -0.39973354E-02   0.56334703E-02  -0.31823480E-01   0.00000000E+00
 17.   32.   0.68100080E-02   0.11569221E-02  -0.31823480E-01   0.00000000E+00
 17.   33.   0.60140754E-10  -0.57601216E-02   0.63646961E-01   0.00000000E+00
 17.   34.  -0.68100080E-02   0.11569221E-02  -0.31823479E-01   0.00000000E+00
 17.   35.   0.39973353E-02   0.56334703E-02  -0.31823481E-01   0.00000000E+00
 17.   36.   0.40730211E-02  -0.40730210E-02   0.63646961E-01   0.00000000E+00
 17.   37.  -0.56334704E-02  -0.39973354E-02  -0.31823480E-01   0.00000000E+00
 17.   38.  -0.11569223E-02   0.68100080E-02  -0.31823482E-01   0.00000000E+00
 17.   39.   0.57601215E-02   0.00000000E+00   0.63646960E-01   0.00000000E+00
 17.   40.  -0.18747375E-01   0.00000000E+00   0.36379029E+00   0.00000000E+00
 17.   41.   0.22022379E-02   0.27998282E-01  -0.18189515E+00   0.00000000E+00
 17.   42.   0.21354993E-01  -0.18240558E-01  -0.18189515E+00   0.00000000E+00
 17.   43.  -0.13256396E-01  -0.13256396E-01   0.36379029E+00   0.00000000E+00
 17.   44.  -0.18240558E-01   0.21354993E-01  -0.18189514E+00   0.00000000E+00
 17.   45.   0.27998282E-01   0.22022381E-02  -0.18189515E+00   0.00000000E+00
 17.   46.   0.26428863E-09  -0.18747374E-01   0.36379029E+00   0.00000000E+00
 17.   47.  -0.27998283E-01   0.22022378E-02  -0.18189514E+00   0.00000000E+00
 17.   48.   0.18240558E-01   0.21354993E-01  -0.18189515E+00   0.00000000E+00
 17.   49.   0.13256396E-01  -0.13256395E-01   0.36379029E+00   0.00000000E+00
 17.   50.  -0.21354993E-01  -0.18240558E-01  -0.18189514E+00   0.00000000E+00
 17.   51.  -0.22022382E-02   0.27998282E-01  -0.18189515E+00   0.00000000E+00
 17.   52.   0.18747375E-01   0.00000000E+00   0.36379029E+00   0.00000000E+00
 17.   53.  -0.34377304E-01   0.00000000E+00   0.99938720E+00   0.00000000E+00
 17.   54.   0.20175451E-02   0.58882270E-01  -0.49969360E+00   0.00000000E+00
 17.   55.   0.43062672E-01  -0.40209432E-01  -0.49969360E+00   0.00000000E+00
 17.   56.  -0.24308424E-01  -0.24308425E-01   0.99938720E+00   0.00000000E+00
 17.   57.  -0.40209433E-01   0.43062672E-01  -0.49969360E+00   0.00000000E+00
 17.   58.   0.58882270E-01   0.20175454E-02  -0.49969361E+00   0.00000000E+00
 17.   59.   0.56884912E-09  -0.34377304E-01   0.99938720E+00   0.00000000E+00
 17.   60.  -0.58882270E-01   0.20175449E-02  -0.49969359E+00   0.00000000E+00
 17.   61.   0.40209432E-01   0.43062672E-01  -0.49969361E+00   0.00000000E+00
 17.   62.   0.24308425E-01  -0.24308424E-01   0.99938720E+00   0.00000000E+00
 17.   63.  -0.43062672E-01  -0.40209433E-01  -0.49969358E+00   0.00000000E+00
 17.   64.  -0.20175456E-02   0.58882269E-01  -0.49969361E+00   0.00000000E+00
 17.   65.   0.34377303E-01   0.00000000E+00   0.99938720E+00   0.00000000E+00
 17.   66.   0.34377304E-01   0.00000000E+00   0.99938720E+00   0.00000000E+00
 17.   67.  -0.20175451E-02  -0.58882270E-01  -0.49969360E+00   0.00000000E+00
 17.   68.  -0.43062672E-01   0.40209432E-01  -0.49969360E+00   0.00000000E+00
 17.   69.   0.24308424E-01   0.24308425E-01   0.99938720E+00   0.00000000E+00
 17.   70.   0.40209433E-01  -0.43062672E-01  -0.49969360E+00   0.00000000E+00
 17.   71.  -0.58882270E-01  -0.20175454E-02  -0.49969361E+00   0.00000000E+00
 17.   72.  -0.57144676E-09   0.34377304E-01   0.99938720E+00   0.00000000E+00
 17.   73.   0.58882270E-01  -0.20175449E-02  -0.49969359E+00   0.00000000E+00
 17.   74.  -0.40209432E-01  -0.43062672E-01  -0.49969361E+00   0.00000000E+00
 17.   75.  -0.24308425E-01   0.24308424E-01   0.99938720E+00   0.00000000E+00
 17.   76.   0.43062672E-01   0.40209433E-01  -0.49969358E+00   0.00000000E+00
 17.   77.   0.20175456E-02  -0.58882269E-01  -0.49969361E+00   0.00000000E+00
 17.   78.  -0.34377303E-01   0.00000000E+00   0.99938720E+00   0.00000000E+00
 18.    1.  -0.20594328E-01   0.00000000E+00   0.70662446E+00   0.00000000E+00
 18.    2.  -0.26164732E-01   0.28738144E-01   0.61195473E+00   0.00000000E+00
 18.    3.  -0.38822196E-01   0.46647688E-01   0.35331223E+00   0.00000000E+00
 18.    4.  -0.48833991E-01   0.48833991E-01   0.94035047E-09   0.00000000E+00
 18.    5.  -0.46647688E-01   0.38822196E-01  -0.35331223E+00   0.00000000E+00
 18.    6.  -0.28738144E-01   0.26164732E-01  -0.61195473E+00   0.00000000E+00
 18.    7.  -0.13726761E-09   0.20594328E-01  -0.70662446E+00   0.00000000E+00
 18.    8.   0.28738144E-01   0.26164732E-01  -0.61195474E+00   0.00000000E+00
 18.    9.   0.46647688E-01   0.38822196E-01  -0.35331223E+00   0.00000000E+00
 18.   10.   0.48833991E-01   0.48833991E-01  -0.23120663E-08   0.00000000E+00
 18.   11.   0.38822196E-01   0.46647688E-01   0.35331223E+00   0.00000000E+00
 18.   12.   0.26164732E-01   0.28738144E-01   0.61195473E+00   0.00000000E+00
 18.   13.   0.20594328E-01   0.00000000E+00   0.70662446E+00   0.00000000E+00
 18.   14.   0.21995202E-01   0.00000000E+00   0.91713663E+00   0.00000000E+00
 18.   15.   0.13148299E-01   0.24527260E-01   0.79426362E+00   0.00000000E+00
 18.   16.  -0.80461406E-02   0.35931527E-01   0.45856832E+00   0.00000000E+00
 18.   17.  -0.28692249E-01   0.28692249E-01   0.12479017E-08   0.00000000E+00
 18.   18.  -0.35931527E-01   0.80461407E-02  -0.45856831E+00   0.00000000E+00
 18.   19.  -0.24527260E-01  -0.13148299E-01  -0.79426362E+00   0.00000000E+00
 18.   20.  -0.12044550E-09  -0.21995202E-01  -0.91713663E+00   0.00000000E+00
 18.   21.   0.24527260E-01  -0.13148299E-01  -0.79426362E+00   0.00000000E+00
 18.   22.   0.35931527E-01   0.80461404E-02  -0.45856832E+00   0.00000000E+00
 18.   23.   0.28692249E-01   0.28692249E-01  -0.29931345E-08   0.00000000E+00
 18.   24.   0.80461408E-02   0.35931527E-01   0.45856831E+00   0.00000000E+00
 18.   25.  -0.13148299E-01   0.24527261E-01   0.79426362E+00   0.00000000E+00
 18.   26.  -0.21995202E-01   0.00000000E+00   0.91713663E+00   0.00000000E+00
 18.   27.   0.45498026E-01   0.00000000E+00  -0.17892464E+00   0.00000000E+00
 18.   28.   0.38718122E-01   0.77413645E-02  -0.15495329E+00   0.00000000E+00
 18.   29.   0.21903875E-01   0.75594014E-02  -0.89462321E-01   0.00000000E+00
 18.   30.   0.35969157E-02  -0.35969156E-02  -0.38534694E-09   0.00000000E+00
 18.   31.  -0.75594014E-02  -0.21903875E-01   0.89462321E-01   0.00000000E+00
 18.   32.  -0.77413645E-02  -0.38718122E-01   0.15495329E+00   0.00000000E+00
 18.   33.  -0.41433225E-10  -0.45498026E-01   0.17892464E+00   0.00000000E+00
 18.   34.   0.77413645E-02  -0.38718122E-01   0.15495329E+00   0.00000000E+00
 18.   35.   0.75594014E-02  -0.21903875E-01   0.89462322E-01   0.00000000E+00
 18.   36.  -0.35969155E-02  -0.35969157E-02   0.44403332E-09   0.00000000E+00
 18.   37.  -0.21903875E-01   0.75594014E-02  -0.89462320E-01   0.00000000E+00
 18.   38.  -0.38718122E-01   0.77413645E-02  -0.15495328E+00   0.00000000E+00
 18.   39.  -0.45498026E-01   0.00000000E+00  -0.17892464E+00   0.00000000E+00
 18.   40.  -0.27964194E-01   0.00000000E+00  -0.46414096E+00   0.00000000E+00
 18.   41.  -0.22135233E-01  -0.10960203E-01  -0.40195786E+00   0.00000000E+00
 18.   42.  -0.79019392E-02  -0.14277634E-01  -0.23207048E+00   0.00000000E+00
 18.   43.   0.68698586E-02  -0.68698586E-02  -0.15015897E-08   0.00000000E+00
 18.   44.   0.14277634E-01   0.79019391E-02   0.23207048E+00   0.00000000E+00
 18.   45.   0.10960203E-01   0.22135233E-01   0.40195786E+00   0.00000000E+00
 18.   46.   0.56513687E-10   0.27964194E-01   0.46414095E+00   0.00000000E+00
 18.   47.  -0.10960203E-01   0.22135233E-01   0.40195786E+00   0.00000000E+00
 18.   48.  -0.14277634E-01   0.79019392E-02   0.23207048E+00   0.00000000E+00
 18.   49.  -0.68698587E-02  -0.68698585E-02   0.64519254E-09   0.00000000E+00
 18.   50.   0.79019391E-02  -0.14277634E-01  -0.23207048E+00   0.00000000E+00
 18.   51.   0.22135233E-01  -0.10960203E-01  -0.40195786E+00   0.00000000E+00
 18.   52.   0.27964194E-01   0.00000000E+00  -0.46414096E+00   0.00000000E+00
 18.   53.  -0.55467674E-01   0.00000000E+00   0.75068932E+00   0.00000000E+00
 18.   54.  -0.47922777E-01  -0.67482140E-02   0.65011602E+00   0.00000000E+00
 18.   55.  -0.29114813E-01  -0.50393382E-02   0.37534466E+00   0.00000000E+00
 18.   56.  -0.83227224E-02   0.83227224E-02  -0.13716708E-08   0.00000000E+00
 18.   57.   0.50393384E-02   0.29114813E-01  -0.37534466E+00   0.00000000E+00
 18.   58.   0.67482137E-02   0.47922777E-01  -0.65011602E+00   0.00000000E+00
 18.   59.   0.39516113E-10   0.55467674E-01  -0.75068932E+00   0.00000000E+00
 18.   60.  -0.67482137E-02   0.47922777E-01  -0.65011602E+00   0.00000000E+00
 18.   61.  -0.50393384E-02   0.29114813E-01  -0.37534466E+00   0.00000000E+00
 18.   62.   0.83227222E-02   0.83227225E-02  -0.48598065E-08   0.00000000E+00
 18.   63.   0.29114813E-01  -0.50393381E-02   0.37534466E+00   0.00000000E+00
 18.   64.   0.47922777E-01  -0.67482140E-02   0.65011602E+00   0.00000000E+00
 18.   65.   0.55467674E-01   0.00000000E+00   0.75068932E+00   0.00000000E+00
 18.   66.   0.55467674E-01   0.00000000E+00   0.75068932E+00   0.00000000E+00
 18.   67.   0.47922777E-01   0.67482140E-02   0.65011602E+00   0.00000000E+00
 18.   68.   0.29114813E-01   0.50393382E-02   0.37534466E+00   0.00000000E+00
 18.   69.   0.83227224E-02  -0.83227224E-02  -0.13716904E-08   0.00000000E+00
 18.   70.  -0.50393384E-02  -0.29114813E-01  -0.37534466E+00   0.00000000E+00
 18.   71.  -0.67482137E-02  -0.47922777E-01  -0.65011602E+00   0.00000000E+00
 18.   72.  -0.38439809E-10  -0.55467674E-01  -0.75068932E+00   0.00000000E+00
 18.   73.   0.67482137E-02  -0.47922777E-01  -0.65011602E+00   0.00000000E+00
 18.   74.   0.50393384E-02  -0.29114813E-01  -0.37534466E+00   0.00000000E+00
 18.   75.  -0.83227222E-02  -0.83227225E-02  -0.48598013E-08   0.00000000E+00
 18.   76.  -0.29114813E-01   0.50393381E-02   0.37534466E+00   0.00000000E+00
 18.   77.  -0.47922777E-01   0.67482140E-02   0.65011602E+00   0.00000000E+00
 18.   78.  -0.55467674E-01   0.00000000E+00   0.75068932E+00   0.00000000E+00
 19.    1.   0.20376803E-02   0.00000000E+00  -0.89260893E-02   0.00000000E+00
 19.    2.   0.11356151E-02  -0.22004929E-02  -0.23102419E-02   0.00000000E+00
 19.    3.  -0.90206520E-03  -0.19669430E-02   0.77302203E-02   0.00000000E+00
 19.    4.  -0.22712301E-02   0.23354985E-03   0.63116985E-02   0.00000000E+00
 19.    5.  -0.13691649E-02   0.19669430E-02  -0.44630446E-02   0.00000000E+00
 19.    6.   0.11356151E-02   0.17333931E-02  -0.86219402E-02   0.00000000E+00
 19.    7.   0.25047800E-02   0.10638978E-10  -0.24166334E-11   0.00000000E+00
 19.    8.   0.11356151E-02  -0.17333931E-02   0.86219403E-02   0.00000000E+00
 19.    9.  -0.13691649E-02  -0.19669430E-02   0.44630448E-02   0.00000000E+00
 19.   10.  -0.22712301E-02  -0.23354988E-03  -0.63116983E-02   0.00000000E+00
 19.   11.  -0.90206523E-03   0.19669430E-02  -0.77302202E-02   0.00000000E+00
 19.   12.   0.11356151E-02   0.22004929E-02   0.23102418E-02   0.00000000E+00
 19.   13.   0.20376803E-02   0.00000000E+00   0.89260894E-02   0.00000000E+00
 19.   14.   0.21180243E-01   0.00000000E+00  -0.25594777E+00   0.00000000E+00
 19.   15.   0.12367725E-01  -0.24976734E-01  -0.66244158E-01   0.00000000E+00
 19.   16.  -0.88125179E-02  -0.21421527E-01   0.22165727E+00   0.00000000E+00
 19.   17.  -0.24735449E-01   0.35552066E-02   0.18098240E+00   0.00000000E+00
 19.   18.  -0.15922931E-01   0.21421527E-01  -0.12797388E+00   0.00000000E+00
 19.   19.   0.12367725E-01   0.17866321E-01  -0.24722656E+00   0.00000000E+00
 19.   20.   0.28290656E-01   0.92211420E-10  -0.15251175E-08   0.00000000E+00
 19.   21.   0.12367725E-01  -0.17866321E-01   0.24722656E+00   0.00000000E+00
 19.   22.  -0.15922931E-01  -0.21421527E-01   0.12797389E+00   0.00000000E+00
 19.   23.  -0.24735449E-01  -0.35552068E-02  -0.18098240E+00   0.00000000E+00
 19.   24.  -0.88125181E-02   0.21421527E-01  -0.22165727E+00   0.00000000E+00
 19.   25.   0.12367724E-01   0.24976734E-01   0.66244155E-01   0.00000000E+00
 19.   26.   0.21180243E-01   0.00000000E+00   0.25594777E+00   0.00000000E+00
 19.   27.   0.17622902E-01   0.00000000E+00  -0.89016988E+00   0.00000000E+00
 19.   28.   0.20222650E-01  -0.57849057E-01  -0.23039292E+00   0.00000000E+00
 19.   29.   0.25997482E-02  -0.35026658E-01   0.77090973E+00   0.00000000E+00
 19.   30.  -0.40445301E-01   0.22822399E-01   0.62944516E+00   0.00000000E+00
 19.   31.  -0.43045049E-01   0.35026658E-01  -0.44508494E+00   0.00000000E+00
 19.   32.   0.20222650E-01   0.12204259E-01  -0.85983808E+00   0.00000000E+00
 19.   33.   0.63267700E-01   0.26211922E-10  -0.52410051E-08   0.00000000E+00
 19.   34.   0.20222651E-01  -0.12204259E-01   0.85983808E+00   0.00000000E+00
 19.   35.  -0.43045049E-01  -0.35026658E-01   0.44508495E+00   0.00000000E+00
 19.   36.  -0.40445301E-01  -0.22822399E-01  -0.62944515E+00   0.00000000E+00
 19.   37.   0.25997479E-02   0.35026658E-01  -0.77090974E+00   0.00000000E+00
 19.   38.   0.20222650E-01   0.57849057E-01   0.23039291E+00   0.00000000E+00
 19.   39.   0.17622902E-01   0.00000000E+00   0.89016988E+00   0.00000000E+00
 19.   40.  -0.46752994E-01   0.00000000E+00  -0.55866908E+00   0.00000000E+00
 19.   41.  -0.43778571E-02  -0.30414609E-01  -0.14459420E+00   0.00000000E+00
 19.   42.   0.42375137E-01   0.75826708E-02   0.48382162E+00   0.00000000E+00
 19.   43.   0.87557142E-02   0.37997280E-01   0.39503870E+00   0.00000000E+00
 19.   44.  -0.33619423E-01  -0.75826706E-02  -0.27933454E+00   0.00000000E+00
 19.   45.  -0.43778572E-02  -0.45579951E-01  -0.53963289E+00   0.00000000E+00
 19.   46.   0.29241566E-01  -0.31090824E-09  -0.32539396E-08   0.00000000E+00
 19.   47.  -0.43778567E-02   0.45579951E-01   0.53963289E+00   0.00000000E+00
 19.   48.  -0.33619423E-01   0.75826712E-02   0.27933454E+00   0.00000000E+00
 19.   49.   0.87557137E-02  -0.37997280E-01  -0.39503869E+00   0.00000000E+00
 19.   50.   0.42375137E-01  -0.75826713E-02  -0.48382162E+00   0.00000000E+00
 19.   51.  -0.43778565E-02   0.30414609E-01   0.14459419E+00   0.00000000E+00
 19.   52.  -0.46752994E-01   0.00000000E+00   0.55866908E+00   0.00000000E+00
 19.   53.  -0.67576500E-01   0.00000000E+00   0.99982781E+00   0.00000000E+00
 19.   54.  -0.26751458E-01   0.32261301E-01   0.25877448E+00   0.00000000E+00
 19.   55.   0.40825042E-01   0.46334885E-01  -0.86587628E+00   0.00000000E+00
 19.   56.   0.53502917E-01   0.14073584E-01  -0.70698503E+00   0.00000000E+00
 19.   57.   0.12677875E-01  -0.46334885E-01   0.49991390E+00   0.00000000E+00
 19.   58.  -0.26751458E-01  -0.60408469E-01   0.96575950E+00   0.00000000E+00
 19.   59.  -0.39429333E-01  -0.34769025E-09   0.58768651E-08   0.00000000E+00
 19.   60.  -0.26751459E-01   0.60408469E-01  -0.96575950E+00   0.00000000E+00
 19.   61.   0.12677874E-01   0.46334885E-01  -0.49991391E+00   0.00000000E+00
 19.   62.   0.53502917E-01  -0.14073583E-01   0.70698502E+00   0.00000000E+00
 19.   63.   0.40825042E-01  -0.46334885E-01   0.86587629E+00   0.00000000E+00
 19.   64.  -0.26751458E-01  -0.32261302E-01  -0.25877447E+00   0.00000000E+00
 19.   65.  -0.67576500E-01   0.00000000E+00  -0.99982781E+00   0.00000000E+00
 19.   66.   0.67576500E-01   0.00000000E+00   0.99982781E+00   0.00000000E+00
 19.   67.   0.26751458E-01  -0.32261301E-01   0.25877448E+00   0.00000000E+00
 19.   68.  -0.40825042E-01  -0.46334885E-01  -0.86587628E+00   0.00000000E+00
 19.   69.  -0.53502917E-01  -0.14073584E-01  -0.70698503E+00   0.00000000E+00
 19.   70.  -0.12677875E-01   0.46334885E-01   0.49991390E+00   0.00000000E+00
 19.   71.   0.26751458E-01   0.60408469E-01   0.96575950E+00   0.00000000E+00
 19.   72.   0.39429333E-01   0.34991145E-09   0.58769016E-08   0.00000000E+00
 19.   73.   0.26751459E-01  -0.60408469E-01  -0.96575950E+00   0.00000000E+00
 19.   74.  -0.12677874E-01  -0.46334885E-01  -0.49991391E+00   0.00000000E+00
 19.   75.  -0.53502917E-01   0.14073583E-01   0.70698502E+00   0.00000000E+00
 19.   76.  -0.40825042E-01   0.46334885E-01   0.86587629E+00   0.00000000E+00
 19.   77.   0.26751458E-01   0.32261302E-01  -0.25877447E+00   0.00000000E+00
 19.   78.   0.67576500E-01   0.00000000E+00  -0.99982781E+00   0.00000000E+00
 20.    1.   0.67650101E-01   0.00000000E+00   0.99946997E+00   0.00000000E+00
 20.    2.   0.65344979E-01   0.17509134E-01   0.99946997E+00   0.00000000E+00
 20.    3.   0.58586706E-01   0.33825050E-01   0.99946997E+00   0.00000000E+00
 20.    4.   0.47835845E-01   0.47835845E-01   0.99946997E+00   0.00000000E+00
 20.    5.   0.33825050E-01   0.58586706E-01   0.99946997E+00   0.00000000E+00
 20.    6.   0.17509135E-01   0.65344979E-01   0.99946997E+00   0.00000000E+00
 20.    7.   0.76800920E-10   0.67650101E-01   0.99946997E+00   0.00000000E+00
 20.    8.  -0.17509134E-01   0.65344980E-01   0.99946997E+00   0.00000000E+00
 20.    9.  -0.33825050E-01   0.58586706E-01   0.99946997E+00   0.00000000E+00
 20.   10.  -0.47835845E-01   0.47835845E-01   0.99946997E+00   0.00000000E+00
 20.   11.  -0.58586706E-01   0.33825051E-01   0.99946997E+00   0.00000000E+00
 20.   12.  -0.65344979E-01   0.17509135E-01   0.99946997E+00   0.00000000E+00
 20.   13.  -0.67650101E-01   0.00000000E+00   0.99946997E+00   0.00000000E+00
 20.   14.   0.25794734E-01   0.00000000E+00  -0.32178415E+00   0.00000000E+00
 20.   15.   0.24915799E-01   0.66761683E-02  -0.32178415E+00   0.00000000E+00
 20.   16.   0.22338895E-01   0.12897367E-01  -0.32178415E+00   0.00000000E+00
 20.   17.   0.18239631E-01   0.18239631E-01  -0.32178415E+00   0.00000000E+00
 20.   18.   0.12897367E-01   0.22338895E-01  -0.32178415E+00   0.00000000E+00
 20.   19.   0.66761684E-02   0.24915799E-01  -0.32178415E+00   0.00000000E+00
 20.   20.   0.30739339E-10   0.25794734E-01  -0.32178415E+00   0.00000000E+00
 20.   21.  -0.66761683E-02   0.24915799E-01  -0.32178415E+00   0.00000000E+00
 20.   22.  -0.12897367E-01   0.22338895E-01  -0.32178415E+00   0.00000000E+00
 20.   23.  -0.18239631E-01   0.18239631E-01  -0.32178415E+00   0.00000000E+00
 20.   24.  -0.22338895E-01   0.12897367E-01  -0.32178415E+00   0.00000000E+00
 20.   25.  -0.24915799E-01   0.66761684E-02  -0.32178415E+00   0.00000000E+00
 20.   26.  -0.25794734E-01   0.00000000E+00  -0.32178415E+00   0.00000000E+00
 20.   27.  -0.30584563E-01   0.00000000E+00  -0.99393206E-01   0.00000000E+00
 20.   28.  -0.29542420E-01  -0.79158675E-02  -0.99393206E-01   0.00000000E+00
 20.   29.  -0.26487009E-01  -0.15292282E-01  -0.99393206E-01   0.00000000E+00
 20.   30.  -0.21626552E-01  -0.21626552E-01  -0.99393206E-01   0.00000000E+00
 20.   31.  -0.15292282E-01  -0.26487009E-01  -0.99393206E-01   0.00000000E+00
 20.   32.  -0.79158675E-02  -0.29542420E-01  -0.99393206E-01   0.00000000E+00
 20.   33.  -0.37375124E-10  -0.30584563E-01  -0.99393206E-01   0.00000000E+00
 20.   34.   0.79158674E-02  -0.29542420E-01  -0.99393206E-01   0.00000000E+00
 20.   35.   0.15292282E-01  -0.26487009E-01  -0.99393206E-01   0.00000000E+00
 20.   36.   0.21626552E-01  -0.21626552E-01  -0.99393206E-01   0.00000000E+00
 20.   37.   0.26487009E-01  -0.15292282E-01  -0.99393206E-01   0.00000000E+00
 20.   38.   0.29542420E-01  -0.79158675E-02  -0.99393206E-01   0.00000000E+00
 20.   39.   0.30584563E-01   0.00000000E+00  -0.99393206E-01   0.00000000E+00
 20.   40.   0.10424169E-01   0.00000000E+00   0.28906771E+00   0.00000000E+00
 20.   41.   0.10068974E-01   0.26979734E-02   0.28906771E+00   0.00000000E+00
 20.   42.   0.90275949E-02   0.52120844E-02   0.28906771E+00   0.00000000E+00
 20.   43.   0.73710004E-02   0.73710004E-02   0.28906771E+00   0.00000000E+00
 20.   44.   0.52120844E-02   0.90275949E-02   0.28906771E+00   0.00000000E+00
 20.   45.   0.26979734E-02   0.10068974E-01   0.28906771E+00   0.00000000E+00
 20.   46.   0.10490239E-10   0.10424169E-01   0.28906771E+00   0.00000000E+00
 20.   47.  -0.26979734E-02   0.10068974E-01   0.28906771E+00   0.00000000E+00
 20.   48.  -0.52120844E-02   0.90275950E-02   0.28906771E+00   0.00000000E+00
 20.   49.  -0.73710004E-02   0.73710004E-02   0.28906771E+00   0.00000000E+00
 20.   50.  -0.90275949E-02   0.52120844E-02   0.28906771E+00   0.00000000E+00
 20.   51.  -0.10068974E-01   0.26979734E-02   0.28906771E+00   0.00000000E+00
 20.   52.  -0.10424169E-01   0.00000000E+00   0.28906771E+00   0.00000000E+00
 20.   53.   0.34715705E-01   0.00000000E+00  -0.41631863E+00   0.00000000E+00
 20.   54.   0.33532797E-01   0.89850857E-02  -0.41631863E+00   0.00000000E+00
 20.   55.   0.30064683E-01   0.17357853E-01  -0.41631863E+00   0.00000000E+00
 20.   56.   0.24547711E-01   0.24547711E-01  -0.41631863E+00   0.00000000E+00
 20.   57.   0.17357853E-01   0.30064683E-01  -0.41631863E+00   0.00000000E+00
 20.   58.   0.89850858E-02   0.33532797E-01  -0.41631863E+00   0.00000000E+00
 20.   59.   0.38621941E-10   0.34715706E-01  -0.41631863E+00   0.00000000E+00
 20.   60.  -0.89850857E-02   0.33532797E-01  -0.41631863E+00   0.00000000E+00
 20.   61.  -0.17357853E-01   0.30064683E-01  -0.41631863E+00   0.00000000E+00
 20.   62.  -0.24547711E-01   0.24547711E-01  -0.41631863E+00   0.00000000E+00
 20.   63.  -0.30064683E-01   0.17357853E-01  -0.41631863E+00   0.00000000E+00
 20.   64.  -0.33532797E-01   0.89850858E-02  -0.41631863E+00   0.00000000E+00
 20.   65.  -0.34715706E-01   0.00000000E+00  -0.41631863E+00   0.00000000E+00
 20.   66.  -0.34715705E-01   0.00000000E+00  -0.41631863E+00   0.00000000E+00
 20.   67.  -0.33532797E-01  -0.89850857E-02  -0.41631863E+00   0.00000000E+00
 20.   68.  -0.30064683E-01  -0.17357853E-01  -0.41631863E+00   0.00000000E+00
 20.   69.  -0.24547711E-01  -0.24547711E-01  -0.41631863E+00   0.00000000E+00
 20.   70.  -0.17357853E-01  -0.30064683E-01  -0.41631863E+00   0.00000000E+00
 20.   71.  -0.89850858E-02  -0.33532797E-01  -0.41631863E+00   0.00000000E+00
 20.   72.  -0.29403096E-10  -0.34715706E-01  -0.41631863E+00   0.00000000E+00
 20.   73.   0.89850857E-02  -0.33532797E-01  -0.41631863E+00   0.00000000E+00
 20.   74.   0.17357853E-01  -0.30064683E-01  -0.41631863E+00   0.00000000E+00
 20.   75.   0.24547711E-01  -0.24547711E-01  -0.41631863E+00   0.00000000E+00
 20.   76.   0.30064683E-01  -0.17357853E-01  -0.41631863E+00   0.00000000E+00
 20.   77.   0.33532796E-01  -0.89850858E-02  -0.41631863E+00   0.00000000E+00
 20.   78.   0.34715706E-01   0.00000000E+00  -0.41631863E+00   0.00000000E+00
 21.    1.  -0.77638161E-06   0.00000000E+00   0.16469702E-05   0.00000000E+00
 21.    2.   0.36061259E-06   0.77524623E-06  -0.11647473E-05   0.00000000E+00
 21.    3.   0.46350079E-06  -0.80281954E-06  -0.95707746E-10   0.00000000E+00
 21.    4.  -0.85169757E-06   0.75314464E-07   0.11645579E-05   0.00000000E+00
 21.    5.   0.38818555E-06   0.67235526E-06  -0.16471569E-05   0.00000000E+00
 21.    6.   0.49107510E-06  -0.69993450E-06   0.11645672E-05   0.00000000E+00
 21.    7.  -0.92701061E-06  -0.49323035E-11  -0.74036990E-10   0.00000000E+00
 21.    8.   0.49107837E-06   0.69992490E-06  -0.11647133E-05   0.00000000E+00
 21.    9.   0.38819148E-06  -0.67236334E-06   0.16470183E-05   0.00000000E+00
 21.   10.  -0.85169019E-06  -0.75320790E-07  -0.11646882E-05   0.00000000E+00
 21.   11.   0.46350934E-06   0.80281532E-06  -0.29697759E-10   0.00000000E+00
 21.   12.   0.36062152E-06  -0.77524829E-06   0.11646256E-05   0.00000000E+00
 21.   13.  -0.77637253E-06   0.00000000E+00  -0.16470915E-05   0.00000000E+00
 21.   14.  -0.27503890E-03   0.00000000E+00   0.15149815E-02   0.00000000E+00
 21.   15.   0.13271019E-03   0.25613906E-03  -0.10712536E-02   0.00000000E+00
 21.   16.   0.15065858E-03  -0.26094832E-03   0.31394330E-10   0.00000000E+00
 21.   17.  -0.28817803E-03   0.13139128E-04   0.10712537E-02   0.00000000E+00
 21.   18.   0.13751945E-03   0.23819067E-03  -0.15149815E-02   0.00000000E+00
 21.   19.   0.15546784E-03  -0.24299993E-03   0.10712537E-02   0.00000000E+00
 21.   20.  -0.30131716E-03  -0.51007258E-11   0.29378334E-10   0.00000000E+00
 21.   21.   0.15546783E-03   0.24299993E-03  -0.10712537E-02   0.00000000E+00
 21.   22.   0.13751945E-03  -0.23819067E-03   0.15149815E-02   0.00000000E+00
 21.   23.  -0.28817803E-03  -0.13139136E-04  -0.10712536E-02   0.00000000E+00
 21.   24.   0.15065858E-03   0.26094832E-03  -0.61285650E-11   0.00000000E+00
 21.   25.   0.13271020E-03  -0.25613906E-03   0.10712537E-02   0.00000000E+00
 21.   26.  -0.27503890E-03   0.00000000E+00  -0.15149815E-02   0.00000000E+00
 21.   27.  -0.48110530E-02   0.00000000E+00   0.47456477E-01   0.00000000E+00
 21.   28.   0.21740285E-02   0.50304562E-02  -0.33556797E-01   0.00000000E+00
 21.   29.   0.30379907E-02  -0.52619542E-02  -0.53037250E-10   0.00000000E+00
 21.   30.  -0.54435171E-02   0.63246416E-03   0.33556797E-01   0.00000000E+00
 21.   31.   0.24055264E-02   0.41664941E-02  -0.47456477E-01   0.00000000E+00
 21.   32.   0.32694887E-02  -0.43979920E-02   0.33556797E-01   0.00000000E+00
 21.   33.  -0.60759813E-02  -0.41173736E-10   0.48858053E-09   0.00000000E+00
 21.   34.   0.32694886E-02   0.43979921E-02  -0.33556797E-01   0.00000000E+00
 21.   35.   0.24055265E-02  -0.41664940E-02   0.47456477E-01   0.00000000E+00
 21.   36.  -0.54435172E-02  -0.63246426E-03  -0.33556796E-01   0.00000000E+00
 21.   37.   0.30379906E-02   0.52619542E-02  -0.91523755E-09   0.00000000E+00
 21.   38.   0.21740286E-02  -0.50304562E-02   0.33556797E-01   0.00000000E+00
 21.   39.  -0.48110530E-02   0.00000000E+00  -0.47456477E-01   0.00000000E+00
 21.   40.  -0.18921146E-01   0.00000000E+00   0.33247779E+00   0.00000000E+00
 21.   41.   0.71746637E-02   0.24917324E-01  -0.23509730E+00   0.00000000E+00
 21.   42.   0.15705794E-01  -0.27203233E-01  -0.51894022E-09   0.00000000E+00
 21.   43.  -0.25166367E-01   0.62452207E-02   0.23509730E+00   0.00000000E+00
 21.   44.   0.94605731E-02   0.16386194E-01  -0.33247779E+00   0.00000000E+00
 21.   45.   0.17991704E-01  -0.18672103E-01   0.23509730E+00   0.00000000E+00
 21.   46.  -0.31411588E-01  -0.15987413E-09   0.34101677E-08   0.00000000E+00
 21.   47.   0.17991703E-01   0.18672103E-01  -0.23509730E+00   0.00000000E+00
 21.   48.   0.94605736E-02  -0.16386193E-01   0.33247779E+00   0.00000000E+00
 21.   49.  -0.25166367E-01  -0.62452211E-02  -0.23509729E+00   0.00000000E+00
 21.   50.   0.15705794E-01   0.27203233E-01  -0.63274122E-08   0.00000000E+00
 21.   51.   0.71746641E-02  -0.24917323E-01   0.23509730E+00   0.00000000E+00
 21.   52.  -0.18921146E-01   0.00000000E+00  -0.33247779E+00   0.00000000E+00
 21.   53.  -0.37379619E-01   0.00000000E+00   0.99921919E+00   0.00000000E+00
 21.   54.   0.12172022E-01   0.56696413E-01  -0.70655466E+00   0.00000000E+00
 21.   55.   0.36496736E-01  -0.63214200E-01  -0.14361527E-08   0.00000000E+00
 21.   56.  -0.55186545E-01   0.17806926E-01   0.70655467E+00   0.00000000E+00
 21.   57.   0.18689809E-01   0.32371700E-01  -0.99921919E+00   0.00000000E+00
 21.   58.   0.43014523E-01  -0.38889487E-01   0.70655466E+00   0.00000000E+00
 21.   59.  -0.72993471E-01  -0.30237481E-09   0.10325060E-07   0.00000000E+00
 21.   60.   0.43014522E-01   0.38889487E-01  -0.70655467E+00   0.00000000E+00
 21.   61.   0.18689810E-01  -0.32371699E-01   0.99921919E+00   0.00000000E+00
 21.   62.  -0.55186545E-01  -0.17806927E-01  -0.70655465E+00   0.00000000E+00
 21.   63.   0.36496735E-01   0.63214201E-01  -0.18925348E-07   0.00000000E+00
 21.   64.   0.12172023E-01  -0.56696412E-01   0.70655468E+00   0.00000000E+00
 21.   65.  -0.37379619E-01   0.00000000E+00  -0.99921918E+00   0.00000000E+00
 21.   66.   0.37379619E-01   0.00000000E+00   0.99921919E+00   0.00000000E+00
 21.   67.  -0.12172022E-01  -0.56696413E-01  -0.70655466E+00   0.00000000E+00
 21.   68.  -0.36496736E-01   0.63214200E-01  -0.14361230E-08   0.00000000E+00
 21.   69.   0.55186545E-01  -0.17806926E-01   0.70655467E+00   0.00000000E+00
 21.   70.  -0.18689809E-01  -0.32371700E-01  -0.99921919E+00   0.00000000E+00
 21.   71.  -0.43014523E-01   0.38889487E-01   0.70655466E+00   0.00000000E+00
 21.   72.   0.72993471E-01   0.29930618E-09   0.10325024E-07   0.00000000E+00
 21.   73.  -0.43014522E-01  -0.38889487E-01  -0.70655467E+00   0.00000000E+00
 21.   74.  -0.18689810E-01   0.32371699E-01   0.99921919E+00   0.00000000E+00
 21.   75.   0.55186545E-01   0.17806927E-01  -0.70655465E+00   0.00000000E+00
 21.   76.  -0.36496735E-01  -0.63214201E-01  -0.18925374E-07   0.00000000E+00
 21.   77.  -0.12172023E-01   0.56696412E-01   0.70655468E+00   0.00000000E+00
 21.   78.   0.37379619E-01   0.00000000E+00  -0.99921918E+00   0.00000000E+00
 22.    1.  -0.24656155E-01   0.00000000E+00   0.31538383E+00   0.00000000E+00
 22.    2.  -0.25616489E-01   0.28240170E-01   0.22301005E+00   0.00000000E+00
 22.    3.  -0.23976538E-01   0.41528582E-01  -0.10679868E-10   0.00000000E+00
 22.    4.  -0.11648460E-01   0.36304615E-01  -0.22301005E+00   0.00000000E+00
 22.    5.   0.12328078E-01   0.21352857E-01  -0.31538383E+00   0.00000000E+00
 22.    6.   0.37264949E-01   0.80644453E-02  -0.22301005E+00   0.00000000E+00
 22.    7.   0.47953076E-01   0.29299851E-10  -0.11770474E-08   0.00000000E+00
 22.    8.   0.37264949E-01  -0.80644452E-02   0.22301005E+00   0.00000000E+00
 22.    9.   0.12328078E-01  -0.21352857E-01   0.31538383E+00   0.00000000E+00
 22.   10.  -0.11648460E-01  -0.36304615E-01   0.22301005E+00   0.00000000E+00
 22.   11.  -0.23976538E-01  -0.41528582E-01   0.21150262E-08   0.00000000E+00
 22.   12.  -0.25616489E-01  -0.28240170E-01  -0.22301005E+00   0.00000000E+00
 22.   13.  -0.24656155E-01   0.00000000E+00  -0.31538383E+00   0.00000000E+00
 22.   14.  -0.62465646E-02   0.00000000E+00   0.99288310E+00   0.00000000E+00
 22.   15.  -0.16306473E-01   0.43790654E-01   0.70207437E+00   0.00000000E+00
 22.   16.  -0.32893865E-01   0.56973845E-01   0.52545933E-09   0.00000000E+00
 22.   17.  -0.29770583E-01   0.36017147E-01  -0.70207437E+00   0.00000000E+00
 22.   18.   0.31232822E-02   0.54096837E-02  -0.99288310E+00   0.00000000E+00
 22.   19.   0.46077056E-01  -0.77735072E-02  -0.70207437E+00   0.00000000E+00
 22.   20.   0.65787730E-01  -0.57010392E-10  -0.34863789E-08   0.00000000E+00
 22.   21.   0.46077056E-01   0.77735072E-02   0.70207437E+00   0.00000000E+00
 22.   22.   0.31232825E-02  -0.54096834E-02   0.99288310E+00   0.00000000E+00
 22.   23.  -0.29770582E-01  -0.36017147E-01   0.70207438E+00   0.00000000E+00
 22.   24.  -0.32893865E-01  -0.56973845E-01   0.64198635E-08   0.00000000E+00
 22.   25.  -0.16306473E-01  -0.43790655E-01  -0.70207437E+00   0.00000000E+00
 22.   26.  -0.62465646E-02   0.00000000E+00  -0.99288310E+00   0.00000000E+00
 22.   27.   0.59584245E-01   0.00000000E+00   0.12449825E+00   0.00000000E+00
 22.   28.   0.39725852E-01   0.14528289E-01   0.88033558E-01   0.00000000E+00
 22.   29.  -0.26526704E-02   0.45945600E-02   0.12108855E-09   0.00000000E+00
 22.   30.  -0.32444793E-01  -0.27139452E-01  -0.88033558E-01   0.00000000E+00
 22.   31.  -0.29792123E-01  -0.51601470E-01  -0.12449825E+00   0.00000000E+00
 22.   32.  -0.72810586E-02  -0.41667741E-01  -0.88033559E-01   0.00000000E+00
 22.   33.   0.53053409E-02  -0.21324035E-09  -0.38230864E-09   0.00000000E+00
 22.   34.  -0.72810584E-02   0.41667741E-01   0.88033558E-01   0.00000000E+00
 22.   35.  -0.29792123E-01   0.51601470E-01   0.12449825E+00   0.00000000E+00
 22.   36.  -0.32444793E-01   0.27139452E-01   0.88033559E-01   0.00000000E+00
 22.   37.  -0.26526708E-02  -0.45945598E-02   0.80525984E-09   0.00000000E+00
 22.   38.   0.39725851E-01  -0.14528289E-01  -0.88033558E-01   0.00000000E+00
 22.   39.   0.59584245E-01   0.00000000E+00  -0.12449825E+00   0.00000000E+00
 22.   40.  -0.22042607E-01   0.00000000E+00  -0.57671313E+00   0.00000000E+00
 22.   41.  -0.11745290E-01  -0.16387502E-01  -0.40779776E+00   0.00000000E+00
 22.   42.   0.90433348E-02  -0.15663515E-01  -0.32485442E-09   0.00000000E+00
 22.   43.   0.20064638E-01   0.19779685E-02   0.40779776E+00   0.00000000E+00
 22.   44.   0.11021303E-01   0.19089457E-01   0.57671313E+00   0.00000000E+00
 22.   45.  -0.83193480E-02   0.18365471E-01   0.40779776E+00   0.00000000E+00
 22.   46.  -0.18086670E-01   0.10238153E-09   0.20353296E-08   0.00000000E+00
 22.   47.  -0.83193481E-02  -0.18365471E-01  -0.40779776E+00   0.00000000E+00
 22.   48.   0.11021303E-01  -0.19089457E-01  -0.57671313E+00   0.00000000E+00
 22.   49.   0.20064638E-01  -0.19779687E-02  -0.40779777E+00   0.00000000E+00
 22.   50.   0.90433349E-02   0.15663515E-01  -0.36946392E-08   0.00000000E+00
 22.   51.  -0.11745290E-01   0.16387502E-01   0.40779776E+00   0.00000000E+00
 22.   52.  -0.22042607E-01   0.00000000E+00   0.57671313E+00   0.00000000E+00
 22.   53.  -0.67527218E-01   0.00000000E+00   0.80820752E+00   0.00000000E+00
 22.   54.  -0.49568388E-01   0.50395206E-03   0.57148902E+00   0.00000000E+00
 22.   55.  -0.94158504E-02   0.16308731E-01   0.37604971E-09   0.00000000E+00
 22.   56.   0.24347759E-01   0.43179459E-01  -0.57148902E+00   0.00000000E+00
 22.   57.   0.33763609E-01   0.58480287E-01  -0.80820752E+00   0.00000000E+00
 22.   58.   0.25220629E-01   0.42675508E-01  -0.57148902E+00   0.00000000E+00
 22.   59.   0.18831701E-01   0.21301510E-09  -0.28537093E-08   0.00000000E+00
 22.   60.   0.25220629E-01  -0.42675507E-01   0.57148902E+00   0.00000000E+00
 22.   61.   0.33763609E-01  -0.58480287E-01   0.80820752E+00   0.00000000E+00
 22.   62.   0.24347759E-01  -0.43179460E-01   0.57148902E+00   0.00000000E+00
 22.   63.  -0.94158500E-02  -0.16308731E-01   0.50920829E-08   0.00000000E+00
 22.   64.  -0.49568388E-01  -0.50395212E-03  -0.57148902E+00   0.00000000E+00
 22.   65.  -0.67527218E-01   0.00000000E+00  -0.80820752E+00   0.00000000E+00
 22.   66.   0.67527218E-01   0.00000000E+00   0.80820752E+00   0.00000000E+00
 22.   67.   0.49568388E-01  -0.50395206E-03   0.57148902E+00   0.00000000E+00
 22.   68.   0.94158504E-02  -0.16308731E-01   0.37615044E-09   0.00000000E+00
 22.   69.  -0.24347759E-01  -0.43179459E-01  -0.57148902E+00   0.00000000E+00
 22.   70.  -0.33763609E-01  -0.58480287E-01  -0.80820752E+00   0.00000000E+00
 22.   71.  -0.25220629E-01  -0.42675508E-01  -0.57148902E+00   0.00000000E+00
 22.   72.  -0.18831701E-01  -0.21633577E-09  -0.28536728E-08   0.00000000E+00
 22.   73.  -0.25220629E-01   0.42675507E-01   0.57148902E+00   0.00000000E+00
 22.   74.  -0.33763609E-01   0.58480287E-01   0.80820752E+00   0.00000000E+00
 22.   75.  -0.24347759E-01   0.43179460E-01   0.57148902E+00   0.00000000E+00
 22.   76.   0.94158500E-02   0.16308731E-01   0.50919579E-08   0.00000000E+00
 22.   77.   0.49568388E-01   0.50395212E-03  -0.57148902E+00   0.00000000E+00
 22.   78.   0.67527218E-01   0.00000000E+00  -0.80820752E+00   0.00000000E+00
 23.    1.  -0.48498013E-01   0.00000000E+00  -0.99922661E+00   0.00000000E+00
 23.    2.  -0.42194544E-01  -0.23524864E-01  -0.96517879E+00   0.00000000E+00
 23.    3.  -0.24973149E-01  -0.40746259E-01  -0.86535563E+00   0.00000000E+00
 23.    4.  -0.14482854E-02  -0.47049727E-01  -0.70655991E+00   0.00000000E+00
 23.    5.   0.22076578E-01  -0.40746259E-01  -0.49961330E+00   0.00000000E+00
 23.    6.   0.39297974E-01  -0.23524864E-01  -0.25861888E+00   0.00000000E+00
 23.    7.   0.45601442E-01  -0.11033729E-09  -0.11613311E-08   0.00000000E+00
 23.    8.   0.39297974E-01   0.23524864E-01   0.25861887E+00   0.00000000E+00
 23.    9.   0.22076578E-01   0.40746259E-01   0.49961330E+00   0.00000000E+00
 23.   10.  -0.14482851E-02   0.47049727E-01   0.70655991E+00   0.00000000E+00
 23.   11.  -0.24973149E-01   0.40746259E-01   0.86535562E+00   0.00000000E+00
 23.   12.  -0.42194544E-01   0.23524864E-01   0.96517878E+00   0.00000000E+00
 23.   13.  -0.48498013E-01   0.00000000E+00   0.99922661E+00   0.00000000E+00
 23.   14.  -0.35849783E-01   0.00000000E+00   0.17110055E+00   0.00000000E+00
 23.   15.  -0.33701042E-01  -0.80192097E-02   0.16527044E+00   0.00000000E+00
 23.   16.  -0.27830573E-01  -0.13889679E-01   0.14817743E+00   0.00000000E+00
 23.   17.  -0.19811363E-01  -0.16038419E-01   0.12098636E+00   0.00000000E+00
 23.   18.  -0.11792154E-01  -0.13889679E-01   0.85550278E-01   0.00000000E+00
 23.   19.  -0.59216846E-02  -0.80192098E-02   0.44284082E-01   0.00000000E+00
 23.   20.  -0.37729438E-02  -0.36807077E-10   0.19548700E-09   0.00000000E+00
 23.   21.  -0.59216845E-02   0.80192097E-02  -0.44284082E-01   0.00000000E+00
 23.   22.  -0.11792153E-01   0.13889679E-01  -0.85550277E-01   0.00000000E+00
 23.   23.  -0.19811363E-01   0.16038419E-01  -0.12098636E+00   0.00000000E+00
 23.   24.  -0.27830573E-01   0.13889679E-01  -0.14817743E+00   0.00000000E+00
 23.   25.  -0.33701042E-01   0.80192098E-02  -0.16527044E+00   0.00000000E+00
 23.   26.  -0.35849783E-01   0.00000000E+00  -0.17110056E+00   0.00000000E+00
 23.   27.   0.28449167E-01   0.00000000E+00   0.18733290E+00   0.00000000E+00
 23.   28.   0.26365289E-01   0.77771417E-02   0.18094969E+00   0.00000000E+00
 23.   29.   0.20672026E-01   0.13470405E-01   0.16223505E+00   0.00000000E+00
 23.   30.   0.12894884E-01   0.15554283E-01   0.13246436E+00   0.00000000E+00
 23.   31.   0.51177422E-02   0.13470405E-01   0.93666450E-01   0.00000000E+00
 23.   32.  -0.57552069E-03   0.77771418E-02   0.48485322E-01   0.00000000E+00
 23.   33.  -0.26593995E-02   0.35821006E-10   0.20514039E-09   0.00000000E+00
 23.   34.  -0.57552072E-03  -0.77771417E-02  -0.48485322E-01   0.00000000E+00
 23.   35.   0.51177422E-02  -0.13470405E-01  -0.93666449E-01   0.00000000E+00
 23.   36.   0.12894884E-01  -0.15554283E-01  -0.13246436E+00   0.00000000E+00
 23.   37.   0.20672026E-01  -0.13470405E-01  -0.16223505E+00   0.00000000E+00
 23.   38.   0.26365289E-01  -0.77771418E-02  -0.18094968E+00   0.00000000E+00
 23.   39.   0.28449167E-01   0.00000000E+00  -0.18733290E+00   0.00000000E+00
 23.   40.  -0.64276846E-02   0.00000000E+00  -0.28639983E+00   0.00000000E+00
 23.   41.  -0.57966603E-02  -0.23550145E-02  -0.27664099E+00   0.00000000E+00
 23.   42.  -0.40726700E-02  -0.40790048E-02  -0.24802953E+00   0.00000000E+00
 23.   43.  -0.17176555E-02  -0.47100291E-02  -0.20251526E+00   0.00000000E+00
 23.   44.   0.63735906E-03  -0.40790049E-02  -0.14319991E+00   0.00000000E+00
 23.   45.   0.23613494E-02  -0.23550146E-02  -0.74125731E-01   0.00000000E+00
 23.   46.   0.29923736E-02  -0.12136769E-10  -0.33419407E-09   0.00000000E+00
 23.   47.   0.23613494E-02   0.23550145E-02   0.74125730E-01   0.00000000E+00
 23.   48.   0.63735908E-03   0.40790048E-02   0.14319991E+00   0.00000000E+00
 23.   49.  -0.17176555E-02   0.47100291E-02   0.20251526E+00   0.00000000E+00
 23.   50.  -0.40726700E-02   0.40790049E-02   0.24802953E+00   0.00000000E+00
 23.   51.  -0.57966603E-02   0.23550146E-02   0.27664099E+00   0.00000000E+00
 23.   52.  -0.64276846E-02   0.00000000E+00   0.28639983E+00   0.00000000E+00
 23.   53.  -0.35219245E-01   0.00000000E+00   0.39474934E+00   0.00000000E+00
 23.   54.  -0.33064256E-01  -0.80425278E-02   0.38129858E+00   0.00000000E+00
 23.   55.  -0.27176717E-01  -0.13930067E-01   0.34186296E+00   0.00000000E+00
 23.   56.  -0.19134189E-01  -0.16085056E-01   0.27912993E+00   0.00000000E+00
 23.   57.  -0.11091661E-01  -0.13930067E-01   0.19737467E+00   0.00000000E+00
 23.   58.  -0.52041224E-02  -0.80425278E-02   0.10216865E+00   0.00000000E+00
 23.   59.  -0.30491336E-02  -0.38160143E-10   0.49210819E-09   0.00000000E+00
 23.   60.  -0.52041224E-02   0.80425278E-02  -0.10216865E+00   0.00000000E+00
 23.   61.  -0.11091661E-01   0.13930067E-01  -0.19737467E+00   0.00000000E+00
 23.   62.  -0.19134189E-01   0.16085056E-01  -0.27912993E+00   0.00000000E+00
 23.   63.  -0.27176717E-01   0.13930067E-01  -0.34186295E+00   0.00000000E+00
 23.   64.  -0.33064256E-01   0.80425279E-02  -0.38129858E+00   0.00000000E+00
 23.   65.  -0.35219245E-01   0.00000000E+00  -0.39474934E+00   0.00000000E+00
 23.   66.   0.35219245E-01   0.00000000E+00   0.39474934E+00   0.00000000E+00
 23.   67.   0.33064256E-01   0.80425278E-02   0.38129858E+00   0.00000000E+00
 23.   68.   0.27176717E-01   0.13930067E-01   0.34186296E+00   0.00000000E+00
 23.   69.   0.19134189E-01   0.16085056E-01   0.27912993E+00   0.00000000E+00
 23.   70.   0.11091661E-01   0.13930067E-01   0.19737467E+00   0.00000000E+00
 23.   71.   0.52041224E-02   0.80425278E-02   0.10216865E+00   0.00000000E+00
 23.   72.   0.30491336E-02   0.39595150E-10   0.49215095E-09   0.00000000E+00
 23.   73.   0.52041224E-02  -0.80425278E-02  -0.10216865E+00   0.00000000E+00
 23.   74.   0.11091661E-01  -0.13930067E-01  -0.19737467E+00   0.00000000E+00
 23.   75.   0.19134189E-01  -0.16085056E-01  -0.27912993E+00   0.00000000E+00
 23.   76.   0.27176717E-01  -0.13930067E-01  -0.34186295E+00   0.00000000E+00
 23.   77.   0.33064256E-01  -0.80425279E-02  -0.38129858E+00   0.00000000E+00
 23.   78.   0.35219245E-01   0.00000000E+00  -0.39474934E+00   0.00000000E+00
 24.    1.  -0.72037401E-03   0.00000000E+00   0.25277483E-02   0.00000000E+00
 24.    2.  -0.22687010E-03   0.84669080E-03  -0.18727664E-10   0.00000000E+00
 24.    3.   0.62386224E-03   0.36018699E-03  -0.25277483E-02   0.00000000E+00
 24.    4.   0.61982074E-03  -0.61982072E-03   0.86996305E-10   0.00000000E+00
 24.    5.  -0.36018700E-03  -0.62386222E-03   0.25277485E-02   0.00000000E+00
 24.    6.  -0.84669083E-03   0.22687011E-03   0.73792660E-10   0.00000000E+00
 24.    7.  -0.19633988E-10   0.72037400E-03  -0.25277484E-02   0.00000000E+00
 24.    8.   0.84669082E-03   0.22687008E-03  -0.57690065E-10   0.00000000E+00
 24.    9.   0.36018701E-03  -0.62386226E-03   0.25277483E-02   0.00000000E+00
 24.   10.  -0.61982073E-03  -0.61982075E-03  -0.27583270E-10   0.00000000E+00
 24.   11.  -0.62386225E-03   0.36018698E-03  -0.25277485E-02   0.00000000E+00
 24.   12.   0.22687009E-03   0.84669081E-03  -0.15544582E-09   0.00000000E+00
 24.   13.   0.72037404E-03   0.00000000E+00   0.25277482E-02   0.00000000E+00
 24.   14.  -0.16386461E-01   0.00000000E+00   0.15949327E+00   0.00000000E+00
 24.   15.  -0.54679180E-02   0.20406548E-01   0.23264294E-09   0.00000000E+00
 24.   16.   0.14191092E-01   0.81932307E-02  -0.15949327E+00   0.00000000E+00
 24.   17.   0.14938630E-01  -0.14938630E-01  -0.73716102E-09   0.00000000E+00
 24.   18.  -0.81932306E-02  -0.14191092E-01   0.15949327E+00   0.00000000E+00
 24.   19.  -0.20406548E-01   0.54679179E-02   0.67614892E-09   0.00000000E+00
 24.   20.  -0.13717184E-09   0.16386461E-01  -0.15949327E+00   0.00000000E+00
 24.   21.   0.20406548E-01   0.54679181E-02  -0.14002905E-08   0.00000000E+00
 24.   22.   0.81932308E-02  -0.14191092E-01   0.15949327E+00   0.00000000E+00
 24.   23.  -0.14938630E-01  -0.14938630E-01   0.15983977E-08   0.00000000E+00
 24.   24.  -0.14191092E-01   0.81932304E-02  -0.15949327E+00   0.00000000E+00
 24.   25.   0.54679178E-02   0.20406548E-01  -0.21870662E-08   0.00000000E+00
 24.   26.   0.16386461E-01   0.00000000E+00   0.15949327E+00   0.00000000E+00
 24.   27.  -0.24746231E-01   0.00000000E+00   0.80635997E+00   0.00000000E+00
 24.   28.  -0.17778490E-01   0.66350228E-01   0.45664195E-09   0.00000000E+00
 24.   29.   0.21430865E-01   0.12373116E-01  -0.80635997E+00   0.00000000E+00
 24.   30.   0.48571738E-01  -0.48571738E-01  -0.33826749E-08   0.00000000E+00
 24.   31.  -0.12373115E-01  -0.21430865E-01   0.80635997E+00   0.00000000E+00
 24.   32.  -0.66350228E-01   0.17778490E-01   0.37441554E-08   0.00000000E+00
 24.   33.  -0.45613864E-09   0.24746231E-01  -0.80635997E+00   0.00000000E+00
 24.   34.   0.66350228E-01   0.17778490E-01  -0.73594626E-08   0.00000000E+00
 24.   35.   0.12373116E-01  -0.21430865E-01   0.80635997E+00   0.00000000E+00
 24.   36.  -0.48571738E-01  -0.48571738E-01   0.78865504E-08   0.00000000E+00
 24.   37.  -0.21430865E-01   0.12373115E-01  -0.80635997E+00   0.00000000E+00
 24.   38.   0.17778490E-01   0.66350228E-01  -0.10560513E-07   0.00000000E+00
 24.   39.   0.24746231E-01   0.00000000E+00   0.80635997E+00   0.00000000E+00
 24.   40.   0.45091340E-01   0.00000000E+00   0.64732711E+00   0.00000000E+00
 24.   41.  -0.10514309E-01   0.39239937E-01   0.41755241E-09   0.00000000E+00
 24.   42.  -0.39050246E-01  -0.22545670E-01  -0.64732711E+00   0.00000000E+00
 24.   43.   0.28725627E-01  -0.28725627E-01  -0.25428787E-08   0.00000000E+00
 24.   44.   0.22545670E-01   0.39050245E-01   0.64732711E+00   0.00000000E+00
 24.   45.  -0.39239937E-01   0.10514310E-01   0.30777739E-08   0.00000000E+00
 24.   46.  -0.36573261E-09  -0.45091340E-01  -0.64732711E+00   0.00000000E+00
 24.   47.   0.39239937E-01   0.10514309E-01  -0.58759323E-08   0.00000000E+00
 24.   48.  -0.22545669E-01   0.39050246E-01   0.64732711E+00   0.00000000E+00
 24.   49.  -0.28725628E-01  -0.28725627E-01   0.62700264E-08   0.00000000E+00
 24.   50.   0.39050245E-01  -0.22545670E-01  -0.64732711E+00   0.00000000E+00
 24.   51.   0.10514310E-01   0.39239936E-01  -0.86043559E-08   0.00000000E+00
 24.   52.  -0.45091340E-01   0.00000000E+00   0.64732711E+00   0.00000000E+00
 24.   53.   0.73258281E-01   0.00000000E+00  -0.99972316E+00   0.00000000E+00
 24.   54.   0.12178401E-01  -0.45450410E-01  -0.78845330E-09   0.00000000E+00
 24.   55.  -0.63443533E-01  -0.36629141E-01   0.99972316E+00   0.00000000E+00
 24.   56.  -0.33272009E-01   0.33272009E-01   0.39014061E-08   0.00000000E+00
 24.   57.   0.36629141E-01   0.63443533E-01  -0.99972316E+00   0.00000000E+00
 24.   58.   0.45450410E-01  -0.12178400E-01  -0.48506561E-08   0.00000000E+00
 24.   59.   0.24295328E-09  -0.73258281E-01   0.99972316E+00   0.00000000E+00
 24.   60.  -0.45450410E-01  -0.12178401E-01   0.90869889E-08   0.00000000E+00
 24.   61.  -0.36629141E-01   0.63443533E-01  -0.99972316E+00   0.00000000E+00
 24.   62.   0.33272009E-01   0.33272010E-01  -0.98546418E-08   0.00000000E+00
 24.   63.   0.63443533E-01  -0.36629140E-01   0.99972316E+00   0.00000000E+00
 24.   64.  -0.12178400E-01  -0.45450410E-01   0.13240201E-07   0.00000000E+00
 24.   65.  -0.73258281E-01   0.00000000E+00  -0.99972316E+00   0.00000000E+00
 24.   66.  -0.73258281E-01   0.00000000E+00  -0.99972316E+00   0.00000000E+00
 24.   67.  -0.12178401E-01   0.45450410E-01  -0.78664810E-09   0.00000000E+00
 24.   68.   0.63443533E-01   0.36629141E-01   0.99972316E+00   0.00000000E+00
 24.   69.   0.33272009E-01  -0.33272009E-01   0.39009942E-08   0.00000000E+00
 24.   70.  -0.36629141E-01  -0.63443533E-01  -0.99972316E+00   0.00000000E+00
 24.   71.  -0.45450410E-01   0.12178400E-01  -0.48504927E-08   0.00000000E+00
 24.   72.  -0.27663201E-09   0.73258281E-01   0.99972316E+00   0.00000000E+00
 24.   73.   0.45450410E-01   0.12178401E-01   0.90887536E-08   0.00000000E+00
 24.   74.   0.36629141E-01  -0.63443533E-01  -0.99972316E+00   0.00000000E+00
 24.   75.  -0.33272009E-01  -0.33272010E-01  -0.98559747E-08   0.00000000E+00
 24.   76.  -0.63443533E-01   0.36629140E-01   0.99972316E+00   0.00000000E+00
 24.   77.   0.12178400E-01   0.45450410E-01   0.13240366E-07   0.00000000E+00
 24.   78.   0.73258281E-01   0.00000000E+00  -0.99972316E+00   0.00000000E+00
