mode k UX UY UZ VOLT
  1.    1.   0.10000000E+01   0.00000000E+00  -0.52001363E-01   0.00000000E+00
  1.    2.   0.10000000E+01  -0.59010008E-13  -0.50945406E-01   0.00000000E+00
  1.    3.   0.10000000E+01  -0.10320172E-12  -0.47849496E-01   0.00000000E+00
  1.    4.   0.10000000E+01  -0.13179664E-12  -0.42924614E-01   0.00000000E+00
  1.    5.   0.10000000E+01  -0.12941190E-12  -0.36506384E-01   0.00000000E+00
  1.    6.   0.10000000E+01  -0.10888291E-12  -0.29032196E-01   0.00000000E+00
  1.    7.   0.10000000E+01  -0.84308486E-13  -0.21011404E-01   0.00000000E+00
  1.    8.   0.10000000E+01  -0.58704533E-13  -0.12990613E-01   0.00000000E+00
  1.    9.   0.10000000E+01  -0.15847895E-13  -0.55164250E-02   0.00000000E+00
  1.   10.   0.10000000E+01  -0.27366158E-14   0.90180566E-03   0.00000000E+00
  1.   11.   0.10000000E+01  -0.11665166E-13   0.58266872E-02   0.00000000E+00
  1.   12.   0.10000000E+01   0.34307436E-14   0.89225973E-02   0.00000000E+00
  1.   13.   0.10000000E+01   0.00000000E+00   0.99785546E-02   0.00000000E+00
  1.   14.   0.10000000E+01   0.00000000E+00  -0.90738811E-01   0.00000000E+00
  1.   15.   0.10000000E+01  -0.22689822E-12  -0.88362907E-01   0.00000000E+00
  1.   16.   0.10000000E+01  -0.34612498E-12  -0.81397110E-01   0.00000000E+00
  1.   17.   0.10000000E+01  -0.36478104E-12  -0.70316127E-01   0.00000000E+00
  1.   18.   0.10000000E+01  -0.32643238E-12  -0.55875108E-01   0.00000000E+00
  1.   19.   0.10000000E+01  -0.23013979E-12  -0.39058185E-01   0.00000000E+00
  1.   20.   0.10000000E+01  -0.10604313E-12  -0.21011404E-01   0.00000000E+00
  1.   21.   0.10000000E+01  -0.10333875E-13  -0.29646237E-02   0.00000000E+00
  1.   22.   0.10000000E+01   0.21074390E-13   0.13852299E-01   0.00000000E+00
  1.   23.   0.10000000E+01   0.18745557E-13   0.28293318E-01   0.00000000E+00
  1.   24.   0.10000000E+01   0.23559576E-13   0.39374301E-01   0.00000000E+00
  1.   25.   0.10000000E+01   0.25024129E-13   0.46340099E-01   0.00000000E+00
  1.   26.   0.10000000E+01   0.00000000E+00   0.48716003E-01   0.00000000E+00
  1.   27.   0.10000000E+01   0.00000000E+00  -0.12947626E+00   0.00000000E+00
  1.   28.   0.10000000E+01  -0.46478109E-12  -0.12578041E+00   0.00000000E+00
  1.   29.   0.10000000E+01  -0.59167855E-12  -0.11494472E+00   0.00000000E+00
  1.   30.   0.10000000E+01  -0.55597904E-12  -0.97707639E-01   0.00000000E+00
  1.   31.   0.10000000E+01  -0.47894970E-12  -0.75243832E-01   0.00000000E+00
  1.   32.   0.10000000E+01  -0.30060977E-12  -0.49084175E-01   0.00000000E+00
  1.   33.   0.10000000E+01  -0.11285808E-12  -0.21011405E-01   0.00000000E+00
  1.   34.   0.10000000E+01   0.20948152E-13   0.70613654E-02   0.00000000E+00
  1.   35.   0.10000000E+01   0.77207045E-13   0.33221023E-01   0.00000000E+00
  1.   36.   0.10000000E+01   0.28649764E-13   0.55684830E-01   0.00000000E+00
  1.   37.   0.10000000E+01   0.37932769E-14   0.72921916E-01   0.00000000E+00
  1.   38.   0.10000000E+01   0.37616376E-13   0.83757601E-01   0.00000000E+00
  1.   39.   0.10000000E+01   0.00000000E+00   0.87453451E-01   0.00000000E+00
  1.   40.   0.10000000E+01   0.00000000E+00  -0.16821371E+00   0.00000000E+00
  1.   41.   0.10000000E+01  -0.60081484E-12  -0.16319791E+00   0.00000000E+00
  1.   42.   0.10000000E+01  -0.78927631E-12  -0.14849234E+00   0.00000000E+00
  1.   43.   0.10000000E+01  -0.76785756E-12  -0.12509915E+00   0.00000000E+00
  1.   44.   0.10000000E+01  -0.58043278E-12  -0.94612556E-01   0.00000000E+00
  1.   45.   0.10000000E+01  -0.29584889E-12  -0.59110164E-01   0.00000000E+00
  1.   46.   0.10000000E+01  -0.73751876E-13  -0.21011405E-01   0.00000000E+00
  1.   47.   0.10000000E+01   0.15224775E-12   0.17087355E-01   0.00000000E+00
  1.   48.   0.10000000E+01   0.24933934E-12   0.52589747E-01   0.00000000E+00
  1.   49.   0.10000000E+01   0.15354693E-12   0.83076342E-01   0.00000000E+00
  1.   50.   0.10000000E+01   0.95342851E-13   0.10646953E+00   0.00000000E+00
  1.   51.   0.10000000E+01   0.12352656E-12   0.12117510E+00   0.00000000E+00
  1.   52.   0.10000000E+01   0.00000000E+00   0.12619090E+00   0.00000000E+00
  1.   53.   0.10000000E+01   0.00000000E+00  -0.20695116E+00   0.00000000E+00
  1.   54.   0.10000000E+01  -0.62031459E-12  -0.20061541E+00   0.00000000E+00
  1.   55.   0.10000000E+01  -0.90821914E-12  -0.18203995E+00   0.00000000E+00
  1.   56.   0.10000000E+01  -0.95922951E-12  -0.15249066E+00   0.00000000E+00
  1.   57.   0.10000000E+01  -0.73621546E-12  -0.11398128E+00   0.00000000E+00
  1.   58.   0.10000000E+01  -0.29958429E-12  -0.69136154E-01   0.00000000E+00
  1.   59.   0.10000000E+01  -0.57660469E-13  -0.21011405E-01   0.00000000E+00
  1.   60.   0.10000000E+01   0.23549123E-12   0.27113344E-01   0.00000000E+00
  1.   61.   0.10000000E+01   0.32549083E-12   0.71958471E-01   0.00000000E+00
  1.   62.   0.10000000E+01   0.23995044E-12   0.11046785E+00   0.00000000E+00
  1.   63.   0.10000000E+01   0.14267883E-12   0.14001714E+00   0.00000000E+00
  1.   64.   0.10000000E+01   0.45899912E-13   0.15859260E+00   0.00000000E+00
  1.   65.   0.10000000E+01   0.00000000E+00   0.16492835E+00   0.00000000E+00
  1.   66.   0.99132281E+00   0.00000000E+00  -0.20695116E+00   0.00000000E+00
  1.   67.   0.99132281E+00   0.60213999E-12  -0.20061541E+00   0.00000000E+00
  1.   68.   0.99132281E+00   0.62913047E-12  -0.18203995E+00   0.00000000E+00
  1.   69.   0.99132281E+00   0.55524863E-12  -0.15249066E+00   0.00000000E+00
  1.   70.   0.99132281E+00   0.35527024E-12  -0.11398128E+00   0.00000000E+00
  1.   71.   0.99132281E+00   0.12072513E-12  -0.69136154E-01   0.00000000E+00
  1.   72.   0.99132281E+00   0.74557078E-13  -0.21011405E-01   0.00000000E+00
  1.   73.   0.99132281E+00  -0.91224621E-14   0.27113344E-01   0.00000000E+00
  1.   74.   0.99132281E+00   0.61922002E-13   0.71958471E-01   0.00000000E+00
  1.   75.   0.99132281E+00   0.24738165E-13   0.11046785E+00   0.00000000E+00
  1.   76.   0.99132281E+00  -0.14193071E-12   0.14001714E+00   0.00000000E+00
  1.   77.   0.99132281E+00  -0.30789225E-12   0.15859260E+00   0.00000000E+00
  1.   78.   0.99132281E+00   0.00000000E+00   0.16492835E+00   0.00000000E+00
  2.    1.   0.23883206E-01   0.00000000E+00   0.35310183E+00   0.00000000E+00
  2.    2.   0.23883206E-01  -0.54890941E-13   0.34869332E+00   0.00000000E+00
  2.    3.   0.23883206E-01  -0.19852507E-12   0.33576824E+00   0.00000000E+00
  2.    4.   0.23883206E-01  -0.45877406E-12   0.31520741E+00   0.00000000E+00
  2.    5.   0.23883206E-01  -0.74926503E-12   0.28841201E+00   0.00000000E+00
  2.    6.   0.23883206E-01  -0.97641283E-12   0.25720810E+00   0.00000000E+00
  2.    7.   0.23883206E-01  -0.10084495E-11   0.22372219E+00   0.00000000E+00
  2.    8.   0.23883206E-01  -0.89404823E-12   0.19023628E+00   0.00000000E+00
  2.    9.   0.23883206E-01  -0.72256581E-12   0.15903237E+00   0.00000000E+00
  2.   10.   0.23883206E-01  -0.52370818E-12   0.13223697E+00   0.00000000E+00
  2.   11.   0.23883206E-01  -0.33155606E-12   0.11167614E+00   0.00000000E+00
  2.   12.   0.23883206E-01  -0.15539361E-12   0.98751060E-01   0.00000000E+00
  2.   13.   0.23883206E-01   0.00000000E+00   0.94342555E-01   0.00000000E+00
  2.   14.   0.23883206E-01   0.00000000E+00   0.51482637E+00   0.00000000E+00
  2.   15.   0.23883206E-01   0.83245111E-12   0.50490723E+00   0.00000000E+00
  2.   16.   0.23883206E-01   0.11760005E-11   0.47582580E+00   0.00000000E+00
  2.   17.   0.23883206E-01   0.10846271E-11   0.42956393E+00   0.00000000E+00
  2.   18.   0.23883206E-01   0.73756725E-12   0.36927428E+00   0.00000000E+00
  2.   19.   0.23883206E-01   0.38232240E-12   0.29906550E+00   0.00000000E+00
  2.   20.   0.23883206E-01   0.18717570E-12   0.22372219E+00   0.00000000E+00
  2.   21.   0.23883206E-01   0.18462174E-12   0.14837889E+00   0.00000000E+00
  2.   22.   0.23883206E-01   0.26838158E-12   0.78170103E-01   0.00000000E+00
  2.   23.   0.23883206E-01   0.32321756E-12   0.17880453E-01   0.00000000E+00
  2.   24.   0.23883206E-01   0.28338045E-12  -0.28381422E-01   0.00000000E+00
  2.   25.   0.23883206E-01   0.15794694E-12  -0.57462853E-01   0.00000000E+00
  2.   26.   0.23883206E-01   0.00000000E+00  -0.67381988E-01   0.00000000E+00
  2.   27.   0.23883206E-01   0.00000000E+00   0.67655091E+00   0.00000000E+00
  2.   28.   0.23883206E-01   0.21230525E-11   0.66112115E+00   0.00000000E+00
  2.   29.   0.23883206E-01   0.27135071E-11   0.61588337E+00   0.00000000E+00
  2.   30.   0.23883206E-01   0.25344118E-11   0.54392045E+00   0.00000000E+00
  2.   31.   0.23883206E-01   0.19837557E-11   0.45013655E+00   0.00000000E+00
  2.   32.   0.23883206E-01   0.14542960E-11   0.34092289E+00   0.00000000E+00
  2.   33.   0.23883206E-01   0.11438826E-11   0.22372219E+00   0.00000000E+00
  2.   34.   0.23883206E-01   0.96412767E-12   0.10652150E+00   0.00000000E+00
  2.   35.   0.23883206E-01   0.95670591E-12  -0.26921679E-02   0.00000000E+00
  2.   36.   0.23883206E-01   0.96683666E-12  -0.96476068E-01   0.00000000E+00
  2.   37.   0.23883206E-01   0.73116602E-12  -0.16843898E+00   0.00000000E+00
  2.   38.   0.23883206E-01   0.32005848E-12  -0.21367677E+00   0.00000000E+00
  2.   39.   0.23883206E-01   0.00000000E+00  -0.22910653E+00   0.00000000E+00
  2.   40.   0.23883206E-01   0.00000000E+00   0.83827546E+00   0.00000000E+00
  2.   41.   0.23883206E-01   0.36098817E-11   0.81733506E+00   0.00000000E+00
  2.   42.   0.23883206E-01   0.44584371E-11   0.75594093E+00   0.00000000E+00
  2.   43.   0.23883206E-01   0.42066674E-11   0.65827697E+00   0.00000000E+00
  2.   44.   0.23883206E-01   0.32282702E-11   0.53099882E+00   0.00000000E+00
  2.   45.   0.23883206E-01   0.24079247E-11   0.38278028E+00   0.00000000E+00
  2.   46.   0.23883206E-01   0.19560857E-11   0.22372219E+00   0.00000000E+00
  2.   47.   0.23883206E-01   0.16850410E-11   0.64664105E-01   0.00000000E+00
  2.   48.   0.23883206E-01   0.14612701E-11  -0.83554439E-01   0.00000000E+00
  2.   49.   0.23883206E-01   0.13180925E-11  -0.21083259E+00   0.00000000E+00
  2.   50.   0.23883206E-01   0.90241879E-12  -0.30849655E+00   0.00000000E+00
  2.   51.   0.23883206E-01   0.25201339E-12  -0.36989068E+00   0.00000000E+00
  2.   52.   0.23883206E-01   0.00000000E+00  -0.39083108E+00   0.00000000E+00
  2.   53.   0.23883206E-01   0.00000000E+00   0.10000000E+01   0.00000000E+00
  2.   54.   0.23883206E-01   0.44724515E-11   0.97354898E+00   0.00000000E+00
  2.   55.   0.23883206E-01   0.57776695E-11   0.89599849E+00   0.00000000E+00
  2.   56.   0.23883206E-01   0.55317013E-11   0.77263349E+00   0.00000000E+00
  2.   57.   0.23883206E-01   0.43080832E-11   0.61186110E+00   0.00000000E+00
  2.   58.   0.23883206E-01   0.29861871E-11   0.42463767E+00   0.00000000E+00
  2.   59.   0.23883206E-01   0.26153849E-11   0.22372219E+00   0.00000000E+00
  2.   60.   0.23883206E-01   0.23656888E-11   0.22806715E-01   0.00000000E+00
  2.   61.   0.23883206E-01   0.21348620E-11  -0.16441671E+00   0.00000000E+00
  2.   62.   0.23883206E-01   0.18363757E-11  -0.32518911E+00   0.00000000E+00
  2.   63.   0.23883206E-01   0.11211778E-11  -0.44855411E+00   0.00000000E+00
  2.   64.   0.23883206E-01   0.32167684E-12  -0.52610459E+00   0.00000000E+00
  2.   65.   0.23883206E-01   0.00000000E+00  -0.55255562E+00   0.00000000E+00
  2.   66.   0.60109503E-01   0.00000000E+00   0.10000000E+01   0.00000000E+00
  2.   67.   0.60109503E-01  -0.44559385E-11   0.97354898E+00   0.00000000E+00
  2.   68.   0.60109503E-01  -0.57761356E-11   0.89599849E+00   0.00000000E+00
  2.   69.   0.60109503E-01  -0.55489067E-11   0.77263349E+00   0.00000000E+00
  2.   70.   0.60109503E-01  -0.42809609E-11   0.61186110E+00   0.00000000E+00
  2.   71.   0.60109503E-01  -0.30048979E-11   0.42463767E+00   0.00000000E+00
  2.   72.   0.60109503E-01  -0.26170477E-11   0.22372219E+00   0.00000000E+00
  2.   73.   0.60109503E-01  -0.23662127E-11   0.22806715E-01   0.00000000E+00
  2.   74.   0.60109503E-01  -0.21174894E-11  -0.16441671E+00   0.00000000E+00
  2.   75.   0.60109503E-01  -0.18302236E-11  -0.32518911E+00   0.00000000E+00
  2.   76.   0.60109503E-01  -0.11098025E-11  -0.44855411E+00   0.00000000E+00
  2.   77.   0.60109503E-01  -0.31771044E-12  -0.52610459E+00   0.00000000E+00
  2.   78.   0.60109503E-01   0.00000000E+00  -0.55255562E+00   0.00000000E+00
  3.    1.  -0.30257530E-02   0.00000000E+00   0.38519880E+00   0.00000000E+00
  3.    2.  -0.30257530E-02  -0.84321167E-12   0.38819149E+00   0.00000000E+00
  3.    3.  -0.30257530E-02  -0.17381737E-11   0.39696562E+00   0.00000000E+00
  3.    4.  -0.30257530E-02  -0.26851085E-11   0.41092324E+00   0.00000000E+00
  3.    5.  -0.30257530E-02  -0.35595830E-11   0.42911317E+00   0.00000000E+00
  3.    6.  -0.30257530E-02  -0.42089155E-11   0.45029579E+00   0.00000000E+00
  3.    7.  -0.30257530E-02  -0.43829050E-11   0.47302754E+00   0.00000000E+00
  3.    8.  -0.30257530E-02  -0.41272518E-11   0.49575929E+00   0.00000000E+00
  3.    9.  -0.30257530E-02  -0.35799790E-11   0.51694191E+00   0.00000000E+00
  3.   10.  -0.30257530E-02  -0.27656478E-11   0.53513184E+00   0.00000000E+00
  3.   11.  -0.30257530E-02  -0.18176118E-11   0.54908946E+00   0.00000000E+00
  3.   12.  -0.30257530E-02  -0.86010014E-12   0.55786359E+00   0.00000000E+00
  3.   13.  -0.30257530E-02   0.00000000E+00   0.56085628E+00   0.00000000E+00
  3.   14.  -0.30257530E-02   0.00000000E+00   0.27541287E+00   0.00000000E+00
  3.   15.  -0.30257530E-02  -0.85898893E-12   0.28214643E+00   0.00000000E+00
  3.   16.  -0.30257530E-02  -0.17814491E-11   0.30188822E+00   0.00000000E+00
  3.   17.  -0.30257530E-02  -0.26661047E-11   0.33329287E+00   0.00000000E+00
  3.   18.  -0.30257530E-02  -0.34416190E-11   0.37422021E+00   0.00000000E+00
  3.   19.  -0.30257530E-02  -0.39578491E-11   0.42188110E+00   0.00000000E+00
  3.   20.  -0.30257530E-02  -0.41215960E-11   0.47302754E+00   0.00000000E+00
  3.   21.  -0.30257530E-02  -0.38711260E-11   0.52417398E+00   0.00000000E+00
  3.   22.  -0.30257530E-02  -0.33111595E-11   0.57183488E+00   0.00000000E+00
  3.   23.  -0.30257530E-02  -0.25105420E-11   0.61276222E+00   0.00000000E+00
  3.   24.  -0.30257530E-02  -0.14993685E-11   0.64416687E+00   0.00000000E+00
  3.   25.  -0.30257530E-02  -0.59241536E-12   0.66390866E+00   0.00000000E+00
  3.   26.  -0.30257530E-02   0.00000000E+00   0.67064221E+00   0.00000000E+00
  3.   27.  -0.30257530E-02   0.00000000E+00   0.16562694E+00   0.00000000E+00
  3.   28.  -0.30257530E-02  -0.79110683E-12   0.17610136E+00   0.00000000E+00
  3.   29.  -0.30257530E-02  -0.17761454E-11   0.20681081E+00   0.00000000E+00
  3.   30.  -0.30257530E-02  -0.26556367E-11   0.25566249E+00   0.00000000E+00
  3.   31.  -0.30257530E-02  -0.33480377E-11   0.31932724E+00   0.00000000E+00
  3.   32.  -0.30257530E-02  -0.37093436E-11   0.39346641E+00   0.00000000E+00
  3.   33.  -0.30257530E-02  -0.37903377E-11   0.47302754E+00   0.00000000E+00
  3.   34.  -0.30257530E-02  -0.38353997E-11   0.55258867E+00   0.00000000E+00
  3.   35.  -0.30257530E-02  -0.35986923E-11   0.62672784E+00   0.00000000E+00
  3.   36.  -0.30257530E-02  -0.30923114E-11   0.69039259E+00   0.00000000E+00
  3.   37.  -0.30257530E-02  -0.19233227E-11   0.73924427E+00   0.00000000E+00
  3.   38.  -0.30257530E-02  -0.64876554E-12   0.76995372E+00   0.00000000E+00
  3.   39.  -0.30257530E-02   0.00000000E+00   0.78042814E+00   0.00000000E+00
  3.   40.  -0.30257530E-02   0.00000000E+00   0.55841012E-01   0.00000000E+00
  3.   41.  -0.30257530E-02  -0.72353488E-12   0.70056299E-01   0.00000000E+00
  3.   42.  -0.30257530E-02  -0.16431679E-11   0.11173341E+00   0.00000000E+00
  3.   43.  -0.30257530E-02  -0.24361326E-11   0.17803212E+00   0.00000000E+00
  3.   44.  -0.30257530E-02  -0.30359602E-11   0.26443428E+00   0.00000000E+00
  3.   45.  -0.30257530E-02  -0.31160279E-11   0.36505172E+00   0.00000000E+00
  3.   46.  -0.30257530E-02  -0.27703451E-11   0.47302754E+00   0.00000000E+00
  3.   47.  -0.30257530E-02  -0.20791456E-11   0.58100336E+00   0.00000000E+00
  3.   48.  -0.30257530E-02  -0.15300485E-11   0.68162080E+00   0.00000000E+00
  3.   49.  -0.30257530E-02  -0.15171151E-11   0.76802296E+00   0.00000000E+00
  3.   50.  -0.30257530E-02  -0.10067301E-11   0.83432167E+00   0.00000000E+00
  3.   51.  -0.30257530E-02   0.76586905E-13   0.87599878E+00   0.00000000E+00
  3.   52.  -0.30257530E-02   0.00000000E+00   0.89021407E+00   0.00000000E+00
  3.   53.  -0.30257530E-02   0.00000000E+00  -0.53944916E-01   0.00000000E+00
  3.   54.  -0.30257530E-02  -0.65236084E-12  -0.35988765E-01   0.00000000E+00
  3.   55.  -0.30257530E-02  -0.14580187E-11   0.16656006E-01   0.00000000E+00
  3.   56.  -0.30257530E-02  -0.21702639E-11   0.10040174E+00   0.00000000E+00
  3.   57.  -0.30257530E-02  -0.27106492E-11   0.20954131E+00   0.00000000E+00
  3.   58.  -0.30257530E-02  -0.27874782E-11   0.33663703E+00   0.00000000E+00
  3.   59.  -0.30257530E-02  -0.20944470E-11   0.47302754E+00   0.00000000E+00
  3.   60.  -0.30257530E-02  -0.11461852E-11   0.60941805E+00   0.00000000E+00
  3.   61.  -0.30257530E-02  -0.51706324E-12   0.73651377E+00   0.00000000E+00
  3.   62.  -0.30257530E-02  -0.41251540E-12   0.84565334E+00   0.00000000E+00
  3.   63.  -0.30257530E-02  -0.44119764E-13   0.92939908E+00   0.00000000E+00
  3.   64.  -0.30257530E-02   0.62530701E-12   0.98204385E+00   0.00000000E+00
  3.   65.  -0.30257530E-02   0.00000000E+00   0.10000000E+01   0.00000000E+00
  3.   66.  -0.27617801E-01   0.00000000E+00  -0.53944916E-01   0.00000000E+00
  3.   67.  -0.27617801E-01   0.64732100E-12  -0.35988765E-01   0.00000000E+00
  3.   68.  -0.27617801E-01   0.14595989E-11   0.16656006E-01   0.00000000E+00
  3.   69.  -0.27617801E-01   0.21805896E-11   0.10040174E+00   0.00000000E+00
  3.   70.  -0.27617801E-01   0.27506540E-11   0.20954131E+00   0.00000000E+00
  3.   71.  -0.27617801E-01   0.28133715E-11   0.33663703E+00   0.00000000E+00
  3.   72.  -0.27617801E-01   0.21412175E-11   0.47302754E+00   0.00000000E+00
  3.   73.  -0.27617801E-01   0.11811168E-11   0.60941805E+00   0.00000000E+00
  3.   74.  -0.27617801E-01   0.49831911E-12   0.73651377E+00   0.00000000E+00
  3.   75.  -0.27617801E-01   0.42280210E-12   0.84565334E+00   0.00000000E+00
  3.   76.  -0.27617801E-01   0.18880155E-13   0.92939908E+00   0.00000000E+00
  3.   77.  -0.27617801E-01  -0.65070073E-12   0.98204385E+00   0.00000000E+00
  3.   78.  -0.27617801E-01   0.00000000E+00   0.10000000E+01   0.00000000E+00
  4.    1.  -0.12393098E-01   0.00000000E+00   0.40044247E-01   0.00000000E+00
  4.    2.  -0.11983901E-01   0.32564131E-02   0.34679335E-01   0.00000000E+00
  4.    3.  -0.10776529E-01   0.62723984E-02   0.20022124E-01   0.00000000E+00
  4.    4.  -0.88347552E-02   0.88347551E-02   0.11285550E-09   0.00000000E+00
  4.    5.  -0.62723985E-02   0.10776529E-01  -0.20022124E-01   0.00000000E+00
  4.    6.  -0.32564131E-02   0.11983901E-01  -0.34679335E-01   0.00000000E+00
  4.    7.  -0.68115537E-10   0.12393098E-01  -0.40044247E-01   0.00000000E+00
  4.    8.   0.32564130E-02   0.11983901E-01  -0.34679336E-01   0.00000000E+00
  4.    9.   0.62723984E-02   0.10776529E-01  -0.20022124E-01   0.00000000E+00
  4.   10.   0.88347551E-02   0.88347552E-02  -0.69641704E-09   0.00000000E+00
  4.   11.   0.10776529E-01   0.62723986E-02   0.20022123E-01   0.00000000E+00
  4.   12.   0.11983901E-01   0.32564132E-02   0.34679335E-01   0.00000000E+00
  4.   13.   0.12393098E-01   0.00000000E+00   0.40044247E-01   0.00000000E+00
  4.   14.  -0.20495336E-01   0.00000000E+00   0.18301333E+00   0.00000000E+00
  4.   15.  -0.20088529E-01   0.63926810E-02   0.15849420E+00   0.00000000E+00
  4.   16.  -0.18725043E-01   0.11937390E-01   0.91506666E-01   0.00000000E+00
  4.   17.  -0.16085477E-01   0.16085477E-01   0.82831522E-09   0.00000000E+00
  4.   18.  -0.11937391E-01   0.18725043E-01  -0.91506666E-01   0.00000000E+00
  4.   19.  -0.63926811E-02   0.20088529E-01  -0.15849420E+00   0.00000000E+00
  4.   20.  -0.13225286E-09   0.20495336E-01  -0.18301333E+00   0.00000000E+00
  4.   21.   0.63926808E-02   0.20088529E-01  -0.15849420E+00   0.00000000E+00
  4.   22.   0.11937390E-01   0.18725043E-01  -0.91506669E-01   0.00000000E+00
  4.   23.   0.16085476E-01   0.16085477E-01  -0.29255906E-08   0.00000000E+00
  4.   24.   0.18725043E-01   0.11937391E-01   0.91506663E-01   0.00000000E+00
  4.   25.   0.20088529E-01   0.63926813E-02   0.15849419E+00   0.00000000E+00
  4.   26.   0.20495336E-01   0.00000000E+00   0.18301333E+00   0.00000000E+00
  4.   27.  -0.28400198E-01   0.00000000E+00   0.40326149E+00   0.00000000E+00
  4.   28.  -0.27929207E-01   0.92043051E-02   0.34923469E+00   0.00000000E+00
  4.   29.  -0.26257358E-01   0.17078881E-01   0.20163074E+00   0.00000000E+00
  4.   30.  -0.22796114E-01   0.22796114E-01   0.19307719E-08   0.00000000E+00
  4.   31.  -0.17078881E-01   0.26257358E-01  -0.20163074E+00   0.00000000E+00
  4.   32.  -0.92043052E-02   0.27929207E-01  -0.34923469E+00   0.00000000E+00
  4.   33.  -0.18899249E-09   0.28400198E-01  -0.40326149E+00   0.00000000E+00
  4.   34.   0.92043048E-02   0.27929207E-01  -0.34923470E+00   0.00000000E+00
  4.   35.   0.17078880E-01   0.26257358E-01  -0.20163075E+00   0.00000000E+00
  4.   36.   0.22796114E-01   0.22796114E-01  -0.63699828E-08   0.00000000E+00
  4.   37.   0.26257358E-01   0.17078881E-01   0.20163074E+00   0.00000000E+00
  4.   38.   0.27929207E-01   0.92043054E-02   0.34923469E+00   0.00000000E+00
  4.   39.   0.28400198E-01   0.00000000E+00   0.40326149E+00   0.00000000E+00
  4.   40.  -0.33677943E-01   0.00000000E+00   0.68228926E+00   0.00000000E+00
  4.   41.  -0.33374166E-01   0.11865492E-01   0.59087983E+00   0.00000000E+00
  4.   42.  -0.31989269E-01   0.21729097E-01   0.34114463E+00   0.00000000E+00
  4.   43.  -0.28424356E-01   0.28424356E-01   0.33266259E-08   0.00000000E+00
  4.   44.  -0.21729097E-01   0.31989269E-01  -0.34114463E+00   0.00000000E+00
  4.   45.  -0.11865492E-01   0.33374166E-01  -0.59087983E+00   0.00000000E+00
  4.   46.  -0.24299817E-09   0.33677943E-01  -0.68228926E+00   0.00000000E+00
  4.   47.   0.11865491E-01   0.33374166E-01  -0.59087984E+00   0.00000000E+00
  4.   48.   0.21729096E-01   0.31989269E-01  -0.34114464E+00   0.00000000E+00
  4.   49.   0.28424356E-01   0.28424356E-01  -0.10737541E-07   0.00000000E+00
  4.   50.   0.31989269E-01   0.21729097E-01   0.34114462E+00   0.00000000E+00
  4.   51.   0.33374166E-01   0.11865492E-01   0.59087983E+00   0.00000000E+00
  4.   52.   0.33677943E-01   0.00000000E+00   0.68228926E+00   0.00000000E+00
  4.   53.  -0.37327557E-01   0.00000000E+00   0.99976004E+00   0.00000000E+00
  4.   54.  -0.37190462E-01   0.13896253E-01   0.86581759E+00   0.00000000E+00
  4.   55.  -0.36123762E-01   0.25240635E-01   0.49988002E+00   0.00000000E+00
  4.   56.  -0.32595288E-01   0.32595288E-01   0.49131260E-08   0.00000000E+00
  4.   57.  -0.25240635E-01   0.36123762E-01  -0.49988002E+00   0.00000000E+00
  4.   58.  -0.13896253E-01   0.37190462E-01  -0.86581759E+00   0.00000000E+00
  4.   59.  -0.28392204E-09   0.37327557E-01  -0.99976004E+00   0.00000000E+00
  4.   60.   0.13896252E-01   0.37190462E-01  -0.86581760E+00   0.00000000E+00
  4.   61.   0.25240634E-01   0.36123762E-01  -0.49988003E+00   0.00000000E+00
  4.   62.   0.32595288E-01   0.32595288E-01  -0.15709761E-07   0.00000000E+00
  4.   63.   0.36123762E-01   0.25240635E-01   0.49988000E+00   0.00000000E+00
  4.   64.   0.37190462E-01   0.13896253E-01   0.86581758E+00   0.00000000E+00
  4.   65.   0.37327557E-01   0.00000000E+00   0.99976004E+00   0.00000000E+00
  4.   66.   0.37327557E-01   0.00000000E+00   0.99976004E+00   0.00000000E+00
  4.   67.   0.37190462E-01  -0.13896253E-01   0.86581759E+00   0.00000000E+00
  4.   68.   0.36123762E-01  -0.25240635E-01   0.49988002E+00   0.00000000E+00
  4.   69.   0.32595288E-01  -0.32595288E-01   0.49131216E-08   0.00000000E+00
  4.   70.   0.25240635E-01  -0.36123762E-01  -0.49988002E+00   0.00000000E+00
  4.   71.   0.13896253E-01  -0.37190462E-01  -0.86581759E+00   0.00000000E+00
  4.   72.   0.27412098E-09  -0.37327557E-01  -0.99976004E+00   0.00000000E+00
  4.   73.  -0.13896252E-01  -0.37190462E-01  -0.86581760E+00   0.00000000E+00
  4.   74.  -0.25240634E-01  -0.36123762E-01  -0.49988003E+00   0.00000000E+00
  4.   75.  -0.32595288E-01  -0.32595288E-01  -0.15709760E-07   0.00000000E+00
  4.   76.  -0.36123762E-01  -0.25240635E-01   0.49988000E+00   0.00000000E+00
  4.   77.  -0.37190462E-01  -0.13896253E-01   0.86581758E+00   0.00000000E+00
  4.   78.  -0.37327557E-01   0.00000000E+00   0.99976004E+00   0.00000000E+00
  5.    1.   0.41447577E-01   0.00000000E+00   0.99890008E+00   0.00000000E+00
  5.    2.   0.40035285E-01   0.10727422E-01   0.99890008E+00   0.00000000E+00
  5.    3.   0.35894655E-01   0.20723788E-01   0.99890008E+00   0.00000000E+00
  5.    4.   0.29307863E-01   0.29307863E-01   0.99890008E+00   0.00000000E+00
  5.    5.   0.20723789E-01   0.35894654E-01   0.99890008E+00   0.00000000E+00
  5.    6.   0.10727422E-01   0.40035285E-01   0.99890008E+00   0.00000000E+00
  5.    7.   0.21645822E-09   0.41447577E-01   0.99890008E+00   0.00000000E+00
  5.    8.  -0.10727422E-01   0.40035285E-01   0.99890008E+00   0.00000000E+00
  5.    9.  -0.20723788E-01   0.35894655E-01   0.99890008E+00   0.00000000E+00
  5.   10.  -0.29307862E-01   0.29307863E-01   0.99890008E+00   0.00000000E+00
  5.   11.  -0.35894654E-01   0.20723789E-01   0.99890008E+00   0.00000000E+00
  5.   12.  -0.40035285E-01   0.10727423E-01   0.99890008E+00   0.00000000E+00
  5.   13.  -0.41447577E-01   0.00000000E+00   0.99890008E+00   0.00000000E+00
  5.   14.   0.43215672E-01   0.00000000E+00   0.63489326E+00   0.00000000E+00
  5.   15.   0.41743134E-01   0.11185039E-01   0.63489326E+00   0.00000000E+00
  5.   16.   0.37425870E-01   0.21607836E-01   0.63489326E+00   0.00000000E+00
  5.   17.   0.30558095E-01   0.30558095E-01   0.63489326E+00   0.00000000E+00
  5.   18.   0.21607836E-01   0.37425870E-01   0.63489326E+00   0.00000000E+00
  5.   19.   0.11185039E-01   0.41743134E-01   0.63489326E+00   0.00000000E+00
  5.   20.   0.22579872E-09   0.43215672E-01   0.63489326E+00   0.00000000E+00
  5.   21.  -0.11185039E-01   0.41743134E-01   0.63489326E+00   0.00000000E+00
  5.   22.  -0.21607836E-01   0.37425870E-01   0.63489326E+00   0.00000000E+00
  5.   23.  -0.30558094E-01   0.30558095E-01   0.63489326E+00   0.00000000E+00
  5.   24.  -0.37425869E-01   0.21607836E-01   0.63489326E+00   0.00000000E+00
  5.   25.  -0.41743133E-01   0.11185039E-01   0.63489326E+00   0.00000000E+00
  5.   26.  -0.43215672E-01   0.00000000E+00   0.63489326E+00   0.00000000E+00
  5.   27.   0.49112859E-01   0.00000000E+00   0.21922452E+00   0.00000000E+00
  5.   28.   0.47439379E-01   0.12711343E-01   0.21922452E+00   0.00000000E+00
  5.   29.   0.42532983E-01   0.24556429E-01   0.21922452E+00   0.00000000E+00
  5.   30.   0.34728035E-01   0.34728035E-01   0.21922452E+00   0.00000000E+00
  5.   31.   0.24556429E-01   0.42532983E-01   0.21922452E+00   0.00000000E+00
  5.   32.   0.12711343E-01   0.47439379E-01   0.21922452E+00   0.00000000E+00
  5.   33.   0.25734813E-09   0.49112859E-01   0.21922452E+00   0.00000000E+00
  5.   34.  -0.12711343E-01   0.47439379E-01   0.21922452E+00   0.00000000E+00
  5.   35.  -0.24556429E-01   0.42532983E-01   0.21922452E+00   0.00000000E+00
  5.   36.  -0.34728035E-01   0.34728036E-01   0.21922452E+00   0.00000000E+00
  5.   37.  -0.42532983E-01   0.24556430E-01   0.21922452E+00   0.00000000E+00
  5.   38.  -0.47439378E-01   0.12711344E-01   0.21922452E+00   0.00000000E+00
  5.   39.  -0.49112859E-01   0.00000000E+00   0.21922452E+00   0.00000000E+00
  5.   40.   0.49731835E-01   0.00000000E+00  -0.22653816E+00   0.00000000E+00
  5.   41.   0.48037264E-01   0.12871546E-01  -0.22653816E+00   0.00000000E+00
  5.   42.   0.43069033E-01   0.24865918E-01  -0.22653816E+00   0.00000000E+00
  5.   43.   0.35165718E-01   0.35165718E-01  -0.22653816E+00   0.00000000E+00
  5.   44.   0.24865918E-01   0.43069033E-01  -0.22653816E+00   0.00000000E+00
  5.   45.   0.12871546E-01   0.48037264E-01  -0.22653816E+00   0.00000000E+00
  5.   46.   0.26183416E-09   0.49731835E-01  -0.22653816E+00   0.00000000E+00
  5.   47.  -0.12871546E-01   0.48037264E-01  -0.22653816E+00   0.00000000E+00
  5.   48.  -0.24865917E-01   0.43069033E-01  -0.22653816E+00   0.00000000E+00
  5.   49.  -0.35165718E-01   0.35165718E-01  -0.22653816E+00   0.00000000E+00
  5.   50.  -0.43069032E-01   0.24865918E-01  -0.22653816E+00   0.00000000E+00
  5.   51.  -0.48037264E-01   0.12871547E-01  -0.22653816E+00   0.00000000E+00
  5.   52.  -0.49731835E-01   0.00000000E+00  -0.22653816E+00   0.00000000E+00
  5.   53.   0.46796501E-01   0.00000000E+00  -0.65843461E+00   0.00000000E+00
  5.   54.   0.45201949E-01   0.12111826E-01  -0.65843461E+00   0.00000000E+00
  5.   55.   0.40526958E-01   0.23398250E-01  -0.65843461E+00   0.00000000E+00
  5.   56.   0.33090123E-01   0.33090123E-01  -0.65843461E+00   0.00000000E+00
  5.   57.   0.23398250E-01   0.40526958E-01  -0.65843461E+00   0.00000000E+00
  5.   58.   0.12111826E-01   0.45201949E-01  -0.65843461E+00   0.00000000E+00
  5.   59.   0.24737076E-09   0.46796501E-01  -0.65843461E+00   0.00000000E+00
  5.   60.  -0.12111825E-01   0.45201949E-01  -0.65843461E+00   0.00000000E+00
  5.   61.  -0.23398250E-01   0.40526959E-01  -0.65843461E+00   0.00000000E+00
  5.   62.  -0.33090123E-01   0.33090123E-01  -0.65843461E+00   0.00000000E+00
  5.   63.  -0.40526958E-01   0.23398251E-01  -0.65843461E+00   0.00000000E+00
  5.   64.  -0.45201948E-01   0.12111826E-01  -0.65843461E+00   0.00000000E+00
  5.   65.  -0.46796501E-01   0.00000000E+00  -0.65843461E+00   0.00000000E+00
  5.   66.  -0.46796501E-01   0.00000000E+00  -0.65843461E+00   0.00000000E+00
  5.   67.  -0.45201949E-01  -0.12111826E-01  -0.65843461E+00   0.00000000E+00
  5.   68.  -0.40526958E-01  -0.23398250E-01  -0.65843461E+00   0.00000000E+00
  5.   69.  -0.33090123E-01  -0.33090123E-01  -0.65843461E+00   0.00000000E+00
  5.   70.  -0.23398250E-01  -0.40526958E-01  -0.65843461E+00   0.00000000E+00
  5.   71.  -0.12111826E-01  -0.45201949E-01  -0.65843461E+00   0.00000000E+00
  5.   72.  -0.24571636E-09  -0.46796501E-01  -0.65843461E+00   0.00000000E+00
  5.   73.   0.12111825E-01  -0.45201949E-01  -0.65843461E+00   0.00000000E+00
  5.   74.   0.23398250E-01  -0.40526959E-01  -0.65843461E+00   0.00000000E+00
  5.   75.   0.33090123E-01  -0.33090123E-01  -0.65843461E+00   0.00000000E+00
  5.   76.   0.40526958E-01  -0.23398251E-01  -0.65843461E+00   0.00000000E+00
  5.   77.   0.45201948E-01  -0.12111826E-01  -0.65843461E+00   0.00000000E+00
  5.   78.   0.46796501E-01   0.00000000E+00  -0.65843461E+00   0.00000000E+00
  6.    1.  -0.45871560E-02   0.00000000E+00   0.87440168E-02   0.00000000E+00
  6.    2.  -0.39726686E-02   0.22938577E-02   0.61829536E-02   0.00000000E+00
  6.    3.  -0.22937828E-02   0.39729483E-02  -0.34983530E-11   0.00000000E+00
  6.    4.  -0.20476900E-06   0.45873608E-02  -0.61829536E-02   0.00000000E+00
  6.    5.   0.22935780E-02   0.39725937E-02  -0.87440168E-02   0.00000000E+00
  6.    6.   0.39728733E-02   0.22935031E-02  -0.61829537E-02   0.00000000E+00
  6.    7.   0.45875655E-02   0.46326612E-10  -0.14185169E-09   0.00000000E+00
  6.    8.   0.39728734E-02  -0.22935030E-02   0.61829535E-02   0.00000000E+00
  6.    9.   0.22935781E-02  -0.39725936E-02   0.87440168E-02   0.00000000E+00
  6.   10.  -0.20467364E-06  -0.45873608E-02   0.61829537E-02   0.00000000E+00
  6.   11.  -0.22937827E-02  -0.39729483E-02   0.26108984E-09   0.00000000E+00
  6.   12.  -0.39726685E-02  -0.22938578E-02  -0.61829534E-02   0.00000000E+00
  6.   13.  -0.45871560E-02   0.00000000E+00  -0.87440168E-02   0.00000000E+00
  6.   14.  -0.14791245E-01   0.00000000E+00   0.87011736E-01   0.00000000E+00
  6.   15.  -0.13067894E-01   0.83596112E-02   0.61526589E-01   0.00000000E+00
  6.   16.  -0.81013113E-02   0.14031883E-01   0.77681664E-10   0.00000000E+00
  6.   17.  -0.70568862E-03   0.15496934E-01  -0.61526588E-01   0.00000000E+00
  6.   18.   0.73956227E-02   0.12809594E-01  -0.87011736E-01   0.00000000E+00
  6.   19.   0.13773583E-01   0.71373229E-02  -0.61526589E-01   0.00000000E+00
  6.   20.   0.16202623E-01   0.14577735E-09  -0.13576286E-08   0.00000000E+00
  6.   21.   0.13773583E-01  -0.71373226E-02   0.61526587E-01   0.00000000E+00
  6.   22.   0.73956230E-02  -0.12809594E-01   0.87011736E-01   0.00000000E+00
  6.   23.  -0.70568830E-03  -0.15496934E-01   0.61526590E-01   0.00000000E+00
  6.   24.  -0.81013110E-02  -0.14031883E-01   0.26303191E-08   0.00000000E+00
  6.   25.  -0.13067894E-01  -0.83596115E-02  -0.61526587E-01   0.00000000E+00
  6.   26.  -0.14791246E-01   0.00000000E+00  -0.87011736E-01   0.00000000E+00
  6.   27.  -0.29077668E-01   0.00000000E+00   0.28362202E+00   0.00000000E+00
  6.   28.  -0.26077065E-01   0.17879265E-01   0.20055106E+00   0.00000000E+00
  6.   29.  -0.16984199E-01   0.29417496E-01   0.28724585E-09   0.00000000E+00
  6.   30.  -0.24453655E-02   0.31523033E-01  -0.20055105E+00   0.00000000E+00
  6.   31.   0.14538834E-01   0.25181999E-01  -0.28362202E+00   0.00000000E+00
  6.   32.   0.28522430E-01   0.13643768E-01  -0.20055106E+00   0.00000000E+00
  6.   33.   0.33968399E-01   0.27738771E-09  -0.44288960E-08   0.00000000E+00
  6.   34.   0.28522431E-01  -0.13643768E-01   0.20055105E+00   0.00000000E+00
  6.   35.   0.14538834E-01  -0.25181999E-01   0.28362202E+00   0.00000000E+00
  6.   36.  -0.24453648E-02  -0.31523033E-01   0.20055106E+00   0.00000000E+00
  6.   37.  -0.16984199E-01  -0.29417496E-01   0.85729638E-08   0.00000000E+00
  6.   38.  -0.26077065E-01  -0.17879266E-01  -0.20055105E+00   0.00000000E+00
  6.   39.  -0.29077668E-01   0.00000000E+00  -0.28362202E+00   0.00000000E+00
  6.   40.  -0.40522937E-01   0.00000000E+00   0.59793107E+00   0.00000000E+00
  6.   41.  -0.37338153E-01   0.28637163E-01   0.42280112E+00   0.00000000E+00
  6.   42.  -0.26392902E-01   0.45713848E-01   0.62105369E-09   0.00000000E+00
  6.   43.  -0.61314342E-02   0.46654371E-01  -0.42280111E+00   0.00000000E+00
  6.   44.   0.20261468E-01   0.35093893E-01  -0.59793107E+00   0.00000000E+00
  6.   45.   0.43469587E-01   0.18017208E-01  -0.42280112E+00   0.00000000E+00
  6.   46.   0.52785805E-01   0.35891727E-09  -0.93484024E-08   0.00000000E+00
  6.   47.   0.43469588E-01  -0.18017207E-01   0.42280111E+00   0.00000000E+00
  6.   48.   0.20261469E-01  -0.35093892E-01   0.59793107E+00   0.00000000E+00
  6.   49.  -0.61314332E-02  -0.46654371E-01   0.42280113E+00   0.00000000E+00
  6.   50.  -0.26392902E-01  -0.45713848E-01   0.18070046E-07   0.00000000E+00
  6.   51.  -0.37338153E-01  -0.28637164E-01  -0.42280110E+00   0.00000000E+00
  6.   52.  -0.40522937E-01   0.00000000E+00  -0.59793107E+00   0.00000000E+00
  6.   53.  -0.49486987E-01   0.00000000E+00   0.99932188E+00   0.00000000E+00
  6.   54.  -0.46311264E-01   0.37635028E-01   0.70662728E+00   0.00000000E+00
  6.   55.  -0.34180751E-01   0.59202798E-01   0.10433478E-08   0.00000000E+00
  6.   56.  -0.94372583E-02   0.58924245E-01  -0.70662727E+00   0.00000000E+00
  6.   57.   0.24743493E-01   0.42856988E-01  -0.99932188E+00   0.00000000E+00
  6.   58.   0.55748522E-01   0.21289217E-01  -0.70662728E+00   0.00000000E+00
  6.   59.   0.68361503E-01   0.41814575E-09  -0.15638890E-07   0.00000000E+00
  6.   60.   0.55748523E-01  -0.21289217E-01   0.70662726E+00   0.00000000E+00
  6.   61.   0.24743494E-01  -0.42856987E-01   0.99932188E+00   0.00000000E+00
  6.   62.  -0.94372571E-02  -0.58924244E-01   0.70662729E+00   0.00000000E+00
  6.   63.  -0.34180751E-01  -0.59202798E-01   0.30193796E-07   0.00000000E+00
  6.   64.  -0.46311264E-01  -0.37635029E-01  -0.70662725E+00   0.00000000E+00
  6.   65.  -0.49486987E-01   0.00000000E+00  -0.99932188E+00   0.00000000E+00
  6.   66.   0.49486987E-01   0.00000000E+00   0.99932188E+00   0.00000000E+00
  6.   67.   0.46311264E-01  -0.37635028E-01   0.70662728E+00   0.00000000E+00
  6.   68.   0.34180751E-01  -0.59202798E-01   0.10428422E-08   0.00000000E+00
  6.   69.   0.94372583E-02  -0.58924245E-01  -0.70662727E+00   0.00000000E+00
  6.   70.  -0.24743493E-01  -0.42856988E-01  -0.99932188E+00   0.00000000E+00
  6.   71.  -0.55748522E-01  -0.21289217E-01  -0.70662728E+00   0.00000000E+00
  6.   72.  -0.68361503E-01  -0.41802702E-09  -0.15639274E-07   0.00000000E+00
  6.   73.  -0.55748523E-01   0.21289217E-01   0.70662726E+00   0.00000000E+00
  6.   74.  -0.24743494E-01   0.42856987E-01   0.99932188E+00   0.00000000E+00
  6.   75.   0.94372571E-02   0.58924244E-01   0.70662729E+00   0.00000000E+00
  6.   76.   0.34180751E-01   0.59202798E-01   0.30193537E-07   0.00000000E+00
  6.   77.   0.46311264E-01   0.37635029E-01  -0.70662725E+00   0.00000000E+00
  6.   78.   0.49486987E-01   0.00000000E+00  -0.99932188E+00   0.00000000E+00
  7.    1.   0.34591484E-01   0.00000000E+00  -0.78565122E+00   0.00000000E+00
  7.    2.   0.39100239E-01  -0.16826901E-01  -0.75888080E+00   0.00000000E+00
  7.    3.   0.51418385E-01  -0.29145047E-01  -0.68039391E+00   0.00000000E+00
  7.    4.   0.68245286E-01  -0.33653801E-01  -0.55553930E+00   0.00000000E+00
  7.    5.   0.85072186E-01  -0.29145047E-01  -0.39282561E+00   0.00000000E+00
  7.    6.   0.97390333E-01  -0.16826901E-01  -0.20334150E+00   0.00000000E+00
  7.    7.   0.10189909E+00  -0.35411055E-09  -0.40969967E-08   0.00000000E+00
  7.    8.   0.97390333E-01   0.16826900E-01   0.20334149E+00   0.00000000E+00
  7.    9.   0.85072187E-01   0.29145047E-01   0.39282560E+00   0.00000000E+00
  7.   10.   0.68245286E-01   0.33653801E-01   0.55553930E+00   0.00000000E+00
  7.   11.   0.51418386E-01   0.29145047E-01   0.68039391E+00   0.00000000E+00
  7.   12.   0.39100239E-01   0.16826901E-01   0.75888080E+00   0.00000000E+00
  7.   13.   0.34591484E-01   0.00000000E+00   0.78565122E+00   0.00000000E+00
  7.   14.  -0.15953653E-02   0.00000000E+00  -0.99706005E+00   0.00000000E+00
  7.   15.   0.26489599E-02  -0.15840037E-01  -0.96308605E+00   0.00000000E+00
  7.   16.   0.14244672E-01  -0.27435749E-01  -0.86347933E+00   0.00000000E+00
  7.   17.   0.30084709E-01  -0.31680074E-01  -0.70502792E+00   0.00000000E+00
  7.   18.   0.45924746E-01  -0.27435749E-01  -0.49853003E+00   0.00000000E+00
  7.   19.   0.57520458E-01  -0.15840037E-01  -0.25805813E+00   0.00000000E+00
  7.   20.   0.61764783E-01  -0.33100042E-09  -0.51963123E-08   0.00000000E+00
  7.   21.   0.57520458E-01   0.15840037E-01   0.25805812E+00   0.00000000E+00
  7.   22.   0.45924746E-01   0.27435749E-01   0.49853002E+00   0.00000000E+00
  7.   23.   0.30084709E-01   0.31680074E-01   0.70502791E+00   0.00000000E+00
  7.   24.   0.14244672E-01   0.27435749E-01   0.86347932E+00   0.00000000E+00
  7.   25.   0.26489602E-02   0.15840038E-01   0.96308605E+00   0.00000000E+00
  7.   26.  -0.15953653E-02   0.00000000E+00   0.99706005E+00   0.00000000E+00
  7.   27.  -0.63653151E-01   0.00000000E+00  -0.69550947E+00   0.00000000E+00
  7.   28.  -0.57535658E-01  -0.22830794E-01  -0.67181056E+00   0.00000000E+00
  7.   29.  -0.40822357E-01  -0.39544095E-01  -0.60232887E+00   0.00000000E+00
  7.   30.  -0.17991563E-01  -0.45661588E-01  -0.49179946E+00   0.00000000E+00
  7.   31.   0.48392304E-02  -0.39544095E-01  -0.34775474E+00   0.00000000E+00
  7.   32.   0.21552531E-01  -0.22830794E-01  -0.18001110E+00   0.00000000E+00
  7.   33.   0.27670024E-01  -0.47312872E-09  -0.36387285E-08   0.00000000E+00
  7.   34.   0.21552532E-01   0.22830793E-01   0.18001109E+00   0.00000000E+00
  7.   35.   0.48392312E-02   0.39544094E-01   0.34775473E+00   0.00000000E+00
  7.   36.  -0.17991562E-01   0.45661588E-01   0.49179946E+00   0.00000000E+00
  7.   37.  -0.40822356E-01   0.39544095E-01   0.60232887E+00   0.00000000E+00
  7.   38.  -0.57535657E-01   0.22830795E-01   0.67181056E+00   0.00000000E+00
  7.   39.  -0.63653151E-01   0.00000000E+00   0.69550947E+00   0.00000000E+00
  7.   40.  -0.96612148E-01   0.00000000E+00   0.51382328E-01   0.00000000E+00
  7.   41.  -0.90245186E-01  -0.23761826E-01   0.49631517E-01   0.00000000E+00
  7.   42.  -0.72850323E-01  -0.41156689E-01   0.44498401E-01   0.00000000E+00
  7.   43.  -0.49088497E-01  -0.47523651E-01   0.36332792E-01   0.00000000E+00
  7.   44.  -0.25326672E-01  -0.41156689E-01   0.25691164E-01   0.00000000E+00
  7.   45.  -0.79318080E-02  -0.23761826E-01   0.13298725E-01   0.00000000E+00
  7.   46.  -0.15648458E-02  -0.49545464E-09   0.25477809E-09   0.00000000E+00
  7.   47.  -0.79318075E-02   0.23761825E-01  -0.13298725E-01   0.00000000E+00
  7.   48.  -0.25326671E-01   0.41156689E-01  -0.25691164E-01   0.00000000E+00
  7.   49.  -0.49088496E-01   0.47523651E-01  -0.36332792E-01   0.00000000E+00
  7.   50.  -0.72850322E-01   0.41156690E-01  -0.44498401E-01   0.00000000E+00
  7.   51.  -0.90245186E-01   0.23761827E-01  -0.49631517E-01   0.00000000E+00
  7.   52.  -0.96612148E-01   0.00000000E+00  -0.51382328E-01   0.00000000E+00
  7.   53.  -0.97147937E-01   0.00000000E+00   0.93142289E+00   0.00000000E+00
  7.   54.  -0.91999155E-01  -0.19215515E-01   0.89968542E+00   0.00000000E+00
  7.   55.  -0.77932422E-01  -0.33282248E-01   0.80663588E+00   0.00000000E+00
  7.   56.  -0.58716907E-01  -0.38431030E-01   0.65861544E+00   0.00000000E+00
  7.   57.  -0.39501392E-01  -0.33282249E-01   0.46571145E+00   0.00000000E+00
  7.   58.  -0.25434659E-01  -0.19215515E-01   0.24106998E+00   0.00000000E+00
  7.   59.  -0.20285877E-01  -0.39638156E-09   0.48280733E-08   0.00000000E+00
  7.   60.  -0.25434658E-01   0.19215515E-01  -0.24106997E+00   0.00000000E+00
  7.   61.  -0.39501391E-01   0.33282248E-01  -0.46571144E+00   0.00000000E+00
  7.   62.  -0.58716906E-01   0.38431030E-01  -0.65861543E+00   0.00000000E+00
  7.   63.  -0.77932421E-01   0.33282249E-01  -0.80663588E+00   0.00000000E+00
  7.   64.  -0.91999155E-01   0.19215516E-01  -0.89968542E+00   0.00000000E+00
  7.   65.  -0.97147937E-01   0.00000000E+00  -0.93142289E+00   0.00000000E+00
  7.   66.   0.97147937E-01   0.00000000E+00   0.93142289E+00   0.00000000E+00
  7.   67.   0.91999155E-01   0.19215515E-01   0.89968542E+00   0.00000000E+00
  7.   68.   0.77932422E-01   0.33282248E-01   0.80663588E+00   0.00000000E+00
  7.   69.   0.58716907E-01   0.38431030E-01   0.65861544E+00   0.00000000E+00
  7.   70.   0.39501392E-01   0.33282249E-01   0.46571145E+00   0.00000000E+00
  7.   71.   0.25434659E-01   0.19215515E-01   0.24106998E+00   0.00000000E+00
  7.   72.   0.20285877E-01   0.39674837E-09   0.48271286E-08   0.00000000E+00
  7.   73.   0.25434658E-01  -0.19215515E-01  -0.24106997E+00   0.00000000E+00
  7.   74.   0.39501391E-01  -0.33282248E-01  -0.46571144E+00   0.00000000E+00
  7.   75.   0.58716906E-01  -0.38431030E-01  -0.65861543E+00   0.00000000E+00
  7.   76.   0.77932421E-01  -0.33282249E-01  -0.80663588E+00   0.00000000E+00
  7.   77.   0.91999155E-01  -0.19215516E-01  -0.89968542E+00   0.00000000E+00
  7.   78.   0.97147937E-01   0.00000000E+00  -0.93142289E+00   0.00000000E+00
  8.    1.  -0.15199464E-02   0.00000000E+00   0.18877641E-02   0.00000000E+00
  8.    2.  -0.10694238E-02   0.10548330E-02   0.94388205E-03   0.00000000E+00
  8.    3.   0.10317276E-04   0.15020764E-02  -0.94388206E-03   0.00000000E+00
  8.    4.   0.10747644E-02   0.10747644E-02  -0.18877641E-02   0.00000000E+00
  8.    5.   0.15020764E-02   0.10317289E-04  -0.94388207E-03   0.00000000E+00
  8.    6.   0.10548330E-02  -0.10694238E-02   0.94388204E-03   0.00000000E+00
  8.    7.   0.26035440E-10  -0.15199464E-02   0.18877641E-02   0.00000000E+00
  8.    8.  -0.10548330E-02  -0.10694238E-02   0.94388212E-03   0.00000000E+00
  8.    9.  -0.15020764E-02   0.10317243E-04  -0.94388199E-03   0.00000000E+00
  8.   10.  -0.10747645E-02   0.10747644E-02  -0.18877641E-02   0.00000000E+00
  8.   11.  -0.10317322E-04   0.15020764E-02  -0.94388211E-03   0.00000000E+00
  8.   12.   0.10694238E-02   0.10548330E-02   0.94388200E-03   0.00000000E+00
  8.   13.   0.15199464E-02   0.00000000E+00   0.18877641E-02   0.00000000E+00
  8.   14.  -0.98503815E-02   0.00000000E+00   0.43159033E-01   0.00000000E+00
  8.   15.  -0.71548207E-02   0.76726785E-02   0.21579516E-01   0.00000000E+00
  8.   16.  -0.36618079E-03   0.10484625E-01  -0.21579516E-01   0.00000000E+00
  8.   17.   0.69652715E-02   0.69652716E-02  -0.43159033E-01   0.00000000E+00
  8.   18.   0.10484625E-01  -0.36618070E-03  -0.21579517E-01   0.00000000E+00
  8.   19.   0.76726786E-02  -0.71548206E-02   0.21579516E-01   0.00000000E+00
  8.   20.   0.17296256E-09  -0.98503815E-02   0.43159033E-01   0.00000000E+00
  8.   21.  -0.76726783E-02  -0.71548208E-02   0.21579517E-01   0.00000000E+00
  8.   22.  -0.10484625E-01  -0.36618102E-03  -0.21579515E-01   0.00000000E+00
  8.   23.  -0.69652717E-02   0.69652714E-02  -0.43159033E-01   0.00000000E+00
  8.   24.   0.36618048E-03   0.10484625E-01  -0.21579518E-01   0.00000000E+00
  8.   25.   0.71548205E-02   0.76726787E-02   0.21579515E-01   0.00000000E+00
  8.   26.   0.98503815E-02   0.00000000E+00   0.43159033E-01   0.00000000E+00
  8.   27.  -0.27386754E-01   0.00000000E+00   0.20618785E+00   0.00000000E+00
  8.   28.  -0.20592911E-01   0.23946644E-01   0.10309392E+00   0.00000000E+00
  8.   29.  -0.23714473E-02   0.31494221E-01  -0.10309392E+00   0.00000000E+00
  8.   30.   0.19365359E-01   0.19365360E-01  -0.20618785E+00   0.00000000E+00
  8.   31.   0.31494221E-01  -0.23714470E-02  -0.10309393E+00   0.00000000E+00
  8.   32.   0.23946644E-01  -0.20592911E-01   0.10309392E+00   0.00000000E+00
  8.   33.   0.54331572E-09  -0.27386754E-01   0.20618785E+00   0.00000000E+00
  8.   34.  -0.23946643E-01  -0.20592911E-01   0.10309393E+00   0.00000000E+00
  8.   35.  -0.31494221E-01  -0.23714479E-02  -0.10309392E+00   0.00000000E+00
  8.   36.  -0.19365360E-01   0.19365359E-01  -0.20618785E+00   0.00000000E+00
  8.   37.   0.23714464E-02   0.31494221E-01  -0.10309393E+00   0.00000000E+00
  8.   38.   0.20592910E-01   0.23946645E-01   0.10309392E+00   0.00000000E+00
  8.   39.   0.27386754E-01   0.00000000E+00   0.20618785E+00   0.00000000E+00
  8.   40.  -0.44833088E-01   0.00000000E+00   0.53294867E+00   0.00000000E+00
  8.   41.  -0.35690766E-01   0.46588875E-01   0.26647434E+00   0.00000000E+00
  8.   42.  -0.77061271E-02   0.58180492E-01  -0.26647434E+00   0.00000000E+00
  8.   43.   0.31701780E-01   0.31701781E-01  -0.53294867E+00   0.00000000E+00
  8.   44.   0.58180492E-01  -0.77061267E-02  -0.26647434E+00   0.00000000E+00
  8.   45.   0.46588875E-01  -0.35690765E-01   0.26647433E+00   0.00000000E+00
  8.   46.   0.10749341E-08  -0.44833088E-01   0.53294867E+00   0.00000000E+00
  8.   47.  -0.46588874E-01  -0.35690766E-01   0.26647435E+00   0.00000000E+00
  8.   48.  -0.58180492E-01  -0.77061282E-02  -0.26647432E+00   0.00000000E+00
  8.   49.  -0.31701782E-01   0.31701780E-01  -0.53294867E+00   0.00000000E+00
  8.   50.   0.77061257E-02   0.58180491E-01  -0.26647436E+00   0.00000000E+00
  8.   51.   0.35690765E-01   0.46588876E-01   0.26647432E+00   0.00000000E+00
  8.   52.   0.44833088E-01   0.00000000E+00   0.53294867E+00   0.00000000E+00
  8.   53.  -0.60192786E-01   0.00000000E+00   0.99869534E+00   0.00000000E+00
  8.   54.  -0.49282386E-01   0.67640834E-01   0.49934767E+00   0.00000000E+00
  8.   55.  -0.12981383E-01   0.82677202E-01  -0.49934767E+00   0.00000000E+00
  8.   56.   0.42562727E-01   0.42562728E-01  -0.99869534E+00   0.00000000E+00
  8.   57.   0.82677202E-01  -0.12981383E-01  -0.49934768E+00   0.00000000E+00
  8.   58.   0.67640835E-01  -0.49282386E-01   0.49934766E+00   0.00000000E+00
  8.   59.   0.15704416E-08  -0.60192786E-01   0.99869534E+00   0.00000000E+00
  8.   60.  -0.67640833E-01  -0.49282387E-01   0.49934770E+00   0.00000000E+00
  8.   61.  -0.82677202E-01  -0.12981385E-01  -0.49934764E+00   0.00000000E+00
  8.   62.  -0.42562729E-01   0.42562726E-01  -0.99869534E+00   0.00000000E+00
  8.   63.   0.12981381E-01   0.82677201E-01  -0.49934771E+00   0.00000000E+00
  8.   64.   0.49282385E-01   0.67640836E-01   0.49934763E+00   0.00000000E+00
  8.   65.   0.60192786E-01   0.00000000E+00   0.99869534E+00   0.00000000E+00
  8.   66.   0.60192786E-01   0.00000000E+00   0.99869534E+00   0.00000000E+00
  8.   67.   0.49282386E-01  -0.67640834E-01   0.49934767E+00   0.00000000E+00
  8.   68.   0.12981383E-01  -0.82677202E-01  -0.49934767E+00   0.00000000E+00
  8.   69.  -0.42562727E-01  -0.42562728E-01  -0.99869534E+00   0.00000000E+00
  8.   70.  -0.82677202E-01   0.12981383E-01  -0.49934768E+00   0.00000000E+00
  8.   71.  -0.67640835E-01   0.49282386E-01   0.49934766E+00   0.00000000E+00
  8.   72.  -0.15714711E-08   0.60192786E-01   0.99869534E+00   0.00000000E+00
  8.   73.   0.67640833E-01   0.49282387E-01   0.49934770E+00   0.00000000E+00
  8.   74.   0.82677202E-01   0.12981385E-01  -0.49934764E+00   0.00000000E+00
  8.   75.   0.42562729E-01  -0.42562726E-01  -0.99869534E+00   0.00000000E+00
  8.   76.  -0.12981381E-01  -0.82677201E-01  -0.49934771E+00   0.00000000E+00
  8.   77.  -0.49282385E-01  -0.67640836E-01   0.49934763E+00   0.00000000E+00
  8.   78.  -0.60192786E-01   0.00000000E+00   0.99869534E+00   0.00000000E+00
  9.    1.   0.47365063E-03   0.00000000E+00  -0.40236499E-03   0.00000000E+00
  9.    2.   0.23288795E-03  -0.39549902E-03  -0.10413973E-03   0.00000000E+00
  9.    3.  -0.24076267E-03  -0.40337376E-03   0.34845828E-03   0.00000000E+00
  9.    4.  -0.46577588E-03  -0.78747466E-05   0.28451501E-03   0.00000000E+00
  9.    5.  -0.22501321E-03   0.40337375E-03  -0.20118246E-03   0.00000000E+00
  9.    6.   0.23288794E-03   0.41124849E-03  -0.38865469E-03   0.00000000E+00
  9.    7.   0.45790115E-03   0.40054288E-11   0.23112655E-10   0.00000000E+00
  9.    8.   0.23288795E-03  -0.41124849E-03   0.38865474E-03   0.00000000E+00
  9.    9.  -0.22501320E-03  -0.40337377E-03   0.20118252E-03   0.00000000E+00
  9.   10.  -0.46577590E-03   0.78747141E-05  -0.28451498E-03   0.00000000E+00
  9.   11.  -0.24076270E-03   0.40337374E-03  -0.34845831E-03   0.00000000E+00
  9.   12.   0.23288792E-03   0.39549902E-03   0.10413968E-03   0.00000000E+00
  9.   13.   0.47365062E-03   0.00000000E+00   0.40236495E-03   0.00000000E+00
  9.   14.   0.62275896E-02   0.00000000E+00  -0.21861464E-01   0.00000000E+00
  9.   15.   0.32458707E-02  -0.58861646E-02  -0.56581634E-02   0.00000000E+00
  9.   16.  -0.29817190E-02  -0.56220129E-02   0.18932583E-01   0.00000000E+00
  9.   17.  -0.64917413E-02   0.26415161E-03   0.15458390E-01   0.00000000E+00
  9.   18.  -0.35100224E-02   0.56220129E-02  -0.10930732E-01   0.00000000E+00
  9.   19.   0.32458706E-02   0.53578612E-02  -0.21116553E-01   0.00000000E+00
  9.   20.   0.67558930E-02   0.12183581E-09  -0.49141752E-09   0.00000000E+00
  9.   21.   0.32458708E-02  -0.53578611E-02   0.21116553E-01   0.00000000E+00
  9.   22.  -0.35100222E-02  -0.56220130E-02   0.10930733E-01   0.00000000E+00
  9.   23.  -0.64917413E-02  -0.26415189E-03  -0.15458389E-01   0.00000000E+00
  9.   24.  -0.29817192E-02   0.56220127E-02  -0.18932584E-01   0.00000000E+00
  9.   25.   0.32458704E-02   0.58861647E-02   0.56581622E-02   0.00000000E+00
  9.   26.   0.62275896E-02   0.00000000E+00   0.21861464E-01   0.00000000E+00
  9.   27.   0.24687110E-01   0.00000000E+00  -0.15197294E+00   0.00000000E+00
  9.   28.   0.13722666E-01  -0.26526576E-01  -0.39333492E-01   0.00000000E+00
  9.   29.  -0.10964444E-01  -0.23768354E-01   0.13161243E+00   0.00000000E+00
  9.   30.  -0.27445331E-01   0.27582215E-02   0.10746110E+00   0.00000000E+00
  9.   31.  -0.16480888E-01   0.23768354E-01  -0.75986470E-01   0.00000000E+00
  9.   32.   0.13722665E-01   0.21010133E-01  -0.14679459E+00   0.00000000E+00
  9.   33.   0.30203553E-01   0.49093724E-09  -0.38915314E-08   0.00000000E+00
  9.   34.   0.13722667E-01  -0.21010132E-01   0.14679459E+00   0.00000000E+00
  9.   35.  -0.16480887E-01  -0.23768355E-01   0.75986477E-01   0.00000000E+00
  9.   36.  -0.27445332E-01  -0.27582227E-02  -0.10746110E+00   0.00000000E+00
  9.   37.  -0.10964445E-01   0.23768354E-01  -0.13161243E+00   0.00000000E+00
  9.   38.   0.13722665E-01   0.26526577E-01   0.39333485E-01   0.00000000E+00
  9.   39.   0.24687110E-01   0.00000000E+00   0.15197294E+00   0.00000000E+00
  9.   40.   0.47695553E-01   0.00000000E+00  -0.47914423E+00   0.00000000E+00
  9.   41.   0.29481344E-01  -0.62330320E-01  -0.12401165E+00   0.00000000E+00
  9.   42.  -0.18214209E-01  -0.51063185E-01   0.41495107E+00   0.00000000E+00
  9.   43.  -0.58962687E-01   0.11267134E-01   0.33880614E+00   0.00000000E+00
  9.   44.  -0.40748479E-01   0.51063185E-01  -0.23957211E+00   0.00000000E+00
  9.   45.   0.29481343E-01   0.39796051E-01  -0.46281779E+00   0.00000000E+00
  9.   46.   0.70229822E-01   0.88774446E-09  -0.12505740E-07   0.00000000E+00
  9.   47.   0.29481346E-01  -0.39796050E-01   0.46281778E+00   0.00000000E+00
  9.   48.  -0.40748477E-01  -0.51063186E-01   0.23957213E+00   0.00000000E+00
  9.   49.  -0.58962688E-01  -0.11267136E-01  -0.33880612E+00   0.00000000E+00
  9.   50.  -0.18214211E-01   0.51063183E-01  -0.41495109E+00   0.00000000E+00
  9.   51.   0.29481342E-01   0.62330321E-01   0.12401163E+00   0.00000000E+00
  9.   52.   0.47695553E-01   0.00000000E+00   0.47914423E+00   0.00000000E+00
  9.   53.   0.70177170E-01   0.00000000E+00  -0.99789288E+00   0.00000000E+00
  9.   54.   0.45422346E-01  -0.99341333E-01  -0.25827368E+00   0.00000000E+00
  9.   55.  -0.24754824E-01  -0.78673812E-01   0.86420058E+00   0.00000000E+00
  9.   56.  -0.90844692E-01   0.20667521E-01   0.70561683E+00   0.00000000E+00
  9.   57.  -0.66089869E-01   0.78673811E-01  -0.49894643E+00   0.00000000E+00
  9.   58.   0.45422345E-01   0.58006290E-01  -0.96389051E+00   0.00000000E+00
  9.   59.   0.11151221E+00   0.12613860E-08  -0.26167855E-07   0.00000000E+00
  9.   60.   0.45422350E-01  -0.58006288E-01   0.96389049E+00   0.00000000E+00
  9.   61.  -0.66089866E-01  -0.78673812E-01   0.49894647E+00   0.00000000E+00
  9.   62.  -0.90844693E-01  -0.20667525E-01  -0.70561679E+00   0.00000000E+00
  9.   63.  -0.24754827E-01   0.78673808E-01  -0.86420061E+00   0.00000000E+00
  9.   64.   0.45422344E-01   0.99341335E-01   0.25827363E+00   0.00000000E+00
  9.   65.   0.70177170E-01   0.00000000E+00   0.99789288E+00   0.00000000E+00
  9.   66.  -0.70177170E-01   0.00000000E+00  -0.99789288E+00   0.00000000E+00
  9.   67.  -0.45422346E-01   0.99341333E-01  -0.25827368E+00   0.00000000E+00
  9.   68.   0.24754824E-01   0.78673812E-01   0.86420058E+00   0.00000000E+00
  9.   69.   0.90844692E-01  -0.20667521E-01   0.70561683E+00   0.00000000E+00
  9.   70.   0.66089869E-01  -0.78673811E-01  -0.49894643E+00   0.00000000E+00
  9.   71.  -0.45422345E-01  -0.58006290E-01  -0.96389051E+00   0.00000000E+00
  9.   72.  -0.11151221E+00  -0.12653037E-08  -0.26168505E-07   0.00000000E+00
  9.   73.  -0.45422350E-01   0.58006288E-01   0.96389049E+00   0.00000000E+00
  9.   74.   0.66089866E-01   0.78673812E-01   0.49894647E+00   0.00000000E+00
  9.   75.   0.90844693E-01   0.20667525E-01  -0.70561679E+00   0.00000000E+00
  9.   76.   0.24754827E-01  -0.78673808E-01  -0.86420061E+00   0.00000000E+00
  9.   77.  -0.45422344E-01  -0.99341335E-01   0.25827363E+00   0.00000000E+00
  9.   78.  -0.70177170E-01   0.00000000E+00   0.99789288E+00   0.00000000E+00
 10.    1.   0.58867822E-01   0.00000000E+00  -0.30421022E+00   0.00000000E+00
 10.    2.   0.60559532E-01  -0.29035680E-01  -0.26345378E+00   0.00000000E+00
 10.    3.   0.63353382E-01  -0.50863455E-01  -0.15210511E+00   0.00000000E+00
 10.    4.   0.61829804E-01  -0.61829804E-01  -0.15625334E-08   0.00000000E+00
 10.    5.   0.50863455E-01  -0.63353382E-01   0.15210511E+00   0.00000000E+00
 10.    6.   0.29035680E-01  -0.60559532E-01   0.26345378E+00   0.00000000E+00
 10.    7.   0.60721572E-09  -0.58867822E-01   0.30421022E+00   0.00000000E+00
 10.    8.  -0.29035679E-01  -0.60559532E-01   0.26345378E+00   0.00000000E+00
 10.    9.  -0.50863455E-01  -0.63353382E-01   0.15210511E+00   0.00000000E+00
 10.   10.  -0.61829804E-01  -0.61829804E-01   0.47908272E-08   0.00000000E+00
 10.   11.  -0.63353382E-01  -0.50863456E-01  -0.15210510E+00   0.00000000E+00
 10.   12.  -0.60559533E-01  -0.29035681E-01  -0.26345378E+00   0.00000000E+00
 10.   13.  -0.58867822E-01   0.00000000E+00  -0.30421022E+00   0.00000000E+00
 10.   14.   0.48060719E-01   0.00000000E+00  -0.85891845E+00   0.00000000E+00
 10.   15.   0.53927681E-01  -0.40446547E-01  -0.74384519E+00   0.00000000E+00
 10.   16.   0.66732657E-01  -0.67523633E-01  -0.42945922E+00   0.00000000E+00
 10.   17.   0.74989912E-01  -0.74989912E-01  -0.43449343E-08   0.00000000E+00
 10.   18.   0.67523633E-01  -0.66732657E-01   0.42945922E+00   0.00000000E+00
 10.   19.   0.40446547E-01  -0.53927682E-01   0.74384519E+00   0.00000000E+00
 10.   20.   0.85499654E-09  -0.48060719E-01   0.85891845E+00   0.00000000E+00
 10.   21.  -0.40446546E-01  -0.53927681E-01   0.74384520E+00   0.00000000E+00
 10.   22.  -0.67523632E-01  -0.66732656E-01   0.42945923E+00   0.00000000E+00
 10.   23.  -0.74989912E-01  -0.74989912E-01   0.13565706E-07   0.00000000E+00
 10.   24.  -0.66732657E-01  -0.67523634E-01  -0.42945921E+00   0.00000000E+00
 10.   25.  -0.53927682E-01  -0.40446548E-01  -0.74384519E+00   0.00000000E+00
 10.   26.  -0.48060719E-01   0.00000000E+00  -0.85891845E+00   0.00000000E+00
 10.   27.  -0.42076585E-01   0.00000000E+00  -0.91693995E+00   0.00000000E+00
 10.   28.  -0.25781849E-01  -0.44571828E-01  -0.79409329E+00   0.00000000E+00
 10.   29.   0.13286521E-01  -0.65089516E-01  -0.45846997E+00   0.00000000E+00
 10.   30.   0.51449437E-01  -0.51449438E-01  -0.46416285E-08   0.00000000E+00
 10.   31.   0.65089516E-01  -0.13286522E-01   0.45846997E+00   0.00000000E+00
 10.   32.   0.44571828E-01   0.25781849E-01   0.79409329E+00   0.00000000E+00
 10.   33.   0.97322223E-09   0.42076585E-01   0.91693995E+00   0.00000000E+00
 10.   34.  -0.44571827E-01   0.25781850E-01   0.79409330E+00   0.00000000E+00
 10.   35.  -0.65089516E-01  -0.13286520E-01   0.45846999E+00   0.00000000E+00
 10.   36.  -0.51449438E-01  -0.51449437E-01   0.14513675E-07   0.00000000E+00
 10.   37.  -0.13286523E-01  -0.65089516E-01  -0.45846996E+00   0.00000000E+00
 10.   38.   0.25781848E-01  -0.44571829E-01  -0.79409328E+00   0.00000000E+00
 10.   39.   0.42076585E-01   0.00000000E+00  -0.91693995E+00   0.00000000E+00
 10.   40.  -0.11873992E+00   0.00000000E+00  -0.14873047E+00   0.00000000E+00
 10.   41.  -0.98219392E-01  -0.30751763E-01  -0.12880437E+00   0.00000000E+00
 10.   42.  -0.47706818E-01  -0.36109290E-01  -0.74365238E-01   0.00000000E+00
 10.   43.   0.60568963E-02  -0.60568972E-02  -0.81119822E-09   0.00000000E+00
 10.   44.   0.36109290E-01   0.47706818E-01   0.74365237E-01   0.00000000E+00
 10.   45.   0.30751763E-01   0.98219392E-01   0.12880437E+00   0.00000000E+00
 10.   46.   0.69762152E-09   0.11873992E+00   0.14873047E+00   0.00000000E+00
 10.   47.  -0.30751762E-01   0.98219394E-01   0.12880437E+00   0.00000000E+00
 10.   48.  -0.36109290E-01   0.47706820E-01   0.74365239E-01   0.00000000E+00
 10.   49.  -0.60568981E-02  -0.60568954E-02   0.24055737E-08   0.00000000E+00
 10.   50.   0.47706816E-01  -0.36109289E-01  -0.74365235E-01   0.00000000E+00
 10.   51.   0.98219391E-01  -0.30751764E-01  -0.12880437E+00   0.00000000E+00
 10.   52.   0.11873992E+00   0.00000000E+00  -0.14873047E+00   0.00000000E+00
 10.   53.  -0.12923111E+00   0.00000000E+00   0.99566846E+00   0.00000000E+00
 10.   54.  -0.11358800E+00  -0.84995592E-02   0.86227418E+00   0.00000000E+00
 10.   55.  -0.74308747E-01  -0.52458875E-03   0.49783423E+00   0.00000000E+00
 10.   56.  -0.29965479E-01   0.29965478E-01   0.48814380E-08   0.00000000E+00
 10.   57.   0.52458856E-03   0.74308747E-01  -0.49783423E+00   0.00000000E+00
 10.   58.   0.84995593E-02   0.11358800E+00  -0.86227418E+00   0.00000000E+00
 10.   59.   0.21817395E-09   0.12923111E+00  -0.99566846E+00   0.00000000E+00
 10.   60.  -0.84995592E-02   0.11358800E+00  -0.86227419E+00   0.00000000E+00
 10.   61.  -0.52458931E-03   0.74308749E-01  -0.49783424E+00   0.00000000E+00
 10.   62.   0.29965478E-01   0.29965480E-01  -0.15620993E-07   0.00000000E+00
 10.   63.   0.74308746E-01  -0.52458801E-03   0.49783421E+00   0.00000000E+00
 10.   64.   0.11358800E+00  -0.84995594E-02   0.86227417E+00   0.00000000E+00
 10.   65.   0.12923111E+00   0.00000000E+00   0.99566846E+00   0.00000000E+00
 10.   66.   0.12923111E+00   0.00000000E+00   0.99566846E+00   0.00000000E+00
 10.   67.   0.11358800E+00   0.84995592E-02   0.86227418E+00   0.00000000E+00
 10.   68.   0.74308747E-01   0.52458875E-03   0.49783423E+00   0.00000000E+00
 10.   69.   0.29965479E-01  -0.29965478E-01   0.48801819E-08   0.00000000E+00
 10.   70.  -0.52458856E-03  -0.74308747E-01  -0.49783423E+00   0.00000000E+00
 10.   71.  -0.84995593E-02  -0.11358800E+00  -0.86227418E+00   0.00000000E+00
 10.   72.  -0.21272171E-09  -0.12923111E+00  -0.99566846E+00   0.00000000E+00
 10.   73.   0.84995592E-02  -0.11358800E+00  -0.86227419E+00   0.00000000E+00
 10.   74.   0.52458932E-03  -0.74308749E-01  -0.49783424E+00   0.00000000E+00
 10.   75.  -0.29965478E-01  -0.29965480E-01  -0.15620965E-07   0.00000000E+00
 10.   76.  -0.74308746E-01   0.52458800E-03   0.49783421E+00   0.00000000E+00
 10.   77.  -0.11358800E+00   0.84995594E-02   0.86227417E+00   0.00000000E+00
 10.   78.  -0.12923111E+00   0.00000000E+00   0.99566846E+00   0.00000000E+00
 11.    1.   0.10506197E+00   0.00000000E+00   0.99723759E+00   0.00000000E+00
 11.    2.   0.10148207E+00   0.27192040E-01   0.99723759E+00   0.00000000E+00
 11.    3.   0.90986338E-01   0.52530987E-01   0.99723759E+00   0.00000000E+00
 11.    4.   0.74290034E-01   0.74290034E-01   0.99723759E+00   0.00000000E+00
 11.    5.   0.52530987E-01   0.90986338E-01   0.99723759E+00   0.00000000E+00
 11.    6.   0.27192040E-01   0.10148207E+00   0.99723759E+00   0.00000000E+00
 11.    7.   0.55344279E-09   0.10506197E+00   0.99723759E+00   0.00000000E+00
 11.    8.  -0.27192039E-01   0.10148207E+00   0.99723759E+00   0.00000000E+00
 11.    9.  -0.52530986E-01   0.90986339E-01   0.99723759E+00   0.00000000E+00
 11.   10.  -0.74290034E-01   0.74290035E-01   0.99723759E+00   0.00000000E+00
 11.   11.  -0.90986338E-01   0.52530988E-01   0.99723759E+00   0.00000000E+00
 11.   12.  -0.10148207E+00   0.27192041E-01   0.99723759E+00   0.00000000E+00
 11.   13.  -0.10506197E+00   0.00000000E+00   0.99723759E+00   0.00000000E+00
 11.   14.   0.84260958E-01   0.00000000E+00   0.13497228E+00   0.00000000E+00
 11.   15.   0.81389835E-01   0.21808341E-01   0.13497228E+00   0.00000000E+00
 11.   16.   0.72972130E-01   0.42130479E-01   0.13497228E+00   0.00000000E+00
 11.   17.   0.59581495E-01   0.59581495E-01   0.13497228E+00   0.00000000E+00
 11.   18.   0.42130479E-01   0.72972130E-01   0.13497228E+00   0.00000000E+00
 11.   19.   0.21808341E-01   0.81389835E-01   0.13497228E+00   0.00000000E+00
 11.   20.   0.44185769E-09   0.84260958E-01   0.13497228E+00   0.00000000E+00
 11.   21.  -0.21808340E-01   0.81389836E-01   0.13497228E+00   0.00000000E+00
 11.   22.  -0.42130478E-01   0.72972130E-01   0.13497228E+00   0.00000000E+00
 11.   23.  -0.59581494E-01   0.59581495E-01   0.13497228E+00   0.00000000E+00
 11.   24.  -0.72972130E-01   0.42130480E-01   0.13497228E+00   0.00000000E+00
 11.   25.  -0.81389835E-01   0.21808342E-01   0.13497228E+00   0.00000000E+00
 11.   26.  -0.84260958E-01   0.00000000E+00   0.13497228E+00   0.00000000E+00
 11.   27.   0.14356953E-01   0.00000000E+00  -0.34119924E+00   0.00000000E+00
 11.   28.   0.13867752E-01   0.37158529E-02  -0.34119924E+00   0.00000000E+00
 11.   29.   0.12433486E-01   0.71784767E-02  -0.34119924E+00   0.00000000E+00
 11.   30.   0.10151899E-01   0.10151899E-01  -0.34119924E+00   0.00000000E+00
 11.   31.   0.71784767E-02   0.12433486E-01  -0.34119924E+00   0.00000000E+00
 11.   32.   0.37158530E-02   0.13867752E-01  -0.34119924E+00   0.00000000E+00
 11.   33.   0.71731093E-10   0.14356953E-01  -0.34119924E+00   0.00000000E+00
 11.   34.  -0.37158528E-02   0.13867752E-01  -0.34119924E+00   0.00000000E+00
 11.   35.  -0.71784766E-02   0.12433486E-01  -0.34119924E+00   0.00000000E+00
 11.   36.  -0.10151899E-01   0.10151899E-01  -0.34119924E+00   0.00000000E+00
 11.   37.  -0.12433486E-01   0.71784768E-02  -0.34119924E+00   0.00000000E+00
 11.   38.  -0.13867752E-01   0.37158531E-02  -0.34119924E+00   0.00000000E+00
 11.   39.  -0.14356953E-01   0.00000000E+00  -0.34119924E+00   0.00000000E+00
 11.   40.  -0.53973369E-01   0.00000000E+00  -0.12986600E+00   0.00000000E+00
 11.   41.  -0.52134271E-01  -0.13969336E-01  -0.12986600E+00   0.00000000E+00
 11.   42.  -0.46742309E-01  -0.26986685E-01  -0.12986600E+00   0.00000000E+00
 11.   43.  -0.38164936E-01  -0.38164935E-01  -0.12986600E+00   0.00000000E+00
 11.   44.  -0.26986685E-01  -0.46742309E-01  -0.12986600E+00   0.00000000E+00
 11.   45.  -0.13969336E-01  -0.52134271E-01  -0.12986600E+00   0.00000000E+00
 11.   46.  -0.28768958E-09  -0.53973369E-01  -0.12986600E+00   0.00000000E+00
 11.   47.   0.13969335E-01  -0.52134271E-01  -0.12986600E+00   0.00000000E+00
 11.   48.   0.26986684E-01  -0.46742309E-01  -0.12986600E+00   0.00000000E+00
 11.   49.   0.38164935E-01  -0.38164936E-01  -0.12986600E+00   0.00000000E+00
 11.   50.   0.46742309E-01  -0.26986685E-01  -0.12986600E+00   0.00000000E+00
 11.   51.   0.52134271E-01  -0.13969336E-01  -0.12986600E+00   0.00000000E+00
 11.   52.   0.53973369E-01   0.00000000E+00  -0.12986600E+00   0.00000000E+00
 11.   53.  -0.66461383E-01   0.00000000E+00   0.44534192E+00   0.00000000E+00
 11.   54.  -0.64196766E-01  -0.17201472E-01   0.44534192E+00   0.00000000E+00
 11.   55.  -0.57557246E-01  -0.33230691E-01   0.44534192E+00   0.00000000E+00
 11.   56.  -0.46995294E-01  -0.46995294E-01   0.44534192E+00   0.00000000E+00
 11.   57.  -0.33230691E-01  -0.57557246E-01   0.44534192E+00   0.00000000E+00
 11.   58.  -0.17201472E-01  -0.64196766E-01   0.44534192E+00   0.00000000E+00
 11.   59.  -0.35931273E-09  -0.66461383E-01   0.44534192E+00   0.00000000E+00
 11.   60.   0.17201471E-01  -0.64196766E-01   0.44534192E+00   0.00000000E+00
 11.   61.   0.33230691E-01  -0.57557246E-01   0.44534192E+00   0.00000000E+00
 11.   62.   0.46995294E-01  -0.46995295E-01   0.44534192E+00   0.00000000E+00
 11.   63.   0.57557245E-01  -0.33230692E-01   0.44534192E+00   0.00000000E+00
 11.   64.   0.64196766E-01  -0.17201472E-01   0.44534192E+00   0.00000000E+00
 11.   65.   0.66461383E-01   0.00000000E+00   0.44534192E+00   0.00000000E+00
 11.   66.   0.66461383E-01   0.00000000E+00   0.44534192E+00   0.00000000E+00
 11.   67.   0.64196766E-01   0.17201472E-01   0.44534192E+00   0.00000000E+00
 11.   68.   0.57557246E-01   0.33230691E-01   0.44534192E+00   0.00000000E+00
 11.   69.   0.46995294E-01   0.46995294E-01   0.44534192E+00   0.00000000E+00
 11.   70.   0.33230691E-01   0.57557246E-01   0.44534192E+00   0.00000000E+00
 11.   71.   0.17201472E-01   0.64196766E-01   0.44534192E+00   0.00000000E+00
 11.   72.   0.34119233E-09   0.66461383E-01   0.44534192E+00   0.00000000E+00
 11.   73.  -0.17201471E-01   0.64196766E-01   0.44534192E+00   0.00000000E+00
 11.   74.  -0.33230691E-01   0.57557246E-01   0.44534192E+00   0.00000000E+00
 11.   75.  -0.46995294E-01   0.46995295E-01   0.44534192E+00   0.00000000E+00
 11.   76.  -0.57557245E-01   0.33230692E-01   0.44534192E+00   0.00000000E+00
 11.   77.  -0.64196766E-01   0.17201472E-01   0.44534192E+00   0.00000000E+00
 11.   78.  -0.66461383E-01   0.00000000E+00   0.44534192E+00   0.00000000E+00
 12.    1.   0.14108103E-03   0.00000000E+00  -0.83804361E-04   0.00000000E+00
 12.    2.   0.34663896E-04  -0.12936743E-03  -0.33417545E-11   0.00000000E+00
 12.    3.  -0.12217976E-03  -0.70540515E-04   0.83804354E-04   0.00000000E+00
 12.    4.  -0.94703532E-04   0.94703527E-04  -0.40573917E-11   0.00000000E+00
 12.    5.   0.70540511E-04   0.12217976E-03  -0.83804365E-04   0.00000000E+00
 12.    6.   0.12936742E-03  -0.34663897E-04  -0.96551711E-11   0.00000000E+00
 12.    7.   0.16460526E-11  -0.14108103E-03   0.83804348E-04   0.00000000E+00
 12.    8.  -0.12936743E-03  -0.34663905E-04  -0.72152289E-11   0.00000000E+00
 12.    9.  -0.70540520E-04   0.12217975E-03  -0.83804370E-04   0.00000000E+00
 12.   10.   0.94703524E-04   0.94703532E-04  -0.16635730E-10   0.00000000E+00
 12.   11.   0.12217976E-03  -0.70540510E-04   0.83804345E-04   0.00000000E+00
 12.   12.  -0.34663892E-04  -0.12936743E-03  -0.79486075E-11   0.00000000E+00
 12.   13.  -0.14108103E-03   0.00000000E+00  -0.83804372E-04   0.00000000E+00
 12.   14.   0.37923492E-02   0.00000000E+00  -0.11141097E-01   0.00000000E+00
 12.   15.   0.10661826E-02  -0.39790475E-02  -0.72020073E-11   0.00000000E+00
 12.   16.  -0.32842707E-02  -0.18961746E-02   0.11141097E-01   0.00000000E+00
 12.   17.  -0.29128650E-02   0.29128649E-02   0.17229792E-09   0.00000000E+00
 12.   18.   0.18961745E-02   0.32842707E-02  -0.11141097E-01   0.00000000E+00
 12.   19.   0.39790475E-02  -0.10661825E-02  -0.17197802E-09   0.00000000E+00
 12.   20.   0.10901016E-09  -0.37923492E-02   0.11141097E-01   0.00000000E+00
 12.   21.  -0.39790475E-02  -0.10661827E-02   0.52428080E-09   0.00000000E+00
 12.   22.  -0.18961747E-02   0.32842706E-02  -0.11141097E-01   0.00000000E+00
 12.   23.   0.29128648E-02   0.29128651E-02  -0.53386906E-09   0.00000000E+00
 12.   24.   0.32842708E-02  -0.18961744E-02   0.11141097E-01   0.00000000E+00
 12.   25.  -0.10661824E-02  -0.39790476E-02   0.68456684E-09   0.00000000E+00
 12.   26.  -0.37923492E-02   0.00000000E+00  -0.11141097E-01   0.00000000E+00
 12.   27.   0.21612658E-01   0.00000000E+00  -0.11259746E+00   0.00000000E+00
 12.   28.   0.69297754E-02  -0.25862274E-01  -0.37841675E-10   0.00000000E+00
 12.   29.  -0.18717111E-01  -0.10806329E-01   0.11259746E+00   0.00000000E+00
 12.   30.  -0.18932499E-01   0.18932498E-01   0.17084515E-08   0.00000000E+00
 12.   31.   0.10806329E-01   0.18717111E-01  -0.11259746E+00   0.00000000E+00
 12.   32.   0.25862274E-01  -0.69297751E-02  -0.17769087E-08   0.00000000E+00
 12.   33.   0.72905241E-09  -0.21612658E-01   0.11259746E+00   0.00000000E+00
 12.   34.  -0.25862274E-01  -0.69297761E-02   0.52666606E-08   0.00000000E+00
 12.   35.  -0.10806330E-01   0.18717111E-01  -0.11259746E+00   0.00000000E+00
 12.   36.   0.18932498E-01   0.18932499E-01  -0.53338085E-08   0.00000000E+00
 12.   37.   0.18717112E-01  -0.10806328E-01   0.11259746E+00   0.00000000E+00
 12.   38.  -0.69297743E-02  -0.25862274E-01   0.70144496E-08   0.00000000E+00
 12.   39.  -0.21612658E-01   0.00000000E+00  -0.11259746E+00   0.00000000E+00
 12.   40.   0.49583432E-01   0.00000000E+00  -0.43294164E+00   0.00000000E+00
 12.   41.   0.19655633E-01  -0.73355822E-01  -0.14616551E-09   0.00000000E+00
 12.   42.  -0.42940512E-01  -0.24791716E-01   0.43294164E+00   0.00000000E+00
 12.   43.  -0.53700189E-01   0.53700188E-01   0.65605082E-08   0.00000000E+00
 12.   44.   0.24791715E-01   0.42940513E-01  -0.43294164E+00   0.00000000E+00
 12.   45.   0.73355822E-01  -0.19655633E-01  -0.68402267E-08   0.00000000E+00
 12.   46.   0.21260324E-08  -0.49583432E-01   0.43294164E+00   0.00000000E+00
 12.   47.  -0.73355822E-01  -0.19655635E-01   0.20240132E-07   0.00000000E+00
 12.   48.  -0.24791719E-01   0.42940511E-01  -0.43294164E+00   0.00000000E+00
 12.   49.   0.53700188E-01   0.53700190E-01  -0.20508170E-07   0.00000000E+00
 12.   50.   0.42940514E-01  -0.24791713E-01   0.43294164E+00   0.00000000E+00
 12.   51.  -0.19655631E-01  -0.73355823E-01   0.26955714E-07   0.00000000E+00
 12.   52.  -0.49583432E-01   0.00000000E+00  -0.43294164E+00   0.00000000E+00
 12.   53.   0.79722758E-01   0.00000000E+00  -0.99692567E+00   0.00000000E+00
 12.   54.   0.34258410E-01  -0.12785413E+00  -0.32422483E-09   0.00000000E+00
 12.   55.  -0.69041933E-01  -0.39861379E-01   0.99692567E+00   0.00000000E+00
 12.   56.  -0.93595718E-01   0.93595716E-01   0.15096407E-07   0.00000000E+00
 12.   57.   0.39861377E-01   0.69041934E-01  -0.99692567E+00   0.00000000E+00
 12.   58.   0.12785413E+00  -0.34258409E-01  -0.15738231E-07   0.00000000E+00
 12.   59.   0.37389388E-08  -0.79722758E-01   0.99692567E+00   0.00000000E+00
 12.   60.  -0.12785413E+00  -0.34258413E-01   0.46594911E-07   0.00000000E+00
 12.   61.  -0.39861384E-01   0.69041931E-01  -0.99692567E+00   0.00000000E+00
 12.   62.   0.93595715E-01   0.93595719E-01  -0.47229355E-07   0.00000000E+00
 12.   63.   0.69041937E-01  -0.39861373E-01   0.99692567E+00   0.00000000E+00
 12.   64.  -0.34258407E-01  -0.12785413E+00   0.62076822E-07   0.00000000E+00
 12.   65.  -0.79722757E-01   0.00000000E+00  -0.99692567E+00   0.00000000E+00
 12.   66.  -0.79722758E-01   0.00000000E+00  -0.99692567E+00   0.00000000E+00
 12.   67.  -0.34258410E-01   0.12785413E+00  -0.32413383E-09   0.00000000E+00
 12.   68.   0.69041933E-01   0.39861379E-01   0.99692567E+00   0.00000000E+00
 12.   69.   0.93595718E-01  -0.93595716E-01   0.15096632E-07   0.00000000E+00
 12.   70.  -0.39861377E-01  -0.69041934E-01  -0.99692567E+00   0.00000000E+00
 12.   71.  -0.12785413E+00   0.34258409E-01  -0.15737978E-07   0.00000000E+00
 12.   72.  -0.37348107E-08   0.79722758E-01   0.99692567E+00   0.00000000E+00
 12.   73.   0.12785413E+00   0.34258413E-01   0.46594809E-07   0.00000000E+00
 12.   74.   0.39861384E-01  -0.69041931E-01  -0.99692567E+00   0.00000000E+00
 12.   75.  -0.93595715E-01  -0.93595719E-01  -0.47229261E-07   0.00000000E+00
 12.   76.  -0.69041937E-01   0.39861373E-01   0.99692567E+00   0.00000000E+00
 12.   77.   0.34258407E-01   0.12785413E+00   0.62076894E-07   0.00000000E+00
 12.   78.   0.79722757E-01   0.00000000E+00  -0.99692567E+00   0.00000000E+00
 13.    1.  -0.36464578E-01   0.00000000E+00   0.96476275E-01   0.00000000E+00
 13.    2.  -0.33363075E-01   0.24889611E-01   0.68219029E-01   0.00000000E+00
 13.    3.  -0.23105787E-01   0.40020397E-01   0.41102279E-10   0.00000000E+00
 13.    4.  -0.48734983E-02   0.41338076E-01  -0.68219028E-01   0.00000000E+00
 13.    5.   0.18232289E-01   0.31579251E-01  -0.96476276E-01   0.00000000E+00
 13.    6.   0.38236573E-01   0.16448465E-01  -0.68219029E-01   0.00000000E+00
 13.    7.   0.46211574E-01   0.32648294E-09  -0.15233208E-08   0.00000000E+00
 13.    8.   0.38236573E-01  -0.16448464E-01   0.68219027E-01   0.00000000E+00
 13.    9.   0.18232290E-01  -0.31579250E-01   0.96476276E-01   0.00000000E+00
 13.   10.  -0.48734974E-02  -0.41338076E-01   0.68219030E-01   0.00000000E+00
 13.   11.  -0.23105786E-01  -0.40020397E-01   0.29613128E-08   0.00000000E+00
 13.   12.  -0.33363074E-01  -0.24889612E-01  -0.68219026E-01   0.00000000E+00
 13.   13.  -0.36464578E-01   0.00000000E+00  -0.96476275E-01   0.00000000E+00
 13.   14.  -0.69237543E-01   0.00000000E+00   0.60620741E+00   0.00000000E+00
 13.   15.  -0.67762318E-01   0.63731927E-01   0.42865337E+00   0.00000000E+00
 13.   16.  -0.55931080E-01   0.96875473E-01   0.63283694E-09   0.00000000E+00
 13.   17.  -0.21312309E-01   0.90549852E-01  -0.42865337E+00   0.00000000E+00
 13.   18.   0.34618771E-01   0.59961472E-01  -0.60620741E+00   0.00000000E+00
 13.   19.   0.89074626E-01   0.26817925E-01  -0.42865337E+00   0.00000000E+00
 13.   20.   0.11186216E+00   0.49181264E-09  -0.94703242E-08   0.00000000E+00
 13.   21.   0.89074628E-01  -0.26817924E-01   0.42865336E+00   0.00000000E+00
 13.   22.   0.34618773E-01  -0.59961470E-01   0.60620741E+00   0.00000000E+00
 13.   23.  -0.21312307E-01  -0.90549851E-01   0.42865338E+00   0.00000000E+00
 13.   24.  -0.55931080E-01  -0.96875474E-01   0.18337305E-07   0.00000000E+00
 13.   25.  -0.67762318E-01  -0.63731929E-01  -0.42865336E+00   0.00000000E+00
 13.   26.  -0.69237543E-01   0.00000000E+00  -0.60620741E+00   0.00000000E+00
 13.   27.   0.84119742E-02   0.00000000E+00   0.97469783E+00   0.00000000E+00
 13.   28.  -0.15412771E-01   0.80503187E-01   0.68921545E+00   0.00000000E+00
 13.   29.  -0.57805432E-01   0.10012195E+00   0.10550325E-08   0.00000000E+00
 13.   30.  -0.62011420E-01   0.53599446E-01  -0.68921544E+00   0.00000000E+00
 13.   31.  -0.42059879E-02  -0.72849829E-02  -0.97469783E+00   0.00000000E+00
 13.   32.   0.77424190E-01  -0.26903742E-01  -0.68921545E+00   0.00000000E+00
 13.   33.   0.11561086E+00  -0.72216825E-09  -0.15303344E-07   0.00000000E+00
 13.   34.   0.77424193E-01   0.26903742E-01   0.68921543E+00   0.00000000E+00
 13.   35.  -0.42059847E-02   0.72849848E-02   0.97469783E+00   0.00000000E+00
 13.   36.  -0.62011418E-01  -0.53599443E-01   0.68921546E+00   0.00000000E+00
 13.   37.  -0.57805433E-01  -0.10012194E+00   0.29456631E-07   0.00000000E+00
 13.   38.  -0.15412773E-01  -0.80503189E-01  -0.68921543E+00   0.00000000E+00
 13.   39.   0.84119742E-02   0.00000000E+00  -0.97469783E+00   0.00000000E+00
 13.   40.   0.12783001E+00   0.00000000E+00   0.32058642E+00   0.00000000E+00
 13.   41.   0.82217186E-01   0.42399367E-01   0.22668883E+00   0.00000000E+00
 13.   42.  -0.13912517E-01   0.24097186E-01   0.36181806E-09   0.00000000E+00
 13.   43.  -0.77827521E-01  -0.50002487E-01  -0.22668883E+00   0.00000000E+00
 13.   44.  -0.63915005E-01  -0.11070404E+00  -0.32058642E+00   0.00000000E+00
 13.   45.  -0.43896648E-02  -0.92401855E-01  -0.22668883E+00   0.00000000E+00
 13.   46.   0.27825033E-01  -0.21539497E-08  -0.50561052E-08   0.00000000E+00
 13.   47.  -0.43896625E-02   0.92401853E-01   0.22668882E+00   0.00000000E+00
 13.   48.  -0.63915003E-01   0.11070404E+00   0.32058642E+00   0.00000000E+00
 13.   49.  -0.77827522E-01   0.50002491E-01   0.22668883E+00   0.00000000E+00
 13.   50.  -0.13912520E-01  -0.24097184E-01   0.96930084E-08   0.00000000E+00
 13.   51.   0.82217182E-01  -0.42399367E-01  -0.22668882E+00   0.00000000E+00
 13.   52.   0.12783001E+00   0.00000000E+00  -0.32058642E+00   0.00000000E+00
 13.   53.   0.15297547E+00   0.00000000E+00  -0.99991300E+00   0.00000000E+00
 13.   54.   0.11591487E+00  -0.14663422E-01  -0.70704526E+00   0.00000000E+00
 13.   55.   0.31229196E-01  -0.54090554E-01  -0.10682244E-08   0.00000000E+00
 13.   56.  -0.45258536E-01  -0.10771693E+00   0.70704526E+00   0.00000000E+00
 13.   57.  -0.76487733E-01  -0.13248064E+00   0.99991300E+00   0.00000000E+00
 13.   58.  -0.70656329E-01  -0.93053508E-01   0.70704527E+00   0.00000000E+00
 13.   59.  -0.62458392E-01  -0.20603058E-08   0.15612353E-07   0.00000000E+00
 13.   60.  -0.70656328E-01   0.93053505E-01  -0.70704525E+00   0.00000000E+00
 13.   61.  -0.76487733E-01   0.13248064E+00  -0.99991300E+00   0.00000000E+00
 13.   62.  -0.45258538E-01   0.10771693E+00  -0.70704528E+00   0.00000000E+00
 13.   63.   0.31229193E-01   0.54090556E-01  -0.30155881E-07   0.00000000E+00
 13.   64.   0.11591486E+00   0.14663423E-01   0.70704524E+00   0.00000000E+00
 13.   65.   0.15297547E+00   0.00000000E+00   0.99991300E+00   0.00000000E+00
 13.   66.  -0.15297547E+00   0.00000000E+00  -0.99991300E+00   0.00000000E+00
 13.   67.  -0.11591487E+00   0.14663422E-01  -0.70704526E+00   0.00000000E+00
 13.   68.  -0.31229196E-01   0.54090554E-01  -0.10695259E-08   0.00000000E+00
 13.   69.   0.45258536E-01   0.10771693E+00   0.70704526E+00   0.00000000E+00
 13.   70.   0.76487733E-01   0.13248064E+00   0.99991300E+00   0.00000000E+00
 13.   71.   0.70656329E-01   0.93053508E-01   0.70704527E+00   0.00000000E+00
 13.   72.   0.62458392E-01   0.20585967E-08   0.15610176E-07   0.00000000E+00
 13.   73.   0.70656328E-01  -0.93053505E-01  -0.70704525E+00   0.00000000E+00
 13.   74.   0.76487733E-01  -0.13248064E+00  -0.99991300E+00   0.00000000E+00
 13.   75.   0.45258538E-01  -0.10771693E+00  -0.70704528E+00   0.00000000E+00
 13.   76.  -0.31229193E-01  -0.54090556E-01  -0.30155393E-07   0.00000000E+00
 13.   77.  -0.11591486E+00  -0.14663423E-01   0.70704524E+00   0.00000000E+00
 13.   78.  -0.15297547E+00   0.00000000E+00   0.99991300E+00   0.00000000E+00
 14.    1.  -0.48154704E-01   0.00000000E+00  -0.99566766E+00   0.00000000E+00
 14.    2.  -0.36938777E-01  -0.41858407E-01  -0.96174110E+00   0.00000000E+00
 14.    3.  -0.62962964E-02  -0.72500888E-01  -0.86227348E+00   0.00000000E+00
 14.    4.   0.35562110E-01  -0.83716814E-01  -0.70404335E+00   0.00000000E+00
 14.    5.   0.77420518E-01  -0.72500888E-01  -0.49783383E+00   0.00000000E+00
 14.    6.   0.10806300E+00  -0.41858408E-01  -0.25769775E+00   0.00000000E+00
 14.    7.   0.11927893E+00  -0.87229567E-09  -0.51961982E-08   0.00000000E+00
 14.    8.   0.10806300E+00   0.41858406E-01   0.25769774E+00   0.00000000E+00
 14.    9.   0.77420519E-01   0.72500887E-01   0.49783382E+00   0.00000000E+00
 14.   10.   0.35562112E-01   0.83716814E-01   0.70404335E+00   0.00000000E+00
 14.   11.  -0.62962949E-02   0.72500889E-01   0.86227348E+00   0.00000000E+00
 14.   12.  -0.36938776E-01   0.41858409E-01   0.96174110E+00   0.00000000E+00
 14.   13.  -0.48154704E-01   0.00000000E+00   0.99566766E+00   0.00000000E+00
 14.   14.  -0.89712434E-01   0.00000000E+00  -0.43443556E+00   0.00000000E+00
 14.   15.  -0.81910141E-01  -0.29118554E-01  -0.41963252E+00   0.00000000E+00
 14.   16.  -0.60593880E-01  -0.50434815E-01  -0.37623223E+00   0.00000000E+00
 14.   17.  -0.31475326E-01  -0.58237108E-01  -0.30719233E+00   0.00000000E+00
 14.   18.  -0.23567720E-02  -0.50434815E-01  -0.21721778E+00   0.00000000E+00
 14.   19.   0.18959489E-01  -0.29118554E-01  -0.11244020E+00   0.00000000E+00
 14.   20.   0.26761782E-01  -0.60113570E-09  -0.23038075E-08   0.00000000E+00
 14.   21.   0.18959490E-01   0.29118553E-01   0.11244019E+00   0.00000000E+00
 14.   22.  -0.23567709E-02   0.50434815E-01   0.21721778E+00   0.00000000E+00
 14.   23.  -0.31475325E-01   0.58237108E-01   0.30719233E+00   0.00000000E+00
 14.   24.  -0.60593879E-01   0.50434816E-01   0.37623223E+00   0.00000000E+00
 14.   25.  -0.81910141E-01   0.29118555E-01   0.41963252E+00   0.00000000E+00
 14.   26.  -0.89712434E-01   0.00000000E+00   0.43443556E+00   0.00000000E+00
 14.   27.  -0.48755027E-01   0.00000000E+00   0.30045433E+00   0.00000000E+00
 14.   28.  -0.46283273E-01  -0.92247091E-02   0.29021660E+00   0.00000000E+00
 14.   29.  -0.39530318E-01  -0.15977665E-01   0.26020108E+00   0.00000000E+00
 14.   30.  -0.30305609E-01  -0.18449418E-01   0.21245330E+00   0.00000000E+00
 14.   31.  -0.21080899E-01  -0.15977665E-01   0.15022717E+00   0.00000000E+00
 14.   32.  -0.14327944E-01  -0.92247092E-02   0.77763304E-01   0.00000000E+00
 14.   33.  -0.11856190E-01  -0.20585694E-09   0.15849728E-08   0.00000000E+00
 14.   34.  -0.14327943E-01   0.92247089E-02  -0.77763301E-01   0.00000000E+00
 14.   35.  -0.21080899E-01   0.15977665E-01  -0.15022716E+00   0.00000000E+00
 14.   36.  -0.30305608E-01   0.18449418E-01  -0.21245329E+00   0.00000000E+00
 14.   37.  -0.39530317E-01   0.15977665E-01  -0.26020108E+00   0.00000000E+00
 14.   38.  -0.46283273E-01   0.92247094E-02  -0.29021660E+00   0.00000000E+00
 14.   39.  -0.48755027E-01   0.00000000E+00  -0.30045433E+00   0.00000000E+00
 14.   40.   0.59978966E-01   0.00000000E+00   0.22989968E+00   0.00000000E+00
 14.   41.   0.55515707E-01   0.16657111E-01   0.22206604E+00   0.00000000E+00
 14.   42.   0.43321855E-01   0.28850962E-01   0.19909896E+00   0.00000000E+00
 14.   43.   0.26664744E-01   0.33314222E-01   0.16256362E+00   0.00000000E+00
 14.   44.   0.10007633E-01   0.28850963E-01   0.11494984E+00   0.00000000E+00
 14.   45.  -0.21862183E-02   0.16657111E-01   0.59502417E-01   0.00000000E+00
 14.   46.  -0.66494778E-02   0.35084507E-09   0.12272756E-08   0.00000000E+00
 14.   47.  -0.21862186E-02  -0.16657111E-01  -0.59502414E-01   0.00000000E+00
 14.   48.   0.10007633E-01  -0.28850962E-01  -0.11494984E+00   0.00000000E+00
 14.   49.   0.26664744E-01  -0.33314222E-01  -0.16256362E+00   0.00000000E+00
 14.   50.   0.43321855E-01  -0.28850963E-01  -0.19909896E+00   0.00000000E+00
 14.   51.   0.55515706E-01  -0.16657112E-01  -0.22206604E+00   0.00000000E+00
 14.   52.   0.59978966E-01   0.00000000E+00  -0.22989968E+00   0.00000000E+00
 14.   53.   0.87733092E-01   0.00000000E+00  -0.50109443E+00   0.00000000E+00
 14.   54.   0.82541654E-01   0.19374711E-01  -0.48402005E+00   0.00000000E+00
 14.   55.   0.68358381E-01   0.33557984E-01  -0.43396050E+00   0.00000000E+00
 14.   56.   0.48983670E-01   0.38749423E-01  -0.35432727E+00   0.00000000E+00
 14.   57.   0.29608958E-01   0.33557985E-01  -0.25054722E+00   0.00000000E+00
 14.   58.   0.15425685E-01   0.19374712E-01  -0.12969278E+00   0.00000000E+00
 14.   59.   0.10234247E-01   0.39612822E-09  -0.25599907E-08   0.00000000E+00
 14.   60.   0.15425685E-01  -0.19374711E-01   0.12969278E+00   0.00000000E+00
 14.   61.   0.29608957E-01  -0.33557984E-01   0.25054721E+00   0.00000000E+00
 14.   62.   0.48983669E-01  -0.38749423E-01   0.35432727E+00   0.00000000E+00
 14.   63.   0.68358380E-01  -0.33557985E-01   0.43396050E+00   0.00000000E+00
 14.   64.   0.82541653E-01  -0.19374712E-01   0.48402005E+00   0.00000000E+00
 14.   65.   0.87733092E-01   0.00000000E+00   0.50109443E+00   0.00000000E+00
 14.   66.  -0.87733092E-01   0.00000000E+00  -0.50109443E+00   0.00000000E+00
 14.   67.  -0.82541654E-01  -0.19374711E-01  -0.48402005E+00   0.00000000E+00
 14.   68.  -0.68358381E-01  -0.33557984E-01  -0.43396050E+00   0.00000000E+00
 14.   69.  -0.48983670E-01  -0.38749423E-01  -0.35432727E+00   0.00000000E+00
 14.   70.  -0.29608958E-01  -0.33557985E-01  -0.25054722E+00   0.00000000E+00
 14.   71.  -0.15425685E-01  -0.19374712E-01  -0.12969278E+00   0.00000000E+00
 14.   72.  -0.10234247E-01  -0.39342036E-09  -0.25569057E-08   0.00000000E+00
 14.   73.  -0.15425685E-01   0.19374711E-01   0.12969278E+00   0.00000000E+00
 14.   74.  -0.29608957E-01   0.33557984E-01   0.25054721E+00   0.00000000E+00
 14.   75.  -0.48983669E-01   0.38749423E-01   0.35432727E+00   0.00000000E+00
 14.   76.  -0.68358380E-01   0.33557985E-01   0.43396050E+00   0.00000000E+00
 14.   77.  -0.82541653E-01   0.19374712E-01   0.48402005E+00   0.00000000E+00
 14.   78.  -0.87733092E-01   0.00000000E+00   0.50109443E+00   0.00000000E+00
 15.    1.  -0.40546255E-04   0.00000000E+00   0.16886211E-04   0.00000000E+00
 15.    2.   0.68263859E-06   0.37998621E-04  -0.43705024E-05   0.00000000E+00
 15.    3.   0.39863621E-04   0.11823633E-05  -0.14623933E-04   0.00000000E+00
 15.    4.  -0.13652717E-05  -0.39180985E-04   0.11940347E-04   0.00000000E+00
 15.    5.  -0.38498339E-04  -0.11823679E-05   0.84431035E-05   0.00000000E+00
 15.    6.   0.68264310E-06   0.40363344E-04  -0.16310851E-04   0.00000000E+00
 15.    7.   0.37815713E-04   0.31286578E-11   0.59520810E-11   0.00000000E+00
 15.    8.   0.68264639E-06  -0.40363335E-04   0.16310870E-04   0.00000000E+00
 15.    9.  -0.38498337E-04   0.11823747E-05  -0.84430805E-05   0.00000000E+00
 15.   10.  -0.13652718E-05   0.39180996E-04  -0.11940322E-04   0.00000000E+00
 15.   11.   0.39863622E-04  -0.11823467E-05   0.14623972E-04   0.00000000E+00
 15.   12.   0.68263933E-06  -0.37998611E-04   0.43705597E-05   0.00000000E+00
 15.   13.  -0.40546260E-04   0.00000000E+00  -0.16886148E-04   0.00000000E+00
 15.   14.  -0.22446120E-02   0.00000000E+00   0.56789323E-02   0.00000000E+00
 15.   15.  -0.49222585E-04   0.24283132E-02  -0.14698158E-02   0.00000000E+00
 15.   16.   0.22938346E-02  -0.85256020E-04  -0.49180997E-02   0.00000000E+00
 15.   17.   0.98445220E-04  -0.23430572E-02   0.40156115E-02   0.00000000E+00
 15.   18.  -0.23922797E-02   0.85255993E-04   0.28394662E-02   0.00000000E+00
 15.   19.  -0.49222633E-04   0.22578011E-02  -0.54854274E-02   0.00000000E+00
 15.   20.   0.24415023E-02   0.75858647E-10  -0.23622571E-09   0.00000000E+00
 15.   21.  -0.49222473E-04  -0.22578011E-02   0.54854274E-02   0.00000000E+00
 15.   22.  -0.23922797E-02  -0.85256133E-04  -0.28394659E-02   0.00000000E+00
 15.   23.   0.98445072E-04   0.23430571E-02  -0.40156118E-02   0.00000000E+00
 15.   24.   0.22938346E-02   0.85256167E-04   0.49180995E-02   0.00000000E+00
 15.   25.  -0.49222447E-04  -0.24283132E-02   0.14698163E-02   0.00000000E+00
 15.   26.  -0.22446120E-02   0.00000000E+00  -0.56789323E-02   0.00000000E+00
 15.   27.  -0.18504326E-01   0.00000000E+00   0.83563977E-01   0.00000000E+00
 15.   28.  -0.11499885E-02   0.22796142E-01  -0.21627949E-01   0.00000000E+00
 15.   29.   0.19654315E-01  -0.19918384E-02  -0.72368527E-01   0.00000000E+00
 15.   30.   0.22999773E-02  -0.20804303E-01   0.59088654E-01   0.00000000E+00
 15.   31.  -0.21954292E-01   0.19918382E-02   0.41781990E-01   0.00000000E+00
 15.   32.  -0.11499889E-02   0.18812465E-01  -0.80716603E-01   0.00000000E+00
 15.   33.   0.23104280E-01   0.54578824E-09  -0.30520311E-08   0.00000000E+00
 15.   34.  -0.11499874E-02  -0.18812465E-01   0.80716605E-01   0.00000000E+00
 15.   35.  -0.21954292E-01  -0.19918394E-02  -0.41781985E-01   0.00000000E+00
 15.   36.   0.22999760E-02   0.20804303E-01  -0.59088658E-01   0.00000000E+00
 15.   37.   0.19654315E-01   0.19918398E-02   0.72368524E-01   0.00000000E+00
 15.   38.  -0.11499874E-02  -0.22796142E-01   0.21627955E-01   0.00000000E+00
 15.   39.  -0.18504326E-01   0.00000000E+00  -0.83563977E-01   0.00000000E+00
 15.   40.  -0.50739319E-01   0.00000000E+00   0.39243319E+00   0.00000000E+00
 15.   41.  -0.73288848E-02   0.78091090E-01  -0.10156918E+00   0.00000000E+00
 15.   42.   0.58068204E-01  -0.12694001E-01  -0.33985711E+00   0.00000000E+00
 15.   43.   0.14657771E-01  -0.65397089E-01   0.27749216E+00   0.00000000E+00
 15.   44.  -0.72725973E-01   0.12694000E-01   0.19621660E+00   0.00000000E+00
 15.   45.  -0.73288861E-02   0.52703088E-01  -0.37906135E+00   0.00000000E+00
 15.   46.   0.80054858E-01   0.14395908E-08  -0.14342957E-07   0.00000000E+00
 15.   47.  -0.73288809E-02  -0.52703088E-01   0.37906136E+00   0.00000000E+00
 15.   48.  -0.72725974E-01  -0.12694003E-01  -0.19621657E+00   0.00000000E+00
 15.   49.   0.14657766E-01   0.65397088E-01  -0.27749218E+00   0.00000000E+00
 15.   50.   0.58068205E-01   0.12694005E-01   0.33985709E+00   0.00000000E+00
 15.   51.  -0.73288817E-02  -0.78091089E-01   0.10156921E+00   0.00000000E+00
 15.   52.  -0.50739319E-01   0.00000000E+00  -0.39243319E+00   0.00000000E+00
 15.   53.  -0.88964735E-01   0.00000000E+00   0.99580485E+00   0.00000000E+00
 15.   54.  -0.15936695E-01   0.14844129E+00  -0.25773326E+00   0.00000000E+00
 15.   55.   0.10490143E+00  -0.27603165E-01  -0.86239230E+00   0.00000000E+00
 15.   56.   0.31873391E-01  -0.12083812E+00   0.70414035E+00   0.00000000E+00
 15.   57.  -0.13677482E+00   0.27603163E-01   0.49790244E+00   0.00000000E+00
 15.   58.  -0.15936697E-01   0.93234960E-01  -0.96187362E+00   0.00000000E+00
 15.   59.   0.15271151E+00   0.24496000E-08  -0.36399176E-07   0.00000000E+00
 15.   60.  -0.15936687E-01  -0.93234958E-01   0.96187364E+00   0.00000000E+00
 15.   61.  -0.13677482E+00  -0.27603170E-01  -0.49790238E+00   0.00000000E+00
 15.   62.   0.31873384E-01   0.12083812E+00  -0.70414040E+00   0.00000000E+00
 15.   63.   0.10490143E+00   0.27603173E-01   0.86239226E+00   0.00000000E+00
 15.   64.  -0.15936689E-01  -0.14844129E+00   0.25773333E+00   0.00000000E+00
 15.   65.  -0.88964734E-01   0.00000000E+00  -0.99580485E+00   0.00000000E+00
 15.   66.   0.88964735E-01   0.00000000E+00   0.99580485E+00   0.00000000E+00
 15.   67.   0.15936695E-01  -0.14844129E+00  -0.25773326E+00   0.00000000E+00
 15.   68.  -0.10490143E+00   0.27603165E-01  -0.86239230E+00   0.00000000E+00
 15.   69.  -0.31873391E-01   0.12083812E+00   0.70414035E+00   0.00000000E+00
 15.   70.   0.13677482E+00  -0.27603163E-01   0.49790244E+00   0.00000000E+00
 15.   71.   0.15936697E-01  -0.93234960E-01  -0.96187362E+00   0.00000000E+00
 15.   72.  -0.15271151E+00  -0.24484075E-08  -0.36396669E-07   0.00000000E+00
 15.   73.   0.15936687E-01   0.93234958E-01   0.96187364E+00   0.00000000E+00
 15.   74.   0.13677482E+00   0.27603170E-01  -0.49790238E+00   0.00000000E+00
 15.   75.  -0.31873384E-01  -0.12083812E+00  -0.70414040E+00   0.00000000E+00
 15.   76.  -0.10490143E+00  -0.27603173E-01   0.86239226E+00   0.00000000E+00
 15.   77.   0.15936689E-01   0.14844129E+00   0.25773333E+00   0.00000000E+00
 15.   78.   0.88964734E-01   0.00000000E+00  -0.99580485E+00   0.00000000E+00
 16.    1.  -0.16765652E-01   0.00000000E+00   0.27287392E-01   0.00000000E+00
 16.    2.  -0.12473407E-01   0.14162637E-01   0.13643696E-01   0.00000000E+00
 16.    3.  -0.11944661E-02   0.18834528E-01  -0.13643696E-01   0.00000000E+00
 16.    4.   0.11855106E-01   0.11855106E-01  -0.27287392E-01   0.00000000E+00
 16.    5.   0.18834528E-01  -0.11944659E-02  -0.13643696E-01   0.00000000E+00
 16.    6.   0.14162637E-01  -0.12473407E-01   0.13643696E-01   0.00000000E+00
 16.    7.   0.32185150E-09  -0.16765652E-01   0.27287392E-01   0.00000000E+00
 16.    8.  -0.14162637E-01  -0.12473407E-01   0.13643697E-01   0.00000000E+00
 16.    9.  -0.18834528E-01  -0.11944664E-02  -0.13643695E-01   0.00000000E+00
 16.   10.  -0.11855106E-01   0.11855106E-01  -0.27287392E-01   0.00000000E+00
 16.   11.   0.11944655E-02   0.18834528E-01  -0.13643697E-01   0.00000000E+00
 16.   12.   0.12473407E-01   0.14162638E-01   0.13643695E-01   0.00000000E+00
 16.   13.   0.16765652E-01   0.00000000E+00   0.27287392E-01   0.00000000E+00
 16.   14.  -0.68441858E-01   0.00000000E+00   0.39695067E+00   0.00000000E+00
 16.   15.  -0.54856813E-01   0.72508895E-01   0.19847534E+00   0.00000000E+00
 16.   16.  -0.12481907E-01   0.90061155E-01  -0.19847533E+00   0.00000000E+00
 16.   17.   0.48395701E-01   0.48395703E-01  -0.39695067E+00   0.00000000E+00
 16.   18.   0.90061155E-01  -0.12481906E-01  -0.19847534E+00   0.00000000E+00
 16.   19.   0.72508895E-01  -0.54856812E-01   0.19847533E+00   0.00000000E+00
 16.   20.   0.16749883E-08  -0.68441858E-01   0.39695067E+00   0.00000000E+00
 16.   21.  -0.72508893E-01  -0.54856813E-01   0.19847535E+00   0.00000000E+00
 16.   22.  -0.90061156E-01  -0.12481909E-01  -0.19847532E+00   0.00000000E+00
 16.   23.  -0.48395704E-01   0.48395700E-01  -0.39695067E+00   0.00000000E+00
 16.   24.   0.12481905E-01   0.90061155E-01  -0.19847535E+00   0.00000000E+00
 16.   25.   0.54856811E-01   0.72508897E-01   0.19847532E+00   0.00000000E+00
 16.   26.   0.68441858E-01   0.00000000E+00   0.39695067E+00   0.00000000E+00
 16.   27.  -0.23042811E-01   0.00000000E+00   0.94718255E+00   0.00000000E+00
 16.   28.  -0.44568313E-01   0.12181592E+00   0.47359128E+00   0.00000000E+00
 16.   29.  -0.54622304E-01   0.11765142E+00  -0.47359127E+00   0.00000000E+00
 16.   30.   0.16293727E-01   0.16293729E-01  -0.94718255E+00   0.00000000E+00
 16.   31.   0.11765142E+00  -0.54622303E-01  -0.47359128E+00   0.00000000E+00
 16.   32.   0.12181592E+00  -0.44568313E-01   0.47359127E+00   0.00000000E+00
 16.   33.   0.29974777E-08  -0.23042811E-01   0.94718255E+00   0.00000000E+00
 16.   34.  -0.12181591E+00  -0.44568312E-01   0.47359130E+00   0.00000000E+00
 16.   35.  -0.11765142E+00  -0.54622304E-01  -0.47359125E+00   0.00000000E+00
 16.   36.  -0.16293731E-01   0.16293725E-01  -0.94718255E+00   0.00000000E+00
 16.   37.   0.54622303E-01   0.11765141E+00  -0.47359131E+00   0.00000000E+00
 16.   38.   0.44568314E-01   0.12181592E+00   0.47359124E+00   0.00000000E+00
 16.   39.   0.23042811E-01   0.00000000E+00   0.94718255E+00   0.00000000E+00
 16.   40.   0.13004068E+00   0.00000000E+00   0.45256617E+00   0.00000000E+00
 16.   41.   0.51086451E-01   0.60562070E-01   0.22628308E+00   0.00000000E+00
 16.   42.  -0.78947426E-01   0.67002749E-02  -0.22628308E+00   0.00000000E+00
 16.   43.  -0.91952646E-01  -0.91952645E-01  -0.45256617E+00   0.00000000E+00
 16.   44.   0.67002737E-02  -0.78947427E-01  -0.22628309E+00   0.00000000E+00
 16.   45.   0.60562070E-01   0.51086449E-01   0.22628308E+00   0.00000000E+00
 16.   46.   0.17677772E-08   0.13004068E+00   0.45256617E+00   0.00000000E+00
 16.   47.  -0.60562070E-01   0.51086455E-01   0.22628310E+00   0.00000000E+00
 16.   48.  -0.67002779E-02  -0.78947423E-01  -0.22628307E+00   0.00000000E+00
 16.   49.   0.91952644E-01  -0.91952647E-01  -0.45256617E+00   0.00000000E+00
 16.   50.   0.78947430E-01   0.67002708E-02  -0.22628310E+00   0.00000000E+00
 16.   51.  -0.51086445E-01   0.60562070E-01   0.22628307E+00   0.00000000E+00
 16.   52.  -0.13004068E+00   0.00000000E+00   0.45256617E+00   0.00000000E+00
 16.   53.   0.17272852E+00   0.00000000E+00  -0.99945014E+00   0.00000000E+00
 16.   54.   0.10172056E+00  -0.45940405E-01  -0.49972507E+00   0.00000000E+00
 16.   55.  -0.39442523E-01  -0.10441207E+00   0.49972507E+00   0.00000000E+00
 16.   56.  -0.12213751E+00  -0.12213751E+00   0.99945014E+00   0.00000000E+00
 16.   57.  -0.10441207E+00  -0.39442524E-01   0.49972508E+00   0.00000000E+00
 16.   58.  -0.45940405E-01   0.10172055E+00  -0.49972506E+00   0.00000000E+00
 16.   59.  -0.80576262E-09   0.17272852E+00  -0.99945014E+00   0.00000000E+00
 16.   60.   0.45940403E-01   0.10172056E+00  -0.49972510E+00   0.00000000E+00
 16.   61.   0.10441206E+00  -0.39442519E-01   0.49972504E+00   0.00000000E+00
 16.   62.   0.12213751E+00  -0.12213751E+00   0.99945014E+00   0.00000000E+00
 16.   63.   0.39442528E-01  -0.10441207E+00   0.49972511E+00   0.00000000E+00
 16.   64.  -0.10172055E+00  -0.45940407E-01  -0.49972504E+00   0.00000000E+00
 16.   65.  -0.17272852E+00   0.00000000E+00  -0.99945014E+00   0.00000000E+00
 16.   66.  -0.17272852E+00   0.00000000E+00  -0.99945014E+00   0.00000000E+00
 16.   67.  -0.10172056E+00   0.45940405E-01  -0.49972507E+00   0.00000000E+00
 16.   68.   0.39442523E-01   0.10441207E+00   0.49972507E+00   0.00000000E+00
 16.   69.   0.12213751E+00   0.12213751E+00   0.99945014E+00   0.00000000E+00
 16.   70.   0.10441207E+00   0.39442524E-01   0.49972508E+00   0.00000000E+00
 16.   71.   0.45940405E-01  -0.10172055E+00  -0.49972506E+00   0.00000000E+00
 16.   72.   0.80085943E-09  -0.17272852E+00  -0.99945014E+00   0.00000000E+00
 16.   73.  -0.45940403E-01  -0.10172056E+00  -0.49972510E+00   0.00000000E+00
 16.   74.  -0.10441206E+00   0.39442519E-01   0.49972504E+00   0.00000000E+00
 16.   75.  -0.12213751E+00   0.12213751E+00   0.99945014E+00   0.00000000E+00
 16.   76.  -0.39442528E-01   0.10441207E+00   0.49972511E+00   0.00000000E+00
 16.   77.   0.10172055E+00   0.45940407E-01  -0.49972504E+00   0.00000000E+00
 16.   78.   0.17272852E+00   0.00000000E+00  -0.99945014E+00   0.00000000E+00
 17.    1.  -0.11318377E-04   0.00000000E+00   0.32457186E-05   0.00000000E+00
 17.    2.   0.31405361E-05   0.10145229E-04  -0.16249761E-05   0.00000000E+00
 17.    3.   0.93946866E-05  -0.49535431E-05  -0.16244399E-05   0.00000000E+00
 17.    4.  -0.80030959E-05  -0.80036422E-05   0.32471869E-05   0.00000000E+00
 17.    5.  -0.49530089E-05   0.93942645E-05  -0.16229577E-05   0.00000000E+00
 17.    6.   0.10145563E-04   0.31402599E-05  -0.16224055E-05   0.00000000E+00
 17.    7.   0.21591240E-12  -0.11318591E-04   0.32486864E-05   0.00000000E+00
 17.    8.  -0.10145567E-04   0.31402439E-05  -0.16224198E-05   0.00000000E+00
 17.    9.   0.49530009E-05   0.93942352E-05  -0.16230062E-05   0.00000000E+00
 17.   10.   0.80030859E-05  -0.80036793E-05   0.32470865E-05   0.00000000E+00
 17.   11.  -0.93946926E-05  -0.49535873E-05  -0.16246197E-05   0.00000000E+00
 17.   12.  -0.31405295E-05   0.10145199E-04  -0.16252301E-05   0.00000000E+00
 17.   13.   0.11318391E-04   0.00000000E+00   0.32454387E-05   0.00000000E+00
 17.   14.  -0.12989894E-02   0.00000000E+00   0.28892872E-02   0.00000000E+00
 17.   15.   0.31035569E-03   0.13511909E-02  -0.14446461E-02   0.00000000E+00
 17.   16.   0.11748911E-02  -0.73598189E-03  -0.14446454E-02   0.00000000E+00
 17.   17.  -0.91852396E-03  -0.91852431E-03   0.28892890E-02   0.00000000E+00
 17.   18.  -0.73598149E-03   0.11748910E-02  -0.14446435E-02   0.00000000E+00
 17.   19.   0.13511912E-02   0.31035586E-03  -0.14446429E-02   0.00000000E+00
 17.   20.   0.59030622E-10  -0.12989892E-02   0.28892910E-02   0.00000000E+00
 17.   21.  -0.13511912E-02   0.31035578E-03  -0.14446426E-02   0.00000000E+00
 17.   22.   0.73598142E-03   0.11748910E-02  -0.14446437E-02   0.00000000E+00
 17.   23.   0.91852401E-03  -0.91852422E-03   0.28892891E-02   0.00000000E+00
 17.   24.  -0.11748910E-02  -0.73598197E-03  -0.14446453E-02   0.00000000E+00
 17.   25.  -0.31035578E-03   0.13511909E-02  -0.14446464E-02   0.00000000E+00
 17.   26.   0.12989894E-02   0.00000000E+00   0.28892871E-02   0.00000000E+00
 17.   27.  -0.15559465E-01   0.00000000E+00   0.62016284E-01   0.00000000E+00
 17.   28.   0.31388423E-02   0.18344257E-01  -0.31008141E-01   0.00000000E+00
 17.   29.   0.15190845E-01  -0.10751852E-01  -0.31008142E-01   0.00000000E+00
 17.   30.  -0.11002203E-01  -0.11002203E-01   0.62016284E-01   0.00000000E+00
 17.   31.  -0.10751852E-01   0.15190845E-01  -0.31008141E-01   0.00000000E+00
 17.   32.   0.18344257E-01   0.31388430E-02  -0.31008143E-01   0.00000000E+00
 17.   33.   0.74811560E-09  -0.15559464E-01   0.62016283E-01   0.00000000E+00
 17.   34.  -0.18344258E-01   0.31388419E-02  -0.31008139E-01   0.00000000E+00
 17.   35.   0.10751851E-01   0.15190846E-01  -0.31008145E-01   0.00000000E+00
 17.   36.   0.11002204E-01  -0.11002202E-01   0.62016284E-01   0.00000000E+00
 17.   37.  -0.15190845E-01  -0.10751853E-01  -0.31008137E-01   0.00000000E+00
 17.   38.  -0.31388434E-02   0.18344257E-01  -0.31008146E-01   0.00000000E+00
 17.   39.   0.15559465E-01   0.00000000E+00   0.62016284E-01   0.00000000E+00
 17.   40.  -0.51309748E-01   0.00000000E+00   0.35642620E+00   0.00000000E+00
 17.   41.   0.62228268E-02   0.75898917E-01  -0.17821310E+00   0.00000000E+00
 17.   42.   0.58068842E-01  -0.49268436E-01  -0.17821310E+00   0.00000000E+00
 17.   43.  -0.36281470E-01  -0.36281472E-01   0.35642620E+00   0.00000000E+00
 17.   44.  -0.49268437E-01   0.58068841E-01  -0.17821309E+00   0.00000000E+00
 17.   45.   0.75898916E-01   0.62228275E-02  -0.17821311E+00   0.00000000E+00
 17.   46.   0.32320120E-08  -0.51309749E-01   0.35642620E+00   0.00000000E+00
 17.   47.  -0.75898919E-01   0.62228238E-02  -0.17821308E+00   0.00000000E+00
 17.   48.   0.49268433E-01   0.58068843E-01  -0.17821312E+00   0.00000000E+00
 17.   49.   0.36281475E-01  -0.36281468E-01   0.35642620E+00   0.00000000E+00
 17.   50.  -0.58068841E-01  -0.49268440E-01  -0.17821307E+00   0.00000000E+00
 17.   51.  -0.62228305E-02   0.75898915E-01  -0.17821312E+00   0.00000000E+00
 17.   52.   0.51309748E-01   0.00000000E+00   0.35642620E+00   0.00000000E+00
 17.   53.  -0.97981482E-01   0.00000000E+00   0.99454184E+00   0.00000000E+00
 17.   54.   0.86480331E-02   0.15701079E+00  -0.49727092E+00   0.00000000E+00
 17.   55.   0.11713848E+00  -0.10490831E+00  -0.49727092E+00   0.00000000E+00
 17.   56.  -0.69283368E-01  -0.69283373E-01   0.99454184E+00   0.00000000E+00
 17.   57.  -0.10490831E+00   0.11713848E+00  -0.49727090E+00   0.00000000E+00
 17.   58.   0.15701079E+00   0.86480343E-02  -0.49727094E+00   0.00000000E+00
 17.   59.   0.67098803E-08  -0.97981483E-01   0.99454184E+00   0.00000000E+00
 17.   60.  -0.15701079E+00   0.86480274E-02  -0.49727087E+00   0.00000000E+00
 17.   61.   0.10490831E+00   0.11713848E+00  -0.49727097E+00   0.00000000E+00
 17.   62.   0.69283378E-01  -0.69283363E-01   0.99454184E+00   0.00000000E+00
 17.   63.  -0.11713848E+00  -0.10490832E+00  -0.49727085E+00   0.00000000E+00
 17.   64.  -0.86480402E-02   0.15701079E+00  -0.49727099E+00   0.00000000E+00
 17.   65.   0.97981481E-01   0.00000000E+00   0.99454184E+00   0.00000000E+00
 17.   66.   0.97981482E-01   0.00000000E+00   0.99454184E+00   0.00000000E+00
 17.   67.  -0.86480331E-02  -0.15701079E+00  -0.49727092E+00   0.00000000E+00
 17.   68.  -0.11713848E+00   0.10490831E+00  -0.49727092E+00   0.00000000E+00
 17.   69.   0.69283368E-01   0.69283373E-01   0.99454184E+00   0.00000000E+00
 17.   70.   0.10490831E+00  -0.11713848E+00  -0.49727090E+00   0.00000000E+00
 17.   71.  -0.15701079E+00  -0.86480344E-02  -0.49727094E+00   0.00000000E+00
 17.   72.  -0.66824859E-08   0.97981483E-01   0.99454184E+00   0.00000000E+00
 17.   73.   0.15701079E+00  -0.86480273E-02  -0.49727087E+00   0.00000000E+00
 17.   74.  -0.10490831E+00  -0.11713848E+00  -0.49727097E+00   0.00000000E+00
 17.   75.  -0.69283378E-01   0.69283363E-01   0.99454184E+00   0.00000000E+00
 17.   76.   0.11713848E+00   0.10490832E+00  -0.49727085E+00   0.00000000E+00
 17.   77.   0.86480401E-02  -0.15701079E+00  -0.49727099E+00   0.00000000E+00
 17.   78.  -0.97981481E-01   0.00000000E+00   0.99454184E+00   0.00000000E+00
 18.    1.  -0.52275149E-01   0.00000000E+00   0.71093035E+00   0.00000000E+00
 18.    2.  -0.67838730E-01   0.78261526E-01   0.61568375E+00   0.00000000E+00
 18.    3.  -0.10330848E+00   0.12666039E+00   0.35546518E+00   0.00000000E+00
 18.    4.  -0.13173793E+00   0.13173793E+00   0.35613119E-08   0.00000000E+00
 18.    5.  -0.12666039E+00   0.10330848E+00  -0.35546517E+00   0.00000000E+00
 18.    6.  -0.78261527E-01   0.67838730E-01  -0.61568375E+00   0.00000000E+00
 18.    7.  -0.16761260E-08   0.52275149E-01  -0.71093035E+00   0.00000000E+00
 18.    8.   0.78261524E-01   0.67838729E-01  -0.61568375E+00   0.00000000E+00
 18.    9.   0.12666039E+00   0.10330848E+00  -0.35546519E+00   0.00000000E+00
 18.   10.   0.13173793E+00   0.13173793E+00  -0.11299806E-07   0.00000000E+00
 18.   11.   0.10330848E+00   0.12666039E+00   0.35546516E+00   0.00000000E+00
 18.   12.   0.67838731E-01   0.78261529E-01   0.61568374E+00   0.00000000E+00
 18.   13.   0.52275149E-01   0.00000000E+00   0.71093035E+00   0.00000000E+00
 18.   14.   0.60012800E-01   0.00000000E+00   0.90656136E+00   0.00000000E+00
 18.   15.   0.35849054E-01   0.67016254E-01   0.78510517E+00   0.00000000E+00
 18.   16.  -0.22038539E-01   0.98184669E-01   0.45328068E+00   0.00000000E+00
 18.   17.  -0.78424241E-01   0.78424242E-01   0.45759788E-08   0.00000000E+00
 18.   18.  -0.98184669E-01   0.22038539E-01  -0.45328068E+00   0.00000000E+00
 18.   19.  -0.67016255E-01  -0.35849053E-01  -0.78510517E+00   0.00000000E+00
 18.   20.  -0.14711477E-08  -0.60012800E-01  -0.90656136E+00   0.00000000E+00
 18.   21.   0.67016253E-01  -0.35849055E-01  -0.78510518E+00   0.00000000E+00
 18.   22.   0.98184669E-01   0.22038537E-01  -0.45328069E+00   0.00000000E+00
 18.   23.   0.78424243E-01   0.78424240E-01  -0.14296569E-07   0.00000000E+00
 18.   24.   0.22038541E-01   0.98184670E-01   0.45328067E+00   0.00000000E+00
 18.   25.  -0.35849052E-01   0.67016256E-01   0.78510516E+00   0.00000000E+00
 18.   26.  -0.60012800E-01   0.00000000E+00   0.90656136E+00   0.00000000E+00
 18.   27.   0.12393361E+00   0.00000000E+00  -0.17393764E+00   0.00000000E+00
 18.   28.   0.10543881E+00   0.21186922E-01  -0.15063442E+00   0.00000000E+00
 18.   29.   0.59575084E-01   0.20746535E-01  -0.86968822E-01   0.00000000E+00
 18.   30.   0.96514111E-02  -0.96514103E-02  -0.67153098E-09   0.00000000E+00
 18.   31.  -0.20746535E-01  -0.59575083E-01   0.86968821E-01   0.00000000E+00
 18.   32.  -0.21186922E-01  -0.10543881E+00   0.15063442E+00   0.00000000E+00
 18.   33.  -0.50051434E-09  -0.12393361E+00   0.17393764E+00   0.00000000E+00
 18.   34.   0.21186922E-01  -0.10543881E+00   0.15063442E+00   0.00000000E+00
 18.   35.   0.20746535E-01  -0.59575085E-01   0.86968824E-01   0.00000000E+00
 18.   36.  -0.96514093E-02  -0.96514120E-02   0.29383730E-08   0.00000000E+00
 18.   37.  -0.59575082E-01   0.20746534E-01  -0.86968819E-01   0.00000000E+00
 18.   38.  -0.10543881E+00   0.21186923E-01  -0.15063442E+00   0.00000000E+00
 18.   39.  -0.12393361E+00   0.00000000E+00  -0.17393764E+00   0.00000000E+00
 18.   40.  -0.76356864E-01   0.00000000E+00  -0.45704399E+00   0.00000000E+00
 18.   41.  -0.60463641E-01  -0.29841666E-01  -0.39581171E+00   0.00000000E+00
 18.   42.  -0.21653006E-01  -0.38852757E-01  -0.22852200E+00   0.00000000E+00
 18.   43.   0.18633245E-01  -0.18633246E-01  -0.12227789E-08   0.00000000E+00
 18.   44.   0.38852757E-01   0.21653006E-01   0.22852199E+00   0.00000000E+00
 18.   45.   0.29841667E-01   0.60463641E-01   0.39581170E+00   0.00000000E+00
 18.   46.   0.68922455E-09   0.76356864E-01   0.45704399E+00   0.00000000E+00
 18.   47.  -0.29841666E-01   0.60463642E-01   0.39581171E+00   0.00000000E+00
 18.   48.  -0.38852757E-01   0.21653008E-01   0.22852200E+00   0.00000000E+00
 18.   49.  -0.18633246E-01  -0.18633244E-01   0.83362138E-08   0.00000000E+00
 18.   50.   0.21653004E-01  -0.38852757E-01  -0.22852199E+00   0.00000000E+00
 18.   51.   0.60463640E-01  -0.29841667E-01  -0.39581170E+00   0.00000000E+00
 18.   52.   0.76356864E-01   0.00000000E+00  -0.45704399E+00   0.00000000E+00
 18.   53.  -0.15265861E+00   0.00000000E+00   0.74076895E+00   0.00000000E+00
 18.   54.  -0.13150199E+00  -0.20033544E-01   0.64152472E+00   0.00000000E+00
 18.   55.  -0.78820095E-01  -0.16138199E-01   0.37038447E+00   0.00000000E+00
 18.   56.  -0.20766740E-01   0.20766738E-01   0.68259565E-08   0.00000000E+00
 18.   57.   0.16138198E-01   0.78820095E-01  -0.37038447E+00   0.00000000E+00
 18.   58.   0.20033545E-01   0.13150199E+00  -0.64152473E+00   0.00000000E+00
 18.   59.   0.49245418E-09   0.15265861E+00  -0.74076894E+00   0.00000000E+00
 18.   60.  -0.20033545E-01   0.13150199E+00  -0.64152473E+00   0.00000000E+00
 18.   61.  -0.16138199E-01   0.78820097E-01  -0.37038448E+00   0.00000000E+00
 18.   62.   0.20766738E-01   0.20766740E-01  -0.86207346E-08   0.00000000E+00
 18.   63.   0.78820092E-01  -0.16138199E-01   0.37038446E+00   0.00000000E+00
 18.   64.   0.13150199E+00  -0.20033544E-01   0.64152472E+00   0.00000000E+00
 18.   65.   0.15265861E+00   0.00000000E+00   0.74076895E+00   0.00000000E+00
 18.   66.   0.15265861E+00   0.00000000E+00   0.74076895E+00   0.00000000E+00
 18.   67.   0.13150199E+00   0.20033544E-01   0.64152472E+00   0.00000000E+00
 18.   68.   0.78820095E-01   0.16138199E-01   0.37038447E+00   0.00000000E+00
 18.   69.   0.20766740E-01  -0.20766738E-01   0.68267197E-08   0.00000000E+00
 18.   70.  -0.16138198E-01  -0.78820095E-01  -0.37038447E+00   0.00000000E+00
 18.   71.  -0.20033545E-01  -0.13150199E+00  -0.64152473E+00   0.00000000E+00
 18.   72.  -0.48231912E-09  -0.15265861E+00  -0.74076894E+00   0.00000000E+00
 18.   73.   0.20033545E-01  -0.13150199E+00  -0.64152473E+00   0.00000000E+00
 18.   74.   0.16138199E-01  -0.78820097E-01  -0.37038448E+00   0.00000000E+00
 18.   75.  -0.20766738E-01  -0.20766740E-01  -0.86222715E-08   0.00000000E+00
 18.   76.  -0.78820092E-01   0.16138199E-01   0.37038446E+00   0.00000000E+00
 18.   77.  -0.13150199E+00   0.20033544E-01   0.64152472E+00   0.00000000E+00
 18.   78.  -0.15265861E+00   0.00000000E+00   0.74076895E+00   0.00000000E+00
 19.    1.   0.67260557E-02   0.00000000E+00  -0.73071447E-02   0.00000000E+00
 19.    2.   0.35314811E-02  -0.64536112E-02  -0.18912282E-02   0.00000000E+00
 19.    3.  -0.31945746E-02  -0.61167047E-02   0.63281730E-02   0.00000000E+00
 19.    4.  -0.70629622E-02   0.33690644E-03   0.51669317E-02   0.00000000E+00
 19.    5.  -0.38683877E-02   0.61167047E-02  -0.36535723E-02   0.00000000E+00
 19.    6.   0.35314810E-02   0.57797983E-02  -0.70581598E-02   0.00000000E+00
 19.    7.   0.73998687E-02   0.14491197E-09  -0.17875704E-09   0.00000000E+00
 19.    8.   0.35314813E-02  -0.57797981E-02   0.70581598E-02   0.00000000E+00
 19.    9.  -0.38683874E-02  -0.61167048E-02   0.36535726E-02   0.00000000E+00
 19.   10.  -0.70629622E-02  -0.33690673E-03  -0.51669314E-02   0.00000000E+00
 19.   11.  -0.31945749E-02   0.61167046E-02  -0.63281731E-02   0.00000000E+00
 19.   12.   0.35314809E-02   0.64536114E-02   0.18912279E-02   0.00000000E+00
 19.   13.   0.67260557E-02   0.00000000E+00   0.73071448E-02   0.00000000E+00
 19.   14.   0.57588490E-01   0.00000000E+00  -0.25208725E+00   0.00000000E+00
 19.   15.   0.33612244E-01  -0.67854112E-01  -0.65244981E-01   0.00000000E+00
 19.   16.  -0.23976246E-01  -0.58218114E-01   0.21831396E+00   0.00000000E+00
 19.   17.  -0.67224488E-01   0.96359973E-02   0.17825261E+00   0.00000000E+00
 19.   18.  -0.43248242E-01   0.58218114E-01  -0.12604362E+00   0.00000000E+00
 19.   19.   0.33612243E-01   0.48582117E-01  -0.24349759E+00   0.00000000E+00
 19.   20.   0.76860486E-01   0.11061223E-08  -0.65815193E-08   0.00000000E+00
 19.   21.   0.33612246E-01  -0.48582115E-01   0.24349758E+00   0.00000000E+00
 19.   22.  -0.43248240E-01  -0.58218115E-01   0.12604363E+00   0.00000000E+00
 19.   23.  -0.67224488E-01  -0.96360000E-02  -0.17825260E+00   0.00000000E+00
 19.   24.  -0.23976248E-01   0.58218112E-01  -0.21831397E+00   0.00000000E+00
 19.   25.   0.33612242E-01   0.67854113E-01   0.65244968E-01   0.00000000E+00
 19.   26.   0.57588490E-01   0.00000000E+00   0.25208725E+00   0.00000000E+00
 19.   27.   0.48543491E-01   0.00000000E+00  -0.88029392E+00   0.00000000E+00
 19.   28.   0.55267248E-01  -0.15771669E+00  -0.22783683E+00   0.00000000E+00
 19.   29.   0.67237574E-02  -0.95725682E-01   0.76235690E+00   0.00000000E+00
 19.   30.  -0.11053450E+00   0.61991004E-01   0.62246181E+00   0.00000000E+00
 19.   31.  -0.11725825E+00   0.95725682E-01  -0.44014695E+00   0.00000000E+00
 19.   32.   0.55267246E-01   0.33734677E-01  -0.85029863E+00   0.00000000E+00
 19.   33.   0.17252550E+00   0.37810282E-09  -0.23035892E-07   0.00000000E+00
 19.   34.   0.55267254E-01  -0.33734675E-01   0.85029862E+00   0.00000000E+00
 19.   35.  -0.11725825E+00  -0.95725681E-01   0.44014699E+00   0.00000000E+00
 19.   36.  -0.11053450E+00  -0.61991009E-01  -0.62246178E+00   0.00000000E+00
 19.   37.   0.67237534E-02   0.95725676E-01  -0.76235692E+00   0.00000000E+00
 19.   38.   0.55267248E-01   0.15771669E+00   0.22783679E+00   0.00000000E+00
 19.   39.   0.48543491E-01   0.00000000E+00   0.88029392E+00   0.00000000E+00
 19.   40.  -0.12779361E+00   0.00000000E+00  -0.55861464E+00   0.00000000E+00
 19.   41.  -0.11849853E-01  -0.83569357E-01  -0.14458011E+00   0.00000000E+00
 19.   42.   0.11594376E+00   0.20524547E-01   0.48377447E+00   0.00000000E+00
 19.   43.   0.23699707E-01   0.10409390E+00   0.39500021E+00   0.00000000E+00
 19.   44.  -0.92244052E-01  -0.20524546E-01  -0.27930731E+00   0.00000000E+00
 19.   45.  -0.11849854E-01  -0.12461845E+00  -0.53958031E+00   0.00000000E+00
 19.   46.   0.80394199E-01  -0.37594067E-08  -0.14610823E-07   0.00000000E+00
 19.   47.  -0.11849849E-01   0.12461845E+00   0.53958030E+00   0.00000000E+00
 19.   48.  -0.92244052E-01   0.20524553E-01   0.27930734E+00   0.00000000E+00
 19.   49.   0.23699701E-01  -0.10409390E+00  -0.39500019E+00   0.00000000E+00
 19.   50.   0.11594376E+00  -0.20524553E-01  -0.48377448E+00   0.00000000E+00
 19.   51.  -0.11849846E-01   0.83569357E-01   0.14458008E+00   0.00000000E+00
 19.   52.  -0.12779361E+00   0.00000000E+00   0.55861464E+00   0.00000000E+00
 19.   53.  -0.19042534E+00   0.00000000E+00   0.99885342E+00   0.00000000E+00
 19.   54.  -0.72646862E-01   0.80696438E-01   0.25852229E+00   0.00000000E+00
 19.   55.   0.11777848E+00   0.12582806E+00  -0.86503243E+00   0.00000000E+00
 19.   56.   0.14529372E+00   0.45131618E-01  -0.70629603E+00   0.00000000E+00
 19.   57.   0.27515246E-01  -0.12582805E+00   0.49942670E+00   0.00000000E+00
 19.   58.  -0.72646861E-01  -0.17095967E+00   0.96481832E+00   0.00000000E+00
 19.   59.  -0.10016211E+00  -0.44413322E-08   0.26085113E-07   0.00000000E+00
 19.   60.  -0.72646863E-01   0.17095967E+00  -0.96481830E+00   0.00000000E+00
 19.   61.   0.27515241E-01   0.12582806E+00  -0.49942674E+00   0.00000000E+00
 19.   62.   0.14529372E+00  -0.45131612E-01   0.70629600E+00   0.00000000E+00
 19.   63.   0.11777848E+00  -0.12582805E+00   0.86503246E+00   0.00000000E+00
 19.   64.  -0.72646853E-01  -0.80696441E-01  -0.25852224E+00   0.00000000E+00
 19.   65.  -0.19042534E+00   0.00000000E+00  -0.99885342E+00   0.00000000E+00
 19.   66.   0.19042534E+00   0.00000000E+00   0.99885342E+00   0.00000000E+00
 19.   67.   0.72646862E-01  -0.80696438E-01   0.25852229E+00   0.00000000E+00
 19.   68.  -0.11777848E+00  -0.12582806E+00  -0.86503243E+00   0.00000000E+00
 19.   69.  -0.14529372E+00  -0.45131618E-01  -0.70629603E+00   0.00000000E+00
 19.   70.  -0.27515246E-01   0.12582805E+00   0.49942670E+00   0.00000000E+00
 19.   71.   0.72646861E-01   0.17095967E+00   0.96481832E+00   0.00000000E+00
 19.   72.   0.10016211E+00   0.44531306E-08   0.26085068E-07   0.00000000E+00
 19.   73.   0.72646863E-01  -0.17095967E+00  -0.96481830E+00   0.00000000E+00
 19.   74.  -0.27515241E-01  -0.12582806E+00  -0.49942674E+00   0.00000000E+00
 19.   75.  -0.14529372E+00   0.45131612E-01   0.70629600E+00   0.00000000E+00
 19.   76.  -0.11777848E+00   0.12582805E+00   0.86503246E+00   0.00000000E+00
 19.   77.   0.72646853E-01   0.80696441E-01  -0.25852224E+00   0.00000000E+00
 19.   78.   0.19042534E+00   0.00000000E+00  -0.99885342E+00   0.00000000E+00
 20.    1.   0.18634270E+00   0.00000000E+00   0.99521766E+00   0.00000000E+00
 20.    2.   0.17999322E+00   0.48229039E-01   0.99521766E+00   0.00000000E+00
 20.    3.   0.16137751E+00   0.93171349E-01   0.99521766E+00   0.00000000E+00
 20.    4.   0.13176419E+00   0.13176418E+00   0.99521766E+00   0.00000000E+00
 20.    5.   0.93171349E-01   0.16137751E+00   0.99521766E+00   0.00000000E+00
 20.    6.   0.48229040E-01   0.17999322E+00   0.99521766E+00   0.00000000E+00
 20.    7.   0.99356307E-09   0.18634270E+00   0.99521766E+00   0.00000000E+00
 20.    8.  -0.48229038E-01   0.17999322E+00   0.99521766E+00   0.00000000E+00
 20.    9.  -0.93171348E-01   0.16137751E+00   0.99521766E+00   0.00000000E+00
 20.   10.  -0.13176418E+00   0.13176419E+00   0.99521766E+00   0.00000000E+00
 20.   11.  -0.16137751E+00   0.93171351E-01   0.99521766E+00   0.00000000E+00
 20.   12.  -0.17999322E+00   0.48229041E-01   0.99521766E+00   0.00000000E+00
 20.   13.  -0.18634270E+00   0.00000000E+00   0.99521766E+00   0.00000000E+00
 20.   14.   0.71645487E-01   0.00000000E+00  -0.31996568E+00   0.00000000E+00
 20.   15.   0.69204226E-01   0.18543217E-01  -0.31996568E+00   0.00000000E+00
 20.   16.   0.62046812E-01   0.35822743E-01  -0.31996568E+00   0.00000000E+00
 20.   17.   0.50661010E-01   0.50661009E-01  -0.31996568E+00   0.00000000E+00
 20.   18.   0.35822744E-01   0.62046812E-01  -0.31996568E+00   0.00000000E+00
 20.   19.   0.18543217E-01   0.69204226E-01  -0.31996568E+00   0.00000000E+00
 20.   20.   0.35804637E-09   0.71645487E-01  -0.31996568E+00   0.00000000E+00
 20.   21.  -0.18543216E-01   0.69204226E-01  -0.31996568E+00   0.00000000E+00
 20.   22.  -0.35822743E-01   0.62046812E-01  -0.31996568E+00   0.00000000E+00
 20.   23.  -0.50661009E-01   0.50661010E-01  -0.31996568E+00   0.00000000E+00
 20.   24.  -0.62046811E-01   0.35822744E-01  -0.31996568E+00   0.00000000E+00
 20.   25.  -0.69204226E-01   0.18543217E-01  -0.31996568E+00   0.00000000E+00
 20.   26.  -0.71645487E-01   0.00000000E+00  -0.31996568E+00   0.00000000E+00
 20.   27.  -0.83955521E-01   0.00000000E+00  -0.10070180E+00   0.00000000E+00
 20.   28.  -0.81094806E-01  -0.21729288E-01  -0.10070180E+00   0.00000000E+00
 20.   29.  -0.72707614E-01  -0.41977761E-01  -0.10070180E+00   0.00000000E+00
 20.   30.  -0.59365519E-01  -0.59365518E-01  -0.10070180E+00   0.00000000E+00
 20.   31.  -0.41977761E-01  -0.72707614E-01  -0.10070180E+00   0.00000000E+00
 20.   32.  -0.21729288E-01  -0.81094806E-01  -0.10070180E+00   0.00000000E+00
 20.   33.  -0.48889451E-09  -0.83955521E-01  -0.10070180E+00   0.00000000E+00
 20.   34.   0.21729287E-01  -0.81094807E-01  -0.10070180E+00   0.00000000E+00
 20.   35.   0.41977760E-01  -0.72707615E-01  -0.10070180E+00   0.00000000E+00
 20.   36.   0.59365518E-01  -0.59365519E-01  -0.10070180E+00   0.00000000E+00
 20.   37.   0.72707614E-01  -0.41977761E-01  -0.10070180E+00   0.00000000E+00
 20.   38.   0.81094806E-01  -0.21729289E-01  -0.10070180E+00   0.00000000E+00
 20.   39.   0.83955521E-01   0.00000000E+00  -0.10070180E+00   0.00000000E+00
 20.   40.   0.28826944E-01   0.00000000E+00   0.28773224E+00   0.00000000E+00
 20.   41.   0.27844689E-01   0.74609621E-02   0.28773224E+00   0.00000000E+00
 20.   42.   0.24964865E-01   0.14413472E-01   0.28773224E+00   0.00000000E+00
 20.   43.   0.20383727E-01   0.20383727E-01   0.28773224E+00   0.00000000E+00
 20.   44.   0.14413472E-01   0.24964865E-01   0.28773224E+00   0.00000000E+00
 20.   45.   0.74609621E-02   0.27844689E-01   0.28773224E+00   0.00000000E+00
 20.   46.   0.72674077E-10   0.28826944E-01   0.28773224E+00   0.00000000E+00
 20.   47.  -0.74609618E-02   0.27844689E-01   0.28773224E+00   0.00000000E+00
 20.   48.  -0.14413472E-01   0.24964866E-01   0.28773224E+00   0.00000000E+00
 20.   49.  -0.20383727E-01   0.20383727E-01   0.28773224E+00   0.00000000E+00
 20.   50.  -0.24964865E-01   0.14413472E-01   0.28773224E+00   0.00000000E+00
 20.   51.  -0.27844689E-01   0.74609623E-02   0.28773224E+00   0.00000000E+00
 20.   52.  -0.28826944E-01   0.00000000E+00   0.28773224E+00   0.00000000E+00
 20.   53.   0.96242563E-01   0.00000000E+00  -0.41526628E+00   0.00000000E+00
 20.   54.   0.92963177E-01   0.24909408E-01  -0.41526628E+00   0.00000000E+00
 20.   55.   0.83348505E-01   0.48121282E-01  -0.41526628E+00   0.00000000E+00
 20.   56.   0.68053769E-01   0.68053769E-01  -0.41526628E+00   0.00000000E+00
 20.   57.   0.48121282E-01   0.83348504E-01  -0.41526628E+00   0.00000000E+00
 20.   58.   0.24909408E-01   0.92963177E-01  -0.41526628E+00   0.00000000E+00
 20.   59.   0.44123899E-09   0.96242563E-01  -0.41526628E+00   0.00000000E+00
 20.   60.  -0.24909408E-01   0.92963177E-01  -0.41526628E+00   0.00000000E+00
 20.   61.  -0.48121281E-01   0.83348505E-01  -0.41526628E+00   0.00000000E+00
 20.   62.  -0.68053768E-01   0.68053769E-01  -0.41526628E+00   0.00000000E+00
 20.   63.  -0.83348504E-01   0.48121282E-01  -0.41526628E+00   0.00000000E+00
 20.   64.  -0.92963177E-01   0.24909409E-01  -0.41526628E+00   0.00000000E+00
 20.   65.  -0.96242563E-01   0.00000000E+00  -0.41526628E+00   0.00000000E+00
 20.   66.  -0.96242563E-01   0.00000000E+00  -0.41526628E+00   0.00000000E+00
 20.   67.  -0.92963177E-01  -0.24909408E-01  -0.41526628E+00   0.00000000E+00
 20.   68.  -0.83348505E-01  -0.48121281E-01  -0.41526628E+00   0.00000000E+00
 20.   69.  -0.68053769E-01  -0.68053769E-01  -0.41526628E+00   0.00000000E+00
 20.   70.  -0.48121282E-01  -0.83348504E-01  -0.41526628E+00   0.00000000E+00
 20.   71.  -0.24909409E-01  -0.92963177E-01  -0.41526628E+00   0.00000000E+00
 20.   72.  -0.51035395E-09  -0.96242563E-01  -0.41526628E+00   0.00000000E+00
 20.   73.   0.24909408E-01  -0.92963177E-01  -0.41526628E+00   0.00000000E+00
 20.   74.   0.48121281E-01  -0.83348505E-01  -0.41526628E+00   0.00000000E+00
 20.   75.   0.68053768E-01  -0.68053770E-01  -0.41526628E+00   0.00000000E+00
 20.   76.   0.83348504E-01  -0.48121282E-01  -0.41526628E+00   0.00000000E+00
 20.   77.   0.92963177E-01  -0.24909409E-01  -0.41526628E+00   0.00000000E+00
 20.   78.   0.96242563E-01   0.00000000E+00  -0.41526628E+00   0.00000000E+00
 21.    1.  -0.30842994E-05   0.00000000E+00   0.58156052E-06   0.00000000E+00
 21.    2.   0.15976191E-05   0.24640646E-05  -0.41129467E-06   0.00000000E+00
 21.    3.   0.13905942E-05  -0.24085789E-05  -0.63562680E-10   0.00000000E+00
 21.    4.  -0.29327329E-05  -0.15155356E-06   0.41118989E-06   0.00000000E+00
 21.    5.   0.15421680E-05   0.26710831E-05  -0.58163577E-06   0.00000000E+00
 21.    6.   0.13351416E-05  -0.26155968E-05   0.41123370E-06   0.00000000E+00
 21.    7.  -0.27811784E-05   0.13338588E-10  -0.67879153E-11   0.00000000E+00
 21.    8.   0.13351349E-05   0.26156240E-05  -0.41125266E-06   0.00000000E+00
 21.    9.   0.15421598E-05  -0.26710709E-05   0.58159186E-06   0.00000000E+00
 21.   10.  -0.29327309E-05   0.15155158E-06  -0.41127329E-06   0.00000000E+00
 21.   11.   0.13906181E-05   0.24085801E-05  -0.39983729E-10   0.00000000E+00
 21.   12.   0.15976511E-05  -0.24640556E-05   0.41119100E-06   0.00000000E+00
 21.   13.  -0.30842681E-05   0.00000000E+00  -0.58166583E-06   0.00000000E+00
 21.   14.  -0.73811241E-03   0.00000000E+00   0.14662682E-02   0.00000000E+00
 21.   15.   0.35697130E-03   0.68432564E-03  -0.10368081E-02   0.00000000E+00
 21.   16.   0.40207280E-03  -0.69641051E-03  -0.14519744E-10   0.00000000E+00
 21.   17.  -0.77112902E-03   0.33016571E-04   0.10368081E-02   0.00000000E+00
 21.   18.   0.36905619E-03   0.63922412E-03  -0.14662681E-02   0.00000000E+00
 21.   19.   0.41415772E-03  -0.65130901E-03   0.10368081E-02   0.00000000E+00
 21.   20.  -0.80414561E-03  -0.19138350E-10   0.25053291E-10   0.00000000E+00
 21.   21.   0.41415769E-03   0.65130906E-03  -0.10368082E-02   0.00000000E+00
 21.   22.   0.36905627E-03  -0.63922408E-03   0.14662681E-02   0.00000000E+00
 21.   23.  -0.77112900E-03  -0.33016654E-04  -0.10368080E-02   0.00000000E+00
 21.   24.   0.40207277E-03   0.69641053E-03  -0.10684670E-09   0.00000000E+00
 21.   25.   0.35697138E-03  -0.68432559E-03   0.10368082E-02   0.00000000E+00
 21.   26.  -0.73811239E-03   0.00000000E+00  -0.14662681E-02   0.00000000E+00
 21.   27.  -0.12887139E-01   0.00000000E+00   0.45985005E-01   0.00000000E+00
 21.   28.   0.58339998E-02   0.13435535E-01  -0.32516309E-01   0.00000000E+00
 21.   29.   0.81089450E-02  -0.14045105E-01  -0.10875498E-09   0.00000000E+00
 21.   30.  -0.14552514E-01   0.16653752E-02   0.32516310E-01   0.00000000E+00
 21.   31.   0.64435692E-02   0.11160590E-01  -0.45985005E-01   0.00000000E+00
 21.   32.   0.87185150E-02  -0.11770159E-01   0.32516308E-01   0.00000000E+00
 21.   33.  -0.16217890E-01  -0.52206076E-09   0.22076126E-08   0.00000000E+00
 21.   34.   0.87185138E-02   0.11770160E-01  -0.32516311E-01   0.00000000E+00
 21.   35.   0.64435704E-02  -0.11160589E-01   0.45985005E-01   0.00000000E+00
 21.   36.  -0.14552515E-01  -0.16653763E-02  -0.32516307E-01   0.00000000E+00
 21.   37.   0.81089441E-02   0.14045105E-01  -0.41838524E-08   0.00000000E+00
 21.   38.   0.58340008E-02  -0.13435534E-01   0.32516312E-01   0.00000000E+00
 21.   39.  -0.12887139E-01   0.00000000E+00  -0.45985005E-01   0.00000000E+00
 21.   40.  -0.51394042E-01   0.00000000E+00   0.32411678E+00   0.00000000E+00
 21.   41.   0.19664307E-01   0.67022939E-01  -0.22918517E+00   0.00000000E+00
 21.   42.   0.42178701E-01  -0.73055653E-01  -0.10720483E-08   0.00000000E+00
 21.   43.  -0.67875721E-01   0.16481679E-01   0.22918518E+00   0.00000000E+00
 21.   44.   0.25697019E-01   0.44508547E-01  -0.32411678E+00   0.00000000E+00
 21.   45.   0.48211416E-01  -0.50541259E-01   0.22918517E+00   0.00000000E+00
 21.   46.  -0.84357402E-01  -0.19540557E-08   0.15260634E-07   0.00000000E+00
 21.   47.   0.48211410E-01   0.50541260E-01  -0.22918519E+00   0.00000000E+00
 21.   48.   0.25697026E-01  -0.44508543E-01   0.32411678E+00   0.00000000E+00
 21.   49.  -0.67875723E-01  -0.16481684E-01  -0.22918516E+00   0.00000000E+00
 21.   50.   0.42178698E-01   0.73055655E-01  -0.29447939E-07   0.00000000E+00
 21.   51.   0.19664311E-01  -0.67022935E-01   0.22918520E+00   0.00000000E+00
 21.   52.  -0.51394042E-01   0.00000000E+00  -0.32411678E+00   0.00000000E+00
 21.   53.  -0.10682257E+00   0.00000000E+00   0.99314836E+00   0.00000000E+00
 21.   54.   0.37853652E-01   0.15057293E+00  -0.70226194E+00   0.00000000E+00
 21.   55.   0.95915523E-01  -0.16613056E+00  -0.32049289E-08   0.00000000E+00
 21.   56.  -0.14932681E+00   0.42504236E-01   0.70226195E+00   0.00000000E+00
 21.   57.   0.53411280E-01   0.92511059E-01  -0.99314836E+00   0.00000000E+00
 21.   58.   0.11147316E+00  -0.10806869E+00   0.70226192E+00   0.00000000E+00
 21.   59.  -0.19183105E+00  -0.40240059E-08   0.46860765E-07   0.00000000E+00
 21.   60.   0.11147314E+00   0.10806869E+00  -0.70226199E+00   0.00000000E+00
 21.   61.   0.53411295E-01  -0.92511051E-01   0.99314836E+00   0.00000000E+00
 21.   62.  -0.14932681E+00  -0.42504248E-01  -0.70226189E+00   0.00000000E+00
 21.   63.   0.95915516E-01   0.16613056E+00  -0.89912094E-07   0.00000000E+00
 21.   64.   0.37853661E-01  -0.15057292E+00   0.70226200E+00   0.00000000E+00
 21.   65.  -0.10682257E+00   0.00000000E+00  -0.99314836E+00   0.00000000E+00
 21.   66.   0.10682257E+00   0.00000000E+00   0.99314836E+00   0.00000000E+00
 21.   67.  -0.37853652E-01  -0.15057293E+00  -0.70226194E+00   0.00000000E+00
 21.   68.  -0.95915523E-01   0.16613056E+00  -0.32050755E-08   0.00000000E+00
 21.   69.   0.14932681E+00  -0.42504236E-01   0.70226195E+00   0.00000000E+00
 21.   70.  -0.53411280E-01  -0.92511059E-01  -0.99314836E+00   0.00000000E+00
 21.   71.  -0.11147316E+00   0.10806869E+00   0.70226192E+00   0.00000000E+00
 21.   72.   0.19183105E+00   0.40684295E-08   0.46864824E-07   0.00000000E+00
 21.   73.  -0.11147314E+00  -0.10806869E+00  -0.70226199E+00   0.00000000E+00
 21.   74.  -0.53411295E-01   0.92511051E-01   0.99314836E+00   0.00000000E+00
 21.   75.   0.14932681E+00   0.42504248E-01  -0.70226189E+00   0.00000000E+00
 21.   76.  -0.95915516E-01  -0.16613056E+00  -0.89916936E-07   0.00000000E+00
 21.   77.  -0.37853661E-01   0.15057292E+00   0.70226200E+00   0.00000000E+00
 21.   78.   0.10682257E+00   0.00000000E+00  -0.99314836E+00   0.00000000E+00
 22.    1.  -0.76073982E+00   0.00000000E+00  -0.35917943E-01   0.00000000E+00
 22.    2.  -0.73302194E+00   0.19019005E+00  -0.31105851E-01   0.00000000E+00
 22.    3.  -0.65280946E+00   0.36995933E+00  -0.17958971E-01   0.00000000E+00
 22.    4.  -0.52810909E+00   0.52810909E+00  -0.17009721E-09   0.00000000E+00
 22.    5.  -0.36995933E+00   0.65280946E+00   0.17958971E-01   0.00000000E+00
 22.    6.  -0.19019005E+00   0.73302194E+00   0.31105851E-01   0.00000000E+00
 22.    7.  -0.38350624E-08   0.76073982E+00   0.35917943E-01   0.00000000E+00
 22.    8.   0.19019005E+00   0.73302194E+00   0.31105851E-01   0.00000000E+00
 22.    9.   0.36995932E+00   0.65280946E+00   0.17958972E-01   0.00000000E+00
 22.   10.   0.52810909E+00   0.52810910E+00   0.57271040E-09   0.00000000E+00
 22.   11.   0.65280945E+00   0.36995933E+00  -0.17958971E-01   0.00000000E+00
 22.   12.   0.73302193E+00   0.19019006E+00  -0.31105850E-01   0.00000000E+00
 22.   13.   0.76073982E+00   0.00000000E+00  -0.35917943E-01   0.00000000E+00
 22.   14.  -0.83246461E+00   0.00000000E+00  -0.64154957E-02   0.00000000E+00
 22.   15.  -0.77386366E+00   0.10261761E+00  -0.55559823E-02   0.00000000E+00
 22.   16.  -0.61976585E+00   0.24100132E+00  -0.32077478E-02   0.00000000E+00
 22.   17.  -0.42343202E+00   0.42343202E+00  -0.25216050E-10   0.00000000E+00
 22.   18.  -0.24100132E+00   0.61976585E+00   0.32077478E-02   0.00000000E+00
 22.   19.  -0.10261761E+00   0.77386366E+00   0.55559822E-02   0.00000000E+00
 22.   20.  -0.19112087E-08   0.83246461E+00   0.64154957E-02   0.00000000E+00
 22.   21.   0.10261760E+00   0.77386366E+00   0.55559822E-02   0.00000000E+00
 22.   22.   0.24100132E+00   0.61976585E+00   0.32077479E-02   0.00000000E+00
 22.   23.   0.42343201E+00   0.42343202E+00   0.91250377E-10   0.00000000E+00
 22.   24.   0.61976584E+00   0.24100133E+00  -0.32077477E-02   0.00000000E+00
 22.   25.   0.77386365E+00   0.10261761E+00  -0.55559821E-02   0.00000000E+00
 22.   26.   0.83246461E+00   0.00000000E+00  -0.64154956E-02   0.00000000E+00
 22.   27.  -0.92703725E+00   0.00000000E+00  -0.10390052E-02   0.00000000E+00
 22.   28.  -0.85496637E+00   0.88850835E-01  -0.89980487E-03   0.00000000E+00
 22.   29.  -0.66737955E+00   0.22889803E+00  -0.51950262E-03   0.00000000E+00
 22.   30.  -0.43431191E+00   0.43431191E+00  -0.19112323E-10   0.00000000E+00
 22.   31.  -0.22889803E+00   0.66737955E+00   0.51950260E-03   0.00000000E+00
 22.   32.  -0.88850836E-01   0.85496637E+00   0.89980489E-03   0.00000000E+00
 22.   33.  -0.15862342E-08   0.92703725E+00   0.10390052E-02   0.00000000E+00
 22.   34.   0.88850832E-01   0.85496638E+00   0.89980487E-03   0.00000000E+00
 22.   35.   0.22889803E+00   0.66737956E+00   0.51950261E-03   0.00000000E+00
 22.   36.   0.43431190E+00   0.43431192E+00   0.14236969E-10   0.00000000E+00
 22.   37.   0.66737954E+00   0.22889804E+00  -0.51950256E-03   0.00000000E+00
 22.   38.   0.85496637E+00   0.88850839E-01  -0.89980489E-03   0.00000000E+00
 22.   39.   0.92703725E+00   0.00000000E+00  -0.10390052E-02   0.00000000E+00
 22.   40.  -0.99125923E+00   0.00000000E+00   0.20175102E-02   0.00000000E+00
 22.   41.  -0.89279434E+00   0.15135788E-01   0.17472151E-02   0.00000000E+00
 22.   42.  -0.64200355E+00   0.12072353E+00   0.10087551E-02   0.00000000E+00
 22.   43.  -0.34746128E+00   0.34746128E+00   0.70454893E-12   0.00000000E+00
 22.   44.  -0.12072353E+00   0.64200354E+00  -0.10087551E-02   0.00000000E+00
 22.   45.  -0.15135788E-01   0.89279433E+00  -0.17472151E-02   0.00000000E+00
 22.   46.   0.46544431E-10   0.99125923E+00  -0.20175102E-02   0.00000000E+00
 22.   47.   0.15135786E-01   0.89279434E+00  -0.17472151E-02   0.00000000E+00
 22.   48.   0.12072353E+00   0.64200356E+00  -0.10087552E-02   0.00000000E+00
 22.   49.   0.34746127E+00   0.34746129E+00  -0.78580401E-11   0.00000000E+00
 22.   50.   0.64200354E+00   0.12072354E+00   0.10087551E-02   0.00000000E+00
 22.   51.   0.89279433E+00   0.15135790E-01   0.17472150E-02   0.00000000E+00
 22.   52.   0.99125923E+00   0.00000000E+00   0.20175102E-02   0.00000000E+00
 22.   53.  -0.99101010E+00   0.00000000E+00   0.48776733E-02   0.00000000E+00
 22.   54.  -0.85502345E+00  -0.12499347E+00   0.42241891E-02   0.00000000E+00
 22.   55.  -0.51620915E+00  -0.96909631E-01   0.24388367E-02   0.00000000E+00
 22.   56.  -0.14221605E+00   0.14221604E+00  -0.49562027E-11   0.00000000E+00
 22.   57.   0.96909629E-01   0.51620914E+00  -0.24388366E-02   0.00000000E+00
 22.   58.   0.12499347E+00   0.85502345E+00  -0.42241891E-02   0.00000000E+00
 22.   59.   0.30896071E-08   0.99101010E+00  -0.48776734E-02   0.00000000E+00
 22.   60.  -0.12499347E+00   0.85502346E+00  -0.42241891E-02   0.00000000E+00
 22.   61.  -0.96909635E-01   0.51620916E+00  -0.24388369E-02   0.00000000E+00
 22.   62.   0.14221603E+00   0.14221605E+00  -0.50289316E-10   0.00000000E+00
 22.   63.   0.51620913E+00  -0.96909626E-01   0.24388366E-02   0.00000000E+00
 22.   64.   0.85502344E+00  -0.12499347E+00   0.42241890E-02   0.00000000E+00
 22.   65.   0.99101010E+00   0.00000000E+00   0.48776736E-02   0.00000000E+00
 22.   66.  -0.99101010E+00   0.00000000E+00  -0.48776736E-02   0.00000000E+00
 22.   67.  -0.85502345E+00  -0.12499347E+00  -0.42241891E-02   0.00000000E+00
 22.   68.  -0.51620915E+00  -0.96909631E-01  -0.24388367E-02   0.00000000E+00
 22.   69.  -0.14221605E+00   0.14221604E+00  -0.60608506E-10   0.00000000E+00
 22.   70.   0.96909629E-01   0.51620914E+00   0.24388368E-02   0.00000000E+00
 22.   71.   0.12499347E+00   0.85502345E+00   0.42241890E-02   0.00000000E+00
 22.   72.   0.30610715E-08   0.99101010E+00   0.48776735E-02   0.00000000E+00
 22.   73.  -0.12499347E+00   0.85502346E+00   0.42241892E-02   0.00000000E+00
 22.   74.  -0.96909635E-01   0.51620916E+00   0.24388367E-02   0.00000000E+00
 22.   75.   0.14221603E+00   0.14221605E+00   0.11083938E-09   0.00000000E+00
 22.   76.   0.51620913E+00  -0.96909626E-01  -0.24388366E-02   0.00000000E+00
 22.   77.   0.85502344E+00  -0.12499347E+00  -0.42241891E-02   0.00000000E+00
 22.   78.   0.99101010E+00   0.00000000E+00  -0.48776733E-02   0.00000000E+00
 23.    1.   0.70658130E-01   0.00000000E+00  -0.30429036E+00   0.00000000E+00
 23.    2.   0.72414148E-01  -0.77211678E-01  -0.21516578E+00   0.00000000E+00
 23.    3.   0.65989266E-01  -0.11429676E+00  -0.88462892E-09   0.00000000E+00
 23.    4.   0.30660202E-01  -0.10131833E+00   0.21516578E+00   0.00000000E+00
 23.    5.  -0.35329064E-01  -0.61191736E-01   0.30429036E+00   0.00000000E+00
 23.    6.  -0.10307435E+00  -0.24106653E-01   0.21516578E+00   0.00000000E+00
 23.    7.  -0.13197853E+00  -0.17056914E-09   0.54820238E-08   0.00000000E+00
 23.    8.  -0.10307435E+00   0.24106652E-01  -0.21516577E+00   0.00000000E+00
 23.    9.  -0.35329067E-01   0.61191734E-01  -0.30429036E+00   0.00000000E+00
 23.   10.   0.30660199E-01   0.10131833E+00  -0.21516578E+00   0.00000000E+00
 23.   11.   0.65989265E-01   0.11429676E+00  -0.86538542E-08   0.00000000E+00
 23.   12.   0.72414148E-01   0.77211680E-01   0.21516577E+00   0.00000000E+00
 23.   13.   0.70658130E-01   0.00000000E+00   0.30429036E+00   0.00000000E+00
 23.   14.   0.17461447E-01   0.00000000E+00  -0.97955672E+00   0.00000000E+00
 23.   15.   0.44627457E-01  -0.11884638E+00  -0.69265120E+00   0.00000000E+00
 23.   16.   0.89340975E-01  -0.15474311E+00  -0.97960956E-09   0.00000000E+00
 23.   17.   0.80610253E-01  -0.98071700E-01   0.69265119E+00   0.00000000E+00
 23.   18.  -0.87307222E-02  -0.15122057E-01   0.97955672E+00   0.00000000E+00
 23.   19.  -0.12523771E+00   0.20774677E-01   0.69265120E+00   0.00000000E+00
 23.   20.  -0.17868195E+00   0.58800456E-09   0.15052710E-07   0.00000000E+00
 23.   21.  -0.12523771E+00  -0.20774677E-01  -0.69265118E+00   0.00000000E+00
 23.   22.  -0.87307267E-02   0.15122054E-01  -0.97955672E+00   0.00000000E+00
 23.   23.   0.80610251E-01   0.98071696E-01  -0.69265121E+00   0.00000000E+00
 23.   24.   0.89340977E-01   0.15474311E+00  -0.29665048E-07   0.00000000E+00
 23.   25.   0.44627458E-01   0.11884638E+00   0.69265118E+00   0.00000000E+00
 23.   26.   0.17461447E-01   0.00000000E+00   0.97955672E+00   0.00000000E+00
 23.   27.  -0.16145107E+00   0.00000000E+00  -0.12779597E+00   0.00000000E+00
 23.   28.  -0.10752480E+00  -0.39804512E-01  -0.90365400E-01   0.00000000E+00
 23.   29.   0.75085837E-02  -0.13005249E-01  -0.54916848E-10   0.00000000E+00
 23.   30.   0.88234116E-01   0.73216948E-01   0.90365400E-01   0.00000000E+00
 23.   31.   0.80725533E-01   0.13982072E+00   0.12779597E+00   0.00000000E+00
 23.   32.   0.19290680E-01   0.11302146E+00   0.90365401E-01   0.00000000E+00
 23.   33.  -0.15017168E-01   0.26587953E-08   0.21971549E-08   0.00000000E+00
 23.   34.   0.19290678E-01  -0.11302146E+00  -0.90365398E-01   0.00000000E+00
 23.   35.   0.80725532E-01  -0.13982073E+00  -0.12779597E+00   0.00000000E+00
 23.   36.   0.88234118E-01  -0.73216952E-01  -0.90365402E-01   0.00000000E+00
 23.   37.   0.75085879E-02   0.13005246E-01  -0.40156806E-08   0.00000000E+00
 23.   38.  -0.10752479E+00   0.39804512E-01   0.90365397E-01   0.00000000E+00
 23.   39.  -0.16145107E+00   0.00000000E+00   0.12779597E+00   0.00000000E+00
 23.   40.   0.59612113E-01   0.00000000E+00   0.56827065E+00   0.00000000E+00
 23.   41.   0.31764343E-01   0.44317179E-01   0.40182803E+00   0.00000000E+00
 23.   42.  -0.24455918E-01   0.42358892E-01   0.38398509E-09   0.00000000E+00
 23.   43.  -0.54261974E-01  -0.53501380E-02  -0.40182803E+00   0.00000000E+00
 23.   44.  -0.29806057E-01  -0.51625604E-01  -0.56827065E+00   0.00000000E+00
 23.   45.   0.22497631E-01  -0.49667318E-01  -0.40182804E+00   0.00000000E+00
 23.   46.   0.48911835E-01  -0.10859824E-08  -0.88873739E-08   0.00000000E+00
 23.   47.   0.22497632E-01   0.49667316E-01   0.40182802E+00   0.00000000E+00
 23.   48.  -0.29806055E-01   0.51625605E-01   0.56827065E+00   0.00000000E+00
 23.   49.  -0.54261974E-01   0.53501402E-02   0.40182804E+00   0.00000000E+00
 23.   50.  -0.24455920E-01  -0.42358891E-01   0.17388287E-07   0.00000000E+00
 23.   51.   0.31764341E-01  -0.44317180E-01  -0.40182802E+00   0.00000000E+00
 23.   52.   0.59612113E-01   0.00000000E+00  -0.56827065E+00   0.00000000E+00
 23.   53.   0.18617816E+00   0.00000000E+00  -0.79826042E+00   0.00000000E+00
 23.   54.   0.13561742E+00   0.25170813E-02  -0.56445536E+00   0.00000000E+00
 23.   55.   0.23100513E-01  -0.40011262E-01  -0.71045667E-09   0.00000000E+00
 23.   56.  -0.69988568E-01  -0.11618959E+00   0.56445535E+00   0.00000000E+00
 23.   57.  -0.93089082E-01  -0.16123502E+00   0.79826042E+00   0.00000000E+00
 23.   58.  -0.65628856E-01  -0.11870668E+00   0.56445536E+00   0.00000000E+00
 23.   59.  -0.46201026E-01  -0.25783438E-08   0.12848485E-07   0.00000000E+00
 23.   60.  -0.65628855E-01   0.11870667E+00  -0.56445534E+00   0.00000000E+00
 23.   61.  -0.93089081E-01   0.16123502E+00  -0.79826042E+00   0.00000000E+00
 23.   62.  -0.69988570E-01   0.11618960E+00  -0.56445537E+00   0.00000000E+00
 23.   63.   0.23100508E-01   0.40011265E-01  -0.24410357E-07   0.00000000E+00
 23.   64.   0.13561742E+00  -0.25170807E-02   0.56445534E+00   0.00000000E+00
 23.   65.   0.18617816E+00   0.00000000E+00   0.79826042E+00   0.00000000E+00
 23.   66.  -0.18617816E+00   0.00000000E+00  -0.79826042E+00   0.00000000E+00
 23.   67.  -0.13561742E+00  -0.25170814E-02  -0.56445536E+00   0.00000000E+00
 23.   68.  -0.23100513E-01   0.40011262E-01  -0.72506849E-09   0.00000000E+00
 23.   69.   0.69988568E-01   0.11618959E+00   0.56445535E+00   0.00000000E+00
 23.   70.   0.93089082E-01   0.16123502E+00   0.79826042E+00   0.00000000E+00
 23.   71.   0.65628856E-01   0.11870668E+00   0.56445536E+00   0.00000000E+00
 23.   72.   0.46201026E-01   0.27704426E-08   0.12876059E-07   0.00000000E+00
 23.   73.   0.65628855E-01  -0.11870667E+00  -0.56445534E+00   0.00000000E+00
 23.   74.   0.93089081E-01  -0.16123502E+00  -0.79826042E+00   0.00000000E+00
 23.   75.   0.69988571E-01  -0.11618960E+00  -0.56445537E+00   0.00000000E+00
 23.   76.  -0.23100508E-01  -0.40011264E-01  -0.24452670E-07   0.00000000E+00
 23.   77.  -0.13561742E+00   0.25170807E-02   0.56445534E+00   0.00000000E+00
 23.   78.  -0.18617816E+00   0.00000000E+00   0.79826042E+00   0.00000000E+00
 24.    1.  -0.14028341E+00   0.00000000E+00  -0.99368164E+00   0.00000000E+00
 24.    2.  -0.12357186E+00  -0.62368332E-01  -0.95982275E+00   0.00000000E+00
 24.    3.  -0.77915076E-01  -0.10802512E+00  -0.86055354E+00   0.00000000E+00
 24.    4.  -0.15546745E-01  -0.12473666E+00  -0.70263902E+00   0.00000000E+00
 24.    5.   0.46821588E-01  -0.10802512E+00  -0.49684082E+00   0.00000000E+00
 24.    6.   0.92478376E-01  -0.62368333E-01  -0.25718373E+00   0.00000000E+00
 24.    7.   0.10918992E+00  -0.14235975E-08  -0.55335937E-08   0.00000000E+00
 24.    8.   0.92478378E-01   0.62368331E-01   0.25718372E+00   0.00000000E+00
 24.    9.   0.46821590E-01   0.10802512E+00   0.49684081E+00   0.00000000E+00
 24.   10.  -0.15546742E-01   0.12473666E+00   0.70263902E+00   0.00000000E+00
 24.   11.  -0.77915074E-01   0.10802512E+00   0.86055353E+00   0.00000000E+00
 24.   12.  -0.12357186E+00   0.62368335E-01   0.95982275E+00   0.00000000E+00
 24.   13.  -0.14028341E+00   0.00000000E+00   0.99368164E+00   0.00000000E+00
 24.   14.  -0.95534699E-01   0.00000000E+00   0.17509744E+00   0.00000000E+00
 24.   15.  -0.89844055E-01  -0.21237773E-01   0.16913114E+00   0.00000000E+00
 24.   16.  -0.74296927E-01  -0.36784901E-01   0.15163883E+00   0.00000000E+00
 24.   17.  -0.53059154E-01  -0.42475545E-01   0.12381259E+00   0.00000000E+00
 24.   18.  -0.31821382E-01  -0.36784901E-01   0.87548719E-01   0.00000000E+00
 24.   19.  -0.16274253E-01  -0.21237773E-01   0.45318552E-01   0.00000000E+00
 24.   20.  -0.10583609E-01  -0.41089041E-09   0.10196501E-08   0.00000000E+00
 24.   21.  -0.16274253E-01   0.21237772E-01  -0.45318550E-01   0.00000000E+00
 24.   22.  -0.31821381E-01   0.36784901E-01  -0.87548717E-01   0.00000000E+00
 24.   23.  -0.53059153E-01   0.42475545E-01  -0.12381258E+00   0.00000000E+00
 24.   24.  -0.74296926E-01   0.36784901E-01  -0.15163883E+00   0.00000000E+00
 24.   25.  -0.89844054E-01   0.21237773E-01  -0.16913114E+00   0.00000000E+00
 24.   26.  -0.95534699E-01   0.00000000E+00  -0.17509744E+00   0.00000000E+00
 24.   27.   0.76612448E-01   0.00000000E+00   0.17962667E+00   0.00000000E+00
 24.   28.   0.71009938E-01   0.20908851E-01   0.17350604E+00   0.00000000E+00
 24.   29.   0.55703597E-01   0.36215193E-01   0.15556126E+00   0.00000000E+00
 24.   30.   0.34794745E-01   0.41817703E-01   0.12701524E+00   0.00000000E+00
 24.   31.   0.13885894E-01   0.36215193E-01   0.89813335E-01   0.00000000E+00
 24.   32.  -0.14204476E-02   0.20908852E-01   0.46490803E-01   0.00000000E+00
 24.   33.  -0.70229576E-02   0.40364054E-09   0.85362196E-09   0.00000000E+00
 24.   34.  -0.14204480E-02  -0.20908851E-01  -0.46490802E-01   0.00000000E+00
 24.   35.   0.13885893E-01  -0.36215193E-01  -0.89813333E-01   0.00000000E+00
 24.   36.   0.34794744E-01  -0.41817703E-01  -0.12701524E+00   0.00000000E+00
 24.   37.   0.55703596E-01  -0.36215193E-01  -0.15556126E+00   0.00000000E+00
 24.   38.   0.71009938E-01  -0.20908852E-01  -0.17350604E+00   0.00000000E+00
 24.   39.   0.76612448E-01   0.00000000E+00  -0.17962667E+00   0.00000000E+00
 24.   40.  -0.18008040E-01   0.00000000E+00  -0.27898687E+00   0.00000000E+00
 24.   41.  -0.16266060E-01  -0.65011581E-02  -0.26948062E+00   0.00000000E+00
 24.   42.  -0.11506882E-01  -0.11260336E-01  -0.24160971E+00   0.00000000E+00
 24.   43.  -0.50057244E-02  -0.13002316E-01  -0.19727350E+00   0.00000000E+00
 24.   44.   0.14954336E-02  -0.11260336E-01  -0.13949343E+00   0.00000000E+00
 24.   45.   0.62546116E-02  -0.65011581E-02  -0.72207115E-01   0.00000000E+00
 24.   46.   0.79965918E-02  -0.18861575E-09  -0.14463833E-08   0.00000000E+00
 24.   47.   0.62546118E-02   0.65011579E-02   0.72207112E-01   0.00000000E+00
 24.   48.   0.14954339E-02   0.11260336E-01   0.13949343E+00   0.00000000E+00
 24.   49.  -0.50057241E-02   0.13002316E-01   0.19727350E+00   0.00000000E+00
 24.   50.  -0.11506882E-01   0.11260336E-01   0.24160971E+00   0.00000000E+00
 24.   51.  -0.16266060E-01   0.65011583E-02   0.26948062E+00   0.00000000E+00
 24.   52.  -0.18008041E-01   0.00000000E+00   0.27898687E+00   0.00000000E+00
 24.   53.  -0.95327883E-01   0.00000000E+00   0.38612101E+00   0.00000000E+00
 24.   54.  -0.89434996E-01  -0.21992555E-01   0.37296425E+00   0.00000000E+00
 24.   55.  -0.73335328E-01  -0.38092222E-01   0.33439060E+00   0.00000000E+00
 24.   56.  -0.51342774E-01  -0.43985109E-01   0.27302878E+00   0.00000000E+00
 24.   57.  -0.29350219E-01  -0.38092222E-01   0.19306050E+00   0.00000000E+00
 24.   58.  -0.13250552E-01  -0.21992555E-01   0.99935472E-01   0.00000000E+00
 24.   59.  -0.73576648E-02  -0.52606434E-09   0.19806172E-08   0.00000000E+00
 24.   60.  -0.13250552E-01   0.21992554E-01  -0.99935468E-01   0.00000000E+00
 24.   61.  -0.29350219E-01   0.38092221E-01  -0.19306050E+00   0.00000000E+00
 24.   62.  -0.51342773E-01   0.43985109E-01  -0.27302878E+00   0.00000000E+00
 24.   63.  -0.73335327E-01   0.38092222E-01  -0.33439060E+00   0.00000000E+00
 24.   64.  -0.89434995E-01   0.21992555E-01  -0.37296425E+00   0.00000000E+00
 24.   65.  -0.95327883E-01   0.00000000E+00  -0.38612101E+00   0.00000000E+00
 24.   66.   0.95327883E-01   0.00000000E+00   0.38612101E+00   0.00000000E+00
 24.   67.   0.89434996E-01   0.21992555E-01   0.37296425E+00   0.00000000E+00
 24.   68.   0.73335328E-01   0.38092222E-01   0.33439060E+00   0.00000000E+00
 24.   69.   0.51342774E-01   0.43985109E-01   0.27302878E+00   0.00000000E+00
 24.   70.   0.29350220E-01   0.38092222E-01   0.19306050E+00   0.00000000E+00
 24.   71.   0.13250552E-01   0.21992555E-01   0.99935471E-01   0.00000000E+00
 24.   72.   0.73576647E-02   0.43108733E-09   0.19593943E-08   0.00000000E+00
 24.   73.   0.13250552E-01  -0.21992554E-01  -0.99935468E-01   0.00000000E+00
 24.   74.   0.29350219E-01  -0.38092221E-01  -0.19306050E+00   0.00000000E+00
 24.   75.   0.51342773E-01  -0.43985109E-01  -0.27302878E+00   0.00000000E+00
 24.   76.   0.73335327E-01  -0.38092222E-01  -0.33439060E+00   0.00000000E+00
 24.   77.   0.89434995E-01  -0.21992555E-01  -0.37296425E+00   0.00000000E+00
 24.   78.   0.95327883E-01   0.00000000E+00  -0.38612101E+00   0.00000000E+00
