mode k UX UY UZ VOLT
  1.    1.   0.20019032E-01   0.00000000E+00  -0.16349503E+00   0.00000000E+00
  1.    2.   0.20019032E-01   0.15417511E-11  -0.15783144E+00   0.00000000E+00
  1.    3.   0.20019032E-01   0.30931825E-11  -0.14122663E+00   0.00000000E+00
  1.    4.   0.20019032E-01   0.45429448E-11  -0.11481220E+00   0.00000000E+00
  1.    5.   0.20019032E-01   0.57040092E-11  -0.80388239E-01   0.00000000E+00
  1.    6.   0.20019032E-01   0.64706268E-11  -0.40300690E-01   0.00000000E+00
  1.    7.   0.20019032E-01   0.67872959E-11   0.27185480E-02   0.00000000E+00
  1.    8.   0.20019032E-01   0.66516774E-11   0.45737786E-01   0.00000000E+00
  1.    9.   0.20019032E-01   0.60674760E-11   0.85825335E-01   0.00000000E+00
  1.   10.   0.20019032E-01   0.50434115E-11   0.12024929E+00   0.00000000E+00
  1.   11.   0.20019032E-01   0.36247323E-11   0.14666373E+00   0.00000000E+00
  1.   12.   0.20019032E-01   0.18972057E-11   0.16326853E+00   0.00000000E+00
  1.   13.   0.20019032E-01   0.00000000E+00   0.16893212E+00   0.00000000E+00
  1.   14.   0.20019032E-01   0.00000000E+00  -0.37126199E+00   0.00000000E+00
  1.   15.   0.20019032E-01   0.17826977E-12  -0.35851892E+00   0.00000000E+00
  1.   16.   0.20019032E-01   0.12956043E-11  -0.32115810E+00   0.00000000E+00
  1.   17.   0.20019032E-01   0.33331479E-11  -0.26172563E+00   0.00000000E+00
  1.   18.   0.20019032E-01   0.57575365E-11  -0.18427172E+00   0.00000000E+00
  1.   19.   0.20019032E-01   0.81383861E-11  -0.94074739E-01   0.00000000E+00
  1.   20.   0.20019032E-01   0.10220227E-10   0.27185468E-02   0.00000000E+00
  1.   21.   0.20019032E-01   0.11836854E-10   0.99511833E-01   0.00000000E+00
  1.   22.   0.20019032E-01   0.12648229E-10   0.18970882E+00   0.00000000E+00
  1.   23.   0.20019032E-01   0.12132675E-10   0.26716273E+00   0.00000000E+00
  1.   24.   0.20019032E-01   0.98089414E-11   0.32659520E+00   0.00000000E+00
  1.   25.   0.20019032E-01   0.56232062E-11   0.36395601E+00   0.00000000E+00
  1.   26.   0.20019032E-01   0.00000000E+00   0.37669909E+00   0.00000000E+00
  1.   27.   0.20019032E-01   0.00000000E+00  -0.57902896E+00   0.00000000E+00
  1.   28.   0.20019032E-01  -0.28091321E-11  -0.55920640E+00   0.00000000E+00
  1.   29.   0.20019032E-01  -0.22943031E-11  -0.50108958E+00   0.00000000E+00
  1.   30.   0.20019032E-01   0.96055629E-12  -0.40863906E+00   0.00000000E+00
  1.   31.   0.20019032E-01   0.54455220E-11  -0.28815521E+00   0.00000000E+00
  1.   32.   0.20019032E-01   0.99215898E-11  -0.14784879E+00   0.00000000E+00
  1.   33.   0.20019032E-01   0.13853784E-10   0.27185456E-02   0.00000000E+00
  1.   34.   0.20019032E-01   0.17351052E-10   0.15328588E+00   0.00000000E+00
  1.   35.   0.20019032E-01   0.20286389E-10   0.29359230E+00   0.00000000E+00
  1.   36.   0.20019032E-01   0.20926152E-10   0.41407616E+00   0.00000000E+00
  1.   37.   0.20019032E-01   0.17718664E-10   0.50652667E+00   0.00000000E+00
  1.   38.   0.20019032E-01   0.10557963E-10   0.56464349E+00   0.00000000E+00
  1.   39.   0.20019032E-01   0.00000000E+00   0.58446606E+00   0.00000000E+00
  1.   40.   0.20019032E-01   0.00000000E+00  -0.78679593E+00   0.00000000E+00
  1.   41.   0.20019032E-01  -0.80261165E-11  -0.75989388E+00   0.00000000E+00
  1.   42.   0.20019032E-01  -0.77334123E-11  -0.68102105E+00   0.00000000E+00
  1.   43.   0.20019032E-01  -0.20985863E-11  -0.55555250E+00   0.00000000E+00
  1.   44.   0.20019032E-01   0.49087715E-11  -0.39203869E+00   0.00000000E+00
  1.   45.   0.20019032E-01   0.11337588E-10  -0.20162284E+00   0.00000000E+00
  1.   46.   0.20019032E-01   0.16603418E-10   0.27185443E-02   0.00000000E+00
  1.   47.   0.20019032E-01   0.21796576E-10   0.20705993E+00   0.00000000E+00
  1.   48.   0.20019032E-01   0.27554073E-10   0.39747578E+00   0.00000000E+00
  1.   49.   0.20019032E-01   0.31440043E-10   0.56098959E+00   0.00000000E+00
  1.   50.   0.20019032E-01   0.28607409E-10   0.68645814E+00   0.00000000E+00
  1.   51.   0.20019032E-01   0.17910166E-10   0.76533097E+00   0.00000000E+00
  1.   52.   0.20019032E-01   0.00000000E+00   0.79223303E+00   0.00000000E+00
  1.   53.   0.20019032E-01   0.00000000E+00  -0.99456290E+00   0.00000000E+00
  1.   54.   0.20019032E-01  -0.13214293E-10  -0.96058136E+00   0.00000000E+00
  1.   55.   0.20019032E-01  -0.11716653E-10  -0.86095252E+00   0.00000000E+00
  1.   56.   0.20019032E-01  -0.36413843E-11  -0.70246593E+00   0.00000000E+00
  1.   57.   0.20019032E-01   0.49711393E-11  -0.49592218E+00   0.00000000E+00
  1.   58.   0.20019032E-01   0.12283409E-10  -0.25539689E+00   0.00000000E+00
  1.   59.   0.20019032E-01   0.18038894E-10   0.27185430E-02   0.00000000E+00
  1.   60.   0.20019032E-01   0.23999155E-10   0.26083397E+00   0.00000000E+00
  1.   61.   0.20019032E-01   0.31685979E-10   0.50135927E+00   0.00000000E+00
  1.   62.   0.20019032E-01   0.38617680E-10   0.70790302E+00   0.00000000E+00
  1.   63.   0.20019032E-01   0.37042265E-10   0.86638961E+00   0.00000000E+00
  1.   64.   0.20019032E-01   0.25566101E-10   0.96601846E+00   0.00000000E+00
  1.   65.   0.20019032E-01   0.00000000E+00   0.10000000E+01   0.00000000E+00
  1.   66.  -0.18764136E-01   0.00000000E+00  -0.99456290E+00   0.00000000E+00
  1.   67.  -0.18764136E-01   0.13224764E-10  -0.96058136E+00   0.00000000E+00
  1.   68.  -0.18764136E-01   0.11702064E-10  -0.86095252E+00   0.00000000E+00
  1.   69.  -0.18764136E-01   0.36220184E-11  -0.70246593E+00   0.00000000E+00
  1.   70.  -0.18764136E-01  -0.50007397E-11  -0.49592218E+00   0.00000000E+00
  1.   71.  -0.18764136E-01  -0.12294970E-10  -0.25539689E+00   0.00000000E+00
  1.   72.  -0.18764136E-01  -0.18043599E-10   0.27185430E-02   0.00000000E+00
  1.   73.  -0.18764136E-01  -0.24005839E-10   0.26083397E+00   0.00000000E+00
  1.   74.  -0.18764136E-01  -0.31706448E-10   0.50135927E+00   0.00000000E+00
  1.   75.  -0.18764136E-01  -0.38623794E-10   0.70790302E+00   0.00000000E+00
  1.   76.  -0.18764136E-01  -0.37039113E-10   0.86638961E+00   0.00000000E+00
  1.   77.  -0.18764136E-01  -0.25583093E-10   0.96601846E+00   0.00000000E+00
  1.   78.  -0.18764136E-01   0.00000000E+00   0.10000000E+01   0.00000000E+00
  2.    1.   0.20793955E-01   0.00000000E+00   0.99121368E+00   0.00000000E+00
  2.    2.   0.20793955E-01  -0.45243001E-11   0.99115381E+00   0.00000000E+00
  2.    3.   0.20793955E-01  -0.91008144E-11   0.99097826E+00   0.00000000E+00
  2.    4.   0.20793955E-01  -0.13236792E-10   0.99069899E+00   0.00000000E+00
  2.    5.   0.20793955E-01  -0.15945767E-10   0.99033505E+00   0.00000000E+00
  2.    6.   0.20793955E-01  -0.16727422E-10   0.98991123E+00   0.00000000E+00
  2.    7.   0.20793955E-01  -0.15367855E-10   0.98945642E+00   0.00000000E+00
  2.    8.   0.20793955E-01  -0.12623676E-10   0.98900161E+00   0.00000000E+00
  2.    9.   0.20793955E-01  -0.93448888E-11   0.98857779E+00   0.00000000E+00
  2.   10.   0.20793955E-01  -0.61881871E-11   0.98821385E+00   0.00000000E+00
  2.   11.   0.20793955E-01  -0.35755570E-11   0.98793459E+00   0.00000000E+00
  2.   12.   0.20793955E-01  -0.16008519E-11   0.98775904E+00   0.00000000E+00
  2.   13.   0.20793955E-01   0.00000000E+00   0.98769916E+00   0.00000000E+00
  2.   14.   0.20793955E-01   0.00000000E+00   0.99341026E+00   0.00000000E+00
  2.   15.   0.20793955E-01   0.36125661E-11   0.99327554E+00   0.00000000E+00
  2.   16.   0.20793955E-01   0.48801374E-11   0.99288055E+00   0.00000000E+00
  2.   17.   0.20793955E-01   0.37667097E-11   0.99225221E+00   0.00000000E+00
  2.   18.   0.20793955E-01   0.18309026E-11   0.99143334E+00   0.00000000E+00
  2.   19.   0.20793955E-01   0.81869541E-12   0.99047975E+00   0.00000000E+00
  2.   20.   0.20793955E-01   0.21074895E-11   0.98945642E+00   0.00000000E+00
  2.   21.   0.20793955E-01   0.55915247E-11   0.98843309E+00   0.00000000E+00
  2.   22.   0.20793955E-01   0.94904434E-11   0.98747950E+00   0.00000000E+00
  2.   23.   0.20793955E-01   0.11892338E-10   0.98666064E+00   0.00000000E+00
  2.   24.   0.20793955E-01   0.11132171E-10   0.98603230E+00   0.00000000E+00
  2.   25.   0.20793955E-01   0.69754693E-11   0.98563731E+00   0.00000000E+00
  2.   26.   0.20793955E-01   0.00000000E+00   0.98550258E+00   0.00000000E+00
  2.   27.   0.20793955E-01   0.00000000E+00   0.99560684E+00   0.00000000E+00
  2.   28.   0.20793955E-01   0.10733156E-10   0.99539727E+00   0.00000000E+00
  2.   29.   0.20793955E-01   0.15866742E-10   0.99478284E+00   0.00000000E+00
  2.   30.   0.20793955E-01   0.15889090E-10   0.99380543E+00   0.00000000E+00
  2.   31.   0.20793955E-01   0.13422621E-10   0.99253163E+00   0.00000000E+00
  2.   32.   0.20793955E-01   0.11470073E-10   0.99104827E+00   0.00000000E+00
  2.   33.   0.20793955E-01   0.12560364E-10   0.98945642E+00   0.00000000E+00
  2.   34.   0.20793955E-01   0.18110518E-10   0.98786458E+00   0.00000000E+00
  2.   35.   0.20793955E-01   0.25483646E-10   0.98638121E+00   0.00000000E+00
  2.   36.   0.20793955E-01   0.28808829E-10   0.98510742E+00   0.00000000E+00
  2.   37.   0.20793955E-01   0.25304007E-10   0.98413001E+00   0.00000000E+00
  2.   38.   0.20793955E-01   0.15381865E-10   0.98351558E+00   0.00000000E+00
  2.   39.   0.20793955E-01   0.00000000E+00   0.98330601E+00   0.00000000E+00
  2.   40.   0.20793955E-01   0.00000000E+00   0.99780342E+00   0.00000000E+00
  2.   41.   0.20793955E-01   0.20383449E-10   0.99751900E+00   0.00000000E+00
  2.   42.   0.20793955E-01   0.29329677E-10   0.99668513E+00   0.00000000E+00
  2.   43.   0.20793955E-01   0.29167788E-10   0.99535864E+00   0.00000000E+00
  2.   44.   0.20793955E-01   0.25175119E-10   0.99362992E+00   0.00000000E+00
  2.   45.   0.20793955E-01   0.22785523E-10   0.99161678E+00   0.00000000E+00
  2.   46.   0.20793955E-01   0.27069715E-10   0.98945642E+00   0.00000000E+00
  2.   47.   0.20793955E-01   0.34512576E-10   0.98729606E+00   0.00000000E+00
  2.   48.   0.20793955E-01   0.44374450E-10   0.98528292E+00   0.00000000E+00
  2.   49.   0.20793955E-01   0.50739493E-10   0.98355421E+00   0.00000000E+00
  2.   50.   0.20793955E-01   0.44894398E-10   0.98222771E+00   0.00000000E+00
  2.   51.   0.20793955E-01   0.27225289E-10   0.98139385E+00   0.00000000E+00
  2.   52.   0.20793955E-01   0.00000000E+00   0.98110943E+00   0.00000000E+00
  2.   53.   0.20793955E-01   0.00000000E+00   0.10000000E+01   0.00000000E+00
  2.   54.   0.20793955E-01   0.29211841E-10   0.99964074E+00   0.00000000E+00
  2.   55.   0.20793955E-01   0.39491390E-10   0.99858743E+00   0.00000000E+00
  2.   56.   0.20793955E-01   0.38358617E-10   0.99691186E+00   0.00000000E+00
  2.   57.   0.20793955E-01   0.33664092E-10   0.99472821E+00   0.00000000E+00
  2.   58.   0.20793955E-01   0.31572189E-10   0.99218530E+00   0.00000000E+00
  2.   59.   0.20793955E-01   0.37684519E-10   0.98945642E+00   0.00000000E+00
  2.   60.   0.20793955E-01   0.46105422E-10   0.98672754E+00   0.00000000E+00
  2.   61.   0.20793955E-01   0.57850447E-10   0.98418464E+00   0.00000000E+00
  2.   62.   0.20793955E-01   0.66931520E-10   0.98200099E+00   0.00000000E+00
  2.   63.   0.20793955E-01   0.60345400E-10   0.98032542E+00   0.00000000E+00
  2.   64.   0.20793955E-01   0.38759715E-10   0.97927212E+00   0.00000000E+00
  2.   65.   0.20793955E-01   0.00000000E+00   0.97891285E+00   0.00000000E+00
  2.   66.   0.21203983E-01   0.00000000E+00   0.10000000E+01   0.00000000E+00
  2.   67.   0.21203983E-01  -0.29213857E-10   0.99964074E+00   0.00000000E+00
  2.   68.   0.21203983E-01  -0.39479497E-10   0.99858743E+00   0.00000000E+00
  2.   69.   0.21203983E-01  -0.38337320E-10   0.99691186E+00   0.00000000E+00
  2.   70.   0.21203983E-01  -0.33603347E-10   0.99472821E+00   0.00000000E+00
  2.   71.   0.21203983E-01  -0.31517831E-10   0.99218530E+00   0.00000000E+00
  2.   72.   0.21203983E-01  -0.37622871E-10   0.98945642E+00   0.00000000E+00
  2.   73.   0.21203983E-01  -0.46068420E-10   0.98672754E+00   0.00000000E+00
  2.   74.   0.21203983E-01  -0.57858541E-10   0.98418464E+00   0.00000000E+00
  2.   75.   0.21203983E-01  -0.66919354E-10   0.98200099E+00   0.00000000E+00
  2.   76.   0.21203983E-01  -0.60332855E-10   0.98032542E+00   0.00000000E+00
  2.   77.   0.21203983E-01  -0.38779753E-10   0.97927212E+00   0.00000000E+00
  2.   78.   0.21203983E-01   0.00000000E+00   0.97891285E+00   0.00000000E+00
  3.    1.   0.99991358E+00   0.00000000E+00  -0.20857533E-01   0.00000000E+00
  3.    2.   0.99991358E+00  -0.38653089E-13  -0.20870153E-01   0.00000000E+00
  3.    3.   0.99991358E+00  -0.41342180E-13  -0.20907153E-01   0.00000000E+00
  3.    4.   0.99991358E+00   0.13428332E-13  -0.20966012E-01   0.00000000E+00
  3.    5.   0.99991358E+00   0.68638201E-13  -0.21042718E-01   0.00000000E+00
  3.    6.   0.99991358E+00   0.10771882E-12  -0.21132044E-01   0.00000000E+00
  3.    7.   0.99991358E+00   0.12307123E-12  -0.21227903E-01   0.00000000E+00
  3.    8.   0.99991358E+00   0.10346052E-12  -0.21323762E-01   0.00000000E+00
  3.    9.   0.99991358E+00   0.10398348E-12  -0.21413088E-01   0.00000000E+00
  3.   10.   0.99991358E+00   0.91540863E-13  -0.21489794E-01   0.00000000E+00
  3.   11.   0.99991358E+00   0.69345243E-13  -0.21548653E-01   0.00000000E+00
  3.   12.   0.99991358E+00   0.36055393E-13  -0.21585653E-01   0.00000000E+00
  3.   13.   0.99991358E+00   0.00000000E+00  -0.21598273E-01   0.00000000E+00
  3.   14.   0.99991358E+00   0.00000000E+00  -0.20394570E-01   0.00000000E+00
  3.   15.   0.99991358E+00  -0.15406006E-12  -0.20422966E-01   0.00000000E+00
  3.   16.   0.99991358E+00  -0.29338135E-12  -0.20506216E-01   0.00000000E+00
  3.   17.   0.99991358E+00  -0.37585213E-12  -0.20638648E-01   0.00000000E+00
  3.   18.   0.99991358E+00  -0.40550645E-12  -0.20811237E-01   0.00000000E+00
  3.   19.   0.99991358E+00  -0.33198185E-12  -0.21012221E-01   0.00000000E+00
  3.   20.   0.99991358E+00  -0.24510613E-12  -0.21227903E-01   0.00000000E+00
  3.   21.   0.99991358E+00  -0.25303242E-12  -0.21443585E-01   0.00000000E+00
  3.   22.   0.99991358E+00  -0.25650391E-12  -0.21644569E-01   0.00000000E+00
  3.   23.   0.99991358E+00  -0.28525478E-12  -0.21817158E-01   0.00000000E+00
  3.   24.   0.99991358E+00  -0.24842627E-12  -0.21949590E-01   0.00000000E+00
  3.   25.   0.99991358E+00  -0.15545983E-12  -0.22032840E-01   0.00000000E+00
  3.   26.   0.99991358E+00   0.00000000E+00  -0.22061235E-01   0.00000000E+00
  3.   27.   0.99991358E+00   0.00000000E+00  -0.19931608E-01   0.00000000E+00
  3.   28.   0.99991358E+00  -0.41769895E-12  -0.19975778E-01   0.00000000E+00
  3.   29.   0.99991358E+00  -0.68628458E-12  -0.20105278E-01   0.00000000E+00
  3.   30.   0.99991358E+00  -0.76537907E-12  -0.20311284E-01   0.00000000E+00
  3.   31.   0.99991358E+00  -0.75392643E-12  -0.20579755E-01   0.00000000E+00
  3.   32.   0.99991358E+00  -0.64969901E-12  -0.20892397E-01   0.00000000E+00
  3.   33.   0.99991358E+00  -0.60086932E-12  -0.21227903E-01   0.00000000E+00
  3.   34.   0.99991358E+00  -0.60111025E-12  -0.21563409E-01   0.00000000E+00
  3.   35.   0.99991358E+00  -0.63976483E-12  -0.21876050E-01   0.00000000E+00
  3.   36.   0.99991358E+00  -0.61949669E-12  -0.22144522E-01   0.00000000E+00
  3.   37.   0.99991358E+00  -0.52047522E-12  -0.22350527E-01   0.00000000E+00
  3.   38.   0.99991358E+00  -0.30951737E-12  -0.22480028E-01   0.00000000E+00
  3.   39.   0.99991358E+00   0.00000000E+00  -0.22524198E-01   0.00000000E+00
  3.   40.   0.99991358E+00   0.00000000E+00  -0.19468645E-01   0.00000000E+00
  3.   41.   0.99991358E+00  -0.62882262E-12  -0.19528591E-01   0.00000000E+00
  3.   42.   0.99991358E+00  -0.10012414E-11  -0.19704341E-01   0.00000000E+00
  3.   43.   0.99991358E+00  -0.11924261E-11  -0.19983920E-01   0.00000000E+00
  3.   44.   0.99991358E+00  -0.11992243E-11  -0.20348274E-01   0.00000000E+00
  3.   45.   0.99991358E+00  -0.10053567E-11  -0.20772574E-01   0.00000000E+00
  3.   46.   0.99991358E+00  -0.92832934E-12  -0.21227903E-01   0.00000000E+00
  3.   47.   0.99991358E+00  -0.97974594E-12  -0.21683232E-01   0.00000000E+00
  3.   48.   0.99991358E+00  -0.99632074E-12  -0.22107532E-01   0.00000000E+00
  3.   49.   0.99991358E+00  -0.10237916E-11  -0.22471886E-01   0.00000000E+00
  3.   50.   0.99991358E+00  -0.94358542E-12  -0.22751465E-01   0.00000000E+00
  3.   51.   0.99991358E+00  -0.55315279E-12  -0.22927215E-01   0.00000000E+00
  3.   52.   0.99991358E+00   0.00000000E+00  -0.22987160E-01   0.00000000E+00
  3.   53.   0.99991358E+00   0.00000000E+00  -0.19005683E-01   0.00000000E+00
  3.   54.   0.99991358E+00  -0.50670501E-12  -0.19081403E-01   0.00000000E+00
  3.   55.   0.99991358E+00  -0.10352937E-11  -0.19303404E-01   0.00000000E+00
  3.   56.   0.99991358E+00  -0.13370317E-11  -0.19656556E-01   0.00000000E+00
  3.   57.   0.99991358E+00  -0.14430856E-11  -0.20116793E-01   0.00000000E+00
  3.   58.   0.99991358E+00  -0.12228252E-11  -0.20652750E-01   0.00000000E+00
  3.   59.   0.99991358E+00  -0.11673966E-11  -0.21227903E-01   0.00000000E+00
  3.   60.   0.99991358E+00  -0.12042750E-11  -0.21803056E-01   0.00000000E+00
  3.   61.   0.99991358E+00  -0.11219210E-11  -0.22339013E-01   0.00000000E+00
  3.   62.   0.99991358E+00  -0.12647985E-11  -0.22799250E-01   0.00000000E+00
  3.   63.   0.99991358E+00  -0.12029029E-11  -0.23152402E-01   0.00000000E+00
  3.   64.   0.99991358E+00  -0.81546849E-12  -0.23374403E-01   0.00000000E+00
  3.   65.   0.99991358E+00   0.00000000E+00  -0.23450123E-01   0.00000000E+00
  3.   66.   0.10000000E+01   0.00000000E+00  -0.19005683E-01   0.00000000E+00
  3.   67.   0.10000000E+01   0.10944394E-11  -0.19081403E-01   0.00000000E+00
  3.   68.   0.10000000E+01   0.80649891E-12  -0.19303404E-01   0.00000000E+00
  3.   69.   0.10000000E+01   0.42890578E-12  -0.19656556E-01   0.00000000E+00
  3.   70.   0.10000000E+01   0.31037680E-12  -0.20116793E-01   0.00000000E+00
  3.   71.   0.10000000E+01   0.39909005E-12  -0.20652750E-01   0.00000000E+00
  3.   72.   0.10000000E+01   0.82643317E-12  -0.21227903E-01   0.00000000E+00
  3.   73.   0.10000000E+01   0.11868185E-11  -0.21803056E-01   0.00000000E+00
  3.   74.   0.10000000E+01   0.16526997E-11  -0.22339013E-01   0.00000000E+00
  3.   75.   0.10000000E+01   0.18195787E-11  -0.22799250E-01   0.00000000E+00
  3.   76.   0.10000000E+01   0.18931727E-11  -0.23152402E-01   0.00000000E+00
  3.   77.   0.10000000E+01   0.97339664E-12  -0.23374403E-01   0.00000000E+00
  3.   78.   0.10000000E+01   0.00000000E+00  -0.23450123E-01   0.00000000E+00
  4.    1.  -0.10254685E-01   0.00000000E+00   0.40269739E-01   0.00000000E+00
  4.    2.  -0.99213599E-02   0.27141754E-02   0.34874617E-01   0.00000000E+00
  4.    3.  -0.89346727E-02   0.52206223E-02   0.20134869E-01   0.00000000E+00
  4.    4.  -0.73391023E-02   0.73391023E-02  -0.61397940E-09   0.00000000E+00
  4.    5.  -0.52206224E-02   0.89346726E-02  -0.20134871E-01   0.00000000E+00
  4.    6.  -0.27141755E-02   0.99213598E-02  -0.34874619E-01   0.00000000E+00
  4.    7.  -0.64915067E-10   0.10254685E-01  -0.40269741E-01   0.00000000E+00
  4.    8.   0.27141753E-02   0.99213599E-02  -0.34874619E-01   0.00000000E+00
  4.    9.   0.52206223E-02   0.89346727E-02  -0.20134871E-01   0.00000000E+00
  4.   10.   0.73391023E-02   0.73391024E-02  -0.15701533E-08   0.00000000E+00
  4.   11.   0.89346726E-02   0.52206224E-02   0.20134868E-01   0.00000000E+00
  4.   12.   0.99213598E-02   0.27141755E-02   0.34874616E-01   0.00000000E+00
  4.   13.   0.10254685E-01   0.00000000E+00   0.40269739E-01   0.00000000E+00
  4.   14.  -0.17069757E-01   0.00000000E+00   0.18289970E+00   0.00000000E+00
  4.   15.  -0.16730854E-01   0.53238749E-02   0.15839578E+00   0.00000000E+00
  4.   16.  -0.15595048E-01   0.99416584E-02   0.91449848E-01   0.00000000E+00
  4.   17.  -0.13396466E-01   0.13396466E-01   0.29152832E-09   0.00000000E+00
  4.   18.  -0.99416584E-02   0.15595048E-01  -0.91449848E-01   0.00000000E+00
  4.   19.  -0.53238749E-02   0.16730854E-01  -0.15839578E+00   0.00000000E+00
  4.   20.  -0.11680267E-09   0.17069757E-01  -0.18289970E+00   0.00000000E+00
  4.   21.   0.53238747E-02   0.16730854E-01  -0.15839579E+00   0.00000000E+00
  4.   22.   0.99416582E-02   0.15595048E-01  -0.91449851E-01   0.00000000E+00
  4.   23.   0.13396466E-01   0.13396466E-01  -0.37538800E-08   0.00000000E+00
  4.   24.   0.15595048E-01   0.99416585E-02   0.91449844E-01   0.00000000E+00
  4.   25.   0.16730854E-01   0.53238751E-02   0.15839578E+00   0.00000000E+00
  4.   26.   0.17069757E-01   0.00000000E+00   0.18289970E+00   0.00000000E+00
  4.   27.  -0.23667846E-01   0.00000000E+00   0.40310642E+00   0.00000000E+00
  4.   28.  -0.23273882E-01   0.76651564E-02   0.34910040E+00   0.00000000E+00
  4.   29.  -0.21877204E-01   0.14224583E-01   0.20155321E+00   0.00000000E+00
  4.   30.  -0.18989631E-01   0.18989631E-01   0.15806349E-08   0.00000000E+00
  4.   31.  -0.14224583E-01   0.21877204E-01  -0.20155321E+00   0.00000000E+00
  4.   32.  -0.76651565E-02   0.23273882E-01  -0.34910040E+00   0.00000000E+00
  4.   33.  -0.16227318E-09   0.23667846E-01  -0.40310642E+00   0.00000000E+00
  4.   34.   0.76651562E-02   0.23273882E-01  -0.34910040E+00   0.00000000E+00
  4.   35.   0.14224583E-01   0.21877204E-01  -0.20155322E+00   0.00000000E+00
  4.   36.   0.18989630E-01   0.18989631E-01  -0.71355965E-08   0.00000000E+00
  4.   37.   0.21877204E-01   0.14224584E-01   0.20155320E+00   0.00000000E+00
  4.   38.   0.23273882E-01   0.76651567E-02   0.34910039E+00   0.00000000E+00
  4.   39.   0.23667846E-01   0.00000000E+00   0.40310642E+00   0.00000000E+00
  4.   40.  -0.28076022E-01   0.00000000E+00   0.68219634E+00   0.00000000E+00
  4.   41.  -0.27820506E-01   0.98833413E-02   0.59079936E+00   0.00000000E+00
  4.   42.  -0.26660646E-01   0.18101572E-01   0.34109817E+00   0.00000000E+00
  4.   43.  -0.23683907E-01   0.23683907E-01   0.31512131E-08   0.00000000E+00
  4.   44.  -0.18101572E-01   0.26660646E-01  -0.34109817E+00   0.00000000E+00
  4.   45.  -0.98833414E-02   0.27820506E-01  -0.59079936E+00   0.00000000E+00
  4.   46.  -0.20507249E-09   0.28076022E-01  -0.68219634E+00   0.00000000E+00
  4.   47.   0.98833410E-02   0.27820506E-01  -0.59079936E+00   0.00000000E+00
  4.   48.   0.18101571E-01   0.26660646E-01  -0.34109818E+00   0.00000000E+00
  4.   49.   0.23683907E-01   0.23683907E-01  -0.11430387E-07   0.00000000E+00
  4.   50.   0.26660646E-01   0.18101572E-01   0.34109816E+00   0.00000000E+00
  4.   51.   0.27820506E-01   0.98833417E-02   0.59079935E+00   0.00000000E+00
  4.   52.   0.28076022E-01   0.00000000E+00   0.68219634E+00   0.00000000E+00
  4.   53.  -0.31131939E-01   0.00000000E+00   0.99984900E+00   0.00000000E+00
  4.   54.  -0.31017603E-01   0.11589771E-01   0.86589463E+00   0.00000000E+00
  4.   55.  -0.30127963E-01   0.21051224E-01   0.49992450E+00   0.00000000E+00
  4.   56.  -0.27185153E-01   0.27185152E-01   0.48946368E-08   0.00000000E+00
  4.   57.  -0.21051224E-01   0.30127963E-01  -0.49992449E+00   0.00000000E+00
  4.   58.  -0.11589771E-01   0.31017603E-01  -0.86589463E+00   0.00000000E+00
  4.   59.  -0.23634037E-09   0.31131939E-01  -0.99984900E+00   0.00000000E+00
  4.   60.   0.11589771E-01   0.31017603E-01  -0.86589464E+00   0.00000000E+00
  4.   61.   0.21051223E-01   0.30127963E-01  -0.49992451E+00   0.00000000E+00
  4.   62.   0.27185152E-01   0.27185153E-01  -0.16339296E-07   0.00000000E+00
  4.   63.   0.30127963E-01   0.21051224E-01   0.49992448E+00   0.00000000E+00
  4.   64.   0.31017603E-01   0.11589772E-01   0.86589462E+00   0.00000000E+00
  4.   65.   0.31131939E-01   0.00000000E+00   0.99984900E+00   0.00000000E+00
  4.   66.   0.31131939E-01   0.00000000E+00   0.99984900E+00   0.00000000E+00
  4.   67.   0.31017603E-01  -0.11589771E-01   0.86589463E+00   0.00000000E+00
  4.   68.   0.30127963E-01  -0.21051224E-01   0.49992450E+00   0.00000000E+00
  4.   69.   0.27185153E-01  -0.27185152E-01   0.48946353E-08   0.00000000E+00
  4.   70.   0.21051224E-01  -0.30127963E-01  -0.49992449E+00   0.00000000E+00
  4.   71.   0.11589771E-01  -0.31017603E-01  -0.86589463E+00   0.00000000E+00
  4.   72.   0.23504315E-09  -0.31131939E-01  -0.99984900E+00   0.00000000E+00
  4.   73.  -0.11589771E-01  -0.31017603E-01  -0.86589464E+00   0.00000000E+00
  4.   74.  -0.21051223E-01  -0.30127963E-01  -0.49992451E+00   0.00000000E+00
  4.   75.  -0.27185152E-01  -0.27185153E-01  -0.16339197E-07   0.00000000E+00
  4.   76.  -0.30127963E-01  -0.21051224E-01   0.49992448E+00   0.00000000E+00
  4.   77.  -0.31017603E-01  -0.11589772E-01   0.86589462E+00   0.00000000E+00
  4.   78.  -0.31131939E-01   0.00000000E+00   0.99984900E+00   0.00000000E+00
  5.    1.   0.34640804E-01   0.00000000E+00   0.99930532E+00   0.00000000E+00
  5.    2.   0.33460447E-01   0.89656998E-02   0.99930532E+00   0.00000000E+00
  5.    3.   0.29999816E-01   0.17320402E-01   0.99930532E+00   0.00000000E+00
  5.    4.   0.24494747E-01   0.24494747E-01   0.99930532E+00   0.00000000E+00
  5.    5.   0.17320402E-01   0.29999816E-01   0.99930532E+00   0.00000000E+00
  5.    6.   0.89656998E-02   0.33460447E-01   0.99930532E+00   0.00000000E+00
  5.    7.   0.18937034E-09   0.34640804E-01   0.99930532E+00   0.00000000E+00
  5.    8.  -0.89656995E-02   0.33460447E-01   0.99930532E+00   0.00000000E+00
  5.    9.  -0.17320402E-01   0.29999816E-01   0.99930532E+00   0.00000000E+00
  5.   10.  -0.24494747E-01   0.24494747E-01   0.99930532E+00   0.00000000E+00
  5.   11.  -0.29999816E-01   0.17320402E-01   0.99930532E+00   0.00000000E+00
  5.   12.  -0.33460447E-01   0.89657001E-02   0.99930532E+00   0.00000000E+00
  5.   13.  -0.34640804E-01   0.00000000E+00   0.99930532E+00   0.00000000E+00
  5.   14.   0.36032750E-01   0.00000000E+00   0.63475959E+00   0.00000000E+00
  5.   15.   0.34804964E-01   0.93259620E-02   0.63475959E+00   0.00000000E+00
  5.   16.   0.31205277E-01   0.18016375E-01   0.63475959E+00   0.00000000E+00
  5.   17.   0.25479002E-01   0.25479002E-01   0.63475959E+00   0.00000000E+00
  5.   18.   0.18016375E-01   0.31205277E-01   0.63475959E+00   0.00000000E+00
  5.   19.   0.93259621E-02   0.34804964E-01   0.63475959E+00   0.00000000E+00
  5.   20.   0.19529506E-09   0.36032750E-01   0.63475959E+00   0.00000000E+00
  5.   21.  -0.93259617E-02   0.34804964E-01   0.63475959E+00   0.00000000E+00
  5.   22.  -0.18016375E-01   0.31205277E-01   0.63475959E+00   0.00000000E+00
  5.   23.  -0.25479002E-01   0.25479002E-01   0.63475959E+00   0.00000000E+00
  5.   24.  -0.31205277E-01   0.18016375E-01   0.63475959E+00   0.00000000E+00
  5.   25.  -0.34804964E-01   0.93259623E-02   0.63475959E+00   0.00000000E+00
  5.   26.  -0.36032750E-01   0.00000000E+00   0.63475959E+00   0.00000000E+00
  5.   27.   0.40912506E-01   0.00000000E+00   0.21907995E+00   0.00000000E+00
  5.   28.   0.39518446E-01   0.10588936E-01   0.21907995E+00   0.00000000E+00
  5.   29.   0.35431269E-01   0.20456253E-01   0.21907995E+00   0.00000000E+00
  5.   30.   0.28929510E-01   0.28929510E-01   0.21907995E+00   0.00000000E+00
  5.   31.   0.20456253E-01   0.35431269E-01   0.21907995E+00   0.00000000E+00
  5.   32.   0.10588936E-01   0.39518446E-01   0.21907995E+00   0.00000000E+00
  5.   33.   0.22366387E-09   0.40912506E-01   0.21907995E+00   0.00000000E+00
  5.   34.  -0.10588935E-01   0.39518446E-01   0.21907995E+00   0.00000000E+00
  5.   35.  -0.20456253E-01   0.35431269E-01   0.21907995E+00   0.00000000E+00
  5.   36.  -0.28929510E-01   0.28929510E-01   0.21907995E+00   0.00000000E+00
  5.   37.  -0.35431269E-01   0.20456253E-01   0.21907995E+00   0.00000000E+00
  5.   38.  -0.39518446E-01   0.10588936E-01   0.21907995E+00   0.00000000E+00
  5.   39.  -0.40912506E-01   0.00000000E+00   0.21907995E+00   0.00000000E+00
  5.   40.   0.41401939E-01   0.00000000E+00  -0.22637326E+00   0.00000000E+00
  5.   41.   0.39991202E-01   0.10715610E-01  -0.22637326E+00   0.00000000E+00
  5.   42.   0.35855131E-01   0.20700970E-01  -0.22637326E+00   0.00000000E+00
  5.   43.   0.29275592E-01   0.29275592E-01  -0.22637326E+00   0.00000000E+00
  5.   44.   0.20700970E-01   0.35855131E-01  -0.22637327E+00   0.00000000E+00
  5.   45.   0.10715610E-01   0.39991202E-01  -0.22637327E+00   0.00000000E+00
  5.   46.   0.23277264E-09   0.41401939E-01  -0.22637327E+00   0.00000000E+00
  5.   47.  -0.10715610E-01   0.39991202E-01  -0.22637326E+00   0.00000000E+00
  5.   48.  -0.20700969E-01   0.35855131E-01  -0.22637326E+00   0.00000000E+00
  5.   49.  -0.29275592E-01   0.29275592E-01  -0.22637326E+00   0.00000000E+00
  5.   50.  -0.35855131E-01   0.20700970E-01  -0.22637326E+00   0.00000000E+00
  5.   51.  -0.39991202E-01   0.10715611E-01  -0.22637326E+00   0.00000000E+00
  5.   52.  -0.41401939E-01   0.00000000E+00  -0.22637326E+00   0.00000000E+00
  5.   53.   0.38934134E-01   0.00000000E+00  -0.65771016E+00   0.00000000E+00
  5.   54.   0.37607485E-01   0.10076895E-01  -0.65771016E+00   0.00000000E+00
  5.   55.   0.33717949E-01   0.19467067E-01  -0.65771016E+00   0.00000000E+00
  5.   56.   0.27530590E-01   0.27530590E-01  -0.65771016E+00   0.00000000E+00
  5.   57.   0.19467067E-01   0.33717949E-01  -0.65771016E+00   0.00000000E+00
  5.   58.   0.10076895E-01   0.37607485E-01  -0.65771016E+00   0.00000000E+00
  5.   59.   0.22408749E-09   0.38934134E-01  -0.65771016E+00   0.00000000E+00
  5.   60.  -0.10076895E-01   0.37607485E-01  -0.65771016E+00   0.00000000E+00
  5.   61.  -0.19467066E-01   0.33717949E-01  -0.65771016E+00   0.00000000E+00
  5.   62.  -0.27530590E-01   0.27530590E-01  -0.65771016E+00   0.00000000E+00
  5.   63.  -0.33717949E-01   0.19467067E-01  -0.65771016E+00   0.00000000E+00
  5.   64.  -0.37607485E-01   0.10076896E-01  -0.65771016E+00   0.00000000E+00
  5.   65.  -0.38934134E-01   0.00000000E+00  -0.65771016E+00   0.00000000E+00
  5.   66.  -0.38934134E-01   0.00000000E+00  -0.65771016E+00   0.00000000E+00
  5.   67.  -0.37607485E-01  -0.10076895E-01  -0.65771016E+00   0.00000000E+00
  5.   68.  -0.33717949E-01  -0.19467067E-01  -0.65771016E+00   0.00000000E+00
  5.   69.  -0.27530590E-01  -0.27530590E-01  -0.65771016E+00   0.00000000E+00
  5.   70.  -0.19467067E-01  -0.33717949E-01  -0.65771016E+00   0.00000000E+00
  5.   71.  -0.10076895E-01  -0.37607485E-01  -0.65771016E+00   0.00000000E+00
  5.   72.  -0.21860340E-09  -0.38934134E-01  -0.65771016E+00   0.00000000E+00
  5.   73.   0.10076895E-01  -0.37607485E-01  -0.65771016E+00   0.00000000E+00
  5.   74.   0.19467066E-01  -0.33717949E-01  -0.65771016E+00   0.00000000E+00
  5.   75.   0.27530590E-01  -0.27530590E-01  -0.65771016E+00   0.00000000E+00
  5.   76.   0.33717949E-01  -0.19467067E-01  -0.65771016E+00   0.00000000E+00
  5.   77.   0.37607485E-01  -0.10076896E-01  -0.65771016E+00   0.00000000E+00
  5.   78.   0.38934134E-01   0.00000000E+00  -0.65771016E+00   0.00000000E+00
  6.    1.  -0.37745537E-02   0.00000000E+00   0.88839202E-02   0.00000000E+00
  6.    2.  -0.32742103E-02   0.19072467E-02   0.62818801E-02   0.00000000E+00
  6.    3.  -0.19018958E-02   0.32941801E-02  -0.28191346E-09   0.00000000E+00
  6.    4.  -0.14618965E-04   0.37891726E-02  -0.62818806E-02   0.00000000E+00
  6.    5.   0.18872768E-02   0.32688594E-02  -0.88839207E-02   0.00000000E+00
  6.    6.   0.32888292E-02   0.18819259E-02  -0.62818807E-02   0.00000000E+00
  6.    7.   0.38037916E-02   0.29397452E-10  -0.32569172E-09   0.00000000E+00
  6.    8.   0.32888293E-02  -0.18819259E-02   0.62818801E-02   0.00000000E+00
  6.    9.   0.18872769E-02  -0.32688593E-02   0.88839204E-02   0.00000000E+00
  6.   10.  -0.14618876E-04  -0.37891726E-02   0.62818805E-02   0.00000000E+00
  6.   11.  -0.19018957E-02  -0.32941802E-02   0.17291101E-09   0.00000000E+00
  6.   12.  -0.32742102E-02  -0.19072468E-02  -0.62818803E-02   0.00000000E+00
  6.   13.  -0.37745537E-02   0.00000000E+00  -0.88839206E-02   0.00000000E+00
  6.   14.  -0.12322165E-01   0.00000000E+00   0.86966847E-01   0.00000000E+00
  6.   15.  -0.10886063E-01   0.69625578E-02   0.61494847E-01   0.00000000E+00
  6.   16.  -0.67478031E-02   0.11687538E-01  -0.18513110E-09   0.00000000E+00
  6.   17.  -0.58672074E-03   0.12908886E-01  -0.61494847E-01   0.00000000E+00
  6.   18.   0.61610824E-02   0.10671308E-01  -0.86966848E-01   0.00000000E+00
  6.   19.   0.11472783E-01   0.59463278E-02  -0.61494848E-01   0.00000000E+00
  6.   20.   0.13495606E-01   0.11173514E-09  -0.14455501E-08   0.00000000E+00
  6.   21.   0.11472783E-01  -0.59463276E-02   0.61494846E-01   0.00000000E+00
  6.   22.   0.61610827E-02  -0.10671308E-01   0.86966847E-01   0.00000000E+00
  6.   23.  -0.58672046E-03  -0.12908886E-01   0.61494849E-01   0.00000000E+00
  6.   24.  -0.67478029E-02  -0.11687538E-01   0.26837887E-08   0.00000000E+00
  6.   25.  -0.10886062E-01  -0.69625581E-02  -0.61494846E-01   0.00000000E+00
  6.   26.  -0.12322165E-01   0.00000000E+00  -0.86966847E-01   0.00000000E+00
  6.   27.  -0.24232607E-01   0.00000000E+00   0.28355745E+00   0.00000000E+00
  6.   28.  -0.21730647E-01   0.14895165E-01   0.20050540E+00   0.00000000E+00
  6.   29.  -0.14150571E-01   0.24509509E-01   0.81469842E-10   0.00000000E+00
  6.   30.  -0.20342681E-02   0.26266875E-01  -0.20050540E+00   0.00000000E+00
  6.   31.   0.12116303E-01   0.20986053E-01  -0.28355745E+00   0.00000000E+00
  6.   32.   0.23764915E-01   0.11371710E-01  -0.20050540E+00   0.00000000E+00
  6.   33.   0.28301143E-01   0.22041996E-09  -0.44082052E-08   0.00000000E+00
  6.   34.   0.23764915E-01  -0.11371709E-01   0.20050539E+00   0.00000000E+00
  6.   35.   0.12116304E-01  -0.20986053E-01   0.28355745E+00   0.00000000E+00
  6.   36.  -0.20342675E-02  -0.26266875E-01   0.20050540E+00   0.00000000E+00
  6.   37.  -0.14150571E-01  -0.24509509E-01   0.87458107E-08   0.00000000E+00
  6.   38.  -0.21730647E-01  -0.14895166E-01  -0.20050539E+00   0.00000000E+00
  6.   39.  -0.24232607E-01   0.00000000E+00  -0.28355745E+00   0.00000000E+00
  6.   40.  -0.33782664E-01   0.00000000E+00   0.59793492E+00   0.00000000E+00
  6.   41.  -0.31124576E-01   0.23862545E-01   0.42280383E+00   0.00000000E+00
  6.   42.  -0.21994614E-01   0.38095790E-01   0.50916907E-09   0.00000000E+00
  6.   43.  -0.51032826E-02   0.38885946E-01  -0.42280383E+00   0.00000000E+00
  6.   44.   0.16891332E-01   0.29256645E-01  -0.59793492E+00   0.00000000E+00
  6.   45.   0.36227858E-01   0.15023401E-01  -0.42280384E+00   0.00000000E+00
  6.   46.   0.43989229E-01   0.28864677E-09  -0.92184333E-08   0.00000000E+00
  6.   47.   0.36227859E-01  -0.15023401E-01   0.42280382E+00   0.00000000E+00
  6.   48.   0.16891333E-01  -0.29256645E-01   0.59793492E+00   0.00000000E+00
  6.   49.  -0.51032818E-02  -0.38885946E-01   0.42280384E+00   0.00000000E+00
  6.   50.  -0.21994614E-01  -0.38095790E-01   0.18330557E-07   0.00000000E+00
  6.   51.  -0.31124576E-01  -0.23862546E-01  -0.42280382E+00   0.00000000E+00
  6.   52.  -0.33782664E-01   0.00000000E+00  -0.59793492E+00   0.00000000E+00
  6.   53.  -0.41281677E-01   0.00000000E+00   0.99957267E+00   0.00000000E+00
  6.   54.  -0.38639040E-01   0.31419222E-01   0.70680461E+00   0.00000000E+00
  6.   55.  -0.28531163E-01   0.49417423E-01   0.10268792E-08   0.00000000E+00
  6.   56.  -0.78903243E-02   0.49172001E-01  -0.70680461E+00   0.00000000E+00
  6.   57.   0.20640838E-01   0.35750981E-01  -0.99957267E+00   0.00000000E+00
  6.   58.   0.46529364E-01   0.17752780E-01  -0.70680462E+00   0.00000000E+00
  6.   59.   0.57062325E-01   0.33945863E-09  -0.15406351E-07   0.00000000E+00
  6.   60.   0.46529365E-01  -0.17752779E-01   0.70680460E+00   0.00000000E+00
  6.   61.   0.20640839E-01  -0.35750980E-01   0.99957267E+00   0.00000000E+00
  6.   62.  -0.78903233E-02  -0.49172001E-01   0.70680463E+00   0.00000000E+00
  6.   63.  -0.28531162E-01  -0.49417424E-01   0.30534375E-07   0.00000000E+00
  6.   64.  -0.38639040E-01  -0.31419223E-01  -0.70680459E+00   0.00000000E+00
  6.   65.  -0.41281677E-01   0.00000000E+00  -0.99957267E+00   0.00000000E+00
  6.   66.   0.41281677E-01   0.00000000E+00   0.99957267E+00   0.00000000E+00
  6.   67.   0.38639040E-01  -0.31419222E-01   0.70680461E+00   0.00000000E+00
  6.   68.   0.28531163E-01  -0.49417423E-01   0.10271016E-08   0.00000000E+00
  6.   69.   0.78903243E-02  -0.49172001E-01  -0.70680461E+00   0.00000000E+00
  6.   70.  -0.20640838E-01  -0.35750981E-01  -0.99957267E+00   0.00000000E+00
  6.   71.  -0.46529364E-01  -0.17752780E-01  -0.70680462E+00   0.00000000E+00
  6.   72.  -0.57062325E-01  -0.33879251E-09  -0.15406134E-07   0.00000000E+00
  6.   73.  -0.46529365E-01   0.17752779E-01   0.70680460E+00   0.00000000E+00
  6.   74.  -0.20640839E-01   0.35750980E-01   0.99957267E+00   0.00000000E+00
  6.   75.   0.78903233E-02   0.49172001E-01   0.70680463E+00   0.00000000E+00
  6.   76.   0.28531162E-01   0.49417424E-01   0.30534512E-07   0.00000000E+00
  6.   77.   0.38639040E-01   0.31419223E-01  -0.70680459E+00   0.00000000E+00
  6.   78.   0.41281677E-01   0.00000000E+00  -0.99957267E+00   0.00000000E+00
  7.    1.  -0.29060425E-01   0.00000000E+00   0.78510304E+00   0.00000000E+00
  7.    2.  -0.32824041E-01   0.14046007E-01   0.75835131E+00   0.00000000E+00
  7.    3.  -0.43106431E-01   0.24328397E-01   0.67991918E+00   0.00000000E+00
  7.    4.  -0.57152438E-01   0.28092014E-01   0.55515169E+00   0.00000000E+00
  7.    5.  -0.71198445E-01   0.24328398E-01   0.39255152E+00   0.00000000E+00
  7.    6.  -0.81480836E-01   0.14046007E-01   0.20319962E+00   0.00000000E+00
  7.    7.  -0.85244452E-01   0.29391835E-09   0.40999948E-08   0.00000000E+00
  7.    8.  -0.81480836E-01  -0.14046006E-01  -0.20319961E+00   0.00000000E+00
  7.    9.  -0.71198445E-01  -0.24328397E-01  -0.39255152E+00   0.00000000E+00
  7.   10.  -0.57152439E-01  -0.28092014E-01  -0.55515168E+00   0.00000000E+00
  7.   11.  -0.43106432E-01  -0.24328398E-01  -0.67991918E+00   0.00000000E+00
  7.   12.  -0.32824041E-01  -0.14046007E-01  -0.75835130E+00   0.00000000E+00
  7.   13.  -0.29060425E-01   0.00000000E+00  -0.78510304E+00   0.00000000E+00
  7.   14.   0.12776313E-02   0.00000000E+00   0.99813220E+00   0.00000000E+00
  7.   15.  -0.22596240E-02   0.13201217E-01   0.96412167E+00   0.00000000E+00
  7.   16.  -0.11923585E-01   0.22865178E-01   0.86440784E+00   0.00000000E+00
  7.   17.  -0.25124802E-01   0.26402433E-01   0.70578605E+00   0.00000000E+00
  7.   18.  -0.38326019E-01   0.22865178E-01   0.49906610E+00   0.00000000E+00
  7.   19.  -0.47989980E-01   0.13201217E-01   0.25833563E+00   0.00000000E+00
  7.   20.  -0.51527235E-01   0.27502571E-09   0.52501161E-08   0.00000000E+00
  7.   21.  -0.47989980E-01  -0.13201216E-01  -0.25833562E+00   0.00000000E+00
  7.   22.  -0.38326019E-01  -0.22865178E-01  -0.49906609E+00   0.00000000E+00
  7.   23.  -0.25124802E-01  -0.26402433E-01  -0.70578604E+00   0.00000000E+00
  7.   24.  -0.11923586E-01  -0.22865178E-01  -0.86440784E+00   0.00000000E+00
  7.   25.  -0.22596243E-02  -0.13201217E-01  -0.96412167E+00   0.00000000E+00
  7.   26.   0.12776313E-02   0.00000000E+00  -0.99813220E+00   0.00000000E+00
  7.   27.   0.53108719E-01   0.00000000E+00   0.69643622E+00   0.00000000E+00
  7.   28.   0.48004380E-01   0.19049652E-01   0.67270573E+00   0.00000000E+00
  7.   29.   0.34059067E-01   0.32994965E-01   0.60313146E+00   0.00000000E+00
  7.   30.   0.15009415E-01   0.38099304E-01   0.49245478E+00   0.00000000E+00
  7.   31.  -0.40402368E-02   0.32994965E-01   0.34821811E+00   0.00000000E+00
  7.   32.  -0.17985550E-01   0.19049652E-01   0.18025096E+00   0.00000000E+00
  7.   33.  -0.23089889E-01   0.39922949E-09   0.37003398E-08   0.00000000E+00
  7.   34.  -0.17985550E-01  -0.19049652E-01  -0.18025095E+00   0.00000000E+00
  7.   35.  -0.40402375E-02  -0.32994965E-01  -0.34821811E+00   0.00000000E+00
  7.   36.   0.15009415E-01  -0.38099304E-01  -0.49245477E+00   0.00000000E+00
  7.   37.   0.34059067E-01  -0.32994966E-01  -0.60313146E+00   0.00000000E+00
  7.   38.   0.48004380E-01  -0.19049653E-01  -0.67270573E+00   0.00000000E+00
  7.   39.   0.53108719E-01   0.00000000E+00  -0.69643622E+00   0.00000000E+00
  7.   40.   0.80589224E-01   0.00000000E+00  -0.51308982E-01   0.00000000E+00
  7.   41.   0.75277979E-01   0.19821838E-01  -0.49560671E-01   0.00000000E+00
  7.   42.   0.60767386E-01   0.34332431E-01  -0.44434882E-01   0.00000000E+00
  7.   43.   0.40945548E-01   0.39643677E-01  -0.36280930E-01   0.00000000E+00
  7.   44.   0.21123710E-01   0.34332431E-01  -0.25654491E-01   0.00000000E+00
  7.   45.   0.66131169E-02   0.19821838E-01  -0.13279742E-01   0.00000000E+00
  7.   46.   0.13018712E-02   0.41422463E-09  -0.17901714E-09   0.00000000E+00
  7.   47.   0.66131165E-02  -0.19821838E-01   0.13279742E-01   0.00000000E+00
  7.   48.   0.21123709E-01  -0.34332431E-01   0.25654491E-01   0.00000000E+00
  7.   49.   0.40945547E-01  -0.39643677E-01   0.36280929E-01   0.00000000E+00
  7.   50.   0.60767385E-01  -0.34332431E-01   0.44434882E-01   0.00000000E+00
  7.   51.   0.75277979E-01  -0.19821839E-01   0.49560671E-01   0.00000000E+00
  7.   52.   0.80589224E-01   0.00000000E+00   0.51308982E-01   0.00000000E+00
  7.   53.   0.80980116E-01   0.00000000E+00  -0.93191159E+00   0.00000000E+00
  7.   54.   0.76693694E-01   0.15997146E-01  -0.90015748E+00   0.00000000E+00
  7.   55.   0.64982970E-01   0.27707870E-01  -0.80705912E+00   0.00000000E+00
  7.   56.   0.48985824E-01   0.31994292E-01  -0.65896101E+00   0.00000000E+00
  7.   57.   0.32988678E-01   0.27707870E-01  -0.46595580E+00   0.00000000E+00
  7.   58.   0.21277955E-01   0.15997146E-01  -0.24119647E+00   0.00000000E+00
  7.   59.   0.16991532E-01   0.33158451E-09  -0.47460235E-08   0.00000000E+00
  7.   60.   0.21277954E-01  -0.15997146E-01   0.24119646E+00   0.00000000E+00
  7.   61.   0.32988678E-01  -0.27707869E-01   0.46595579E+00   0.00000000E+00
  7.   62.   0.48985824E-01  -0.31994292E-01   0.65896100E+00   0.00000000E+00
  7.   63.   0.64982970E-01  -0.27707870E-01   0.80705911E+00   0.00000000E+00
  7.   64.   0.76693693E-01  -0.15997147E-01   0.90015747E+00   0.00000000E+00
  7.   65.   0.80980116E-01   0.00000000E+00   0.93191159E+00   0.00000000E+00
  7.   66.  -0.80980116E-01   0.00000000E+00  -0.93191159E+00   0.00000000E+00
  7.   67.  -0.76693694E-01  -0.15997146E-01  -0.90015748E+00   0.00000000E+00
  7.   68.  -0.64982970E-01  -0.27707870E-01  -0.80705912E+00   0.00000000E+00
  7.   69.  -0.48985824E-01  -0.31994292E-01  -0.65896101E+00   0.00000000E+00
  7.   70.  -0.32988678E-01  -0.27707870E-01  -0.46595580E+00   0.00000000E+00
  7.   71.  -0.21277955E-01  -0.15997146E-01  -0.24119647E+00   0.00000000E+00
  7.   72.  -0.16991532E-01  -0.32922017E-09  -0.47468105E-08   0.00000000E+00
  7.   73.  -0.21277954E-01   0.15997146E-01   0.24119646E+00   0.00000000E+00
  7.   74.  -0.32988678E-01   0.27707869E-01   0.46595579E+00   0.00000000E+00
  7.   75.  -0.48985824E-01   0.31994292E-01   0.65896100E+00   0.00000000E+00
  7.   76.  -0.64982970E-01   0.27707870E-01   0.80705911E+00   0.00000000E+00
  7.   77.  -0.76693693E-01   0.15997147E-01   0.90015747E+00   0.00000000E+00
  7.   78.  -0.80980116E-01   0.00000000E+00   0.93191159E+00   0.00000000E+00
  8.    1.   0.12453321E-02   0.00000000E+00  -0.19490690E-02   0.00000000E+00
  8.    2.   0.87928037E-03  -0.87572218E-03  -0.97453449E-03   0.00000000E+00
  8.    3.  -0.25160272E-05  -0.12409742E-02   0.97453449E-03   0.00000000E+00
  8.    4.  -0.88058277E-03  -0.88058277E-03   0.19490690E-02   0.00000000E+00
  8.    5.  -0.12409742E-02  -0.25160332E-05   0.97453447E-03   0.00000000E+00
  8.    6.  -0.87572220E-03   0.87928037E-03  -0.97453454E-03   0.00000000E+00
  8.    7.  -0.25568412E-10   0.12453321E-02  -0.19490691E-02   0.00000000E+00
  8.    8.   0.87572216E-03   0.87928039E-03  -0.97453464E-03   0.00000000E+00
  8.    9.   0.12409742E-02  -0.25159975E-05   0.97453433E-03   0.00000000E+00
  8.   10.   0.88058279E-03  -0.88058275E-03   0.19490689E-02   0.00000000E+00
  8.   11.   0.25160634E-05  -0.12409742E-02   0.97453443E-03   0.00000000E+00
  8.   12.  -0.87928035E-03  -0.87572221E-03  -0.97453456E-03   0.00000000E+00
  8.   13.  -0.12453321E-02   0.00000000E+00  -0.19490691E-02   0.00000000E+00
  8.   14.   0.82100378E-02   0.00000000E+00  -0.43161043E-01   0.00000000E+00
  8.   15.   0.59631905E-02  -0.63943549E-02  -0.21580521E-01   0.00000000E+00
  8.   16.   0.30487926E-03  -0.87381042E-02   0.21580521E-01   0.00000000E+00
  8.   17.  -0.58053734E-02  -0.58053735E-02   0.43161043E-01   0.00000000E+00
  8.   18.  -0.87381042E-02   0.30487920E-03   0.21580522E-01   0.00000000E+00
  8.   19.  -0.63943550E-02   0.59631905E-02  -0.21580521E-01   0.00000000E+00
  8.   20.  -0.14705215E-09   0.82100378E-02  -0.43161043E-01   0.00000000E+00
  8.   21.   0.63943548E-02   0.59631907E-02  -0.21580523E-01   0.00000000E+00
  8.   22.   0.87381042E-02   0.30487945E-03   0.21580520E-01   0.00000000E+00
  8.   23.   0.58053736E-02  -0.58053733E-02   0.43161043E-01   0.00000000E+00
  8.   24.  -0.30487900E-03  -0.87381042E-02   0.21580523E-01   0.00000000E+00
  8.   25.  -0.59631904E-02  -0.63943551E-02  -0.21580520E-01   0.00000000E+00
  8.   26.  -0.82100378E-02   0.00000000E+00  -0.43161043E-01   0.00000000E+00
  8.   27.   0.22830342E-01   0.00000000E+00  -0.20623275E+00   0.00000000E+00
  8.   28.   0.17166193E-01  -0.19960268E-01  -0.10311638E+00   0.00000000E+00
  8.   29.   0.19757098E-02  -0.26252372E-01   0.10311638E+00   0.00000000E+00
  8.   30.  -0.16143490E-01  -0.16143490E-01   0.20623276E+00   0.00000000E+00
  8.   31.  -0.26252372E-01   0.19757096E-02   0.10311638E+00   0.00000000E+00
  8.   32.  -0.19960268E-01   0.17166192E-01  -0.10311638E+00   0.00000000E+00
  8.   33.  -0.45395004E-09   0.22830342E-01  -0.20623276E+00   0.00000000E+00
  8.   34.   0.19960268E-01   0.17166193E-01  -0.10311638E+00   0.00000000E+00
  8.   35.   0.26252372E-01   0.19757103E-02   0.10311637E+00   0.00000000E+00
  8.   36.   0.16143490E-01  -0.16143489E-01   0.20623275E+00   0.00000000E+00
  8.   37.  -0.19757091E-02  -0.26252372E-01   0.10311638E+00   0.00000000E+00
  8.   38.  -0.17166192E-01  -0.19960269E-01  -0.10311637E+00   0.00000000E+00
  8.   39.  -0.22830342E-01   0.00000000E+00  -0.20623276E+00   0.00000000E+00
  8.   40.   0.37380959E-01   0.00000000E+00  -0.53313632E+00   0.00000000E+00
  8.   41.   0.29756449E-01  -0.38838111E-01  -0.26656816E+00   0.00000000E+00
  8.   42.   0.64217051E-02  -0.48503678E-01   0.26656816E+00   0.00000000E+00
  8.   43.  -0.26432329E-01  -0.26432330E-01   0.53313632E+00   0.00000000E+00
  8.   44.  -0.48503678E-01   0.64217048E-02   0.26656816E+00   0.00000000E+00
  8.   45.  -0.38838111E-01   0.29756448E-01  -0.26656815E+00   0.00000000E+00
  8.   46.  -0.89262588E-09   0.37380959E-01  -0.53313632E+00   0.00000000E+00
  8.   47.   0.38838110E-01   0.29756449E-01  -0.26656817E+00   0.00000000E+00
  8.   48.   0.48503678E-01   0.64217060E-02   0.26656814E+00   0.00000000E+00
  8.   49.   0.26432330E-01  -0.26432328E-01   0.53313632E+00   0.00000000E+00
  8.   50.  -0.64217039E-02  -0.48503678E-01   0.26656818E+00   0.00000000E+00
  8.   51.  -0.29756448E-01  -0.38838112E-01  -0.26656814E+00   0.00000000E+00
  8.   52.  -0.37380959E-01   0.00000000E+00  -0.53313632E+00   0.00000000E+00
  8.   53.   0.50216655E-01   0.00000000E+00  -0.99917664E+00   0.00000000E+00
  8.   54.   0.41137862E-01  -0.56517464E-01  -0.49958832E+00   0.00000000E+00
  8.   55.   0.10875021E-01  -0.69052743E-01   0.49958832E+00   0.00000000E+00
  8.   56.  -0.35508537E-01  -0.35508537E-01   0.99917664E+00   0.00000000E+00
  8.   57.  -0.69052743E-01   0.10875021E-01   0.49958833E+00   0.00000000E+00
  8.   58.  -0.56517465E-01   0.41137862E-01  -0.49958831E+00   0.00000000E+00
  8.   59.  -0.13068876E-08   0.50216655E-01  -0.99917664E+00   0.00000000E+00
  8.   60.   0.56517463E-01   0.41137863E-01  -0.49958835E+00   0.00000000E+00
  8.   61.   0.69052744E-01   0.10875022E-01   0.49958829E+00   0.00000000E+00
  8.   62.   0.35508538E-01  -0.35508536E-01   0.99917664E+00   0.00000000E+00
  8.   63.  -0.10875019E-01  -0.69052743E-01   0.49958835E+00   0.00000000E+00
  8.   64.  -0.41137861E-01  -0.56517466E-01  -0.49958828E+00   0.00000000E+00
  8.   65.  -0.50216654E-01   0.00000000E+00  -0.99917664E+00   0.00000000E+00
  8.   66.  -0.50216655E-01   0.00000000E+00  -0.99917664E+00   0.00000000E+00
  8.   67.  -0.41137862E-01   0.56517464E-01  -0.49958832E+00   0.00000000E+00
  8.   68.  -0.10875021E-01   0.69052743E-01   0.49958832E+00   0.00000000E+00
  8.   69.   0.35508537E-01   0.35508537E-01   0.99917664E+00   0.00000000E+00
  8.   70.   0.69052743E-01  -0.10875021E-01   0.49958833E+00   0.00000000E+00
  8.   71.   0.56517465E-01  -0.41137862E-01  -0.49958831E+00   0.00000000E+00
  8.   72.   0.13081014E-08  -0.50216655E-01  -0.99917664E+00   0.00000000E+00
  8.   73.  -0.56517463E-01  -0.41137863E-01  -0.49958835E+00   0.00000000E+00
  8.   74.  -0.69052744E-01  -0.10875022E-01   0.49958829E+00   0.00000000E+00
  8.   75.  -0.35508538E-01   0.35508536E-01   0.99917664E+00   0.00000000E+00
  8.   76.   0.10875019E-01   0.69052743E-01   0.49958835E+00   0.00000000E+00
  8.   77.   0.41137861E-01   0.56517466E-01  -0.49958828E+00   0.00000000E+00
  8.   78.   0.50216654E-01   0.00000000E+00  -0.99917664E+00   0.00000000E+00
  9.    1.   0.38679831E-03   0.00000000E+00  -0.42537855E-03   0.00000000E+00
  9.    2.   0.19155123E-03  -0.32808061E-03  -0.11009613E-03   0.00000000E+00
  9.    3.  -0.19524707E-03  -0.33177647E-03   0.36838849E-03   0.00000000E+00
  9.    4.  -0.38310245E-03  -0.36958581E-05   0.30078798E-03   0.00000000E+00
  9.    5.  -0.18785538E-03   0.33177646E-03  -0.21268920E-03   0.00000000E+00
  9.    6.   0.19155123E-03   0.33547231E-03  -0.41088399E-03   0.00000000E+00
  9.    7.   0.37940661E-03   0.93518111E-11   0.54083178E-10   0.00000000E+00
  9.    8.   0.19155124E-03  -0.33547231E-03   0.41088409E-03   0.00000000E+00
  9.    9.  -0.18785538E-03  -0.33177647E-03   0.21268928E-03   0.00000000E+00
  9.   10.  -0.38310247E-03   0.36958355E-05  -0.30078797E-03   0.00000000E+00
  9.   11.  -0.19524710E-03   0.33177645E-03  -0.36838858E-03   0.00000000E+00
  9.   12.   0.19155121E-03   0.32808062E-03   0.11009598E-03   0.00000000E+00
  9.   13.   0.38679830E-03   0.00000000E+00   0.42537840E-03   0.00000000E+00
  9.   14.   0.51943022E-02   0.00000000E+00  -0.21880176E-01   0.00000000E+00
  9.   15.   0.27073255E-02  -0.49095742E-02  -0.56630064E-02   0.00000000E+00
  9.   16.  -0.24869767E-02  -0.46892254E-02   0.18948788E-01   0.00000000E+00
  9.   17.  -0.54146510E-02   0.22034878E-03   0.15471621E-01   0.00000000E+00
  9.   18.  -0.29276744E-02   0.46892253E-02  -0.10940088E-01   0.00000000E+00
  9.   19.   0.27073255E-02   0.44688765E-02  -0.21134627E-01   0.00000000E+00
  9.   20.   0.56349999E-02   0.11055675E-09  -0.37069161E-09   0.00000000E+00
  9.   21.   0.27073257E-02  -0.44688764E-02   0.21134627E-01   0.00000000E+00
  9.   22.  -0.29276742E-02  -0.46892254E-02   0.10940089E-01   0.00000000E+00
  9.   23.  -0.54146511E-02  -0.22034903E-03  -0.15471620E-01   0.00000000E+00
  9.   24.  -0.24869769E-02   0.46892252E-02  -0.18948789E-01   0.00000000E+00
  9.   25.   0.27073253E-02   0.49095743E-02   0.56630050E-02   0.00000000E+00
  9.   26.   0.51943022E-02   0.00000000E+00   0.21880176E-01   0.00000000E+00
  9.   27.   0.20592317E-01   0.00000000E+00  -0.15211220E+00   0.00000000E+00
  9.   28.   0.11446544E-01  -0.22126768E-01  -0.39369533E-01   0.00000000E+00
  9.   29.  -0.91457727E-02  -0.19825997E-01   0.13173303E+00   0.00000000E+00
  9.   30.  -0.22893089E-01   0.23007715E-02   0.10755957E+00   0.00000000E+00
  9.   31.  -0.13747316E-01   0.19825997E-01  -0.76056096E-01   0.00000000E+00
  9.   32.   0.11446544E-01   0.17525225E-01  -0.14692910E+00   0.00000000E+00
  9.   33.   0.25193861E-01   0.43012795E-09  -0.37619979E-08   0.00000000E+00
  9.   34.   0.11446545E-01  -0.17525224E-01   0.14692910E+00   0.00000000E+00
  9.   35.  -0.13747316E-01  -0.19825997E-01   0.76056103E-01   0.00000000E+00
  9.   36.  -0.22893089E-01  -0.23007725E-02  -0.10755956E+00   0.00000000E+00
  9.   37.  -0.91457735E-02   0.19825996E-01  -0.13173303E+00   0.00000000E+00
  9.   38.   0.11446544E-01   0.22126769E-01   0.39369525E-01   0.00000000E+00
  9.   39.   0.20592317E-01   0.00000000E+00   0.15211220E+00   0.00000000E+00
  9.   40.   0.39779976E-01   0.00000000E+00  -0.47957947E+00   0.00000000E+00
  9.   41.   0.24590063E-01  -0.51991390E-01  -0.12412430E+00   0.00000000E+00
  9.   42.  -0.15189913E-01  -0.42591239E-01   0.41532800E+00   0.00000000E+00
  9.   43.  -0.49180127E-01   0.94001502E-02   0.33911390E+00   0.00000000E+00
  9.   44.  -0.33990215E-01   0.42591239E-01  -0.23978973E+00   0.00000000E+00
  9.   45.   0.24590063E-01   0.33191089E-01  -0.46323819E+00   0.00000000E+00
  9.   46.   0.58580278E-01   0.77390801E-09  -0.12502707E-07   0.00000000E+00
  9.   47.   0.24590065E-01  -0.33191088E-01   0.46323819E+00   0.00000000E+00
  9.   48.  -0.33990213E-01  -0.42591240E-01   0.23978975E+00   0.00000000E+00
  9.   49.  -0.49180127E-01  -0.94001522E-02  -0.33911388E+00   0.00000000E+00
  9.   50.  -0.15189914E-01   0.42591238E-01  -0.41532801E+00   0.00000000E+00
  9.   51.   0.24590062E-01   0.51991391E-01   0.12412428E+00   0.00000000E+00
  9.   52.   0.39779976E-01   0.00000000E+00   0.47957947E+00   0.00000000E+00
  9.   53.   0.58545829E-01   0.00000000E+00  -0.99866800E+00   0.00000000E+00
  9.   54.   0.37947074E-01  -0.83074580E-01  -0.25847430E+00   0.00000000E+00
  9.   55.  -0.20598754E-01  -0.65726261E-01   0.86487186E+00   0.00000000E+00
  9.   56.  -0.75894148E-01   0.17348319E-01   0.70616493E+00   0.00000000E+00
  9.   57.  -0.55295395E-01   0.65726260E-01  -0.49933399E+00   0.00000000E+00
  9.   58.   0.37947073E-01   0.48377941E-01  -0.96463922E+00   0.00000000E+00
  9.   59.   0.93242468E-01   0.10855248E-08  -0.26354366E-07   0.00000000E+00
  9.   60.   0.37947077E-01  -0.48377940E-01   0.96463921E+00   0.00000000E+00
  9.   61.  -0.55295392E-01  -0.65726261E-01   0.49933404E+00   0.00000000E+00
  9.   62.  -0.75894149E-01  -0.17348322E-01  -0.70616489E+00   0.00000000E+00
  9.   63.  -0.20598757E-01   0.65726258E-01  -0.86487189E+00   0.00000000E+00
  9.   64.   0.37947073E-01   0.83074582E-01   0.25847425E+00   0.00000000E+00
  9.   65.   0.58545829E-01   0.00000000E+00   0.99866800E+00   0.00000000E+00
  9.   66.  -0.58545829E-01   0.00000000E+00  -0.99866800E+00   0.00000000E+00
  9.   67.  -0.37947074E-01   0.83074580E-01  -0.25847430E+00   0.00000000E+00
  9.   68.   0.20598754E-01   0.65726261E-01   0.86487186E+00   0.00000000E+00
  9.   69.   0.75894148E-01  -0.17348319E-01   0.70616493E+00   0.00000000E+00
  9.   70.   0.55295395E-01  -0.65726260E-01  -0.49933399E+00   0.00000000E+00
  9.   71.  -0.37947073E-01  -0.48377941E-01  -0.96463922E+00   0.00000000E+00
  9.   72.  -0.93242468E-01  -0.10538514E-08  -0.26354698E-07   0.00000000E+00
  9.   73.  -0.37947077E-01   0.48377940E-01   0.96463921E+00   0.00000000E+00
  9.   74.   0.55295392E-01   0.65726261E-01   0.49933404E+00   0.00000000E+00
  9.   75.   0.75894149E-01   0.17348322E-01  -0.70616489E+00   0.00000000E+00
  9.   76.   0.20598757E-01  -0.65726258E-01  -0.86487189E+00   0.00000000E+00
  9.   77.  -0.37947073E-01  -0.83074582E-01   0.25847425E+00   0.00000000E+00
  9.   78.  -0.58545829E-01   0.00000000E+00   0.99866800E+00   0.00000000E+00
 10.    1.  -0.48918345E-01   0.00000000E+00   0.30565919E+00   0.00000000E+00
 10.    2.  -0.50365389E-01   0.24282219E-01   0.26470863E+00   0.00000000E+00
 10.    3.  -0.52783830E-01   0.42505930E-01   0.15282960E+00   0.00000000E+00
 10.    4.  -0.51605140E-01   0.51605140E-01   0.14185810E-08   0.00000000E+00
 10.    5.  -0.42505930E-01   0.52783830E-01  -0.15282960E+00   0.00000000E+00
 10.    6.  -0.24282219E-01   0.50365389E-01  -0.26470863E+00   0.00000000E+00
 10.    7.  -0.50780831E-09   0.48918345E-01  -0.30565920E+00   0.00000000E+00
 10.    8.   0.24282218E-01   0.50365389E-01  -0.26470863E+00   0.00000000E+00
 10.    9.   0.42505930E-01   0.52783830E-01  -0.15282960E+00   0.00000000E+00
 10.   10.   0.51605140E-01   0.51605140E-01  -0.49640486E-08   0.00000000E+00
 10.   11.   0.52783830E-01   0.42505931E-01   0.15282959E+00   0.00000000E+00
 10.   12.   0.50365389E-01   0.24282220E-01   0.26470862E+00   0.00000000E+00
 10.   13.   0.48918345E-01   0.00000000E+00   0.30565919E+00   0.00000000E+00
 10.   14.  -0.40116111E-01   0.00000000E+00   0.86063808E+00   0.00000000E+00
 10.   15.  -0.45017918E-01   0.33778032E-01   0.74533444E+00   0.00000000E+00
 10.   16.  -0.55717151E-01   0.56388824E-01   0.43031904E+00   0.00000000E+00
 10.   17.  -0.62619352E-01   0.62619352E-01   0.43079590E-08   0.00000000E+00
 10.   18.  -0.56388825E-01   0.55717151E-01  -0.43031904E+00   0.00000000E+00
 10.   19.  -0.33778032E-01   0.45017918E-01  -0.74533444E+00   0.00000000E+00
 10.   20.  -0.71285930E-09   0.40116111E-01  -0.86063808E+00   0.00000000E+00
 10.   21.   0.33778031E-01   0.45017918E-01  -0.74533445E+00   0.00000000E+00
 10.   22.   0.56388824E-01   0.55717150E-01  -0.43031905E+00   0.00000000E+00
 10.   23.   0.62619352E-01   0.62619352E-01  -0.13647433E-07   0.00000000E+00
 10.   24.   0.55717151E-01   0.56388825E-01   0.43031903E+00   0.00000000E+00
 10.   25.   0.45017918E-01   0.33778033E-01   0.74533444E+00   0.00000000E+00
 10.   26.   0.40116111E-01   0.00000000E+00   0.86063808E+00   0.00000000E+00
 10.   27.   0.35144830E-01   0.00000000E+00   0.91861755E+00   0.00000000E+00
 10.   28.   0.21537930E-01   0.37216242E-01   0.79554614E+00   0.00000000E+00
 10.   29.  -0.11086241E-01   0.54346762E-01   0.45930878E+00   0.00000000E+00
 10.   30.  -0.42954902E-01   0.42954903E-01   0.46808763E-08   0.00000000E+00
 10.   31.  -0.54346762E-01   0.11086241E-01  -0.45930877E+00   0.00000000E+00
 10.   32.  -0.37216242E-01  -0.21537930E-01  -0.79554614E+00   0.00000000E+00
 10.   33.  -0.80669037E-09  -0.35144830E-01  -0.91861755E+00   0.00000000E+00
 10.   34.   0.37216241E-01  -0.21537931E-01  -0.79554615E+00   0.00000000E+00
 10.   35.   0.54346762E-01   0.11086240E-01  -0.45930879E+00   0.00000000E+00
 10.   36.   0.42954903E-01   0.42954902E-01  -0.14549645E-07   0.00000000E+00
 10.   37.   0.11086242E-01   0.54346762E-01   0.45930876E+00   0.00000000E+00
 10.   38.  -0.21537929E-01   0.37216243E-01   0.79554613E+00   0.00000000E+00
 10.   39.  -0.35144830E-01   0.00000000E+00   0.91861755E+00   0.00000000E+00
 10.   40.   0.99080514E-01   0.00000000E+00   0.14909077E+00   0.00000000E+00
 10.   41.   0.81956272E-01   0.25664890E-01   0.12911639E+00   0.00000000E+00
 10.   42.   0.39804018E-01   0.30137933E-01   0.74545383E-01   0.00000000E+00
 10.   43.  -0.50608138E-02   0.50608145E-02   0.88023504E-09   0.00000000E+00
 10.   44.  -0.30137932E-01  -0.39804018E-01  -0.74545382E-01   0.00000000E+00
 10.   45.  -0.25664890E-01  -0.81956272E-01  -0.12911639E+00   0.00000000E+00
 10.   46.  -0.56609490E-09  -0.99080514E-01  -0.14909077E+00   0.00000000E+00
 10.   47.   0.25664890E-01  -0.81956273E-01  -0.12911639E+00   0.00000000E+00
 10.   48.   0.30137933E-01  -0.39804019E-01  -0.74545385E-01   0.00000000E+00
 10.   49.   0.50608153E-02   0.50608130E-02  -0.25041283E-08   0.00000000E+00
 10.   50.  -0.39804016E-01   0.30137932E-01   0.74545380E-01   0.00000000E+00
 10.   51.  -0.81956271E-01   0.25664891E-01   0.12911639E+00   0.00000000E+00
 10.   52.  -0.99080514E-01   0.00000000E+00   0.14909077E+00   0.00000000E+00
 10.   53.   0.10770904E+00   0.00000000E+00  -0.99609515E+00   0.00000000E+00
 10.   54.   0.94700655E-01   0.69738195E-02  -0.86264370E+00   0.00000000E+00
 10.   55.   0.62032240E-01   0.26604917E-03  -0.49804757E+00   0.00000000E+00
 10.   56.   0.25136431E-01  -0.25136431E-01  -0.47936564E-08   0.00000000E+00
 10.   57.  -0.26604903E-03  -0.62032240E-01   0.49804757E+00   0.00000000E+00
 10.   58.  -0.69738195E-02  -0.94700655E-01   0.86264370E+00   0.00000000E+00
 10.   59.  -0.15167393E-09  -0.10770904E+00   0.99609515E+00   0.00000000E+00
 10.   60.   0.69738195E-02  -0.94700656E-01   0.86264371E+00   0.00000000E+00
 10.   61.   0.26604963E-03  -0.62032241E-01   0.49804759E+00   0.00000000E+00
 10.   62.  -0.25136430E-01  -0.25136432E-01   0.15379741E-07   0.00000000E+00
 10.   63.  -0.62032239E-01   0.26604858E-03  -0.49804756E+00   0.00000000E+00
 10.   64.  -0.94700654E-01   0.69738196E-02  -0.86264369E+00   0.00000000E+00
 10.   65.  -0.10770904E+00   0.00000000E+00  -0.99609515E+00   0.00000000E+00
 10.   66.  -0.10770904E+00   0.00000000E+00  -0.99609515E+00   0.00000000E+00
 10.   67.  -0.94700655E-01  -0.69738195E-02  -0.86264370E+00   0.00000000E+00
 10.   68.  -0.62032240E-01  -0.26604917E-03  -0.49804757E+00   0.00000000E+00
 10.   69.  -0.25136431E-01   0.25136431E-01  -0.47936484E-08   0.00000000E+00
 10.   70.   0.26604903E-03   0.62032240E-01   0.49804757E+00   0.00000000E+00
 10.   71.   0.69738195E-02   0.94700655E-01   0.86264370E+00   0.00000000E+00
 10.   72.   0.15277788E-09   0.10770904E+00   0.99609515E+00   0.00000000E+00
 10.   73.  -0.69738195E-02   0.94700656E-01   0.86264371E+00   0.00000000E+00
 10.   74.  -0.26604963E-03   0.62032242E-01   0.49804759E+00   0.00000000E+00
 10.   75.   0.25136430E-01   0.25136432E-01   0.15379636E-07   0.00000000E+00
 10.   76.   0.62032239E-01  -0.26604858E-03  -0.49804756E+00   0.00000000E+00
 10.   77.   0.94700654E-01  -0.69738196E-02  -0.86264369E+00   0.00000000E+00
 10.   78.   0.10770904E+00   0.00000000E+00  -0.99609515E+00   0.00000000E+00
 11.    1.   0.87818456E-01   0.00000000E+00   0.99824956E+00   0.00000000E+00
 11.    2.   0.84826114E-01   0.22729089E-01   0.99824956E+00   0.00000000E+00
 11.    3.   0.76053014E-01   0.43909228E-01   0.99824956E+00   0.00000000E+00
 11.    4.   0.62097026E-01   0.62097025E-01   0.99824956E+00   0.00000000E+00
 11.    5.   0.43909228E-01   0.76053013E-01   0.99824956E+00   0.00000000E+00
 11.    6.   0.22729089E-01   0.84826114E-01   0.99824956E+00   0.00000000E+00
 11.    7.   0.45989612E-09   0.87818456E-01   0.99824956E+00   0.00000000E+00
 11.    8.  -0.22729088E-01   0.84826114E-01   0.99824956E+00   0.00000000E+00
 11.    9.  -0.43909227E-01   0.76053014E-01   0.99824956E+00   0.00000000E+00
 11.   10.  -0.62097025E-01   0.62097026E-01   0.99824956E+00   0.00000000E+00
 11.   11.  -0.76053013E-01   0.43909229E-01   0.99824956E+00   0.00000000E+00
 11.   12.  -0.84826114E-01   0.22729090E-01   0.99824956E+00   0.00000000E+00
 11.   13.  -0.87818456E-01   0.00000000E+00   0.99824956E+00   0.00000000E+00
 11.   14.   0.70292093E-01   0.00000000E+00   0.13441125E+00   0.00000000E+00
 11.   15.   0.67896948E-01   0.18192932E-01   0.13441125E+00   0.00000000E+00
 11.   16.   0.60874738E-01   0.35146046E-01   0.13441125E+00   0.00000000E+00
 11.   17.   0.49704016E-01   0.49704015E-01   0.13441125E+00   0.00000000E+00
 11.   18.   0.35146047E-01   0.60874738E-01   0.13441125E+00   0.00000000E+00
 11.   19.   0.18192933E-01   0.67896948E-01   0.13441125E+00   0.00000000E+00
 11.   20.   0.36861845E-09   0.70292093E-01   0.13441125E+00   0.00000000E+00
 11.   21.  -0.18192932E-01   0.67896948E-01   0.13441125E+00   0.00000000E+00
 11.   22.  -0.35146046E-01   0.60874738E-01   0.13441125E+00   0.00000000E+00
 11.   23.  -0.49704015E-01   0.49704016E-01   0.13441125E+00   0.00000000E+00
 11.   24.  -0.60874738E-01   0.35146047E-01   0.13441125E+00   0.00000000E+00
 11.   25.  -0.67896948E-01   0.18192933E-01   0.13441125E+00   0.00000000E+00
 11.   26.  -0.70292093E-01   0.00000000E+00   0.13441125E+00   0.00000000E+00
 11.   27.   0.11930287E-01   0.00000000E+00  -0.34192428E+00   0.00000000E+00
 11.   28.   0.11523772E-01   0.30877855E-02  -0.34192428E+00   0.00000000E+00
 11.   29.   0.10331932E-01   0.59651436E-02  -0.34192428E+00   0.00000000E+00
 11.   30.   0.84359870E-02   0.84359869E-02  -0.34192428E+00   0.00000000E+00
 11.   31.   0.59651436E-02   0.10331932E-01  -0.34192428E+00   0.00000000E+00
 11.   32.   0.30877856E-02   0.11523772E-01  -0.34192428E+00   0.00000000E+00
 11.   33.   0.65752232E-10   0.11930287E-01  -0.34192428E+00   0.00000000E+00
 11.   34.  -0.30877854E-02   0.11523773E-01  -0.34192428E+00   0.00000000E+00
 11.   35.  -0.59651435E-02   0.10331932E-01  -0.34192428E+00   0.00000000E+00
 11.   36.  -0.84359869E-02   0.84359870E-02  -0.34192428E+00   0.00000000E+00
 11.   37.  -0.10331932E-01   0.59651437E-02  -0.34192428E+00   0.00000000E+00
 11.   38.  -0.11523772E-01   0.30877856E-02  -0.34192428E+00   0.00000000E+00
 11.   39.  -0.11930287E-01   0.00000000E+00  -0.34192428E+00   0.00000000E+00
 11.   40.  -0.45028864E-01   0.00000000E+00  -0.13002307E+00   0.00000000E+00
 11.   41.  -0.43494543E-01  -0.11654328E-01  -0.13002307E+00   0.00000000E+00
 11.   42.  -0.38996140E-01  -0.22514432E-01  -0.13002307E+00   0.00000000E+00
 11.   43.  -0.31840215E-01  -0.31840215E-01  -0.13002307E+00   0.00000000E+00
 11.   44.  -0.22514432E-01  -0.38996140E-01  -0.13002307E+00   0.00000000E+00
 11.   45.  -0.11654328E-01  -0.43494543E-01  -0.13002307E+00   0.00000000E+00
 11.   46.  -0.24012622E-09  -0.45028864E-01  -0.13002307E+00   0.00000000E+00
 11.   47.   0.11654327E-01  -0.43494543E-01  -0.13002307E+00   0.00000000E+00
 11.   48.   0.22514432E-01  -0.38996141E-01  -0.13002307E+00   0.00000000E+00
 11.   49.   0.31840215E-01  -0.31840216E-01  -0.13002307E+00   0.00000000E+00
 11.   50.   0.38996140E-01  -0.22514433E-01  -0.13002307E+00   0.00000000E+00
 11.   51.   0.43494543E-01  -0.11654328E-01  -0.13002307E+00   0.00000000E+00
 11.   52.   0.45028864E-01   0.00000000E+00  -0.13002307E+00   0.00000000E+00
 11.   53.  -0.55373125E-01   0.00000000E+00   0.44539325E+00   0.00000000E+00
 11.   54.  -0.53486331E-01  -0.14331619E-01   0.44539325E+00   0.00000000E+00
 11.   55.  -0.47954533E-01  -0.27686562E-01   0.44539325E+00   0.00000000E+00
 11.   56.  -0.39154712E-01  -0.39154712E-01   0.44539325E+00   0.00000000E+00
 11.   57.  -0.27686563E-01  -0.47954533E-01   0.44539325E+00   0.00000000E+00
 11.   58.  -0.14331619E-01  -0.53486331E-01   0.44539325E+00   0.00000000E+00
 11.   59.  -0.28871962E-09  -0.55373125E-01   0.44539325E+00   0.00000000E+00
 11.   60.   0.14331619E-01  -0.53486332E-01   0.44539325E+00   0.00000000E+00
 11.   61.   0.27686562E-01  -0.47954533E-01   0.44539325E+00   0.00000000E+00
 11.   62.   0.39154712E-01  -0.39154712E-01   0.44539325E+00   0.00000000E+00
 11.   63.   0.47954533E-01  -0.27686563E-01   0.44539325E+00   0.00000000E+00
 11.   64.   0.53486331E-01  -0.14331620E-01   0.44539325E+00   0.00000000E+00
 11.   65.   0.55373125E-01   0.00000000E+00   0.44539325E+00   0.00000000E+00
 11.   66.   0.55373125E-01   0.00000000E+00   0.44539325E+00   0.00000000E+00
 11.   67.   0.53486331E-01   0.14331619E-01   0.44539325E+00   0.00000000E+00
 11.   68.   0.47954533E-01   0.27686562E-01   0.44539325E+00   0.00000000E+00
 11.   69.   0.39154712E-01   0.39154712E-01   0.44539325E+00   0.00000000E+00
 11.   70.   0.27686563E-01   0.47954533E-01   0.44539325E+00   0.00000000E+00
 11.   71.   0.14331619E-01   0.53486331E-01   0.44539325E+00   0.00000000E+00
 11.   72.   0.28670414E-09   0.55373125E-01   0.44539325E+00   0.00000000E+00
 11.   73.  -0.14331619E-01   0.53486332E-01   0.44539325E+00   0.00000000E+00
 11.   74.  -0.27686562E-01   0.47954533E-01   0.44539325E+00   0.00000000E+00
 11.   75.  -0.39154712E-01   0.39154712E-01   0.44539325E+00   0.00000000E+00
 11.   76.  -0.47954533E-01   0.27686563E-01   0.44539325E+00   0.00000000E+00
 11.   77.  -0.53486331E-01   0.14331620E-01   0.44539325E+00   0.00000000E+00
 11.   78.  -0.55373125E-01   0.00000000E+00   0.44539325E+00   0.00000000E+00
 12.    1.  -0.11493068E-03   0.00000000E+00   0.91682968E-04   0.00000000E+00
 12.    2.  -0.28749640E-04   0.10729509E-03  -0.48344797E-10   0.00000000E+00
 12.    3.   0.99532866E-04   0.57465339E-04  -0.91683072E-04   0.00000000E+00
 12.    4.   0.78545443E-04  -0.78545448E-04  -0.67044289E-10   0.00000000E+00
 12.    5.  -0.57465336E-04  -0.99532879E-04   0.91682947E-04   0.00000000E+00
 12.    6.  -0.10729508E-03   0.28749625E-04  -0.60006141E-10   0.00000000E+00
 12.    7.  -0.75239075E-12   0.11493067E-03  -0.91683064E-04   0.00000000E+00
 12.    8.   0.10729509E-03   0.28749634E-04  -0.44437101E-10   0.00000000E+00
 12.    9.   0.57465343E-04  -0.99532874E-04   0.91682987E-04   0.00000000E+00
 12.   10.  -0.78545442E-04  -0.78545455E-04  -0.16282763E-10   0.00000000E+00
 12.   11.  -0.99532876E-04   0.57465327E-04  -0.91683036E-04   0.00000000E+00
 12.   12.   0.28749627E-04   0.10729508E-03  -0.35252950E-10   0.00000000E+00
 12.   13.   0.11493066E-03   0.00000000E+00   0.91682980E-04   0.00000000E+00
 12.   14.  -0.31661634E-02   0.00000000E+00   0.11162100E-01   0.00000000E+00
 12.   15.  -0.89020776E-03   0.33223006E-02  -0.11930442E-11   0.00000000E+00
 12.   16.   0.27419779E-02   0.15830817E-02  -0.11162100E-01   0.00000000E+00
 12.   17.   0.24320928E-02  -0.24320928E-02  -0.19336557E-09   0.00000000E+00
 12.   18.  -0.15830816E-02  -0.27419779E-02   0.11162100E-01   0.00000000E+00
 12.   19.  -0.33223006E-02   0.89020772E-03   0.16069617E-09   0.00000000E+00
 12.   20.  -0.87173826E-10   0.31661634E-02  -0.11162100E-01   0.00000000E+00
 12.   21.   0.33223005E-02   0.89020787E-03  -0.50681654E-09   0.00000000E+00
 12.   22.   0.15830818E-02  -0.27419778E-02   0.11162100E-01   0.00000000E+00
 12.   23.  -0.24320927E-02  -0.24320929E-02   0.55648170E-09   0.00000000E+00
 12.   24.  -0.27419780E-02   0.15830815E-02  -0.11162100E-01   0.00000000E+00
 12.   25.   0.89020759E-03   0.33223006E-02  -0.70211790E-09   0.00000000E+00
 12.   26.   0.31661634E-02   0.00000000E+00   0.11162100E-01   0.00000000E+00
 12.   27.  -0.18043429E-01   0.00000000E+00   0.11280638E+00   0.00000000E+00
 12.   28.  -0.57858428E-02   0.21593059E-01   0.73288953E-10   0.00000000E+00
 12.   29.   0.15626068E-01   0.90217144E-02  -0.11280638E+00   0.00000000E+00
 12.   30.   0.15807217E-01  -0.15807216E-01  -0.17377497E-08   0.00000000E+00
 12.   31.  -0.90217141E-02  -0.15626068E-01   0.11280638E+00   0.00000000E+00
 12.   32.  -0.21593059E-01   0.57858426E-02   0.17597738E-08   0.00000000E+00
 12.   33.  -0.60076673E-09   0.18043429E-01  -0.11280638E+00   0.00000000E+00
 12.   34.   0.21593059E-01   0.57858435E-02  -0.52400894E-08   0.00000000E+00
 12.   35.   0.90217152E-02  -0.15626067E-01   0.11280638E+00   0.00000000E+00
 12.   36.  -0.15807216E-01  -0.15807217E-01   0.53798453E-08   0.00000000E+00
 12.   37.  -0.15626068E-01   0.90217134E-02  -0.11280638E+00   0.00000000E+00
 12.   38.   0.57858419E-02   0.21593060E-01  -0.70420474E-08   0.00000000E+00
 12.   39.   0.18043429E-01   0.00000000E+00   0.11280638E+00   0.00000000E+00
 12.   40.  -0.41375408E-01   0.00000000E+00   0.43366578E+00   0.00000000E+00
 12.   41.  -0.16407799E-01   0.61234740E-01   0.14935449E-09   0.00000000E+00
 12.   42.   0.35832154E-01   0.20687704E-01  -0.43366578E+00   0.00000000E+00
 12.   43.   0.44826941E-01  -0.44826941E-01  -0.65927911E-08   0.00000000E+00
 12.   44.  -0.20687703E-01  -0.35832155E-01   0.43366578E+00   0.00000000E+00
 12.   45.  -0.61234741E-01   0.16407799E-01   0.68511452E-08   0.00000000E+00
 12.   46.  -0.17769228E-08   0.41375408E-01  -0.43366578E+00   0.00000000E+00
 12.   47.   0.61234740E-01   0.16407801E-01  -0.20263051E-07   0.00000000E+00
 12.   48.   0.20687706E-01  -0.35832153E-01   0.43366578E+00   0.00000000E+00
 12.   49.  -0.44826940E-01  -0.44826942E-01   0.20566214E-07   0.00000000E+00
 12.   50.  -0.35832156E-01   0.20687701E-01  -0.43366578E+00   0.00000000E+00
 12.   51.   0.16407797E-01   0.61234741E-01  -0.27007153E-07   0.00000000E+00
 12.   52.   0.41375408E-01   0.00000000E+00   0.43366578E+00   0.00000000E+00
 12.   53.  -0.66504230E-01   0.00000000E+00   0.99805296E+00   0.00000000E+00
 12.   54.  -0.28672751E-01   0.10700817E+00   0.28089840E-09   0.00000000E+00
 12.   55.   0.57594353E-01   0.33252115E-01  -0.99805296E+00   0.00000000E+00
 12.   56.   0.78335414E-01  -0.78335413E-01  -0.15079824E-07   0.00000000E+00
 12.   57.  -0.33252114E-01  -0.57594354E-01   0.99805296E+00   0.00000000E+00
 12.   58.  -0.10700817E+00   0.28672751E-01   0.15804542E-07   0.00000000E+00
 12.   59.  -0.31277529E-08   0.66504230E-01  -0.99805296E+00   0.00000000E+00
 12.   60.   0.10700816E+00   0.28672754E-01  -0.46691550E-07   0.00000000E+00
 12.   61.   0.33252119E-01  -0.57594350E-01   0.99805296E+00   0.00000000E+00
 12.   62.  -0.78335412E-01  -0.78335415E-01   0.47301118E-07   0.00000000E+00
 12.   63.  -0.57594356E-01   0.33252110E-01  -0.99805296E+00   0.00000000E+00
 12.   64.   0.28672749E-01   0.10700817E+00  -0.62171007E-07   0.00000000E+00
 12.   65.   0.66504230E-01   0.00000000E+00   0.99805296E+00   0.00000000E+00
 12.   66.   0.66504230E-01   0.00000000E+00   0.99805296E+00   0.00000000E+00
 12.   67.   0.28672751E-01  -0.10700817E+00   0.28145318E-09   0.00000000E+00
 12.   68.  -0.57594353E-01  -0.33252115E-01  -0.99805296E+00   0.00000000E+00
 12.   69.  -0.78335414E-01   0.78335413E-01  -0.15080743E-07   0.00000000E+00
 12.   70.   0.33252114E-01   0.57594354E-01   0.99805296E+00   0.00000000E+00
 12.   71.   0.10700817E+00  -0.28672751E-01   0.15804725E-07   0.00000000E+00
 12.   72.   0.31264638E-08  -0.66504230E-01  -0.99805296E+00   0.00000000E+00
 12.   73.  -0.10700816E+00  -0.28672754E-01  -0.46690790E-07   0.00000000E+00
 12.   74.  -0.33252119E-01   0.57594350E-01   0.99805296E+00   0.00000000E+00
 12.   75.   0.78335412E-01   0.78335415E-01   0.47303070E-07   0.00000000E+00
 12.   76.   0.57594356E-01  -0.33252110E-01  -0.99805296E+00   0.00000000E+00
 12.   77.  -0.28672749E-01  -0.10700817E+00  -0.62171502E-07   0.00000000E+00
 12.   78.  -0.66504230E-01   0.00000000E+00   0.99805296E+00   0.00000000E+00
 13.    1.   0.30118078E-01   0.00000000E+00  -0.97762837E-01   0.00000000E+00
 13.    2.   0.27615833E-01  -0.20779572E-01  -0.69128765E-01   0.00000000E+00
 13.    3.   0.19246760E-01  -0.33336366E-01   0.39573287E-10   0.00000000E+00
 13.    4.   0.41877214E-02  -0.34305799E-01   0.69128765E-01   0.00000000E+00
 13.    5.  -0.15059039E-01  -0.26083020E-01   0.97762837E-01   0.00000000E+00
 13.    6.  -0.31803554E-01  -0.13526227E-01   0.69128766E-01   0.00000000E+00
 13.    7.  -0.38493520E-01  -0.25786437E-09   0.16166475E-08   0.00000000E+00
 13.    8.  -0.31803554E-01   0.13526226E-01  -0.69128763E-01   0.00000000E+00
 13.    9.  -0.15059039E-01   0.26083020E-01  -0.97762837E-01   0.00000000E+00
 13.   10.   0.41877207E-02   0.34305799E-01  -0.69128767E-01   0.00000000E+00
 13.   11.   0.19246760E-01   0.33336367E-01  -0.29522167E-08   0.00000000E+00
 13.   12.   0.27615833E-01   0.20779573E-01   0.69128763E-01   0.00000000E+00
 13.   13.   0.30118078E-01   0.00000000E+00   0.97762837E-01   0.00000000E+00
 13.   14.   0.57823459E-01   0.00000000E+00  -0.60757725E+00   0.00000000E+00
 13.   15.   0.56593620E-01  -0.53233637E-01  -0.42962199E+00   0.00000000E+00
 13.   16.   0.46716602E-01  -0.80915527E-01  -0.63481119E-09   0.00000000E+00
 13.   17.   0.17804872E-01  -0.75628331E-01   0.42962199E+00   0.00000000E+00
 13.   18.  -0.28911729E-01  -0.50076585E-01   0.60757725E+00   0.00000000E+00
 13.   19.  -0.74398491E-01  -0.22394694E-01   0.42962200E+00   0.00000000E+00
 13.   20.  -0.93433203E-01  -0.41580735E-09   0.95354625E-08   0.00000000E+00
 13.   21.  -0.74398493E-01   0.22394693E-01  -0.42962198E+00   0.00000000E+00
 13.   22.  -0.28911731E-01   0.50076583E-01  -0.60757725E+00   0.00000000E+00
 13.   23.   0.17804871E-01   0.75628330E-01  -0.42962200E+00   0.00000000E+00
 13.   24.   0.46716601E-01   0.80915528E-01  -0.18409904E-07   0.00000000E+00
 13.   25.   0.56593620E-01   0.53233639E-01   0.42962198E+00   0.00000000E+00
 13.   26.   0.57823459E-01   0.00000000E+00   0.60757725E+00   0.00000000E+00
 13.   27.  -0.70614016E-02   0.00000000E+00  -0.97665037E+00   0.00000000E+00
 13.   28.   0.12844955E-01  -0.67230133E-01  -0.69059610E+00   0.00000000E+00
 13.   29.   0.48269825E-01  -0.83605789E-01  -0.11130079E-08   0.00000000E+00
 13.   30.   0.51800526E-01  -0.44739125E-01   0.69059610E+00   0.00000000E+00
 13.   31.   0.35307015E-02   0.61153528E-02   0.97665037E+00   0.00000000E+00
 13.   32.  -0.64645480E-01   0.22491009E-01   0.69059611E+00   0.00000000E+00
 13.   33.  -0.96539650E-01   0.62296331E-09   0.15311727E-07   0.00000000E+00
 13.   34.  -0.64645483E-01  -0.22491009E-01  -0.69059609E+00   0.00000000E+00
 13.   35.   0.35306988E-02  -0.61153543E-02  -0.97665037E+00   0.00000000E+00
 13.   36.   0.51800525E-01   0.44739123E-01  -0.69059612E+00   0.00000000E+00
 13.   37.   0.48269826E-01   0.83605789E-01  -0.29513282E-07   0.00000000E+00
 13.   38.   0.12844957E-01   0.67230135E-01   0.69059608E+00   0.00000000E+00
 13.   39.  -0.70614016E-02   0.00000000E+00   0.97665037E+00   0.00000000E+00
 13.   40.  -0.10668464E+00   0.00000000E+00  -0.32106983E+00   0.00000000E+00
 13.   41.  -0.68616368E-01  -0.35388088E-01  -0.22703066E+00   0.00000000E+00
 13.   42.   0.11612847E-01  -0.20114041E-01  -0.39786612E-09   0.00000000E+00
 13.   43.   0.64955167E-01   0.41729473E-01   0.22703065E+00   0.00000000E+00
 13.   44.   0.53342321E-01   0.92391609E-01   0.32106983E+00   0.00000000E+00
 13.   45.   0.36612010E-02   0.77117562E-01   0.22703066E+00   0.00000000E+00
 13.   46.  -0.23225694E-01   0.17968736E-08   0.50035786E-08   0.00000000E+00
 13.   47.   0.36611991E-02  -0.77117560E-01  -0.22703065E+00   0.00000000E+00
 13.   48.   0.53342319E-01  -0.92391610E-01  -0.32106983E+00   0.00000000E+00
 13.   49.   0.64955168E-01  -0.41729476E-01  -0.22703066E+00   0.00000000E+00
 13.   50.   0.11612850E-01   0.20114039E-01  -0.97072246E-08   0.00000000E+00
 13.   51.  -0.68616365E-01   0.35388089E-01   0.22703065E+00   0.00000000E+00
 13.   52.  -0.10668464E+00   0.00000000E+00   0.32106983E+00   0.00000000E+00
 13.   53.  -0.12741300E+00   0.00000000E+00   0.99993263E+00   0.00000000E+00
 13.   54.  -0.96623945E-01   0.12506696E-01   0.70705914E+00   0.00000000E+00
 13.   55.  -0.26225642E-01   0.45424144E-01   0.10667771E-08   0.00000000E+00
 13.   56.   0.37480855E-01   0.89932139E-01  -0.70705914E+00   0.00000000E+00
 13.   57.   0.63706498E-01   0.11034289E+00  -0.99993263E+00   0.00000000E+00
 13.   58.   0.59143089E-01   0.77425444E-01  -0.70705915E+00   0.00000000E+00
 13.   59.   0.52451283E-01   0.17287313E-08  -0.15698469E-07   0.00000000E+00
 13.   60.   0.59143089E-01  -0.77425441E-01   0.70705913E+00   0.00000000E+00
 13.   61.   0.63706498E-01  -0.11034289E+00   0.99993263E+00   0.00000000E+00
 13.   62.   0.37480857E-01  -0.89932141E-01   0.70705916E+00   0.00000000E+00
 13.   63.  -0.26225639E-01  -0.45424146E-01   0.30111502E-07   0.00000000E+00
 13.   64.  -0.96623943E-01  -0.12506697E-01  -0.70705912E+00   0.00000000E+00
 13.   65.  -0.12741300E+00   0.00000000E+00  -0.99993263E+00   0.00000000E+00
 13.   66.   0.12741300E+00   0.00000000E+00   0.99993263E+00   0.00000000E+00
 13.   67.   0.96623945E-01  -0.12506696E-01   0.70705914E+00   0.00000000E+00
 13.   68.   0.26225642E-01  -0.45424144E-01   0.10684965E-08   0.00000000E+00
 13.   69.  -0.37480855E-01  -0.89932139E-01  -0.70705914E+00   0.00000000E+00
 13.   70.  -0.63706498E-01  -0.11034289E+00  -0.99993263E+00   0.00000000E+00
 13.   71.  -0.59143089E-01  -0.77425444E-01  -0.70705915E+00   0.00000000E+00
 13.   72.  -0.52451283E-01  -0.17219069E-08  -0.15698430E-07   0.00000000E+00
 13.   73.  -0.59143089E-01   0.77425441E-01   0.70705913E+00   0.00000000E+00
 13.   74.  -0.63706498E-01   0.11034289E+00   0.99993263E+00   0.00000000E+00
 13.   75.  -0.37480857E-01   0.89932141E-01   0.70705916E+00   0.00000000E+00
 13.   76.   0.26225639E-01   0.45424146E-01   0.30112127E-07   0.00000000E+00
 13.   77.   0.96623943E-01   0.12506697E-01  -0.70705912E+00   0.00000000E+00
 13.   78.   0.12741300E+00   0.00000000E+00  -0.99993263E+00   0.00000000E+00
 14.    1.   0.39847804E-01   0.00000000E+00   0.99725808E+00   0.00000000E+00
 14.    2.   0.30446855E-01   0.35084821E-01   0.96327734E+00   0.00000000E+00
 14.    3.   0.47629835E-02   0.60768692E-01   0.86365083E+00   0.00000000E+00
 14.    4.  -0.30321837E-01   0.70169641E-01   0.70516795E+00   0.00000000E+00
 14.    5.  -0.65406657E-01   0.60768692E-01   0.49862904E+00   0.00000000E+00
 14.    6.  -0.91090529E-01   0.35084821E-01   0.25810939E+00   0.00000000E+00
 14.    7.  -0.10049148E+00   0.74755797E-09   0.52805674E-08   0.00000000E+00
 14.    8.  -0.91090530E-01  -0.35084820E-01  -0.25810938E+00   0.00000000E+00
 14.    9.  -0.65406659E-01  -0.60768691E-01  -0.49862903E+00   0.00000000E+00
 14.   10.  -0.30321838E-01  -0.70169641E-01  -0.70516795E+00   0.00000000E+00
 14.   11.   0.47629822E-02  -0.60768693E-01  -0.86365083E+00   0.00000000E+00
 14.   12.   0.30446854E-01  -0.35084822E-01  -0.96327733E+00   0.00000000E+00
 14.   13.   0.39847804E-01   0.00000000E+00  -0.99725808E+00   0.00000000E+00
 14.   14.   0.75063905E-01   0.00000000E+00   0.43625193E+00   0.00000000E+00
 14.   15.   0.68535434E-01   0.24364584E-01   0.42138700E+00   0.00000000E+00
 14.   16.   0.50699321E-01   0.42200697E-01   0.37780525E+00   0.00000000E+00
 14.   17.   0.26334738E-01   0.48729167E-01   0.30847670E+00   0.00000000E+00
 14.   18.   0.19701543E-02   0.42200697E-01   0.21812597E+00   0.00000000E+00
 14.   19.  -0.15865959E-01   0.24364584E-01   0.11291031E+00   0.00000000E+00
 14.   20.  -0.22394429E-01   0.51612602E-09   0.22959244E-08   0.00000000E+00
 14.   21.  -0.15865959E-01  -0.24364583E-01  -0.11291030E+00   0.00000000E+00
 14.   22.   0.19701534E-02  -0.42200696E-01  -0.21812596E+00   0.00000000E+00
 14.   23.   0.26334737E-01  -0.48729167E-01  -0.30847669E+00   0.00000000E+00
 14.   24.   0.50699320E-01  -0.42200697E-01  -0.37780525E+00   0.00000000E+00
 14.   25.   0.68535434E-01  -0.24364584E-01  -0.42138700E+00   0.00000000E+00
 14.   26.   0.75063905E-01   0.00000000E+00  -0.43625193E+00   0.00000000E+00
 14.   27.   0.40844750E-01   0.00000000E+00  -0.30224366E+00   0.00000000E+00
 14.   28.   0.38774494E-01   0.77262993E-02  -0.29194496E+00   0.00000000E+00
 14.   29.   0.33118451E-01   0.13382343E-01  -0.26175069E+00   0.00000000E+00
 14.   30.   0.25392152E-01   0.15452598E-01  -0.21371854E+00   0.00000000E+00
 14.   31.   0.17665852E-01   0.13382343E-01  -0.15112183E+00   0.00000000E+00
 14.   32.   0.12009809E-01   0.77262993E-02  -0.78226416E-01   0.00000000E+00
 14.   33.   0.99395531E-02   0.17006019E-09  -0.15732784E-08   0.00000000E+00
 14.   34.   0.12009809E-01  -0.77262990E-02   0.78226413E-01   0.00000000E+00
 14.   35.   0.17665852E-01  -0.13382343E-01   0.15112183E+00   0.00000000E+00
 14.   36.   0.25392151E-01  -0.15452598E-01   0.21371854E+00   0.00000000E+00
 14.   37.   0.33118451E-01  -0.13382343E-01   0.26175069E+00   0.00000000E+00
 14.   38.   0.38774494E-01  -0.77262995E-02   0.29194496E+00   0.00000000E+00
 14.   39.   0.40844750E-01   0.00000000E+00   0.30224366E+00   0.00000000E+00
 14.   40.  -0.50240092E-01   0.00000000E+00  -0.23125608E+00   0.00000000E+00
 14.   41.  -0.46501216E-01  -0.13953675E-01  -0.22337622E+00   0.00000000E+00
 14.   42.  -0.36286416E-01  -0.24168475E-01  -0.20027364E+00   0.00000000E+00
 14.   43.  -0.22332741E-01  -0.27907351E-01  -0.16352275E+00   0.00000000E+00
 14.   44.  -0.83790656E-02  -0.24168475E-01  -0.11562804E+00   0.00000000E+00
 14.   45.   0.18357337E-02  -0.13953675E-01  -0.59853479E-01   0.00000000E+00
 14.   46.   0.55746099E-02  -0.28631640E-09  -0.12115818E-08   0.00000000E+00
 14.   47.   0.18357340E-02   0.13953675E-01   0.59853477E-01   0.00000000E+00
 14.   48.  -0.83790651E-02   0.24168474E-01   0.11562804E+00   0.00000000E+00
 14.   49.  -0.22332740E-01   0.27907351E-01   0.16352274E+00   0.00000000E+00
 14.   50.  -0.36286416E-01   0.24168475E-01   0.20027364E+00   0.00000000E+00
 14.   51.  -0.46501215E-01   0.13953676E-01   0.22337622E+00   0.00000000E+00
 14.   52.  -0.50240092E-01   0.00000000E+00   0.23125608E+00   0.00000000E+00
 14.   53.  -0.73375823E-01   0.00000000E+00   0.50290976E+00   0.00000000E+00
 14.   54.  -0.69039167E-01  -0.16184620E-01   0.48577353E+00   0.00000000E+00
 14.   55.  -0.57191203E-01  -0.28032584E-01   0.43553263E+00   0.00000000E+00
 14.   56.  -0.41006583E-01  -0.32369240E-01   0.35561090E+00   0.00000000E+00
 14.   57.  -0.24821963E-01  -0.28032584E-01   0.25145488E+00   0.00000000E+00
 14.   58.  -0.12973999E-01  -0.16184620E-01   0.13016263E+00   0.00000000E+00
 14.   59.  -0.86373427E-02  -0.33480142E-09   0.26591589E-08   0.00000000E+00
 14.   60.  -0.12973998E-01   0.16184620E-01  -0.13016262E+00   0.00000000E+00
 14.   61.  -0.24821962E-01   0.28032584E-01  -0.25145488E+00   0.00000000E+00
 14.   62.  -0.41006582E-01   0.32369240E-01  -0.35561090E+00   0.00000000E+00
 14.   63.  -0.57191202E-01   0.28032584E-01  -0.43553263E+00   0.00000000E+00
 14.   64.  -0.69039166E-01   0.16184621E-01  -0.48577353E+00   0.00000000E+00
 14.   65.  -0.73375823E-01   0.00000000E+00  -0.50290976E+00   0.00000000E+00
 14.   66.   0.73375823E-01   0.00000000E+00   0.50290976E+00   0.00000000E+00
 14.   67.   0.69039167E-01   0.16184620E-01   0.48577353E+00   0.00000000E+00
 14.   68.   0.57191203E-01   0.28032584E-01   0.43553263E+00   0.00000000E+00
 14.   69.   0.41006583E-01   0.32369240E-01   0.35561090E+00   0.00000000E+00
 14.   70.   0.24821963E-01   0.28032584E-01   0.25145488E+00   0.00000000E+00
 14.   71.   0.12973999E-01   0.16184620E-01   0.13016263E+00   0.00000000E+00
 14.   72.   0.86373427E-02   0.34703261E-09   0.26587470E-08   0.00000000E+00
 14.   73.   0.12973998E-01  -0.16184620E-01  -0.13016262E+00   0.00000000E+00
 14.   74.   0.24821962E-01  -0.28032584E-01  -0.25145488E+00   0.00000000E+00
 14.   75.   0.41006582E-01  -0.32369240E-01  -0.35561090E+00   0.00000000E+00
 14.   76.   0.57191202E-01  -0.28032584E-01  -0.43553263E+00   0.00000000E+00
 14.   77.   0.69039166E-01  -0.16184621E-01  -0.48577353E+00   0.00000000E+00
 14.   78.   0.73375823E-01   0.00000000E+00  -0.50290976E+00   0.00000000E+00
 15.    1.  -0.32974576E-04   0.00000000E+00   0.19417560E-04   0.00000000E+00
 15.    2.   0.38857232E-06   0.31524491E-04  -0.50254190E-05   0.00000000E+00
 15.    3.   0.32586049E-04   0.67302393E-06  -0.16815789E-04   0.00000000E+00
 15.    4.  -0.77710109E-06  -0.32197454E-04   0.13730323E-04   0.00000000E+00
 15.    5.  -0.31808911E-04  -0.67297440E-06   0.97088572E-05   0.00000000E+00
 15.    6.   0.38856129E-06   0.32870509E-04  -0.18755582E-04   0.00000000E+00
 15.    7.   0.31420359E-04   0.33034934E-10   0.18068818E-09   0.00000000E+00
 15.    8.   0.38854169E-06  -0.32870454E-04   0.18755932E-04   0.00000000E+00
 15.    9.  -0.31808946E-04   0.67301965E-06  -0.97085229E-05   0.00000000E+00
 15.   10.  -0.77714233E-06   0.32197498E-04  -0.13729999E-04   0.00000000E+00
 15.   11.   0.32586003E-04  -0.67297910E-06   0.16816125E-04   0.00000000E+00
 15.   12.   0.38852629E-06  -0.31524465E-04   0.50257704E-05   0.00000000E+00
 15.   13.  -0.32974628E-04   0.00000000E+00  -0.19417208E-04   0.00000000E+00
 15.   14.  -0.18761724E-02   0.00000000E+00   0.56966644E-02   0.00000000E+00
 15.   15.  -0.41216797E-04   0.20299956E-02  -0.14744053E-02   0.00000000E+00
 15.   16.   0.19173892E-02  -0.71389576E-04  -0.49334562E-02   0.00000000E+00
 15.   17.   0.82433641E-04  -0.19586060E-02   0.40281498E-02   0.00000000E+00
 15.   18.  -0.19998228E-02   0.71389563E-04   0.28483322E-02   0.00000000E+00
 15.   19.  -0.41216828E-04   0.18872164E-02  -0.55025552E-02   0.00000000E+00
 15.   20.   0.20410396E-02   0.59907798E-10  -0.22347461E-09   0.00000000E+00
 15.   21.  -0.41216721E-04  -0.18872164E-02   0.55025553E-02   0.00000000E+00
 15.   22.  -0.19998228E-02  -0.71389679E-04  -0.28483320E-02   0.00000000E+00
 15.   23.   0.82433504E-04   0.19586060E-02  -0.40281503E-02   0.00000000E+00
 15.   24.   0.19173892E-02   0.71389720E-04   0.49334558E-02   0.00000000E+00
 15.   25.  -0.41216692E-04  -0.20299956E-02   0.14744056E-02   0.00000000E+00
 15.   26.  -0.18761724E-02   0.00000000E+00  -0.56966644E-02   0.00000000E+00
 15.   27.  -0.15465205E-01   0.00000000E+00   0.83815572E-01   0.00000000E+00
 15.   28.  -0.96184714E-03   0.19054867E-01  -0.21693066E-01   0.00000000E+00
 15.   29.   0.16427052E-01  -0.16659681E-02  -0.72586414E-01   0.00000000E+00
 15.   30.   0.19236945E-02  -0.17388899E-01   0.59266558E-01   0.00000000E+00
 15.   31.  -0.18350746E-01   0.16659678E-02   0.41907787E-01   0.00000000E+00
 15.   32.  -0.96184744E-03   0.15722931E-01  -0.80959625E-01   0.00000000E+00
 15.   33.   0.19312593E-01   0.46197427E-09  -0.30409149E-08   0.00000000E+00
 15.   34.  -0.96184622E-03  -0.15722931E-01   0.80959626E-01   0.00000000E+00
 15.   35.  -0.18350746E-01  -0.16659689E-02  -0.41907782E-01   0.00000000E+00
 15.   36.   0.19236934E-02   0.17388899E-01  -0.59266562E-01   0.00000000E+00
 15.   37.   0.16427052E-01   0.16659692E-02   0.72586411E-01   0.00000000E+00
 15.   38.  -0.96184618E-03  -0.19054867E-01   0.21693072E-01   0.00000000E+00
 15.   39.  -0.15465205E-01   0.00000000E+00  -0.83815572E-01   0.00000000E+00
 15.   40.  -0.42369779E-01   0.00000000E+00   0.39346663E+00   0.00000000E+00
 15.   41.  -0.61302310E-02   0.65248113E-01  -0.10183666E+00   0.00000000E+00
 15.   42.   0.48500010E-01  -0.10617871E-01  -0.34075210E+00   0.00000000E+00
 15.   43.   0.12260463E-01  -0.54630241E-01   0.27822292E+00   0.00000000E+00
 15.   44.  -0.60760472E-01   0.10617871E-01   0.19673332E+00   0.00000000E+00
 15.   45.  -0.61302321E-02   0.44012370E-01  -0.38005958E+00   0.00000000E+00
 15.   46.   0.66890703E-01   0.11927892E-08  -0.14359150E-07   0.00000000E+00
 15.   47.  -0.61302278E-02  -0.44012369E-01   0.38005958E+00   0.00000000E+00
 15.   48.  -0.60760473E-01  -0.10617874E-01  -0.19673330E+00   0.00000000E+00
 15.   49.   0.12260459E-01   0.54630240E-01  -0.27822294E+00   0.00000000E+00
 15.   50.   0.48500011E-01   0.10617875E-01   0.34075208E+00   0.00000000E+00
 15.   51.  -0.61302285E-02  -0.65248112E-01   0.10183668E+00   0.00000000E+00
 15.   52.  -0.42369779E-01   0.00000000E+00  -0.39346663E+00   0.00000000E+00
 15.   53.  -0.74204321E-01   0.00000000E+00   0.99733762E+00   0.00000000E+00
 15.   54.  -0.13434125E-01   0.12434116E+00  -0.25812997E+00   0.00000000E+00
 15.   55.   0.87638446E-01  -0.23268587E-01  -0.86371971E+00   0.00000000E+00
 15.   56.   0.26868251E-01  -0.10107257E+00   0.70522418E+00   0.00000000E+00
 15.   57.  -0.11450670E+00   0.23268586E-01   0.49866882E+00   0.00000000E+00
 15.   58.  -0.13434127E-01   0.77803984E-01  -0.96335416E+00   0.00000000E+00
 15.   59.   0.12794082E+00   0.20196691E-08  -0.36322723E-07   0.00000000E+00
 15.   60.  -0.13434119E-01  -0.77803983E-01   0.96335417E+00   0.00000000E+00
 15.   61.  -0.11450670E+00  -0.23268591E-01  -0.49866876E+00   0.00000000E+00
 15.   62.   0.26868245E-01   0.10107257E+00  -0.70522423E+00   0.00000000E+00
 15.   63.   0.87638448E-01   0.23268594E-01   0.86371968E+00   0.00000000E+00
 15.   64.  -0.13434121E-01  -0.12434116E+00   0.25813004E+00   0.00000000E+00
 15.   65.  -0.74204321E-01   0.00000000E+00  -0.99733762E+00   0.00000000E+00
 15.   66.   0.74204321E-01   0.00000000E+00   0.99733762E+00   0.00000000E+00
 15.   67.   0.13434125E-01  -0.12434116E+00  -0.25812997E+00   0.00000000E+00
 15.   68.  -0.87638446E-01   0.23268587E-01  -0.86371971E+00   0.00000000E+00
 15.   69.  -0.26868251E-01   0.10107257E+00   0.70522418E+00   0.00000000E+00
 15.   70.   0.11450670E+00  -0.23268586E-01   0.49866882E+00   0.00000000E+00
 15.   71.   0.13434127E-01  -0.77803984E-01  -0.96335416E+00   0.00000000E+00
 15.   72.  -0.12794082E+00  -0.20361175E-08  -0.36325637E-07   0.00000000E+00
 15.   73.   0.13434119E-01   0.77803983E-01   0.96335417E+00   0.00000000E+00
 15.   74.   0.11450670E+00   0.23268591E-01  -0.49866876E+00   0.00000000E+00
 15.   75.  -0.26868245E-01  -0.10107257E+00  -0.70522423E+00   0.00000000E+00
 15.   76.  -0.87638448E-01  -0.23268594E-01   0.86371968E+00   0.00000000E+00
 15.   77.   0.13434121E-01   0.12434116E+00   0.25813004E+00   0.00000000E+00
 15.   78.   0.74204321E-01   0.00000000E+00  -0.99733762E+00   0.00000000E+00
 16.    1.   0.13793260E-01   0.00000000E+00  -0.28039909E-01   0.00000000E+00
 16.    2.   0.10305366E-01  -0.11813619E-01  -0.14019955E-01   0.00000000E+00
 16.    3.   0.10664956E-02  -0.15640485E-01   0.14019955E-01   0.00000000E+00
 16.    4.  -0.97533075E-02  -0.97533077E-02   0.28039909E-01   0.00000000E+00
 16.    5.  -0.15640485E-01   0.10664955E-02   0.14019955E-01   0.00000000E+00
 16.    6.  -0.11813619E-01   0.10305366E-01  -0.14019954E-01   0.00000000E+00
 16.    7.  -0.27199511E-09   0.13793260E-01  -0.28039909E-01   0.00000000E+00
 16.    8.   0.11813619E-01   0.10305367E-01  -0.14019955E-01   0.00000000E+00
 16.    9.   0.15640485E-01   0.10664960E-02   0.14019954E-01   0.00000000E+00
 16.   10.   0.97533079E-02  -0.97533073E-02   0.28039909E-01   0.00000000E+00
 16.   11.  -0.10664952E-02  -0.15640484E-01   0.14019956E-01   0.00000000E+00
 16.   12.  -0.10305366E-01  -0.11813619E-01  -0.14019954E-01   0.00000000E+00
 16.   13.  -0.13793260E-01   0.00000000E+00  -0.28039909E-01   0.00000000E+00
 16.   14.   0.57225255E-01   0.00000000E+00  -0.39832153E+00   0.00000000E+00
 16.   15.   0.45869206E-01  -0.60635505E-01  -0.19916076E+00   0.00000000E+00
 16.   16.   0.10441350E-01  -0.75310204E-01   0.19916076E+00   0.00000000E+00
 16.   17.  -0.40464365E-01  -0.40464366E-01   0.39832153E+00   0.00000000E+00
 16.   18.  -0.75310204E-01   0.10441350E-01   0.19916077E+00   0.00000000E+00
 16.   19.  -0.60635506E-01   0.45869206E-01  -0.19916076E+00   0.00000000E+00
 16.   20.  -0.14033361E-08   0.57225255E-01  -0.39832153E+00   0.00000000E+00
 16.   21.   0.60635504E-01   0.45869207E-01  -0.19916078E+00   0.00000000E+00
 16.   22.   0.75310204E-01   0.10441351E-01   0.19916075E+00   0.00000000E+00
 16.   23.   0.40464367E-01  -0.40464364E-01   0.39832153E+00   0.00000000E+00
 16.   24.  -0.10441348E-01  -0.75310203E-01   0.19916078E+00   0.00000000E+00
 16.   25.  -0.45869206E-01  -0.60635507E-01  -0.19916075E+00   0.00000000E+00
 16.   26.  -0.57225255E-01   0.00000000E+00  -0.39832153E+00   0.00000000E+00
 16.   27.   0.19196300E-01   0.00000000E+00  -0.94998919E+00   0.00000000E+00
 16.   28.   0.37220774E-01  -0.10182542E+00  -0.47499460E+00   0.00000000E+00
 16.   29.   0.45682382E-01  -0.98320506E-01   0.47499459E+00   0.00000000E+00
 16.   30.  -0.13573833E-01  -0.13573835E-01   0.94998919E+00   0.00000000E+00
 16.   31.  -0.98320505E-01   0.45682381E-01   0.47499460E+00   0.00000000E+00
 16.   32.  -0.10182542E+00   0.37220775E-01  -0.47499459E+00   0.00000000E+00
 16.   33.  -0.25092218E-08   0.19196300E-01  -0.94998919E+00   0.00000000E+00
 16.   34.   0.10182542E+00   0.37220774E-01  -0.47499462E+00   0.00000000E+00
 16.   35.   0.98320507E-01   0.45682382E-01   0.47499457E+00   0.00000000E+00
 16.   36.   0.13573836E-01  -0.13573831E-01   0.94998919E+00   0.00000000E+00
 16.   37.  -0.45682381E-01  -0.98320503E-01   0.47499463E+00   0.00000000E+00
 16.   38.  -0.37220776E-01  -0.10182542E+00  -0.47499456E+00   0.00000000E+00
 16.   39.  -0.19196300E-01   0.00000000E+00  -0.94998919E+00   0.00000000E+00
 16.   40.  -0.10863753E+00   0.00000000E+00  -0.45337985E+00   0.00000000E+00
 16.   41.  -0.42684000E-01  -0.50572733E-01  -0.22668993E+00   0.00000000E+00
 16.   42.   0.65942468E-01  -0.55781765E-02   0.22668993E+00   0.00000000E+00
 16.   43.   0.76818334E-01   0.76818333E-01   0.45337985E+00   0.00000000E+00
 16.   44.  -0.55781755E-02   0.65942469E-01   0.22668993E+00   0.00000000E+00
 16.   45.  -0.50572733E-01  -0.42683999E-01  -0.22668992E+00   0.00000000E+00
 16.   46.  -0.14867549E-08  -0.10863753E+00  -0.45337985E+00   0.00000000E+00
 16.   47.   0.50572732E-01  -0.42684003E-01  -0.22668994E+00   0.00000000E+00
 16.   48.   0.55781789E-02   0.65942466E-01   0.22668991E+00   0.00000000E+00
 16.   49.  -0.76818332E-01   0.76818335E-01   0.45337985E+00   0.00000000E+00
 16.   50.  -0.65942471E-01  -0.55781730E-02   0.22668994E+00   0.00000000E+00
 16.   51.   0.42683995E-01  -0.50572733E-01  -0.22668991E+00   0.00000000E+00
 16.   52.   0.10863753E+00   0.00000000E+00  -0.45337985E+00   0.00000000E+00
 16.   53.  -0.14382995E+00   0.00000000E+00   0.99962914E+00   0.00000000E+00
 16.   54.  -0.84855294E-01   0.38826146E-01   0.49981457E+00   0.00000000E+00
 16.   55.   0.32547522E-01   0.87455985E-01  -0.49981457E+00   0.00000000E+00
 16.   56.   0.10170313E+00   0.10170313E+00  -0.99962914E+00   0.00000000E+00
 16.   57.   0.87455985E-01   0.32547523E-01  -0.49981458E+00   0.00000000E+00
 16.   58.   0.38826147E-01  -0.84855293E-01   0.49981456E+00   0.00000000E+00
 16.   59.   0.68228026E-09  -0.14382995E+00   0.99962914E+00   0.00000000E+00
 16.   60.  -0.38826145E-01  -0.84855297E-01   0.49981460E+00   0.00000000E+00
 16.   61.  -0.87455984E-01   0.32547519E-01  -0.49981454E+00   0.00000000E+00
 16.   62.  -0.10170313E+00   0.10170313E+00  -0.99962914E+00   0.00000000E+00
 16.   63.  -0.32547527E-01   0.87455987E-01  -0.49981461E+00   0.00000000E+00
 16.   64.   0.84855290E-01   0.38826148E-01   0.49981453E+00   0.00000000E+00
 16.   65.   0.14382995E+00   0.00000000E+00   0.99962914E+00   0.00000000E+00
 16.   66.   0.14382995E+00   0.00000000E+00   0.99962914E+00   0.00000000E+00
 16.   67.   0.84855294E-01  -0.38826146E-01   0.49981457E+00   0.00000000E+00
 16.   68.  -0.32547522E-01  -0.87455985E-01  -0.49981457E+00   0.00000000E+00
 16.   69.  -0.10170313E+00  -0.10170313E+00  -0.99962914E+00   0.00000000E+00
 16.   70.  -0.87455985E-01  -0.32547523E-01  -0.49981458E+00   0.00000000E+00
 16.   71.  -0.38826147E-01   0.84855293E-01   0.49981456E+00   0.00000000E+00
 16.   72.  -0.68409177E-09   0.14382995E+00   0.99962914E+00   0.00000000E+00
 16.   73.   0.38826145E-01   0.84855297E-01   0.49981460E+00   0.00000000E+00
 16.   74.   0.87455984E-01  -0.32547519E-01  -0.49981454E+00   0.00000000E+00
 16.   75.   0.10170313E+00  -0.10170313E+00  -0.99962914E+00   0.00000000E+00
 16.   76.   0.32547527E-01  -0.87455987E-01  -0.49981461E+00   0.00000000E+00
 16.   77.  -0.84855290E-01  -0.38826148E-01   0.49981453E+00   0.00000000E+00
 16.   78.  -0.14382995E+00   0.00000000E+00   0.99962914E+00   0.00000000E+00
 17.    1.  -0.91950933E-05   0.00000000E+00   0.40225439E-05   0.00000000E+00
 17.    2.   0.25031623E-05   0.84212430E-05  -0.20114955E-05   0.00000000E+00
 17.    3.   0.77247144E-05  -0.41846984E-05  -0.20114880E-05   0.00000000E+00
 17.    4.  -0.65019253E-05  -0.65018662E-05   0.40225227E-05   0.00000000E+00
 17.    5.  -0.41847322E-05   0.77247985E-05  -0.20115812E-05   0.00000000E+00
 17.    6.   0.84212319E-05   0.25032472E-05  -0.20116469E-05   0.00000000E+00
 17.    7.  -0.40118453E-11  -0.91950315E-05   0.40223701E-05   0.00000000E+00
 17.    8.  -0.84212568E-05   0.25032113E-05  -0.20116626E-05   0.00000000E+00
 17.    9.   0.41847052E-05   0.77247656E-05  -0.20116282E-05   0.00000000E+00
 17.   10.   0.65019195E-05  -0.65018562E-05   0.40225267E-05   0.00000000E+00
 17.   11.  -0.77247306E-05  -0.41846558E-05  -0.20113656E-05   0.00000000E+00
 17.   12.  -0.25031839E-05   0.84212849E-05  -0.20112613E-05   0.00000000E+00
 17.   13.   0.91950796E-05   0.00000000E+00   0.40228167E-05   0.00000000E+00
 17.   14.  -0.10872264E-02   0.00000000E+00   0.29024524E-02   0.00000000E+00
 17.   15.   0.25970450E-03   0.11311297E-02  -0.14512257E-02   0.00000000E+00
 17.   16.   0.98346825E-03  -0.61619059E-03  -0.14512258E-02   0.00000000E+00
 17.   17.  -0.76878521E-03  -0.76878517E-03   0.29024522E-02   0.00000000E+00
 17.   18.  -0.61619067E-03   0.98346829E-03  -0.14512261E-02   0.00000000E+00
 17.   19.   0.11311296E-02   0.25970454E-03  -0.14512263E-02   0.00000000E+00
 17.   20.   0.44903492E-10  -0.10872265E-02   0.29024519E-02   0.00000000E+00
 17.   21.  -0.11311297E-02   0.25970445E-03  -0.14512260E-02   0.00000000E+00
 17.   22.   0.61619058E-03   0.98346831E-03  -0.14512262E-02   0.00000000E+00
 17.   23.   0.76878524E-03  -0.76878513E-03   0.29024522E-02   0.00000000E+00
 17.   24.  -0.98346824E-03  -0.61619067E-03  -0.14512256E-02   0.00000000E+00
 17.   25.  -0.25970460E-03   0.11311296E-02  -0.14512260E-02   0.00000000E+00
 17.   26.   0.10872264E-02   0.00000000E+00   0.29024524E-02   0.00000000E+00
 17.   27.  -0.13020584E-01   0.00000000E+00   0.62286707E-01   0.00000000E+00
 17.   28.   0.26258952E-02   0.15353863E-01  -0.31143354E-01   0.00000000E+00
 17.   29.   0.12713609E-01  -0.90000322E-02  -0.31143354E-01   0.00000000E+00
 17.   30.  -0.92069430E-02  -0.92069435E-02   0.62286707E-01   0.00000000E+00
 17.   31.  -0.90000325E-02   0.12713609E-01  -0.31143352E-01   0.00000000E+00
 17.   32.   0.15353863E-01   0.26258953E-02  -0.31143355E-01   0.00000000E+00
 17.   33.   0.59335303E-09  -0.13020584E-01   0.62286707E-01   0.00000000E+00
 17.   34.  -0.15353863E-01   0.26258944E-02  -0.31143350E-01   0.00000000E+00
 17.   35.   0.90000316E-02   0.12713609E-01  -0.31143357E-01   0.00000000E+00
 17.   36.   0.92069439E-02  -0.92069426E-02   0.62286707E-01   0.00000000E+00
 17.   37.  -0.12713608E-01  -0.90000332E-02  -0.31143349E-01   0.00000000E+00
 17.   38.  -0.26258961E-02   0.15353862E-01  -0.31143358E-01   0.00000000E+00
 17.   39.   0.13020584E-01   0.00000000E+00   0.62286707E-01   0.00000000E+00
 17.   40.  -0.42884611E-01   0.00000000E+00   0.35777288E+00   0.00000000E+00
 17.   41.   0.51879683E-02   0.63484945E-01  -0.17888644E+00   0.00000000E+00
 17.   42.   0.48559083E-01  -0.41222188E-01  -0.17888644E+00   0.00000000E+00
 17.   43.  -0.30323998E-01  -0.30324000E-01   0.35777288E+00   0.00000000E+00
 17.   44.  -0.41222189E-01   0.48559083E-01  -0.17888644E+00   0.00000000E+00
 17.   45.   0.63484945E-01   0.51879691E-02  -0.17888645E+00   0.00000000E+00
 17.   46.   0.26760073E-08  -0.42884611E-01   0.35777288E+00   0.00000000E+00
 17.   47.  -0.63484947E-01   0.51879661E-02  -0.17888642E+00   0.00000000E+00
 17.   48.   0.41222185E-01   0.48559084E-01  -0.17888646E+00   0.00000000E+00
 17.   49.   0.30324002E-01  -0.30323997E-01   0.35777288E+00   0.00000000E+00
 17.   50.  -0.48559082E-01  -0.41222191E-01  -0.17888642E+00   0.00000000E+00
 17.   51.  -0.51879714E-02   0.63484943E-01  -0.17888647E+00   0.00000000E+00
 17.   52.   0.42884611E-01   0.00000000E+00   0.35777288E+00   0.00000000E+00
 17.   53.  -0.81711070E-01   0.00000000E+00   0.99652817E+00   0.00000000E+00
 17.   54.   0.70288601E-02   0.13162160E+00  -0.49826408E+00   0.00000000E+00
 17.   55.   0.98040682E-01  -0.88100373E-01  -0.49826409E+00   0.00000000E+00
 17.   56.  -0.57778450E-01  -0.57778454E-01   0.99652817E+00   0.00000000E+00
 17.   57.  -0.88100375E-01   0.98040682E-01  -0.49826407E+00   0.00000000E+00
 17.   58.   0.13162160E+00   0.70288617E-02  -0.49826410E+00   0.00000000E+00
 17.   59.   0.56095366E-08  -0.81711070E-01   0.99652817E+00   0.00000000E+00
 17.   60.  -0.13162161E+00   0.70288558E-02  -0.49826403E+00   0.00000000E+00
 17.   61.   0.88100368E-01   0.98040683E-01  -0.49826414E+00   0.00000000E+00
 17.   62.   0.57778458E-01  -0.57778446E-01   0.99652817E+00   0.00000000E+00
 17.   63.  -0.98040681E-01  -0.88100380E-01  -0.49826402E+00   0.00000000E+00
 17.   64.  -0.70288660E-02   0.13162160E+00  -0.49826416E+00   0.00000000E+00
 17.   65.   0.81711070E-01   0.00000000E+00   0.99652817E+00   0.00000000E+00
 17.   66.   0.81711070E-01   0.00000000E+00   0.99652817E+00   0.00000000E+00
 17.   67.  -0.70288601E-02  -0.13162160E+00  -0.49826408E+00   0.00000000E+00
 17.   68.  -0.98040682E-01   0.88100373E-01  -0.49826409E+00   0.00000000E+00
 17.   69.   0.57778450E-01   0.57778454E-01   0.99652817E+00   0.00000000E+00
 17.   70.   0.88100375E-01  -0.98040682E-01  -0.49826407E+00   0.00000000E+00
 17.   71.  -0.13162160E+00  -0.70288617E-02  -0.49826410E+00   0.00000000E+00
 17.   72.  -0.56172933E-08   0.81711070E-01   0.99652817E+00   0.00000000E+00
 17.   73.   0.13162161E+00  -0.70288558E-02  -0.49826403E+00   0.00000000E+00
 17.   74.  -0.88100368E-01  -0.98040683E-01  -0.49826414E+00   0.00000000E+00
 17.   75.  -0.57778458E-01   0.57778446E-01   0.99652817E+00   0.00000000E+00
 17.   76.   0.98040681E-01   0.88100380E-01  -0.49826402E+00   0.00000000E+00
 17.   77.   0.70288660E-02  -0.13162160E+00  -0.49826416E+00   0.00000000E+00
 17.   78.  -0.81711070E-01   0.00000000E+00   0.99652817E+00   0.00000000E+00
 18.    1.  -0.43800546E-01   0.00000000E+00   0.71335098E+00   0.00000000E+00
 18.    2.  -0.56857578E-01   0.65635888E-01   0.61778007E+00   0.00000000E+00
 18.    3.  -0.86615961E-01   0.10622270E+00   0.35667549E+00   0.00000000E+00
 18.    4.  -0.11047161E+00   0.11047161E+00   0.36089497E-08   0.00000000E+00
 18.    5.  -0.10622270E+00   0.86615961E-01  -0.35667549E+00   0.00000000E+00
 18.    6.  -0.65635888E-01   0.56857579E-01  -0.61778007E+00   0.00000000E+00
 18.    7.  -0.14030622E-08   0.43800546E-01  -0.71335098E+00   0.00000000E+00
 18.    8.   0.65635886E-01   0.56857578E-01  -0.61778007E+00   0.00000000E+00
 18.    9.   0.10622270E+00   0.86615960E-01  -0.35667550E+00   0.00000000E+00
 18.   10.   0.11047161E+00   0.11047161E+00  -0.11280969E-07   0.00000000E+00
 18.   11.   0.86615962E-01   0.10622270E+00   0.35667548E+00   0.00000000E+00
 18.   12.   0.56857579E-01   0.65635890E-01   0.61778006E+00   0.00000000E+00
 18.   13.   0.43800546E-01   0.00000000E+00   0.71335098E+00   0.00000000E+00
 18.   14.   0.50318658E-01   0.00000000E+00   0.91006265E+00   0.00000000E+00
 18.   15.   0.30085665E-01   0.56088282E-01   0.78813737E+00   0.00000000E+00
 18.   16.  -0.18386627E-01   0.82165231E-01   0.45503133E+00   0.00000000E+00
 18.   17.  -0.65605901E-01   0.65605902E-01   0.45810605E-08   0.00000000E+00
 18.   18.  -0.82165231E-01   0.18386628E-01  -0.45503132E+00   0.00000000E+00
 18.   19.  -0.56088283E-01  -0.30085664E-01  -0.78813737E+00   0.00000000E+00
 18.   20.  -0.12327193E-08  -0.50318658E-01  -0.91006265E+00   0.00000000E+00
 18.   21.   0.56088281E-01  -0.30085666E-01  -0.78813738E+00   0.00000000E+00
 18.   22.   0.82165231E-01   0.18386626E-01  -0.45503134E+00   0.00000000E+00
 18.   23.   0.65605902E-01   0.65605900E-01  -0.14399025E-07   0.00000000E+00
 18.   24.   0.18386630E-01   0.82165231E-01   0.45503131E+00   0.00000000E+00
 18.   25.  -0.30085663E-01   0.56088284E-01   0.78813736E+00   0.00000000E+00
 18.   26.  -0.50318658E-01   0.00000000E+00   0.91006265E+00   0.00000000E+00
 18.   27.   0.10371590E+00   0.00000000E+00  -0.17587579E+00   0.00000000E+00
 18.   28.   0.88248489E-01   0.17692306E-01  -0.15231291E+00   0.00000000E+00
 18.   29.   0.49890756E-01   0.17302572E-01  -0.87937897E-01   0.00000000E+00
 18.   30.   0.81330498E-02  -0.81330491E-02  -0.93156768E-09   0.00000000E+00
 18.   31.  -0.17302572E-01  -0.49890755E-01   0.87937896E-01   0.00000000E+00
 18.   32.  -0.17692306E-01  -0.88248489E-01   0.15231291E+00   0.00000000E+00
 18.   33.  -0.42146874E-09  -0.10371590E+00   0.17587579E+00   0.00000000E+00
 18.   34.   0.17692306E-01  -0.88248490E-01   0.15231291E+00   0.00000000E+00
 18.   35.   0.17302573E-01  -0.49890757E-01   0.87937899E-01   0.00000000E+00
 18.   36.  -0.81330483E-02  -0.81330505E-02   0.27267296E-08   0.00000000E+00
 18.   37.  -0.49890754E-01   0.17302572E-01  -0.87937894E-01   0.00000000E+00
 18.   38.  -0.88248488E-01   0.17692306E-01  -0.15231290E+00   0.00000000E+00
 18.   39.  -0.10371590E+00   0.00000000E+00  -0.17587579E+00   0.00000000E+00
 18.   40.  -0.63990226E-01   0.00000000E+00  -0.45918412E+00   0.00000000E+00
 18.   41.  -0.50673533E-01  -0.24999269E-01  -0.39766511E+00   0.00000000E+00
 18.   42.  -0.18154446E-01  -0.32545803E-01  -0.22959206E+00   0.00000000E+00
 18.   43.   0.15601836E-01  -0.15601837E-01  -0.24787205E-08   0.00000000E+00
 18.   44.   0.32545803E-01   0.18154446E-01   0.22959206E+00   0.00000000E+00
 18.   45.   0.24999269E-01   0.50673532E-01   0.39766511E+00   0.00000000E+00
 18.   46.   0.57364895E-09   0.63990226E-01   0.45918412E+00   0.00000000E+00
 18.   47.  -0.24999269E-01   0.50673533E-01   0.39766511E+00   0.00000000E+00
 18.   48.  -0.32545803E-01   0.18154447E-01   0.22959207E+00   0.00000000E+00
 18.   49.  -0.15601837E-01  -0.15601836E-01   0.70960610E-08   0.00000000E+00
 18.   50.   0.18154445E-01  -0.32545803E-01  -0.22959205E+00   0.00000000E+00
 18.   51.   0.50673532E-01  -0.24999270E-01  -0.39766511E+00   0.00000000E+00
 18.   52.   0.63990226E-01   0.00000000E+00  -0.45918412E+00   0.00000000E+00
 18.   53.  -0.12747278E+00   0.00000000E+00   0.74267195E+00   0.00000000E+00
 18.   54.  -0.10984438E+00  -0.16587446E-01   0.64317277E+00   0.00000000E+00
 18.   55.  -0.65942609E-01  -0.13256834E-01   0.37133597E+00   0.00000000E+00
 18.   56.  -0.17546960E-01   0.17546960E-01   0.33257874E-08   0.00000000E+00
 18.   57.   0.13256834E-01   0.65942608E-01  -0.37133597E+00   0.00000000E+00
 18.   58.   0.16587446E-01   0.10984438E+00  -0.64317277E+00   0.00000000E+00
 18.   59.   0.41152905E-09   0.12747278E+00  -0.74267195E+00   0.00000000E+00
 18.   60.  -0.16587446E-01   0.10984438E+00  -0.64317278E+00   0.00000000E+00
 18.   61.  -0.13256835E-01   0.65942610E-01  -0.37133598E+00   0.00000000E+00
 18.   62.   0.17546959E-01   0.17546961E-01  -0.12161260E-07   0.00000000E+00
 18.   63.   0.65942607E-01  -0.13256833E-01   0.37133596E+00   0.00000000E+00
 18.   64.   0.10984438E+00  -0.16587447E-01   0.64317276E+00   0.00000000E+00
 18.   65.   0.12747278E+00   0.00000000E+00   0.74267195E+00   0.00000000E+00
 18.   66.   0.12747278E+00   0.00000000E+00   0.74267195E+00   0.00000000E+00
 18.   67.   0.10984438E+00   0.16587446E-01   0.64317277E+00   0.00000000E+00
 18.   68.   0.65942609E-01   0.13256834E-01   0.37133597E+00   0.00000000E+00
 18.   69.   0.17546960E-01  -0.17546960E-01   0.33257133E-08   0.00000000E+00
 18.   70.  -0.13256834E-01  -0.65942608E-01  -0.37133597E+00   0.00000000E+00
 18.   71.  -0.16587446E-01  -0.10984438E+00  -0.64317277E+00   0.00000000E+00
 18.   72.  -0.40750511E-09  -0.12747278E+00  -0.74267195E+00   0.00000000E+00
 18.   73.   0.16587446E-01  -0.10984438E+00  -0.64317278E+00   0.00000000E+00
 18.   74.   0.13256835E-01  -0.65942610E-01  -0.37133598E+00   0.00000000E+00
 18.   75.  -0.17546959E-01  -0.17546961E-01  -0.12163474E-07   0.00000000E+00
 18.   76.  -0.65942607E-01   0.13256833E-01   0.37133596E+00   0.00000000E+00
 18.   77.  -0.10984438E+00   0.16587447E-01   0.64317276E+00   0.00000000E+00
 18.   78.  -0.12747278E+00   0.00000000E+00   0.74267195E+00   0.00000000E+00
 19.    1.  -0.55177154E-02   0.00000000E+00   0.76618289E-02   0.00000000E+00
 19.    2.  -0.29204454E-02   0.53815347E-02   0.19830267E-02   0.00000000E+00
 19.    3.   0.25972699E-02   0.50583595E-02  -0.66353399E-02   0.00000000E+00
 19.    4.   0.58408904E-02  -0.32317524E-03  -0.54177325E-02   0.00000000E+00
 19.    5.   0.32436205E-02  -0.50583596E-02   0.38309141E-02   0.00000000E+00
 19.    6.  -0.29204452E-02  -0.47351844E-02   0.74007586E-02   0.00000000E+00
 19.    7.  -0.61640657E-02  -0.16960928E-09  -0.35027176E-09   0.00000000E+00
 19.    8.  -0.29204454E-02   0.47351842E-02  -0.74007596E-02   0.00000000E+00
 19.    9.   0.32436204E-02   0.50583595E-02  -0.38309157E-02   0.00000000E+00
 19.   10.   0.58408906E-02   0.32317535E-03   0.54177309E-02   0.00000000E+00
 19.   11.   0.25972703E-02  -0.50583594E-02   0.66353387E-02   0.00000000E+00
 19.   12.  -0.29204449E-02  -0.53815349E-02  -0.19830277E-02   0.00000000E+00
 19.   13.  -0.55177151E-02   0.00000000E+00  -0.76618304E-02   0.00000000E+00
 19.   14.  -0.48212772E-01   0.00000000E+00   0.25331004E+00   0.00000000E+00
 19.   15.  -0.28143368E-01   0.56819708E-01   0.65561462E-01   0.00000000E+00
 19.   16.   0.20069404E-01   0.48745743E-01  -0.21937293E+00   0.00000000E+00
 19.   17.   0.56286736E-01  -0.80739636E-02  -0.17911725E+00   0.00000000E+00
 19.   18.   0.36217333E-01  -0.48745743E-01   0.12665502E+00   0.00000000E+00
 19.   19.  -0.28143367E-01  -0.40671780E-01   0.24467871E+00   0.00000000E+00
 19.   20.  -0.64360700E-01  -0.91743012E-09   0.67631799E-08   0.00000000E+00
 19.   21.  -0.28143370E-01   0.40671778E-01  -0.24467870E+00   0.00000000E+00
 19.   22.   0.36217331E-01   0.48745744E-01  -0.12665503E+00   0.00000000E+00
 19.   23.   0.56286737E-01   0.80739659E-02   0.17911724E+00   0.00000000E+00
 19.   24.   0.20069406E-01  -0.48745742E-01   0.21937293E+00   0.00000000E+00
 19.   25.  -0.28143367E-01  -0.56819709E-01  -0.65561449E-01   0.00000000E+00
 19.   26.  -0.48212772E-01   0.00000000E+00  -0.25331003E+00   0.00000000E+00
 19.   27.  -0.40537190E-01   0.00000000E+00   0.88392135E+00   0.00000000E+00
 19.   28.  -0.46225203E-01   0.13197761E+00   0.22877568E+00   0.00000000E+00
 19.   29.  -0.56880130E-02   0.80064400E-01  -0.76549834E+00   0.00000000E+00
 19.   30.   0.92450404E-01  -0.51913214E-01  -0.62502679E+00   0.00000000E+00
 19.   31.   0.98138419E-01  -0.80064400E-01   0.44196067E+00   0.00000000E+00
 19.   32.  -0.46225201E-01  -0.28151184E-01   0.85380246E+00   0.00000000E+00
 19.   33.  -0.14436362E+00  -0.24001107E-09   0.23146555E-07   0.00000000E+00
 19.   34.  -0.46225208E-01   0.28151183E-01  -0.85380245E+00   0.00000000E+00
 19.   35.   0.98138416E-01   0.80064399E-01  -0.44196071E+00   0.00000000E+00
 19.   36.   0.92450408E-01   0.51913218E-01   0.62502676E+00   0.00000000E+00
 19.   37.  -0.56880097E-02  -0.80064394E-01   0.76549837E+00   0.00000000E+00
 19.   38.  -0.46225203E-01  -0.13197762E+00  -0.22877564E+00   0.00000000E+00
 19.   39.  -0.40537190E-01   0.00000000E+00  -0.88392135E+00   0.00000000E+00
 19.   40.   0.10689860E+00   0.00000000E+00   0.55995369E+00   0.00000000E+00
 19.   41.   0.99345984E-02   0.69822175E-01   0.14492668E+00   0.00000000E+00
 19.   42.  -0.96964002E-01  -0.17207229E-01  -0.48493412E+00   0.00000000E+00
 19.   43.  -0.19869198E-01  -0.87029404E-01  -0.39594706E+00   0.00000000E+00
 19.   44.   0.77094805E-01   0.17207228E-01   0.27997684E+00   0.00000000E+00
 19.   45.   0.99345996E-02   0.10423663E+00   0.54087374E+00   0.00000000E+00
 19.   46.  -0.67160207E-01   0.31567627E-08   0.14549403E-07   0.00000000E+00
 19.   47.   0.99345949E-02  -0.10423663E+00  -0.54087373E+00   0.00000000E+00
 19.   48.   0.77094806E-01  -0.17207234E-01  -0.27997687E+00   0.00000000E+00
 19.   49.  -0.19869193E-01   0.87029403E-01   0.39594704E+00   0.00000000E+00
 19.   50.  -0.96964003E-01   0.17207234E-01   0.48493414E+00   0.00000000E+00
 19.   51.   0.99345923E-02  -0.69822174E-01  -0.14492665E+00   0.00000000E+00
 19.   52.   0.10689860E+00   0.00000000E+00  -0.55995369E+00   0.00000000E+00
 19.   53.   0.15851908E+00   0.00000000E+00  -0.99923577E+00   0.00000000E+00
 19.   54.   0.60722070E-01  -0.68098774E-01  -0.25862125E+00   0.00000000E+00
 19.   55.  -0.97797006E-01  -0.10517371E+00   0.86536356E+00   0.00000000E+00
 19.   56.  -0.12144414E+00  -0.37074937E-01   0.70656640E+00   0.00000000E+00
 19.   57.  -0.23647135E-01   0.10517371E+00  -0.49961788E+00   0.00000000E+00
 19.   58.   0.60722069E-01   0.14224865E+00  -0.96518764E+00   0.00000000E+00
 19.   59.   0.84369204E-01   0.37153751E-08  -0.25895558E-07   0.00000000E+00
 19.   60.   0.60722071E-01  -0.14224864E+00   0.96518763E+00   0.00000000E+00
 19.   61.  -0.23647130E-01  -0.10517371E+00   0.49961792E+00   0.00000000E+00
 19.   62.  -0.12144414E+00   0.37074932E-01  -0.70656636E+00   0.00000000E+00
 19.   63.  -0.97797010E-01   0.10517371E+00  -0.86536359E+00   0.00000000E+00
 19.   64.   0.60722063E-01   0.68098777E-01   0.25862120E+00   0.00000000E+00
 19.   65.   0.15851908E+00   0.00000000E+00   0.99923577E+00   0.00000000E+00
 19.   66.  -0.15851908E+00   0.00000000E+00  -0.99923577E+00   0.00000000E+00
 19.   67.  -0.60722070E-01   0.68098774E-01  -0.25862125E+00   0.00000000E+00
 19.   68.   0.97797006E-01   0.10517371E+00   0.86536356E+00   0.00000000E+00
 19.   69.   0.12144414E+00   0.37074937E-01   0.70656640E+00   0.00000000E+00
 19.   70.   0.23647135E-01  -0.10517371E+00  -0.49961788E+00   0.00000000E+00
 19.   71.  -0.60722069E-01  -0.14224865E+00  -0.96518764E+00   0.00000000E+00
 19.   72.  -0.84369204E-01  -0.36375726E-08  -0.25892969E-07   0.00000000E+00
 19.   73.  -0.60722071E-01   0.14224864E+00   0.96518763E+00   0.00000000E+00
 19.   74.   0.23647130E-01   0.10517371E+00   0.49961792E+00   0.00000000E+00
 19.   75.   0.12144414E+00  -0.37074932E-01  -0.70656636E+00   0.00000000E+00
 19.   76.   0.97797010E-01  -0.10517371E+00  -0.86536359E+00   0.00000000E+00
 19.   77.  -0.60722063E-01  -0.68098777E-01   0.25862120E+00   0.00000000E+00
 19.   78.  -0.15851908E+00   0.00000000E+00   0.99923577E+00   0.00000000E+00
 20.    1.   0.15571667E+00   0.00000000E+00   0.99694524E+00   0.00000000E+00
 20.    2.   0.15041075E+00   0.40302440E-01   0.99694524E+00   0.00000000E+00
 20.    3.   0.13485459E+00   0.77858336E-01   0.99694524E+00   0.00000000E+00
 20.    4.   0.11010831E+00   0.11010831E+00   0.99694524E+00   0.00000000E+00
 20.    5.   0.77858336E-01   0.13485459E+00   0.99694524E+00   0.00000000E+00
 20.    6.   0.40302441E-01   0.15041075E+00   0.99694524E+00   0.00000000E+00
 20.    7.   0.81262360E-09   0.15571667E+00   0.99694524E+00   0.00000000E+00
 20.    8.  -0.40302439E-01   0.15041075E+00   0.99694524E+00   0.00000000E+00
 20.    9.  -0.77858335E-01   0.13485459E+00   0.99694524E+00   0.00000000E+00
 20.   10.  -0.11010831E+00   0.11010831E+00   0.99694524E+00   0.00000000E+00
 20.   11.  -0.13485459E+00   0.77858337E-01   0.99694524E+00   0.00000000E+00
 20.   12.  -0.15041075E+00   0.40302442E-01   0.99694524E+00   0.00000000E+00
 20.   13.  -0.15571667E+00   0.00000000E+00   0.99694524E+00   0.00000000E+00
 20.   14.   0.59786359E-01   0.00000000E+00  -0.32122184E+00   0.00000000E+00
 20.   15.   0.57749189E-01   0.15473848E-01  -0.32122184E+00   0.00000000E+00
 20.   16.   0.51776506E-01   0.29893180E-01  -0.32122184E+00   0.00000000E+00
 20.   17.   0.42275340E-01   0.42275340E-01  -0.32122184E+00   0.00000000E+00
 20.   18.   0.29893180E-01   0.51776506E-01  -0.32122184E+00   0.00000000E+00
 20.   19.   0.15473849E-01   0.57749189E-01  -0.32122184E+00   0.00000000E+00
 20.   20.   0.29527884E-09   0.59786360E-01  -0.32122184E+00   0.00000000E+00
 20.   21.  -0.15473848E-01   0.57749189E-01  -0.32122184E+00   0.00000000E+00
 20.   22.  -0.29893179E-01   0.51776506E-01  -0.32122184E+00   0.00000000E+00
 20.   23.  -0.42275340E-01   0.42275341E-01  -0.32122184E+00   0.00000000E+00
 20.   24.  -0.51776506E-01   0.29893180E-01  -0.32122184E+00   0.00000000E+00
 20.   25.  -0.57749189E-01   0.15473849E-01  -0.32122184E+00   0.00000000E+00
 20.   26.  -0.59786359E-01   0.00000000E+00  -0.32122184E+00   0.00000000E+00
 20.   27.  -0.70214017E-01   0.00000000E+00  -0.10038437E+00   0.00000000E+00
 20.   28.  -0.67821532E-01  -0.18172725E-01  -0.10038437E+00   0.00000000E+00
 20.   29.  -0.60807122E-01  -0.35107008E-01  -0.10038437E+00   0.00000000E+00
 20.   30.  -0.49648807E-01  -0.49648807E-01  -0.10038437E+00   0.00000000E+00
 20.   31.  -0.35107008E-01  -0.60807122E-01  -0.10038437E+00   0.00000000E+00
 20.   32.  -0.18172725E-01  -0.67821532E-01  -0.10038437E+00   0.00000000E+00
 20.   33.  -0.42008454E-09  -0.70214017E-01  -0.10038437E+00   0.00000000E+00
 20.   34.   0.18172724E-01  -0.67821532E-01  -0.10038437E+00   0.00000000E+00
 20.   35.   0.35107008E-01  -0.60807122E-01  -0.10038437E+00   0.00000000E+00
 20.   36.   0.49648807E-01  -0.49648808E-01  -0.10038437E+00   0.00000000E+00
 20.   37.   0.60807122E-01  -0.35107009E-01  -0.10038437E+00   0.00000000E+00
 20.   38.   0.67821532E-01  -0.18172725E-01  -0.10038437E+00   0.00000000E+00
 20.   39.   0.70214017E-01   0.00000000E+00  -0.10038437E+00   0.00000000E+00
 20.   40.   0.24154485E-01   0.00000000E+00   0.28879042E+00   0.00000000E+00
 20.   41.   0.23331441E-01   0.62516408E-02   0.28879042E+00   0.00000000E+00
 20.   42.   0.20918398E-01   0.12077243E-01   0.28879042E+00   0.00000000E+00
 20.   43.   0.17079800E-01   0.17079800E-01   0.28879042E+00   0.00000000E+00
 20.   44.   0.12077243E-01   0.20918398E-01   0.28879042E+00   0.00000000E+00
 20.   45.   0.62516409E-02   0.23331441E-01   0.28879042E+00   0.00000000E+00
 20.   46.   0.76771257E-10   0.24154485E-01   0.28879042E+00   0.00000000E+00
 20.   47.  -0.62516406E-02   0.23331441E-01   0.28879042E+00   0.00000000E+00
 20.   48.  -0.12077242E-01   0.20918398E-01   0.28879042E+00   0.00000000E+00
 20.   49.  -0.17079800E-01   0.17079800E-01   0.28879042E+00   0.00000000E+00
 20.   50.  -0.20918398E-01   0.12077243E-01   0.28879042E+00   0.00000000E+00
 20.   51.  -0.23331441E-01   0.62516410E-02   0.28879042E+00   0.00000000E+00
 20.   52.  -0.24154485E-01   0.00000000E+00   0.28879042E+00   0.00000000E+00
 20.   53.   0.80245939E-01   0.00000000E+00  -0.41564514E+00   0.00000000E+00
 20.   54.   0.77511625E-01   0.20769177E-01  -0.41564514E+00   0.00000000E+00
 20.   55.   0.69495022E-01   0.40122970E-01  -0.41564514E+00   0.00000000E+00
 20.   56.   0.56742448E-01   0.56742448E-01  -0.41564514E+00   0.00000000E+00
 20.   57.   0.40122970E-01   0.69495022E-01  -0.41564514E+00   0.00000000E+00
 20.   58.   0.20769178E-01   0.77511625E-01  -0.41564514E+00   0.00000000E+00
 20.   59.   0.42178059E-09   0.80245939E-01  -0.41564514E+00   0.00000000E+00
 20.   60.  -0.20769177E-01   0.77511625E-01  -0.41564514E+00   0.00000000E+00
 20.   61.  -0.40122969E-01   0.69495022E-01  -0.41564514E+00   0.00000000E+00
 20.   62.  -0.56742447E-01   0.56742448E-01  -0.41564514E+00   0.00000000E+00
 20.   63.  -0.69495022E-01   0.40122970E-01  -0.41564514E+00   0.00000000E+00
 20.   64.  -0.77511625E-01   0.20769178E-01  -0.41564514E+00   0.00000000E+00
 20.   65.  -0.80245939E-01   0.00000000E+00  -0.41564514E+00   0.00000000E+00
 20.   66.  -0.80245939E-01   0.00000000E+00  -0.41564514E+00   0.00000000E+00
 20.   67.  -0.77511625E-01  -0.20769177E-01  -0.41564514E+00   0.00000000E+00
 20.   68.  -0.69495022E-01  -0.40122970E-01  -0.41564514E+00   0.00000000E+00
 20.   69.  -0.56742448E-01  -0.56742448E-01  -0.41564514E+00   0.00000000E+00
 20.   70.  -0.40122970E-01  -0.69495022E-01  -0.41564514E+00   0.00000000E+00
 20.   71.  -0.20769178E-01  -0.77511625E-01  -0.41564514E+00   0.00000000E+00
 20.   72.  -0.39487833E-09  -0.80245939E-01  -0.41564514E+00   0.00000000E+00
 20.   73.   0.20769177E-01  -0.77511625E-01  -0.41564514E+00   0.00000000E+00
 20.   74.   0.40122969E-01  -0.69495022E-01  -0.41564514E+00   0.00000000E+00
 20.   75.   0.56742447E-01  -0.56742448E-01  -0.41564514E+00   0.00000000E+00
 20.   76.   0.69495022E-01  -0.40122970E-01  -0.41564514E+00   0.00000000E+00
 20.   77.   0.77511625E-01  -0.20769178E-01  -0.41564514E+00   0.00000000E+00
 20.   78.   0.80245939E-01   0.00000000E+00  -0.41564514E+00   0.00000000E+00
 21.    1.   0.25043427E-05   0.00000000E+00  -0.81031456E-06   0.00000000E+00
 21.    2.  -0.12850977E-05  -0.20459966E-05   0.57316017E-06   0.00000000E+00
 21.    3.  -0.11622902E-05   0.20131523E-05   0.58656688E-10   0.00000000E+00
 21.    4.   0.24144126E-05   0.89972202E-07  -0.57305265E-06   0.00000000E+00
 21.    5.  -0.12522142E-05  -0.21687688E-05   0.81041001E-06   0.00000000E+00
 21.    6.  -0.11293921E-05   0.21359846E-05  -0.57313785E-06   0.00000000E+00
 21.    7.   0.23245192E-05   0.49569200E-10  -0.10545375E-09   0.00000000E+00
 21.    8.  -0.11293544E-05  -0.21358941E-05   0.57291611E-06   0.00000000E+00
 21.    9.  -0.12521538E-05   0.21688664E-05  -0.81060160E-06   0.00000000E+00
 21.   10.   0.24144911E-05  -0.89861467E-07   0.57295680E-06   0.00000000E+00
 21.   11.  -0.11622319E-05  -0.20130634E-05  -0.22107525E-10   0.00000000E+00
 21.   12.  -0.12850669E-05   0.20460377E-05  -0.57301080E-06   0.00000000E+00
 21.   13.   0.25043656E-05   0.00000000E+00   0.81053224E-06   0.00000000E+00
 21.   14.   0.61871106E-03   0.00000000E+00  -0.14753241E-02   0.00000000E+00
 21.   15.  -0.29918960E-03  -0.57375951E-03   0.10432118E-02   0.00000000E+00
 21.   16.  -0.33712961E-03   0.58392560E-03  -0.45744172E-10   0.00000000E+00
 21.   17.   0.64648509E-03  -0.27773965E-04  -0.10432119E-02   0.00000000E+00
 21.   18.  -0.30935554E-03  -0.53581949E-03   0.14753242E-02   0.00000000E+00
 21.   19.  -0.34729557E-03   0.54598557E-03  -0.10432117E-02   0.00000000E+00
 21.   20.   0.67425915E-03   0.71199150E-10   0.56589244E-10   0.00000000E+00
 21.   21.  -0.34729555E-03  -0.54598552E-03   0.10432119E-02   0.00000000E+00
 21.   22.  -0.30935559E-03   0.53581954E-03  -0.14753243E-02   0.00000000E+00
 21.   23.   0.64648515E-03   0.27774087E-04   0.10432116E-02   0.00000000E+00
 21.   24.  -0.33712950E-03  -0.58392554E-03   0.13026527E-09   0.00000000E+00
 21.   25.  -0.29918958E-03   0.57375951E-03  -0.10432119E-02   0.00000000E+00
 21.   26.   0.61871111E-03   0.00000000E+00   0.14753242E-02   0.00000000E+00
 21.   27.   0.10799837E-01   0.00000000E+00  -0.46255819E-01   0.00000000E+00
 21.   28.  -0.48884117E-02  -0.11261902E-01   0.32707803E-01   0.00000000E+00
 21.   29.  -0.67973807E-02   0.11773409E-01   0.11692596E-09   0.00000000E+00
 21.   30.   0.12197299E-01  -0.13974620E-02  -0.32707804E-01   0.00000000E+00
 21.   31.  -0.53999181E-02  -0.93529331E-02   0.46255819E-01   0.00000000E+00
 21.   32.  -0.73088875E-02   0.98644396E-02  -0.32707802E-01   0.00000000E+00
 21.   33.   0.13594761E-01   0.53890939E-09  -0.21188797E-08   0.00000000E+00
 21.   34.  -0.73088866E-02  -0.98644398E-02   0.32707805E-01   0.00000000E+00
 21.   35.  -0.53999191E-02   0.93529326E-02  -0.46255819E-01   0.00000000E+00
 21.   36.   0.12197299E-01   0.13974630E-02   0.32707801E-01   0.00000000E+00
 21.   37.  -0.67973798E-02  -0.11773409E-01   0.42266722E-08   0.00000000E+00
 21.   38.  -0.48884124E-02   0.11261901E-01  -0.32707806E-01   0.00000000E+00
 21.   39.   0.10799837E-01   0.00000000E+00   0.46255819E-01   0.00000000E+00
 21.   40.   0.43001440E-01   0.00000000E+00  -0.32576833E+00   0.00000000E+00
 21.   41.  -0.16439646E-01  -0.56128525E-01   0.23035299E+00   0.00000000E+00
 21.   42.  -0.35327831E-01   0.61189598E-01   0.11675758E-08   0.00000000E+00
 21.   43.   0.56828551E-01  -0.13827110E-01  -0.23035300E+00   0.00000000E+00
 21.   44.  -0.21500719E-01  -0.37240340E-01   0.32576833E+00   0.00000000E+00
 21.   45.  -0.40388906E-01   0.42301413E-01  -0.23035299E+00   0.00000000E+00
 21.   46.   0.70655662E-01   0.17447813E-08  -0.15401945E-07   0.00000000E+00
 21.   47.  -0.40388902E-01  -0.42301414E-01   0.23035301E+00   0.00000000E+00
 21.   48.  -0.21500724E-01   0.37240337E-01  -0.32576833E+00   0.00000000E+00
 21.   49.   0.56828552E-01   0.13827115E-01   0.23035298E+00   0.00000000E+00
 21.   50.  -0.35327828E-01  -0.61189600E-01   0.29574710E-07   0.00000000E+00
 21.   51.  -0.16439649E-01   0.56128521E-01  -0.23035302E+00   0.00000000E+00
 21.   52.   0.43001440E-01   0.00000000E+00   0.32576833E+00   0.00000000E+00
 21.   53.   0.89065214E-01   0.00000000E+00  -0.99563100E+00   0.00000000E+00
 21.   54.  -0.31356198E-01  -0.12630777E+00   0.70401743E+00   0.00000000E+00
 21.   55.  -0.80531226E-01   0.13948417E+00   0.33068865E-08   0.00000000E+00
 21.   56.   0.12506383E+00  -0.35998616E-01  -0.70401744E+00   0.00000000E+00
 21.   57.  -0.44532604E-01  -0.77132739E-01   0.99563100E+00   0.00000000E+00
 21.   58.  -0.93707637E-01   0.90309146E-01  -0.70401741E+00   0.00000000E+00
 21.   59.   0.16106245E+00   0.33654671E-08  -0.46735069E-07   0.00000000E+00
 21.   60.  -0.93707627E-01  -0.90309148E-01   0.70401748E+00   0.00000000E+00
 21.   61.  -0.44532616E-01   0.77132732E-01  -0.99563100E+00   0.00000000E+00
 21.   62.   0.12506384E+00   0.35998627E-01   0.70401738E+00   0.00000000E+00
 21.   63.  -0.80531220E-01  -0.13948418E+00   0.90249411E-07   0.00000000E+00
 21.   64.  -0.31356205E-01   0.12630776E+00  -0.70401749E+00   0.00000000E+00
 21.   65.   0.89065213E-01   0.00000000E+00   0.99563099E+00   0.00000000E+00
 21.   66.  -0.89065214E-01   0.00000000E+00  -0.99563100E+00   0.00000000E+00
 21.   67.   0.31356198E-01   0.12630777E+00   0.70401743E+00   0.00000000E+00
 21.   68.   0.80531226E-01  -0.13948417E+00   0.33070862E-08   0.00000000E+00
 21.   69.  -0.12506383E+00   0.35998616E-01  -0.70401744E+00   0.00000000E+00
 21.   70.   0.44532604E-01   0.77132740E-01   0.99563100E+00   0.00000000E+00
 21.   71.   0.93707637E-01  -0.90309146E-01  -0.70401741E+00   0.00000000E+00
 21.   72.  -0.16106245E+00  -0.32603171E-08  -0.46747201E-07   0.00000000E+00
 21.   73.   0.93707626E-01   0.90309148E-01   0.70401748E+00   0.00000000E+00
 21.   74.   0.44532616E-01  -0.77132732E-01  -0.99563100E+00   0.00000000E+00
 21.   75.  -0.12506384E+00  -0.35998627E-01   0.70401738E+00   0.00000000E+00
 21.   76.   0.80531220E-01   0.13948418E+00   0.90241756E-07   0.00000000E+00
 21.   77.   0.31356205E-01  -0.12630776E+00  -0.70401749E+00   0.00000000E+00
 21.   78.  -0.89065213E-01   0.00000000E+00   0.99563099E+00   0.00000000E+00
 22.    1.  -0.58656129E-01   0.00000000E+00   0.30788877E+00   0.00000000E+00
 22.    2.  -0.60300662E-01   0.64793609E-01   0.21771024E+00   0.00000000E+00
 22.    3.  -0.55290645E-01   0.95766207E-01  -0.34524400E-09   0.00000000E+00
 22.    4.  -0.25962581E-01   0.84618710E-01  -0.21771024E+00   0.00000000E+00
 22.    5.   0.29328064E-01   0.50797698E-01  -0.30788877E+00   0.00000000E+00
 22.    6.   0.86263242E-01   0.19825101E-01  -0.21771024E+00   0.00000000E+00
 22.    7.   0.11058129E+00   0.48574671E-09  -0.41684561E-08   0.00000000E+00
 22.    8.   0.86263244E-01  -0.19825099E-01   0.21771023E+00   0.00000000E+00
 22.    9.   0.29328066E-01  -0.50797697E-01   0.30788877E+00   0.00000000E+00
 22.   10.  -0.25962580E-01  -0.84618709E-01   0.21771024E+00   0.00000000E+00
 22.   11.  -0.55290645E-01  -0.95766207E-01   0.94346298E-08   0.00000000E+00
 22.   12.  -0.60300662E-01  -0.64793611E-01  -0.21771023E+00   0.00000000E+00
 22.   13.  -0.58656129E-01   0.00000000E+00  -0.30788877E+00   0.00000000E+00
 22.   14.  -0.14509940E-01   0.00000000E+00   0.98506112E+00   0.00000000E+00
 22.   15.  -0.37313251E-01   0.99613055E-01   0.69654340E+00   0.00000000E+00
 22.   16.  -0.74865780E-01   0.12967134E+00   0.10242375E-08   0.00000000E+00
 22.   17.  -0.67610811E-01   0.82120751E-01  -0.69654339E+00   0.00000000E+00
 22.   18.   0.72549692E-02   0.12565978E-01  -0.98506112E+00   0.00000000E+00
 22.   19.   0.10492406E+00  -0.17492304E-01  -0.69654340E+00   0.00000000E+00
 22.   20.   0.14973156E+00  -0.53724457E-09  -0.15879003E-07   0.00000000E+00
 22.   21.   0.10492406E+00   0.17492304E-01   0.69654338E+00   0.00000000E+00
 22.   22.   0.72549735E-02  -0.12565976E-01   0.98506112E+00   0.00000000E+00
 22.   23.  -0.67610809E-01  -0.82120749E-01   0.69654341E+00   0.00000000E+00
 22.   24.  -0.74865781E-01  -0.12967134E+00   0.29739825E-07   0.00000000E+00
 22.   25.  -0.37313253E-01  -0.99613057E-01  -0.69654337E+00   0.00000000E+00
 22.   26.  -0.14509940E-01   0.00000000E+00  -0.98506112E+00   0.00000000E+00
 22.   27.   0.13535834E+00   0.00000000E+00   0.12689069E+00   0.00000000E+00
 22.   28.   0.90177616E-01   0.33258421E-01   0.89725268E-01   0.00000000E+00
 22.   29.  -0.62122746E-02   0.10759976E-01   0.37443020E-09   0.00000000E+00
 22.   30.  -0.73891445E-01  -0.61466896E-01  -0.89725267E-01   0.00000000E+00
 22.   31.  -0.67679171E-01  -0.11722376E+00  -0.12689069E+00   0.00000000E+00
 22.   32.  -0.16286171E-01  -0.94725318E-01  -0.89725268E-01   0.00000000E+00
 22.   33.   0.12424549E-01  -0.22184805E-08  -0.19480594E-08   0.00000000E+00
 22.   34.  -0.16286170E-01   0.94725315E-01   0.89725266E-01   0.00000000E+00
 22.   35.  -0.67679170E-01   0.11722376E+00   0.12689069E+00   0.00000000E+00
 22.   36.  -0.73891446E-01   0.61466899E-01   0.89725269E-01   0.00000000E+00
 22.   37.  -0.62122785E-02  -0.10759973E-01   0.37544034E-08   0.00000000E+00
 22.   38.   0.90177613E-01  -0.33258421E-01  -0.89725265E-01   0.00000000E+00
 22.   39.   0.13535834E+00   0.00000000E+00  -0.12689069E+00   0.00000000E+00
 22.   40.  -0.50130658E-01   0.00000000E+00  -0.57171515E+00   0.00000000E+00
 22.   41.  -0.26734784E-01  -0.37183934E-01  -0.40426366E+00   0.00000000E+00
 22.   42.   0.20504294E-01  -0.35514480E-01  -0.99020813E-09   0.00000000E+00
 22.   43.   0.45569623E-01   0.45610340E-02   0.40426366E+00   0.00000000E+00
 22.   44.   0.25065330E-01   0.43414423E-01   0.57171515E+00   0.00000000E+00
 22.   45.  -0.18834840E-01   0.41744969E-01   0.40426366E+00   0.00000000E+00
 22.   46.  -0.41008589E-01   0.84254876E-09   0.88776744E-08   0.00000000E+00
 22.   47.  -0.18834841E-01  -0.41744968E-01  -0.40426365E+00   0.00000000E+00
 22.   48.   0.25065328E-01  -0.43414424E-01  -0.57171515E+00   0.00000000E+00
 22.   49.   0.45569623E-01  -0.45610360E-02  -0.40426367E+00   0.00000000E+00
 22.   50.   0.20504296E-01   0.35514479E-01  -0.17479829E-07   0.00000000E+00
 22.   51.  -0.26734782E-01   0.37183935E-01   0.40426365E+00   0.00000000E+00
 22.   52.  -0.50130658E-01   0.00000000E+00   0.57171515E+00   0.00000000E+00
 22.   53.  -0.15548590E+00   0.00000000E+00   0.80073986E+00   0.00000000E+00
 22.   54.  -0.11336158E+00  -0.17241896E-02   0.56620858E+00   0.00000000E+00
 22.   55.  -0.19568966E-01   0.33894442E-01   0.17781375E-08   0.00000000E+00
 22.   56.   0.58173982E-01   0.97311913E-01  -0.56620858E+00   0.00000000E+00
 22.   57.   0.77742948E-01   0.13465474E+00  -0.80073986E+00   0.00000000E+00
 22.   58.   0.55187598E-01   0.99036104E-01  -0.56620859E+00   0.00000000E+00
 22.   59.   0.39137931E-01   0.24221012E-08  -0.12977807E-07   0.00000000E+00
 22.   60.   0.55187598E-01  -0.99036102E-01   0.56620857E+00   0.00000000E+00
 22.   61.   0.77742948E-01  -0.13465474E+00   0.80073986E+00   0.00000000E+00
 22.   62.   0.58173985E-01  -0.97311916E-01   0.56620860E+00   0.00000000E+00
 22.   63.  -0.19568962E-01  -0.33894445E-01   0.24935645E-07   0.00000000E+00
 22.   64.  -0.11336158E+00   0.17241893E-02  -0.56620857E+00   0.00000000E+00
 22.   65.  -0.15548590E+00   0.00000000E+00  -0.80073986E+00   0.00000000E+00
 22.   66.   0.15548590E+00   0.00000000E+00   0.80073986E+00   0.00000000E+00
 22.   67.   0.11336158E+00   0.17241897E-02   0.56620858E+00   0.00000000E+00
 22.   68.   0.19568966E-01  -0.33894443E-01   0.18991368E-08   0.00000000E+00
 22.   69.  -0.58173982E-01  -0.97311913E-01  -0.56620858E+00   0.00000000E+00
 22.   70.  -0.77742948E-01  -0.13465474E+00  -0.80073986E+00   0.00000000E+00
 22.   71.  -0.55187599E-01  -0.99036105E-01  -0.56620859E+00   0.00000000E+00
 22.   72.  -0.39137931E-01  -0.26172527E-08  -0.12908243E-07   0.00000000E+00
 22.   73.  -0.55187597E-01   0.99036101E-01   0.56620857E+00   0.00000000E+00
 22.   74.  -0.77742948E-01   0.13465474E+00   0.80073986E+00   0.00000000E+00
 22.   75.  -0.58173984E-01   0.97311916E-01   0.56620860E+00   0.00000000E+00
 22.   76.   0.19568962E-01   0.33894445E-01   0.24991116E-07   0.00000000E+00
 22.   77.   0.11336158E+00  -0.17241891E-02  -0.56620857E+00   0.00000000E+00
 22.   78.   0.15548590E+00   0.00000000E+00  -0.80073986E+00   0.00000000E+00
 23.    1.   0.11681754E+00   0.00000000E+00   0.99596643E+00   0.00000000E+00
 23.    2.   0.10279155E+00   0.52345713E-01   0.96202970E+00   0.00000000E+00
 23.    3.   0.64471830E-01   0.90665434E-01   0.86253223E+00   0.00000000E+00
 23.    4.   0.12126118E-01   0.10469143E+00   0.70425462E+00   0.00000000E+00
 23.    5.  -0.40219595E-01   0.90665434E-01   0.49798322E+00   0.00000000E+00
 23.    6.  -0.78539316E-01   0.52345713E-01   0.25777508E+00   0.00000000E+00
 23.    7.  -0.92565308E-01   0.88019858E-09   0.45425706E-08   0.00000000E+00
 23.    8.  -0.78539317E-01  -0.52345711E-01  -0.25777507E+00   0.00000000E+00
 23.    9.  -0.40219596E-01  -0.90665433E-01  -0.49798321E+00   0.00000000E+00
 23.   10.   0.12126116E-01  -0.10469143E+00  -0.70425461E+00   0.00000000E+00
 23.   11.   0.64471828E-01  -0.90665435E-01  -0.86253222E+00   0.00000000E+00
 23.   12.   0.10279155E+00  -0.52345715E-01  -0.96202969E+00   0.00000000E+00
 23.   13.   0.11681754E+00   0.00000000E+00  -0.99596643E+00   0.00000000E+00
 23.   14.   0.80095902E-01   0.00000000E+00  -0.17592642E+00   0.00000000E+00
 23.   15.   0.75324131E-01   0.17808491E-01  -0.16993187E+00   0.00000000E+00
 23.   16.   0.62287411E-01   0.30845212E-01  -0.15235675E+00   0.00000000E+00
 23.   17.   0.44478920E-01   0.35616983E-01  -0.12439876E+00   0.00000000E+00
 23.   18.   0.26670429E-01   0.30845212E-01  -0.87963210E-01   0.00000000E+00
 23.   19.   0.13633708E-01   0.17808491E-01  -0.45533108E-01   0.00000000E+00
 23.   20.   0.88619372E-02   0.27178325E-09  -0.49517261E-09   0.00000000E+00
 23.   21.   0.13633708E-01  -0.17808491E-01   0.45533107E-01   0.00000000E+00
 23.   22.   0.26670428E-01  -0.30845211E-01   0.87963208E-01   0.00000000E+00
 23.   23.   0.44478919E-01  -0.35616983E-01   0.12439876E+00   0.00000000E+00
 23.   24.   0.62287410E-01  -0.30845212E-01   0.15235675E+00   0.00000000E+00
 23.   25.   0.75324131E-01  -0.17808492E-01   0.16993187E+00   0.00000000E+00
 23.   26.   0.80095902E-01   0.00000000E+00   0.17592642E+00   0.00000000E+00
 23.   27.  -0.64284470E-01   0.00000000E+00  -0.18050986E+00   0.00000000E+00
 23.   28.  -0.59584295E-01  -0.17541296E-01  -0.17435914E+00   0.00000000E+00
 23.   29.  -0.46743175E-01  -0.30382416E-01  -0.15632612E+00   0.00000000E+00
 23.   30.  -0.29201879E-01  -0.35082591E-01  -0.12763975E+00   0.00000000E+00
 23.   31.  -0.11660584E-01  -0.30382416E-01  -0.90254930E-01   0.00000000E+00
 23.   32.   0.11805362E-02  -0.17541296E-01  -0.46719390E-01   0.00000000E+00
 23.   33.   0.58807124E-02  -0.41582977E-09  -0.91393471E-09   0.00000000E+00
 23.   34.   0.11805368E-02   0.17541295E-01   0.46719388E-01   0.00000000E+00
 23.   35.  -0.11660583E-01   0.30382415E-01   0.90254929E-01   0.00000000E+00
 23.   36.  -0.29201879E-01   0.35082591E-01   0.12763975E+00   0.00000000E+00
 23.   37.  -0.46743174E-01   0.30382416E-01   0.15632612E+00   0.00000000E+00
 23.   38.  -0.59584294E-01   0.17541296E-01   0.17435914E+00   0.00000000E+00
 23.   39.  -0.64284471E-01   0.00000000E+00   0.18050986E+00   0.00000000E+00
 23.   40.   0.15139518E-01   0.00000000E+00   0.28099750E+00   0.00000000E+00
 23.   41.   0.13675741E-01   0.54628893E-02   0.27142274E+00   0.00000000E+00
 23.   42.   0.96766284E-02   0.94620022E-02   0.24335097E+00   0.00000000E+00
 23.   43.   0.42137392E-02   0.10925779E-01   0.19869524E+00   0.00000000E+00
 23.   44.  -0.12491505E-02   0.94620022E-02   0.14049875E+00   0.00000000E+00
 23.   45.  -0.52482630E-02   0.54628895E-02   0.72727504E-01   0.00000000E+00
 23.   46.  -0.67120399E-02   0.17673454E-09   0.15201423E-08   0.00000000E+00
 23.   47.  -0.52482631E-02  -0.54628891E-02  -0.72727501E-01   0.00000000E+00
 23.   48.  -0.12491507E-02  -0.94620023E-02  -0.14049875E+00   0.00000000E+00
 23.   49.   0.42137389E-02  -0.10925779E-01  -0.19869523E+00   0.00000000E+00
 23.   50.   0.96766284E-02  -0.94620023E-02  -0.24335097E+00   0.00000000E+00
 23.   51.   0.13675741E-01  -0.54628896E-02  -0.27142274E+00   0.00000000E+00
 23.   52.   0.15139518E-01   0.00000000E+00  -0.28099750E+00   0.00000000E+00
 23.   53.   0.79723434E-01   0.00000000E+00  -0.38757946E+00   0.00000000E+00
 23.   54.   0.74801139E-01   0.18370258E-01  -0.37437301E+00   0.00000000E+00
 23.   55.   0.61353177E-01   0.31818220E-01  -0.33565366E+00   0.00000000E+00
 23.   56.   0.42982919E-01   0.36740516E-01  -0.27406007E+00   0.00000000E+00
 23.   57.   0.24612661E-01   0.31818220E-01  -0.19378973E+00   0.00000000E+00
 23.   58.   0.11164699E-01   0.18370258E-01  -0.10031295E+00   0.00000000E+00
 23.   59.   0.62424026E-02   0.95854099E-10  -0.15326598E-08   0.00000000E+00
 23.   60.   0.11164698E-01  -0.18370257E-01   0.10031294E+00   0.00000000E+00
 23.   61.   0.24612660E-01  -0.31818220E-01   0.19378973E+00   0.00000000E+00
 23.   62.   0.42982917E-01  -0.36740515E-01   0.27406006E+00   0.00000000E+00
 23.   63.   0.61353176E-01  -0.31818220E-01   0.33565366E+00   0.00000000E+00
 23.   64.   0.74801138E-01  -0.18370258E-01   0.37437301E+00   0.00000000E+00
 23.   65.   0.79723434E-01   0.00000000E+00   0.38757946E+00   0.00000000E+00
 23.   66.  -0.79723435E-01   0.00000000E+00  -0.38757946E+00   0.00000000E+00
 23.   67.  -0.74801138E-01  -0.18370258E-01  -0.37437301E+00   0.00000000E+00
 23.   68.  -0.61353176E-01  -0.31818220E-01  -0.33565366E+00   0.00000000E+00
 23.   69.  -0.42982919E-01  -0.36740516E-01  -0.27406007E+00   0.00000000E+00
 23.   70.  -0.24612661E-01  -0.31818220E-01  -0.19378973E+00   0.00000000E+00
 23.   71.  -0.11164699E-01  -0.18370258E-01  -0.10031295E+00   0.00000000E+00
 23.   72.  -0.62424032E-02  -0.97263348E-10  -0.15955174E-08   0.00000000E+00
 23.   73.  -0.11164698E-01   0.18370257E-01   0.10031294E+00   0.00000000E+00
 23.   74.  -0.24612660E-01   0.31818219E-01   0.19378973E+00   0.00000000E+00
 23.   75.  -0.42982918E-01   0.36740515E-01   0.27406006E+00   0.00000000E+00
 23.   76.  -0.61353175E-01   0.31818220E-01   0.33565366E+00   0.00000000E+00
 23.   77.  -0.74801137E-01   0.18370258E-01   0.37437301E+00   0.00000000E+00
 23.   78.  -0.79723434E-01   0.00000000E+00   0.38757946E+00   0.00000000E+00
 24.    1.  -0.75899536E+00   0.00000000E+00  -0.28032361E-01   0.00000000E+00
 24.    2.  -0.73165154E+00   0.19091274E+00  -0.24276737E-01   0.00000000E+00
 24.    3.  -0.65235146E+00   0.37091052E+00  -0.14016180E-01   0.00000000E+00
 24.    4.  -0.52859471E+00   0.52859471E+00   0.48604655E-09   0.00000000E+00
 24.    5.  -0.37091052E+00   0.65235146E+00   0.14016181E-01   0.00000000E+00
 24.    6.  -0.19091275E+00   0.73165154E+00   0.24276738E-01   0.00000000E+00
 24.    7.  -0.39262037E-08   0.75899536E+00   0.28032362E-01   0.00000000E+00
 24.    8.   0.19091274E+00   0.73165154E+00   0.24276737E-01   0.00000000E+00
 24.    9.   0.37091051E+00   0.65235146E+00   0.14016181E-01   0.00000000E+00
 24.   10.   0.52859471E+00   0.52859471E+00  -0.54093654E-09   0.00000000E+00
 24.   11.   0.65235146E+00   0.37091052E+00  -0.14016182E-01   0.00000000E+00
 24.   12.   0.73165154E+00   0.19091275E+00  -0.24276738E-01   0.00000000E+00
 24.   13.   0.75899536E+00   0.00000000E+00  -0.28032363E-01   0.00000000E+00
 24.   14.  -0.83228745E+00   0.00000000E+00  -0.50139352E-02   0.00000000E+00
 24.   15.  -0.77371769E+00   0.10266567E+00  -0.43421952E-02   0.00000000E+00
 24.   16.  -0.61969662E+00   0.24105858E+00  -0.25069675E-02   0.00000000E+00
 24.   17.  -0.42344425E+00   0.42344424E+00  -0.21606114E-09   0.00000000E+00
 24.   18.  -0.24105859E+00   0.61969662E+00   0.25069671E-02   0.00000000E+00
 24.   19.  -0.10266567E+00   0.77371769E+00   0.43421949E-02   0.00000000E+00
 24.   20.  -0.18547370E-08   0.83228745E+00   0.50139352E-02   0.00000000E+00
 24.   21.   0.10266567E+00   0.77371770E+00   0.43421954E-02   0.00000000E+00
 24.   22.   0.24105858E+00   0.61969663E+00   0.25069677E-02   0.00000000E+00
 24.   23.   0.42344424E+00   0.42344425E+00   0.25084877E-09   0.00000000E+00
 24.   24.   0.61969661E+00   0.24105859E+00  -0.25069671E-02   0.00000000E+00
 24.   25.   0.77371769E+00   0.10266567E+00  -0.43421948E-02   0.00000000E+00
 24.   26.   0.83228745E+00   0.00000000E+00  -0.50139348E-02   0.00000000E+00
 24.   27.  -0.92702784E+00   0.00000000E+00  -0.81201626E-03   0.00000000E+00
 24.   28.  -0.85496642E+00   0.88882492E-01  -0.70322629E-03   0.00000000E+00
 24.   29.  -0.66740197E+00   0.22894627E+00  -0.40600739E-03   0.00000000E+00
 24.   30.  -0.43435517E+00   0.43435517E+00  -0.29291888E-10   0.00000000E+00
 24.   31.  -0.22894627E+00   0.66740196E+00   0.40600710E-03   0.00000000E+00
 24.   32.  -0.88882493E-01   0.85496642E+00   0.70322601E-03   0.00000000E+00
 24.   33.  -0.15549895E-08   0.92702784E+00   0.81201606E-03   0.00000000E+00
 24.   34.   0.88882489E-01   0.85496642E+00   0.70322625E-03   0.00000000E+00
 24.   35.   0.22894626E+00   0.66740197E+00   0.40600736E-03   0.00000000E+00
 24.   36.   0.43435516E+00   0.43435518E+00   0.41661392E-10   0.00000000E+00
 24.   37.   0.66740196E+00   0.22894628E+00  -0.40600716E-03   0.00000000E+00
 24.   38.   0.85496641E+00   0.88882496E-01  -0.70322586E-03   0.00000000E+00
 24.   39.   0.92702784E+00   0.00000000E+00  -0.81201570E-03   0.00000000E+00
 24.   40.  -0.99127673E+00   0.00000000E+00   0.15766939E-02   0.00000000E+00
 24.   41.  -0.89282414E+00   0.15188482E-01   0.13654572E-02   0.00000000E+00
 24.   42.  -0.64206188E+00   0.12080708E+00   0.78834761E-03   0.00000000E+00
 24.   43.  -0.34754417E+00   0.34754417E+00   0.37998895E-09   0.00000000E+00
 24.   44.  -0.12080708E+00   0.64206188E+00  -0.78834751E-03   0.00000000E+00
 24.   45.  -0.15188483E-01   0.89282414E+00  -0.13654569E-02   0.00000000E+00
 24.   46.   0.15996683E-10   0.99127673E+00  -0.15766937E-02   0.00000000E+00
 24.   47.   0.15188481E-01   0.89282415E+00  -0.13654574E-02   0.00000000E+00
 24.   48.   0.12080707E+00   0.64206189E+00  -0.78834745E-03   0.00000000E+00
 24.   49.   0.34754416E+00   0.34754418E+00  -0.40854001E-09   0.00000000E+00
 24.   50.   0.64206187E+00   0.12080708E+00   0.78834716E-03   0.00000000E+00
 24.   51.   0.89282413E+00   0.15188484E-01   0.13654567E-02   0.00000000E+00
 24.   52.   0.99127673E+00   0.00000000E+00   0.15766931E-02   0.00000000E+00
 24.   53.  -0.99086412E+00   0.00000000E+00   0.37445466E-02   0.00000000E+00
 24.   54.  -0.85492173E+00  -0.12488462E+00   0.32428711E-02   0.00000000E+00
 24.   55.  -0.51621419E+00  -0.96754912E-01   0.18722717E-02   0.00000000E+00
 24.   56.  -0.14232751E+00   0.14232750E+00  -0.12907948E-09   0.00000000E+00
 24.   57.   0.96754911E-01   0.51621419E+00  -0.18722726E-02   0.00000000E+00
 24.   58.   0.12488462E+00   0.85492173E+00  -0.32428715E-02   0.00000000E+00
 24.   59.   0.29667129E-08   0.99086412E+00  -0.37445459E-02   0.00000000E+00
 24.   60.  -0.12488462E+00   0.85492174E+00  -0.32428719E-02   0.00000000E+00
 24.   61.  -0.96754916E-01   0.51621420E+00  -0.18722718E-02   0.00000000E+00
 24.   62.   0.14232750E+00   0.14232752E+00   0.10250590E-09   0.00000000E+00
 24.   63.   0.51621418E+00  -0.96754907E-01   0.18722725E-02   0.00000000E+00
 24.   64.   0.85492172E+00  -0.12488462E+00   0.32428727E-02   0.00000000E+00
 24.   65.   0.99086412E+00   0.00000000E+00   0.37445460E-02   0.00000000E+00
 24.   66.  -0.99086412E+00   0.00000000E+00  -0.37445446E-02   0.00000000E+00
 24.   67.  -0.85492173E+00  -0.12488462E+00  -0.32428720E-02   0.00000000E+00
 24.   68.  -0.51621419E+00  -0.96754913E-01  -0.18722738E-02   0.00000000E+00
 24.   69.  -0.14232751E+00   0.14232750E+00  -0.15693225E-09   0.00000000E+00
 24.   70.   0.96754911E-01   0.51621419E+00   0.18722729E-02   0.00000000E+00
 24.   71.   0.12488462E+00   0.85492173E+00   0.32428716E-02   0.00000000E+00
 24.   72.   0.31134954E-08   0.99086412E+00   0.37445452E-02   0.00000000E+00
 24.   73.  -0.12488462E+00   0.85492174E+00   0.32428713E-02   0.00000000E+00
 24.   74.  -0.96754917E-01   0.51621420E+00   0.18722739E-02   0.00000000E+00
 24.   75.   0.14232750E+00   0.14232752E+00   0.21630181E-09   0.00000000E+00
 24.   76.   0.51621418E+00  -0.96754907E-01  -0.18722729E-02   0.00000000E+00
 24.   77.   0.85492172E+00  -0.12488462E+00  -0.32428704E-02   0.00000000E+00
 24.   78.   0.99086412E+00   0.00000000E+00  -0.37445452E-02   0.00000000E+00
