mode k UX UY UZ VOLT
  1.    1.   0.97063402E-03   0.00000000E+00   0.68489881E-01   0.00000000E+00
  1.    2.   0.93756047E-03   0.25121857E-03   0.68489881E-01   0.00000000E+00
  1.    3.   0.84059372E-03   0.48531701E-03   0.68489881E-01   0.00000000E+00
  1.    4.   0.68634190E-03   0.68634190E-03   0.68489881E-01   0.00000000E+00
  1.    5.   0.48531701E-03   0.84059372E-03   0.68489881E-01   0.00000000E+00
  1.    6.   0.25121857E-03   0.93756047E-03   0.68489881E-01   0.00000000E+00
  1.    7.   0.12048488E-11   0.97063402E-03   0.68489881E-01   0.00000000E+00
  1.    8.  -0.25121857E-03   0.93756047E-03   0.68489881E-01   0.00000000E+00
  1.    9.  -0.48531701E-03   0.84059372E-03   0.68489881E-01   0.00000000E+00
  1.   10.  -0.68634190E-03   0.68634190E-03   0.68489881E-01   0.00000000E+00
  1.   11.  -0.84059372E-03   0.48531701E-03   0.68489881E-01   0.00000000E+00
  1.   12.  -0.93756047E-03   0.25121857E-03   0.68489881E-01   0.00000000E+00
  1.   13.  -0.97063402E-03   0.00000000E+00   0.68489881E-01   0.00000000E+00
  1.   14.   0.17212988E-02   0.00000000E+00   0.51439014E-01   0.00000000E+00
  1.   15.   0.16626470E-02   0.44550491E-03   0.51439014E-01   0.00000000E+00
  1.   16.   0.14906885E-02   0.86064940E-03   0.51439014E-01   0.00000000E+00
  1.   17.   0.12171421E-02   0.12171421E-02   0.51439014E-01   0.00000000E+00
  1.   18.   0.86064940E-03   0.14906885E-02   0.51439014E-01   0.00000000E+00
  1.   19.   0.44550491E-03   0.16626470E-02   0.51439014E-01   0.00000000E+00
  1.   20.   0.20589732E-11   0.17212988E-02   0.51439014E-01   0.00000000E+00
  1.   21.  -0.44550491E-03   0.16626470E-02   0.51439014E-01   0.00000000E+00
  1.   22.  -0.86064940E-03   0.14906885E-02   0.51439014E-01   0.00000000E+00
  1.   23.  -0.12171420E-02   0.12171421E-02   0.51439014E-01   0.00000000E+00
  1.   24.  -0.14906885E-02   0.86064940E-03   0.51439014E-01   0.00000000E+00
  1.   25.  -0.16626470E-02   0.44550491E-03   0.51439014E-01   0.00000000E+00
  1.   26.  -0.17212988E-02   0.00000000E+00   0.51439014E-01   0.00000000E+00
  1.   27.   0.21316298E-02   0.00000000E+00   0.27057981E-01   0.00000000E+00
  1.   28.   0.20589963E-02   0.55170639E-03   0.27057981E-01   0.00000000E+00
  1.   29.   0.18460456E-02   0.10658149E-02   0.27057981E-01   0.00000000E+00
  1.   30.   0.15072899E-02   0.15072899E-02   0.27057981E-01   0.00000000E+00
  1.   31.   0.10658149E-02   0.18460456E-02   0.27057981E-01   0.00000000E+00
  1.   32.   0.55170639E-03   0.20589963E-02   0.27057981E-01   0.00000000E+00
  1.   33.   0.25384856E-11   0.21316298E-02   0.27057981E-01   0.00000000E+00
  1.   34.  -0.55170639E-03   0.20589963E-02   0.27057981E-01   0.00000000E+00
  1.   35.  -0.10658149E-02   0.18460456E-02   0.27057981E-01   0.00000000E+00
  1.   36.  -0.15072899E-02   0.15072899E-02   0.27057981E-01   0.00000000E+00
  1.   37.  -0.18460456E-02   0.10658149E-02   0.27057981E-01   0.00000000E+00
  1.   38.  -0.20589963E-02   0.55170640E-03   0.27057981E-01   0.00000000E+00
  1.   39.  -0.21316298E-02   0.00000000E+00   0.27057981E-01   0.00000000E+00
  1.   40.   0.21537890E-02   0.00000000E+00  -0.65418873E-05   0.00000000E+00
  1.   41.   0.20804004E-02   0.55744162E-03  -0.65418873E-05   0.00000000E+00
  1.   42.   0.18652360E-02   0.10768945E-02  -0.65418873E-05   0.00000000E+00
  1.   43.   0.15229588E-02   0.15229588E-02  -0.65418873E-05   0.00000000E+00
  1.   44.   0.10768945E-02   0.18652360E-02  -0.65418873E-05   0.00000000E+00
  1.   45.   0.55744162E-03   0.20804004E-02  -0.65418873E-05   0.00000000E+00
  1.   46.   0.25470129E-11   0.21537890E-02  -0.65418873E-05   0.00000000E+00
  1.   47.  -0.55744161E-03   0.20804004E-02  -0.65418873E-05   0.00000000E+00
  1.   48.  -0.10768945E-02   0.18652360E-02  -0.65418873E-05   0.00000000E+00
  1.   49.  -0.15229588E-02   0.15229588E-02  -0.65418873E-05   0.00000000E+00
  1.   50.  -0.18652360E-02   0.10768945E-02  -0.65418873E-05   0.00000000E+00
  1.   51.  -0.20804004E-02   0.55744162E-03  -0.65418873E-05   0.00000000E+00
  1.   52.  -0.21537890E-02   0.00000000E+00  -0.65418873E-05   0.00000000E+00
  1.   53.  -0.21537890E-02   0.00000000E+00  -0.65418873E-05   0.00000000E+00
  1.   54.  -0.20804004E-02  -0.55744162E-03  -0.65418873E-05   0.00000000E+00
  1.   55.  -0.18652360E-02  -0.10768945E-02  -0.65418873E-05   0.00000000E+00
  1.   56.  -0.15229588E-02  -0.15229588E-02  -0.65418873E-05   0.00000000E+00
  1.   57.  -0.10768945E-02  -0.18652360E-02  -0.65418873E-05   0.00000000E+00
  1.   58.  -0.55744162E-03  -0.20804004E-02  -0.65418873E-05   0.00000000E+00
  1.   59.  -0.25401269E-11  -0.21537890E-02  -0.65418873E-05   0.00000000E+00
  1.   60.   0.55744161E-03  -0.20804004E-02  -0.65418873E-05   0.00000000E+00
  1.   61.   0.10768945E-02  -0.18652360E-02  -0.65418873E-05   0.00000000E+00
  1.   62.   0.15229588E-02  -0.15229588E-02  -0.65418873E-05   0.00000000E+00
  1.   63.   0.18652360E-02  -0.10768945E-02  -0.65418873E-05   0.00000000E+00
  1.   64.   0.20804004E-02  -0.55744162E-03  -0.65418873E-05   0.00000000E+00
  1.   65.   0.21537890E-02   0.00000000E+00  -0.65418873E-05   0.00000000E+00
  2.    1.  -0.12789052E-02   0.00000000E+00   0.21288284E-01   0.00000000E+00
  2.    2.  -0.13052773E-02   0.98422015E-04   0.20562903E-01   0.00000000E+00
  2.    3.  -0.13773272E-02   0.17047193E-03   0.18436194E-01   0.00000000E+00
  2.    4.  -0.14757493E-02   0.19684403E-03   0.15053090E-01   0.00000000E+00
  2.    5.  -0.15741713E-02   0.17047193E-03   0.10644142E-01   0.00000000E+00
  2.    6.  -0.16462212E-02   0.98422016E-04   0.55098132E-02   0.00000000E+00
  2.    7.  -0.16725933E-02   0.45699478E-12   0.25259358E-10   0.00000000E+00
  2.    8.  -0.16462212E-02  -0.98422015E-04  -0.55098132E-02   0.00000000E+00
  2.    9.  -0.15741713E-02  -0.17047193E-03  -0.10644142E-01   0.00000000E+00
  2.   10.  -0.14757493E-02  -0.19684403E-03  -0.15053090E-01   0.00000000E+00
  2.   11.  -0.13773272E-02  -0.17047193E-03  -0.18436194E-01   0.00000000E+00
  2.   12.  -0.13052773E-02  -0.98422016E-04  -0.20562903E-01   0.00000000E+00
  2.   13.  -0.12789052E-02   0.00000000E+00  -0.21288284E-01   0.00000000E+00
  2.   14.   0.76724959E-04   0.00000000E+00   0.29158274E-01   0.00000000E+00
  2.   15.  -0.59062677E-05   0.30838394E-03   0.28164730E-01   0.00000000E+00
  2.   16.  -0.23165898E-03   0.53413665E-03   0.25251806E-01   0.00000000E+00
  2.   17.  -0.54004292E-03   0.61676788E-03   0.20618014E-01   0.00000000E+00
  2.   18.  -0.84842685E-03   0.53413665E-03   0.14579137E-01   0.00000000E+00
  2.   19.  -0.10741796E-02   0.30838394E-03   0.75467168E-02   0.00000000E+00
  2.   20.  -0.11568108E-02   0.14567142E-11   0.34590019E-10   0.00000000E+00
  2.   21.  -0.10741796E-02  -0.30838394E-03  -0.75467167E-02   0.00000000E+00
  2.   22.  -0.84842686E-03  -0.53413665E-03  -0.14579137E-01   0.00000000E+00
  2.   23.  -0.54004292E-03  -0.61676788E-03  -0.20618014E-01   0.00000000E+00
  2.   24.  -0.23165898E-03  -0.53413665E-03  -0.25251806E-01   0.00000000E+00
  2.   25.  -0.59062692E-05  -0.30838394E-03  -0.28164730E-01   0.00000000E+00
  2.   26.   0.76724959E-04   0.00000000E+00  -0.29158274E-01   0.00000000E+00
  2.   27.   0.13147337E-02   0.00000000E+00   0.19890654E-01   0.00000000E+00
  2.   28.   0.11913124E-02   0.46061464E-03   0.19212896E-01   0.00000000E+00
  2.   29.   0.85411911E-03   0.79780796E-03   0.17225811E-01   0.00000000E+00
  2.   30.   0.39350447E-03   0.92122928E-03   0.14064816E-01   0.00000000E+00
  2.   31.  -0.67110168E-04   0.79780796E-03   0.99453269E-02   0.00000000E+00
  2.   32.  -0.40430349E-03   0.46061464E-03   0.51480800E-02   0.00000000E+00
  2.   33.  -0.52772481E-03   0.21823109E-11   0.23581140E-10   0.00000000E+00
  2.   34.  -0.40430349E-03  -0.46061464E-03  -0.51480800E-02   0.00000000E+00
  2.   35.  -0.67110172E-04  -0.79780796E-03  -0.99453268E-02   0.00000000E+00
  2.   36.   0.39350447E-03  -0.92122928E-03  -0.14064816E-01   0.00000000E+00
  2.   37.   0.85411910E-03  -0.79780796E-03  -0.17225811E-01   0.00000000E+00
  2.   38.   0.11913124E-02  -0.46061464E-03  -0.19212896E-01   0.00000000E+00
  2.   39.   0.13147337E-02   0.00000000E+00  -0.19890654E-01   0.00000000E+00
  2.   40.   0.17044057E-02   0.00000000E+00  -0.37607293E-05   0.00000000E+00
  2.   41.   0.15881726E-02   0.43378761E-03  -0.36325855E-05   0.00000000E+00
  2.   42.   0.12706181E-02   0.75134218E-03  -0.32568871E-05   0.00000000E+00
  2.   43.   0.83683045E-03   0.86757522E-03  -0.26592372E-05   0.00000000E+00
  2.   44.   0.40304284E-03   0.75134218E-03  -0.18803646E-05   0.00000000E+00
  2.   45.   0.85488272E-04   0.43378761E-03  -0.97334837E-06   0.00000000E+00
  2.   46.  -0.30744768E-04   0.20568697E-11  -0.50720111E-14   0.00000000E+00
  2.   47.   0.85488270E-04  -0.43378761E-03   0.97334836E-06   0.00000000E+00
  2.   48.   0.40304284E-03  -0.75134218E-03   0.18803646E-05   0.00000000E+00
  2.   49.   0.83683045E-03  -0.86757522E-03   0.26592372E-05   0.00000000E+00
  2.   50.   0.12706181E-02  -0.75134218E-03   0.32568871E-05   0.00000000E+00
  2.   51.   0.15881726E-02  -0.43378761E-03   0.36325855E-05   0.00000000E+00
  2.   52.   0.17044057E-02   0.00000000E+00   0.37607293E-05   0.00000000E+00
  2.   53.  -0.17044057E-02   0.00000000E+00  -0.37607293E-05   0.00000000E+00
  2.   54.  -0.15881726E-02  -0.43378761E-03  -0.36325855E-05   0.00000000E+00
  2.   55.  -0.12706181E-02  -0.75134218E-03  -0.32568871E-05   0.00000000E+00
  2.   56.  -0.83683045E-03  -0.86757522E-03  -0.26592372E-05   0.00000000E+00
  2.   57.  -0.40304284E-03  -0.75134218E-03  -0.18803646E-05   0.00000000E+00
  2.   58.  -0.85488272E-04  -0.43378761E-03  -0.97334837E-06   0.00000000E+00
  2.   59.   0.30744768E-04  -0.20566024E-11  -0.50750354E-14   0.00000000E+00
  2.   60.  -0.85488270E-04   0.43378761E-03   0.97334836E-06   0.00000000E+00
  2.   61.  -0.40304284E-03   0.75134218E-03   0.18803646E-05   0.00000000E+00
  2.   62.  -0.83683045E-03   0.86757522E-03   0.26592372E-05   0.00000000E+00
  2.   63.  -0.12706181E-02   0.75134218E-03   0.32568871E-05   0.00000000E+00
  2.   64.  -0.15881726E-02   0.43378761E-03   0.36325855E-05   0.00000000E+00
  2.   65.  -0.17044057E-02   0.00000000E+00   0.37607293E-05   0.00000000E+00
  3.    1.  -0.79704700E-03   0.00000000E+00   0.59305252E-02   0.00000000E+00
  3.    2.  -0.78703128E-03   0.27026947E-03   0.51359855E-02   0.00000000E+00
  3.    3.  -0.74762453E-03   0.49787667E-03   0.29652626E-02   0.00000000E+00
  3.    4.  -0.65726840E-03   0.65726840E-03   0.83453114E-11   0.00000000E+00
  3.    5.  -0.49787667E-03   0.74762453E-03  -0.29652626E-02   0.00000000E+00
  3.    6.  -0.27026947E-03   0.78703128E-03  -0.51359855E-02   0.00000000E+00
  3.    7.  -0.12481670E-11   0.79704700E-03  -0.59305252E-02   0.00000000E+00
  3.    8.   0.27026947E-03   0.78703128E-03  -0.51359855E-02   0.00000000E+00
  3.    9.   0.49787667E-03   0.74762453E-03  -0.29652626E-02   0.00000000E+00
  3.   10.   0.65726840E-03   0.65726841E-03  -0.19079421E-10   0.00000000E+00
  3.   11.   0.74762453E-03   0.49787667E-03   0.29652626E-02   0.00000000E+00
  3.   12.   0.78703128E-03   0.27026947E-03   0.51359855E-02   0.00000000E+00
  3.   13.   0.79704700E-03   0.00000000E+00   0.59305252E-02   0.00000000E+00
  3.   14.  -0.43125363E-03   0.00000000E+00   0.14930557E-01   0.00000000E+00
  3.   15.  -0.51367274E-03   0.47405001E-03   0.12930242E-01   0.00000000E+00
  3.   16.  -0.69842546E-03   0.77845474E-03   0.74652787E-02   0.00000000E+00
  3.   17.  -0.83558163E-03   0.83558163E-03   0.20328781E-10   0.00000000E+00
  3.   18.  -0.77845475E-03   0.69842546E-03  -0.74652786E-02   0.00000000E+00
  3.   19.  -0.47405001E-03   0.51367275E-03  -0.12930242E-01   0.00000000E+00
  3.   20.  -0.22766437E-11   0.43125363E-03  -0.14930557E-01   0.00000000E+00
  3.   21.   0.47405001E-03   0.51367274E-03  -0.12930242E-01   0.00000000E+00
  3.   22.   0.77845474E-03   0.69842546E-03  -0.74652787E-02   0.00000000E+00
  3.   23.   0.83558163E-03   0.83558163E-03  -0.48869735E-10   0.00000000E+00
  3.   24.   0.69842546E-03   0.77845475E-03   0.74652786E-02   0.00000000E+00
  3.   25.   0.51367275E-03   0.47405001E-03   0.12930242E-01   0.00000000E+00
  3.   26.   0.43125363E-03   0.00000000E+00   0.14930557E-01   0.00000000E+00
  3.   27.   0.70164044E-03   0.00000000E+00   0.13354860E-01   0.00000000E+00
  3.   28.   0.49545596E-03   0.49866786E-03   0.11565648E-01   0.00000000E+00
  3.   29.  -0.22711597E-05   0.70557420E-03   0.66774300E-02   0.00000000E+00
  3.   30.  -0.49984350E-03   0.49984350E-03   0.18102027E-10   0.00000000E+00
  3.   31.  -0.70557420E-03   0.22711616E-05  -0.66774300E-02   0.00000000E+00
  3.   32.  -0.49866786E-03  -0.49545595E-03  -0.11565648E-01   0.00000000E+00
  3.   33.  -0.25000363E-11  -0.70164044E-03  -0.13354860E-01   0.00000000E+00
  3.   34.   0.49866786E-03  -0.49545596E-03  -0.11565648E-01   0.00000000E+00
  3.   35.   0.70557420E-03   0.22711567E-05  -0.66774301E-02   0.00000000E+00
  3.   36.   0.49984350E-03   0.49984350E-03  -0.43852349E-10   0.00000000E+00
  3.   37.   0.22711646E-05   0.70557420E-03   0.66774300E-02   0.00000000E+00
  3.   38.  -0.49545595E-03   0.49866786E-03   0.11565648E-01   0.00000000E+00
  3.   39.  -0.70164044E-03   0.00000000E+00   0.13354860E-01   0.00000000E+00
  3.   40.   0.12407031E-02   0.00000000E+00  -0.13495707E-05   0.00000000E+00
  3.   41.   0.10320779E-02   0.29970661E-03  -0.11687625E-05   0.00000000E+00
  3.   42.   0.51786468E-03   0.34373521E-03  -0.67478535E-06   0.00000000E+00
  3.   43.  -0.31640124E-04   0.31640127E-04  -0.53939659E-14   0.00000000E+00
  3.   44.  -0.34373521E-03  -0.51786468E-03   0.67478534E-06   0.00000000E+00
  3.   45.  -0.29970661E-03  -0.10320779E-02   0.11687625E-05   0.00000000E+00
  3.   46.  -0.15707869E-11  -0.12407031E-02   0.13495707E-05   0.00000000E+00
  3.   47.   0.29970661E-03  -0.10320779E-02   0.11687625E-05   0.00000000E+00
  3.   48.   0.34373521E-03  -0.51786468E-03   0.67478535E-06   0.00000000E+00
  3.   49.   0.31640129E-04   0.31640123E-04   0.86948075E-15   0.00000000E+00
  3.   50.  -0.51786468E-03   0.34373521E-03  -0.67478534E-06   0.00000000E+00
  3.   51.  -0.10320779E-02   0.29970661E-03  -0.11687625E-05   0.00000000E+00
  3.   52.  -0.12407031E-02   0.00000000E+00  -0.13495707E-05   0.00000000E+00
  3.   53.  -0.12407031E-02   0.00000000E+00  -0.13495707E-05   0.00000000E+00
  3.   54.  -0.10320779E-02  -0.29970661E-03  -0.11687625E-05   0.00000000E+00
  3.   55.  -0.51786468E-03  -0.34373521E-03  -0.67478535E-06   0.00000000E+00
  3.   56.   0.31640124E-04  -0.31640127E-04  -0.53938058E-14   0.00000000E+00
  3.   57.   0.34373521E-03   0.51786468E-03   0.67478534E-06   0.00000000E+00
  3.   58.   0.29970661E-03   0.10320779E-02   0.11687625E-05   0.00000000E+00
  3.   59.   0.15704950E-11   0.12407031E-02   0.13495707E-05   0.00000000E+00
  3.   60.  -0.29970661E-03   0.10320779E-02   0.11687625E-05   0.00000000E+00
  3.   61.  -0.34373521E-03   0.51786468E-03   0.67478535E-06   0.00000000E+00
  3.   62.  -0.31640129E-04  -0.31640123E-04   0.86642613E-15   0.00000000E+00
  3.   63.   0.51786468E-03  -0.34373521E-03  -0.67478534E-06   0.00000000E+00
  3.   64.   0.10320779E-02  -0.29970661E-03  -0.11687625E-05   0.00000000E+00
  3.   65.   0.12407031E-02   0.00000000E+00  -0.13495707E-05   0.00000000E+00
  4.    1.   0.77633603E-03   0.00000000E+00   0.76736837E-02   0.00000000E+00
  4.    2.   0.74988302E-03   0.20093055E-03   0.76736837E-02   0.00000000E+00
  4.    3.   0.67232672E-03   0.38816802E-03   0.76736837E-02   0.00000000E+00
  4.    4.   0.54895247E-03   0.54895247E-03   0.76736837E-02   0.00000000E+00
  4.    5.   0.38816802E-03   0.67232672E-03   0.76736837E-02   0.00000000E+00
  4.    6.   0.20093055E-03   0.74988302E-03   0.76736837E-02   0.00000000E+00
  4.    7.   0.92828871E-12   0.77633603E-03   0.76736837E-02   0.00000000E+00
  4.    8.  -0.20093055E-03   0.74988302E-03   0.76736837E-02   0.00000000E+00
  4.    9.  -0.38816801E-03   0.67232672E-03   0.76736837E-02   0.00000000E+00
  4.   10.  -0.54895247E-03   0.54895247E-03   0.76736837E-02   0.00000000E+00
  4.   11.  -0.67232672E-03   0.38816802E-03   0.76736837E-02   0.00000000E+00
  4.   12.  -0.74988302E-03   0.20093055E-03   0.76736837E-02   0.00000000E+00
  4.   13.  -0.77633603E-03   0.00000000E+00   0.76736837E-02   0.00000000E+00
  4.   14.   0.61609038E-03   0.00000000E+00  -0.20926074E-02   0.00000000E+00
  4.   15.   0.59509761E-03   0.15945592E-03  -0.20926074E-02   0.00000000E+00
  4.   16.   0.53354992E-03   0.30804519E-03  -0.20926074E-02   0.00000000E+00
  4.   17.   0.43564169E-03   0.43564168E-03  -0.20926074E-02   0.00000000E+00
  4.   18.   0.30804519E-03   0.53354992E-03  -0.20926074E-02   0.00000000E+00
  4.   19.   0.15945592E-03   0.59509761E-03  -0.20926074E-02   0.00000000E+00
  4.   20.   0.73517435E-12   0.61609038E-03  -0.20926074E-02   0.00000000E+00
  4.   21.  -0.15945592E-03   0.59509761E-03  -0.20926074E-02   0.00000000E+00
  4.   22.  -0.30804519E-03   0.53354992E-03  -0.20926074E-02   0.00000000E+00
  4.   23.  -0.43564168E-03   0.43564169E-03  -0.20926074E-02   0.00000000E+00
  4.   24.  -0.53354992E-03   0.30804519E-03  -0.20926074E-02   0.00000000E+00
  4.   25.  -0.59509761E-03   0.15945593E-03  -0.20926074E-02   0.00000000E+00
  4.   26.  -0.61609038E-03   0.00000000E+00  -0.20926074E-02   0.00000000E+00
  4.   27.  -0.15553162E-03   0.00000000E+00  -0.50813694E-02   0.00000000E+00
  4.   28.  -0.15023201E-03  -0.40254546E-04  -0.50813694E-02   0.00000000E+00
  4.   29.  -0.13469434E-03  -0.77765811E-04  -0.50813694E-02   0.00000000E+00
  4.   30.  -0.10997747E-03  -0.10997746E-03  -0.50813694E-02   0.00000000E+00
  4.   31.  -0.77765811E-04  -0.13469434E-03  -0.50813694E-02   0.00000000E+00
  4.   32.  -0.40254546E-04  -0.15023201E-03  -0.50813694E-02   0.00000000E+00
  4.   33.  -0.17658393E-12  -0.15553162E-03  -0.50813694E-02   0.00000000E+00
  4.   34.   0.40254546E-04  -0.15023201E-03  -0.50813694E-02   0.00000000E+00
  4.   35.   0.77765811E-04  -0.13469434E-03  -0.50813694E-02   0.00000000E+00
  4.   36.   0.10997746E-03  -0.10997747E-03  -0.50813694E-02   0.00000000E+00
  4.   37.   0.13469434E-03  -0.77765812E-04  -0.50813694E-02   0.00000000E+00
  4.   38.   0.15023201E-03  -0.40254546E-04  -0.50813694E-02   0.00000000E+00
  4.   39.   0.15553162E-03   0.00000000E+00  -0.50813694E-02   0.00000000E+00
  4.   40.  -0.52583378E-03   0.00000000E+00   0.33138242E-06   0.00000000E+00
  4.   41.  -0.50791642E-03  -0.13609580E-03   0.33138242E-06   0.00000000E+00
  4.   42.  -0.45538541E-03  -0.26291689E-03   0.33138242E-06   0.00000000E+00
  4.   43.  -0.37182063E-03  -0.37182063E-03   0.33138242E-06   0.00000000E+00
  4.   44.  -0.26291689E-03  -0.45538541E-03   0.33138242E-06   0.00000000E+00
  4.   45.  -0.13609580E-03  -0.50791642E-03   0.33138242E-06   0.00000000E+00
  4.   46.  -0.61489604E-12  -0.52583378E-03   0.33138242E-06   0.00000000E+00
  4.   47.   0.13609579E-03  -0.50791642E-03   0.33138242E-06   0.00000000E+00
  4.   48.   0.26291689E-03  -0.45538541E-03   0.33138242E-06   0.00000000E+00
  4.   49.   0.37182063E-03  -0.37182063E-03   0.33138242E-06   0.00000000E+00
  4.   50.   0.45538541E-03  -0.26291689E-03   0.33138242E-06   0.00000000E+00
  4.   51.   0.50791642E-03  -0.13609580E-03   0.33138242E-06   0.00000000E+00
  4.   52.   0.52583378E-03   0.00000000E+00   0.33138243E-06   0.00000000E+00
  4.   53.   0.52583378E-03   0.00000000E+00   0.33138242E-06   0.00000000E+00
  4.   54.   0.50791642E-03   0.13609580E-03   0.33138242E-06   0.00000000E+00
  4.   55.   0.45538541E-03   0.26291689E-03   0.33138242E-06   0.00000000E+00
  4.   56.   0.37182063E-03   0.37182063E-03   0.33138242E-06   0.00000000E+00
  4.   57.   0.26291689E-03   0.45538541E-03   0.33138242E-06   0.00000000E+00
  4.   58.   0.13609580E-03   0.50791642E-03   0.33138242E-06   0.00000000E+00
  4.   59.   0.62757756E-12   0.52583378E-03   0.33138242E-06   0.00000000E+00
  4.   60.  -0.13609579E-03   0.50791642E-03   0.33138242E-06   0.00000000E+00
  4.   61.  -0.26291689E-03   0.45538541E-03   0.33138242E-06   0.00000000E+00
  4.   62.  -0.37182063E-03   0.37182063E-03   0.33138242E-06   0.00000000E+00
  4.   63.  -0.45538541E-03   0.26291689E-03   0.33138242E-06   0.00000000E+00
  4.   64.  -0.50791642E-03   0.13609580E-03   0.33138242E-06   0.00000000E+00
  4.   65.  -0.52583378E-03   0.00000000E+00   0.33138243E-06   0.00000000E+00
  5.    1.  -0.13532168E-01   0.00000000E+00   0.49940032E-05   0.00000000E+00
  5.    2.  -0.13521723E-01  -0.62497151E-04   0.48970802E-05   0.00000000E+00
  5.    3.  -0.13493277E-01  -0.11097812E-03   0.45806109E-05   0.00000000E+00
  5.    4.  -0.13454761E-01  -0.13288988E-03   0.39739976E-05   0.00000000E+00
  5.    5.  -0.13416903E-01  -0.11971021E-03   0.29946440E-05   0.00000000E+00
  5.    6.  -0.13389827E-01  -0.71294407E-04   0.16263070E-05   0.00000000E+00
  5.    7.  -0.13380096E-01   0.51952849E-12   0.54576970E-13   0.00000000E+00
  5.    8.  -0.13389827E-01   0.71294408E-04  -0.16263069E-05   0.00000000E+00
  5.    9.  -0.13416903E-01   0.11971021E-03  -0.29946439E-05   0.00000000E+00
  5.   10.  -0.13454761E-01   0.13288988E-03  -0.39739975E-05   0.00000000E+00
  5.   11.  -0.13493277E-01   0.11097812E-03  -0.45806107E-05   0.00000000E+00
  5.   12.  -0.13521723E-01   0.62497151E-04  -0.48970801E-05   0.00000000E+00
  5.   13.  -0.13532168E-01   0.00000000E+00  -0.49940031E-05   0.00000000E+00
  5.   14.  -0.13399490E-01   0.00000000E+00   0.84368219E-05   0.00000000E+00
  5.   15.  -0.13356214E-01  -0.19159691E-03   0.85021469E-05   0.00000000E+00
  5.   16.  -0.13234761E-01  -0.35447449E-03   0.86530698E-05   0.00000000E+00
  5.   17.  -0.13061342E-01  -0.45793900E-03   0.86884502E-05   0.00000000E+00
  5.   18.  -0.12882433E-01  -0.46185607E-03   0.80054727E-05   0.00000000E+00
  5.   19.  -0.12757413E-01  -0.31142053E-03   0.53234582E-05   0.00000000E+00
  5.   20.  -0.12717591E-01   0.60555188E-12  -0.25798995E-13   0.00000000E+00
  5.   21.  -0.12757413E-01   0.31142053E-03  -0.53234582E-05   0.00000000E+00
  5.   22.  -0.12882433E-01   0.46185607E-03  -0.80054728E-05   0.00000000E+00
  5.   23.  -0.13061342E-01   0.45793900E-03  -0.86884502E-05   0.00000000E+00
  5.   24.  -0.13234761E-01   0.35447449E-03  -0.86530699E-05   0.00000000E+00
  5.   25.  -0.13356214E-01   0.19159691E-03  -0.85021470E-05   0.00000000E+00
  5.   26.  -0.13399490E-01   0.00000000E+00  -0.84368219E-05   0.00000000E+00
  5.   27.  -0.13259040E-01   0.00000000E+00   0.10145015E-04   0.00000000E+00
  5.   28.  -0.13171388E-01  -0.31330459E-03   0.10417200E-04   0.00000000E+00
  5.   29.  -0.12916440E-01  -0.58512249E-03   0.11303481E-04   0.00000000E+00
  5.   30.  -0.12516319E-01  -0.78331757E-03   0.13032220E-04   0.00000000E+00
  5.   31.  -0.12010044E-01  -0.88368016E-03   0.15920249E-04   0.00000000E+00
  5.   32.  -0.11519473E-01  -0.79526969E-03   0.18119571E-04   0.00000000E+00
  5.   33.  -0.11372645E-01   0.38560636E-12  -0.73139552E-13   0.00000000E+00
  5.   34.  -0.11519473E-01   0.79526969E-03  -0.18119571E-04   0.00000000E+00
  5.   35.  -0.12010044E-01   0.88368016E-03  -0.15920249E-04   0.00000000E+00
  5.   36.  -0.12516319E-01   0.78331757E-03  -0.13032220E-04   0.00000000E+00
  5.   37.  -0.12916440E-01   0.58512249E-03  -0.11303481E-04   0.00000000E+00
  5.   38.  -0.13171388E-01   0.31330459E-03  -0.10417200E-04   0.00000000E+00
  5.   39.  -0.13259040E-01   0.00000000E+00  -0.10145015E-04   0.00000000E+00
  5.   40.  -0.13133272E-01   0.00000000E+00   0.10688921E-04   0.00000000E+00
  5.   41.  -0.13006353E-01  -0.41481676E-03   0.11029908E-04   0.00000000E+00
  5.   42.  -0.12637161E-01  -0.75691053E-03   0.12188025E-04   0.00000000E+00
  5.   43.  -0.12049622E-01  -0.97298478E-03   0.14717464E-04   0.00000000E+00
  5.   44.  -0.11239054E-01  -0.10429925E-02   0.20449814E-04   0.00000000E+00
  5.   45.  -0.10019969E-01  -0.98430915E-03   0.38486911E-04   0.00000000E+00
  5.   46.  -0.62115757E-02  -0.16646802E-11   0.57622457E-13   0.00000000E+00
  5.   47.  -0.10019969E-01   0.98430915E-03  -0.38486911E-04   0.00000000E+00
  5.   48.  -0.11239054E-01   0.10429925E-02  -0.20449814E-04   0.00000000E+00
  5.   49.  -0.12049622E-01   0.97298478E-03  -0.14717464E-04   0.00000000E+00
  5.   50.  -0.12637161E-01   0.75691053E-03  -0.12188025E-04   0.00000000E+00
  5.   51.  -0.13006353E-01   0.41481676E-03  -0.11029908E-04   0.00000000E+00
  5.   52.  -0.13133272E-01   0.00000000E+00  -0.10688921E-04   0.00000000E+00
  5.   53.  -0.13133272E-01   0.00000000E+00  -0.10688921E-04   0.00000000E+00
  5.   54.  -0.13006353E-01  -0.41481676E-03  -0.11029908E-04   0.00000000E+00
  5.   55.  -0.12637161E-01  -0.75691053E-03  -0.12188025E-04   0.00000000E+00
  5.   56.  -0.12049622E-01  -0.97298478E-03  -0.14717464E-04   0.00000000E+00
  5.   57.  -0.11239054E-01  -0.10429925E-02  -0.20449814E-04   0.00000000E+00
  5.   58.  -0.10019969E-01  -0.98430915E-03  -0.38486911E-04   0.00000000E+00
  5.   59.  -0.62115757E-02  -0.16567162E-11  -0.57616888E-13   0.00000000E+00
  5.   60.  -0.10019969E-01   0.98430915E-03   0.38486911E-04   0.00000000E+00
  5.   61.  -0.11239054E-01   0.10429925E-02   0.20449814E-04   0.00000000E+00
  5.   62.  -0.12049622E-01   0.97298478E-03   0.14717464E-04   0.00000000E+00
  5.   63.  -0.12637161E-01   0.75691053E-03   0.12188025E-04   0.00000000E+00
  5.   64.  -0.13006353E-01   0.41481676E-03   0.11029908E-04   0.00000000E+00
  5.   65.  -0.13133272E-01   0.00000000E+00   0.10688921E-04   0.00000000E+00
  6.    1.  -0.35983621E-03   0.00000000E+00   0.17260043E-02   0.00000000E+00
  6.    2.  -0.31980504E-03   0.21043786E-03   0.12204694E-02   0.00000000E+00
  6.    3.  -0.20226012E-03   0.35032480E-03   0.10383452E-11   0.00000000E+00
  6.    4.  -0.22342012E-04   0.38217822E-03  -0.12204694E-02   0.00000000E+00
  6.    5.   0.17991810E-03   0.31162730E-03  -0.17260043E-02   0.00000000E+00
  6.    6.   0.34214705E-03   0.17174036E-03  -0.12204694E-02   0.00000000E+00
  6.    7.   0.40452023E-03   0.80091498E-12  -0.60657620E-11   0.00000000E+00
  6.    8.   0.34214705E-03  -0.17174036E-03   0.12204693E-02   0.00000000E+00
  6.    9.   0.17991810E-03  -0.31162730E-03   0.17260043E-02   0.00000000E+00
  6.   10.  -0.22342010E-04  -0.38217822E-03   0.12204694E-02   0.00000000E+00
  6.   11.  -0.20226011E-03  -0.35032480E-03   0.11052474E-10   0.00000000E+00
  6.   12.  -0.31980504E-03  -0.21043786E-03  -0.12204693E-02   0.00000000E+00
  6.   13.  -0.35983621E-03   0.00000000E+00  -0.17260043E-02   0.00000000E+00
  6.   14.  -0.48717950E-03   0.00000000E+00   0.80268837E-02   0.00000000E+00
  6.   15.  -0.50661208E-03   0.55970287E-03   0.56758639E-02   0.00000000E+00
  6.   16.  -0.47500061E-03   0.82272520E-03   0.42003798E-11   0.00000000E+00
  6.   17.  -0.23141086E-03   0.71859037E-03  -0.56758639E-02   0.00000000E+00
  6.   18.   0.24358975E-03   0.42190983E-03  -0.80268837E-02   0.00000000E+00
  6.   19.   0.73802294E-03   0.15888750E-03  -0.56758639E-02   0.00000000E+00
  6.   20.   0.95000123E-03   0.60511874E-12  -0.28410102E-10   0.00000000E+00
  6.   21.   0.73802295E-03  -0.15888750E-03   0.56758638E-02   0.00000000E+00
  6.   22.   0.24358975E-03  -0.42190982E-03   0.80268837E-02   0.00000000E+00
  6.   23.  -0.23141086E-03  -0.71859036E-03   0.56758639E-02   0.00000000E+00
  6.   24.  -0.47500061E-03  -0.82272520E-03   0.51655098E-10   0.00000000E+00
  6.   25.  -0.50661208E-03  -0.55970287E-03  -0.56758638E-02   0.00000000E+00
  6.   26.  -0.48717950E-03   0.00000000E+00  -0.80268837E-02   0.00000000E+00
  6.   27.   0.36437222E-03   0.00000000E+00   0.94791152E-02   0.00000000E+00
  6.   28.   0.11155112E-03   0.57916897E-03   0.67027466E-02   0.00000000E+00
  6.   29.  -0.37516449E-03   0.64980396E-03   0.48739397E-11   0.00000000E+00
  6.   30.  -0.55735060E-03   0.19297838E-03  -0.67027466E-02   0.00000000E+00
  6.   31.  -0.18218611E-03  -0.31555560E-03  -0.94791152E-02   0.00000000E+00
  6.   32.   0.44579948E-03  -0.38619059E-03  -0.67027466E-02   0.00000000E+00
  6.   33.   0.75032898E-03  -0.21752111E-11  -0.33547338E-10   0.00000000E+00
  6.   34.   0.44579948E-03   0.38619059E-03   0.67027466E-02   0.00000000E+00
  6.   35.  -0.18218611E-03   0.31555560E-03   0.94791152E-02   0.00000000E+00
  6.   36.  -0.55735060E-03  -0.19297838E-03   0.67027466E-02   0.00000000E+00
  6.   37.  -0.37516450E-03  -0.64980396E-03   0.61082139E-10   0.00000000E+00
  6.   38.   0.11155112E-03  -0.57916897E-03  -0.67027466E-02   0.00000000E+00
  6.   39.   0.36437222E-03   0.00000000E+00  -0.94791152E-02   0.00000000E+00
  6.   40.   0.95948642E-03   0.00000000E+00   0.27318223E-06   0.00000000E+00
  6.   41.   0.64584743E-03   0.21103025E-03   0.19316901E-06   0.00000000E+00
  6.   42.  -0.25938057E-04   0.44926033E-04  -0.52904070E-14   0.00000000E+00
  6.   43.  -0.50568127E-03  -0.45380515E-03  -0.19316901E-06   0.00000000E+00
  6.   44.  -0.47974321E-03  -0.83093962E-03  -0.27318223E-06   0.00000000E+00
  6.   45.  -0.14016616E-03  -0.66483540E-03  -0.19316900E-06   0.00000000E+00
  6.   46.   0.51876114E-04  -0.34571053E-11   0.98918685E-16   0.00000000E+00
  6.   47.  -0.14016616E-03   0.66483540E-03   0.19316900E-06   0.00000000E+00
  6.   48.  -0.47974321E-03   0.83093962E-03   0.27318223E-06   0.00000000E+00
  6.   49.  -0.50568127E-03   0.45380516E-03   0.19316901E-06   0.00000000E+00
  6.   50.  -0.25938063E-04  -0.44926030E-04   0.72090332E-14   0.00000000E+00
  6.   51.   0.64584742E-03  -0.21103025E-03  -0.19316901E-06   0.00000000E+00
  6.   52.   0.95948642E-03   0.00000000E+00  -0.27318224E-06   0.00000000E+00
  6.   53.  -0.95948642E-03   0.00000000E+00   0.27318223E-06   0.00000000E+00
  6.   54.  -0.64584743E-03  -0.21103025E-03   0.19316901E-06   0.00000000E+00
  6.   55.   0.25938057E-04  -0.44926033E-04  -0.52994276E-14   0.00000000E+00
  6.   56.   0.50568127E-03   0.45380515E-03  -0.19316901E-06   0.00000000E+00
  6.   57.   0.47974321E-03   0.83093962E-03  -0.27318223E-06   0.00000000E+00
  6.   58.   0.14016616E-03   0.66483540E-03  -0.19316900E-06   0.00000000E+00
  6.   59.  -0.51876114E-04   0.34570643E-11   0.12628638E-15   0.00000000E+00
  6.   60.   0.14016616E-03  -0.66483540E-03   0.19316900E-06   0.00000000E+00
  6.   61.   0.47974321E-03  -0.83093962E-03   0.27318223E-06   0.00000000E+00
  6.   62.   0.50568127E-03  -0.45380516E-03   0.19316901E-06   0.00000000E+00
  6.   63.   0.25938063E-04   0.44926030E-04   0.72114768E-14   0.00000000E+00
  6.   64.  -0.64584742E-03   0.21103025E-03  -0.19316901E-06   0.00000000E+00
  6.   65.  -0.95948642E-03   0.00000000E+00  -0.27318224E-06   0.00000000E+00
  7.    1.  -0.62082449E-04   0.00000000E+00   0.85085341E-02   0.00000000E+00
  7.    2.  -0.10236542E-03   0.15033809E-03   0.82186129E-02   0.00000000E+00
  7.    3.  -0.21242054E-03   0.26039321E-03   0.73686067E-02   0.00000000E+00
  7.    4.  -0.36275863E-03   0.30067618E-03   0.60164422E-02   0.00000000E+00
  7.    5.  -0.51309671E-03   0.26039321E-03   0.42542671E-02   0.00000000E+00
  7.    6.  -0.62315183E-03   0.15033809E-03   0.22021707E-02   0.00000000E+00
  7.    7.  -0.66343480E-03   0.71030149E-12   0.10050607E-10   0.00000000E+00
  7.    8.  -0.62315183E-03  -0.15033809E-03  -0.22021707E-02   0.00000000E+00
  7.    9.  -0.51309672E-03  -0.26039321E-03  -0.42542671E-02   0.00000000E+00
  7.   10.  -0.36275863E-03  -0.30067618E-03  -0.60164422E-02   0.00000000E+00
  7.   11.  -0.21242054E-03  -0.26039321E-03  -0.73686067E-02   0.00000000E+00
  7.   12.  -0.10236542E-03  -0.15033809E-03  -0.82186129E-02   0.00000000E+00
  7.   13.  -0.62082449E-04   0.00000000E+00  -0.85085341E-02   0.00000000E+00
  7.   14.   0.84533044E-03   0.00000000E+00   0.20331404E-02   0.00000000E+00
  7.   15.   0.78334113E-03   0.23134727E-03   0.19638628E-02   0.00000000E+00
  7.   16.   0.61398317E-03   0.40070523E-03   0.17607512E-02   0.00000000E+00
  7.   17.   0.38263590E-03   0.46269455E-03   0.14376474E-02   0.00000000E+00
  7.   18.   0.15128862E-03   0.40070523E-03   0.10165702E-02   0.00000000E+00
  7.   19.  -0.18069334E-04   0.23134727E-03   0.52621546E-03   0.00000000E+00
  7.   20.  -0.80058650E-04   0.10943662E-11   0.23848373E-11   0.00000000E+00
  7.   21.  -0.18069336E-04  -0.23134727E-03  -0.52621545E-03   0.00000000E+00
  7.   22.   0.15128862E-03  -0.40070523E-03  -0.10165702E-02   0.00000000E+00
  7.   23.   0.38263590E-03  -0.46269455E-03  -0.14376474E-02   0.00000000E+00
  7.   24.   0.61398317E-03  -0.40070523E-03  -0.17607512E-02   0.00000000E+00
  7.   25.   0.78334113E-03  -0.23134728E-03  -0.19638628E-02   0.00000000E+00
  7.   26.   0.84533044E-03   0.00000000E+00  -0.20331404E-02   0.00000000E+00
  7.   27.   0.62623204E-04   0.00000000E+00  -0.49953454E-02   0.00000000E+00
  7.   28.   0.67239351E-04  -0.17227695E-04  -0.48251331E-02   0.00000000E+00
  7.   29.   0.79850899E-04  -0.29839243E-04  -0.43260960E-02   0.00000000E+00
  7.   30.   0.97078594E-04  -0.34455390E-04  -0.35322426E-02   0.00000000E+00
  7.   31.   0.11430629E-03  -0.29839243E-04  -0.24976727E-02   0.00000000E+00
  7.   32.   0.12691784E-03  -0.17227695E-04  -0.12928905E-02   0.00000000E+00
  7.   33.   0.13153398E-03  -0.81965455E-13  -0.59248988E-11   0.00000000E+00
  7.   34.   0.12691784E-03   0.17227695E-04   0.12928905E-02   0.00000000E+00
  7.   35.   0.11430629E-03   0.29839243E-04   0.24976727E-02   0.00000000E+00
  7.   36.   0.97078595E-04   0.34455390E-04   0.35322426E-02   0.00000000E+00
  7.   37.   0.79850900E-04   0.29839243E-04   0.43260960E-02   0.00000000E+00
  7.   38.   0.67239351E-04   0.17227695E-04   0.48251331E-02   0.00000000E+00
  7.   39.   0.62623204E-04   0.00000000E+00   0.49953454E-02   0.00000000E+00
  7.   40.  -0.63995195E-03   0.00000000E+00  -0.78872569E-06   0.00000000E+00
  7.   41.  -0.59630985E-03  -0.16287454E-03  -0.76185052E-06   0.00000000E+00
  7.   42.  -0.47707741E-03  -0.28210698E-03  -0.68305649E-06   0.00000000E+00
  7.   43.  -0.31420287E-03  -0.32574909E-03  -0.55771328E-06   0.00000000E+00
  7.   44.  -0.15132832E-03  -0.28210699E-03  -0.39436284E-06   0.00000000E+00
  7.   45.  -0.32095882E-04  -0.16287454E-03  -0.20413723E-06   0.00000000E+00
  7.   46.   0.11546221E-04  -0.77223952E-12  -0.73270743E-15   0.00000000E+00
  7.   47.  -0.32095881E-04   0.16287454E-03   0.20413723E-06   0.00000000E+00
  7.   48.  -0.15132832E-03   0.28210698E-03   0.39436284E-06   0.00000000E+00
  7.   49.  -0.31420287E-03   0.32574909E-03   0.55771328E-06   0.00000000E+00
  7.   50.  -0.47707741E-03   0.28210699E-03   0.68305648E-06   0.00000000E+00
  7.   51.  -0.59630985E-03   0.16287454E-03   0.76185052E-06   0.00000000E+00
  7.   52.  -0.63995195E-03   0.00000000E+00   0.78872568E-06   0.00000000E+00
  7.   53.   0.63995195E-03   0.00000000E+00  -0.78872569E-06   0.00000000E+00
  7.   54.   0.59630985E-03   0.16287454E-03  -0.76185052E-06   0.00000000E+00
  7.   55.   0.47707741E-03   0.28210698E-03  -0.68305649E-06   0.00000000E+00
  7.   56.   0.31420287E-03   0.32574909E-03  -0.55771328E-06   0.00000000E+00
  7.   57.   0.15132832E-03   0.28210699E-03  -0.39436284E-06   0.00000000E+00
  7.   58.   0.32095882E-04   0.16287454E-03  -0.20413723E-06   0.00000000E+00
  7.   59.  -0.11546221E-04   0.77217667E-12  -0.73119598E-15   0.00000000E+00
  7.   60.   0.32095881E-04  -0.16287454E-03   0.20413723E-06   0.00000000E+00
  7.   61.   0.15132832E-03  -0.28210698E-03   0.39436284E-06   0.00000000E+00
  7.   62.   0.31420287E-03  -0.32574909E-03   0.55771328E-06   0.00000000E+00
  7.   63.   0.47707741E-03  -0.28210699E-03   0.68305648E-06   0.00000000E+00
  7.   64.   0.59630985E-03  -0.16287454E-03   0.76185052E-06   0.00000000E+00
  7.   65.   0.63995195E-03   0.00000000E+00   0.78872568E-06   0.00000000E+00
  8.    1.  -0.14670090E-03   0.00000000E+00   0.52041682E-03   0.00000000E+00
  8.    2.  -0.10716785E-03   0.11655147E-03   0.26020841E-03   0.00000000E+00
  8.    3.  -0.66352255E-05   0.15819345E-03  -0.26020841E-03   0.00000000E+00
  8.    4.   0.10373320E-03   0.10373320E-03  -0.52041682E-03   0.00000000E+00
  8.    5.   0.15819345E-03  -0.66352251E-05  -0.26020841E-03   0.00000000E+00
  8.    6.   0.11655148E-03  -0.10716785E-03   0.26020841E-03   0.00000000E+00
  8.    7.   0.58988084E-12  -0.14670090E-03   0.52041682E-03   0.00000000E+00
  8.    8.  -0.11655147E-03  -0.10716785E-03   0.26020841E-03   0.00000000E+00
  8.    9.  -0.15819345E-03  -0.66352261E-05  -0.26020841E-03   0.00000000E+00
  8.   10.  -0.10373320E-03   0.10373320E-03  -0.52041682E-03   0.00000000E+00
  8.   11.   0.66352245E-05   0.15819345E-03  -0.26020841E-03   0.00000000E+00
  8.   12.   0.10716785E-03   0.11655148E-03   0.26020840E-03   0.00000000E+00
  8.   13.   0.14670090E-03   0.00000000E+00   0.52041682E-03   0.00000000E+00
  8.   14.  -0.41497181E-03   0.00000000E+00   0.44833169E-02   0.00000000E+00
  8.   15.  -0.35842374E-03   0.53599162E-03   0.22416584E-02   0.00000000E+00
  8.   16.  -0.12555945E-03   0.63244716E-03  -0.22416584E-02   0.00000000E+00
  8.   17.   0.29342938E-03   0.29342938E-03  -0.44833169E-02   0.00000000E+00
  8.   18.   0.63244716E-03  -0.12555945E-03  -0.22416585E-02   0.00000000E+00
  8.   19.   0.53599162E-03  -0.35842374E-03   0.22416584E-02   0.00000000E+00
  8.   20.   0.28348483E-11  -0.41497181E-03   0.44833169E-02   0.00000000E+00
  8.   21.  -0.53599162E-03  -0.35842374E-03   0.22416585E-02   0.00000000E+00
  8.   22.  -0.63244716E-03  -0.12555946E-03  -0.22416584E-02   0.00000000E+00
  8.   23.  -0.29342938E-03   0.29342938E-03  -0.44833169E-02   0.00000000E+00
  8.   24.   0.12555945E-03   0.63244716E-03  -0.22416585E-02   0.00000000E+00
  8.   25.   0.35842373E-03   0.53599162E-03   0.22416584E-02   0.00000000E+00
  8.   26.   0.41497181E-03   0.00000000E+00   0.44833169E-02   0.00000000E+00
  8.   27.   0.16856273E-03   0.00000000E+00   0.70221489E-02   0.00000000E+00
  8.   28.  -0.84123513E-04   0.63959141E-03   0.35110744E-02   0.00000000E+00
  8.   29.  -0.39277512E-03   0.51174373E-03  -0.35110744E-02   0.00000000E+00
  8.   30.  -0.11919185E-03  -0.11919185E-03  -0.70221489E-02   0.00000000E+00
  8.   31.   0.51174373E-03  -0.39277512E-03  -0.35110745E-02   0.00000000E+00
  8.   32.   0.63959142E-03  -0.84123515E-04   0.35110744E-02   0.00000000E+00
  8.   33.   0.36868133E-11   0.16856273E-03   0.70221489E-02   0.00000000E+00
  8.   34.  -0.63959141E-03  -0.84123511E-04   0.35110745E-02   0.00000000E+00
  8.   35.  -0.51174374E-03  -0.39277512E-03  -0.35110744E-02   0.00000000E+00
  8.   36.   0.11919185E-03  -0.11919185E-03  -0.70221489E-02   0.00000000E+00
  8.   37.   0.39277512E-03   0.51174373E-03  -0.35110745E-02   0.00000000E+00
  8.   38.   0.84123517E-04   0.63959142E-03   0.35110744E-02   0.00000000E+00
  8.   39.  -0.16856273E-03   0.00000000E+00   0.70221489E-02   0.00000000E+00
  8.   40.   0.77721595E-03   0.00000000E+00   0.14653386E-05   0.00000000E+00
  8.   41.   0.36281818E-03   0.14741003E-03   0.73266931E-06   0.00000000E+00
  8.   42.  -0.36078583E-03  -0.15231656E-03  -0.73266931E-06   0.00000000E+00
  8.   43.  -0.54957467E-03  -0.54957467E-03  -0.14653386E-05   0.00000000E+00
  8.   44.  -0.15231657E-03  -0.36078583E-03  -0.73266931E-06   0.00000000E+00
  8.   45.   0.14741003E-03   0.36281818E-03   0.73266931E-06   0.00000000E+00
  8.   46.   0.11820812E-11   0.77721595E-03   0.14653386E-05   0.00000000E+00
  8.   47.  -0.14741003E-03   0.36281818E-03   0.73266932E-06   0.00000000E+00
  8.   48.   0.15231656E-03  -0.36078582E-03  -0.73266929E-06   0.00000000E+00
  8.   49.   0.54957467E-03  -0.54957467E-03  -0.14653386E-05   0.00000000E+00
  8.   50.   0.36078583E-03  -0.15231657E-03  -0.73266933E-06   0.00000000E+00
  8.   51.  -0.36281817E-03   0.14741003E-03   0.73266929E-06   0.00000000E+00
  8.   52.  -0.77721595E-03   0.00000000E+00   0.14653386E-05   0.00000000E+00
  8.   53.  -0.77721595E-03   0.00000000E+00   0.14653386E-05   0.00000000E+00
  8.   54.  -0.36281818E-03  -0.14741003E-03   0.73266931E-06   0.00000000E+00
  8.   55.   0.36078583E-03   0.15231656E-03  -0.73266931E-06   0.00000000E+00
  8.   56.   0.54957467E-03   0.54957467E-03  -0.14653386E-05   0.00000000E+00
  8.   57.   0.15231657E-03   0.36078583E-03  -0.73266931E-06   0.00000000E+00
  8.   58.  -0.14741003E-03  -0.36281818E-03   0.73266931E-06   0.00000000E+00
  8.   59.  -0.11819286E-11  -0.77721595E-03   0.14653386E-05   0.00000000E+00
  8.   60.   0.14741003E-03  -0.36281818E-03   0.73266932E-06   0.00000000E+00
  8.   61.  -0.15231656E-03   0.36078582E-03  -0.73266929E-06   0.00000000E+00
  8.   62.  -0.54957467E-03   0.54957467E-03  -0.14653386E-05   0.00000000E+00
  8.   63.  -0.36078583E-03   0.15231657E-03  -0.73266933E-06   0.00000000E+00
  8.   64.   0.36281817E-03  -0.14741003E-03   0.73266929E-06   0.00000000E+00
  8.   65.   0.77721595E-03   0.00000000E+00   0.14653386E-05   0.00000000E+00
  9.    1.  -0.41496396E-03   0.00000000E+00   0.45877056E-02   0.00000000E+00
  9.    2.  -0.43927622E-03   0.25090470E-03   0.39730696E-02   0.00000000E+00
  9.    3.  -0.48803161E-03   0.43033158E-03   0.22938528E-02   0.00000000E+00
  9.    4.  -0.50352845E-03   0.50352845E-03   0.62671327E-11   0.00000000E+00
  9.    5.  -0.43033158E-03   0.48803161E-03  -0.22938528E-02   0.00000000E+00
  9.    6.  -0.25090470E-03   0.43927622E-03  -0.39730696E-02   0.00000000E+00
  9.    7.  -0.11913080E-11   0.41496396E-03  -0.45877056E-02   0.00000000E+00
  9.    8.   0.25090470E-03   0.43927622E-03  -0.39730696E-02   0.00000000E+00
  9.    9.   0.43033158E-03   0.48803161E-03  -0.22938528E-02   0.00000000E+00
  9.   10.   0.50352845E-03   0.50352845E-03  -0.15028862E-10   0.00000000E+00
  9.   11.   0.48803161E-03   0.43033158E-03   0.22938528E-02   0.00000000E+00
  9.   12.   0.43927622E-03   0.25090470E-03   0.39730695E-02   0.00000000E+00
  9.   13.   0.41496396E-03   0.00000000E+00   0.45877056E-02   0.00000000E+00
  9.   14.   0.57255714E-03   0.00000000E+00   0.37325043E-02   0.00000000E+00
  9.   15.   0.44109337E-03   0.26963068E-03   0.32324435E-02   0.00000000E+00
  9.   16.   0.12124243E-03   0.36255909E-03   0.18662521E-02   0.00000000E+00
  9.   17.  -0.20687098E-03   0.20687098E-03   0.50753128E-11   0.00000000E+00
  9.   18.  -0.36255909E-03  -0.12124243E-03  -0.18662521E-02   0.00000000E+00
  9.   19.  -0.26963068E-03  -0.44109337E-03  -0.32324435E-02   0.00000000E+00
  9.   20.  -0.13644486E-11  -0.57255714E-03  -0.37325043E-02   0.00000000E+00
  9.   21.   0.26963068E-03  -0.44109337E-03  -0.32324435E-02   0.00000000E+00
  9.   22.   0.36255909E-03  -0.12124243E-03  -0.18662522E-02   0.00000000E+00
  9.   23.   0.20687098E-03   0.20687097E-03  -0.12254642E-10   0.00000000E+00
  9.   24.  -0.12124243E-03   0.36255909E-03   0.18662521E-02   0.00000000E+00
  9.   25.  -0.44109337E-03   0.26963068E-03   0.32324435E-02   0.00000000E+00
  9.   26.  -0.57255714E-03   0.00000000E+00   0.37325043E-02   0.00000000E+00
  9.   27.   0.23440302E-03   0.00000000E+00  -0.34624610E-02   0.00000000E+00
  9.   28.   0.21957008E-03  -0.35118902E-04  -0.29985792E-02   0.00000000E+00
  9.   29.   0.18009230E-03  -0.77526003E-04  -0.17312305E-02   0.00000000E+00
  9.   30.   0.12834154E-03  -0.12834154E-03  -0.46900333E-11   0.00000000E+00
  9.   31.   0.77526004E-04  -0.18009230E-03   0.17312305E-02   0.00000000E+00
  9.   32.   0.35118902E-04  -0.21957008E-03   0.29985792E-02   0.00000000E+00
  9.   33.   0.15391062E-12  -0.23440302E-03   0.34624610E-02   0.00000000E+00
  9.   34.  -0.35118902E-04  -0.21957008E-03   0.29985792E-02   0.00000000E+00
  9.   35.  -0.77526003E-04  -0.18009230E-03   0.17312305E-02   0.00000000E+00
  9.   36.  -0.12834154E-03  -0.12834154E-03   0.11349390E-10   0.00000000E+00
  9.   37.  -0.18009230E-03  -0.77526004E-04  -0.17312305E-02   0.00000000E+00
  9.   38.  -0.21957008E-03  -0.35118902E-04  -0.29985792E-02   0.00000000E+00
  9.   39.  -0.23440302E-03   0.00000000E+00  -0.34624610E-02   0.00000000E+00
  9.   40.  -0.56703412E-03   0.00000000E+00  -0.19059638E-05   0.00000000E+00
  9.   41.  -0.47168606E-03  -0.13697681E-03  -0.16506131E-05   0.00000000E+00
  9.   42.  -0.23667518E-03  -0.15710068E-03  -0.95298192E-06   0.00000000E+00
  9.   43.   0.14464718E-04  -0.14464719E-04   0.10202349E-14   0.00000000E+00
  9.   44.   0.15710068E-03   0.23667518E-03   0.95298192E-06   0.00000000E+00
  9.   45.   0.13697681E-03   0.47168606E-03   0.16506131E-05   0.00000000E+00
  9.   46.   0.71828143E-12   0.56703412E-03   0.19059638E-05   0.00000000E+00
  9.   47.  -0.13697681E-03   0.47168606E-03   0.16506131E-05   0.00000000E+00
  9.   48.  -0.15710068E-03   0.23667518E-03   0.95298193E-06   0.00000000E+00
  9.   49.  -0.14464720E-04  -0.14464717E-04   0.98532827E-14   0.00000000E+00
  9.   50.   0.23667518E-03  -0.15710068E-03  -0.95298191E-06   0.00000000E+00
  9.   51.   0.47168605E-03  -0.13697681E-03  -0.16506131E-05   0.00000000E+00
  9.   52.   0.56703412E-03   0.00000000E+00  -0.19059638E-05   0.00000000E+00
  9.   53.   0.56703412E-03   0.00000000E+00  -0.19059638E-05   0.00000000E+00
  9.   54.   0.47168606E-03   0.13697681E-03  -0.16506131E-05   0.00000000E+00
  9.   55.   0.23667518E-03   0.15710068E-03  -0.95298192E-06   0.00000000E+00
  9.   56.  -0.14464718E-04   0.14464719E-04   0.10216166E-14   0.00000000E+00
  9.   57.  -0.15710068E-03  -0.23667518E-03   0.95298192E-06   0.00000000E+00
  9.   58.  -0.13697681E-03  -0.47168606E-03   0.16506131E-05   0.00000000E+00
  9.   59.  -0.71827143E-12  -0.56703412E-03   0.19059638E-05   0.00000000E+00
  9.   60.   0.13697681E-03  -0.47168606E-03   0.16506131E-05   0.00000000E+00
  9.   61.   0.15710068E-03  -0.23667518E-03   0.95298193E-06   0.00000000E+00
  9.   62.   0.14464720E-04   0.14464717E-04   0.98550931E-14   0.00000000E+00
  9.   63.  -0.23667518E-03   0.15710068E-03  -0.95298191E-06   0.00000000E+00
  9.   64.  -0.47168605E-03   0.13697681E-03  -0.16506131E-05   0.00000000E+00
  9.   65.  -0.56703412E-03   0.00000000E+00  -0.19059638E-05   0.00000000E+00
 10.    1.   0.49981965E-03   0.00000000E+00   0.62563637E-03   0.00000000E+00
 10.    2.   0.48278871E-03   0.12936284E-03   0.62563637E-03   0.00000000E+00
 10.    3.   0.43285651E-03   0.24990982E-03   0.62563637E-03   0.00000000E+00
 10.    4.   0.35342586E-03   0.35342586E-03   0.62563637E-03   0.00000000E+00
 10.    5.   0.24990982E-03   0.43285651E-03   0.62563637E-03   0.00000000E+00
 10.    6.   0.12936284E-03   0.48278871E-03   0.62563637E-03   0.00000000E+00
 10.    7.   0.59022039E-12   0.49981965E-03   0.62563637E-03   0.00000000E+00
 10.    8.  -0.12936284E-03   0.48278871E-03   0.62563637E-03   0.00000000E+00
 10.    9.  -0.24990982E-03   0.43285651E-03   0.62563637E-03   0.00000000E+00
 10.   10.  -0.35342586E-03   0.35342586E-03   0.62563637E-03   0.00000000E+00
 10.   11.  -0.43285651E-03   0.24990982E-03   0.62563637E-03   0.00000000E+00
 10.   12.  -0.48278871E-03   0.12936284E-03   0.62563637E-03   0.00000000E+00
 10.   13.  -0.49981965E-03   0.00000000E+00   0.62563637E-03   0.00000000E+00
 10.   14.  -0.16168610E-03   0.00000000E+00  -0.18817711E-02   0.00000000E+00
 10.   15.  -0.15617678E-03  -0.41847443E-04  -0.18817711E-02   0.00000000E+00
 10.   16.  -0.14002427E-03  -0.80843052E-04  -0.18817711E-02   0.00000000E+00
 10.   17.  -0.11432934E-03  -0.11432934E-03  -0.18817711E-02   0.00000000E+00
 10.   18.  -0.80843052E-04  -0.14002427E-03  -0.18817711E-02   0.00000000E+00
 10.   19.  -0.41847443E-04  -0.15617678E-03  -0.18817711E-02   0.00000000E+00
 10.   20.  -0.18758864E-12  -0.16168610E-03  -0.18817711E-02   0.00000000E+00
 10.   21.   0.41847443E-04  -0.15617678E-03  -0.18817711E-02   0.00000000E+00
 10.   22.   0.80843052E-04  -0.14002427E-03  -0.18817711E-02   0.00000000E+00
 10.   23.   0.11432934E-03  -0.11432934E-03  -0.18817711E-02   0.00000000E+00
 10.   24.   0.14002427E-03  -0.80843052E-04  -0.18817711E-02   0.00000000E+00
 10.   25.   0.15617678E-03  -0.41847443E-04  -0.18817711E-02   0.00000000E+00
 10.   26.   0.16168610E-03   0.00000000E+00  -0.18817711E-02   0.00000000E+00
 10.   27.  -0.14409278E-03   0.00000000E+00   0.13391591E-02   0.00000000E+00
 10.   28.  -0.13918294E-03  -0.37293957E-04   0.13391591E-02   0.00000000E+00
 10.   29.  -0.12478801E-03  -0.72046392E-04   0.13391591E-02   0.00000000E+00
 10.   30.  -0.10188899E-03  -0.10188899E-03   0.13391591E-02   0.00000000E+00
 10.   31.  -0.72046392E-04  -0.12478801E-03   0.13391591E-02   0.00000000E+00
 10.   32.  -0.37293957E-04  -0.13918294E-03   0.13391591E-02   0.00000000E+00
 10.   33.  -0.16646272E-12  -0.14409278E-03   0.13391591E-02   0.00000000E+00
 10.   34.   0.37293957E-04  -0.13918294E-03   0.13391591E-02   0.00000000E+00
 10.   35.   0.72046392E-04  -0.12478801E-03   0.13391591E-02   0.00000000E+00
 10.   36.   0.10188898E-03  -0.10188899E-03   0.13391591E-02   0.00000000E+00
 10.   37.   0.12478801E-03  -0.72046393E-04   0.13391591E-02   0.00000000E+00
 10.   38.   0.13918294E-03  -0.37293957E-04   0.13391591E-02   0.00000000E+00
 10.   39.   0.14409278E-03   0.00000000E+00   0.13391591E-02   0.00000000E+00
 10.   40.   0.25342808E-03   0.00000000E+00   0.96571393E-06   0.00000000E+00
 10.   41.   0.24479273E-03   0.65592014E-04   0.96571393E-06   0.00000000E+00
 10.   42.   0.21947516E-03   0.12671404E-03   0.96571393E-06   0.00000000E+00
 10.   43.   0.17920072E-03   0.17920072E-03   0.96571393E-06   0.00000000E+00
 10.   44.   0.12671404E-03   0.21947516E-03   0.96571393E-06   0.00000000E+00
 10.   45.   0.65592014E-04   0.24479273E-03   0.96571393E-06   0.00000000E+00
 10.   46.   0.29965135E-12   0.25342808E-03   0.96571393E-06   0.00000000E+00
 10.   47.  -0.65592014E-04   0.24479273E-03   0.96571393E-06   0.00000000E+00
 10.   48.  -0.12671404E-03   0.21947516E-03   0.96571393E-06   0.00000000E+00
 10.   49.  -0.17920072E-03   0.17920072E-03   0.96571393E-06   0.00000000E+00
 10.   50.  -0.21947516E-03   0.12671404E-03   0.96571393E-06   0.00000000E+00
 10.   51.  -0.24479273E-03   0.65592015E-04   0.96571393E-06   0.00000000E+00
 10.   52.  -0.25342808E-03   0.00000000E+00   0.96571392E-06   0.00000000E+00
 10.   53.  -0.25342808E-03   0.00000000E+00   0.96571393E-06   0.00000000E+00
 10.   54.  -0.24479273E-03  -0.65592014E-04   0.96571393E-06   0.00000000E+00
 10.   55.  -0.21947516E-03  -0.12671404E-03   0.96571393E-06   0.00000000E+00
 10.   56.  -0.17920072E-03  -0.17920072E-03   0.96571393E-06   0.00000000E+00
 10.   57.  -0.12671404E-03  -0.21947516E-03   0.96571393E-06   0.00000000E+00
 10.   58.  -0.65592014E-04  -0.24479273E-03   0.96571393E-06   0.00000000E+00
 10.   59.  -0.29975730E-12  -0.25342808E-03   0.96571393E-06   0.00000000E+00
 10.   60.   0.65592014E-04  -0.24479273E-03   0.96571393E-06   0.00000000E+00
 10.   61.   0.12671404E-03  -0.21947516E-03   0.96571393E-06   0.00000000E+00
 10.   62.   0.17920072E-03  -0.17920072E-03   0.96571393E-06   0.00000000E+00
 10.   63.   0.21947516E-03  -0.12671404E-03   0.96571393E-06   0.00000000E+00
 10.   64.   0.24479273E-03  -0.65592015E-04   0.96571393E-06   0.00000000E+00
 10.   65.   0.25342808E-03   0.00000000E+00   0.96571392E-06   0.00000000E+00
 11.    1.  -0.56970060E-04   0.00000000E+00   0.16075061E-03   0.00000000E+00
 11.    2.  -0.29815178E-04   0.54301697E-04   0.41605319E-04   0.00000000E+00
 11.    3.   0.27154883E-04   0.51641403E-04  -0.13921411E-03   0.00000000E+00
 11.    4.   0.59630355E-04  -0.26602947E-05  -0.11366785E-03   0.00000000E+00
 11.    5.   0.32475473E-04  -0.51641402E-04   0.80375303E-04   0.00000000E+00
 11.    6.  -0.29815177E-04  -0.48981108E-04   0.15527316E-03   0.00000000E+00
 11.    7.  -0.62290650E-04  -0.25289149E-12   0.94675922E-12   0.00000000E+00
 11.    8.  -0.29815178E-04   0.48981107E-04  -0.15527316E-03   0.00000000E+00
 11.    9.   0.32475472E-04   0.51641403E-04  -0.80375305E-04   0.00000000E+00
 11.   10.   0.59630355E-04   0.26602953E-05   0.11366784E-03   0.00000000E+00
 11.   11.   0.27154883E-04  -0.51641402E-04   0.13921411E-03   0.00000000E+00
 11.   12.  -0.29815177E-04  -0.54301698E-04  -0.41605317E-04   0.00000000E+00
 11.   13.  -0.56970060E-04   0.00000000E+00  -0.16075061E-03   0.00000000E+00
 11.   14.  -0.31965780E-03   0.00000000E+00   0.25707971E-02   0.00000000E+00
 11.   15.  -0.20571928E-03   0.44809701E-03   0.66537126E-03   0.00000000E+00
 11.   16.   0.11393852E-03   0.35631625E-03  -0.22263756E-02   0.00000000E+00
 11.   17.   0.41143856E-03  -0.91780763E-04  -0.18178281E-02   0.00000000E+00
 11.   18.   0.29750005E-03  -0.35631625E-03   0.12853986E-02   0.00000000E+00
 11.   19.  -0.20571928E-03  -0.26453548E-03   0.24831993E-02   0.00000000E+00
 11.   20.  -0.50321933E-03  -0.12947351E-11   0.15113597E-10   0.00000000E+00
 11.   21.  -0.20571928E-03   0.26453548E-03  -0.24831993E-02   0.00000000E+00
 11.   22.   0.29750004E-03   0.35631625E-03  -0.12853986E-02   0.00000000E+00
 11.   23.   0.41143856E-03   0.91780767E-04   0.18178281E-02   0.00000000E+00
 11.   24.   0.11393852E-03  -0.35631624E-03   0.22263756E-02   0.00000000E+00
 11.   25.  -0.20571928E-03  -0.44809701E-03  -0.66537123E-03   0.00000000E+00
 11.   26.  -0.31965780E-03   0.00000000E+00  -0.25707971E-02   0.00000000E+00
 11.   27.   0.50163866E-04   0.00000000E+00   0.53586531E-02   0.00000000E+00
 11.   28.  -0.16287001E-03   0.65800303E-03   0.13869215E-02   0.00000000E+00
 11.   29.  -0.21303388E-03   0.28209914E-03  -0.46407297E-02   0.00000000E+00
 11.   30.   0.32574002E-03  -0.37590389E-03  -0.37891400E-02   0.00000000E+00
 11.   31.   0.53877390E-03  -0.28209914E-03   0.26793265E-02   0.00000000E+00
 11.   32.  -0.16287001E-03   0.93804753E-04   0.51760614E-02   0.00000000E+00
 11.   33.  -0.70164391E-03   0.11206218E-11   0.31612270E-10   0.00000000E+00
 11.   34.  -0.16287002E-03  -0.93804755E-04  -0.51760614E-02   0.00000000E+00
 11.   35.   0.53877390E-03   0.28209913E-03  -0.26793266E-02   0.00000000E+00
 11.   36.   0.32574003E-03   0.37590389E-03   0.37891399E-02   0.00000000E+00
 11.   37.  -0.21303388E-03  -0.28209913E-03   0.46407297E-02   0.00000000E+00
 11.   38.  -0.16287001E-03  -0.65800303E-03  -0.13869214E-02   0.00000000E+00
 11.   39.   0.50163866E-04   0.00000000E+00  -0.53586531E-02   0.00000000E+00
 11.   40.   0.65030021E-03   0.00000000E+00   0.24019932E-05   0.00000000E+00
 11.   41.   0.14795232E-03   0.98134627E-04   0.62168158E-06   0.00000000E+00
 11.   42.  -0.50234788E-03  -0.25626094E-03  -0.20801871E-05   0.00000000E+00
 11.   43.  -0.29590464E-03  -0.35439556E-03  -0.16984657E-05   0.00000000E+00
 11.   44.   0.20644324E-03   0.25626093E-03   0.12009966E-05   0.00000000E+00
 11.   45.   0.14795232E-03   0.61065650E-03   0.23201473E-05   0.00000000E+00
 11.   46.  -0.58490922E-04   0.39075352E-11   0.12825609E-13   0.00000000E+00
 11.   47.   0.14795232E-03  -0.61065650E-03  -0.23201473E-05   0.00000000E+00
 11.   48.   0.20644324E-03  -0.25626094E-03  -0.12009966E-05   0.00000000E+00
 11.   49.  -0.29590464E-03   0.35439556E-03   0.16984657E-05   0.00000000E+00
 11.   50.  -0.50234789E-03   0.25626094E-03   0.20801871E-05   0.00000000E+00
 11.   51.   0.14795231E-03  -0.98134626E-04  -0.62168155E-06   0.00000000E+00
 11.   52.   0.65030021E-03   0.00000000E+00  -0.24019932E-05   0.00000000E+00
 11.   53.  -0.65030021E-03   0.00000000E+00   0.24019932E-05   0.00000000E+00
 11.   54.  -0.14795232E-03  -0.98134627E-04   0.62168158E-06   0.00000000E+00
 11.   55.   0.50234788E-03   0.25626094E-03  -0.20801871E-05   0.00000000E+00
 11.   56.   0.29590464E-03   0.35439556E-03  -0.16984657E-05   0.00000000E+00
 11.   57.  -0.20644324E-03  -0.25626093E-03   0.12009966E-05   0.00000000E+00
 11.   58.  -0.14795232E-03  -0.61065650E-03   0.23201473E-05   0.00000000E+00
 11.   59.   0.58490922E-04  -0.39075928E-11   0.12825419E-13   0.00000000E+00
 11.   60.  -0.14795232E-03   0.61065650E-03  -0.23201473E-05   0.00000000E+00
 11.   61.  -0.20644324E-03   0.25626094E-03  -0.12009966E-05   0.00000000E+00
 11.   62.   0.29590464E-03  -0.35439556E-03   0.16984657E-05   0.00000000E+00
 11.   63.   0.50234789E-03  -0.25626094E-03   0.20801871E-05   0.00000000E+00
 11.   64.  -0.14795231E-03   0.98134626E-04  -0.62168155E-06   0.00000000E+00
 11.   65.  -0.65030021E-03   0.00000000E+00  -0.24019932E-05   0.00000000E+00
 12.    1.  -0.35281846E-03   0.00000000E+00   0.21000993E-02   0.00000000E+00
 12.    2.  -0.33000337E-03   0.26767141E-03   0.14849944E-02   0.00000000E+00
 12.    3.  -0.24321779E-03   0.42126556E-03   0.11081889E-11   0.00000000E+00
 12.    4.  -0.66808558E-04   0.41962701E-03  -0.14849944E-02   0.00000000E+00
 12.    5.   0.17640923E-03   0.30554975E-03  -0.21000993E-02   0.00000000E+00
 12.    6.   0.39681193E-03   0.15195560E-03  -0.14849944E-02   0.00000000E+00
 12.    7.   0.48643557E-03   0.67371195E-12  -0.74310433E-11   0.00000000E+00
 12.    8.   0.39681193E-03  -0.15195560E-03   0.14849944E-02   0.00000000E+00
 12.    9.   0.17640923E-03  -0.30554974E-03   0.21000993E-02   0.00000000E+00
 12.   10.  -0.66808556E-04  -0.41962701E-03   0.14849944E-02   0.00000000E+00
 12.   11.  -0.24321778E-03  -0.42126556E-03   0.13519476E-10   0.00000000E+00
 12.   12.  -0.33000337E-03  -0.26767142E-03  -0.14849944E-02   0.00000000E+00
 12.   13.  -0.35281846E-03   0.00000000E+00  -0.21000993E-02   0.00000000E+00
 12.   14.   0.28219423E-03   0.00000000E+00   0.38320601E-02   0.00000000E+00
 12.   15.   0.11071260E-03   0.35778393E-03   0.27096757E-02   0.00000000E+00
 12.   16.  -0.22410916E-03   0.38816845E-03   0.19718393E-11   0.00000000E+00
 12.   17.  -0.36520627E-03   0.83012043E-04  -0.27096757E-02   0.00000000E+00
 12.   18.  -0.14109712E-03  -0.24438737E-03  -0.38320601E-02   0.00000000E+00
 12.   19.   0.25449367E-03  -0.27477189E-03  -0.27096757E-02   0.00000000E+00
 12.   20.   0.44821831E-03  -0.15260366E-11  -0.13561730E-10   0.00000000E+00
 12.   21.   0.25449368E-03   0.27477189E-03   0.27096757E-02   0.00000000E+00
 12.   22.  -0.14109711E-03   0.24438737E-03   0.38320601E-02   0.00000000E+00
 12.   23.  -0.36520627E-03  -0.83012039E-04   0.27096757E-02   0.00000000E+00
 12.   24.  -0.22410916E-03  -0.38816845E-03   0.24716112E-10   0.00000000E+00
 12.   25.   0.11071260E-03  -0.35778393E-03  -0.27096757E-02   0.00000000E+00
 12.   26.   0.28219423E-03   0.00000000E+00  -0.38320601E-02   0.00000000E+00
 12.   27.   0.32513691E-03   0.00000000E+00  -0.22663446E-02   0.00000000E+00
 12.   28.   0.25451954E-03  -0.61589303E-04  -0.16025477E-02   0.00000000E+00
 12.   29.   0.88646586E-04  -0.15354039E-03  -0.11849304E-11   0.00000000E+00
 12.   30.  -0.73921871E-04  -0.25121504E-03   0.16025477E-02   0.00000000E+00
 12.   31.  -0.16256846E-03  -0.28157683E-03   0.22663446E-02   0.00000000E+00
 12.   32.  -0.18059767E-03  -0.18962574E-03   0.16025477E-02   0.00000000E+00
 12.   33.  -0.17729317E-03  -0.94090818E-12   0.80042873E-11   0.00000000E+00
 12.   34.  -0.18059767E-03   0.18962574E-03  -0.16025477E-02   0.00000000E+00
 12.   35.  -0.16256846E-03   0.28157683E-03  -0.22663446E-02   0.00000000E+00
 12.   36.  -0.73921872E-04   0.25121504E-03  -0.16025477E-02   0.00000000E+00
 12.   37.   0.88646584E-04   0.15354039E-03  -0.14637068E-10   0.00000000E+00
 12.   38.   0.25451954E-03   0.61589303E-04   0.16025477E-02   0.00000000E+00
 12.   39.   0.32513691E-03   0.00000000E+00   0.22663446E-02   0.00000000E+00
 12.   40.  -0.49571875E-03   0.00000000E+00  -0.28415103E-05   0.00000000E+00
 12.   41.  -0.33367519E-03  -0.10903605E-03  -0.20092512E-05   0.00000000E+00
 12.   42.   0.13406211E-04  -0.23220238E-04   0.41433047E-14   0.00000000E+00
 12.   43.   0.26126558E-03   0.23445316E-03   0.20092512E-05   0.00000000E+00
 12.   44.   0.24785937E-03   0.42930503E-03   0.28415103E-05   0.00000000E+00
 12.   45.   0.72409603E-04   0.34348921E-03   0.20092512E-05   0.00000000E+00
 12.   46.  -0.26812422E-04   0.17837064E-11   0.95954924E-14   0.00000000E+00
 12.   47.   0.72409601E-04  -0.34348921E-03  -0.20092512E-05   0.00000000E+00
 12.   48.   0.24785937E-03  -0.42930503E-03  -0.28415103E-05   0.00000000E+00
 12.   49.   0.26126558E-03  -0.23445316E-03  -0.20092512E-05   0.00000000E+00
 12.   50.   0.13406214E-04   0.23220237E-04  -0.23972738E-13   0.00000000E+00
 12.   51.  -0.33367518E-03   0.10903605E-03   0.20092512E-05   0.00000000E+00
 12.   52.  -0.49571875E-03   0.00000000E+00   0.28415102E-05   0.00000000E+00
 12.   53.   0.49571875E-03   0.00000000E+00  -0.28415103E-05   0.00000000E+00
 12.   54.   0.33367519E-03   0.10903605E-03  -0.20092512E-05   0.00000000E+00
 12.   55.  -0.13406211E-04   0.23220238E-04   0.41492382E-14   0.00000000E+00
 12.   56.  -0.26126558E-03  -0.23445316E-03   0.20092512E-05   0.00000000E+00
 12.   57.  -0.24785937E-03  -0.42930503E-03   0.28415103E-05   0.00000000E+00
 12.   58.  -0.72409603E-04  -0.34348921E-03   0.20092512E-05   0.00000000E+00
 12.   59.   0.26812422E-04  -0.17836420E-11   0.95980647E-14   0.00000000E+00
 12.   60.  -0.72409601E-04   0.34348921E-03  -0.20092512E-05   0.00000000E+00
 12.   61.  -0.24785937E-03   0.42930503E-03  -0.28415103E-05   0.00000000E+00
 12.   62.  -0.26126558E-03   0.23445316E-03  -0.20092512E-05   0.00000000E+00
 12.   63.  -0.13406214E-04  -0.23220237E-04  -0.23968428E-13   0.00000000E+00
 12.   64.   0.33367518E-03  -0.10903605E-03   0.20092512E-05   0.00000000E+00
 12.   65.   0.49571875E-03   0.00000000E+00   0.28415102E-05   0.00000000E+00
 13.    1.  -0.21397900E-04   0.00000000E+00   0.50260010E-04   0.00000000E+00
 13.    2.  -0.60189900E-05   0.22463177E-04   0.16515491E-13   0.00000000E+00
 13.    3.   0.18531125E-04   0.10698950E-04  -0.50260010E-04   0.00000000E+00
 13.    4.   0.16444187E-04  -0.16444187E-04  -0.20660491E-12   0.00000000E+00
 13.    5.  -0.10698950E-04  -0.18531125E-04   0.50260010E-04   0.00000000E+00
 13.    6.  -0.22463177E-04   0.60189899E-05   0.24858570E-12   0.00000000E+00
 13.    7.  -0.14093537E-12   0.21397900E-04  -0.50260010E-04   0.00000000E+00
 13.    8.   0.22463177E-04   0.60189902E-05  -0.46025092E-12   0.00000000E+00
 13.    9.   0.10698950E-04  -0.18531125E-04   0.50260010E-04   0.00000000E+00
 13.   10.  -0.16444186E-04  -0.16444187E-04   0.48955136E-12   0.00000000E+00
 13.   11.  -0.18531125E-04   0.10698950E-04  -0.50260010E-04   0.00000000E+00
 13.   12.   0.60189898E-05   0.22463177E-04  -0.65079902E-12   0.00000000E+00
 13.   13.   0.21397900E-04   0.00000000E+00   0.50260010E-04   0.00000000E+00
 13.   14.  -0.23302882E-03   0.00000000E+00   0.14943945E-02   0.00000000E+00
 13.   15.  -0.90440349E-04   0.33752798E-03   0.10503089E-11   0.00000000E+00
 13.   16.   0.20180888E-03   0.11651441E-03  -0.14943945E-02   0.00000000E+00
 13.   17.   0.24708763E-03  -0.24708763E-03  -0.61032195E-11   0.00000000E+00
 13.   18.  -0.11651441E-03  -0.20180888E-03   0.14943945E-02   0.00000000E+00
 13.   19.  -0.33752798E-03   0.90440348E-04   0.70760108E-11   0.00000000E+00
 13.   20.  -0.21983282E-11   0.23302882E-03  -0.14943945E-02   0.00000000E+00
 13.   21.   0.33752798E-03   0.90440350E-04  -0.13719648E-10   0.00000000E+00
 13.   22.   0.11651441E-03  -0.20180888E-03   0.14943945E-02   0.00000000E+00
 13.   23.  -0.24708763E-03  -0.24708763E-03   0.14632663E-10   0.00000000E+00
 13.   24.  -0.20180888E-03   0.11651441E-03  -0.14943945E-02   0.00000000E+00
 13.   25.   0.90440347E-04   0.33752798E-03  -0.19727185E-10   0.00000000E+00
 13.   26.   0.23302882E-03   0.00000000E+00   0.14943945E-02   0.00000000E+00
 13.   27.  -0.22433993E-04   0.00000000E+00   0.41561842E-02   0.00000000E+00
 13.   28.  -0.16827065E-03   0.62799461E-03   0.29359637E-11   0.00000000E+00
 13.   29.   0.19428408E-04   0.11216997E-04  -0.41561842E-02   0.00000000E+00
 13.   30.   0.45972396E-03  -0.45972396E-03  -0.17012573E-10   0.00000000E+00
 13.   31.  -0.11216994E-04  -0.19428409E-04   0.41561842E-02   0.00000000E+00
 13.   32.  -0.62799461E-03   0.16827065E-03   0.19613049E-10   0.00000000E+00
 13.   33.  -0.45749332E-11   0.22433993E-04  -0.41561842E-02   0.00000000E+00
 13.   34.   0.62799461E-03   0.16827065E-03  -0.38133659E-10   0.00000000E+00
 13.   35.   0.11217002E-04  -0.19428405E-04   0.41561842E-02   0.00000000E+00
 13.   36.  -0.45972396E-03  -0.45972396E-03   0.40768112E-10   0.00000000E+00
 13.   37.  -0.19428412E-04   0.11216989E-04  -0.41561842E-02   0.00000000E+00
 13.   38.   0.16827065E-03   0.62799461E-03  -0.54893051E-10   0.00000000E+00
 13.   39.   0.22433993E-04   0.00000000E+00   0.41561842E-02   0.00000000E+00
 13.   40.   0.55419242E-03   0.00000000E+00   0.31544698E-05   0.00000000E+00
 13.   41.  -0.15461919E-04   0.57704670E-04  -0.30632376E-14   0.00000000E+00
 13.   42.  -0.47994471E-03  -0.27709621E-03  -0.31544698E-05   0.00000000E+00
 13.   43.   0.42242749E-04  -0.42242752E-04  -0.35602244E-14   0.00000000E+00
 13.   44.   0.27709621E-03   0.47994471E-03   0.31544698E-05   0.00000000E+00
 13.   45.  -0.57704669E-04   0.15461922E-04   0.10450668E-13   0.00000000E+00
 13.   46.  -0.10770993E-11  -0.55419242E-03  -0.31544698E-05   0.00000000E+00
 13.   47.   0.57704671E-04   0.15461915E-04  -0.33419808E-13   0.00000000E+00
 13.   48.  -0.27709621E-03   0.47994471E-03   0.31544698E-05   0.00000000E+00
 13.   49.  -0.42242754E-04  -0.42242746E-04   0.40300794E-13   0.00000000E+00
 13.   50.   0.47994471E-03  -0.27709621E-03  -0.31544698E-05   0.00000000E+00
 13.   51.   0.15461927E-04   0.57704668E-04  -0.46918620E-13   0.00000000E+00
 13.   52.  -0.55419242E-03   0.00000000E+00   0.31544699E-05   0.00000000E+00
 13.   53.  -0.55419242E-03   0.00000000E+00   0.31544698E-05   0.00000000E+00
 13.   54.   0.15461919E-04  -0.57704670E-04  -0.30642555E-14   0.00000000E+00
 13.   55.   0.47994471E-03   0.27709621E-03  -0.31544698E-05   0.00000000E+00
 13.   56.  -0.42242749E-04   0.42242752E-04  -0.35592254E-14   0.00000000E+00
 13.   57.  -0.27709621E-03  -0.47994471E-03   0.31544698E-05   0.00000000E+00
 13.   58.   0.57704669E-04  -0.15461922E-04   0.10451944E-13   0.00000000E+00
 13.   59.   0.10770859E-11   0.55419242E-03  -0.31544698E-05   0.00000000E+00
 13.   60.  -0.57704671E-04  -0.15461915E-04  -0.33430335E-13   0.00000000E+00
 13.   61.   0.27709621E-03  -0.47994471E-03   0.31544698E-05   0.00000000E+00
 13.   62.   0.42242754E-04   0.42242746E-04   0.40304110E-13   0.00000000E+00
 13.   63.  -0.47994471E-03   0.27709621E-03  -0.31544698E-05   0.00000000E+00
 13.   64.  -0.15461927E-04  -0.57704668E-04  -0.46927140E-13   0.00000000E+00
 13.   65.   0.55419242E-03   0.00000000E+00   0.31544699E-05   0.00000000E+00
 14.    1.   0.36548176E-03   0.00000000E+00   0.32634315E-02   0.00000000E+00
 14.    2.   0.32415280E-03   0.15424178E-03   0.31522328E-02   0.00000000E+00
 14.    3.   0.21123998E-03   0.26715460E-03   0.28262146E-02   0.00000000E+00
 14.    4.   0.56998201E-04   0.30848356E-03   0.23075946E-02   0.00000000E+00
 14.    5.  -0.97243577E-04   0.26715460E-03   0.16317158E-02   0.00000000E+00
 14.    6.  -0.21015639E-03   0.15424178E-03   0.84463823E-03   0.00000000E+00
 14.    7.  -0.25148535E-03   0.72801613E-12   0.38569320E-11   0.00000000E+00
 14.    8.  -0.21015640E-03  -0.15424178E-03  -0.84463823E-03   0.00000000E+00
 14.    9.  -0.97243578E-04  -0.26715459E-03  -0.16317158E-02   0.00000000E+00
 14.   10.   0.56998199E-04  -0.30848356E-03  -0.23075946E-02   0.00000000E+00
 14.   11.   0.21123998E-03  -0.26715460E-03  -0.28262146E-02   0.00000000E+00
 14.   12.   0.32415280E-03  -0.15424178E-03  -0.31522328E-02   0.00000000E+00
 14.   13.   0.36548176E-03   0.00000000E+00  -0.32634315E-02   0.00000000E+00
 14.   14.   0.10864258E-03   0.00000000E+00  -0.22969127E-02   0.00000000E+00
 14.   15.   0.10735287E-03   0.48132637E-05  -0.22186473E-02   0.00000000E+00
 14.   16.   0.10382932E-03   0.83368172E-05  -0.19891847E-02   0.00000000E+00
 14.   17.   0.99016055E-04   0.96265273E-05  -0.16241625E-02   0.00000000E+00
 14.   18.   0.94202791E-04   0.83368172E-05  -0.11484563E-02   0.00000000E+00
 14.   19.   0.90679237E-04   0.48132637E-05  -0.59448474E-03   0.00000000E+00
 14.   20.   0.89389527E-04   0.23384258E-13  -0.27094986E-11   0.00000000E+00
 14.   21.   0.90679237E-04  -0.48132636E-05   0.59448474E-03   0.00000000E+00
 14.   22.   0.94202791E-04  -0.83368172E-05   0.11484563E-02   0.00000000E+00
 14.   23.   0.99016054E-04  -0.96265273E-05   0.16241625E-02   0.00000000E+00
 14.   24.   0.10382932E-03  -0.83368172E-05   0.19891847E-02   0.00000000E+00
 14.   25.   0.10735287E-03  -0.48132637E-05   0.22186473E-02   0.00000000E+00
 14.   26.   0.10864258E-03   0.00000000E+00   0.22969127E-02   0.00000000E+00
 14.   27.  -0.30725829E-03   0.00000000E+00   0.11041968E-02   0.00000000E+00
 14.   28.  -0.28860103E-03  -0.69629830E-04   0.10665722E-02   0.00000000E+00
 14.   29.  -0.23762846E-03  -0.12060240E-03   0.95626246E-03   0.00000000E+00
 14.   30.  -0.16799863E-03  -0.13925966E-03   0.78078503E-03   0.00000000E+00
 14.   31.  -0.98368801E-04  -0.12060240E-03   0.55209839E-03   0.00000000E+00
 14.   32.  -0.47396228E-04  -0.69629830E-04   0.28578716E-03   0.00000000E+00
 14.   33.  -0.28738971E-04  -0.32848032E-12   0.12977598E-11   0.00000000E+00
 14.   34.  -0.47396228E-04   0.69629830E-04  -0.28578715E-03   0.00000000E+00
 14.   35.  -0.98368801E-04   0.12060240E-03  -0.55209839E-03   0.00000000E+00
 14.   36.  -0.16799863E-03   0.13925966E-03  -0.78078503E-03   0.00000000E+00
 14.   37.  -0.23762846E-03   0.12060240E-03  -0.95626246E-03   0.00000000E+00
 14.   38.  -0.28860103E-03   0.69629831E-04  -0.10665722E-02   0.00000000E+00
 14.   39.  -0.30725829E-03   0.00000000E+00  -0.11041968E-02   0.00000000E+00
 14.   40.   0.35014645E-03   0.00000000E+00   0.23269196E-05   0.00000000E+00
 14.   41.   0.32626772E-03   0.89116610E-04   0.22476318E-05   0.00000000E+00
 14.   42.   0.26102984E-03   0.15435450E-03   0.20151715E-05   0.00000000E+00
 14.   43.   0.17191323E-03   0.17823322E-03   0.16453806E-05   0.00000000E+00
 14.   44.   0.82796618E-04   0.15435450E-03   0.11634598E-05   0.00000000E+00
 14.   45.   0.17558731E-04   0.89116610E-04   0.60225111E-06   0.00000000E+00
 14.   46.  -0.63199924E-05   0.41989286E-12   0.26573618E-14   0.00000000E+00
 14.   47.   0.17558731E-04  -0.89116609E-04  -0.60225111E-06   0.00000000E+00
 14.   48.   0.82796617E-04  -0.15435450E-03  -0.11634598E-05   0.00000000E+00
 14.   49.   0.17191323E-03  -0.17823322E-03  -0.16453806E-05   0.00000000E+00
 14.   50.   0.26102984E-03  -0.15435450E-03  -0.20151715E-05   0.00000000E+00
 14.   51.   0.32626772E-03  -0.89116610E-04  -0.22476318E-05   0.00000000E+00
 14.   52.   0.35014645E-03   0.00000000E+00  -0.23269196E-05   0.00000000E+00
 14.   53.  -0.35014645E-03   0.00000000E+00   0.23269196E-05   0.00000000E+00
 14.   54.  -0.32626772E-03  -0.89116610E-04   0.22476318E-05   0.00000000E+00
 14.   55.  -0.26102984E-03  -0.15435450E-03   0.20151715E-05   0.00000000E+00
 14.   56.  -0.17191323E-03  -0.17823322E-03   0.16453806E-05   0.00000000E+00
 14.   57.  -0.82796618E-04  -0.15435450E-03   0.11634598E-05   0.00000000E+00
 14.   58.  -0.17558731E-04  -0.89116610E-04   0.60225111E-06   0.00000000E+00
 14.   59.   0.63199924E-05  -0.41987430E-12   0.26567913E-14   0.00000000E+00
 14.   60.  -0.17558731E-04   0.89116609E-04  -0.60225111E-06   0.00000000E+00
 14.   61.  -0.82796617E-04   0.15435450E-03  -0.11634598E-05   0.00000000E+00
 14.   62.  -0.17191323E-03   0.17823322E-03  -0.16453806E-05   0.00000000E+00
 14.   63.  -0.26102984E-03   0.15435450E-03  -0.20151715E-05   0.00000000E+00
 14.   64.  -0.32626772E-03   0.89116610E-04  -0.22476318E-05   0.00000000E+00
 14.   65.  -0.35014645E-03   0.00000000E+00  -0.23269196E-05   0.00000000E+00
 15.    1.  -0.78962116E-05   0.00000000E+00   0.15930694E-04   0.00000000E+00
 15.    2.  -0.16379769E-06   0.85075129E-05  -0.41231669E-05   0.00000000E+00
 15.    3.   0.80600093E-05  -0.28370590E-06  -0.13796385E-04   0.00000000E+00
 15.    4.   0.32759540E-06  -0.82238070E-05   0.11264701E-04   0.00000000E+00
 15.    5.  -0.83876047E-05   0.28370587E-06   0.79653469E-05   0.00000000E+00
 15.    6.  -0.16379772E-06   0.79401011E-05  -0.15387868E-04   0.00000000E+00
 15.    7.   0.85514023E-05   0.55444037E-13  -0.12643597E-12   0.00000000E+00
 15.    8.  -0.16379760E-06  -0.79401011E-05   0.15387868E-04   0.00000000E+00
 15.    9.  -0.83876047E-05  -0.28370598E-06  -0.79653466E-05   0.00000000E+00
 15.   10.   0.32759528E-06   0.82238070E-05  -0.11264702E-04   0.00000000E+00
 15.   11.   0.80600093E-05   0.28370601E-06   0.13796385E-04   0.00000000E+00
 15.   12.  -0.16379758E-06  -0.85075129E-05   0.41231671E-05   0.00000000E+00
 15.   13.  -0.78962116E-05   0.00000000E+00  -0.15930694E-04   0.00000000E+00
 15.   14.  -0.16507730E-03   0.00000000E+00   0.88156508E-03   0.00000000E+00
 15.   15.  -0.18555919E-04   0.23432893E-03  -0.22816583E-03   0.00000000E+00
 15.   16.   0.18363322E-03  -0.32139795E-04  -0.76345775E-03   0.00000000E+00
 15.   17.   0.37111839E-04  -0.20218914E-03   0.62336064E-03   0.00000000E+00
 15.   18.  -0.22074506E-03   0.32139794E-04   0.44078254E-03   0.00000000E+00
 15.   19.  -0.18555920E-04   0.17004934E-03  -0.85152647E-03   0.00000000E+00
 15.   20.   0.23930098E-03   0.10787606E-11  -0.72757793E-11   0.00000000E+00
 15.   21.  -0.18555917E-04  -0.17004934E-03   0.85152648E-03   0.00000000E+00
 15.   22.  -0.22074506E-03  -0.32139796E-04  -0.44078253E-03   0.00000000E+00
 15.   23.   0.37111836E-04   0.20218914E-03  -0.62336065E-03   0.00000000E+00
 15.   24.   0.18363322E-03   0.32139798E-04   0.76345774E-03   0.00000000E+00
 15.   25.  -0.18555917E-04  -0.23432893E-03   0.22816584E-03   0.00000000E+00
 15.   26.  -0.16507730E-03   0.00000000E+00  -0.88156508E-03   0.00000000E+00
 15.   27.  -0.66228358E-04   0.00000000E+00   0.32780779E-02   0.00000000E+00
 15.   28.  -0.13228390E-03   0.55991860E-03  -0.84842898E-03   0.00000000E+00
 15.   29.   0.19851226E-03  -0.22912244E-03  -0.28388987E-02   0.00000000E+00
 15.   30.   0.26456781E-03  -0.33079616E-03   0.23179511E-02   0.00000000E+00
 15.   31.  -0.46308006E-03   0.22912244E-03   0.16390389E-02   0.00000000E+00
 15.   32.  -0.13228391E-03   0.10167372E-03  -0.31663801E-02   0.00000000E+00
 15.   33.   0.59536397E-03  -0.15856348E-12  -0.27003309E-10   0.00000000E+00
 15.   34.  -0.13228390E-03  -0.10167372E-03   0.31663801E-02   0.00000000E+00
 15.   35.  -0.46308007E-03  -0.22912244E-03  -0.16390389E-02   0.00000000E+00
 15.   36.   0.26456780E-03   0.33079616E-03  -0.23179511E-02   0.00000000E+00
 15.   37.   0.19851226E-03   0.22912245E-03   0.28388987E-02   0.00000000E+00
 15.   38.  -0.13228390E-03  -0.55991860E-03   0.84842903E-03   0.00000000E+00
 15.   39.  -0.66228358E-04   0.00000000E+00  -0.32780779E-02   0.00000000E+00
 15.   40.   0.48108237E-03   0.00000000E+00   0.37837246E-05   0.00000000E+00
 15.   41.  -0.13537381E-03   0.24139580E-04  -0.97929998E-06   0.00000000E+00
 15.   42.  -0.34570856E-03  -0.23447432E-03  -0.32768016E-05   0.00000000E+00
 15.   43.   0.27074763E-03   0.21033474E-03   0.26754973E-05   0.00000000E+00
 15.   44.   0.74960932E-04   0.23447433E-03   0.18918623E-05   0.00000000E+00
 15.   45.  -0.13537381E-03  -0.44480907E-03  -0.36547973E-05   0.00000000E+00
 15.   46.   0.60412884E-04  -0.40332343E-11  -0.29537712E-13   0.00000000E+00
 15.   47.  -0.13537381E-03   0.44480907E-03   0.36547973E-05   0.00000000E+00
 15.   48.   0.74960928E-04  -0.23447432E-03  -0.18918622E-05   0.00000000E+00
 15.   49.   0.27074763E-03  -0.21033475E-03  -0.26754973E-05   0.00000000E+00
 15.   50.  -0.34570855E-03   0.23447432E-03   0.32768016E-05   0.00000000E+00
 15.   51.  -0.13537382E-03  -0.24139577E-04   0.97930004E-06   0.00000000E+00
 15.   52.   0.48108237E-03   0.00000000E+00  -0.37837246E-05   0.00000000E+00
 15.   53.  -0.48108237E-03   0.00000000E+00   0.37837246E-05   0.00000000E+00
 15.   54.   0.13537381E-03  -0.24139580E-04  -0.97929998E-06   0.00000000E+00
 15.   55.   0.34570856E-03   0.23447432E-03  -0.32768016E-05   0.00000000E+00
 15.   56.  -0.27074763E-03  -0.21033474E-03   0.26754973E-05   0.00000000E+00
 15.   57.  -0.74960932E-04  -0.23447433E-03   0.18918623E-05   0.00000000E+00
 15.   58.   0.13537381E-03   0.44480907E-03  -0.36547973E-05   0.00000000E+00
 15.   59.  -0.60412884E-04   0.40335093E-11  -0.29536326E-13   0.00000000E+00
 15.   60.   0.13537381E-03  -0.44480907E-03   0.36547973E-05   0.00000000E+00
 15.   61.  -0.74960928E-04   0.23447432E-03  -0.18918622E-05   0.00000000E+00
 15.   62.  -0.27074763E-03   0.21033475E-03  -0.26754973E-05   0.00000000E+00
 15.   63.   0.34570855E-03  -0.23447432E-03   0.32768016E-05   0.00000000E+00
 15.   64.   0.13537382E-03   0.24139577E-04   0.97930004E-06   0.00000000E+00
 15.   65.  -0.48108237E-03   0.00000000E+00  -0.37837246E-05   0.00000000E+00
 16.    1.  -0.21780826E-03   0.00000000E+00   0.89732269E-03   0.00000000E+00
 16.    2.  -0.16695533E-03   0.20231253E-03   0.44866135E-03   0.00000000E+00
 16.    3.  -0.25001318E-04   0.26111181E-03  -0.44866135E-03   0.00000000E+00
 16.    4.   0.15401369E-03   0.15401370E-03  -0.89732269E-03   0.00000000E+00
 16.    5.   0.26111181E-03  -0.25001317E-04  -0.44866135E-03   0.00000000E+00
 16.    6.   0.20231253E-03  -0.16695533E-03   0.44866134E-03   0.00000000E+00
 16.    7.   0.10432699E-11  -0.21780826E-03   0.89732269E-03   0.00000000E+00
 16.    8.  -0.20231253E-03  -0.16695533E-03   0.44866135E-03   0.00000000E+00
 16.    9.  -0.26111181E-03  -0.25001319E-04  -0.44866134E-03   0.00000000E+00
 16.   10.  -0.15401370E-03   0.15401369E-03  -0.89732269E-03   0.00000000E+00
 16.   11.   0.25001316E-04   0.26111181E-03  -0.44866135E-03   0.00000000E+00
 16.   12.   0.16695533E-03   0.20231253E-03   0.44866134E-03   0.00000000E+00
 16.   13.   0.21780826E-03   0.00000000E+00   0.89732269E-03   0.00000000E+00
 16.   14.   0.71160463E-04   0.00000000E+00   0.33371073E-02   0.00000000E+00
 16.   15.  -0.81628959E-04   0.44211488E-03   0.16685537E-02   0.00000000E+00
 16.   16.  -0.25490204E-03   0.37034282E-03  -0.16685537E-02   0.00000000E+00
 16.   17.  -0.50318047E-04  -0.50318045E-04  -0.33371073E-02   0.00000000E+00
 16.   18.   0.37034282E-03  -0.25490204E-03  -0.16685537E-02   0.00000000E+00
 16.   19.   0.44211488E-03  -0.81628960E-04   0.16685537E-02   0.00000000E+00
 16.   20.   0.25255473E-11   0.71160463E-04   0.33371073E-02   0.00000000E+00
 16.   21.  -0.44211488E-03  -0.81628958E-04   0.16685537E-02   0.00000000E+00
 16.   22.  -0.37034282E-03  -0.25490204E-03  -0.16685536E-02   0.00000000E+00
 16.   23.   0.50318043E-04  -0.50318048E-04  -0.33371073E-02   0.00000000E+00
 16.   24.   0.25490204E-03   0.37034282E-03  -0.16685537E-02   0.00000000E+00
 16.   25.   0.81628962E-04   0.44211488E-03   0.16685536E-02   0.00000000E+00
 16.   26.  -0.71160463E-04   0.00000000E+00   0.33371073E-02   0.00000000E+00
 16.   27.   0.36479612E-03   0.00000000E+00  -0.14047224E-02   0.00000000E+00
 16.   28.   0.20884194E-03  -0.74676724E-04  -0.70236119E-03   0.00000000E+00
 16.   29.  -0.94869131E-04  -0.20047797E-03   0.70236119E-03   0.00000000E+00
 16.   30.  -0.25794981E-03  -0.25794981E-03   0.14047224E-02   0.00000000E+00
 16.   31.  -0.20047797E-03  -0.94869132E-04   0.70236119E-03   0.00000000E+00
 16.   32.  -0.74676724E-04   0.20884194E-03  -0.70236119E-03   0.00000000E+00
 16.   33.  -0.25593773E-12   0.36479612E-03  -0.14047224E-02   0.00000000E+00
 16.   34.   0.74676723E-04   0.20884194E-03  -0.70236120E-03   0.00000000E+00
 16.   35.   0.20047797E-03  -0.94869129E-04   0.70236118E-03   0.00000000E+00
 16.   36.   0.25794981E-03  -0.25794981E-03   0.14047224E-02   0.00000000E+00
 16.   37.   0.94869133E-04  -0.20047797E-03   0.70236120E-03   0.00000000E+00
 16.   38.  -0.20884193E-03  -0.74676725E-04  -0.70236118E-03   0.00000000E+00
 16.   39.  -0.36479612E-03   0.00000000E+00  -0.14047224E-02   0.00000000E+00
 16.   40.  -0.43839742E-03   0.00000000E+00  -0.36478050E-05   0.00000000E+00
 16.   41.  -0.20464810E-03  -0.83161664E-04  -0.18239025E-05   0.00000000E+00
 16.   42.   0.20351224E-03   0.85903886E-04   0.18239025E-05   0.00000000E+00
 16.   43.   0.30999379E-03   0.30999379E-03   0.36478050E-05   0.00000000E+00
 16.   44.   0.85903887E-04   0.20351224E-03   0.18239025E-05   0.00000000E+00
 16.   45.  -0.83161664E-04  -0.20464810E-03  -0.18239025E-05   0.00000000E+00
 16.   46.  -0.66710606E-12  -0.43839742E-03  -0.36478050E-05   0.00000000E+00
 16.   47.   0.83161664E-04  -0.20464811E-03  -0.18239025E-05   0.00000000E+00
 16.   48.  -0.85903884E-04   0.20351224E-03   0.18239025E-05   0.00000000E+00
 16.   49.  -0.30999379E-03   0.30999379E-03   0.36478050E-05   0.00000000E+00
 16.   50.  -0.20351224E-03   0.85903888E-04   0.18239025E-05   0.00000000E+00
 16.   51.   0.20464810E-03  -0.83161664E-04  -0.18239025E-05   0.00000000E+00
 16.   52.   0.43839742E-03   0.00000000E+00  -0.36478050E-05   0.00000000E+00
 16.   53.   0.43839742E-03   0.00000000E+00  -0.36478050E-05   0.00000000E+00
 16.   54.   0.20464810E-03   0.83161664E-04  -0.18239025E-05   0.00000000E+00
 16.   55.  -0.20351224E-03  -0.85903886E-04   0.18239025E-05   0.00000000E+00
 16.   56.  -0.30999379E-03  -0.30999379E-03   0.36478050E-05   0.00000000E+00
 16.   57.  -0.85903887E-04  -0.20351224E-03   0.18239025E-05   0.00000000E+00
 16.   58.   0.83161664E-04   0.20464810E-03  -0.18239025E-05   0.00000000E+00
 16.   59.   0.66704419E-12   0.43839742E-03  -0.36478050E-05   0.00000000E+00
 16.   60.  -0.83161664E-04   0.20464811E-03  -0.18239025E-05   0.00000000E+00
 16.   61.   0.85903884E-04  -0.20351224E-03   0.18239025E-05   0.00000000E+00
 16.   62.   0.30999379E-03  -0.30999379E-03   0.36478050E-05   0.00000000E+00
 16.   63.   0.20351224E-03  -0.85903888E-04   0.18239025E-05   0.00000000E+00
 16.   64.  -0.20464810E-03   0.83161664E-04  -0.18239025E-05   0.00000000E+00
 16.   65.  -0.43839742E-03   0.00000000E+00  -0.36478050E-05   0.00000000E+00
 17.    1.  -0.43645412E-04   0.00000000E+00   0.30097814E-02   0.00000000E+00
 17.    2.  -0.96148212E-04   0.21278962E-03   0.26065471E-02   0.00000000E+00
 17.    3.  -0.21845203E-03   0.33472461E-03   0.15048907E-02   0.00000000E+00
 17.    4.  -0.32586871E-03   0.32586871E-03   0.40870803E-11   0.00000000E+00
 17.    5.  -0.33472461E-03   0.21845203E-03  -0.15048907E-02   0.00000000E+00
 17.    6.  -0.21278962E-03   0.96148212E-04  -0.26065471E-02   0.00000000E+00
 17.    7.  -0.10360232E-11   0.43645412E-04  -0.30097814E-02   0.00000000E+00
 17.    8.   0.21278962E-03   0.96148211E-04  -0.26065471E-02   0.00000000E+00
 17.    9.   0.33472461E-03   0.21845203E-03  -0.15048907E-02   0.00000000E+00
 17.   10.   0.32586871E-03   0.32586871E-03  -0.98766104E-11   0.00000000E+00
 17.   11.   0.21845203E-03   0.33472461E-03   0.15048907E-02   0.00000000E+00
 17.   12.   0.96148212E-04   0.21278962E-03   0.26065471E-02   0.00000000E+00
 17.   13.   0.43645412E-04   0.00000000E+00   0.30097814E-02   0.00000000E+00
 17.   14.   0.33232616E-03   0.00000000E+00  -0.12688522E-02   0.00000000E+00
 17.   15.   0.29069440E-03   0.27098742E-04  -0.10988582E-02   0.00000000E+00
 17.   16.   0.18639028E-03   0.94887318E-05  -0.63442610E-03   0.00000000E+00
 17.   17.   0.69383966E-04  -0.69383965E-04  -0.17153630E-11   0.00000000E+00
 17.   18.  -0.94887316E-05  -0.18639028E-03   0.63442610E-03   0.00000000E+00
 17.   19.  -0.27098742E-04  -0.29069440E-03   0.10988582E-02   0.00000000E+00
 17.   20.  -0.16085486E-12  -0.33232616E-03   0.12688522E-02   0.00000000E+00
 17.   21.   0.27098742E-04  -0.29069440E-03   0.10988582E-02   0.00000000E+00
 17.   22.   0.94887320E-05  -0.18639028E-03   0.63442611E-03   0.00000000E+00
 17.   23.  -0.69383965E-04  -0.69383966E-04   0.41735072E-11   0.00000000E+00
 17.   24.  -0.18639028E-03   0.94887313E-05  -0.63442610E-03   0.00000000E+00
 17.   25.  -0.29069440E-03   0.27098742E-04  -0.10988582E-02   0.00000000E+00
 17.   26.  -0.33232616E-03   0.00000000E+00  -0.12688522E-02   0.00000000E+00
 17.   27.  -0.35222582E-03   0.00000000E+00   0.46595102E-03   0.00000000E+00
 17.   28.  -0.29776119E-03  -0.67310676E-04   0.40352542E-03   0.00000000E+00
 17.   29.  -0.16295312E-03  -0.69982735E-04   0.23297551E-03   0.00000000E+00
 17.   30.  -0.17040068E-04   0.17040067E-04   0.63299655E-12   0.00000000E+00
 17.   31.   0.69982734E-04   0.16295312E-03  -0.23297551E-03   0.00000000E+00
 17.   32.   0.67310676E-04   0.29776119E-03  -0.40352542E-03   0.00000000E+00
 17.   33.   0.35961375E-12   0.35222582E-03  -0.46595102E-03   0.00000000E+00
 17.   34.  -0.67310675E-04   0.29776119E-03  -0.40352542E-03   0.00000000E+00
 17.   35.  -0.69982735E-04   0.16295312E-03  -0.23297551E-03   0.00000000E+00
 17.   36.   0.17040067E-04   0.17040068E-04  -0.15348678E-11   0.00000000E+00
 17.   37.   0.16295312E-03  -0.69982734E-04   0.23297551E-03   0.00000000E+00
 17.   38.   0.29776119E-03  -0.67310676E-04   0.40352542E-03   0.00000000E+00
 17.   39.   0.35222582E-03   0.00000000E+00   0.46595102E-03   0.00000000E+00
 17.   40.   0.33549054E-03   0.00000000E+00   0.32589455E-05   0.00000000E+00
 17.   41.   0.27907625E-03   0.81046495E-04   0.28223296E-05   0.00000000E+00
 17.   42.   0.14002818E-03   0.92954617E-04   0.16294727E-05   0.00000000E+00
 17.   43.  -0.85625741E-05   0.85625748E-05   0.65892066E-15   0.00000000E+00
 17.   44.  -0.92954617E-04  -0.14002818E-03  -0.16294727E-05   0.00000000E+00
 17.   45.  -0.81046495E-04  -0.27907625E-03  -0.28223296E-05   0.00000000E+00
 17.   46.  -0.42509285E-12  -0.33549054E-03  -0.32589455E-05   0.00000000E+00
 17.   47.   0.81046494E-04  -0.27907625E-03  -0.28223296E-05   0.00000000E+00
 17.   48.   0.92954617E-04  -0.14002818E-03  -0.16294727E-05   0.00000000E+00
 17.   49.   0.85625752E-05   0.85625736E-05  -0.14467970E-13   0.00000000E+00
 17.   50.  -0.14002818E-03   0.92954617E-04   0.16294727E-05   0.00000000E+00
 17.   51.  -0.27907625E-03   0.81046495E-04   0.28223296E-05   0.00000000E+00
 17.   52.  -0.33549054E-03   0.00000000E+00   0.32589454E-05   0.00000000E+00
 17.   53.  -0.33549054E-03   0.00000000E+00   0.32589455E-05   0.00000000E+00
 17.   54.  -0.27907625E-03  -0.81046495E-04   0.28223296E-05   0.00000000E+00
 17.   55.  -0.14002818E-03  -0.92954617E-04   0.16294727E-05   0.00000000E+00
 17.   56.   0.85625741E-05  -0.85625747E-05   0.65939797E-15   0.00000000E+00
 17.   57.   0.92954617E-04   0.14002818E-03  -0.16294727E-05   0.00000000E+00
 17.   58.   0.81046495E-04   0.27907625E-03  -0.28223296E-05   0.00000000E+00
 17.   59.   0.42511849E-12   0.33549054E-03  -0.32589455E-05   0.00000000E+00
 17.   60.  -0.81046494E-04   0.27907625E-03  -0.28223296E-05   0.00000000E+00
 17.   61.  -0.92954617E-04   0.14002818E-03  -0.16294727E-05   0.00000000E+00
 17.   62.  -0.85625752E-05  -0.85625736E-05  -0.14469501E-13   0.00000000E+00
 17.   63.   0.14002818E-03  -0.92954617E-04   0.16294727E-05   0.00000000E+00
 17.   64.   0.27907625E-03  -0.81046495E-04   0.28223296E-05   0.00000000E+00
 17.   65.   0.33549054E-03   0.00000000E+00   0.32589454E-05   0.00000000E+00
 18.    1.   0.26345041E-02   0.00000000E+00  -0.11233223E-05   0.00000000E+00
 18.    2.   0.25317394E-02  -0.63335770E-03  -0.97282566E-06   0.00000000E+00
 18.    3.   0.22380617E-02  -0.12419324E-02  -0.56166116E-06   0.00000000E+00
 18.    4.   0.17918637E-02  -0.17918637E-02   0.43072597E-15   0.00000000E+00
 18.    5.   0.12419324E-02  -0.22380617E-02   0.56166116E-06   0.00000000E+00
 18.    6.   0.63335771E-03  -0.25317394E-02   0.97282567E-06   0.00000000E+00
 18.    7.   0.22527414E-11  -0.26345041E-02   0.11233223E-05   0.00000000E+00
 18.    8.  -0.63335770E-03  -0.25317394E-02   0.97282567E-06   0.00000000E+00
 18.    9.  -0.12419324E-02  -0.22380617E-02   0.56166116E-06   0.00000000E+00
 18.   10.  -0.17918637E-02  -0.17918637E-02   0.85011846E-15   0.00000000E+00
 18.   11.  -0.22380617E-02  -0.12419324E-02  -0.56166116E-06   0.00000000E+00
 18.   12.  -0.25317394E-02  -0.63335771E-03  -0.97282567E-06   0.00000000E+00
 18.   13.  -0.26345041E-02   0.00000000E+00  -0.11233223E-05   0.00000000E+00
 18.   14.   0.47504870E-02   0.00000000E+00  -0.44386748E-05   0.00000000E+00
 18.   15.   0.44953180E-02  -0.88131604E-03  -0.38440051E-05   0.00000000E+00
 18.   16.   0.38018544E-02  -0.18345180E-02  -0.22193374E-05   0.00000000E+00
 18.   17.   0.28493007E-02  -0.28493007E-02   0.21803938E-15   0.00000000E+00
 18.   18.   0.18345180E-02  -0.38018544E-02   0.22193374E-05   0.00000000E+00
 18.   19.   0.88131604E-03  -0.44953180E-02   0.38440051E-05   0.00000000E+00
 18.   20.   0.37802959E-11  -0.47504870E-02   0.44386748E-05   0.00000000E+00
 18.   21.  -0.88131604E-03  -0.44953181E-02   0.38440051E-05   0.00000000E+00
 18.   22.  -0.18345180E-02  -0.38018544E-02   0.22193374E-05   0.00000000E+00
 18.   23.  -0.28493007E-02  -0.28493007E-02   0.11076093E-13   0.00000000E+00
 18.   24.  -0.38018544E-02  -0.18345180E-02  -0.22193374E-05   0.00000000E+00
 18.   25.  -0.44953180E-02  -0.88131605E-03  -0.38440051E-05   0.00000000E+00
 18.   26.  -0.47504870E-02   0.00000000E+00  -0.44386748E-05   0.00000000E+00
 18.   27.   0.60559174E-02   0.00000000E+00  -0.94385260E-05   0.00000000E+00
 18.   28.   0.55694911E-02  -0.52212912E-03  -0.81740033E-05   0.00000000E+00
 18.   29.   0.43074259E-02  -0.14047632E-02  -0.47192630E-05   0.00000000E+00
 18.   30.   0.27518169E-02  -0.27518169E-02  -0.61991792E-14   0.00000000E+00
 18.   31.   0.14047632E-02  -0.43074259E-02   0.47192630E-05   0.00000000E+00
 18.   32.   0.52212913E-03  -0.55694911E-02   0.81740033E-05   0.00000000E+00
 18.   33.   0.26257587E-11  -0.60559174E-02   0.94385260E-05   0.00000000E+00
 18.   34.  -0.52212912E-03  -0.55694911E-02   0.81740033E-05   0.00000000E+00
 18.   35.  -0.14047632E-02  -0.43074260E-02   0.47192630E-05   0.00000000E+00
 18.   36.  -0.27518169E-02  -0.27518169E-02   0.22857654E-13   0.00000000E+00
 18.   37.  -0.43074259E-02  -0.14047632E-02  -0.47192630E-05   0.00000000E+00
 18.   38.  -0.55694911E-02  -0.52212913E-03  -0.81740033E-05   0.00000000E+00
 18.   39.  -0.60559174E-02   0.00000000E+00  -0.94385260E-05   0.00000000E+00
 18.   40.   0.63766338E-02   0.00000000E+00  -0.16018611E-04   0.00000000E+00
 18.   41.   0.55919971E-02   0.46701504E-03  -0.13872524E-04   0.00000000E+00
 18.   42.   0.36239096E-02   0.99838234E-04  -0.80093055E-05   0.00000000E+00
 18.   43.   0.14088586E-02  -0.14088586E-02  -0.12864968E-13   0.00000000E+00
 18.   44.  -0.99838231E-04  -0.36239096E-02   0.80093055E-05   0.00000000E+00
 18.   45.  -0.46701504E-03  -0.55919971E-02   0.13872524E-04   0.00000000E+00
 18.   46.  -0.99212883E-12  -0.63766338E-02   0.16018611E-04   0.00000000E+00
 18.   47.   0.46701504E-03  -0.55919972E-02   0.13872524E-04   0.00000000E+00
 18.   48.   0.99838241E-04  -0.36239096E-02   0.80093055E-05   0.00000000E+00
 18.   49.  -0.14088586E-02  -0.14088586E-02   0.45998071E-13   0.00000000E+00
 18.   50.  -0.36239096E-02   0.99838227E-04  -0.80093054E-05   0.00000000E+00
 18.   51.  -0.55919971E-02   0.46701504E-03  -0.13872524E-04   0.00000000E+00
 18.   52.  -0.63766338E-02   0.00000000E+00  -0.16018611E-04   0.00000000E+00
 18.   53.   0.63766338E-02   0.00000000E+00   0.16018611E-04   0.00000000E+00
 18.   54.   0.55919971E-02   0.46701504E-03   0.13872524E-04   0.00000000E+00
 18.   55.   0.36239096E-02   0.99838234E-04   0.80093055E-05   0.00000000E+00
 18.   56.   0.14088586E-02  -0.14088586E-02   0.12816862E-13   0.00000000E+00
 18.   57.  -0.99838231E-04  -0.36239096E-02  -0.80093055E-05   0.00000000E+00
 18.   58.  -0.46701504E-03  -0.55919971E-02  -0.13872524E-04   0.00000000E+00
 18.   59.  -0.99216295E-12  -0.63766338E-02  -0.16018611E-04   0.00000000E+00
 18.   60.   0.46701504E-03  -0.55919972E-02  -0.13872524E-04   0.00000000E+00
 18.   61.   0.99838241E-04  -0.36239096E-02  -0.80093055E-05   0.00000000E+00
 18.   62.  -0.14088586E-02  -0.14088586E-02  -0.46062709E-13   0.00000000E+00
 18.   63.  -0.36239096E-02   0.99838227E-04   0.80093054E-05   0.00000000E+00
 18.   64.  -0.55919971E-02   0.46701504E-03   0.13872524E-04   0.00000000E+00
 18.   65.  -0.63766338E-02   0.00000000E+00   0.16018611E-04   0.00000000E+00
 19.    1.   0.22014700E-03   0.00000000E+00  -0.71224670E-03   0.00000000E+00
 19.    2.   0.21264567E-03   0.56978236E-04  -0.71224670E-03   0.00000000E+00
 19.    3.   0.19065289E-03   0.11007350E-03  -0.71224670E-03   0.00000000E+00
 19.    4.   0.15566744E-03   0.15566744E-03  -0.71224670E-03   0.00000000E+00
 19.    5.   0.11007350E-03   0.19065289E-03  -0.71224670E-03   0.00000000E+00
 19.    6.   0.56978236E-04   0.21264567E-03  -0.71224670E-03   0.00000000E+00
 19.    7.   0.25978317E-12   0.22014700E-03  -0.71224670E-03   0.00000000E+00
 19.    8.  -0.56978236E-04   0.21264567E-03  -0.71224670E-03   0.00000000E+00
 19.    9.  -0.11007350E-03   0.19065289E-03  -0.71224670E-03   0.00000000E+00
 19.   10.  -0.15566744E-03   0.15566744E-03  -0.71224670E-03   0.00000000E+00
 19.   11.  -0.19065289E-03   0.11007350E-03  -0.71224670E-03   0.00000000E+00
 19.   12.  -0.21264567E-03   0.56978237E-04  -0.71224670E-03   0.00000000E+00
 19.   13.  -0.22014700E-03   0.00000000E+00  -0.71224670E-03   0.00000000E+00
 19.   14.  -0.18750170E-03   0.00000000E+00   0.34957569E-03   0.00000000E+00
 19.   15.  -0.18111274E-03  -0.48529012E-04   0.34957569E-03   0.00000000E+00
 19.   16.  -0.16238124E-03  -0.93750851E-04   0.34957569E-03   0.00000000E+00
 19.   17.  -0.13258373E-03  -0.13258373E-03   0.34957569E-03   0.00000000E+00
 19.   18.  -0.93750852E-04  -0.16238124E-03   0.34957569E-03   0.00000000E+00
 19.   19.  -0.48529012E-04  -0.18111274E-03   0.34957569E-03   0.00000000E+00
 19.   20.  -0.22114897E-12  -0.18750170E-03   0.34957569E-03   0.00000000E+00
 19.   21.   0.48529011E-04  -0.18111274E-03   0.34957569E-03   0.00000000E+00
 19.   22.   0.93750851E-04  -0.16238124E-03   0.34957569E-03   0.00000000E+00
 19.   23.   0.13258373E-03  -0.13258373E-03   0.34957569E-03   0.00000000E+00
 19.   24.   0.16238124E-03  -0.93750852E-04   0.34957569E-03   0.00000000E+00
 19.   25.   0.18111274E-03  -0.48529012E-04   0.34957569E-03   0.00000000E+00
 19.   26.   0.18750170E-03   0.00000000E+00   0.34957569E-03   0.00000000E+00
 19.   27.   0.16683229E-03   0.00000000E+00  -0.13433177E-03   0.00000000E+00
 19.   28.   0.16114761E-03   0.43179373E-04  -0.13433177E-03   0.00000000E+00
 19.   29.   0.14448100E-03   0.83416143E-04  -0.13433177E-03   0.00000000E+00
 19.   30.   0.11796824E-03   0.11796824E-03  -0.13433177E-03   0.00000000E+00
 19.   31.   0.83416143E-04   0.14448100E-03  -0.13433177E-03   0.00000000E+00
 19.   32.   0.43179373E-04   0.16114761E-03  -0.13433177E-03   0.00000000E+00
 19.   33.   0.19685107E-12   0.16683229E-03  -0.13433177E-03   0.00000000E+00
 19.   34.  -0.43179373E-04   0.16114761E-03  -0.13433177E-03   0.00000000E+00
 19.   35.  -0.83416142E-04   0.14448100E-03  -0.13433177E-03   0.00000000E+00
 19.   36.  -0.11796824E-03   0.11796824E-03  -0.13433177E-03   0.00000000E+00
 19.   37.  -0.14448100E-03   0.83416143E-04  -0.13433177E-03   0.00000000E+00
 19.   38.  -0.16114761E-03   0.43179373E-04  -0.13433177E-03   0.00000000E+00
 19.   39.  -0.16683229E-03   0.00000000E+00  -0.13433177E-03   0.00000000E+00
 19.   40.  -0.15276794E-03   0.00000000E+00  -0.15518989E-05   0.00000000E+00
 19.   41.  -0.14756250E-03  -0.39539252E-04  -0.15518989E-05   0.00000000E+00
 19.   42.  -0.13230091E-03  -0.76383969E-04  -0.15518989E-05   0.00000000E+00
 19.   43.  -0.10802324E-03  -0.10802324E-03  -0.15518989E-05   0.00000000E+00
 19.   44.  -0.76383969E-04  -0.13230091E-03  -0.15518989E-05   0.00000000E+00
 19.   45.  -0.39539252E-04  -0.14756250E-03  -0.15518989E-05   0.00000000E+00
 19.   46.  -0.18064844E-12  -0.15276794E-03  -0.15518989E-05   0.00000000E+00
 19.   47.   0.39539252E-04  -0.14756250E-03  -0.15518989E-05   0.00000000E+00
 19.   48.   0.76383969E-04  -0.13230091E-03  -0.15518989E-05   0.00000000E+00
 19.   49.   0.10802324E-03  -0.10802324E-03  -0.15518989E-05   0.00000000E+00
 19.   50.   0.13230091E-03  -0.76383969E-04  -0.15518989E-05   0.00000000E+00
 19.   51.   0.14756250E-03  -0.39539252E-04  -0.15518989E-05   0.00000000E+00
 19.   52.   0.15276794E-03   0.00000000E+00  -0.15518989E-05   0.00000000E+00
 19.   53.   0.15276794E-03   0.00000000E+00  -0.15518989E-05   0.00000000E+00
 19.   54.   0.14756250E-03   0.39539252E-04  -0.15518989E-05   0.00000000E+00
 19.   55.   0.13230091E-03   0.76383969E-04  -0.15518989E-05   0.00000000E+00
 19.   56.   0.10802324E-03   0.10802324E-03  -0.15518989E-05   0.00000000E+00
 19.   57.   0.76383969E-04   0.13230091E-03  -0.15518989E-05   0.00000000E+00
 19.   58.   0.39539252E-04   0.14756250E-03  -0.15518989E-05   0.00000000E+00
 19.   59.   0.18059892E-12   0.15276794E-03  -0.15518989E-05   0.00000000E+00
 19.   60.  -0.39539252E-04   0.14756250E-03  -0.15518989E-05   0.00000000E+00
 19.   61.  -0.76383969E-04   0.13230091E-03  -0.15518989E-05   0.00000000E+00
 19.   62.  -0.10802324E-03   0.10802324E-03  -0.15518989E-05   0.00000000E+00
 19.   63.  -0.13230091E-03   0.76383969E-04  -0.15518989E-05   0.00000000E+00
 19.   64.  -0.14756250E-03   0.39539252E-04  -0.15518989E-05   0.00000000E+00
 19.   65.  -0.15276794E-03   0.00000000E+00  -0.15518989E-05   0.00000000E+00
 20.    1.  -0.28591470E-05   0.00000000E+00   0.50704647E-05   0.00000000E+00
 20.    2.   0.68809158E-06   0.29554552E-05  -0.25352323E-05   0.00000000E+00
 20.    3.   0.25763766E-05  -0.16032682E-05  -0.25352324E-05   0.00000000E+00
 20.    4.  -0.20217223E-05  -0.20217223E-05   0.50704647E-05   0.00000000E+00
 20.    5.  -0.16032682E-05   0.25763766E-05  -0.25352323E-05   0.00000000E+00
 20.    6.   0.29554552E-05   0.68809160E-06  -0.25352324E-05   0.00000000E+00
 20.    7.   0.24625885E-13  -0.28591470E-05   0.50704647E-05   0.00000000E+00
 20.    8.  -0.29554552E-05   0.68809155E-06  -0.25352323E-05   0.00000000E+00
 20.    9.   0.16032682E-05   0.25763767E-05  -0.25352324E-05   0.00000000E+00
 20.   10.   0.20217223E-05  -0.20217222E-05   0.50704647E-05   0.00000000E+00
 20.   11.  -0.25763766E-05  -0.16032682E-05  -0.25352323E-05   0.00000000E+00
 20.   12.  -0.68809162E-06   0.29554552E-05  -0.25352324E-05   0.00000000E+00
 20.   13.   0.28591470E-05   0.00000000E+00   0.50704647E-05   0.00000000E+00
 20.   14.  -0.11402985E-03   0.00000000E+00   0.52252061E-03   0.00000000E+00
 20.   15.   0.18933142E-04   0.14962931E-03  -0.26126031E-03   0.00000000E+00
 20.   16.   0.11919165E-03  -0.92416146E-04  -0.26126031E-03   0.00000000E+00
 20.   17.  -0.80631280E-04  -0.80631281E-04   0.52252061E-03   0.00000000E+00
 20.   18.  -0.92416146E-04   0.11919165E-03  -0.26126030E-03   0.00000000E+00
 20.   19.   0.14962931E-03   0.18933142E-04  -0.26126031E-03   0.00000000E+00
 20.   20.   0.13807208E-11  -0.11402985E-03   0.52252061E-03   0.00000000E+00
 20.   21.  -0.14962931E-03   0.18933141E-04  -0.26126030E-03   0.00000000E+00
 20.   22.   0.92416144E-04   0.11919165E-03  -0.26126031E-03   0.00000000E+00
 20.   23.   0.80631282E-04  -0.80631279E-04   0.52252061E-03   0.00000000E+00
 20.   24.  -0.11919165E-03  -0.92416147E-04  -0.26126030E-03   0.00000000E+00
 20.   25.  -0.18933144E-04   0.14962931E-03  -0.26126031E-03   0.00000000E+00
 20.   26.   0.11402985E-03   0.00000000E+00   0.52252061E-03   0.00000000E+00
 20.   27.  -0.91080102E-04   0.00000000E+00   0.26021616E-02   0.00000000E+00
 20.   28.  -0.76446301E-04   0.46125472E-03  -0.13010808E-02   0.00000000E+00
 20.   29.   0.27210064E-03  -0.38021204E-03  -0.13010808E-02   0.00000000E+00
 20.   30.  -0.64403355E-04  -0.64403359E-04   0.26021616E-02   0.00000000E+00
 20.   31.  -0.38021204E-03   0.27210065E-03  -0.13010808E-02   0.00000000E+00
 20.   32.   0.46125472E-03  -0.76446300E-04  -0.13010808E-02   0.00000000E+00
 20.   33.   0.49583319E-11  -0.91080102E-04   0.26021616E-02   0.00000000E+00
 20.   34.  -0.46125473E-03  -0.76446302E-04  -0.13010808E-02   0.00000000E+00
 20.   35.   0.38021204E-03   0.27210064E-03  -0.13010808E-02   0.00000000E+00
 20.   36.   0.64403362E-04  -0.64403353E-04   0.26021616E-02   0.00000000E+00
 20.   37.  -0.27210065E-03  -0.38021204E-03  -0.13010807E-02   0.00000000E+00
 20.   38.   0.76446299E-04   0.46125472E-03  -0.13010808E-02   0.00000000E+00
 20.   39.   0.91080101E-04   0.00000000E+00   0.26021616E-02   0.00000000E+00
 20.   40.   0.42087146E-03   0.00000000E+00   0.42925209E-05   0.00000000E+00
 20.   41.  -0.21678121E-03  -0.40227561E-05  -0.21462605E-05   0.00000000E+00
 20.   42.  -0.15613198E-03  -0.15044294E-03  -0.21462605E-05   0.00000000E+00
 20.   43.   0.29760107E-03   0.29760107E-03   0.42925209E-05   0.00000000E+00
 20.   44.  -0.15044294E-03  -0.15613198E-03  -0.21462604E-05   0.00000000E+00
 20.   45.  -0.40227572E-05  -0.21678121E-03  -0.21462605E-05   0.00000000E+00
 20.   46.   0.10656872E-11   0.42087146E-03   0.42925209E-05   0.00000000E+00
 20.   47.   0.40227544E-05  -0.21678120E-03  -0.21462604E-05   0.00000000E+00
 20.   48.   0.15044295E-03  -0.15613198E-03  -0.21462605E-05   0.00000000E+00
 20.   49.  -0.29760107E-03   0.29760107E-03   0.42925209E-05   0.00000000E+00
 20.   50.   0.15613197E-03  -0.15044294E-03  -0.21462604E-05   0.00000000E+00
 20.   51.   0.21678121E-03  -0.40227589E-05  -0.21462605E-05   0.00000000E+00
 20.   52.  -0.42087146E-03   0.00000000E+00   0.42925210E-05   0.00000000E+00
 20.   53.  -0.42087146E-03   0.00000000E+00   0.42925209E-05   0.00000000E+00
 20.   54.   0.21678121E-03   0.40227561E-05  -0.21462605E-05   0.00000000E+00
 20.   55.   0.15613198E-03   0.15044294E-03  -0.21462605E-05   0.00000000E+00
 20.   56.  -0.29760107E-03  -0.29760107E-03   0.42925209E-05   0.00000000E+00
 20.   57.   0.15044294E-03   0.15613198E-03  -0.21462604E-05   0.00000000E+00
 20.   58.   0.40227572E-05   0.21678121E-03  -0.21462605E-05   0.00000000E+00
 20.   59.  -0.10657089E-11  -0.42087146E-03   0.42925209E-05   0.00000000E+00
 20.   60.  -0.40227544E-05   0.21678120E-03  -0.21462604E-05   0.00000000E+00
 20.   61.  -0.15044295E-03   0.15613198E-03  -0.21462605E-05   0.00000000E+00
 20.   62.   0.29760107E-03  -0.29760107E-03   0.42925209E-05   0.00000000E+00
 20.   63.  -0.15613197E-03   0.15044294E-03  -0.21462604E-05   0.00000000E+00
 20.   64.  -0.21678121E-03   0.40227589E-05  -0.21462605E-05   0.00000000E+00
 20.   65.   0.42087146E-03   0.00000000E+00   0.42925210E-05   0.00000000E+00
 21.    1.  -0.11516985E-03   0.00000000E+00   0.36512097E-03   0.00000000E+00
 21.    2.  -0.63611569E-04   0.12223176E-03   0.94500261E-04   0.00000000E+00
 21.    3.   0.51558279E-04   0.11017847E-03  -0.31620403E-03   0.00000000E+00
 21.    4.   0.12722314E-03  -0.12053290E-04  -0.25817951E-03   0.00000000E+00
 21.    5.   0.75664860E-04  -0.11017847E-03   0.18256048E-03   0.00000000E+00
 21.    6.  -0.63611569E-04  -0.98125180E-04   0.35267977E-03   0.00000000E+00
 21.    7.  -0.13927643E-03  -0.51452553E-12   0.21530073E-11   0.00000000E+00
 21.    8.  -0.63611570E-04   0.98125180E-04  -0.35267977E-03   0.00000000E+00
 21.    9.   0.75664859E-04   0.11017847E-03  -0.18256049E-03   0.00000000E+00
 21.   10.   0.12722314E-03   0.12053291E-04   0.25817951E-03   0.00000000E+00
 21.   11.   0.51558280E-04  -0.11017847E-03   0.31620404E-03   0.00000000E+00
 21.   12.  -0.63611568E-04  -0.12223176E-03  -0.94500256E-04   0.00000000E+00
 21.   13.  -0.11516985E-03   0.00000000E+00  -0.36512097E-03   0.00000000E+00
 21.   14.  -0.57478767E-04   0.00000000E+00   0.26661558E-02   0.00000000E+00
 21.   15.  -0.14279498E-03   0.47543934E-03   0.69005191E-03   0.00000000E+00
 21.   16.  -0.85316209E-04   0.24732815E-03  -0.23089587E-02   0.00000000E+00
 21.   17.   0.28558995E-03  -0.22811118E-03  -0.18852569E-02   0.00000000E+00
 21.   18.   0.37090616E-03  -0.24732815E-03   0.13330779E-02   0.00000000E+00
 21.   19.  -0.14279497E-03  -0.19216969E-04   0.25753088E-02   0.00000000E+00
 21.   20.  -0.51370114E-03   0.26779486E-12   0.15715875E-10   0.00000000E+00
 21.   21.  -0.14279498E-03   0.19216968E-04  -0.25753088E-02   0.00000000E+00
 21.   22.   0.37090616E-03   0.24732815E-03  -0.13330779E-02   0.00000000E+00
 21.   23.   0.28558995E-03   0.22811119E-03   0.18852568E-02   0.00000000E+00
 21.   24.  -0.85316207E-04  -0.24732815E-03   0.23089587E-02   0.00000000E+00
 21.   25.  -0.14279498E-03  -0.47543934E-03  -0.69005188E-03   0.00000000E+00
 21.   26.  -0.57478767E-04   0.00000000E+00  -0.26661558E-02   0.00000000E+00
 21.   27.   0.36923913E-03   0.00000000E+00  -0.77656768E-03   0.00000000E+00
 21.   28.   0.11733127E-03  -0.68647141E-04  -0.20099051E-03   0.00000000E+00
 21.   29.  -0.25190786E-03  -0.20322373E-03   0.67252734E-03   0.00000000E+00
 21.   30.  -0.23466255E-03  -0.13457659E-03   0.54911627E-03   0.00000000E+00
 21.   31.   0.17245311E-04   0.20322372E-03  -0.38828384E-03   0.00000000E+00
 21.   32.   0.11733127E-03   0.33780031E-03  -0.75010678E-03   0.00000000E+00
 21.   33.   0.10008596E-03   0.20590735E-11  -0.45950699E-11   0.00000000E+00
 21.   34.   0.11733127E-03  -0.33780031E-03   0.75010677E-03   0.00000000E+00
 21.   35.   0.17245313E-04  -0.20322373E-03   0.38828384E-03   0.00000000E+00
 21.   36.  -0.23466254E-03   0.13457658E-03  -0.54911627E-03   0.00000000E+00
 21.   37.  -0.25190786E-03   0.20322373E-03  -0.67252734E-03   0.00000000E+00
 21.   38.   0.11733127E-03   0.68647142E-04   0.20099050E-03   0.00000000E+00
 21.   39.   0.36923913E-03   0.00000000E+00   0.77656768E-03   0.00000000E+00
 21.   40.  -0.38862492E-03   0.00000000E+00  -0.43165653E-05   0.00000000E+00
 21.   41.  -0.88412042E-04  -0.58666683E-04  -0.11172093E-05   0.00000000E+00
 21.   42.   0.30021287E-03   0.15313415E-03   0.37382552E-05   0.00000000E+00
 21.   43.   0.17682408E-03   0.21180083E-03   0.30522726E-05   0.00000000E+00
 21.   44.  -0.12338879E-03  -0.15313415E-03  -0.21582827E-05   0.00000000E+00
 21.   45.  -0.88412043E-04  -0.36493498E-03  -0.41694819E-05   0.00000000E+00
 21.   46.   0.34976747E-04  -0.23350664E-11  -0.24887237E-13   0.00000000E+00
 21.   47.  -0.88412041E-04   0.36493498E-03   0.41694819E-05   0.00000000E+00
 21.   48.  -0.12338879E-03   0.15313415E-03   0.21582827E-05   0.00000000E+00
 21.   49.   0.17682408E-03  -0.21180083E-03  -0.30522726E-05   0.00000000E+00
 21.   50.   0.30021287E-03  -0.15313415E-03  -0.37382553E-05   0.00000000E+00
 21.   51.  -0.88412038E-04   0.58666682E-04   0.11172093E-05   0.00000000E+00
 21.   52.  -0.38862492E-03   0.00000000E+00   0.43165653E-05   0.00000000E+00
 21.   53.   0.38862492E-03   0.00000000E+00  -0.43165653E-05   0.00000000E+00
 21.   54.   0.88412042E-04   0.58666683E-04  -0.11172093E-05   0.00000000E+00
 21.   55.  -0.30021287E-03  -0.15313415E-03   0.37382552E-05   0.00000000E+00
 21.   56.  -0.17682408E-03  -0.21180083E-03   0.30522726E-05   0.00000000E+00
 21.   57.   0.12338879E-03   0.15313415E-03  -0.21582827E-05   0.00000000E+00
 21.   58.   0.88412043E-04   0.36493498E-03  -0.41694819E-05   0.00000000E+00
 21.   59.  -0.34976747E-04   0.23351217E-11  -0.24884976E-13   0.00000000E+00
 21.   60.   0.88412041E-04  -0.36493498E-03   0.41694819E-05   0.00000000E+00
 21.   61.   0.12338879E-03  -0.15313415E-03   0.21582827E-05   0.00000000E+00
 21.   62.  -0.17682408E-03   0.21180083E-03  -0.30522726E-05   0.00000000E+00
 21.   63.  -0.30021287E-03   0.15313415E-03  -0.37382553E-05   0.00000000E+00
 21.   64.   0.88412038E-04  -0.58666682E-04   0.11172093E-05   0.00000000E+00
 21.   65.   0.38862492E-03   0.00000000E+00   0.43165653E-05   0.00000000E+00
 22.    1.  -0.21123959E-03   0.00000000E+00   0.19758125E-02   0.00000000E+00
 22.    2.  -0.22675232E-03   0.26913388E-03   0.13971104E-02   0.00000000E+00
 22.    3.  -0.22532042E-03   0.39026641E-03   0.10278733E-11   0.00000000E+00
 22.    4.  -0.11970062E-03   0.33094021E-03  -0.13971104E-02   0.00000000E+00
 22.    5.   0.10561979E-03   0.18293885E-03  -0.19758125E-02   0.00000000E+00
 22.    6.   0.34645294E-03   0.61806328E-04  -0.13971104E-02   0.00000000E+00
 22.    7.   0.45064083E-03   0.21626617E-12  -0.69919011E-11   0.00000000E+00
 22.    8.   0.34645294E-03  -0.61806327E-04   0.13971104E-02   0.00000000E+00
 22.    9.   0.10561980E-03  -0.18293885E-03   0.19758125E-02   0.00000000E+00
 22.   10.  -0.11970062E-03  -0.33094021E-03   0.13971105E-02   0.00000000E+00
 22.   11.  -0.22532041E-03  -0.39026641E-03   0.12733256E-10   0.00000000E+00
 22.   12.  -0.22675232E-03  -0.26913388E-03  -0.13971104E-02   0.00000000E+00
 22.   13.  -0.21123959E-03   0.00000000E+00  -0.19758125E-02   0.00000000E+00
 22.   14.   0.40050656E-03   0.00000000E+00  -0.23382187E-03   0.00000000E+00
 22.   15.   0.27848409E-03   0.54887501E-04  -0.16533703E-03   0.00000000E+00
 22.   16.   0.13477266E-04  -0.23343309E-04  -0.12272633E-12   0.00000000E+00
 22.   17.  -0.18677602E-03  -0.21373055E-03   0.16533703E-03   0.00000000E+00
 22.   18.  -0.20025328E-03  -0.34684886E-03   0.23382187E-03   0.00000000E+00
 22.   19.  -0.91708076E-04  -0.26861805E-03   0.16533703E-03   0.00000000E+00
 22.   20.  -0.26954531E-04  -0.13856682E-11   0.82784010E-12   0.00000000E+00
 22.   21.  -0.91708075E-04   0.26861805E-03  -0.16533703E-03   0.00000000E+00
 22.   22.  -0.20025328E-03   0.34684886E-03  -0.23382187E-03   0.00000000E+00
 22.   23.  -0.18677602E-03   0.21373055E-03  -0.16533703E-03   0.00000000E+00
 22.   24.   0.13477264E-04   0.23343310E-04  -0.15074255E-11   0.00000000E+00
 22.   25.   0.27848409E-03  -0.54887501E-04   0.16533703E-03   0.00000000E+00
 22.   26.   0.40050656E-03   0.00000000E+00   0.23382187E-03   0.00000000E+00
 22.   27.  -0.34515433E-03   0.00000000E+00  -0.12781602E-04   0.00000000E+00
 22.   28.  -0.23556523E-03  -0.63837755E-04  -0.90379572E-05   0.00000000E+00
 22.   29.   0.49056763E-06  -0.84968835E-06  -0.67788110E-14   0.00000000E+00
 22.   30.   0.17306773E-03   0.17208660E-03   0.90379572E-05   0.00000000E+00
 22.   31.   0.17257717E-03   0.29891242E-03   0.12781602E-04   0.00000000E+00
 22.   32.   0.62497499E-04   0.23592435E-03   0.90379572E-05   0.00000000E+00
 22.   33.  -0.98113551E-06   0.12226693E-11   0.46104812E-13   0.00000000E+00
 22.   34.   0.62497498E-04  -0.23592435E-03  -0.90379572E-05   0.00000000E+00
 22.   35.   0.17257717E-03  -0.29891242E-03  -0.12781602E-04   0.00000000E+00
 22.   36.   0.17306773E-03  -0.17208660E-03  -0.90379573E-05   0.00000000E+00
 22.   37.   0.49056972E-06   0.84968715E-06  -0.84017348E-13   0.00000000E+00
 22.   38.  -0.23556523E-03   0.63837755E-04   0.90379572E-05   0.00000000E+00
 22.   39.  -0.34515433E-03   0.00000000E+00   0.12781602E-04   0.00000000E+00
 22.   40.   0.31082464E-03   0.00000000E+00   0.40398880E-05   0.00000000E+00
 22.   41.   0.20921841E-03   0.68374959E-04   0.28566322E-05   0.00000000E+00
 22.   42.  -0.84113384E-05   0.14568866E-04  -0.36520136E-14   0.00000000E+00
 22.   43.  -0.16382366E-03  -0.14700098E-03  -0.28566322E-05   0.00000000E+00
 22.   44.  -0.15541232E-03  -0.26918203E-03  -0.40398880E-05   0.00000000E+00
 22.   45.  -0.45394755E-04  -0.21537594E-03  -0.28566322E-05   0.00000000E+00
 22.   46.   0.16822677E-04  -0.11202345E-11  -0.14032501E-13   0.00000000E+00
 22.   47.  -0.45394754E-04   0.21537594E-03   0.28566322E-05   0.00000000E+00
 22.   48.  -0.15541232E-03   0.26918203E-03   0.40398880E-05   0.00000000E+00
 22.   49.  -0.16382366E-03   0.14700098E-03   0.28566322E-05   0.00000000E+00
 22.   50.  -0.84113403E-05  -0.14568865E-04   0.31939197E-13   0.00000000E+00
 22.   51.   0.20921841E-03  -0.68374959E-04  -0.28566321E-05   0.00000000E+00
 22.   52.   0.31082464E-03   0.00000000E+00  -0.40398879E-05   0.00000000E+00
 22.   53.  -0.31082464E-03   0.00000000E+00   0.40398880E-05   0.00000000E+00
 22.   54.  -0.20921841E-03  -0.68374959E-04   0.28566322E-05   0.00000000E+00
 22.   55.   0.84113384E-05  -0.14568866E-04  -0.36371554E-14   0.00000000E+00
 22.   56.   0.16382366E-03   0.14700098E-03  -0.28566322E-05   0.00000000E+00
 22.   57.   0.15541232E-03   0.26918203E-03  -0.40398880E-05   0.00000000E+00
 22.   58.   0.45394755E-04   0.21537594E-03  -0.28566322E-05   0.00000000E+00
 22.   59.  -0.16822677E-04   0.11199643E-11  -0.14074019E-13   0.00000000E+00
 22.   60.   0.45394754E-04  -0.21537594E-03   0.28566322E-05   0.00000000E+00
 22.   61.   0.15541232E-03  -0.26918203E-03   0.40398880E-05   0.00000000E+00
 22.   62.   0.16382366E-03  -0.14700098E-03   0.28566322E-05   0.00000000E+00
 22.   63.   0.84113403E-05   0.14568865E-04   0.31970625E-13   0.00000000E+00
 22.   64.  -0.20921841E-03   0.68374959E-04  -0.28566321E-05   0.00000000E+00
 22.   65.  -0.31082464E-03   0.00000000E+00  -0.40398879E-05   0.00000000E+00
 23.    1.  -0.55998544E-02   0.00000000E+00   0.30881666E-04   0.00000000E+00
 23.    2.  -0.54848138E-02  -0.38035448E-03   0.29714481E-04   0.00000000E+00
 23.    3.  -0.51705920E-02  -0.65415676E-03   0.26346427E-04   0.00000000E+00
 23.    4.  -0.47413828E-02  -0.74743749E-03   0.21155501E-04   0.00000000E+00
 23.    5.  -0.43118964E-02  -0.63974008E-03   0.14683817E-04   0.00000000E+00
 23.    6.  -0.39970554E-02  -0.36585683E-03   0.74890910E-05   0.00000000E+00
 23.    7.  -0.38816724E-02  -0.32086420E-11   0.10270649E-12   0.00000000E+00
 23.    8.  -0.39970554E-02   0.36585683E-03  -0.74890908E-05   0.00000000E+00
 23.    9.  -0.43118964E-02   0.63974008E-03  -0.14683817E-04   0.00000000E+00
 23.   10.  -0.47413828E-02   0.74743749E-03  -0.21155500E-04   0.00000000E+00
 23.   11.  -0.51705920E-02   0.65415676E-03  -0.26346426E-04   0.00000000E+00
 23.   12.  -0.54848138E-02   0.38035448E-03  -0.29714481E-04   0.00000000E+00
 23.   13.  -0.55998544E-02   0.00000000E+00  -0.30881666E-04   0.00000000E+00
 23.   14.  -0.46524654E-02   0.00000000E+00   0.58937561E-04   0.00000000E+00
 23.   15.  -0.42586836E-02  -0.13933031E-02   0.56349521E-04   0.00000000E+00
 23.   16.  -0.31893525E-02  -0.23729527E-02   0.48882454E-04   0.00000000E+00
 23.   17.  -0.17443550E-02  -0.26581569E-02   0.37478896E-04   0.00000000E+00
 23.   18.  -0.31461914E-03  -0.22001071E-02   0.23908970E-04   0.00000000E+00
 23.   19.   0.73262843E-03  -0.12053888E-02   0.10838833E-04   0.00000000E+00
 23.   20.   0.11212791E-02  -0.89748283E-11   0.14477054E-12   0.00000000E+00
 23.   21.   0.73262844E-03   0.12053887E-02  -0.10838833E-04   0.00000000E+00
 23.   22.  -0.31461913E-03   0.22001070E-02  -0.23908969E-04   0.00000000E+00
 23.   23.  -0.17443549E-02   0.26581569E-02  -0.37478896E-04   0.00000000E+00
 23.   24.  -0.31893525E-02   0.23729527E-02  -0.48882454E-04   0.00000000E+00
 23.   25.  -0.42586836E-02   0.13933031E-02  -0.56349521E-04   0.00000000E+00
 23.   26.  -0.46524654E-02   0.00000000E+00  -0.58937561E-04   0.00000000E+00
 23.   27.  -0.33336723E-02   0.00000000E+00   0.81393674E-04   0.00000000E+00
 23.   28.  -0.26170609E-02  -0.26726672E-02   0.77537902E-04   0.00000000E+00
 23.   29.  -0.68619033E-03  -0.45477160E-02   0.66239425E-04   0.00000000E+00
 23.   30.   0.18650310E-02  -0.50612956E-02   0.48300028E-04   0.00000000E+00
 23.   31.   0.42527344E-02  -0.40668022E-02   0.25184628E-04   0.00000000E+00
 23.   32.   0.58274703E-02  -0.19765387E-02   0.14547638E-05   0.00000000E+00
 23.   33.   0.64261783E-02  -0.15031703E-10   0.19293378E-12   0.00000000E+00
 23.   34.   0.58274703E-02   0.19765386E-02  -0.14547635E-05   0.00000000E+00
 23.   35.   0.42527345E-02   0.40668022E-02  -0.25184628E-04   0.00000000E+00
 23.   36.   0.18650310E-02   0.50612956E-02  -0.48300028E-04   0.00000000E+00
 23.   37.  -0.68619030E-03   0.45477160E-02  -0.66239425E-04   0.00000000E+00
 23.   38.  -0.26170609E-02   0.26726673E-02  -0.77537902E-04   0.00000000E+00
 23.   39.  -0.33336723E-02   0.00000000E+00  -0.81393674E-04   0.00000000E+00
 23.   40.  -0.20674834E-02   0.00000000E+00   0.95064238E-04   0.00000000E+00
 23.   41.  -0.11184945E-02  -0.36269339E-02   0.90533965E-04   0.00000000E+00
 23.   42.   0.14383183E-02  -0.62057745E-02   0.77148376E-04   0.00000000E+00
 23.   43.   0.47987776E-02  -0.69784316E-02   0.55403455E-04   0.00000000E+00
 23.   44.   0.78272012E-02  -0.57071062E-02   0.25326036E-04   0.00000000E+00
 23.   45.   0.92446453E-02  -0.27809023E-02  -0.19199613E-04   0.00000000E+00
 23.   46.   0.62394808E-02  -0.17123614E-10   0.11050745E-12   0.00000000E+00
 23.   47.   0.92446453E-02   0.27809022E-02   0.19199613E-04   0.00000000E+00
 23.   48.   0.78272012E-02   0.57071062E-02  -0.25326036E-04   0.00000000E+00
 23.   49.   0.47987776E-02   0.69784316E-02  -0.55403455E-04   0.00000000E+00
 23.   50.   0.14383184E-02   0.62057746E-02  -0.77148376E-04   0.00000000E+00
 23.   51.  -0.11184944E-02   0.36269339E-02  -0.90533965E-04   0.00000000E+00
 23.   52.  -0.20674834E-02   0.00000000E+00  -0.95064238E-04   0.00000000E+00
 23.   53.  -0.20674834E-02   0.00000000E+00  -0.95064238E-04   0.00000000E+00
 23.   54.  -0.11184945E-02  -0.36269339E-02  -0.90533965E-04   0.00000000E+00
 23.   55.   0.14383183E-02  -0.62057745E-02  -0.77148376E-04   0.00000000E+00
 23.   56.   0.47987776E-02  -0.69784316E-02  -0.55403455E-04   0.00000000E+00
 23.   57.   0.78272012E-02  -0.57071062E-02  -0.25326036E-04   0.00000000E+00
 23.   58.   0.92446453E-02  -0.27809023E-02   0.19199613E-04   0.00000000E+00
 23.   59.   0.62394808E-02  -0.17119575E-10  -0.10888878E-12   0.00000000E+00
 23.   60.   0.92446453E-02   0.27809022E-02  -0.19199613E-04   0.00000000E+00
 23.   61.   0.78272012E-02   0.57071062E-02   0.25326036E-04   0.00000000E+00
 23.   62.   0.47987776E-02   0.69784316E-02   0.55403455E-04   0.00000000E+00
 23.   63.   0.14383184E-02   0.62057746E-02   0.77148376E-04   0.00000000E+00
 23.   64.  -0.11184944E-02   0.36269339E-02   0.90533965E-04   0.00000000E+00
 23.   65.  -0.20674834E-02   0.00000000E+00   0.95064238E-04   0.00000000E+00
 24.    1.  -0.10336869E-05   0.00000000E+00   0.16404054E-05   0.00000000E+00
 24.    2.   0.50163102E-06   0.95197274E-06  -0.11599418E-05   0.00000000E+00
 24.    3.   0.55840462E-06  -0.96718518E-06  -0.14267276E-13   0.00000000E+00
 24.    4.  -0.10752481E-05   0.41561141E-07   0.11599418E-05   0.00000000E+00
 24.    5.   0.51684346E-06   0.89519915E-06  -0.16404054E-05   0.00000000E+00
 24.    6.   0.57361707E-06  -0.91041158E-06   0.11599418E-05   0.00000000E+00
 24.    7.  -0.11168092E-05  -0.97666718E-14   0.16162805E-13   0.00000000E+00
 24.    8.   0.57361705E-06   0.91041159E-06  -0.11599418E-05   0.00000000E+00
 24.    9.   0.51684348E-06  -0.89519914E-06   0.16404054E-05   0.00000000E+00
 24.   10.  -0.10752481E-05  -0.41561161E-07  -0.11599418E-05   0.00000000E+00
 24.   11.   0.55840460E-06   0.96718519E-06  -0.18938479E-13   0.00000000E+00
 24.   12.   0.50163104E-06  -0.95197273E-06   0.11599418E-05   0.00000000E+00
 24.   13.  -0.10336869E-05   0.00000000E+00  -0.16404054E-05   0.00000000E+00
 24.   14.  -0.78337636E-04   0.00000000E+00   0.31485971E-03   0.00000000E+00
 24.   15.   0.33617568E-04   0.88559931E-04  -0.22263943E-03   0.00000000E+00
 24.   16.   0.54335116E-04  -0.94111181E-04  -0.48762054E-12   0.00000000E+00
 24.   17.  -0.93503934E-04   0.15166297E-04   0.22263943E-03   0.00000000E+00
 24.   18.   0.39168817E-04   0.67842383E-04  -0.31485971E-03   0.00000000E+00
 24.   19.   0.59886366E-04  -0.73393633E-04   0.22263943E-03   0.00000000E+00
 24.   20.  -0.10867023E-03  -0.70032470E-12   0.33249526E-11   0.00000000E+00
 24.   21.   0.59886365E-04   0.73393633E-04  -0.22263944E-03   0.00000000E+00
 24.   22.   0.39168819E-04  -0.67842382E-04   0.31485971E-03   0.00000000E+00
 24.   23.  -0.93503934E-04  -0.15166299E-04  -0.22263943E-03   0.00000000E+00
 24.   24.   0.54335115E-04   0.94111182E-04  -0.60683145E-11   0.00000000E+00
 24.   25.   0.33617569E-04  -0.88559930E-04   0.22263944E-03   0.00000000E+00
 24.   26.  -0.78337636E-04   0.00000000E+00  -0.31485971E-03   0.00000000E+00
 24.   27.  -0.10461893E-03   0.00000000E+00   0.21029269E-02   0.00000000E+00
 24.   28.  -0.17449738E-04   0.35094755E-03  -0.14869939E-02   0.00000000E+00
 24.   29.   0.24289516E-03  -0.42070676E-03  -0.32885979E-11   0.00000000E+00
 24.   30.  -0.29520462E-03   0.19058569E-03   0.14869939E-02   0.00000000E+00
 24.   31.   0.52309464E-04   0.90602656E-04  -0.21029269E-02   0.00000000E+00
 24.   32.   0.31265437E-03  -0.16036186E-03   0.14869939E-02   0.00000000E+00
 24.   33.  -0.48579032E-03  -0.53297719E-12   0.22230594E-10   0.00000000E+00
 24.   34.   0.31265436E-03   0.16036186E-03  -0.14869939E-02   0.00000000E+00
 24.   35.   0.52309473E-04  -0.90602651E-04   0.21029269E-02   0.00000000E+00
 24.   36.  -0.29520463E-03  -0.19058570E-03  -0.14869939E-02   0.00000000E+00
 24.   37.   0.24289516E-03   0.42070676E-03  -0.40497637E-10   0.00000000E+00
 24.   38.  -0.17449736E-04  -0.35094754E-03   0.14869939E-02   0.00000000E+00
 24.   39.  -0.10461893E-03   0.00000000E+00  -0.21029269E-02   0.00000000E+00
 24.   40.   0.37525177E-03   0.00000000E+00   0.47590450E-05   0.00000000E+00
 24.   41.  -0.26735028E-03  -0.27442073E-04  -0.33651530E-05   0.00000000E+00
 24.   42.   0.30185213E-04  -0.52282323E-04   0.48749528E-14   0.00000000E+00
 24.   43.   0.15744067E-03   0.21781110E-03   0.33651530E-05   0.00000000E+00
 24.   44.  -0.18762589E-03  -0.32497757E-03  -0.47590450E-05   0.00000000E+00
 24.   45.   0.10990961E-03   0.24525317E-03   0.33651530E-05   0.00000000E+00
 24.   46.  -0.60370427E-04   0.40401829E-11   0.48024802E-13   0.00000000E+00
 24.   47.   0.10990961E-03  -0.24525318E-03  -0.33651530E-05   0.00000000E+00
 24.   48.  -0.18762589E-03   0.32497757E-03   0.47590450E-05   0.00000000E+00
 24.   49.   0.15744067E-03  -0.21781110E-03  -0.33651529E-05   0.00000000E+00
 24.   50.   0.30185220E-04   0.52282319E-04  -0.10467406E-12   0.00000000E+00
 24.   51.  -0.26735029E-03   0.27442075E-04   0.33651531E-05   0.00000000E+00
 24.   52.   0.37525177E-03   0.00000000E+00  -0.47590451E-05   0.00000000E+00
 24.   53.  -0.37525177E-03   0.00000000E+00   0.47590450E-05   0.00000000E+00
 24.   54.   0.26735028E-03   0.27442073E-04  -0.33651530E-05   0.00000000E+00
 24.   55.  -0.30185213E-04   0.52282323E-04   0.47942345E-14   0.00000000E+00
 24.   56.  -0.15744067E-03  -0.21781110E-03   0.33651530E-05   0.00000000E+00
 24.   57.   0.18762589E-03   0.32497757E-03  -0.47590450E-05   0.00000000E+00
 24.   58.  -0.10990961E-03  -0.24525317E-03   0.33651530E-05   0.00000000E+00
 24.   59.   0.60370427E-04  -0.40389937E-11   0.48223443E-13   0.00000000E+00
 24.   60.  -0.10990961E-03   0.24525318E-03  -0.33651530E-05   0.00000000E+00
 24.   61.   0.18762589E-03  -0.32497757E-03   0.47590450E-05   0.00000000E+00
 24.   62.  -0.15744067E-03   0.21781110E-03  -0.33651529E-05   0.00000000E+00
 24.   63.  -0.30185220E-04  -0.52282319E-04  -0.10480392E-12   0.00000000E+00
 24.   64.   0.26735029E-03  -0.27442075E-04   0.33651531E-05   0.00000000E+00
 24.   65.  -0.37525177E-03   0.00000000E+00  -0.47590451E-05   0.00000000E+00
 25.    1.   0.41605579E-03   0.00000000E+00   0.73981656E-03   0.00000000E+00
 25.    2.   0.38442582E-03   0.11804463E-03   0.71460792E-03   0.00000000E+00
 25.    3.   0.29801116E-03   0.20445929E-03   0.64069994E-03   0.00000000E+00
 25.    4.   0.17996653E-03   0.23608926E-03   0.52312931E-03   0.00000000E+00
 25.    5.   0.61921902E-04   0.20445929E-03   0.36990828E-03   0.00000000E+00
 25.    6.  -0.24492764E-04   0.11804463E-03   0.19147862E-03   0.00000000E+00
 25.    7.  -0.56122727E-04   0.55689863E-12   0.87245971E-12   0.00000000E+00
 25.    8.  -0.24492764E-04  -0.11804463E-03  -0.19147862E-03   0.00000000E+00
 25.    9.   0.61921901E-04  -0.20445929E-03  -0.36990828E-03   0.00000000E+00
 25.   10.   0.17996653E-03  -0.23608926E-03  -0.52312931E-03   0.00000000E+00
 25.   11.   0.29801116E-03  -0.20445929E-03  -0.64069994E-03   0.00000000E+00
 25.   12.   0.38442582E-03  -0.11804463E-03  -0.71460792E-03   0.00000000E+00
 25.   13.   0.41605579E-03   0.00000000E+00  -0.73981656E-03   0.00000000E+00
 25.   14.  -0.29854437E-03   0.00000000E+00  -0.39271135E-03   0.00000000E+00
 25.   15.  -0.27753809E-03  -0.78396526E-04  -0.37933004E-03   0.00000000E+00
 25.   16.  -0.22014785E-03  -0.13578677E-03  -0.34009801E-03   0.00000000E+00
 25.   17.  -0.14175132E-03  -0.15679305E-03  -0.27768886E-03   0.00000000E+00
 25.   18.  -0.63354795E-04  -0.13578677E-03  -0.19635568E-03   0.00000000E+00
 25.   19.  -0.59645549E-05  -0.78396526E-04  -0.10164118E-03   0.00000000E+00
 25.   20.   0.15041731E-04  -0.37023005E-12  -0.46289111E-12   0.00000000E+00
 25.   21.  -0.59645546E-05   0.78396525E-04   0.10164118E-03   0.00000000E+00
 25.   22.  -0.63354794E-04   0.13578677E-03   0.19635568E-03   0.00000000E+00
 25.   23.  -0.14175132E-03   0.15679305E-03   0.27768886E-03   0.00000000E+00
 25.   24.  -0.22014785E-03   0.13578677E-03   0.34009801E-03   0.00000000E+00
 25.   25.  -0.27753809E-03   0.78396526E-04   0.37933004E-03   0.00000000E+00
 25.   26.  -0.29854437E-03   0.00000000E+00   0.39271135E-03   0.00000000E+00
 25.   27.   0.24991354E-03   0.00000000E+00   0.18149926E-03   0.00000000E+00
 25.   28.   0.23286096E-03   0.63641120E-04   0.17531482E-03   0.00000000E+00
 25.   29.   0.18627242E-03   0.11022965E-03   0.15718297E-03   0.00000000E+00
 25.   30.   0.12263130E-03   0.12728224E-03   0.12833936E-03   0.00000000E+00
 25.   31.   0.58990185E-04   0.11022965E-03   0.90749629E-04   0.00000000E+00
 25.   32.   0.12401652E-04   0.63641120E-04   0.46975465E-04   0.00000000E+00
 25.   33.  -0.46509350E-05   0.30073133E-12   0.21193541E-12   0.00000000E+00
 25.   34.   0.12401651E-04  -0.63641120E-04  -0.46975464E-04   0.00000000E+00
 25.   35.   0.58990184E-04  -0.11022965E-03  -0.90749628E-04   0.00000000E+00
 25.   36.   0.12263130E-03  -0.12728224E-03  -0.12833936E-03   0.00000000E+00
 25.   37.   0.18627242E-03  -0.11022965E-03  -0.15718297E-03   0.00000000E+00
 25.   38.   0.23286096E-03  -0.63641120E-04  -0.17531482E-03   0.00000000E+00
 25.   39.   0.24991354E-03   0.00000000E+00  -0.18149926E-03   0.00000000E+00
 25.   40.  -0.22358591E-03   0.00000000E+00  -0.31058244E-05   0.00000000E+00
 25.   41.  -0.20833798E-03  -0.56906042E-04  -0.29999960E-05   0.00000000E+00
 25.   42.  -0.16667986E-03  -0.98564156E-04  -0.26897228E-05   0.00000000E+00
 25.   43.  -0.10977382E-03  -0.11381208E-03  -0.21961495E-05   0.00000000E+00
 25.   44.  -0.52867781E-04  -0.98564156E-04  -0.15529122E-05   0.00000000E+00
 25.   45.  -0.11209667E-04  -0.56906042E-04  -0.80384650E-06   0.00000000E+00
 25.   46.   0.40382612E-05  -0.26770263E-12  -0.40318571E-14   0.00000000E+00
 25.   47.  -0.11209667E-04   0.56906042E-04   0.80384649E-06   0.00000000E+00
 25.   48.  -0.52867781E-04   0.98564156E-04   0.15529122E-05   0.00000000E+00
 25.   49.  -0.10977382E-03   0.11381208E-03   0.21961495E-05   0.00000000E+00
 25.   50.  -0.16667986E-03   0.98564156E-04   0.26897228E-05   0.00000000E+00
 25.   51.  -0.20833798E-03   0.56906042E-04   0.29999960E-05   0.00000000E+00
 25.   52.  -0.22358591E-03   0.00000000E+00   0.31058244E-05   0.00000000E+00
 25.   53.   0.22358591E-03   0.00000000E+00  -0.31058244E-05   0.00000000E+00
 25.   54.   0.20833798E-03   0.56906042E-04  -0.29999960E-05   0.00000000E+00
 25.   55.   0.16667986E-03   0.98564156E-04  -0.26897228E-05   0.00000000E+00
 25.   56.   0.10977382E-03   0.11381208E-03  -0.21961495E-05   0.00000000E+00
 25.   57.   0.52867781E-04   0.98564156E-04  -0.15529122E-05   0.00000000E+00
 25.   58.   0.11209667E-04   0.56906042E-04  -0.80384650E-06   0.00000000E+00
 25.   59.  -0.40382612E-05   0.26896115E-12  -0.38350962E-14   0.00000000E+00
 25.   60.   0.11209667E-04  -0.56906042E-04   0.80384649E-06   0.00000000E+00
 25.   61.   0.52867781E-04  -0.98564156E-04   0.15529122E-05   0.00000000E+00
 25.   62.   0.10977382E-03  -0.11381208E-03   0.21961495E-05   0.00000000E+00
 25.   63.   0.16667986E-03  -0.98564156E-04   0.26897228E-05   0.00000000E+00
 25.   64.   0.20833798E-03  -0.56906042E-04   0.29999960E-05   0.00000000E+00
 25.   65.   0.22358591E-03   0.00000000E+00   0.31058244E-05   0.00000000E+00
 26.    1.  -0.55303263E-04   0.00000000E+00   0.14317316E-03   0.00000000E+00
 26.    2.  -0.16846662E-04   0.62872599E-04   0.10363484E-12   0.00000000E+00
 26.    3.   0.47894030E-04   0.27651631E-04  -0.14317316E-03   0.00000000E+00
 26.    4.   0.46025937E-04  -0.46025937E-04  -0.59094432E-12   0.00000000E+00
 26.    5.  -0.27651631E-04  -0.47894030E-04   0.14317316E-03   0.00000000E+00
 26.    6.  -0.62872599E-04   0.16846662E-04   0.67578229E-12   0.00000000E+00
 26.    7.  -0.39529089E-12   0.55303263E-04  -0.14317316E-03   0.00000000E+00
 26.    8.   0.62872599E-04   0.16846662E-04  -0.13138840E-11   0.00000000E+00
 26.    9.   0.27651632E-04  -0.47894030E-04   0.14317316E-03   0.00000000E+00
 26.   10.  -0.46025936E-04  -0.46025937E-04   0.13987128E-11   0.00000000E+00
 26.   11.  -0.47894031E-04   0.27651631E-04  -0.14317316E-03   0.00000000E+00
 26.   12.   0.16846662E-04   0.62872599E-04  -0.18925328E-11   0.00000000E+00
 26.   13.   0.55303263E-04   0.00000000E+00   0.14317316E-03   0.00000000E+00
 26.   14.  -0.12079117E-03   0.00000000E+00   0.20155542E-02   0.00000000E+00
 26.   15.  -0.11983636E-03   0.44723540E-03   0.14185423E-11   0.00000000E+00
 26.   16.   0.10460822E-03   0.60395587E-04  -0.20155542E-02   0.00000000E+00
 26.   17.   0.32739904E-03  -0.32739904E-03  -0.82468838E-11   0.00000000E+00
 26.   18.  -0.60395584E-04  -0.10460822E-03   0.20155542E-02   0.00000000E+00
 26.   19.  -0.44723540E-03   0.11983636E-03   0.95201161E-11   0.00000000E+00
 26.   20.  -0.31299172E-11   0.12079117E-03  -0.20155542E-02   0.00000000E+00
 26.   21.   0.44723540E-03   0.11983636E-03  -0.18506582E-10   0.00000000E+00
 26.   22.   0.60395590E-04  -0.10460822E-03   0.20155542E-02   0.00000000E+00
 26.   23.  -0.32739904E-03  -0.32739904E-03   0.19784948E-10   0.00000000E+00
 26.   24.  -0.10460823E-03   0.60395581E-04  -0.20155542E-02   0.00000000E+00
 26.   25.   0.11983636E-03   0.44723540E-03  -0.26634957E-10   0.00000000E+00
 26.   26.   0.12079117E-03   0.00000000E+00   0.20155542E-02   0.00000000E+00
 26.   27.   0.35033007E-03   0.00000000E+00  -0.32534645E-03   0.00000000E+00
 26.   28.   0.12940506E-04  -0.48294626E-04  -0.22712251E-12   0.00000000E+00
 26.   29.  -0.30339474E-03  -0.17516504E-03   0.32534645E-03   0.00000000E+00
 26.   30.  -0.35354121E-04   0.35354119E-04   0.13280289E-11   0.00000000E+00
 26.   31.   0.17516504E-03   0.30339474E-03  -0.32534645E-03   0.00000000E+00
 26.   32.   0.48294627E-04  -0.12940505E-04  -0.15341042E-11   0.00000000E+00
 26.   33.  -0.59656798E-13  -0.35033007E-03   0.32534645E-03   0.00000000E+00
 26.   34.  -0.48294626E-04  -0.12940509E-04   0.29909597E-11   0.00000000E+00
 26.   35.  -0.17516504E-03   0.30339474E-03  -0.32534645E-03   0.00000000E+00
 26.   36.   0.35354118E-04   0.35354123E-04  -0.31935835E-11   0.00000000E+00
 26.   37.   0.30339474E-03  -0.17516504E-03   0.32534645E-03   0.00000000E+00
 26.   38.  -0.12940502E-04  -0.48294628E-04   0.43016151E-11   0.00000000E+00
 26.   39.  -0.35033007E-03   0.00000000E+00  -0.32534645E-03   0.00000000E+00
 26.   40.  -0.34406688E-03   0.00000000E+00  -0.48422320E-05   0.00000000E+00
 26.   41.   0.96068544E-05  -0.35853270E-04   0.22160903E-14   0.00000000E+00
 26.   42.   0.29797066E-03   0.17203344E-03   0.48422320E-05   0.00000000E+00
 26.   43.  -0.26246414E-04   0.26246416E-04   0.57572131E-14   0.00000000E+00
 26.   44.  -0.17203344E-03  -0.29797066E-03  -0.48422320E-05   0.00000000E+00
 26.   45.   0.35853269E-04  -0.96068562E-05  -0.18987416E-13   0.00000000E+00
 26.   46.   0.66798144E-12   0.34406688E-03   0.48422320E-05   0.00000000E+00
 26.   47.  -0.35853270E-04  -0.96068515E-05   0.48613681E-13   0.00000000E+00
 26.   48.   0.17203344E-03  -0.29797066E-03  -0.48422320E-05   0.00000000E+00
 26.   49.   0.26246417E-04   0.26246413E-04  -0.62087629E-13   0.00000000E+00
 26.   50.  -0.29797066E-03   0.17203344E-03   0.48422320E-05   0.00000000E+00
 26.   51.  -0.96068591E-05  -0.35853268E-04   0.69375320E-13   0.00000000E+00
 26.   52.   0.34406688E-03   0.00000000E+00  -0.48422320E-05   0.00000000E+00
 26.   53.   0.34406688E-03   0.00000000E+00  -0.48422320E-05   0.00000000E+00
 26.   54.  -0.96068544E-05   0.35853270E-04   0.22528073E-14   0.00000000E+00
 26.   55.  -0.29797066E-03  -0.17203344E-03   0.48422320E-05   0.00000000E+00
 26.   56.   0.26246414E-04  -0.26246416E-04   0.58347786E-14   0.00000000E+00
 26.   57.   0.17203344E-03   0.29797066E-03  -0.48422320E-05   0.00000000E+00
 26.   58.  -0.35853269E-04   0.96068562E-05  -0.18146167E-13   0.00000000E+00
 26.   59.  -0.67161714E-12  -0.34406688E-03   0.48422320E-05   0.00000000E+00
 26.   60.   0.35853270E-04   0.96068515E-05   0.48807056E-13   0.00000000E+00
 26.   61.  -0.17203344E-03   0.29797066E-03  -0.48422320E-05   0.00000000E+00
 26.   62.  -0.26246417E-04  -0.26246413E-04  -0.61601956E-13   0.00000000E+00
 26.   63.   0.29797066E-03  -0.17203344E-03   0.48422320E-05   0.00000000E+00
 26.   64.   0.96068591E-05   0.35853268E-04   0.68997516E-13   0.00000000E+00
 26.   65.  -0.34406688E-03   0.00000000E+00  -0.48422320E-05   0.00000000E+00
 27.    1.  -0.27406698E-01   0.00000000E+00   0.19314490E-02   0.00000000E+00
 27.    2.  -0.26472837E-01  -0.70933753E-02   0.19314490E-02   0.00000000E+00
 27.    3.  -0.23734896E-01  -0.13703349E-01   0.19314490E-02   0.00000000E+00
 27.    4.  -0.19379462E-01  -0.19379462E-01   0.19314490E-02   0.00000000E+00
 27.    5.  -0.13703349E-01  -0.23734896E-01   0.19314490E-02   0.00000000E+00
 27.    6.  -0.70933753E-02  -0.26472837E-01   0.19314490E-02   0.00000000E+00
 27.    7.  -0.21559044E-10  -0.27406698E-01   0.19314490E-02   0.00000000E+00
 27.    8.   0.70933753E-02  -0.26472837E-01   0.19314490E-02   0.00000000E+00
 27.    9.   0.13703349E-01  -0.23734896E-01   0.19314490E-02   0.00000000E+00
 27.   10.   0.19379462E-01  -0.19379462E-01   0.19314490E-02   0.00000000E+00
 27.   11.   0.23734896E-01  -0.13703349E-01   0.19314490E-02   0.00000000E+00
 27.   12.   0.26472837E-01  -0.70933754E-02   0.19314490E-02   0.00000000E+00
 27.   13.   0.27406698E-01   0.00000000E+00   0.19314490E-02   0.00000000E+00
 27.   14.  -0.49009907E-01   0.00000000E+00   0.15560465E-02   0.00000000E+00
 27.   15.  -0.47339934E-01  -0.12684697E-01   0.15560465E-02   0.00000000E+00
 27.   16.  -0.42443824E-01  -0.24504953E-01   0.15560465E-02   0.00000000E+00
 27.   17.  -0.34655237E-01  -0.34655237E-01   0.15560465E-02   0.00000000E+00
 27.   18.  -0.24504953E-01  -0.42443824E-01   0.15560465E-02   0.00000000E+00
 27.   19.  -0.12684697E-01  -0.47339934E-01   0.15560465E-02   0.00000000E+00
 27.   20.  -0.68168689E-10  -0.49009907E-01   0.15560465E-02   0.00000000E+00
 27.   21.   0.12684697E-01  -0.47339934E-01   0.15560465E-02   0.00000000E+00
 27.   22.   0.24504953E-01  -0.42443824E-01   0.15560465E-02   0.00000000E+00
 27.   23.   0.34655237E-01  -0.34655237E-01   0.15560465E-02   0.00000000E+00
 27.   24.   0.42443824E-01  -0.24504953E-01   0.15560465E-02   0.00000000E+00
 27.   25.   0.47339934E-01  -0.12684697E-01   0.15560465E-02   0.00000000E+00
 27.   26.   0.49009907E-01   0.00000000E+00   0.15560465E-02   0.00000000E+00
 27.   27.  -0.61395653E-01   0.00000000E+00   0.10138210E-02   0.00000000E+00
 27.   28.  -0.59303647E-01  -0.15890364E-01   0.10138210E-02   0.00000000E+00
 27.   29.  -0.53170195E-01  -0.30697827E-01   0.10138210E-02   0.00000000E+00
 27.   30.  -0.43413283E-01  -0.43413283E-01   0.10138210E-02   0.00000000E+00
 27.   31.  -0.30697827E-01  -0.53170195E-01   0.10138210E-02   0.00000000E+00
 27.   32.  -0.15890364E-01  -0.59303647E-01   0.10138210E-02   0.00000000E+00
 27.   33.  -0.96085321E-10  -0.61395653E-01   0.10138210E-02   0.00000000E+00
 27.   34.   0.15890364E-01  -0.59303647E-01   0.10138210E-02   0.00000000E+00
 27.   35.   0.30697826E-01  -0.53170195E-01   0.10138210E-02   0.00000000E+00
 27.   36.   0.43413283E-01  -0.43413283E-01   0.10138210E-02   0.00000000E+00
 27.   37.   0.53170195E-01  -0.30697827E-01   0.10138210E-02   0.00000000E+00
 27.   38.   0.59303647E-01  -0.15890364E-01   0.10138210E-02   0.00000000E+00
 27.   39.   0.61395653E-01   0.00000000E+00   0.10138210E-02   0.00000000E+00
 27.   40.  -0.62503981E-01   0.00000000E+00   0.41594473E-03   0.00000000E+00
 27.   41.  -0.60374210E-01  -0.16177221E-01   0.41594473E-03   0.00000000E+00
 27.   42.  -0.54130036E-01  -0.31251991E-01   0.41594473E-03   0.00000000E+00
 27.   43.  -0.44196989E-01  -0.44196989E-01   0.41594473E-03   0.00000000E+00
 27.   44.  -0.31251991E-01  -0.54130035E-01   0.41594473E-03   0.00000000E+00
 27.   45.  -0.16177221E-01  -0.60374210E-01   0.41594473E-03   0.00000000E+00
 27.   46.  -0.62042390E-10  -0.62503981E-01   0.41594473E-03   0.00000000E+00
 27.   47.   0.16177221E-01  -0.60374210E-01   0.41594473E-03   0.00000000E+00
 27.   48.   0.31251990E-01  -0.54130036E-01   0.41594473E-03   0.00000000E+00
 27.   49.   0.44196989E-01  -0.44196989E-01   0.41594473E-03   0.00000000E+00
 27.   50.   0.54130035E-01  -0.31251991E-01   0.41594473E-03   0.00000000E+00
 27.   51.   0.60374210E-01  -0.16177221E-01   0.41594473E-03   0.00000000E+00
 27.   52.   0.62503981E-01   0.00000000E+00   0.41594473E-03   0.00000000E+00
 27.   53.  -0.62503981E-01   0.00000000E+00  -0.41594473E-03   0.00000000E+00
 27.   54.  -0.60374210E-01  -0.16177221E-01  -0.41594473E-03   0.00000000E+00
 27.   55.  -0.54130036E-01  -0.31251991E-01  -0.41594473E-03   0.00000000E+00
 27.   56.  -0.44196989E-01  -0.44196989E-01  -0.41594473E-03   0.00000000E+00
 27.   57.  -0.31251991E-01  -0.54130035E-01  -0.41594473E-03   0.00000000E+00
 27.   58.  -0.16177221E-01  -0.60374210E-01  -0.41594473E-03   0.00000000E+00
 27.   59.  -0.61677062E-10  -0.62503981E-01  -0.41594473E-03   0.00000000E+00
 27.   60.   0.16177221E-01  -0.60374210E-01  -0.41594473E-03   0.00000000E+00
 27.   61.   0.31251990E-01  -0.54130036E-01  -0.41594473E-03   0.00000000E+00
 27.   62.   0.44196989E-01  -0.44196989E-01  -0.41594473E-03   0.00000000E+00
 27.   63.   0.54130035E-01  -0.31251991E-01  -0.41594473E-03   0.00000000E+00
 27.   64.   0.60374210E-01  -0.16177221E-01  -0.41594473E-03   0.00000000E+00
 27.   65.   0.62503981E-01   0.00000000E+00  -0.41594473E-03   0.00000000E+00
 28.    1.  -0.20697827E-03   0.00000000E+00   0.10975925E-02   0.00000000E+00
 28.    2.  -0.17422519E-03   0.25036595E-03   0.54879623E-03   0.00000000E+00
 28.    3.  -0.53839646E-04   0.30023127E-03  -0.54879622E-03   0.00000000E+00
 28.    4.   0.14635574E-03   0.14635574E-03  -0.10975925E-02   0.00000000E+00
 28.    5.   0.30023127E-03  -0.53839645E-04  -0.54879623E-03   0.00000000E+00
 28.    6.   0.25036595E-03  -0.17422519E-03   0.54879622E-03   0.00000000E+00
 28.    7.   0.13111844E-11  -0.20697827E-03   0.10975925E-02   0.00000000E+00
 28.    8.  -0.25036595E-03  -0.17422519E-03   0.54879623E-03   0.00000000E+00
 28.    9.  -0.30023127E-03  -0.53839647E-04  -0.54879622E-03   0.00000000E+00
 28.   10.  -0.14635574E-03   0.14635574E-03  -0.10975925E-02   0.00000000E+00
 28.   11.   0.53839645E-04   0.30023127E-03  -0.54879623E-03   0.00000000E+00
 28.   12.   0.17422519E-03   0.25036595E-03   0.54879622E-03   0.00000000E+00
 28.   13.   0.20697827E-03   0.00000000E+00   0.10975925E-02   0.00000000E+00
 28.   14.   0.35874501E-03   0.00000000E+00   0.50202874E-03   0.00000000E+00
 28.   15.   0.15611415E-03   0.11041618E-03   0.25101437E-03   0.00000000E+00
 28.   16.  -0.18846540E-03  -0.32313350E-04  -0.25101437E-03   0.00000000E+00
 28.   17.  -0.25367103E-03  -0.25367103E-03  -0.50202874E-03   0.00000000E+00
 28.   18.  -0.32313351E-04  -0.18846540E-03  -0.25101437E-03   0.00000000E+00
 28.   19.   0.11041618E-03   0.15611415E-03   0.25101437E-03   0.00000000E+00
 28.   20.   0.69487507E-12   0.35874501E-03   0.50202874E-03   0.00000000E+00
 28.   21.  -0.11041618E-03   0.15611416E-03   0.25101437E-03   0.00000000E+00
 28.   22.   0.32313349E-04  -0.18846540E-03  -0.25101437E-03   0.00000000E+00
 28.   23.   0.25367103E-03  -0.25367103E-03  -0.50202874E-03   0.00000000E+00
 28.   24.   0.18846541E-03  -0.32313352E-04  -0.25101437E-03   0.00000000E+00
 28.   25.  -0.15611415E-03   0.11041618E-03   0.25101436E-03   0.00000000E+00
 28.   26.  -0.35874501E-03   0.00000000E+00   0.50202874E-03   0.00000000E+00
 28.   27.  -0.30644284E-03   0.00000000E+00  -0.33033193E-03   0.00000000E+00
 28.   28.  -0.14045198E-03  -0.67828175E-04  -0.16516596E-03   0.00000000E+00
 28.   29.   0.14727631E-03   0.51352787E-04   0.16516596E-03   0.00000000E+00
 28.   30.   0.21668781E-03   0.21668781E-03   0.33033193E-03   0.00000000E+00
 28.   31.   0.51352787E-04   0.14727631E-03   0.16516597E-03   0.00000000E+00
 28.   32.  -0.67828174E-04  -0.14045198E-03  -0.16516596E-03   0.00000000E+00
 28.   33.  -0.50770677E-12  -0.30644284E-03  -0.33033193E-03   0.00000000E+00
 28.   34.   0.67828175E-04  -0.14045198E-03  -0.16516597E-03   0.00000000E+00
 28.   35.  -0.51352786E-04   0.14727631E-03   0.16516596E-03   0.00000000E+00
 28.   36.  -0.21668781E-03   0.21668781E-03   0.33033193E-03   0.00000000E+00
 28.   37.  -0.14727631E-03   0.51352788E-04   0.16516597E-03   0.00000000E+00
 28.   38.   0.14045198E-03  -0.67828174E-04  -0.16516596E-03   0.00000000E+00
 28.   39.   0.30644284E-03   0.00000000E+00  -0.33033193E-03   0.00000000E+00
 28.   40.   0.28314664E-03   0.00000000E+00   0.46641065E-05   0.00000000E+00
 28.   41.   0.13217196E-03   0.53724848E-04   0.23320533E-05   0.00000000E+00
 28.   42.  -0.13144889E-03  -0.55470483E-04  -0.23320532E-05   0.00000000E+00
 28.   43.  -0.20021491E-03  -0.20021491E-03  -0.46641064E-05   0.00000000E+00
 28.   44.  -0.55470483E-04  -0.13144889E-03  -0.23320532E-05   0.00000000E+00
 28.   45.   0.53724848E-04   0.13217196E-03   0.23320533E-05   0.00000000E+00
 28.   46.   0.48042549E-12   0.28314664E-03   0.46641065E-05   0.00000000E+00
 28.   47.  -0.53724848E-04   0.13217196E-03   0.23320533E-05   0.00000000E+00
 28.   48.   0.55470482E-04  -0.13144889E-03  -0.23320531E-05   0.00000000E+00
 28.   49.   0.20021491E-03  -0.20021491E-03  -0.46641063E-05   0.00000000E+00
 28.   50.   0.13144889E-03  -0.55470484E-04  -0.23320532E-05   0.00000000E+00
 28.   51.  -0.13217195E-03   0.53724847E-04   0.23320532E-05   0.00000000E+00
 28.   52.  -0.28314664E-03   0.00000000E+00   0.46641065E-05   0.00000000E+00
 28.   53.  -0.28314664E-03   0.00000000E+00   0.46641065E-05   0.00000000E+00
 28.   54.  -0.13217196E-03  -0.53724848E-04   0.23320533E-05   0.00000000E+00
 28.   55.   0.13144889E-03   0.55470483E-04  -0.23320531E-05   0.00000000E+00
 28.   56.   0.20021491E-03   0.20021491E-03  -0.46641064E-05   0.00000000E+00
 28.   57.   0.55470484E-04   0.13144889E-03  -0.23320532E-05   0.00000000E+00
 28.   58.  -0.53724847E-04  -0.13217196E-03   0.23320532E-05   0.00000000E+00
 28.   59.  -0.35908058E-12  -0.28314664E-03   0.46641064E-05   0.00000000E+00
 28.   60.   0.53724848E-04  -0.13217196E-03   0.23320533E-05   0.00000000E+00
 28.   61.  -0.55470482E-04   0.13144889E-03  -0.23320531E-05   0.00000000E+00
 28.   62.  -0.20021491E-03   0.20021491E-03  -0.46641064E-05   0.00000000E+00
 28.   63.  -0.13144889E-03   0.55470484E-04  -0.23320532E-05   0.00000000E+00
 28.   64.   0.13217195E-03  -0.53724847E-04   0.23320532E-05   0.00000000E+00
 28.   65.   0.28314664E-03   0.00000000E+00   0.46641064E-05   0.00000000E+00
 29.    1.   0.36915333E-06   0.00000000E+00  -0.53179343E-06   0.00000000E+00
 29.    2.  -0.25716367E-06  -0.27546087E-06   0.46054609E-06   0.00000000E+00
 29.    3.  -0.12938381E-07   0.39156311E-06  -0.26589737E-06   0.00000000E+00
 29.    4.   0.28215862E-06  -0.28215881E-06  -0.36084117E-12   0.00000000E+00
 29.    5.  -0.39156294E-06   0.12938064E-07   0.26589607E-06   0.00000000E+00
 29.    6.   0.27546121E-06   0.25716328E-06  -0.46054735E-06   0.00000000E+00
 29.    7.   0.27615114E-13  -0.36915328E-06   0.53179230E-06   0.00000000E+00
 29.    8.  -0.27546131E-06   0.25716388E-06  -0.46054676E-06   0.00000000E+00
 29.    9.   0.39156248E-06   0.12938501E-07   0.26589707E-06   0.00000000E+00
 29.   10.  -0.28215935E-06  -0.28215849E-06  -0.30293558E-12   0.00000000E+00
 29.   11.   0.12937884E-07   0.39156324E-06  -0.26589718E-06   0.00000000E+00
 29.   12.   0.25716365E-06  -0.27546113E-06   0.46054603E-06   0.00000000E+00
 29.   13.  -0.36915347E-06   0.00000000E+00  -0.53179370E-06   0.00000000E+00
 29.   14.   0.53013049E-04   0.00000000E+00  -0.19006790E-03   0.00000000E+00
 29.   15.  -0.34971555E-04  -0.46869496E-04   0.16460363E-03   0.00000000E+00
 29.   16.  -0.84131138E-05   0.67584989E-04  -0.95033948E-04   0.00000000E+00
 29.   17.   0.51224445E-04  -0.51224444E-04  -0.19638469E-11   0.00000000E+00
 29.   18.  -0.67584989E-04   0.84131135E-05   0.95033949E-04   0.00000000E+00
 29.   19.   0.46869496E-04   0.34971556E-04  -0.16460363E-03   0.00000000E+00
 29.   20.   0.14810584E-11  -0.53013049E-04   0.19006790E-03   0.00000000E+00
 29.   21.  -0.46869495E-04   0.34971555E-04  -0.16460363E-03   0.00000000E+00
 29.   22.   0.67584990E-04   0.84131156E-05   0.95033946E-04   0.00000000E+00
 29.   23.  -0.51224443E-04  -0.51224444E-04   0.32812190E-11   0.00000000E+00
 29.   24.   0.84131131E-05   0.67584989E-04  -0.95033952E-04   0.00000000E+00
 29.   25.   0.34971557E-04  -0.46869494E-04   0.16460363E-03   0.00000000E+00
 29.   26.  -0.53013049E-04   0.00000000E+00  -0.19006790E-03   0.00000000E+00
 29.   27.   0.10979069E-03   0.00000000E+00  -0.17045534E-02   0.00000000E+00
 29.   28.  -0.35555918E-04  -0.23467032E-03   0.14761865E-02   0.00000000E+00
 29.   29.  -0.14079514E-03   0.35365503E-03  -0.85227669E-03   0.00000000E+00
 29.   30.   0.30755125E-03  -0.30755124E-03  -0.11299002E-10   0.00000000E+00
 29.   31.  -0.35365503E-03   0.14079514E-03   0.85227671E-03   0.00000000E+00
 29.   32.   0.23467031E-03   0.35555919E-04  -0.14761865E-02   0.00000000E+00
 29.   33.   0.49049512E-11  -0.10979069E-03   0.17045534E-02   0.00000000E+00
 29.   34.  -0.23467032E-03   0.35555916E-04  -0.14761865E-02   0.00000000E+00
 29.   35.   0.35365503E-03   0.14079514E-03   0.85227667E-03   0.00000000E+00
 29.   36.  -0.30755124E-03  -0.30755124E-03   0.28098757E-10   0.00000000E+00
 29.   37.   0.14079514E-03   0.35365503E-03  -0.85227673E-03   0.00000000E+00
 29.   38.   0.35555920E-04  -0.23467031E-03   0.14761866E-02   0.00000000E+00
 29.   39.  -0.10979069E-03   0.00000000E+00  -0.17045534E-02   0.00000000E+00
 29.   40.  -0.33587148E-03   0.00000000E+00  -0.51401060E-05   0.00000000E+00
 29.   41.   0.28871545E-03   0.46347130E-04   0.44514617E-05   0.00000000E+00
 29.   42.  -0.17138028E-03  -0.39032119E-04  -0.25700532E-05   0.00000000E+00
 29.   43.   0.42365831E-04  -0.42365833E-04  -0.44383439E-12   0.00000000E+00
 29.   44.   0.39032118E-04   0.17138029E-03   0.25700526E-05   0.00000000E+00
 29.   45.  -0.46347132E-04  -0.28871545E-03  -0.44514626E-05   0.00000000E+00
 29.   46.   0.69589978E-12   0.33587148E-03   0.51401052E-05   0.00000000E+00
 29.   47.   0.46347128E-04  -0.28871545E-03  -0.44514625E-05   0.00000000E+00
 29.   48.  -0.39032115E-04   0.17138028E-03   0.25700524E-05   0.00000000E+00
 29.   49.  -0.42365836E-04  -0.42365828E-04  -0.45949876E-12   0.00000000E+00
 29.   50.   0.17138029E-03  -0.39032123E-04  -0.25700533E-05   0.00000000E+00
 29.   51.  -0.28871545E-03   0.46347132E-04   0.44514618E-05   0.00000000E+00
 29.   52.   0.33587148E-03   0.00000000E+00  -0.51401062E-05   0.00000000E+00
 29.   53.   0.33587148E-03   0.00000000E+00  -0.51401062E-05   0.00000000E+00
 29.   54.  -0.28871545E-03  -0.46347130E-04   0.44514618E-05   0.00000000E+00
 29.   55.   0.17138028E-03   0.39032117E-04  -0.25700534E-05   0.00000000E+00
 29.   56.  -0.42365831E-04   0.42365833E-04  -0.40744166E-12   0.00000000E+00
 29.   57.  -0.39032122E-04  -0.17138028E-03   0.25700524E-05   0.00000000E+00
 29.   58.   0.46347130E-04   0.28871545E-03  -0.44514624E-05   0.00000000E+00
 29.   59.  -0.16077367E-11  -0.33587148E-03   0.51401054E-05   0.00000000E+00
 29.   60.  -0.46347129E-04   0.28871545E-03  -0.44514624E-05   0.00000000E+00
 29.   61.   0.39032116E-04  -0.17138028E-03   0.25700524E-05   0.00000000E+00
 29.   62.   0.42365837E-04   0.42365828E-04  -0.34298091E-12   0.00000000E+00
 29.   63.  -0.17138029E-03   0.39032121E-04  -0.25700535E-05   0.00000000E+00
 29.   64.   0.28871546E-03  -0.46347134E-04   0.44514617E-05   0.00000000E+00
 29.   65.  -0.33587148E-03   0.00000000E+00  -0.51401061E-05   0.00000000E+00
 30.    1.   0.25392532E-01   0.00000000E+00  -0.20151271E-04   0.00000000E+00
 30.    2.   0.21670826E-01  -0.12356401E-01  -0.12994212E-04   0.00000000E+00
 30.    3.   0.11729543E-01  -0.21791174E-01   0.41904654E-05   0.00000000E+00
 30.    4.  -0.13142488E-02  -0.25775874E-01   0.21072267E-04   0.00000000E+00
 30.    5.  -0.13738649E-01  -0.22853486E-01   0.27366733E-04   0.00000000E+00
 30.    6.  -0.22441108E-01  -0.13418663E-01   0.18885476E-04   0.00000000E+00
 30.    7.  -0.25543384E-01  -0.33672979E-10   0.79521651E-10   0.00000000E+00
 30.    8.  -0.22441108E-01   0.13418663E-01  -0.18885380E-04   0.00000000E+00
 30.    9.  -0.13738649E-01   0.22853486E-01  -0.27366727E-04   0.00000000E+00
 30.   10.  -0.13142489E-02   0.25775874E-01  -0.21072209E-04   0.00000000E+00
 30.   11.   0.11729543E-01   0.21791174E-01  -0.41903471E-05   0.00000000E+00
 30.   12.   0.21670826E-01   0.12356401E-01   0.12994288E-04   0.00000000E+00
 30.   13.   0.25392533E-01   0.00000000E+00   0.20151316E-04   0.00000000E+00
 30.   14.   0.85914068E-01   0.00000000E+00  -0.16719631E-03   0.00000000E+00
 30.   15.   0.71293594E-01  -0.32015515E-01  -0.11586771E-03   0.00000000E+00
 30.   16.   0.34442521E-01  -0.60787356E-01   0.77466640E-05   0.00000000E+00
 30.   17.  -0.85798471E-02  -0.78593747E-01   0.13044514E-03   0.00000000E+00
 30.   18.  -0.43151870E-01  -0.75320646E-01   0.17945935E-03   0.00000000E+00
 30.   19.  -0.63097219E-01  -0.46539476E-01   0.12560704E-03   0.00000000E+00
 30.   20.  -0.69261317E-01  -0.21264100E-09   0.10973529E-09   0.00000000E+00
 30.   21.  -0.63097220E-01   0.46539475E-01  -0.12560699E-03   0.00000000E+00
 30.   22.  -0.43151871E-01   0.75320646E-01  -0.17945924E-03   0.00000000E+00
 30.   23.  -0.85798474E-02   0.78593748E-01  -0.13044510E-03   0.00000000E+00
 30.   24.   0.34442521E-01   0.60787356E-01  -0.77467346E-05   0.00000000E+00
 30.   25.   0.71293594E-01   0.32015515E-01   0.11586762E-03   0.00000000E+00
 30.   26.   0.85914069E-01   0.00000000E+00   0.16719628E-03   0.00000000E+00
 30.   27.   0.14226370E+00   0.00000000E+00  -0.52297380E-03   0.00000000E+00
 30.   28.   0.11063499E+00  -0.24673416E-01  -0.36642816E-03   0.00000000E+00
 30.   29.   0.36859561E-01  -0.64591299E-01   0.10850665E-04   0.00000000E+00
 30.   30.  -0.34039243E-01  -0.10901424E+00   0.38599505E-03   0.00000000E+00
 30.   31.  -0.70479084E-01  -0.12412602E+00   0.53656535E-03   0.00000000E+00
 30.   32.  -0.75355185E-01  -0.84076829E-01   0.37276975E-03   0.00000000E+00
 30.   33.  -0.72500251E-01  -0.41297961E-09   0.15444317E-09   0.00000000E+00
 30.   34.  -0.75355185E-01   0.84076828E-01  -0.37276978E-03   0.00000000E+00
 30.   35.  -0.70479084E-01   0.12412602E+00  -0.53656527E-03   0.00000000E+00
 30.   36.  -0.34039243E-01   0.10901424E+00  -0.38599511E-03   0.00000000E+00
 30.   37.   0.36859560E-01   0.64591300E-01  -0.10850687E-04   0.00000000E+00
 30.   38.   0.11063499E+00   0.24673416E-01   0.36642815E-03   0.00000000E+00
 30.   39.   0.14226370E+00   0.00000000E+00   0.52297372E-03   0.00000000E+00
 30.   40.   0.15746902E+00   0.00000000E+00  -0.11224159E-02   0.00000000E+00
 30.   41.   0.10685647E+00   0.31178258E-01  -0.78947588E-03   0.00000000E+00
 30.   42.  -0.17661642E-02   0.26588647E-02   0.13407917E-04   0.00000000E+00
 30.   43.  -0.80022849E-01  -0.77864083E-01   0.81324299E-03   0.00000000E+00
 30.   44.  -0.77432599E-01  -0.13739933E+00   0.11368921E-02   0.00000000E+00
 30.   45.  -0.24653478E-01  -0.10866294E+00   0.78520915E-03   0.00000000E+00
 30.   46.   0.34905733E-02  -0.70546279E-09   0.43867835E-10   0.00000000E+00
 30.   47.  -0.24653477E-01   0.10866294E+00  -0.78520907E-03   0.00000000E+00
 30.   48.  -0.77432599E-01   0.13739933E+00  -0.11368921E-02   0.00000000E+00
 30.   49.  -0.80022849E-01   0.77864084E-01  -0.81324292E-03   0.00000000E+00
 30.   50.  -0.17661650E-02  -0.26588640E-02  -0.13407859E-04   0.00000000E+00
 30.   51.   0.10685647E+00  -0.31178258E-01   0.78947594E-03   0.00000000E+00
 30.   52.   0.15746902E+00   0.00000000E+00   0.11224159E-02   0.00000000E+00
 30.   53.   0.15746902E+00   0.00000000E+00   0.11224159E-02   0.00000000E+00
 30.   54.   0.10685647E+00   0.31178258E-01   0.78947594E-03   0.00000000E+00
 30.   55.  -0.17661641E-02   0.26588647E-02  -0.13407840E-04   0.00000000E+00
 30.   56.  -0.80022849E-01  -0.77864083E-01  -0.81324293E-03   0.00000000E+00
 30.   57.  -0.77432599E-01  -0.13739933E+00  -0.11368921E-02   0.00000000E+00
 30.   58.  -0.24653478E-01  -0.10866294E+00  -0.78520908E-03   0.00000000E+00
 30.   59.   0.34905733E-02  -0.54821022E-09   0.15096491E-10   0.00000000E+00
 30.   60.  -0.24653477E-01   0.10866294E+00   0.78520914E-03   0.00000000E+00
 30.   61.  -0.77432599E-01   0.13739933E+00   0.11368921E-02   0.00000000E+00
 30.   62.  -0.80022849E-01   0.77864084E-01   0.81324300E-03   0.00000000E+00
 30.   63.  -0.17661651E-02  -0.26588640E-02   0.13407939E-04   0.00000000E+00
 30.   64.   0.10685647E+00  -0.31178258E-01  -0.78947587E-03   0.00000000E+00
 30.   65.   0.15746902E+00   0.00000000E+00  -0.11224159E-02   0.00000000E+00
