mode k UX UY UZ VOLT
  1.    1.  -0.97769942E-02   0.00000000E+00   0.44209109E+00   0.00000000E+00
  1.    2.  -0.97769942E-02  -0.54723532E-12   0.43828903E+00   0.00000000E+00
  1.    3.  -0.97769942E-02  -0.10293426E-11   0.42714196E+00   0.00000000E+00
  1.    4.  -0.97769942E-02  -0.13849558E-11   0.40940954E+00   0.00000000E+00
  1.    5.  -0.97769942E-02  -0.16108621E-11   0.38630020E+00   0.00000000E+00
  1.    6.  -0.97769942E-02  -0.17145801E-11   0.35938879E+00   0.00000000E+00
  1.    7.  -0.97769942E-02  -0.17151094E-11   0.33050930E+00   0.00000000E+00
  1.    8.  -0.97769942E-02  -0.16057348E-11   0.30162981E+00   0.00000000E+00
  1.    9.  -0.97769942E-02  -0.14062924E-11   0.27471841E+00   0.00000000E+00
  1.   10.  -0.97769942E-02  -0.11210840E-11   0.25160907E+00   0.00000000E+00
  1.   11.  -0.97769942E-02  -0.77674503E-12   0.23387665E+00   0.00000000E+00
  1.   12.  -0.97769942E-02  -0.39539050E-12   0.22272958E+00   0.00000000E+00
  1.   13.  -0.97769942E-02   0.00000000E+00   0.21892752E+00   0.00000000E+00
  1.   14.  -0.97769942E-02   0.00000000E+00   0.58156832E+00   0.00000000E+00
  1.   15.  -0.97769942E-02  -0.59423566E-12   0.57301369E+00   0.00000000E+00
  1.   16.  -0.97769942E-02  -0.10191493E-11   0.54793279E+00   0.00000000E+00
  1.   17.  -0.97769942E-02  -0.12330718E-11   0.50803483E+00   0.00000000E+00
  1.   18.  -0.97769942E-02  -0.13386456E-11   0.45603881E+00   0.00000000E+00
  1.   19.  -0.97769942E-02  -0.13791250E-11   0.39548816E+00   0.00000000E+00
  1.   20.  -0.97769942E-02  -0.13803241E-11   0.33050930E+00   0.00000000E+00
  1.   21.  -0.97769942E-02  -0.13143102E-11   0.26553045E+00   0.00000000E+00
  1.   22.  -0.97769942E-02  -0.11532028E-11   0.20497980E+00   0.00000000E+00
  1.   23.  -0.97769942E-02  -0.91943606E-12   0.15298378E+00   0.00000000E+00
  1.   24.  -0.97769942E-02  -0.63713862E-12   0.11308582E+00   0.00000000E+00
  1.   25.  -0.97769942E-02  -0.32279973E-12   0.88004922E-01   0.00000000E+00
  1.   26.  -0.97769942E-02   0.00000000E+00   0.79450293E-01   0.00000000E+00
  1.   27.  -0.97769942E-02   0.00000000E+00   0.72104554E+00   0.00000000E+00
  1.   28.  -0.97769942E-02  -0.70916917E-12   0.70773834E+00   0.00000000E+00
  1.   29.  -0.97769942E-02  -0.99052437E-12   0.66872361E+00   0.00000000E+00
  1.   30.  -0.97769942E-02  -0.81856842E-12   0.60666013E+00   0.00000000E+00
  1.   31.  -0.97769942E-02  -0.71542696E-12   0.52577742E+00   0.00000000E+00
  1.   32.  -0.97769942E-02  -0.73232371E-12   0.43158752E+00   0.00000000E+00
  1.   33.  -0.97769942E-02  -0.81342780E-12   0.33050930E+00   0.00000000E+00
  1.   34.  -0.97769942E-02  -0.84303975E-12   0.22943109E+00   0.00000000E+00
  1.   35.  -0.97769942E-02  -0.79332408E-12   0.13524119E+00   0.00000000E+00
  1.   36.  -0.97769942E-02  -0.66422717E-12   0.54358482E-01   0.00000000E+00
  1.   37.  -0.97769942E-02  -0.48434348E-12  -0.77049994E-02   0.00000000E+00
  1.   38.  -0.97769942E-02  -0.26607660E-12  -0.46719735E-01   0.00000000E+00
  1.   39.  -0.97769942E-02   0.00000000E+00  -0.60026935E-01   0.00000000E+00
  1.   40.  -0.97769942E-02   0.00000000E+00   0.86052277E+00   0.00000000E+00
  1.   41.  -0.97769942E-02  -0.92331568E-12   0.84246300E+00   0.00000000E+00
  1.   42.  -0.97769942E-02  -0.99086580E-12   0.78951443E+00   0.00000000E+00
  1.   43.  -0.97769942E-02  -0.48213415E-12   0.70528542E+00   0.00000000E+00
  1.   44.  -0.97769942E-02  -0.26232120E-12   0.59551604E+00   0.00000000E+00
  1.   45.  -0.97769942E-02  -0.32533217E-12   0.46768688E+00   0.00000000E+00
  1.   46.  -0.97769942E-02  -0.47994473E-12   0.33050930E+00   0.00000000E+00
  1.   47.  -0.97769942E-02  -0.54217966E-12   0.19333173E+00   0.00000000E+00
  1.   48.  -0.97769942E-02  -0.47639047E-12   0.65502571E-01   0.00000000E+00
  1.   49.  -0.97769942E-02  -0.36097635E-12  -0.44266812E-01   0.00000000E+00
  1.   50.  -0.97769942E-02  -0.27843109E-12  -0.12849582E+00   0.00000000E+00
  1.   51.  -0.97769942E-02  -0.18617243E-12  -0.18144439E+00   0.00000000E+00
  1.   52.  -0.97769942E-02   0.00000000E+00  -0.19950416E+00   0.00000000E+00
  1.   53.  -0.97769942E-02   0.00000000E+00   0.10000000E+01   0.00000000E+00
  1.   54.  -0.97769942E-02  -0.11627348E-11   0.97718766E+00   0.00000000E+00
  1.   55.  -0.97769942E-02  -0.79202281E-12   0.91030525E+00   0.00000000E+00
  1.   56.  -0.97769942E-02  -0.79764303E-13   0.80391072E+00   0.00000000E+00
  1.   57.  -0.97769942E-02   0.22195225E-14   0.66525465E+00   0.00000000E+00
  1.   58.  -0.97769942E-02   0.17724586E-14   0.50378625E+00   0.00000000E+00
  1.   59.  -0.97769942E-02  -0.22142703E-12   0.33050931E+00   0.00000000E+00
  1.   60.  -0.97769942E-02  -0.28573574E-12   0.15723236E+00   0.00000000E+00
  1.   61.  -0.97769942E-02  -0.21743532E-12  -0.42360426E-02   0.00000000E+00
  1.   62.  -0.97769942E-02  -0.96986278E-13  -0.14289211E+00   0.00000000E+00
  1.   63.  -0.97769942E-02  -0.99079682E-13  -0.24928664E+00   0.00000000E+00
  1.   64.  -0.97769942E-02  -0.15109520E-12  -0.31616905E+00   0.00000000E+00
  1.   65.  -0.97769942E-02   0.00000000E+00  -0.33898139E+00   0.00000000E+00
  1.   66.   0.21465905E-01   0.00000000E+00   0.10000000E+01   0.00000000E+00
  1.   67.   0.21465905E-01   0.11713755E-11   0.97718766E+00   0.00000000E+00
  1.   68.   0.21465905E-01   0.78818141E-12   0.91030525E+00   0.00000000E+00
  1.   69.   0.21465905E-01   0.75481895E-13   0.80391072E+00   0.00000000E+00
  1.   70.   0.21465905E-01  -0.18891419E-13   0.66525465E+00   0.00000000E+00
  1.   71.   0.21465905E-01  -0.77527999E-14   0.50378625E+00   0.00000000E+00
  1.   72.   0.21465905E-01   0.21704033E-12   0.33050931E+00   0.00000000E+00
  1.   73.   0.21465905E-01   0.28370297E-12   0.15723236E+00   0.00000000E+00
  1.   74.   0.21465905E-01   0.21647347E-12  -0.42360426E-02   0.00000000E+00
  1.   75.   0.21465905E-01   0.99831906E-13  -0.14289211E+00   0.00000000E+00
  1.   76.   0.21465905E-01   0.10096605E-12  -0.24928664E+00   0.00000000E+00
  1.   77.   0.21465905E-01   0.15647773E-12  -0.31616905E+00   0.00000000E+00
  1.   78.   0.21465905E-01   0.00000000E+00  -0.33898139E+00   0.00000000E+00
  2.    1.   0.10836012E-01   0.00000000E+00   0.23294011E+00   0.00000000E+00
  2.    2.   0.10836012E-01  -0.47840085E-12   0.23667396E+00   0.00000000E+00
  2.    3.   0.10836012E-01  -0.93392234E-12   0.24762105E+00   0.00000000E+00
  2.    4.   0.10836012E-01  -0.13340128E-11   0.26503535E+00   0.00000000E+00
  2.    5.   0.10836012E-01  -0.16622829E-11   0.28773010E+00   0.00000000E+00
  2.    6.   0.10836012E-01  -0.19004168E-11   0.31415871E+00   0.00000000E+00
  2.    7.   0.10836012E-01  -0.20310269E-11   0.34252010E+00   0.00000000E+00
  2.    8.   0.10836012E-01  -0.20159203E-11   0.37088148E+00   0.00000000E+00
  2.    9.   0.10836012E-01  -0.18527934E-11   0.39731009E+00   0.00000000E+00
  2.   10.   0.10836012E-01  -0.15330679E-11   0.42000485E+00   0.00000000E+00
  2.   11.   0.10836012E-01  -0.10895896E-11   0.43741915E+00   0.00000000E+00
  2.   12.   0.10836012E-01  -0.56230262E-12   0.44836623E+00   0.00000000E+00
  2.   13.   0.10836012E-01   0.00000000E+00   0.45210008E+00   0.00000000E+00
  2.   14.   0.10836012E-01   0.00000000E+00   0.95965132E-01   0.00000000E+00
  2.   15.   0.10836012E-01  -0.67845896E-12   0.10436629E+00   0.00000000E+00
  2.   16.   0.10836012E-01  -0.12956677E-11   0.12899723E+00   0.00000000E+00
  2.   17.   0.10836012E-01  -0.18043258E-11   0.16817941E+00   0.00000000E+00
  2.   18.   0.10836012E-01  -0.21899280E-11   0.21924261E+00   0.00000000E+00
  2.   19.   0.10836012E-01  -0.24497557E-11   0.27870698E+00   0.00000000E+00
  2.   20.   0.10836012E-01  -0.25984321E-11   0.34252010E+00   0.00000000E+00
  2.   21.   0.10836012E-01  -0.26106390E-11   0.40633322E+00   0.00000000E+00
  2.   22.   0.10836012E-01  -0.24296001E-11   0.46579758E+00   0.00000000E+00
  2.   23.   0.10836012E-01  -0.20487351E-11   0.51686078E+00   0.00000000E+00
  2.   24.   0.10836012E-01  -0.14931251E-11   0.55604296E+00   0.00000000E+00
  2.   25.   0.10836012E-01  -0.78185709E-12   0.58067390E+00   0.00000000E+00
  2.   26.   0.10836012E-01   0.00000000E+00   0.58907506E+00   0.00000000E+00
  2.   27.   0.10836012E-01   0.00000000E+00  -0.41009848E-01   0.00000000E+00
  2.   28.   0.10836012E-01  -0.76170742E-12  -0.27941382E-01   0.00000000E+00
  2.   29.   0.10836012E-01  -0.14687697E-11   0.10373421E-01   0.00000000E+00
  2.   30.   0.10836012E-01  -0.20480372E-11   0.71323472E-01   0.00000000E+00
  2.   31.   0.10836012E-01  -0.24629911E-11   0.15075512E+00   0.00000000E+00
  2.   32.   0.10836012E-01  -0.27356798E-11   0.24325524E+00   0.00000000E+00
  2.   33.   0.10836012E-01  -0.28915033E-11   0.34252010E+00   0.00000000E+00
  2.   34.   0.10836012E-01  -0.29018960E-11   0.44178495E+00   0.00000000E+00
  2.   35.   0.10836012E-01  -0.27095092E-11   0.53428507E+00   0.00000000E+00
  2.   36.   0.10836012E-01  -0.22490408E-11   0.61371672E+00   0.00000000E+00
  2.   37.   0.10836012E-01  -0.15348413E-11   0.67466677E+00   0.00000000E+00
  2.   38.   0.10836012E-01  -0.75034520E-12   0.71298157E+00   0.00000000E+00
  2.   39.   0.10836012E-01   0.00000000E+00   0.72605004E+00   0.00000000E+00
  2.   40.   0.10836012E-01   0.00000000E+00  -0.17798483E+00   0.00000000E+00
  2.   41.   0.10836012E-01  -0.78463025E-12  -0.16024905E+00   0.00000000E+00
  2.   42.   0.10836012E-01  -0.16045488E-11  -0.10825039E+00   0.00000000E+00
  2.   43.   0.10836012E-01  -0.22834104E-11  -0.25532466E-01   0.00000000E+00
  2.   44.   0.10836012E-01  -0.27279240E-11   0.82267634E-01   0.00000000E+00
  2.   45.   0.10836012E-01  -0.30269295E-11   0.20780351E+00   0.00000000E+00
  2.   46.   0.10836012E-01  -0.32699254E-11   0.34252010E+00   0.00000000E+00
  2.   47.   0.10836012E-01  -0.33940849E-11   0.47723668E+00   0.00000000E+00
  2.   48.   0.10836012E-01  -0.32364449E-11   0.60277256E+00   0.00000000E+00
  2.   49.   0.10836012E-01  -0.27313453E-11   0.71057266E+00   0.00000000E+00
  2.   50.   0.10836012E-01  -0.17820615E-11   0.79329058E+00   0.00000000E+00
  2.   51.   0.10836012E-01  -0.71689811E-12   0.84528924E+00   0.00000000E+00
  2.   52.   0.10836012E-01   0.00000000E+00   0.86302502E+00   0.00000000E+00
  2.   53.   0.10836012E-01   0.00000000E+00  -0.31495981E+00   0.00000000E+00
  2.   54.   0.10836012E-01  -0.80042439E-12  -0.29255672E+00   0.00000000E+00
  2.   55.   0.10836012E-01  -0.17734232E-11  -0.22687420E+00   0.00000000E+00
  2.   56.   0.10836012E-01  -0.25124199E-11  -0.12238840E+00   0.00000000E+00
  2.   57.   0.10836012E-01  -0.29580899E-11   0.13780144E-01   0.00000000E+00
  2.   58.   0.10836012E-01  -0.32486782E-11   0.17235177E+00   0.00000000E+00
  2.   59.   0.10836012E-01  -0.35606385E-11   0.34252010E+00   0.00000000E+00
  2.   60.   0.10836012E-01  -0.37626000E-11   0.51268842E+00   0.00000000E+00
  2.   61.   0.10836012E-01  -0.37570533E-11   0.67126005E+00   0.00000000E+00
  2.   62.   0.10836012E-01  -0.32331956E-11   0.80742859E+00   0.00000000E+00
  2.   63.   0.10836012E-01  -0.20255594E-11   0.91191439E+00   0.00000000E+00
  2.   64.   0.10836012E-01  -0.60703230E-12   0.97759692E+00   0.00000000E+00
  2.   65.   0.10836012E-01   0.00000000E+00   0.10000000E+01   0.00000000E+00
  2.   66.  -0.19846383E-01   0.00000000E+00  -0.31495981E+00   0.00000000E+00
  2.   67.  -0.19846383E-01   0.79815801E-12  -0.29255672E+00   0.00000000E+00
  2.   68.  -0.19846383E-01   0.17755450E-11  -0.22687420E+00   0.00000000E+00
  2.   69.  -0.19846383E-01   0.25128926E-11  -0.12238840E+00   0.00000000E+00
  2.   70.  -0.19846383E-01   0.29569961E-11   0.13780144E-01   0.00000000E+00
  2.   71.  -0.19846383E-01   0.32480062E-11   0.17235177E+00   0.00000000E+00
  2.   72.  -0.19846383E-01   0.35572635E-11   0.34252010E+00   0.00000000E+00
  2.   73.  -0.19846383E-01   0.37548935E-11   0.51268842E+00   0.00000000E+00
  2.   74.  -0.19846383E-01   0.37624444E-11   0.67126005E+00   0.00000000E+00
  2.   75.  -0.19846383E-01   0.32179450E-11   0.80742859E+00   0.00000000E+00
  2.   76.  -0.19846383E-01   0.20221312E-11   0.91191439E+00   0.00000000E+00
  2.   77.  -0.19846383E-01   0.59280923E-12   0.97759692E+00   0.00000000E+00
  2.   78.  -0.19846383E-01   0.00000000E+00   0.10000000E+01   0.00000000E+00
  3.    1.   0.10000000E+01   0.00000000E+00  -0.69119603E-02   0.00000000E+00
  3.    2.   0.10000000E+01   0.54099435E-13  -0.67394480E-02   0.00000000E+00
  3.    3.   0.10000000E+01   0.89879871E-13  -0.62336676E-02   0.00000000E+00
  3.    4.   0.10000000E+01   0.10932344E-12  -0.54290871E-02   0.00000000E+00
  3.    5.   0.10000000E+01   0.12106033E-12  -0.43805373E-02   0.00000000E+00
  3.    6.   0.10000000E+01   0.12517849E-12  -0.31594753E-02   0.00000000E+00
  3.    7.   0.10000000E+01   0.11369145E-12  -0.18491143E-02   0.00000000E+00
  3.    8.   0.10000000E+01   0.80739255E-13  -0.53875336E-03   0.00000000E+00
  3.    9.   0.10000000E+01   0.61898979E-13   0.68230867E-03   0.00000000E+00
  3.   10.   0.10000000E+01   0.23232267E-13   0.17308584E-02   0.00000000E+00
  3.   11.   0.10000000E+01   0.12832682E-13   0.25354389E-02   0.00000000E+00
  3.   12.   0.10000000E+01   0.60515840E-14   0.30412194E-02   0.00000000E+00
  3.   13.   0.10000000E+01   0.00000000E+00   0.32137317E-02   0.00000000E+00
  3.   14.   0.10000000E+01   0.00000000E+00  -0.13240518E-01   0.00000000E+00
  3.   15.   0.10000000E+01   0.32676061E-13  -0.12852365E-01   0.00000000E+00
  3.   16.   0.10000000E+01   0.66136347E-13  -0.11714359E-01   0.00000000E+00
  3.   17.   0.10000000E+01   0.92700597E-13  -0.99040530E-02   0.00000000E+00
  3.   18.   0.10000000E+01   0.99575624E-13  -0.75448161E-02   0.00000000E+00
  3.   19.   0.10000000E+01   0.79857986E-13  -0.47974265E-02   0.00000000E+00
  3.   20.   0.10000000E+01   0.49800719E-13  -0.18491143E-02   0.00000000E+00
  3.   21.   0.10000000E+01   0.28100239E-13   0.10991978E-02   0.00000000E+00
  3.   22.   0.10000000E+01   0.22475533E-13   0.38465874E-02   0.00000000E+00
  3.   23.   0.10000000E+01   0.18308284E-13   0.62058243E-02   0.00000000E+00
  3.   24.   0.10000000E+01   0.10689885E-13   0.80161305E-02   0.00000000E+00
  3.   25.   0.10000000E+01   0.37900897E-14   0.91541365E-02   0.00000000E+00
  3.   26.   0.10000000E+01   0.00000000E+00   0.95422892E-02   0.00000000E+00
  3.   27.   0.10000000E+01   0.00000000E+00  -0.19569075E-01   0.00000000E+00
  3.   28.   0.10000000E+01   0.37250593E-14  -0.18965282E-01   0.00000000E+00
  3.   29.   0.10000000E+01   0.24890124E-13  -0.17195051E-01   0.00000000E+00
  3.   30.   0.10000000E+01   0.55464175E-13  -0.14379019E-01   0.00000000E+00
  3.   31.   0.10000000E+01   0.47092669E-13  -0.10709095E-01   0.00000000E+00
  3.   32.   0.10000000E+01   0.24640010E-13  -0.64353777E-02   0.00000000E+00
  3.   33.   0.10000000E+01   0.15921882E-13  -0.18491143E-02   0.00000000E+00
  3.   34.   0.10000000E+01  -0.11574625E-13   0.27371490E-02   0.00000000E+00
  3.   35.   0.10000000E+01  -0.29465182E-13   0.70108662E-02   0.00000000E+00
  3.   36.   0.10000000E+01  -0.17287880E-13   0.10680790E-01   0.00000000E+00
  3.   37.   0.10000000E+01   0.13365582E-14   0.13496822E-01   0.00000000E+00
  3.   38.   0.10000000E+01  -0.57253424E-14   0.15267054E-01   0.00000000E+00
  3.   39.   0.10000000E+01   0.00000000E+00   0.15870847E-01   0.00000000E+00
  3.   40.   0.10000000E+01   0.00000000E+00  -0.25897633E-01   0.00000000E+00
  3.   41.   0.10000000E+01  -0.51870415E-13  -0.25078199E-01   0.00000000E+00
  3.   42.   0.10000000E+01  -0.30474605E-13  -0.22675742E-01   0.00000000E+00
  3.   43.   0.10000000E+01  -0.32616693E-14  -0.18853985E-01   0.00000000E+00
  3.   44.   0.10000000E+01  -0.11094416E-13  -0.13873374E-01   0.00000000E+00
  3.   45.   0.10000000E+01  -0.13325474E-13  -0.80733289E-02   0.00000000E+00
  3.   46.   0.10000000E+01  -0.16672833E-13  -0.18491144E-02   0.00000000E+00
  3.   47.   0.10000000E+01  -0.38154518E-13   0.43751002E-02   0.00000000E+00
  3.   48.   0.10000000E+01  -0.53518272E-13   0.10175145E-01   0.00000000E+00
  3.   49.   0.10000000E+01  -0.32270511E-13   0.15155756E-01   0.00000000E+00
  3.   50.   0.10000000E+01   0.57456434E-14   0.18977514E-01   0.00000000E+00
  3.   51.   0.10000000E+01   0.15695696E-13   0.21379971E-01   0.00000000E+00
  3.   52.   0.10000000E+01   0.00000000E+00   0.22199404E-01   0.00000000E+00
  3.   53.   0.10000000E+01   0.00000000E+00  -0.32226190E-01   0.00000000E+00
  3.   54.   0.10000000E+01  -0.11715667E-12  -0.31191117E-01   0.00000000E+00
  3.   55.   0.10000000E+01  -0.17329757E-12  -0.28156434E-01   0.00000000E+00
  3.   56.   0.10000000E+01  -0.10219523E-12  -0.23328951E-01   0.00000000E+00
  3.   57.   0.10000000E+01  -0.83879462E-13  -0.17037652E-01   0.00000000E+00
  3.   58.   0.10000000E+01  -0.49936929E-13  -0.97112802E-02   0.00000000E+00
  3.   59.   0.10000000E+01  -0.34901889E-13  -0.18491144E-02   0.00000000E+00
  3.   60.   0.10000000E+01  -0.57516518E-13   0.60130514E-02   0.00000000E+00
  3.   61.   0.10000000E+01  -0.30355375E-13   0.13339424E-01   0.00000000E+00
  3.   62.   0.10000000E+01   0.15465883E-13   0.19630722E-01   0.00000000E+00
  3.   63.   0.10000000E+01   0.51054328E-13   0.24458205E-01   0.00000000E+00
  3.   64.   0.10000000E+01   0.24401985E-13   0.27492888E-01   0.00000000E+00
  3.   65.   0.10000000E+01   0.00000000E+00   0.28527962E-01   0.00000000E+00
  3.   66.   0.99858240E+00   0.00000000E+00  -0.32226190E-01   0.00000000E+00
  3.   67.   0.99858240E+00  -0.76735620E-13  -0.31191117E-01   0.00000000E+00
  3.   68.   0.99858240E+00  -0.71822793E-13  -0.28156434E-01   0.00000000E+00
  3.   69.   0.99858240E+00   0.15054070E-13  -0.23328951E-01   0.00000000E+00
  3.   70.   0.99858240E+00   0.35982087E-13  -0.17037652E-01   0.00000000E+00
  3.   71.   0.99858240E+00   0.28479534E-13  -0.97112802E-02   0.00000000E+00
  3.   72.   0.99858240E+00   0.14661692E-13  -0.18491144E-02   0.00000000E+00
  3.   73.   0.99858240E+00   0.61469751E-13   0.60130514E-02   0.00000000E+00
  3.   74.   0.99858240E+00   0.85706224E-13   0.13339424E-01   0.00000000E+00
  3.   75.   0.99858240E+00   0.11448710E-12   0.19630722E-01   0.00000000E+00
  3.   76.   0.99858240E+00   0.10222548E-12   0.24458205E-01   0.00000000E+00
  3.   77.   0.99858240E+00   0.67249157E-13   0.27492888E-01   0.00000000E+00
  3.   78.   0.99858240E+00   0.00000000E+00   0.28527962E-01   0.00000000E+00
  4.    1.  -0.61604117E-03   0.00000000E+00   0.20011971E-02   0.00000000E+00
  4.    2.  -0.59580967E-03   0.16227801E-03   0.17330876E-02   0.00000000E+00
  4.    3.  -0.53604894E-03   0.31242283E-03   0.10005986E-02   0.00000000E+00
  4.    4.  -0.43975736E-03   0.43975736E-03   0.33158740E-11   0.00000000E+00
  4.    5.  -0.31242283E-03   0.53604894E-03  -0.10005986E-02   0.00000000E+00
  4.    6.  -0.16227801E-03   0.59580967E-03  -0.17330876E-02   0.00000000E+00
  4.    7.  -0.63901057E-12   0.61604117E-03  -0.20011971E-02   0.00000000E+00
  4.    8.   0.16227801E-03   0.59580967E-03  -0.17330876E-02   0.00000000E+00
  4.    9.   0.31242283E-03   0.53604894E-03  -0.10005986E-02   0.00000000E+00
  4.   10.   0.43975736E-03   0.43975736E-03  -0.50910363E-11   0.00000000E+00
  4.   11.   0.53604894E-03   0.31242283E-03   0.10005986E-02   0.00000000E+00
  4.   12.   0.59580967E-03   0.16227802E-03   0.17330876E-02   0.00000000E+00
  4.   13.   0.61604117E-03   0.00000000E+00   0.20011971E-02   0.00000000E+00
  4.   14.  -0.10223517E-02   0.00000000E+00   0.91285560E-02   0.00000000E+00
  4.   15.  -0.10020530E-02   0.31885714E-03   0.79055614E-02   0.00000000E+00
  4.   16.  -0.93402451E-03   0.59542619E-03   0.45642780E-02   0.00000000E+00
  4.   17.  -0.80234381E-03   0.80234380E-03   0.12460719E-10   0.00000000E+00
  4.   18.  -0.59542619E-03   0.93402451E-03  -0.45642780E-02   0.00000000E+00
  4.   19.  -0.31885714E-03   0.10020530E-02  -0.79055614E-02   0.00000000E+00
  4.   20.  -0.13772698E-11   0.10223517E-02  -0.91285560E-02   0.00000000E+00
  4.   21.   0.31885714E-03   0.10020530E-02  -0.79055614E-02   0.00000000E+00
  4.   22.   0.59542618E-03   0.93402452E-03  -0.45642780E-02   0.00000000E+00
  4.   23.   0.80234380E-03   0.80234381E-03  -0.27986689E-10   0.00000000E+00
  4.   24.   0.93402451E-03   0.59542619E-03   0.45642780E-02   0.00000000E+00
  4.   25.   0.10020530E-02   0.31885714E-03   0.79055614E-02   0.00000000E+00
  4.   26.   0.10223517E-02   0.00000000E+00   0.91285560E-02   0.00000000E+00
  4.   27.  -0.14169330E-02   0.00000000E+00   0.20116119E-01   0.00000000E+00
  4.   28.  -0.13934077E-02   0.45911818E-03   0.17421070E-01   0.00000000E+00
  4.   29.  -0.13099336E-02   0.85193860E-03   0.10058060E-01   0.00000000E+00
  4.   30.  -0.11371897E-02   0.11371897E-02   0.26985337E-10   0.00000000E+00
  4.   31.  -0.85193860E-03   0.13099336E-02  -0.10058060E-01   0.00000000E+00
  4.   32.  -0.45911818E-03   0.13934077E-02  -0.17421070E-01   0.00000000E+00
  4.   33.  -0.20417822E-11   0.14169330E-02  -0.20116119E-01   0.00000000E+00
  4.   34.   0.45911818E-03   0.13934077E-02  -0.17421071E-01   0.00000000E+00
  4.   35.   0.85193860E-03   0.13099336E-02  -0.10058060E-01   0.00000000E+00
  4.   36.   0.11371897E-02   0.11371897E-02  -0.63621663E-10   0.00000000E+00
  4.   37.   0.13099336E-02   0.85193860E-03   0.10058060E-01   0.00000000E+00
  4.   38.   0.13934077E-02   0.45911819E-03   0.17421070E-01   0.00000000E+00
  4.   39.   0.14169330E-02   0.00000000E+00   0.20116119E-01   0.00000000E+00
  4.   40.  -0.16803921E-02   0.00000000E+00   0.34037682E-01   0.00000000E+00
  4.   41.  -0.16652041E-02   0.59192448E-03   0.29477497E-01   0.00000000E+00
  4.   42.  -0.15960309E-02   0.10840145E-02   0.17018841E-01   0.00000000E+00
  4.   43.  -0.14180909E-02   0.14180909E-02   0.45733336E-10   0.00000000E+00
  4.   44.  -0.10840145E-02   0.15960309E-02  -0.17018841E-01   0.00000000E+00
  4.   45.  -0.59192448E-03   0.16652041E-02  -0.29477497E-01   0.00000000E+00
  4.   46.  -0.26902850E-11   0.16803921E-02  -0.34037682E-01   0.00000000E+00
  4.   47.   0.59192447E-03   0.16652041E-02  -0.29477498E-01   0.00000000E+00
  4.   48.   0.10840145E-02   0.15960309E-02  -0.17018841E-01   0.00000000E+00
  4.   49.   0.14180909E-02   0.14180909E-02  -0.10891601E-09   0.00000000E+00
  4.   50.   0.15960309E-02   0.10840145E-02   0.17018841E-01   0.00000000E+00
  4.   51.   0.16652041E-02   0.59192448E-03   0.29477497E-01   0.00000000E+00
  4.   52.   0.16803921E-02   0.00000000E+00   0.34037682E-01   0.00000000E+00
  4.   53.  -0.18628017E-02   0.00000000E+00   0.49878853E-01   0.00000000E+00
  4.   54.  -0.18559810E-02   0.69355946E-03   0.43196354E-01   0.00000000E+00
  4.   55.  -0.18027974E-02   0.12597349E-02   0.24939426E-01   0.00000000E+00
  4.   56.  -0.16267561E-02   0.16267561E-02   0.67137679E-10   0.00000000E+00
  4.   57.  -0.12597349E-02   0.18027974E-02  -0.24939426E-01   0.00000000E+00
  4.   58.  -0.69355947E-03   0.18559810E-02  -0.43196354E-01   0.00000000E+00
  4.   59.  -0.31949288E-11   0.18628017E-02  -0.49878853E-01   0.00000000E+00
  4.   60.   0.69355946E-03   0.18559810E-02  -0.43196354E-01   0.00000000E+00
  4.   61.   0.12597349E-02   0.18027974E-02  -0.24939427E-01   0.00000000E+00
  4.   62.   0.16267561E-02   0.16267561E-02  -0.16058290E-09   0.00000000E+00
  4.   63.   0.18027974E-02   0.12597349E-02   0.24939426E-01   0.00000000E+00
  4.   64.   0.18559810E-02   0.69355947E-03   0.43196353E-01   0.00000000E+00
  4.   65.   0.18628017E-02   0.00000000E+00   0.49878853E-01   0.00000000E+00
  4.   66.   0.18628017E-02   0.00000000E+00   0.49878853E-01   0.00000000E+00
  4.   67.   0.18559810E-02  -0.69355946E-03   0.43196354E-01   0.00000000E+00
  4.   68.   0.18027974E-02  -0.12597349E-02   0.24939426E-01   0.00000000E+00
  4.   69.   0.16267561E-02  -0.16267561E-02   0.67134438E-10   0.00000000E+00
  4.   70.   0.12597349E-02  -0.18027974E-02  -0.24939426E-01   0.00000000E+00
  4.   71.   0.69355947E-03  -0.18559810E-02  -0.43196354E-01   0.00000000E+00
  4.   72.   0.32092721E-11  -0.18628017E-02  -0.49878853E-01   0.00000000E+00
  4.   73.  -0.69355946E-03  -0.18559810E-02  -0.43196354E-01   0.00000000E+00
  4.   74.  -0.12597349E-02  -0.18027974E-02  -0.24939427E-01   0.00000000E+00
  4.   75.  -0.16267561E-02  -0.16267561E-02  -0.16058165E-09   0.00000000E+00
  4.   76.  -0.18027974E-02  -0.12597349E-02   0.24939426E-01   0.00000000E+00
  4.   77.  -0.18559810E-02  -0.69355947E-03   0.43196353E-01   0.00000000E+00
  4.   78.  -0.18628017E-02   0.00000000E+00   0.49878853E-01   0.00000000E+00
  5.    1.   0.54798704E-03   0.00000000E+00   0.13199350E-01   0.00000000E+00
  5.    2.   0.52931483E-03   0.14182948E-03   0.13199350E-01   0.00000000E+00
  5.    3.   0.47457070E-03   0.27399352E-03   0.13199350E-01   0.00000000E+00
  5.    4.   0.38748535E-03   0.38748535E-03   0.13199350E-01   0.00000000E+00
  5.    5.   0.27399352E-03   0.47457070E-03   0.13199350E-01   0.00000000E+00
  5.    6.   0.14182948E-03   0.52931483E-03   0.13199350E-01   0.00000000E+00
  5.    7.   0.60160104E-12   0.54798704E-03   0.13199350E-01   0.00000000E+00
  5.    8.  -0.14182948E-03   0.52931483E-03   0.13199350E-01   0.00000000E+00
  5.    9.  -0.27399352E-03   0.47457070E-03   0.13199350E-01   0.00000000E+00
  5.   10.  -0.38748535E-03   0.38748535E-03   0.13199350E-01   0.00000000E+00
  5.   11.  -0.47457070E-03   0.27399352E-03   0.13199350E-01   0.00000000E+00
  5.   12.  -0.52931483E-03   0.14182948E-03   0.13199350E-01   0.00000000E+00
  5.   13.  -0.54798704E-03   0.00000000E+00   0.13199350E-01   0.00000000E+00
  5.   14.   0.57107830E-03   0.00000000E+00   0.83878941E-02   0.00000000E+00
  5.   15.   0.55161928E-03   0.14780594E-03   0.83878941E-02   0.00000000E+00
  5.   16.   0.49456832E-03   0.28553915E-03   0.83878941E-02   0.00000000E+00
  5.   17.   0.40381334E-03   0.40381334E-03   0.83878941E-02   0.00000000E+00
  5.   18.   0.28553915E-03   0.49456832E-03   0.83878941E-02   0.00000000E+00
  5.   19.   0.14780594E-03   0.55161928E-03   0.83878941E-02   0.00000000E+00
  5.   20.   0.63323025E-12   0.57107830E-03   0.83878941E-02   0.00000000E+00
  5.   21.  -0.14780594E-03   0.55161928E-03   0.83878941E-02   0.00000000E+00
  5.   22.  -0.28553915E-03   0.49456832E-03   0.83878941E-02   0.00000000E+00
  5.   23.  -0.40381334E-03   0.40381334E-03   0.83878941E-02   0.00000000E+00
  5.   24.  -0.49456832E-03   0.28553915E-03   0.83878941E-02   0.00000000E+00
  5.   25.  -0.55161928E-03   0.14780594E-03   0.83878941E-02   0.00000000E+00
  5.   26.  -0.57107830E-03   0.00000000E+00   0.83878941E-02   0.00000000E+00
  5.   27.   0.64887545E-03   0.00000000E+00   0.28957066E-02   0.00000000E+00
  5.   28.   0.62676556E-03   0.16794133E-03   0.28957066E-02   0.00000000E+00
  5.   29.   0.56194263E-03   0.32443773E-03   0.28957066E-02   0.00000000E+00
  5.   30.   0.45882423E-03   0.45882423E-03   0.28957066E-02   0.00000000E+00
  5.   31.   0.32443773E-03   0.56194263E-03   0.28957066E-02   0.00000000E+00
  5.   32.   0.16794133E-03   0.62676556E-03   0.28957066E-02   0.00000000E+00
  5.   33.   0.71016055E-12   0.64887545E-03   0.28957066E-02   0.00000000E+00
  5.   34.  -0.16794132E-03   0.62676556E-03   0.28957066E-02   0.00000000E+00
  5.   35.  -0.32443773E-03   0.56194263E-03   0.28957066E-02   0.00000000E+00
  5.   36.  -0.45882423E-03   0.45882423E-03   0.28957066E-02   0.00000000E+00
  5.   37.  -0.56194263E-03   0.32443773E-03   0.28957066E-02   0.00000000E+00
  5.   38.  -0.62676556E-03   0.16794133E-03   0.28957066E-02   0.00000000E+00
  5.   39.  -0.64887545E-03   0.00000000E+00   0.28957066E-02   0.00000000E+00
  5.   40.   0.65695488E-03   0.00000000E+00  -0.29930949E-02   0.00000000E+00
  5.   41.   0.63456969E-03   0.17003244E-03  -0.29930949E-02   0.00000000E+00
  5.   42.   0.56893962E-03   0.32847744E-03  -0.29930949E-02   0.00000000E+00
  5.   43.   0.46453725E-03   0.46453725E-03  -0.29930949E-02   0.00000000E+00
  5.   44.   0.32847744E-03   0.56893962E-03  -0.29930949E-02   0.00000000E+00
  5.   45.   0.17003244E-03   0.63456969E-03  -0.29930949E-02   0.00000000E+00
  5.   46.   0.71684949E-12   0.65695488E-03  -0.29930949E-02   0.00000000E+00
  5.   47.  -0.17003244E-03   0.63456969E-03  -0.29930949E-02   0.00000000E+00
  5.   48.  -0.32847744E-03   0.56893962E-03  -0.29930949E-02   0.00000000E+00
  5.   49.  -0.46453725E-03   0.46453725E-03  -0.29930949E-02   0.00000000E+00
  5.   50.  -0.56893962E-03   0.32847744E-03  -0.29930949E-02   0.00000000E+00
  5.   51.  -0.63456969E-03   0.17003244E-03  -0.29930949E-02   0.00000000E+00
  5.   52.  -0.65695488E-03   0.00000000E+00  -0.29930949E-02   0.00000000E+00
  5.   53.   0.61804067E-03   0.00000000E+00  -0.86979417E-02   0.00000000E+00
  5.   54.   0.59698144E-03   0.15996070E-03  -0.86979417E-02   0.00000000E+00
  5.   55.   0.53523892E-03   0.30902033E-03  -0.86979417E-02   0.00000000E+00
  5.   56.   0.43702075E-03   0.43702075E-03  -0.86979417E-02   0.00000000E+00
  5.   57.   0.30902033E-03   0.53523892E-03  -0.86979417E-02   0.00000000E+00
  5.   58.   0.15996070E-03   0.59698144E-03  -0.86979417E-02   0.00000000E+00
  5.   59.   0.67572949E-12   0.61804067E-03  -0.86979417E-02   0.00000000E+00
  5.   60.  -0.15996069E-03   0.59698144E-03  -0.86979417E-02   0.00000000E+00
  5.   61.  -0.30902033E-03   0.53523892E-03  -0.86979417E-02   0.00000000E+00
  5.   62.  -0.43702075E-03   0.43702075E-03  -0.86979417E-02   0.00000000E+00
  5.   63.  -0.53523892E-03   0.30902034E-03  -0.86979417E-02   0.00000000E+00
  5.   64.  -0.59698144E-03   0.15996070E-03  -0.86979417E-02   0.00000000E+00
  5.   65.  -0.61804067E-03   0.00000000E+00  -0.86979417E-02   0.00000000E+00
  5.   66.  -0.61804067E-03   0.00000000E+00  -0.86979417E-02   0.00000000E+00
  5.   67.  -0.59698144E-03  -0.15996070E-03  -0.86979417E-02   0.00000000E+00
  5.   68.  -0.53523892E-03  -0.30902033E-03  -0.86979417E-02   0.00000000E+00
  5.   69.  -0.43702075E-03  -0.43702075E-03  -0.86979417E-02   0.00000000E+00
  5.   70.  -0.30902033E-03  -0.53523892E-03  -0.86979417E-02   0.00000000E+00
  5.   71.  -0.15996070E-03  -0.59698144E-03  -0.86979417E-02   0.00000000E+00
  5.   72.  -0.71527711E-12  -0.61804067E-03  -0.86979417E-02   0.00000000E+00
  5.   73.   0.15996069E-03  -0.59698144E-03  -0.86979417E-02   0.00000000E+00
  5.   74.   0.30902033E-03  -0.53523892E-03  -0.86979417E-02   0.00000000E+00
  5.   75.   0.43702075E-03  -0.43702075E-03  -0.86979417E-02   0.00000000E+00
  5.   76.   0.53523892E-03  -0.30902034E-03  -0.86979417E-02   0.00000000E+00
  5.   77.   0.59698144E-03  -0.15996070E-03  -0.86979417E-02   0.00000000E+00
  5.   78.   0.61804067E-03   0.00000000E+00  -0.86979417E-02   0.00000000E+00
  6.    1.  -0.94784676E-04   0.00000000E+00   0.18316486E-03   0.00000000E+00
  6.    2.  -0.82153086E-04   0.47642940E-04   0.12951712E-03   0.00000000E+00
  6.    3.  -0.47575791E-04   0.82403688E-04   0.55687641E-12   0.00000000E+00
  6.    4.  -0.18345316E-06   0.94968129E-04  -0.12951712E-03   0.00000000E+00
  6.    5.   0.47392338E-04   0.82085938E-04  -0.18316486E-03   0.00000000E+00
  6.    6.   0.82336539E-04   0.47325190E-04  -0.12951712E-03   0.00000000E+00
  6.    7.   0.95151582E-04   0.23155477E-12  -0.22495409E-12   0.00000000E+00
  6.    8.   0.82336539E-04  -0.47325189E-04   0.12951712E-03   0.00000000E+00
  6.    9.   0.47392338E-04  -0.82085937E-04   0.18316486E-03   0.00000000E+00
  6.   10.  -0.18345271E-06  -0.94968129E-04   0.12951712E-03   0.00000000E+00
  6.   11.  -0.47575791E-04  -0.82403688E-04   0.16396900E-11   0.00000000E+00
  6.   12.  -0.82153086E-04  -0.47642940E-04  -0.12951712E-03   0.00000000E+00
  6.   13.  -0.94784676E-04   0.00000000E+00  -0.18316486E-03   0.00000000E+00
  6.   14.  -0.30826216E-03   0.00000000E+00   0.18132546E-02   0.00000000E+00
  6.   15.  -0.27234372E-03   0.17421271E-03   0.12821646E-02   0.00000000E+00
  6.   16.  -0.16883185E-03   0.29242535E-03   0.12193770E-11   0.00000000E+00
  6.   17.  -0.14700773E-04   0.32296293E-03  -0.12821646E-02   0.00000000E+00
  6.   18.   0.15413108E-03   0.26696286E-03  -0.18132546E-02   0.00000000E+00
  6.   19.   0.28704449E-03   0.14875023E-03  -0.12821646E-02   0.00000000E+00
  6.   20.   0.33766371E-03   0.72632979E-12  -0.61209766E-11   0.00000000E+00
  6.   21.   0.28704449E-03  -0.14875022E-03   0.12821646E-02   0.00000000E+00
  6.   22.   0.15413108E-03  -0.26696286E-03   0.18132546E-02   0.00000000E+00
  6.   23.  -0.14700772E-04  -0.32296293E-03   0.12821646E-02   0.00000000E+00
  6.   24.  -0.16883185E-03  -0.29242535E-03   0.12132428E-10   0.00000000E+00
  6.   25.  -0.27234372E-03  -0.17421271E-03  -0.12821646E-02   0.00000000E+00
  6.   26.  -0.30826216E-03   0.00000000E+00  -0.18132546E-02   0.00000000E+00
  6.   27.  -0.60611085E-03   0.00000000E+00   0.59112468E-02   0.00000000E+00
  6.   28.  -0.54356023E-03   0.37266876E-03   0.41798827E-02   0.00000000E+00
  6.   29.  -0.35401593E-03   0.61317357E-03   0.31280213E-11   0.00000000E+00
  6.   30.  -0.50960502E-04   0.65707135E-03  -0.41798827E-02   0.00000000E+00
  6.   31.   0.30305542E-03   0.52490739E-03  -0.59112468E-02   0.00000000E+00
  6.   32.   0.59452073E-03   0.28440259E-03  -0.41798827E-02   0.00000000E+00
  6.   33.   0.70803185E-03   0.13217850E-11  -0.20840098E-10   0.00000000E+00
  6.   34.   0.59452073E-03  -0.28440259E-03   0.41798827E-02   0.00000000E+00
  6.   35.   0.30305543E-03  -0.52490739E-03   0.59112468E-02   0.00000000E+00
  6.   36.  -0.50960499E-04  -0.65707135E-03   0.41798827E-02   0.00000000E+00
  6.   37.  -0.35401592E-03  -0.61317357E-03   0.38309724E-10   0.00000000E+00
  6.   38.  -0.54356023E-03  -0.37266877E-03  -0.41798827E-02   0.00000000E+00
  6.   39.  -0.60611085E-03   0.00000000E+00  -0.59112468E-02   0.00000000E+00
  6.   40.  -0.84476709E-03   0.00000000E+00   0.12463071E-01   0.00000000E+00
  6.   41.  -0.77837334E-03   0.59698223E-03   0.88127219E-02   0.00000000E+00
  6.   42.  -0.55019866E-03   0.95297203E-03   0.64491574E-11   0.00000000E+00
  6.   43.  -0.12781511E-03   0.97258220E-03  -0.88127219E-02   0.00000000E+00
  6.   44.   0.42238354E-03   0.73158976E-03  -0.12463071E-01   0.00000000E+00
  6.   45.   0.90618845E-03   0.37559997E-03  -0.88127219E-02   0.00000000E+00
  6.   46.   0.11003973E-02   0.17317387E-11  -0.44241901E-10   0.00000000E+00
  6.   47.   0.90618845E-03  -0.37559996E-03   0.88127219E-02   0.00000000E+00
  6.   48.   0.42238355E-03  -0.73158976E-03   0.12463071E-01   0.00000000E+00
  6.   49.  -0.12781511E-03  -0.97258220E-03   0.88127219E-02   0.00000000E+00
  6.   50.  -0.55019865E-03  -0.95297203E-03   0.80120937E-10   0.00000000E+00
  6.   51.  -0.77837334E-03  -0.59698224E-03  -0.88127218E-02   0.00000000E+00
  6.   52.  -0.84476709E-03   0.00000000E+00  -0.12463071E-01   0.00000000E+00
  6.   53.  -0.10319047E-02   0.00000000E+00   0.20831245E-01   0.00000000E+00
  6.   54.  -0.96578176E-03   0.78513065E-03   0.14729914E-01   0.00000000E+00
  6.   55.  -0.71300454E-03   0.12349601E-02   0.10759461E-10   0.00000000E+00
  6.   56.  -0.19705221E-03   0.12289569E-02  -0.14729914E-01   0.00000000E+00
  6.   57.   0.51595233E-03   0.89365565E-03  -0.20831245E-01   0.00000000E+00
  6.   58.   0.11628340E-02   0.44382621E-03  -0.14729914E-01   0.00000000E+00
  6.   59.   0.14260091E-02   0.19799063E-11  -0.73905545E-10   0.00000000E+00
  6.   60.   0.11628340E-02  -0.44382621E-03   0.14729914E-01   0.00000000E+00
  6.   61.   0.51595233E-03  -0.89365564E-03   0.20831245E-01   0.00000000E+00
  6.   62.  -0.19705221E-03  -0.12289569E-02   0.14729914E-01   0.00000000E+00
  6.   63.  -0.71300453E-03  -0.12349601E-02   0.13363768E-09   0.00000000E+00
  6.   64.  -0.96578176E-03  -0.78513066E-03  -0.14729914E-01   0.00000000E+00
  6.   65.  -0.10319047E-02   0.00000000E+00  -0.20831245E-01   0.00000000E+00
  6.   66.   0.10319047E-02   0.00000000E+00   0.20831245E-01   0.00000000E+00
  6.   67.   0.96578176E-03  -0.78513065E-03   0.14729914E-01   0.00000000E+00
  6.   68.   0.71300454E-03  -0.12349601E-02   0.10757839E-10   0.00000000E+00
  6.   69.   0.19705221E-03  -0.12289569E-02  -0.14729914E-01   0.00000000E+00
  6.   70.  -0.51595233E-03  -0.89365565E-03  -0.20831245E-01   0.00000000E+00
  6.   71.  -0.11628340E-02  -0.44382621E-03  -0.14729914E-01   0.00000000E+00
  6.   72.  -0.14260091E-02  -0.19608745E-11  -0.73888755E-10   0.00000000E+00
  6.   73.  -0.11628340E-02   0.44382621E-03   0.14729914E-01   0.00000000E+00
  6.   74.  -0.51595233E-03   0.89365564E-03   0.20831245E-01   0.00000000E+00
  6.   75.   0.19705221E-03   0.12289569E-02   0.14729914E-01   0.00000000E+00
  6.   76.   0.71300453E-03   0.12349601E-02   0.13363692E-09   0.00000000E+00
  6.   77.   0.96578176E-03   0.78513066E-03  -0.14729914E-01   0.00000000E+00
  6.   78.   0.10319047E-02   0.00000000E+00  -0.20831245E-01   0.00000000E+00
  7.    1.  -0.17369838E-03   0.00000000E+00   0.39255799E-02   0.00000000E+00
  7.    2.  -0.19624075E-03   0.84129267E-04   0.37918190E-02   0.00000000E+00
  7.    3.  -0.25782765E-03   0.14571617E-03   0.33996520E-02   0.00000000E+00
  7.    4.  -0.34195692E-03   0.16825853E-03   0.27758042E-02   0.00000000E+00
  7.    5.  -0.42608618E-03   0.14571617E-03   0.19627900E-02   0.00000000E+00
  7.    6.  -0.48767308E-03   0.84129267E-04   0.10160149E-02   0.00000000E+00
  7.    7.  -0.51021545E-03   0.39683014E-12   0.44851160E-11   0.00000000E+00
  7.    8.  -0.48767308E-03  -0.84129267E-04  -0.10160148E-02   0.00000000E+00
  7.    9.  -0.42608618E-03  -0.14571616E-03  -0.19627900E-02   0.00000000E+00
  7.   10.  -0.34195692E-03  -0.16825853E-03  -0.27758042E-02   0.00000000E+00
  7.   11.  -0.25782765E-03  -0.14571617E-03  -0.33996519E-02   0.00000000E+00
  7.   12.  -0.19624075E-03  -0.84129268E-04  -0.37918190E-02   0.00000000E+00
  7.   13.  -0.17369838E-03   0.00000000E+00  -0.39255799E-02   0.00000000E+00
  7.   14.   0.78334494E-05   0.00000000E+00   0.49850207E-02   0.00000000E+00
  7.   15.  -0.13377309E-04   0.79159627E-04   0.48151602E-02   0.00000000E+00
  7.   16.  -0.71326178E-04   0.13710850E-03   0.43171546E-02   0.00000000E+00
  7.   17.  -0.15048580E-03   0.15831925E-03   0.35249419E-02   0.00000000E+00
  7.   18.  -0.22964543E-03   0.13710850E-03   0.24925104E-02   0.00000000E+00
  7.   19.  -0.28759430E-03   0.79159627E-04   0.12902183E-02   0.00000000E+00
  7.   20.  -0.30880506E-03   0.37826445E-12   0.58511794E-11   0.00000000E+00
  7.   21.  -0.28759430E-03  -0.79159627E-04  -0.12902183E-02   0.00000000E+00
  7.   22.  -0.22964543E-03  -0.13710850E-03  -0.24925103E-02   0.00000000E+00
  7.   23.  -0.15048581E-03  -0.15831925E-03  -0.35249419E-02   0.00000000E+00
  7.   24.  -0.71326178E-04  -0.13710850E-03  -0.43171546E-02   0.00000000E+00
  7.   25.  -0.13377309E-04  -0.79159628E-04  -0.48151602E-02   0.00000000E+00
  7.   26.   0.78334494E-05   0.00000000E+00  -0.49850207E-02   0.00000000E+00
  7.   27.   0.31829723E-03   0.00000000E+00   0.34777771E-02   0.00000000E+00
  7.   28.   0.28770713E-03   0.11416383E-03   0.33592747E-02   0.00000000E+00
  7.   29.   0.20413340E-03   0.19773755E-03   0.30118433E-02   0.00000000E+00
  7.   30.   0.89969578E-04   0.22832765E-03   0.24591597E-02   0.00000000E+00
  7.   31.  -0.24194250E-04   0.19773755E-03   0.17388885E-02   0.00000000E+00
  7.   32.  -0.10776797E-03   0.11416383E-03   0.90011494E-03   0.00000000E+00
  7.   33.  -0.13835808E-03   0.51548331E-12   0.41498081E-11   0.00000000E+00
  7.   34.  -0.10776797E-03  -0.11416383E-03  -0.90011493E-03   0.00000000E+00
  7.   35.  -0.24194251E-04  -0.19773755E-03  -0.17388885E-02   0.00000000E+00
  7.   36.   0.89969576E-04  -0.22832765E-03  -0.24591597E-02   0.00000000E+00
  7.   37.   0.20413340E-03  -0.19773755E-03  -0.30118433E-02   0.00000000E+00
  7.   38.   0.28770713E-03  -0.11416383E-03  -0.33592747E-02   0.00000000E+00
  7.   39.   0.31829723E-03   0.00000000E+00  -0.34777771E-02   0.00000000E+00
  7.   40.   0.48312591E-03   0.00000000E+00  -0.25684487E-03   0.00000000E+00
  7.   41.   0.45128664E-03   0.11882580E-03  -0.24809309E-03   0.00000000E+00
  7.   42.   0.36430012E-03   0.20581232E-03  -0.22243418E-03   0.00000000E+00
  7.   43.   0.24547432E-03   0.23765159E-03  -0.18161675E-03   0.00000000E+00
  7.   44.   0.12664852E-03   0.20581232E-03  -0.12842243E-03   0.00000000E+00
  7.   45.   0.39662003E-04   0.11882580E-03  -0.66476343E-04   0.00000000E+00
  7.   46.   0.78227267E-05   0.54459674E-12  -0.10049018E-12   0.00000000E+00
  7.   47.   0.39662003E-04  -0.11882580E-03   0.66476343E-04   0.00000000E+00
  7.   48.   0.12664852E-03  -0.20581232E-03   0.12842243E-03   0.00000000E+00
  7.   49.   0.24547432E-03  -0.23765159E-03   0.18161675E-03   0.00000000E+00
  7.   50.   0.36430012E-03  -0.20581232E-03   0.22243418E-03   0.00000000E+00
  7.   51.   0.45128664E-03  -0.11882580E-03   0.24809309E-03   0.00000000E+00
  7.   52.   0.48312591E-03   0.00000000E+00   0.25684487E-03   0.00000000E+00
  7.   53.   0.48569215E-03   0.00000000E+00  -0.46571290E-02   0.00000000E+00
  7.   54.   0.45996310E-03   0.96022114E-04  -0.44984412E-02   0.00000000E+00
  7.   55.   0.38967004E-03   0.16631518E-03  -0.40331920E-02   0.00000000E+00
  7.   56.   0.29364792E-03   0.19204423E-03  -0.32930875E-02   0.00000000E+00
  7.   57.   0.19762581E-03   0.16631518E-03  -0.23285645E-02   0.00000000E+00
  7.   58.   0.12733274E-03   0.96022114E-04  -0.12053537E-02   0.00000000E+00
  7.   59.   0.10160369E-03   0.39682218E-12  -0.50169013E-11   0.00000000E+00
  7.   60.   0.12733274E-03  -0.96022114E-04   0.12053537E-02   0.00000000E+00
  7.   61.   0.19762581E-03  -0.16631518E-03   0.23285645E-02   0.00000000E+00
  7.   62.   0.29364792E-03  -0.19204423E-03   0.32930875E-02   0.00000000E+00
  7.   63.   0.38967004E-03  -0.16631518E-03   0.40331920E-02   0.00000000E+00
  7.   64.   0.45996310E-03  -0.96022115E-04   0.44984412E-02   0.00000000E+00
  7.   65.   0.48569215E-03   0.00000000E+00   0.46571290E-02   0.00000000E+00
  7.   66.  -0.48569215E-03   0.00000000E+00  -0.46571290E-02   0.00000000E+00
  7.   67.  -0.45996310E-03  -0.96022114E-04  -0.44984412E-02   0.00000000E+00
  7.   68.  -0.38967004E-03  -0.16631518E-03  -0.40331920E-02   0.00000000E+00
  7.   69.  -0.29364792E-03  -0.19204423E-03  -0.32930875E-02   0.00000000E+00
  7.   70.  -0.19762581E-03  -0.16631518E-03  -0.23285645E-02   0.00000000E+00
  7.   71.  -0.12733274E-03  -0.96022114E-04  -0.12053537E-02   0.00000000E+00
  7.   72.  -0.10160369E-03  -0.40305311E-12  -0.50142393E-11   0.00000000E+00
  7.   73.  -0.12733274E-03   0.96022114E-04   0.12053537E-02   0.00000000E+00
  7.   74.  -0.19762581E-03   0.16631518E-03   0.23285645E-02   0.00000000E+00
  7.   75.  -0.29364792E-03   0.19204423E-03   0.32930875E-02   0.00000000E+00
  7.   76.  -0.38967004E-03   0.16631518E-03   0.40331920E-02   0.00000000E+00
  7.   77.  -0.45996310E-03   0.96022115E-04   0.44984412E-02   0.00000000E+00
  7.   78.  -0.48569215E-03   0.00000000E+00   0.46571290E-02   0.00000000E+00
  8.    1.  -0.15946131E-04   0.00000000E+00   0.20333954E-04   0.00000000E+00
  8.    2.  -0.11245314E-04   0.11162524E-04   0.10166977E-04   0.00000000E+00
  8.    3.   0.58541293E-07   0.15844734E-04  -0.10166978E-04   0.00000000E+00
  8.    4.   0.11275617E-04   0.11275617E-04  -0.20333955E-04   0.00000000E+00
  8.    5.   0.15844734E-04   0.58541327E-07  -0.10166977E-04   0.00000000E+00
  8.    6.   0.11162524E-04  -0.11245314E-04   0.10166977E-04   0.00000000E+00
  8.    7.   0.87123897E-13  -0.15946131E-04   0.20333955E-04   0.00000000E+00
  8.    8.  -0.11162524E-04  -0.11245314E-04   0.10166978E-04   0.00000000E+00
  8.    9.  -0.15844734E-04   0.58541197E-07  -0.10166977E-04   0.00000000E+00
  8.   10.  -0.11275617E-04   0.11275617E-04  -0.20333954E-04   0.00000000E+00
  8.   11.  -0.58541354E-07   0.15844734E-04  -0.10166977E-04   0.00000000E+00
  8.   12.   0.11245314E-04   0.11162524E-04   0.10166978E-04   0.00000000E+00
  8.   13.   0.15946131E-04   0.00000000E+00   0.20333955E-04   0.00000000E+00
  8.   14.  -0.10491537E-03   0.00000000E+00   0.45974197E-03   0.00000000E+00
  8.   15.  -0.76210325E-04   0.81739878E-04   0.22987099E-03   0.00000000E+00
  8.   16.  -0.39099850E-05   0.11168766E-03  -0.22987099E-03   0.00000000E+00
  8.   17.   0.74186367E-04   0.74186368E-04  -0.45974197E-03   0.00000000E+00
  8.   18.   0.11168766E-03  -0.39099847E-05  -0.22987099E-03   0.00000000E+00
  8.   19.   0.81739879E-04  -0.76210324E-04   0.22987099E-03   0.00000000E+00
  8.   20.   0.42028644E-12  -0.10491537E-03   0.45974197E-03   0.00000000E+00
  8.   21.  -0.81739878E-04  -0.76210325E-04   0.22987099E-03   0.00000000E+00
  8.   22.  -0.11168766E-03  -0.39099854E-05  -0.22987098E-03   0.00000000E+00
  8.   23.  -0.74186368E-04   0.74186367E-04  -0.45974197E-03   0.00000000E+00
  8.   24.   0.39099842E-05   0.11168766E-03  -0.22987099E-03   0.00000000E+00
  8.   25.   0.76210324E-04   0.81739879E-04   0.22987098E-03   0.00000000E+00
  8.   26.   0.10491537E-03   0.00000000E+00   0.45974197E-03   0.00000000E+00
  8.   27.  -0.29177897E-03   0.00000000E+00   0.21966059E-02   0.00000000E+00
  8.   28.  -0.21940580E-03   0.25515992E-03   0.10983029E-02   0.00000000E+00
  8.   29.  -0.25281980E-04   0.33556864E-03  -0.10983029E-02   0.00000000E+00
  8.   30.   0.20631889E-03   0.20631889E-03  -0.21966059E-02   0.00000000E+00
  8.   31.   0.33556864E-03  -0.25281979E-04  -0.10983029E-02   0.00000000E+00
  8.   32.   0.25515992E-03  -0.21940580E-03   0.10983029E-02   0.00000000E+00
  8.   33.   0.12929481E-11  -0.29177897E-03   0.21966059E-02   0.00000000E+00
  8.   34.  -0.25515992E-03  -0.21940580E-03   0.10983030E-02   0.00000000E+00
  8.   35.  -0.33556864E-03  -0.25281982E-04  -0.10983029E-02   0.00000000E+00
  8.   36.  -0.20631889E-03   0.20631888E-03  -0.21966059E-02   0.00000000E+00
  8.   37.   0.25281978E-04   0.33556864E-03  -0.10983030E-02   0.00000000E+00
  8.   38.   0.21940580E-03   0.25515992E-03   0.10983029E-02   0.00000000E+00
  8.   39.   0.29177897E-03   0.00000000E+00   0.21966059E-02   0.00000000E+00
  8.   40.  -0.47770707E-03   0.00000000E+00   0.56780896E-02   0.00000000E+00
  8.   41.  -0.38031529E-03   0.49649681E-03   0.28390448E-02   0.00000000E+00
  8.   42.  -0.82152739E-04   0.61999979E-03  -0.28390448E-02   0.00000000E+00
  8.   43.   0.33778991E-03   0.33778991E-03  -0.56780896E-02   0.00000000E+00
  8.   44.   0.61999979E-03  -0.82152738E-04  -0.28390448E-02   0.00000000E+00
  8.   45.   0.49649681E-03  -0.38031529E-03   0.28390448E-02   0.00000000E+00
  8.   46.   0.25601390E-11  -0.47770707E-03   0.56780896E-02   0.00000000E+00
  8.   47.  -0.49649681E-03  -0.38031530E-03   0.28390448E-02   0.00000000E+00
  8.   48.  -0.61999979E-03  -0.82152741E-04  -0.28390447E-02   0.00000000E+00
  8.   49.  -0.33778991E-03   0.33778990E-03  -0.56780896E-02   0.00000000E+00
  8.   50.   0.82152736E-04   0.61999978E-03  -0.28390448E-02   0.00000000E+00
  8.   51.   0.38031529E-03   0.49649681E-03   0.28390447E-02   0.00000000E+00
  8.   52.   0.47770707E-03   0.00000000E+00   0.56780896E-02   0.00000000E+00
  8.   53.  -0.64154727E-03   0.00000000E+00   0.10641018E-01   0.00000000E+00
  8.   54.  -0.52542558E-03   0.72154083E-03   0.53205091E-02   0.00000000E+00
  8.   55.  -0.13867442E-03   0.88173841E-03  -0.53205091E-02   0.00000000E+00
  8.   56.   0.45364242E-03   0.45364242E-03  -0.10641018E-01   0.00000000E+00
  8.   57.   0.88173841E-03  -0.13867442E-03  -0.53205091E-02   0.00000000E+00
  8.   58.   0.72154083E-03  -0.52542558E-03   0.53205091E-02   0.00000000E+00
  8.   59.   0.37221182E-11  -0.64154727E-03   0.10641018E-01   0.00000000E+00
  8.   60.  -0.72154083E-03  -0.52542559E-03   0.53205092E-02   0.00000000E+00
  8.   61.  -0.88173841E-03  -0.13867442E-03  -0.53205090E-02   0.00000000E+00
  8.   62.  -0.45364243E-03   0.45364242E-03  -0.10641018E-01   0.00000000E+00
  8.   63.   0.13867441E-03   0.88173840E-03  -0.53205092E-02   0.00000000E+00
  8.   64.   0.52542558E-03   0.72154083E-03   0.53205090E-02   0.00000000E+00
  8.   65.   0.64154727E-03   0.00000000E+00   0.10641018E-01   0.00000000E+00
  8.   66.   0.64154727E-03   0.00000000E+00   0.10641018E-01   0.00000000E+00
  8.   67.   0.52542558E-03  -0.72154083E-03   0.53205091E-02   0.00000000E+00
  8.   68.   0.13867442E-03  -0.88173841E-03  -0.53205091E-02   0.00000000E+00
  8.   69.  -0.45364242E-03  -0.45364242E-03  -0.10641018E-01   0.00000000E+00
  8.   70.  -0.88173841E-03   0.13867442E-03  -0.53205091E-02   0.00000000E+00
  8.   71.  -0.72154083E-03   0.52542558E-03   0.53205091E-02   0.00000000E+00
  8.   72.  -0.37767757E-11   0.64154727E-03   0.10641018E-01   0.00000000E+00
  8.   73.   0.72154083E-03   0.52542559E-03   0.53205092E-02   0.00000000E+00
  8.   74.   0.88173841E-03   0.13867442E-03  -0.53205090E-02   0.00000000E+00
  8.   75.   0.45364243E-03  -0.45364242E-03  -0.10641018E-01   0.00000000E+00
  8.   76.  -0.13867441E-03  -0.88173840E-03  -0.53205092E-02   0.00000000E+00
  8.   77.  -0.52542558E-03  -0.72154083E-03   0.53205090E-02   0.00000000E+00
  8.   78.  -0.64154727E-03   0.00000000E+00   0.10641018E-01   0.00000000E+00
  9.    1.  -0.30052444E-05   0.00000000E+00   0.26715125E-05   0.00000000E+00
  9.    2.  -0.14863211E-05   0.25417814E-05   0.69143843E-06   0.00000000E+00
  9.    3.   0.15189233E-05   0.25743836E-05  -0.23135974E-05   0.00000000E+00
  9.    4.   0.29726421E-05   0.32602260E-07  -0.18890444E-05   0.00000000E+00
  9.    5.   0.14537188E-05  -0.25743836E-05   0.13357561E-05   0.00000000E+00
  9.    6.  -0.14863211E-05  -0.26069858E-05   0.25804826E-05   0.00000000E+00
  9.    7.  -0.29400399E-05   0.74090279E-15  -0.13631303E-12   0.00000000E+00
  9.    8.  -0.14863211E-05   0.26069858E-05  -0.25804829E-05   0.00000000E+00
  9.    9.   0.14537188E-05   0.25743836E-05  -0.13357563E-05   0.00000000E+00
  9.   10.   0.29726421E-05  -0.32602202E-07   0.18890443E-05   0.00000000E+00
  9.   11.   0.15189233E-05  -0.25743836E-05   0.23135974E-05   0.00000000E+00
  9.   12.  -0.14863210E-05  -0.25417814E-05  -0.69143831E-06   0.00000000E+00
  9.   13.  -0.30052443E-05   0.00000000E+00  -0.26715124E-05   0.00000000E+00
  9.   14.  -0.40436624E-04   0.00000000E+00   0.14201534E-03   0.00000000E+00
  9.   15.  -0.21082048E-04   0.38242650E-04   0.36756274E-04   0.00000000E+00
  9.   16.   0.19354576E-04   0.36515178E-04  -0.12298889E-03   0.00000000E+00
  9.   17.   0.42164096E-04  -0.17274717E-05  -0.10042001E-03   0.00000000E+00
  9.   18.   0.22809520E-04  -0.36515178E-04   0.71007667E-04   0.00000000E+00
  9.   19.  -0.21082048E-04  -0.34787706E-04   0.13717628E-03   0.00000000E+00
  9.   20.  -0.43891568E-04  -0.17704900E-12   0.47475235E-12   0.00000000E+00
  9.   21.  -0.21082048E-04   0.34787706E-04  -0.13717628E-03   0.00000000E+00
  9.   22.   0.22809520E-04   0.36515178E-04  -0.71007669E-04   0.00000000E+00
  9.   23.   0.42164096E-04   0.17274722E-05   0.10042001E-03   0.00000000E+00
  9.   24.   0.19354576E-04  -0.36515178E-04   0.12298889E-03   0.00000000E+00
  9.   25.  -0.21082048E-04  -0.38242650E-04  -0.36756272E-04   0.00000000E+00
  9.   26.  -0.40436624E-04   0.00000000E+00  -0.14201533E-03   0.00000000E+00
  9.   27.  -0.16038457E-03   0.00000000E+00   0.98733302E-03   0.00000000E+00
  9.   28.  -0.89165409E-04   0.17238527E-03   0.25554059E-03   0.00000000E+00
  9.   29.   0.71219158E-04   0.15443902E-03  -0.85505547E-03   0.00000000E+00
  9.   30.   0.17833082E-03  -0.17946251E-04  -0.69814987E-03   0.00000000E+00
  9.   31.   0.10711166E-03  -0.15443902E-03   0.49366651E-03   0.00000000E+00
  9.   32.  -0.89165408E-04  -0.13649277E-03   0.95369046E-03   0.00000000E+00
  9.   33.  -0.19627707E-03  -0.73345691E-12   0.54515244E-11   0.00000000E+00
  9.   34.  -0.89165410E-04   0.13649277E-03  -0.95369046E-03   0.00000000E+00
  9.   35.   0.10711166E-03   0.15443902E-03  -0.49366652E-03   0.00000000E+00
  9.   36.   0.17833082E-03   0.17946252E-04   0.69814987E-03   0.00000000E+00
  9.   37.   0.71219159E-04  -0.15443902E-03   0.85505548E-03   0.00000000E+00
  9.   38.  -0.89165408E-04  -0.17238527E-03  -0.25554058E-03   0.00000000E+00
  9.   39.  -0.16038457E-03   0.00000000E+00  -0.98733302E-03   0.00000000E+00
  9.   40.  -0.30990593E-03   0.00000000E+00   0.31130557E-02   0.00000000E+00
  9.   41.  -0.19159542E-03   0.40513789E-03   0.80571811E-03   0.00000000E+00
  9.   42.   0.11831052E-03   0.33185300E-03  -0.26959853E-02   0.00000000E+00
  9.   43.   0.38319083E-03  -0.73284898E-04  -0.22012628E-02   0.00000000E+00
  9.   44.   0.26488032E-03  -0.33185300E-03   0.15565279E-02   0.00000000E+00
  9.   45.  -0.19159541E-03  -0.25856810E-03   0.30069809E-02   0.00000000E+00
  9.   46.  -0.45647573E-03  -0.13310042E-11   0.18284945E-10   0.00000000E+00
  9.   47.  -0.19159542E-03   0.25856809E-03  -0.30069809E-02   0.00000000E+00
  9.   48.   0.26488031E-03   0.33185300E-03  -0.15565279E-02   0.00000000E+00
  9.   49.   0.38319083E-03   0.73284902E-04   0.22012628E-02   0.00000000E+00
  9.   50.   0.11831052E-03  -0.33185299E-03   0.26959854E-02   0.00000000E+00
  9.   51.  -0.19159541E-03  -0.40513790E-03  -0.80571808E-03   0.00000000E+00
  9.   52.  -0.30990593E-03   0.00000000E+00  -0.31130557E-02   0.00000000E+00
  9.   53.  -0.45608345E-03   0.00000000E+00   0.64837596E-02   0.00000000E+00
  9.   54.  -0.29542524E-03   0.64645855E-03   0.16781205E-02   0.00000000E+00
  9.   55.   0.16065821E-03   0.51169153E-03  -0.56151006E-02   0.00000000E+00
  9.   56.   0.59085048E-03  -0.13476703E-03  -0.45847104E-02   0.00000000E+00
  9.   57.   0.43019227E-03  -0.51169153E-03   0.32418798E-02   0.00000000E+00
  9.   58.  -0.29542524E-03  -0.37692450E-03   0.62628309E-02   0.00000000E+00
  9.   59.  -0.72561751E-03  -0.18784064E-11   0.38548039E-10   0.00000000E+00
  9.   60.  -0.29542524E-03   0.37692449E-03  -0.62628309E-02   0.00000000E+00
  9.   61.   0.43019227E-03   0.51169153E-03  -0.32418799E-02   0.00000000E+00
  9.   62.   0.59085048E-03   0.13476703E-03   0.45847104E-02   0.00000000E+00
  9.   63.   0.16065821E-03  -0.51169152E-03   0.56151006E-02   0.00000000E+00
  9.   64.  -0.29542524E-03  -0.64645856E-03  -0.16781204E-02   0.00000000E+00
  9.   65.  -0.45608345E-03   0.00000000E+00  -0.64837596E-02   0.00000000E+00
  9.   66.   0.45608345E-03   0.00000000E+00   0.64837596E-02   0.00000000E+00
  9.   67.   0.29542524E-03  -0.64645855E-03   0.16781205E-02   0.00000000E+00
  9.   68.  -0.16065821E-03  -0.51169153E-03  -0.56151006E-02   0.00000000E+00
  9.   69.  -0.59085048E-03   0.13476703E-03  -0.45847104E-02   0.00000000E+00
  9.   70.  -0.43019227E-03   0.51169153E-03   0.32418798E-02   0.00000000E+00
  9.   71.   0.29542524E-03   0.37692450E-03   0.62628309E-02   0.00000000E+00
  9.   72.   0.72561751E-03   0.18643108E-11   0.38547851E-10   0.00000000E+00
  9.   73.   0.29542524E-03  -0.37692449E-03  -0.62628309E-02   0.00000000E+00
  9.   74.  -0.43019227E-03  -0.51169153E-03  -0.32418799E-02   0.00000000E+00
  9.   75.  -0.59085048E-03  -0.13476703E-03   0.45847104E-02   0.00000000E+00
  9.   76.  -0.16065821E-03   0.51169152E-03   0.56151006E-02   0.00000000E+00
  9.   77.   0.29542524E-03   0.64645856E-03  -0.16781204E-02   0.00000000E+00
  9.   78.   0.45608345E-03   0.00000000E+00  -0.64837596E-02   0.00000000E+00
 10.    1.  -0.16688806E-03   0.00000000E+00   0.86468858E-03   0.00000000E+00
 10.    2.  -0.17172147E-03   0.82454911E-04   0.74884228E-03   0.00000000E+00
 10.    3.  -0.17972984E-03   0.14441316E-03   0.43234429E-03   0.00000000E+00
 10.    4.  -0.17548992E-03   0.17548992E-03   0.11330552E-11   0.00000000E+00
 10.    5.  -0.14441316E-03   0.17972984E-03  -0.43234429E-03   0.00000000E+00
 10.    6.  -0.82454911E-04   0.17172147E-03  -0.74884228E-03   0.00000000E+00
 10.    7.  -0.38816583E-12   0.16688806E-03  -0.86468858E-03   0.00000000E+00
 10.    8.   0.82454910E-04   0.17172147E-03  -0.74884228E-03   0.00000000E+00
 10.    9.   0.14441316E-03   0.17972984E-03  -0.43234429E-03   0.00000000E+00
 10.   10.   0.17548992E-03   0.17548992E-03  -0.28745220E-11   0.00000000E+00
 10.   11.   0.17972984E-03   0.14441316E-03   0.43234429E-03   0.00000000E+00
 10.   12.   0.17172147E-03   0.82454911E-04   0.74884228E-03   0.00000000E+00
 10.   13.   0.16688806E-03   0.00000000E+00   0.86468858E-03   0.00000000E+00
 10.   14.  -0.13654583E-03   0.00000000E+00   0.24395037E-02   0.00000000E+00
 10.   15.  -0.15320245E-03   0.11486806E-03   0.21126722E-02   0.00000000E+00
 10.   16.  -0.18955447E-03   0.19177215E-03   0.12197518E-02   0.00000000E+00
 10.   17.  -0.21298868E-03   0.21298868E-03   0.32951402E-11   0.00000000E+00
 10.   18.  -0.19177215E-03   0.18955447E-03  -0.12197518E-02   0.00000000E+00
 10.   19.  -0.11486806E-03   0.15320245E-03  -0.21126722E-02   0.00000000E+00
 10.   20.  -0.54576235E-12   0.13654583E-03  -0.24395037E-02   0.00000000E+00
 10.   21.   0.11486806E-03   0.15320245E-03  -0.21126722E-02   0.00000000E+00
 10.   22.   0.19177215E-03   0.18955447E-03  -0.12197519E-02   0.00000000E+00
 10.   23.   0.21298868E-03   0.21298868E-03  -0.79871509E-11   0.00000000E+00
 10.   24.   0.18955447E-03   0.19177215E-03   0.12197518E-02   0.00000000E+00
 10.   25.   0.15320245E-03   0.11486806E-03   0.21126722E-02   0.00000000E+00
 10.   26.   0.13654583E-03   0.00000000E+00   0.24395037E-02   0.00000000E+00
 10.   27.   0.11951950E-03   0.00000000E+00   0.26042313E-02   0.00000000E+00
 10.   28.   0.73236942E-04   0.12659604E-03   0.22553305E-02   0.00000000E+00
 10.   29.  -0.37730579E-04   0.18487078E-03   0.13021157E-02   0.00000000E+00
 10.   30.  -0.14612682E-03   0.14612682E-03   0.35795407E-11   0.00000000E+00
 10.   31.  -0.18487078E-03   0.37730580E-04  -0.13021156E-02   0.00000000E+00
 10.   32.  -0.12659604E-03  -0.73236941E-04  -0.22553305E-02   0.00000000E+00
 10.   33.  -0.62183918E-12  -0.11951950E-03  -0.26042313E-02   0.00000000E+00
 10.   34.   0.12659604E-03  -0.73236942E-04  -0.22553305E-02   0.00000000E+00
 10.   35.   0.18487078E-03   0.37730578E-04  -0.13021157E-02   0.00000000E+00
 10.   36.   0.14612682E-03   0.14612682E-03  -0.85622053E-11   0.00000000E+00
 10.   37.   0.37730580E-04   0.18487078E-03   0.13021156E-02   0.00000000E+00
 10.   38.  -0.73236941E-04   0.12659604E-03   0.22553305E-02   0.00000000E+00
 10.   39.  -0.11951950E-03   0.00000000E+00   0.26042313E-02   0.00000000E+00
 10.   40.   0.33727097E-03   0.00000000E+00   0.42243932E-03   0.00000000E+00
 10.   41.   0.27898417E-03   0.87347567E-04   0.36584318E-03   0.00000000E+00
 10.   42.   0.13550754E-03   0.10256502E-03   0.21121966E-03   0.00000000E+00
 10.   43.  -0.17203700E-04   0.17203701E-04   0.68011577E-12   0.00000000E+00
 10.   44.  -0.10256502E-03  -0.13550754E-03  -0.21121966E-03   0.00000000E+00
 10.   45.  -0.87347567E-04  -0.27898417E-03  -0.36584318E-03   0.00000000E+00
 10.   46.  -0.43020991E-12  -0.33727097E-03  -0.42243932E-03   0.00000000E+00
 10.   47.   0.87347566E-04  -0.27898417E-03  -0.36584318E-03   0.00000000E+00
 10.   48.   0.10256502E-03  -0.13550754E-03  -0.21121966E-03   0.00000000E+00
 10.   49.   0.17203701E-04   0.17203700E-04  -0.15319388E-11   0.00000000E+00
 10.   50.  -0.13550754E-03   0.10256502E-03   0.21121966E-03   0.00000000E+00
 10.   51.  -0.27898417E-03   0.87347567E-04   0.36584318E-03   0.00000000E+00
 10.   52.  -0.33727097E-03   0.00000000E+00   0.42243932E-03   0.00000000E+00
 10.   53.   0.36694256E-03   0.00000000E+00  -0.28274681E-02   0.00000000E+00
 10.   54.   0.32256387E-03   0.23988994E-04  -0.24486592E-02   0.00000000E+00
 10.   55.   0.21112432E-03   0.12645155E-05  -0.14137341E-02   0.00000000E+00
 10.   56.   0.85296995E-04  -0.85296994E-04  -0.36504071E-11   0.00000000E+00
 10.   57.  -0.12645153E-05  -0.21112432E-03   0.14137341E-02   0.00000000E+00
 10.   58.  -0.23988994E-04  -0.32256387E-03   0.24486592E-02   0.00000000E+00
 10.   59.  -0.11003390E-12  -0.36694256E-03   0.28274681E-02   0.00000000E+00
 10.   60.   0.23988994E-04  -0.32256387E-03   0.24486592E-02   0.00000000E+00
 10.   61.   0.12645158E-05  -0.21112432E-03   0.14137341E-02   0.00000000E+00
 10.   62.  -0.85296994E-04  -0.85296995E-04   0.89507202E-11   0.00000000E+00
 10.   63.  -0.21112432E-03   0.12645151E-05  -0.14137341E-02   0.00000000E+00
 10.   64.  -0.32256387E-03   0.23988995E-04  -0.24486592E-02   0.00000000E+00
 10.   65.  -0.36694256E-03   0.00000000E+00  -0.28274681E-02   0.00000000E+00
 10.   66.  -0.36694256E-03   0.00000000E+00  -0.28274681E-02   0.00000000E+00
 10.   67.  -0.32256387E-03  -0.23988994E-04  -0.24486592E-02   0.00000000E+00
 10.   68.  -0.21112432E-03  -0.12645155E-05  -0.14137341E-02   0.00000000E+00
 10.   69.  -0.85296995E-04   0.85296994E-04  -0.36484608E-11   0.00000000E+00
 10.   70.   0.12645154E-05   0.21112432E-03   0.14137341E-02   0.00000000E+00
 10.   71.   0.23988994E-04   0.32256387E-03   0.24486592E-02   0.00000000E+00
 10.   72.   0.11580886E-12   0.36694256E-03   0.28274681E-02   0.00000000E+00
 10.   73.  -0.23988994E-04   0.32256387E-03   0.24486592E-02   0.00000000E+00
 10.   74.  -0.12645158E-05   0.21112432E-03   0.14137341E-02   0.00000000E+00
 10.   75.   0.85296994E-04   0.85296995E-04   0.89490607E-11   0.00000000E+00
 10.   76.   0.21112432E-03  -0.12645151E-05  -0.14137341E-02   0.00000000E+00
 10.   77.   0.32256387E-03  -0.23988994E-04  -0.24486592E-02   0.00000000E+00
 10.   78.   0.36694256E-03   0.00000000E+00  -0.28274681E-02   0.00000000E+00
 11.    1.   0.53205918E-03   0.00000000E+00   0.50477703E-02   0.00000000E+00
 11.    2.   0.51392970E-03   0.13770705E-03   0.50477703E-02   0.00000000E+00
 11.    3.   0.46077677E-03   0.26602959E-03   0.50477703E-02   0.00000000E+00
 11.    4.   0.37622265E-03   0.37622265E-03   0.50477703E-02   0.00000000E+00
 11.    5.   0.26602959E-03   0.46077677E-03   0.50477703E-02   0.00000000E+00
 11.    6.   0.13770705E-03   0.51392970E-03   0.50477703E-02   0.00000000E+00
 11.    7.   0.65335887E-12   0.53205918E-03   0.50477703E-02   0.00000000E+00
 11.    8.  -0.13770705E-03   0.51392970E-03   0.50477703E-02   0.00000000E+00
 11.    9.  -0.26602959E-03   0.46077677E-03   0.50477703E-02   0.00000000E+00
 11.   10.  -0.37622265E-03   0.37622266E-03   0.50477703E-02   0.00000000E+00
 11.   11.  -0.46077677E-03   0.26602959E-03   0.50477703E-02   0.00000000E+00
 11.   12.  -0.51392970E-03   0.13770705E-03   0.50477703E-02   0.00000000E+00
 11.   13.  -0.53205918E-03   0.00000000E+00   0.50477703E-02   0.00000000E+00
 11.   14.   0.42650709E-03   0.00000000E+00   0.68255951E-03   0.00000000E+00
 11.   15.   0.41197421E-03   0.11038816E-03   0.68255951E-03   0.00000000E+00
 11.   16.   0.36936597E-03   0.21325354E-03   0.68255951E-03   0.00000000E+00
 11.   17.   0.30158605E-03   0.30158605E-03   0.68255951E-03   0.00000000E+00
 11.   18.   0.21325354E-03   0.36936597E-03   0.68255951E-03   0.00000000E+00
 11.   19.   0.11038816E-03   0.41197421E-03   0.68255951E-03   0.00000000E+00
 11.   20.   0.48690160E-12   0.42650709E-03   0.68255951E-03   0.00000000E+00
 11.   21.  -0.11038816E-03   0.41197421E-03   0.68255951E-03   0.00000000E+00
 11.   22.  -0.21325354E-03   0.36936597E-03   0.68255951E-03   0.00000000E+00
 11.   23.  -0.30158605E-03   0.30158605E-03   0.68255951E-03   0.00000000E+00
 11.   24.  -0.36936597E-03   0.21325354E-03   0.68255951E-03   0.00000000E+00
 11.   25.  -0.41197421E-03   0.11038816E-03   0.68255951E-03   0.00000000E+00
 11.   26.  -0.42650709E-03   0.00000000E+00   0.68255951E-03   0.00000000E+00
 11.   27.   0.72593986E-04   0.00000000E+00  -0.17268146E-02   0.00000000E+00
 11.   28.   0.70120406E-04   0.18788706E-04  -0.17268146E-02   0.00000000E+00
 11.   29.   0.62868236E-04   0.36296993E-04  -0.17268146E-02   0.00000000E+00
 11.   30.   0.51331700E-04   0.51331700E-04  -0.17268146E-02   0.00000000E+00
 11.   31.   0.36296993E-04   0.62868236E-04  -0.17268146E-02   0.00000000E+00
 11.   32.   0.18788706E-04   0.70120406E-04  -0.17268146E-02   0.00000000E+00
 11.   33.   0.13456394E-12   0.72593986E-04  -0.17268146E-02   0.00000000E+00
 11.   34.  -0.18788706E-04   0.70120406E-04  -0.17268146E-02   0.00000000E+00
 11.   35.  -0.36296993E-04   0.62868236E-04  -0.17268146E-02   0.00000000E+00
 11.   36.  -0.51331700E-04   0.51331700E-04  -0.17268146E-02   0.00000000E+00
 11.   37.  -0.62868236E-04   0.36296993E-04  -0.17268146E-02   0.00000000E+00
 11.   38.  -0.70120406E-04   0.18788706E-04  -0.17268146E-02   0.00000000E+00
 11.   39.  -0.72593986E-04   0.00000000E+00  -0.17268146E-02   0.00000000E+00
 11.   40.  -0.27321962E-03   0.00000000E+00  -0.65704014E-03   0.00000000E+00
 11.   41.  -0.26390989E-03  -0.70714442E-04  -0.65704014E-03   0.00000000E+00
 11.   42.  -0.23661513E-03  -0.13660981E-03  -0.65704014E-03   0.00000000E+00
 11.   43.  -0.19319545E-03  -0.19319545E-03  -0.65704014E-03   0.00000000E+00
 11.   44.  -0.13660981E-03  -0.23661513E-03  -0.65704014E-03   0.00000000E+00
 11.   45.  -0.70714442E-04  -0.26390989E-03  -0.65704014E-03   0.00000000E+00
 11.   46.  -0.36063308E-12  -0.27321962E-03  -0.65704014E-03   0.00000000E+00
 11.   47.   0.70714441E-04  -0.26390989E-03  -0.65704014E-03   0.00000000E+00
 11.   48.   0.13660981E-03  -0.23661513E-03  -0.65704014E-03   0.00000000E+00
 11.   49.   0.19319545E-03  -0.19319545E-03  -0.65704014E-03   0.00000000E+00
 11.   50.   0.23661513E-03  -0.13660981E-03  -0.65704014E-03   0.00000000E+00
 11.   51.   0.26390989E-03  -0.70714442E-04  -0.65704014E-03   0.00000000E+00
 11.   52.   0.27321962E-03   0.00000000E+00  -0.65704014E-03   0.00000000E+00
 11.   53.  -0.33631053E-03   0.00000000E+00   0.22538015E-02   0.00000000E+00
 11.   54.  -0.32485103E-03  -0.87043571E-04   0.22538015E-02   0.00000000E+00
 11.   55.  -0.29125346E-03  -0.16815527E-03   0.22538015E-02   0.00000000E+00
 11.   56.  -0.23780746E-03  -0.23780746E-03   0.22538015E-02   0.00000000E+00
 11.   57.  -0.16815527E-03  -0.29125346E-03   0.22538015E-02   0.00000000E+00
 11.   58.  -0.87043571E-04  -0.32485103E-03   0.22538015E-02   0.00000000E+00
 11.   59.  -0.43670890E-12  -0.33631053E-03   0.22538015E-02   0.00000000E+00
 11.   60.   0.87043570E-04  -0.32485103E-03   0.22538015E-02   0.00000000E+00
 11.   61.   0.16815527E-03  -0.29125346E-03   0.22538015E-02   0.00000000E+00
 11.   62.   0.23780746E-03  -0.23780746E-03   0.22538015E-02   0.00000000E+00
 11.   63.   0.29125346E-03  -0.16815527E-03   0.22538015E-02   0.00000000E+00
 11.   64.   0.32485103E-03  -0.87043571E-04   0.22538015E-02   0.00000000E+00
 11.   65.   0.33631053E-03   0.00000000E+00   0.22538015E-02   0.00000000E+00
 11.   66.   0.33631053E-03   0.00000000E+00   0.22538015E-02   0.00000000E+00
 11.   67.   0.32485103E-03   0.87043571E-04   0.22538015E-02   0.00000000E+00
 11.   68.   0.29125346E-03   0.16815527E-03   0.22538015E-02   0.00000000E+00
 11.   69.   0.23780746E-03   0.23780746E-03   0.22538015E-02   0.00000000E+00
 11.   70.   0.16815527E-03   0.29125346E-03   0.22538015E-02   0.00000000E+00
 11.   71.   0.87043571E-04   0.32485103E-03   0.22538015E-02   0.00000000E+00
 11.   72.   0.30295506E-12   0.33631053E-03   0.22538015E-02   0.00000000E+00
 11.   73.  -0.87043570E-04   0.32485103E-03   0.22538015E-02   0.00000000E+00
 11.   74.  -0.16815527E-03   0.29125346E-03   0.22538015E-02   0.00000000E+00
 11.   75.  -0.23780746E-03   0.23780746E-03   0.22538015E-02   0.00000000E+00
 11.   76.  -0.29125346E-03   0.16815527E-03   0.22538015E-02   0.00000000E+00
 11.   77.  -0.32485103E-03   0.87043571E-04   0.22538015E-02   0.00000000E+00
 11.   78.  -0.33631053E-03   0.00000000E+00   0.22538015E-02   0.00000000E+00
 12.    1.  -0.59897230E-06   0.00000000E+00   0.38306263E-06   0.00000000E+00
 12.    2.  -0.14976659E-06   0.55893656E-06  -0.23843246E-13   0.00000000E+00
 12.    3.   0.51872526E-06   0.29948615E-06  -0.38306268E-06   0.00000000E+00
 12.    4.   0.40916998E-06  -0.40916997E-06   0.64733497E-15   0.00000000E+00
 12.    5.  -0.29948614E-06  -0.51872526E-06   0.38306268E-06   0.00000000E+00
 12.    6.  -0.55893655E-06   0.14976659E-06   0.23008269E-13   0.00000000E+00
 12.    7.   0.25087765E-14   0.59897231E-06  -0.38306263E-06   0.00000000E+00
 12.    8.   0.55893655E-06   0.14976660E-06   0.34733692E-13   0.00000000E+00
 12.    9.   0.29948615E-06  -0.51872524E-06   0.38306270E-06   0.00000000E+00
 12.   10.  -0.40916996E-06  -0.40916996E-06   0.38692706E-13   0.00000000E+00
 12.   11.  -0.51872525E-06   0.29948617E-06  -0.38306262E-06   0.00000000E+00
 12.   12.   0.14976658E-06   0.55893658E-06   0.57767083E-13   0.00000000E+00
 12.   13.   0.59897229E-06   0.00000000E+00   0.38306273E-06   0.00000000E+00
 12.   14.  -0.16630323E-04   0.00000000E+00   0.48900213E-04   0.00000000E+00
 12.   15.  -0.46802399E-05   0.17466893E-04   0.42010703E-13   0.00000000E+00
 12.   16.   0.14402282E-04   0.83151615E-05  -0.48900213E-04   0.00000000E+00
 12.   17.   0.12786653E-04  -0.12786653E-04  -0.22966861E-12   0.00000000E+00
 12.   18.  -0.83151614E-05  -0.14402282E-04   0.48900213E-04   0.00000000E+00
 12.   19.  -0.17466893E-04   0.46802398E-05   0.20723198E-12   0.00000000E+00
 12.   20.  -0.97182946E-13   0.16630323E-04  -0.48900213E-04   0.00000000E+00
 12.   21.   0.17466893E-04   0.46802400E-05  -0.42626806E-12   0.00000000E+00
 12.   22.   0.83151616E-05  -0.14402282E-04   0.48900213E-04   0.00000000E+00
 12.   23.  -0.12786653E-04  -0.12786653E-04   0.49880969E-12   0.00000000E+00
 12.   24.  -0.14402282E-04   0.83151613E-05  -0.48900213E-04   0.00000000E+00
 12.   25.   0.46802397E-05   0.17466893E-04  -0.65882880E-12   0.00000000E+00
 12.   26.   0.16630323E-04   0.00000000E+00   0.48900213E-04   0.00000000E+00
 12.   27.  -0.94863493E-04   0.00000000E+00   0.49426724E-03   0.00000000E+00
 12.   28.  -0.30431152E-04   0.11357061E-03   0.38391087E-12   0.00000000E+00
 12.   29.   0.82154194E-04   0.47431746E-04  -0.49426724E-03   0.00000000E+00
 12.   30.   0.83139455E-04  -0.83139454E-04  -0.20153001E-11   0.00000000E+00
 12.   31.  -0.47431746E-04  -0.82154195E-04   0.49426724E-03   0.00000000E+00
 12.   32.  -0.11357061E-03   0.30431152E-04   0.23378225E-11   0.00000000E+00
 12.   33.  -0.72304030E-12   0.94863493E-04  -0.49426724E-03   0.00000000E+00
 12.   34.   0.11357061E-03   0.30431153E-04  -0.45109512E-11   0.00000000E+00
 12.   35.   0.47431747E-04  -0.82154194E-04   0.49426724E-03   0.00000000E+00
 12.   36.  -0.83139454E-04  -0.83139455E-04   0.48355270E-11   0.00000000E+00
 12.   37.  -0.82154195E-04   0.47431745E-04  -0.49426724E-03   0.00000000E+00
 12.   38.   0.30431151E-04   0.11357061E-03  -0.65944758E-11   0.00000000E+00
 12.   39.   0.94863493E-04   0.00000000E+00   0.49426724E-03   0.00000000E+00
 12.   40.  -0.21767573E-03   0.00000000E+00   0.19005747E-02   0.00000000E+00
 12.   41.  -0.86337501E-04   0.32221594E-03   0.13645022E-11   0.00000000E+00
 12.   42.   0.18851271E-03   0.10883787E-03  -0.19005747E-02   0.00000000E+00
 12.   43.   0.23587844E-03  -0.23587844E-03  -0.77886937E-11   0.00000000E+00
 12.   44.  -0.10883786E-03  -0.18851271E-03   0.19005747E-02   0.00000000E+00
 12.   45.  -0.32221594E-03   0.86337500E-04   0.89757515E-11   0.00000000E+00
 12.   46.  -0.21049021E-11   0.21767573E-03  -0.19005747E-02   0.00000000E+00
 12.   47.   0.32221594E-03   0.86337502E-04  -0.17455666E-10   0.00000000E+00
 12.   48.   0.10883787E-03  -0.18851271E-03   0.19005747E-02   0.00000000E+00
 12.   49.  -0.23587844E-03  -0.23587844E-03   0.18616270E-10   0.00000000E+00
 12.   50.  -0.18851272E-03   0.10883786E-03  -0.19005747E-02   0.00000000E+00
 12.   51.   0.86337499E-04   0.32221594E-03  -0.25153089E-10   0.00000000E+00
 12.   52.   0.21767573E-03   0.00000000E+00   0.19005747E-02   0.00000000E+00
 12.   53.  -0.35002336E-03   0.00000000E+00   0.43764465E-02   0.00000000E+00
 12.   54.  -0.15068331E-03   0.56235778E-03   0.30269511E-11   0.00000000E+00
 12.   55.   0.30312912E-03   0.17501168E-03  -0.43764465E-02   0.00000000E+00
 12.   56.   0.41167447E-03  -0.41167447E-03  -0.17890802E-10   0.00000000E+00
 12.   57.  -0.17501168E-03  -0.30312912E-03   0.43764465E-02   0.00000000E+00
 12.   58.  -0.56235778E-03   0.15068331E-03   0.20666457E-10   0.00000000E+00
 12.   59.  -0.37002953E-11   0.35002336E-03  -0.43764465E-02   0.00000000E+00
 12.   60.   0.56235778E-03   0.15068332E-03  -0.40177665E-10   0.00000000E+00
 12.   61.   0.17501168E-03  -0.30312912E-03   0.43764465E-02   0.00000000E+00
 12.   62.  -0.41167447E-03  -0.41167447E-03   0.42964171E-10   0.00000000E+00
 12.   63.  -0.30312913E-03   0.17501167E-03  -0.43764465E-02   0.00000000E+00
 12.   64.   0.15068331E-03   0.56235778E-03  -0.57672090E-10   0.00000000E+00
 12.   65.   0.35002336E-03   0.00000000E+00   0.43764465E-02   0.00000000E+00
 12.   66.   0.35002336E-03   0.00000000E+00   0.43764465E-02   0.00000000E+00
 12.   67.   0.15068331E-03  -0.56235778E-03   0.30254072E-11   0.00000000E+00
 12.   68.  -0.30312912E-03  -0.17501168E-03  -0.43764465E-02   0.00000000E+00
 12.   69.  -0.41167447E-03   0.41167447E-03  -0.17891521E-10   0.00000000E+00
 12.   70.   0.17501168E-03   0.30312912E-03   0.43764465E-02   0.00000000E+00
 12.   71.   0.56235778E-03  -0.15068331E-03   0.20667975E-10   0.00000000E+00
 12.   72.   0.37242247E-11  -0.35002336E-03  -0.43764465E-02   0.00000000E+00
 12.   73.  -0.56235778E-03  -0.15068332E-03  -0.40176406E-10   0.00000000E+00
 12.   74.  -0.17501168E-03   0.30312912E-03   0.43764465E-02   0.00000000E+00
 12.   75.   0.41167447E-03   0.41167447E-03   0.42962385E-10   0.00000000E+00
 12.   76.   0.30312913E-03  -0.17501167E-03  -0.43764465E-02   0.00000000E+00
 12.   77.  -0.15068331E-03  -0.56235778E-03  -0.57671432E-10   0.00000000E+00
 12.   78.  -0.35002336E-03   0.00000000E+00   0.43764465E-02   0.00000000E+00
 13.    1.  -0.69937649E-04   0.00000000E+00   0.18700089E-03   0.00000000E+00
 13.    2.  -0.64053897E-04   0.47979190E-04   0.13222960E-03   0.00000000E+00
 13.    3.  -0.44493073E-04   0.77064263E-04  -0.21939015E-13   0.00000000E+00
 13.    4.  -0.95242487E-05   0.79461897E-04  -0.13222960E-03   0.00000000E+00
 13.    5.   0.34968824E-04   0.60567781E-04  -0.18700089E-03   0.00000000E+00
 13.    6.   0.73578146E-04   0.31482708E-04  -0.13222960E-03   0.00000000E+00
 13.    7.   0.88986146E-04   0.14986234E-12  -0.63013332E-12   0.00000000E+00
 13.    8.   0.73578146E-04  -0.31482707E-04   0.13222960E-03   0.00000000E+00
 13.    9.   0.34968825E-04  -0.60567780E-04   0.18700089E-03   0.00000000E+00
 13.   10.  -0.95242483E-05  -0.79461897E-04   0.13222960E-03   0.00000000E+00
 13.   11.  -0.44493073E-04  -0.77064263E-04   0.13640319E-11   0.00000000E+00
 13.   12.  -0.64053897E-04  -0.47979190E-04  -0.13222959E-03   0.00000000E+00
 13.   13.  -0.69937649E-04   0.00000000E+00  -0.18700089E-03   0.00000000E+00
 13.   14.  -0.13381694E-03   0.00000000E+00   0.11710792E-02   0.00000000E+00
 13.   15.  -0.13094856E-03   0.12311199E-03   0.82807807E-03   0.00000000E+00
 13.   16.  -0.10805230E-03   0.18715207E-03   0.55121542E-12   0.00000000E+00
 13.   17.  -0.41143830E-04   0.17496077E-03  -0.82807807E-03   0.00000000E+00
 13.   18.   0.66908469E-04   0.11588887E-03  -0.11710792E-02   0.00000000E+00
 13.   19.   0.17209239E-03   0.51848783E-04  -0.82807807E-03   0.00000000E+00
 13.   20.   0.21610460E-03   0.22113659E-12  -0.41524507E-11   0.00000000E+00
 13.   21.   0.17209239E-03  -0.51848782E-04   0.82807807E-03   0.00000000E+00
 13.   22.   0.66908470E-04  -0.11588887E-03   0.11710792E-02   0.00000000E+00
 13.   23.  -0.41143829E-04  -0.17496077E-03   0.82807808E-03   0.00000000E+00
 13.   24.  -0.10805230E-03  -0.18715207E-03   0.76216650E-11   0.00000000E+00
 13.   25.  -0.13094856E-03  -0.12311199E-03  -0.82807807E-03   0.00000000E+00
 13.   26.  -0.13381694E-03   0.00000000E+00  -0.11710792E-02   0.00000000E+00
 13.   27.   0.16238980E-04   0.00000000E+00   0.18829030E-02   0.00000000E+00
 13.   28.  -0.29785036E-04   0.15552499E-03   0.13314135E-02   0.00000000E+00
 13.   29.  -0.11167658E-03   0.19342952E-03   0.10222374E-11   0.00000000E+00
 13.   30.  -0.11979607E-03   0.10355709E-03  -0.13314134E-02   0.00000000E+00
 13.   31.  -0.81194906E-05  -0.14063369E-04  -0.18829030E-02   0.00000000E+00
 13.   32.   0.14958111E-03  -0.51967896E-04  -0.13314135E-02   0.00000000E+00
 13.   33.   0.22335317E-03  -0.31920603E-12  -0.66639953E-11   0.00000000E+00
 13.   34.   0.14958111E-03   0.51967896E-04   0.13314134E-02   0.00000000E+00
 13.   35.  -0.81194892E-05   0.14063370E-04   0.18829030E-02   0.00000000E+00
 13.   36.  -0.11979607E-03  -0.10355709E-03   0.13314135E-02   0.00000000E+00
 13.   37.  -0.11167658E-03  -0.19342952E-03   0.12104093E-10   0.00000000E+00
 13.   38.  -0.29785037E-04  -0.15552499E-03  -0.13314134E-02   0.00000000E+00
 13.   39.   0.16238980E-04   0.00000000E+00  -0.18829030E-02   0.00000000E+00
 13.   40.   0.24698143E-03   0.00000000E+00   0.61926396E-03   0.00000000E+00
 13.   41.   0.15885365E-03   0.81915936E-04   0.43788574E-03   0.00000000E+00
 13.   42.  -0.26877390E-04   0.46553005E-04   0.36257282E-12   0.00000000E+00
 13.   43.  -0.15036810E-03  -0.96613324E-04  -0.43788574E-03   0.00000000E+00
 13.   44.  -0.12349072E-03  -0.21389219E-03  -0.61926396E-03   0.00000000E+00
 13.   45.  -0.84855414E-05  -0.17852926E-03  -0.43788575E-03   0.00000000E+00
 13.   46.   0.53754780E-04  -0.93532979E-12  -0.21824342E-11   0.00000000E+00
 13.   47.  -0.84855404E-05   0.17852926E-03   0.43788574E-03   0.00000000E+00
 13.   48.  -0.12349071E-03   0.21389219E-03   0.61926396E-03   0.00000000E+00
 13.   49.  -0.15036811E-03   0.96613326E-04   0.43788575E-03   0.00000000E+00
 13.   50.  -0.26877392E-04  -0.46553004E-04   0.39556309E-11   0.00000000E+00
 13.   51.   0.15885364E-03  -0.81915937E-04  -0.43788574E-03   0.00000000E+00
 13.   52.   0.24698143E-03   0.00000000E+00  -0.61926396E-03   0.00000000E+00
 13.   53.   0.29540550E-03   0.00000000E+00  -0.19312727E-02   0.00000000E+00
 13.   54.   0.22391075E-03  -0.28583455E-04  -0.13656160E-02   0.00000000E+00
 13.   55.   0.60501374E-04  -0.10479145E-03  -0.10196058E-11   0.00000000E+00
 13.   56.  -0.87201375E-04  -0.20820412E-03   0.13656160E-02   0.00000000E+00
 13.   57.  -0.14770275E-03  -0.25582867E-03   0.19312727E-02   0.00000000E+00
 13.   58.  -0.13670937E-03  -0.17962067E-03   0.13656160E-02   0.00000000E+00
 13.   59.  -0.12100275E-03  -0.89852338E-12   0.68552103E-11   0.00000000E+00
 13.   60.  -0.13670937E-03   0.17962067E-03  -0.13656160E-02   0.00000000E+00
 13.   61.  -0.14770275E-03   0.25582867E-03  -0.19312727E-02   0.00000000E+00
 13.   62.  -0.87201376E-04   0.20820412E-03  -0.13656160E-02   0.00000000E+00
 13.   63.   0.60501372E-04   0.10479145E-03  -0.12391642E-10   0.00000000E+00
 13.   64.   0.22391075E-03   0.28583455E-04   0.13656160E-02   0.00000000E+00
 13.   65.   0.29540550E-03   0.00000000E+00   0.19312727E-02   0.00000000E+00
 13.   66.  -0.29540550E-03   0.00000000E+00  -0.19312727E-02   0.00000000E+00
 13.   67.  -0.22391075E-03   0.28583455E-04  -0.13656160E-02   0.00000000E+00
 13.   68.  -0.60501374E-04   0.10479145E-03  -0.10188642E-11   0.00000000E+00
 13.   69.   0.87201375E-04   0.20820412E-03   0.13656160E-02   0.00000000E+00
 13.   70.   0.14770275E-03   0.25582867E-03   0.19312727E-02   0.00000000E+00
 13.   71.   0.13670937E-03   0.17962067E-03   0.13656160E-02   0.00000000E+00
 13.   72.   0.12100275E-03   0.90545489E-12   0.68551043E-11   0.00000000E+00
 13.   73.   0.13670937E-03  -0.17962067E-03  -0.13656160E-02   0.00000000E+00
 13.   74.   0.14770275E-03  -0.25582867E-03  -0.19312727E-02   0.00000000E+00
 13.   75.   0.87201376E-04  -0.20820412E-03  -0.13656160E-02   0.00000000E+00
 13.   76.  -0.60501372E-04  -0.10479145E-03  -0.12391644E-10   0.00000000E+00
 13.   77.  -0.22391075E-03  -0.28583455E-04   0.13656160E-02   0.00000000E+00
 13.   78.  -0.29540550E-03   0.00000000E+00   0.19312727E-02   0.00000000E+00
 14.    1.   0.13546178E-03   0.00000000E+00   0.28180232E-02   0.00000000E+00
 14.    2.   0.10367490E-03   0.11863028E-03   0.27220014E-02   0.00000000E+00
 14.    3.   0.16831507E-04   0.20547366E-03   0.24404797E-02   0.00000000E+00
 14.    4.  -0.10179877E-03   0.23726055E-03   0.19926433E-02   0.00000000E+00
 14.    5.  -0.22042904E-03   0.20547366E-03   0.14090116E-02   0.00000000E+00
 14.    6.  -0.30727243E-03   0.11863028E-03   0.72935808E-03   0.00000000E+00
 14.    7.  -0.33905932E-03   0.48013251E-12   0.30987097E-11   0.00000000E+00
 14.    8.  -0.30727243E-03  -0.11863027E-03  -0.72935807E-03   0.00000000E+00
 14.    9.  -0.22042904E-03  -0.20547366E-03  -0.14090116E-02   0.00000000E+00
 14.   10.  -0.10179877E-03  -0.23726055E-03  -0.19926433E-02   0.00000000E+00
 14.   11.   0.16831506E-04  -0.20547366E-03  -0.24404797E-02   0.00000000E+00
 14.   12.   0.10367490E-03  -0.11863028E-03  -0.27220014E-02   0.00000000E+00
 14.   13.   0.13546178E-03   0.00000000E+00  -0.28180232E-02   0.00000000E+00
 14.   14.   0.25411809E-03   0.00000000E+00   0.12310307E-02   0.00000000E+00
 14.   15.   0.23201566E-03   0.82487395E-04   0.11890843E-02   0.00000000E+00
 14.   16.   0.17163070E-03   0.14287236E-03   0.10661038E-02   0.00000000E+00
 14.   17.   0.89143301E-04   0.16497479E-03   0.87047014E-03   0.00000000E+00
 14.   18.   0.66559056E-05   0.14287236E-03   0.61551534E-03   0.00000000E+00
 14.   19.  -0.53729059E-04   0.82487396E-04   0.31861419E-03   0.00000000E+00
 14.   20.  -0.75831490E-04   0.37749038E-12   0.14795821E-11   0.00000000E+00
 14.   21.  -0.53729059E-04  -0.82487395E-04  -0.31861418E-03   0.00000000E+00
 14.   22.   0.66559049E-05  -0.14287236E-03  -0.61551534E-03   0.00000000E+00
 14.   23.   0.89143300E-04  -0.16497479E-03  -0.87047014E-03   0.00000000E+00
 14.   24.   0.17163070E-03  -0.14287236E-03  -0.10661038E-02   0.00000000E+00
 14.   25.   0.23201566E-03  -0.82487396E-04  -0.11890843E-02   0.00000000E+00
 14.   26.   0.25411809E-03   0.00000000E+00  -0.12310307E-02   0.00000000E+00
 14.   27.   0.13822608E-03   0.00000000E+00  -0.85080189E-03   0.00000000E+00
 14.   28.   0.13121565E-03   0.26163265E-04  -0.82181152E-03   0.00000000E+00
 14.   29.   0.11206281E-03   0.45316105E-04  -0.73681605E-03   0.00000000E+00
 14.   30.   0.85899546E-04   0.52326531E-04  -0.60160779E-03   0.00000000E+00
 14.   31.   0.59736281E-04   0.45316105E-04  -0.42540094E-03   0.00000000E+00
 14.   32.   0.40583441E-04   0.26163265E-04  -0.22020373E-03   0.00000000E+00
 14.   33.   0.33573015E-04   0.11778273E-12  -0.10623578E-11   0.00000000E+00
 14.   34.   0.40583441E-04  -0.26163265E-04   0.22020373E-03   0.00000000E+00
 14.   35.   0.59736280E-04  -0.45316105E-04   0.42540094E-03   0.00000000E+00
 14.   36.   0.85899546E-04  -0.52326531E-04   0.60160778E-03   0.00000000E+00
 14.   37.   0.11206281E-03  -0.45316105E-04   0.73681605E-03   0.00000000E+00
 14.   38.   0.13121565E-03  -0.26163266E-04   0.82181152E-03   0.00000000E+00
 14.   39.   0.13822608E-03   0.00000000E+00   0.85080189E-03   0.00000000E+00
 14.   40.  -0.16995670E-03   0.00000000E+00  -0.65139688E-03   0.00000000E+00
 14.   41.  -0.15730973E-03  -0.47199134E-04  -0.62920107E-03   0.00000000E+00
 14.   42.  -0.12275756E-03  -0.81751298E-04  -0.56412625E-03   0.00000000E+00
 14.   43.  -0.75558429E-04  -0.94398268E-04  -0.46060715E-03   0.00000000E+00
 14.   44.  -0.28359295E-04  -0.81751298E-04  -0.32569844E-03   0.00000000E+00
 14.   45.   0.61928689E-05  -0.47199134E-04  -0.16859392E-03   0.00000000E+00
 14.   46.   0.18839839E-04  -0.24922655E-12  -0.79563085E-12   0.00000000E+00
 14.   47.   0.61928692E-05   0.47199134E-04   0.16859392E-03   0.00000000E+00
 14.   48.  -0.28359295E-04   0.81751298E-04   0.32569844E-03   0.00000000E+00
 14.   49.  -0.75558429E-04   0.94398268E-04   0.46060715E-03   0.00000000E+00
 14.   50.  -0.12275756E-03   0.81751298E-04   0.56412625E-03   0.00000000E+00
 14.   51.  -0.15730973E-03   0.47199134E-04   0.62920107E-03   0.00000000E+00
 14.   52.  -0.16995670E-03   0.00000000E+00   0.65139688E-03   0.00000000E+00
 14.   53.  -0.24854516E-03   0.00000000E+00   0.14194297E-02   0.00000000E+00
 14.   54.  -0.23384438E-03  -0.54864073E-04   0.13710638E-02   0.00000000E+00
 14.   55.  -0.19368109E-03  -0.95027362E-04   0.12292622E-02   0.00000000E+00
 14.   56.  -0.13881702E-03  -0.10972815E-03   0.10036884E-02   0.00000000E+00
 14.   57.  -0.83952944E-04  -0.95027362E-04   0.70971487E-03   0.00000000E+00
 14.   58.  -0.43789655E-04  -0.54864073E-04   0.36737545E-03   0.00000000E+00
 14.   59.  -0.29088870E-04  -0.34452668E-12   0.18755960E-11   0.00000000E+00
 14.   60.  -0.43789654E-04   0.54864073E-04  -0.36737545E-03   0.00000000E+00
 14.   61.  -0.83952943E-04   0.95027362E-04  -0.70971487E-03   0.00000000E+00
 14.   62.  -0.13881702E-03   0.10972815E-03  -0.10036884E-02   0.00000000E+00
 14.   63.  -0.19368109E-03   0.95027363E-04  -0.12292622E-02   0.00000000E+00
 14.   64.  -0.23384438E-03   0.54864074E-04  -0.13710638E-02   0.00000000E+00
 14.   65.  -0.24854516E-03   0.00000000E+00  -0.14194297E-02   0.00000000E+00
 14.   66.   0.24854516E-03   0.00000000E+00   0.14194297E-02   0.00000000E+00
 14.   67.   0.23384438E-03   0.54864073E-04   0.13710638E-02   0.00000000E+00
 14.   68.   0.19368109E-03   0.95027362E-04   0.12292622E-02   0.00000000E+00
 14.   69.   0.13881702E-03   0.10972815E-03   0.10036884E-02   0.00000000E+00
 14.   70.   0.83952944E-04   0.95027362E-04   0.70971487E-03   0.00000000E+00
 14.   71.   0.43789655E-04   0.54864073E-04   0.36737545E-03   0.00000000E+00
 14.   72.   0.29088870E-04   0.30039597E-12   0.18778587E-11   0.00000000E+00
 14.   73.   0.43789654E-04  -0.54864073E-04  -0.36737545E-03   0.00000000E+00
 14.   74.   0.83952943E-04  -0.95027362E-04  -0.70971487E-03   0.00000000E+00
 14.   75.   0.13881702E-03  -0.10972815E-03  -0.10036884E-02   0.00000000E+00
 14.   76.   0.19368109E-03  -0.95027363E-04  -0.12292622E-02   0.00000000E+00
 14.   77.   0.23384438E-03  -0.54864074E-04  -0.13710638E-02   0.00000000E+00
 14.   78.   0.24854516E-03   0.00000000E+00  -0.14194297E-02   0.00000000E+00
 15.    1.  -0.12286427E-06   0.00000000E+00   0.57492286E-07   0.00000000E+00
 15.    2.   0.13724678E-08   0.11774218E-06  -0.14880229E-07   0.00000000E+00
 15.    3.   0.12149183E-06   0.23771509E-08  -0.49789950E-07   0.00000000E+00
 15.    4.  -0.27449020E-08  -0.12011938E-06   0.40653220E-07   0.00000000E+00
 15.    5.  -0.11874689E-06  -0.23771888E-08   0.28746165E-07   0.00000000E+00
 15.    6.   0.13724595E-08   0.12249651E-06  -0.55533426E-07   0.00000000E+00
 15.    7.   0.11737444E-06  -0.25274718E-13  -0.32462021E-13   0.00000000E+00
 15.    8.   0.13724674E-08  -0.12249654E-06   0.55533381E-07   0.00000000E+00
 15.    9.  -0.11874689E-06   0.23771621E-08  -0.28746184E-07   0.00000000E+00
 15.   10.  -0.27449147E-08   0.12011936E-06  -0.40653221E-07   0.00000000E+00
 15.   11.   0.12149181E-06  -0.23771528E-08   0.49789957E-07   0.00000000E+00
 15.   12.   0.13724439E-08  -0.11774217E-06   0.14880251E-07   0.00000000E+00
 15.   13.  -0.12286431E-06   0.00000000E+00  -0.57492259E-07   0.00000000E+00
 15.   14.  -0.70966785E-05   0.00000000E+00   0.17980793E-04   0.00000000E+00
 15.   15.  -0.15870012E-06   0.76889553E-05  -0.46537716E-05   0.00000000E+00
 15.   16.   0.72553786E-05  -0.27487663E-06  -0.15571823E-04   0.00000000E+00
 15.   17.   0.31740025E-06  -0.74140787E-05   0.12714340E-04   0.00000000E+00
 15.   18.  -0.75727788E-05   0.27487661E-06   0.89903964E-05   0.00000000E+00
 15.   19.  -0.15870015E-06   0.71392020E-05  -0.17368112E-04   0.00000000E+00
 15.   20.   0.77314789E-05   0.41116166E-13  -0.15840626E-12   0.00000000E+00
 15.   21.  -0.15870002E-06  -0.71392020E-05   0.17368112E-04   0.00000000E+00
 15.   22.  -0.75727788E-05  -0.27487672E-06  -0.89903961E-05   0.00000000E+00
 15.   23.   0.31740014E-06   0.74140787E-05  -0.12714341E-04   0.00000000E+00
 15.   24.   0.72553786E-05   0.27487673E-06   0.15571823E-04   0.00000000E+00
 15.   25.  -0.15870003E-06  -0.76889553E-05   0.46537719E-05   0.00000000E+00
 15.   26.  -0.70966785E-05   0.00000000E+00  -0.17980793E-04   0.00000000E+00
 15.   27.  -0.58586117E-04   0.00000000E+00   0.26462574E-03   0.00000000E+00
 15.   28.  -0.36543905E-05   0.72224488E-04  -0.68490182E-04   0.00000000E+00
 15.   29.   0.62240508E-04  -0.63295898E-05  -0.22917262E-03   0.00000000E+00
 15.   30.   0.73087811E-05  -0.65894898E-04   0.18711866E-03   0.00000000E+00
 15.   31.  -0.69549288E-04   0.63295896E-05   0.13231287E-03   0.00000000E+00
 15.   32.  -0.36543908E-05   0.59565308E-04  -0.25560884E-03   0.00000000E+00
 15.   33.   0.73203679E-04   0.39083023E-12  -0.22000516E-11   0.00000000E+00
 15.   34.  -0.36543897E-05  -0.59565308E-04   0.25560884E-03   0.00000000E+00
 15.   35.  -0.69549289E-04  -0.63295904E-05  -0.13231287E-03   0.00000000E+00
 15.   36.   0.73087802E-05   0.65894898E-04  -0.18711866E-03   0.00000000E+00
 15.   37.   0.62240508E-04   0.63295908E-05   0.22917261E-03   0.00000000E+00
 15.   38.  -0.36543897E-05  -0.72224488E-04   0.68490186E-04   0.00000000E+00
 15.   39.  -0.58586117E-04   0.00000000E+00  -0.26462574E-03   0.00000000E+00
 15.   40.  -0.16069082E-03   0.00000000E+00   0.12428128E-02   0.00000000E+00
 15.   41.  -0.23261246E-04   0.24750298E-03  -0.32166362E-03   0.00000000E+00
 15.   42.   0.18395207E-03  -0.40289660E-04  -0.10763075E-02   0.00000000E+00
 15.   43.   0.46522493E-04  -0.20721332E-03   0.87880135E-03   0.00000000E+00
 15.   44.  -0.23047456E-03   0.40289659E-04   0.62140640E-03   0.00000000E+00
 15.   45.  -0.23261247E-04   0.16692366E-03  -0.12004650E-02   0.00000000E+00
 15.   46.   0.25373581E-03   0.10064909E-11  -0.10223210E-10   0.00000000E+00
 15.   47.  -0.23261244E-04  -0.16692366E-03   0.12004650E-02   0.00000000E+00
 15.   48.  -0.23047456E-03  -0.40289661E-04  -0.62140638E-03   0.00000000E+00
 15.   49.   0.46522490E-04   0.20721331E-03  -0.87880136E-03   0.00000000E+00
 15.   50.   0.18395207E-03   0.40289663E-04   0.10763074E-02   0.00000000E+00
 15.   51.  -0.23261244E-04  -0.24750297E-03   0.32166364E-03   0.00000000E+00
 15.   52.  -0.16069082E-03   0.00000000E+00  -0.12428128E-02   0.00000000E+00
 15.   53.  -0.28172409E-03   0.00000000E+00   0.31534918E-02   0.00000000E+00
 15.   54.  -0.50764023E-04   0.47117800E-03  -0.81618373E-03   0.00000000E+00
 15.   55.   0.33248811E-03  -0.87925866E-04  -0.27310040E-02   0.00000000E+00
 15.   56.   0.10152805E-03  -0.38325214E-03   0.22298554E-02   0.00000000E+00
 15.   57.  -0.43401616E-03   0.87925865E-04   0.15767459E-02   0.00000000E+00
 15.   58.  -0.50764025E-04   0.29532627E-03  -0.30460391E-02   0.00000000E+00
 15.   59.   0.48478018E-03   0.17125243E-11  -0.25831249E-10   0.00000000E+00
 15.   60.  -0.50764018E-04  -0.29532627E-03   0.30460392E-02   0.00000000E+00
 15.   61.  -0.43401616E-03  -0.87925869E-04  -0.15767459E-02   0.00000000E+00
 15.   62.   0.10152804E-03   0.38325214E-03  -0.22298554E-02   0.00000000E+00
 15.   63.   0.33248812E-03   0.87925872E-04   0.27310040E-02   0.00000000E+00
 15.   64.  -0.50764019E-04  -0.47117800E-03   0.81618378E-03   0.00000000E+00
 15.   65.  -0.28172409E-03   0.00000000E+00  -0.31534918E-02   0.00000000E+00
 15.   66.   0.28172409E-03   0.00000000E+00   0.31534918E-02   0.00000000E+00
 15.   67.   0.50764023E-04  -0.47117800E-03  -0.81618373E-03   0.00000000E+00
 15.   68.  -0.33248811E-03   0.87925866E-04  -0.27310040E-02   0.00000000E+00
 15.   69.  -0.10152805E-03   0.38325214E-03   0.22298554E-02   0.00000000E+00
 15.   70.   0.43401616E-03  -0.87925865E-04   0.15767459E-02   0.00000000E+00
 15.   71.   0.50764025E-04  -0.29532627E-03  -0.30460391E-02   0.00000000E+00
 15.   72.  -0.48478018E-03  -0.17350615E-11  -0.25832335E-10   0.00000000E+00
 15.   73.   0.50764018E-04   0.29532627E-03   0.30460392E-02   0.00000000E+00
 15.   74.   0.43401616E-03   0.87925869E-04  -0.15767459E-02   0.00000000E+00
 15.   75.  -0.10152804E-03  -0.38325214E-03  -0.22298554E-02   0.00000000E+00
 15.   76.  -0.33248812E-03  -0.87925872E-04   0.27310040E-02   0.00000000E+00
 15.   77.   0.50764019E-04   0.47117800E-03   0.81618378E-03   0.00000000E+00
 15.   78.   0.28172409E-03   0.00000000E+00  -0.31534918E-02   0.00000000E+00
 16.    1.  -0.23395578E-04   0.00000000E+00   0.38928543E-04   0.00000000E+00
 16.    2.  -0.17453070E-04   0.19938958E-04   0.19464271E-04   0.00000000E+00
 16.    3.  -0.17577880E-05   0.26440156E-04  -0.19464272E-04   0.00000000E+00
 16.    4.   0.16543172E-04   0.16543172E-04  -0.38928543E-04   0.00000000E+00
 16.    5.   0.26440156E-04  -0.17577879E-05  -0.19464272E-04   0.00000000E+00
 16.    6.   0.19938958E-04  -0.17453070E-04   0.19464271E-04   0.00000000E+00
 16.    7.   0.14327355E-12  -0.23395578E-04   0.38928543E-04   0.00000000E+00
 16.    8.  -0.19938958E-04  -0.17453070E-04   0.19464272E-04   0.00000000E+00
 16.    9.  -0.26440156E-04  -0.17577880E-05  -0.19464271E-04   0.00000000E+00
 16.   10.  -0.16543172E-04   0.16543172E-04  -0.38928542E-04   0.00000000E+00
 16.   11.   0.17577878E-05   0.26440156E-04  -0.19464271E-04   0.00000000E+00
 16.   12.   0.17453070E-04   0.19938958E-04   0.19464271E-04   0.00000000E+00
 16.   13.   0.23395578E-04   0.00000000E+00   0.38928543E-04   0.00000000E+00
 16.   14.  -0.96897749E-04   0.00000000E+00   0.56177544E-03   0.00000000E+00
 16.   15.  -0.77654815E-04   0.10261964E-03   0.28088772E-03   0.00000000E+00
 16.   16.  -0.17652797E-04   0.12747329E-03  -0.28088772E-03   0.00000000E+00
 16.   17.   0.68517055E-04   0.68517055E-04  -0.56177544E-03   0.00000000E+00
 16.   18.   0.12747329E-03  -0.17652797E-04  -0.28088772E-03   0.00000000E+00
 16.   19.   0.10261964E-03  -0.77654815E-04   0.28088772E-03   0.00000000E+00
 16.   20.   0.52713019E-12  -0.96897749E-04   0.56177544E-03   0.00000000E+00
 16.   21.  -0.10261964E-03  -0.77654816E-04   0.28088772E-03   0.00000000E+00
 16.   22.  -0.12747329E-03  -0.17652798E-04  -0.28088772E-03   0.00000000E+00
 16.   23.  -0.68517056E-04   0.68517055E-04  -0.56177544E-03   0.00000000E+00
 16.   24.   0.17652797E-04   0.12747329E-03  -0.28088772E-03   0.00000000E+00
 16.   25.   0.77654815E-04   0.10261964E-03   0.28088772E-03   0.00000000E+00
 16.   26.   0.96897749E-04   0.00000000E+00   0.56177544E-03   0.00000000E+00
 16.   27.  -0.32632276E-04   0.00000000E+00   0.13403646E-02   0.00000000E+00
 16.   28.  -0.63088385E-04   0.17240834E-03   0.67018231E-03   0.00000000E+00
 16.   29.  -0.77300882E-04   0.16652133E-03  -0.67018231E-03   0.00000000E+00
 16.   30.   0.23074504E-04   0.23074504E-04  -0.13403646E-02   0.00000000E+00
 16.   31.   0.16652133E-03  -0.77300882E-04  -0.67018231E-03   0.00000000E+00
 16.   32.   0.17240834E-03  -0.63088385E-04   0.67018231E-03   0.00000000E+00
 16.   33.   0.98231324E-12  -0.32632276E-04   0.13403646E-02   0.00000000E+00
 16.   34.  -0.17240834E-03  -0.63088385E-04   0.67018232E-03   0.00000000E+00
 16.   35.  -0.16652133E-03  -0.77300883E-04  -0.67018230E-03   0.00000000E+00
 16.   36.  -0.23074505E-04   0.23074503E-04  -0.13403646E-02   0.00000000E+00
 16.   37.   0.77300882E-04   0.16652133E-03  -0.67018232E-03   0.00000000E+00
 16.   38.   0.63088386E-04   0.17240834E-03   0.67018230E-03   0.00000000E+00
 16.   39.   0.32632276E-04   0.00000000E+00   0.13403646E-02   0.00000000E+00
 16.   40.   0.18406272E-03   0.00000000E+00   0.64030562E-03   0.00000000E+00
 16.   41.   0.72311840E-04   0.85710419E-04   0.32015281E-03   0.00000000E+00
 16.   42.  -0.11173861E-03   0.94742262E-05  -0.32015281E-03   0.00000000E+00
 16.   43.  -0.13015200E-03  -0.13015200E-03  -0.64030562E-03   0.00000000E+00
 16.   44.   0.94742257E-05  -0.11173861E-03  -0.32015281E-03   0.00000000E+00
 16.   45.   0.85710419E-04   0.72311839E-04   0.32015281E-03   0.00000000E+00
 16.   46.   0.54754786E-12   0.18406272E-03   0.64030562E-03   0.00000000E+00
 16.   47.  -0.85710419E-04   0.72311841E-04   0.32015281E-03   0.00000000E+00
 16.   48.  -0.94742270E-05  -0.11173861E-03  -0.32015280E-03   0.00000000E+00
 16.   49.   0.13015200E-03  -0.13015200E-03  -0.64030562E-03   0.00000000E+00
 16.   50.   0.11173861E-03   0.94742250E-05  -0.32015281E-03   0.00000000E+00
 16.   51.  -0.72311838E-04   0.85710419E-04   0.32015280E-03   0.00000000E+00
 16.   52.  -0.18406272E-03   0.00000000E+00   0.64030562E-03   0.00000000E+00
 16.   53.   0.24428294E-03   0.00000000E+00  -0.14139536E-02   0.00000000E+00
 16.   54.   0.14396417E-03  -0.65363187E-04  -0.70697681E-03   0.00000000E+00
 16.   55.  -0.55579288E-04  -0.14801679E-03   0.70697681E-03   0.00000000E+00
 16.   56.  -0.17273413E-03  -0.17273413E-03   0.14139536E-02   0.00000000E+00
 16.   57.  -0.14801679E-03  -0.55579289E-04   0.70697682E-03   0.00000000E+00
 16.   58.  -0.65363187E-04   0.14396417E-03  -0.70697681E-03   0.00000000E+00
 16.   59.  -0.30063395E-12   0.24428294E-03  -0.14139536E-02   0.00000000E+00
 16.   60.   0.65363186E-04   0.14396417E-03  -0.70697682E-03   0.00000000E+00
 16.   61.   0.14801679E-03  -0.55579287E-04   0.70697680E-03   0.00000000E+00
 16.   62.   0.17273413E-03  -0.17273413E-03   0.14139536E-02   0.00000000E+00
 16.   63.   0.55579290E-04  -0.14801679E-03   0.70697682E-03   0.00000000E+00
 16.   64.  -0.14396417E-03  -0.65363187E-04  -0.70697680E-03   0.00000000E+00
 16.   65.  -0.24428294E-03   0.00000000E+00  -0.14139536E-02   0.00000000E+00
 16.   66.  -0.24428294E-03   0.00000000E+00  -0.14139536E-02   0.00000000E+00
 16.   67.  -0.14396417E-03   0.65363187E-04  -0.70697681E-03   0.00000000E+00
 16.   68.   0.55579288E-04   0.14801679E-03   0.70697681E-03   0.00000000E+00
 16.   69.   0.17273413E-03   0.17273413E-03   0.14139536E-02   0.00000000E+00
 16.   70.   0.14801679E-03   0.55579289E-04   0.70697682E-03   0.00000000E+00
 16.   71.   0.65363187E-04  -0.14396417E-03  -0.70697681E-03   0.00000000E+00
 16.   72.   0.18860064E-12  -0.24428294E-03  -0.14139536E-02   0.00000000E+00
 16.   73.  -0.65363186E-04  -0.14396417E-03  -0.70697682E-03   0.00000000E+00
 16.   74.  -0.14801679E-03   0.55579287E-04   0.70697680E-03   0.00000000E+00
 16.   75.  -0.17273413E-03   0.17273413E-03   0.14139536E-02   0.00000000E+00
 16.   76.  -0.55579290E-04   0.14801679E-03   0.70697682E-03   0.00000000E+00
 16.   77.   0.14396417E-03   0.65363187E-04  -0.70697680E-03   0.00000000E+00
 16.   78.   0.24428294E-03   0.00000000E+00  -0.14139536E-02   0.00000000E+00
 17.    1.  -0.25515975E-07   0.00000000E+00   0.87803936E-08   0.00000000E+00
 17.    2.   0.69137489E-08   0.23491617E-07  -0.43891150E-08   0.00000000E+00
 17.    3.   0.21499860E-07  -0.11722379E-07  -0.43891022E-08   0.00000000E+00
 17.    4.  -0.18042525E-07  -0.18042581E-07   0.87804139E-08   0.00000000E+00
 17.    5.  -0.11722344E-07   0.21499768E-07  -0.43891268E-08   0.00000000E+00
 17.    6.   0.23491577E-07   0.69136413E-08  -0.43892029E-08   0.00000000E+00
 17.    7.  -0.69769522E-13  -0.25516099E-07   0.87801911E-08   0.00000000E+00
 17.    8.  -0.23491696E-07   0.69135709E-08  -0.43895328E-08   0.00000000E+00
 17.    9.   0.11722323E-07   0.21499654E-07  -0.43897498E-08   0.00000000E+00
 17.   10.   0.18042586E-07  -0.18042695E-07   0.87795769E-08   0.00000000E+00
 17.   11.  -0.21499705E-07  -0.11722440E-07  -0.43900427E-08   0.00000000E+00
 17.   12.  -0.69135877E-08   0.23491599E-07  -0.43900786E-08   0.00000000E+00
 17.   13.   0.25516137E-07   0.00000000E+00   0.87794269E-08   0.00000000E+00
 17.   14.  -0.30870156E-05   0.00000000E+00   0.68808616E-05   0.00000000E+00
 17.   15.   0.73583617E-06   0.32174788E-05  -0.34404311E-05   0.00000000E+00
 17.   16.   0.27954158E-05  -0.17547863E-05  -0.34404312E-05   0.00000000E+00
 17.   17.  -0.21828497E-05  -0.21828497E-05   0.68808614E-05   0.00000000E+00
 17.   18.  -0.17547863E-05   0.27954158E-05  -0.34404311E-05   0.00000000E+00
 17.   19.   0.32174788E-05   0.73583613E-06  -0.34404310E-05   0.00000000E+00
 17.   20.   0.63634991E-13  -0.30870157E-05   0.68808618E-05   0.00000000E+00
 17.   21.  -0.32174788E-05   0.73583605E-06  -0.34404307E-05   0.00000000E+00
 17.   22.   0.17547863E-05   0.27954158E-05  -0.34404309E-05   0.00000000E+00
 17.   23.   0.21828498E-05  -0.21828498E-05   0.68808618E-05   0.00000000E+00
 17.   24.  -0.27954158E-05  -0.17547865E-05  -0.34404309E-05   0.00000000E+00
 17.   25.  -0.73583615E-06   0.32174787E-05  -0.34404313E-05   0.00000000E+00
 17.   26.   0.30870157E-05   0.00000000E+00   0.68808615E-05   0.00000000E+00
 17.   27.  -0.37050138E-04   0.00000000E+00   0.14772556E-03   0.00000000E+00
 17.   28.   0.74633128E-05   0.43721907E-04  -0.73862779E-04   0.00000000E+00
 17.   29.   0.36193416E-04  -0.25638697E-04  -0.73862780E-04   0.00000000E+00
 17.   30.  -0.26198403E-04  -0.26198404E-04   0.14772556E-03   0.00000000E+00
 17.   31.  -0.25638698E-04   0.36193416E-04  -0.73862779E-04   0.00000000E+00
 17.   32.   0.43721906E-04   0.74633130E-05  -0.73862780E-04   0.00000000E+00
 17.   33.   0.41506764E-12  -0.37050138E-04   0.14772556E-03   0.00000000E+00
 17.   34.  -0.43721907E-04   0.74633125E-05  -0.73862778E-04   0.00000000E+00
 17.   35.   0.25638697E-04   0.36193416E-04  -0.73862781E-04   0.00000000E+00
 17.   36.   0.26198404E-04  -0.26198403E-04   0.14772556E-03   0.00000000E+00
 17.   37.  -0.36193416E-04  -0.25638698E-04  -0.73862777E-04   0.00000000E+00
 17.   38.  -0.74633134E-05   0.43721906E-04  -0.73862782E-04   0.00000000E+00
 17.   39.   0.37050138E-04   0.00000000E+00   0.14772556E-03   0.00000000E+00
 17.   40.  -0.12223252E-03   0.00000000E+00   0.84910029E-03   0.00000000E+00
 17.   41.   0.14776412E-04   0.18098877E-03  -0.42455015E-03   0.00000000E+00
 17.   42.   0.13842688E-03  -0.11752988E-03  -0.42455015E-03   0.00000000E+00
 17.   43.  -0.86431440E-04  -0.86431441E-04   0.84910029E-03   0.00000000E+00
 17.   44.  -0.11752988E-03   0.13842688E-03  -0.42455014E-03   0.00000000E+00
 17.   45.   0.18098876E-03   0.14776413E-04  -0.42455015E-03   0.00000000E+00
 17.   46.   0.17188672E-11  -0.12223252E-03   0.84910029E-03   0.00000000E+00
 17.   47.  -0.18098877E-03   0.14776411E-04  -0.42455014E-03   0.00000000E+00
 17.   48.   0.11752988E-03   0.13842688E-03  -0.42455016E-03   0.00000000E+00
 17.   49.   0.86431442E-04  -0.86431439E-04   0.84910029E-03   0.00000000E+00
 17.   50.  -0.13842688E-03  -0.11752988E-03  -0.42455013E-03   0.00000000E+00
 17.   51.  -0.14776414E-04   0.18098876E-03  -0.42455016E-03   0.00000000E+00
 17.   52.   0.12223252E-03   0.00000000E+00   0.84910029E-03   0.00000000E+00
 17.   53.  -0.23333868E-03   0.00000000E+00   0.23689675E-02   0.00000000E+00
 17.   54.   0.20300497E-04   0.37501322E-03  -0.11844838E-02   0.00000000E+00
 17.   55.   0.27952901E-03  -0.25081977E-03  -0.11844838E-02   0.00000000E+00
 17.   56.  -0.16499536E-03  -0.16499536E-03   0.23689675E-02   0.00000000E+00
 17.   57.  -0.25081977E-03   0.27952901E-03  -0.11844837E-02   0.00000000E+00
 17.   58.   0.37501322E-03   0.20300498E-04  -0.11844838E-02   0.00000000E+00
 17.   59.   0.36663307E-11  -0.23333868E-03   0.23689675E-02   0.00000000E+00
 17.   60.  -0.37501322E-03   0.20300494E-04  -0.11844837E-02   0.00000000E+00
 17.   61.   0.25081977E-03   0.27952901E-03  -0.11844838E-02   0.00000000E+00
 17.   62.   0.16499536E-03  -0.16499536E-03   0.23689675E-02   0.00000000E+00
 17.   63.  -0.27952901E-03  -0.25081978E-03  -0.11844837E-02   0.00000000E+00
 17.   64.  -0.20300500E-04   0.37501322E-03  -0.11844838E-02   0.00000000E+00
 17.   65.   0.23333868E-03   0.00000000E+00   0.23689675E-02   0.00000000E+00
 17.   66.   0.23333868E-03   0.00000000E+00   0.23689675E-02   0.00000000E+00
 17.   67.  -0.20300497E-04  -0.37501322E-03  -0.11844838E-02   0.00000000E+00
 17.   68.  -0.27952901E-03   0.25081977E-03  -0.11844838E-02   0.00000000E+00
 17.   69.   0.16499536E-03   0.16499536E-03   0.23689675E-02   0.00000000E+00
 17.   70.   0.25081977E-03  -0.27952901E-03  -0.11844837E-02   0.00000000E+00
 17.   71.  -0.37501322E-03  -0.20300498E-04  -0.11844838E-02   0.00000000E+00
 17.   72.  -0.35962159E-11   0.23333868E-03   0.23689675E-02   0.00000000E+00
 17.   73.   0.37501322E-03  -0.20300494E-04  -0.11844837E-02   0.00000000E+00
 17.   74.  -0.25081977E-03  -0.27952901E-03  -0.11844838E-02   0.00000000E+00
 17.   75.  -0.16499536E-03   0.16499536E-03   0.23689675E-02   0.00000000E+00
 17.   76.   0.27952901E-03   0.25081978E-03  -0.11844837E-02   0.00000000E+00
 17.   77.   0.20300500E-04  -0.37501322E-03  -0.11844838E-02   0.00000000E+00
 17.   78.  -0.23333868E-03   0.00000000E+00   0.23689675E-02   0.00000000E+00
 18.    1.  -0.66883129E-04   0.00000000E+00   0.90521402E-03   0.00000000E+00
 18.    2.  -0.86690741E-04   0.99738938E-04   0.78393834E-03   0.00000000E+00
 18.    3.  -0.13182569E-03   0.16144566E-03   0.45260701E-03   0.00000000E+00
 18.    4.  -0.16797694E-03   0.16797694E-03   0.10212043E-11   0.00000000E+00
 18.    5.  -0.16144566E-03   0.13182569E-03  -0.45260701E-03   0.00000000E+00
 18.    6.  -0.99738938E-04   0.86690741E-04  -0.78393834E-03   0.00000000E+00
 18.    7.  -0.46222019E-12   0.66883129E-04  -0.90521402E-03   0.00000000E+00
 18.    8.   0.99738937E-04   0.86690741E-04  -0.78393834E-03   0.00000000E+00
 18.    9.   0.16144566E-03   0.13182569E-03  -0.45260701E-03   0.00000000E+00
 18.   10.   0.16797694E-03   0.16797694E-03  -0.29506986E-11   0.00000000E+00
 18.   11.   0.13182569E-03   0.16144566E-03   0.45260701E-03   0.00000000E+00
 18.   12.   0.86690741E-04   0.99738938E-04   0.78393834E-03   0.00000000E+00
 18.   13.   0.66883129E-04   0.00000000E+00   0.90521402E-03   0.00000000E+00
 18.   14.   0.76474763E-04   0.00000000E+00   0.11547482E-02   0.00000000E+00
 18.   15.   0.45690607E-04   0.85369878E-04   0.10000413E-02   0.00000000E+00
 18.   16.  -0.28057482E-04   0.12507175E-03   0.57737411E-03   0.00000000E+00
 18.   17.  -0.99893500E-04   0.99893500E-04   0.16637123E-11   0.00000000E+00
 18.   18.  -0.12507175E-03   0.28057482E-04  -0.57737410E-03   0.00000000E+00
 18.   19.  -0.85369879E-04  -0.45690607E-04  -0.10000413E-02   0.00000000E+00
 18.   20.  -0.43466559E-12  -0.76474763E-04  -0.11547482E-02   0.00000000E+00
 18.   21.   0.85369878E-04  -0.45690607E-04  -0.10000413E-02   0.00000000E+00
 18.   22.   0.12507175E-03   0.28057481E-04  -0.57737411E-03   0.00000000E+00
 18.   23.   0.99893500E-04   0.99893499E-04  -0.37992801E-11   0.00000000E+00
 18.   24.   0.28057483E-04   0.12507175E-03   0.57737410E-03   0.00000000E+00
 18.   25.  -0.45690606E-04   0.85369879E-04   0.10000413E-02   0.00000000E+00
 18.   26.  -0.76474763E-04   0.00000000E+00   0.11547482E-02   0.00000000E+00
 18.   27.   0.15795587E-03   0.00000000E+00  -0.22160932E-03   0.00000000E+00
 18.   28.   0.13438328E-03   0.27005416E-04  -0.19191930E-03   0.00000000E+00
 18.   29.   0.75927618E-04   0.26445383E-04  -0.11080466E-03   0.00000000E+00
 18.   30.   0.12297611E-04  -0.12297610E-04  -0.26105360E-12   0.00000000E+00
 18.   31.  -0.26445383E-04  -0.75927618E-04   0.11080466E-03   0.00000000E+00
 18.   32.  -0.27005417E-04  -0.13438328E-03   0.19191930E-03   0.00000000E+00
 18.   33.  -0.15312808E-12  -0.15795587E-03   0.22160932E-03   0.00000000E+00
 18.   34.   0.27005416E-04  -0.13438328E-03   0.19191930E-03   0.00000000E+00
 18.   35.   0.26445383E-04  -0.75927618E-04   0.11080466E-03   0.00000000E+00
 18.   36.  -0.12297610E-04  -0.12297611E-04   0.70589598E-12   0.00000000E+00
 18.   37.  -0.75927617E-04   0.26445383E-04  -0.11080466E-03   0.00000000E+00
 18.   38.  -0.13438328E-03   0.27005417E-04  -0.19191930E-03   0.00000000E+00
 18.   39.  -0.15795587E-03   0.00000000E+00  -0.22160932E-03   0.00000000E+00
 18.   40.  -0.97319709E-04   0.00000000E+00  -0.58216691E-03   0.00000000E+00
 18.   41.  -0.77065749E-04  -0.38024805E-04  -0.50417133E-03   0.00000000E+00
 18.   42.  -0.27606116E-04  -0.49504514E-04  -0.29108345E-03   0.00000000E+00
 18.   43.   0.23734828E-04  -0.23734828E-04  -0.80981437E-12   0.00000000E+00
 18.   44.   0.49504514E-04   0.27606116E-04   0.29108345E-03   0.00000000E+00
 18.   45.   0.38024805E-04   0.77065748E-04   0.50417133E-03   0.00000000E+00
 18.   46.   0.19222656E-12   0.97319709E-04   0.58216691E-03   0.00000000E+00
 18.   47.  -0.38024805E-04   0.77065749E-04   0.50417133E-03   0.00000000E+00
 18.   48.  -0.49504514E-04   0.27606116E-04   0.29108345E-03   0.00000000E+00
 18.   49.  -0.23734828E-04  -0.23734827E-04   0.19577201E-11   0.00000000E+00
 18.   50.   0.27606116E-04  -0.49504514E-04  -0.29108345E-03   0.00000000E+00
 18.   51.   0.77065748E-04  -0.38024805E-04  -0.50417133E-03   0.00000000E+00
 18.   52.   0.97319709E-04   0.00000000E+00  -0.58216691E-03   0.00000000E+00
 18.   53.  -0.19445233E-03   0.00000000E+00   0.94357897E-03   0.00000000E+00
 18.   54.  -0.16752455E-03  -0.25440021E-04   0.81716336E-03   0.00000000E+00
 18.   55.  -0.10046894E-03  -0.20435024E-04   0.47178949E-03   0.00000000E+00
 18.   56.  -0.26566527E-04   0.26566527E-04   0.14619977E-11   0.00000000E+00
 18.   57.   0.20435024E-04   0.10046894E-03  -0.47178948E-03   0.00000000E+00
 18.   58.   0.25440021E-04   0.16752455E-03  -0.81716336E-03   0.00000000E+00
 18.   59.   0.12444731E-12   0.19445233E-03  -0.94357897E-03   0.00000000E+00
 18.   60.  -0.25440021E-04   0.16752455E-03  -0.81716336E-03   0.00000000E+00
 18.   61.  -0.20435024E-04   0.10046894E-03  -0.47178949E-03   0.00000000E+00
 18.   62.   0.26566527E-04   0.26566528E-04  -0.29693055E-11   0.00000000E+00
 18.   63.   0.10046894E-03  -0.20435024E-04   0.47178948E-03   0.00000000E+00
 18.   64.   0.16752455E-03  -0.25440021E-04   0.81716336E-03   0.00000000E+00
 18.   65.   0.19445233E-03   0.00000000E+00   0.94357897E-03   0.00000000E+00
 18.   66.   0.19445233E-03   0.00000000E+00   0.94357897E-03   0.00000000E+00
 18.   67.   0.16752455E-03   0.25440021E-04   0.81716336E-03   0.00000000E+00
 18.   68.   0.10046894E-03   0.20435024E-04   0.47178949E-03   0.00000000E+00
 18.   69.   0.26566527E-04  -0.26566527E-04   0.14656636E-11   0.00000000E+00
 18.   70.  -0.20435024E-04  -0.10046894E-03  -0.47178948E-03   0.00000000E+00
 18.   71.  -0.25440021E-04  -0.16752455E-03  -0.81716336E-03   0.00000000E+00
 18.   72.  -0.14475264E-12  -0.19445233E-03  -0.94357897E-03   0.00000000E+00
 18.   73.   0.25440021E-04  -0.16752455E-03  -0.81716336E-03   0.00000000E+00
 18.   74.   0.20435024E-04  -0.10046894E-03  -0.47178949E-03   0.00000000E+00
 18.   75.  -0.26566527E-04  -0.26566528E-04  -0.29681399E-11   0.00000000E+00
 18.   76.  -0.10046894E-03   0.20435024E-04   0.47178948E-03   0.00000000E+00
 18.   77.  -0.16752455E-03   0.25440021E-04   0.81716336E-03   0.00000000E+00
 18.   78.  -0.19445233E-03   0.00000000E+00   0.94357897E-03   0.00000000E+00
 19.    1.  -0.71324238E-05   0.00000000E+00   0.80568727E-05   0.00000000E+00
 19.    2.  -0.37693631E-05   0.69350313E-05   0.20852727E-05   0.00000000E+00
 19.    3.   0.33630608E-05   0.65287288E-05  -0.69774548E-05   0.00000000E+00
 19.    4.   0.75387266E-05  -0.40630247E-06  -0.56970679E-05   0.00000000E+00
 19.    5.   0.41756660E-05  -0.65287285E-05   0.40284367E-05   0.00000000E+00
 19.    6.  -0.37693632E-05  -0.61224259E-05   0.77823414E-05   0.00000000E+00
 19.    7.  -0.79450291E-05   0.12325308E-12   0.87623967E-12   0.00000000E+00
 19.    8.  -0.37693633E-05   0.61224262E-05  -0.77823398E-05   0.00000000E+00
 19.    9.   0.41756657E-05   0.65287288E-05  -0.40284352E-05   0.00000000E+00
 19.   10.   0.75387264E-05   0.40630275E-06   0.56970695E-05   0.00000000E+00
 19.   11.   0.33630606E-05  -0.65287286E-05   0.69774565E-05   0.00000000E+00
 19.   12.  -0.37693634E-05  -0.69350313E-05  -0.20852710E-05   0.00000000E+00
 19.   13.  -0.71324241E-05   0.00000000E+00  -0.80568711E-05   0.00000000E+00
 19.   14.  -0.62471381E-04   0.00000000E+00   0.27342148E-03   0.00000000E+00
 19.   15.  -0.36461250E-04   0.73603856E-04   0.70766685E-04   0.00000000E+00
 19.   16.   0.26010131E-04   0.63152737E-04  -0.23678995E-03   0.00000000E+00
 19.   17.   0.72922500E-04  -0.10451119E-04  -0.19333818E-03   0.00000000E+00
 19.   18.   0.46912369E-04  -0.63152737E-04   0.13671074E-03   0.00000000E+00
 19.   19.  -0.36461250E-04  -0.52701618E-04   0.26410487E-03   0.00000000E+00
 19.   20.  -0.83373619E-04  -0.21350826E-12   0.13409869E-11   0.00000000E+00
 19.   21.  -0.36461250E-04   0.52701618E-04  -0.26410487E-03   0.00000000E+00
 19.   22.   0.46912369E-04   0.63152737E-04  -0.13671074E-03   0.00000000E+00
 19.   23.   0.72922500E-04   0.10451120E-04   0.19333818E-03   0.00000000E+00
 19.   24.   0.26010131E-04  -0.63152737E-04   0.23678995E-03   0.00000000E+00
 19.   25.  -0.36461250E-04  -0.73603857E-04  -0.70766683E-04   0.00000000E+00
 19.   26.  -0.62471381E-04   0.00000000E+00  -0.27342148E-03   0.00000000E+00
 19.   27.  -0.52675749E-04   0.00000000E+00   0.95463745E-03   0.00000000E+00
 19.   28.  -0.59955537E-04   0.17108136E-03   0.24707835E-03   0.00000000E+00
 19.   29.  -0.72797886E-05   0.10384604E-03  -0.82674029E-03   0.00000000E+00
 19.   30.   0.11991107E-03  -0.67235325E-04  -0.67503062E-03   0.00000000E+00
 19.   31.   0.12719086E-03  -0.10384604E-03   0.47731872E-03   0.00000000E+00
 19.   32.  -0.59955536E-04  -0.36610711E-04   0.92210897E-03   0.00000000E+00
 19.   33.  -0.18714640E-03  -0.16057807E-12   0.55455051E-11   0.00000000E+00
 19.   34.  -0.59955538E-04   0.36610710E-04  -0.92210897E-03   0.00000000E+00
 19.   35.   0.12719086E-03   0.10384604E-03  -0.47731873E-03   0.00000000E+00
 19.   36.   0.11991107E-03   0.67235326E-04   0.67503061E-03   0.00000000E+00
 19.   37.  -0.72797875E-05  -0.10384603E-03   0.82674029E-03   0.00000000E+00
 19.   38.  -0.59955537E-04  -0.17108136E-03  -0.24707834E-03   0.00000000E+00
 19.   39.  -0.52675749E-04   0.00000000E+00  -0.95463745E-03   0.00000000E+00
 19.   40.   0.13862529E-03   0.00000000E+00   0.60560621E-03   0.00000000E+00
 19.   41.   0.12858028E-04   0.90638477E-04   0.15674242E-03   0.00000000E+00
 19.   42.  -0.12576726E-03  -0.22270758E-04  -0.52447036E-03   0.00000000E+00
 19.   43.  -0.25716056E-04  -0.11290923E-03  -0.42822826E-03   0.00000000E+00
 19.   44.   0.10005121E-03   0.22270757E-04   0.30280310E-03   0.00000000E+00
 19.   45.   0.12858028E-04   0.13517999E-03   0.58497068E-03   0.00000000E+00
 19.   46.  -0.87193178E-04   0.94559131E-12   0.38125117E-11   0.00000000E+00
 19.   47.   0.12858027E-04  -0.13517999E-03  -0.58497067E-03   0.00000000E+00
 19.   48.   0.10005121E-03  -0.22270759E-04  -0.30280311E-03   0.00000000E+00
 19.   49.  -0.25716055E-04   0.11290923E-03   0.42822825E-03   0.00000000E+00
 19.   50.  -0.12576726E-03   0.22270759E-04   0.52447036E-03   0.00000000E+00
 19.   51.   0.12858026E-04  -0.90638477E-04  -0.15674241E-03   0.00000000E+00
 19.   52.   0.13862529E-03   0.00000000E+00  -0.60560621E-03   0.00000000E+00
 19.   53.   0.20632298E-03   0.00000000E+00  -0.10827963E-02   0.00000000E+00
 19.   54.   0.78845153E-04  -0.87931141E-04  -0.28024830E-03   0.00000000E+00
 19.   55.  -0.12747782E-03  -0.13656381E-03   0.93772908E-03   0.00000000E+00
 19.   56.  -0.15769031E-03  -0.48632670E-04   0.76565259E-03   0.00000000E+00
 19.   57.  -0.30212484E-04   0.13656381E-03  -0.54139813E-03   0.00000000E+00
 19.   58.   0.78845153E-04   0.18519648E-03  -0.10459009E-02   0.00000000E+00
 19.   59.   0.10905764E-03   0.11725688E-11  -0.67437152E-11   0.00000000E+00
 19.   60.   0.78845153E-04  -0.18519648E-03   0.10459009E-02   0.00000000E+00
 19.   61.  -0.30212482E-04  -0.13656381E-03   0.54139814E-03   0.00000000E+00
 19.   62.  -0.15769031E-03   0.48632669E-04  -0.76565258E-03   0.00000000E+00
 19.   63.  -0.12747782E-03   0.13656381E-03  -0.93772909E-03   0.00000000E+00
 19.   64.   0.78845151E-04   0.87931142E-04   0.28024829E-03   0.00000000E+00
 19.   65.   0.20632298E-03   0.00000000E+00   0.10827963E-02   0.00000000E+00
 19.   66.  -0.20632298E-03   0.00000000E+00  -0.10827963E-02   0.00000000E+00
 19.   67.  -0.78845153E-04   0.87931141E-04  -0.28024830E-03   0.00000000E+00
 19.   68.   0.12747782E-03   0.13656381E-03   0.93772908E-03   0.00000000E+00
 19.   69.   0.15769031E-03   0.48632670E-04   0.76565259E-03   0.00000000E+00
 19.   70.   0.30212484E-04  -0.13656381E-03  -0.54139813E-03   0.00000000E+00
 19.   71.  -0.78845153E-04  -0.18519648E-03  -0.10459009E-02   0.00000000E+00
 19.   72.  -0.10905764E-03  -0.11748814E-11  -0.67437155E-11   0.00000000E+00
 19.   73.  -0.78845153E-04   0.18519648E-03   0.10459009E-02   0.00000000E+00
 19.   74.   0.30212482E-04   0.13656381E-03   0.54139814E-03   0.00000000E+00
 19.   75.   0.15769031E-03  -0.48632669E-04  -0.76565258E-03   0.00000000E+00
 19.   76.   0.12747782E-03  -0.13656381E-03  -0.93772909E-03   0.00000000E+00
 19.   77.  -0.78845151E-04  -0.87931142E-04   0.28024829E-03   0.00000000E+00
 19.   78.  -0.20632298E-03   0.00000000E+00   0.10827963E-02   0.00000000E+00
 20.    1.  -0.43404902E-03   0.00000000E+00  -0.23167431E-02   0.00000000E+00
 20.    2.  -0.41925916E-03  -0.11234015E-03  -0.23167431E-02   0.00000000E+00
 20.    3.  -0.37589748E-03  -0.21702451E-03  -0.23167431E-02   0.00000000E+00
 20.    4.  -0.30691901E-03  -0.30691901E-03  -0.23167431E-02   0.00000000E+00
 20.    5.  -0.21702451E-03  -0.37589748E-03  -0.23167431E-02   0.00000000E+00
 20.    6.  -0.11234015E-03  -0.41925916E-03  -0.23167431E-02   0.00000000E+00
 20.    7.  -0.51050385E-12  -0.43404902E-03  -0.23167431E-02   0.00000000E+00
 20.    8.   0.11234015E-03  -0.41925916E-03  -0.23167431E-02   0.00000000E+00
 20.    9.   0.21702451E-03  -0.37589748E-03  -0.23167431E-02   0.00000000E+00
 20.   10.   0.30691901E-03  -0.30691901E-03  -0.23167431E-02   0.00000000E+00
 20.   11.   0.37589748E-03  -0.21702451E-03  -0.23167431E-02   0.00000000E+00
 20.   12.   0.41925916E-03  -0.11234015E-03  -0.23167431E-02   0.00000000E+00
 20.   13.   0.43404902E-03   0.00000000E+00  -0.23167431E-02   0.00000000E+00
 20.   14.  -0.16672519E-03   0.00000000E+00   0.74486799E-03   0.00000000E+00
 20.   15.  -0.16104416E-03  -0.43151654E-04   0.74486799E-03   0.00000000E+00
 20.   16.  -0.14438825E-03  -0.83362593E-04   0.74486799E-03   0.00000000E+00
 20.   17.  -0.11789251E-03  -0.11789251E-03   0.74486799E-03   0.00000000E+00
 20.   18.  -0.83362593E-04  -0.14438825E-03   0.74486799E-03   0.00000000E+00
 20.   19.  -0.43151654E-04  -0.16104416E-03   0.74486799E-03   0.00000000E+00
 20.   20.  -0.46234838E-12  -0.16672519E-03   0.74486799E-03   0.00000000E+00
 20.   21.   0.43151653E-04  -0.16104416E-03   0.74486799E-03   0.00000000E+00
 20.   22.   0.83362593E-04  -0.14438825E-03   0.74486799E-03   0.00000000E+00
 20.   23.   0.11789251E-03  -0.11789251E-03   0.74486799E-03   0.00000000E+00
 20.   24.   0.14438825E-03  -0.83362593E-04   0.74486799E-03   0.00000000E+00
 20.   25.   0.16104416E-03  -0.43151654E-04   0.74486799E-03   0.00000000E+00
 20.   26.   0.16672519E-03   0.00000000E+00   0.74486799E-03   0.00000000E+00
 20.   27.   0.19557319E-03   0.00000000E+00   0.23418800E-03   0.00000000E+00
 20.   28.   0.18890919E-03   0.50618066E-04   0.23418800E-03   0.00000000E+00
 20.   29.   0.16937135E-03   0.97786594E-04   0.23418800E-03   0.00000000E+00
 20.   30.   0.13829113E-03   0.13829113E-03   0.23418800E-03   0.00000000E+00
 20.   31.   0.97786594E-04   0.16937135E-03   0.23418800E-03   0.00000000E+00
 20.   32.   0.50618066E-04   0.18890919E-03   0.23418800E-03   0.00000000E+00
 20.   33.  -0.83360913E-13   0.19557319E-03   0.23418800E-03   0.00000000E+00
 20.   34.  -0.50618065E-04   0.18890919E-03   0.23418800E-03   0.00000000E+00
 20.   35.  -0.97786593E-04   0.16937135E-03   0.23418800E-03   0.00000000E+00
 20.   36.  -0.13829113E-03   0.13829113E-03   0.23418800E-03   0.00000000E+00
 20.   37.  -0.16937135E-03   0.97786594E-04   0.23418800E-03   0.00000000E+00
 20.   38.  -0.18890919E-03   0.50618066E-04   0.23418800E-03   0.00000000E+00
 20.   39.  -0.19557319E-03   0.00000000E+00   0.23418800E-03   0.00000000E+00
 20.   40.  -0.67151662E-04   0.00000000E+00  -0.66962856E-03   0.00000000E+00
 20.   41.  -0.64863524E-04  -0.17380129E-04  -0.66962856E-03   0.00000000E+00
 20.   42.  -0.58155045E-04  -0.33575831E-04  -0.66962856E-03   0.00000000E+00
 20.   43.  -0.47483396E-04  -0.47483396E-04  -0.66962856E-03   0.00000000E+00
 20.   44.  -0.33575831E-04  -0.58155045E-04  -0.66962856E-03   0.00000000E+00
 20.   45.  -0.17380129E-04  -0.64863525E-04  -0.66962856E-03   0.00000000E+00
 20.   46.  -0.56885938E-13  -0.67151662E-04  -0.66962856E-03   0.00000000E+00
 20.   47.   0.17380129E-04  -0.64863524E-04  -0.66962856E-03   0.00000000E+00
 20.   48.   0.33575831E-04  -0.58155045E-04  -0.66962856E-03   0.00000000E+00
 20.   49.   0.47483395E-04  -0.47483395E-04  -0.66962856E-03   0.00000000E+00
 20.   50.   0.58155045E-04  -0.33575831E-04  -0.66962856E-03   0.00000000E+00
 20.   51.   0.64863524E-04  -0.17380129E-04  -0.66962856E-03   0.00000000E+00
 20.   52.   0.67151662E-04   0.00000000E+00  -0.66962856E-03   0.00000000E+00
 20.   53.  -0.22403498E-03   0.00000000E+00   0.96654268E-03   0.00000000E+00
 20.   54.  -0.21640117E-03  -0.57984519E-04   0.96654268E-03   0.00000000E+00
 20.   55.  -0.19401998E-03  -0.11201749E-03   0.96654268E-03   0.00000000E+00
 20.   56.  -0.15841665E-03  -0.15841665E-03   0.96654269E-03   0.00000000E+00
 20.   57.  -0.11201749E-03  -0.19401998E-03   0.96654268E-03   0.00000000E+00
 20.   58.  -0.57984519E-04  -0.21640117E-03   0.96654268E-03   0.00000000E+00
 20.   59.  -0.20971228E-12  -0.22403498E-03   0.96654268E-03   0.00000000E+00
 20.   60.   0.57984519E-04  -0.21640117E-03   0.96654268E-03   0.00000000E+00
 20.   61.   0.11201749E-03  -0.19401998E-03   0.96654268E-03   0.00000000E+00
 20.   62.   0.15841665E-03  -0.15841665E-03   0.96654268E-03   0.00000000E+00
 20.   63.   0.19401998E-03  -0.11201749E-03   0.96654268E-03   0.00000000E+00
 20.   64.   0.21640117E-03  -0.57984519E-04   0.96654268E-03   0.00000000E+00
 20.   65.   0.22403498E-03   0.00000000E+00   0.96654268E-03   0.00000000E+00
 20.   66.   0.22403498E-03   0.00000000E+00   0.96654268E-03   0.00000000E+00
 20.   67.   0.21640117E-03   0.57984519E-04   0.96654268E-03   0.00000000E+00
 20.   68.   0.19401998E-03   0.11201749E-03   0.96654268E-03   0.00000000E+00
 20.   69.   0.15841665E-03   0.15841665E-03   0.96654269E-03   0.00000000E+00
 20.   70.   0.11201749E-03   0.19401998E-03   0.96654268E-03   0.00000000E+00
 20.   71.   0.57984519E-04   0.21640117E-03   0.96654268E-03   0.00000000E+00
 20.   72.   0.73712988E-12   0.22403498E-03   0.96654268E-03   0.00000000E+00
 20.   73.  -0.57984519E-04   0.21640117E-03   0.96654268E-03   0.00000000E+00
 20.   74.  -0.11201749E-03   0.19401998E-03   0.96654268E-03   0.00000000E+00
 20.   75.  -0.15841665E-03   0.15841665E-03   0.96654268E-03   0.00000000E+00
 20.   76.  -0.19401998E-03   0.11201749E-03   0.96654268E-03   0.00000000E+00
 20.   77.  -0.21640117E-03   0.57984519E-04   0.96654268E-03   0.00000000E+00
 20.   78.  -0.22403498E-03   0.00000000E+00   0.96654268E-03   0.00000000E+00
 21.    1.  -0.53599259E-08   0.00000000E+00   0.13452310E-08   0.00000000E+00
 21.    2.   0.27416321E-08   0.44124315E-08  -0.95068900E-09   0.00000000E+00
 21.    3.   0.25121326E-08  -0.43509419E-08   0.37739484E-12   0.00000000E+00
 21.    4.  -0.51919307E-08  -0.16800390E-09   0.95146476E-09   0.00000000E+00
 21.    5.   0.26800944E-08   0.46419577E-08  -0.13444187E-08   0.00000000E+00
 21.    6.   0.24505591E-08  -0.45803882E-08   0.95156450E-09   0.00000000E+00
 21.    7.  -0.50240321E-08   0.67578704E-13   0.57610248E-12   0.00000000E+00
 21.    8.   0.24504877E-08   0.45805277E-08  -0.95040437E-09   0.00000000E+00
 21.    9.   0.26799518E-08  -0.46418300E-08   0.13455907E-08   0.00000000E+00
 21.   10.  -0.51921371E-08   0.16810767E-09  -0.95029186E-09   0.00000000E+00
 21.   11.   0.25118750E-08   0.43510322E-08   0.80576988E-12   0.00000000E+00
 21.   12.   0.27413392E-08  -0.44123720E-08   0.95189184E-09   0.00000000E+00
 21.   13.  -0.53602383E-08   0.00000000E+00  -0.13440277E-08   0.00000000E+00
 21.   14.  -0.13651746E-05   0.00000000E+00   0.27198302E-05   0.00000000E+00
 21.   15.   0.65939741E-06   0.12688220E-05  -0.19232107E-05   0.00000000E+00
 21.   16.   0.74594348E-06  -0.12920119E-05  -0.20055973E-12   0.00000000E+00
 21.   17.  -0.14285307E-05   0.63356095E-07   0.19232104E-05   0.00000000E+00
 21.   18.   0.68258733E-06   0.11822759E-05  -0.27198304E-05   0.00000000E+00
 21.   19.   0.76913337E-06  -0.12054659E-05   0.19232104E-05   0.00000000E+00
 21.   20.  -0.14918869E-05  -0.30117469E-14  -0.13116759E-12   0.00000000E+00
 21.   21.   0.76913333E-06   0.12054659E-05  -0.19232108E-05   0.00000000E+00
 21.   22.   0.68258730E-06  -0.11822759E-05   0.27198301E-05   0.00000000E+00
 21.   23.  -0.14285308E-05  -0.63356100E-07  -0.19232107E-05   0.00000000E+00
 21.   24.   0.74594334E-06   0.12920120E-05  -0.28438368E-12   0.00000000E+00
 21.   25.   0.65939730E-06  -0.12688219E-05   0.19232103E-05   0.00000000E+00
 21.   26.  -0.13651747E-05   0.00000000E+00  -0.27198306E-05   0.00000000E+00
 21.   27.  -0.23898993E-04   0.00000000E+00   0.85324214E-04   0.00000000E+00
 21.   28.   0.10811281E-04   0.24945012E-04  -0.60333330E-04   0.00000000E+00
 21.   29.   0.15059158E-04  -0.26083227E-04  -0.18055064E-12   0.00000000E+00
 21.   30.  -0.27008655E-04   0.31096614E-05   0.60333330E-04   0.00000000E+00
 21.   31.   0.11949497E-04   0.20697135E-04  -0.85324214E-04   0.00000000E+00
 21.   32.   0.16197374E-04  -0.21835351E-04   0.60333330E-04   0.00000000E+00
 21.   33.  -0.30118317E-04  -0.29120152E-12   0.82653636E-12   0.00000000E+00
 21.   34.   0.16197373E-04   0.21835351E-04  -0.60333331E-04   0.00000000E+00
 21.   35.   0.11949497E-04  -0.20697135E-04   0.85324214E-04   0.00000000E+00
 21.   36.  -0.27008655E-04  -0.31096620E-05  -0.60333329E-04   0.00000000E+00
 21.   37.   0.15059158E-04   0.26083227E-04  -0.17235891E-11   0.00000000E+00
 21.   38.   0.10811282E-04  -0.24945012E-04   0.60333331E-04   0.00000000E+00
 21.   39.  -0.23898993E-04   0.00000000E+00  -0.85324214E-04   0.00000000E+00
 21.   40.  -0.95372101E-04   0.00000000E+00   0.60147755E-03   0.00000000E+00
 21.   41.   0.36450990E-04   0.12452448E-03  -0.42530886E-03   0.00000000E+00
 21.   42.   0.78380806E-04  -0.13575954E-03  -0.81012325E-12   0.00000000E+00
 21.   43.  -0.12606686E-03   0.30694754E-04   0.42530886E-03   0.00000000E+00
 21.   44.   0.47686050E-04   0.82594663E-04  -0.60147755E-03   0.00000000E+00
 21.   45.   0.89615867E-04  -0.93829722E-04   0.42530885E-03   0.00000000E+00
 21.   46.  -0.15676161E-03  -0.84725456E-12   0.64728232E-11   0.00000000E+00
 21.   47.   0.89615864E-04   0.93829723E-04  -0.42530886E-03   0.00000000E+00
 21.   48.   0.47686052E-04  -0.82594661E-04   0.60147755E-03   0.00000000E+00
 21.   49.  -0.12606686E-03  -0.30694757E-04  -0.42530885E-03   0.00000000E+00
 21.   50.   0.78380804E-04   0.13575954E-03  -0.11288292E-10   0.00000000E+00
 21.   51.   0.36450992E-04  -0.12452448E-03   0.42530887E-03   0.00000000E+00
 21.   52.  -0.95372101E-04   0.00000000E+00  -0.60147755E-03   0.00000000E+00
 21.   53.  -0.19810976E-03   0.00000000E+00   0.18426571E-02   0.00000000E+00
 21.   54.   0.69940960E-04   0.28022271E-03  -0.13029553E-02   0.00000000E+00
 21.   55.   0.17859559E-03  -0.30933663E-03  -0.31823487E-11   0.00000000E+00
 21.   56.  -0.27765047E-03   0.79540708E-04   0.13029553E-02   0.00000000E+00
 21.   57.   0.99054879E-04   0.17156809E-03  -0.18426571E-02   0.00000000E+00
 21.   58.   0.20770951E-03  -0.20068201E-03   0.13029553E-02   0.00000000E+00
 21.   59.  -0.35719118E-03  -0.16589836E-11   0.19204480E-10   0.00000000E+00
 21.   60.   0.20770951E-03   0.20068201E-03  -0.13029554E-02   0.00000000E+00
 21.   61.   0.99054884E-04  -0.17156808E-03   0.18426571E-02   0.00000000E+00
 21.   62.  -0.27765047E-03  -0.79540713E-04  -0.13029553E-02   0.00000000E+00
 21.   63.   0.17859559E-03   0.30933664E-03  -0.35707763E-10   0.00000000E+00
 21.   64.   0.69940964E-04  -0.28022271E-03   0.13029554E-02   0.00000000E+00
 21.   65.  -0.19810976E-03   0.00000000E+00  -0.18426571E-02   0.00000000E+00
 21.   66.   0.19810976E-03   0.00000000E+00   0.18426571E-02   0.00000000E+00
 21.   67.  -0.69940960E-04  -0.28022271E-03  -0.13029553E-02   0.00000000E+00
 21.   68.  -0.17859559E-03   0.30933663E-03  -0.31825780E-11   0.00000000E+00
 21.   69.   0.27765047E-03  -0.79540708E-04   0.13029553E-02   0.00000000E+00
 21.   70.  -0.99054879E-04  -0.17156809E-03  -0.18426571E-02   0.00000000E+00
 21.   71.  -0.20770951E-03   0.20068201E-03   0.13029553E-02   0.00000000E+00
 21.   72.   0.35719118E-03   0.15792709E-11   0.19201988E-10   0.00000000E+00
 21.   73.  -0.20770951E-03  -0.20068201E-03  -0.13029554E-02   0.00000000E+00
 21.   74.  -0.99054884E-04   0.17156808E-03   0.18426571E-02   0.00000000E+00
 21.   75.   0.27765047E-03   0.79540713E-04  -0.13029553E-02   0.00000000E+00
 21.   76.  -0.17859559E-03  -0.30933664E-03  -0.35709873E-10   0.00000000E+00
 21.   77.  -0.69940964E-04   0.28022271E-03   0.13029554E-02   0.00000000E+00
 21.   78.   0.19810976E-03   0.00000000E+00  -0.18426571E-02   0.00000000E+00
 22.    1.  -0.13729020E-01   0.00000000E+00  -0.65669421E-03   0.00000000E+00
 22.    2.  -0.13227734E-01   0.34283778E-02  -0.56871387E-03   0.00000000E+00
 22.    3.  -0.11777650E-01   0.66704671E-02  -0.32834711E-03   0.00000000E+00
 22.    4.  -0.95249378E-02   0.95249378E-02  -0.19921473E-11   0.00000000E+00
 22.    5.  -0.66704671E-02   0.11777650E-01   0.32834710E-03   0.00000000E+00
 22.    6.  -0.34283778E-02   0.13227734E-01   0.56871387E-03   0.00000000E+00
 22.    7.  -0.15445410E-10   0.13729020E-01   0.65669421E-03   0.00000000E+00
 22.    8.   0.34283778E-02   0.13227734E-01   0.56871387E-03   0.00000000E+00
 22.    9.   0.66704671E-02   0.11777650E-01   0.32834710E-03   0.00000000E+00
 22.   10.   0.95249378E-02   0.95249378E-02  -0.99564917E-12   0.00000000E+00
 22.   11.   0.11777650E-01   0.66704671E-02  -0.32834711E-03   0.00000000E+00
 22.   12.   0.13227734E-01   0.34283778E-02  -0.56871387E-03   0.00000000E+00
 22.   13.   0.13729020E-01   0.00000000E+00  -0.65669421E-03   0.00000000E+00
 22.   14.  -0.15017927E-01   0.00000000E+00  -0.11562999E-03   0.00000000E+00
 22.   15.  -0.13960778E-01   0.18513697E-02  -0.10013851E-03   0.00000000E+00
 22.   16.  -0.11180877E-01   0.43479198E-02  -0.57814994E-04   0.00000000E+00
 22.   17.  -0.76390174E-02   0.76390174E-02   0.69210875E-12   0.00000000E+00
 22.   18.  -0.43479198E-02   0.11180877E-01   0.57814995E-04   0.00000000E+00
 22.   19.  -0.18513697E-02   0.13960778E-01   0.10013851E-03   0.00000000E+00
 22.   20.  -0.68317553E-11   0.15017927E-01   0.11562999E-03   0.00000000E+00
 22.   21.   0.18513697E-02   0.13960778E-01   0.10013851E-03   0.00000000E+00
 22.   22.   0.43479198E-02   0.11180877E-01   0.57814996E-04   0.00000000E+00
 22.   23.   0.76390173E-02   0.76390174E-02   0.27332169E-12   0.00000000E+00
 22.   24.   0.11180877E-01   0.43479198E-02  -0.57814994E-04   0.00000000E+00
 22.   25.   0.13960778E-01   0.18513697E-02  -0.10013851E-03   0.00000000E+00
 22.   26.   0.15017927E-01   0.00000000E+00  -0.11562999E-03   0.00000000E+00
 22.   27.  -0.16724428E-01   0.00000000E+00  -0.18669817E-04   0.00000000E+00
 22.   28.  -0.15424244E-01   0.16030360E-02  -0.16168534E-04   0.00000000E+00
 22.   29.  -0.12040105E-01   0.41296459E-02  -0.93349066E-05   0.00000000E+00
 22.   30.  -0.78354529E-02   0.78354529E-02  -0.15298002E-11   0.00000000E+00
 22.   31.  -0.41296459E-02   0.12040105E-01   0.93349087E-05   0.00000000E+00
 22.   32.  -0.16030360E-02   0.15424244E-01   0.16168535E-04   0.00000000E+00
 22.   33.  -0.65716674E-11   0.16724428E-01   0.18669816E-04   0.00000000E+00
 22.   34.   0.16030359E-02   0.15424244E-01   0.16168534E-04   0.00000000E+00
 22.   35.   0.41296459E-02   0.12040105E-01   0.93349077E-05   0.00000000E+00
 22.   36.   0.78354529E-02   0.78354529E-02   0.49007625E-13   0.00000000E+00
 22.   37.   0.12040105E-01   0.41296459E-02  -0.93349076E-05   0.00000000E+00
 22.   38.   0.15424244E-01   0.16030360E-02  -0.16168534E-04   0.00000000E+00
 22.   39.   0.16724428E-01   0.00000000E+00  -0.18669817E-04   0.00000000E+00
 22.   40.  -0.17883218E-01   0.00000000E+00   0.36475985E-04   0.00000000E+00
 22.   41.  -0.16106845E-01   0.27315328E-03   0.31589126E-04   0.00000000E+00
 22.   42.  -0.11582408E-01   0.21781019E-02   0.18237991E-04   0.00000000E+00
 22.   43.  -0.62686489E-02   0.62686489E-02   0.93041844E-12   0.00000000E+00
 22.   44.  -0.21781019E-02   0.11582408E-01  -0.18237994E-04   0.00000000E+00
 22.   45.  -0.27315328E-03   0.16106845E-01  -0.31589127E-04   0.00000000E+00
 22.   46.  -0.94561648E-13   0.17883218E-01  -0.36475984E-04   0.00000000E+00
 22.   47.   0.27315328E-03   0.16106845E-01  -0.31589129E-04   0.00000000E+00
 22.   48.   0.21781018E-02   0.11582408E-01  -0.18237993E-04   0.00000000E+00
 22.   49.   0.62686489E-02   0.62686490E-02  -0.11240333E-11   0.00000000E+00
 22.   50.   0.11582408E-01   0.21781019E-02   0.18237991E-04   0.00000000E+00
 22.   51.   0.16106845E-01   0.27315329E-03   0.31589127E-04   0.00000000E+00
 22.   52.   0.17883218E-01   0.00000000E+00   0.36475982E-04   0.00000000E+00
 22.   53.  -0.17877992E-01   0.00000000E+00   0.87532641E-04   0.00000000E+00
 22.   54.  -0.15424815E-01  -0.22547340E-02   0.75805481E-04   0.00000000E+00
 22.   55.  -0.93126533E-02  -0.17480029E-02   0.43766318E-04   0.00000000E+00
 22.   56.  -0.25658501E-02   0.25658501E-02   0.25854043E-11   0.00000000E+00
 22.   57.   0.17480029E-02   0.93126533E-02  -0.43766320E-04   0.00000000E+00
 22.   58.   0.22547340E-02   0.15424815E-01  -0.75805480E-04   0.00000000E+00
 22.   59.   0.12672643E-10   0.17877992E-01  -0.87532635E-04   0.00000000E+00
 22.   60.  -0.22547340E-02   0.15424815E-01  -0.75805487E-04   0.00000000E+00
 22.   61.  -0.17480029E-02   0.93126533E-02  -0.43766313E-04   0.00000000E+00
 22.   62.   0.25658500E-02   0.25658501E-02  -0.13312914E-11   0.00000000E+00
 22.   63.   0.93126532E-02  -0.17480029E-02   0.43766318E-04   0.00000000E+00
 22.   64.   0.15424815E-01  -0.22547340E-02   0.75805489E-04   0.00000000E+00
 22.   65.   0.17877992E-01   0.00000000E+00   0.87532635E-04   0.00000000E+00
 22.   66.  -0.17877992E-01   0.00000000E+00  -0.87532629E-04   0.00000000E+00
 22.   67.  -0.15424815E-01  -0.22547340E-02  -0.75805490E-04   0.00000000E+00
 22.   68.  -0.93126533E-02  -0.17480029E-02  -0.43766317E-04   0.00000000E+00
 22.   69.  -0.25658501E-02   0.25658501E-02   0.23849183E-11   0.00000000E+00
 22.   70.   0.17480029E-02   0.93126533E-02   0.43766315E-04   0.00000000E+00
 22.   71.   0.22547340E-02   0.15424815E-01   0.75805490E-04   0.00000000E+00
 22.   72.   0.12689155E-10   0.17877992E-01   0.87532635E-04   0.00000000E+00
 22.   73.  -0.22547340E-02   0.15424815E-01   0.75805483E-04   0.00000000E+00
 22.   74.  -0.17480029E-02   0.93126533E-02   0.43766322E-04   0.00000000E+00
 22.   75.   0.25658500E-02   0.25658501E-02  -0.77494256E-12   0.00000000E+00
 22.   76.   0.93126532E-02  -0.17480029E-02  -0.43766316E-04   0.00000000E+00
 22.   77.   0.15424814E-01  -0.22547340E-02  -0.75805481E-04   0.00000000E+00
 22.   78.   0.17877992E-01   0.00000000E+00  -0.87532634E-04   0.00000000E+00
 23.    1.  -0.65876542E-04   0.00000000E+00   0.28548785E-03   0.00000000E+00
 23.    2.  -0.67587935E-04   0.72263548E-04   0.20187040E-03   0.00000000E+00
 23.    3.  -0.61726372E-04   0.10691321E-03   0.33202982E-11   0.00000000E+00
 23.    4.  -0.28788101E-04   0.94664644E-04  -0.20187039E-03   0.00000000E+00
 23.    5.   0.32938271E-04   0.57050760E-04  -0.28548785E-03   0.00000000E+00
 23.    6.   0.96376036E-04   0.22401096E-04  -0.20187039E-03   0.00000000E+00
 23.    7.   0.12345274E-03  -0.24681682E-13  -0.14859012E-11   0.00000000E+00
 23.    8.   0.96376036E-04  -0.22401096E-04   0.20187039E-03   0.00000000E+00
 23.    9.   0.32938272E-04  -0.57050760E-04   0.28548785E-03   0.00000000E+00
 23.   10.  -0.28788100E-04  -0.94664644E-04   0.20187039E-03   0.00000000E+00
 23.   11.  -0.61726371E-04  -0.10691321E-03  -0.19801505E-11   0.00000000E+00
 23.   12.  -0.67587935E-04  -0.72263549E-04  -0.20187040E-03   0.00000000E+00
 23.   13.  -0.65876542E-04   0.00000000E+00  -0.28548785E-03   0.00000000E+00
 23.   14.  -0.16376591E-04   0.00000000E+00   0.91743830E-03   0.00000000E+00
 23.   15.  -0.41813574E-04   0.11130871E-03   0.64872684E-03   0.00000000E+00
 23.   16.  -0.83677674E-04   0.14493398E-03   0.28124365E-13   0.00000000E+00
 23.   17.  -0.75489379E-04   0.91865970E-04  -0.64872684E-03   0.00000000E+00
 23.   18.   0.81882953E-05   0.14182544E-04  -0.91743830E-03   0.00000000E+00
 23.   19.   0.11730295E-03  -0.19442735E-04  -0.64872685E-03   0.00000000E+00
 23.   20.   0.16735535E-03  -0.20005652E-12  -0.32794903E-11   0.00000000E+00
 23.   21.   0.11730295E-03   0.19442735E-04   0.64872684E-03   0.00000000E+00
 23.   22.   0.81882963E-05  -0.14182544E-04   0.91743830E-03   0.00000000E+00
 23.   23.  -0.75489379E-04  -0.91865970E-04   0.64872685E-03   0.00000000E+00
 23.   24.  -0.83677674E-04  -0.14493398E-03   0.66567398E-11   0.00000000E+00
 23.   25.  -0.41813574E-04  -0.11130871E-03  -0.64872684E-03   0.00000000E+00
 23.   26.  -0.16376590E-04   0.00000000E+00  -0.91743830E-03   0.00000000E+00
 23.   27.   0.15131735E-03   0.00000000E+00   0.11957694E-03   0.00000000E+00
 23.   28.   0.10078023E-03   0.37289748E-04   0.84553663E-04   0.00000000E+00
 23.   29.  -0.70253085E-05   0.12168191E-04  -0.42812471E-12   0.00000000E+00
 23.   30.  -0.82683986E-04  -0.68633369E-04  -0.84553663E-04   0.00000000E+00
 23.   31.  -0.75658678E-04  -0.13104467E-03  -0.11957694E-03   0.00000000E+00
 23.   32.  -0.18096249E-04  -0.10592312E-03  -0.84553663E-04   0.00000000E+00
 23.   33.   0.14050617E-04  -0.54466478E-12  -0.29636830E-12   0.00000000E+00
 23.   34.  -0.18096248E-04   0.10592312E-03   0.84553663E-04   0.00000000E+00
 23.   35.  -0.75658677E-04   0.13104467E-03   0.11957694E-03   0.00000000E+00
 23.   36.  -0.82683986E-04   0.68633370E-04   0.84553664E-04   0.00000000E+00
 23.   37.  -0.70253095E-05  -0.12168190E-04   0.16033510E-11   0.00000000E+00
 23.   38.   0.10078023E-03  -0.37289748E-04  -0.84553662E-04   0.00000000E+00
 23.   39.   0.15131735E-03   0.00000000E+00  -0.11957694E-03   0.00000000E+00
 23.   40.  -0.55877334E-04   0.00000000E+00  -0.53215772E-03   0.00000000E+00
 23.   41.  -0.29781317E-04  -0.41514328E-04  -0.37629234E-03   0.00000000E+00
 23.   42.   0.22904454E-04  -0.39671678E-04   0.55172300E-12   0.00000000E+00
 23.   43.   0.50843121E-04   0.50342129E-05   0.37629234E-03   0.00000000E+00
 23.   44.   0.27938667E-04   0.48391191E-04   0.53215773E-03   0.00000000E+00
 23.   45.  -0.21061804E-04   0.46548541E-04   0.37629234E-03   0.00000000E+00
 23.   46.  -0.45808908E-04   0.21943330E-12   0.19487944E-11   0.00000000E+00
 23.   47.  -0.21061804E-04  -0.46548541E-04  -0.37629234E-03   0.00000000E+00
 23.   48.   0.27938667E-04  -0.48391191E-04  -0.53215773E-03   0.00000000E+00
 23.   49.   0.50843121E-04  -0.50342134E-05  -0.37629234E-03   0.00000000E+00
 23.   50.   0.22904454E-04   0.39671678E-04  -0.46794175E-11   0.00000000E+00
 23.   51.  -0.29781316E-04   0.41514328E-04   0.37629233E-03   0.00000000E+00
 23.   52.  -0.55877334E-04   0.00000000E+00   0.53215772E-03   0.00000000E+00
 23.   53.  -0.17433879E-03   0.00000000E+00   0.74754421E-03   0.00000000E+00
 23.   54.  -0.12703498E-03  -0.22014385E-05   0.52859358E-03   0.00000000E+00
 23.   55.  -0.21745404E-04   0.37664145E-04  -0.68507675E-12   0.00000000E+00
 23.   56.   0.65423990E-04   0.10891480E-03  -0.52859358E-03   0.00000000E+00
 23.   57.   0.87169394E-04   0.15098182E-03  -0.74754421E-03   0.00000000E+00
 23.   58.   0.61610987E-04   0.11111624E-03  -0.52859358E-03   0.00000000E+00
 23.   59.   0.43490808E-04   0.47027582E-12  -0.22655676E-11   0.00000000E+00
 23.   60.   0.61610987E-04  -0.11111624E-03   0.52859358E-03   0.00000000E+00
 23.   61.   0.87169394E-04  -0.15098182E-03   0.74754421E-03   0.00000000E+00
 23.   62.   0.65423991E-04  -0.10891480E-03   0.52859358E-03   0.00000000E+00
 23.   63.  -0.21745403E-04  -0.37664145E-04   0.62228172E-11   0.00000000E+00
 23.   64.  -0.12703498E-03   0.22014382E-05  -0.52859358E-03   0.00000000E+00
 23.   65.  -0.17433879E-03   0.00000000E+00  -0.74754421E-03   0.00000000E+00
 23.   66.   0.17433879E-03   0.00000000E+00   0.74754421E-03   0.00000000E+00
 23.   67.   0.12703498E-03   0.22014386E-05   0.52859358E-03   0.00000000E+00
 23.   68.   0.21745404E-04  -0.37664145E-04  -0.69318740E-12   0.00000000E+00
 23.   69.  -0.65423990E-04  -0.10891480E-03  -0.52859358E-03   0.00000000E+00
 23.   70.  -0.87169394E-04  -0.15098182E-03  -0.74754421E-03   0.00000000E+00
 23.   71.  -0.61610987E-04  -0.11111624E-03  -0.52859358E-03   0.00000000E+00
 23.   72.  -0.43490808E-04  -0.49275216E-12  -0.22834600E-11   0.00000000E+00
 23.   73.  -0.61610987E-04   0.11111624E-03   0.52859358E-03   0.00000000E+00
 23.   74.  -0.87169395E-04   0.15098182E-03   0.74754421E-03   0.00000000E+00
 23.   75.  -0.65423991E-04   0.10891480E-03   0.52859358E-03   0.00000000E+00
 23.   76.   0.21745403E-04   0.37664145E-04   0.62276691E-11   0.00000000E+00
 23.   77.   0.12703498E-03  -0.22014383E-05  -0.52859358E-03   0.00000000E+00
 23.   78.   0.17433879E-03   0.00000000E+00  -0.74754421E-03   0.00000000E+00
 24.    1.  -0.26443240E-03   0.00000000E+00  -0.18769982E-02   0.00000000E+00
 24.    2.  -0.23280644E-03  -0.11802968E-03  -0.18130411E-02   0.00000000E+00
 24.    3.  -0.14640272E-03  -0.20443341E-03  -0.16255281E-02   0.00000000E+00
 24.    4.  -0.28373035E-04  -0.23605937E-03  -0.13272382E-02   0.00000000E+00
 24.    5.   0.89656648E-04  -0.20443341E-03  -0.93849911E-03   0.00000000E+00
 24.    6.   0.17606037E-03  -0.11802968E-03  -0.48580289E-03   0.00000000E+00
 24.    7.   0.20768633E-03  -0.38751729E-12  -0.16414526E-11   0.00000000E+00
 24.    8.   0.17606037E-03   0.11802968E-03   0.48580289E-03   0.00000000E+00
 24.    9.   0.89656649E-04   0.20443341E-03   0.93849911E-03   0.00000000E+00
 24.   10.  -0.28373034E-04   0.23605937E-03   0.13272382E-02   0.00000000E+00
 24.   11.  -0.14640272E-03   0.20443341E-03   0.16255281E-02   0.00000000E+00
 24.   12.  -0.23280644E-03   0.11802968E-03   0.18130411E-02   0.00000000E+00
 24.   13.  -0.26443240E-03   0.00000000E+00   0.18769982E-02   0.00000000E+00
 24.   14.  -0.18068730E-03   0.00000000E+00   0.33037473E-03   0.00000000E+00
 24.   15.  -0.16992122E-03  -0.40179558E-04   0.31911748E-03   0.00000000E+00
 24.   16.  -0.14050774E-03  -0.69593036E-04   0.28611291E-03   0.00000000E+00
 24.   17.  -0.10032818E-03  -0.80359116E-04   0.23361021E-03   0.00000000E+00
 24.   18.  -0.60148622E-04  -0.69593036E-04   0.16518736E-03   0.00000000E+00
 24.   19.  -0.30735144E-04  -0.40179558E-04   0.85507270E-04   0.00000000E+00
 24.   20.  -0.19969063E-04  -0.86730892E-13   0.56698399E-12   0.00000000E+00
 24.   21.  -0.30735144E-04   0.40179558E-04  -0.85507269E-04   0.00000000E+00
 24.   22.  -0.60148622E-04   0.69593036E-04  -0.16518736E-03   0.00000000E+00
 24.   23.  -0.10032818E-03   0.80359116E-04  -0.23361021E-03   0.00000000E+00
 24.   24.  -0.14050774E-03   0.69593036E-04  -0.28611291E-03   0.00000000E+00
 24.   25.  -0.16992122E-03   0.40179558E-04  -0.31911748E-03   0.00000000E+00
 24.   26.  -0.18068730E-03   0.00000000E+00  -0.33037473E-03   0.00000000E+00
 24.   27.   0.14489430E-03   0.00000000E+00   0.33963687E-03   0.00000000E+00
 24.   28.   0.13429880E-03   0.39542959E-04   0.32806403E-03   0.00000000E+00
 24.   29.   0.10535135E-03   0.68490414E-04   0.29413416E-03   0.00000000E+00
 24.   30.   0.65808386E-04   0.79085918E-04   0.24015953E-03   0.00000000E+00
 24.   31.   0.26265427E-04   0.68490414E-04   0.16981844E-03   0.00000000E+00
 24.   32.  -0.26820278E-05   0.39542959E-04   0.87904490E-04   0.00000000E+00
 24.   33.  -0.13277532E-04   0.20123680E-12   0.17284369E-12   0.00000000E+00
 24.   34.  -0.26820279E-05  -0.39542959E-04  -0.87904490E-04   0.00000000E+00
 24.   35.   0.26265427E-04  -0.68490414E-04  -0.16981843E-03   0.00000000E+00
 24.   36.   0.65808386E-04  -0.79085918E-04  -0.24015953E-03   0.00000000E+00
 24.   37.   0.10535134E-03  -0.68490414E-04  -0.29413416E-03   0.00000000E+00
 24.   38.   0.13429880E-03  -0.39542959E-04  -0.32806403E-03   0.00000000E+00
 24.   39.   0.14489430E-03   0.00000000E+00  -0.33963687E-03   0.00000000E+00
 24.   40.  -0.34017326E-04   0.00000000E+00  -0.52712413E-03   0.00000000E+00
 24.   41.  -0.30726520E-04  -0.12281457E-04  -0.50916281E-03   0.00000000E+00
 24.   42.  -0.21735869E-04  -0.21272108E-04  -0.45650288E-03   0.00000000E+00
 24.   43.  -0.94544116E-05  -0.24562914E-04  -0.37273304E-03   0.00000000E+00
 24.   44.   0.28270455E-05  -0.21272107E-04  -0.26356206E-03   0.00000000E+00
 24.   45.   0.11817696E-04  -0.12281457E-04  -0.13642976E-03   0.00000000E+00
 24.   46.   0.15108502E-04   0.72058410E-13  -0.79960249E-12   0.00000000E+00
 24.   47.   0.11817696E-04   0.12281457E-04   0.13642976E-03   0.00000000E+00
 24.   48.   0.28270454E-05   0.21272108E-04   0.26356206E-03   0.00000000E+00
 24.   49.  -0.94544115E-05   0.24562914E-04   0.37273304E-03   0.00000000E+00
 24.   50.  -0.21735869E-04   0.21272108E-04   0.45650288E-03   0.00000000E+00
 24.   51.  -0.30726520E-04   0.12281457E-04   0.50916281E-03   0.00000000E+00
 24.   52.  -0.34017326E-04   0.00000000E+00   0.52712413E-03   0.00000000E+00
 24.   53.  -0.18017739E-03   0.00000000E+00   0.72957669E-03   0.00000000E+00
 24.   54.  -0.16904408E-03  -0.41550083E-04   0.70471696E-03   0.00000000E+00
 24.   55.  -0.13862731E-03  -0.71966854E-04   0.63183194E-03   0.00000000E+00
 24.   56.  -0.97077224E-04  -0.83100165E-04   0.51588862E-03   0.00000000E+00
 24.   57.  -0.55527141E-04  -0.71966854E-04   0.36478834E-03   0.00000000E+00
 24.   58.  -0.25110370E-04  -0.41550083E-04   0.18882834E-03   0.00000000E+00
 24.   59.  -0.13977058E-04  -0.46252432E-13   0.18458849E-12   0.00000000E+00
 24.   60.  -0.25110370E-04   0.41550082E-04  -0.18882834E-03   0.00000000E+00
 24.   61.  -0.55527141E-04   0.71966854E-04  -0.36478834E-03   0.00000000E+00
 24.   62.  -0.97077224E-04   0.83100165E-04  -0.51588862E-03   0.00000000E+00
 24.   63.  -0.13862731E-03   0.71966854E-04  -0.63183194E-03   0.00000000E+00
 24.   64.  -0.16904408E-03   0.41550083E-04  -0.70471696E-03   0.00000000E+00
 24.   65.  -0.18017739E-03   0.00000000E+00  -0.72957668E-03   0.00000000E+00
 24.   66.   0.18017739E-03   0.00000000E+00   0.72957669E-03   0.00000000E+00
 24.   67.   0.16904408E-03   0.41550083E-04   0.70471696E-03   0.00000000E+00
 24.   68.   0.13862731E-03   0.71966854E-04   0.63183194E-03   0.00000000E+00
 24.   69.   0.97077224E-04   0.83100165E-04   0.51588862E-03   0.00000000E+00
 24.   70.   0.55527141E-04   0.71966854E-04   0.36478834E-03   0.00000000E+00
 24.   71.   0.25110370E-04   0.41550083E-04   0.18882834E-03   0.00000000E+00
 24.   72.   0.13977059E-04   0.13649131E-12   0.22234352E-12   0.00000000E+00
 24.   73.   0.25110370E-04  -0.41550082E-04  -0.18882834E-03   0.00000000E+00
 24.   74.   0.55527141E-04  -0.71966854E-04  -0.36478834E-03   0.00000000E+00
 24.   75.   0.97077224E-04  -0.83100165E-04  -0.51588862E-03   0.00000000E+00
 24.   76.   0.13862731E-03  -0.71966854E-04  -0.63183194E-03   0.00000000E+00
 24.   77.   0.16904408E-03  -0.41550083E-04  -0.70471696E-03   0.00000000E+00
 24.   78.   0.18017739E-03   0.00000000E+00  -0.72957668E-03   0.00000000E+00
