mode k UX UY UZ VOLT
  1.    1.  -0.38964680E-02   0.00000000E+00   0.34462358E+00  -0.52226328E-07
  1.    2.  -0.38964680E-02   0.78901473E-12   0.34781378E+00  -0.52226328E-07
  1.    3.  -0.38964680E-02   0.15222655E-11   0.35716698E+00  -0.52226328E-07
  1.    4.  -0.38964680E-02   0.22218885E-11   0.37204577E+00  -0.52226328E-07
  1.    5.  -0.38964680E-02   0.29224452E-11   0.39143618E+00  -0.52226328E-07
  1.    6.  -0.38964680E-02   0.35800468E-11   0.41401680E+00  -0.52226328E-07
  1.    7.  -0.38964680E-02   0.40801875E-11   0.43824879E+00  -0.52226328E-07
  1.    8.  -0.38964680E-02   0.43017607E-11   0.46248077E+00  -0.52226328E-07
  1.    9.  -0.38964680E-02   0.41891689E-11   0.48506139E+00  -0.52226328E-07
  1.   10.  -0.38964680E-02   0.37018894E-11   0.50445180E+00  -0.52226328E-07
  1.   11.  -0.38964680E-02   0.27921183E-11   0.51933059E+00  -0.52226328E-07
  1.   12.  -0.38964680E-02   0.15380226E-11   0.52868379E+00  -0.52226328E-07
  1.   13.  -0.38964680E-02   0.00000000E+00   0.53187399E+00  -0.52226328E-07
  1.   14.  -0.38964680E-02   0.00000000E+00   0.22759208E+00  -0.52226328E-07
  1.   15.  -0.38964680E-02   0.12556134E-11   0.23477003E+00  -0.52226328E-07
  1.   16.  -0.38964680E-02   0.23182605E-11   0.25581473E+00  -0.52226328E-07
  1.   17.  -0.38964680E-02   0.32556634E-11   0.28929200E+00  -0.52226328E-07
  1.   18.  -0.38964680E-02   0.40348982E-11   0.33292043E+00  -0.52226328E-07
  1.   19.  -0.38964680E-02   0.47371567E-11   0.38372682E+00  -0.52226328E-07
  1.   20.  -0.38964680E-02   0.53085348E-11   0.43824878E+00  -0.52226328E-07
  1.   21.  -0.38964680E-02   0.57683743E-11   0.49277075E+00  -0.52226328E-07
  1.   22.  -0.38964680E-02   0.60036347E-11   0.54357714E+00  -0.52226328E-07
  1.   23.  -0.38964680E-02   0.57066922E-11   0.58720557E+00  -0.52226328E-07
  1.   24.  -0.38964680E-02   0.47266906E-11   0.62068284E+00  -0.52226328E-07
  1.   25.  -0.38964680E-02   0.28138196E-11   0.64172754E+00  -0.52226328E-07
  1.   26.  -0.38964680E-02   0.00000000E+00   0.64890549E+00  -0.52226328E-07
  1.   27.  -0.38964680E-02   0.00000000E+00   0.11056058E+00  -0.52226328E-07
  1.   28.  -0.38964680E-02   0.16539375E-11   0.12172628E+00  -0.52226328E-07
  1.   29.  -0.38964680E-02   0.31494585E-11   0.15446247E+00  -0.52226328E-07
  1.   30.  -0.38964680E-02   0.43973918E-11   0.20653823E+00  -0.52226328E-07
  1.   31.  -0.38964680E-02   0.54362855E-11   0.27440468E+00  -0.52226328E-07
  1.   32.  -0.38964680E-02   0.62054624E-11   0.35343684E+00  -0.52226328E-07
  1.   33.  -0.38964680E-02   0.67666078E-11   0.43824878E+00  -0.52226328E-07
  1.   34.  -0.38964680E-02   0.74141936E-11   0.52306073E+00  -0.52226328E-07
  1.   35.  -0.38964680E-02   0.83078280E-11   0.60209289E+00  -0.52226328E-07
  1.   36.  -0.38964680E-02   0.86835664E-11   0.66995934E+00  -0.52226328E-07
  1.   37.  -0.38964680E-02   0.77137962E-11   0.72203510E+00  -0.52226328E-07
  1.   38.  -0.38964680E-02   0.49376323E-11   0.75477129E+00  -0.52226328E-07
  1.   39.  -0.38964680E-02   0.00000000E+00   0.76593699E+00  -0.52226328E-07
  1.   40.  -0.38964680E-02   0.00000000E+00  -0.64709252E-02  -0.52226328E-07
  1.   41.  -0.38964680E-02   0.19894976E-11   0.86825315E-02  -0.52226328E-07
  1.   42.  -0.38964680E-02   0.38572306E-11   0.53110218E-01  -0.52226328E-07
  1.   43.  -0.38964680E-02   0.53579608E-11   0.12378446E+00  -0.52226328E-07
  1.   44.  -0.38964680E-02   0.64331678E-11   0.21588893E+00  -0.52226328E-07
  1.   45.  -0.38964680E-02   0.72526749E-11   0.32314685E+00  -0.52226328E-07
  1.   46.  -0.38964680E-02   0.77709097E-11   0.43824878E+00  -0.52226328E-07
  1.   47.  -0.38964680E-02   0.86918380E-11   0.55335071E+00  -0.52226328E-07
  1.   48.  -0.38964680E-02   0.10551586E-10   0.66060864E+00  -0.52226328E-07
  1.   49.  -0.38964680E-02   0.12220629E-10   0.75271311E+00  -0.52226328E-07
  1.   50.  -0.38964680E-02   0.11723845E-10   0.82338735E+00  -0.52226328E-07
  1.   51.  -0.38964680E-02   0.77483096E-11   0.86781504E+00  -0.52226328E-07
  1.   52.  -0.38964680E-02   0.00000000E+00   0.88296850E+00  -0.52226328E-07
  1.   53.  -0.38964680E-02   0.00000000E+00  -0.12350243E+00  -0.52226328E-07
  1.   54.  -0.38964680E-02   0.21794220E-11  -0.10436122E+00  -0.52226328E-07
  1.   55.  -0.38964680E-02   0.43443681E-11  -0.48242036E-01  -0.52226328E-07
  1.   56.  -0.38964680E-02   0.59226537E-11   0.41030692E-01  -0.52226328E-07
  1.   57.  -0.38964680E-02   0.68567878E-11   0.15737318E+00  -0.52226328E-07
  1.   58.  -0.38964680E-02   0.74151313E-11   0.29285687E+00  -0.52226328E-07
  1.   59.  -0.38964680E-02   0.78030224E-11   0.43824878E+00  -0.52226328E-07
  1.   60.  -0.38964680E-02   0.85881951E-11   0.58364069E+00  -0.52226328E-07
  1.   61.  -0.38964680E-02   0.10925626E-10   0.71912439E+00  -0.52226328E-07
  1.   62.  -0.38964680E-02   0.14309990E-10   0.83546688E+00  -0.52226328E-07
  1.   63.  -0.38964680E-02   0.15270190E-10   0.92473960E+00  -0.52226328E-07
  1.   64.  -0.38964679E-02   0.98565107E-11   0.98085879E+00  -0.52226328E-07
  1.   65.  -0.38964679E-02   0.00000000E+00   0.10000000E+01  -0.52226328E-07
  1.   66.  -0.30111525E-01   0.00000000E+00  -0.12350243E+00  -0.52226328E-07
  1.   67.  -0.30111525E-01  -0.21829289E-11  -0.10436122E+00  -0.52226328E-07
  1.   68.  -0.30111525E-01  -0.43471113E-11  -0.48242036E-01  -0.52226328E-07
  1.   69.  -0.30111525E-01  -0.59222442E-11   0.41030692E-01  -0.52226328E-07
  1.   70.  -0.30111525E-01  -0.68453997E-11   0.15737318E+00  -0.52226328E-07
  1.   71.  -0.30111525E-01  -0.74241359E-11   0.29285687E+00  -0.52226328E-07
  1.   72.  -0.30111525E-01  -0.78061255E-11   0.43824878E+00  -0.52226328E-07
  1.   73.  -0.30111525E-01  -0.85759712E-11   0.58364069E+00  -0.52226328E-07
  1.   74.  -0.30111525E-01  -0.10928447E-10   0.71912439E+00  -0.52226328E-07
  1.   75.  -0.30111525E-01  -0.14292381E-10   0.83546688E+00  -0.52226328E-07
  1.   76.  -0.30111525E-01  -0.15278957E-10   0.92473960E+00  -0.52226328E-07
  1.   77.  -0.30111525E-01  -0.98863300E-11   0.98085879E+00  -0.52226328E-07
  1.   78.  -0.30111525E-01   0.00000000E+00   0.10000000E+01  -0.52226328E-07
  2.    1.   0.10000000E+01   0.00000000E+00   0.27083035E-01  -0.70206937E-08
  2.    2.   0.10000000E+01   0.44364238E-13   0.27216877E-01  -0.70206937E-08
  2.    3.   0.10000000E+01   0.68537161E-13   0.27609282E-01  -0.70206937E-08
  2.    4.   0.10000000E+01   0.10707554E-12   0.28233508E-01  -0.70206937E-08
  2.    5.   0.10000000E+01   0.18881415E-12   0.29047016E-01  -0.70206937E-08
  2.    6.   0.10000000E+01   0.24561155E-12   0.29994365E-01  -0.70206937E-08
  2.    7.   0.10000000E+01   0.28109168E-12   0.31010996E-01  -0.70206937E-08
  2.    8.   0.10000000E+01   0.32108183E-12   0.32027627E-01  -0.70206937E-08
  2.    9.   0.10000000E+01   0.33728327E-12   0.32974976E-01  -0.70206937E-08
  2.   10.   0.10000000E+01   0.31567867E-12   0.33788484E-01  -0.70206937E-08
  2.   11.   0.10000000E+01   0.23114065E-12   0.34412710E-01  -0.70206937E-08
  2.   12.   0.10000000E+01   0.11712935E-12   0.34805115E-01  -0.70206937E-08
  2.   13.   0.10000000E+01   0.00000000E+00   0.34938957E-01  -0.70206937E-08
  2.   14.   0.10000000E+01   0.00000000E+00   0.22173084E-01  -0.70206937E-08
  2.   15.   0.10000000E+01   0.53784388E-13   0.22474229E-01  -0.70206937E-08
  2.   16.   0.10000000E+01   0.89403537E-13   0.23357140E-01  -0.70206937E-08
  2.   17.   0.10000000E+01   0.10373737E-12   0.24761649E-01  -0.70206937E-08
  2.   18.   0.10000000E+01   0.10297989E-12   0.26592040E-01  -0.70206937E-08
  2.   19.   0.10000000E+01   0.17000357E-12   0.28723576E-01  -0.70206937E-08
  2.   20.   0.10000000E+01   0.24444967E-12   0.31010996E-01  -0.70206937E-08
  2.   21.   0.10000000E+01   0.32400390E-12   0.33298416E-01  -0.70206937E-08
  2.   22.   0.10000000E+01   0.34940602E-12   0.35429952E-01  -0.70206937E-08
  2.   23.   0.10000000E+01   0.31006344E-12   0.37260343E-01  -0.70206937E-08
  2.   24.   0.10000000E+01   0.25922588E-12   0.38664852E-01  -0.70206937E-08
  2.   25.   0.10000000E+01   0.16290812E-12   0.39547763E-01  -0.70206937E-08
  2.   26.   0.10000000E+01   0.00000000E+00   0.39848908E-01  -0.70206937E-08
  2.   27.   0.10000000E+01   0.00000000E+00   0.17263133E-01  -0.70206937E-08
  2.   28.   0.10000000E+01   0.56690471E-13   0.17731580E-01  -0.70206937E-08
  2.   29.   0.10000000E+01   0.10093770E-12   0.19104998E-01  -0.70206937E-08
  2.   30.   0.10000000E+01   0.10885380E-12   0.21289789E-01  -0.70206937E-08
  2.   31.   0.10000000E+01   0.12482636E-12   0.24137065E-01  -0.70206937E-08
  2.   32.   0.10000000E+01   0.17064535E-12   0.27452787E-01  -0.70206937E-08
  2.   33.   0.10000000E+01   0.26731501E-12   0.31010996E-01  -0.70206937E-08
  2.   34.   0.10000000E+01   0.36799575E-12   0.34569205E-01  -0.70206937E-08
  2.   35.   0.10000000E+01   0.45258656E-12   0.37884927E-01  -0.70206937E-08
  2.   36.   0.10000000E+01   0.45984464E-12   0.40732203E-01  -0.70206937E-08
  2.   37.   0.10000000E+01   0.40721127E-12   0.42916995E-01  -0.70206937E-08
  2.   38.   0.10000000E+01   0.25672525E-12   0.44290412E-01  -0.70206937E-08
  2.   39.   0.10000000E+01   0.00000000E+00   0.44758859E-01  -0.70206937E-08
  2.   40.   0.10000000E+01   0.00000000E+00   0.12353182E-01  -0.70206937E-08
  2.   41.   0.10000000E+01   0.10396008E-12   0.12988932E-01  -0.70206937E-08
  2.   42.   0.10000000E+01   0.20372594E-12   0.14852855E-01  -0.70206937E-08
  2.   43.   0.10000000E+01   0.20246136E-12   0.17817929E-01  -0.70206937E-08
  2.   44.   0.10000000E+01   0.14792501E-12   0.21682089E-01  -0.70206937E-08
  2.   45.   0.10000000E+01   0.20818294E-12   0.26181998E-01  -0.70206937E-08
  2.   46.   0.10000000E+01   0.28136425E-12   0.31010996E-01  -0.70206937E-08
  2.   47.   0.10000000E+01   0.37882171E-12   0.35839994E-01  -0.70206937E-08
  2.   48.   0.10000000E+01   0.52583862E-12   0.40339903E-01  -0.70206937E-08
  2.   49.   0.10000000E+01   0.56365773E-12   0.44204063E-01  -0.70206937E-08
  2.   50.   0.10000000E+01   0.56302106E-12   0.47169137E-01  -0.70206937E-08
  2.   51.   0.10000000E+01   0.38293421E-12   0.49033060E-01  -0.70206937E-08
  2.   52.   0.10000000E+01   0.00000000E+00   0.49668810E-01  -0.70206937E-08
  2.   53.   0.10000000E+01   0.00000000E+00   0.74432312E-02  -0.70206937E-08
  2.   54.   0.10000000E+01   0.14547989E-12   0.82462833E-02  -0.70206937E-08
  2.   55.   0.10000000E+01   0.24542690E-12   0.10600713E-01  -0.70206937E-08
  2.   56.   0.10000000E+01   0.21463551E-12   0.14346070E-01  -0.70206937E-08
  2.   57.   0.10000000E+01   0.13429531E-12   0.19227114E-01  -0.70206937E-08
  2.   58.   0.10000000E+01   0.15544953E-12   0.24911210E-01  -0.70206937E-08
  2.   59.   0.10000000E+01   0.22643132E-12   0.31010996E-01  -0.70206937E-08
  2.   60.   0.10000000E+01   0.32923563E-12   0.37110782E-01  -0.70206937E-08
  2.   61.   0.10000000E+01   0.47012015E-12   0.42794878E-01  -0.70206937E-08
  2.   62.   0.10000000E+01   0.57979717E-12   0.47675922E-01  -0.70206937E-08
  2.   63.   0.10000000E+01   0.62094032E-12   0.51421279E-01  -0.70206937E-08
  2.   64.   0.10000000E+01   0.35857298E-12   0.53775709E-01  -0.70206937E-08
  2.   65.   0.10000000E+01   0.00000000E+00   0.54578761E-01  -0.70206937E-08
  2.   66.   0.99890017E+00   0.00000000E+00   0.74432312E-02  -0.70206937E-08
  2.   67.   0.99890017E+00  -0.77378413E-13   0.82462833E-02  -0.70206937E-08
  2.   68.   0.99890017E+00  -0.27243546E-12   0.10600713E-01  -0.70206937E-08
  2.   69.   0.99890017E+00  -0.30629941E-12   0.14346070E-01  -0.70206937E-08
  2.   70.   0.99890017E+00  -0.33496323E-12   0.19227114E-01  -0.70206937E-08
  2.   71.   0.99890017E+00  -0.31162617E-12   0.24911210E-01  -0.70206937E-08
  2.   72.   0.99890017E+00  -0.19243811E-12   0.31010996E-01  -0.70206937E-08
  2.   73.   0.99890017E+00  -0.18727723E-12   0.37110782E-01  -0.70206937E-08
  2.   74.   0.99890017E+00  -0.25683091E-12   0.42794878E-01  -0.70206937E-08
  2.   75.   0.99890017E+00  -0.47016130E-12   0.47675922E-01  -0.70206937E-08
  2.   76.   0.99890017E+00  -0.58151548E-12   0.51421279E-01  -0.70206937E-08
  2.   77.   0.99890017E+00  -0.41621324E-12   0.53775709E-01  -0.70206937E-08
  2.   78.   0.99890017E+00   0.00000000E+00   0.54578761E-01  -0.70206937E-08
  3.    1.  -0.20679286E-01   0.00000000E+00   0.37316108E+00  -0.96978339E-07
  3.    2.  -0.20679286E-01   0.64925284E-12   0.36888928E+00  -0.96978339E-07
  3.    3.  -0.20679286E-01   0.11199163E-11   0.35636498E+00  -0.96978339E-07
  3.    4.  -0.20679286E-01   0.13750750E-11   0.33644171E+00  -0.96978339E-07
  3.    5.  -0.20679286E-01   0.14489807E-11   0.31047719E+00  -0.96978339E-07
  3.    6.  -0.20679286E-01   0.13596189E-11   0.28024087E+00  -0.96978339E-07
  3.    7.  -0.20679286E-01   0.11156908E-11   0.24779330E+00  -0.96978339E-07
  3.    8.  -0.20679286E-01   0.76740039E-12   0.21534573E+00  -0.96978339E-07
  3.    9.  -0.20679286E-01   0.41495248E-12   0.18510940E+00  -0.96978339E-07
  3.   10.  -0.20679286E-01   0.14378495E-12   0.15914489E+00  -0.96978339E-07
  3.   11.  -0.20679286E-01  -0.90902797E-14   0.13922161E+00  -0.96978339E-07
  3.   12.  -0.20679286E-01  -0.35077618E-13   0.12669731E+00  -0.96978339E-07
  3.   13.  -0.20679286E-01   0.00000000E+00   0.12242551E+00  -0.96978339E-07
  3.   14.  -0.20679286E-01   0.00000000E+00   0.52987081E+00  -0.96978339E-07
  3.   15.  -0.20679286E-01   0.23081585E-12   0.52025925E+00  -0.96978339E-07
  3.   16.  -0.20679286E-01   0.18403075E-12   0.49207959E+00  -0.96978339E-07
  3.   17.  -0.20679286E-01   0.60316933E-13   0.44725222E+00  -0.96978339E-07
  3.   18.  -0.20679286E-01  -0.17241575E-12   0.38883205E+00  -0.96978339E-07
  3.   19.  -0.20679286E-01  -0.45576948E-12   0.32080033E+00  -0.96978339E-07
  3.   20.  -0.20679286E-01  -0.90005315E-12   0.24779330E+00  -0.96978339E-07
  3.   21.  -0.20679286E-01  -0.14431962E-11   0.17478626E+00  -0.96978339E-07
  3.   22.  -0.20679286E-01  -0.19254890E-11   0.10675454E+00  -0.96978339E-07
  3.   23.  -0.20679286E-01  -0.21344617E-11   0.48334373E-01  -0.96978339E-07
  3.   24.  -0.20679286E-01  -0.18815989E-11   0.35070030E-02  -0.96978339E-07
  3.   25.  -0.20679286E-01  -0.11181469E-11  -0.24672661E-01  -0.96978339E-07
  3.   26.  -0.20679286E-01   0.00000000E+00  -0.34284220E-01  -0.96978339E-07
  3.   27.  -0.20679286E-01   0.00000000E+00   0.68658054E+00  -0.96978339E-07
  3.   28.  -0.20679286E-01   0.43618867E-12   0.67162923E+00  -0.96978339E-07
  3.   29.  -0.20679286E-01   0.41934152E-12   0.62779420E+00  -0.96978339E-07
  3.   30.  -0.20679286E-01   0.43460107E-13   0.55806273E+00  -0.96978339E-07
  3.   31.  -0.20679286E-01  -0.39927829E-12   0.46718692E+00  -0.96978339E-07
  3.   32.  -0.20679286E-01  -0.11232429E-11   0.36135979E+00  -0.96978339E-07
  3.   33.  -0.20679286E-01  -0.21323352E-11   0.24779330E+00  -0.96978339E-07
  3.   34.  -0.20679286E-01  -0.32292948E-11   0.13422680E+00  -0.96978339E-07
  3.   35.  -0.20679286E-01  -0.41236116E-11   0.28399676E-01  -0.96978339E-07
  3.   36.  -0.20679286E-01  -0.44736551E-11  -0.62476139E-01  -0.96978339E-07
  3.   37.  -0.20679286E-01  -0.39895177E-11  -0.13220760E+00  -0.96978339E-07
  3.   38.  -0.20679286E-01  -0.24616892E-11  -0.17604264E+00  -0.96978339E-07
  3.   39.  -0.20679286E-01   0.00000000E+00  -0.19099395E+00  -0.96978339E-07
  3.   40.  -0.20679286E-01   0.00000000E+00   0.84329027E+00  -0.96978339E-07
  3.   41.  -0.20679286E-01   0.85715513E-12   0.82299920E+00  -0.96978339E-07
  3.   42.  -0.20679286E-01   0.99852209E-13   0.76350880E+00  -0.96978339E-07
  3.   43.  -0.20679286E-01  -0.45495431E-12   0.66887325E+00  -0.96978339E-07
  3.   44.  -0.20679286E-01  -0.10446103E-11   0.54554178E+00  -0.96978339E-07
  3.   45.  -0.20679286E-01  -0.18831699E-11   0.40191926E+00  -0.96978339E-07
  3.   46.  -0.20679286E-01  -0.32237766E-11   0.24779330E+00  -0.96978339E-07
  3.   47.  -0.20679286E-01  -0.47224761E-11   0.93667341E-01  -0.96978339E-07
  3.   48.  -0.20679286E-01  -0.60903485E-11  -0.49955188E-01  -0.96978339E-07
  3.   49.  -0.20679286E-01  -0.69023789E-11  -0.17328665E+00  -0.96978339E-07
  3.   50.  -0.20679286E-01  -0.64881181E-11  -0.26792221E+00  -0.96978339E-07
  3.   51.  -0.20679286E-01  -0.41230307E-11  -0.32741261E+00  -0.96978339E-07
  3.   52.  -0.20679286E-01   0.00000000E+00  -0.34770368E+00  -0.96978339E-07
  3.   53.  -0.20679286E-01   0.00000000E+00   0.10000000E+01  -0.96978339E-07
  3.   54.  -0.20679286E-01   0.11731841E-11   0.97436918E+00  -0.96978339E-07
  3.   55.  -0.20679286E-01  -0.14968027E-11   0.89922341E+00  -0.96978339E-07
  3.   56.  -0.20679286E-01  -0.20441109E-11   0.77968376E+00  -0.96978339E-07
  3.   57.  -0.20679286E-01  -0.26147342E-11   0.62389665E+00  -0.96978339E-07
  3.   58.  -0.20679286E-01  -0.34761837E-11   0.44247872E+00  -0.96978339E-07
  3.   59.  -0.20679286E-01  -0.46697883E-11   0.24779330E+00  -0.96978339E-07
  3.   60.  -0.20679286E-01  -0.61145203E-11   0.53107880E-01  -0.96978339E-07
  3.   61.  -0.20679286E-01  -0.75332102E-11  -0.12831005E+00  -0.96978339E-07
  3.   62.  -0.20679286E-01  -0.87053302E-11  -0.28409716E+00  -0.96978339E-07
  3.   63.  -0.20679286E-01  -0.86960298E-11  -0.40363682E+00  -0.96978339E-07
  3.   64.  -0.20679286E-01  -0.54306941E-11  -0.47878259E+00  -0.96978339E-07
  3.   65.  -0.20679286E-01   0.00000000E+00  -0.50441341E+00  -0.96978339E-07
  3.   66.   0.14423694E-01   0.00000000E+00   0.10000000E+01  -0.96978339E-07
  3.   67.   0.14423694E-01  -0.11757003E-11   0.97436918E+00  -0.96978339E-07
  3.   68.   0.14423694E-01   0.15013351E-11   0.89922341E+00  -0.96978339E-07
  3.   69.   0.14423694E-01   0.20247225E-11   0.77968376E+00  -0.96978339E-07
  3.   70.   0.14423694E-01   0.26249778E-11   0.62389665E+00  -0.96978339E-07
  3.   71.   0.14423694E-01   0.34509019E-11   0.44247872E+00  -0.96978339E-07
  3.   72.   0.14423694E-01   0.46706730E-11   0.24779330E+00  -0.96978339E-07
  3.   73.   0.14423694E-01   0.61201684E-11   0.53107880E-01  -0.96978339E-07
  3.   74.   0.14423694E-01   0.75374094E-11  -0.12831005E+00  -0.96978339E-07
  3.   75.   0.14423694E-01   0.86998696E-11  -0.28409716E+00  -0.96978339E-07
  3.   76.   0.14423694E-01   0.86967151E-11  -0.40363682E+00  -0.96978339E-07
  3.   77.   0.14423694E-01   0.54428976E-11  -0.47878259E+00  -0.96978339E-07
  3.   78.   0.14423694E-01   0.00000000E+00  -0.50441341E+00  -0.96978339E-07
  4.    1.   0.63090054E-03   0.00000000E+00  -0.20395448E-02   0.62202713E-09
  4.    2.   0.61010276E-03  -0.16590017E-03  -0.17662976E-02   0.62202713E-09
  4.    3.   0.54871694E-03  -0.31950508E-03  -0.10197724E-02   0.62202713E-09
  4.    4.   0.44993696E-03  -0.44993696E-03  -0.13077881E-10   0.62202713E-09
  4.    5.   0.31950508E-03  -0.54871694E-03   0.10197724E-02   0.62202713E-09
  4.    6.   0.16590017E-03  -0.61010276E-03   0.17662976E-02   0.62202713E-09
  4.    7.   0.37269000E-11  -0.63090054E-03   0.20395448E-02   0.62202713E-09
  4.    8.  -0.16590017E-03  -0.61010276E-03   0.17662976E-02   0.62202713E-09
  4.    9.  -0.31950507E-03  -0.54871694E-03   0.10197724E-02   0.62202713E-09
  4.   10.  -0.44993695E-03  -0.44993696E-03   0.33372325E-10   0.62202713E-09
  4.   11.  -0.54871693E-03  -0.31950508E-03  -0.10197724E-02   0.62202713E-09
  4.   12.  -0.61010276E-03  -0.16590018E-03  -0.17662976E-02   0.62202713E-09
  4.   13.  -0.63090054E-03   0.00000000E+00  -0.20395448E-02   0.62202713E-09
  4.   14.   0.10440676E-02   0.00000000E+00  -0.93219319E-02   0.62202713E-09
  4.   15.   0.10233267E-02  -0.32558895E-03  -0.80730298E-02   0.62202713E-09
  4.   16.   0.95382743E-03  -0.60800992E-03  -0.46609660E-02   0.62202713E-09
  4.   17.   0.81932636E-03  -0.81932635E-03  -0.52094462E-10   0.62202713E-09
  4.   18.   0.60800993E-03  -0.95382743E-03   0.46609659E-02   0.62202713E-09
  4.   19.   0.32558895E-03  -0.10233267E-02   0.80730298E-02   0.62202713E-09
  4.   20.   0.70715200E-11  -0.10440676E-02   0.93219319E-02   0.62202713E-09
  4.   21.  -0.32558894E-03  -0.10233267E-02   0.80730299E-02   0.62202713E-09
  4.   22.  -0.60800991E-03  -0.95382743E-03   0.46609661E-02   0.62202713E-09
  4.   23.  -0.81932635E-03  -0.81932636E-03   0.15104583E-09   0.62202713E-09
  4.   24.  -0.95382742E-03  -0.60800993E-03  -0.46609658E-02   0.62202713E-09
  4.   25.  -0.10233267E-02  -0.32558896E-03  -0.80730297E-02   0.62202713E-09
  4.   26.  -0.10440676E-02   0.00000000E+00  -0.93219319E-02   0.62202713E-09
  4.   27.   0.14469131E-02   0.00000000E+00  -0.20542376E-01   0.62202713E-09
  4.   28.   0.14228894E-02  -0.46882976E-03  -0.17790219E-01   0.62202713E-09
  4.   29.   0.13376474E-02  -0.86996018E-03  -0.10271188E-01   0.62202713E-09
  4.   30.   0.11612470E-02  -0.11612470E-02  -0.11119688E-09   0.62202713E-09
  4.   31.   0.86996018E-03  -0.13376474E-02   0.10271188E-01   0.62202713E-09
  4.   32.   0.46882976E-03  -0.14228894E-02   0.17790219E-01   0.62202713E-09
  4.   33.   0.10104467E-10  -0.14469131E-02   0.20542376E-01   0.62202713E-09
  4.   34.  -0.46882974E-03  -0.14228894E-02   0.17790219E-01   0.62202713E-09
  4.   35.  -0.86996016E-03  -0.13376474E-02   0.10271188E-01   0.62202713E-09
  4.   36.  -0.11612470E-02  -0.11612470E-02   0.33121527E-09   0.62202713E-09
  4.   37.  -0.13376474E-02  -0.86996019E-03  -0.10271187E-01   0.62202713E-09
  4.   38.  -0.14228894E-02  -0.46882977E-03  -0.17790219E-01   0.62202713E-09
  4.   39.  -0.14469131E-02   0.00000000E+00  -0.20542376E-01   0.62202713E-09
  4.   40.   0.17160510E-02   0.00000000E+00  -0.34759107E-01   0.62202713E-09
  4.   41.   0.17005205E-02  -0.60441034E-03  -0.30102270E-01   0.62202713E-09
  4.   42.   0.16298322E-02  -0.11069012E-02  -0.17379554E-01   0.62202713E-09
  4.   43.   0.14480736E-02  -0.14480736E-02  -0.18566272E-09   0.62202713E-09
  4.   44.   0.11069012E-02  -0.16298322E-02   0.17379553E-01   0.62202713E-09
  4.   45.   0.60441034E-03  -0.17005205E-02   0.30102270E-01   0.62202713E-09
  4.   46.   0.13057880E-10  -0.17160510E-02   0.34759107E-01   0.62202713E-09
  4.   47.  -0.60441032E-03  -0.17005205E-02   0.30102270E-01   0.62202713E-09
  4.   48.  -0.11069012E-02  -0.16298322E-02   0.17379554E-01   0.62202713E-09
  4.   49.  -0.14480736E-02  -0.14480736E-02   0.55899013E-09   0.62202713E-09
  4.   50.  -0.16298322E-02  -0.11069012E-02  -0.17379553E-01   0.62202713E-09
  4.   51.  -0.17005205E-02  -0.60441036E-03  -0.30102270E-01   0.62202713E-09
  4.   52.  -0.17160510E-02   0.00000000E+00  -0.34759107E-01   0.62202713E-09
  4.   53.   0.19025549E-02   0.00000000E+00  -0.50937310E-01   0.62202713E-09
  4.   54.   0.18954467E-02  -0.70783040E-03  -0.44113004E-01   0.62202713E-09
  4.   55.   0.18407949E-02  -0.12857953E-02  -0.25468655E-01   0.62202713E-09
  4.   56.   0.16606959E-02  -0.16606959E-02  -0.27029919E-09   0.62202713E-09
  4.   57.   0.12857953E-02  -0.18407949E-02   0.25468655E-01   0.62202713E-09
  4.   58.   0.70783040E-03  -0.18954467E-02   0.44113004E-01   0.62202713E-09
  4.   59.   0.15341610E-10  -0.19025549E-02   0.50937310E-01   0.62202713E-09
  4.   60.  -0.70783038E-03  -0.18954467E-02   0.44113005E-01   0.62202713E-09
  4.   61.  -0.12857953E-02  -0.18407949E-02   0.25468656E-01   0.62202713E-09
  4.   62.  -0.16606959E-02  -0.16606960E-02   0.81800418E-09   0.62202713E-09
  4.   63.  -0.18407949E-02  -0.12857953E-02  -0.25468654E-01   0.62202713E-09
  4.   64.  -0.18954467E-02  -0.70783042E-03  -0.44113004E-01   0.62202713E-09
  4.   65.  -0.19025549E-02   0.00000000E+00  -0.50937310E-01   0.62202713E-09
  4.   66.  -0.19025549E-02   0.00000000E+00  -0.50937310E-01   0.62202713E-09
  4.   67.  -0.18954467E-02   0.70783040E-03  -0.44113004E-01   0.62202713E-09
  4.   68.  -0.18407949E-02   0.12857953E-02  -0.25468655E-01   0.62202713E-09
  4.   69.  -0.16606959E-02   0.16606959E-02  -0.27030310E-09   0.62202713E-09
  4.   70.  -0.12857953E-02   0.18407949E-02   0.25468655E-01   0.62202713E-09
  4.   71.  -0.70783040E-03   0.18954467E-02   0.44113004E-01   0.62202713E-09
  4.   72.  -0.15395102E-10   0.19025549E-02   0.50937310E-01   0.62202713E-09
  4.   73.   0.70783038E-03   0.18954467E-02   0.44113005E-01   0.62202713E-09
  4.   74.   0.12857953E-02   0.18407949E-02   0.25468656E-01   0.62202713E-09
  4.   75.   0.16606959E-02   0.16606960E-02   0.81800565E-09   0.62202713E-09
  4.   76.   0.18407949E-02   0.12857953E-02  -0.25468654E-01   0.62202713E-09
  4.   77.   0.18954467E-02   0.70783042E-03  -0.44113004E-01   0.62202713E-09
  4.   78.   0.19025549E-02   0.00000000E+00  -0.50937310E-01   0.62202713E-09
  5.    1.  -0.58805665E-04   0.00000000E+00  -0.13583855E-02   0.10000000E+01
  5.    2.  -0.56801911E-04  -0.15220026E-04  -0.13583855E-02   0.10000000E+01
  5.    3.  -0.50927200E-04  -0.29402833E-04  -0.13583855E-02   0.10000000E+01
  5.    4.  -0.41581885E-04  -0.41581885E-04  -0.13583855E-02   0.10000000E+01
  5.    5.  -0.29402833E-04  -0.50927200E-04  -0.13583855E-02   0.10000000E+01
  5.    6.  -0.15220026E-04  -0.56801911E-04  -0.13583855E-02   0.10000000E+01
  5.    7.  -0.31038904E-12  -0.58805665E-04  -0.13583855E-02   0.10000000E+01
  5.    8.   0.15220026E-04  -0.56801911E-04  -0.13583855E-02   0.10000000E+01
  5.    9.   0.29402832E-04  -0.50927200E-04  -0.13583855E-02   0.10000000E+01
  5.   10.   0.41581884E-04  -0.41581885E-04  -0.13583855E-02   0.10000000E+01
  5.   11.   0.50927200E-04  -0.29402833E-04  -0.13583855E-02   0.10000000E+01
  5.   12.   0.56801911E-04  -0.15220027E-04  -0.13583855E-02   0.10000000E+01
  5.   13.   0.58805665E-04   0.00000000E+00  -0.13583855E-02   0.10000000E+01
  5.   14.  -0.59432508E-04   0.00000000E+00  -0.85127183E-03   0.10000000E+01
  5.   15.  -0.57407394E-04  -0.15382265E-04  -0.85127183E-03   0.10000000E+01
  5.   16.  -0.51470062E-04  -0.29716254E-04  -0.85127183E-03   0.10000000E+01
  5.   17.  -0.42025130E-04  -0.42025129E-04  -0.85127183E-03   0.10000000E+01
  5.   18.  -0.29716254E-04  -0.51470062E-04  -0.85127183E-03   0.10000000E+01
  5.   19.  -0.15382265E-04  -0.57407394E-04  -0.85127183E-03   0.10000000E+01
  5.   20.  -0.31279596E-12  -0.59432508E-04  -0.85127183E-03   0.10000000E+01
  5.   21.   0.15382265E-04  -0.57407394E-04  -0.85127183E-03   0.10000000E+01
  5.   22.   0.29716254E-04  -0.51470062E-04  -0.85127183E-03   0.10000000E+01
  5.   23.   0.42025129E-04  -0.42025130E-04  -0.85127183E-03   0.10000000E+01
  5.   24.   0.51470061E-04  -0.29716254E-04  -0.85127183E-03   0.10000000E+01
  5.   25.   0.57407394E-04  -0.15382266E-04  -0.85127183E-03   0.10000000E+01
  5.   26.   0.59432508E-04   0.00000000E+00  -0.85127183E-03   0.10000000E+01
  5.   27.  -0.66136409E-04   0.00000000E+00  -0.28561804E-03   0.10000000E+01
  5.   28.  -0.63882866E-04  -0.17117362E-04  -0.28561804E-03   0.10000000E+01
  5.   29.  -0.57275811E-04  -0.33068205E-04  -0.28561804E-03   0.10000000E+01
  5.   30.  -0.46765504E-04  -0.46765503E-04  -0.28561804E-03   0.10000000E+01
  5.   31.  -0.33068205E-04  -0.57275811E-04  -0.28561804E-03   0.10000000E+01
  5.   32.  -0.17117363E-04  -0.63882866E-04  -0.28561804E-03   0.10000000E+01
  5.   33.  -0.34834684E-12  -0.66136409E-04  -0.28561804E-03   0.10000000E+01
  5.   34.   0.17117362E-04  -0.63882866E-04  -0.28561804E-03   0.10000000E+01
  5.   35.   0.33068204E-04  -0.57275811E-04  -0.28561804E-03   0.10000000E+01
  5.   36.   0.46765503E-04  -0.46765504E-04  -0.28561804E-03   0.10000000E+01
  5.   37.   0.57275810E-04  -0.33068205E-04  -0.28561804E-03   0.10000000E+01
  5.   38.   0.63882866E-04  -0.17117363E-04  -0.28561804E-03   0.10000000E+01
  5.   39.   0.66136409E-04   0.00000000E+00  -0.28561804E-03   0.10000000E+01
  5.   40.  -0.65215647E-04   0.00000000E+00   0.30722673E-03   0.10000000E+01
  5.   41.  -0.62993478E-04  -0.16879052E-04   0.30722673E-03   0.10000000E+01
  5.   42.  -0.56478407E-04  -0.32607824E-04   0.30722673E-03   0.10000000E+01
  5.   43.  -0.46114426E-04  -0.46114426E-04   0.30722673E-03   0.10000000E+01
  5.   44.  -0.32607824E-04  -0.56478407E-04   0.30722673E-03   0.10000000E+01
  5.   45.  -0.16879052E-04  -0.62993478E-04   0.30722673E-03   0.10000000E+01
  5.   46.  -0.34351067E-12  -0.65215647E-04   0.30722673E-03   0.10000000E+01
  5.   47.   0.16879051E-04  -0.62993478E-04   0.30722673E-03   0.10000000E+01
  5.   48.   0.32607823E-04  -0.56478407E-04   0.30722673E-03   0.10000000E+01
  5.   49.   0.46114426E-04  -0.46114427E-04   0.30722673E-03   0.10000000E+01
  5.   50.   0.56478407E-04  -0.32607824E-04   0.30722673E-03   0.10000000E+01
  5.   51.   0.62993478E-04  -0.16879052E-04   0.30722673E-03   0.10000000E+01
  5.   52.   0.65215647E-04   0.00000000E+00   0.30722673E-03   0.10000000E+01
  5.   53.  -0.59098622E-04   0.00000000E+00   0.86403975E-03   0.10000000E+01
  5.   54.  -0.57084885E-04  -0.15295849E-04   0.86403975E-03   0.10000000E+01
  5.   55.  -0.51180908E-04  -0.29549311E-04   0.86403975E-03   0.10000000E+01
  5.   56.  -0.41789036E-04  -0.41789036E-04   0.86403975E-03   0.10000000E+01
  5.   57.  -0.29549311E-04  -0.51180907E-04   0.86403975E-03   0.10000000E+01
  5.   58.  -0.15295849E-04  -0.57084885E-04   0.86403975E-03   0.10000000E+01
  5.   59.  -0.31129611E-12  -0.59098622E-04   0.86403975E-03   0.10000000E+01
  5.   60.   0.15295848E-04  -0.57084885E-04   0.86403975E-03   0.10000000E+01
  5.   61.   0.29549310E-04  -0.51180908E-04   0.86403975E-03   0.10000000E+01
  5.   62.   0.41789036E-04  -0.41789036E-04   0.86403975E-03   0.10000000E+01
  5.   63.   0.51180907E-04  -0.29549311E-04   0.86403975E-03   0.10000000E+01
  5.   64.   0.57084885E-04  -0.15295849E-04   0.86403975E-03   0.10000000E+01
  5.   65.   0.59098622E-04   0.00000000E+00   0.86403975E-03   0.10000000E+01
  5.   66.   0.59098622E-04   0.00000000E+00   0.86403975E-03   0.10000000E+01
  5.   67.   0.57084885E-04   0.15295849E-04   0.86403975E-03   0.10000000E+01
  5.   68.   0.51180908E-04   0.29549311E-04   0.86403975E-03   0.10000000E+01
  5.   69.   0.41789036E-04   0.41789036E-04   0.86403975E-03   0.10000000E+01
  5.   70.   0.29549311E-04   0.51180907E-04   0.86403975E-03   0.10000000E+01
  5.   71.   0.15295849E-04   0.57084885E-04   0.86403975E-03   0.10000000E+01
  5.   72.   0.31697957E-12   0.59098622E-04   0.86403975E-03   0.10000000E+01
  5.   73.  -0.15295848E-04   0.57084885E-04   0.86403975E-03   0.10000000E+01
  5.   74.  -0.29549310E-04   0.51180908E-04   0.86403975E-03   0.10000000E+01
  5.   75.  -0.41789036E-04   0.41789036E-04   0.86403975E-03   0.10000000E+01
  5.   76.  -0.51180907E-04   0.29549311E-04   0.86403975E-03   0.10000000E+01
  5.   77.  -0.57084885E-04   0.15295849E-04   0.86403975E-03   0.10000000E+01
  5.   78.  -0.59098622E-04   0.00000000E+00   0.86403975E-03   0.10000000E+01
  6.    1.   0.95818199E-04   0.00000000E+00  -0.18283308E-03  -0.70293909E-09
  6.    2.   0.82995748E-04  -0.47964159E-04  -0.12928251E-03  -0.70293909E-09
  6.    3.   0.47949406E-04  -0.83050807E-04   0.96701840E-12  -0.70293909E-09
  6.    4.   0.40306605E-07  -0.95858505E-04   0.12928251E-03  -0.70293909E-09
  6.    5.  -0.47909099E-04  -0.82980995E-04   0.18283309E-03  -0.70293909E-09
  6.    6.  -0.83036053E-04  -0.47894347E-04   0.12928252E-03  -0.70293909E-09
  6.    7.  -0.95898811E-04  -0.10087346E-11   0.37007339E-11  -0.70293909E-09
  6.    8.  -0.83036054E-04   0.47894345E-04  -0.12928251E-03  -0.70293909E-09
  6.    9.  -0.47909101E-04   0.82980994E-04  -0.18283309E-03  -0.70293909E-09
  6.   10.   0.40304543E-07   0.95858505E-04  -0.12928252E-03  -0.70293909E-09
  6.   11.   0.47949404E-04   0.83050808E-04  -0.51426190E-11  -0.70293909E-09
  6.   12.   0.82995747E-04   0.47964160E-04   0.12928251E-03  -0.70293909E-09
  6.   13.   0.95818199E-04   0.00000000E+00   0.18283309E-03  -0.70293909E-09
  6.   14.   0.30929891E-03   0.00000000E+00  -0.18193515E-02  -0.70293909E-09
  6.   15.   0.27325694E-03  -0.17478843E-03  -0.12864758E-02  -0.70293909E-09
  6.   16.   0.16939221E-03  -0.29339591E-03  -0.11482736E-11  -0.70293909E-09
  6.   17.   0.14742754E-04  -0.32404166E-03   0.12864758E-02  -0.70293909E-09
  6.   18.  -0.15464945E-03  -0.26786071E-03   0.18193515E-02  -0.70293909E-09
  6.   19.  -0.28799969E-03  -0.14925323E-03   0.12864758E-02  -0.70293909E-09
  6.   20.  -0.33878442E-03  -0.30872209E-11   0.29452369E-10  -0.70293909E-09
  6.   21.  -0.28799969E-03   0.14925323E-03  -0.12864757E-02  -0.70293909E-09
  6.   22.  -0.15464946E-03   0.26786071E-03  -0.18193515E-02  -0.70293909E-09
  6.   23.   0.14742747E-04   0.32404166E-03  -0.12864758E-02  -0.70293909E-09
  6.   24.   0.16939220E-03   0.29339591E-03  -0.55242928E-10  -0.70293909E-09
  6.   25.   0.27325693E-03   0.17478844E-03   0.12864757E-02  -0.70293909E-09
  6.   26.   0.30929891E-03   0.00000000E+00   0.18193515E-02  -0.70293909E-09
  6.   27.   0.60813448E-03   0.00000000E+00  -0.59309769E-02  -0.70293909E-09
  6.   28.   0.54536319E-03  -0.37386882E-03  -0.41938340E-02  -0.70293909E-09
  6.   29.   0.35516555E-03  -0.61516477E-03  -0.61573899E-11  -0.70293909E-09
  6.   30.   0.51098309E-04  -0.65923279E-03   0.41938339E-02  -0.70293909E-09
  6.   31.  -0.30406724E-03  -0.52665991E-03   0.59309769E-02  -0.70293909E-09
  6.   32.  -0.59646149E-03  -0.28536396E-03   0.41938340E-02  -0.70293909E-09
  6.   33.  -0.71033109E-03  -0.58477600E-11   0.94014089E-10  -0.70293909E-09
  6.   34.  -0.59646150E-03   0.28536395E-03  -0.41938339E-02  -0.70293909E-09
  6.   35.  -0.30406725E-03   0.52665990E-03  -0.59309769E-02  -0.70293909E-09
  6.   36.   0.51098295E-04   0.65923278E-03  -0.41938341E-02  -0.70293909E-09
  6.   37.   0.35516554E-03   0.61516477E-03  -0.18030310E-09  -0.70293909E-09
  6.   38.   0.54536318E-03   0.37386884E-03   0.41938338E-02  -0.70293909E-09
  6.   39.   0.60813448E-03   0.00000000E+00   0.59309769E-02  -0.70293909E-09
  6.   40.   0.84772812E-03   0.00000000E+00  -0.12505339E-01  -0.70293909E-09
  6.   41.   0.78105141E-03  -0.59888726E-03  -0.88426100E-02  -0.70293909E-09
  6.   42.   0.55198994E-03  -0.95607461E-03  -0.13931045E-10  -0.70293909E-09
  6.   43.   0.12812588E-03  -0.97585400E-03   0.88426100E-02  -0.70293909E-09
  6.   44.  -0.42386405E-03  -0.73415409E-03   0.12505339E-01  -0.70293909E-09
  6.   45.  -0.90917729E-03  -0.37696674E-03   0.88426101E-02  -0.70293909E-09
  6.   46.  -0.11039799E-02  -0.75218335E-11   0.19716008E-09  -0.70293909E-09
  6.   47.  -0.90917730E-03   0.37696672E-03  -0.88426098E-02  -0.70293909E-09
  6.   48.  -0.42386408E-03   0.73415408E-03  -0.12505339E-01  -0.70293909E-09
  6.   49.   0.12812586E-03   0.97585399E-03  -0.88426103E-02  -0.70293909E-09
  6.   50.   0.55198992E-03   0.95607462E-03  -0.37957419E-09  -0.70293909E-09
  6.   51.   0.78105141E-03   0.59888728E-03   0.88426098E-02  -0.70293909E-09
  6.   52.   0.84772812E-03   0.00000000E+00   0.12505339E-01  -0.70293909E-09
  6.   53.   0.10358701E-02   0.00000000E+00  -0.20904022E-01  -0.70293909E-09
  6.   54.   0.96921381E-03  -0.78710544E-03  -0.14781376E-01  -0.70293909E-09
  6.   55.   0.71498145E-03  -0.12383842E-02  -0.23628923E-10  -0.70293909E-09
  6.   56.   0.19704641E-03  -0.12329165E-02   0.14781376E-01  -0.70293909E-09
  6.   57.  -0.51793504E-03  -0.89708982E-03   0.20904022E-01  -0.70293909E-09
  6.   58.  -0.11662602E-02  -0.44581106E-03   0.14781376E-01  -0.70293909E-09
  6.   59.  -0.14299629E-02  -0.87870065E-11   0.32890657E-09  -0.70293909E-09
  6.   60.  -0.11662602E-02   0.44581104E-03  -0.14781375E-01  -0.70293909E-09
  6.   61.  -0.51793507E-03   0.89708980E-03  -0.20904022E-01  -0.70293909E-09
  6.   62.   0.19704639E-03   0.12329165E-02  -0.14781376E-01  -0.70293909E-09
  6.   63.   0.71498144E-03   0.12383842E-02  -0.63393519E-09  -0.70293909E-09
  6.   64.   0.96921380E-03   0.78710547E-03   0.14781375E-01  -0.70293909E-09
  6.   65.   0.10358701E-02   0.00000000E+00   0.20904022E-01  -0.70293909E-09
  6.   66.  -0.10358701E-02   0.00000000E+00  -0.20904022E-01  -0.70293909E-09
  6.   67.  -0.96921381E-03   0.78710544E-03  -0.14781376E-01  -0.70293909E-09
  6.   68.  -0.71498145E-03   0.12383842E-02  -0.23623519E-10  -0.70293909E-09
  6.   69.  -0.19704641E-03   0.12329165E-02   0.14781376E-01  -0.70293909E-09
  6.   70.   0.51793504E-03   0.89708982E-03   0.20904022E-01  -0.70293909E-09
  6.   71.   0.11662602E-02   0.44581106E-03   0.14781376E-01  -0.70293909E-09
  6.   72.   0.14299629E-02   0.87431718E-11   0.32891266E-09  -0.70293909E-09
  6.   73.   0.11662602E-02  -0.44581104E-03  -0.14781375E-01  -0.70293909E-09
  6.   74.   0.51793507E-03  -0.89708980E-03  -0.20904022E-01  -0.70293909E-09
  6.   75.  -0.19704639E-03  -0.12329165E-02  -0.14781376E-01  -0.70293909E-09
  6.   76.  -0.71498144E-03  -0.12383842E-02  -0.63394165E-09  -0.70293909E-09
  6.   77.  -0.96921380E-03  -0.78710547E-03   0.14781375E-01  -0.70293909E-09
  6.   78.  -0.10358701E-02   0.00000000E+00   0.20904022E-01  -0.70293909E-09
  7.    1.  -0.17285078E-03   0.00000000E+00   0.39355414E-02  -0.53990510E-10
  7.    2.  -0.19546218E-03   0.84386908E-04   0.38014411E-02  -0.53990510E-10
  7.    3.  -0.25723768E-03   0.14616241E-03   0.34082788E-02  -0.53990510E-10
  7.    4.  -0.34162459E-03   0.16877382E-03   0.27828480E-02  -0.53990510E-10
  7.    5.  -0.42601150E-03   0.14616241E-03   0.19677707E-02  -0.53990510E-10
  7.    6.  -0.48778700E-03   0.84386908E-04   0.10185931E-02  -0.53990510E-10
  7.    7.  -0.51039841E-03   0.17709201E-11   0.20724695E-10  -0.53990510E-10
  7.    8.  -0.48778700E-03  -0.84386905E-04  -0.10185930E-02  -0.53990510E-10
  7.    9.  -0.42601150E-03  -0.14616241E-03  -0.19677707E-02  -0.53990510E-10
  7.   10.  -0.34162459E-03  -0.16877382E-03  -0.27828480E-02  -0.53990510E-10
  7.   11.  -0.25723769E-03  -0.14616241E-03  -0.34082788E-02  -0.53990510E-10
  7.   12.  -0.19546218E-03  -0.84386911E-04  -0.38014411E-02  -0.53990510E-10
  7.   13.  -0.17285078E-03   0.00000000E+00  -0.39355414E-02  -0.53990510E-10
  7.   14.   0.80513110E-05   0.00000000E+00   0.49931103E-02  -0.53990510E-10
  7.   15.  -0.13207596E-04   0.79339321E-04   0.48229741E-02  -0.53990510E-10
  7.   16.  -0.71288010E-04   0.13741973E-03   0.43241603E-02  -0.53990510E-10
  7.   17.  -0.15062733E-03   0.15867864E-03   0.35306621E-02  -0.53990510E-10
  7.   18.  -0.22996665E-03   0.13741974E-03   0.24965551E-02  -0.53990510E-10
  7.   19.  -0.28804707E-03   0.79339322E-04   0.12923120E-02  -0.53990510E-10
  7.   20.  -0.30930597E-03   0.16597906E-11   0.26225786E-10  -0.53990510E-10
  7.   21.  -0.28804707E-03  -0.79339319E-04  -0.12923120E-02  -0.53990510E-10
  7.   22.  -0.22996665E-03  -0.13741973E-03  -0.24965551E-02  -0.53990510E-10
  7.   23.  -0.15062733E-03  -0.15867864E-03  -0.35306621E-02  -0.53990510E-10
  7.   24.  -0.71288013E-04  -0.13741974E-03  -0.43241603E-02  -0.53990510E-10
  7.   25.  -0.13207598E-04  -0.79339324E-04  -0.48229741E-02  -0.53990510E-10
  7.   26.   0.80513110E-05   0.00000000E+00  -0.49931103E-02  -0.53990510E-10
  7.   27.   0.31876879E-03   0.00000000E+00   0.34827004E-02  -0.53990510E-10
  7.   28.   0.28813396E-03   0.11433074E-03   0.33640302E-02  -0.53990510E-10
  7.   29.   0.20443805E-03   0.19802665E-03   0.30161070E-02  -0.53990510E-10
  7.   30.   0.90107314E-04   0.22866147E-03   0.24626411E-02  -0.53990510E-10
  7.   31.  -0.24223423E-04   0.19802665E-03   0.17413502E-02  -0.53990510E-10
  7.   32.  -0.10791933E-03   0.11433074E-03   0.90138919E-03  -0.53990510E-10
  7.   33.  -0.13855416E-03   0.23832811E-11   0.18324266E-10  -0.53990510E-10
  7.   34.  -0.10791933E-03  -0.11433073E-03  -0.90138916E-03  -0.53990510E-10
  7.   35.  -0.24223427E-04  -0.19802664E-03  -0.17413502E-02  -0.53990510E-10
  7.   36.   0.90107309E-04  -0.22866147E-03  -0.24626410E-02  -0.53990510E-10
  7.   37.   0.20443805E-03  -0.19802665E-03  -0.30161070E-02  -0.53990510E-10
  7.   38.   0.28813396E-03  -0.11433074E-03  -0.33640302E-02  -0.53990510E-10
  7.   39.   0.31876879E-03   0.00000000E+00  -0.34827004E-02  -0.53990510E-10
  7.   40.   0.48376959E-03   0.00000000E+00  -0.25742478E-03  -0.53990510E-10
  7.   41.   0.45188835E-03   0.11898240E-03  -0.24865324E-03  -0.53990510E-10
  7.   42.   0.36478719E-03   0.20608356E-03  -0.22293640E-03  -0.53990510E-10
  7.   43.   0.24580479E-03   0.23796479E-03  -0.18202681E-03  -0.53990510E-10
  7.   44.   0.12682240E-03   0.20608356E-03  -0.12871239E-03  -0.53990510E-10
  7.   45.   0.39721237E-04   0.11898240E-03  -0.66626436E-04  -0.53990510E-10
  7.   46.   0.78399998E-05   0.24641188E-11  -0.11123513E-11  -0.53990510E-10
  7.   47.   0.39721235E-04  -0.11898239E-03   0.66626433E-04  -0.53990510E-10
  7.   48.   0.12682239E-03  -0.20608355E-03   0.12871239E-03  -0.53990510E-10
  7.   49.   0.24580479E-03  -0.23796479E-03   0.18202680E-03  -0.53990510E-10
  7.   50.   0.36478718E-03  -0.20608356E-03   0.22293639E-03  -0.53990510E-10
  7.   51.   0.45188835E-03  -0.11898240E-03   0.24865324E-03  -0.53990510E-10
  7.   52.   0.48376959E-03   0.00000000E+00   0.25742478E-03  -0.53990510E-10
  7.   53.   0.48638008E-03   0.00000000E+00  -0.46638746E-02  -0.53990510E-10
  7.   54.   0.46060322E-03   0.96200579E-04  -0.45049570E-02  -0.53990510E-10
  7.   55.   0.39017950E-03   0.16662429E-03  -0.40390339E-02  -0.53990510E-10
  7.   56.   0.29397893E-03   0.19240116E-03  -0.32978574E-02  -0.53990510E-10
  7.   57.   0.19777835E-03   0.16662429E-03  -0.23319373E-02  -0.53990510E-10
  7.   58.   0.12735464E-03   0.96200579E-04  -0.12070996E-02  -0.53990510E-10
  7.   59.   0.10157777E-03   0.19892984E-11  -0.23980992E-10  -0.53990510E-10
  7.   60.   0.12735463E-03  -0.96200576E-04   0.12070995E-02  -0.53990510E-10
  7.   61.   0.19777834E-03  -0.16662429E-03   0.23319373E-02  -0.53990510E-10
  7.   62.   0.29397892E-03  -0.19240116E-03   0.32978574E-02  -0.53990510E-10
  7.   63.   0.39017950E-03  -0.16662429E-03   0.40390339E-02  -0.53990510E-10
  7.   64.   0.46060321E-03  -0.96200582E-04   0.45049570E-02  -0.53990510E-10
  7.   65.   0.48638008E-03   0.00000000E+00   0.46638746E-02  -0.53990510E-10
  7.   66.  -0.48638008E-03   0.00000000E+00  -0.46638746E-02  -0.53990510E-10
  7.   67.  -0.46060322E-03  -0.96200579E-04  -0.45049570E-02  -0.53990510E-10
  7.   68.  -0.39017950E-03  -0.16662429E-03  -0.40390339E-02  -0.53990510E-10
  7.   69.  -0.29397893E-03  -0.19240116E-03  -0.32978574E-02  -0.53990510E-10
  7.   70.  -0.19777835E-03  -0.16662429E-03  -0.23319373E-02  -0.53990510E-10
  7.   71.  -0.12735464E-03  -0.96200579E-04  -0.12070996E-02  -0.53990510E-10
  7.   72.  -0.10157777E-03  -0.19814047E-11  -0.23985691E-10  -0.53990510E-10
  7.   73.  -0.12735463E-03   0.96200576E-04   0.12070995E-02  -0.53990510E-10
  7.   74.  -0.19777834E-03   0.16662429E-03   0.23319373E-02  -0.53990510E-10
  7.   75.  -0.29397892E-03   0.19240116E-03   0.32978574E-02  -0.53990510E-10
  7.   76.  -0.39017950E-03   0.16662429E-03   0.40390339E-02  -0.53990510E-10
  7.   77.  -0.46060321E-03   0.96200582E-04   0.45049570E-02  -0.53990510E-10
  7.   78.  -0.48638008E-03   0.00000000E+00   0.46638746E-02  -0.53990510E-10
  8.    1.  -0.16268856E-04   0.00000000E+00   0.20237520E-04   0.96005770E-10
  8.    2.  -0.11450338E-04   0.11304227E-04   0.10118760E-04   0.96005770E-10
  8.    3.   0.10331594E-06   0.16089908E-04  -0.10118760E-04   0.96005770E-10
  8.    4.   0.11503818E-04   0.11503819E-04  -0.20237520E-04   0.96005770E-10
  8.    5.   0.16089908E-04   0.10331605E-06  -0.10118760E-04   0.96005770E-10
  8.    6.   0.11304228E-04  -0.11450338E-04   0.10118760E-04   0.96005770E-10
  8.    7.   0.28398329E-12  -0.16268856E-04   0.20237520E-04   0.96005770E-10
  8.    8.  -0.11304227E-04  -0.11450339E-04   0.10118761E-04   0.96005770E-10
  8.    9.  -0.16089908E-04   0.10331558E-06  -0.10118759E-04   0.96005770E-10
  8.   10.  -0.11503819E-04   0.11503818E-04  -0.20237520E-04   0.96005770E-10
  8.   11.  -0.10331643E-06   0.16089908E-04  -0.10118760E-04   0.96005770E-10
  8.   12.   0.11450338E-04   0.11304228E-04   0.10118760E-04   0.96005770E-10
  8.   13.   0.16268856E-04   0.00000000E+00   0.20237521E-04   0.96005770E-10
  8.   14.  -0.10557941E-03   0.00000000E+00   0.46256908E-03   0.96005770E-10
  8.   15.  -0.76686215E-04   0.82233089E-04   0.23128454E-03   0.96005770E-10
  8.   16.  -0.39222323E-05   0.11237292E-03  -0.23128454E-03   0.96005770E-10
  8.   17.   0.74655917E-04   0.74655919E-04  -0.46256909E-03   0.96005770E-10
  8.   18.   0.11237292E-03  -0.39222313E-05  -0.23128455E-03   0.96005770E-10
  8.   19.   0.82233089E-04  -0.76686214E-04   0.23128454E-03   0.96005770E-10
  8.   20.   0.18568462E-11  -0.10557941E-03   0.46256909E-03   0.96005770E-10
  8.   21.  -0.82233087E-04  -0.76686216E-04   0.23128456E-03   0.96005770E-10
  8.   22.  -0.11237292E-03  -0.39222346E-05  -0.23128453E-03   0.96005770E-10
  8.   23.  -0.74655920E-04   0.74655916E-04  -0.46256908E-03   0.96005770E-10
  8.   24.   0.39222289E-05   0.11237292E-03  -0.23128456E-03   0.96005770E-10
  8.   25.   0.76686212E-04   0.82233091E-04   0.23128453E-03   0.96005770E-10
  8.   26.   0.10557941E-03   0.00000000E+00   0.46256909E-03   0.96005770E-10
  8.   27.  -0.29359326E-03   0.00000000E+00   0.22101327E-02   0.96005770E-10
  8.   28.  -0.22075209E-03   0.25667941E-03   0.11050664E-02   0.96005770E-10
  8.   29.  -0.25404450E-04   0.33759505E-03  -0.11050663E-02   0.96005770E-10
  8.   30.   0.20760178E-03   0.20760178E-03  -0.22101327E-02   0.96005770E-10
  8.   31.   0.33759505E-03  -0.25404448E-04  -0.11050664E-02   0.96005770E-10
  8.   32.   0.25667941E-03  -0.22075209E-03   0.11050663E-02   0.96005770E-10
  8.   33.   0.58292453E-11  -0.29359326E-03   0.22101327E-02   0.96005770E-10
  8.   34.  -0.25667941E-03  -0.22075210E-03   0.11050664E-02   0.96005770E-10
  8.   35.  -0.33759506E-03  -0.25404457E-04  -0.11050663E-02   0.96005770E-10
  8.   36.  -0.20760179E-03   0.20760178E-03  -0.22101327E-02   0.96005770E-10
  8.   37.   0.25404441E-04   0.33759505E-03  -0.11050664E-02   0.96005770E-10
  8.   38.   0.22075209E-03   0.25667942E-03   0.11050663E-02   0.96005770E-10
  8.   39.   0.29359326E-03   0.00000000E+00   0.22101327E-02   0.96005770E-10
  8.   40.  -0.48079390E-03   0.00000000E+00   0.57137110E-02   0.96005770E-10
  8.   41.  -0.38270639E-03   0.49945720E-03   0.28568555E-02   0.96005770E-10
  8.   42.  -0.82555290E-04   0.62378386E-03  -0.28568555E-02   0.96005770E-10
  8.   43.   0.33997262E-03   0.33997263E-03  -0.57137110E-02   0.96005770E-10
  8.   44.   0.62378386E-03  -0.82555285E-04  -0.28568556E-02   0.96005770E-10
  8.   45.   0.49945720E-03  -0.38270639E-03   0.28568555E-02   0.96005770E-10
  8.   46.   0.11516406E-10  -0.48079390E-03   0.57137110E-02   0.96005770E-10
  8.   47.  -0.49945719E-03  -0.38270640E-03   0.28568557E-02   0.96005770E-10
  8.   48.  -0.62378386E-03  -0.82555301E-04  -0.28568554E-02   0.96005770E-10
  8.   49.  -0.33997264E-03   0.33997262E-03  -0.57137110E-02   0.96005770E-10
  8.   50.   0.82555274E-04   0.62378385E-03  -0.28568557E-02   0.96005770E-10
  8.   51.   0.38270638E-03   0.49945721E-03   0.28568553E-02   0.96005770E-10
  8.   52.   0.48079390E-03   0.00000000E+00   0.57137110E-02   0.96005770E-10
  8.   53.  -0.64610984E-03   0.00000000E+00   0.10709982E-01   0.96005770E-10
  8.   54.  -0.52878510E-03   0.72526451E-03   0.53549911E-02   0.96005770E-10
  8.   55.  -0.13893192E-03   0.88674698E-03  -0.53549911E-02   0.96005770E-10
  8.   56.   0.45686864E-03   0.45686866E-03  -0.10709982E-01   0.96005770E-10
  8.   57.   0.88674698E-03  -0.13893191E-03  -0.53549912E-02   0.96005770E-10
  8.   58.   0.72526451E-03  -0.52878510E-03   0.53549910E-02   0.96005770E-10
  8.   59.   0.16832835E-10  -0.64610984E-03   0.10709982E-01   0.96005770E-10
  8.   60.  -0.72526449E-03  -0.52878511E-03   0.53549914E-02   0.96005770E-10
  8.   61.  -0.88674699E-03  -0.13893193E-03  -0.53549909E-02   0.96005770E-10
  8.   62.  -0.45686867E-03   0.45686863E-03  -0.10709982E-01   0.96005770E-10
  8.   63.   0.13893190E-03   0.88674698E-03  -0.53549915E-02   0.96005770E-10
  8.   64.   0.52878509E-03   0.72526453E-03   0.53549908E-02   0.96005770E-10
  8.   65.   0.64610984E-03   0.00000000E+00   0.10709982E-01   0.96005770E-10
  8.   66.   0.64610984E-03   0.00000000E+00   0.10709982E-01   0.96005770E-10
  8.   67.   0.52878510E-03  -0.72526451E-03   0.53549911E-02   0.96005770E-10
  8.   68.   0.13893192E-03  -0.88674698E-03  -0.53549911E-02   0.96005770E-10
  8.   69.  -0.45686864E-03  -0.45686866E-03  -0.10709982E-01   0.96005770E-10
  8.   70.  -0.88674698E-03   0.13893191E-03  -0.53549912E-02   0.96005770E-10
  8.   71.  -0.72526451E-03   0.52878510E-03   0.53549910E-02   0.96005770E-10
  8.   72.  -0.16865914E-10   0.64610984E-03   0.10709982E-01   0.96005770E-10
  8.   73.   0.72526449E-03   0.52878511E-03   0.53549914E-02   0.96005770E-10
  8.   74.   0.88674699E-03   0.13893193E-03  -0.53549909E-02   0.96005770E-10
  8.   75.   0.45686867E-03  -0.45686863E-03  -0.10709982E-01   0.96005770E-10
  8.   76.  -0.13893190E-03  -0.88674698E-03  -0.53549915E-02   0.96005770E-10
  8.   77.  -0.52878509E-03  -0.72526453E-03   0.53549908E-02   0.96005770E-10
  8.   78.  -0.64610984E-03   0.00000000E+00   0.10709982E-01   0.96005770E-10
  9.    1.   0.30927765E-05   0.00000000E+00  -0.26330563E-05  -0.12624241E-09
  9.    2.   0.15216033E-05  -0.25859243E-05  -0.68148487E-06  -0.12624241E-09
  9.    3.  -0.15711733E-05  -0.26354942E-05   0.22802941E-05  -0.12624241E-09
  9.    4.  -0.30432067E-05  -0.49569840E-07   0.18618522E-05  -0.12624241E-09
  9.    5.  -0.14720335E-05   0.26354943E-05  -0.13165285E-05  -0.12624241E-09
  9.    6.   0.15216033E-05   0.26850642E-05  -0.25433377E-05  -0.12624241E-09
  9.    7.   0.29936368E-05   0.79502790E-13  -0.33955267E-12  -0.12624241E-09
  9.    8.   0.15216034E-05  -0.26850641E-05   0.25433372E-05  -0.12624241E-09
  9.    9.  -0.14720333E-05  -0.26354943E-05   0.13165283E-05  -0.12624241E-09
  9.   10.  -0.30432066E-05   0.49569801E-07  -0.18618521E-05  -0.12624241E-09
  9.   11.  -0.15711732E-05   0.26354942E-05  -0.22802939E-05  -0.12624241E-09
  9.   12.   0.15216033E-05   0.25859245E-05   0.68148533E-06  -0.12624241E-09
  9.   13.   0.30927765E-05   0.00000000E+00   0.26330569E-05  -0.12624241E-09
  9.   14.   0.40729356E-04   0.00000000E+00  -0.14297257E-03  -0.12624241E-09
  9.   15.   0.21228047E-04  -0.38494793E-04  -0.37004025E-04  -0.12624241E-09
  9.   16.  -0.19501309E-04  -0.36768056E-04   0.12381788E-03  -0.12624241E-09
  9.   17.  -0.42456094E-04   0.17267371E-05   0.10109688E-03  -0.12624241E-09
  9.   18.  -0.22954785E-04   0.36768056E-04  -0.71486286E-04  -0.12624241E-09
  9.   19.   0.21228046E-04   0.35041319E-04  -0.13810090E-03  -0.12624241E-09
  9.   20.   0.44182831E-04   0.86982239E-12  -0.42341771E-11  -0.12624241E-09
  9.   21.   0.21228048E-04  -0.35041318E-04   0.13810090E-03  -0.12624241E-09
  9.   22.  -0.22954783E-04  -0.36768056E-04   0.71486292E-04  -0.12624241E-09
  9.   23.  -0.42456094E-04  -0.17267387E-05  -0.10109687E-03  -0.12624241E-09
  9.   24.  -0.19501311E-04   0.36768055E-04  -0.12381788E-03  -0.12624241E-09
  9.   25.   0.21228046E-04   0.38494794E-04   0.37004019E-04  -0.12624241E-09
  9.   26.   0.40729356E-04   0.00000000E+00   0.14297258E-03  -0.12624241E-09
  9.   27.   0.16148925E-03   0.00000000E+00  -0.99401698E-03  -0.12624241E-09
  9.   28.   0.89760511E-04  -0.17350154E-03  -0.25727053E-03  -0.12624241E-09
  9.   29.  -0.71728741E-04  -0.15546977E-03   0.86084396E-03  -0.12624241E-09
  9.   30.  -0.17952102E-03   0.18031768E-04   0.70287616E-03  -0.12624241E-09
  9.   31.  -0.10779228E-03   0.15546977E-03  -0.49700848E-03  -0.12624241E-09
  9.   32.   0.89760509E-04   0.13743800E-03  -0.96014668E-03  -0.12624241E-09
  9.   33.   0.19755279E-03   0.31501041E-11  -0.26648248E-10  -0.12624241E-09
  9.   34.   0.89760517E-04  -0.13743799E-03   0.96014666E-03  -0.12624241E-09
  9.   35.  -0.10779228E-03  -0.15546977E-03   0.49700852E-03  -0.12624241E-09
  9.   36.  -0.17952102E-03  -0.18031775E-04  -0.70287612E-03  -0.12624241E-09
  9.   37.  -0.71728748E-04   0.15546976E-03  -0.86084398E-03  -0.12624241E-09
  9.   38.   0.89760506E-04   0.17350154E-03   0.25727048E-03  -0.12624241E-09
  9.   39.   0.16148925E-03   0.00000000E+00   0.99401698E-03  -0.12624241E-09
  9.   40.   0.31212818E-03   0.00000000E+00  -0.31346351E-02  -0.12624241E-09
  9.   41.   0.19289517E-03  -0.40776640E-03  -0.81130326E-03  -0.12624241E-09
  9.   42.  -0.11923301E-03  -0.33410424E-03   0.27146736E-02  -0.12624241E-09
  9.   43.  -0.38579034E-03   0.73662161E-04   0.22165218E-02  -0.12624241E-09
  9.   44.  -0.26655734E-03   0.33410424E-03  -0.15673175E-02  -0.12624241E-09
  9.   45.   0.19289517E-03   0.26044207E-03  -0.30278250E-02  -0.12624241E-09
  9.   46.   0.45945251E-03   0.56803226E-11  -0.82099938E-10  -0.12624241E-09
  9.   47.   0.19289518E-03  -0.26044207E-03   0.30278250E-02  -0.12624241E-09
  9.   48.  -0.26655732E-03  -0.33410424E-03   0.15673177E-02  -0.12624241E-09
  9.   49.  -0.38579034E-03  -0.73662177E-04  -0.22165217E-02  -0.12624241E-09
  9.   50.  -0.11923302E-03   0.33410422E-03  -0.27146737E-02  -0.12624241E-09
  9.   51.   0.19289516E-03   0.40776641E-03   0.81130311E-03  -0.12624241E-09
  9.   52.   0.31212818E-03   0.00000000E+00   0.31346351E-02  -0.12624241E-09
  9.   53.   0.45983170E-03   0.00000000E+00  -0.65308569E-02  -0.12624241E-09
  9.   54.   0.29739795E-03  -0.65007255E-03  -0.16903101E-02  -0.12624241E-09
  9.   55.  -0.16243375E-03  -0.51510836E-03   0.56558879E-02  -0.12624241E-09
  9.   56.  -0.59479589E-03   0.13496419E-03   0.46180132E-02  -0.12624241E-09
  9.   57.  -0.43236215E-03   0.51510835E-03  -0.32654284E-02  -0.12624241E-09
  9.   58.   0.29739794E-03   0.38014416E-03  -0.63083233E-02  -0.12624241E-09
  9.   59.   0.72976009E-03   0.81349002E-11  -0.17029135E-09  -0.12624241E-09
  9.   60.   0.29739797E-03  -0.38014415E-03   0.63083232E-02  -0.12624241E-09
  9.   61.  -0.43236213E-03  -0.51510836E-03   0.32654286E-02  -0.12624241E-09
  9.   62.  -0.59479590E-03  -0.13496421E-03  -0.46180130E-02  -0.12624241E-09
  9.   63.  -0.16243377E-03   0.51510833E-03  -0.56558881E-02  -0.12624241E-09
  9.   64.   0.29739793E-03   0.65007256E-03   0.16903098E-02  -0.12624241E-09
  9.   65.   0.45983170E-03   0.00000000E+00   0.65308569E-02  -0.12624241E-09
  9.   66.  -0.45983170E-03   0.00000000E+00  -0.65308569E-02  -0.12624241E-09
  9.   67.  -0.29739795E-03   0.65007255E-03  -0.16903101E-02  -0.12624241E-09
  9.   68.   0.16243375E-03   0.51510836E-03   0.56558879E-02  -0.12624241E-09
  9.   69.   0.59479589E-03  -0.13496419E-03   0.46180132E-02  -0.12624241E-09
  9.   70.   0.43236215E-03  -0.51510835E-03  -0.32654284E-02  -0.12624241E-09
  9.   71.  -0.29739794E-03  -0.38014416E-03  -0.63083233E-02  -0.12624241E-09
  9.   72.  -0.72976009E-03  -0.81577506E-11  -0.17028631E-09  -0.12624241E-09
  9.   73.  -0.29739797E-03   0.38014415E-03   0.63083232E-02  -0.12624241E-09
  9.   74.   0.43236213E-03   0.51510836E-03   0.32654286E-02  -0.12624241E-09
  9.   75.   0.59479590E-03   0.13496421E-03  -0.46180130E-02  -0.12624241E-09
  9.   76.   0.16243377E-03  -0.51510833E-03  -0.56558881E-02  -0.12624241E-09
  9.   77.  -0.29739793E-03  -0.65007256E-03   0.16903098E-02  -0.12624241E-09
  9.   78.  -0.45983170E-03   0.00000000E+00   0.65308569E-02  -0.12624241E-09
 10.    1.   0.16732643E-03   0.00000000E+00  -0.86603598E-03   0.79248555E-10
 10.    2.   0.17217880E-03  -0.82694897E-04  -0.75000916E-03   0.79248555E-10
 10.    3.   0.18022292E-03  -0.14482883E-03  -0.43301799E-03   0.79248555E-10
 10.    4.   0.17598515E-03  -0.17598514E-03  -0.43360987E-11   0.79248555E-10
 10.    5.   0.14482883E-03  -0.18022292E-03   0.43301799E-03   0.79248555E-10
 10.    6.   0.82694897E-04  -0.17217880E-03   0.75000916E-03   0.79248555E-10
 10.    7.   0.17201032E-11  -0.16732643E-03   0.86603598E-03   0.79248555E-10
 10.    8.  -0.82694894E-04  -0.17217880E-03   0.75000917E-03   0.79248555E-10
 10.    9.  -0.14482883E-03  -0.18022292E-03   0.43301800E-03   0.79248555E-10
 10.   10.  -0.17598514E-03  -0.17598515E-03   0.13681751E-10   0.79248555E-10
 10.   11.  -0.18022292E-03  -0.14482883E-03  -0.43301798E-03   0.79248555E-10
 10.   12.  -0.17217880E-03  -0.82694900E-04  -0.75000915E-03   0.79248555E-10
 10.   13.  -0.16732643E-03   0.00000000E+00  -0.86603598E-03   0.79248555E-10
 10.   14.   0.13680415E-03   0.00000000E+00  -0.24446622E-02   0.79248555E-10
 10.   15.   0.15350019E-03  -0.11511491E-03  -0.21171395E-02   0.79248555E-10
 10.   16.   0.18993956E-03  -0.19218082E-03  -0.12223311E-02   0.79248555E-10
 10.   17.   0.21343486E-03  -0.21343486E-03  -0.12349118E-10   0.79248555E-10
 10.   18.   0.19218082E-03  -0.18993956E-03   0.12223311E-02   0.79248555E-10
 10.   19.   0.11511491E-03  -0.15350019E-03   0.21171395E-02   0.79248555E-10
 10.   20.   0.24435183E-11  -0.13680415E-03   0.24446622E-02   0.79248555E-10
 10.   21.  -0.11511491E-03  -0.15350019E-03   0.21171396E-02   0.79248555E-10
 10.   22.  -0.19218082E-03  -0.18993956E-03   0.12223311E-02   0.79248555E-10
 10.   23.  -0.21343486E-03  -0.21343486E-03   0.38559536E-10   0.79248555E-10
 10.   24.  -0.18993956E-03  -0.19218082E-03  -0.12223310E-02   0.79248555E-10
 10.   25.  -0.15350019E-03  -0.11511491E-03  -0.21171395E-02   0.79248555E-10
 10.   26.  -0.13680415E-03   0.00000000E+00  -0.24446622E-02   0.79248555E-10
 10.   27.  -0.11974735E-03   0.00000000E+00  -0.26099384E-02   0.79248555E-10
 10.   28.  -0.73369884E-04  -0.12686229E-03  -0.22602729E-02   0.79248555E-10
 10.   29.   0.37824846E-04  -0.18526190E-03  -0.13049692E-02   0.79248555E-10
 10.   30.   0.14644187E-03  -0.14644188E-03  -0.13112445E-10   0.79248555E-10
 10.   31.   0.18526190E-03  -0.37824847E-04   0.13049692E-02   0.79248555E-10
 10.   32.   0.12686230E-03   0.73369884E-04   0.22602729E-02   0.79248555E-10
 10.   33.   0.28097036E-11   0.11974735E-03   0.26099384E-02   0.79248555E-10
 10.   34.  -0.12686229E-03   0.73369887E-04   0.22602730E-02   0.79248555E-10
 10.   35.  -0.18526190E-03  -0.37824842E-04   0.13049692E-02   0.79248555E-10
 10.   36.  -0.14644188E-03  -0.14644187E-03   0.41209493E-10   0.79248555E-10
 10.   37.  -0.37824851E-04  -0.18526190E-03  -0.13049691E-02   0.79248555E-10
 10.   38.   0.73369881E-04  -0.12686230E-03  -0.22602729E-02   0.79248555E-10
 10.   39.   0.11974735E-03   0.00000000E+00  -0.26099384E-02   0.79248555E-10
 10.   40.  -0.33796111E-03   0.00000000E+00  -0.42347631E-03   0.79248555E-10
 10.   41.  -0.27955388E-03  -0.87530617E-04  -0.36674124E-03   0.79248555E-10
 10.   42.  -0.13578095E-03  -0.10278160E-03  -0.21173815E-03   0.79248555E-10
 10.   43.   0.17245222E-04  -0.17245224E-04  -0.19936648E-11   0.79248555E-10
 10.   44.   0.10278160E-03   0.13578095E-03   0.21173815E-03   0.79248555E-10
 10.   45.   0.87530617E-04   0.27955388E-03   0.36674124E-03   0.79248555E-10
 10.   46.   0.20543749E-11   0.33796111E-03   0.42347631E-03   0.79248555E-10
 10.   47.  -0.87530615E-04   0.27955389E-03   0.36674124E-03   0.79248555E-10
 10.   48.  -0.10278160E-03   0.13578096E-03   0.21173816E-03   0.79248555E-10
 10.   49.  -0.17245227E-04  -0.17245219E-04   0.65008560E-11   0.79248555E-10
 10.   50.   0.13578095E-03  -0.10278160E-03  -0.21173815E-03   0.79248555E-10
 10.   51.   0.27955388E-03  -0.87530619E-04  -0.36674124E-03   0.79248555E-10
 10.   52.   0.33796111E-03   0.00000000E+00  -0.42347631E-03   0.79248555E-10
 10.   53.  -0.36781597E-03   0.00000000E+00   0.28337728E-02   0.79248555E-10
 10.   54.  -0.32329219E-03  -0.24193335E-04   0.24541192E-02   0.79248555E-10
 10.   55.  -0.21149483E-03  -0.14961776E-05   0.14168864E-02   0.79248555E-10
 10.   56.  -0.85284447E-04   0.85284445E-04   0.14709707E-10   0.79248555E-10
 10.   57.   0.14961769E-05   0.21149483E-03  -0.14168864E-02   0.79248555E-10
 10.   58.   0.24193335E-04   0.32329219E-03  -0.24541192E-02   0.79248555E-10
 10.   59.   0.71142023E-12   0.36781597E-03  -0.28337728E-02   0.79248555E-10
 10.   60.  -0.24193334E-04   0.32329220E-03  -0.24541193E-02   0.79248555E-10
 10.   61.  -0.14961792E-05   0.21149483E-03  -0.14168864E-02   0.79248555E-10
 10.   62.   0.85284442E-04   0.85284449E-04  -0.45160958E-10   0.79248555E-10
 10.   63.   0.21149483E-03  -0.14961754E-05   0.14168863E-02   0.79248555E-10
 10.   64.   0.32329219E-03  -0.24193335E-04   0.24541192E-02   0.79248555E-10
 10.   65.   0.36781597E-03   0.00000000E+00   0.28337728E-02   0.79248555E-10
 10.   66.   0.36781597E-03   0.00000000E+00   0.28337728E-02   0.79248555E-10
 10.   67.   0.32329219E-03   0.24193335E-04   0.24541192E-02   0.79248555E-10
 10.   68.   0.21149483E-03   0.14961776E-05   0.14168864E-02   0.79248555E-10
 10.   69.   0.85284447E-04  -0.85284445E-04   0.14708876E-10   0.79248555E-10
 10.   70.  -0.14961769E-05  -0.21149483E-03  -0.14168864E-02   0.79248555E-10
 10.   71.  -0.24193335E-04  -0.32329219E-03  -0.24541192E-02   0.79248555E-10
 10.   72.  -0.72833385E-12  -0.36781597E-03  -0.28337728E-02   0.79248555E-10
 10.   73.   0.24193334E-04  -0.32329220E-03  -0.24541193E-02   0.79248555E-10
 10.   74.   0.14961792E-05  -0.21149483E-03  -0.14168864E-02   0.79248555E-10
 10.   75.  -0.85284442E-04  -0.85284449E-04  -0.45160952E-10   0.79248555E-10
 10.   76.  -0.21149483E-03   0.14961753E-05   0.14168863E-02   0.79248555E-10
 10.   77.  -0.32329219E-03   0.24193335E-04   0.24541192E-02   0.79248555E-10
 10.   78.  -0.36781597E-03   0.00000000E+00   0.28337728E-02   0.79248555E-10
 11.    1.   0.63013088E-04   0.00000000E+00   0.60197213E-03   0.10000000E+01
 11.    2.   0.60865969E-04   0.16308987E-04   0.60197213E-03   0.10000000E+01
 11.    3.   0.54570935E-04   0.31506544E-04   0.60197213E-03   0.10000000E+01
 11.    4.   0.44556982E-04   0.44556982E-04   0.60197213E-03   0.10000000E+01
 11.    5.   0.31506544E-04   0.54570935E-04   0.60197213E-03   0.10000000E+01
 11.    6.   0.16308988E-04   0.60865969E-04   0.60197213E-03   0.10000000E+01
 11.    7.   0.33118151E-12   0.63013088E-04   0.60197213E-03   0.10000000E+01
 11.    8.  -0.16308987E-04   0.60865970E-04   0.60197213E-03   0.10000000E+01
 11.    9.  -0.31506544E-04   0.54570936E-04   0.60197213E-03   0.10000000E+01
 11.   10.  -0.44556982E-04   0.44556982E-04   0.60197213E-03   0.10000000E+01
 11.   11.  -0.54570935E-04   0.31506545E-04   0.60197213E-03   0.10000000E+01
 11.   12.  -0.60865969E-04   0.16308988E-04   0.60197213E-03   0.10000000E+01
 11.   13.  -0.63013088E-04   0.00000000E+00   0.60197213E-03   0.10000000E+01
 11.   14.   0.51414629E-04   0.00000000E+00   0.78355672E-04   0.10000000E+01
 11.   15.   0.49662718E-04   0.13307085E-04   0.78355672E-04   0.10000000E+01
 11.   16.   0.44526374E-04   0.25707314E-04   0.78355672E-04   0.10000000E+01
 11.   17.   0.36355633E-04   0.36355632E-04   0.78355672E-04   0.10000000E+01
 11.   18.   0.25707314E-04   0.44526374E-04   0.78355672E-04   0.10000000E+01
 11.   19.   0.13307085E-04   0.49662718E-04   0.78355672E-04   0.10000000E+01
 11.   20.   0.26863797E-12   0.51414629E-04   0.78355672E-04   0.10000000E+01
 11.   21.  -0.13307085E-04   0.49662718E-04   0.78355672E-04   0.10000000E+01
 11.   22.  -0.25707314E-04   0.44526375E-04   0.78355672E-04   0.10000000E+01
 11.   23.  -0.36355632E-04   0.36355633E-04   0.78355672E-04   0.10000000E+01
 11.   24.  -0.44526374E-04   0.25707315E-04   0.78355672E-04   0.10000000E+01
 11.   25.  -0.49662717E-04   0.13307086E-04   0.78355672E-04   0.10000000E+01
 11.   26.  -0.51414629E-04   0.00000000E+00   0.78355672E-04   0.10000000E+01
 11.   27.   0.82031552E-05   0.00000000E+00  -0.21001389E-03   0.10000000E+01
 11.   28.   0.79236395E-05   0.21231328E-05  -0.21001389E-03   0.10000000E+01
 11.   29.   0.71041408E-05   0.41015776E-05  -0.21001389E-03   0.10000000E+01
 11.   30.   0.58005067E-05   0.58005067E-05  -0.21001389E-03   0.10000000E+01
 11.   31.   0.41015776E-05   0.71041408E-05  -0.21001389E-03   0.10000000E+01
 11.   32.   0.21231328E-05   0.79236395E-05  -0.21001389E-03   0.10000000E+01
 11.   33.   0.40668352E-13   0.82031552E-05  -0.21001389E-03   0.10000000E+01
 11.   34.  -0.21231327E-05   0.79236395E-05  -0.21001389E-03   0.10000000E+01
 11.   35.  -0.41015776E-05   0.71041409E-05  -0.21001389E-03   0.10000000E+01
 11.   36.  -0.58005066E-05   0.58005067E-05  -0.21001389E-03   0.10000000E+01
 11.   37.  -0.71041408E-05   0.41015777E-05  -0.21001389E-03   0.10000000E+01
 11.   38.  -0.79236395E-05   0.21231329E-05  -0.21001389E-03   0.10000000E+01
 11.   39.  -0.82031552E-05   0.00000000E+00  -0.21001389E-03   0.10000000E+01
 11.   40.  -0.33196117E-04   0.00000000E+00  -0.75964508E-04   0.10000000E+01
 11.   41.  -0.32064987E-04  -0.85917873E-05  -0.75964508E-04   0.10000000E+01
 11.   42.  -0.28748681E-04  -0.16598058E-04  -0.75964508E-04   0.10000000E+01
 11.   43.  -0.23473199E-04  -0.23473199E-04  -0.75964508E-04   0.10000000E+01
 11.   44.  -0.16598059E-04  -0.28748681E-04  -0.75964508E-04   0.10000000E+01
 11.   45.  -0.85917874E-05  -0.32064987E-04  -0.75964508E-04   0.10000000E+01
 11.   46.  -0.17243071E-12  -0.33196117E-04  -0.75964508E-04   0.10000000E+01
 11.   47.   0.85917870E-05  -0.32064987E-04  -0.75964508E-04   0.10000000E+01
 11.   48.   0.16598058E-04  -0.28748681E-04  -0.75964508E-04   0.10000000E+01
 11.   49.   0.23473199E-04  -0.23473200E-04  -0.75964508E-04   0.10000000E+01
 11.   50.   0.28748680E-04  -0.16598059E-04  -0.75964508E-04   0.10000000E+01
 11.   51.   0.32064987E-04  -0.85917876E-05  -0.75964508E-04   0.10000000E+01
 11.   52.   0.33196117E-04   0.00000000E+00  -0.75964508E-04   0.10000000E+01
 11.   53.  -0.38798355E-04   0.00000000E+00   0.26957736E-03   0.10000000E+01
 11.   54.  -0.37476333E-04  -0.10041753E-04   0.26957736E-03   0.10000000E+01
 11.   55.  -0.33600361E-04  -0.19399177E-04   0.26957736E-03   0.10000000E+01
 11.   56.  -0.27434580E-04  -0.27434580E-04   0.26957736E-03   0.10000000E+01
 11.   57.  -0.19399177E-04  -0.33600361E-04   0.26957736E-03   0.10000000E+01
 11.   58.  -0.10041753E-04  -0.37476333E-04   0.26957736E-03   0.10000000E+01
 11.   59.  -0.20116917E-12  -0.38798355E-04   0.26957736E-03   0.10000000E+01
 11.   60.   0.10041753E-04  -0.37476333E-04   0.26957736E-03   0.10000000E+01
 11.   61.   0.19399177E-04  -0.33600361E-04   0.26957736E-03   0.10000000E+01
 11.   62.   0.27434579E-04  -0.27434580E-04   0.26957736E-03   0.10000000E+01
 11.   63.   0.33600361E-04  -0.19399178E-04   0.26957736E-03   0.10000000E+01
 11.   64.   0.37476333E-04  -0.10041754E-04   0.26957736E-03   0.10000000E+01
 11.   65.   0.38798355E-04   0.00000000E+00   0.26957736E-03   0.10000000E+01
 11.   66.   0.38798355E-04   0.00000000E+00   0.26957736E-03   0.10000000E+01
 11.   67.   0.37476333E-04   0.10041753E-04   0.26957736E-03   0.10000000E+01
 11.   68.   0.33600361E-04   0.19399177E-04   0.26957736E-03   0.10000000E+01
 11.   69.   0.27434580E-04   0.27434580E-04   0.26957736E-03   0.10000000E+01
 11.   70.   0.19399177E-04   0.33600361E-04   0.26957736E-03   0.10000000E+01
 11.   71.   0.10041753E-04   0.37476333E-04   0.26957736E-03   0.10000000E+01
 11.   72.   0.20453426E-12   0.38798355E-04   0.26957736E-03   0.10000000E+01
 11.   73.  -0.10041753E-04   0.37476333E-04   0.26957736E-03   0.10000000E+01
 11.   74.  -0.19399177E-04   0.33600361E-04   0.26957736E-03   0.10000000E+01
 11.   75.  -0.27434579E-04   0.27434580E-04   0.26957736E-03   0.10000000E+01
 11.   76.  -0.33600361E-04   0.19399178E-04   0.26957736E-03   0.10000000E+01
 11.   77.  -0.37476333E-04   0.10041754E-04   0.26957736E-03   0.10000000E+01
 11.   78.  -0.38798355E-04   0.00000000E+00   0.26957736E-03   0.10000000E+01
 12.    1.   0.62209891E-06   0.00000000E+00  -0.37061634E-06  -0.12501168E-09
 12.    2.   0.15306419E-06  -0.57124335E-06  -0.25957012E-12  -0.12501168E-09
 12.    3.  -0.53875347E-06  -0.31104944E-06   0.37061585E-06  -0.12501168E-09
 12.    4.  -0.41817918E-06   0.41817915E-06  -0.24520326E-12  -0.12501168E-09
 12.    5.   0.31104947E-06   0.53875345E-06  -0.37061632E-06  -0.12501168E-09
 12.    6.   0.57124340E-06  -0.15306421E-06  -0.20285049E-12  -0.12501168E-09
 12.    7.   0.48940175E-13  -0.62209894E-06   0.37061594E-06  -0.12501168E-09
 12.    8.  -0.57124333E-06  -0.15306424E-06  -0.70620893E-13  -0.12501168E-09
 12.    9.  -0.31104947E-06   0.53875344E-06  -0.37061615E-06  -0.12501168E-09
 12.   10.   0.41817915E-06   0.41817916E-06  -0.70189625E-13  -0.12501168E-09
 12.   11.   0.53875348E-06  -0.31104945E-06   0.37061602E-06  -0.12501168E-09
 12.   12.  -0.15306418E-06  -0.57124337E-06  -0.77365751E-13  -0.12501168E-09
 12.   13.  -0.62209896E-06   0.00000000E+00  -0.37061619E-06  -0.12501168E-09
 12.   14.   0.16752262E-04   0.00000000E+00  -0.49213398E-04  -0.12501168E-09
 12.   15.   0.47095865E-05  -0.17576416E-04   0.51351251E-13  -0.12501168E-09
 12.   16.  -0.14507884E-04  -0.83761310E-05   0.49213398E-04  -0.12501168E-09
 12.   17.  -0.12866830E-04   0.12866829E-04   0.54731725E-12  -0.12501168E-09
 12.   18.   0.83761307E-05   0.14507884E-04  -0.49213398E-04  -0.12501168E-09
 12.   19.   0.17576416E-04  -0.47095863E-05  -0.97905773E-12  -0.12501168E-09
 12.   20.   0.53483394E-12  -0.16752262E-04   0.49213398E-04  -0.12501168E-09
 12.   21.  -0.17576416E-04  -0.47095872E-05   0.24896136E-11  -0.12501168E-09
 12.   22.  -0.83761315E-05   0.14507884E-04  -0.49213397E-04  -0.12501168E-09
 12.   23.   0.12866829E-04   0.12866830E-04  -0.21740002E-11  -0.12501168E-09
 12.   24.   0.14507885E-04  -0.83761302E-05   0.49213398E-04  -0.12501168E-09
 12.   25.  -0.47095857E-05  -0.17576416E-04   0.27450070E-11  -0.12501168E-09
 12.   26.  -0.16752262E-04   0.00000000E+00  -0.49213398E-04  -0.12501168E-09
 12.   27.   0.95490930E-04   0.00000000E+00  -0.49744116E-03  -0.12501168E-09
 12.   28.   0.30614591E-04  -0.11425521E-03   0.32493626E-12  -0.12501168E-09
 12.   29.  -0.82697571E-04  -0.47745465E-04   0.49744116E-03  -0.12501168E-09
 12.   30.  -0.83640618E-04   0.83640617E-04   0.73315225E-11  -0.12501168E-09
 12.   31.   0.47745463E-04   0.82697572E-04  -0.49744116E-03  -0.12501168E-09
 12.   32.   0.11425521E-03  -0.30614590E-04  -0.81862265E-11  -0.12501168E-09
 12.   33.   0.32827268E-11  -0.95490930E-04   0.49744116E-03  -0.12501168E-09
 12.   34.  -0.11425521E-03  -0.30614594E-04   0.23732801E-10  -0.12501168E-09
 12.   35.  -0.47745469E-04   0.82697568E-04  -0.49744116E-03  -0.12501168E-09
 12.   36.   0.83640615E-04   0.83640620E-04  -0.23060388E-10  -0.12501168E-09
 12.   37.   0.82697574E-04  -0.47745460E-04   0.49744116E-03  -0.12501168E-09
 12.   38.  -0.30614586E-04  -0.11425521E-03   0.30626936E-10  -0.12501168E-09
 12.   39.  -0.95490930E-04   0.00000000E+00  -0.49744116E-03  -0.12501168E-09
 12.   40.   0.21917453E-03   0.00000000E+00  -0.19131441E-02  -0.12501168E-09
 12.   41.   0.86856549E-04  -0.32415305E-03  -0.45001806E-12  -0.12501168E-09
 12.   42.  -0.18981071E-03  -0.10958727E-03   0.19131441E-02  -0.12501168E-09
 12.   43.  -0.23729651E-03   0.23729650E-03   0.28877994E-10  -0.12501168E-09
 12.   44.   0.10958726E-03   0.18981071E-03  -0.19131441E-02  -0.12501168E-09
 12.   45.   0.32415306E-03  -0.86856547E-04  -0.30335876E-10  -0.12501168E-09
 12.   46.   0.93642369E-11  -0.21917453E-03   0.19131441E-02  -0.12501168E-09
 12.   47.  -0.32415305E-03  -0.86856556E-04   0.89440271E-10  -0.12501168E-09
 12.   48.  -0.10958728E-03   0.18981071E-03  -0.19131441E-02  -0.12501168E-09
 12.   49.   0.23729650E-03   0.23729651E-03  -0.90480693E-10  -0.12501168E-09
 12.   50.   0.18981072E-03  -0.10958725E-03   0.19131441E-02  -0.12501168E-09
 12.   51.  -0.86856539E-04  -0.32415306E-03   0.11896761E-09  -0.12501168E-09
 12.   52.  -0.21917453E-03   0.00000000E+00  -0.19131441E-02  -0.12501168E-09
 12.   53.   0.35296485E-03   0.00000000E+00  -0.44074616E-02  -0.12501168E-09
 12.   54.   0.15144458E-03  -0.56519886E-03  -0.20204625E-11  -0.12501168E-09
 12.   55.  -0.30567652E-03  -0.17648243E-03   0.44074616E-02  -0.12501168E-09
 12.   56.  -0.41375429E-03   0.41375428E-03   0.67070435E-10  -0.12501168E-09
 12.   57.   0.17648242E-03   0.30567653E-03  -0.44074616E-02  -0.12501168E-09
 12.   58.   0.56519886E-03  -0.15144458E-03  -0.69114756E-10  -0.12501168E-09
 12.   59.   0.16441508E-10  -0.35296485E-03   0.44074616E-02  -0.12501168E-09
 12.   60.  -0.56519886E-03  -0.15144459E-03   0.20539802E-09  -0.12501168E-09
 12.   61.  -0.17648245E-03   0.30567651E-03  -0.44074616E-02  -0.12501168E-09
 12.   62.   0.41375428E-03   0.41375429E-03  -0.20926946E-09  -0.12501168E-09
 12.   63.   0.30567654E-03  -0.17648240E-03   0.44074616E-02  -0.12501168E-09
 12.   64.  -0.15144456E-03  -0.56519887E-03   0.27495510E-09  -0.12501168E-09
 12.   65.  -0.35296485E-03   0.00000000E+00  -0.44074616E-02  -0.12501168E-09
 12.   66.  -0.35296485E-03   0.00000000E+00  -0.44074616E-02  -0.12501168E-09
 12.   67.  -0.15144458E-03   0.56519886E-03  -0.20048470E-11  -0.12501168E-09
 12.   68.   0.30567652E-03   0.17648243E-03   0.44074616E-02  -0.12501168E-09
 12.   69.   0.41375429E-03  -0.41375428E-03   0.67070027E-10  -0.12501168E-09
 12.   70.  -0.17648242E-03  -0.30567653E-03  -0.44074616E-02  -0.12501168E-09
 12.   71.  -0.56519886E-03   0.15144458E-03  -0.69111001E-10  -0.12501168E-09
 12.   72.  -0.16489934E-10   0.35296485E-03   0.44074616E-02  -0.12501168E-09
 12.   73.   0.56519886E-03   0.15144459E-03   0.20539471E-09  -0.12501168E-09
 12.   74.   0.17648245E-03  -0.30567651E-03  -0.44074616E-02  -0.12501168E-09
 12.   75.  -0.41375428E-03  -0.41375429E-03  -0.20928422E-09  -0.12501168E-09
 12.   76.  -0.30567654E-03   0.17648240E-03   0.44074616E-02  -0.12501168E-09
 12.   77.   0.15144456E-03   0.56519887E-03   0.27497894E-09  -0.12501168E-09
 12.   78.   0.35296485E-03   0.00000000E+00  -0.44074616E-02  -0.12501168E-09
 13.    1.  -0.70626553E-04   0.00000000E+00   0.18720300E-03   0.23220880E-09
 13.    2.  -0.64643117E-04   0.48296065E-04   0.13237251E-03   0.23220880E-09
 13.    3.  -0.44817337E-04   0.77625905E-04   0.74729414E-12   0.23220880E-09
 13.    4.  -0.95040610E-05   0.80130614E-04  -0.13237251E-03   0.23220880E-09
 13.    5.   0.35313276E-04   0.61164389E-04  -0.18720300E-03   0.23220880E-09
 13.    6.   0.74147177E-04   0.31834549E-04  -0.13237251E-03   0.23220880E-09
 13.    7.   0.89634674E-04   0.65990314E-12  -0.27215556E-11   0.23220880E-09
 13.    8.   0.74147178E-04  -0.31834548E-04   0.13237251E-03   0.23220880E-09
 13.    9.   0.35313278E-04  -0.61164388E-04   0.18720300E-03   0.23220880E-09
 13.   10.  -0.95040594E-05  -0.80130613E-04   0.13237251E-03   0.23220880E-09
 13.   11.  -0.44817336E-04  -0.77625906E-04   0.54327326E-11   0.23220880E-09
 13.   12.  -0.64643116E-04  -0.48296066E-04  -0.13237251E-03   0.23220880E-09
 13.   13.  -0.70626553E-04   0.00000000E+00  -0.18720300E-03   0.23220880E-09
 13.   14.  -0.13432326E-03   0.00000000E+00   0.11759816E-02   0.23220880E-09
 13.   15.  -0.13145791E-03   0.12362962E-03   0.83154456E-03   0.23220880E-09
 13.   16.  -0.10849907E-03   0.18792589E-03   0.14655736E-11   0.23220880E-09
 13.   17.  -0.41337434E-04   0.17566070E-03  -0.83154456E-03   0.23220880E-09
 13.   18.   0.67161631E-04   0.11632736E-03  -0.11759816E-02   0.23220880E-09
 13.   19.   0.17279534E-03   0.52031082E-04  -0.83154457E-03   0.23220880E-09
 13.   20.   0.21699813E-03   0.97226958E-12  -0.18474180E-10   0.23220880E-09
 13.   21.   0.17279535E-03  -0.52031080E-04   0.83154454E-03   0.23220880E-09
 13.   22.   0.67161635E-04  -0.11632736E-03   0.11759816E-02   0.23220880E-09
 13.   23.  -0.41337430E-04  -0.17566070E-03   0.83154458E-03   0.23220880E-09
 13.   24.  -0.10849906E-03  -0.18792589E-03   0.35332549E-10   0.23220880E-09
 13.   25.  -0.13145791E-03  -0.12362962E-03  -0.83154454E-03   0.23220880E-09
 13.   26.  -0.13432326E-03   0.00000000E+00  -0.11759816E-02   0.23220880E-09
 13.   27.   0.16302896E-04   0.00000000E+00   0.18909513E-02   0.23220880E-09
 13.   28.  -0.29912115E-04   0.15617387E-03   0.13371045E-02   0.23220880E-09
 13.   29.  -0.11214304E-03   0.19423744E-03   0.18893630E-11   0.23220880E-09
 13.   30.  -0.12029448E-03   0.10399159E-03  -0.13371045E-02   0.23220880E-09
 13.   31.  -0.81514497E-05  -0.14118722E-04  -0.18909513E-02   0.23220880E-09
 13.   32.   0.15020660E-03  -0.52182286E-04  -0.13371045E-02   0.23220880E-09
 13.   33.   0.22428607E-03  -0.14345710E-11  -0.29745722E-10   0.23220880E-09
 13.   34.   0.15020660E-03   0.52182285E-04   0.13371045E-02   0.23220880E-09
 13.   35.  -0.81514435E-05   0.14118725E-04   0.18909513E-02   0.23220880E-09
 13.   36.  -0.12029448E-03  -0.10399158E-03   0.13371045E-02   0.23220880E-09
 13.   37.  -0.11214304E-03  -0.19423743E-03   0.57136261E-10   0.23220880E-09
 13.   38.  -0.29912118E-04  -0.15617388E-03  -0.13371044E-02   0.23220880E-09
 13.   39.   0.16302896E-04   0.00000000E+00  -0.18909513E-02   0.23220880E-09
 13.   40.   0.24798008E-03   0.00000000E+00   0.62210577E-03   0.23220880E-09
 13.   41.   0.15949197E-03   0.82262056E-04   0.43989521E-03   0.23220880E-09
 13.   42.  -0.26996972E-04   0.46760129E-04   0.34706475E-12   0.23220880E-09
 13.   43.  -0.15098701E-03  -0.96993068E-04  -0.43989520E-03   0.23220880E-09
 13.   44.  -0.12399004E-03  -0.21475705E-03  -0.62210577E-03   0.23220880E-09
 13.   45.  -0.85049559E-05  -0.17925513E-03  -0.43989521E-03   0.23220880E-09
 13.   46.   0.53993945E-04  -0.41699727E-11  -0.99729588E-11   0.23220880E-09
 13.   47.  -0.85049514E-05   0.17925512E-03   0.43989520E-03   0.23220880E-09
 13.   48.  -0.12399004E-03   0.21475705E-03   0.62210577E-03   0.23220880E-09
 13.   49.  -0.15098702E-03   0.96993074E-04   0.43989522E-03   0.23220880E-09
 13.   50.  -0.26996980E-04  -0.46760124E-04   0.18633298E-10   0.23220880E-09
 13.   51.   0.15949196E-03  -0.82262057E-04  -0.43989519E-03   0.23220880E-09
 13.   52.   0.24798008E-03   0.00000000E+00  -0.62210577E-03   0.23220880E-09
 13.   53.   0.29680023E-03   0.00000000E+00  -0.19397208E-02   0.23220880E-09
 13.   54.   0.22489213E-03  -0.28435568E-04  -0.13715898E-02   0.23220880E-09
 13.   55.   0.60579971E-04  -0.10492759E-03  -0.24402865E-11   0.23220880E-09
 13.   56.  -0.87820140E-04  -0.20898008E-03   0.13715897E-02   0.23220880E-09
 13.   57.  -0.14840011E-03  -0.25703654E-03   0.19397208E-02   0.23220880E-09
 13.   58.  -0.13707199E-03  -0.18054452E-03   0.13715898E-02   0.23220880E-09
 13.   59.  -0.12115994E-03  -0.39929312E-11   0.29910004E-10   0.23220880E-09
 13.   60.  -0.13707199E-03   0.18054451E-03  -0.13715897E-02   0.23220880E-09
 13.   61.  -0.14840011E-03   0.25703653E-03  -0.19397208E-02   0.23220880E-09
 13.   62.  -0.87820145E-04   0.20898009E-03  -0.13715898E-02   0.23220880E-09
 13.   63.   0.60579964E-04   0.10492759E-03  -0.59195646E-10   0.23220880E-09
 13.   64.   0.22489213E-03   0.28435570E-04   0.13715897E-02   0.23220880E-09
 13.   65.   0.29680023E-03   0.00000000E+00   0.19397208E-02   0.23220880E-09
 13.   66.  -0.29680023E-03   0.00000000E+00  -0.19397208E-02   0.23220880E-09
 13.   67.  -0.22489213E-03   0.28435568E-04  -0.13715898E-02   0.23220880E-09
 13.   68.  -0.60579971E-04   0.10492759E-03  -0.24351356E-11   0.23220880E-09
 13.   69.   0.87820140E-04   0.20898008E-03   0.13715897E-02   0.23220880E-09
 13.   70.   0.14840011E-03   0.25703653E-03   0.19397208E-02   0.23220880E-09
 13.   71.   0.13707199E-03   0.18054452E-03   0.13715898E-02   0.23220880E-09
 13.   72.   0.12115994E-03   0.39684660E-11   0.29902238E-10   0.23220880E-09
 13.   73.   0.13707199E-03  -0.18054451E-03  -0.13715897E-02   0.23220880E-09
 13.   74.   0.14840011E-03  -0.25703653E-03  -0.19397208E-02   0.23220880E-09
 13.   75.   0.87820145E-04  -0.20898009E-03  -0.13715898E-02   0.23220880E-09
 13.   76.  -0.60579964E-04  -0.10492759E-03  -0.59194658E-10   0.23220880E-09
 13.   77.  -0.22489213E-03  -0.28435570E-04   0.13715897E-02   0.23220880E-09
 13.   78.  -0.29680023E-03   0.00000000E+00   0.19397208E-02   0.23220880E-09
 14.    1.   0.13844249E-03   0.00000000E+00   0.28525187E-02  -0.18812712E-10
 14.    2.   0.10628040E-03   0.12003057E-03   0.27553214E-02  -0.18812712E-10
 14.    3.   0.18411919E-04   0.20789905E-03   0.24703536E-02  -0.18812712E-10
 14.    4.  -0.10161865E-03   0.24006115E-03   0.20170353E-02  -0.18812712E-10
 14.    5.  -0.22164923E-03   0.20789905E-03   0.14262593E-02  -0.18812712E-10
 14.    6.  -0.30951770E-03   0.12003057E-03   0.73828616E-03  -0.18812712E-10
 14.    7.  -0.34167980E-03   0.25084372E-11   0.14896811E-10  -0.18812712E-10
 14.    8.  -0.30951771E-03  -0.12003057E-03  -0.73828614E-03  -0.18812712E-10
 14.    9.  -0.22164923E-03  -0.20789905E-03  -0.14262593E-02  -0.18812712E-10
 14.   10.  -0.10161866E-03  -0.24006115E-03  -0.20170353E-02  -0.18812712E-10
 14.   11.   0.18411915E-04  -0.20789905E-03  -0.24703536E-02  -0.18812712E-10
 14.   12.   0.10628039E-03  -0.12003058E-03  -0.27553214E-02  -0.18812712E-10
 14.   13.   0.13844249E-03   0.00000000E+00  -0.28525187E-02  -0.18812712E-10
 14.   14.   0.25695033E-03   0.00000000E+00   0.12438479E-02  -0.18812712E-10
 14.   15.   0.23460524E-03   0.83393026E-04   0.12014648E-02  -0.18812712E-10
 14.   16.   0.17355731E-03   0.14444096E-03   0.10772039E-02  -0.18812712E-10
 14.   17.   0.90164281E-04   0.16678605E-03   0.87953330E-03  -0.18812712E-10
 14.   18.   0.67712544E-05   0.14444096E-03   0.62192396E-03  -0.18812712E-10
 14.   19.  -0.54276678E-04   0.83393027E-04   0.32193153E-03  -0.18812712E-10
 14.   20.  -0.76621772E-04   0.17500794E-11   0.65290673E-11  -0.18812712E-10
 14.   21.  -0.54276680E-04  -0.83393024E-04  -0.32193152E-03  -0.18812712E-10
 14.   22.   0.67712514E-05  -0.14444096E-03  -0.62192395E-03  -0.18812712E-10
 14.   23.   0.90164277E-04  -0.16678605E-03  -0.87953329E-03  -0.18812712E-10
 14.   24.   0.17355730E-03  -0.14444096E-03  -0.10772039E-02  -0.18812712E-10
 14.   25.   0.23460524E-03  -0.83393029E-04  -0.12014648E-02  -0.18812712E-10
 14.   26.   0.25695033E-03   0.00000000E+00  -0.12438479E-02  -0.18812712E-10
 14.   27.   0.13957879E-03   0.00000000E+00  -0.86057786E-03  -0.18812712E-10
 14.   28.   0.13250358E-03   0.26405057E-04  -0.83125438E-03  -0.18812712E-10
 14.   29.   0.11317373E-03   0.45734900E-04  -0.74528229E-03  -0.18812712E-10
 14.   30.   0.86768678E-04   0.52810113E-04  -0.60852044E-03  -0.18812712E-10
 14.   31.   0.60363621E-04   0.45734900E-04  -0.43028893E-03  -0.18812712E-10
 14.   32.   0.41033778E-04   0.26405057E-04  -0.22273394E-03  -0.18812712E-10
 14.   33.   0.33958564E-04   0.55712970E-12  -0.45042743E-11  -0.18812712E-10
 14.   34.   0.41033777E-04  -0.26405056E-04   0.22273393E-03  -0.18812712E-10
 14.   35.   0.60363620E-04  -0.45734899E-04   0.43028893E-03  -0.18812712E-10
 14.   36.   0.86768677E-04  -0.52810113E-04   0.60852044E-03  -0.18812712E-10
 14.   37.   0.11317373E-03  -0.45734900E-04   0.74528229E-03  -0.18812712E-10
 14.   38.   0.13250358E-03  -0.26405058E-04   0.83125438E-03  -0.18812712E-10
 14.   39.   0.13957879E-03   0.00000000E+00   0.86057786E-03  -0.18812712E-10
 14.   40.  -0.17176766E-03   0.00000000E+00  -0.65826959E-03  -0.18812712E-10
 14.   41.  -0.15898604E-03  -0.47701643E-04  -0.63583960E-03  -0.18812712E-10
 14.   42.  -0.12406601E-03  -0.82621670E-04  -0.57007819E-03  -0.18812712E-10
 14.   43.  -0.76364371E-04  -0.95403287E-04  -0.46546689E-03  -0.18812712E-10
 14.   44.  -0.28662728E-04  -0.82621670E-04  -0.32913480E-03  -0.18812712E-10
 14.   45.   0.62572990E-05  -0.47701644E-04  -0.17037271E-03  -0.18812712E-10
 14.   46.   0.19038916E-04  -0.99556302E-12  -0.34263625E-11  -0.18812712E-10
 14.   47.   0.62573000E-05   0.47701642E-04   0.17037270E-03  -0.18812712E-10
 14.   48.  -0.28662726E-04   0.82621669E-04   0.32913479E-03  -0.18812712E-10
 14.   49.  -0.76364369E-04   0.95403287E-04   0.46546689E-03  -0.18812712E-10
 14.   50.  -0.12406601E-03   0.82621671E-04   0.57007819E-03  -0.18812712E-10
 14.   51.  -0.15898604E-03   0.47701645E-04   0.63583960E-03  -0.18812712E-10
 14.   52.  -0.17176766E-03   0.00000000E+00   0.65826959E-03  -0.18812712E-10
 14.   53.  -0.25119784E-03   0.00000000E+00   0.14349418E-02  -0.18812712E-10
 14.   54.  -0.23633401E-03  -0.55472559E-04   0.13860474E-02  -0.18812712E-10
 14.   55.  -0.19572528E-03  -0.96081291E-04   0.12426961E-02  -0.18812712E-10
 14.   56.  -0.14025272E-03  -0.11094512E-03   0.10146571E-02  -0.18812712E-10
 14.   57.  -0.84780161E-04  -0.96081291E-04   0.71747092E-03  -0.18812712E-10
 14.   58.  -0.44171429E-04  -0.55472560E-04   0.37139028E-03  -0.18812712E-10
 14.   59.  -0.29307601E-04  -0.11621518E-11   0.75668431E-11  -0.18812712E-10
 14.   60.  -0.44171427E-04   0.55472558E-04  -0.37139027E-03  -0.18812712E-10
 14.   61.  -0.84780159E-04   0.96081290E-04  -0.71747091E-03  -0.18812712E-10
 14.   62.  -0.14025272E-03   0.11094512E-03  -0.10146571E-02  -0.18812712E-10
 14.   63.  -0.19572528E-03   0.96081292E-04  -0.12426961E-02  -0.18812712E-10
 14.   64.  -0.23633401E-03   0.55472561E-04  -0.13860474E-02  -0.18812712E-10
 14.   65.  -0.25119784E-03   0.00000000E+00  -0.14349418E-02  -0.18812712E-10
 14.   66.   0.25119784E-03   0.00000000E+00   0.14349418E-02  -0.18812712E-10
 14.   67.   0.23633401E-03   0.55472559E-04   0.13860474E-02  -0.18812712E-10
 14.   68.   0.19572528E-03   0.96081291E-04   0.12426961E-02  -0.18812712E-10
 14.   69.   0.14025272E-03   0.11094512E-03   0.10146571E-02  -0.18812712E-10
 14.   70.   0.84780161E-04   0.96081291E-04   0.71747092E-03  -0.18812712E-10
 14.   71.   0.44171429E-04   0.55472560E-04   0.37139028E-03  -0.18812712E-10
 14.   72.   0.29307601E-04   0.11694787E-11   0.75684391E-11  -0.18812712E-10
 14.   73.   0.44171427E-04  -0.55472558E-04  -0.37139027E-03  -0.18812712E-10
 14.   74.   0.84780159E-04  -0.96081290E-04  -0.71747091E-03  -0.18812712E-10
 14.   75.   0.14025272E-03  -0.11094512E-03  -0.10146571E-02  -0.18812712E-10
 14.   76.   0.19572528E-03  -0.96081292E-04  -0.12426961E-02  -0.18812712E-10
 14.   77.   0.23633401E-03  -0.55472561E-04  -0.13860474E-02  -0.18812712E-10
 14.   78.   0.25119784E-03   0.00000000E+00  -0.14349418E-02  -0.18812712E-10
 15.    1.  -0.12891677E-06   0.00000000E+00   0.53896324E-07  -0.35272479E-09
 15.    2.   0.21250532E-08   0.12098581E-06  -0.13949511E-07  -0.35272479E-09
 15.    3.   0.12679162E-06   0.36807659E-08  -0.46675789E-07  -0.35272479E-09
 15.    4.  -0.42502116E-08  -0.12466658E-06   0.38110346E-07  -0.35272479E-09
 15.    5.  -0.12254150E-06  -0.36807941E-08   0.26948012E-07  -0.35272479E-09
 15.    6.   0.21250753E-08   0.12834729E-06  -0.52060129E-07  -0.35272479E-09
 15.    7.   0.12041639E-06  -0.35492144E-13  -0.18990721E-12  -0.35272479E-09
 15.    8.   0.21251117E-08  -0.12834737E-06   0.52059755E-07  -0.35272479E-09
 15.    9.  -0.12254145E-06   0.36807229E-08  -0.26948366E-07  -0.35272479E-09
 15.   10.  -0.42501598E-08   0.12466653E-06  -0.38110684E-07  -0.35272479E-09
 15.   11.   0.12679168E-06  -0.36807823E-08   0.46675472E-07  -0.35272479E-09
 15.   12.   0.21251201E-08  -0.12098582E-06   0.13949216E-07  -0.35272479E-09
 15.   13.  -0.12891672E-06   0.00000000E+00  -0.53896625E-07  -0.35272479E-09
 15.   14.  -0.71504365E-05   0.00000000E+00   0.18090541E-04  -0.35272479E-09
 15.   15.  -0.15674808E-06   0.77354283E-05  -0.46821765E-05  -0.35272479E-09
 15.   16.   0.73071846E-05  -0.27149564E-06  -0.15666868E-04  -0.35272479E-09
 15.   17.   0.31349628E-06  -0.74639327E-05   0.12791944E-04  -0.35272479E-09
 15.   18.  -0.76206807E-05   0.27149552E-06   0.90452709E-05  -0.35272479E-09
 15.   19.  -0.15674822E-06   0.71924370E-05  -0.17474121E-04  -0.35272479E-09
 15.   20.   0.77774288E-05   0.21568279E-12  -0.59065746E-12  -0.35272479E-09
 15.   21.  -0.15674772E-06  -0.71924370E-05   0.17474121E-04  -0.35272479E-09
 15.   22.  -0.76206808E-05  -0.27149598E-06  -0.90452696E-05  -0.35272479E-09
 15.   23.   0.31349582E-06   0.74639326E-05  -0.12791945E-04  -0.35272479E-09
 15.   24.   0.73071846E-05   0.27149610E-06   0.15666868E-04  -0.35272479E-09
 15.   25.  -0.15674764E-06  -0.77354283E-05   0.46821778E-05  -0.35272479E-09
 15.   26.  -0.71504365E-05   0.00000000E+00  -0.18090541E-04  -0.35272479E-09
 15.   27.  -0.58959682E-04   0.00000000E+00   0.26623506E-03  -0.35272479E-09
 15.   28.  -0.36624188E-05   0.72628015E-04  -0.68906703E-04  -0.35272479E-09
 15.   29.   0.62622100E-04  -0.63434953E-05  -0.23056632E-03  -0.35272479E-09
 15.   30.   0.73248386E-05  -0.66284519E-04   0.18825661E-03  -0.35272479E-09
 15.   31.  -0.69946938E-04   0.63434945E-05   0.13311753E-03  -0.35272479E-09
 15.   32.  -0.36624200E-05   0.59941024E-04  -0.25716332E-03  -0.35272479E-09
 15.   33.   0.73609357E-04   0.17779543E-11  -0.97670103E-11  -0.35272479E-09
 15.   34.  -0.36624153E-05  -0.59941023E-04   0.25716332E-03  -0.35272479E-09
 15.   35.  -0.69946938E-04  -0.63434983E-05  -0.13311752E-03  -0.35272479E-09
 15.   36.   0.73248345E-05   0.66284519E-04  -0.18825662E-03  -0.35272479E-09
 15.   37.   0.62622101E-04   0.63434997E-05   0.23056631E-03  -0.35272479E-09
 15.   38.  -0.36624152E-05  -0.72628014E-04   0.68906722E-04  -0.35272479E-09
 15.   39.  -0.58959682E-04   0.00000000E+00  -0.26623506E-03  -0.35272479E-09
 15.   40.  -0.16174759E-03   0.00000000E+00   0.12506236E-02  -0.35272479E-09
 15.   41.  -0.23343074E-04   0.24886513E-03  -0.32368520E-03  -0.35272479E-09
 15.   42.   0.18509067E-03  -0.40431390E-04  -0.10830718E-02  -0.35272479E-09
 15.   43.   0.46686151E-04  -0.20843374E-03   0.88432439E-03  -0.35272479E-09
 15.   44.  -0.23177681E-03   0.40431387E-04   0.62531181E-03  -0.35272479E-09
 15.   45.  -0.23343078E-04   0.16800235E-03  -0.12080096E-02  -0.35272479E-09
 15.   46.   0.25511989E-03   0.45784696E-11  -0.45778269E-10  -0.35272479E-09
 15.   47.  -0.23343062E-04  -0.16800235E-03   0.12080096E-02  -0.35272479E-09
 15.   48.  -0.23177682E-03  -0.40431399E-04  -0.62531173E-03  -0.35272479E-09
 15.   49.   0.46686138E-04   0.20843374E-03  -0.88432446E-03  -0.35272479E-09
 15.   50.   0.18509067E-03   0.40431405E-04   0.10830717E-02  -0.35272479E-09
 15.   51.  -0.23343064E-04  -0.24886513E-03   0.32368529E-03  -0.35272479E-09
 15.   52.  -0.16174759E-03   0.00000000E+00  -0.12506236E-02  -0.35272479E-09
 15.   53.  -0.28415458E-03   0.00000000E+00   0.31752927E-02  -0.35272479E-09
 15.   54.  -0.50683643E-04   0.47330851E-03  -0.82182623E-03  -0.35272479E-09
 15.   55.   0.33483822E-03  -0.87786644E-04  -0.27498842E-02  -0.35272479E-09
 15.   56.   0.10136729E-03  -0.38552186E-03   0.22452710E-02  -0.35272479E-09
 15.   57.  -0.43620550E-03   0.87786640E-04   0.15876464E-02  -0.35272479E-09
 15.   58.  -0.50683651E-04   0.29773522E-03  -0.30670972E-02  -0.35272479E-09
 15.   59.   0.48688915E-03   0.78566585E-11  -0.11621158E-09  -0.35272479E-09
 15.   60.  -0.50683619E-04  -0.29773521E-03   0.30670973E-02  -0.35272479E-09
 15.   61.  -0.43620551E-03  -0.87786660E-04  -0.15876462E-02  -0.35272479E-09
 15.   62.   0.10136727E-03   0.38552186E-03  -0.22452711E-02  -0.35272479E-09
 15.   63.   0.33483823E-03   0.87786672E-04   0.27498840E-02  -0.35272479E-09
 15.   64.  -0.50683626E-04  -0.47330850E-03   0.82182645E-03  -0.35272479E-09
 15.   65.  -0.28415457E-03   0.00000000E+00  -0.31752927E-02  -0.35272479E-09
 15.   66.   0.28415458E-03   0.00000000E+00   0.31752927E-02  -0.35272479E-09
 15.   67.   0.50683643E-04  -0.47330851E-03  -0.82182623E-03  -0.35272479E-09
 15.   68.  -0.33483822E-03   0.87786644E-04  -0.27498842E-02  -0.35272479E-09
 15.   69.  -0.10136729E-03   0.38552186E-03   0.22452710E-02  -0.35272479E-09
 15.   70.   0.43620550E-03  -0.87786640E-04   0.15876464E-02  -0.35272479E-09
 15.   71.   0.50683651E-04  -0.29773522E-03  -0.30670972E-02  -0.35272479E-09
 15.   72.  -0.48688915E-03  -0.78530852E-11  -0.11620949E-09  -0.35272479E-09
 15.   73.   0.50683619E-04   0.29773521E-03   0.30670973E-02  -0.35272479E-09
 15.   74.   0.43620551E-03   0.87786660E-04  -0.15876462E-02  -0.35272479E-09
 15.   75.  -0.10136727E-03  -0.38552186E-03  -0.22452711E-02  -0.35272479E-09
 15.   76.  -0.33483823E-03  -0.87786672E-04   0.27498840E-02  -0.35272479E-09
 15.   77.   0.50683626E-04   0.47330850E-03   0.82182645E-03  -0.35272479E-09
 15.   78.   0.28415457E-03   0.00000000E+00  -0.31752927E-02  -0.35272479E-09
 16.    1.   0.23804898E-04   0.00000000E+00  -0.38832279E-04   0.68612725E-09
 16.    2.   0.17720428E-04  -0.20146004E-04  -0.19416140E-04   0.68612725E-09
 16.    3.   0.17151420E-05  -0.26775611E-04   0.19416140E-04   0.68612725E-09
 16.    4.  -0.16832605E-04  -0.16832605E-04   0.38832280E-04   0.68612725E-09
 16.    5.  -0.26775611E-04   0.17151418E-05   0.19416140E-04   0.68612725E-09
 16.    6.  -0.20146005E-04   0.17720427E-04  -0.19416139E-04   0.68612725E-09
 16.    7.  -0.45961312E-12   0.23804898E-04  -0.38832279E-04   0.68612725E-09
 16.    8.   0.20146004E-04   0.17720428E-04  -0.19416141E-04   0.68612725E-09
 16.    9.   0.26775611E-04   0.17151425E-05   0.19416139E-04   0.68612725E-09
 16.   10.   0.16832605E-04  -0.16832604E-04   0.38832280E-04   0.68612725E-09
 16.   11.  -0.17151412E-05  -0.26775611E-04   0.19416141E-04   0.68612725E-09
 16.   12.  -0.17720427E-04  -0.20146005E-04  -0.19416138E-04   0.68612725E-09
 16.   13.  -0.23804898E-04   0.00000000E+00  -0.38832279E-04   0.68612725E-09
 16.   14.   0.97356059E-04   0.00000000E+00  -0.56463400E-03   0.68612725E-09
 16.   15.   0.78030426E-04  -0.10313605E-03  -0.28231700E-03   0.68612725E-09
 16.   16.   0.17752357E-04  -0.12810404E-03   0.28231700E-03   0.68612725E-09
 16.   17.  -0.68841129E-04  -0.68841131E-04   0.56463400E-03   0.68612725E-09
 16.   18.  -0.12810404E-03   0.17752357E-04   0.28231700E-03   0.68612725E-09
 16.   19.  -0.10313605E-03   0.78030426E-04  -0.28231699E-03   0.68612725E-09
 16.   20.  -0.23938542E-11   0.97356059E-04  -0.56463400E-03   0.68612725E-09
 16.   21.   0.10313605E-03   0.78030427E-04  -0.28231701E-03   0.68612725E-09
 16.   22.   0.12810404E-03   0.17752360E-04   0.28231698E-03   0.68612725E-09
 16.   23.   0.68841132E-04  -0.68841127E-04   0.56463400E-03   0.68612725E-09
 16.   24.  -0.17752354E-04  -0.12810404E-03   0.28231702E-03   0.68612725E-09
 16.   25.  -0.78030425E-04  -0.10313605E-03  -0.28231698E-03   0.68612725E-09
 16.   26.  -0.97356059E-04   0.00000000E+00  -0.56463400E-03   0.68612725E-09
 16.   27.   0.32791907E-04   0.00000000E+00  -0.13473937E-02   0.68612725E-09
 16.   28.   0.63404900E-04  -0.17328121E-03  -0.67369687E-03   0.68612725E-09
 16.   29.   0.77694283E-04  -0.16736235E-03   0.67369687E-03   0.68612725E-09
 16.   30.  -0.23187378E-04  -0.23187381E-04   0.13473937E-02   0.68612725E-09
 16.   31.  -0.16736235E-03   0.77694282E-04   0.67369688E-03   0.68612725E-09
 16.   32.  -0.17328121E-03   0.63404900E-04  -0.67369686E-03   0.68612725E-09
 16.   33.  -0.42597034E-11   0.32791907E-04  -0.13473937E-02   0.68612725E-09
 16.   34.   0.17328121E-03   0.63404898E-04  -0.67369691E-03   0.68612725E-09
 16.   35.   0.16736235E-03   0.77694284E-04   0.67369683E-03   0.68612725E-09
 16.   36.   0.23187384E-04  -0.23187375E-04   0.13473937E-02   0.68612725E-09
 16.   37.  -0.77694281E-04  -0.16736235E-03   0.67369692E-03   0.68612725E-09
 16.   38.  -0.63404902E-04  -0.17328121E-03  -0.67369682E-03   0.68612725E-09
 16.   39.  -0.32791907E-04   0.00000000E+00  -0.13473937E-02   0.68612725E-09
 16.   40.  -0.18497042E-03   0.00000000E+00  -0.64394724E-03   0.68612725E-09
 16.   41.  -0.72660447E-04  -0.86162940E-04  -0.32197362E-03   0.68612725E-09
 16.   42.   0.11230509E-03  -0.95477048E-05   0.32197362E-03   0.68612725E-09
 16.   43.   0.13079384E-03   0.13079384E-03   0.64394724E-03   0.68612725E-09
 16.   44.  -0.95477032E-05   0.11230509E-03   0.32197362E-03   0.68612725E-09
 16.   45.  -0.86162940E-04  -0.72660444E-04  -0.32197361E-03   0.68612725E-09
 16.   46.  -0.25565692E-11  -0.18497042E-03  -0.64394724E-03   0.68612725E-09
 16.   47.   0.86162939E-04  -0.72660452E-04  -0.32197364E-03   0.68612725E-09
 16.   48.   0.95477090E-05   0.11230509E-03   0.32197360E-03   0.68612725E-09
 16.   49.  -0.13079384E-03   0.13079384E-03   0.64394724E-03   0.68612725E-09
 16.   50.  -0.11230510E-03  -0.95476990E-05   0.32197364E-03   0.68612725E-09
 16.   51.   0.72660439E-04  -0.86162940E-04  -0.32197360E-03   0.68612725E-09
 16.   52.   0.18497042E-03   0.00000000E+00  -0.64394724E-03   0.68612725E-09
 16.   53.  -0.24576522E-03   0.00000000E+00   0.14216688E-02   0.68612725E-09
 16.   54.  -0.14472396E-03   0.65335240E-04   0.71083438E-03   0.68612725E-09
 16.   55.   0.56136305E-04   0.14853429E-03  -0.71083437E-03   0.68612725E-09
 16.   56.   0.17378225E-03   0.17378225E-03  -0.14216688E-02   0.68612725E-09
 16.   57.   0.14853429E-03   0.56136307E-04  -0.71083439E-03   0.68612725E-09
 16.   58.   0.65335240E-04  -0.14472396E-03   0.71083436E-03   0.68612725E-09
 16.   59.   0.11183916E-11  -0.24576522E-03   0.14216688E-02   0.68612725E-09
 16.   60.  -0.65335237E-04  -0.14472397E-03   0.71083441E-03   0.68612725E-09
 16.   61.  -0.14853429E-03   0.56136300E-04  -0.71083434E-03   0.68612725E-09
 16.   62.  -0.17378226E-03   0.17378225E-03  -0.14216688E-02   0.68612725E-09
 16.   63.  -0.56136312E-04   0.14853429E-03  -0.71083443E-03   0.68612725E-09
 16.   64.   0.14472396E-03   0.65335243E-04   0.71083432E-03   0.68612725E-09
 16.   65.   0.24576522E-03   0.00000000E+00   0.14216688E-02   0.68612725E-09
 16.   66.   0.24576522E-03   0.00000000E+00   0.14216688E-02   0.68612725E-09
 16.   67.   0.14472396E-03  -0.65335240E-04   0.71083438E-03   0.68612725E-09
 16.   68.  -0.56136305E-04  -0.14853429E-03  -0.71083437E-03   0.68612725E-09
 16.   69.  -0.17378225E-03  -0.17378225E-03  -0.14216688E-02   0.68612725E-09
 16.   70.  -0.14853429E-03  -0.56136307E-04  -0.71083439E-03   0.68612725E-09
 16.   71.  -0.65335240E-04   0.14472396E-03   0.71083436E-03   0.68612725E-09
 16.   72.  -0.11765296E-11   0.24576522E-03   0.14216688E-02   0.68612725E-09
 16.   73.   0.65335237E-04   0.14472397E-03   0.71083441E-03   0.68612725E-09
 16.   74.   0.14853429E-03  -0.56136300E-04  -0.71083434E-03   0.68612725E-09
 16.   75.   0.17378226E-03  -0.17378225E-03  -0.14216688E-02   0.68612725E-09
 16.   76.   0.56136312E-04  -0.14853429E-03  -0.71083443E-03   0.68612725E-09
 16.   77.  -0.14472396E-03  -0.65335243E-04   0.71083432E-03   0.68612725E-09
 16.   78.  -0.24576522E-03   0.00000000E+00   0.14216688E-02   0.68612725E-09
 17.    1.  -0.27222842E-07   0.00000000E+00   0.78545650E-08   0.64533781E-09
 17.    2.   0.75439143E-08   0.24434790E-07  -0.39213760E-08   0.64533781E-09
 17.    3.   0.22611694E-07  -0.11942275E-07  -0.39229150E-08   0.64533781E-09
 17.    4.  -0.19250046E-07  -0.19248470E-07   0.78503103E-08   0.64533781E-09
 17.    5.  -0.11943811E-07   0.22612896E-07  -0.39272168E-08   0.64533781E-09
 17.    6.   0.24433833E-07   0.75446953E-08  -0.39288154E-08   0.64533781E-09
 17.    7.  -0.57540046E-14  -0.27222237E-07   0.78459457E-08   0.64533781E-09
 17.    8.  -0.24433838E-07   0.75447148E-08  -0.39288563E-08   0.64533781E-09
 17.    9.   0.11943816E-07   0.22612937E-07  -0.39272548E-08   0.64533781E-09
 17.   10.   0.19250055E-07  -0.19248418E-07   0.78503348E-08   0.64533781E-09
 17.   11.  -0.22611660E-07  -0.11942240E-07  -0.39228005E-08   0.64533781E-09
 17.   12.  -0.75438983E-08   0.24434819E-07  -0.39211568E-08   0.64533781E-09
 17.   13.   0.27222840E-07   0.00000000E+00   0.78548220E-08   0.64533781E-09
 17.   14.  -0.31305647E-05   0.00000000E+00   0.69631395E-05   0.64533781E-09
 17.   15.   0.74797786E-06   0.32562972E-05  -0.34815624E-05   0.64533781E-09
 17.   16.   0.28314495E-05  -0.17736489E-05  -0.34815643E-05   0.64533781E-09
 17.   17.  -0.22136442E-05  -0.22136434E-05   0.69631343E-05   0.64533781E-09
 17.   18.  -0.17736501E-05   0.28314497E-05  -0.34815696E-05   0.64533781E-09
 17.   19.   0.32562963E-05   0.74797747E-06  -0.34815719E-05   0.64533781E-09
 17.   20.   0.10547642E-12  -0.31305655E-05   0.69631285E-05   0.64533781E-09
 17.   21.  -0.32562964E-05   0.74797720E-06  -0.34815716E-05   0.64533781E-09
 17.   22.   0.17736499E-05   0.28314498E-05  -0.34815704E-05   0.64533781E-09
 17.   23.   0.22136444E-05  -0.22136432E-05   0.69631340E-05   0.64533781E-09
 17.   24.  -0.28314493E-05  -0.17736491E-05  -0.34815639E-05   0.64533781E-09
 17.   25.  -0.74797807E-06   0.32562971E-05  -0.34815627E-05   0.64533781E-09
 17.   26.   0.31305647E-05   0.00000000E+00   0.69631398E-05   0.64533781E-09
 17.   27.  -0.37506290E-04   0.00000000E+00   0.14948043E-03   0.64533781E-09
 17.   28.   0.75671547E-05   0.44215587E-04  -0.74740219E-04   0.64533781E-09
 17.   29.   0.36615928E-04  -0.25914355E-04  -0.74740219E-04   0.64533781E-09
 17.   30.  -0.26520952E-04  -0.26520953E-04   0.14948044E-03   0.64533781E-09
 17.   31.  -0.25914356E-04   0.36615927E-04  -0.74740215E-04   0.64533781E-09
 17.   32.   0.44215587E-04   0.75671541E-05  -0.74740220E-04   0.64533781E-09
 17.   33.   0.17799349E-11  -0.37506292E-04   0.14948044E-03   0.64533781E-09
 17.   34.  -0.44215588E-04   0.75671514E-05  -0.74740209E-04   0.64533781E-09
 17.   35.   0.25914354E-04   0.36615928E-04  -0.74740225E-04   0.64533781E-09
 17.   36.   0.26520955E-04  -0.26520951E-04   0.14948044E-03   0.64533781E-09
 17.   37.  -0.36615927E-04  -0.25914358E-04  -0.74740208E-04   0.64533781E-09
 17.   38.  -0.75671574E-05   0.44215586E-04  -0.74740229E-04   0.64533781E-09
 17.   39.   0.37506290E-04   0.00000000E+00   0.14948043E-03   0.64533781E-09
 17.   40.  -0.12374530E-03   0.00000000E+00   0.85935193E-03   0.64533781E-09
 17.   41.   0.15021528E-04   0.18299644E-03  -0.42967597E-03   0.64533781E-09
 17.   42.   0.14001985E-03  -0.11877620E-03  -0.42967597E-03   0.64533781E-09
 17.   43.  -0.87501134E-04  -0.87501140E-04   0.85935193E-03   0.64533781E-09
 17.   44.  -0.11877620E-03   0.14001985E-03  -0.42967595E-03   0.64533781E-09
 17.   45.   0.18299644E-03   0.15021531E-04  -0.42967598E-03   0.64533781E-09
 17.   46.   0.76892564E-11  -0.12374529E-03   0.85935193E-03   0.64533781E-09
 17.   47.  -0.18299645E-03   0.15021523E-04  -0.42967592E-03   0.64533781E-09
 17.   48.   0.11877619E-03   0.14001985E-03  -0.42967601E-03   0.64533781E-09
 17.   49.   0.87501145E-04  -0.87501129E-04   0.85935193E-03   0.64533781E-09
 17.   50.  -0.14001985E-03  -0.11877621E-03  -0.42967591E-03   0.64533781E-09
 17.   51.  -0.15021537E-04   0.18299644E-03  -0.42967603E-03   0.64533781E-09
 17.   52.   0.12374530E-03   0.00000000E+00   0.85935193E-03   0.64533781E-09
 17.   53.  -0.23684495E-03   0.00000000E+00   0.23994624E-02   0.64533781E-09
 17.   54.   0.21096576E-04   0.37881581E-03  -0.11997312E-02   0.64533781E-09
 17.   55.   0.28278076E-03  -0.25294569E-03  -0.11997312E-02   0.64533781E-09
 17.   56.  -0.16747466E-03  -0.16747467E-03   0.23994624E-02   0.64533781E-09
 17.   57.  -0.25294570E-03   0.28278076E-03  -0.11997311E-02   0.64533781E-09
 17.   58.   0.37881580E-03   0.21096582E-04  -0.11997312E-02   0.64533781E-09
 17.   59.   0.16164822E-10  -0.23684495E-03   0.23994624E-02   0.64533781E-09
 17.   60.  -0.37881581E-03   0.21096565E-04  -0.11997311E-02   0.64533781E-09
 17.   61.   0.25294568E-03   0.28278076E-03  -0.11997313E-02   0.64533781E-09
 17.   62.   0.16747469E-03  -0.16747465E-03   0.23994624E-02   0.64533781E-09
 17.   63.  -0.28278075E-03  -0.25294571E-03  -0.11997310E-02   0.64533781E-09
 17.   64.  -0.21096593E-04   0.37881579E-03  -0.11997314E-02   0.64533781E-09
 17.   65.   0.23684495E-03   0.00000000E+00   0.23994624E-02   0.64533781E-09
 17.   66.   0.23684495E-03   0.00000000E+00   0.23994624E-02   0.64533781E-09
 17.   67.  -0.21096576E-04  -0.37881581E-03  -0.11997312E-02   0.64533781E-09
 17.   68.  -0.28278076E-03   0.25294569E-03  -0.11997312E-02   0.64533781E-09
 17.   69.   0.16747466E-03   0.16747467E-03   0.23994624E-02   0.64533781E-09
 17.   70.   0.25294570E-03  -0.28278076E-03  -0.11997311E-02   0.64533781E-09
 17.   71.  -0.37881580E-03  -0.21096582E-04  -0.11997312E-02   0.64533781E-09
 17.   72.  -0.16208696E-10   0.23684495E-03   0.23994624E-02   0.64533781E-09
 17.   73.   0.37881581E-03  -0.21096565E-04  -0.11997311E-02   0.64533781E-09
 17.   74.  -0.25294568E-03  -0.28278076E-03  -0.11997313E-02   0.64533781E-09
 17.   75.  -0.16747469E-03   0.16747465E-03   0.23994624E-02   0.64533781E-09
 17.   76.   0.28278075E-03   0.25294571E-03  -0.11997310E-02   0.64533781E-09
 17.   77.   0.21096593E-04  -0.37881579E-03  -0.11997314E-02   0.64533781E-09
 17.   78.  -0.23684495E-03   0.00000000E+00   0.23994624E-02   0.64533781E-09
 18.    1.   0.66599187E-04   0.00000000E+00  -0.91063485E-03   0.12898914E-08
 18.    2.   0.86584924E-04  -0.10029411E-03  -0.78863291E-03   0.12898914E-08
 18.    3.   0.13214344E-03  -0.16227996E-03  -0.45531742E-03   0.12898914E-08
 18.    4.   0.16869659E-03  -0.16869659E-03  -0.45600664E-11   0.12898914E-08
 18.    5.   0.16227996E-03  -0.13214344E-03   0.45531742E-03   0.12898914E-08
 18.    6.   0.10029411E-03  -0.86584925E-04   0.78863291E-03   0.12898914E-08
 18.    7.   0.21373465E-11  -0.66599187E-04   0.91063485E-03   0.12898914E-08
 18.    8.  -0.10029411E-03  -0.86584923E-04   0.78863292E-03   0.12898914E-08
 18.    9.  -0.16227996E-03  -0.13214343E-03   0.45531744E-03   0.12898914E-08
 18.   10.  -0.16869659E-03  -0.16869659E-03   0.14490959E-10   0.12898914E-08
 18.   11.  -0.13214344E-03  -0.16227996E-03  -0.45531741E-03   0.12898914E-08
 18.   12.  -0.86584926E-04  -0.10029412E-03  -0.78863290E-03   0.12898914E-08
 18.   13.  -0.66599187E-04   0.00000000E+00  -0.91063485E-03   0.12898914E-08
 18.   14.  -0.76834478E-04   0.00000000E+00  -0.11606245E-02   0.12898914E-08
 18.   15.  -0.45898765E-04  -0.85796653E-04  -0.10051303E-02   0.12898914E-08
 18.   16.   0.28212067E-04  -0.12569921E-03  -0.58031226E-03   0.12898914E-08
 18.   17.   0.10040029E-03  -0.10040029E-03  -0.55848372E-11   0.12898914E-08
 18.   18.   0.12569921E-03  -0.28212068E-04   0.58031225E-03   0.12898914E-08
 18.   19.   0.85796654E-04   0.45898764E-04   0.10051303E-02   0.12898914E-08
 18.   20.   0.18457198E-11   0.76834478E-04   0.11606245E-02   0.12898914E-08
 18.   21.  -0.85796651E-04   0.45898766E-04   0.10051303E-02   0.12898914E-08
 18.   22.  -0.12569921E-03  -0.28212065E-04   0.58031227E-03   0.12898914E-08
 18.   23.  -0.10040030E-03  -0.10040029E-03   0.18099351E-10   0.12898914E-08
 18.   24.  -0.28212070E-04  -0.12569921E-03  -0.58031224E-03   0.12898914E-08
 18.   25.   0.45898762E-04  -0.85796656E-04  -0.10051303E-02   0.12898914E-08
 18.   26.   0.76834478E-04   0.00000000E+00  -0.11606245E-02   0.12898914E-08
 18.   27.  -0.15865991E-03   0.00000000E+00   0.22268016E-03   0.12898914E-08
 18.   28.  -0.13498285E-03  -0.27123548E-04   0.19284667E-03   0.12898914E-08
 18.   29.  -0.76268042E-04  -0.26559783E-04   0.11134008E-03   0.12898914E-08
 18.   30.  -0.12355696E-04   0.12355694E-04   0.15738951E-11   0.12898914E-08
 18.   31.   0.26559783E-04   0.76268041E-04  -0.11134008E-03   0.12898914E-08
 18.   32.   0.27123549E-04   0.13498285E-03  -0.19284667E-03   0.12898914E-08
 18.   33.   0.65890593E-12   0.15865991E-03  -0.22268016E-03   0.12898914E-08
 18.   34.  -0.27123548E-04   0.13498285E-03  -0.19284668E-03   0.12898914E-08
 18.   35.  -0.26559783E-04   0.76268044E-04  -0.11134008E-03   0.12898914E-08
 18.   36.   0.12355693E-04   0.12355697E-04  -0.30225831E-11   0.12898914E-08
 18.   37.   0.76268039E-04  -0.26559782E-04   0.11134007E-03   0.12898914E-08
 18.   38.   0.13498285E-03  -0.27123549E-04   0.19284667E-03   0.12898914E-08
 18.   39.   0.15865991E-03   0.00000000E+00   0.22268016E-03   0.12898914E-08
 18.   40.   0.97751093E-04   0.00000000E+00   0.58512682E-03   0.12898914E-08
 18.   41.   0.77404734E-04   0.38203132E-04   0.50673469E-03   0.12898914E-08
 18.   42.   0.27719719E-04   0.49739131E-04   0.29256341E-03   0.12898914E-08
 18.   43.  -0.23854349E-04   0.23854349E-04   0.43924299E-11   0.12898914E-08
 18.   44.  -0.49739131E-04  -0.27719718E-04  -0.29256341E-03   0.12898914E-08
 18.   45.  -0.38203131E-04  -0.77404734E-04  -0.50673469E-03   0.12898914E-08
 18.   46.  -0.90252917E-12  -0.97751093E-04  -0.58512682E-03   0.12898914E-08
 18.   47.   0.38203130E-04  -0.77404735E-04  -0.50673470E-03   0.12898914E-08
 18.   48.   0.49739132E-04  -0.27719721E-04  -0.29256342E-03   0.12898914E-08
 18.   49.   0.23854350E-04   0.23854348E-04  -0.77003595E-11   0.12898914E-08
 18.   50.  -0.27719717E-04   0.49739131E-04   0.29256340E-03   0.12898914E-08
 18.   51.  -0.77404733E-04   0.38203133E-04   0.50673469E-03   0.12898914E-08
 18.   52.  -0.97751093E-04   0.00000000E+00   0.58512682E-03   0.12898914E-08
 18.   53.   0.19542659E-03   0.00000000E+00  -0.94830854E-03   0.12898914E-08
 18.   54.   0.16834292E-03   0.25645808E-04  -0.82125929E-03   0.12898914E-08
 18.   55.   0.10090209E-03   0.20659040E-04  -0.47415428E-03   0.12898914E-08
 18.   56.   0.26584960E-04  -0.26584959E-04   0.30791526E-12   0.12898914E-08
 18.   57.  -0.20659041E-04  -0.10090209E-03   0.47415427E-03   0.12898914E-08
 18.   58.  -0.25645807E-04  -0.16834292E-03   0.82125929E-03   0.12898914E-08
 18.   59.  -0.64983840E-12  -0.19542659E-03   0.94830855E-03   0.12898914E-08
 18.   60.   0.25645806E-04  -0.16834292E-03   0.82125930E-03   0.12898914E-08
 18.   61.   0.20659042E-04  -0.10090210E-03   0.47415428E-03   0.12898914E-08
 18.   62.  -0.26584957E-04  -0.26584962E-04   0.19675568E-10   0.12898914E-08
 18.   63.  -0.10090209E-03   0.20659039E-04  -0.47415426E-03   0.12898914E-08
 18.   64.  -0.16834291E-03   0.25645809E-04  -0.82125928E-03   0.12898914E-08
 18.   65.  -0.19542659E-03   0.00000000E+00  -0.94830854E-03   0.12898914E-08
 18.   66.  -0.19542659E-03   0.00000000E+00  -0.94830854E-03   0.12898914E-08
 18.   67.  -0.16834292E-03  -0.25645808E-04  -0.82125929E-03   0.12898914E-08
 18.   68.  -0.10090209E-03  -0.20659040E-04  -0.47415428E-03   0.12898914E-08
 18.   69.  -0.26584960E-04   0.26584959E-04   0.30816297E-12   0.12898914E-08
 18.   70.   0.20659041E-04   0.10090209E-03   0.47415427E-03   0.12898914E-08
 18.   71.   0.25645807E-04   0.16834292E-03   0.82125929E-03   0.12898914E-08
 18.   72.   0.56948480E-12   0.19542659E-03   0.94830855E-03   0.12898914E-08
 18.   73.  -0.25645806E-04   0.16834292E-03   0.82125930E-03   0.12898914E-08
 18.   74.  -0.20659042E-04   0.10090210E-03   0.47415428E-03   0.12898914E-08
 18.   75.   0.26584957E-04   0.26584962E-04   0.19654000E-10   0.12898914E-08
 18.   76.   0.10090209E-03  -0.20659039E-04  -0.47415426E-03   0.12898914E-08
 18.   77.   0.16834291E-03  -0.25645809E-04  -0.82125928E-03   0.12898914E-08
 18.   78.   0.19542659E-03   0.00000000E+00  -0.94830854E-03   0.12898914E-08
 19.    1.  -0.73322323E-05   0.00000000E+00   0.79880860E-05   0.45932472E-09
 19.    2.  -0.38532453E-05   0.70482748E-05   0.20674685E-05   0.45932472E-09
 19.    3.   0.34789870E-05   0.66740165E-05  -0.69178861E-05   0.45932472E-09
 19.    4.   0.77064905E-05  -0.37425822E-06  -0.56484305E-05   0.45932472E-09
 19.    5.   0.42275035E-05  -0.66740166E-05   0.39940428E-05   0.45932472E-09
 19.    6.  -0.38532452E-05  -0.62997585E-05   0.77158986E-05   0.45932472E-09
 19.    7.  -0.80807487E-05  -0.23649966E-12  -0.12473375E-12   0.45932472E-09
 19.    8.  -0.38532455E-05   0.62997581E-05  -0.77158992E-05   0.45932472E-09
 19.    9.   0.42275033E-05   0.66740166E-05  -0.39940438E-05   0.45932472E-09
 19.   10.   0.77064906E-05   0.37425842E-06   0.56484295E-05   0.45932472E-09
 19.   11.   0.34789873E-05  -0.66740164E-05   0.69178856E-05   0.45932472E-09
 19.   12.  -0.38532450E-05  -0.70482750E-05  -0.20674688E-05   0.45932472E-09
 19.   13.  -0.73322322E-05   0.00000000E+00  -0.79880867E-05   0.45932472E-09
 19.   14.  -0.62904329E-04   0.00000000E+00   0.27535623E-03   0.45932472E-09
 19.   15.  -0.36714301E-04   0.74115306E-04   0.71267437E-04   0.45932472E-09
 19.   16.   0.26190029E-04   0.63591034E-04  -0.23846549E-03   0.45932472E-09
 19.   17.   0.73428601E-04  -0.10524271E-04  -0.19470626E-03   0.45932472E-09
 19.   18.   0.47238573E-04  -0.63591034E-04   0.13767811E-03   0.45932472E-09
 19.   19.  -0.36714300E-04  -0.53066763E-04   0.26597370E-03   0.45932472E-09
 19.   20.  -0.83952873E-04  -0.12577655E-11   0.73205203E-11   0.45932472E-09
 19.   21.  -0.36714303E-04   0.53066761E-04  -0.26597369E-03   0.45932472E-09
 19.   22.   0.47238570E-04   0.63591035E-04  -0.13767812E-03   0.45932472E-09
 19.   23.   0.73428602E-04   0.10524274E-04   0.19470625E-03   0.45932472E-09
 19.   24.   0.26190031E-04  -0.63591032E-04   0.23846550E-03   0.45932472E-09
 19.   25.  -0.36714299E-04  -0.74115307E-04  -0.71267423E-04   0.45932472E-09
 19.   26.  -0.62904329E-04   0.00000000E+00  -0.27535623E-03   0.45932472E-09
 19.   27.  -0.53038075E-04   0.00000000E+00   0.96162140E-03   0.45932472E-09
 19.   28.  -0.60374393E-04   0.17228223E-03   0.24888593E-03   0.45932472E-09
 19.   29.  -0.73363187E-05   0.10457152E-03  -0.83278856E-03   0.45932472E-09
 19.   30.   0.12074879E-03  -0.67710711E-04  -0.67996902E-03   0.45932472E-09
 19.   31.   0.12808511E-03  -0.10457152E-03   0.48081069E-03   0.45932472E-09
 19.   32.  -0.60374391E-04  -0.36860806E-04   0.92885495E-03   0.45932472E-09
 19.   33.  -0.18845950E-03  -0.40241066E-12   0.25202197E-10   0.45932472E-09
 19.   34.  -0.60374400E-04   0.36860803E-04  -0.92885494E-03   0.45932472E-09
 19.   35.   0.12808510E-03   0.10457152E-03  -0.48081073E-03   0.45932472E-09
 19.   36.   0.12074879E-03   0.67710716E-04   0.67996899E-03   0.45932472E-09
 19.   37.  -0.73363145E-05  -0.10457151E-03   0.83278859E-03   0.45932472E-09
 19.   38.  -0.60374393E-04  -0.17228223E-03  -0.24888588E-03   0.45932472E-09
 19.   39.  -0.53038075E-04   0.00000000E+00  -0.96162140E-03   0.45932472E-09
 19.   40.   0.13958332E-03   0.00000000E+00   0.61038019E-03   0.45932472E-09
 19.   41.   0.12935471E-04   0.91307489E-04   0.15797802E-03   0.45932472E-09
 19.   42.  -0.12664785E-03  -0.22404893E-04  -0.52860475E-03   0.45932472E-09
 19.   43.  -0.25870944E-04  -0.11371238E-03  -0.43160398E-03   0.45932472E-09
 19.   44.   0.10077691E-03   0.22404891E-04   0.30519009E-03   0.45932472E-09
 19.   45.   0.12935473E-04   0.13611727E-03   0.58958199E-03   0.45932472E-09
 19.   46.  -0.87841440E-04   0.40683882E-11   0.15872761E-10   0.45932472E-09
 19.   47.   0.12935466E-04  -0.13611727E-03  -0.58958199E-03   0.45932472E-09
 19.   48.   0.10077691E-03  -0.22404899E-04  -0.30519012E-03   0.45932472E-09
 19.   49.  -0.25870937E-04   0.11371238E-03   0.43160396E-03   0.45932472E-09
 19.   50.  -0.12664785E-03   0.22404899E-04   0.52860477E-03   0.45932472E-09
 19.   51.   0.12935463E-04  -0.91307488E-04  -0.15797799E-03   0.45932472E-09
 19.   52.   0.13958332E-03   0.00000000E+00  -0.61038019E-03   0.45932472E-09
 19.   53.   0.20809737E-03   0.00000000E+00  -0.10911131E-02   0.45932472E-09
 19.   54.   0.79375929E-04  -0.88137624E-04  -0.28240085E-03   0.45932472E-09
 19.   55.  -0.12872145E-03  -0.13748314E-03   0.94493166E-03   0.45932472E-09
 19.   56.  -0.15875186E-03  -0.49345519E-04   0.77153348E-03   0.45932472E-09
 19.   57.  -0.30030413E-04   0.13748314E-03  -0.54555654E-03   0.45932472E-09
 19.   58.   0.79375928E-04   0.18682866E-03  -0.10539343E-02   0.45932472E-09
 19.   59.   0.10940634E-03   0.48027516E-11  -0.28347412E-10   0.45932472E-09
 19.   60.   0.79375931E-04  -0.18682866E-03   0.10539343E-02   0.45932472E-09
 19.   61.  -0.30030407E-04  -0.13748315E-03   0.54555659E-03   0.45932472E-09
 19.   62.  -0.15875186E-03   0.49345512E-04  -0.77153344E-03   0.45932472E-09
 19.   63.  -0.12872145E-03   0.13748314E-03  -0.94493169E-03   0.45932472E-09
 19.   64.   0.79375920E-04   0.88137627E-04   0.28240080E-03   0.45932472E-09
 19.   65.   0.20809737E-03   0.00000000E+00   0.10911131E-02   0.45932472E-09
 19.   66.  -0.20809737E-03   0.00000000E+00  -0.10911131E-02   0.45932472E-09
 19.   67.  -0.79375929E-04   0.88137624E-04  -0.28240085E-03   0.45932472E-09
 19.   68.   0.12872145E-03   0.13748314E-03   0.94493166E-03   0.45932472E-09
 19.   69.   0.15875186E-03   0.49345519E-04   0.77153348E-03   0.45932472E-09
 19.   70.   0.30030413E-04  -0.13748314E-03  -0.54555654E-03   0.45932472E-09
 19.   71.  -0.79375928E-04  -0.18682866E-03  -0.10539343E-02   0.45932472E-09
 19.   72.  -0.10940634E-03  -0.48609575E-11  -0.28346598E-10   0.45932472E-09
 19.   73.  -0.79375931E-04   0.18682866E-03   0.10539343E-02   0.45932472E-09
 19.   74.   0.30030407E-04   0.13748315E-03   0.54555659E-03   0.45932472E-09
 19.   75.   0.15875186E-03  -0.49345512E-04  -0.77153344E-03   0.45932472E-09
 19.   76.   0.12872145E-03  -0.13748314E-03  -0.94493169E-03   0.45932472E-09
 19.   77.  -0.79375920E-04  -0.88137627E-04   0.28240080E-03   0.45932472E-09
 19.   78.  -0.20809737E-03   0.00000000E+00   0.10911131E-02   0.45932472E-09
 20.    1.  -0.14651839E-03   0.00000000E+00  -0.77551823E-03   0.99956626E+00
 20.    2.  -0.14152590E-03  -0.37921750E-04  -0.77551823E-03   0.99956626E+00
 20.    3.  -0.12688865E-03  -0.73259194E-04  -0.77551823E-03   0.99956626E+00
 20.    4.  -0.10360415E-03  -0.10360415E-03  -0.77551823E-03   0.99956626E+00
 20.    5.  -0.73259195E-04  -0.12688865E-03  -0.77551823E-03   0.99956626E+00
 20.    6.  -0.37921750E-04  -0.14152590E-03  -0.77551823E-03   0.99956626E+00
 20.    7.  -0.73521632E-12  -0.14651839E-03  -0.77551823E-03   0.99956626E+00
 20.    8.   0.37921748E-04  -0.14152590E-03  -0.77551823E-03   0.99956626E+00
 20.    9.   0.73259194E-04  -0.12688865E-03  -0.77551823E-03   0.99956626E+00
 20.   10.   0.10360415E-03  -0.10360415E-03  -0.77551823E-03   0.99956626E+00
 20.   11.   0.12688865E-03  -0.73259196E-04  -0.77551823E-03   0.99956626E+00
 20.   12.   0.14152590E-03  -0.37921751E-04  -0.77551823E-03   0.99956626E+00
 20.   13.   0.14651839E-03   0.00000000E+00  -0.77551823E-03   0.99956626E+00
 20.   14.  -0.55261135E-04   0.00000000E+00   0.25066649E-03   0.99956626E+00
 20.   15.  -0.53378157E-04  -0.14302634E-04   0.25066649E-03   0.99956626E+00
 20.   16.  -0.47857547E-04  -0.27630567E-04   0.25066649E-03   0.99956626E+00
 20.   17.  -0.39075523E-04  -0.39075523E-04   0.25066649E-03   0.99956626E+00
 20.   18.  -0.27630568E-04  -0.47857547E-04   0.25066649E-03   0.99956626E+00
 20.   19.  -0.14302634E-04  -0.53378157E-04   0.25066649E-03   0.99956626E+00
 20.   20.  -0.22400024E-12  -0.55261135E-04   0.25066649E-03   0.99956626E+00
 20.   21.   0.14302634E-04  -0.53378158E-04   0.25066649E-03   0.99956626E+00
 20.   22.   0.27630567E-04  -0.47857547E-04   0.25066649E-03   0.99956626E+00
 20.   23.   0.39075523E-04  -0.39075524E-04   0.25066649E-03   0.99956626E+00
 20.   24.   0.47857546E-04  -0.27630568E-04   0.25066649E-03   0.99956626E+00
 20.   25.   0.53378157E-04  -0.14302635E-04   0.25066649E-03   0.99956626E+00
 20.   26.   0.55261135E-04   0.00000000E+00   0.25066649E-03   0.99956626E+00
 20.   27.   0.65503652E-04   0.00000000E+00   0.75068631E-04   0.99956626E+00
 20.   28.   0.63271669E-04   0.16953593E-04   0.75068631E-04   0.99956626E+00
 20.   29.   0.56727827E-04   0.32751826E-04   0.75068631E-04   0.99956626E+00
 20.   30.   0.46318077E-04   0.46318076E-04   0.75068631E-04   0.99956626E+00
 20.   31.   0.32751826E-04   0.56727826E-04   0.75068631E-04   0.99956626E+00
 20.   32.   0.16953593E-04   0.63271669E-04   0.75068631E-04   0.99956626E+00
 20.   33.   0.36169432E-12   0.65503652E-04   0.75068631E-04   0.99956626E+00
 20.   34.  -0.16953592E-04   0.63271669E-04   0.75068631E-04   0.99956626E+00
 20.   35.  -0.32751826E-04   0.56727827E-04   0.75068631E-04   0.99956626E+00
 20.   36.  -0.46318076E-04   0.46318077E-04   0.75068631E-04   0.99956626E+00
 20.   37.  -0.56727826E-04   0.32751827E-04   0.75068631E-04   0.99956626E+00
 20.   38.  -0.63271669E-04   0.16953593E-04   0.75068631E-04   0.99956626E+00
 20.   39.  -0.65503652E-04   0.00000000E+00   0.75068631E-04   0.99956626E+00
 20.   40.  -0.23067544E-04   0.00000000E+00  -0.22357962E-03   0.99956626E+00
 20.   41.  -0.22281537E-04  -0.59703198E-05  -0.22357962E-03   0.99956626E+00
 20.   42.  -0.19977079E-04  -0.11533772E-04  -0.22357962E-03   0.99956626E+00
 20.   43.  -0.16311217E-04  -0.16311217E-04  -0.22357962E-03   0.99956626E+00
 20.   44.  -0.11533772E-04  -0.19977079E-04  -0.22357962E-03   0.99956626E+00
 20.   45.  -0.59703199E-05  -0.22281537E-04  -0.22357962E-03   0.99956626E+00
 20.   46.  -0.10976828E-12  -0.23067544E-04  -0.22357962E-03   0.99956626E+00
 20.   47.   0.59703196E-05  -0.22281537E-04  -0.22357962E-03   0.99956626E+00
 20.   48.   0.11533772E-04  -0.19977080E-04  -0.22357962E-03   0.99956626E+00
 20.   49.   0.16311217E-04  -0.16311217E-04  -0.22357962E-03   0.99956626E+00
 20.   50.   0.19977079E-04  -0.11533772E-04  -0.22357962E-03   0.99956626E+00
 20.   51.   0.22281537E-04  -0.59703200E-05  -0.22357962E-03   0.99956626E+00
 20.   52.   0.23067544E-04   0.00000000E+00  -0.22357962E-03   0.99956626E+00
 20.   53.  -0.73700729E-04   0.00000000E+00   0.32284159E-03   0.99956626E+00
 20.   54.  -0.71189438E-04  -0.19075152E-04   0.32284159E-03   0.99956626E+00
 20.   55.  -0.63826704E-04  -0.36850365E-04   0.32284159E-03   0.99956626E+00
 20.   56.  -0.52114285E-04  -0.52114285E-04   0.32284159E-03   0.99956626E+00
 20.   57.  -0.36850365E-04  -0.63826704E-04   0.32284159E-03   0.99956626E+00
 20.   58.  -0.19075153E-04  -0.71189438E-04   0.32284159E-03   0.99956626E+00
 20.   59.  -0.35420546E-12  -0.73700729E-04   0.32284159E-03   0.99956626E+00
 20.   60.   0.19075152E-04  -0.71189438E-04   0.32284159E-03   0.99956626E+00
 20.   61.   0.36850364E-04  -0.63826704E-04   0.32284159E-03   0.99956626E+00
 20.   62.   0.52114285E-04  -0.52114286E-04   0.32284159E-03   0.99956626E+00
 20.   63.   0.63826703E-04  -0.36850365E-04   0.32284159E-03   0.99956626E+00
 20.   64.   0.71189438E-04  -0.19075153E-04   0.32284159E-03   0.99956626E+00
 20.   65.   0.73700729E-04   0.00000000E+00   0.32284159E-03   0.99956626E+00
 20.   66.   0.73700729E-04   0.00000000E+00   0.32284159E-03   0.99956626E+00
 20.   67.   0.71189438E-04   0.19075152E-04   0.32284159E-03   0.99956626E+00
 20.   68.   0.63826704E-04   0.36850365E-04   0.32284159E-03   0.99956626E+00
 20.   69.   0.52114285E-04   0.52114285E-04   0.32284159E-03   0.99956626E+00
 20.   70.   0.36850365E-04   0.63826704E-04   0.32284159E-03   0.99956626E+00
 20.   71.   0.19075153E-04   0.71189438E-04   0.32284159E-03   0.99956626E+00
 20.   72.   0.35606169E-12   0.73700729E-04   0.32284159E-03   0.99956626E+00
 20.   73.  -0.19075152E-04   0.71189438E-04   0.32284159E-03   0.99956626E+00
 20.   74.  -0.36850364E-04   0.63826704E-04   0.32284159E-03   0.99956626E+00
 20.   75.  -0.52114285E-04   0.52114286E-04   0.32284159E-03   0.99956626E+00
 20.   76.  -0.63826703E-04   0.36850365E-04   0.32284159E-03   0.99956626E+00
 20.   77.  -0.71189438E-04   0.19075153E-04   0.32284159E-03   0.99956626E+00
 20.   78.  -0.73700729E-04   0.00000000E+00   0.32284159E-03   0.99956626E+00
 21.    1.  -0.58049871E-08   0.00000000E+00   0.11020772E-08   0.76425960E-09
 21.    2.   0.30050879E-08   0.46433746E-08  -0.77995705E-09   0.76425960E-09
 21.    3.   0.26213184E-08  -0.45405082E-08  -0.55759013E-12   0.76425960E-09
 21.    4.  -0.55239824E-08  -0.28096491E-09   0.77884718E-09   0.76425960E-09
 21.    5.   0.29023801E-08   0.50270758E-08  -0.11032024E-08   0.76425960E-09
 21.    6.   0.25186639E-08  -0.49243835E-08   0.77882076E-09   0.76425960E-09
 21.    7.  -0.52428670E-08  -0.98251766E-13  -0.61553439E-12   0.76425960E-09
 21.    8.   0.25187193E-08   0.49241740E-08  -0.78007130E-09   0.76425960E-09
 21.    9.   0.29024919E-08  -0.50272762E-08   0.11019220E-08   0.76425960E-09
 21.   10.  -0.55238110E-08   0.28079110E-09  -0.78013226E-09   0.76425960E-09
 21.   11.   0.26215558E-08   0.45403884E-08  -0.71247387E-12   0.76425960E-09
 21.   12.   0.30053566E-08  -0.46434156E-08   0.77872068E-09   0.76425960E-09
 21.   13.  -0.58047284E-08   0.00000000E+00  -0.11032965E-08   0.76425960E-09
 21.   14.  -0.13920713E-05   0.00000000E+00   0.27653623E-05   0.76425960E-09
 21.   15.   0.67325038E-06   0.12906047E-05  -0.19554053E-05   0.76425960E-09
 21.   16.   0.75828590E-06  -0.13133898E-05   0.25686181E-12   0.76425960E-09
 21.   17.  -0.14543217E-05   0.62250335E-07   0.19554058E-05   0.76425960E-09
 21.   18.   0.69603560E-06   0.12055691E-05  -0.27653619E-05   0.76425960E-09
 21.   19.   0.78107127E-06  -0.12283543E-05   0.19554056E-05   0.76425960E-09
 21.   20.  -0.15165719E-05  -0.86030138E-13   0.27012874E-12   0.76425960E-09
 21.   21.   0.78107120E-06   0.12283543E-05  -0.19554055E-05   0.76425960E-09
 21.   22.   0.69603577E-06  -0.12055691E-05   0.27653623E-05   0.76425960E-09
 21.   23.  -0.14543216E-05  -0.62250519E-07  -0.19554052E-05   0.76425960E-09
 21.   24.   0.75828590E-06   0.13133898E-05  -0.25738067E-13   0.76425960E-09
 21.   25.   0.67325057E-06  -0.12906046E-05   0.19554060E-05   0.76425960E-09
 21.   26.  -0.13920712E-05   0.00000000E+00  -0.27653617E-05   0.76425960E-09
 21.   27.  -0.24310280E-04   0.00000000E+00   0.86740791E-04   0.76425960E-09
 21.   28.   0.11005715E-04   0.25343034E-04  -0.61335002E-04   0.76425960E-09
 21.   29.   0.15295428E-04  -0.26492459E-04  -0.20910430E-12   0.76425960E-09
 21.   30.  -0.27450568E-04   0.31402879E-05   0.61335003E-04   0.76425960E-09
 21.   31.   0.12155139E-04   0.21053320E-04  -0.86740791E-04   0.76425960E-09
 21.   32.   0.16444854E-04  -0.22202745E-04   0.61335000E-04   0.76425960E-09
 21.   33.  -0.30590857E-04  -0.93690943E-12   0.41134804E-11   0.76425960E-09
 21.   34.   0.16444852E-04   0.22202746E-04  -0.61335006E-04   0.76425960E-09
 21.   35.   0.12155142E-04  -0.21053319E-04   0.86740791E-04   0.76425960E-09
 21.   36.  -0.27450569E-04  -0.31402901E-05  -0.61334997E-04   0.76425960E-09
 21.   37.   0.15295427E-04   0.26492460E-04  -0.78468822E-11   0.76425960E-09
 21.   38.   0.11005716E-04  -0.25343032E-04   0.61335007E-04   0.76425960E-09
 21.   39.  -0.24310280E-04   0.00000000E+00  -0.86740791E-04   0.76425960E-09
 21.   40.  -0.96999933E-04   0.00000000E+00   0.61155963E-03   0.76425960E-09
 21.   41.   0.37122648E-04   0.12646513E-03  -0.43243796E-03   0.76425960E-09
 21.   42.   0.79583377E-04  -0.13784245E-03  -0.21556675E-11   0.76425960E-09
 21.   43.  -0.12808334E-03   0.31083408E-04   0.43243797E-03   0.76425960E-09
 21.   44.   0.48499963E-04   0.84004408E-04  -0.61155963E-03   0.76425960E-09
 21.   45.   0.90960697E-04  -0.95381723E-04   0.43243795E-03   0.76425960E-09
 21.   46.  -0.15916675E-03  -0.37277584E-11   0.28609024E-10   0.76425960E-09
 21.   47.   0.90960686E-04   0.95381726E-04  -0.43243799E-03   0.76425960E-09
 21.   48.   0.48499975E-04  -0.84004401E-04   0.61155963E-03   0.76425960E-09
 21.   49.  -0.12808335E-03  -0.31083419E-04  -0.43243793E-03   0.76425960E-09
 21.   50.   0.79583371E-04   0.13784246E-03  -0.55632692E-10   0.76425960E-09
 21.   51.   0.37122656E-04  -0.12646513E-03   0.43243800E-03   0.76425960E-09
 21.   52.  -0.96999933E-04   0.00000000E+00  -0.61155963E-03   0.76425960E-09
 21.   53.  -0.20214380E-03   0.00000000E+00   0.18753468E-02   0.76425960E-09
 21.   54.   0.71785888E-04   0.28435854E-03  -0.13260704E-02   0.76425960E-09
 21.   55.   0.18108277E-03  -0.31364455E-03  -0.58507199E-11   0.76425960E-09
 21.   56.  -0.28215466E-03   0.80010862E-04   0.13260704E-02   0.76425960E-09
 21.   57.   0.10107189E-03   0.17506167E-03  -0.18753468E-02   0.76425960E-09
 21.   58.   0.21036878E-03  -0.20434767E-03   0.13260704E-02   0.76425960E-09
 21.   59.  -0.36216553E-03  -0.76277554E-11   0.88339936E-10   0.76425960E-09
 21.   60.   0.21036876E-03   0.20434768E-03  -0.13260705E-02   0.76425960E-09
 21.   61.   0.10107192E-03  -0.17506165E-03   0.18753468E-02   0.76425960E-09
 21.   62.  -0.28215467E-03  -0.80010886E-04  -0.13260703E-02   0.76425960E-09
 21.   63.   0.18108275E-03   0.31364456E-03  -0.16958733E-09   0.76425960E-09
 21.   64.   0.71785904E-04  -0.28435852E-03   0.13260705E-02   0.76425960E-09
 21.   65.  -0.20214379E-03   0.00000000E+00  -0.18753468E-02   0.76425960E-09
 21.   66.   0.20214380E-03   0.00000000E+00   0.18753468E-02   0.76425960E-09
 21.   67.  -0.71785888E-04  -0.28435854E-03  -0.13260704E-02   0.76425960E-09
 21.   68.  -0.18108277E-03   0.31364455E-03  -0.58426717E-11   0.76425960E-09
 21.   69.   0.28215466E-03  -0.80010862E-04   0.13260704E-02   0.76425960E-09
 21.   70.  -0.10107189E-03  -0.17506167E-03  -0.18753468E-02   0.76425960E-09
 21.   71.  -0.21036878E-03   0.20434767E-03   0.13260704E-02   0.76425960E-09
 21.   72.   0.36216553E-03   0.76731859E-11   0.88336643E-10   0.76425960E-09
 21.   73.  -0.21036876E-03  -0.20434768E-03  -0.13260705E-02   0.76425960E-09
 21.   74.  -0.10107192E-03   0.17506165E-03   0.18753468E-02   0.76425960E-09
 21.   75.   0.28215467E-03   0.80010886E-04  -0.13260703E-02   0.76425960E-09
 21.   76.  -0.18108275E-03  -0.31364456E-03  -0.16959153E-09   0.76425960E-09
 21.   77.  -0.71785904E-04   0.28435852E-03   0.13260705E-02   0.76425960E-09
 21.   78.   0.20214379E-03   0.00000000E+00  -0.18753468E-02   0.76425960E-09
 22.    1.  -0.21219771E-01   0.00000000E+00  -0.10017601E-02  -0.51668248E-09
 22.    2.  -0.20446651E-01   0.53052014E-02  -0.86754972E-03  -0.51668248E-09
 22.    3.  -0.18209309E-01   0.10319678E-01  -0.50088007E-03  -0.51668248E-09
 22.    4.  -0.14731034E-01   0.14731033E-01  -0.78856622E-11  -0.51668248E-09
 22.    5.  -0.10319678E-01   0.18209309E-01   0.50088006E-03  -0.51668248E-09
 22.    6.  -0.53052015E-02   0.20446651E-01   0.86754971E-03  -0.51668248E-09
 22.    7.  -0.10633398E-09   0.21219771E-01   0.10017601E-02  -0.51668248E-09
 22.    8.   0.53052013E-02   0.20446651E-01   0.86754973E-03  -0.51668248E-09
 22.    9.   0.10319678E-01   0.18209309E-01   0.50088008E-03  -0.51668248E-09
 22.   10.   0.14731033E-01   0.14731034E-01   0.17307291E-10  -0.51668248E-09
 22.   11.   0.18209309E-01   0.10319678E-01  -0.50088005E-03  -0.51668248E-09
 22.   12.   0.20446651E-01   0.53052016E-02  -0.86754971E-03  -0.51668248E-09
 22.   13.   0.21219771E-01   0.00000000E+00  -0.10017601E-02  -0.51668248E-09
 22.   14.  -0.23220709E-01   0.00000000E+00  -0.17895340E-03  -0.51668248E-09
 22.   15.  -0.21586098E-01   0.28624083E-02  -0.15497819E-03  -0.51668248E-09
 22.   16.  -0.17287705E-01   0.67224740E-02  -0.89476699E-04  -0.51668248E-09
 22.   17.  -0.11811183E-01   0.11811183E-01  -0.28573317E-11  -0.51668248E-09
 22.   18.  -0.67224740E-02   0.17287705E-01   0.89476696E-04  -0.51668248E-09
 22.   19.  -0.28624084E-02   0.21586098E-01   0.15497819E-03  -0.51668248E-09
 22.   20.  -0.52998244E-10   0.23220709E-01   0.17895340E-03  -0.51668248E-09
 22.   21.   0.28624083E-02   0.21586098E-01   0.15497819E-03  -0.51668248E-09
 22.   22.   0.67224738E-02   0.17287705E-01   0.89476703E-04  -0.51668248E-09
 22.   23.   0.11811183E-01   0.11811183E-01   0.47254759E-11  -0.51668248E-09
 22.   24.   0.17287705E-01   0.67224741E-02  -0.89476696E-04  -0.51668248E-09
 22.   25.   0.21586098E-01   0.28624085E-02  -0.15497819E-03  -0.51668248E-09
 22.   26.   0.23220709E-01   0.00000000E+00  -0.17895340E-03  -0.51668248E-09
 22.   27.  -0.25858712E-01   0.00000000E+00  -0.28981944E-04  -0.51668248E-09
 22.   28.  -0.23848372E-01   0.24783990E-02  -0.25099101E-04  -0.51668248E-09
 22.   29.  -0.18615838E-01   0.63848656E-02  -0.14490974E-04  -0.51668248E-09
 22.   30.  -0.12114666E-01   0.12114666E-01  -0.20160258E-11  -0.51668248E-09
 22.   31.  -0.63848657E-02   0.18615838E-01   0.14490973E-04  -0.51668248E-09
 22.   32.  -0.24783990E-02   0.23848372E-01   0.25099104E-04  -0.51668248E-09
 22.   33.  -0.44278604E-10   0.25858712E-01   0.28981948E-04  -0.51668248E-09
 22.   34.   0.24783989E-02   0.23848372E-01   0.25099101E-04  -0.51668248E-09
 22.   35.   0.63848655E-02   0.18615838E-01   0.14490973E-04  -0.51668248E-09
 22.   36.   0.12114666E-01   0.12114666E-01   0.19353683E-11  -0.51668248E-09
 22.   37.   0.18615838E-01   0.63848658E-02  -0.14490971E-04  -0.51668248E-09
 22.   38.   0.23848372E-01   0.24783991E-02  -0.25099103E-04  -0.51668248E-09
 22.   39.   0.25858712E-01   0.00000000E+00  -0.28981950E-04  -0.51668248E-09
 22.   40.  -0.27650115E-01   0.00000000E+00   0.56276278E-04  -0.51668248E-09
 22.   41.  -0.24903542E-01   0.42219665E-03   0.48736686E-04  -0.51668248E-09
 22.   42.  -0.17908002E-01   0.33674537E-02   0.28138138E-04  -0.51668248E-09
 22.   43.  -0.96920606E-02   0.96920604E-02  -0.38539805E-12  -0.51668248E-09
 22.   44.  -0.33674538E-02   0.17908002E-01  -0.28138138E-04  -0.51668248E-09
 22.   45.  -0.42219666E-03   0.24903542E-01  -0.48736685E-04  -0.51668248E-09
 22.   46.   0.93446530E-12   0.27650115E-01  -0.56276277E-04  -0.51668248E-09
 22.   47.   0.42219661E-03   0.24903543E-01  -0.48736689E-04  -0.51668248E-09
 22.   48.   0.33674536E-02   0.17908002E-01  -0.28138142E-04  -0.51668248E-09
 22.   49.   0.96920603E-02   0.96920607E-02   0.22503951E-13  -0.51668248E-09
 22.   50.   0.17908002E-01   0.33674539E-02   0.28138140E-04  -0.51668248E-09
 22.   51.   0.24903542E-01   0.42219670E-03   0.48736687E-04  -0.51668248E-09
 22.   52.   0.27650115E-01   0.00000000E+00   0.56276278E-04  -0.51668248E-09
 22.   53.  -0.27643090E-01   0.00000000E+00   0.13601266E-03  -0.51668248E-09
 22.   54.  -0.23849900E-01  -0.34865418E-02   0.11779042E-03  -0.51668248E-09
 22.   55.  -0.14399069E-01  -0.27031710E-02   0.68006332E-04  -0.51668248E-09
 22.   56.  -0.39669647E-02   0.39669645E-02   0.32978321E-11  -0.51668248E-09
 22.   57.   0.27031710E-02   0.14399069E-01  -0.68006333E-04  -0.51668248E-09
 22.   58.   0.34865418E-02   0.23849900E-01  -0.11779043E-03  -0.51668248E-09
 22.   59.   0.86122776E-10   0.27643090E-01  -0.13601266E-03  -0.51668248E-09
 22.   60.  -0.34865418E-02   0.23849900E-01  -0.11779042E-03  -0.51668248E-09
 22.   61.  -0.27031711E-02   0.14399069E-01  -0.68006333E-04  -0.51668248E-09
 22.   62.   0.39669643E-02   0.39669649E-02  -0.10520061E-11  -0.51668248E-09
 22.   63.   0.14399068E-01  -0.27031709E-02   0.68006325E-04  -0.51668248E-09
 22.   64.   0.23849900E-01  -0.34865419E-02   0.11779042E-03  -0.51668248E-09
 22.   65.   0.27643090E-01   0.00000000E+00   0.13601267E-03  -0.51668248E-09
 22.   66.  -0.27643090E-01   0.00000000E+00  -0.13601266E-03  -0.51668248E-09
 22.   67.  -0.23849900E-01  -0.34865418E-02  -0.11779042E-03  -0.51668248E-09
 22.   68.  -0.14399069E-01  -0.27031710E-02  -0.68006331E-04  -0.51668248E-09
 22.   69.  -0.39669647E-02   0.39669645E-02   0.18839590E-11  -0.51668248E-09
 22.   70.   0.27031710E-02   0.14399069E-01   0.68006329E-04  -0.51668248E-09
 22.   71.   0.34865418E-02   0.23849900E-01   0.11779042E-03  -0.51668248E-09
 22.   72.   0.85472109E-10   0.27643090E-01   0.13601266E-03  -0.51668248E-09
 22.   73.  -0.34865418E-02   0.23849900E-01   0.11779043E-03  -0.51668248E-09
 22.   74.  -0.27031711E-02   0.14399069E-01   0.68006334E-04  -0.51668248E-09
 22.   75.   0.39669643E-02   0.39669649E-02   0.32505004E-11  -0.51668248E-09
 22.   76.   0.14399068E-01  -0.27031709E-02  -0.68006333E-04  -0.51668248E-09
 22.   77.   0.23849900E-01  -0.34865419E-02  -0.11779042E-03  -0.51668248E-09
 22.   78.   0.27643090E-01   0.00000000E+00  -0.13601266E-03  -0.51668248E-09
 23.    1.   0.66110167E-04   0.00000000E+00  -0.28567850E-03   0.18249368E-08
 23.    2.   0.67819367E-04  -0.72488987E-04  -0.20200520E-03   0.18249368E-08
 23.    3.   0.61922704E-04  -0.10725327E-03   0.88665011E-12   0.18249368E-08
 23.    4.   0.28867621E-04  -0.94977788E-04   0.20200520E-03   0.18249368E-08
 23.    5.  -0.33055083E-04  -0.57253084E-04   0.28567850E-03   0.18249368E-08
 23.    6.  -0.96686987E-04  -0.22488801E-04   0.20200520E-03   0.18249368E-08
 23.    7.  -0.12384541E-03  -0.52580314E-12   0.36648264E-11   0.18249368E-08
 23.    8.  -0.96686989E-04   0.22488800E-04  -0.20200520E-03   0.18249368E-08
 23.    9.  -0.33055086E-04   0.57253083E-04  -0.28567850E-03   0.18249368E-08
 23.   10.   0.28867619E-04   0.94977787E-04  -0.20200521E-03   0.18249368E-08
 23.   11.   0.61922704E-04   0.10725327E-03  -0.10410865E-10   0.18249368E-08
 23.   12.   0.67819367E-04   0.72488989E-04   0.20200519E-03   0.18249368E-08
 23.   13.   0.66110168E-04   0.00000000E+00   0.28567849E-03   0.18249368E-08
 23.   14.   0.16393633E-04   0.00000000E+00  -0.91919247E-03   0.18249368E-08
 23.   15.   0.41881981E-04  -0.11151744E-03  -0.64996723E-03   0.18249368E-08
 23.   16.   0.83832764E-04  -0.14520261E-03  -0.12232680E-11   0.18249368E-08
 23.   17.   0.75635948E-04  -0.92029581E-04   0.64996723E-03   0.18249368E-08
 23.   18.  -0.81968154E-05  -0.14197303E-04   0.91919247E-03   0.18249368E-08
 23.   19.  -0.11751793E-03   0.19487862E-04   0.64996724E-03   0.18249368E-08
 23.   20.  -0.16766553E-03   0.53100699E-12   0.14456839E-10   0.18249368E-08
 23.   21.  -0.11751793E-03  -0.19487862E-04  -0.64996721E-03   0.18249368E-08
 23.   22.  -0.81968197E-05   0.14197301E-04  -0.91919247E-03   0.18249368E-08
 23.   23.   0.75635946E-04   0.92029578E-04  -0.64996725E-03   0.18249368E-08
 23.   24.   0.83832765E-04   0.14520261E-03  -0.27236243E-10   0.18249368E-08
 23.   25.   0.41881983E-04   0.11151744E-03   0.64996721E-03   0.18249368E-08
 23.   26.   0.16393633E-04   0.00000000E+00   0.91919247E-03   0.18249368E-08
 23.   27.  -0.15149953E-03   0.00000000E+00  -0.11996303E-03   0.18249368E-08
 23.   28.  -0.10089630E-03  -0.37354294E-04  -0.84826673E-04   0.18249368E-08
 23.   29.   0.70481517E-05  -0.12207757E-04  -0.36133073E-13   0.18249368E-08
 23.   30.   0.82797919E-04   0.68701615E-04   0.84826672E-04   0.18249368E-08
 23.   31.   0.75749768E-04   0.13120245E-03   0.11996303E-03   0.18249368E-08
 23.   32.   0.18098385E-04   0.10605591E-03   0.84826674E-04   0.18249368E-08
 23.   33.  -0.14096304E-04   0.26029553E-11   0.19243560E-11   0.18249368E-08
 23.   34.   0.18098383E-04  -0.10605591E-03  -0.84826671E-04   0.18249368E-08
 23.   35.   0.75749766E-04  -0.13120245E-03  -0.11996303E-03   0.18249368E-08
 23.   36.   0.82797920E-04  -0.68701618E-04  -0.84826675E-04   0.18249368E-08
 23.   37.   0.70481559E-05   0.12207755E-04  -0.33418654E-11   0.18249368E-08
 23.   38.  -0.10089630E-03   0.37354295E-04   0.84826671E-04   0.18249368E-08
 23.   39.  -0.15149954E-03   0.00000000E+00   0.11996303E-03   0.18249368E-08
 23.   40.   0.55930379E-04   0.00000000E+00   0.53327446E-03   0.18249368E-08
 23.   41.   0.29801247E-04   0.41584868E-04   0.37708199E-03   0.18249368E-08
 23.   42.  -0.22948986E-04   0.39748810E-04   0.73522065E-12   0.18249368E-08
 23.   43.  -0.50914175E-04  -0.50162028E-05  -0.37708198E-03   0.18249368E-08
 23.   44.  -0.27965190E-04  -0.48437128E-04  -0.53327446E-03   0.18249368E-08
 23.   45.   0.21112928E-04  -0.46601071E-04  -0.37708199E-03   0.18249368E-08
 23.   46.   0.45897972E-04  -0.11757323E-11  -0.88420804E-11   0.18249368E-08
 23.   47.   0.21112930E-04   0.46601070E-04   0.37708198E-03   0.18249368E-08
 23.   48.  -0.27965188E-04   0.48437130E-04   0.53327446E-03   0.18249368E-08
 23.   49.  -0.50914175E-04   0.50162049E-05   0.37708199E-03   0.18249368E-08
 23.   50.  -0.22948988E-04  -0.39748809E-04   0.15208773E-10   0.18249368E-08
 23.   51.   0.29801245E-04  -0.41584869E-04  -0.37708197E-03   0.18249368E-08
 23.   52.   0.55930379E-04   0.00000000E+00  -0.53327446E-03   0.18249368E-08
 23.   53.   0.17471282E-03   0.00000000E+00  -0.74903713E-03   0.18249368E-08
 23.   54.   0.12726492E-03   0.23651486E-05  -0.52964923E-03   0.18249368E-08
 23.   55.   0.21675671E-04  -0.37543362E-04  -0.63244813E-12   0.18249368E-08
 23.   56.  -0.65680737E-04  -0.10903208E-03   0.52964923E-03   0.18249368E-08
 23.   57.  -0.87356408E-04  -0.15130574E-03   0.74903713E-03   0.18249368E-08
 23.   58.  -0.61584181E-04  -0.11139723E-03   0.52964924E-03   0.18249368E-08
 23.   59.  -0.43351341E-04  -0.27160032E-11   0.11476833E-10   0.18249368E-08
 23.   60.  -0.61584179E-04   0.11139722E-03  -0.52964922E-03   0.18249368E-08
 23.   61.  -0.87356408E-04   0.15130574E-03  -0.74903713E-03   0.18249368E-08
 23.   62.  -0.65680740E-04   0.10903208E-03  -0.52964924E-03   0.18249368E-08
 23.   63.   0.21675666E-04   0.37543364E-04  -0.20725340E-10   0.18249368E-08
 23.   64.   0.12726492E-03  -0.23651479E-05   0.52964922E-03   0.18249368E-08
 23.   65.   0.17471282E-03   0.00000000E+00   0.74903713E-03   0.18249368E-08
 23.   66.  -0.17471282E-03   0.00000000E+00  -0.74903713E-03   0.18249368E-08
 23.   67.  -0.12726492E-03  -0.23651484E-05  -0.52964923E-03   0.18249368E-08
 23.   68.  -0.21675671E-04   0.37543362E-04  -0.69357071E-12   0.18249368E-08
 23.   69.   0.65680738E-04   0.10903208E-03   0.52964923E-03   0.18249368E-08
 23.   70.   0.87356408E-04   0.15130574E-03   0.74903713E-03   0.18249368E-08
 23.   71.   0.61584181E-04   0.11139723E-03   0.52964924E-03   0.18249368E-08
 23.   72.   0.43351340E-04   0.23333577E-11   0.11475979E-10   0.18249368E-08
 23.   73.   0.61584180E-04  -0.11139722E-03  -0.52964922E-03   0.18249368E-08
 23.   74.   0.87356408E-04  -0.15130574E-03  -0.74903713E-03   0.18249368E-08
 23.   75.   0.65680740E-04  -0.10903208E-03  -0.52964924E-03   0.18249368E-08
 23.   76.  -0.21675667E-04  -0.37543365E-04  -0.20700590E-10   0.18249368E-08
 23.   77.  -0.12726492E-03   0.23651476E-05   0.52964922E-03   0.18249368E-08
 23.   78.  -0.17471282E-03   0.00000000E+00   0.74903713E-03   0.18249368E-08
 24.    1.   0.28041997E-03   0.00000000E+00   0.19832738E-02  -0.12005002E-09
 24.    2.   0.24703949E-03   0.12457764E-03   0.19156954E-02  -0.12005002E-09
 24.    3.   0.15584233E-03   0.21577480E-03   0.17175655E-02  -0.12005002E-09
 24.    4.   0.31264688E-04   0.24915528E-03   0.14023864E-02  -0.12005002E-09
 24.    5.  -0.93312953E-04   0.21577480E-03   0.99163690E-03  -0.12005002E-09
 24.    6.  -0.18451012E-03   0.12457764E-03   0.51330904E-03  -0.12005002E-09
 24.    7.  -0.21789059E-03   0.26574477E-11   0.10522494E-10  -0.12005002E-09
 24.    8.  -0.18451012E-03  -0.12457764E-03  -0.51330902E-03  -0.12005002E-09
 24.    9.  -0.93312957E-04  -0.21577480E-03  -0.99163689E-03  -0.12005002E-09
 24.   10.   0.31264683E-04  -0.24915528E-03  -0.14023863E-02  -0.12005002E-09
 24.   11.   0.15584232E-03  -0.21577481E-03  -0.17175655E-02  -0.12005002E-09
 24.   12.   0.24703949E-03  -0.12457765E-03  -0.19156954E-02  -0.12005002E-09
 24.   13.   0.28041997E-03   0.00000000E+00  -0.19832738E-02  -0.12005002E-09
 24.   14.   0.19057249E-03   0.00000000E+00  -0.34963527E-03  -0.12005002E-09
 24.   15.   0.17922217E-03   0.42359970E-04  -0.33772174E-03  -0.12005002E-09
 24.   16.   0.14821252E-03   0.73369620E-04  -0.30279303E-03  -0.12005002E-09
 24.   17.   0.10585255E-03   0.84719940E-04  -0.24722947E-03  -0.12005002E-09
 24.   18.   0.63492581E-04   0.73369620E-04  -0.17481764E-03  -0.12005002E-09
 24.   19.   0.32482931E-04   0.42359970E-04  -0.90492269E-04  -0.12005002E-09
 24.   20.   0.21132611E-04   0.91817311E-12  -0.18510363E-11  -0.12005002E-09
 24.   21.   0.32482930E-04  -0.42359969E-04   0.90492266E-04  -0.12005002E-09
 24.   22.   0.63492580E-04  -0.73369619E-04   0.17481764E-03  -0.12005002E-09
 24.   23.   0.10585255E-03  -0.84719940E-04   0.24722947E-03  -0.12005002E-09
 24.   24.   0.14821252E-03  -0.73369621E-04   0.30279303E-03  -0.12005002E-09
 24.   25.   0.17922217E-03  -0.42359971E-04   0.33772174E-03  -0.12005002E-09
 24.   26.   0.19057249E-03   0.00000000E+00   0.34963527E-03  -0.12005002E-09
 24.   27.  -0.15287126E-03   0.00000000E+00  -0.35825377E-03  -0.12005002E-09
 24.   28.  -0.14169258E-03  -0.41719420E-04  -0.34604657E-03  -0.12005002E-09
 24.   29.  -0.11115184E-03  -0.72260155E-04  -0.31025687E-03  -0.12005002E-09
 24.   30.  -0.69432424E-04  -0.83438840E-04  -0.25332367E-03  -0.12005002E-09
 24.   31.  -0.27713003E-04  -0.72260156E-04  -0.17912689E-03  -0.12005002E-09
 24.   32.   0.28277319E-05  -0.41719421E-04  -0.92722900E-04  -0.12005002E-09
 24.   33.   0.14006417E-04  -0.90124907E-12  -0.18703082E-11  -0.12005002E-09
 24.   34.   0.28277328E-05   0.41719419E-04   0.92722896E-04  -0.12005002E-09
 24.   35.  -0.27713002E-04   0.72260155E-04   0.17912688E-03  -0.12005002E-09
 24.   36.  -0.69432422E-04   0.83438840E-04   0.25332367E-03  -0.12005002E-09
 24.   37.  -0.11115184E-03   0.72260156E-04   0.31025686E-03  -0.12005002E-09
 24.   38.  -0.14169258E-03   0.41719422E-04   0.34604657E-03  -0.12005002E-09
 24.   39.  -0.15287126E-03   0.00000000E+00   0.35825377E-03  -0.12005002E-09
 24.   40.   0.35951096E-04   0.00000000E+00   0.55665918E-03  -0.12005002E-09
 24.   41.   0.32474052E-04   0.12976506E-04   0.53769148E-03  -0.12005002E-09
 24.   42.   0.22974590E-04   0.22475968E-04   0.48208099E-03  -0.12005002E-09
 24.   43.   0.99980841E-05   0.25953012E-04   0.39361748E-03  -0.12005002E-09
 24.   44.  -0.29784222E-05   0.22475968E-04   0.27832959E-03  -0.12005002E-09
 24.   45.  -0.12477884E-04   0.12976506E-04   0.14407400E-03  -0.12005002E-09
 24.   46.  -0.15954929E-04   0.32384220E-12   0.29510674E-11  -0.12005002E-09
 24.   47.  -0.12477884E-04  -0.12976506E-04  -0.14407399E-03  -0.12005002E-09
 24.   48.  -0.29784226E-05  -0.22475968E-04  -0.27832959E-03  -0.12005002E-09
 24.   49.   0.99980835E-05  -0.25953012E-04  -0.39361748E-03  -0.12005002E-09
 24.   50.   0.22974590E-04  -0.22475968E-04  -0.48208099E-03  -0.12005002E-09
 24.   51.   0.32474052E-04  -0.12976507E-04  -0.53769148E-03  -0.12005002E-09
 24.   52.   0.35951096E-04   0.00000000E+00  -0.55665918E-03  -0.12005002E-09
 24.   53.   0.19018596E-03   0.00000000E+00  -0.77041551E-03  -0.12005002E-09
 24.   54.   0.17842935E-03   0.43876270E-04  -0.74416424E-03  -0.12005002E-09
 24.   55.   0.14630969E-03   0.75995929E-04  -0.66719941E-03  -0.12005002E-09
 24.   56.   0.10243342E-03   0.87752539E-04  -0.54476604E-03  -0.12005002E-09
 24.   57.   0.58557149E-04   0.75995929E-04  -0.38520776E-03  -0.12005002E-09
 24.   58.   0.26437490E-04   0.43876270E-04  -0.19939821E-03  -0.12005002E-09
 24.   59.   0.14680879E-04   0.10138592E-11  -0.40035364E-11  -0.12005002E-09
 24.   60.   0.26437489E-04  -0.43876269E-04   0.19939820E-03  -0.12005002E-09
 24.   61.   0.58557147E-04  -0.75995928E-04   0.38520775E-03  -0.12005002E-09
 24.   62.   0.10243342E-03  -0.87752540E-04   0.54476603E-03  -0.12005002E-09
 24.   63.   0.14630969E-03  -0.75995929E-04   0.66719940E-03  -0.12005002E-09
 24.   64.   0.17842935E-03  -0.43876271E-04   0.74416424E-03  -0.12005002E-09
 24.   65.   0.19018596E-03   0.00000000E+00   0.77041551E-03  -0.12005002E-09
 24.   66.  -0.19018596E-03   0.00000000E+00  -0.77041551E-03  -0.12005002E-09
 24.   67.  -0.17842935E-03  -0.43876270E-04  -0.74416424E-03  -0.12005002E-09
 24.   68.  -0.14630969E-03  -0.75995928E-04  -0.66719941E-03  -0.12005002E-09
 24.   69.  -0.10243342E-03  -0.87752540E-04  -0.54476604E-03  -0.12005002E-09
 24.   70.  -0.58557149E-04  -0.75995929E-04  -0.38520776E-03  -0.12005002E-09
 24.   71.  -0.26437490E-04  -0.43876270E-04  -0.19939821E-03  -0.12005002E-09
 24.   72.  -0.14680878E-04  -0.81969761E-12  -0.40032127E-11  -0.12005002E-09
 24.   73.  -0.26437489E-04   0.43876269E-04   0.19939820E-03  -0.12005002E-09
 24.   74.  -0.58557147E-04   0.75995928E-04   0.38520775E-03  -0.12005002E-09
 24.   75.  -0.10243342E-03   0.87752539E-04   0.54476603E-03  -0.12005002E-09
 24.   76.  -0.14630969E-03   0.75995929E-04   0.66719940E-03  -0.12005002E-09
 24.   77.  -0.17842935E-03   0.43876271E-04   0.74416424E-03  -0.12005002E-09
 24.   78.  -0.19018596E-03   0.00000000E+00   0.77041551E-03  -0.12005002E-09
