mode k UX UY UZ VOLT
  1.    1.  -0.36313486E+00   0.00000000E+00   0.37654127E+00   0.00000000E+00
  1.    2.  -0.36313486E+00  -0.81645030E-12   0.37229250E+00   0.00000000E+00
  1.    3.  -0.36313486E+00  -0.17800636E-11   0.35983574E+00   0.00000000E+00
  1.    4.  -0.36313486E+00  -0.28943527E-11   0.34001990E+00   0.00000000E+00
  1.    5.  -0.36313486E+00  -0.39921570E-11   0.31419540E+00   0.00000000E+00
  1.    6.  -0.36313486E+00  -0.47468716E-11   0.28412212E+00   0.00000000E+00
  1.    7.  -0.36313486E+00  -0.50867497E-11   0.25184952E+00   0.00000000E+00
  1.    8.  -0.36313486E+00  -0.50235927E-11   0.21957692E+00   0.00000000E+00
  1.    9.  -0.36313486E+00  -0.45741529E-11   0.18950365E+00   0.00000000E+00
  1.   10.  -0.36313486E+00  -0.37256646E-11   0.16367914E+00   0.00000000E+00
  1.   11.  -0.36313486E+00  -0.26157225E-11   0.14386330E+00   0.00000000E+00
  1.   12.  -0.36313486E+00  -0.13483213E-11   0.13140654E+00   0.00000000E+00
  1.   13.  -0.36313486E+00   0.00000000E+00   0.12715778E+00   0.00000000E+00
  1.   14.  -0.36313486E+00   0.00000000E+00   0.53240595E+00   0.00000000E+00
  1.   15.  -0.36313486E+00   0.29411294E-12   0.52284622E+00   0.00000000E+00
  1.   16.  -0.36313486E+00   0.35737262E-13   0.49481852E+00   0.00000000E+00
  1.   17.  -0.36313486E+00  -0.10191645E-11   0.45023288E+00   0.00000000E+00
  1.   18.  -0.36313486E+00  -0.26158957E-11   0.39212774E+00   0.00000000E+00
  1.   19.  -0.36313486E+00  -0.42593929E-11   0.32446287E+00   0.00000000E+00
  1.   20.  -0.36313486E+00  -0.54652809E-11   0.25184952E+00   0.00000000E+00
  1.   21.  -0.36313486E+00  -0.60384455E-11   0.17923618E+00   0.00000000E+00
  1.   22.  -0.36313486E+00  -0.59746976E-11   0.11157131E+00   0.00000000E+00
  1.   23.  -0.36313486E+00  -0.52966930E-11   0.53466170E-01   0.00000000E+00
  1.   24.  -0.36313486E+00  -0.40318099E-11   0.88805281E-02   0.00000000E+00
  1.   25.  -0.36313486E+00  -0.22018836E-11  -0.19147178E-01   0.00000000E+00
  1.   26.  -0.36313486E+00   0.00000000E+00  -0.28706908E-01   0.00000000E+00
  1.   27.  -0.36313486E+00   0.00000000E+00   0.68827063E+00   0.00000000E+00
  1.   28.  -0.36313486E+00   0.26631141E-11   0.67339995E+00   0.00000000E+00
  1.   29.  -0.36313486E+00   0.27750107E-11   0.62980129E+00   0.00000000E+00
  1.   30.  -0.36313486E+00   0.15892095E-11   0.56044585E+00   0.00000000E+00
  1.   31.  -0.36313486E+00  -0.11539263E-11   0.47006008E+00   0.00000000E+00
  1.   32.  -0.36313486E+00  -0.43801589E-11   0.36480362E+00   0.00000000E+00
  1.   33.  -0.36313486E+00  -0.66811815E-11   0.25184952E+00   0.00000000E+00
  1.   34.  -0.36313486E+00  -0.79917204E-11   0.13889543E+00   0.00000000E+00
  1.   35.  -0.36313486E+00  -0.82852296E-11   0.33638969E-01   0.00000000E+00
  1.   36.  -0.36313486E+00  -0.76595749E-11  -0.56746804E-01   0.00000000E+00
  1.   37.  -0.36313486E+00  -0.62428855E-11  -0.12610225E+00   0.00000000E+00
  1.   38.  -0.36313486E+00  -0.37279253E-11  -0.16970090E+00   0.00000000E+00
  1.   39.  -0.36313486E+00   0.00000000E+00  -0.18457159E+00   0.00000000E+00
  1.   40.  -0.36313486E+00   0.00000000E+00   0.84413532E+00   0.00000000E+00
  1.   41.  -0.36313486E+00   0.53966755E-11   0.82395367E+00   0.00000000E+00
  1.   42.  -0.36313486E+00   0.57104188E-11   0.76478407E+00   0.00000000E+00
  1.   43.  -0.36313486E+00   0.43581284E-11   0.67065882E+00   0.00000000E+00
  1.   44.  -0.36313486E+00   0.18450453E-12   0.54799242E+00   0.00000000E+00
  1.   45.  -0.36313486E+00  -0.46210816E-11   0.40514437E+00   0.00000000E+00
  1.   46.  -0.36313486E+00  -0.75210986E-11   0.25184952E+00   0.00000000E+00
  1.   47.  -0.36313486E+00  -0.92566340E-11   0.98554682E-01   0.00000000E+00
  1.   48.  -0.36313486E+00  -0.10032701E-10  -0.44293372E-01   0.00000000E+00
  1.   49.  -0.36313486E+00  -0.98876827E-11  -0.16695978E+00   0.00000000E+00
  1.   50.  -0.36313486E+00  -0.89298643E-11  -0.26108502E+00   0.00000000E+00
  1.   51.  -0.36313486E+00  -0.62792436E-11  -0.32025462E+00   0.00000000E+00
  1.   52.  -0.36313486E+00   0.00000000E+00  -0.34043627E+00   0.00000000E+00
  1.   53.  -0.36313486E+00   0.00000000E+00   0.10000000E+01   0.00000000E+00
  1.   54.  -0.36313486E+00   0.62269604E-11   0.97450739E+00   0.00000000E+00
  1.   55.  -0.36313486E+00   0.67274972E-11   0.89976684E+00   0.00000000E+00
  1.   56.  -0.36313486E+00   0.52253621E-11   0.78087180E+00   0.00000000E+00
  1.   57.  -0.36313486E+00   0.13142805E-12   0.62592476E+00   0.00000000E+00
  1.   58.  -0.36313486E+00  -0.51075025E-11   0.44548512E+00   0.00000000E+00
  1.   59.  -0.36313486E+00  -0.81000943E-11   0.25184953E+00   0.00000000E+00
  1.   60.  -0.36313486E+00  -0.98692836E-11   0.58213935E-01   0.00000000E+00
  1.   61.  -0.36313486E+00  -0.10890927E-10  -0.12222571E+00   0.00000000E+00
  1.   62.  -0.36313486E+00  -0.11158018E-10  -0.27717275E+00   0.00000000E+00
  1.   63.  -0.36313486E+00  -0.10803814E-10  -0.39606779E+00   0.00000000E+00
  1.   64.  -0.36313486E+00  -0.85464914E-11  -0.47080835E+00   0.00000000E+00
  1.   65.  -0.36313486E+00   0.00000000E+00  -0.49630096E+00   0.00000000E+00
  1.   66.  -0.33404012E+00   0.00000000E+00   0.10000000E+01   0.00000000E+00
  1.   67.  -0.33404012E+00  -0.63966890E-11   0.97450739E+00   0.00000000E+00
  1.   68.  -0.33404012E+00  -0.65508164E-11   0.89976684E+00   0.00000000E+00
  1.   69.  -0.33404012E+00  -0.48552558E-11   0.78087180E+00   0.00000000E+00
  1.   70.  -0.33404012E+00   0.37139904E-12   0.62592476E+00   0.00000000E+00
  1.   71.  -0.33404012E+00   0.55251026E-11   0.44548512E+00   0.00000000E+00
  1.   72.  -0.33404012E+00   0.83650785E-11   0.25184953E+00   0.00000000E+00
  1.   73.  -0.33404012E+00   0.98557315E-11   0.58213935E-01   0.00000000E+00
  1.   74.  -0.33404012E+00   0.10627331E-10  -0.12222571E+00   0.00000000E+00
  1.   75.  -0.33404012E+00   0.10850413E-10  -0.27717275E+00   0.00000000E+00
  1.   76.  -0.33404012E+00   0.10502467E-10  -0.39606779E+00   0.00000000E+00
  1.   77.  -0.33404012E+00   0.85342398E-11  -0.47080835E+00   0.00000000E+00
  1.   78.  -0.33404012E+00   0.00000000E+00  -0.49630096E+00   0.00000000E+00
  2.    1.   0.58337670E+00   0.00000000E+00   0.39051112E+00   0.00000000E+00
  2.    2.   0.58337670E+00  -0.11449358E-11   0.38635755E+00   0.00000000E+00
  2.    3.   0.58337670E+00  -0.23986150E-11   0.37417991E+00   0.00000000E+00
  2.    4.   0.58337670E+00  -0.37462826E-11   0.35480809E+00   0.00000000E+00
  2.    5.   0.58337670E+00  -0.49296220E-11   0.32956223E+00   0.00000000E+00
  2.    6.   0.58337670E+00  -0.56933252E-11   0.30016281E+00   0.00000000E+00
  2.    7.   0.58337670E+00  -0.60100998E-11   0.26861334E+00   0.00000000E+00
  2.    8.   0.58337670E+00  -0.58825243E-11   0.23706388E+00   0.00000000E+00
  2.    9.   0.58337670E+00  -0.52349112E-11   0.20766445E+00   0.00000000E+00
  2.   10.   0.58337670E+00  -0.42265525E-11   0.18241860E+00   0.00000000E+00
  2.   11.   0.58337670E+00  -0.29365273E-11   0.16304677E+00   0.00000000E+00
  2.   12.   0.58337670E+00  -0.14990475E-11   0.15086913E+00   0.00000000E+00
  2.   13.   0.58337670E+00   0.00000000E+00   0.14671557E+00   0.00000000E+00
  2.   14.   0.58337670E+00   0.00000000E+00   0.54288334E+00   0.00000000E+00
  2.   15.   0.58337670E+00  -0.50068729E-13   0.53353781E+00   0.00000000E+00
  2.   16.   0.58337670E+00  -0.61587222E-12   0.50613813E+00   0.00000000E+00
  2.   17.   0.58337670E+00  -0.19278326E-11   0.46255152E+00   0.00000000E+00
  2.   18.   0.58337670E+00  -0.37135277E-11   0.40574834E+00   0.00000000E+00
  2.   19.   0.58337670E+00  -0.53689398E-11   0.33959964E+00   0.00000000E+00
  2.   20.   0.58337670E+00  -0.64616077E-11   0.26861334E+00   0.00000000E+00
  2.   21.   0.58337670E+00  -0.68224519E-11   0.19762704E+00   0.00000000E+00
  2.   22.   0.58337670E+00  -0.65129929E-11   0.13147835E+00   0.00000000E+00
  2.   23.   0.58337670E+00  -0.56203893E-11   0.74675168E-01   0.00000000E+00
  2.   24.   0.58337670E+00  -0.41567551E-11   0.31088558E-01   0.00000000E+00
  2.   25.   0.58337670E+00  -0.22387247E-11   0.36888690E-02   0.00000000E+00
  2.   26.   0.58337670E+00   0.00000000E+00  -0.56566553E-02   0.00000000E+00
  2.   27.   0.58337670E+00   0.00000000E+00   0.69525556E+00   0.00000000E+00
  2.   28.   0.58337670E+00   0.22004498E-11   0.68071808E+00   0.00000000E+00
  2.   29.   0.58337670E+00   0.19313560E-11   0.63809634E+00   0.00000000E+00
  2.   30.   0.58337670E+00   0.46351801E-12   0.57029495E+00   0.00000000E+00
  2.   31.   0.58337670E+00  -0.24629058E-11   0.48193445E+00   0.00000000E+00
  2.   32.   0.58337670E+00  -0.56024760E-11   0.37903647E+00   0.00000000E+00
  2.   33.   0.58337670E+00  -0.78429738E-11   0.26861334E+00   0.00000000E+00
  2.   34.   0.58337670E+00  -0.89021866E-11   0.15819021E+00   0.00000000E+00
  2.   35.   0.58337670E+00  -0.87522573E-11   0.55292236E-01   0.00000000E+00
  2.   36.   0.58337670E+00  -0.77915726E-11  -0.33068261E-01   0.00000000E+00
  2.   37.   0.58337670E+00  -0.61340798E-11  -0.10086965E+00   0.00000000E+00
  2.   38.   0.58337670E+00  -0.35853645E-11  -0.14349139E+00   0.00000000E+00
  2.   39.   0.58337670E+00   0.00000000E+00  -0.15802888E+00   0.00000000E+00
  2.   40.   0.58337670E+00   0.00000000E+00   0.84762778E+00   0.00000000E+00
  2.   41.   0.58337670E+00   0.50248707E-11   0.82789834E+00   0.00000000E+00
  2.   42.   0.58337670E+00   0.48793103E-11   0.77005455E+00   0.00000000E+00
  2.   43.   0.58337670E+00   0.31386743E-11   0.67803838E+00   0.00000000E+00
  2.   44.   0.58337670E+00  -0.12235916E-11   0.55812056E+00   0.00000000E+00
  2.   45.   0.58337670E+00  -0.59982433E-11   0.41847331E+00   0.00000000E+00
  2.   46.   0.58337670E+00  -0.87087638E-11   0.26861334E+00   0.00000000E+00
  2.   47.   0.58337670E+00  -0.10029589E-10   0.11875338E+00   0.00000000E+00
  2.   48.   0.58337670E+00  -0.10228350E-10  -0.20893873E-01   0.00000000E+00
  2.   49.   0.58337670E+00  -0.96178411E-11  -0.14081169E+00   0.00000000E+00
  2.   50.   0.58337670E+00  -0.84127059E-11  -0.23282787E+00   0.00000000E+00
  2.   51.   0.58337670E+00  -0.58780630E-11  -0.29067166E+00   0.00000000E+00
  2.   52.   0.58337670E+00   0.00000000E+00  -0.31040110E+00   0.00000000E+00
  2.   53.   0.58337670E+00   0.00000000E+00   0.10000000E+01   0.00000000E+00
  2.   54.   0.58337670E+00   0.62599857E-11   0.97507860E+00   0.00000000E+00
  2.   55.   0.58337670E+00   0.60263914E-11   0.90201277E+00   0.00000000E+00
  2.   56.   0.58337670E+00   0.40215491E-11   0.78578181E+00   0.00000000E+00
  2.   57.   0.58337670E+00  -0.14163626E-11   0.63430667E+00   0.00000000E+00
  2.   58.   0.58337670E+00  -0.65285536E-11   0.45791014E+00   0.00000000E+00
  2.   59.   0.58337670E+00  -0.93698017E-11   0.26861335E+00   0.00000000E+00
  2.   60.   0.58337670E+00  -0.10597835E-10   0.79316551E-01   0.00000000E+00
  2.   61.   0.58337670E+00  -0.10892719E-10  -0.97079982E-01   0.00000000E+00
  2.   62.   0.58337670E+00  -0.10524112E-10  -0.24855512E+00   0.00000000E+00
  2.   63.   0.58337670E+00  -0.99285376E-11  -0.36478608E+00   0.00000000E+00
  2.   64.   0.58337670E+00  -0.81700651E-11  -0.43785192E+00   0.00000000E+00
  2.   65.   0.58337670E+00   0.00000000E+00  -0.46277332E+00   0.00000000E+00
  2.   66.   0.61181952E+00   0.00000000E+00   0.10000000E+01   0.00000000E+00
  2.   67.   0.61181952E+00  -0.60352227E-11   0.97507860E+00   0.00000000E+00
  2.   68.   0.61181952E+00  -0.63316127E-11   0.90201277E+00   0.00000000E+00
  2.   69.   0.61181952E+00  -0.47131300E-11   0.78578181E+00   0.00000000E+00
  2.   70.   0.61181952E+00   0.55433425E-12   0.63430667E+00   0.00000000E+00
  2.   71.   0.61181952E+00   0.58203253E-11   0.45791014E+00   0.00000000E+00
  2.   72.   0.61181952E+00   0.89453399E-11   0.26861335E+00   0.00000000E+00
  2.   73.   0.61181952E+00   0.10606342E-10   0.79316551E-01   0.00000000E+00
  2.   74.   0.61181952E+00   0.11365965E-10  -0.97079982E-01   0.00000000E+00
  2.   75.   0.61181952E+00   0.11146526E-10  -0.24855512E+00   0.00000000E+00
  2.   76.   0.61181952E+00   0.10486017E-10  -0.36478608E+00   0.00000000E+00
  2.   77.   0.61181952E+00   0.81701533E-11  -0.43785192E+00   0.00000000E+00
  2.   78.   0.61181952E+00   0.00000000E+00  -0.46277332E+00   0.00000000E+00
  3.    1.   0.10308247E-02   0.00000000E+00   0.32920310E+00   0.00000000E+00
  3.    2.   0.10308247E-02  -0.30329633E-11   0.33246837E+00   0.00000000E+00
  3.    3.   0.10308247E-02  -0.59943600E-11   0.34204164E+00   0.00000000E+00
  3.    4.   0.10308247E-02  -0.87365957E-11   0.35727051E+00   0.00000000E+00
  3.    5.   0.10308247E-02  -0.10971613E-10   0.37711717E+00   0.00000000E+00
  3.    6.   0.10308247E-02  -0.12318719E-10   0.40022909E+00   0.00000000E+00
  3.    7.   0.10308247E-02  -0.12716047E-10   0.42503123E+00   0.00000000E+00
  3.    8.   0.10308248E-02  -0.12184716E-10   0.44983338E+00   0.00000000E+00
  3.    9.   0.10308248E-02  -0.10697232E-10   0.47294529E+00   0.00000000E+00
  3.   10.   0.10308248E-02  -0.84026035E-11   0.49279195E+00   0.00000000E+00
  3.   11.   0.10308248E-02  -0.56515281E-11   0.50802082E+00   0.00000000E+00
  3.   12.   0.10308248E-02  -0.28108627E-11   0.51759409E+00   0.00000000E+00
  3.   13.   0.10308248E-02   0.00000000E+00   0.52085936E+00   0.00000000E+00
  3.   14.   0.10308247E-02   0.00000000E+00   0.20941794E+00   0.00000000E+00
  3.   15.   0.10308247E-02  -0.34663627E-11   0.21676479E+00   0.00000000E+00
  3.   16.   0.10308247E-02  -0.67383749E-11   0.23830465E+00   0.00000000E+00
  3.   17.   0.10308247E-02  -0.96515182E-11   0.27256961E+00   0.00000000E+00
  3.   18.   0.10308247E-02  -0.11988501E-10   0.31722459E+00   0.00000000E+00
  3.   19.   0.10308247E-02  -0.13370350E-10   0.36922641E+00   0.00000000E+00
  3.   20.   0.10308247E-02  -0.13474688E-10   0.42503123E+00   0.00000000E+00
  3.   21.   0.10308248E-02  -0.12141829E-10   0.48083606E+00   0.00000000E+00
  3.   22.   0.10308248E-02  -0.96619240E-11   0.53283787E+00   0.00000000E+00
  3.   23.   0.10308248E-02  -0.66043436E-11   0.57749285E+00   0.00000000E+00
  3.   24.   0.10308248E-02  -0.34223215E-11   0.61175782E+00   0.00000000E+00
  3.   25.   0.10308248E-02  -0.10998765E-11   0.63329767E+00   0.00000000E+00
  3.   26.   0.10308248E-02   0.00000000E+00   0.64064452E+00   0.00000000E+00
  3.   27.   0.10308247E-02   0.00000000E+00   0.89632784E-01   0.00000000E+00
  3.   28.   0.10308247E-02  -0.39286431E-11   0.10106121E+00   0.00000000E+00
  3.   29.   0.10308247E-02  -0.77161879E-11   0.13456766E+00   0.00000000E+00
  3.   30.   0.10308247E-02  -0.11070533E-10   0.18786871E+00   0.00000000E+00
  3.   31.   0.10308247E-02  -0.13967216E-10   0.25733201E+00   0.00000000E+00
  3.   32.   0.10308247E-02  -0.15881664E-10   0.33822372E+00   0.00000000E+00
  3.   33.   0.10308247E-02  -0.16131142E-10   0.42503123E+00   0.00000000E+00
  3.   34.   0.10308247E-02  -0.14262834E-10   0.51183873E+00   0.00000000E+00
  3.   35.   0.10308248E-02  -0.10032480E-10   0.59273045E+00   0.00000000E+00
  3.   36.   0.10308248E-02  -0.53549078E-11   0.66219375E+00   0.00000000E+00
  3.   37.   0.10308248E-02  -0.13699761E-11   0.71549481E+00   0.00000000E+00
  3.   38.   0.10308248E-02   0.81462870E-12   0.74900125E+00   0.00000000E+00
  3.   39.   0.10308248E-02   0.00000000E+00   0.76042968E+00   0.00000000E+00
  3.   40.   0.10308247E-02   0.00000000E+00  -0.30152376E-01   0.00000000E+00
  3.   41.   0.10308247E-02  -0.42288611E-11  -0.14642371E-01   0.00000000E+00
  3.   42.   0.10308247E-02  -0.81347309E-11   0.30830664E-01   0.00000000E+00
  3.   43.   0.10308247E-02  -0.11622513E-10   0.10316782E+00   0.00000000E+00
  3.   44.   0.10308247E-02  -0.14909617E-10   0.19743943E+00   0.00000000E+00
  3.   45.   0.10308247E-02  -0.17153427E-10   0.30722104E+00   0.00000000E+00
  3.   46.   0.10308247E-02  -0.17223321E-10   0.42503123E+00   0.00000000E+00
  3.   47.   0.10308247E-02  -0.14438144E-10   0.54284141E+00   0.00000000E+00
  3.   48.   0.10308248E-02  -0.74194478E-11   0.65262303E+00   0.00000000E+00
  3.   49.   0.10308248E-02  -0.52892917E-12   0.74689464E+00   0.00000000E+00
  3.   50.   0.10308248E-02   0.45652831E-11   0.81923180E+00   0.00000000E+00
  3.   51.   0.10308248E-02   0.65578802E-11   0.86470483E+00   0.00000000E+00
  3.   52.   0.10308248E-02   0.00000000E+00   0.88021484E+00   0.00000000E+00
  3.   53.   0.10308247E-02   0.00000000E+00  -0.14993754E+00   0.00000000E+00
  3.   54.   0.10308247E-02  -0.43800266E-11  -0.13034595E+00   0.00000000E+00
  3.   55.   0.10308247E-02  -0.83234533E-11  -0.72906328E-01   0.00000000E+00
  3.   56.   0.10308247E-02  -0.11865409E-10   0.18466916E-01   0.00000000E+00
  3.   57.   0.10308248E-02  -0.15437581E-10   0.13754685E+00   0.00000000E+00
  3.   58.   0.10308248E-02  -0.17803662E-10   0.27621836E+00   0.00000000E+00
  3.   59.   0.10308247E-02  -0.17907770E-10   0.42503123E+00   0.00000000E+00
  3.   60.   0.10308247E-02  -0.14536321E-10   0.57384409E+00   0.00000000E+00
  3.   61.   0.10308247E-02  -0.51426215E-11   0.71251561E+00   0.00000000E+00
  3.   62.   0.10308248E-02   0.30912210E-11   0.83159554E+00   0.00000000E+00
  3.   63.   0.10308248E-02   0.94953630E-11   0.92296879E+00   0.00000000E+00
  3.   64.   0.10308248E-02   0.12318484E-10   0.98040841E+00   0.00000000E+00
  3.   65.   0.10308248E-02   0.00000000E+00   0.10000000E+01   0.00000000E+00
  3.   66.  -0.21329072E-01   0.00000000E+00  -0.14993754E+00   0.00000000E+00
  3.   67.  -0.21329072E-01   0.43694845E-11  -0.13034595E+00   0.00000000E+00
  3.   68.  -0.21329072E-01   0.83221461E-11  -0.72906328E-01   0.00000000E+00
  3.   69.  -0.21329072E-01   0.11878589E-10   0.18466916E-01   0.00000000E+00
  3.   70.  -0.21329072E-01   0.15462317E-10   0.13754685E+00   0.00000000E+00
  3.   71.  -0.21329072E-01   0.17830290E-10   0.27621836E+00   0.00000000E+00
  3.   72.  -0.21329072E-01   0.17940878E-10   0.42503123E+00   0.00000000E+00
  3.   73.  -0.21329072E-01   0.14477367E-10   0.57384409E+00   0.00000000E+00
  3.   74.  -0.21329072E-01   0.51123252E-11   0.71251561E+00   0.00000000E+00
  3.   75.  -0.21329072E-01  -0.31968486E-11   0.83159554E+00   0.00000000E+00
  3.   76.  -0.21329072E-01  -0.95337415E-11   0.92296879E+00   0.00000000E+00
  3.   77.  -0.21329072E-01  -0.12306352E-10   0.98040841E+00   0.00000000E+00
  3.   78.  -0.21329072E-01   0.00000000E+00   0.10000000E+01   0.00000000E+00
  4.    1.  -0.28914594E-02   0.00000000E+00   0.11355281E-01   0.00000000E+00
  4.    2.  -0.27974922E-02   0.76537113E-03   0.98339618E-02   0.00000000E+00
  4.    3.  -0.25193248E-02   0.14721391E-02   0.56776405E-02   0.00000000E+00
  4.    4.  -0.20694696E-02   0.20694696E-02   0.10687884E-09   0.00000000E+00
  4.    5.  -0.14721391E-02   0.25193248E-02  -0.56776403E-02   0.00000000E+00
  4.    6.  -0.76537114E-03   0.27974922E-02  -0.98339616E-02   0.00000000E+00
  4.    7.  -0.16382649E-10   0.28914594E-02  -0.11355281E-01   0.00000000E+00
  4.    8.   0.76537111E-03   0.27974922E-02  -0.98339618E-02   0.00000000E+00
  4.    9.   0.14721391E-02   0.25193248E-02  -0.56776406E-02   0.00000000E+00
  4.   10.   0.20694696E-02   0.20694696E-02  -0.14332957E-09   0.00000000E+00
  4.   11.   0.25193248E-02   0.14721392E-02   0.56776403E-02   0.00000000E+00
  4.   12.   0.27974922E-02   0.76537116E-03   0.98339616E-02   0.00000000E+00
  4.   13.   0.28914594E-02   0.00000000E+00   0.11355281E-01   0.00000000E+00
  4.   14.  -0.48134340E-02   0.00000000E+00   0.51574579E-01   0.00000000E+00
  4.   15.  -0.47178600E-02   0.15012290E-02   0.44664896E-01   0.00000000E+00
  4.   16.  -0.43975600E-02   0.28033634E-02   0.25787290E-01   0.00000000E+00
  4.   17.  -0.37775736E-02   0.37775736E-02   0.30357164E-09   0.00000000E+00
  4.   18.  -0.28033634E-02   0.43975600E-02  -0.25787289E-01   0.00000000E+00
  4.   19.  -0.15012290E-02   0.47178600E-02  -0.44664895E-01   0.00000000E+00
  4.   20.  -0.31429791E-10   0.48134340E-02  -0.51574579E-01   0.00000000E+00
  4.   21.   0.15012290E-02   0.47178600E-02  -0.44664896E-01   0.00000000E+00
  4.   22.   0.28033633E-02   0.43975600E-02  -0.25787290E-01   0.00000000E+00
  4.   23.   0.37775736E-02   0.37775736E-02  -0.79556620E-09   0.00000000E+00
  4.   24.   0.43975600E-02   0.28033634E-02   0.25787289E-01   0.00000000E+00
  4.   25.   0.47178600E-02   0.15012291E-02   0.44664895E-01   0.00000000E+00
  4.   26.   0.48134340E-02   0.00000000E+00   0.51574579E-01   0.00000000E+00
  4.   27.  -0.66740750E-02   0.00000000E+00   0.11367015E+00   0.00000000E+00
  4.   28.  -0.65629689E-02   0.21614432E-02   0.98441238E-01   0.00000000E+00
  4.   29.  -0.61690909E-02   0.40111040E-02   0.56835075E-01   0.00000000E+00
  4.   30.  -0.53547997E-02   0.53547997E-02   0.60796374E-09   0.00000000E+00
  4.   31.  -0.40111040E-02   0.61690909E-02  -0.56835075E-01   0.00000000E+00
  4.   32.  -0.21614432E-02   0.65629689E-02  -0.98441237E-01   0.00000000E+00
  4.   33.  -0.44994817E-10   0.66740750E-02  -0.11367015E+00   0.00000000E+00
  4.   34.   0.21614431E-02   0.65629689E-02  -0.98441239E-01   0.00000000E+00
  4.   35.   0.40111039E-02   0.61690910E-02  -0.56835077E-01   0.00000000E+00
  4.   36.   0.53547996E-02   0.53547997E-02  -0.17922502E-08   0.00000000E+00
  4.   37.   0.61690909E-02   0.40111041E-02   0.56835073E-01   0.00000000E+00
  4.   38.   0.65629689E-02   0.21614433E-02   0.98441237E-01   0.00000000E+00
  4.   39.   0.66740750E-02   0.00000000E+00   0.11367015E+00   0.00000000E+00
  4.   40.  -0.79172470E-02   0.00000000E+00   0.19237103E+00   0.00000000E+00
  4.   41.  -0.78451698E-02   0.27869473E-02   0.16659820E+00   0.00000000E+00
  4.   42.  -0.75180421E-02   0.51043839E-02   0.96185514E-01   0.00000000E+00
  4.   43.  -0.66785723E-02   0.66785723E-02   0.99449554E-09   0.00000000E+00
  4.   44.  -0.51043839E-02   0.75180421E-02  -0.96185513E-01   0.00000000E+00
  4.   45.  -0.27869474E-02   0.78451698E-02  -0.16659820E+00   0.00000000E+00
  4.   46.  -0.58093899E-10   0.79172470E-02  -0.19237103E+00   0.00000000E+00
  4.   47.   0.27869473E-02   0.78451698E-02  -0.16659820E+00   0.00000000E+00
  4.   48.   0.51043838E-02   0.75180421E-02  -0.96185517E-01   0.00000000E+00
  4.   49.   0.66785723E-02   0.66785723E-02  -0.30493975E-08   0.00000000E+00
  4.   50.   0.75180421E-02   0.51043840E-02   0.96185511E-01   0.00000000E+00
  4.   51.   0.78451698E-02   0.27869475E-02   0.16659820E+00   0.00000000E+00
  4.   52.   0.79172470E-02   0.00000000E+00   0.19237103E+00   0.00000000E+00
  4.   53.  -0.87792608E-02   0.00000000E+00   0.28194775E+00   0.00000000E+00
  4.   54.  -0.87469596E-02   0.32681185E-02   0.24417392E+00   0.00000000E+00
  4.   55.  -0.84959432E-02   0.59361446E-02   0.14097388E+00   0.00000000E+00
  4.   56.  -0.76659424E-02   0.76659424E-02   0.14376027E-08   0.00000000E+00
  4.   57.  -0.59361446E-02   0.84959432E-02  -0.14097387E+00   0.00000000E+00
  4.   58.  -0.32681186E-02   0.87469596E-02  -0.24417391E+00   0.00000000E+00
  4.   59.  -0.68300993E-10   0.87792608E-02  -0.28194775E+00   0.00000000E+00
  4.   60.   0.32681185E-02   0.87469596E-02  -0.24417392E+00   0.00000000E+00
  4.   61.   0.59361445E-02   0.84959433E-02  -0.14097388E+00   0.00000000E+00
  4.   62.   0.76659423E-02   0.76659424E-02  -0.44761800E-08   0.00000000E+00
  4.   63.   0.84959432E-02   0.59361447E-02   0.14097387E+00   0.00000000E+00
  4.   64.   0.87469596E-02   0.32681187E-02   0.24417391E+00   0.00000000E+00
  4.   65.   0.87792608E-02   0.00000000E+00   0.28194775E+00   0.00000000E+00
  4.   66.   0.87792608E-02   0.00000000E+00   0.28194775E+00   0.00000000E+00
  4.   67.   0.87469596E-02  -0.32681185E-02   0.24417392E+00   0.00000000E+00
  4.   68.   0.84959432E-02  -0.59361446E-02   0.14097388E+00   0.00000000E+00
  4.   69.   0.76659424E-02  -0.76659424E-02   0.14376034E-08   0.00000000E+00
  4.   70.   0.59361446E-02  -0.84959432E-02  -0.14097387E+00   0.00000000E+00
  4.   71.   0.32681186E-02  -0.87469596E-02  -0.24417391E+00   0.00000000E+00
  4.   72.   0.68666239E-10  -0.87792608E-02  -0.28194775E+00   0.00000000E+00
  4.   73.  -0.32681185E-02  -0.87469596E-02  -0.24417392E+00   0.00000000E+00
  4.   74.  -0.59361445E-02  -0.84959433E-02  -0.14097388E+00   0.00000000E+00
  4.   75.  -0.76659423E-02  -0.76659424E-02  -0.44761865E-08   0.00000000E+00
  4.   76.  -0.84959432E-02  -0.59361447E-02   0.14097387E+00   0.00000000E+00
  4.   77.  -0.87469596E-02  -0.32681187E-02   0.24417391E+00   0.00000000E+00
  4.   78.  -0.87792608E-02   0.00000000E+00   0.28194775E+00   0.00000000E+00
  5.    1.   0.25115843E-02   0.00000000E+00   0.72444837E-01   0.00000000E+00
  5.    2.   0.24260042E-02   0.65004586E-03   0.72444837E-01   0.00000000E+00
  5.    3.   0.21750958E-02   0.12557922E-02   0.72444837E-01   0.00000000E+00
  5.    4.   0.17759583E-02   0.17759583E-02   0.72444837E-01   0.00000000E+00
  5.    5.   0.12557922E-02   0.21750958E-02   0.72444837E-01   0.00000000E+00
  5.    6.   0.65004586E-03   0.24260042E-02   0.72444837E-01   0.00000000E+00
  5.    7.   0.13196642E-10   0.25115843E-02   0.72444837E-01   0.00000000E+00
  5.    8.  -0.65004584E-03   0.24260042E-02   0.72444837E-01   0.00000000E+00
  5.    9.  -0.12557921E-02   0.21750958E-02   0.72444837E-01   0.00000000E+00
  5.   10.  -0.17759583E-02   0.17759583E-02   0.72444837E-01   0.00000000E+00
  5.   11.  -0.21750958E-02   0.12557922E-02   0.72444837E-01   0.00000000E+00
  5.   12.  -0.24260042E-02   0.65004588E-03   0.72444837E-01   0.00000000E+00
  5.   13.  -0.25115843E-02   0.00000000E+00   0.72444837E-01   0.00000000E+00
  5.   14.   0.26122153E-02   0.00000000E+00   0.46016182E-01   0.00000000E+00
  5.   15.   0.25232062E-02   0.67609107E-03   0.46016182E-01   0.00000000E+00
  5.   16.   0.22622448E-02   0.13061076E-02   0.46016182E-01   0.00000000E+00
  5.   17.   0.18471152E-02   0.18471151E-02   0.46016182E-01   0.00000000E+00
  5.   18.   0.13061077E-02   0.22622448E-02   0.46016182E-01   0.00000000E+00
  5.   19.   0.67609108E-03   0.25232062E-02   0.46016182E-01   0.00000000E+00
  5.   20.   0.13789688E-10   0.26122153E-02   0.46016182E-01   0.00000000E+00
  5.   21.  -0.67609105E-03   0.25232062E-02   0.46016182E-01   0.00000000E+00
  5.   22.  -0.13061076E-02   0.22622448E-02   0.46016182E-01   0.00000000E+00
  5.   23.  -0.18471151E-02   0.18471152E-02   0.46016182E-01   0.00000000E+00
  5.   24.  -0.22622448E-02   0.13061077E-02   0.46016182E-01   0.00000000E+00
  5.   25.  -0.25232062E-02   0.67609109E-03   0.46016182E-01   0.00000000E+00
  5.   26.  -0.26122153E-02   0.00000000E+00   0.46016182E-01   0.00000000E+00
  5.   27.   0.29659083E-02   0.00000000E+00   0.15881631E-01   0.00000000E+00
  5.   28.   0.28648475E-02   0.76763356E-03   0.15881631E-01   0.00000000E+00
  5.   29.   0.25685520E-02   0.14829542E-02   0.15881631E-01   0.00000000E+00
  5.   30.   0.20972139E-02   0.20972139E-02   0.15881631E-01   0.00000000E+00
  5.   31.   0.14829542E-02   0.25685520E-02   0.15881631E-01   0.00000000E+00
  5.   32.   0.76763357E-03   0.28648475E-02   0.15881631E-01   0.00000000E+00
  5.   33.   0.15805953E-10   0.29659083E-02   0.15881631E-01   0.00000000E+00
  5.   34.  -0.76763354E-03   0.28648475E-02   0.15881631E-01   0.00000000E+00
  5.   35.  -0.14829541E-02   0.25685520E-02   0.15881631E-01   0.00000000E+00
  5.   36.  -0.20972139E-02   0.20972139E-02   0.15881631E-01   0.00000000E+00
  5.   37.  -0.25685519E-02   0.14829542E-02   0.15881631E-01   0.00000000E+00
  5.   38.  -0.28648474E-02   0.76763359E-03   0.15881631E-01   0.00000000E+00
  5.   39.  -0.29659083E-02   0.00000000E+00   0.15881631E-01   0.00000000E+00
  5.   40.   0.30013452E-02   0.00000000E+00  -0.16410782E-01   0.00000000E+00
  5.   41.   0.28990768E-02   0.77680529E-03  -0.16410782E-01   0.00000000E+00
  5.   42.   0.25992412E-02   0.15006726E-02  -0.16410782E-01   0.00000000E+00
  5.   43.   0.21222715E-02   0.21222715E-02  -0.16410782E-01   0.00000000E+00
  5.   44.   0.15006726E-02   0.25992412E-02  -0.16410782E-01   0.00000000E+00
  5.   45.   0.77680530E-03   0.28990768E-02  -0.16410782E-01   0.00000000E+00
  5.   46.   0.16163530E-10   0.30013452E-02  -0.16410782E-01   0.00000000E+00
  5.   47.  -0.77680527E-03   0.28990768E-02  -0.16410782E-01   0.00000000E+00
  5.   48.  -0.15006726E-02   0.25992412E-02  -0.16410782E-01   0.00000000E+00
  5.   49.  -0.21222715E-02   0.21222715E-02  -0.16410782E-01   0.00000000E+00
  5.   50.  -0.25992412E-02   0.15006726E-02  -0.16410782E-01   0.00000000E+00
  5.   51.  -0.28990768E-02   0.77680532E-03  -0.16410782E-01   0.00000000E+00
  5.   52.  -0.30013452E-02   0.00000000E+00  -0.16410782E-01   0.00000000E+00
  5.   53.   0.28223829E-02   0.00000000E+00  -0.47679402E-01   0.00000000E+00
  5.   54.   0.27262125E-02   0.73048644E-03  -0.47679402E-01   0.00000000E+00
  5.   55.   0.24442553E-02   0.14111914E-02  -0.47679402E-01   0.00000000E+00
  5.   56.   0.19957261E-02   0.19957261E-02  -0.47679402E-01   0.00000000E+00
  5.   57.   0.14111914E-02   0.24442553E-02  -0.47679402E-01   0.00000000E+00
  5.   58.   0.73048645E-03   0.27262125E-02  -0.47679402E-01   0.00000000E+00
  5.   59.   0.15373707E-10   0.28223829E-02  -0.47679402E-01   0.00000000E+00
  5.   60.  -0.73048642E-03   0.27262125E-02  -0.47679402E-01   0.00000000E+00
  5.   61.  -0.14111914E-02   0.24442553E-02  -0.47679402E-01   0.00000000E+00
  5.   62.  -0.19957261E-02   0.19957261E-02  -0.47679402E-01   0.00000000E+00
  5.   63.  -0.24442553E-02   0.14111915E-02  -0.47679402E-01   0.00000000E+00
  5.   64.  -0.27262125E-02   0.73048647E-03  -0.47679402E-01   0.00000000E+00
  5.   65.  -0.28223829E-02   0.00000000E+00  -0.47679402E-01   0.00000000E+00
  5.   66.  -0.28223829E-02   0.00000000E+00  -0.47679402E-01   0.00000000E+00
  5.   67.  -0.27262125E-02  -0.73048644E-03  -0.47679402E-01   0.00000000E+00
  5.   68.  -0.24442553E-02  -0.14111914E-02  -0.47679402E-01   0.00000000E+00
  5.   69.  -0.19957261E-02  -0.19957261E-02  -0.47679402E-01   0.00000000E+00
  5.   70.  -0.14111914E-02  -0.24442553E-02  -0.47679402E-01   0.00000000E+00
  5.   71.  -0.73048645E-03  -0.27262125E-02  -0.47679402E-01   0.00000000E+00
  5.   72.  -0.15480207E-10  -0.28223829E-02  -0.47679402E-01   0.00000000E+00
  5.   73.   0.73048642E-03  -0.27262125E-02  -0.47679402E-01   0.00000000E+00
  5.   74.   0.14111914E-02  -0.24442553E-02  -0.47679402E-01   0.00000000E+00
  5.   75.   0.19957261E-02  -0.19957261E-02  -0.47679402E-01   0.00000000E+00
  5.   76.   0.24442553E-02  -0.14111915E-02  -0.47679402E-01   0.00000000E+00
  5.   77.   0.27262125E-02  -0.73048647E-03  -0.47679402E-01   0.00000000E+00
  5.   78.   0.28223829E-02   0.00000000E+00  -0.47679402E-01   0.00000000E+00
  6.    1.   0.45498564E-03   0.00000000E+00  -0.10709892E-02   0.00000000E+00
  6.    2.   0.39468171E-03  -0.22992832E-03  -0.75730373E-03   0.00000000E+00
  6.    3.   0.22927573E-03  -0.39711721E-03   0.17155660E-10   0.00000000E+00
  6.    4.   0.17829140E-05  -0.45676855E-03   0.75730376E-03   0.00000000E+00
  6.    5.  -0.22749282E-03  -0.39402912E-03   0.10709892E-02   0.00000000E+00
  6.    6.  -0.39646462E-03  -0.22684023E-03   0.75730377E-03   0.00000000E+00
  6.    7.  -0.45855146E-03  -0.42387502E-11   0.30100581E-10   0.00000000E+00
  6.    8.  -0.39646463E-03   0.22684022E-03  -0.75730372E-03   0.00000000E+00
  6.    9.  -0.22749283E-03   0.39402912E-03  -0.10709892E-02   0.00000000E+00
  6.   10.   0.17829035E-05   0.45676855E-03  -0.75730376E-03   0.00000000E+00
  6.   11.   0.22927572E-03   0.39711722E-03  -0.25164949E-10   0.00000000E+00
  6.   12.   0.39468171E-03   0.22992833E-03   0.75730373E-03   0.00000000E+00
  6.   13.   0.45498564E-03   0.00000000E+00   0.10709892E-02   0.00000000E+00
  6.   14.   0.14854999E-02   0.00000000E+00  -0.10484214E-01   0.00000000E+00
  6.   15.   0.13123680E-02  -0.83936294E-03  -0.74134589E-02   0.00000000E+00
  6.   16.   0.81347556E-03  -0.14089810E-02   0.43097920E-11   0.00000000E+00
  6.   17.   0.70725636E-04  -0.15562255E-02   0.74134589E-02   0.00000000E+00
  6.   18.  -0.74274993E-03  -0.12864806E-02   0.10484214E-01   0.00000000E+00
  6.   19.  -0.13830936E-02  -0.71686256E-03   0.74134590E-02   0.00000000E+00
  6.   20.  -0.16269511E-02  -0.14379015E-10   0.17297979E-09   0.00000000E+00
  6.   21.  -0.13830936E-02   0.71686254E-03  -0.74134587E-02   0.00000000E+00
  6.   22.  -0.74274996E-03   0.12864806E-02  -0.10484214E-01   0.00000000E+00
  6.   23.   0.70725602E-04   0.15562255E-02  -0.74134591E-02   0.00000000E+00
  6.   24.   0.81347554E-03   0.14089810E-02  -0.32069688E-09   0.00000000E+00
  6.   25.   0.13123680E-02   0.83936297E-03   0.74134587E-02   0.00000000E+00
  6.   26.   0.14854999E-02   0.00000000E+00   0.10484214E-01   0.00000000E+00
  6.   27.   0.29214085E-02   0.00000000E+00  -0.34184396E-01   0.00000000E+00
  6.   28.   0.26197722E-02  -0.17956865E-02  -0.24172018E-01   0.00000000E+00
  6.   29.   0.17059283E-02  -0.29547545E-02  -0.25725561E-10   0.00000000E+00
  6.   30.   0.24522407E-03  -0.31666325E-02   0.24172018E-01   0.00000000E+00
  6.   31.  -0.14607042E-02  -0.25300140E-02   0.34184396E-01   0.00000000E+00
  6.   32.  -0.28649962E-02  -0.13709460E-02   0.24172018E-01   0.00000000E+00
  6.   33.  -0.34118566E-02  -0.27481942E-10   0.53977664E-09   0.00000000E+00
  6.   34.  -0.28649963E-02   0.13709460E-02  -0.24172017E-01   0.00000000E+00
  6.   35.  -0.14607043E-02   0.25300139E-02  -0.34184396E-01   0.00000000E+00
  6.   36.   0.24522400E-03   0.31666325E-02  -0.24172019E-01   0.00000000E+00
  6.   37.   0.17059283E-02   0.29547545E-02  -0.10465737E-08   0.00000000E+00
  6.   38.   0.26197722E-02   0.17956866E-02   0.24172017E-01   0.00000000E+00
  6.   39.   0.29214085E-02   0.00000000E+00   0.34184396E-01   0.00000000E+00
  6.   40.   0.40728409E-02   0.00000000E+00  -0.72085262E-01   0.00000000E+00
  6.   41.   0.37523570E-02  -0.28767787E-02  -0.50971978E-01   0.00000000E+00
  6.   42.   0.26516054E-02  -0.45927153E-02  -0.71925229E-10   0.00000000E+00
  6.   43.   0.61518497E-03  -0.46880259E-02   0.50971977E-01   0.00000000E+00
  6.   44.  -0.20364204E-02  -0.35271837E-02   0.72085262E-01   0.00000000E+00
  6.   45.  -0.43675420E-02  -0.18112472E-02   0.50971978E-01   0.00000000E+00
  6.   46.  -0.53032108E-02  -0.35704052E-10   0.11290730E-08   0.00000000E+00
  6.   47.  -0.43675420E-02   0.18112471E-02  -0.50971977E-01   0.00000000E+00
  6.   48.  -0.20364205E-02   0.35271837E-02  -0.72085262E-01   0.00000000E+00
  6.   49.   0.61518487E-03   0.46880259E-02  -0.50971979E-01   0.00000000E+00
  6.   50.   0.26516053E-02   0.45927153E-02  -0.21999488E-08   0.00000000E+00
  6.   51.   0.37523570E-02   0.28767788E-02   0.50971976E-01   0.00000000E+00
  6.   52.   0.40728409E-02   0.00000000E+00   0.72085262E-01   0.00000000E+00
  6.   53.   0.49772407E-02   0.00000000E+00  -0.12050770E+00   0.00000000E+00
  6.   54.   0.46585313E-02  -0.37878010E-02  -0.85211809E-01   0.00000000E+00
  6.   55.   0.34396866E-02  -0.59577120E-02  -0.12946662E-09   0.00000000E+00
  6.   56.   0.95106630E-03  -0.59283070E-02   0.85211809E-01   0.00000000E+00
  6.   57.  -0.24886203E-02  -0.43104169E-02   0.12050770E+00   0.00000000E+00
  6.   58.  -0.56095975E-02  -0.21405059E-02   0.85211810E-01   0.00000000E+00
  6.   59.  -0.68793732E-02  -0.41744481E-10   0.18844356E-08   0.00000000E+00
  6.   60.  -0.56095976E-02   0.21405059E-02  -0.85211807E-01   0.00000000E+00
  6.   61.  -0.24886204E-02   0.43104168E-02  -0.12050770E+00   0.00000000E+00
  6.   62.   0.95106618E-03   0.59283069E-02  -0.85211811E-01   0.00000000E+00
  6.   63.   0.34396865E-02   0.59577120E-02  -0.36715547E-08   0.00000000E+00
  6.   64.   0.46585312E-02   0.37878012E-02   0.85211807E-01   0.00000000E+00
  6.   65.   0.49772407E-02   0.00000000E+00   0.12050770E+00   0.00000000E+00
  6.   66.  -0.49772407E-02   0.00000000E+00  -0.12050770E+00   0.00000000E+00
  6.   67.  -0.46585313E-02   0.37878010E-02  -0.85211809E-01   0.00000000E+00
  6.   68.  -0.34396866E-02   0.59577120E-02  -0.12945867E-09   0.00000000E+00
  6.   69.  -0.95106630E-03   0.59283070E-02   0.85211809E-01   0.00000000E+00
  6.   70.   0.24886203E-02   0.43104169E-02   0.12050770E+00   0.00000000E+00
  6.   71.   0.56095975E-02   0.21405059E-02   0.85211810E-01   0.00000000E+00
  6.   72.   0.68793732E-02   0.41706177E-10   0.18844307E-08   0.00000000E+00
  6.   73.   0.56095976E-02  -0.21405059E-02  -0.85211807E-01   0.00000000E+00
  6.   74.   0.24886204E-02  -0.43104168E-02  -0.12050770E+00   0.00000000E+00
  6.   75.  -0.95106618E-03  -0.59283069E-02  -0.85211811E-01   0.00000000E+00
  6.   76.  -0.34396865E-02  -0.59577120E-02  -0.36715586E-08   0.00000000E+00
  6.   77.  -0.46585312E-02  -0.37878012E-02   0.85211807E-01   0.00000000E+00
  6.   78.  -0.49772407E-02   0.00000000E+00   0.12050770E+00   0.00000000E+00
  7.    1.  -0.83643502E-03   0.00000000E+00   0.22603272E-01   0.00000000E+00
  7.    2.  -0.94480382E-03   0.40443785E-03   0.21833084E-01   0.00000000E+00
  7.    3.  -0.12408729E-02   0.70050691E-03   0.19575007E-01   0.00000000E+00
  7.    4.  -0.16453107E-02   0.80887570E-03   0.15982927E-01   0.00000000E+00
  7.    5.  -0.20497486E-02   0.70050691E-03   0.11301636E-01   0.00000000E+00
  7.    6.  -0.23458176E-02   0.40443786E-03   0.58501572E-02   0.00000000E+00
  7.    7.  -0.24541864E-02   0.83580997E-11   0.11617102E-09   0.00000000E+00
  7.    8.  -0.23458176E-02  -0.40443784E-03  -0.58501570E-02   0.00000000E+00
  7.    9.  -0.20497486E-02  -0.70050690E-03  -0.11301636E-01   0.00000000E+00
  7.   10.  -0.16453107E-02  -0.80887570E-03  -0.15982926E-01   0.00000000E+00
  7.   11.  -0.12408729E-02  -0.70050692E-03  -0.19575007E-01   0.00000000E+00
  7.   12.  -0.94480383E-03  -0.40443787E-03  -0.21833084E-01   0.00000000E+00
  7.   13.  -0.83643502E-03   0.00000000E+00  -0.22603272E-01   0.00000000E+00
  7.   14.   0.36811389E-04   0.00000000E+00   0.28735623E-01   0.00000000E+00
  7.   15.  -0.65025959E-04   0.38006216E-03   0.27756480E-01   0.00000000E+00
  7.   16.  -0.34325077E-03   0.65828696E-03   0.24885779E-01   0.00000000E+00
  7.   17.  -0.72331292E-03   0.76012431E-03   0.20319154E-01   0.00000000E+00
  7.   18.  -0.11033751E-02   0.65828697E-03   0.14367811E-01   0.00000000E+00
  7.   19.  -0.13815999E-02   0.38006216E-03   0.74373265E-02   0.00000000E+00
  7.   20.  -0.14834372E-02   0.78026166E-11   0.14937950E-09   0.00000000E+00
  7.   21.  -0.13815999E-02  -0.38006215E-03  -0.74373262E-02   0.00000000E+00
  7.   22.  -0.11033751E-02  -0.65828696E-03  -0.14367811E-01   0.00000000E+00
  7.   23.  -0.72331293E-03  -0.76012431E-03  -0.20319154E-01   0.00000000E+00
  7.   24.  -0.34325078E-03  -0.65828697E-03  -0.24885779E-01   0.00000000E+00
  7.   25.  -0.65025966E-04  -0.38006217E-03  -0.27756480E-01   0.00000000E+00
  7.   26.   0.36811389E-04   0.00000000E+00  -0.28735623E-01   0.00000000E+00
  7.   27.   0.15289701E-02   0.00000000E+00   0.20049811E-01   0.00000000E+00
  7.   28.   0.13820195E-02   0.54842703E-03   0.19366630E-01   0.00000000E+00
  7.   29.   0.98054308E-03   0.94990348E-03   0.17363646E-01   0.00000000E+00
  7.   30.   0.43211605E-03   0.10968541E-02   0.14177357E-01   0.00000000E+00
  7.   31.  -0.11631098E-03   0.94990349E-03   0.10024906E-01   0.00000000E+00
  7.   32.  -0.51778744E-03   0.54842704E-03   0.51892730E-02   0.00000000E+00
  7.   33.  -0.66473802E-03   0.11250631E-10   0.10593807E-09   0.00000000E+00
  7.   34.  -0.51778745E-03  -0.54842702E-03  -0.51892728E-02   0.00000000E+00
  7.   35.  -0.11631100E-03  -0.94990348E-03  -0.10024905E-01   0.00000000E+00
  7.   36.   0.43211603E-03  -0.10968541E-02  -0.14177357E-01   0.00000000E+00
  7.   37.   0.98054306E-03  -0.94990349E-03  -0.17363646E-01   0.00000000E+00
  7.   38.   0.13820195E-02  -0.54842705E-03  -0.19366630E-01   0.00000000E+00
  7.   39.   0.15289701E-02   0.00000000E+00  -0.20049811E-01   0.00000000E+00
  7.   40.   0.23200927E-02   0.00000000E+00  -0.14772179E-02   0.00000000E+00
  7.   41.   0.21671867E-02   0.57065273E-03  -0.14268829E-02   0.00000000E+00
  7.   42.   0.17494399E-02   0.98839953E-03  -0.12793082E-02   0.00000000E+00
  7.   43.   0.11787872E-02   0.11413055E-02  -0.10445508E-02   0.00000000E+00
  7.   44.   0.60813448E-03   0.98839953E-03  -0.73860895E-03   0.00000000E+00
  7.   45.   0.19038768E-03   0.57065274E-03  -0.38233212E-03   0.00000000E+00
  7.   46.   0.37481741E-04   0.11660446E-10  -0.43759205E-11   0.00000000E+00
  7.   47.   0.19038767E-03  -0.57065272E-03   0.38233211E-03   0.00000000E+00
  7.   48.   0.60813446E-03  -0.98839952E-03   0.73860893E-03   0.00000000E+00
  7.   49.   0.11787872E-02  -0.11413055E-02   0.10445508E-02   0.00000000E+00
  7.   50.   0.17494399E-02  -0.98839954E-03   0.12793082E-02   0.00000000E+00
  7.   51.   0.21671867E-02  -0.57065275E-03   0.14268829E-02   0.00000000E+00
  7.   52.   0.23200927E-02   0.00000000E+00   0.14772179E-02   0.00000000E+00
  7.   53.   0.23313094E-02   0.00000000E+00  -0.26828873E-01   0.00000000E+00
  7.   54.   0.22079095E-02   0.46053460E-03  -0.25914701E-01   0.00000000E+00
  7.   55.   0.18707748E-02   0.79766932E-03  -0.23234486E-01   0.00000000E+00
  7.   56.   0.14102402E-02   0.92106919E-03  -0.18970878E-01   0.00000000E+00
  7.   57.   0.94970559E-03   0.79766932E-03  -0.13414437E-01   0.00000000E+00
  7.   58.   0.61257086E-03   0.46053460E-03  -0.69438234E-02   0.00000000E+00
  7.   59.   0.48917099E-03   0.91989239E-11  -0.13326837E-09   0.00000000E+00
  7.   60.   0.61257085E-03  -0.46053458E-03   0.69438231E-02   0.00000000E+00
  7.   61.   0.94970557E-03  -0.79766931E-03   0.13414436E-01   0.00000000E+00
  7.   62.   0.14102402E-02  -0.92106919E-03   0.18970878E-01   0.00000000E+00
  7.   63.   0.18707748E-02  -0.79766933E-03   0.23234486E-01   0.00000000E+00
  7.   64.   0.22079095E-02  -0.46053461E-03   0.25914701E-01   0.00000000E+00
  7.   65.   0.23313094E-02   0.00000000E+00   0.26828873E-01   0.00000000E+00
  7.   66.  -0.23313094E-02   0.00000000E+00  -0.26828873E-01   0.00000000E+00
  7.   67.  -0.22079095E-02  -0.46053460E-03  -0.25914701E-01   0.00000000E+00
  7.   68.  -0.18707748E-02  -0.79766932E-03  -0.23234486E-01   0.00000000E+00
  7.   69.  -0.14102402E-02  -0.92106919E-03  -0.18970878E-01   0.00000000E+00
  7.   70.  -0.94970559E-03  -0.79766932E-03  -0.13414437E-01   0.00000000E+00
  7.   71.  -0.61257086E-03  -0.46053460E-03  -0.69438234E-02   0.00000000E+00
  7.   72.  -0.48917099E-03  -0.92161390E-11  -0.13325815E-09   0.00000000E+00
  7.   73.  -0.61257085E-03   0.46053458E-03   0.69438231E-02   0.00000000E+00
  7.   74.  -0.94970557E-03   0.79766931E-03   0.13414436E-01   0.00000000E+00
  7.   75.  -0.14102402E-02   0.92106919E-03   0.18970878E-01   0.00000000E+00
  7.   76.  -0.18707748E-02   0.79766933E-03   0.23234486E-01   0.00000000E+00
  7.   77.  -0.22079095E-02   0.46053461E-03   0.25914701E-01   0.00000000E+00
  7.   78.  -0.23313094E-02   0.00000000E+00   0.26828873E-01   0.00000000E+00
  8.    1.  -0.76907295E-04   0.00000000E+00   0.12038750E-03   0.00000000E+00
  8.    2.  -0.54303347E-04   0.54089364E-04   0.60193747E-04   0.00000000E+00
  8.    3.   0.15130960E-06   0.76645221E-04  -0.60193749E-04   0.00000000E+00
  8.    4.   0.54381671E-04   0.54381671E-04  -0.12038750E-03   0.00000000E+00
  8.    5.   0.76645221E-04   0.15130981E-06  -0.60193749E-04   0.00000000E+00
  8.    6.   0.54089365E-04  -0.54303346E-04   0.60193750E-04   0.00000000E+00
  8.    7.   0.19210969E-11  -0.76907295E-04   0.12038750E-03   0.00000000E+00
  8.    8.  -0.54089362E-04  -0.54303348E-04   0.60193757E-04   0.00000000E+00
  8.    9.  -0.76645220E-04   0.15130791E-06  -0.60193738E-04   0.00000000E+00
  8.   10.  -0.54381672E-04   0.54381670E-04  -0.12038749E-03   0.00000000E+00
  8.   11.  -0.15131146E-06   0.76645221E-04  -0.60193743E-04   0.00000000E+00
  8.   12.   0.54303345E-04   0.54089365E-04   0.60193754E-04   0.00000000E+00
  8.   13.   0.76907296E-04   0.00000000E+00   0.12038751E-03   0.00000000E+00
  8.   14.  -0.50710283E-03   0.00000000E+00   0.26658805E-02   0.00000000E+00
  8.   15.  -0.36832297E-03   0.39495261E-03   0.13329402E-02   0.00000000E+00
  8.   16.  -0.18830001E-04   0.53971734E-03  -0.13329403E-02   0.00000000E+00
  8.   17.   0.35857584E-03   0.35857585E-03  -0.26658805E-02   0.00000000E+00
  8.   18.   0.53971734E-03  -0.18829997E-04  -0.13329403E-02   0.00000000E+00
  8.   19.   0.39495262E-03  -0.36832297E-03   0.13329402E-02   0.00000000E+00
  8.   20.   0.92540151E-11  -0.50710283E-03   0.26658805E-02   0.00000000E+00
  8.   21.  -0.39495261E-03  -0.36832298E-03   0.13329403E-02   0.00000000E+00
  8.   22.  -0.53971734E-03  -0.18830013E-04  -0.13329402E-02   0.00000000E+00
  8.   23.  -0.35857586E-03   0.35857584E-03  -0.26658805E-02   0.00000000E+00
  8.   24.   0.18829985E-04   0.53971734E-03  -0.13329403E-02   0.00000000E+00
  8.   25.   0.36832296E-03   0.39495263E-03   0.13329402E-02   0.00000000E+00
  8.   26.   0.50710283E-03   0.00000000E+00   0.26658805E-02   0.00000000E+00
  8.   27.  -0.14101689E-02   0.00000000E+00   0.12738297E-01   0.00000000E+00
  8.   28.  -0.10603051E-02   0.12328755E-02   0.63691484E-02   0.00000000E+00
  8.   29.  -0.12202571E-03   0.16215236E-02  -0.63691483E-02   0.00000000E+00
  8.   30.   0.99713995E-03   0.99713997E-03  -0.12738297E-01   0.00000000E+00
  8.   31.   0.16215236E-02  -0.12202570E-03  -0.63691485E-02   0.00000000E+00
  8.   32.   0.12328755E-02  -0.10603051E-02   0.63691482E-02   0.00000000E+00
  8.   33.   0.28244517E-10  -0.14101689E-02   0.12738297E-01   0.00000000E+00
  8.   34.  -0.12328755E-02  -0.10603051E-02   0.63691487E-02   0.00000000E+00
  8.   35.  -0.16215236E-02  -0.12202574E-03  -0.63691480E-02   0.00000000E+00
  8.   36.  -0.99713999E-03   0.99713993E-03  -0.12738297E-01   0.00000000E+00
  8.   37.   0.12202567E-03   0.16215236E-02  -0.63691488E-02   0.00000000E+00
  8.   38.   0.10603051E-02   0.12328756E-02   0.63691479E-02   0.00000000E+00
  8.   39.   0.14101689E-02   0.00000000E+00   0.12738297E-01   0.00000000E+00
  8.   40.  -0.23090025E-02   0.00000000E+00   0.32930600E-01   0.00000000E+00
  8.   41.  -0.18380194E-02   0.23989314E-02   0.16465300E-01   0.00000000E+00
  8.   42.  -0.39662473E-03   0.29959766E-02  -0.16465300E-01   0.00000000E+00
  8.   43.   0.16327113E-02   0.16327113E-02  -0.32930600E-01   0.00000000E+00
  8.   44.   0.29959766E-02  -0.39662471E-03  -0.16465300E-01   0.00000000E+00
  8.   45.   0.23989314E-02  -0.18380194E-02   0.16465300E-01   0.00000000E+00
  8.   46.   0.55463433E-10  -0.23090025E-02   0.32930600E-01   0.00000000E+00
  8.   47.  -0.23989314E-02  -0.18380194E-02   0.16465301E-01   0.00000000E+00
  8.   48.  -0.29959766E-02  -0.39662478E-03  -0.16465299E-01   0.00000000E+00
  8.   49.  -0.16327114E-02   0.16327112E-02  -0.32930600E-01   0.00000000E+00
  8.   50.   0.39662465E-03   0.29959766E-02  -0.16465301E-01   0.00000000E+00
  8.   51.   0.18380193E-02   0.23989315E-02   0.16465299E-01   0.00000000E+00
  8.   52.   0.23090025E-02   0.00000000E+00   0.32930600E-01   0.00000000E+00
  8.   53.  -0.31021657E-02   0.00000000E+00   0.61718541E-01   0.00000000E+00
  8.   54.  -0.25412082E-02   0.34909940E-02   0.30859271E-01   0.00000000E+00
  8.   55.  -0.67160002E-03   0.42654111E-02  -0.30859271E-01   0.00000000E+00
  8.   56.   0.21935624E-02   0.21935625E-02  -0.61718541E-01   0.00000000E+00
  8.   57.   0.42654111E-02  -0.67159999E-03  -0.30859271E-01   0.00000000E+00
  8.   58.   0.34909941E-02  -0.25412082E-02   0.30859270E-01   0.00000000E+00
  8.   59.   0.81261889E-10  -0.31021657E-02   0.61718541E-01   0.00000000E+00
  8.   60.  -0.34909940E-02  -0.25412082E-02   0.30859272E-01   0.00000000E+00
  8.   61.  -0.42654111E-02  -0.67160009E-03  -0.30859269E-01   0.00000000E+00
  8.   62.  -0.21935625E-02   0.21935623E-02  -0.61718541E-01   0.00000000E+00
  8.   63.   0.67159992E-03   0.42654111E-02  -0.30859273E-01   0.00000000E+00
  8.   64.   0.25412081E-02   0.34909941E-02   0.30859268E-01   0.00000000E+00
  8.   65.   0.31021657E-02   0.00000000E+00   0.61718541E-01   0.00000000E+00
  8.   66.   0.31021657E-02   0.00000000E+00   0.61718541E-01   0.00000000E+00
  8.   67.   0.25412082E-02  -0.34909940E-02   0.30859271E-01   0.00000000E+00
  8.   68.   0.67160002E-03  -0.42654111E-02  -0.30859271E-01   0.00000000E+00
  8.   69.  -0.21935624E-02  -0.21935625E-02  -0.61718541E-01   0.00000000E+00
  8.   70.  -0.42654111E-02   0.67159999E-03  -0.30859271E-01   0.00000000E+00
  8.   71.  -0.34909941E-02   0.25412082E-02   0.30859270E-01   0.00000000E+00
  8.   72.  -0.81292294E-10   0.31021657E-02   0.61718541E-01   0.00000000E+00
  8.   73.   0.34909940E-02   0.25412082E-02   0.30859272E-01   0.00000000E+00
  8.   74.   0.42654111E-02   0.67160009E-03  -0.30859269E-01   0.00000000E+00
  8.   75.   0.21935625E-02  -0.21935623E-02  -0.61718541E-01   0.00000000E+00
  8.   76.  -0.67159992E-03  -0.42654111E-02  -0.30859273E-01   0.00000000E+00
  8.   77.  -0.25412081E-02  -0.34909941E-02   0.30859268E-01   0.00000000E+00
  8.   78.  -0.31021657E-02   0.00000000E+00   0.61718541E-01   0.00000000E+00
  9.    1.   0.14549747E-04   0.00000000E+00  -0.16004487E-04   0.00000000E+00
  9.    2.   0.72058884E-05  -0.12342993E-04  -0.41422667E-05   0.00000000E+00
  9.    3.  -0.73438582E-05  -0.12480964E-04   0.13860292E-04   0.00000000E+00
  9.    4.  -0.14411775E-04  -0.13797168E-06   0.11316882E-04   0.00000000E+00
  9.    5.  -0.70679165E-05   0.12480963E-04  -0.80022405E-05   0.00000000E+00
  9.    6.   0.72058880E-05   0.12618934E-04  -0.15459143E-04   0.00000000E+00
  9.    7.   0.14273805E-04  -0.26696247E-12   0.35461298E-11   0.00000000E+00
  9.    8.   0.72058880E-05  -0.12618935E-04   0.15459150E-04   0.00000000E+00
  9.    9.  -0.70679169E-05  -0.12480965E-04   0.80022468E-05   0.00000000E+00
  9.   10.  -0.14411776E-04   0.13797006E-06  -0.11316878E-04   0.00000000E+00
  9.   11.  -0.73438600E-05   0.12480963E-04  -0.13860291E-04   0.00000000E+00
  9.   12.   0.72058866E-05   0.12342993E-04   0.41422655E-05   0.00000000E+00
  9.   13.   0.14549746E-04   0.00000000E+00   0.16004486E-04   0.00000000E+00
  9.   14.   0.19542401E-03   0.00000000E+00  -0.82319001E-03   0.00000000E+00
  9.   15.   0.10185687E-03  -0.18471100E-03  -0.21305726E-03   0.00000000E+00
  9.   16.  -0.93567140E-04  -0.17642127E-03   0.71290345E-03   0.00000000E+00
  9.   17.  -0.20371374E-03   0.82897263E-05   0.58208324E-03   0.00000000E+00
  9.   18.  -0.11014660E-03   0.17642127E-03  -0.41159499E-03   0.00000000E+00
  9.   19.   0.10185687E-03   0.16813155E-03  -0.79514049E-03   0.00000000E+00
  9.   20.   0.21200347E-03   0.34030048E-11  -0.14915669E-10   0.00000000E+00
  9.   21.   0.10185688E-03  -0.16813154E-03   0.79514049E-03   0.00000000E+00
  9.   22.  -0.11014659E-03  -0.17642128E-03   0.41159504E-03   0.00000000E+00
  9.   23.  -0.20371374E-03  -0.82897360E-05  -0.58208321E-03   0.00000000E+00
  9.   24.  -0.93567149E-04   0.17642127E-03  -0.71290348E-03   0.00000000E+00
  9.   25.   0.10185686E-03   0.18471101E-03   0.21305721E-03   0.00000000E+00
  9.   26.   0.19542401E-03   0.00000000E+00   0.82319000E-03   0.00000000E+00
  9.   27.   0.77475499E-03   0.00000000E+00  -0.57229327E-02   0.00000000E+00
  9.   28.   0.43065644E-03  -0.83247673E-03  -0.14812040E-02   0.00000000E+00
  9.   29.  -0.34409855E-03  -0.74591884E-03   0.49562051E-02   0.00000000E+00
  9.   30.  -0.86131288E-03   0.86557882E-04   0.40467246E-02   0.00000000E+00
  9.   31.  -0.51721434E-03   0.74591884E-03  -0.28614663E-02   0.00000000E+00
  9.   32.   0.43065643E-03   0.65936095E-03  -0.55279285E-02   0.00000000E+00
  9.   33.   0.94787078E-03   0.15134651E-10  -0.14321574E-09   0.00000000E+00
  9.   34.   0.43065647E-03  -0.65936093E-03   0.55279285E-02   0.00000000E+00
  9.   35.  -0.51721431E-03  -0.74591885E-03   0.28614666E-02   0.00000000E+00
  9.   36.  -0.86131289E-03  -0.86557919E-04  -0.40467244E-02   0.00000000E+00
  9.   37.  -0.34409858E-03   0.74591882E-03  -0.49562053E-02   0.00000000E+00
  9.   38.   0.43065642E-03   0.83247675E-03   0.14812037E-02   0.00000000E+00
  9.   39.   0.77475499E-03   0.00000000E+00   0.57229327E-02   0.00000000E+00
  9.   40.   0.14967235E-02   0.00000000E+00  -0.18043649E-01   0.00000000E+00
  9.   41.   0.92518532E-03  -0.19561151E-02  -0.46700401E-02   0.00000000E+00
  9.   42.  -0.57153821E-03  -0.16024680E-02   0.15626259E-01   0.00000000E+00
  9.   43.  -0.18503706E-02   0.35364709E-03   0.12758787E-01   0.00000000E+00
  9.   44.  -0.12788324E-02   0.16024680E-02  -0.90218244E-02   0.00000000E+00
  9.   45.   0.92518530E-03   0.12488209E-02  -0.17428827E-01   0.00000000E+00
  9.   46.   0.22040178E-02   0.27779481E-10  -0.47108250E-09   0.00000000E+00
  9.   47.   0.92518539E-03  -0.12488209E-02   0.17428827E-01   0.00000000E+00
  9.   48.  -0.12788324E-02  -0.16024680E-02   0.90218252E-02   0.00000000E+00
  9.   49.  -0.18503707E-02  -0.35364717E-03  -0.12758786E-01   0.00000000E+00
  9.   50.  -0.57153828E-03   0.16024679E-02  -0.15626259E-01   0.00000000E+00
  9.   51.   0.92518528E-03   0.19561151E-02   0.46700391E-02   0.00000000E+00
  9.   52.   0.14967235E-02   0.00000000E+00   0.18043649E-01   0.00000000E+00
  9.   53.   0.22030902E-02   0.00000000E+00  -0.37575180E-01   0.00000000E+00
  9.   54.   0.14278363E-02  -0.31256676E-02  -0.97251723E-02   0.00000000E+00
  9.   55.  -0.77525384E-03  -0.24730851E-02   0.32541061E-01   0.00000000E+00
  9.   56.  -0.28556727E-02   0.65258246E-03   0.26569665E-01   0.00000000E+00
  9.   57.  -0.20804189E-02   0.24730851E-02  -0.18787590E-01   0.00000000E+00
  9.   58.   0.14278363E-02   0.18205026E-02  -0.36294837E-01   0.00000000E+00
  9.   59.   0.35082552E-02   0.39461000E-10  -0.98921620E-09   0.00000000E+00
  9.   60.   0.14278364E-02  -0.18205025E-02   0.36294837E-01   0.00000000E+00
  9.   61.  -0.20804187E-02  -0.24730851E-02   0.18787591E-01   0.00000000E+00
  9.   62.  -0.28556727E-02  -0.65258258E-03  -0.26569664E-01   0.00000000E+00
  9.   63.  -0.77525394E-03   0.24730850E-02  -0.32541062E-01   0.00000000E+00
  9.   64.   0.14278363E-02   0.31256676E-02   0.97251704E-02   0.00000000E+00
  9.   65.   0.22030902E-02   0.00000000E+00   0.37575180E-01   0.00000000E+00
  9.   66.  -0.22030902E-02   0.00000000E+00  -0.37575180E-01   0.00000000E+00
  9.   67.  -0.14278363E-02   0.31256676E-02  -0.97251723E-02   0.00000000E+00
  9.   68.   0.77525384E-03   0.24730851E-02   0.32541061E-01   0.00000000E+00
  9.   69.   0.28556727E-02  -0.65258246E-03   0.26569665E-01   0.00000000E+00
  9.   70.   0.20804189E-02  -0.24730851E-02  -0.18787590E-01   0.00000000E+00
  9.   71.  -0.14278363E-02  -0.18205026E-02  -0.36294837E-01   0.00000000E+00
  9.   72.  -0.35082552E-02  -0.40423873E-10  -0.98920664E-09   0.00000000E+00
  9.   73.  -0.14278364E-02   0.18205025E-02   0.36294837E-01   0.00000000E+00
  9.   74.   0.20804187E-02   0.24730851E-02   0.18787591E-01   0.00000000E+00
  9.   75.   0.28556727E-02   0.65258258E-03  -0.26569664E-01   0.00000000E+00
  9.   76.   0.77525394E-03  -0.24730850E-02  -0.32541062E-01   0.00000000E+00
  9.   77.  -0.14278363E-02  -0.31256676E-02   0.97251704E-02   0.00000000E+00
  9.   78.  -0.22030902E-02   0.00000000E+00   0.37575180E-01   0.00000000E+00
 10.    1.   0.80011628E-03   0.00000000E+00  -0.50002679E-02   0.00000000E+00
 10.    2.   0.82380826E-03  -0.39725301E-03  -0.43303590E-02   0.00000000E+00
 10.    3.   0.86342070E-03  -0.69537224E-03  -0.25001339E-02   0.00000000E+00
 10.    4.   0.84419246E-03  -0.84419245E-03  -0.25251475E-10   0.00000000E+00
 10.    5.   0.69537225E-03  -0.86342070E-03   0.25001339E-02   0.00000000E+00
 10.    6.   0.39725302E-03  -0.82380826E-03   0.43303590E-02   0.00000000E+00
 10.    7.   0.82732896E-11  -0.80011628E-03   0.50002679E-02   0.00000000E+00
 10.    8.  -0.39725300E-03  -0.82380826E-03   0.43303590E-02   0.00000000E+00
 10.    9.  -0.69537224E-03  -0.86342070E-03   0.25001340E-02   0.00000000E+00
 10.   10.  -0.84419245E-03  -0.84419246E-03   0.78613279E-10   0.00000000E+00
 10.   11.  -0.86342070E-03  -0.69537225E-03  -0.25001339E-02   0.00000000E+00
 10.   12.  -0.82380826E-03  -0.39725303E-03  -0.43303590E-02   0.00000000E+00
 10.   13.  -0.80011628E-03   0.00000000E+00  -0.50002679E-02   0.00000000E+00
 10.   14.   0.65625175E-03   0.00000000E+00  -0.14078876E-01   0.00000000E+00
 10.   15.   0.73643748E-03  -0.55256091E-03  -0.12192664E-01   0.00000000E+00
 10.   16.   0.91145950E-03  -0.92244240E-03  -0.70394380E-02   0.00000000E+00
 10.   17.   0.10243671E-02  -0.10243671E-02  -0.71011680E-10   0.00000000E+00
 10.   18.   0.92244241E-03  -0.91145950E-03   0.70394379E-02   0.00000000E+00
 10.   19.   0.55256091E-03  -0.73643748E-03   0.12192664E-01   0.00000000E+00
 10.   20.   0.11663701E-10  -0.65625175E-03   0.14078876E-01   0.00000000E+00
 10.   21.  -0.55256089E-03  -0.73643747E-03   0.12192664E-01   0.00000000E+00
 10.   22.  -0.92244240E-03  -0.91145949E-03   0.70394382E-02   0.00000000E+00
 10.   23.  -0.10243671E-02  -0.10243671E-02   0.22213362E-09   0.00000000E+00
 10.   24.  -0.91145950E-03  -0.92244241E-03  -0.70394377E-02   0.00000000E+00
 10.   25.  -0.73643748E-03  -0.55256093E-03  -0.12192664E-01   0.00000000E+00
 10.   26.  -0.65625175E-03   0.00000000E+00  -0.14078876E-01   0.00000000E+00
 10.   27.  -0.57491656E-03   0.00000000E+00  -0.15027418E-01   0.00000000E+00
 10.   28.  -0.35232641E-03  -0.60880822E-03  -0.13014126E-01   0.00000000E+00
 10.   29.   0.18136003E-03  -0.88904133E-03  -0.75137092E-02   0.00000000E+00
 10.   30.   0.70268707E-03  -0.70268708E-03  -0.76346701E-10   0.00000000E+00
 10.   31.   0.88904134E-03  -0.18136003E-03   0.75137091E-02   0.00000000E+00
 10.   32.   0.60880822E-03   0.35232641E-03   0.13014126E-01   0.00000000E+00
 10.   33.   0.13230710E-10   0.57491656E-03   0.15027418E-01   0.00000000E+00
 10.   34.  -0.60880821E-03   0.35232642E-03   0.13014126E-01   0.00000000E+00
 10.   35.  -0.88904133E-03  -0.18136001E-03   0.75137094E-02   0.00000000E+00
 10.   36.  -0.70268709E-03  -0.70268707E-03   0.23786687E-09   0.00000000E+00
 10.   37.  -0.18136005E-03  -0.88904134E-03  -0.75137090E-02   0.00000000E+00
 10.   38.   0.35232640E-03  -0.60880824E-03  -0.13014126E-01   0.00000000E+00
 10.   39.   0.57491656E-03   0.00000000E+00  -0.15027418E-01   0.00000000E+00
 10.   40.  -0.16208247E-02   0.00000000E+00  -0.24390128E-02   0.00000000E+00
 10.   41.  -0.13406945E-02  -0.41984518E-03  -0.21122470E-02   0.00000000E+00
 10.   42.  -0.65113878E-03  -0.49301922E-03  -0.12195064E-02   0.00000000E+00
 10.   43.   0.82790939E-04  -0.82790951E-04  -0.14473491E-10   0.00000000E+00
 10.   44.   0.49301922E-03   0.65113877E-03   0.12195064E-02   0.00000000E+00
 10.   45.   0.41984518E-03   0.13406945E-02   0.21122470E-02   0.00000000E+00
 10.   46.   0.93194658E-11   0.16208247E-02   0.24390128E-02   0.00000000E+00
 10.   47.  -0.41984517E-03   0.13406945E-02   0.21122471E-02   0.00000000E+00
 10.   48.  -0.49301923E-03   0.65113880E-03   0.12195064E-02   0.00000000E+00
 10.   49.  -0.82790964E-04  -0.82790926E-04   0.40587197E-10   0.00000000E+00
 10.   50.   0.65113875E-03  -0.49301922E-03  -0.12195064E-02   0.00000000E+00
 10.   51.   0.13406944E-02  -0.41984519E-03  -0.21122470E-02   0.00000000E+00
 10.   52.   0.16208247E-02   0.00000000E+00  -0.24390128E-02   0.00000000E+00
 10.   53.  -0.17619731E-02   0.00000000E+00   0.16294713E-01   0.00000000E+00
 10.   54.  -0.15491734E-02  -0.11408308E-03   0.14111635E-01   0.00000000E+00
 10.   55.  -0.10147621E-02  -0.43536023E-05   0.81473563E-02   0.00000000E+00
 10.   56.  -0.41119642E-03   0.41119641E-03   0.77416059E-10   0.00000000E+00
 10.   57.   0.43536002E-05   0.10147621E-02  -0.81473562E-02   0.00000000E+00
 10.   58.   0.11408308E-03   0.15491734E-02  -0.14111635E-01   0.00000000E+00
 10.   59.   0.25534804E-11   0.17619731E-02  -0.16294713E-01   0.00000000E+00
 10.   60.  -0.11408308E-03   0.15491734E-02  -0.14111635E-01   0.00000000E+00
 10.   61.  -0.43536100E-05   0.10147621E-02  -0.81473565E-02   0.00000000E+00
 10.   62.   0.41119640E-03   0.41119644E-03  -0.25303452E-09   0.00000000E+00
 10.   63.   0.10147620E-02  -0.43535926E-05   0.81473560E-02   0.00000000E+00
 10.   64.   0.15491734E-02  -0.11408308E-03   0.14111635E-01   0.00000000E+00
 10.   65.   0.17619731E-02   0.00000000E+00   0.16294713E-01   0.00000000E+00
 10.   66.   0.17619731E-02   0.00000000E+00   0.16294713E-01   0.00000000E+00
 10.   67.   0.15491734E-02   0.11408308E-03   0.14111635E-01   0.00000000E+00
 10.   68.   0.10147621E-02   0.43536023E-05   0.81473563E-02   0.00000000E+00
 10.   69.   0.41119642E-03  -0.41119641E-03   0.77415777E-10   0.00000000E+00
 10.   70.  -0.43536002E-05  -0.10147621E-02  -0.81473562E-02   0.00000000E+00
 10.   71.  -0.11408308E-03  -0.15491734E-02  -0.14111635E-01   0.00000000E+00
 10.   72.  -0.25514687E-11  -0.17619731E-02  -0.16294713E-01   0.00000000E+00
 10.   73.   0.11408308E-03  -0.15491734E-02  -0.14111635E-01   0.00000000E+00
 10.   74.   0.43536100E-05  -0.10147621E-02  -0.81473565E-02   0.00000000E+00
 10.   75.  -0.41119640E-03  -0.41119644E-03  -0.25303217E-09   0.00000000E+00
 10.   76.  -0.10147620E-02   0.43535926E-05   0.81473560E-02   0.00000000E+00
 10.   77.  -0.15491734E-02   0.11408308E-03   0.14111635E-01   0.00000000E+00
 10.   78.  -0.17619731E-02   0.00000000E+00   0.16294713E-01   0.00000000E+00
 11.    1.   0.24664851E-02   0.00000000E+00   0.28034302E-01   0.00000000E+00
 11.    2.   0.23824416E-02   0.63837331E-03   0.28034302E-01   0.00000000E+00
 11.    3.   0.21360387E-02   0.12332425E-02   0.28034302E-01   0.00000000E+00
 11.    4.   0.17440683E-02   0.17440683E-02   0.28034302E-01   0.00000000E+00
 11.    5.   0.12332425E-02   0.21360387E-02   0.28034302E-01   0.00000000E+00
 11.    6.   0.63837331E-03   0.23824416E-02   0.28034302E-01   0.00000000E+00
 11.    7.   0.13046319E-10   0.24664851E-02   0.28034302E-01   0.00000000E+00
 11.    8.  -0.63837329E-03   0.23824416E-02   0.28034302E-01   0.00000000E+00
 11.    9.  -0.12332425E-02   0.21360387E-02   0.28034302E-01   0.00000000E+00
 11.   10.  -0.17440683E-02   0.17440683E-02   0.28034302E-01   0.00000000E+00
 11.   11.  -0.21360387E-02   0.12332426E-02   0.28034302E-01   0.00000000E+00
 11.   12.  -0.23824416E-02   0.63837333E-03   0.28034302E-01   0.00000000E+00
 11.   13.  -0.24664851E-02   0.00000000E+00   0.28034302E-01   0.00000000E+00
 11.   14.   0.19740156E-02   0.00000000E+00   0.37744302E-02   0.00000000E+00
 11.   15.   0.19067527E-02   0.51091283E-03   0.37744302E-02   0.00000000E+00
 11.   16.   0.17095477E-02   0.98700780E-03   0.37744302E-02   0.00000000E+00
 11.   17.   0.13958398E-02   0.13958398E-02   0.37744302E-02   0.00000000E+00
 11.   18.   0.98700780E-03   0.17095477E-02   0.37744302E-02   0.00000000E+00
 11.   19.   0.51091284E-03   0.19067526E-02   0.37744302E-02   0.00000000E+00
 11.   20.   0.10368748E-10   0.19740156E-02   0.37744302E-02   0.00000000E+00
 11.   21.  -0.51091282E-03   0.19067527E-02   0.37744302E-02   0.00000000E+00
 11.   22.  -0.98700779E-03   0.17095477E-02   0.37744302E-02   0.00000000E+00
 11.   23.  -0.13958398E-02   0.13958398E-02   0.37744302E-02   0.00000000E+00
 11.   24.  -0.17095476E-02   0.98700782E-03   0.37744302E-02   0.00000000E+00
 11.   25.  -0.19067526E-02   0.51091285E-03   0.37744302E-02   0.00000000E+00
 11.   26.  -0.19740156E-02   0.00000000E+00   0.37744302E-02   0.00000000E+00
 11.   27.   0.33501331E-03   0.00000000E+00  -0.96023234E-02   0.00000000E+00
 11.   28.   0.32359800E-03   0.86707824E-04  -0.96023234E-02   0.00000000E+00
 11.   29.   0.29013003E-03   0.16750665E-03  -0.96023234E-02   0.00000000E+00
 11.   30.   0.23689018E-03   0.23689018E-03  -0.96023234E-02   0.00000000E+00
 11.   31.   0.16750665E-03   0.29013003E-03  -0.96023234E-02   0.00000000E+00
 11.   32.   0.86707825E-04   0.32359800E-03  -0.96023234E-02   0.00000000E+00
 11.   33.   0.16673886E-11   0.33501331E-03  -0.96023234E-02   0.00000000E+00
 11.   34.  -0.86707821E-04   0.32359800E-03  -0.96023234E-02   0.00000000E+00
 11.   35.  -0.16750665E-03   0.29013003E-03  -0.96023234E-02   0.00000000E+00
 11.   36.  -0.23689018E-03   0.23689018E-03  -0.96023234E-02   0.00000000E+00
 11.   37.  -0.29013003E-03   0.16750666E-03  -0.96023234E-02   0.00000000E+00
 11.   38.  -0.32359800E-03   0.86707827E-04  -0.96023234E-02   0.00000000E+00
 11.   39.  -0.33501331E-03   0.00000000E+00  -0.96023234E-02   0.00000000E+00
 11.   40.  -0.12645476E-02   0.00000000E+00  -0.36513314E-02   0.00000000E+00
 11.   41.  -0.12214592E-02  -0.32728901E-03  -0.36513314E-02   0.00000000E+00
 11.   42.  -0.10951304E-02  -0.63227382E-03  -0.36513314E-02   0.00000000E+00
 11.   43.  -0.89417022E-03  -0.89417021E-03  -0.36513314E-02   0.00000000E+00
 11.   44.  -0.63227383E-03  -0.10951304E-02  -0.36513314E-02   0.00000000E+00
 11.   45.  -0.32728902E-03  -0.12214592E-02  -0.36513314E-02   0.00000000E+00
 11.   46.  -0.67422082E-11  -0.12645476E-02  -0.36513314E-02   0.00000000E+00
 11.   47.   0.32728901E-03  -0.12214592E-02  -0.36513314E-02   0.00000000E+00
 11.   48.   0.63227382E-03  -0.10951304E-02  -0.36513314E-02   0.00000000E+00
 11.   49.   0.89417021E-03  -0.89417022E-03  -0.36513314E-02   0.00000000E+00
 11.   50.   0.10951304E-02  -0.63227383E-03  -0.36513314E-02   0.00000000E+00
 11.   51.   0.12214592E-02  -0.32728903E-03  -0.36513314E-02   0.00000000E+00
 11.   52.   0.12645476E-02   0.00000000E+00  -0.36513314E-02   0.00000000E+00
 11.   53.  -0.15550103E-02   0.00000000E+00   0.12507970E-01   0.00000000E+00
 11.   54.  -0.15020246E-02  -0.40246629E-03   0.12507970E-01   0.00000000E+00
 11.   55.  -0.13466785E-02  -0.77750517E-03   0.12507970E-01   0.00000000E+00
 11.   56.  -0.10995584E-02  -0.10995583E-02   0.12507970E-01   0.00000000E+00
 11.   57.  -0.77750517E-03  -0.13466784E-02   0.12507970E-01   0.00000000E+00
 11.   58.  -0.40246629E-03  -0.15020246E-02   0.12507970E-01   0.00000000E+00
 11.   59.  -0.82530644E-11  -0.15550103E-02   0.12507970E-01   0.00000000E+00
 11.   60.   0.40246628E-03  -0.15020246E-02   0.12507970E-01   0.00000000E+00
 11.   61.   0.77750516E-03  -0.13466785E-02   0.12507970E-01   0.00000000E+00
 11.   62.   0.10995583E-02  -0.10995584E-02   0.12507970E-01   0.00000000E+00
 11.   63.   0.13466784E-02  -0.77750518E-03   0.12507970E-01   0.00000000E+00
 11.   64.   0.15020246E-02  -0.40246630E-03   0.12507970E-01   0.00000000E+00
 11.   65.   0.15550103E-02   0.00000000E+00   0.12507970E-01   0.00000000E+00
 11.   66.   0.15550103E-02   0.00000000E+00   0.12507970E-01   0.00000000E+00
 11.   67.   0.15020246E-02   0.40246629E-03   0.12507970E-01   0.00000000E+00
 11.   68.   0.13466785E-02   0.77750517E-03   0.12507970E-01   0.00000000E+00
 11.   69.   0.10995584E-02   0.10995583E-02   0.12507970E-01   0.00000000E+00
 11.   70.   0.77750517E-03   0.13466784E-02   0.12507970E-01   0.00000000E+00
 11.   71.   0.40246629E-03   0.15020246E-02   0.12507970E-01   0.00000000E+00
 11.   72.   0.82236444E-11   0.15550103E-02   0.12507970E-01   0.00000000E+00
 11.   73.  -0.40246628E-03   0.15020246E-02   0.12507970E-01   0.00000000E+00
 11.   74.  -0.77750516E-03   0.13466785E-02   0.12507970E-01   0.00000000E+00
 11.   75.  -0.10995583E-02   0.10995584E-02   0.12507970E-01   0.00000000E+00
 11.   76.  -0.13466784E-02   0.77750518E-03   0.12507970E-01   0.00000000E+00
 11.   77.  -0.15020246E-02   0.40246631E-03   0.12507970E-01   0.00000000E+00
 11.   78.  -0.15550103E-02   0.00000000E+00   0.12507970E-01   0.00000000E+00
 12.    1.   0.29218430E-05   0.00000000E+00  -0.23314706E-05   0.00000000E+00
 12.    2.   0.73101295E-06  -0.27281774E-05   0.26200851E-12   0.00000000E+00
 12.    3.  -0.25303903E-05  -0.14609214E-05   0.23314711E-05   0.00000000E+00
 12.    4.  -0.19971646E-05   0.19971645E-05   0.16208819E-12   0.00000000E+00
 12.    5.   0.14609214E-05   0.25303903E-05  -0.23314709E-05   0.00000000E+00
 12.    6.   0.27281773E-05  -0.73101285E-06  -0.25290636E-12   0.00000000E+00
 12.    7.  -0.43071799E-13  -0.29218429E-05   0.23314704E-05   0.00000000E+00
 12.    8.  -0.27281774E-05  -0.73101298E-06  -0.63708236E-12   0.00000000E+00
 12.    9.  -0.14609215E-05   0.25303903E-05  -0.23314718E-05   0.00000000E+00
 12.   10.   0.19971645E-05   0.19971646E-05  -0.11470916E-11   0.00000000E+00
 12.   11.   0.25303905E-05  -0.14609214E-05   0.23314697E-05   0.00000000E+00
 12.   12.  -0.73101256E-06  -0.27281775E-05  -0.11761694E-11   0.00000000E+00
 12.   13.  -0.29218428E-05   0.00000000E+00  -0.23314723E-05   0.00000000E+00
 12.   14.   0.80508638E-04   0.00000000E+00  -0.28382722E-03   0.00000000E+00
 12.   15.   0.22635973E-04  -0.84478600E-04  -0.61655176E-12   0.00000000E+00
 12.   16.  -0.69722526E-04  -0.40254319E-04   0.28382722E-03   0.00000000E+00
 12.   17.  -0.61842628E-04   0.61842627E-04   0.46959162E-11   0.00000000E+00
 12.   18.   0.40254318E-04   0.69722527E-04  -0.28382721E-03   0.00000000E+00
 12.   19.   0.84478600E-04  -0.22635971E-04  -0.34791518E-11   0.00000000E+00
 12.   20.   0.22475516E-11  -0.80508638E-04   0.28382722E-03   0.00000000E+00
 12.   21.  -0.84478599E-04  -0.22635975E-04   0.13376208E-10   0.00000000E+00
 12.   22.  -0.40254322E-04   0.69722524E-04  -0.28382722E-03   0.00000000E+00
 12.   23.   0.61842625E-04   0.61842630E-04  -0.13426624E-10   0.00000000E+00
 12.   24.   0.69722528E-04  -0.40254315E-04   0.28382722E-03   0.00000000E+00
 12.   25.  -0.22635969E-04  -0.84478601E-04   0.17631404E-10   0.00000000E+00
 12.   26.  -0.80508638E-04   0.00000000E+00  -0.28382722E-03   0.00000000E+00
 12.   27.   0.45881432E-03   0.00000000E+00  -0.28684514E-02   0.00000000E+00
 12.   28.   0.14712285E-03  -0.54906995E-03  -0.19329837E-11   0.00000000E+00
 12.   29.  -0.39734486E-03  -0.22940716E-03   0.28684514E-02   0.00000000E+00
 12.   30.  -0.40194711E-03   0.40194710E-03   0.43388991E-10   0.00000000E+00
 12.   31.   0.22940716E-03   0.39734486E-03  -0.28684514E-02   0.00000000E+00
 12.   32.   0.54906995E-03  -0.14712284E-03  -0.44711846E-10   0.00000000E+00
 12.   33.   0.15456154E-10  -0.45881432E-03   0.28684514E-02   0.00000000E+00
 12.   34.  -0.54906995E-03  -0.14712287E-03   0.13415672E-09   0.00000000E+00
 12.   35.  -0.22940718E-03   0.39734485E-03  -0.28684514E-02   0.00000000E+00
 12.   36.   0.40194709E-03   0.40194711E-03  -0.13637238E-09   0.00000000E+00
 12.   37.   0.39734488E-03  -0.22940714E-03   0.28684514E-02   0.00000000E+00
 12.   38.  -0.14712283E-03  -0.54906996E-03   0.17894178E-09   0.00000000E+00
 12.   39.  -0.45881432E-03   0.00000000E+00  -0.28684514E-02   0.00000000E+00
 12.   40.   0.10521553E-02   0.00000000E+00  -0.11027558E-01   0.00000000E+00
 12.   41.   0.41722881E-03  -0.15571191E-02  -0.43163471E-11   0.00000000E+00
 12.   42.  -0.91119318E-03  -0.52607763E-03   0.11027558E-01   0.00000000E+00
 12.   43.  -0.11398903E-02   0.11398903E-02   0.16702283E-09   0.00000000E+00
 12.   44.   0.52607761E-03   0.91119320E-03  -0.11027558E-01   0.00000000E+00
 12.   45.   0.15571191E-02  -0.41722880E-03  -0.17500604E-09   0.00000000E+00
 12.   46.   0.45168582E-10  -0.10521553E-02   0.11027558E-01   0.00000000E+00
 12.   47.  -0.15571191E-02  -0.41722884E-03   0.51522430E-09   0.00000000E+00
 12.   48.  -0.52607769E-03   0.91119315E-03  -0.11027558E-01   0.00000000E+00
 12.   49.   0.11398903E-02   0.11398903E-02  -0.52327153E-09   0.00000000E+00
 12.   50.   0.91119323E-03  -0.52607756E-03   0.11027558E-01   0.00000000E+00
 12.   51.  -0.41722876E-03  -0.15571191E-02   0.68733073E-09   0.00000000E+00
 12.   52.  -0.10521553E-02   0.00000000E+00  -0.11027558E-01   0.00000000E+00
 12.   53.   0.16914622E-02   0.00000000E+00  -0.25380370E-01   0.00000000E+00
 12.   54.   0.72913891E-03  -0.27211834E-02  -0.62766681E-11   0.00000000E+00
 12.   55.  -0.14648492E-02  -0.84573110E-03   0.25380370E-01   0.00000000E+00
 12.   56.  -0.19920446E-02   0.19920445E-02   0.38501527E-09   0.00000000E+00
 12.   57.   0.84573106E-03   0.14648493E-02  -0.25380370E-01   0.00000000E+00
 12.   58.   0.27211835E-02  -0.72913889E-03  -0.40263948E-09   0.00000000E+00
 12.   59.   0.79684407E-10  -0.16914622E-02   0.25380370E-01   0.00000000E+00
 12.   60.  -0.27211834E-02  -0.72913896E-03   0.11853651E-08   0.00000000E+00
 12.   61.  -0.84573120E-03   0.14648492E-02  -0.25380370E-01   0.00000000E+00
 12.   62.   0.19920445E-02   0.19920446E-02  -0.12021543E-08   0.00000000E+00
 12.   63.   0.14648493E-02  -0.84573097E-03   0.25380370E-01   0.00000000E+00
 12.   64.  -0.72913883E-03  -0.27211835E-02   0.15805223E-08   0.00000000E+00
 12.   65.  -0.16914622E-02   0.00000000E+00  -0.25380370E-01   0.00000000E+00
 12.   66.  -0.16914622E-02   0.00000000E+00  -0.25380370E-01   0.00000000E+00
 12.   67.  -0.72913891E-03   0.27211834E-02  -0.62686084E-11   0.00000000E+00
 12.   68.   0.14648492E-02   0.84573110E-03   0.25380370E-01   0.00000000E+00
 12.   69.   0.19920446E-02  -0.19920445E-02   0.38499402E-09   0.00000000E+00
 12.   70.  -0.84573106E-03  -0.14648493E-02  -0.25380370E-01   0.00000000E+00
 12.   71.  -0.27211835E-02   0.72913889E-03  -0.40264164E-09   0.00000000E+00
 12.   72.  -0.79652401E-10   0.16914622E-02   0.25380370E-01   0.00000000E+00
 12.   73.   0.27211834E-02   0.72913896E-03   0.11853716E-08   0.00000000E+00
 12.   74.   0.84573120E-03  -0.14648492E-02  -0.25380370E-01   0.00000000E+00
 12.   75.  -0.19920445E-02  -0.19920446E-02  -0.12021329E-08   0.00000000E+00
 12.   76.  -0.14648493E-02   0.84573097E-03   0.25380370E-01   0.00000000E+00
 12.   77.   0.72913883E-03   0.27211835E-02   0.15805219E-08   0.00000000E+00
 12.   78.   0.16914622E-02   0.00000000E+00  -0.25380370E-01   0.00000000E+00
 13.    1.   0.33582163E-03   0.00000000E+00  -0.10902912E-02   0.00000000E+00
 13.    2.   0.30793444E-03  -0.23174519E-03  -0.77095230E-03   0.00000000E+00
 13.    3.   0.21464082E-03  -0.37176881E-03   0.16118912E-12   0.00000000E+00
 13.    4.   0.46730006E-04  -0.38255164E-03   0.77095230E-03   0.00000000E+00
 13.    5.  -0.16791082E-03  -0.29083007E-03   0.10902912E-02   0.00000000E+00
 13.    6.  -0.35466444E-03  -0.15080645E-03   0.77095231E-03   0.00000000E+00
 13.    7.  -0.42928164E-03  -0.31339197E-11   0.16662144E-10   0.00000000E+00
 13.    8.  -0.35466444E-03   0.15080644E-03  -0.77095228E-03   0.00000000E+00
 13.    9.  -0.16791082E-03   0.29083006E-03  -0.10902912E-02   0.00000000E+00
 13.   10.   0.46729998E-04   0.38255164E-03  -0.77095232E-03   0.00000000E+00
 13.   11.   0.21464082E-03   0.37176881E-03  -0.34580038E-10   0.00000000E+00
 13.   12.   0.30793443E-03   0.23174520E-03   0.77095228E-03   0.00000000E+00
 13.   13.   0.33582163E-03   0.00000000E+00   0.10902912E-02   0.00000000E+00
 13.   14.   0.64486268E-03   0.00000000E+00  -0.67758164E-02   0.00000000E+00
 13.   15.   0.63114560E-03  -0.59366983E-03  -0.47912257E-02   0.00000000E+00
 13.   16.   0.52099169E-03  -0.90238408E-03  -0.65801497E-11   0.00000000E+00
 13.   17.   0.19856036E-03  -0.84342304E-03   0.47912257E-02   0.00000000E+00
 13.   18.  -0.32243133E-03  -0.55846746E-03   0.67758164E-02   0.00000000E+00
 13.   19.  -0.82970595E-03  -0.24975321E-03   0.47912257E-02   0.00000000E+00
 13.   20.  -0.10419834E-02  -0.46872206E-11   0.10620667E-09   0.00000000E+00
 13.   21.  -0.82970596E-03   0.24975320E-03  -0.47912256E-02   0.00000000E+00
 13.   22.  -0.32243136E-03   0.55846745E-03  -0.67758164E-02   0.00000000E+00
 13.   23.   0.19856034E-03   0.84342303E-03  -0.47912258E-02   0.00000000E+00
 13.   24.   0.52099169E-03   0.90238409E-03  -0.20518892E-09   0.00000000E+00
 13.   25.   0.63114559E-03   0.59366985E-03   0.47912255E-02   0.00000000E+00
 13.   26.   0.64486268E-03   0.00000000E+00   0.67758164E-02   0.00000000E+00
 13.   27.  -0.78742755E-04   0.00000000E+00  -0.10891866E-01   0.00000000E+00
 13.   28.   0.14325550E-03  -0.74976601E-03  -0.77017126E-02   0.00000000E+00
 13.   29.   0.53831729E-03  -0.93239289E-03  -0.12183381E-10   0.00000000E+00
 13.   30.   0.57768867E-03  -0.49894592E-03   0.77017125E-02   0.00000000E+00
 13.   31.   0.39371385E-04   0.68193222E-04   0.10891866E-01   0.00000000E+00
 13.   32.  -0.72094416E-03   0.25082011E-03   0.77017126E-02   0.00000000E+00
 13.   33.  -0.10766346E-02   0.68359837E-11   0.17044324E-09   0.00000000E+00
 13.   34.  -0.72094418E-03  -0.25082010E-03  -0.77017124E-02   0.00000000E+00
 13.   35.   0.39371355E-04  -0.68193240E-04  -0.10891866E-01   0.00000000E+00
 13.   36.   0.57768866E-03   0.49894589E-03  -0.77017127E-02   0.00000000E+00
 13.   37.   0.53831730E-03   0.93239289E-03  -0.32887461E-09   0.00000000E+00
 13.   38.   0.14325552E-03   0.74976603E-03   0.77017123E-02   0.00000000E+00
 13.   39.  -0.78742756E-04   0.00000000E+00   0.10891866E-01   0.00000000E+00
 13.   40.  -0.11897688E-02   0.00000000E+00  -0.35807449E-02   0.00000000E+00
 13.   41.  -0.76522231E-03  -0.39466019E-03  -0.25319690E-02   0.00000000E+00
 13.   42.   0.12951252E-03  -0.22432226E-03  -0.47640284E-11   0.00000000E+00
 13.   43.   0.72439690E-03   0.46537186E-03   0.25319690E-02   0.00000000E+00
 13.   44.   0.59488439E-03   0.10303700E-02   0.35807449E-02   0.00000000E+00
 13.   45.   0.40825412E-04   0.86003206E-03   0.25319690E-02   0.00000000E+00
 13.   46.  -0.25902504E-03   0.19940844E-10   0.55745057E-10   0.00000000E+00
 13.   47.   0.40825391E-04  -0.86003203E-03  -0.25319690E-02   0.00000000E+00
 13.   48.   0.59488437E-03  -0.10303700E-02  -0.35807449E-02   0.00000000E+00
 13.   49.   0.72439691E-03  -0.46537189E-03  -0.25319691E-02   0.00000000E+00
 13.   50.   0.12951255E-03   0.22432224E-03  -0.10763672E-09   0.00000000E+00
 13.   51.  -0.76522228E-03   0.39466019E-03   0.25319689E-02   0.00000000E+00
 13.   52.  -0.11897688E-02   0.00000000E+00   0.35807449E-02   0.00000000E+00
 13.   53.  -0.14209563E-02   0.00000000E+00   0.11151434E-01   0.00000000E+00
 13.   54.  -0.10775836E-02   0.13947207E-03   0.78852549E-02   0.00000000E+00
 13.   55.  -0.29247269E-03   0.50657755E-03   0.11254696E-10   0.00000000E+00
 13.   56.   0.41800544E-03   0.10029508E-02  -0.78852548E-02   0.00000000E+00
 13.   57.   0.71047813E-03   0.12305842E-02  -0.11151434E-01   0.00000000E+00
 13.   58.   0.65957817E-03   0.86347875E-03  -0.78852549E-02   0.00000000E+00
 13.   59.   0.58494537E-03   0.19103077E-10  -0.17493869E-09   0.00000000E+00
 13.   60.   0.65957816E-03  -0.86347873E-03   0.78852547E-02   0.00000000E+00
 13.   61.   0.71047814E-03  -0.12305842E-02   0.11151434E-01   0.00000000E+00
 13.   62.   0.41800546E-03  -0.10029508E-02   0.78852551E-02   0.00000000E+00
 13.   63.  -0.29247265E-03  -0.50657757E-03   0.33716597E-09   0.00000000E+00
 13.   64.  -0.10775836E-02  -0.13947208E-03  -0.78852546E-02   0.00000000E+00
 13.   65.  -0.14209563E-02   0.00000000E+00  -0.11151434E-01   0.00000000E+00
 13.   66.   0.14209563E-02   0.00000000E+00   0.11151434E-01   0.00000000E+00
 13.   67.   0.10775836E-02  -0.13947207E-03   0.78852549E-02   0.00000000E+00
 13.   68.   0.29247269E-03  -0.50657755E-03   0.11234832E-10   0.00000000E+00
 13.   69.  -0.41800544E-03  -0.10029508E-02  -0.78852548E-02   0.00000000E+00
 13.   70.  -0.71047813E-03  -0.12305842E-02  -0.11151434E-01   0.00000000E+00
 13.   71.  -0.65957817E-03  -0.86347875E-03  -0.78852549E-02   0.00000000E+00
 13.   72.  -0.58494537E-03  -0.19211095E-10  -0.17493744E-09   0.00000000E+00
 13.   73.  -0.65957816E-03   0.86347873E-03   0.78852547E-02   0.00000000E+00
 13.   74.  -0.71047814E-03   0.12305842E-02   0.11151434E-01   0.00000000E+00
 13.   75.  -0.41800546E-03   0.10029508E-02   0.78852551E-02   0.00000000E+00
 13.   76.   0.29247265E-03   0.50657757E-03   0.33716592E-09   0.00000000E+00
 13.   77.   0.10775836E-02   0.13947208E-03  -0.78852546E-02   0.00000000E+00
 13.   78.   0.14209563E-02   0.00000000E+00  -0.11151434E-01   0.00000000E+00
 14.    1.  -0.63164924E-03   0.00000000E+00  -0.15801879E-01   0.00000000E+00
 14.    2.  -0.48267282E-03  -0.55598754E-03  -0.15263443E-01   0.00000000E+00
 14.    3.  -0.75661691E-04  -0.96299868E-03  -0.13684828E-01   0.00000000E+00
 14.    4.   0.48032585E-03  -0.11119751E-02  -0.11173616E-01   0.00000000E+00
 14.    5.   0.10363134E-02  -0.96299868E-03  -0.79009393E-02   0.00000000E+00
 14.    6.   0.14433245E-02  -0.55598755E-03  -0.40898272E-02   0.00000000E+00
 14.    7.   0.15923009E-02  -0.11512021E-10  -0.82312121E-10   0.00000000E+00
 14.    8.   0.14433245E-02   0.55598753E-03   0.40898270E-02   0.00000000E+00
 14.    9.   0.10363134E-02   0.96299867E-03   0.79009392E-02   0.00000000E+00
 14.   10.   0.48032587E-03   0.11119751E-02   0.11173615E-01   0.00000000E+00
 14.   11.  -0.75661671E-04   0.96299869E-03   0.13684828E-01   0.00000000E+00
 14.   12.  -0.48267281E-03   0.55598757E-03   0.15263443E-01   0.00000000E+00
 14.   13.  -0.63164924E-03   0.00000000E+00   0.15801879E-01   0.00000000E+00
 14.   14.  -0.11893813E-02   0.00000000E+00  -0.69121329E-02   0.00000000E+00
 14.   15.  -0.10859391E-02  -0.38605160E-03  -0.66766077E-02   0.00000000E+00
 14.   16.  -0.80332970E-03  -0.66866098E-03  -0.59860827E-02   0.00000000E+00
 14.   17.  -0.41727811E-03  -0.77210319E-03  -0.48876161E-02   0.00000000E+00
 14.   18.  -0.31226513E-04  -0.66866098E-03  -0.34560665E-02   0.00000000E+00
 14.   19.   0.25138287E-03  -0.38605160E-03  -0.17889917E-02   0.00000000E+00
 14.   20.   0.35482509E-03  -0.80099983E-11  -0.36253971E-10   0.00000000E+00
 14.   21.   0.25138288E-03   0.38605159E-03   0.17889916E-02   0.00000000E+00
 14.   22.  -0.31226499E-04   0.66866097E-03   0.34560664E-02   0.00000000E+00
 14.   23.  -0.41727809E-03   0.77210319E-03   0.48876160E-02   0.00000000E+00
 14.   24.  -0.80332969E-03   0.66866099E-03   0.59860827E-02   0.00000000E+00
 14.   25.  -0.10859391E-02   0.38605161E-03   0.66766077E-02   0.00000000E+00
 14.   26.  -0.11893813E-02   0.00000000E+00   0.69121329E-02   0.00000000E+00
 14.   27.  -0.64715294E-03   0.00000000E+00   0.47890408E-02   0.00000000E+00
 14.   28.  -0.61435185E-03  -0.12241532E-03   0.46258582E-02   0.00000000E+00
 14.   29.  -0.52473762E-03  -0.21202955E-03   0.41474310E-02   0.00000000E+00
 14.   30.  -0.40232230E-03  -0.24483064E-03   0.33863633E-02   0.00000000E+00
 14.   31.  -0.27990698E-03  -0.21202956E-03   0.23945204E-02   0.00000000E+00
 14.   32.  -0.19029274E-03  -0.12241532E-03   0.12394950E-02   0.00000000E+00
 14.   33.  -0.15749165E-03  -0.25155236E-11   0.25116529E-10   0.00000000E+00
 14.   34.  -0.19029274E-03   0.12241532E-03  -0.12394949E-02   0.00000000E+00
 14.   35.  -0.27990697E-03   0.21202955E-03  -0.23945204E-02   0.00000000E+00
 14.   36.  -0.40232229E-03   0.24483064E-03  -0.33863632E-02   0.00000000E+00
 14.   37.  -0.52473761E-03   0.21202956E-03  -0.41474310E-02   0.00000000E+00
 14.   38.  -0.61435185E-03   0.12241532E-03  -0.46258582E-02   0.00000000E+00
 14.   39.  -0.64715294E-03   0.00000000E+00  -0.47890408E-02   0.00000000E+00
 14.   40.   0.79604029E-03   0.00000000E+00   0.36641240E-02   0.00000000E+00
 14.   41.   0.73679895E-03   0.22109167E-03   0.35392720E-02   0.00000000E+00
 14.   42.   0.57494861E-03   0.38294201E-03   0.31732245E-02   0.00000000E+00
 14.   43.   0.35385694E-03   0.44218334E-03   0.25909269E-02   0.00000000E+00
 14.   44.   0.13276527E-03   0.38294201E-03   0.18320620E-02   0.00000000E+00
 14.   45.  -0.29085067E-04   0.22109167E-03   0.94834509E-03   0.00000000E+00
 14.   46.  -0.88326403E-04   0.47056476E-11   0.19499609E-10   0.00000000E+00
 14.   47.  -0.29085071E-04  -0.22109167E-03  -0.94834505E-03   0.00000000E+00
 14.   48.   0.13276526E-03  -0.38294201E-03  -0.18320620E-02   0.00000000E+00
 14.   49.   0.35385693E-03  -0.44218334E-03  -0.25909269E-02   0.00000000E+00
 14.   50.   0.57494861E-03  -0.38294201E-03  -0.31732245E-02   0.00000000E+00
 14.   51.   0.73679895E-03  -0.22109168E-03  -0.35392720E-02   0.00000000E+00
 14.   52.   0.79604029E-03   0.00000000E+00  -0.36641240E-02   0.00000000E+00
 14.   53.   0.11625949E-02   0.00000000E+00  -0.79684169E-02   0.00000000E+00
 14.   54.   0.10938834E-02   0.25643480E-03  -0.76968997E-02   0.00000000E+00
 14.   55.   0.90616013E-03   0.44415810E-03  -0.69008515E-02   0.00000000E+00
 14.   56.   0.64972533E-03   0.51286960E-03  -0.56345217E-02   0.00000000E+00
 14.   57.   0.39329053E-03   0.44415811E-03  -0.39842085E-02   0.00000000E+00
 14.   58.   0.20556723E-03   0.25643480E-03  -0.20623781E-02   0.00000000E+00
 14.   59.   0.13685573E-03   0.54722521E-11  -0.41649550E-10   0.00000000E+00
 14.   60.   0.20556722E-03  -0.25643479E-03   0.20623780E-02   0.00000000E+00
 14.   61.   0.39329052E-03  -0.44415810E-03   0.39842084E-02   0.00000000E+00
 14.   62.   0.64972532E-03  -0.51286960E-03   0.56345216E-02   0.00000000E+00
 14.   63.   0.90616012E-03  -0.44415811E-03   0.69008514E-02   0.00000000E+00
 14.   64.   0.10938834E-02  -0.25643481E-03   0.76968997E-02   0.00000000E+00
 14.   65.   0.11625949E-02   0.00000000E+00   0.79684169E-02   0.00000000E+00
 14.   66.  -0.11625949E-02   0.00000000E+00  -0.79684169E-02   0.00000000E+00
 14.   67.  -0.10938834E-02  -0.25643480E-03  -0.76968997E-02   0.00000000E+00
 14.   68.  -0.90616013E-03  -0.44415810E-03  -0.69008515E-02   0.00000000E+00
 14.   69.  -0.64972533E-03  -0.51286960E-03  -0.56345217E-02   0.00000000E+00
 14.   70.  -0.39329053E-03  -0.44415811E-03  -0.39842085E-02   0.00000000E+00
 14.   71.  -0.20556723E-03  -0.25643480E-03  -0.20623781E-02   0.00000000E+00
 14.   72.  -0.13685573E-03  -0.53568972E-11  -0.41660596E-10   0.00000000E+00
 14.   73.  -0.20556722E-03   0.25643479E-03   0.20623780E-02   0.00000000E+00
 14.   74.  -0.39329052E-03   0.44415810E-03   0.39842084E-02   0.00000000E+00
 14.   75.  -0.64972532E-03   0.51286960E-03   0.56345216E-02   0.00000000E+00
 14.   76.  -0.90616012E-03   0.44415811E-03   0.69008514E-02   0.00000000E+00
 14.   77.  -0.10938834E-02   0.25643481E-03   0.76968997E-02   0.00000000E+00
 14.   78.  -0.11625949E-02   0.00000000E+00   0.79684169E-02   0.00000000E+00
 15.    1.  -0.60238683E-06   0.00000000E+00   0.35483882E-06   0.00000000E+00
 15.    2.   0.70722503E-08   0.57599106E-06  -0.91842347E-07   0.00000000E+00
 15.    3.   0.59531350E-06   0.12250182E-07  -0.30730455E-06   0.00000000E+00
 15.    4.  -0.14145408E-07  -0.58824123E-06   0.25090756E-06   0.00000000E+00
 15.    5.  -0.58116846E-06  -0.12250364E-07   0.17741768E-06   0.00000000E+00
 15.    6.   0.70729489E-08   0.60049111E-06  -0.34275272E-06   0.00000000E+00
 15.    7.   0.57409634E-06  -0.12822772E-12  -0.13704808E-11   0.00000000E+00
 15.    8.   0.70731076E-08  -0.60049133E-06   0.34275009E-06   0.00000000E+00
 15.    9.  -0.58116822E-06   0.12250249E-07  -0.17742011E-06   0.00000000E+00
 15.   10.  -0.14145156E-07   0.58824130E-06  -0.25090965E-06   0.00000000E+00
 15.   11.   0.59531386E-06  -0.12250016E-07   0.30730298E-06   0.00000000E+00
 15.   12.   0.70726384E-08  -0.57599093E-06   0.91841394E-07   0.00000000E+00
 15.   13.  -0.60238648E-06   0.00000000E+00  -0.35483953E-06   0.00000000E+00
 15.   14.  -0.34281718E-04   0.00000000E+00   0.10409018E-03   0.00000000E+00
 15.   15.  -0.75309414E-06   0.37092302E-04  -0.26940520E-04   0.00000000E+00
 15.   16.   0.35034811E-04  -0.13043967E-05  -0.90144738E-04   0.00000000E+00
 15.   17.   0.15061880E-05  -0.35787905E-04   0.73602868E-04   0.00000000E+00
 15.   18.  -0.36540999E-04   0.13043961E-05   0.52045089E-04   0.00000000E+00
 15.   19.  -0.75309431E-06   0.34483508E-04  -0.10054339E-03   0.00000000E+00
 15.   20.   0.37294093E-04   0.86851365E-12  -0.27592099E-11   0.00000000E+00
 15.   21.  -0.75309204E-06  -0.34483508E-04   0.10054339E-03   0.00000000E+00
 15.   22.  -0.36540999E-04  -0.13043986E-05  -0.52045082E-04   0.00000000E+00
 15.   23.   0.15061860E-05   0.35787905E-04  -0.73602873E-04   0.00000000E+00
 15.   24.   0.35034811E-04   0.13043990E-05   0.90144735E-04   0.00000000E+00
 15.   25.  -0.75309175E-06  -0.37092302E-04   0.26940529E-04   0.00000000E+00
 15.   26.  -0.34281717E-04   0.00000000E+00  -0.10409018E-03   0.00000000E+00
 15.   27.  -0.28258845E-03   0.00000000E+00   0.15315100E-02   0.00000000E+00
 15.   28.  -0.17574556E-04   0.34817759E-03  -0.39638396E-03   0.00000000E+00
 15.   29.   0.30016301E-03  -0.30440024E-04  -0.13263266E-02   0.00000000E+00
 15.   30.   0.35149118E-04  -0.31773756E-03   0.10829411E-02   0.00000000E+00
 15.   31.  -0.33531212E-03   0.30440020E-04   0.76575504E-03   0.00000000E+00
 15.   32.  -0.17574562E-04   0.28729754E-03  -0.14793251E-02   0.00000000E+00
 15.   33.   0.35288667E-03   0.88129130E-11  -0.55507951E-10   0.00000000E+00
 15.   34.  -0.17574540E-04  -0.28729754E-03   0.14793251E-02   0.00000000E+00
 15.   35.  -0.33531212E-03  -0.30440038E-04  -0.76575494E-03   0.00000000E+00
 15.   36.   0.35149097E-04   0.31773756E-03  -0.10829412E-02   0.00000000E+00
 15.   37.   0.30016301E-03   0.30440045E-04   0.13263265E-02   0.00000000E+00
 15.   38.  -0.17574539E-04  -0.34817758E-03   0.39638407E-03   0.00000000E+00
 15.   39.  -0.28258845E-03   0.00000000E+00  -0.15315100E-02   0.00000000E+00
 15.   40.  -0.77424016E-03   0.00000000E+00   0.71897588E-02   0.00000000E+00
 15.   41.  -0.11201075E-03   0.11922700E-02  -0.18608465E-02   0.00000000E+00
 15.   42.   0.88625090E-03  -0.19400830E-03  -0.62265137E-02   0.00000000E+00
 15.   43.   0.22402151E-03  -0.99826166E-03   0.50839271E-02   0.00000000E+00
 15.   44.  -0.11102724E-02   0.19400829E-03   0.35948795E-02   0.00000000E+00
 15.   45.  -0.11201077E-03   0.80425335E-03  -0.69447736E-02   0.00000000E+00
 15.   46.   0.12222831E-02   0.22042499E-10  -0.26575380E-09   0.00000000E+00
 15.   47.  -0.11201069E-03  -0.80425334E-03   0.69447738E-02   0.00000000E+00
 15.   48.  -0.11102724E-02  -0.19400834E-03  -0.35948790E-02   0.00000000E+00
 15.   49.   0.22402144E-03   0.99826164E-03  -0.50839275E-02   0.00000000E+00
 15.   50.   0.88625092E-03   0.19400837E-03   0.62265135E-02   0.00000000E+00
 15.   51.  -0.11201070E-03  -0.11922699E-02   0.18608470E-02   0.00000000E+00
 15.   52.  -0.77424016E-03   0.00000000E+00  -0.71897588E-02   0.00000000E+00
 15.   53.  -0.13562525E-02   0.00000000E+00   0.18225218E-01   0.00000000E+00
 15.   54.  -0.24542430E-03   0.22721885E-02  -0.47170335E-02   0.00000000E+00
 15.   55.   0.16016768E-02  -0.42508735E-03  -0.15783502E-01   0.00000000E+00
 15.   56.   0.49084863E-03  -0.18471011E-02   0.12887175E-01   0.00000000E+00
 15.   57.  -0.20925254E-02   0.42508733E-03   0.91126093E-02   0.00000000E+00
 15.   58.  -0.24542434E-03   0.14220138E-02  -0.17604209E-01   0.00000000E+00
 15.   59.   0.23379497E-02   0.37233889E-10  -0.66820611E-09   0.00000000E+00
 15.   60.  -0.24542419E-03  -0.14220137E-02   0.17604209E-01   0.00000000E+00
 15.   61.  -0.20925254E-02  -0.42508743E-03  -0.91126081E-02   0.00000000E+00
 15.   62.   0.49084851E-03   0.18471011E-02  -0.12887176E-01   0.00000000E+00
 15.   63.   0.16016768E-02   0.42508749E-03   0.15783501E-01   0.00000000E+00
 15.   64.  -0.24542422E-03  -0.22721884E-02   0.47170348E-02   0.00000000E+00
 15.   65.  -0.13562525E-02   0.00000000E+00  -0.18225218E-01   0.00000000E+00
 15.   66.   0.13562525E-02   0.00000000E+00   0.18225218E-01   0.00000000E+00
 15.   67.   0.24542430E-03  -0.22721885E-02  -0.47170335E-02   0.00000000E+00
 15.   68.  -0.16016768E-02   0.42508735E-03  -0.15783502E-01   0.00000000E+00
 15.   69.  -0.49084862E-03   0.18471011E-02   0.12887175E-01   0.00000000E+00
 15.   70.   0.20925254E-02  -0.42508733E-03   0.91126093E-02   0.00000000E+00
 15.   71.   0.24542434E-03  -0.14220138E-02  -0.17604209E-01   0.00000000E+00
 15.   72.  -0.23379497E-02  -0.37211953E-10  -0.66817940E-09   0.00000000E+00
 15.   73.   0.24542419E-03   0.14220137E-02   0.17604209E-01   0.00000000E+00
 15.   74.   0.20925254E-02   0.42508743E-03  -0.91126081E-02   0.00000000E+00
 15.   75.  -0.49084851E-03  -0.18471011E-02  -0.12887176E-01   0.00000000E+00
 15.   76.  -0.16016768E-02  -0.42508749E-03   0.15783501E-01   0.00000000E+00
 15.   77.   0.24542422E-03   0.22721884E-02   0.47170348E-02   0.00000000E+00
 15.   78.   0.13562525E-02   0.00000000E+00  -0.18225218E-01   0.00000000E+00
 16.    1.  -0.11277578E-03   0.00000000E+00   0.22931413E-03   0.00000000E+00
 16.    2.  -0.84263826E-04   0.96610809E-04   0.11465706E-03   0.00000000E+00
 16.    3.  -0.87306359E-05   0.12789768E-03  -0.11465706E-03   0.00000000E+00
 16.    4.   0.79744515E-04   0.79744517E-04  -0.22931413E-03   0.00000000E+00
 16.    5.   0.12789768E-03  -0.87306347E-05  -0.11465707E-03   0.00000000E+00
 16.    6.   0.96610810E-04  -0.84263825E-04   0.11465706E-03   0.00000000E+00
 16.    7.   0.21689143E-11  -0.11277578E-03   0.22931413E-03   0.00000000E+00
 16.    8.  -0.96610807E-04  -0.84263827E-04   0.11465707E-03   0.00000000E+00
 16.    9.  -0.12789768E-03  -0.87306383E-05  -0.11465706E-03   0.00000000E+00
 16.   10.  -0.79744518E-04   0.79744514E-04  -0.22931413E-03   0.00000000E+00
 16.   11.   0.87306323E-05   0.12789768E-03  -0.11465707E-03   0.00000000E+00
 16.   12.   0.84263824E-04   0.96610812E-04   0.11465706E-03   0.00000000E+00
 16.   13.   0.11277578E-03   0.00000000E+00   0.22931413E-03   0.00000000E+00
 16.   14.  -0.46798132E-03   0.00000000E+00   0.32574174E-02   0.00000000E+00
 16.   15.  -0.37511224E-03   0.49586747E-03   0.16287087E-02   0.00000000E+00
 16.   16.  -0.85386839E-04   0.61587566E-03  -0.16287087E-02   0.00000000E+00
 16.   17.   0.33091276E-03   0.33091277E-03  -0.32574174E-02   0.00000000E+00
 16.   18.   0.61587566E-03  -0.85386835E-04  -0.16287087E-02   0.00000000E+00
 16.   19.   0.49586747E-03  -0.37511224E-03   0.16287086E-02   0.00000000E+00
 16.   20.   0.11452412E-10  -0.46798132E-03   0.32574174E-02   0.00000000E+00
 16.   21.  -0.49586746E-03  -0.37511225E-03   0.16287088E-02   0.00000000E+00
 16.   22.  -0.61587567E-03  -0.85386850E-04  -0.16287086E-02   0.00000000E+00
 16.   23.  -0.33091278E-03   0.33091275E-03  -0.32574174E-02   0.00000000E+00
 16.   24.   0.85386824E-04   0.61587566E-03  -0.16287088E-02   0.00000000E+00
 16.   25.   0.37511224E-03   0.49586748E-03   0.16287086E-02   0.00000000E+00
 16.   26.   0.46798132E-03   0.00000000E+00   0.32574174E-02   0.00000000E+00
 16.   27.  -0.15699186E-03   0.00000000E+00   0.77689314E-02   0.00000000E+00
 16.   28.  -0.30439090E-03   0.83271733E-03   0.38844657E-02   0.00000000E+00
 16.   29.  -0.37358320E-03   0.80405695E-03  -0.38844657E-02   0.00000000E+00
 16.   30.   0.11101000E-03   0.11101002E-03  -0.77689314E-02   0.00000000E+00
 16.   31.   0.80405694E-03  -0.37358320E-03  -0.38844657E-02   0.00000000E+00
 16.   32.   0.83271734E-03  -0.30439091E-03   0.38844656E-02   0.00000000E+00
 16.   33.   0.20525525E-10  -0.15699186E-03   0.77689314E-02   0.00000000E+00
 16.   34.  -0.83271732E-03  -0.30439090E-03   0.38844659E-02   0.00000000E+00
 16.   35.  -0.80405696E-03  -0.37358321E-03  -0.38844655E-02   0.00000000E+00
 16.   36.  -0.11101003E-03   0.11100999E-03  -0.77689314E-02   0.00000000E+00
 16.   37.   0.37358319E-03   0.80405693E-03  -0.38844659E-02   0.00000000E+00
 16.   38.   0.30439091E-03   0.83271735E-03   0.38844654E-02   0.00000000E+00
 16.   39.   0.15699186E-03   0.00000000E+00   0.77689314E-02   0.00000000E+00
 16.   40.   0.88842114E-03   0.00000000E+00   0.37077925E-02   0.00000000E+00
 16.   41.   0.34906080E-03   0.41358519E-03   0.18538962E-02   0.00000000E+00
 16.   42.  -0.53927215E-03   0.45625633E-04  -0.18538962E-02   0.00000000E+00
 16.   43.  -0.62820861E-03  -0.62820861E-03  -0.37077925E-02   0.00000000E+00
 16.   44.   0.45625625E-04  -0.53927216E-03  -0.18538963E-02   0.00000000E+00
 16.   45.   0.41358519E-03   0.34906079E-03   0.18538962E-02   0.00000000E+00
 16.   46.   0.12127459E-10   0.88842114E-03   0.37077925E-02   0.00000000E+00
 16.   47.  -0.41358519E-03   0.34906083E-03   0.18538963E-02   0.00000000E+00
 16.   48.  -0.45625653E-04  -0.53927213E-03  -0.18538961E-02   0.00000000E+00
 16.   49.   0.62820860E-03  -0.62820862E-03  -0.37077925E-02   0.00000000E+00
 16.   50.   0.53927218E-03   0.45625605E-04  -0.18538964E-02   0.00000000E+00
 16.   51.  -0.34906077E-03   0.41358519E-03   0.18538961E-02   0.00000000E+00
 16.   52.  -0.88842114E-03   0.00000000E+00   0.37077925E-02   0.00000000E+00
 16.   53.   0.11762585E-02   0.00000000E+00  -0.81748407E-02   0.00000000E+00
 16.   54.   0.69395248E-03  -0.31750898E-03  -0.40874203E-02   0.00000000E+00
 16.   55.  -0.26618575E-03  -0.71521125E-03   0.40874203E-02   0.00000000E+00
 16.   56.  -0.83174036E-03  -0.83174037E-03   0.81748407E-02   0.00000000E+00
 16.   57.  -0.71521126E-03  -0.26618576E-03   0.40874204E-02   0.00000000E+00
 16.   58.  -0.31750898E-03   0.69395247E-03  -0.40874203E-02   0.00000000E+00
 16.   59.  -0.55727940E-11   0.11762585E-02  -0.81748407E-02   0.00000000E+00
 16.   60.   0.31750896E-03   0.69395251E-03  -0.40874206E-02   0.00000000E+00
 16.   61.   0.71521124E-03  -0.26618573E-03   0.40874201E-02   0.00000000E+00
 16.   62.   0.83174037E-03  -0.83174036E-03   0.81748407E-02   0.00000000E+00
 16.   63.   0.26618579E-03  -0.71521127E-03   0.40874206E-02   0.00000000E+00
 16.   64.  -0.69395244E-03  -0.31750899E-03  -0.40874201E-02   0.00000000E+00
 16.   65.  -0.11762585E-02   0.00000000E+00  -0.81748407E-02   0.00000000E+00
 16.   66.  -0.11762585E-02   0.00000000E+00  -0.81748407E-02   0.00000000E+00
 16.   67.  -0.69395248E-03   0.31750898E-03  -0.40874203E-02   0.00000000E+00
 16.   68.   0.26618575E-03   0.71521125E-03   0.40874203E-02   0.00000000E+00
 16.   69.   0.83174036E-03   0.83174037E-03   0.81748407E-02   0.00000000E+00
 16.   70.   0.71521126E-03   0.26618576E-03   0.40874204E-02   0.00000000E+00
 16.   71.   0.31750898E-03  -0.69395247E-03  -0.40874203E-02   0.00000000E+00
 16.   72.   0.55836798E-11  -0.11762585E-02  -0.81748407E-02   0.00000000E+00
 16.   73.  -0.31750896E-03  -0.69395251E-03  -0.40874206E-02   0.00000000E+00
 16.   74.  -0.71521124E-03   0.26618573E-03   0.40874201E-02   0.00000000E+00
 16.   75.  -0.83174037E-03   0.83174036E-03   0.81748407E-02   0.00000000E+00
 16.   76.  -0.26618579E-03   0.71521127E-03   0.40874206E-02   0.00000000E+00
 16.   77.   0.69395245E-03   0.31750899E-03  -0.40874201E-02   0.00000000E+00
 16.   78.   0.11762585E-02   0.00000000E+00  -0.81748407E-02   0.00000000E+00
 17.    1.  -0.12710099E-06   0.00000000E+00   0.55624179E-07   0.00000000E+00
 17.    2.   0.34596953E-07   0.11642400E-06  -0.27817501E-07   0.00000000E+00
 17.    3.   0.10678833E-06  -0.57861339E-07  -0.27816805E-07   0.00000000E+00
 17.    4.  -0.89873852E-07  -0.89874697E-07   0.55626202E-07   0.00000000E+00
 17.    5.  -0.57860648E-07   0.10678729E-06  -0.27814930E-07   0.00000000E+00
 17.    6.   0.11642444E-06   0.34595937E-07  -0.27814374E-07   0.00000000E+00
 17.    7.   0.34344904E-13  -0.12710178E-06   0.55627713E-07   0.00000000E+00
 17.    8.  -0.11642421E-06   0.34596167E-07  -0.27814657E-07   0.00000000E+00
 17.    9.   0.57861032E-07   0.10678743E-06  -0.27815345E-07   0.00000000E+00
 17.   10.   0.89874172E-07  -0.89874774E-07   0.55625345E-07   0.00000000E+00
 17.   11.  -0.10678772E-06  -0.57861484E-07  -0.27818214E-07   0.00000000E+00
 17.   12.  -0.34596309E-07   0.11642386E-06  -0.27819263E-07   0.00000000E+00
 17.   13.   0.12710156E-06   0.00000000E+00   0.55622424E-07   0.00000000E+00
 17.   14.  -0.15031920E-04   0.00000000E+00   0.40129066E-04   0.00000000E+00
 17.   15.   0.35906669E-05   0.15638888E-04  -0.20064538E-04   0.00000000E+00
 17.   16.   0.13597349E-04  -0.85193799E-05  -0.20064536E-04   0.00000000E+00
 17.   17.  -0.10629172E-04  -0.10629173E-04   0.40129071E-04   0.00000000E+00
 17.   18.  -0.85193794E-05   0.13597349E-04  -0.20064531E-04   0.00000000E+00
 17.   19.   0.15638888E-04   0.35906671E-05  -0.20064532E-04   0.00000000E+00
 17.   20.   0.59910219E-12  -0.15031920E-04   0.40129074E-04   0.00000000E+00
 17.   21.  -0.15638889E-04   0.35906661E-05  -0.20064530E-04   0.00000000E+00
 17.   22.   0.85193786E-05   0.13597349E-04  -0.20064534E-04   0.00000000E+00
 17.   23.   0.10629173E-04  -0.10629172E-04   0.40129072E-04   0.00000000E+00
 17.   24.  -0.13597348E-04  -0.85193808E-05  -0.20064534E-04   0.00000000E+00
 17.   25.  -0.35906676E-05   0.15638888E-04  -0.20064541E-04   0.00000000E+00
 17.   26.   0.15031920E-04   0.00000000E+00   0.40129068E-04   0.00000000E+00
 17.   27.  -0.18002549E-03   0.00000000E+00   0.86118363E-03   0.00000000E+00
 17.   28.   0.36306650E-04   0.21228427E-03  -0.43059181E-03   0.00000000E+00
 17.   29.   0.17578033E-03  -0.12443497E-03  -0.43059182E-03   0.00000000E+00
 17.   30.  -0.12729724E-03  -0.12729725E-03   0.86118363E-03   0.00000000E+00
 17.   31.  -0.12443497E-03   0.17578032E-03  -0.43059180E-03   0.00000000E+00
 17.   32.   0.21228427E-03   0.36306655E-04  -0.43059183E-03   0.00000000E+00
 17.   33.   0.86833228E-11  -0.18002549E-03   0.86118363E-03   0.00000000E+00
 17.   34.  -0.21228427E-03   0.36306642E-04  -0.43059177E-03   0.00000000E+00
 17.   35.   0.12443496E-03   0.17578033E-03  -0.43059186E-03   0.00000000E+00
 17.   36.   0.12729725E-03  -0.12729723E-03   0.86118363E-03   0.00000000E+00
 17.   37.  -0.17578032E-03  -0.12443498E-03  -0.43059175E-03   0.00000000E+00
 17.   38.  -0.36306663E-04   0.21228426E-03  -0.43059188E-03   0.00000000E+00
 17.   39.   0.18002549E-03   0.00000000E+00   0.86118363E-03   0.00000000E+00
 17.   40.  -0.59296153E-03   0.00000000E+00   0.49467489E-02   0.00000000E+00
 17.   41.   0.71740033E-04   0.87777627E-03  -0.24733745E-02   0.00000000E+00
 17.   42.   0.67140941E-03  -0.56995368E-03  -0.24733745E-02   0.00000000E+00
 17.   43.  -0.41928711E-03  -0.41928713E-03   0.49467489E-02   0.00000000E+00
 17.   44.  -0.56995370E-03   0.67140941E-03  -0.24733744E-02   0.00000000E+00
 17.   45.   0.87777626E-03   0.71740044E-04  -0.24733745E-02   0.00000000E+00
 17.   46.   0.37156250E-10  -0.59296153E-03   0.49467489E-02   0.00000000E+00
 17.   47.  -0.87777629E-03   0.71740001E-04  -0.24733742E-02   0.00000000E+00
 17.   48.   0.56995365E-03   0.67140942E-03  -0.24733747E-02   0.00000000E+00
 17.   49.   0.41928716E-03  -0.41928708E-03   0.49467489E-02   0.00000000E+00
 17.   50.  -0.67140940E-03  -0.56995373E-03  -0.24733741E-02   0.00000000E+00
 17.   51.  -0.71740076E-04   0.87777624E-03  -0.24733748E-02   0.00000000E+00
 17.   52.   0.59296153E-03   0.00000000E+00   0.49467489E-02   0.00000000E+00
 17.   53.  -0.11300932E-02   0.00000000E+00   0.13779391E-01   0.00000000E+00
 17.   54.   0.97313476E-04   0.18199936E-02  -0.68896954E-02   0.00000000E+00
 17.   55.   0.13557409E-02  -0.12181188E-02  -0.68896955E-02   0.00000000E+00
 17.   56.  -0.79909656E-03  -0.79909662E-03   0.13779391E-01   0.00000000E+00
 17.   57.  -0.12181189E-02   0.13557409E-02  -0.68896952E-02   0.00000000E+00
 17.   58.   0.18199936E-02   0.97313497E-04  -0.68896957E-02   0.00000000E+00
 17.   59.   0.78202699E-10  -0.11300932E-02   0.13779391E-01   0.00000000E+00
 17.   60.  -0.18199937E-02   0.97313416E-04  -0.68896947E-02   0.00000000E+00
 17.   61.   0.12181188E-02   0.13557409E-02  -0.68896962E-02   0.00000000E+00
 17.   62.   0.79909667E-03  -0.79909651E-03   0.13779391E-01   0.00000000E+00
 17.   63.  -0.13557409E-02  -0.12181189E-02  -0.68896945E-02   0.00000000E+00
 17.   64.  -0.97313559E-04   0.18199936E-02  -0.68896964E-02   0.00000000E+00
 17.   65.   0.11300932E-02   0.00000000E+00   0.13779391E-01   0.00000000E+00
 17.   66.   0.11300932E-02   0.00000000E+00   0.13779391E-01   0.00000000E+00
 17.   67.  -0.97313477E-04  -0.18199936E-02  -0.68896954E-02   0.00000000E+00
 17.   68.  -0.13557409E-02   0.12181188E-02  -0.68896955E-02   0.00000000E+00
 17.   69.   0.79909656E-03   0.79909662E-03   0.13779391E-01   0.00000000E+00
 17.   70.   0.12181189E-02  -0.13557409E-02  -0.68896952E-02   0.00000000E+00
 17.   71.  -0.18199936E-02  -0.97313497E-04  -0.68896957E-02   0.00000000E+00
 17.   72.  -0.78076019E-10   0.11300932E-02   0.13779391E-01   0.00000000E+00
 17.   73.   0.18199937E-02  -0.97313416E-04  -0.68896947E-02   0.00000000E+00
 17.   74.  -0.12181188E-02  -0.13557409E-02  -0.68896962E-02   0.00000000E+00
 17.   75.  -0.79909667E-03   0.79909651E-03   0.13779391E-01   0.00000000E+00
 17.   76.   0.13557409E-02   0.12181189E-02  -0.68896945E-02   0.00000000E+00
 17.   77.   0.97313559E-04  -0.18199936E-02  -0.68896964E-02   0.00000000E+00
 17.   78.  -0.11300932E-02   0.00000000E+00   0.13779391E-01   0.00000000E+00
 18.    1.   0.32118832E-03   0.00000000E+00  -0.52341031E-02   0.00000000E+00
 18.    2.   0.41701992E-03  -0.48162247E-03  -0.45328662E-02   0.00000000E+00
 18.    3.   0.63543612E-03  -0.77941933E-03  -0.26170515E-02   0.00000000E+00
 18.    4.   0.81054841E-03  -0.81054841E-03  -0.26479537E-10   0.00000000E+00
 18.    5.   0.77941933E-03  -0.63543613E-03   0.26170515E-02   0.00000000E+00
 18.    6.   0.48162247E-03  -0.41701992E-03   0.45328662E-02   0.00000000E+00
 18.    7.   0.10312790E-10  -0.32118832E-03   0.52341031E-02   0.00000000E+00
 18.    8.  -0.48162245E-03  -0.41701992E-03   0.45328663E-02   0.00000000E+00
 18.    9.  -0.77941933E-03  -0.63543612E-03   0.26170516E-02   0.00000000E+00
 18.   10.  -0.81054841E-03  -0.81054840E-03   0.82527851E-10   0.00000000E+00
 18.   11.  -0.63543613E-03  -0.77941934E-03  -0.26170514E-02   0.00000000E+00
 18.   12.  -0.41701993E-03  -0.48162248E-03  -0.45328662E-02   0.00000000E+00
 18.   13.  -0.32118832E-03   0.00000000E+00  -0.52341031E-02   0.00000000E+00
 18.   14.  -0.36918927E-03   0.00000000E+00  -0.66771266E-02   0.00000000E+00
 18.   15.  -0.22073980E-03  -0.41151921E-03  -0.57825613E-02   0.00000000E+00
 18.   16.   0.13490141E-03  -0.60284537E-03  -0.33385633E-02   0.00000000E+00
 18.   17.   0.48134932E-03  -0.48134933E-03  -0.33737123E-10   0.00000000E+00
 18.   18.   0.60284537E-03  -0.13490142E-03   0.33385633E-02   0.00000000E+00
 18.   19.   0.41151922E-03   0.22073980E-03   0.57825613E-02   0.00000000E+00
 18.   20.   0.90500914E-11   0.36918927E-03   0.66771266E-02   0.00000000E+00
 18.   21.  -0.41151920E-03   0.22073981E-03   0.57825613E-02   0.00000000E+00
 18.   22.  -0.60284537E-03  -0.13490140E-03   0.33385634E-02   0.00000000E+00
 18.   23.  -0.48134933E-03  -0.48134932E-03   0.10548267E-09   0.00000000E+00
 18.   24.  -0.13490143E-03  -0.60284538E-03  -0.33385632E-02   0.00000000E+00
 18.   25.   0.22073979E-03  -0.41151923E-03  -0.57825612E-02   0.00000000E+00
 18.   26.   0.36918927E-03   0.00000000E+00  -0.66771266E-02   0.00000000E+00
 18.   27.  -0.76096057E-03   0.00000000E+00   0.12903978E-02   0.00000000E+00
 18.   28.  -0.64747664E-03  -0.12980797E-03   0.11175172E-02   0.00000000E+00
 18.   29.  -0.36604702E-03  -0.12694853E-03   0.64519888E-03   0.00000000E+00
 18.   30.  -0.59671911E-04   0.59671906E-04   0.62244052E-11   0.00000000E+00
 18.   31.   0.12694852E-03   0.36604702E-03  -0.64519887E-03   0.00000000E+00
 18.   32.   0.12980797E-03   0.64747664E-03  -0.11175172E-02   0.00000000E+00
 18.   33.   0.30961119E-11   0.76096057E-03  -0.12903978E-02   0.00000000E+00
 18.   34.  -0.12980797E-03   0.64747664E-03  -0.11175172E-02   0.00000000E+00
 18.   35.  -0.12694853E-03   0.36604703E-03  -0.64519889E-03   0.00000000E+00
 18.   36.   0.59671900E-04   0.59671917E-04  -0.20650584E-10   0.00000000E+00
 18.   37.   0.36604701E-03  -0.12694852E-03   0.64519885E-03   0.00000000E+00
 18.   38.   0.64747663E-03  -0.12980798E-03   0.11175172E-02   0.00000000E+00
 18.   39.   0.76096057E-03   0.00000000E+00   0.12903978E-02   0.00000000E+00
 18.   40.   0.46949391E-03   0.00000000E+00   0.33690304E-02   0.00000000E+00
 18.   41.   0.37178980E-03   0.18341882E-03   0.29176659E-02   0.00000000E+00
 18.   42.   0.13319839E-03   0.23878752E-03   0.16845152E-02   0.00000000E+00
 18.   43.  -0.11447026E-03   0.11447026E-03   0.15926949E-10   0.00000000E+00
 18.   44.  -0.23878752E-03  -0.13319839E-03  -0.16845152E-02   0.00000000E+00
 18.   45.  -0.18341882E-03  -0.37178980E-03  -0.29176659E-02   0.00000000E+00
 18.   46.  -0.41552262E-11  -0.46949391E-03  -0.33690304E-02   0.00000000E+00
 18.   47.   0.18341882E-03  -0.37178980E-03  -0.29176659E-02   0.00000000E+00
 18.   48.   0.23878752E-03  -0.13319840E-03  -0.16845152E-02   0.00000000E+00
 18.   49.   0.11447027E-03   0.11447025E-03  -0.54400756E-10   0.00000000E+00
 18.   50.  -0.13319838E-03   0.23878752E-03   0.16845151E-02   0.00000000E+00
 18.   51.  -0.37178979E-03   0.18341883E-03   0.29176659E-02   0.00000000E+00
 18.   52.  -0.46949391E-03   0.00000000E+00   0.33690304E-02   0.00000000E+00
 18.   53.   0.93526096E-03   0.00000000E+00  -0.54489496E-02   0.00000000E+00
 18.   54.   0.80592232E-03   0.12170111E-03  -0.47189288E-02   0.00000000E+00
 18.   55.   0.48381746E-03   0.97264533E-04  -0.27244748E-02   0.00000000E+00
 18.   56.   0.12874124E-03  -0.12874124E-03  -0.30266557E-10   0.00000000E+00
 18.   57.  -0.97264531E-04  -0.48381746E-03   0.27244748E-02   0.00000000E+00
 18.   58.  -0.12170111E-03  -0.80592232E-03   0.47189288E-02   0.00000000E+00
 18.   59.  -0.29844333E-11  -0.93526096E-03   0.54489496E-02   0.00000000E+00
 18.   60.   0.12170110E-03  -0.80592233E-03   0.47189288E-02   0.00000000E+00
 18.   61.   0.97264536E-04  -0.48381747E-03   0.27244749E-02   0.00000000E+00
 18.   62.  -0.12874123E-03  -0.12874125E-03   0.83222019E-10   0.00000000E+00
 18.   63.  -0.48381745E-03   0.97264528E-04  -0.27244747E-02   0.00000000E+00
 18.   64.  -0.80592231E-03   0.12170111E-03  -0.47189287E-02   0.00000000E+00
 18.   65.  -0.93526096E-03   0.00000000E+00  -0.54489496E-02   0.00000000E+00
 18.   66.  -0.93526096E-03   0.00000000E+00  -0.54489496E-02   0.00000000E+00
 18.   67.  -0.80592232E-03  -0.12170111E-03  -0.47189288E-02   0.00000000E+00
 18.   68.  -0.48381746E-03  -0.97264533E-04  -0.27244748E-02   0.00000000E+00
 18.   69.  -0.12874124E-03   0.12874124E-03  -0.30269032E-10   0.00000000E+00
 18.   70.   0.97264531E-04   0.48381746E-03   0.27244748E-02   0.00000000E+00
 18.   71.   0.12170111E-03   0.80592232E-03   0.47189288E-02   0.00000000E+00
 18.   72.   0.29779763E-11   0.93526096E-03   0.54489496E-02   0.00000000E+00
 18.   73.  -0.12170110E-03   0.80592233E-03   0.47189288E-02   0.00000000E+00
 18.   74.  -0.97264536E-04   0.48381747E-03   0.27244749E-02   0.00000000E+00
 18.   75.   0.12874123E-03   0.12874125E-03   0.83222957E-10   0.00000000E+00
 18.   76.   0.48381745E-03  -0.97264528E-04  -0.27244747E-02   0.00000000E+00
 18.   77.   0.80592231E-03  -0.12170111E-03  -0.47189287E-02   0.00000000E+00
 18.   78.   0.93526096E-03   0.00000000E+00  -0.54489496E-02   0.00000000E+00
 19.    1.  -0.34584449E-04   0.00000000E+00   0.48037368E-04   0.00000000E+00
 19.    2.  -0.18307012E-04   0.33738238E-04   0.12432965E-04   0.00000000E+00
 19.    3.   0.16277433E-04   0.31708665E-04  -0.41601632E-04   0.00000000E+00
 19.    4.   0.36614013E-04  -0.20295740E-05  -0.33967596E-04   0.00000000E+00
 19.    5.   0.20336577E-04  -0.31708671E-04   0.24018670E-04   0.00000000E+00
 19.    6.  -0.18307009E-04  -0.29679101E-04   0.46400533E-04   0.00000000E+00
 19.    7.  -0.38643587E-04  -0.51962673E-11  -0.26612447E-10   0.00000000E+00
 19.    8.  -0.18307008E-04   0.29679092E-04  -0.46400588E-04   0.00000000E+00
 19.    9.   0.20336580E-04   0.31708664E-04  -0.24018727E-04   0.00000000E+00
 19.   10.   0.36614019E-04   0.20295693E-05   0.33967539E-04   0.00000000E+00
 19.   11.   0.16277441E-04  -0.31708669E-04   0.41601579E-04   0.00000000E+00
 19.   12.  -0.18307002E-04  -0.33738241E-04  -0.12433018E-04   0.00000000E+00
 19.   13.  -0.34584440E-04   0.00000000E+00  -0.48037423E-04   0.00000000E+00
 19.   14.  -0.30226232E-03   0.00000000E+00   0.15880863E-02   0.00000000E+00
 19.   15.  -0.17644009E-03   0.35622107E-03   0.41102698E-03   0.00000000E+00
 19.   16.   0.12582223E-03   0.30560320E-03  -0.13753230E-02   0.00000000E+00
 19.   17.   0.35288018E-03  -0.50617863E-04  -0.11229466E-02   0.00000000E+00
 19.   18.   0.22705796E-03  -0.30560321E-03   0.79404312E-03   0.00000000E+00
 19.   19.  -0.17644009E-03  -0.25498534E-03   0.15339735E-02   0.00000000E+00
 19.   20.  -0.40349805E-03  -0.76788425E-11   0.50335254E-10   0.00000000E+00
 19.   21.  -0.17644010E-03   0.25498533E-03  -0.15339735E-02   0.00000000E+00
 19.   22.   0.22705795E-03   0.30560321E-03  -0.79404317E-03   0.00000000E+00
 19.   23.   0.35288019E-03   0.50617875E-04   0.11229465E-02   0.00000000E+00
 19.   24.   0.12582224E-03  -0.30560320E-03   0.13753231E-02   0.00000000E+00
 19.   25.  -0.17644008E-03  -0.35622108E-03  -0.41102688E-03   0.00000000E+00
 19.   26.  -0.30226232E-03   0.00000000E+00  -0.15880862E-02   0.00000000E+00
 19.   27.  -0.25414794E-03   0.00000000E+00   0.55416426E-02   0.00000000E+00
 19.   28.  -0.28980421E-03   0.82741608E-03   0.14342827E-02   0.00000000E+00
 19.   29.  -0.35656261E-04   0.50195562E-03  -0.47992033E-02   0.00000000E+00
 19.   30.   0.57960841E-03  -0.32546046E-03  -0.39185331E-02   0.00000000E+00
 19.   31.   0.61526469E-03  -0.50195561E-03   0.27708212E-02   0.00000000E+00
 19.   32.  -0.28980420E-03  -0.17649514E-03   0.53528157E-02   0.00000000E+00
 19.   33.  -0.90506889E-03  -0.21290610E-12   0.14779554E-09   0.00000000E+00
 19.   34.  -0.28980424E-03   0.17649514E-03  -0.53528157E-02   0.00000000E+00
 19.   35.   0.61526466E-03   0.50195561E-03  -0.27708215E-02   0.00000000E+00
 19.   36.   0.57960843E-03   0.32546049E-03   0.39185329E-02   0.00000000E+00
 19.   37.  -0.35656244E-04  -0.50195558E-03   0.47992034E-02   0.00000000E+00
 19.   38.  -0.28980421E-03  -0.82741610E-03  -0.14342824E-02   0.00000000E+00
 19.   39.  -0.25414795E-03   0.00000000E+00  -0.55416426E-02   0.00000000E+00
 19.   40.   0.67018071E-03   0.00000000E+00   0.35106539E-02   0.00000000E+00
 19.   41.   0.62279503E-04   0.43775044E-03   0.90862409E-03   0.00000000E+00
 19.   42.  -0.60790121E-03  -0.10787126E-03  -0.30403155E-02   0.00000000E+00
 19.   43.  -0.12455902E-03  -0.54562171E-03  -0.24824072E-02   0.00000000E+00
 19.   44.   0.48334220E-03   0.10787125E-03   0.17553269E-02   0.00000000E+00
 19.   45.   0.62279511E-04   0.65349297E-03   0.33910313E-02   0.00000000E+00
 19.   46.  -0.42106270E-03   0.18755543E-10   0.84209891E-10   0.00000000E+00
 19.   47.   0.62279482E-04  -0.65349297E-03  -0.33910313E-02   0.00000000E+00
 19.   48.   0.48334220E-03  -0.10787129E-03  -0.17553271E-02   0.00000000E+00
 19.   49.  -0.12455898E-03   0.54562170E-03   0.24824071E-02   0.00000000E+00
 19.   50.  -0.60790121E-03   0.10787129E-03   0.30403156E-02   0.00000000E+00
 19.   51.   0.62279466E-04  -0.43775044E-03  -0.90862392E-03   0.00000000E+00
 19.   52.   0.67018071E-03   0.00000000E+00  -0.35106539E-02   0.00000000E+00
 19.   53.   0.99385966E-03   0.00000000E+00  -0.62645821E-02   0.00000000E+00
 19.   54.   0.38069963E-03  -0.42693070E-03  -0.16213932E-02   0.00000000E+00
 19.   55.  -0.61316003E-03  -0.65939110E-03   0.54252873E-02   0.00000000E+00
 19.   56.  -0.76139926E-03  -0.23246041E-03   0.44297286E-02   0.00000000E+00
 19.   57.  -0.14823924E-03   0.65939109E-03  -0.31322910E-02   0.00000000E+00
 19.   58.   0.38069963E-03   0.89185150E-03  -0.60511217E-02   0.00000000E+00
 19.   59.   0.52893886E-03   0.20946062E-10  -0.15244084E-09   0.00000000E+00
 19.   60.   0.38069964E-03  -0.89185149E-03   0.60511216E-02   0.00000000E+00
 19.   61.  -0.14823921E-03  -0.65939113E-03   0.31322913E-02   0.00000000E+00
 19.   62.  -0.76139925E-03   0.23246038E-03  -0.44297283E-02   0.00000000E+00
 19.   63.  -0.61316006E-03   0.65939110E-03  -0.54252874E-02   0.00000000E+00
 19.   64.   0.38069959E-03   0.42693071E-03   0.16213929E-02   0.00000000E+00
 19.   65.   0.99385966E-03   0.00000000E+00   0.62645822E-02   0.00000000E+00
 19.   66.  -0.99385966E-03   0.00000000E+00  -0.62645821E-02   0.00000000E+00
 19.   67.  -0.38069963E-03   0.42693070E-03  -0.16213932E-02   0.00000000E+00
 19.   68.   0.61316003E-03   0.65939110E-03   0.54252873E-02   0.00000000E+00
 19.   69.   0.76139926E-03   0.23246041E-03   0.44297286E-02   0.00000000E+00
 19.   70.   0.14823924E-03  -0.65939109E-03  -0.31322910E-02   0.00000000E+00
 19.   71.  -0.38069963E-03  -0.89185150E-03  -0.60511217E-02   0.00000000E+00
 19.   72.  -0.52893886E-03  -0.21335909E-10  -0.15240538E-09   0.00000000E+00
 19.   73.  -0.38069964E-03   0.89185149E-03   0.60511216E-02   0.00000000E+00
 19.   74.   0.14823921E-03   0.65939112E-03   0.31322913E-02   0.00000000E+00
 19.   75.   0.76139925E-03  -0.23246038E-03  -0.44297283E-02   0.00000000E+00
 19.   76.   0.61316006E-03  -0.65939110E-03  -0.54252874E-02   0.00000000E+00
 19.   77.  -0.38069959E-03  -0.42693071E-03   0.16213929E-02   0.00000000E+00
 19.   78.  -0.99385966E-03   0.00000000E+00   0.62645822E-02   0.00000000E+00
 20.    1.  -0.20946790E-02   0.00000000E+00  -0.13409594E-01   0.00000000E+00
 20.    2.  -0.20233046E-02  -0.54214283E-03  -0.13409594E-01   0.00000000E+00
 20.    3.  -0.18140453E-02  -0.10473395E-02  -0.13409594E-01   0.00000000E+00
 20.    4.  -0.14811618E-02  -0.14811618E-02  -0.13409594E-01   0.00000000E+00
 20.    5.  -0.10473395E-02  -0.18140453E-02  -0.13409594E-01   0.00000000E+00
 20.    6.  -0.54214284E-03  -0.20233046E-02  -0.13409594E-01   0.00000000E+00
 20.    7.  -0.10820321E-10  -0.20946790E-02  -0.13409594E-01   0.00000000E+00
 20.    8.   0.54214282E-03  -0.20233046E-02  -0.13409594E-01   0.00000000E+00
 20.    9.   0.10473395E-02  -0.18140453E-02  -0.13409594E-01   0.00000000E+00
 20.   10.   0.14811617E-02  -0.14811618E-02  -0.13409594E-01   0.00000000E+00
 20.   11.   0.18140453E-02  -0.10473395E-02  -0.13409594E-01   0.00000000E+00
 20.   12.   0.20233046E-02  -0.54214285E-03  -0.13409594E-01   0.00000000E+00
 20.   13.   0.20946790E-02   0.00000000E+00  -0.13409594E-01   0.00000000E+00
 20.   14.  -0.80413507E-03   0.00000000E+00   0.43206767E-02   0.00000000E+00
 20.   15.  -0.77673484E-03  -0.20812547E-03   0.43206767E-02   0.00000000E+00
 20.   16.  -0.69640140E-03  -0.40206754E-03   0.43206767E-02   0.00000000E+00
 20.   17.  -0.56860937E-03  -0.56860936E-03   0.43206767E-02   0.00000000E+00
 20.   18.  -0.40206754E-03  -0.69640140E-03   0.43206767E-02   0.00000000E+00
 20.   19.  -0.20812547E-03  -0.77673484E-03   0.43206767E-02   0.00000000E+00
 20.   20.  -0.27820548E-11  -0.80413507E-03   0.43206767E-02   0.00000000E+00
 20.   21.   0.20812547E-03  -0.77673484E-03   0.43206767E-02   0.00000000E+00
 20.   22.   0.40206753E-03  -0.69640141E-03   0.43206767E-02   0.00000000E+00
 20.   23.   0.56860936E-03  -0.56860937E-03   0.43206767E-02   0.00000000E+00
 20.   24.   0.69640140E-03  -0.40206754E-03   0.43206767E-02   0.00000000E+00
 20.   25.   0.77673484E-03  -0.20812548E-03   0.43206767E-02   0.00000000E+00
 20.   26.   0.80413508E-03   0.00000000E+00   0.43206767E-02   0.00000000E+00
 20.   27.   0.94441195E-03   0.00000000E+00   0.13501361E-02   0.00000000E+00
 20.   28.   0.91223190E-03   0.24443180E-03   0.13501361E-02   0.00000000E+00
 20.   29.   0.81788474E-03   0.47220597E-03   0.13501361E-02   0.00000000E+00
 20.   30.   0.66780009E-03   0.66780009E-03   0.13501361E-02   0.00000000E+00
 20.   31.   0.47220598E-03   0.81788474E-03   0.13501361E-02   0.00000000E+00
 20.   32.   0.24443180E-03   0.91223189E-03   0.13501361E-02   0.00000000E+00
 20.   33.   0.79910501E-11   0.94441195E-03   0.13501361E-02   0.00000000E+00
 20.   34.  -0.24443179E-03   0.91223190E-03   0.13501361E-02   0.00000000E+00
 20.   35.  -0.47220597E-03   0.81788474E-03   0.13501361E-02   0.00000000E+00
 20.   36.  -0.66780009E-03   0.66780010E-03   0.13501361E-02   0.00000000E+00
 20.   37.  -0.81788474E-03   0.47220599E-03   0.13501361E-02   0.00000000E+00
 20.   38.  -0.91223189E-03   0.24443181E-03   0.13501361E-02   0.00000000E+00
 20.   39.  -0.94441195E-03   0.00000000E+00   0.13501361E-02   0.00000000E+00
 20.   40.  -0.32489766E-03   0.00000000E+00  -0.38843702E-02   0.00000000E+00
 20.   41.  -0.31382704E-03  -0.84089702E-04  -0.38843702E-02   0.00000000E+00
 20.   42.  -0.28136962E-03  -0.16244883E-03  -0.38843702E-02   0.00000000E+00
 20.   43.  -0.22973734E-03  -0.22973733E-03  -0.38843702E-02   0.00000000E+00
 20.   44.  -0.16244883E-03  -0.28136962E-03  -0.38843702E-02   0.00000000E+00
 20.   45.  -0.84089702E-04  -0.31382704E-03  -0.38843702E-02   0.00000000E+00
 20.   46.  -0.10270766E-11  -0.32489766E-03  -0.38843702E-02   0.00000000E+00
 20.   47.   0.84089699E-04  -0.31382704E-03  -0.38843702E-02   0.00000000E+00
 20.   48.   0.16244882E-03  -0.28136963E-03  -0.38843702E-02   0.00000000E+00
 20.   49.   0.22973733E-03  -0.22973734E-03  -0.38843702E-02   0.00000000E+00
 20.   50.   0.28136963E-03  -0.16244883E-03  -0.38843702E-02   0.00000000E+00
 20.   51.   0.31382704E-03  -0.84089703E-04  -0.38843702E-02   0.00000000E+00
 20.   52.   0.32489765E-03   0.00000000E+00  -0.38843702E-02   0.00000000E+00
 20.   53.  -0.10793354E-02   0.00000000E+00   0.55906334E-02   0.00000000E+00
 20.   54.  -0.10425579E-02  -0.27935256E-03   0.55906333E-02   0.00000000E+00
 20.   55.  -0.93473188E-03  -0.53966770E-03   0.55906333E-02   0.00000000E+00
 20.   56.  -0.76320539E-03  -0.76320538E-03   0.55906333E-02   0.00000000E+00
 20.   57.  -0.53966771E-03  -0.93473188E-03   0.55906333E-02   0.00000000E+00
 20.   58.  -0.27935256E-03  -0.10425579E-02   0.55906334E-02   0.00000000E+00
 20.   59.  -0.98432788E-11  -0.10793354E-02   0.55906333E-02   0.00000000E+00
 20.   60.   0.27935255E-03  -0.10425579E-02   0.55906333E-02   0.00000000E+00
 20.   61.   0.53966770E-03  -0.93473188E-03   0.55906333E-02   0.00000000E+00
 20.   62.   0.76320538E-03  -0.76320539E-03   0.55906333E-02   0.00000000E+00
 20.   63.   0.93473188E-03  -0.53966771E-03   0.55906334E-02   0.00000000E+00
 20.   64.   0.10425579E-02  -0.27935257E-03   0.55906333E-02   0.00000000E+00
 20.   65.   0.10793354E-02   0.00000000E+00   0.55906333E-02   0.00000000E+00
 20.   66.   0.10793354E-02   0.00000000E+00   0.55906334E-02   0.00000000E+00
 20.   67.   0.10425579E-02   0.27935256E-03   0.55906333E-02   0.00000000E+00
 20.   68.   0.93473188E-03   0.53966770E-03   0.55906333E-02   0.00000000E+00
 20.   69.   0.76320539E-03   0.76320538E-03   0.55906333E-02   0.00000000E+00
 20.   70.   0.53966771E-03   0.93473188E-03   0.55906333E-02   0.00000000E+00
 20.   71.   0.27935256E-03   0.10425579E-02   0.55906334E-02   0.00000000E+00
 20.   72.   0.97105230E-11   0.10793354E-02   0.55906333E-02   0.00000000E+00
 20.   73.  -0.27935255E-03   0.10425579E-02   0.55906333E-02   0.00000000E+00
 20.   74.  -0.53966770E-03   0.93473188E-03   0.55906333E-02   0.00000000E+00
 20.   75.  -0.76320538E-03   0.76320539E-03   0.55906333E-02   0.00000000E+00
 20.   76.  -0.93473188E-03   0.53966771E-03   0.55906334E-02   0.00000000E+00
 20.   77.  -0.10425579E-02   0.27935257E-03   0.55906333E-02   0.00000000E+00
 20.   78.  -0.10793354E-02   0.00000000E+00   0.55906333E-02   0.00000000E+00
 21.    1.   0.26922641E-07   0.00000000E+00  -0.87254562E-08   0.00000000E+00
 21.    2.  -0.13814794E-07  -0.21999685E-07   0.61554401E-08   0.00000000E+00
 21.    3.  -0.12497721E-07   0.21645207E-07  -0.84442145E-11   0.00000000E+00
 21.    4.   0.25958575E-07   0.96284234E-09  -0.61722418E-08   0.00000000E+00
 21.    5.  -0.13461809E-07  -0.23317690E-07   0.87089750E-08   0.00000000E+00
 21.    6.  -0.12144746E-07   0.22961350E-07  -0.61719373E-08   0.00000000E+00
 21.    7.   0.24994788E-07  -0.18205468E-11  -0.81903778E-11   0.00000000E+00
 21.    8.  -0.12144255E-07  -0.22964992E-07   0.61552759E-08   0.00000000E+00
 21.    9.  -0.13461040E-07   0.23314440E-07  -0.87260213E-08   0.00000000E+00
 21.   10.   0.25959665E-07  -0.96551335E-09   0.61547003E-08   0.00000000E+00
 21.   11.  -0.12496600E-07  -0.21647197E-07  -0.93529025E-11   0.00000000E+00
 21.   12.  -0.13813634E-07   0.21998335E-07  -0.61732511E-08   0.00000000E+00
 21.   13.   0.26923883E-07   0.00000000E+00   0.87078337E-08   0.00000000E+00
 21.   14.   0.66529997E-05   0.00000000E+00  -0.15864154E-04   0.00000000E+00
 21.   15.  -0.32171878E-05  -0.61696249E-05   0.11217654E-04   0.00000000E+00
 21.   16.  -0.36251458E-05   0.62789360E-05   0.32498892E-11   0.00000000E+00
 21.   17.   0.69516452E-05  -0.29864623E-06  -0.11217650E-04   0.00000000E+00
 21.   18.  -0.33264998E-05  -0.57616676E-05   0.15864158E-04   0.00000000E+00
 21.   19.  -0.37344579E-05   0.58709778E-05  -0.11217649E-04   0.00000000E+00
 21.   20.   0.72502914E-05  -0.54885920E-12   0.20786553E-11   0.00000000E+00
 21.   21.  -0.37344571E-05  -0.58709800E-05   0.11217656E-04   0.00000000E+00
 21.   22.  -0.33265001E-05   0.57616655E-05  -0.15864153E-04   0.00000000E+00
 21.   23.   0.69516457E-05   0.29864562E-06   0.11217654E-04   0.00000000E+00
 21.   24.  -0.36251451E-05  -0.62789370E-05   0.40938157E-11   0.00000000E+00
 21.   25.  -0.32171884E-05   0.61696240E-05  -0.11217650E-04   0.00000000E+00
 21.   26.   0.66529995E-05   0.00000000E+00   0.15864159E-04   0.00000000E+00
 21.   27.   0.11613312E-03   0.00000000E+00  -0.49739631E-03   0.00000000E+00
 21.   28.  -0.52566429E-04  -0.12110099E-03   0.35171230E-03   0.00000000E+00
 21.   29.  -0.73093190E-04   0.12660112E-03   0.43334306E-11   0.00000000E+00
 21.   30.   0.13115975E-03  -0.15026629E-04  -0.35171231E-03   0.00000000E+00
 21.   31.  -0.58066556E-04  -0.10057423E-03   0.49739631E-03   0.00000000E+00
 21.   32.  -0.78593322E-04   0.10607436E-03  -0.35171229E-03   0.00000000E+00
 21.   33.   0.14618638E-03   0.48061656E-11  -0.23173235E-10   0.00000000E+00
 21.   34.  -0.78593311E-04  -0.10607436E-03   0.35171233E-03   0.00000000E+00
 21.   35.  -0.58066568E-04   0.10057423E-03  -0.49739630E-03   0.00000000E+00
 21.   36.   0.13115975E-03   0.15026640E-04   0.35171228E-03   0.00000000E+00
 21.   37.  -0.73093183E-04  -0.12660112E-03   0.44944811E-10   0.00000000E+00
 21.   38.  -0.52566440E-04   0.12110098E-03  -0.35171233E-03   0.00000000E+00
 21.   39.   0.11613312E-03   0.00000000E+00   0.49739631E-03   0.00000000E+00
 21.   40.   0.46242780E-03   0.00000000E+00  -0.35031424E-02   0.00000000E+00
 21.   41.  -0.17679232E-03  -0.60357834E-03   0.24770957E-02   0.00000000E+00
 21.   42.  -0.37989643E-03   0.65799992E-03   0.98927447E-11   0.00000000E+00
 21.   43.   0.61111033E-03  -0.14868252E-03  -0.24770958E-02   0.00000000E+00
 21.   44.  -0.23121389E-03  -0.40047423E-03   0.35031424E-02   0.00000000E+00
 21.   45.  -0.43431802E-03   0.45489580E-03  -0.24770957E-02   0.00000000E+00
 21.   46.   0.75979286E-03   0.17125669E-10  -0.16793315E-09   0.00000000E+00
 21.   47.  -0.43431797E-03  -0.45489582E-03   0.24770959E-02   0.00000000E+00
 21.   48.  -0.23121395E-03   0.40047420E-03  -0.35031424E-02   0.00000000E+00
 21.   49.   0.61111034E-03   0.14868257E-03   0.24770956E-02   0.00000000E+00
 21.   50.  -0.37989640E-03  -0.65799994E-03   0.31427300E-09   0.00000000E+00
 21.   51.  -0.17679236E-03   0.60357830E-03  -0.24770960E-02   0.00000000E+00
 21.   52.   0.46242780E-03   0.00000000E+00   0.35031424E-02   0.00000000E+00
 21.   53.   0.95806271E-03   0.00000000E+00  -0.10707280E-01   0.00000000E+00
 21.   54.  -0.33737623E-03  -0.13583708E-02   0.75711905E-02   0.00000000E+00
 21.   55.  -0.86604035E-03   0.15000259E-02   0.37790098E-10   0.00000000E+00
 21.   56.   0.13450717E-02  -0.38700897E-03  -0.75711907E-02   0.00000000E+00
 21.   57.  -0.47903132E-03  -0.82970666E-03   0.10707280E-01   0.00000000E+00
 21.   58.  -0.10076955E-02   0.97136176E-03  -0.75711903E-02   0.00000000E+00
 21.   59.   0.17320807E-02   0.34168866E-10  -0.49981939E-09   0.00000000E+00
 21.   60.  -0.10076954E-02  -0.97136178E-03   0.75711910E-02   0.00000000E+00
 21.   61.  -0.47903145E-03   0.82970659E-03  -0.10707280E-01   0.00000000E+00
 21.   62.   0.13450717E-02   0.38700908E-03   0.75711900E-02   0.00000000E+00
 21.   63.  -0.86604029E-03  -0.15000259E-02   0.97563674E-09   0.00000000E+00
 21.   64.  -0.33737631E-03   0.13583707E-02  -0.75711912E-02   0.00000000E+00
 21.   65.   0.95806270E-03   0.00000000E+00   0.10707280E-01   0.00000000E+00
 21.   66.  -0.95806271E-03   0.00000000E+00  -0.10707280E-01   0.00000000E+00
 21.   67.   0.33737623E-03   0.13583708E-02   0.75711905E-02   0.00000000E+00
 21.   68.   0.86604035E-03  -0.15000259E-02   0.37683710E-10   0.00000000E+00
 21.   69.  -0.13450717E-02   0.38700897E-03  -0.75711907E-02   0.00000000E+00
 21.   70.   0.47903132E-03   0.82970666E-03   0.10707280E-01   0.00000000E+00
 21.   71.   0.10076955E-02  -0.97136176E-03  -0.75711903E-02   0.00000000E+00
 21.   72.  -0.17320807E-02  -0.35700551E-10  -0.49991681E-09   0.00000000E+00
 21.   73.   0.10076954E-02   0.97136178E-03   0.75711910E-02   0.00000000E+00
 21.   74.   0.47903145E-03  -0.82970659E-03  -0.10707280E-01   0.00000000E+00
 21.   75.  -0.13450717E-02  -0.38700908E-03   0.75711900E-02   0.00000000E+00
 21.   76.   0.86604029E-03   0.15000259E-02   0.97559025E-09   0.00000000E+00
 21.   77.   0.33737631E-03  -0.13583707E-02  -0.75711912E-02   0.00000000E+00
 21.   78.  -0.95806270E-03   0.00000000E+00   0.10707280E-01   0.00000000E+00
 22.    1.  -0.31482549E-03   0.00000000E+00   0.16531598E-02   0.00000000E+00
 22.    2.  -0.32368879E-03   0.34790376E-03   0.11689605E-02   0.00000000E+00
 22.    3.  -0.29686185E-03   0.51417980E-03  -0.13588952E-11   0.00000000E+00
 22.    4.  -0.13944910E-03   0.45427459E-03  -0.11689605E-02   0.00000000E+00
 22.    5.   0.15741274E-03   0.27264687E-03  -0.16531598E-02   0.00000000E+00
 22.    6.   0.46313788E-03   0.10637083E-03  -0.11689605E-02   0.00000000E+00
 22.    7.   0.59372369E-03   0.27338321E-11  -0.22652627E-10   0.00000000E+00
 22.    8.   0.46313789E-03  -0.10637083E-03   0.11689605E-02   0.00000000E+00
 22.    9.   0.15741275E-03  -0.27264686E-03   0.16531598E-02   0.00000000E+00
 22.   10.  -0.13944909E-03  -0.45427458E-03   0.11689605E-02   0.00000000E+00
 22.   11.  -0.29686184E-03  -0.51417980E-03   0.48746120E-10   0.00000000E+00
 22.   12.  -0.32368878E-03  -0.34790377E-03  -0.11689605E-02   0.00000000E+00
 22.   13.  -0.31482549E-03   0.00000000E+00  -0.16531598E-02   0.00000000E+00
 22.   14.  -0.77909487E-04   0.00000000E+00   0.52889080E-02   0.00000000E+00
 22.   15.  -0.20034147E-03   0.53483186E-03   0.37398227E-02   0.00000000E+00
 22.   16.  -0.40196199E-03   0.69621859E-03   0.57500914E-11   0.00000000E+00
 22.   17.  -0.36300725E-03   0.44091674E-03  -0.37398227E-02   0.00000000E+00
 22.   18.   0.38954738E-04   0.67471598E-04  -0.52889080E-02   0.00000000E+00
 22.   19.   0.56334871E-03  -0.93915129E-04  -0.37398227E-02   0.00000000E+00
 22.   20.   0.80392398E-03  -0.25202693E-11  -0.85658707E-10   0.00000000E+00
 22.   21.   0.56334873E-03   0.93915130E-04   0.37398226E-02   0.00000000E+00
 22.   22.   0.38954761E-04  -0.67471587E-04   0.52889080E-02   0.00000000E+00
 22.   23.  -0.36300724E-03  -0.44091672E-03   0.37398228E-02   0.00000000E+00
 22.   24.  -0.40196199E-03  -0.69621858E-03   0.16004480E-09   0.00000000E+00
 22.   25.  -0.20034148E-03  -0.53483188E-03  -0.37398226E-02   0.00000000E+00
 22.   26.  -0.77909486E-04   0.00000000E+00  -0.52889080E-02   0.00000000E+00
 22.   27.   0.72675388E-03   0.00000000E+00   0.68131512E-03   0.00000000E+00
 22.   28.   0.48417316E-03   0.17856968E-03   0.48176254E-03   0.00000000E+00
 22.   29.  -0.33355524E-04   0.57773463E-04   0.21621925E-11   0.00000000E+00
 22.   30.  -0.39673246E-03  -0.33002141E-03  -0.48176254E-03   0.00000000E+00
 22.   31.  -0.36337694E-03  -0.62938732E-03  -0.68131512E-03   0.00000000E+00
 22.   32.  -0.87440701E-04  -0.50859110E-03  -0.48176254E-03   0.00000000E+00
 22.   33.   0.66711047E-04  -0.11707389E-10  -0.11063248E-10   0.00000000E+00
 22.   34.  -0.87440692E-04   0.50859109E-03   0.48176253E-03   0.00000000E+00
 22.   35.  -0.36337694E-03   0.62938733E-03   0.68131512E-03   0.00000000E+00
 22.   36.  -0.39673247E-03   0.33002143E-03   0.48176255E-03   0.00000000E+00
 22.   37.  -0.33355545E-04  -0.57773451E-04   0.20192274E-10   0.00000000E+00
 22.   38.   0.48417315E-03  -0.17856969E-03  -0.48176253E-03   0.00000000E+00
 22.   39.   0.72675388E-03   0.00000000E+00  -0.68131512E-03   0.00000000E+00
 22.   40.  -0.26915352E-03   0.00000000E+00  -0.30696183E-02   0.00000000E+00
 22.   41.  -0.14353952E-03  -0.19964433E-03  -0.21705479E-02   0.00000000E+00
 22.   42.   0.11009006E-03  -0.19068158E-03  -0.55734196E-11   0.00000000E+00
 22.   43.   0.24466682E-03   0.24486700E-04   0.21705479E-02   0.00000000E+00
 22.   44.   0.13457676E-03   0.23309379E-03   0.30696183E-02   0.00000000E+00
 22.   45.  -0.10112730E-03   0.22413103E-03   0.21705479E-02   0.00000000E+00
 22.   46.  -0.22018012E-03   0.48113743E-11   0.47505374E-10   0.00000000E+00
 22.   47.  -0.10112731E-03  -0.22413103E-03  -0.21705478E-02   0.00000000E+00
 22.   48.   0.13457675E-03  -0.23309379E-03  -0.30696183E-02   0.00000000E+00
 22.   49.   0.24466682E-03  -0.24486710E-04  -0.21705479E-02   0.00000000E+00
 22.   50.   0.11009007E-03   0.19068157E-03  -0.94225171E-10   0.00000000E+00
 22.   51.  -0.14353951E-03   0.19964433E-03   0.21705478E-02   0.00000000E+00
 22.   52.  -0.26915352E-03   0.00000000E+00   0.30696183E-02   0.00000000E+00
 22.   53.  -0.83482707E-03   0.00000000E+00   0.42992499E-02   0.00000000E+00
 22.   54.  -0.60865486E-03  -0.92590961E-05   0.30400288E-02   0.00000000E+00
 22.   55.  -0.10506749E-03   0.18198223E-03   0.89183486E-11   0.00000000E+00
 22.   56.   0.31234604E-03   0.52248102E-03  -0.30400287E-02   0.00000000E+00
 22.   57.   0.41741353E-03   0.72298145E-03  -0.42992499E-02   0.00000000E+00
 22.   58.   0.29630882E-03   0.53174012E-03  -0.30400288E-02   0.00000000E+00
 22.   59.   0.21013498E-03   0.13246372E-10  -0.69688693E-10   0.00000000E+00
 22.   60.   0.29630881E-03  -0.53174011E-03   0.30400287E-02   0.00000000E+00
 22.   61.   0.41741353E-03  -0.72298145E-03   0.42992499E-02   0.00000000E+00
 22.   62.   0.31234606E-03  -0.52248104E-03   0.30400288E-02   0.00000000E+00
 22.   63.  -0.10506747E-03  -0.18198224E-03   0.13489567E-09   0.00000000E+00
 22.   64.  -0.60865485E-03   0.92590938E-05  -0.30400287E-02   0.00000000E+00
 22.   65.  -0.83482706E-03   0.00000000E+00  -0.42992499E-02   0.00000000E+00
 22.   66.   0.83482707E-03   0.00000000E+00   0.42992499E-02   0.00000000E+00
 22.   67.   0.60865486E-03   0.92590968E-05   0.30400288E-02   0.00000000E+00
 22.   68.   0.10506749E-03  -0.18198223E-03   0.95202042E-11   0.00000000E+00
 22.   69.  -0.31234604E-03  -0.52248102E-03  -0.30400287E-02   0.00000000E+00
 22.   70.  -0.41741353E-03  -0.72298145E-03  -0.42992499E-02   0.00000000E+00
 22.   71.  -0.29630882E-03  -0.53174012E-03  -0.30400288E-02   0.00000000E+00
 22.   72.  -0.21013498E-03  -0.13615222E-10  -0.69281915E-10   0.00000000E+00
 22.   73.  -0.29630881E-03   0.53174011E-03   0.30400287E-02   0.00000000E+00
 22.   74.  -0.41741353E-03   0.72298145E-03   0.42992499E-02   0.00000000E+00
 22.   75.  -0.31234605E-03   0.52248104E-03   0.30400288E-02   0.00000000E+00
 22.   76.   0.10506747E-03   0.18198224E-03   0.13520708E-09   0.00000000E+00
 22.   77.   0.60865484E-03  -0.92590934E-05  -0.30400287E-02   0.00000000E+00
 22.   78.   0.83482707E-03   0.00000000E+00  -0.42992499E-02   0.00000000E+00
 23.    1.  -0.11993545E-02   0.00000000E+00  -0.10223680E-01   0.00000000E+00
 23.    2.  -0.10553633E-02  -0.53738243E-03  -0.98753169E-02   0.00000000E+00
 23.    3.  -0.66197203E-03  -0.93077367E-03  -0.88539669E-02   0.00000000E+00
 23.    4.  -0.12458961E-03  -0.10747649E-02  -0.72292337E-02   0.00000000E+00
 23.    5.   0.41279282E-03  -0.93077367E-03  -0.51118402E-02   0.00000000E+00
 23.    6.   0.80618406E-03  -0.53738243E-03  -0.26460832E-02   0.00000000E+00
 23.    7.   0.95017525E-03  -0.10018856E-10  -0.46590154E-10   0.00000000E+00
 23.    8.   0.80618407E-03   0.53738242E-03   0.26460831E-02   0.00000000E+00
 23.    9.   0.41279284E-03   0.93077366E-03   0.51118401E-02   0.00000000E+00
 23.   10.  -0.12458959E-03   0.10747649E-02   0.72292336E-02   0.00000000E+00
 23.   11.  -0.66197201E-03   0.93077368E-03   0.88539668E-02   0.00000000E+00
 23.   12.  -0.10553633E-02   0.53738245E-03   0.98753168E-02   0.00000000E+00
 23.   13.  -0.11993545E-02   0.00000000E+00   0.10223680E-01   0.00000000E+00
 23.   14.  -0.82214830E-03   0.00000000E+00   0.18059829E-02   0.00000000E+00
 23.   15.  -0.77316881E-03  -0.18279397E-03   0.17444455E-02   0.00000000E+00
 23.   16.  -0.63935434E-03  -0.31660844E-03   0.15640271E-02   0.00000000E+00
 23.   17.  -0.45656038E-03  -0.36558793E-03   0.12770228E-02   0.00000000E+00
 23.   18.  -0.27376641E-03  -0.31660844E-03   0.90299146E-03   0.00000000E+00
 23.   19.  -0.13995194E-03  -0.18279397E-03   0.46742278E-03   0.00000000E+00
 23.   20.  -0.90972441E-04  -0.37705155E-11   0.48481898E-11   0.00000000E+00
 23.   21.  -0.13995193E-03   0.18279396E-03  -0.46742276E-03   0.00000000E+00
 23.   22.  -0.27376640E-03   0.31660843E-03  -0.90299144E-03   0.00000000E+00
 23.   23.  -0.45656037E-03   0.36558793E-03  -0.12770228E-02   0.00000000E+00
 23.   24.  -0.63935433E-03   0.31660844E-03  -0.15640271E-02   0.00000000E+00
 23.   25.  -0.77316881E-03   0.18279397E-03  -0.17444455E-02   0.00000000E+00
 23.   26.  -0.82214830E-03   0.00000000E+00  -0.18059829E-02   0.00000000E+00
 23.   27.   0.65987005E-03   0.00000000E+00   0.18528188E-02   0.00000000E+00
 23.   28.   0.61162368E-03   0.18005791E-03   0.17896855E-02   0.00000000E+00
 23.   29.   0.47981213E-03   0.31186946E-03   0.16045881E-02   0.00000000E+00
 23.   30.   0.29975422E-03   0.36011583E-03   0.13101407E-02   0.00000000E+00
 23.   31.   0.11969631E-03   0.31186946E-03   0.92640938E-03   0.00000000E+00
 23.   32.  -0.12115236E-04   0.18005792E-03   0.47954479E-03   0.00000000E+00
 23.   33.  -0.60361611E-04   0.30587522E-11   0.90393487E-11   0.00000000E+00
 23.   34.  -0.12115242E-04  -0.18005791E-03  -0.47954477E-03   0.00000000E+00
 23.   35.   0.11969630E-03  -0.31186946E-03  -0.92640937E-03   0.00000000E+00
 23.   36.   0.29975421E-03  -0.36011583E-03  -0.13101407E-02   0.00000000E+00
 23.   37.   0.47981213E-03  -0.31186946E-03  -0.16045881E-02   0.00000000E+00
 23.   38.   0.61162367E-03  -0.18005792E-03  -0.17896855E-02   0.00000000E+00
 23.   39.   0.65987005E-03   0.00000000E+00  -0.18528188E-02   0.00000000E+00
 23.   40.  -0.15541240E-03   0.00000000E+00  -0.28843808E-02   0.00000000E+00
 23.   41.  -0.14038649E-03  -0.56077468E-04  -0.27860979E-02   0.00000000E+00
 23.   42.  -0.99334931E-04  -0.97129028E-04  -0.24979471E-02   0.00000000E+00
 23.   43.  -0.43257463E-04  -0.11215494E-03  -0.20395652E-02   0.00000000E+00
 23.   44.   0.12820008E-04  -0.97129028E-04  -0.14421904E-02   0.00000000E+00
 23.   45.   0.53871563E-04  -0.56077471E-04  -0.74653269E-03   0.00000000E+00
 23.   46.   0.68897477E-04  -0.30572174E-11  -0.15703311E-10   0.00000000E+00
 23.   47.   0.53871564E-04   0.56077464E-04   0.74653266E-03   0.00000000E+00
 23.   48.   0.12820010E-04   0.97129027E-04   0.14421904E-02   0.00000000E+00
 23.   49.  -0.43257461E-04   0.11215494E-03   0.20395652E-02   0.00000000E+00
 23.   50.  -0.99334931E-04   0.97129029E-04   0.24979470E-02   0.00000000E+00
 23.   51.  -0.14038649E-03   0.56077471E-04   0.27860979E-02   0.00000000E+00
 23.   52.  -0.15541240E-03   0.00000000E+00   0.28843808E-02   0.00000000E+00
 23.   53.  -0.81833611E-03   0.00000000E+00   0.39784213E-02   0.00000000E+00
 23.   54.  -0.76781034E-03  -0.18856476E-03   0.38428599E-02   0.00000000E+00
 23.   55.  -0.62977135E-03  -0.32660375E-03   0.34454139E-02   0.00000000E+00
 23.   56.  -0.44120659E-03  -0.37712952E-03   0.28131687E-02   0.00000000E+00
 23.   57.  -0.25264184E-03  -0.32660374E-03   0.19892106E-02   0.00000000E+00
 23.   58.  -0.11460285E-03  -0.18856476E-03   0.10296912E-02   0.00000000E+00
 23.   59.  -0.64077072E-04  -0.21617044E-11   0.15653545E-10   0.00000000E+00
 23.   60.  -0.11460284E-03   0.18856475E-03  -0.10296912E-02   0.00000000E+00
 23.   61.  -0.25264183E-03   0.32660374E-03  -0.19892106E-02   0.00000000E+00
 23.   62.  -0.44120658E-03   0.37712951E-03  -0.28131686E-02   0.00000000E+00
 23.   63.  -0.62977134E-03   0.32660375E-03  -0.34454139E-02   0.00000000E+00
 23.   64.  -0.76781033E-03   0.18856477E-03  -0.38428598E-02   0.00000000E+00
 23.   65.  -0.81833610E-03   0.00000000E+00  -0.39784213E-02   0.00000000E+00
 23.   66.   0.81833611E-03   0.00000000E+00   0.39784213E-02   0.00000000E+00
 23.   67.   0.76781033E-03   0.18856476E-03   0.38428599E-02   0.00000000E+00
 23.   68.   0.62977135E-03   0.32660374E-03   0.34454139E-02   0.00000000E+00
 23.   69.   0.44120659E-03   0.37712952E-03   0.28131687E-02   0.00000000E+00
 23.   70.   0.25264183E-03   0.32660374E-03   0.19892106E-02   0.00000000E+00
 23.   71.   0.11460285E-03   0.18856476E-03   0.10296912E-02   0.00000000E+00
 23.   72.   0.64077079E-04  -0.15623925E-12   0.16327387E-10   0.00000000E+00
 23.   73.   0.11460285E-03  -0.18856475E-03  -0.10296912E-02   0.00000000E+00
 23.   74.   0.25264183E-03  -0.32660374E-03  -0.19892106E-02   0.00000000E+00
 23.   75.   0.44120658E-03  -0.37712951E-03  -0.28131686E-02   0.00000000E+00
 23.   76.   0.62977134E-03  -0.32660375E-03  -0.34454139E-02   0.00000000E+00
 23.   77.   0.76781032E-03  -0.18856476E-03  -0.38428598E-02   0.00000000E+00
 23.   78.   0.81833611E-03   0.00000000E+00  -0.39784213E-02   0.00000000E+00
 24.    1.   0.63829890E-01   0.00000000E+00   0.23574140E-02   0.00000000E+00
 24.    2.   0.61530350E-01  -0.16055414E-01   0.20415805E-02   0.00000000E+00
 24.    3.   0.54861420E-01  -0.31192876E-01   0.11787070E-02   0.00000000E+00
 24.    4.   0.44453775E-01  -0.44453775E-01   0.33810948E-10   0.00000000E+00
 24.    5.   0.31192876E-01  -0.54861420E-01  -0.11787070E-02   0.00000000E+00
 24.    6.   0.16055415E-01  -0.61530349E-01  -0.20415804E-02   0.00000000E+00
 24.    7.   0.32058320E-09  -0.63829890E-01  -0.23574140E-02   0.00000000E+00
 24.    8.  -0.16055414E-01  -0.61530350E-01  -0.20415804E-02   0.00000000E+00
 24.    9.  -0.31192876E-01  -0.54861420E-01  -0.11787071E-02   0.00000000E+00
 24.   10.  -0.44453775E-01  -0.44453775E-01  -0.72120166E-10   0.00000000E+00
 24.   11.  -0.54861419E-01  -0.31192877E-01   0.11787069E-02   0.00000000E+00
 24.   12.  -0.61530349E-01  -0.16055415E-01   0.20415803E-02   0.00000000E+00
 24.   13.  -0.63829890E-01   0.00000000E+00   0.23574139E-02   0.00000000E+00
 24.   14.   0.69993740E-01   0.00000000E+00   0.42166212E-03   0.00000000E+00
 24.   15.   0.65068139E-01  -0.86339812E-02   0.36517011E-03   0.00000000E+00
 24.   16.   0.52115269E-01  -0.20272553E-01   0.21083106E-03   0.00000000E+00
 24.   17.   0.35610830E-01  -0.35610829E-01  -0.77349113E-11   0.00000000E+00
 24.   18.   0.20272554E-01  -0.52115269E-01  -0.21083107E-03   0.00000000E+00
 24.   19.   0.86339813E-02  -0.65068139E-01  -0.36517011E-03   0.00000000E+00
 24.   20.   0.16308345E-09  -0.69993740E-01  -0.42166211E-03   0.00000000E+00
 24.   21.  -0.86339809E-02  -0.65068139E-01  -0.36517010E-03   0.00000000E+00
 24.   22.  -0.20272553E-01  -0.52115269E-01  -0.21083105E-03   0.00000000E+00
 24.   23.  -0.35610829E-01  -0.35610830E-01   0.71914817E-11   0.00000000E+00
 24.   24.  -0.52115268E-01  -0.20272554E-01   0.21083106E-03   0.00000000E+00
 24.   25.  -0.65068138E-01  -0.86339816E-02   0.36517011E-03   0.00000000E+00
 24.   26.  -0.69993740E-01   0.00000000E+00   0.42166213E-03   0.00000000E+00
 24.   27.   0.77961221E-01   0.00000000E+00   0.68288885E-04   0.00000000E+00
 24.   28.   0.71900997E-01  -0.74748430E-02   0.59139932E-04   0.00000000E+00
 24.   29.   0.56127195E-01  -0.19253932E-01   0.34144487E-04   0.00000000E+00
 24.   30.   0.36528417E-01  -0.36528417E-01  -0.54312617E-11   0.00000000E+00
 24.   31.   0.19253932E-01  -0.56127194E-01  -0.34144500E-04   0.00000000E+00
 24.   32.   0.74748431E-02  -0.71900997E-01  -0.59139947E-04   0.00000000E+00
 24.   33.   0.13278384E-09  -0.77961221E-01  -0.68288882E-04   0.00000000E+00
 24.   34.  -0.74748428E-02  -0.71900997E-01  -0.59139930E-04   0.00000000E+00
 24.   35.  -0.19253931E-01  -0.56127195E-01  -0.34144470E-04   0.00000000E+00
 24.   36.  -0.36528416E-01  -0.36528417E-01  -0.72688932E-12   0.00000000E+00
 24.   37.  -0.56127194E-01  -0.19253932E-01   0.34144478E-04   0.00000000E+00
 24.   38.  -0.71900996E-01  -0.74748434E-02   0.59139948E-04   0.00000000E+00
 24.   39.  -0.77961221E-01   0.00000000E+00   0.68288912E-04   0.00000000E+00
 24.   40.   0.83364426E-01   0.00000000E+00  -0.13259688E-03   0.00000000E+00
 24.   41.   0.75084757E-01  -0.12773215E-02  -0.11483226E-03   0.00000000E+00
 24.   42.   0.53996143E-01  -0.10159638E-01  -0.66298401E-04   0.00000000E+00
 24.   43.   0.29227782E-01  -0.29227782E-01   0.18387477E-10   0.00000000E+00
 24.   44.   0.10159638E-01  -0.53996143E-01   0.66298420E-04   0.00000000E+00
 24.   45.   0.12773216E-02  -0.75084757E-01   0.11483226E-03   0.00000000E+00
 24.   46.  -0.96016572E-11  -0.83364426E-01   0.13259690E-03   0.00000000E+00
 24.   47.  -0.12773214E-02  -0.75084757E-01   0.11483224E-03   0.00000000E+00
 24.   48.  -0.10159637E-01  -0.53996144E-01   0.66298405E-04   0.00000000E+00
 24.   49.  -0.29227781E-01  -0.29227783E-01  -0.20454737E-10   0.00000000E+00
 24.   50.  -0.53996142E-01  -0.10159638E-01  -0.66298439E-04   0.00000000E+00
 24.   51.  -0.75084756E-01  -0.12773217E-02  -0.11483225E-03   0.00000000E+00
 24.   52.  -0.83364426E-01   0.00000000E+00  -0.13259693E-03   0.00000000E+00
 24.   53.   0.83329706E-01   0.00000000E+00  -0.31489971E-03   0.00000000E+00
 24.   54.   0.71897222E-01   0.10502547E-01  -0.27271119E-03   0.00000000E+00
 24.   55.   0.43412591E-01   0.81368930E-02  -0.15744993E-03   0.00000000E+00
 24.   56.   0.11969464E-01  -0.11969464E-01   0.95897919E-11   0.00000000E+00
 24.   57.  -0.81368929E-02  -0.43412591E-01   0.15744987E-03   0.00000000E+00
 24.   58.  -0.10502547E-01  -0.71897222E-01   0.27271121E-03   0.00000000E+00
 24.   59.  -0.26109903E-09  -0.83329706E-01   0.31489974E-03   0.00000000E+00
 24.   60.   0.10502547E-01  -0.71897223E-01   0.27271117E-03   0.00000000E+00
 24.   61.   0.81368934E-02  -0.43412592E-01   0.15744997E-03   0.00000000E+00
 24.   62.  -0.11969463E-01  -0.11969465E-01   0.24633365E-10   0.00000000E+00
 24.   63.  -0.43412590E-01   0.81368926E-02  -0.15744987E-03   0.00000000E+00
 24.   64.  -0.71897221E-01   0.10502547E-01  -0.27271114E-03   0.00000000E+00
 24.   65.  -0.83329706E-01   0.00000000E+00  -0.31489974E-03   0.00000000E+00
 24.   66.   0.83329706E-01   0.00000000E+00   0.31489981E-03   0.00000000E+00
 24.   67.   0.71897222E-01   0.10502547E-01   0.27271119E-03   0.00000000E+00
 24.   68.   0.43412591E-01   0.81368930E-02   0.15744983E-03   0.00000000E+00
 24.   69.   0.11969464E-01  -0.11969464E-01   0.12086540E-10   0.00000000E+00
 24.   70.  -0.81368929E-02  -0.43412591E-01  -0.15744989E-03   0.00000000E+00
 24.   71.  -0.10502547E-01  -0.71897222E-01  -0.27271117E-03   0.00000000E+00
 24.   72.  -0.25245039E-09  -0.83329706E-01  -0.31489978E-03   0.00000000E+00
 24.   73.   0.10502547E-01  -0.71897223E-01  -0.27271122E-03   0.00000000E+00
 24.   74.   0.81368933E-02  -0.43412592E-01  -0.15744980E-03   0.00000000E+00
 24.   75.  -0.11969463E-01  -0.11969465E-01   0.15047599E-10   0.00000000E+00
 24.   76.  -0.43412590E-01   0.81368926E-02   0.15744988E-03   0.00000000E+00
 24.   77.  -0.71897221E-01   0.10502547E-01   0.27271123E-03   0.00000000E+00
 24.   78.  -0.83329706E-01   0.00000000E+00   0.31489978E-03   0.00000000E+00
