mode k UX UY UZ VOLT
  1.    1.   0.10000000E+01   0.00000000E+00  -0.45654304E-01   0.00000000E+00
  1.    2.   0.10000000E+01  -0.79666094E-13  -0.45392116E-01   0.00000000E+00
  1.    3.   0.10000000E+01  -0.16054790E-12  -0.44623420E-01   0.00000000E+00
  1.    4.   0.10000000E+01  -0.18497136E-12  -0.43400600E-01   0.00000000E+00
  1.    5.   0.10000000E+01  -0.14583478E-12  -0.41806991E-01   0.00000000E+00
  1.    6.   0.10000000E+01  -0.10234958E-12  -0.39951194E-01   0.00000000E+00
  1.    7.   0.10000000E+01  -0.49067935E-13  -0.37959678E-01   0.00000000E+00
  1.    8.   0.10000000E+01   0.37239317E-14  -0.35968163E-01   0.00000000E+00
  1.    9.   0.10000000E+01   0.23358301E-13  -0.34112365E-01   0.00000000E+00
  1.   10.   0.10000000E+01   0.58110664E-13  -0.32518756E-01   0.00000000E+00
  1.   11.   0.10000000E+01   0.41065380E-13  -0.31295937E-01   0.00000000E+00
  1.   12.   0.10000000E+01   0.14742347E-13  -0.30527241E-01   0.00000000E+00
  1.   13.   0.10000000E+01   0.00000000E+00  -0.30265052E-01   0.00000000E+00
  1.   14.   0.10000000E+01   0.00000000E+00  -0.55272586E-01   0.00000000E+00
  1.   15.   0.10000000E+01  -0.13873733E-12  -0.54682663E-01   0.00000000E+00
  1.   16.   0.10000000E+01  -0.24792388E-12  -0.52953096E-01   0.00000000E+00
  1.   17.   0.10000000E+01  -0.26452568E-12  -0.50201753E-01   0.00000000E+00
  1.   18.   0.10000000E+01  -0.23577619E-12  -0.46616132E-01   0.00000000E+00
  1.   19.   0.10000000E+01  -0.13923297E-12  -0.42440589E-01   0.00000000E+00
  1.   20.   0.10000000E+01  -0.52193334E-13  -0.37959678E-01   0.00000000E+00
  1.   21.   0.10000000E+01   0.12210002E-13  -0.33478768E-01   0.00000000E+00
  1.   22.   0.10000000E+01   0.17107777E-13  -0.29303224E-01   0.00000000E+00
  1.   23.   0.10000000E+01  -0.20465961E-13  -0.25717604E-01   0.00000000E+00
  1.   24.   0.10000000E+01  -0.56067299E-13  -0.22966260E-01   0.00000000E+00
  1.   25.   0.10000000E+01  -0.42033845E-13  -0.21236693E-01   0.00000000E+00
  1.   26.   0.10000000E+01   0.00000000E+00  -0.20646770E-01   0.00000000E+00
  1.   27.   0.10000000E+01   0.00000000E+00  -0.64890868E-01   0.00000000E+00
  1.   28.   0.10000000E+01  -0.21089018E-12  -0.63973210E-01   0.00000000E+00
  1.   29.   0.10000000E+01  -0.39416283E-12  -0.61282773E-01   0.00000000E+00
  1.   30.   0.10000000E+01  -0.44154681E-12  -0.57002905E-01   0.00000000E+00
  1.   31.   0.10000000E+01  -0.38128872E-12  -0.51425273E-01   0.00000000E+00
  1.   32.   0.10000000E+01  -0.25576913E-12  -0.44929983E-01   0.00000000E+00
  1.   33.   0.10000000E+01  -0.78213361E-13  -0.37959678E-01   0.00000000E+00
  1.   34.   0.10000000E+01   0.65879746E-13  -0.30989374E-01   0.00000000E+00
  1.   35.   0.10000000E+01   0.11891546E-12  -0.24494083E-01   0.00000000E+00
  1.   36.   0.10000000E+01   0.67469380E-13  -0.18916451E-01   0.00000000E+00
  1.   37.   0.10000000E+01   0.16773964E-14  -0.14636584E-01   0.00000000E+00
  1.   38.   0.10000000E+01  -0.37442258E-13  -0.11946146E-01   0.00000000E+00
  1.   39.   0.10000000E+01   0.00000000E+00  -0.11028488E-01   0.00000000E+00
  1.   40.   0.10000000E+01   0.00000000E+00  -0.74509151E-01   0.00000000E+00
  1.   41.   0.10000000E+01  -0.26305853E-12  -0.73263757E-01   0.00000000E+00
  1.   42.   0.10000000E+01  -0.50239880E-12  -0.69612450E-01   0.00000000E+00
  1.   43.   0.10000000E+01  -0.64031956E-12  -0.63804058E-01   0.00000000E+00
  1.   44.   0.10000000E+01  -0.56564441E-12  -0.56234414E-01   0.00000000E+00
  1.   45.   0.10000000E+01  -0.36961643E-12  -0.47419378E-01   0.00000000E+00
  1.   46.   0.10000000E+01  -0.13358351E-12  -0.37959678E-01   0.00000000E+00
  1.   47.   0.10000000E+01   0.83101875E-13  -0.28499979E-01   0.00000000E+00
  1.   48.   0.10000000E+01   0.15194510E-12  -0.19684942E-01   0.00000000E+00
  1.   49.   0.10000000E+01   0.64965977E-13  -0.12115299E-01   0.00000000E+00
  1.   50.   0.10000000E+01   0.13410589E-13  -0.63069069E-02   0.00000000E+00
  1.   51.   0.10000000E+01  -0.28643575E-13  -0.26555991E-02   0.00000000E+00
  1.   52.   0.10000000E+01   0.00000000E+00  -0.14102059E-02   0.00000000E+00
  1.   53.   0.10000000E+01   0.00000000E+00  -0.84127433E-01   0.00000000E+00
  1.   54.   0.10000000E+01  -0.27540508E-12  -0.82554305E-01   0.00000000E+00
  1.   55.   0.10000000E+01  -0.51815444E-12  -0.77942126E-01   0.00000000E+00
  1.   56.   0.10000000E+01  -0.78887277E-12  -0.70605211E-01   0.00000000E+00
  1.   57.   0.10000000E+01  -0.64697603E-12  -0.61043556E-01   0.00000000E+00
  1.   58.   0.10000000E+01  -0.40968053E-12  -0.49908772E-01   0.00000000E+00
  1.   59.   0.10000000E+01  -0.13168719E-12  -0.37959678E-01   0.00000000E+00
  1.   60.   0.10000000E+01   0.13491759E-12  -0.26010584E-01   0.00000000E+00
  1.   61.   0.10000000E+01   0.14491022E-12  -0.14875801E-01   0.00000000E+00
  1.   62.   0.10000000E+01  -0.15579465E-13  -0.53141462E-02   0.00000000E+00
  1.   63.   0.10000000E+01  -0.10128640E-12   0.20227698E-02   0.00000000E+00
  1.   64.   0.10000000E+01  -0.38193008E-13   0.66349480E-02   0.00000000E+00
  1.   65.   0.10000000E+01   0.00000000E+00   0.82080763E-02   0.00000000E+00
  1.   66.   0.99784550E+00   0.00000000E+00  -0.84127433E-01   0.00000000E+00
  1.   67.   0.99784550E+00   0.28753808E-12  -0.82554305E-01   0.00000000E+00
  1.   68.   0.99784550E+00   0.40901449E-12  -0.77942126E-01   0.00000000E+00
  1.   69.   0.99784550E+00   0.59455965E-12  -0.70605211E-01   0.00000000E+00
  1.   70.   0.99784550E+00   0.55809739E-12  -0.61043556E-01   0.00000000E+00
  1.   71.   0.99784550E+00   0.55850823E-12  -0.49908772E-01   0.00000000E+00
  1.   72.   0.99784550E+00   0.57046862E-12  -0.37959678E-01   0.00000000E+00
  1.   73.   0.99784550E+00   0.35819436E-12  -0.26010584E-01   0.00000000E+00
  1.   74.   0.99784550E+00   0.22574568E-12  -0.14875801E-01   0.00000000E+00
  1.   75.   0.99784550E+00   0.10235664E-12  -0.53141462E-02   0.00000000E+00
  1.   76.   0.99784550E+00  -0.12350508E-12   0.20227698E-02   0.00000000E+00
  1.   77.   0.99784550E+00  -0.82219429E-13   0.66349480E-02   0.00000000E+00
  1.   78.   0.99784550E+00   0.00000000E+00   0.82080763E-02   0.00000000E+00
  2.    1.   0.10107769E-01   0.00000000E+00   0.52995185E+00   0.00000000E+00
  2.    2.   0.10107769E-01   0.12563176E-12   0.52674855E+00   0.00000000E+00
  2.    3.   0.10107769E-01   0.18905830E-12   0.51735695E+00   0.00000000E+00
  2.    4.   0.10107769E-01   0.13634789E-12   0.50241707E+00   0.00000000E+00
  2.    5.   0.10107769E-01  -0.35344141E-13   0.48294703E+00   0.00000000E+00
  2.    6.   0.10107769E-01  -0.24381993E-12   0.46027370E+00   0.00000000E+00
  2.    7.   0.10107769E-01  -0.35182924E-12   0.43594222E+00   0.00000000E+00
  2.    8.   0.10107769E-01  -0.34419143E-12   0.41161074E+00   0.00000000E+00
  2.    9.   0.10107769E-01  -0.26004643E-12   0.38893740E+00   0.00000000E+00
  2.   10.   0.10107769E-01  -0.13861754E-12   0.36946737E+00   0.00000000E+00
  2.   11.   0.10107769E-01  -0.69434205E-13   0.35452749E+00   0.00000000E+00
  2.   12.   0.10107769E-01  -0.10018835E-13   0.34513589E+00   0.00000000E+00
  2.   13.   0.10107769E-01   0.00000000E+00   0.34193259E+00   0.00000000E+00
  2.   14.   0.10107769E-01   0.00000000E+00   0.64746389E+00   0.00000000E+00
  2.   15.   0.10107769E-01   0.51227200E-12   0.64025646E+00   0.00000000E+00
  2.   16.   0.10107769E-01   0.82048084E-12   0.61912536E+00   0.00000000E+00
  2.   17.   0.10107769E-01   0.83389441E-12   0.58551062E+00   0.00000000E+00
  2.   18.   0.10107769E-01   0.55500697E-12   0.54170305E+00   0.00000000E+00
  2.   19.   0.10107769E-01   0.16434868E-12   0.49068806E+00   0.00000000E+00
  2.   20.   0.10107769E-01  -0.12771397E-12   0.43594222E+00   0.00000000E+00
  2.   21.   0.10107769E-01  -0.21827310E-12   0.38119638E+00   0.00000000E+00
  2.   22.   0.10107769E-01  -0.15338379E-12   0.33018139E+00   0.00000000E+00
  2.   23.   0.10107769E-01  -0.46794349E-13   0.28637381E+00   0.00000000E+00
  2.   24.   0.10107769E-01   0.53185351E-13   0.25275908E+00   0.00000000E+00
  2.   25.   0.10107769E-01   0.69315618E-13   0.23162798E+00   0.00000000E+00
  2.   26.   0.10107769E-01   0.00000000E+00   0.22442055E+00   0.00000000E+00
  2.   27.   0.10107769E-01   0.00000000E+00   0.76497592E+00   0.00000000E+00
  2.   28.   0.10107769E-01   0.11307367E-11   0.75376437E+00   0.00000000E+00
  2.   29.   0.10107769E-01   0.19067666E-11   0.72089377E+00   0.00000000E+00
  2.   30.   0.10107769E-01   0.20112717E-11   0.66860418E+00   0.00000000E+00
  2.   31.   0.10107769E-01   0.15439793E-11   0.60045907E+00   0.00000000E+00
  2.   32.   0.10107769E-01   0.67021032E-12   0.52110241E+00   0.00000000E+00
  2.   33.   0.10107769E-01  -0.84121272E-13   0.43594222E+00   0.00000000E+00
  2.   34.   0.10107769E-01  -0.43634269E-12   0.35078203E+00   0.00000000E+00
  2.   35.   0.10107769E-01  -0.37676396E-12   0.27142537E+00   0.00000000E+00
  2.   36.   0.10107769E-01  -0.91804186E-13   0.20328026E+00   0.00000000E+00
  2.   37.   0.10107769E-01   0.51941290E-13   0.15099067E+00   0.00000000E+00
  2.   38.   0.10107769E-01   0.93442128E-13   0.11812007E+00   0.00000000E+00
  2.   39.   0.10107769E-01   0.00000000E+00   0.10690851E+00   0.00000000E+00
  2.   40.   0.10107769E-01   0.00000000E+00   0.88248796E+00   0.00000000E+00
  2.   41.   0.10107769E-01   0.17840095E-11   0.86727228E+00   0.00000000E+00
  2.   42.   0.10107769E-01   0.29676717E-11   0.82266218E+00   0.00000000E+00
  2.   43.   0.10107769E-01   0.36479657E-11   0.75169774E+00   0.00000000E+00
  2.   44.   0.10107769E-01   0.29177513E-11   0.65921509E+00   0.00000000E+00
  2.   45.   0.10107769E-01   0.15000107E-11   0.55151676E+00   0.00000000E+00
  2.   46.   0.10107769E-01   0.49353918E-12   0.43594222E+00   0.00000000E+00
  2.   47.   0.10107769E-01  -0.10951936E-12   0.32036768E+00   0.00000000E+00
  2.   48.   0.10107769E-01  -0.17747115E-12   0.21266935E+00   0.00000000E+00
  2.   49.   0.10107769E-01   0.95614700E-13   0.12018670E+00   0.00000000E+00
  2.   50.   0.10107769E-01   0.15497593E-12   0.49222263E-01   0.00000000E+00
  2.   51.   0.10107769E-01   0.85691466E-13   0.46121532E-02   0.00000000E+00
  2.   52.   0.10107769E-01   0.00000000E+00  -0.10603525E-01   0.00000000E+00
  2.   53.   0.10107769E-01   0.00000000E+00   0.10000000E+01   0.00000000E+00
  2.   54.   0.10107769E-01   0.20829612E-11   0.98078020E+00   0.00000000E+00
  2.   55.   0.10107769E-01   0.36258013E-11   0.92443059E+00   0.00000000E+00
  2.   56.   0.10107769E-01   0.43907095E-11   0.83479130E+00   0.00000000E+00
  2.   57.   0.10107769E-01   0.32346519E-11   0.71797111E+00   0.00000000E+00
  2.   58.   0.10107769E-01   0.14559878E-11   0.58193112E+00   0.00000000E+00
  2.   59.   0.10107769E-01   0.60943378E-12   0.43594222E+00   0.00000000E+00
  2.   60.   0.10107769E-01  -0.52806287E-13   0.28995333E+00   0.00000000E+00
  2.   61.   0.10107769E-01  -0.49816630E-13   0.15391333E+00   0.00000000E+00
  2.   62.   0.10107769E-01   0.39318014E-12   0.37093139E-01   0.00000000E+00
  2.   63.   0.10107769E-01   0.33736726E-12  -0.52546147E-01   0.00000000E+00
  2.   64.   0.10107769E-01   0.12089433E-12  -0.10889576E+00   0.00000000E+00
  2.   65.   0.10107769E-01   0.00000000E+00  -0.12811556E+00   0.00000000E+00
  2.   66.   0.36430465E-01   0.00000000E+00   0.10000000E+01   0.00000000E+00
  2.   67.   0.36430465E-01  -0.20829820E-11   0.98078020E+00   0.00000000E+00
  2.   68.   0.36430465E-01  -0.36117061E-11   0.92443059E+00   0.00000000E+00
  2.   69.   0.36430465E-01  -0.44154179E-11   0.83479130E+00   0.00000000E+00
  2.   70.   0.36430465E-01  -0.31908077E-11   0.71797111E+00   0.00000000E+00
  2.   71.   0.36430465E-01  -0.14267266E-11   0.58193112E+00   0.00000000E+00
  2.   72.   0.36430465E-01  -0.58322253E-12   0.43594222E+00   0.00000000E+00
  2.   73.   0.36430465E-01   0.69347443E-13   0.28995333E+00   0.00000000E+00
  2.   74.   0.36430465E-01   0.64234407E-13   0.15391333E+00   0.00000000E+00
  2.   75.   0.36430465E-01  -0.38346087E-12   0.37093139E-01   0.00000000E+00
  2.   76.   0.36430465E-01  -0.34101507E-12  -0.52546147E-01   0.00000000E+00
  2.   77.   0.36430465E-01  -0.12263348E-12  -0.10889576E+00   0.00000000E+00
  2.   78.   0.36430465E-01   0.00000000E+00  -0.12811556E+00   0.00000000E+00
  3.    1.   0.18077187E-01   0.00000000E+00   0.12454936E+00   0.00000000E+00
  3.    2.   0.18077187E-01  -0.48149684E-13   0.12881082E+00   0.00000000E+00
  3.    3.   0.18077187E-01  -0.39906341E-13   0.14130481E+00   0.00000000E+00
  3.    4.   0.18077187E-01   0.64279441E-13   0.16117986E+00   0.00000000E+00
  3.    5.   0.18077187E-01   0.28248293E-12   0.18708155E+00   0.00000000E+00
  3.    6.   0.18077187E-01   0.61944734E-12   0.21724469E+00   0.00000000E+00
  3.    7.   0.18077187E-01   0.10687203E-11   0.24961373E+00   0.00000000E+00
  3.    8.   0.18077187E-01   0.15312047E-11   0.28198278E+00   0.00000000E+00
  3.    9.   0.18077187E-01   0.18600536E-11   0.31214592E+00   0.00000000E+00
  3.   10.   0.18077187E-01   0.19188089E-11   0.33804760E+00   0.00000000E+00
  3.   11.   0.18077187E-01   0.15758043E-11   0.35792266E+00   0.00000000E+00
  3.   12.   0.18077187E-01   0.90794877E-12   0.37041665E+00   0.00000000E+00
  3.   13.   0.18077187E-01   0.00000000E+00   0.37467811E+00   0.00000000E+00
  3.   14.   0.18077187E-01   0.00000000E+00  -0.31781115E-01   0.00000000E+00
  3.   15.   0.18077187E-01  -0.66188646E-12  -0.22192818E-01   0.00000000E+00
  3.   16.   0.18077187E-01  -0.11492122E-11   0.59186460E-02   0.00000000E+00
  3.   17.   0.18077187E-01  -0.13480837E-11   0.50637527E-01   0.00000000E+00
  3.   18.   0.18077187E-01  -0.12478560E-11   0.10891631E+00   0.00000000E+00
  3.   19.   0.18077187E-01  -0.88806189E-12   0.17678339E+00   0.00000000E+00
  3.   20.   0.18077187E-01  -0.33214591E-12   0.24961373E+00   0.00000000E+00
  3.   21.   0.18077187E-01   0.36547879E-12   0.32244408E+00   0.00000000E+00
  3.   22.   0.18077187E-01   0.10615807E-11   0.39031116E+00   0.00000000E+00
  3.   23.   0.18077187E-01   0.15175936E-11   0.44858994E+00   0.00000000E+00
  3.   24.   0.18077187E-01   0.15835168E-11   0.49330882E+00   0.00000000E+00
  3.   25.   0.18077187E-01   0.10508421E-11   0.52142029E+00   0.00000000E+00
  3.   26.   0.18077187E-01   0.00000000E+00   0.53100858E+00   0.00000000E+00
  3.   27.   0.18077187E-01   0.00000000E+00  -0.18811159E+00   0.00000000E+00
  3.   28.   0.18077187E-01  -0.12520977E-11  -0.17319646E+00   0.00000000E+00
  3.   29.   0.18077187E-01  -0.22428351E-11  -0.12946751E+00   0.00000000E+00
  3.   30.   0.18077187E-01  -0.27657930E-11  -0.59904810E-01   0.00000000E+00
  3.   31.   0.18077187E-01  -0.27942528E-11   0.30751073E-01   0.00000000E+00
  3.   32.   0.18077187E-01  -0.23979776E-11   0.13632208E+00   0.00000000E+00
  3.   33.   0.18077187E-01  -0.16917306E-11   0.24961373E+00   0.00000000E+00
  3.   34.   0.18077187E-01  -0.68280603E-12   0.36290538E+00   0.00000000E+00
  3.   35.   0.18077187E-01   0.71704545E-12   0.46847639E+00   0.00000000E+00
  3.   36.   0.18077187E-01   0.21963982E-11   0.55913228E+00   0.00000000E+00
  3.   37.   0.18077187E-01   0.28736896E-11   0.62869498E+00   0.00000000E+00
  3.   38.   0.18077187E-01   0.23205239E-11   0.67242393E+00   0.00000000E+00
  3.   39.   0.18077187E-01   0.00000000E+00   0.68733906E+00   0.00000000E+00
  3.   40.   0.18077187E-01   0.00000000E+00  -0.34444206E+00   0.00000000E+00
  3.   41.   0.18077187E-01  -0.18821341E-11  -0.32420010E+00   0.00000000E+00
  3.   42.   0.18077187E-01  -0.33007718E-11  -0.26485367E+00   0.00000000E+00
  3.   43.   0.18077187E-01  -0.41349721E-11  -0.17044715E+00   0.00000000E+00
  3.   44.   0.18077187E-01  -0.40982545E-11  -0.47414164E-01   0.00000000E+00
  3.   45.   0.18077187E-01  -0.34613066E-11   0.95860780E-01   0.00000000E+00
  3.   46.   0.18077187E-01  -0.25671573E-11   0.24961373E+00   0.00000000E+00
  3.   47.   0.18077187E-01  -0.13837520E-11   0.40336668E+00   0.00000000E+00
  3.   48.   0.18077187E-01   0.55492758E-12   0.54664163E+00   0.00000000E+00
  3.   49.   0.18077187E-01   0.29507738E-11   0.66967461E+00   0.00000000E+00
  3.   50.   0.18077187E-01   0.44495326E-11   0.76408114E+00   0.00000000E+00
  3.   51.   0.18077187E-01   0.41898482E-11   0.82342757E+00   0.00000000E+00
  3.   52.   0.18077187E-01   0.00000000E+00   0.84366953E+00   0.00000000E+00
  3.   53.   0.18077187E-01   0.00000000E+00  -0.50077253E+00   0.00000000E+00
  3.   54.   0.18077187E-01  -0.23011989E-11  -0.47520374E+00   0.00000000E+00
  3.   55.   0.18077187E-01  -0.40916001E-11  -0.40023983E+00   0.00000000E+00
  3.   56.   0.18077187E-01  -0.50932194E-11  -0.28098948E+00   0.00000000E+00
  3.   57.   0.18077187E-01  -0.50986205E-11  -0.12557940E+00   0.00000000E+00
  3.   58.   0.18077187E-01  -0.44577821E-11   0.55399476E-01   0.00000000E+00
  3.   59.   0.18077187E-01  -0.35943824E-11   0.24961373E+00   0.00000000E+00
  3.   60.   0.18077187E-01  -0.27186110E-11   0.44382799E+00   0.00000000E+00
  3.   61.   0.18077187E-01  -0.73941149E-12   0.62480686E+00   0.00000000E+00
  3.   62.   0.18077187E-01   0.28034764E-11   0.78021695E+00   0.00000000E+00
  3.   63.   0.18077187E-01   0.49251141E-11   0.89946730E+00   0.00000000E+00
  3.   64.   0.18077187E-01   0.58526141E-11   0.97443121E+00   0.00000000E+00
  3.   65.   0.18077187E-01   0.00000000E+00   0.10000000E+01   0.00000000E+00
  3.   66.  -0.16940839E-01   0.00000000E+00  -0.50077253E+00   0.00000000E+00
  3.   67.  -0.16940839E-01   0.23004322E-11  -0.47520374E+00   0.00000000E+00
  3.   68.  -0.16940839E-01   0.40840302E-11  -0.40023983E+00   0.00000000E+00
  3.   69.  -0.16940839E-01   0.51009207E-11  -0.28098948E+00   0.00000000E+00
  3.   70.  -0.16940839E-01   0.50932756E-11  -0.12557940E+00   0.00000000E+00
  3.   71.  -0.16940839E-01   0.44575464E-11   0.55399476E-01   0.00000000E+00
  3.   72.  -0.16940839E-01   0.35930553E-11   0.24961373E+00   0.00000000E+00
  3.   73.  -0.16940839E-01   0.27056456E-11   0.44382799E+00   0.00000000E+00
  3.   74.  -0.16940839E-01   0.72213488E-12   0.62480686E+00   0.00000000E+00
  3.   75.  -0.16940839E-01  -0.27822235E-11   0.78021695E+00   0.00000000E+00
  3.   76.  -0.16940839E-01  -0.49739909E-11   0.89946730E+00   0.00000000E+00
  3.   77.  -0.16940839E-01  -0.58605310E-11   0.97443121E+00   0.00000000E+00
  3.   78.  -0.16940839E-01   0.00000000E+00   0.10000000E+01   0.00000000E+00
  4.    1.  -0.63090054E-03   0.00000000E+00   0.20395448E-02   0.00000000E+00
  4.    2.  -0.61010276E-03   0.16590017E-03   0.17662976E-02   0.00000000E+00
  4.    3.  -0.54871694E-03   0.31950508E-03   0.10197724E-02   0.00000000E+00
  4.    4.  -0.44993696E-03   0.44993696E-03   0.15261042E-10   0.00000000E+00
  4.    5.  -0.31950508E-03   0.54871694E-03  -0.10197724E-02   0.00000000E+00
  4.    6.  -0.16590017E-03   0.61010276E-03  -0.17662976E-02   0.00000000E+00
  4.    7.  -0.32013884E-11   0.63090054E-03  -0.20395448E-02   0.00000000E+00
  4.    8.   0.16590017E-03   0.61010276E-03  -0.17662976E-02   0.00000000E+00
  4.    9.   0.31950507E-03   0.54871694E-03  -0.10197724E-02   0.00000000E+00
  4.   10.   0.44993695E-03   0.44993696E-03  -0.25179419E-10   0.00000000E+00
  4.   11.   0.54871693E-03   0.31950508E-03   0.10197724E-02   0.00000000E+00
  4.   12.   0.61010276E-03   0.16590018E-03   0.17662976E-02   0.00000000E+00
  4.   13.   0.63090054E-03   0.00000000E+00   0.20395448E-02   0.00000000E+00
  4.   14.  -0.10440676E-02   0.00000000E+00   0.93219319E-02   0.00000000E+00
  4.   15.  -0.10233267E-02   0.32558895E-03   0.80730298E-02   0.00000000E+00
  4.   16.  -0.95382743E-03   0.60800992E-03   0.46609659E-02   0.00000000E+00
  4.   17.  -0.81932636E-03   0.81932635E-03   0.49451603E-10   0.00000000E+00
  4.   18.  -0.60800992E-03   0.95382743E-03  -0.46609659E-02   0.00000000E+00
  4.   19.  -0.32558895E-03   0.10233267E-02  -0.80730298E-02   0.00000000E+00
  4.   20.  -0.65192989E-11   0.10440676E-02  -0.93219319E-02   0.00000000E+00
  4.   21.   0.32558894E-03   0.10233267E-02  -0.80730299E-02   0.00000000E+00
  4.   22.   0.60800991E-03   0.95382743E-03  -0.46609661E-02   0.00000000E+00
  4.   23.   0.81932635E-03   0.81932636E-03  -0.14064905E-09   0.00000000E+00
  4.   24.   0.95382742E-03   0.60800993E-03   0.46609658E-02   0.00000000E+00
  4.   25.   0.10233267E-02   0.32558896E-03   0.80730297E-02   0.00000000E+00
  4.   26.   0.10440676E-02   0.00000000E+00   0.93219319E-02   0.00000000E+00
  4.   27.  -0.14469131E-02   0.00000000E+00   0.20542376E-01   0.00000000E+00
  4.   28.  -0.14228894E-02   0.46882976E-03   0.17790219E-01   0.00000000E+00
  4.   29.  -0.13376474E-02   0.86996018E-03   0.10271188E-01   0.00000000E+00
  4.   30.  -0.11612470E-02   0.11612470E-02   0.10356684E-09   0.00000000E+00
  4.   31.  -0.86996018E-03   0.13376474E-02  -0.10271188E-01   0.00000000E+00
  4.   32.  -0.46882976E-03   0.14228894E-02  -0.17790219E-01   0.00000000E+00
  4.   33.  -0.94879522E-11   0.14469131E-02  -0.20542376E-01   0.00000000E+00
  4.   34.   0.46882974E-03   0.14228894E-02  -0.17790219E-01   0.00000000E+00
  4.   35.   0.86996017E-03   0.13376474E-02  -0.10271188E-01   0.00000000E+00
  4.   36.   0.11612470E-02   0.11612470E-02  -0.31877067E-09   0.00000000E+00
  4.   37.   0.13376474E-02   0.86996019E-03   0.10271187E-01   0.00000000E+00
  4.   38.   0.14228894E-02   0.46882977E-03   0.17790219E-01   0.00000000E+00
  4.   39.   0.14469131E-02   0.00000000E+00   0.20542376E-01   0.00000000E+00
  4.   40.  -0.17160510E-02   0.00000000E+00   0.34759107E-01   0.00000000E+00
  4.   41.  -0.17005205E-02   0.60441034E-03   0.30102270E-01   0.00000000E+00
  4.   42.  -0.16298322E-02   0.11069012E-02   0.17379554E-01   0.00000000E+00
  4.   43.  -0.14480736E-02   0.14480736E-02   0.17293681E-09   0.00000000E+00
  4.   44.  -0.11069012E-02   0.16298322E-02  -0.17379553E-01   0.00000000E+00
  4.   45.  -0.60441034E-03   0.17005205E-02  -0.30102270E-01   0.00000000E+00
  4.   46.  -0.12340789E-10   0.17160510E-02  -0.34759107E-01   0.00000000E+00
  4.   47.   0.60441032E-03   0.17005205E-02  -0.30102270E-01   0.00000000E+00
  4.   48.   0.11069012E-02   0.16298322E-02  -0.17379554E-01   0.00000000E+00
  4.   49.   0.14480736E-02   0.14480736E-02  -0.54454671E-09   0.00000000E+00
  4.   50.   0.16298322E-02   0.11069012E-02   0.17379553E-01   0.00000000E+00
  4.   51.   0.17005205E-02   0.60441036E-03   0.30102270E-01   0.00000000E+00
  4.   52.   0.17160510E-02   0.00000000E+00   0.34759107E-01   0.00000000E+00
  4.   53.  -0.19025549E-02   0.00000000E+00   0.50937310E-01   0.00000000E+00
  4.   54.  -0.18954467E-02   0.70783040E-03   0.44113004E-01   0.00000000E+00
  4.   55.  -0.18407949E-02   0.12857953E-02   0.25468655E-01   0.00000000E+00
  4.   56.  -0.16606959E-02   0.16606959E-02   0.25241024E-09   0.00000000E+00
  4.   57.  -0.12857953E-02   0.18407949E-02  -0.25468655E-01   0.00000000E+00
  4.   58.  -0.70783040E-03   0.18954467E-02  -0.44113004E-01   0.00000000E+00
  4.   59.  -0.14522654E-10   0.19025549E-02  -0.50937310E-01   0.00000000E+00
  4.   60.   0.70783038E-03   0.18954467E-02  -0.44113005E-01   0.00000000E+00
  4.   61.   0.12857953E-02   0.18407949E-02  -0.25468656E-01   0.00000000E+00
  4.   62.   0.16606959E-02   0.16606960E-02  -0.80120569E-09   0.00000000E+00
  4.   63.   0.18407949E-02   0.12857953E-02   0.25468654E-01   0.00000000E+00
  4.   64.   0.18954467E-02   0.70783042E-03   0.44113004E-01   0.00000000E+00
  4.   65.   0.19025549E-02   0.00000000E+00   0.50937310E-01   0.00000000E+00
  4.   66.   0.19025549E-02   0.00000000E+00   0.50937310E-01   0.00000000E+00
  4.   67.   0.18954467E-02  -0.70783040E-03   0.44113004E-01   0.00000000E+00
  4.   68.   0.18407949E-02  -0.12857953E-02   0.25468655E-01   0.00000000E+00
  4.   69.   0.16606959E-02  -0.16606959E-02   0.25241084E-09   0.00000000E+00
  4.   70.   0.12857953E-02  -0.18407949E-02  -0.25468655E-01   0.00000000E+00
  4.   71.   0.70783040E-03  -0.18954467E-02  -0.44113004E-01   0.00000000E+00
  4.   72.   0.14418979E-10  -0.19025549E-02  -0.50937310E-01   0.00000000E+00
  4.   73.  -0.70783038E-03  -0.18954467E-02  -0.44113005E-01   0.00000000E+00
  4.   74.  -0.12857953E-02  -0.18407949E-02  -0.25468656E-01   0.00000000E+00
  4.   75.  -0.16606959E-02  -0.16606960E-02  -0.80120570E-09   0.00000000E+00
  4.   76.  -0.18407949E-02  -0.12857953E-02   0.25468654E-01   0.00000000E+00
  4.   77.  -0.18954467E-02  -0.70783042E-03   0.44113004E-01   0.00000000E+00
  4.   78.  -0.19025549E-02   0.00000000E+00   0.50937310E-01   0.00000000E+00
  5.    1.   0.56710274E-03   0.00000000E+00   0.13652747E-01   0.00000000E+00
  5.    2.   0.54777918E-03   0.14677699E-03   0.13652747E-01   0.00000000E+00
  5.    3.   0.49112538E-03   0.28355137E-03   0.13652747E-01   0.00000000E+00
  5.    4.   0.40100219E-03   0.40100219E-03   0.13652747E-01   0.00000000E+00
  5.    5.   0.28355137E-03   0.49112538E-03   0.13652747E-01   0.00000000E+00
  5.    6.   0.14677699E-03   0.54777918E-03   0.13652747E-01   0.00000000E+00
  5.    7.   0.29421658E-11   0.56710274E-03   0.13652747E-01   0.00000000E+00
  5.    8.  -0.14677699E-03   0.54777918E-03   0.13652747E-01   0.00000000E+00
  5.    9.  -0.28355137E-03   0.49112538E-03   0.13652747E-01   0.00000000E+00
  5.   10.  -0.40100219E-03   0.40100220E-03   0.13652747E-01   0.00000000E+00
  5.   11.  -0.49112538E-03   0.28355137E-03   0.13652747E-01   0.00000000E+00
  5.   12.  -0.54777918E-03   0.14677700E-03   0.13652747E-01   0.00000000E+00
  5.   13.  -0.56710274E-03   0.00000000E+00   0.13652747E-01   0.00000000E+00
  5.   14.   0.59069310E-03   0.00000000E+00   0.86759635E-02   0.00000000E+00
  5.   15.   0.57056572E-03   0.15288262E-03   0.86759635E-02   0.00000000E+00
  5.   16.   0.51155523E-03   0.29534655E-03   0.86759635E-02   0.00000000E+00
  5.   17.   0.41768310E-03   0.41768309E-03   0.86759635E-02   0.00000000E+00
  5.   18.   0.29534655E-03   0.51155523E-03   0.86759635E-02   0.00000000E+00
  5.   19.   0.15288263E-03   0.57056572E-03   0.86759635E-02   0.00000000E+00
  5.   20.   0.30675793E-11   0.59069310E-03   0.86759635E-02   0.00000000E+00
  5.   21.  -0.15288262E-03   0.57056572E-03   0.86759635E-02   0.00000000E+00
  5.   22.  -0.29534655E-03   0.51155523E-03   0.86759635E-02   0.00000000E+00
  5.   23.  -0.41768309E-03   0.41768310E-03   0.86759635E-02   0.00000000E+00
  5.   24.  -0.51155523E-03   0.29534655E-03   0.86759635E-02   0.00000000E+00
  5.   25.  -0.57056572E-03   0.15288263E-03   0.86759635E-02   0.00000000E+00
  5.   26.  -0.59069310E-03   0.00000000E+00   0.86759635E-02   0.00000000E+00
  5.   27.   0.67114351E-03   0.00000000E+00   0.29951371E-02   0.00000000E+00
  5.   28.   0.64827485E-03   0.17370472E-03   0.29951371E-02   0.00000000E+00
  5.   29.   0.58122733E-03   0.33557175E-03   0.29951371E-02   0.00000000E+00
  5.   30.   0.47457013E-03   0.47457012E-03   0.29951371E-02   0.00000000E+00
  5.   31.   0.33557175E-03   0.58122732E-03   0.29951371E-02   0.00000000E+00
  5.   32.   0.17370472E-03   0.64827484E-03   0.29951371E-02   0.00000000E+00
  5.   33.   0.34929076E-11   0.67114351E-03   0.29951371E-02   0.00000000E+00
  5.   34.  -0.17370472E-03   0.64827485E-03   0.29951371E-02   0.00000000E+00
  5.   35.  -0.33557175E-03   0.58122733E-03   0.29951371E-02   0.00000000E+00
  5.   36.  -0.47457012E-03   0.47457013E-03   0.29951371E-02   0.00000000E+00
  5.   37.  -0.58122732E-03   0.33557176E-03   0.29951371E-02   0.00000000E+00
  5.   38.  -0.64827484E-03   0.17370473E-03   0.29951371E-02   0.00000000E+00
  5.   39.  -0.67114351E-03   0.00000000E+00   0.29951371E-02   0.00000000E+00
  5.   40.   0.67950078E-03   0.00000000E+00  -0.30958984E-02   0.00000000E+00
  5.   41.   0.65634735E-03   0.17586774E-03  -0.30958984E-02   0.00000000E+00
  5.   42.   0.58846493E-03   0.33975039E-03  -0.30958984E-02   0.00000000E+00
  5.   43.   0.48047961E-03   0.48047961E-03  -0.30958984E-02   0.00000000E+00
  5.   44.   0.33975039E-03   0.58846493E-03  -0.30958984E-02   0.00000000E+00
  5.   45.   0.17586774E-03   0.65634735E-03  -0.30958984E-02   0.00000000E+00
  5.   46.   0.35417674E-11   0.67950078E-03  -0.30958984E-02   0.00000000E+00
  5.   47.  -0.17586774E-03   0.65634735E-03  -0.30958984E-02   0.00000000E+00
  5.   48.  -0.33975038E-03   0.58846494E-03  -0.30958984E-02   0.00000000E+00
  5.   49.  -0.48047960E-03   0.48047961E-03  -0.30958984E-02   0.00000000E+00
  5.   50.  -0.58846493E-03   0.33975039E-03  -0.30958984E-02   0.00000000E+00
  5.   51.  -0.65634735E-03   0.17586775E-03  -0.30958984E-02   0.00000000E+00
  5.   52.  -0.67950078E-03   0.00000000E+00  -0.30958984E-02   0.00000000E+00
  5.   53.   0.63925744E-03   0.00000000E+00  -0.89965875E-02   0.00000000E+00
  5.   54.   0.61747527E-03   0.16545200E-03  -0.89965875E-02   0.00000000E+00
  5.   55.   0.55361318E-03   0.31962872E-03  -0.89965875E-02   0.00000000E+00
  5.   56.   0.45202327E-03   0.45202327E-03  -0.89965875E-02   0.00000000E+00
  5.   57.   0.31962872E-03   0.55361318E-03  -0.89965875E-02   0.00000000E+00
  5.   58.   0.16545200E-03   0.61747527E-03  -0.89965875E-02   0.00000000E+00
  5.   59.   0.33351756E-11   0.63925744E-03  -0.89965875E-02   0.00000000E+00
  5.   60.  -0.16545200E-03   0.61747527E-03  -0.89965875E-02   0.00000000E+00
  5.   61.  -0.31962872E-03   0.55361319E-03  -0.89965875E-02   0.00000000E+00
  5.   62.  -0.45202327E-03   0.45202328E-03  -0.89965875E-02   0.00000000E+00
  5.   63.  -0.55361318E-03   0.31962873E-03  -0.89965875E-02   0.00000000E+00
  5.   64.  -0.61747527E-03   0.16545201E-03  -0.89965875E-02   0.00000000E+00
  5.   65.  -0.63925744E-03   0.00000000E+00  -0.89965875E-02   0.00000000E+00
  5.   66.  -0.63925744E-03   0.00000000E+00  -0.89965875E-02   0.00000000E+00
  5.   67.  -0.61747527E-03  -0.16545200E-03  -0.89965875E-02   0.00000000E+00
  5.   68.  -0.55361318E-03  -0.31962872E-03  -0.89965875E-02   0.00000000E+00
  5.   69.  -0.45202327E-03  -0.45202327E-03  -0.89965875E-02   0.00000000E+00
  5.   70.  -0.31962872E-03  -0.55361318E-03  -0.89965875E-02   0.00000000E+00
  5.   71.  -0.16545200E-03  -0.61747527E-03  -0.89965875E-02   0.00000000E+00
  5.   72.  -0.33078107E-11  -0.63925744E-03  -0.89965875E-02   0.00000000E+00
  5.   73.   0.16545200E-03  -0.61747527E-03  -0.89965875E-02   0.00000000E+00
  5.   74.   0.31962872E-03  -0.55361319E-03  -0.89965875E-02   0.00000000E+00
  5.   75.   0.45202327E-03  -0.45202328E-03  -0.89965875E-02   0.00000000E+00
  5.   76.   0.55361318E-03  -0.31962873E-03  -0.89965875E-02   0.00000000E+00
  5.   77.   0.61747527E-03  -0.16545201E-03  -0.89965875E-02   0.00000000E+00
  5.   78.   0.63925744E-03   0.00000000E+00  -0.89965875E-02   0.00000000E+00
  6.    1.   0.95818199E-04   0.00000000E+00  -0.18283309E-03   0.00000000E+00
  6.    2.   0.82995747E-04  -0.47964159E-04  -0.12928251E-03   0.00000000E+00
  6.    3.   0.47949406E-04  -0.83050807E-04   0.13512471E-12   0.00000000E+00
  6.    4.   0.40306504E-07  -0.95858505E-04   0.12928251E-03   0.00000000E+00
  6.    5.  -0.47909099E-04  -0.82980995E-04   0.18283309E-03   0.00000000E+00
  6.    6.  -0.83036053E-04  -0.47894347E-04   0.12928252E-03   0.00000000E+00
  6.    7.  -0.95898811E-04  -0.10106536E-11   0.28507337E-11   0.00000000E+00
  6.    8.  -0.83036054E-04   0.47894345E-04  -0.12928251E-03   0.00000000E+00
  6.    9.  -0.47909101E-04   0.82980994E-04  -0.18283309E-03   0.00000000E+00
  6.   10.   0.40304505E-07   0.95858505E-04  -0.12928252E-03   0.00000000E+00
  6.   11.   0.47949404E-04   0.83050808E-04  -0.59147389E-11   0.00000000E+00
  6.   12.   0.82995746E-04   0.47964160E-04   0.12928251E-03   0.00000000E+00
  6.   13.   0.95818199E-04   0.00000000E+00   0.18283309E-03   0.00000000E+00
  6.   14.   0.30929891E-03   0.00000000E+00  -0.18193515E-02   0.00000000E+00
  6.   15.   0.27325694E-03  -0.17478843E-03  -0.12864758E-02   0.00000000E+00
  6.   16.   0.16939221E-03  -0.29339591E-03  -0.15143965E-11   0.00000000E+00
  6.   17.   0.14742754E-04  -0.32404166E-03   0.12864758E-02   0.00000000E+00
  6.   18.  -0.15464945E-03  -0.26786071E-03   0.18193515E-02   0.00000000E+00
  6.   19.  -0.28799969E-03  -0.14925323E-03   0.12864758E-02   0.00000000E+00
  6.   20.  -0.33878442E-03  -0.30701606E-11   0.28572675E-10   0.00000000E+00
  6.   21.  -0.28799969E-03   0.14925323E-03  -0.12864757E-02   0.00000000E+00
  6.   22.  -0.15464946E-03   0.26786071E-03  -0.18193515E-02   0.00000000E+00
  6.   23.   0.14742747E-04   0.32404166E-03  -0.12864758E-02   0.00000000E+00
  6.   24.   0.16939220E-03   0.29339591E-03  -0.55641633E-10   0.00000000E+00
  6.   25.   0.27325693E-03   0.17478844E-03   0.12864757E-02   0.00000000E+00
  6.   26.   0.30929891E-03   0.00000000E+00   0.18193515E-02   0.00000000E+00
  6.   27.   0.60813448E-03   0.00000000E+00  -0.59309769E-02   0.00000000E+00
  6.   28.   0.54536319E-03  -0.37386882E-03  -0.41938340E-02   0.00000000E+00
  6.   29.   0.35516555E-03  -0.61516477E-03  -0.59269897E-11   0.00000000E+00
  6.   30.   0.51098309E-04  -0.65923278E-03   0.41938339E-02   0.00000000E+00
  6.   31.  -0.30406724E-03  -0.52665991E-03   0.59309769E-02   0.00000000E+00
  6.   32.  -0.59646149E-03  -0.28536396E-03   0.41938340E-02   0.00000000E+00
  6.   33.  -0.71033109E-03  -0.58353923E-11   0.93187973E-10   0.00000000E+00
  6.   34.  -0.59646150E-03   0.28536395E-03  -0.41938339E-02   0.00000000E+00
  6.   35.  -0.30406725E-03   0.52665990E-03  -0.59309769E-02   0.00000000E+00
  6.   36.   0.51098295E-04   0.65923278E-03  -0.41938341E-02   0.00000000E+00
  6.   37.   0.35516554E-03   0.61516477E-03  -0.17994510E-09   0.00000000E+00
  6.   38.   0.54536318E-03   0.37386884E-03   0.41938338E-02   0.00000000E+00
  6.   39.   0.60813448E-03   0.00000000E+00   0.59309769E-02   0.00000000E+00
  6.   40.   0.84772812E-03   0.00000000E+00  -0.12505339E-01   0.00000000E+00
  6.   41.   0.78105141E-03  -0.59888726E-03  -0.88426100E-02   0.00000000E+00
  6.   42.   0.55198994E-03  -0.95607461E-03  -0.13312494E-10   0.00000000E+00
  6.   43.   0.12812588E-03  -0.97585400E-03   0.88426100E-02   0.00000000E+00
  6.   44.  -0.42386405E-03  -0.73415409E-03   0.12505339E-01   0.00000000E+00
  6.   45.  -0.90917729E-03  -0.37696674E-03   0.88426101E-02   0.00000000E+00
  6.   46.  -0.11039799E-02  -0.75121098E-11   0.19625423E-09   0.00000000E+00
  6.   47.  -0.90917730E-03   0.37696672E-03  -0.88426098E-02   0.00000000E+00
  6.   48.  -0.42386408E-03   0.73415408E-03  -0.12505339E-01   0.00000000E+00
  6.   49.   0.12812586E-03   0.97585399E-03  -0.88426102E-02   0.00000000E+00
  6.   50.   0.55198992E-03   0.95607462E-03  -0.37857713E-09   0.00000000E+00
  6.   51.   0.78105141E-03   0.59888728E-03   0.88426098E-02   0.00000000E+00
  6.   52.   0.84772812E-03   0.00000000E+00   0.12505339E-01   0.00000000E+00
  6.   53.   0.10358701E-02   0.00000000E+00  -0.20904022E-01   0.00000000E+00
  6.   54.   0.96921381E-03  -0.78710544E-03  -0.14781376E-01   0.00000000E+00
  6.   55.   0.71498145E-03  -0.12383842E-02  -0.22709775E-10   0.00000000E+00
  6.   56.   0.19704641E-03  -0.12329165E-02   0.14781376E-01   0.00000000E+00
  6.   57.  -0.51793504E-03  -0.89708982E-03   0.20904022E-01   0.00000000E+00
  6.   58.  -0.11662602E-02  -0.44581106E-03   0.14781376E-01   0.00000000E+00
  6.   59.  -0.14299629E-02  -0.87271396E-11   0.32798023E-09   0.00000000E+00
  6.   60.  -0.11662602E-02   0.44581104E-03  -0.14781375E-01   0.00000000E+00
  6.   61.  -0.51793507E-03   0.89708980E-03  -0.20904022E-01   0.00000000E+00
  6.   62.   0.19704639E-03   0.12329165E-02  -0.14781376E-01   0.00000000E+00
  6.   63.   0.71498144E-03   0.12383842E-02  -0.63226804E-09   0.00000000E+00
  6.   64.   0.96921380E-03   0.78710547E-03   0.14781375E-01   0.00000000E+00
  6.   65.   0.10358701E-02   0.00000000E+00   0.20904022E-01   0.00000000E+00
  6.   66.  -0.10358701E-02   0.00000000E+00  -0.20904022E-01   0.00000000E+00
  6.   67.  -0.96921381E-03   0.78710544E-03  -0.14781376E-01   0.00000000E+00
  6.   68.  -0.71498145E-03   0.12383842E-02  -0.22713650E-10   0.00000000E+00
  6.   69.  -0.19704641E-03   0.12329165E-02   0.14781376E-01   0.00000000E+00
  6.   70.   0.51793504E-03   0.89708982E-03   0.20904022E-01   0.00000000E+00
  6.   71.   0.11662602E-02   0.44581106E-03   0.14781376E-01   0.00000000E+00
  6.   72.   0.14299629E-02   0.87880353E-11   0.32798954E-09   0.00000000E+00
  6.   73.   0.11662602E-02  -0.44581104E-03  -0.14781375E-01   0.00000000E+00
  6.   74.   0.51793507E-03  -0.89708980E-03  -0.20904022E-01   0.00000000E+00
  6.   75.  -0.19704639E-03  -0.12329165E-02  -0.14781376E-01   0.00000000E+00
  6.   76.  -0.71498144E-03  -0.12383842E-02  -0.63227191E-09   0.00000000E+00
  6.   77.  -0.96921380E-03  -0.78710547E-03   0.14781375E-01   0.00000000E+00
  6.   78.  -0.10358701E-02   0.00000000E+00   0.20904022E-01   0.00000000E+00
  7.    1.  -0.17285078E-03   0.00000000E+00   0.39355414E-02   0.00000000E+00
  7.    2.  -0.19546218E-03   0.84386907E-04   0.38014411E-02   0.00000000E+00
  7.    3.  -0.25723768E-03   0.14616241E-03   0.34082788E-02   0.00000000E+00
  7.    4.  -0.34162459E-03   0.16877381E-03   0.27828480E-02   0.00000000E+00
  7.    5.  -0.42601150E-03   0.14616241E-03   0.19677707E-02   0.00000000E+00
  7.    6.  -0.48778700E-03   0.84386908E-04   0.10185931E-02   0.00000000E+00
  7.    7.  -0.51039841E-03   0.17570138E-11   0.20495487E-10   0.00000000E+00
  7.    8.  -0.48778700E-03  -0.84386905E-04  -0.10185930E-02   0.00000000E+00
  7.    9.  -0.42601150E-03  -0.14616241E-03  -0.19677707E-02   0.00000000E+00
  7.   10.  -0.34162459E-03  -0.16877381E-03  -0.27828480E-02   0.00000000E+00
  7.   11.  -0.25723769E-03  -0.14616241E-03  -0.34082788E-02   0.00000000E+00
  7.   12.  -0.19546218E-03  -0.84386911E-04  -0.38014411E-02   0.00000000E+00
  7.   13.  -0.17285078E-03   0.00000000E+00  -0.39355414E-02   0.00000000E+00
  7.   14.   0.80513110E-05   0.00000000E+00   0.49931102E-02   0.00000000E+00
  7.   15.  -0.13207596E-04   0.79339321E-04   0.48229741E-02   0.00000000E+00
  7.   16.  -0.71288010E-04   0.13741973E-03   0.43241603E-02   0.00000000E+00
  7.   17.  -0.15062733E-03   0.15867864E-03   0.35306621E-02   0.00000000E+00
  7.   18.  -0.22996665E-03   0.13741974E-03   0.24965551E-02   0.00000000E+00
  7.   19.  -0.28804707E-03   0.79339322E-04   0.12923120E-02   0.00000000E+00
  7.   20.  -0.30930597E-03   0.16634860E-11   0.26114422E-10   0.00000000E+00
  7.   21.  -0.28804707E-03  -0.79339319E-04  -0.12923120E-02   0.00000000E+00
  7.   22.  -0.22996665E-03  -0.13741973E-03  -0.24965551E-02   0.00000000E+00
  7.   23.  -0.15062733E-03  -0.15867864E-03  -0.35306621E-02   0.00000000E+00
  7.   24.  -0.71288013E-04  -0.13741974E-03  -0.43241603E-02   0.00000000E+00
  7.   25.  -0.13207598E-04  -0.79339324E-04  -0.48229741E-02   0.00000000E+00
  7.   26.   0.80513110E-05   0.00000000E+00  -0.49931102E-02   0.00000000E+00
  7.   27.   0.31876879E-03   0.00000000E+00   0.34827004E-02   0.00000000E+00
  7.   28.   0.28813396E-03   0.11433074E-03   0.33640302E-02   0.00000000E+00
  7.   29.   0.20443805E-03   0.19802665E-03   0.30161070E-02   0.00000000E+00
  7.   30.   0.90107314E-04   0.22866147E-03   0.24626411E-02   0.00000000E+00
  7.   31.  -0.24223423E-04   0.19802665E-03   0.17413502E-02   0.00000000E+00
  7.   32.  -0.10791933E-03   0.11433074E-03   0.90138919E-03   0.00000000E+00
  7.   33.  -0.13855416E-03   0.23754251E-11   0.18306775E-10   0.00000000E+00
  7.   34.  -0.10791933E-03  -0.11433073E-03  -0.90138916E-03   0.00000000E+00
  7.   35.  -0.24223427E-04  -0.19802664E-03  -0.17413502E-02   0.00000000E+00
  7.   36.   0.90107309E-04  -0.22866147E-03  -0.24626410E-02   0.00000000E+00
  7.   37.   0.20443805E-03  -0.19802665E-03  -0.30161070E-02   0.00000000E+00
  7.   38.   0.28813396E-03  -0.11433074E-03  -0.33640302E-02   0.00000000E+00
  7.   39.   0.31876879E-03   0.00000000E+00  -0.34827004E-02   0.00000000E+00
  7.   40.   0.48376958E-03   0.00000000E+00  -0.25742478E-03   0.00000000E+00
  7.   41.   0.45188835E-03   0.11898240E-03  -0.24865324E-03   0.00000000E+00
  7.   42.   0.36478719E-03   0.20608356E-03  -0.22293640E-03   0.00000000E+00
  7.   43.   0.24580479E-03   0.23796479E-03  -0.18202681E-03   0.00000000E+00
  7.   44.   0.12682240E-03   0.20608356E-03  -0.12871239E-03   0.00000000E+00
  7.   45.   0.39721237E-04   0.11898240E-03  -0.66626435E-04   0.00000000E+00
  7.   46.   0.78399998E-05   0.24637817E-11  -0.10891324E-11   0.00000000E+00
  7.   47.   0.39721235E-04  -0.11898239E-03   0.66626433E-04   0.00000000E+00
  7.   48.   0.12682239E-03  -0.20608355E-03   0.12871239E-03   0.00000000E+00
  7.   49.   0.24580479E-03  -0.23796479E-03   0.18202680E-03   0.00000000E+00
  7.   50.   0.36478718E-03  -0.20608356E-03   0.22293639E-03   0.00000000E+00
  7.   51.   0.45188835E-03  -0.11898240E-03   0.24865324E-03   0.00000000E+00
  7.   52.   0.48376958E-03   0.00000000E+00   0.25742478E-03   0.00000000E+00
  7.   53.   0.48638008E-03   0.00000000E+00  -0.46638746E-02   0.00000000E+00
  7.   54.   0.46060322E-03   0.96200579E-04  -0.45049570E-02   0.00000000E+00
  7.   55.   0.39017950E-03   0.16662429E-03  -0.40390339E-02   0.00000000E+00
  7.   56.   0.29397893E-03   0.19240116E-03  -0.32978574E-02   0.00000000E+00
  7.   57.   0.19777835E-03   0.16662429E-03  -0.23319373E-02   0.00000000E+00
  7.   58.   0.12735464E-03   0.96200579E-04  -0.12070996E-02   0.00000000E+00
  7.   59.   0.10157777E-03   0.19942625E-11  -0.23792698E-10   0.00000000E+00
  7.   60.   0.12735463E-03  -0.96200576E-04   0.12070995E-02   0.00000000E+00
  7.   61.   0.19777834E-03  -0.16662429E-03   0.23319373E-02   0.00000000E+00
  7.   62.   0.29397892E-03  -0.19240116E-03   0.32978574E-02   0.00000000E+00
  7.   63.   0.39017950E-03  -0.16662429E-03   0.40390339E-02   0.00000000E+00
  7.   64.   0.46060321E-03  -0.96200582E-04   0.45049570E-02   0.00000000E+00
  7.   65.   0.48638008E-03   0.00000000E+00   0.46638746E-02   0.00000000E+00
  7.   66.  -0.48638008E-03   0.00000000E+00  -0.46638746E-02   0.00000000E+00
  7.   67.  -0.46060322E-03  -0.96200579E-04  -0.45049570E-02   0.00000000E+00
  7.   68.  -0.39017950E-03  -0.16662429E-03  -0.40390339E-02   0.00000000E+00
  7.   69.  -0.29397893E-03  -0.19240116E-03  -0.32978574E-02   0.00000000E+00
  7.   70.  -0.19777835E-03  -0.16662429E-03  -0.23319373E-02   0.00000000E+00
  7.   71.  -0.12735464E-03  -0.96200579E-04  -0.12070996E-02   0.00000000E+00
  7.   72.  -0.10157777E-03  -0.19557111E-11  -0.23788152E-10   0.00000000E+00
  7.   73.  -0.12735463E-03   0.96200576E-04   0.12070995E-02   0.00000000E+00
  7.   74.  -0.19777834E-03   0.16662429E-03   0.23319373E-02   0.00000000E+00
  7.   75.  -0.29397892E-03   0.19240116E-03   0.32978574E-02   0.00000000E+00
  7.   76.  -0.39017950E-03   0.16662429E-03   0.40390339E-02   0.00000000E+00
  7.   77.  -0.46060321E-03   0.96200582E-04   0.45049570E-02   0.00000000E+00
  7.   78.  -0.48638008E-03   0.00000000E+00   0.46638746E-02   0.00000000E+00
  8.    1.  -0.16268856E-04   0.00000000E+00   0.20237520E-04   0.00000000E+00
  8.    2.  -0.11450338E-04   0.11304227E-04   0.10118760E-04   0.00000000E+00
  8.    3.   0.10331596E-06   0.16089908E-04  -0.10118760E-04   0.00000000E+00
  8.    4.   0.11503819E-04   0.11503819E-04  -0.20237520E-04   0.00000000E+00
  8.    5.   0.16089908E-04   0.10331604E-06  -0.10118760E-04   0.00000000E+00
  8.    6.   0.11304228E-04  -0.11450338E-04   0.10118760E-04   0.00000000E+00
  8.    7.   0.32753002E-12  -0.16268856E-04   0.20237520E-04   0.00000000E+00
  8.    8.  -0.11304227E-04  -0.11450339E-04   0.10118761E-04   0.00000000E+00
  8.    9.  -0.16089908E-04   0.10331558E-06  -0.10118759E-04   0.00000000E+00
  8.   10.  -0.11503819E-04   0.11503818E-04  -0.20237520E-04   0.00000000E+00
  8.   11.  -0.10331638E-06   0.16089908E-04  -0.10118760E-04   0.00000000E+00
  8.   12.   0.11450338E-04   0.11304228E-04   0.10118760E-04   0.00000000E+00
  8.   13.   0.16268856E-04   0.00000000E+00   0.20237521E-04   0.00000000E+00
  8.   14.  -0.10557941E-03   0.00000000E+00   0.46256908E-03   0.00000000E+00
  8.   15.  -0.76686215E-04   0.82233089E-04   0.23128454E-03   0.00000000E+00
  8.   16.  -0.39222323E-05   0.11237292E-03  -0.23128454E-03   0.00000000E+00
  8.   17.   0.74655917E-04   0.74655918E-04  -0.46256909E-03   0.00000000E+00
  8.   18.   0.11237292E-03  -0.39222314E-05  -0.23128455E-03   0.00000000E+00
  8.   19.   0.82233089E-04  -0.76686214E-04   0.23128454E-03   0.00000000E+00
  8.   20.   0.18905340E-11  -0.10557941E-03   0.46256908E-03   0.00000000E+00
  8.   21.  -0.82233087E-04  -0.76686216E-04   0.23128456E-03   0.00000000E+00
  8.   22.  -0.11237292E-03  -0.39222346E-05  -0.23128453E-03   0.00000000E+00
  8.   23.  -0.74655920E-04   0.74655916E-04  -0.46256908E-03   0.00000000E+00
  8.   24.   0.39222289E-05   0.11237292E-03  -0.23128456E-03   0.00000000E+00
  8.   25.   0.76686212E-04   0.82233091E-04   0.23128453E-03   0.00000000E+00
  8.   26.   0.10557941E-03   0.00000000E+00   0.46256909E-03   0.00000000E+00
  8.   27.  -0.29359326E-03   0.00000000E+00   0.22101327E-02   0.00000000E+00
  8.   28.  -0.22075209E-03   0.25667941E-03   0.11050664E-02   0.00000000E+00
  8.   29.  -0.25404450E-04   0.33759505E-03  -0.11050663E-02   0.00000000E+00
  8.   30.   0.20760178E-03   0.20760178E-03  -0.22101327E-02   0.00000000E+00
  8.   31.   0.33759505E-03  -0.25404448E-04  -0.11050664E-02   0.00000000E+00
  8.   32.   0.25667941E-03  -0.22075209E-03   0.11050663E-02   0.00000000E+00
  8.   33.   0.58572884E-11  -0.29359326E-03   0.22101327E-02   0.00000000E+00
  8.   34.  -0.25667941E-03  -0.22075210E-03   0.11050664E-02   0.00000000E+00
  8.   35.  -0.33759506E-03  -0.25404457E-04  -0.11050663E-02   0.00000000E+00
  8.   36.  -0.20760179E-03   0.20760178E-03  -0.22101327E-02   0.00000000E+00
  8.   37.   0.25404441E-04   0.33759505E-03  -0.11050664E-02   0.00000000E+00
  8.   38.   0.22075209E-03   0.25667942E-03   0.11050663E-02   0.00000000E+00
  8.   39.   0.29359326E-03   0.00000000E+00   0.22101327E-02   0.00000000E+00
  8.   40.  -0.48079390E-03   0.00000000E+00   0.57137110E-02   0.00000000E+00
  8.   41.  -0.38270639E-03   0.49945720E-03   0.28568555E-02   0.00000000E+00
  8.   42.  -0.82555290E-04   0.62378386E-03  -0.28568555E-02   0.00000000E+00
  8.   43.   0.33997262E-03   0.33997263E-03  -0.57137110E-02   0.00000000E+00
  8.   44.   0.62378386E-03  -0.82555285E-04  -0.28568556E-02   0.00000000E+00
  8.   45.   0.49945720E-03  -0.38270639E-03   0.28568555E-02   0.00000000E+00
  8.   46.   0.11524259E-10  -0.48079390E-03   0.57137110E-02   0.00000000E+00
  8.   47.  -0.49945719E-03  -0.38270640E-03   0.28568557E-02   0.00000000E+00
  8.   48.  -0.62378386E-03  -0.82555301E-04  -0.28568554E-02   0.00000000E+00
  8.   49.  -0.33997264E-03   0.33997262E-03  -0.57137110E-02   0.00000000E+00
  8.   50.   0.82555274E-04   0.62378385E-03  -0.28568557E-02   0.00000000E+00
  8.   51.   0.38270638E-03   0.49945721E-03   0.28568553E-02   0.00000000E+00
  8.   52.   0.48079390E-03   0.00000000E+00   0.57137110E-02   0.00000000E+00
  8.   53.  -0.64610984E-03   0.00000000E+00   0.10709982E-01   0.00000000E+00
  8.   54.  -0.52878510E-03   0.72526451E-03   0.53549911E-02   0.00000000E+00
  8.   55.  -0.13893192E-03   0.88674698E-03  -0.53549911E-02   0.00000000E+00
  8.   56.   0.45686864E-03   0.45686866E-03  -0.10709982E-01   0.00000000E+00
  8.   57.   0.88674698E-03  -0.13893191E-03  -0.53549912E-02   0.00000000E+00
  8.   58.   0.72526451E-03  -0.52878510E-03   0.53549910E-02   0.00000000E+00
  8.   59.   0.16828242E-10  -0.64610984E-03   0.10709982E-01   0.00000000E+00
  8.   60.  -0.72526449E-03  -0.52878511E-03   0.53549914E-02   0.00000000E+00
  8.   61.  -0.88674699E-03  -0.13893193E-03  -0.53549909E-02   0.00000000E+00
  8.   62.  -0.45686867E-03   0.45686863E-03  -0.10709982E-01   0.00000000E+00
  8.   63.   0.13893190E-03   0.88674698E-03  -0.53549915E-02   0.00000000E+00
  8.   64.   0.52878509E-03   0.72526453E-03   0.53549908E-02   0.00000000E+00
  8.   65.   0.64610984E-03   0.00000000E+00   0.10709982E-01   0.00000000E+00
  8.   66.   0.64610984E-03   0.00000000E+00   0.10709982E-01   0.00000000E+00
  8.   67.   0.52878510E-03  -0.72526451E-03   0.53549911E-02   0.00000000E+00
  8.   68.   0.13893192E-03  -0.88674698E-03  -0.53549911E-02   0.00000000E+00
  8.   69.  -0.45686864E-03  -0.45686866E-03  -0.10709982E-01   0.00000000E+00
  8.   70.  -0.88674698E-03   0.13893191E-03  -0.53549912E-02   0.00000000E+00
  8.   71.  -0.72526451E-03   0.52878510E-03   0.53549910E-02   0.00000000E+00
  8.   72.  -0.16823920E-10   0.64610984E-03   0.10709982E-01   0.00000000E+00
  8.   73.   0.72526449E-03   0.52878511E-03   0.53549914E-02   0.00000000E+00
  8.   74.   0.88674699E-03   0.13893193E-03  -0.53549909E-02   0.00000000E+00
  8.   75.   0.45686867E-03  -0.45686863E-03  -0.10709982E-01   0.00000000E+00
  8.   76.  -0.13893190E-03  -0.88674698E-03  -0.53549915E-02   0.00000000E+00
  8.   77.  -0.52878509E-03  -0.72526453E-03   0.53549908E-02   0.00000000E+00
  8.   78.  -0.64610984E-03   0.00000000E+00   0.10709982E-01   0.00000000E+00
  9.    1.   0.30927765E-05   0.00000000E+00  -0.26330569E-05   0.00000000E+00
  9.    2.   0.15216033E-05  -0.25859244E-05  -0.68148543E-06   0.00000000E+00
  9.    3.  -0.15711732E-05  -0.26354943E-05   0.22802938E-05   0.00000000E+00
  9.    4.  -0.30432066E-05  -0.49569923E-07   0.18618522E-05   0.00000000E+00
  9.    5.  -0.14720335E-05   0.26354942E-05  -0.13165283E-05   0.00000000E+00
  9.    6.   0.15216033E-05   0.26850641E-05  -0.25433374E-05   0.00000000E+00
  9.    7.   0.29936368E-05   0.43352475E-13  -0.23801902E-13   0.00000000E+00
  9.    8.   0.15216034E-05  -0.26850641E-05   0.25433374E-05   0.00000000E+00
  9.    9.  -0.14720334E-05  -0.26354943E-05   0.13165284E-05   0.00000000E+00
  9.   10.  -0.30432067E-05   0.49569745E-07  -0.18618522E-05   0.00000000E+00
  9.   11.  -0.15711733E-05   0.26354942E-05  -0.22802942E-05   0.00000000E+00
  9.   12.   0.15216032E-05   0.25859244E-05   0.68148489E-06   0.00000000E+00
  9.   13.   0.30927765E-05   0.00000000E+00   0.26330565E-05   0.00000000E+00
  9.   14.   0.40729356E-04   0.00000000E+00  -0.14297257E-03   0.00000000E+00
  9.   15.   0.21228047E-04  -0.38494793E-04  -0.37004026E-04   0.00000000E+00
  9.   16.  -0.19501309E-04  -0.36768056E-04   0.12381788E-03   0.00000000E+00
  9.   17.  -0.42456094E-04   0.17267370E-05   0.10109688E-03   0.00000000E+00
  9.   18.  -0.22954785E-04   0.36768056E-04  -0.71486285E-04   0.00000000E+00
  9.   19.   0.21228047E-04   0.35041319E-04  -0.13810090E-03   0.00000000E+00
  9.   20.   0.44182831E-04   0.79265516E-12  -0.34282780E-11   0.00000000E+00
  9.   21.   0.21228048E-04  -0.35041318E-04   0.13810090E-03   0.00000000E+00
  9.   22.  -0.22954783E-04  -0.36768056E-04   0.71486292E-04   0.00000000E+00
  9.   23.  -0.42456094E-04  -0.17267388E-05  -0.10109687E-03   0.00000000E+00
  9.   24.  -0.19501311E-04   0.36768055E-04  -0.12381789E-03   0.00000000E+00
  9.   25.   0.21228045E-04   0.38494794E-04   0.37004018E-04   0.00000000E+00
  9.   26.   0.40729356E-04   0.00000000E+00   0.14297257E-03   0.00000000E+00
  9.   27.   0.16148925E-03   0.00000000E+00  -0.99401698E-03   0.00000000E+00
  9.   28.   0.89760511E-04  -0.17350154E-03  -0.25727053E-03   0.00000000E+00
  9.   29.  -0.71728741E-04  -0.15546977E-03   0.86084396E-03   0.00000000E+00
  9.   30.  -0.17952102E-03   0.18031768E-04   0.70287616E-03   0.00000000E+00
  9.   31.  -0.10779228E-03   0.15546977E-03  -0.49700848E-03   0.00000000E+00
  9.   32.   0.89760509E-04   0.13743800E-03  -0.96014668E-03   0.00000000E+00
  9.   33.   0.19755279E-03   0.32109264E-11  -0.25628953E-10   0.00000000E+00
  9.   34.   0.89760517E-04  -0.13743799E-03   0.96014666E-03   0.00000000E+00
  9.   35.  -0.10779228E-03  -0.15546977E-03   0.49700852E-03   0.00000000E+00
  9.   36.  -0.17952102E-03  -0.18031776E-04  -0.70287612E-03   0.00000000E+00
  9.   37.  -0.71728748E-04   0.15546976E-03  -0.86084398E-03   0.00000000E+00
  9.   38.   0.89760506E-04   0.17350154E-03   0.25727048E-03   0.00000000E+00
  9.   39.   0.16148925E-03   0.00000000E+00   0.99401698E-03   0.00000000E+00
  9.   40.   0.31212818E-03   0.00000000E+00  -0.31346351E-02   0.00000000E+00
  9.   41.   0.19289517E-03  -0.40776640E-03  -0.81130327E-03   0.00000000E+00
  9.   42.  -0.11923301E-03  -0.33410424E-03   0.27146736E-02   0.00000000E+00
  9.   43.  -0.38579034E-03   0.73662161E-04   0.22165218E-02   0.00000000E+00
  9.   44.  -0.26655734E-03   0.33410424E-03  -0.15673175E-02   0.00000000E+00
  9.   45.   0.19289517E-03   0.26044207E-03  -0.30278250E-02   0.00000000E+00
  9.   46.   0.45945251E-03   0.57992690E-11  -0.81855566E-10   0.00000000E+00
  9.   47.   0.19289518E-03  -0.26044207E-03   0.30278250E-02   0.00000000E+00
  9.   48.  -0.26655732E-03  -0.33410424E-03   0.15673177E-02   0.00000000E+00
  9.   49.  -0.38579034E-03  -0.73662177E-04  -0.22165217E-02   0.00000000E+00
  9.   50.  -0.11923302E-03   0.33410422E-03  -0.27146737E-02   0.00000000E+00
  9.   51.   0.19289516E-03   0.40776641E-03   0.81130311E-03   0.00000000E+00
  9.   52.   0.31212818E-03   0.00000000E+00   0.31346351E-02   0.00000000E+00
  9.   53.   0.45983170E-03   0.00000000E+00  -0.65308569E-02   0.00000000E+00
  9.   54.   0.29739795E-03  -0.65007255E-03  -0.16903101E-02   0.00000000E+00
  9.   55.  -0.16243375E-03  -0.51510836E-03   0.56558879E-02   0.00000000E+00
  9.   56.  -0.59479589E-03   0.13496419E-03   0.46180132E-02   0.00000000E+00
  9.   57.  -0.43236215E-03   0.51510835E-03  -0.32654284E-02   0.00000000E+00
  9.   58.   0.29739794E-03   0.38014416E-03  -0.63083233E-02   0.00000000E+00
  9.   59.   0.72976009E-03   0.82675936E-11  -0.17122221E-09   0.00000000E+00
  9.   60.   0.29739797E-03  -0.38014415E-03   0.63083232E-02   0.00000000E+00
  9.   61.  -0.43236213E-03  -0.51510836E-03   0.32654286E-02   0.00000000E+00
  9.   62.  -0.59479590E-03  -0.13496421E-03  -0.46180130E-02   0.00000000E+00
  9.   63.  -0.16243377E-03   0.51510833E-03  -0.56558881E-02   0.00000000E+00
  9.   64.   0.29739793E-03   0.65007256E-03   0.16903098E-02   0.00000000E+00
  9.   65.   0.45983170E-03   0.00000000E+00   0.65308569E-02   0.00000000E+00
  9.   66.  -0.45983170E-03   0.00000000E+00  -0.65308569E-02   0.00000000E+00
  9.   67.  -0.29739795E-03   0.65007255E-03  -0.16903101E-02   0.00000000E+00
  9.   68.   0.16243375E-03   0.51510836E-03   0.56558879E-02   0.00000000E+00
  9.   69.   0.59479589E-03  -0.13496419E-03   0.46180132E-02   0.00000000E+00
  9.   70.   0.43236215E-03  -0.51510835E-03  -0.32654284E-02   0.00000000E+00
  9.   71.  -0.29739794E-03  -0.38014416E-03  -0.63083233E-02   0.00000000E+00
  9.   72.  -0.72976009E-03  -0.82858917E-11  -0.17122490E-09   0.00000000E+00
  9.   73.  -0.29739797E-03   0.38014415E-03   0.63083232E-02   0.00000000E+00
  9.   74.   0.43236213E-03   0.51510836E-03   0.32654286E-02   0.00000000E+00
  9.   75.   0.59479590E-03   0.13496421E-03  -0.46180130E-02   0.00000000E+00
  9.   76.   0.16243377E-03  -0.51510833E-03  -0.56558881E-02   0.00000000E+00
  9.   77.  -0.29739793E-03  -0.65007256E-03   0.16903098E-02   0.00000000E+00
  9.   78.  -0.45983170E-03   0.00000000E+00   0.65308569E-02   0.00000000E+00
 10.    1.  -0.16732643E-03   0.00000000E+00   0.86603598E-03   0.00000000E+00
 10.    2.  -0.17217880E-03   0.82694897E-04   0.75000916E-03   0.00000000E+00
 10.    3.  -0.18022292E-03   0.14482883E-03   0.43301799E-03   0.00000000E+00
 10.    4.  -0.17598515E-03   0.17598514E-03   0.42306529E-11   0.00000000E+00
 10.    5.  -0.14482883E-03   0.18022292E-03  -0.43301799E-03   0.00000000E+00
 10.    6.  -0.82694897E-04   0.17217880E-03  -0.75000916E-03   0.00000000E+00
 10.    7.  -0.17331600E-11   0.16732643E-03  -0.86603598E-03   0.00000000E+00
 10.    8.   0.82694894E-04   0.17217880E-03  -0.75000917E-03   0.00000000E+00
 10.    9.   0.14482883E-03   0.18022292E-03  -0.43301800E-03   0.00000000E+00
 10.   10.   0.17598514E-03   0.17598515E-03  -0.13913342E-10   0.00000000E+00
 10.   11.   0.18022292E-03   0.14482883E-03   0.43301798E-03   0.00000000E+00
 10.   12.   0.17217880E-03   0.82694900E-04   0.75000915E-03   0.00000000E+00
 10.   13.   0.16732643E-03   0.00000000E+00   0.86603598E-03   0.00000000E+00
 10.   14.  -0.13680415E-03   0.00000000E+00   0.24446622E-02   0.00000000E+00
 10.   15.  -0.15350019E-03   0.11511491E-03   0.21171395E-02   0.00000000E+00
 10.   16.  -0.18993956E-03   0.19218082E-03   0.12223311E-02   0.00000000E+00
 10.   17.  -0.21343486E-03   0.21343486E-03   0.12344183E-10   0.00000000E+00
 10.   18.  -0.19218082E-03   0.18993956E-03  -0.12223311E-02   0.00000000E+00
 10.   19.  -0.11511491E-03   0.15350019E-03  -0.21171395E-02   0.00000000E+00
 10.   20.  -0.24359665E-11   0.13680415E-03  -0.24446622E-02   0.00000000E+00
 10.   21.   0.11511491E-03   0.15350019E-03  -0.21171396E-02   0.00000000E+00
 10.   22.   0.19218082E-03   0.18993956E-03  -0.12223311E-02   0.00000000E+00
 10.   23.   0.21343486E-03   0.21343486E-03  -0.38701309E-10   0.00000000E+00
 10.   24.   0.18993956E-03   0.19218082E-03   0.12223310E-02   0.00000000E+00
 10.   25.   0.15350019E-03   0.11511491E-03   0.21171395E-02   0.00000000E+00
 10.   26.   0.13680415E-03   0.00000000E+00   0.24446622E-02   0.00000000E+00
 10.   27.   0.11974735E-03   0.00000000E+00   0.26099384E-02   0.00000000E+00
 10.   28.   0.73369884E-04   0.12686229E-03   0.22602729E-02   0.00000000E+00
 10.   29.  -0.37824846E-04   0.18526190E-03   0.13049692E-02   0.00000000E+00
 10.   30.  -0.14644187E-03   0.14644188E-03   0.13193218E-10   0.00000000E+00
 10.   31.  -0.18526190E-03   0.37824847E-04  -0.13049692E-02   0.00000000E+00
 10.   32.  -0.12686230E-03  -0.73369884E-04  -0.22602729E-02   0.00000000E+00
 10.   33.  -0.27744775E-11  -0.11974735E-03  -0.26099384E-02   0.00000000E+00
 10.   34.   0.12686229E-03  -0.73369887E-04  -0.22602730E-02   0.00000000E+00
 10.   35.   0.18526190E-03   0.37824842E-04  -0.13049692E-02   0.00000000E+00
 10.   36.   0.14644188E-03   0.14644187E-03  -0.41184459E-10   0.00000000E+00
 10.   37.   0.37824851E-04   0.18526190E-03   0.13049691E-02   0.00000000E+00
 10.   38.  -0.73369881E-04   0.12686230E-03   0.22602729E-02   0.00000000E+00
 10.   39.  -0.11974735E-03   0.00000000E+00   0.26099384E-02   0.00000000E+00
 10.   40.   0.33796111E-03   0.00000000E+00   0.42347631E-03   0.00000000E+00
 10.   41.   0.27955388E-03   0.87530617E-04   0.36674124E-03   0.00000000E+00
 10.   42.   0.13578095E-03   0.10278160E-03   0.21173815E-03   0.00000000E+00
 10.   43.  -0.17245222E-04   0.17245224E-04   0.22737272E-11   0.00000000E+00
 10.   44.  -0.10278160E-03  -0.13578095E-03  -0.21173815E-03   0.00000000E+00
 10.   45.  -0.87530617E-04  -0.27955388E-03  -0.36674124E-03   0.00000000E+00
 10.   46.  -0.19851656E-11  -0.33796111E-03  -0.42347631E-03   0.00000000E+00
 10.   47.   0.87530615E-04  -0.27955389E-03  -0.36674124E-03   0.00000000E+00
 10.   48.   0.10278160E-03  -0.13578096E-03  -0.21173816E-03   0.00000000E+00
 10.   49.   0.17245227E-04   0.17245219E-04  -0.67507765E-11   0.00000000E+00
 10.   50.  -0.13578095E-03   0.10278160E-03   0.21173815E-03   0.00000000E+00
 10.   51.  -0.27955388E-03   0.87530619E-04   0.36674124E-03   0.00000000E+00
 10.   52.  -0.33796111E-03   0.00000000E+00   0.42347631E-03   0.00000000E+00
 10.   53.   0.36781597E-03   0.00000000E+00  -0.28337728E-02   0.00000000E+00
 10.   54.   0.32329219E-03   0.24193334E-04  -0.24541192E-02   0.00000000E+00
 10.   55.   0.21149483E-03   0.14961776E-05  -0.14168864E-02   0.00000000E+00
 10.   56.   0.85284447E-04  -0.85284445E-04  -0.14100321E-10   0.00000000E+00
 10.   57.  -0.14961770E-05  -0.21149483E-03   0.14168864E-02   0.00000000E+00
 10.   58.  -0.24193335E-04  -0.32329219E-03   0.24541192E-02   0.00000000E+00
 10.   59.  -0.62020500E-12  -0.36781597E-03   0.28337728E-02   0.00000000E+00
 10.   60.   0.24193334E-04  -0.32329220E-03   0.24541193E-02   0.00000000E+00
 10.   61.   0.14961792E-05  -0.21149483E-03   0.14168864E-02   0.00000000E+00
 10.   62.  -0.85284443E-04  -0.85284449E-04   0.44360762E-10   0.00000000E+00
 10.   63.  -0.21149483E-03   0.14961755E-05  -0.14168864E-02   0.00000000E+00
 10.   64.  -0.32329219E-03   0.24193335E-04  -0.24541192E-02   0.00000000E+00
 10.   65.  -0.36781597E-03   0.00000000E+00  -0.28337728E-02   0.00000000E+00
 10.   66.  -0.36781597E-03   0.00000000E+00  -0.28337728E-02   0.00000000E+00
 10.   67.  -0.32329219E-03  -0.24193334E-04  -0.24541192E-02   0.00000000E+00
 10.   68.  -0.21149483E-03  -0.14961776E-05  -0.14168864E-02   0.00000000E+00
 10.   69.  -0.85284447E-04   0.85284445E-04  -0.14095973E-10   0.00000000E+00
 10.   70.   0.14961770E-05   0.21149483E-03   0.14168864E-02   0.00000000E+00
 10.   71.   0.24193335E-04   0.32329219E-03   0.24541192E-02   0.00000000E+00
 10.   72.   0.63127701E-12   0.36781597E-03   0.28337728E-02   0.00000000E+00
 10.   73.  -0.24193334E-04   0.32329220E-03   0.24541193E-02   0.00000000E+00
 10.   74.  -0.14961792E-05   0.21149483E-03   0.14168864E-02   0.00000000E+00
 10.   75.   0.85284443E-04   0.85284449E-04   0.44358478E-10   0.00000000E+00
 10.   76.   0.21149483E-03  -0.14961755E-05  -0.14168864E-02   0.00000000E+00
 10.   77.   0.32329219E-03  -0.24193335E-04  -0.24541192E-02   0.00000000E+00
 10.   78.   0.36781597E-03   0.00000000E+00  -0.28337728E-02   0.00000000E+00
 11.    1.   0.55570398E-03   0.00000000E+00   0.52701259E-02   0.00000000E+00
 11.    2.   0.53676882E-03   0.14382677E-03   0.52701259E-02   0.00000000E+00
 11.    3.   0.48125376E-03   0.27785199E-03   0.52701259E-02   0.00000000E+00
 11.    4.   0.39294205E-03   0.39294205E-03   0.52701259E-02   0.00000000E+00
 11.    5.   0.27785199E-03   0.48125376E-03   0.52701259E-02   0.00000000E+00
 11.    6.   0.14382677E-03   0.53676882E-03   0.52701259E-02   0.00000000E+00
 11.    7.   0.28731808E-11   0.55570398E-03   0.52701259E-02   0.00000000E+00
 11.    8.  -0.14382677E-03   0.53676882E-03   0.52701259E-02   0.00000000E+00
 11.    9.  -0.27785198E-03   0.48125376E-03   0.52701259E-02   0.00000000E+00
 11.   10.  -0.39294205E-03   0.39294205E-03   0.52701259E-02   0.00000000E+00
 11.   11.  -0.48125376E-03   0.27785199E-03   0.52701259E-02   0.00000000E+00
 11.   12.  -0.53676882E-03   0.14382678E-03   0.52701259E-02   0.00000000E+00
 11.   13.  -0.55570398E-03   0.00000000E+00   0.52701259E-02   0.00000000E+00
 11.   14.   0.44522580E-03   0.00000000E+00   0.71270936E-03   0.00000000E+00
 11.   15.   0.43005510E-03   0.11523292E-03   0.71270936E-03   0.00000000E+00
 11.   16.   0.38557685E-03   0.22261290E-03   0.71270936E-03   0.00000000E+00
 11.   17.   0.31482218E-03   0.31482218E-03   0.71270936E-03   0.00000000E+00
 11.   18.   0.22261290E-03   0.38557685E-03   0.71270936E-03   0.00000000E+00
 11.   19.   0.11523292E-03   0.43005510E-03   0.71270936E-03   0.00000000E+00
 11.   20.   0.23504187E-11   0.44522580E-03   0.71270936E-03   0.00000000E+00
 11.   21.  -0.11523291E-03   0.43005510E-03   0.71270936E-03   0.00000000E+00
 11.   22.  -0.22261290E-03   0.38557685E-03   0.71270936E-03   0.00000000E+00
 11.   23.  -0.31482218E-03   0.31482218E-03   0.71270936E-03   0.00000000E+00
 11.   24.  -0.38557685E-03   0.22261290E-03   0.71270936E-03   0.00000000E+00
 11.   25.  -0.43005510E-03   0.11523292E-03   0.71270936E-03   0.00000000E+00
 11.   26.  -0.44522580E-03   0.00000000E+00   0.71270936E-03   0.00000000E+00
 11.   27.   0.75802361E-04   0.00000000E+00  -0.18029586E-02   0.00000000E+00
 11.   28.   0.73219458E-04   0.19619095E-04  -0.18029586E-02   0.00000000E+00
 11.   29.   0.65646770E-04   0.37901181E-04  -0.18029586E-02   0.00000000E+00
 11.   30.   0.53600364E-04   0.53600364E-04  -0.18029586E-02   0.00000000E+00
 11.   31.   0.37901181E-04   0.65646770E-04  -0.18029586E-02   0.00000000E+00
 11.   32.   0.19619095E-04   0.73219458E-04  -0.18029586E-02   0.00000000E+00
 11.   33.   0.43877338E-12   0.75802361E-04  -0.18029586E-02   0.00000000E+00
 11.   34.  -0.19619094E-04   0.73219459E-04  -0.18029586E-02   0.00000000E+00
 11.   35.  -0.37901180E-04   0.65646771E-04  -0.18029586E-02   0.00000000E+00
 11.   36.  -0.53600363E-04   0.53600364E-04  -0.18029586E-02   0.00000000E+00
 11.   37.  -0.65646770E-04   0.37901181E-04  -0.18029586E-02   0.00000000E+00
 11.   38.  -0.73219458E-04   0.19619096E-04  -0.18029586E-02   0.00000000E+00
 11.   39.  -0.75802361E-04   0.00000000E+00  -0.18029586E-02   0.00000000E+00
 11.   40.  -0.28519011E-03   0.00000000E+00  -0.68598638E-03   0.00000000E+00
 11.   41.  -0.27547249E-03  -0.73812631E-04  -0.68598638E-03   0.00000000E+00
 11.   42.  -0.24698188E-03  -0.14259505E-03  -0.68598638E-03   0.00000000E+00
 11.   43.  -0.20165986E-03  -0.20165986E-03  -0.68598638E-03   0.00000000E+00
 11.   44.  -0.14259505E-03  -0.24698188E-03  -0.68598638E-03   0.00000000E+00
 11.   45.  -0.73812632E-04  -0.27547249E-03  -0.68598638E-03   0.00000000E+00
 11.   46.  -0.14390950E-11  -0.28519011E-03  -0.68598638E-03   0.00000000E+00
 11.   47.   0.73812629E-04  -0.27547249E-03  -0.68598638E-03   0.00000000E+00
 11.   48.   0.14259505E-03  -0.24698188E-03  -0.68598638E-03   0.00000000E+00
 11.   49.   0.20165986E-03  -0.20165986E-03  -0.68598638E-03   0.00000000E+00
 11.   50.   0.24698188E-03  -0.14259506E-03  -0.68598638E-03   0.00000000E+00
 11.   51.   0.27547249E-03  -0.73812634E-04  -0.68598638E-03   0.00000000E+00
 11.   52.   0.28519011E-03   0.00000000E+00  -0.68598638E-03   0.00000000E+00
 11.   53.  -0.35109829E-03   0.00000000E+00   0.23530841E-02   0.00000000E+00
 11.   54.  -0.33913490E-03  -0.90870923E-04   0.23530841E-02   0.00000000E+00
 11.   55.  -0.30406004E-03  -0.17554914E-03   0.23530841E-02   0.00000000E+00
 11.   56.  -0.24826398E-03  -0.24826398E-03   0.23530841E-02   0.00000000E+00
 11.   57.  -0.17554914E-03  -0.30406003E-03   0.23530841E-02   0.00000000E+00
 11.   58.  -0.90870924E-04  -0.33913490E-03   0.23530841E-02   0.00000000E+00
 11.   59.  -0.17928758E-11  -0.35109829E-03   0.23530841E-02   0.00000000E+00
 11.   60.   0.90870921E-04  -0.33913490E-03   0.23530841E-02   0.00000000E+00
 11.   61.   0.17554914E-03  -0.30406004E-03   0.23530841E-02   0.00000000E+00
 11.   62.   0.24826398E-03  -0.24826398E-03   0.23530841E-02   0.00000000E+00
 11.   63.   0.30406003E-03  -0.17554915E-03   0.23530841E-02   0.00000000E+00
 11.   64.   0.33913490E-03  -0.90870927E-04   0.23530841E-02   0.00000000E+00
 11.   65.   0.35109829E-03   0.00000000E+00   0.23530841E-02   0.00000000E+00
 11.   66.   0.35109829E-03   0.00000000E+00   0.23530841E-02   0.00000000E+00
 11.   67.   0.33913490E-03   0.90870923E-04   0.23530841E-02   0.00000000E+00
 11.   68.   0.30406004E-03   0.17554914E-03   0.23530841E-02   0.00000000E+00
 11.   69.   0.24826398E-03   0.24826398E-03   0.23530841E-02   0.00000000E+00
 11.   70.   0.17554914E-03   0.30406003E-03   0.23530841E-02   0.00000000E+00
 11.   71.   0.90870924E-04   0.33913490E-03   0.23530841E-02   0.00000000E+00
 11.   72.   0.18414768E-11   0.35109829E-03   0.23530841E-02   0.00000000E+00
 11.   73.  -0.90870921E-04   0.33913490E-03   0.23530841E-02   0.00000000E+00
 11.   74.  -0.17554914E-03   0.30406004E-03   0.23530841E-02   0.00000000E+00
 11.   75.  -0.24826398E-03   0.24826398E-03   0.23530841E-02   0.00000000E+00
 11.   76.  -0.30406003E-03   0.17554915E-03   0.23530841E-02   0.00000000E+00
 11.   77.  -0.33913490E-03   0.90870927E-04   0.23530841E-02   0.00000000E+00
 11.   78.  -0.35109829E-03   0.00000000E+00   0.23530841E-02   0.00000000E+00
 12.    1.   0.62209891E-06   0.00000000E+00  -0.37061621E-06   0.00000000E+00
 12.    2.   0.15306419E-06  -0.57124337E-06  -0.11176632E-12   0.00000000E+00
 12.    3.  -0.53875347E-06  -0.31104947E-06   0.37061600E-06   0.00000000E+00
 12.    4.  -0.41817917E-06   0.41817915E-06  -0.61426945E-13   0.00000000E+00
 12.    5.   0.31104946E-06   0.53875347E-06  -0.37061613E-06   0.00000000E+00
 12.    6.   0.57124337E-06  -0.15306419E-06  -0.26031005E-13   0.00000000E+00
 12.    7.   0.18253725E-13  -0.62209892E-06   0.37061607E-06   0.00000000E+00
 12.    8.  -0.57124336E-06  -0.15306422E-06  -0.33707084E-14   0.00000000E+00
 12.    9.  -0.31104948E-06   0.53875345E-06  -0.37061612E-06   0.00000000E+00
 12.   10.   0.41817915E-06   0.41817917E-06  -0.64389129E-13   0.00000000E+00
 12.   11.   0.53875350E-06  -0.31104945E-06   0.37061602E-06   0.00000000E+00
 12.   12.  -0.15306415E-06  -0.57124338E-06  -0.53735677E-13   0.00000000E+00
 12.   13.  -0.62209891E-06   0.00000000E+00  -0.37061617E-06   0.00000000E+00
 12.   14.   0.16752262E-04   0.00000000E+00  -0.49213398E-04   0.00000000E+00
 12.   15.   0.47095865E-05  -0.17576416E-04  -0.24469529E-13   0.00000000E+00
 12.   16.  -0.14507884E-04  -0.83761310E-05   0.49213398E-04   0.00000000E+00
 12.   17.  -0.12866830E-04   0.12866829E-04   0.74169512E-12   0.00000000E+00
 12.   18.   0.83761307E-05   0.14507884E-04  -0.49213398E-04   0.00000000E+00
 12.   19.   0.17576416E-04  -0.47095863E-05  -0.75985396E-12   0.00000000E+00
 12.   20.   0.47748118E-12  -0.16752262E-04   0.49213398E-04   0.00000000E+00
 12.   21.  -0.17576416E-04  -0.47095871E-05   0.22777124E-11   0.00000000E+00
 12.   22.  -0.83761316E-05   0.14507884E-04  -0.49213398E-04   0.00000000E+00
 12.   23.   0.12866829E-04   0.12866830E-04  -0.23321500E-11   0.00000000E+00
 12.   24.   0.14507885E-04  -0.83761301E-05   0.49213398E-04   0.00000000E+00
 12.   25.  -0.47095857E-05  -0.17576416E-04   0.30571501E-11   0.00000000E+00
 12.   26.  -0.16752262E-04   0.00000000E+00  -0.49213398E-04   0.00000000E+00
 12.   27.   0.95490930E-04   0.00000000E+00  -0.49744116E-03   0.00000000E+00
 12.   28.   0.30614591E-04  -0.11425521E-03  -0.19743582E-12   0.00000000E+00
 12.   29.  -0.82697571E-04  -0.47745465E-04   0.49744116E-03   0.00000000E+00
 12.   30.  -0.83640618E-04   0.83640617E-04   0.76141547E-11   0.00000000E+00
 12.   31.   0.47745463E-04   0.82697572E-04  -0.49744116E-03   0.00000000E+00
 12.   32.   0.11425521E-03  -0.30614590E-04  -0.77668464E-11   0.00000000E+00
 12.   33.   0.32031157E-11  -0.95490930E-04   0.49744116E-03   0.00000000E+00
 12.   34.  -0.11425521E-03  -0.30614594E-04   0.23246487E-10   0.00000000E+00
 12.   35.  -0.47745469E-04   0.82697569E-04  -0.49744116E-03   0.00000000E+00
 12.   36.   0.83640615E-04   0.83640620E-04  -0.23570751E-10   0.00000000E+00
 12.   37.   0.82697574E-04  -0.47745459E-04   0.49744116E-03   0.00000000E+00
 12.   38.  -0.30614586E-04  -0.11425521E-03   0.31017714E-10   0.00000000E+00
 12.   39.  -0.95490930E-04   0.00000000E+00  -0.49744116E-03   0.00000000E+00
 12.   40.   0.21917453E-03   0.00000000E+00  -0.19131441E-02   0.00000000E+00
 12.   41.   0.86856549E-04  -0.32415305E-03  -0.65652267E-12   0.00000000E+00
 12.   42.  -0.18981071E-03  -0.10958727E-03   0.19131441E-02   0.00000000E+00
 12.   43.  -0.23729651E-03   0.23729650E-03   0.28996995E-10   0.00000000E+00
 12.   44.   0.10958726E-03   0.18981071E-03  -0.19131441E-02   0.00000000E+00
 12.   45.   0.32415306E-03  -0.86856547E-04  -0.30213027E-10   0.00000000E+00
 12.   46.   0.93759132E-11  -0.21917453E-03   0.19131441E-02   0.00000000E+00
 12.   47.  -0.32415305E-03  -0.86856557E-04   0.89373387E-10   0.00000000E+00
 12.   48.  -0.10958728E-03   0.18981071E-03  -0.19131441E-02   0.00000000E+00
 12.   49.   0.23729650E-03   0.23729651E-03  -0.90656799E-10   0.00000000E+00
 12.   50.   0.18981072E-03  -0.10958725E-03   0.19131441E-02   0.00000000E+00
 12.   51.  -0.86856539E-04  -0.32415306E-03   0.11916984E-09   0.00000000E+00
 12.   52.  -0.21917453E-03   0.00000000E+00  -0.19131441E-02   0.00000000E+00
 12.   53.   0.35296485E-03   0.00000000E+00  -0.44074616E-02   0.00000000E+00
 12.   54.   0.15144458E-03  -0.56519886E-03  -0.14793782E-11   0.00000000E+00
 12.   55.  -0.30567653E-03  -0.17648243E-03   0.44074616E-02   0.00000000E+00
 12.   56.  -0.41375429E-03   0.41375428E-03   0.66690240E-10   0.00000000E+00
 12.   57.   0.17648242E-03   0.30567653E-03  -0.44074616E-02   0.00000000E+00
 12.   58.   0.56519886E-03  -0.15144458E-03  -0.69747922E-10   0.00000000E+00
 12.   59.   0.16504959E-10  -0.35296485E-03   0.44074616E-02   0.00000000E+00
 12.   60.  -0.56519886E-03  -0.15144459E-03   0.20593342E-09   0.00000000E+00
 12.   61.  -0.17648245E-03   0.30567651E-03  -0.44074616E-02   0.00000000E+00
 12.   62.   0.41375428E-03   0.41375429E-03  -0.20875576E-09   0.00000000E+00
 12.   63.   0.30567654E-03  -0.17648240E-03   0.44074616E-02   0.00000000E+00
 12.   64.  -0.15144456E-03  -0.56519887E-03   0.27442768E-09   0.00000000E+00
 12.   65.  -0.35296485E-03   0.00000000E+00  -0.44074616E-02   0.00000000E+00
 12.   66.  -0.35296485E-03   0.00000000E+00  -0.44074616E-02   0.00000000E+00
 12.   67.  -0.15144458E-03   0.56519886E-03  -0.14787981E-11   0.00000000E+00
 12.   68.   0.30567653E-03   0.17648243E-03   0.44074616E-02   0.00000000E+00
 12.   69.   0.41375429E-03  -0.41375428E-03   0.66692430E-10   0.00000000E+00
 12.   70.  -0.17648242E-03  -0.30567653E-03  -0.44074616E-02   0.00000000E+00
 12.   71.  -0.56519886E-03   0.15144458E-03  -0.69746940E-10   0.00000000E+00
 12.   72.  -0.16512240E-10   0.35296485E-03   0.44074616E-02   0.00000000E+00
 12.   73.   0.56519886E-03   0.15144459E-03   0.20593377E-09   0.00000000E+00
 12.   74.   0.17648245E-03  -0.30567651E-03  -0.44074616E-02   0.00000000E+00
 12.   75.  -0.41375428E-03  -0.41375429E-03  -0.20875705E-09   0.00000000E+00
 12.   76.  -0.30567654E-03   0.17648240E-03   0.44074616E-02   0.00000000E+00
 12.   77.   0.15144456E-03   0.56519887E-03   0.27442767E-09   0.00000000E+00
 12.   78.   0.35296485E-03   0.00000000E+00  -0.44074616E-02   0.00000000E+00
 13.    1.  -0.70626553E-04   0.00000000E+00   0.18720300E-03   0.00000000E+00
 13.    2.  -0.64643117E-04   0.48296065E-04   0.13237251E-03   0.00000000E+00
 13.    3.  -0.44817337E-04   0.77625905E-04  -0.24169565E-12   0.00000000E+00
 13.    4.  -0.95040610E-05   0.80130614E-04  -0.13237251E-03   0.00000000E+00
 13.    5.   0.35313276E-04   0.61164389E-04  -0.18720300E-03   0.00000000E+00
 13.    6.   0.74147177E-04   0.31834549E-04  -0.13237251E-03   0.00000000E+00
 13.    7.   0.89634674E-04   0.65445230E-12  -0.28647279E-11   0.00000000E+00
 13.    8.   0.74147178E-04  -0.31834548E-04   0.13237251E-03   0.00000000E+00
 13.    9.   0.35313278E-04  -0.61164388E-04   0.18720300E-03   0.00000000E+00
 13.   10.  -0.95040593E-05  -0.80130613E-04   0.13237251E-03   0.00000000E+00
 13.   11.  -0.44817336E-04  -0.77625906E-04   0.57525828E-11   0.00000000E+00
 13.   12.  -0.64643116E-04  -0.48296066E-04  -0.13237251E-03   0.00000000E+00
 13.   13.  -0.70626553E-04   0.00000000E+00  -0.18720300E-03   0.00000000E+00
 13.   14.  -0.13432326E-03   0.00000000E+00   0.11759816E-02   0.00000000E+00
 13.   15.  -0.13145791E-03   0.12362962E-03   0.83154456E-03   0.00000000E+00
 13.   16.  -0.10849907E-03   0.18792589E-03   0.11860202E-11   0.00000000E+00
 13.   17.  -0.41337434E-04   0.17566070E-03  -0.83154456E-03   0.00000000E+00
 13.   18.   0.67161631E-04   0.11632736E-03  -0.11759816E-02   0.00000000E+00
 13.   19.   0.17279534E-03   0.52031082E-04  -0.83154457E-03   0.00000000E+00
 13.   20.   0.21699813E-03   0.95975829E-12  -0.18476513E-10   0.00000000E+00
 13.   21.   0.17279535E-03  -0.52031080E-04   0.83154454E-03   0.00000000E+00
 13.   22.   0.67161636E-04  -0.11632736E-03   0.11759816E-02   0.00000000E+00
 13.   23.  -0.41337430E-04  -0.17566070E-03   0.83154458E-03   0.00000000E+00
 13.   24.  -0.10849906E-03  -0.18792589E-03   0.35688951E-10   0.00000000E+00
 13.   25.  -0.13145791E-03  -0.12362962E-03  -0.83154454E-03   0.00000000E+00
 13.   26.  -0.13432326E-03   0.00000000E+00  -0.11759816E-02   0.00000000E+00
 13.   27.   0.16302896E-04   0.00000000E+00   0.18909513E-02   0.00000000E+00
 13.   28.  -0.29912115E-04   0.15617387E-03   0.13371045E-02   0.00000000E+00
 13.   29.  -0.11214304E-03   0.19423744E-03   0.21464739E-11   0.00000000E+00
 13.   30.  -0.12029448E-03   0.10399159E-03  -0.13371045E-02   0.00000000E+00
 13.   31.  -0.81514497E-05  -0.14118721E-04  -0.18909513E-02   0.00000000E+00
 13.   32.   0.15020660E-03  -0.52182286E-04  -0.13371045E-02   0.00000000E+00
 13.   33.   0.22428607E-03  -0.14287881E-11  -0.29581816E-10   0.00000000E+00
 13.   34.   0.15020660E-03   0.52182285E-04   0.13371045E-02   0.00000000E+00
 13.   35.  -0.81514435E-05   0.14118725E-04   0.18909513E-02   0.00000000E+00
 13.   36.  -0.12029448E-03  -0.10399158E-03   0.13371045E-02   0.00000000E+00
 13.   37.  -0.11214304E-03  -0.19423743E-03   0.57066624E-10   0.00000000E+00
 13.   38.  -0.29912118E-04  -0.15617388E-03  -0.13371044E-02   0.00000000E+00
 13.   39.   0.16302896E-04   0.00000000E+00  -0.18909513E-02   0.00000000E+00
 13.   40.   0.24798008E-03   0.00000000E+00   0.62210577E-03   0.00000000E+00
 13.   41.   0.15949197E-03   0.82262056E-04   0.43989521E-03   0.00000000E+00
 13.   42.  -0.26996972E-04   0.46760128E-04   0.67461533E-12   0.00000000E+00
 13.   43.  -0.15098701E-03  -0.96993068E-04  -0.43989520E-03   0.00000000E+00
 13.   44.  -0.12399004E-03  -0.21475705E-03  -0.62210577E-03   0.00000000E+00
 13.   45.  -0.85049559E-05  -0.17925513E-03  -0.43989521E-03   0.00000000E+00
 13.   46.   0.53993945E-04  -0.41742558E-11  -0.96916992E-11   0.00000000E+00
 13.   47.  -0.85049514E-05   0.17925512E-03   0.43989520E-03   0.00000000E+00
 13.   48.  -0.12399004E-03   0.21475705E-03   0.62210577E-03   0.00000000E+00
 13.   49.  -0.15098702E-03   0.96993074E-04   0.43989522E-03   0.00000000E+00
 13.   50.  -0.26996980E-04  -0.46760124E-04   0.18772635E-10   0.00000000E+00
 13.   51.   0.15949196E-03  -0.82262057E-04  -0.43989519E-03   0.00000000E+00
 13.   52.   0.24798008E-03   0.00000000E+00  -0.62210577E-03   0.00000000E+00
 13.   53.   0.29680023E-03   0.00000000E+00  -0.19397208E-02   0.00000000E+00
 13.   54.   0.22489213E-03  -0.28435568E-04  -0.13715898E-02   0.00000000E+00
 13.   55.   0.60579971E-04  -0.10492759E-03  -0.22311013E-11   0.00000000E+00
 13.   56.  -0.87820141E-04  -0.20898008E-03   0.13715897E-02   0.00000000E+00
 13.   57.  -0.14840011E-03  -0.25703654E-03   0.19397208E-02   0.00000000E+00
 13.   58.  -0.13707199E-03  -0.18054452E-03   0.13715898E-02   0.00000000E+00
 13.   59.  -0.12115994E-03  -0.40616952E-11   0.30616197E-10   0.00000000E+00
 13.   60.  -0.13707199E-03   0.18054451E-03  -0.13715897E-02   0.00000000E+00
 13.   61.  -0.14840011E-03   0.25703653E-03  -0.19397208E-02   0.00000000E+00
 13.   62.  -0.87820145E-04   0.20898009E-03  -0.13715898E-02   0.00000000E+00
 13.   63.   0.60579964E-04   0.10492759E-03  -0.58503763E-10   0.00000000E+00
 13.   64.   0.22489213E-03   0.28435570E-04   0.13715897E-02   0.00000000E+00
 13.   65.   0.29680023E-03   0.00000000E+00   0.19397208E-02   0.00000000E+00
 13.   66.  -0.29680023E-03   0.00000000E+00  -0.19397208E-02   0.00000000E+00
 13.   67.  -0.22489213E-03   0.28435568E-04  -0.13715898E-02   0.00000000E+00
 13.   68.  -0.60579971E-04   0.10492759E-03  -0.22285595E-11   0.00000000E+00
 13.   69.   0.87820141E-04   0.20898008E-03   0.13715897E-02   0.00000000E+00
 13.   70.   0.14840011E-03   0.25703654E-03   0.19397208E-02   0.00000000E+00
 13.   71.   0.13707199E-03   0.18054452E-03   0.13715898E-02   0.00000000E+00
 13.   72.   0.12115994E-03   0.40402289E-11   0.30612294E-10   0.00000000E+00
 13.   73.   0.13707199E-03  -0.18054451E-03  -0.13715897E-02   0.00000000E+00
 13.   74.   0.14840011E-03  -0.25703653E-03  -0.19397208E-02   0.00000000E+00
 13.   75.   0.87820145E-04  -0.20898009E-03  -0.13715898E-02   0.00000000E+00
 13.   76.  -0.60579964E-04  -0.10492759E-03  -0.58501473E-10   0.00000000E+00
 13.   77.  -0.22489213E-03  -0.28435570E-04   0.13715897E-02   0.00000000E+00
 13.   78.  -0.29680023E-03   0.00000000E+00   0.19397208E-02   0.00000000E+00
 14.    1.   0.13844249E-03   0.00000000E+00   0.28525187E-02   0.00000000E+00
 14.    2.   0.10628040E-03   0.12003057E-03   0.27553214E-02   0.00000000E+00
 14.    3.   0.18411919E-04   0.20789905E-03   0.24703536E-02   0.00000000E+00
 14.    4.  -0.10161865E-03   0.24006115E-03   0.20170353E-02   0.00000000E+00
 14.    5.  -0.22164923E-03   0.20789905E-03   0.14262593E-02   0.00000000E+00
 14.    6.  -0.30951770E-03   0.12003057E-03   0.73828616E-03   0.00000000E+00
 14.    7.  -0.34167980E-03   0.25381225E-11   0.15057187E-10   0.00000000E+00
 14.    8.  -0.30951771E-03  -0.12003057E-03  -0.73828614E-03   0.00000000E+00
 14.    9.  -0.22164923E-03  -0.20789905E-03  -0.14262593E-02   0.00000000E+00
 14.   10.  -0.10161866E-03  -0.24006115E-03  -0.20170353E-02   0.00000000E+00
 14.   11.   0.18411915E-04  -0.20789905E-03  -0.24703536E-02   0.00000000E+00
 14.   12.   0.10628039E-03  -0.12003058E-03  -0.27553214E-02   0.00000000E+00
 14.   13.   0.13844249E-03   0.00000000E+00  -0.28525187E-02   0.00000000E+00
 14.   14.   0.25695033E-03   0.00000000E+00   0.12438479E-02   0.00000000E+00
 14.   15.   0.23460524E-03   0.83393026E-04   0.12014648E-02   0.00000000E+00
 14.   16.   0.17355731E-03   0.14444096E-03   0.10772039E-02   0.00000000E+00
 14.   17.   0.90164281E-04   0.16678605E-03   0.87953330E-03   0.00000000E+00
 14.   18.   0.67712544E-05   0.14444096E-03   0.62192396E-03   0.00000000E+00
 14.   19.  -0.54276678E-04   0.83393027E-04   0.32193153E-03   0.00000000E+00
 14.   20.  -0.76621772E-04   0.17305616E-11   0.64698240E-11   0.00000000E+00
 14.   21.  -0.54276680E-04  -0.83393024E-04  -0.32193152E-03   0.00000000E+00
 14.   22.   0.67712514E-05  -0.14444096E-03  -0.62192395E-03   0.00000000E+00
 14.   23.   0.90164277E-04  -0.16678605E-03  -0.87953329E-03   0.00000000E+00
 14.   24.   0.17355730E-03  -0.14444096E-03  -0.10772039E-02   0.00000000E+00
 14.   25.   0.23460524E-03  -0.83393029E-04  -0.12014648E-02   0.00000000E+00
 14.   26.   0.25695033E-03   0.00000000E+00  -0.12438479E-02   0.00000000E+00
 14.   27.   0.13957879E-03   0.00000000E+00  -0.86057786E-03   0.00000000E+00
 14.   28.   0.13250358E-03   0.26405057E-04  -0.83125438E-03   0.00000000E+00
 14.   29.   0.11317373E-03   0.45734900E-04  -0.74528229E-03   0.00000000E+00
 14.   30.   0.86768678E-04   0.52810113E-04  -0.60852044E-03   0.00000000E+00
 14.   31.   0.60363621E-04   0.45734900E-04  -0.43028893E-03   0.00000000E+00
 14.   32.   0.41033778E-04   0.26405057E-04  -0.22273394E-03   0.00000000E+00
 14.   33.   0.33958564E-04   0.55781722E-12  -0.44511032E-11   0.00000000E+00
 14.   34.   0.41033777E-04  -0.26405056E-04   0.22273393E-03   0.00000000E+00
 14.   35.   0.60363620E-04  -0.45734899E-04   0.43028893E-03   0.00000000E+00
 14.   36.   0.86768677E-04  -0.52810113E-04   0.60852044E-03   0.00000000E+00
 14.   37.   0.11317373E-03  -0.45734900E-04   0.74528229E-03   0.00000000E+00
 14.   38.   0.13250358E-03  -0.26405058E-04   0.83125438E-03   0.00000000E+00
 14.   39.   0.13957879E-03   0.00000000E+00   0.86057786E-03   0.00000000E+00
 14.   40.  -0.17176766E-03   0.00000000E+00  -0.65826959E-03   0.00000000E+00
 14.   41.  -0.15898604E-03  -0.47701643E-04  -0.63583960E-03   0.00000000E+00
 14.   42.  -0.12406601E-03  -0.82621670E-04  -0.57007819E-03   0.00000000E+00
 14.   43.  -0.76364371E-04  -0.95403287E-04  -0.46546689E-03   0.00000000E+00
 14.   44.  -0.28662728E-04  -0.82621670E-04  -0.32913480E-03   0.00000000E+00
 14.   45.   0.62572990E-05  -0.47701644E-04  -0.17037271E-03   0.00000000E+00
 14.   46.   0.19038916E-04  -0.10086005E-11  -0.34071724E-11   0.00000000E+00
 14.   47.   0.62573000E-05   0.47701642E-04   0.17037270E-03   0.00000000E+00
 14.   48.  -0.28662726E-04   0.82621669E-04   0.32913479E-03   0.00000000E+00
 14.   49.  -0.76364369E-04   0.95403287E-04   0.46546689E-03   0.00000000E+00
 14.   50.  -0.12406601E-03   0.82621671E-04   0.57007819E-03   0.00000000E+00
 14.   51.  -0.15898604E-03   0.47701645E-04   0.63583960E-03   0.00000000E+00
 14.   52.  -0.17176766E-03   0.00000000E+00   0.65826959E-03   0.00000000E+00
 14.   53.  -0.25119784E-03   0.00000000E+00   0.14349418E-02   0.00000000E+00
 14.   54.  -0.23633401E-03  -0.55472559E-04   0.13860474E-02   0.00000000E+00
 14.   55.  -0.19572528E-03  -0.96081291E-04   0.12426961E-02   0.00000000E+00
 14.   56.  -0.14025272E-03  -0.11094512E-03   0.10146571E-02   0.00000000E+00
 14.   57.  -0.84780161E-04  -0.96081291E-04   0.71747092E-03   0.00000000E+00
 14.   58.  -0.44171429E-04  -0.55472560E-04   0.37139028E-03   0.00000000E+00
 14.   59.  -0.29307601E-04  -0.11987064E-11   0.76962726E-11   0.00000000E+00
 14.   60.  -0.44171427E-04   0.55472558E-04  -0.37139027E-03   0.00000000E+00
 14.   61.  -0.84780159E-04   0.96081290E-04  -0.71747091E-03   0.00000000E+00
 14.   62.  -0.14025272E-03   0.11094512E-03  -0.10146571E-02   0.00000000E+00
 14.   63.  -0.19572528E-03   0.96081292E-04  -0.12426961E-02   0.00000000E+00
 14.   64.  -0.23633401E-03   0.55472561E-04  -0.13860474E-02   0.00000000E+00
 14.   65.  -0.25119784E-03   0.00000000E+00  -0.14349418E-02   0.00000000E+00
 14.   66.   0.25119784E-03   0.00000000E+00   0.14349418E-02   0.00000000E+00
 14.   67.   0.23633401E-03   0.55472559E-04   0.13860474E-02   0.00000000E+00
 14.   68.   0.19572528E-03   0.96081291E-04   0.12426961E-02   0.00000000E+00
 14.   69.   0.14025272E-03   0.11094512E-03   0.10146571E-02   0.00000000E+00
 14.   70.   0.84780161E-04   0.96081291E-04   0.71747092E-03   0.00000000E+00
 14.   71.   0.44171429E-04   0.55472560E-04   0.37139028E-03   0.00000000E+00
 14.   72.   0.29307601E-04   0.11797739E-11   0.76922959E-11   0.00000000E+00
 14.   73.   0.44171427E-04  -0.55472558E-04  -0.37139027E-03   0.00000000E+00
 14.   74.   0.84780159E-04  -0.96081290E-04  -0.71747091E-03   0.00000000E+00
 14.   75.   0.14025272E-03  -0.11094512E-03  -0.10146571E-02   0.00000000E+00
 14.   76.   0.19572528E-03  -0.96081292E-04  -0.12426961E-02   0.00000000E+00
 14.   77.   0.23633401E-03  -0.55472561E-04  -0.13860474E-02   0.00000000E+00
 14.   78.   0.25119784E-03   0.00000000E+00  -0.14349418E-02   0.00000000E+00
 15.    1.  -0.12891671E-06   0.00000000E+00   0.53896608E-07   0.00000000E+00
 15.    2.   0.21251186E-08   0.12098582E-06  -0.13949237E-07   0.00000000E+00
 15.    3.   0.12679165E-06   0.36807939E-08  -0.46675543E-07   0.00000000E+00
 15.    4.  -0.42502057E-08  -0.12466655E-06   0.38110555E-07   0.00000000E+00
 15.    5.  -0.12254152E-06  -0.36807656E-08   0.26948176E-07   0.00000000E+00
 15.    6.   0.21250509E-08   0.12834730E-06  -0.52060021E-07   0.00000000E+00
 15.    7.   0.12041637E-06  -0.22669772E-13  -0.12076085E-12   0.00000000E+00
 15.    8.   0.21251082E-08  -0.12834733E-06   0.52059838E-07   0.00000000E+00
 15.    9.  -0.12254144E-06   0.36807840E-08  -0.26948219E-07   0.00000000E+00
 15.   10.  -0.42501612E-08   0.12466662E-06  -0.38110415E-07   0.00000000E+00
 15.   11.   0.12679165E-06  -0.36806867E-08   0.46675892E-07   0.00000000E+00
 15.   12.   0.21250694E-08  -0.12098576E-06   0.13949752E-07   0.00000000E+00
 15.   13.  -0.12891678E-06   0.00000000E+00  -0.53896038E-07   0.00000000E+00
 15.   14.  -0.71504365E-05   0.00000000E+00   0.18090541E-04   0.00000000E+00
 15.   15.  -0.15674806E-06   0.77354283E-05  -0.46821767E-05   0.00000000E+00
 15.   16.   0.73071846E-05  -0.27149564E-06  -0.15666868E-04   0.00000000E+00
 15.   17.   0.31349631E-06  -0.74639327E-05   0.12791944E-04   0.00000000E+00
 15.   18.  -0.76206807E-05   0.27149553E-06   0.90452709E-05   0.00000000E+00
 15.   19.  -0.15674823E-06   0.71924370E-05  -0.17474121E-04   0.00000000E+00
 15.   20.   0.77774288E-05   0.23530862E-12  -0.61887450E-12   0.00000000E+00
 15.   21.  -0.15674773E-06  -0.71924370E-05   0.17474121E-04   0.00000000E+00
 15.   22.  -0.76206808E-05  -0.27149598E-06  -0.90452697E-05   0.00000000E+00
 15.   23.   0.31349582E-06   0.74639326E-05  -0.12791945E-04   0.00000000E+00
 15.   24.   0.73071846E-05   0.27149612E-06   0.15666868E-04   0.00000000E+00
 15.   25.  -0.15674767E-06  -0.77354283E-05   0.46821779E-05   0.00000000E+00
 15.   26.  -0.71504365E-05   0.00000000E+00  -0.18090541E-04   0.00000000E+00
 15.   27.  -0.58959682E-04   0.00000000E+00   0.26623506E-03   0.00000000E+00
 15.   28.  -0.36624188E-05   0.72628015E-04  -0.68906703E-04   0.00000000E+00
 15.   29.   0.62622100E-04  -0.63434953E-05  -0.23056632E-03   0.00000000E+00
 15.   30.   0.73248386E-05  -0.66284519E-04   0.18825661E-03   0.00000000E+00
 15.   31.  -0.69946938E-04   0.63434945E-05   0.13311753E-03   0.00000000E+00
 15.   32.  -0.36624200E-05   0.59941024E-04  -0.25716332E-03   0.00000000E+00
 15.   33.   0.73609357E-04   0.17605715E-11  -0.97311673E-11   0.00000000E+00
 15.   34.  -0.36624153E-05  -0.59941023E-04   0.25716332E-03   0.00000000E+00
 15.   35.  -0.69946938E-04  -0.63434983E-05  -0.13311752E-03   0.00000000E+00
 15.   36.   0.73248345E-05   0.66284519E-04  -0.18825662E-03   0.00000000E+00
 15.   37.   0.62622101E-04   0.63434997E-05   0.23056631E-03   0.00000000E+00
 15.   38.  -0.36624152E-05  -0.72628014E-04   0.68906722E-04   0.00000000E+00
 15.   39.  -0.58959682E-04   0.00000000E+00  -0.26623506E-03   0.00000000E+00
 15.   40.  -0.16174759E-03   0.00000000E+00   0.12506236E-02   0.00000000E+00
 15.   41.  -0.23343074E-04   0.24886513E-03  -0.32368520E-03   0.00000000E+00
 15.   42.   0.18509067E-03  -0.40431390E-04  -0.10830718E-02   0.00000000E+00
 15.   43.   0.46686151E-04  -0.20843374E-03   0.88432439E-03   0.00000000E+00
 15.   44.  -0.23177681E-03   0.40431387E-04   0.62531180E-03   0.00000000E+00
 15.   45.  -0.23343078E-04   0.16800235E-03  -0.12080096E-02   0.00000000E+00
 15.   46.   0.25511989E-03   0.46068802E-11  -0.45757549E-10   0.00000000E+00
 15.   47.  -0.23343062E-04  -0.16800235E-03   0.12080096E-02   0.00000000E+00
 15.   48.  -0.23177682E-03  -0.40431399E-04  -0.62531173E-03   0.00000000E+00
 15.   49.   0.46686138E-04   0.20843374E-03  -0.88432446E-03   0.00000000E+00
 15.   50.   0.18509067E-03   0.40431405E-04   0.10830717E-02   0.00000000E+00
 15.   51.  -0.23343064E-04  -0.24886513E-03   0.32368529E-03   0.00000000E+00
 15.   52.  -0.16174759E-03   0.00000000E+00  -0.12506236E-02   0.00000000E+00
 15.   53.  -0.28415458E-03   0.00000000E+00   0.31752927E-02   0.00000000E+00
 15.   54.  -0.50683643E-04   0.47330851E-03  -0.82182623E-03   0.00000000E+00
 15.   55.   0.33483822E-03  -0.87786644E-04  -0.27498842E-02   0.00000000E+00
 15.   56.   0.10136729E-03  -0.38552186E-03   0.22452710E-02   0.00000000E+00
 15.   57.  -0.43620550E-03   0.87786640E-04   0.15876464E-02   0.00000000E+00
 15.   58.  -0.50683651E-04   0.29773522E-03  -0.30670972E-02   0.00000000E+00
 15.   59.   0.48688915E-03   0.78749076E-11  -0.11636502E-09   0.00000000E+00
 15.   60.  -0.50683619E-04  -0.29773521E-03   0.30670973E-02   0.00000000E+00
 15.   61.  -0.43620551E-03  -0.87786660E-04  -0.15876462E-02   0.00000000E+00
 15.   62.   0.10136727E-03   0.38552186E-03  -0.22452711E-02   0.00000000E+00
 15.   63.   0.33483823E-03   0.87786672E-04   0.27498840E-02   0.00000000E+00
 15.   64.  -0.50683626E-04  -0.47330850E-03   0.82182645E-03   0.00000000E+00
 15.   65.  -0.28415457E-03   0.00000000E+00  -0.31752927E-02   0.00000000E+00
 15.   66.   0.28415458E-03   0.00000000E+00   0.31752927E-02   0.00000000E+00
 15.   67.   0.50683643E-04  -0.47330851E-03  -0.82182623E-03   0.00000000E+00
 15.   68.  -0.33483822E-03   0.87786644E-04  -0.27498842E-02   0.00000000E+00
 15.   69.  -0.10136729E-03   0.38552186E-03   0.22452710E-02   0.00000000E+00
 15.   70.   0.43620550E-03  -0.87786640E-04   0.15876464E-02   0.00000000E+00
 15.   71.   0.50683651E-04  -0.29773522E-03  -0.30670972E-02   0.00000000E+00
 15.   72.  -0.48688915E-03  -0.78689009E-11  -0.11636475E-09   0.00000000E+00
 15.   73.   0.50683619E-04   0.29773521E-03   0.30670973E-02   0.00000000E+00
 15.   74.   0.43620551E-03   0.87786660E-04  -0.15876462E-02   0.00000000E+00
 15.   75.  -0.10136727E-03  -0.38552186E-03  -0.22452711E-02   0.00000000E+00
 15.   76.  -0.33483823E-03  -0.87786672E-04   0.27498840E-02   0.00000000E+00
 15.   77.   0.50683626E-04   0.47330850E-03   0.82182645E-03   0.00000000E+00
 15.   78.   0.28415457E-03   0.00000000E+00  -0.31752927E-02   0.00000000E+00
 16.    1.  -0.23804898E-04   0.00000000E+00   0.38832279E-04   0.00000000E+00
 16.    2.  -0.17720427E-04   0.20146004E-04   0.19416140E-04   0.00000000E+00
 16.    3.  -0.17151419E-05   0.26775611E-04  -0.19416140E-04   0.00000000E+00
 16.    4.   0.16832605E-04   0.16832605E-04  -0.38832279E-04   0.00000000E+00
 16.    5.   0.26775611E-04  -0.17151417E-05  -0.19416140E-04   0.00000000E+00
 16.    6.   0.20146005E-04  -0.17720427E-04   0.19416139E-04   0.00000000E+00
 16.    7.   0.45128676E-12  -0.23804898E-04   0.38832279E-04   0.00000000E+00
 16.    8.  -0.20146004E-04  -0.17720428E-04   0.19416141E-04   0.00000000E+00
 16.    9.  -0.26775611E-04  -0.17151425E-05  -0.19416139E-04   0.00000000E+00
 16.   10.  -0.16832605E-04   0.16832604E-04  -0.38832279E-04   0.00000000E+00
 16.   11.   0.17151412E-05   0.26775611E-04  -0.19416141E-04   0.00000000E+00
 16.   12.   0.17720427E-04   0.20146005E-04   0.19416138E-04   0.00000000E+00
 16.   13.   0.23804898E-04   0.00000000E+00   0.38832279E-04   0.00000000E+00
 16.   14.  -0.97356059E-04   0.00000000E+00   0.56463400E-03   0.00000000E+00
 16.   15.  -0.78030426E-04   0.10313605E-03   0.28231700E-03   0.00000000E+00
 16.   16.  -0.17752357E-04   0.12810404E-03  -0.28231700E-03   0.00000000E+00
 16.   17.   0.68841129E-04   0.68841131E-04  -0.56463400E-03   0.00000000E+00
 16.   18.   0.12810404E-03  -0.17752357E-04  -0.28231700E-03   0.00000000E+00
 16.   19.   0.10313605E-03  -0.78030426E-04   0.28231699E-03   0.00000000E+00
 16.   20.   0.23823935E-11  -0.97356059E-04   0.56463400E-03   0.00000000E+00
 16.   21.  -0.10313605E-03  -0.78030427E-04   0.28231701E-03   0.00000000E+00
 16.   22.  -0.12810405E-03  -0.17752360E-04  -0.28231698E-03   0.00000000E+00
 16.   23.  -0.68841132E-04   0.68841127E-04  -0.56463400E-03   0.00000000E+00
 16.   24.   0.17752354E-04   0.12810404E-03  -0.28231702E-03   0.00000000E+00
 16.   25.   0.78030425E-04   0.10313605E-03   0.28231698E-03   0.00000000E+00
 16.   26.   0.97356059E-04   0.00000000E+00   0.56463400E-03   0.00000000E+00
 16.   27.  -0.32791907E-04   0.00000000E+00   0.13473937E-02   0.00000000E+00
 16.   28.  -0.63404900E-04   0.17328121E-03   0.67369687E-03   0.00000000E+00
 16.   29.  -0.77694283E-04   0.16736235E-03  -0.67369687E-03   0.00000000E+00
 16.   30.   0.23187378E-04   0.23187381E-04  -0.13473937E-02   0.00000000E+00
 16.   31.   0.16736235E-03  -0.77694282E-04  -0.67369688E-03   0.00000000E+00
 16.   32.   0.17328121E-03  -0.63404900E-04   0.67369686E-03   0.00000000E+00
 16.   33.   0.42655486E-11  -0.32791907E-04   0.13473937E-02   0.00000000E+00
 16.   34.  -0.17328121E-03  -0.63404898E-04   0.67369691E-03   0.00000000E+00
 16.   35.  -0.16736235E-03  -0.77694284E-04  -0.67369683E-03   0.00000000E+00
 16.   36.  -0.23187384E-04   0.23187375E-04  -0.13473937E-02   0.00000000E+00
 16.   37.   0.77694281E-04   0.16736235E-03  -0.67369692E-03   0.00000000E+00
 16.   38.   0.63404902E-04   0.17328121E-03   0.67369682E-03   0.00000000E+00
 16.   39.   0.32791907E-04   0.00000000E+00   0.13473937E-02   0.00000000E+00
 16.   40.   0.18497042E-03   0.00000000E+00   0.64394724E-03   0.00000000E+00
 16.   41.   0.72660447E-04   0.86162940E-04   0.32197362E-03   0.00000000E+00
 16.   42.  -0.11230509E-03   0.95477048E-05  -0.32197362E-03   0.00000000E+00
 16.   43.  -0.13079384E-03  -0.13079384E-03  -0.64394724E-03   0.00000000E+00
 16.   44.   0.95477032E-05  -0.11230509E-03  -0.32197362E-03   0.00000000E+00
 16.   45.   0.86162940E-04   0.72660445E-04   0.32197361E-03   0.00000000E+00
 16.   46.   0.25156930E-11   0.18497042E-03   0.64394724E-03   0.00000000E+00
 16.   47.  -0.86162940E-04   0.72660452E-04   0.32197364E-03   0.00000000E+00
 16.   48.  -0.95477091E-05  -0.11230509E-03  -0.32197360E-03   0.00000000E+00
 16.   49.   0.13079384E-03  -0.13079384E-03  -0.64394724E-03   0.00000000E+00
 16.   50.   0.11230510E-03   0.95476990E-05  -0.32197364E-03   0.00000000E+00
 16.   51.  -0.72660439E-04   0.86162940E-04   0.32197360E-03   0.00000000E+00
 16.   52.  -0.18497042E-03   0.00000000E+00   0.64394724E-03   0.00000000E+00
 16.   53.   0.24576522E-03   0.00000000E+00  -0.14216688E-02   0.00000000E+00
 16.   54.   0.14472396E-03  -0.65335240E-04  -0.71083438E-03   0.00000000E+00
 16.   55.  -0.56136305E-04  -0.14853429E-03   0.71083437E-03   0.00000000E+00
 16.   56.  -0.17378225E-03  -0.17378225E-03   0.14216688E-02   0.00000000E+00
 16.   57.  -0.14853429E-03  -0.56136307E-04   0.71083439E-03   0.00000000E+00
 16.   58.  -0.65335241E-04   0.14472396E-03  -0.71083436E-03   0.00000000E+00
 16.   59.  -0.11538917E-11   0.24576522E-03  -0.14216688E-02   0.00000000E+00
 16.   60.   0.65335237E-04   0.14472397E-03  -0.71083441E-03   0.00000000E+00
 16.   61.   0.14853429E-03  -0.56136300E-04   0.71083434E-03   0.00000000E+00
 16.   62.   0.17378226E-03  -0.17378225E-03   0.14216688E-02   0.00000000E+00
 16.   63.   0.56136312E-04  -0.14853429E-03   0.71083443E-03   0.00000000E+00
 16.   64.  -0.14472396E-03  -0.65335243E-04  -0.71083432E-03   0.00000000E+00
 16.   65.  -0.24576522E-03   0.00000000E+00  -0.14216688E-02   0.00000000E+00
 16.   66.  -0.24576522E-03   0.00000000E+00  -0.14216688E-02   0.00000000E+00
 16.   67.  -0.14472396E-03   0.65335240E-04  -0.71083438E-03   0.00000000E+00
 16.   68.   0.56136305E-04   0.14853429E-03   0.71083437E-03   0.00000000E+00
 16.   69.   0.17378225E-03   0.17378225E-03   0.14216688E-02   0.00000000E+00
 16.   70.   0.14853429E-03   0.56136307E-04   0.71083439E-03   0.00000000E+00
 16.   71.   0.65335241E-04  -0.14472396E-03  -0.71083436E-03   0.00000000E+00
 16.   72.   0.11498147E-11  -0.24576522E-03  -0.14216688E-02   0.00000000E+00
 16.   73.  -0.65335237E-04  -0.14472397E-03  -0.71083441E-03   0.00000000E+00
 16.   74.  -0.14853429E-03   0.56136300E-04   0.71083434E-03   0.00000000E+00
 16.   75.  -0.17378226E-03   0.17378225E-03   0.14216688E-02   0.00000000E+00
 16.   76.  -0.56136312E-04   0.14853429E-03   0.71083443E-03   0.00000000E+00
 16.   77.   0.14472396E-03   0.65335243E-04  -0.71083432E-03   0.00000000E+00
 16.   78.   0.24576522E-03   0.00000000E+00  -0.14216688E-02   0.00000000E+00
 17.    1.   0.27222503E-07   0.00000000E+00  -0.78458293E-08   0.00000000E+00
 17.    2.  -0.75444160E-08  -0.24433884E-07   0.39291006E-08   0.00000000E+00
 17.    3.  -0.22612593E-07   0.11943766E-07   0.39279048E-08   0.00000000E+00
 17.    4.   0.19248754E-07   0.19250046E-07  -0.78491497E-08   0.00000000E+00
 17.    5.   0.11942508E-07  -0.22611629E-07   0.39244941E-08   0.00000000E+00
 17.    6.  -0.24434665E-07  -0.75438274E-08   0.39232176E-08   0.00000000E+00
 17.    7.  -0.26174031E-13   0.27222939E-07  -0.78526291E-08   0.00000000E+00
 17.    8.   0.24434619E-07  -0.75438345E-08   0.39231771E-08   0.00000000E+00
 17.    9.  -0.11942545E-07  -0.22611683E-07   0.39243936E-08   0.00000000E+00
 17.   10.  -0.19248773E-07   0.19249957E-07  -0.78493190E-08   0.00000000E+00
 17.   11.   0.22612601E-07   0.11943675E-07   0.39276666E-08   0.00000000E+00
 17.   12.   0.75444215E-08  -0.24433945E-07   0.39288180E-08   0.00000000E+00
 17.   13.  -0.27222505E-07   0.00000000E+00  -0.78461313E-08   0.00000000E+00
 17.   14.   0.31305654E-05   0.00000000E+00  -0.69631304E-05   0.00000000E+00
 17.   15.  -0.74797741E-06  -0.32562964E-05   0.34815702E-05   0.00000000E+00
 17.   16.  -0.28314496E-05   0.17736500E-05   0.34815687E-05   0.00000000E+00
 17.   17.   0.22136435E-05   0.22136443E-05  -0.69631345E-05   0.00000000E+00
 17.   18.   0.17736491E-05  -0.28314494E-05   0.34815646E-05   0.00000000E+00
 17.   19.  -0.32562970E-05  -0.74797778E-06   0.34815635E-05   0.00000000E+00
 17.   20.  -0.19105920E-12   0.31305649E-05  -0.69631385E-05   0.00000000E+00
 17.   21.   0.32562971E-05  -0.74797754E-06   0.34815626E-05   0.00000000E+00
 17.   22.  -0.17736489E-05  -0.28314495E-05   0.34815649E-05   0.00000000E+00
 17.   23.  -0.22136436E-05   0.22136441E-05  -0.69631343E-05   0.00000000E+00
 17.   24.   0.28314495E-05   0.17736501E-05   0.34815686E-05   0.00000000E+00
 17.   25.   0.74797755E-06  -0.32562965E-05   0.34815708E-05   0.00000000E+00
 17.   26.  -0.31305655E-05   0.00000000E+00  -0.69631306E-05   0.00000000E+00
 17.   27.   0.37506291E-04   0.00000000E+00  -0.14948044E-03   0.00000000E+00
 17.   28.  -0.75671537E-05  -0.44215587E-04   0.74740217E-04   0.00000000E+00
 17.   29.  -0.36615927E-04   0.25914355E-04   0.74740218E-04   0.00000000E+00
 17.   30.   0.26520952E-04   0.26520953E-04  -0.14948044E-03   0.00000000E+00
 17.   31.   0.25914356E-04  -0.36615927E-04   0.74740216E-04   0.00000000E+00
 17.   32.  -0.44215587E-04  -0.75671552E-05   0.74740221E-04   0.00000000E+00
 17.   33.  -0.18181686E-11   0.37506290E-04  -0.14948043E-03   0.00000000E+00
 17.   34.   0.44215588E-04  -0.75671527E-05   0.74740210E-04   0.00000000E+00
 17.   35.  -0.25914353E-04  -0.36615929E-04   0.74740226E-04   0.00000000E+00
 17.   36.  -0.26520955E-04   0.26520951E-04  -0.14948044E-03   0.00000000E+00
 17.   37.   0.36615926E-04   0.25914358E-04   0.74740207E-04   0.00000000E+00
 17.   38.   0.75671563E-05  -0.44215586E-04   0.74740228E-04   0.00000000E+00
 17.   39.  -0.37506292E-04   0.00000000E+00  -0.14948044E-03   0.00000000E+00
 17.   40.   0.12374529E-03   0.00000000E+00  -0.85935193E-03   0.00000000E+00
 17.   41.  -0.15021529E-04  -0.18299644E-03   0.42967596E-03   0.00000000E+00
 17.   42.  -0.14001985E-03   0.11877620E-03   0.42967597E-03   0.00000000E+00
 17.   43.   0.87501135E-04   0.87501140E-04  -0.85935193E-03   0.00000000E+00
 17.   44.   0.11877620E-03  -0.14001985E-03   0.42967595E-03   0.00000000E+00
 17.   45.  -0.18299644E-03  -0.15021531E-04   0.42967598E-03   0.00000000E+00
 17.   46.  -0.77036727E-11   0.12374530E-03  -0.85935193E-03   0.00000000E+00
 17.   47.   0.18299645E-03  -0.15021522E-04   0.42967592E-03   0.00000000E+00
 17.   48.  -0.11877619E-03  -0.14001985E-03   0.42967601E-03   0.00000000E+00
 17.   49.  -0.87501146E-04   0.87501129E-04  -0.85935193E-03   0.00000000E+00
 17.   50.   0.14001985E-03   0.11877621E-03   0.42967591E-03   0.00000000E+00
 17.   51.   0.15021538E-04  -0.18299644E-03   0.42967603E-03   0.00000000E+00
 17.   52.  -0.12374529E-03   0.00000000E+00  -0.85935193E-03   0.00000000E+00
 17.   53.   0.23684495E-03   0.00000000E+00  -0.23994624E-02   0.00000000E+00
 17.   54.  -0.21096577E-04  -0.37881581E-03   0.11997312E-02   0.00000000E+00
 17.   55.  -0.28278076E-03   0.25294569E-03   0.11997312E-02   0.00000000E+00
 17.   56.   0.16747466E-03   0.16747467E-03  -0.23994624E-02   0.00000000E+00
 17.   57.   0.25294570E-03  -0.28278076E-03   0.11997311E-02   0.00000000E+00
 17.   58.  -0.37881580E-03  -0.21096581E-04   0.11997312E-02   0.00000000E+00
 17.   59.  -0.16246496E-10   0.23684495E-03  -0.23994624E-02   0.00000000E+00
 17.   60.   0.37881581E-03  -0.21096564E-04   0.11997311E-02   0.00000000E+00
 17.   61.  -0.25294568E-03  -0.28278076E-03   0.11997313E-02   0.00000000E+00
 17.   62.  -0.16747469E-03   0.16747465E-03  -0.23994624E-02   0.00000000E+00
 17.   63.   0.28278075E-03   0.25294571E-03   0.11997310E-02   0.00000000E+00
 17.   64.   0.21096595E-04  -0.37881579E-03   0.11997314E-02   0.00000000E+00
 17.   65.  -0.23684495E-03   0.00000000E+00  -0.23994624E-02   0.00000000E+00
 17.   66.  -0.23684495E-03   0.00000000E+00  -0.23994624E-02   0.00000000E+00
 17.   67.   0.21096577E-04   0.37881581E-03   0.11997312E-02   0.00000000E+00
 17.   68.   0.28278076E-03  -0.25294569E-03   0.11997312E-02   0.00000000E+00
 17.   69.  -0.16747466E-03  -0.16747467E-03  -0.23994624E-02   0.00000000E+00
 17.   70.  -0.25294570E-03   0.28278076E-03   0.11997311E-02   0.00000000E+00
 17.   71.   0.37881580E-03   0.21096581E-04   0.11997312E-02   0.00000000E+00
 17.   72.   0.16280955E-10  -0.23684495E-03  -0.23994624E-02   0.00000000E+00
 17.   73.  -0.37881581E-03   0.21096564E-04   0.11997311E-02   0.00000000E+00
 17.   74.   0.25294568E-03   0.28278076E-03   0.11997313E-02   0.00000000E+00
 17.   75.   0.16747469E-03  -0.16747465E-03  -0.23994624E-02   0.00000000E+00
 17.   76.  -0.28278075E-03  -0.25294571E-03   0.11997310E-02   0.00000000E+00
 17.   77.  -0.21096595E-04   0.37881579E-03   0.11997314E-02   0.00000000E+00
 17.   78.   0.23684495E-03   0.00000000E+00  -0.23994624E-02   0.00000000E+00
 18.    1.  -0.66599187E-04   0.00000000E+00   0.91063485E-03   0.00000000E+00
 18.    2.  -0.86584924E-04   0.10029411E-03   0.78863291E-03   0.00000000E+00
 18.    3.  -0.13214344E-03   0.16227996E-03   0.45531742E-03   0.00000000E+00
 18.    4.  -0.16869659E-03   0.16869659E-03   0.43404837E-11   0.00000000E+00
 18.    5.  -0.16227996E-03   0.13214344E-03  -0.45531742E-03   0.00000000E+00
 18.    6.  -0.10029411E-03   0.86584925E-04  -0.78863291E-03   0.00000000E+00
 18.    7.  -0.21420189E-11   0.66599187E-04  -0.91063485E-03   0.00000000E+00
 18.    8.   0.10029411E-03   0.86584923E-04  -0.78863292E-03   0.00000000E+00
 18.    9.   0.16227996E-03   0.13214343E-03  -0.45531744E-03   0.00000000E+00
 18.   10.   0.16869659E-03   0.16869659E-03  -0.14603437E-10   0.00000000E+00
 18.   11.   0.13214344E-03   0.16227996E-03   0.45531741E-03   0.00000000E+00
 18.   12.   0.86584926E-04   0.10029412E-03   0.78863290E-03   0.00000000E+00
 18.   13.   0.66599187E-04   0.00000000E+00   0.91063485E-03   0.00000000E+00
 18.   14.   0.76834478E-04   0.00000000E+00   0.11606245E-02   0.00000000E+00
 18.   15.   0.45898765E-04   0.85796653E-04   0.10051303E-02   0.00000000E+00
 18.   16.  -0.28212067E-04   0.12569921E-03   0.58031226E-03   0.00000000E+00
 18.   17.  -0.10040029E-03   0.10040029E-03   0.59653462E-11   0.00000000E+00
 18.   18.  -0.12569921E-03   0.28212068E-04  -0.58031225E-03   0.00000000E+00
 18.   19.  -0.85796654E-04  -0.45898764E-04  -0.10051303E-02   0.00000000E+00
 18.   20.  -0.18724039E-11  -0.76834478E-04  -0.11606245E-02   0.00000000E+00
 18.   21.   0.85796651E-04  -0.45898767E-04  -0.10051303E-02   0.00000000E+00
 18.   22.   0.12569921E-03   0.28212065E-04  -0.58031227E-03   0.00000000E+00
 18.   23.   0.10040030E-03   0.10040029E-03  -0.18290045E-10   0.00000000E+00
 18.   24.   0.28212070E-04   0.12569921E-03   0.58031224E-03   0.00000000E+00
 18.   25.  -0.45898762E-04   0.85796656E-04   0.10051303E-02   0.00000000E+00
 18.   26.  -0.76834478E-04   0.00000000E+00   0.11606245E-02   0.00000000E+00
 18.   27.   0.15865991E-03   0.00000000E+00  -0.22268016E-03   0.00000000E+00
 18.   28.   0.13498285E-03   0.27123549E-04  -0.19284667E-03   0.00000000E+00
 18.   29.   0.76268042E-04   0.26559783E-04  -0.11134008E-03   0.00000000E+00
 18.   30.   0.12355696E-04  -0.12355694E-04  -0.95631611E-12   0.00000000E+00
 18.   31.  -0.26559783E-04  -0.76268041E-04   0.11134008E-03   0.00000000E+00
 18.   32.  -0.27123549E-04  -0.13498285E-03   0.19284667E-03   0.00000000E+00
 18.   33.  -0.63697350E-12  -0.15865991E-03   0.22268016E-03   0.00000000E+00
 18.   34.   0.27123548E-04  -0.13498285E-03   0.19284668E-03   0.00000000E+00
 18.   35.   0.26559784E-04  -0.76268044E-04   0.11134008E-03   0.00000000E+00
 18.   36.  -0.12355693E-04  -0.12355697E-04   0.37306643E-11   0.00000000E+00
 18.   37.  -0.76268039E-04   0.26559782E-04  -0.11134008E-03   0.00000000E+00
 18.   38.  -0.13498285E-03   0.27123549E-04  -0.19284667E-03   0.00000000E+00
 18.   39.  -0.15865991E-03   0.00000000E+00  -0.22268016E-03   0.00000000E+00
 18.   40.  -0.97751093E-04   0.00000000E+00  -0.58512682E-03   0.00000000E+00
 18.   41.  -0.77404734E-04  -0.38203131E-04  -0.50673469E-03   0.00000000E+00
 18.   42.  -0.27719719E-04  -0.49739131E-04  -0.29256341E-03   0.00000000E+00
 18.   43.   0.23854348E-04  -0.23854350E-04  -0.17688164E-11   0.00000000E+00
 18.   44.   0.49739131E-04   0.27719719E-04   0.29256341E-03   0.00000000E+00
 18.   45.   0.38203132E-04   0.77404734E-04   0.50673469E-03   0.00000000E+00
 18.   46.   0.86259087E-12   0.97751093E-04   0.58512682E-03   0.00000000E+00
 18.   47.  -0.38203131E-04   0.77404735E-04   0.50673470E-03   0.00000000E+00
 18.   48.  -0.49739131E-04   0.27719721E-04   0.29256342E-03   0.00000000E+00
 18.   49.  -0.23854350E-04  -0.23854348E-04   0.10454955E-10   0.00000000E+00
 18.   50.   0.27719717E-04  -0.49739131E-04  -0.29256340E-03   0.00000000E+00
 18.   51.   0.77404733E-04  -0.38203132E-04  -0.50673469E-03   0.00000000E+00
 18.   52.   0.97751093E-04   0.00000000E+00  -0.58512682E-03   0.00000000E+00
 18.   53.  -0.19542659E-03   0.00000000E+00   0.94830855E-03   0.00000000E+00
 18.   54.  -0.16834292E-03  -0.25645807E-04   0.82125929E-03   0.00000000E+00
 18.   55.  -0.10090209E-03  -0.20659041E-04   0.47415427E-03   0.00000000E+00
 18.   56.  -0.26584961E-04   0.26584959E-04   0.84212268E-11   0.00000000E+00
 18.   57.   0.20659040E-04   0.10090209E-03  -0.47415427E-03   0.00000000E+00
 18.   58.   0.25645808E-04   0.16834292E-03  -0.82125929E-03   0.00000000E+00
 18.   59.   0.64466627E-12   0.19542659E-03  -0.94830854E-03   0.00000000E+00
 18.   60.  -0.25645808E-04   0.16834292E-03  -0.82125930E-03   0.00000000E+00
 18.   61.  -0.20659041E-04   0.10090210E-03  -0.47415429E-03   0.00000000E+00
 18.   62.   0.26584958E-04   0.26584961E-04  -0.11376888E-10   0.00000000E+00
 18.   63.   0.10090209E-03  -0.20659040E-04   0.47415426E-03   0.00000000E+00
 18.   64.   0.16834291E-03  -0.25645807E-04   0.82125928E-03   0.00000000E+00
 18.   65.   0.19542659E-03   0.00000000E+00   0.94830855E-03   0.00000000E+00
 18.   66.   0.19542659E-03   0.00000000E+00   0.94830855E-03   0.00000000E+00
 18.   67.   0.16834292E-03   0.25645807E-04   0.82125929E-03   0.00000000E+00
 18.   68.   0.10090209E-03   0.20659041E-04   0.47415427E-03   0.00000000E+00
 18.   69.   0.26584961E-04  -0.26584959E-04   0.84190281E-11   0.00000000E+00
 18.   70.  -0.20659040E-04  -0.10090209E-03  -0.47415427E-03   0.00000000E+00
 18.   71.  -0.25645808E-04  -0.16834292E-03  -0.82125929E-03   0.00000000E+00
 18.   72.  -0.65498454E-12  -0.19542659E-03  -0.94830854E-03   0.00000000E+00
 18.   73.   0.25645808E-04  -0.16834292E-03  -0.82125930E-03   0.00000000E+00
 18.   74.   0.20659041E-04  -0.10090210E-03  -0.47415429E-03   0.00000000E+00
 18.   75.  -0.26584958E-04  -0.26584961E-04  -0.11375607E-10   0.00000000E+00
 18.   76.  -0.10090209E-03   0.20659040E-04   0.47415426E-03   0.00000000E+00
 18.   77.  -0.16834291E-03   0.25645807E-04   0.82125928E-03   0.00000000E+00
 18.   78.  -0.19542659E-03   0.00000000E+00   0.94830855E-03   0.00000000E+00
 19.    1.  -0.73322325E-05   0.00000000E+00   0.79880853E-05   0.00000000E+00
 19.    2.  -0.38532455E-05   0.70482747E-05   0.20674678E-05   0.00000000E+00
 19.    3.   0.34789868E-05   0.66740165E-05  -0.69178868E-05   0.00000000E+00
 19.    4.   0.77064903E-05  -0.37425830E-06  -0.56484313E-05   0.00000000E+00
 19.    5.   0.42275034E-05  -0.66740167E-05   0.39940419E-05   0.00000000E+00
 19.    6.  -0.38532453E-05  -0.62997586E-05   0.77158978E-05   0.00000000E+00
 19.    7.  -0.80807487E-05  -0.37846267E-12  -0.10420154E-11   0.00000000E+00
 19.    8.  -0.38532454E-05   0.62997580E-05  -0.77159001E-05   0.00000000E+00
 19.    9.   0.42275034E-05   0.66740165E-05  -0.39940447E-05   0.00000000E+00
 19.   10.   0.77064907E-05   0.37425834E-06   0.56484287E-05   0.00000000E+00
 19.   11.   0.34789875E-05  -0.66740165E-05   0.69178848E-05   0.00000000E+00
 19.   12.  -0.38532448E-05  -0.70482750E-05  -0.20674696E-05   0.00000000E+00
 19.   13.  -0.73322321E-05   0.00000000E+00  -0.79880874E-05   0.00000000E+00
 19.   14.  -0.62904329E-04   0.00000000E+00   0.27535623E-03   0.00000000E+00
 19.   15.  -0.36714301E-04   0.74115306E-04   0.71267437E-04   0.00000000E+00
 19.   16.   0.26190029E-04   0.63591034E-04  -0.23846549E-03   0.00000000E+00
 19.   17.   0.73428601E-04  -0.10524271E-04  -0.19470626E-03   0.00000000E+00
 19.   18.   0.47238573E-04  -0.63591034E-04   0.13767811E-03   0.00000000E+00
 19.   19.  -0.36714300E-04  -0.53066763E-04   0.26597370E-03   0.00000000E+00
 19.   20.  -0.83952873E-04  -0.12922197E-11   0.75600619E-11   0.00000000E+00
 19.   21.  -0.36714303E-04   0.53066761E-04  -0.26597369E-03   0.00000000E+00
 19.   22.   0.47238570E-04   0.63591035E-04  -0.13767812E-03   0.00000000E+00
 19.   23.   0.73428602E-04   0.10524274E-04   0.19470625E-03   0.00000000E+00
 19.   24.   0.26190031E-04  -0.63591032E-04   0.23846550E-03   0.00000000E+00
 19.   25.  -0.36714298E-04  -0.74115307E-04  -0.71267422E-04   0.00000000E+00
 19.   26.  -0.62904329E-04   0.00000000E+00  -0.27535623E-03   0.00000000E+00
 19.   27.  -0.53038075E-04   0.00000000E+00   0.96162140E-03   0.00000000E+00
 19.   28.  -0.60374393E-04   0.17228223E-03   0.24888593E-03   0.00000000E+00
 19.   29.  -0.73363187E-05   0.10457152E-03  -0.83278856E-03   0.00000000E+00
 19.   30.   0.12074879E-03  -0.67710711E-04  -0.67996902E-03   0.00000000E+00
 19.   31.   0.12808511E-03  -0.10457152E-03   0.48081069E-03   0.00000000E+00
 19.   32.  -0.60374391E-04  -0.36860805E-04   0.92885495E-03   0.00000000E+00
 19.   33.  -0.18845950E-03  -0.30794082E-12   0.25242340E-10   0.00000000E+00
 19.   34.  -0.60374400E-04   0.36860803E-04  -0.92885494E-03   0.00000000E+00
 19.   35.   0.12808510E-03   0.10457152E-03  -0.48081073E-03   0.00000000E+00
 19.   36.   0.12074879E-03   0.67710716E-04   0.67996899E-03   0.00000000E+00
 19.   37.  -0.73363145E-05  -0.10457151E-03   0.83278859E-03   0.00000000E+00
 19.   38.  -0.60374393E-04  -0.17228223E-03  -0.24888588E-03   0.00000000E+00
 19.   39.  -0.53038075E-04   0.00000000E+00  -0.96162140E-03   0.00000000E+00
 19.   40.   0.13958332E-03   0.00000000E+00   0.61038019E-03   0.00000000E+00
 19.   41.   0.12935471E-04   0.91307489E-04   0.15797802E-03   0.00000000E+00
 19.   42.  -0.12664785E-03  -0.22404893E-04  -0.52860475E-03   0.00000000E+00
 19.   43.  -0.25870944E-04  -0.11371238E-03  -0.43160398E-03   0.00000000E+00
 19.   44.   0.10077691E-03   0.22404891E-04   0.30519009E-03   0.00000000E+00
 19.   45.   0.12935473E-04   0.13611727E-03   0.58958199E-03   0.00000000E+00
 19.   46.  -0.87841440E-04   0.40731603E-11   0.15661786E-10   0.00000000E+00
 19.   47.   0.12935466E-04  -0.13611727E-03  -0.58958199E-03   0.00000000E+00
 19.   48.   0.10077691E-03  -0.22404899E-04  -0.30519012E-03   0.00000000E+00
 19.   49.  -0.25870937E-04   0.11371238E-03   0.43160396E-03   0.00000000E+00
 19.   50.  -0.12664785E-03   0.22404899E-04   0.52860477E-03   0.00000000E+00
 19.   51.   0.12935463E-04  -0.91307488E-04  -0.15797799E-03   0.00000000E+00
 19.   52.   0.13958332E-03   0.00000000E+00  -0.61038019E-03   0.00000000E+00
 19.   53.   0.20809737E-03   0.00000000E+00  -0.10911131E-02   0.00000000E+00
 19.   54.   0.79375929E-04  -0.88137624E-04  -0.28240085E-03   0.00000000E+00
 19.   55.  -0.12872145E-03  -0.13748314E-03   0.94493166E-03   0.00000000E+00
 19.   56.  -0.15875186E-03  -0.49345519E-04   0.77153348E-03   0.00000000E+00
 19.   57.  -0.30030413E-04   0.13748314E-03  -0.54555654E-03   0.00000000E+00
 19.   58.   0.79375928E-04   0.18682866E-03  -0.10539343E-02   0.00000000E+00
 19.   59.   0.10940634E-03   0.47622680E-11  -0.28069355E-10   0.00000000E+00
 19.   60.   0.79375931E-04  -0.18682866E-03   0.10539343E-02   0.00000000E+00
 19.   61.  -0.30030407E-04  -0.13748315E-03   0.54555659E-03   0.00000000E+00
 19.   62.  -0.15875186E-03   0.49345512E-04  -0.77153344E-03   0.00000000E+00
 19.   63.  -0.12872145E-03   0.13748314E-03  -0.94493169E-03   0.00000000E+00
 19.   64.   0.79375920E-04   0.88137628E-04   0.28240080E-03   0.00000000E+00
 19.   65.   0.20809737E-03   0.00000000E+00   0.10911131E-02   0.00000000E+00
 19.   66.  -0.20809737E-03   0.00000000E+00  -0.10911131E-02   0.00000000E+00
 19.   67.  -0.79375929E-04   0.88137624E-04  -0.28240085E-03   0.00000000E+00
 19.   68.   0.12872145E-03   0.13748314E-03   0.94493166E-03   0.00000000E+00
 19.   69.   0.15875186E-03   0.49345519E-04   0.77153348E-03   0.00000000E+00
 19.   70.   0.30030413E-04  -0.13748314E-03  -0.54555654E-03   0.00000000E+00
 19.   71.  -0.79375928E-04  -0.18682866E-03  -0.10539343E-02   0.00000000E+00
 19.   72.  -0.10940634E-03  -0.47714661E-11  -0.28070676E-10   0.00000000E+00
 19.   73.  -0.79375931E-04   0.18682866E-03   0.10539343E-02   0.00000000E+00
 19.   74.   0.30030407E-04   0.13748315E-03   0.54555659E-03   0.00000000E+00
 19.   75.   0.15875186E-03  -0.49345512E-04  -0.77153344E-03   0.00000000E+00
 19.   76.   0.12872145E-03  -0.13748314E-03  -0.94493169E-03   0.00000000E+00
 19.   77.  -0.79375920E-04  -0.88137628E-04   0.28240080E-03   0.00000000E+00
 19.   78.  -0.20809737E-03   0.00000000E+00   0.10911131E-02   0.00000000E+00
 20.    1.  -0.43709977E-03   0.00000000E+00  -0.23326919E-02   0.00000000E+00
 20.    2.  -0.42220596E-03  -0.11312975E-03  -0.23326919E-02   0.00000000E+00
 20.    3.  -0.37853951E-03  -0.21854989E-03  -0.23326919E-02   0.00000000E+00
 20.    4.  -0.30907621E-03  -0.30907621E-03  -0.23326919E-02   0.00000000E+00
 20.    5.  -0.21854989E-03  -0.37853951E-03  -0.23326919E-02   0.00000000E+00
 20.    6.  -0.11312975E-03  -0.42220596E-03  -0.23326919E-02   0.00000000E+00
 20.    7.  -0.22133621E-11  -0.43709977E-03  -0.23326919E-02   0.00000000E+00
 20.    8.   0.11312974E-03  -0.42220596E-03  -0.23326919E-02   0.00000000E+00
 20.    9.   0.21854988E-03  -0.37853951E-03  -0.23326919E-02   0.00000000E+00
 20.   10.   0.30907621E-03  -0.30907622E-03  -0.23326919E-02   0.00000000E+00
 20.   11.   0.37853951E-03  -0.21854989E-03  -0.23326919E-02   0.00000000E+00
 20.   12.   0.42220596E-03  -0.11312975E-03  -0.23326919E-02   0.00000000E+00
 20.   13.   0.43709977E-03   0.00000000E+00  -0.23326919E-02   0.00000000E+00
 20.   14.  -0.16785980E-03   0.00000000E+00   0.75000499E-03   0.00000000E+00
 20.   15.  -0.16214011E-03  -0.43445312E-04   0.75000499E-03   0.00000000E+00
 20.   16.  -0.14537085E-03  -0.83929898E-04   0.75000499E-03   0.00000000E+00
 20.   17.  -0.11869480E-03  -0.11869480E-03   0.75000499E-03   0.00000000E+00
 20.   18.  -0.83929899E-04  -0.14537085E-03   0.75000499E-03   0.00000000E+00
 20.   19.  -0.43445313E-04  -0.16214011E-03   0.75000499E-03   0.00000000E+00
 20.   20.  -0.81749371E-12  -0.16785980E-03   0.75000499E-03   0.00000000E+00
 20.   21.   0.43445311E-04  -0.16214011E-03   0.75000499E-03   0.00000000E+00
 20.   22.   0.83929897E-04  -0.14537085E-03   0.75000499E-03   0.00000000E+00
 20.   23.   0.11869480E-03  -0.11869480E-03   0.75000499E-03   0.00000000E+00
 20.   24.   0.14537085E-03  -0.83929900E-04   0.75000499E-03   0.00000000E+00
 20.   25.   0.16214011E-03  -0.43445314E-04   0.75000499E-03   0.00000000E+00
 20.   26.   0.16785980E-03   0.00000000E+00   0.75000499E-03   0.00000000E+00
 20.   27.   0.19675083E-03   0.00000000E+00   0.23585200E-03   0.00000000E+00
 20.   28.   0.19004671E-03   0.50922862E-04   0.23585200E-03   0.00000000E+00
 20.   29.   0.17039122E-03   0.98375415E-04   0.23585200E-03   0.00000000E+00
 20.   30.   0.13912385E-03   0.13912385E-03   0.23585200E-03   0.00000000E+00
 20.   31.   0.98375416E-04   0.17039122E-03   0.23585200E-03   0.00000000E+00
 20.   32.   0.50922863E-04   0.19004671E-03   0.23585200E-03   0.00000000E+00
 20.   33.   0.11073697E-11   0.19675083E-03   0.23585200E-03   0.00000000E+00
 20.   34.  -0.50922861E-04   0.19004671E-03   0.23585200E-03   0.00000000E+00
 20.   35.  -0.98375414E-04   0.17039122E-03   0.23585200E-03   0.00000000E+00
 20.   36.  -0.13912385E-03   0.13912385E-03   0.23585200E-03   0.00000000E+00
 20.   37.  -0.17039122E-03   0.98375417E-04   0.23585200E-03   0.00000000E+00
 20.   38.  -0.19004671E-03   0.50922864E-04   0.23585200E-03   0.00000000E+00
 20.   39.  -0.19675083E-03   0.00000000E+00   0.23585200E-03   0.00000000E+00
 20.   40.  -0.67574126E-04   0.00000000E+00  -0.67430916E-03   0.00000000E+00
 20.   41.  -0.65271593E-04  -0.17489471E-04  -0.67430916E-03   0.00000000E+00
 20.   42.  -0.58520909E-04  -0.33787063E-04  -0.67430916E-03   0.00000000E+00
 20.   43.  -0.47782122E-04  -0.47782122E-04  -0.67430916E-03   0.00000000E+00
 20.   44.  -0.33787063E-04  -0.58520909E-04  -0.67430917E-03   0.00000000E+00
 20.   45.  -0.17489471E-04  -0.65271593E-04  -0.67430917E-03   0.00000000E+00
 20.   46.  -0.19857681E-12  -0.67574126E-04  -0.67430917E-03   0.00000000E+00
 20.   47.   0.17489470E-04  -0.65271593E-04  -0.67430916E-03   0.00000000E+00
 20.   48.   0.33787062E-04  -0.58520910E-04  -0.67430916E-03   0.00000000E+00
 20.   49.   0.47782122E-04  -0.47782123E-04  -0.67430917E-03   0.00000000E+00
 20.   50.   0.58520909E-04  -0.33787063E-04  -0.67430916E-03   0.00000000E+00
 20.   51.   0.65271593E-04  -0.17489471E-04  -0.67430916E-03   0.00000000E+00
 20.   52.   0.67574125E-04   0.00000000E+00  -0.67430916E-03   0.00000000E+00
 20.   53.  -0.22552383E-03   0.00000000E+00   0.97319438E-03   0.00000000E+00
 20.   54.  -0.21783930E-03  -0.58369864E-04   0.97319438E-03   0.00000000E+00
 20.   55.  -0.19530937E-03  -0.11276192E-03   0.97319438E-03   0.00000000E+00
 20.   56.  -0.15946943E-03  -0.15946943E-03   0.97319438E-03   0.00000000E+00
 20.   57.  -0.11276192E-03  -0.19530937E-03   0.97319438E-03   0.00000000E+00
 20.   58.  -0.58369864E-04  -0.21783930E-03   0.97319438E-03   0.00000000E+00
 20.   59.  -0.12752352E-11  -0.22552383E-03   0.97319438E-03   0.00000000E+00
 20.   60.   0.58369862E-04  -0.21783930E-03   0.97319438E-03   0.00000000E+00
 20.   61.   0.11276192E-03  -0.19530937E-03   0.97319438E-03   0.00000000E+00
 20.   62.   0.15946943E-03  -0.15946943E-03   0.97319438E-03   0.00000000E+00
 20.   63.   0.19530937E-03  -0.11276192E-03   0.97319438E-03   0.00000000E+00
 20.   64.   0.21783930E-03  -0.58369866E-04   0.97319438E-03   0.00000000E+00
 20.   65.   0.22552383E-03   0.00000000E+00   0.97319438E-03   0.00000000E+00
 20.   66.   0.22552383E-03   0.00000000E+00   0.97319438E-03   0.00000000E+00
 20.   67.   0.21783930E-03   0.58369863E-04   0.97319438E-03   0.00000000E+00
 20.   68.   0.19530937E-03   0.11276192E-03   0.97319438E-03   0.00000000E+00
 20.   69.   0.15946943E-03   0.15946943E-03   0.97319438E-03   0.00000000E+00
 20.   70.   0.11276192E-03   0.19530937E-03   0.97319438E-03   0.00000000E+00
 20.   71.   0.58369864E-04   0.21783930E-03   0.97319438E-03   0.00000000E+00
 20.   72.   0.15280719E-11   0.22552383E-03   0.97319438E-03   0.00000000E+00
 20.   73.  -0.58369862E-04   0.21783930E-03   0.97319438E-03   0.00000000E+00
 20.   74.  -0.11276192E-03   0.19530937E-03   0.97319438E-03   0.00000000E+00
 20.   75.  -0.15946943E-03   0.15946943E-03   0.97319438E-03   0.00000000E+00
 20.   76.  -0.19530937E-03   0.11276192E-03   0.97319438E-03   0.00000000E+00
 20.   77.  -0.21783930E-03   0.58369866E-04   0.97319438E-03   0.00000000E+00
 20.   78.  -0.22552383E-03   0.00000000E+00   0.97319438E-03   0.00000000E+00
 21.    1.  -0.58046802E-08   0.00000000E+00   0.11030546E-08   0.00000000E+00
 21.    2.   0.30054035E-08   0.46433670E-08  -0.77892514E-09   0.00000000E+00
 21.    3.   0.26215678E-08  -0.45404603E-08   0.58039613E-12   0.00000000E+00
 21.    4.  -0.55238496E-08  -0.28086726E-09   0.78003765E-09   0.00000000E+00
 21.    5.   0.29023932E-08   0.50272072E-08  -0.11021075E-08   0.00000000E+00
 21.    6.   0.25185907E-08  -0.49242632E-08   0.77967511E-09   0.00000000E+00
 21.    7.  -0.52429520E-08   0.27586753E-13   0.13564642E-14   0.00000000E+00
 21.    8.   0.25186572E-08   0.49243491E-08  -0.77956091E-09   0.00000000E+00
 21.    9.   0.29024612E-08  -0.50270444E-08   0.11025275E-08   0.00000000E+00
 21.   10.  -0.55238526E-08   0.28107688E-09  -0.77923758E-09   0.00000000E+00
 21.   11.   0.26214623E-08   0.45406550E-08   0.56234505E-12   0.00000000E+00
 21.   12.   0.30052063E-08  -0.46432640E-08   0.78029506E-09   0.00000000E+00
 21.   13.  -0.58048980E-08   0.00000000E+00  -0.11016043E-08   0.00000000E+00
 21.   14.  -0.13920712E-05   0.00000000E+00   0.27653611E-05   0.00000000E+00
 21.   15.   0.67325052E-06   0.12906046E-05  -0.19554062E-05   0.00000000E+00
 21.   16.   0.75828609E-06  -0.13133898E-05  -0.76232108E-13   0.00000000E+00
 21.   17.  -0.14543215E-05   0.62250353E-07   0.19554060E-05   0.00000000E+00
 21.   18.   0.69603564E-06   0.12055692E-05  -0.27653615E-05   0.00000000E+00
 21.   19.   0.78107120E-06  -0.12283542E-05   0.19554058E-05   0.00000000E+00
 21.   20.  -0.15165720E-05  -0.44561899E-13  -0.40444759E-13   0.00000000E+00
 21.   21.   0.78107113E-06   0.12283543E-05  -0.19554062E-05   0.00000000E+00
 21.   22.   0.69603576E-06  -0.12055691E-05   0.27653614E-05   0.00000000E+00
 21.   23.  -0.14543216E-05  -0.62250442E-07  -0.19554059E-05   0.00000000E+00
 21.   24.   0.75828585E-06   0.13133899E-05  -0.35046262E-12   0.00000000E+00
 21.   25.   0.67325046E-06  -0.12906046E-05   0.19554060E-05   0.00000000E+00
 21.   26.  -0.13920714E-05   0.00000000E+00  -0.27653616E-05   0.00000000E+00
 21.   27.  -0.24310280E-04   0.00000000E+00   0.86740791E-04   0.00000000E+00
 21.   28.   0.11005715E-04   0.25343034E-04  -0.61335001E-04   0.00000000E+00
 21.   29.   0.15295428E-04  -0.26492459E-04  -0.37300554E-12   0.00000000E+00
 21.   30.  -0.27450568E-04   0.31402879E-05   0.61335003E-04   0.00000000E+00
 21.   31.   0.12155139E-04   0.21053320E-04  -0.86740791E-04   0.00000000E+00
 21.   32.   0.16444854E-04  -0.22202745E-04   0.61335000E-04   0.00000000E+00
 21.   33.  -0.30590857E-04  -0.10204982E-11   0.39356362E-11   0.00000000E+00
 21.   34.   0.16444852E-04   0.22202746E-04  -0.61335006E-04   0.00000000E+00
 21.   35.   0.12155142E-04  -0.21053319E-04   0.86740791E-04   0.00000000E+00
 21.   36.  -0.27450568E-04  -0.31402903E-05  -0.61334997E-04   0.00000000E+00
 21.   37.   0.15295427E-04   0.26492460E-04  -0.78849696E-11   0.00000000E+00
 21.   38.   0.11005716E-04  -0.25343032E-04   0.61335007E-04   0.00000000E+00
 21.   39.  -0.24310280E-04   0.00000000E+00  -0.86740791E-04   0.00000000E+00
 21.   40.  -0.96999933E-04   0.00000000E+00   0.61155963E-03   0.00000000E+00
 21.   41.   0.37122648E-04   0.12646513E-03  -0.43243796E-03   0.00000000E+00
 21.   42.   0.79583377E-04  -0.13784245E-03  -0.18385082E-11   0.00000000E+00
 21.   43.  -0.12808334E-03   0.31083408E-04   0.43243797E-03   0.00000000E+00
 21.   44.   0.48499963E-04   0.84004408E-04  -0.61155963E-03   0.00000000E+00
 21.   45.   0.90960697E-04  -0.95381723E-04   0.43243795E-03   0.00000000E+00
 21.   46.  -0.15916675E-03  -0.37223448E-11   0.29037771E-10   0.00000000E+00
 21.   47.   0.90960686E-04   0.95381726E-04  -0.43243799E-03   0.00000000E+00
 21.   48.   0.48499975E-04  -0.84004401E-04   0.61155963E-03   0.00000000E+00
 21.   49.  -0.12808335E-03  -0.31083419E-04  -0.43243793E-03   0.00000000E+00
 21.   50.   0.79583370E-04   0.13784246E-03  -0.55307157E-10   0.00000000E+00
 21.   51.   0.37122656E-04  -0.12646513E-03   0.43243800E-03   0.00000000E+00
 21.   52.  -0.96999933E-04   0.00000000E+00  -0.61155963E-03   0.00000000E+00
 21.   53.  -0.20214380E-03   0.00000000E+00   0.18753468E-02   0.00000000E+00
 21.   54.   0.71785888E-04   0.28435854E-03  -0.13260704E-02   0.00000000E+00
 21.   55.   0.18108277E-03  -0.31364455E-03  -0.64642686E-11   0.00000000E+00
 21.   56.  -0.28215466E-03   0.80010862E-04   0.13260704E-02   0.00000000E+00
 21.   57.   0.10107189E-03   0.17506167E-03  -0.18753468E-02   0.00000000E+00
 21.   58.   0.21036878E-03  -0.20434767E-03   0.13260704E-02   0.00000000E+00
 21.   59.  -0.36216553E-03  -0.75489613E-11   0.88058695E-10   0.00000000E+00
 21.   60.   0.21036876E-03   0.20434768E-03  -0.13260705E-02   0.00000000E+00
 21.   61.   0.10107192E-03  -0.17506165E-03   0.18753468E-02   0.00000000E+00
 21.   62.  -0.28215467E-03  -0.80010886E-04  -0.13260703E-02   0.00000000E+00
 21.   63.   0.18108275E-03   0.31364456E-03  -0.17001808E-09   0.00000000E+00
 21.   64.   0.71785904E-04  -0.28435852E-03   0.13260705E-02   0.00000000E+00
 21.   65.  -0.20214379E-03   0.00000000E+00  -0.18753468E-02   0.00000000E+00
 21.   66.   0.20214380E-03   0.00000000E+00   0.18753468E-02   0.00000000E+00
 21.   67.  -0.71785888E-04  -0.28435854E-03  -0.13260704E-02   0.00000000E+00
 21.   68.  -0.18108277E-03   0.31364455E-03  -0.64735151E-11   0.00000000E+00
 21.   69.   0.28215466E-03  -0.80010862E-04   0.13260704E-02   0.00000000E+00
 21.   70.  -0.10107189E-03  -0.17506167E-03  -0.18753468E-02   0.00000000E+00
 21.   71.  -0.21036878E-03   0.20434767E-03   0.13260704E-02   0.00000000E+00
 21.   72.   0.36216553E-03   0.75413736E-11   0.88053523E-10   0.00000000E+00
 21.   73.  -0.21036876E-03  -0.20434768E-03  -0.13260705E-02   0.00000000E+00
 21.   74.  -0.10107192E-03   0.17506165E-03   0.18753468E-02   0.00000000E+00
 21.   75.   0.28215467E-03   0.80010886E-04  -0.13260703E-02   0.00000000E+00
 21.   76.  -0.18108275E-03  -0.31364456E-03  -0.17002332E-09   0.00000000E+00
 21.   77.  -0.71785904E-04   0.28435852E-03   0.13260705E-02   0.00000000E+00
 21.   78.   0.20214379E-03   0.00000000E+00  -0.18753468E-02   0.00000000E+00
 22.    1.  -0.21219771E-01   0.00000000E+00  -0.10017601E-02   0.00000000E+00
 22.    2.  -0.20446651E-01   0.53052014E-02  -0.86754972E-03   0.00000000E+00
 22.    3.  -0.18209309E-01   0.10319678E-01  -0.50088006E-03   0.00000000E+00
 22.    4.  -0.14731034E-01   0.14731033E-01  -0.55914445E-11   0.00000000E+00
 22.    5.  -0.10319678E-01   0.18209309E-01   0.50088006E-03   0.00000000E+00
 22.    6.  -0.53052014E-02   0.20446651E-01   0.86754971E-03   0.00000000E+00
 22.    7.  -0.10694163E-09   0.21219771E-01   0.10017601E-02   0.00000000E+00
 22.    8.   0.53052012E-02   0.20446651E-01   0.86754972E-03   0.00000000E+00
 22.    9.   0.10319678E-01   0.18209309E-01   0.50088008E-03   0.00000000E+00
 22.   10.   0.14731033E-01   0.14731034E-01   0.16398982E-10   0.00000000E+00
 22.   11.   0.18209309E-01   0.10319678E-01  -0.50088004E-03   0.00000000E+00
 22.   12.   0.20446651E-01   0.53052016E-02  -0.86754971E-03   0.00000000E+00
 22.   13.   0.21219771E-01   0.00000000E+00  -0.10017601E-02   0.00000000E+00
 22.   14.  -0.23220709E-01   0.00000000E+00  -0.17895340E-03   0.00000000E+00
 22.   15.  -0.21586098E-01   0.28624083E-02  -0.15497819E-03   0.00000000E+00
 22.   16.  -0.17287705E-01   0.67224739E-02  -0.89476699E-04   0.00000000E+00
 22.   17.  -0.11811183E-01   0.11811183E-01  -0.81903311E-12   0.00000000E+00
 22.   18.  -0.67224740E-02   0.17287705E-01   0.89476698E-04   0.00000000E+00
 22.   19.  -0.28624084E-02   0.21586098E-01   0.15497819E-03   0.00000000E+00
 22.   20.  -0.53310800E-10   0.23220709E-01   0.17895340E-03   0.00000000E+00
 22.   21.   0.28624082E-02   0.21586098E-01   0.15497819E-03   0.00000000E+00
 22.   22.   0.67224738E-02   0.17287705E-01   0.89476701E-04   0.00000000E+00
 22.   23.   0.11811183E-01   0.11811183E-01   0.25442497E-11   0.00000000E+00
 22.   24.   0.17287705E-01   0.67224741E-02  -0.89476696E-04   0.00000000E+00
 22.   25.   0.21586098E-01   0.28624085E-02  -0.15497819E-03   0.00000000E+00
 22.   26.   0.23220709E-01   0.00000000E+00  -0.17895340E-03   0.00000000E+00
 22.   27.  -0.25858712E-01   0.00000000E+00  -0.28981947E-04   0.00000000E+00
 22.   28.  -0.23848372E-01   0.24783990E-02  -0.25099102E-04   0.00000000E+00
 22.   29.  -0.18615838E-01   0.63848656E-02  -0.14490973E-04   0.00000000E+00
 22.   30.  -0.12114666E-01   0.12114666E-01   0.17116408E-12   0.00000000E+00
 22.   31.  -0.63848656E-02   0.18615838E-01   0.14490973E-04   0.00000000E+00
 22.   32.  -0.24783990E-02   0.23848372E-01   0.25099102E-04   0.00000000E+00
 22.   33.  -0.43923744E-10   0.25858712E-01   0.28981947E-04   0.00000000E+00
 22.   34.   0.24783989E-02   0.23848372E-01   0.25099102E-04   0.00000000E+00
 22.   35.   0.63848655E-02   0.18615838E-01   0.14490973E-04   0.00000000E+00
 22.   36.   0.12114666E-01   0.12114666E-01   0.43112174E-12   0.00000000E+00
 22.   37.   0.18615838E-01   0.63848658E-02  -0.14490973E-04   0.00000000E+00
 22.   38.   0.23848372E-01   0.24783991E-02  -0.25099101E-04   0.00000000E+00
 22.   39.   0.25858712E-01   0.00000000E+00  -0.28981947E-04   0.00000000E+00
 22.   40.  -0.27650115E-01   0.00000000E+00   0.56276279E-04   0.00000000E+00
 22.   41.  -0.24903542E-01   0.42219664E-03   0.48736686E-04   0.00000000E+00
 22.   42.  -0.17908002E-01   0.33674537E-02   0.28138139E-04   0.00000000E+00
 22.   43.  -0.96920606E-02   0.96920604E-02  -0.14350117E-13   0.00000000E+00
 22.   44.  -0.33674538E-02   0.17908002E-01  -0.28138139E-04   0.00000000E+00
 22.   45.  -0.42219666E-03   0.24903542E-01  -0.48736686E-04   0.00000000E+00
 22.   46.   0.12561745E-11   0.27650115E-01  -0.56276278E-04   0.00000000E+00
 22.   47.   0.42219660E-03   0.24903542E-01  -0.48736687E-04   0.00000000E+00
 22.   48.   0.33674536E-02   0.17908002E-01  -0.28138140E-04   0.00000000E+00
 22.   49.   0.96920602E-02   0.96920607E-02  -0.55122552E-12   0.00000000E+00
 22.   50.   0.17908001E-01   0.33674539E-02   0.28138138E-04   0.00000000E+00
 22.   51.   0.24903542E-01   0.42219670E-03   0.48736686E-04   0.00000000E+00
 22.   52.   0.27650115E-01   0.00000000E+00   0.56276278E-04   0.00000000E+00
 22.   53.  -0.27643090E-01   0.00000000E+00   0.13601266E-03   0.00000000E+00
 22.   54.  -0.23849900E-01  -0.34865418E-02   0.11779042E-03   0.00000000E+00
 22.   55.  -0.14399069E-01  -0.27031710E-02   0.68006332E-04   0.00000000E+00
 22.   56.  -0.39669647E-02   0.39669645E-02   0.12805749E-11   0.00000000E+00
 22.   57.   0.27031710E-02   0.14399069E-01  -0.68006330E-04   0.00000000E+00
 22.   58.   0.34865418E-02   0.23849900E-01  -0.11779042E-03   0.00000000E+00
 22.   59.   0.85860876E-10   0.27643090E-01  -0.13601266E-03   0.00000000E+00
 22.   60.  -0.34865417E-02   0.23849900E-01  -0.11779042E-03   0.00000000E+00
 22.   61.  -0.27031711E-02   0.14399069E-01  -0.68006334E-04   0.00000000E+00
 22.   62.   0.39669643E-02   0.39669649E-02  -0.28182472E-11   0.00000000E+00
 22.   63.   0.14399068E-01  -0.27031709E-02   0.68006328E-04   0.00000000E+00
 22.   64.   0.23849900E-01  -0.34865419E-02   0.11779042E-03   0.00000000E+00
 22.   65.   0.27643090E-01   0.00000000E+00   0.13601266E-03   0.00000000E+00
 22.   66.  -0.27643090E-01   0.00000000E+00  -0.13601266E-03   0.00000000E+00
 22.   67.  -0.23849900E-01  -0.34865418E-02  -0.11779042E-03   0.00000000E+00
 22.   68.  -0.14399069E-01  -0.27031710E-02  -0.68006331E-04   0.00000000E+00
 22.   69.  -0.39669647E-02   0.39669645E-02  -0.69052432E-13   0.00000000E+00
 22.   70.   0.27031710E-02   0.14399069E-01   0.68006332E-04   0.00000000E+00
 22.   71.   0.34865418E-02   0.23849900E-01   0.11779042E-03   0.00000000E+00
 22.   72.   0.85952374E-10   0.27643090E-01   0.13601266E-03   0.00000000E+00
 22.   73.  -0.34865417E-02   0.23849900E-01   0.11779042E-03   0.00000000E+00
 22.   74.  -0.27031711E-02   0.14399069E-01   0.68006333E-04   0.00000000E+00
 22.   75.   0.39669643E-02   0.39669649E-02   0.14625932E-11   0.00000000E+00
 22.   76.   0.14399068E-01  -0.27031709E-02  -0.68006331E-04   0.00000000E+00
 22.   77.   0.23849900E-01  -0.34865419E-02  -0.11779042E-03   0.00000000E+00
 22.   78.   0.27643090E-01   0.00000000E+00  -0.13601266E-03   0.00000000E+00
 23.    1.  -0.66110168E-04   0.00000000E+00   0.28567850E-03   0.00000000E+00
 23.    2.  -0.67819368E-04   0.72488988E-04   0.20200521E-03   0.00000000E+00
 23.    3.  -0.61922705E-04   0.10725327E-03   0.11155213E-11   0.00000000E+00
 23.    4.  -0.28867622E-04   0.94977789E-04  -0.20200520E-03   0.00000000E+00
 23.    5.   0.33055083E-04   0.57253085E-04  -0.28567850E-03   0.00000000E+00
 23.    6.   0.96686988E-04   0.22488802E-04  -0.20200521E-03   0.00000000E+00
 23.    7.   0.12384541E-03   0.25061047E-12  -0.45699607E-11   0.00000000E+00
 23.    8.   0.96686990E-04  -0.22488801E-04   0.20200520E-03   0.00000000E+00
 23.    9.   0.33055086E-04  -0.57253084E-04   0.28567850E-03   0.00000000E+00
 23.   10.  -0.28867619E-04  -0.94977788E-04   0.20200521E-03   0.00000000E+00
 23.   11.  -0.61922704E-04  -0.10725327E-03   0.78272437E-11   0.00000000E+00
 23.   12.  -0.67819367E-04  -0.72488990E-04  -0.20200520E-03   0.00000000E+00
 23.   13.  -0.66110168E-04   0.00000000E+00  -0.28567850E-03   0.00000000E+00
 23.   14.  -0.16393633E-04   0.00000000E+00   0.91919248E-03   0.00000000E+00
 23.   15.  -0.41881981E-04   0.11151744E-03   0.64996724E-03   0.00000000E+00
 23.   16.  -0.83832764E-04   0.14520261E-03   0.70464414E-12   0.00000000E+00
 23.   17.  -0.75635948E-04   0.92029582E-04  -0.64996723E-03   0.00000000E+00
 23.   18.   0.81968155E-05   0.14197303E-04  -0.91919248E-03   0.00000000E+00
 23.   19.   0.11751793E-03  -0.19487862E-04  -0.64996724E-03   0.00000000E+00
 23.   20.   0.16766553E-03  -0.53203029E-12  -0.14258303E-10   0.00000000E+00
 23.   21.   0.11751793E-03   0.19487862E-04   0.64996722E-03   0.00000000E+00
 23.   22.   0.81968197E-05  -0.14197301E-04   0.91919248E-03   0.00000000E+00
 23.   23.  -0.75635947E-04  -0.92029579E-04   0.64996725E-03   0.00000000E+00
 23.   24.  -0.83832765E-04  -0.14520261E-03   0.27831675E-10   0.00000000E+00
 23.   25.  -0.41881983E-04  -0.11151745E-03  -0.64996722E-03   0.00000000E+00
 23.   26.  -0.16393633E-04   0.00000000E+00  -0.91919248E-03   0.00000000E+00
 23.   27.   0.15149954E-03   0.00000000E+00   0.11996303E-03   0.00000000E+00
 23.   28.   0.10089631E-03   0.37354294E-04   0.84826674E-04   0.00000000E+00
 23.   29.  -0.70481520E-05   0.12207757E-04   0.16586583E-12   0.00000000E+00
 23.   30.  -0.82797920E-04  -0.68701616E-04  -0.84826674E-04   0.00000000E+00
 23.   31.  -0.75749769E-04  -0.13120245E-03  -0.11996303E-03   0.00000000E+00
 23.   32.  -0.18098385E-04  -0.10605591E-03  -0.84826675E-04   0.00000000E+00
 23.   33.   0.14096304E-04  -0.25482537E-11  -0.18269211E-11   0.00000000E+00
 23.   34.  -0.18098383E-04   0.10605591E-03   0.84826672E-04   0.00000000E+00
 23.   35.  -0.75749767E-04   0.13120245E-03   0.11996303E-03   0.00000000E+00
 23.   36.  -0.82797921E-04   0.68701619E-04   0.84826676E-04   0.00000000E+00
 23.   37.  -0.70481560E-05  -0.12207755E-04   0.38578667E-11   0.00000000E+00
 23.   38.   0.10089630E-03  -0.37354295E-04  -0.84826671E-04   0.00000000E+00
 23.   39.   0.15149954E-03   0.00000000E+00  -0.11996303E-03   0.00000000E+00
 23.   40.  -0.55930379E-04   0.00000000E+00  -0.53327446E-03   0.00000000E+00
 23.   41.  -0.29801247E-04  -0.41584868E-04  -0.37708199E-03   0.00000000E+00
 23.   42.   0.22948986E-04  -0.39748810E-04  -0.25881273E-12   0.00000000E+00
 23.   43.   0.50914176E-04   0.50162029E-05   0.37708199E-03   0.00000000E+00
 23.   44.   0.27965190E-04   0.48437129E-04   0.53327446E-03   0.00000000E+00
 23.   45.  -0.21112928E-04   0.46601072E-04   0.37708199E-03   0.00000000E+00
 23.   46.  -0.45897973E-04   0.10769439E-11   0.82543874E-11   0.00000000E+00
 23.   47.  -0.21112930E-04  -0.46601071E-04  -0.37708198E-03   0.00000000E+00
 23.   48.   0.27965188E-04  -0.48437130E-04  -0.53327446E-03   0.00000000E+00
 23.   49.   0.50914176E-04  -0.50162049E-05  -0.37708200E-03   0.00000000E+00
 23.   50.   0.22948988E-04   0.39748809E-04  -0.16493624E-10   0.00000000E+00
 23.   51.  -0.29801246E-04   0.41584869E-04   0.37708198E-03   0.00000000E+00
 23.   52.  -0.55930379E-04   0.00000000E+00   0.53327446E-03   0.00000000E+00
 23.   53.  -0.17471282E-03   0.00000000E+00   0.74903713E-03   0.00000000E+00
 23.   54.  -0.12726492E-03  -0.23651483E-05   0.52964924E-03   0.00000000E+00
 23.   55.  -0.21675671E-04   0.37543362E-04   0.66841536E-12   0.00000000E+00
 23.   56.   0.65680738E-04   0.10903208E-03  -0.52964923E-03   0.00000000E+00
 23.   57.   0.87356409E-04   0.15130574E-03  -0.74903713E-03   0.00000000E+00
 23.   58.   0.61584182E-04   0.11139723E-03  -0.52964924E-03   0.00000000E+00
 23.   59.   0.43351341E-04   0.23691688E-11  -0.11998760E-10   0.00000000E+00
 23.   60.   0.61584181E-04  -0.11139723E-03   0.52964922E-03   0.00000000E+00
 23.   61.   0.87356408E-04  -0.15130574E-03   0.74903713E-03   0.00000000E+00
 23.   62.   0.65680740E-04  -0.10903208E-03   0.52964925E-03   0.00000000E+00
 23.   63.  -0.21675666E-04  -0.37543365E-04   0.23150279E-10   0.00000000E+00
 23.   64.  -0.12726492E-03   0.23651479E-05  -0.52964922E-03   0.00000000E+00
 23.   65.  -0.17471282E-03   0.00000000E+00  -0.74903713E-03   0.00000000E+00
 23.   66.   0.17471282E-03   0.00000000E+00   0.74903713E-03   0.00000000E+00
 23.   67.   0.12726492E-03   0.23651486E-05   0.52964924E-03   0.00000000E+00
 23.   68.   0.21675671E-04  -0.37543362E-04   0.68097144E-12   0.00000000E+00
 23.   69.  -0.65680738E-04  -0.10903208E-03  -0.52964923E-03   0.00000000E+00
 23.   70.  -0.87356409E-04  -0.15130574E-03  -0.74903713E-03   0.00000000E+00
 23.   71.  -0.61584182E-04  -0.11139723E-03  -0.52964924E-03   0.00000000E+00
 23.   72.  -0.43351341E-04  -0.25247613E-11  -0.12030557E-10   0.00000000E+00
 23.   73.  -0.61584181E-04   0.11139723E-03   0.52964922E-03   0.00000000E+00
 23.   74.  -0.87356409E-04   0.15130574E-03   0.74903713E-03   0.00000000E+00
 23.   75.  -0.65680740E-04   0.10903208E-03   0.52964925E-03   0.00000000E+00
 23.   76.   0.21675666E-04   0.37543365E-04   0.23183749E-10   0.00000000E+00
 23.   77.   0.12726492E-03  -0.23651479E-05  -0.52964922E-03   0.00000000E+00
 23.   78.   0.17471282E-03   0.00000000E+00  -0.74903713E-03   0.00000000E+00
 24.    1.   0.28041997E-03   0.00000000E+00   0.19832738E-02   0.00000000E+00
 24.    2.   0.24703949E-03   0.12457764E-03   0.19156954E-02   0.00000000E+00
 24.    3.   0.15584233E-03   0.21577480E-03   0.17175655E-02   0.00000000E+00
 24.    4.   0.31264689E-04   0.24915528E-03   0.14023864E-02   0.00000000E+00
 24.    5.  -0.93312953E-04   0.21577480E-03   0.99163691E-03   0.00000000E+00
 24.    6.  -0.18451012E-03   0.12457764E-03   0.51330904E-03   0.00000000E+00
 24.    7.  -0.21789060E-03   0.28023099E-11   0.10780987E-10   0.00000000E+00
 24.    8.  -0.18451012E-03  -0.12457764E-03  -0.51330902E-03   0.00000000E+00
 24.    9.  -0.93312957E-04  -0.21577480E-03  -0.99163689E-03   0.00000000E+00
 24.   10.   0.31264683E-04  -0.24915528E-03  -0.14023863E-02   0.00000000E+00
 24.   11.   0.15584232E-03  -0.21577481E-03  -0.17175655E-02   0.00000000E+00
 24.   12.   0.24703949E-03  -0.12457765E-03  -0.19156954E-02   0.00000000E+00
 24.   13.   0.28041997E-03   0.00000000E+00  -0.19832738E-02   0.00000000E+00
 24.   14.   0.19057249E-03   0.00000000E+00  -0.34963527E-03   0.00000000E+00
 24.   15.   0.17922217E-03   0.42359970E-04  -0.33772174E-03   0.00000000E+00
 24.   16.   0.14821252E-03   0.73369620E-04  -0.30279303E-03   0.00000000E+00
 24.   17.   0.10585255E-03   0.84719939E-04  -0.24722947E-03   0.00000000E+00
 24.   18.   0.63492581E-04   0.73369620E-04  -0.17481764E-03   0.00000000E+00
 24.   19.   0.32482931E-04   0.42359970E-04  -0.90492268E-04   0.00000000E+00
 24.   20.   0.21132611E-04   0.81735074E-12  -0.19734530E-11   0.00000000E+00
 24.   21.   0.32482930E-04  -0.42359969E-04   0.90492265E-04   0.00000000E+00
 24.   22.   0.63492580E-04  -0.73369619E-04   0.17481763E-03   0.00000000E+00
 24.   23.   0.10585255E-03  -0.84719940E-04   0.24722947E-03   0.00000000E+00
 24.   24.   0.14821252E-03  -0.73369621E-04   0.30279303E-03   0.00000000E+00
 24.   25.   0.17922217E-03  -0.42359971E-04   0.33772174E-03   0.00000000E+00
 24.   26.   0.19057249E-03   0.00000000E+00   0.34963527E-03   0.00000000E+00
 24.   27.  -0.15287126E-03   0.00000000E+00  -0.35825377E-03   0.00000000E+00
 24.   28.  -0.14169258E-03  -0.41719420E-04  -0.34604657E-03   0.00000000E+00
 24.   29.  -0.11115184E-03  -0.72260155E-04  -0.31025687E-03   0.00000000E+00
 24.   30.  -0.69432423E-04  -0.83438840E-04  -0.25332367E-03   0.00000000E+00
 24.   31.  -0.27713003E-04  -0.72260155E-04  -0.17912689E-03   0.00000000E+00
 24.   32.   0.28277319E-05  -0.41719420E-04  -0.92722900E-04   0.00000000E+00
 24.   33.   0.14006417E-04  -0.77514545E-12  -0.18243151E-11   0.00000000E+00
 24.   34.   0.28277326E-05   0.41719419E-04   0.92722896E-04   0.00000000E+00
 24.   35.  -0.27713002E-04   0.72260154E-04   0.17912688E-03   0.00000000E+00
 24.   36.  -0.69432422E-04   0.83438840E-04   0.25332367E-03   0.00000000E+00
 24.   37.  -0.11115184E-03   0.72260156E-04   0.31025686E-03   0.00000000E+00
 24.   38.  -0.14169258E-03   0.41719422E-04   0.34604657E-03   0.00000000E+00
 24.   39.  -0.15287126E-03   0.00000000E+00   0.35825377E-03   0.00000000E+00
 24.   40.   0.35951096E-04   0.00000000E+00   0.55665918E-03   0.00000000E+00
 24.   41.   0.32474052E-04   0.12976506E-04   0.53769148E-03   0.00000000E+00
 24.   42.   0.22974590E-04   0.22475968E-04   0.48208099E-03   0.00000000E+00
 24.   43.   0.99980839E-05   0.25953012E-04   0.39361748E-03   0.00000000E+00
 24.   44.  -0.29784222E-05   0.22475968E-04   0.27832959E-03   0.00000000E+00
 24.   45.  -0.12477884E-04   0.12976506E-04   0.14407400E-03   0.00000000E+00
 24.   46.  -0.15954929E-04   0.34690962E-12   0.29209410E-11   0.00000000E+00
 24.   47.  -0.12477884E-04  -0.12976506E-04  -0.14407399E-03   0.00000000E+00
 24.   48.  -0.29784227E-05  -0.22475968E-04  -0.27832958E-03   0.00000000E+00
 24.   49.   0.99980833E-05  -0.25953012E-04  -0.39361748E-03   0.00000000E+00
 24.   50.   0.22974590E-04  -0.22475968E-04  -0.48208099E-03   0.00000000E+00
 24.   51.   0.32474052E-04  -0.12976507E-04  -0.53769148E-03   0.00000000E+00
 24.   52.   0.35951096E-04   0.00000000E+00  -0.55665918E-03   0.00000000E+00
 24.   53.   0.19018596E-03   0.00000000E+00  -0.77041551E-03   0.00000000E+00
 24.   54.   0.17842935E-03   0.43876270E-04  -0.74416424E-03   0.00000000E+00
 24.   55.   0.14630969E-03   0.75995928E-04  -0.66719941E-03   0.00000000E+00
 24.   56.   0.10243342E-03   0.87752539E-04  -0.54476604E-03   0.00000000E+00
 24.   57.   0.58557148E-04   0.75995929E-04  -0.38520776E-03   0.00000000E+00
 24.   58.   0.26437490E-04   0.43876270E-04  -0.19939821E-03   0.00000000E+00
 24.   59.   0.14680878E-04   0.10548964E-11  -0.39139322E-11   0.00000000E+00
 24.   60.   0.26437489E-04  -0.43876269E-04   0.19939820E-03   0.00000000E+00
 24.   61.   0.58557147E-04  -0.75995928E-04   0.38520775E-03   0.00000000E+00
 24.   62.   0.10243342E-03  -0.87752540E-04   0.54476603E-03   0.00000000E+00
 24.   63.   0.14630969E-03  -0.75995929E-04   0.66719940E-03   0.00000000E+00
 24.   64.   0.17842935E-03  -0.43876271E-04   0.74416424E-03   0.00000000E+00
 24.   65.   0.19018596E-03   0.00000000E+00   0.77041551E-03   0.00000000E+00
 24.   66.  -0.19018596E-03   0.00000000E+00  -0.77041551E-03   0.00000000E+00
 24.   67.  -0.17842935E-03  -0.43876270E-04  -0.74416424E-03   0.00000000E+00
 24.   68.  -0.14630969E-03  -0.75995928E-04  -0.66719941E-03   0.00000000E+00
 24.   69.  -0.10243342E-03  -0.87752539E-04  -0.54476604E-03   0.00000000E+00
 24.   70.  -0.58557149E-04  -0.75995929E-04  -0.38520776E-03   0.00000000E+00
 24.   71.  -0.26437490E-04  -0.43876270E-04  -0.19939821E-03   0.00000000E+00
 24.   72.  -0.14680878E-04  -0.88597305E-12  -0.38705596E-11   0.00000000E+00
 24.   73.  -0.26437489E-04   0.43876269E-04   0.19939820E-03   0.00000000E+00
 24.   74.  -0.58557147E-04   0.75995927E-04   0.38520775E-03   0.00000000E+00
 24.   75.  -0.10243342E-03   0.87752540E-04   0.54476603E-03   0.00000000E+00
 24.   76.  -0.14630969E-03   0.75995929E-04   0.66719940E-03   0.00000000E+00
 24.   77.  -0.17842935E-03   0.43876271E-04   0.74416424E-03   0.00000000E+00
 24.   78.  -0.19018596E-03   0.00000000E+00   0.77041551E-03   0.00000000E+00
