mode k UX UY UZ VOLT
  1.    1.   0.99943837E+00   0.00000000E+00   0.11814318E-01   0.00000000E+00
  1.    2.   0.99943837E+00   0.10232605E-12   0.11732302E-01   0.00000000E+00
  1.    3.   0.99943837E+00   0.19421244E-12   0.11491844E-01   0.00000000E+00
  1.    4.   0.99943837E+00   0.27240347E-12   0.11109330E-01   0.00000000E+00
  1.    5.   0.99943837E+00   0.30518517E-12   0.10610828E-01   0.00000000E+00
  1.    6.   0.99943837E+00   0.32570910E-12   0.10030310E-01   0.00000000E+00
  1.    7.   0.99943837E+00   0.31545217E-12   0.94073376E-02   0.00000000E+00
  1.    8.   0.99943837E+00   0.28036569E-12   0.87843652E-02   0.00000000E+00
  1.    9.   0.99943837E+00   0.24432918E-12   0.82038474E-02   0.00000000E+00
  1.   10.   0.99943837E+00   0.20661295E-12   0.77053455E-02   0.00000000E+00
  1.   11.   0.99943837E+00   0.13940169E-12   0.73228314E-02   0.00000000E+00
  1.   12.   0.99943837E+00   0.77360747E-13   0.70823731E-02   0.00000000E+00
  1.   13.   0.99943837E+00   0.00000000E+00   0.70003572E-02   0.00000000E+00
  1.   14.   0.99943837E+00   0.00000000E+00   0.14823043E-01   0.00000000E+00
  1.   15.   0.99943837E+00   0.50500781E-13   0.14638508E-01   0.00000000E+00
  1.   16.   0.99943837E+00   0.11192386E-12   0.14097476E-01   0.00000000E+00
  1.   17.   0.99943837E+00   0.18674579E-12   0.13236820E-01   0.00000000E+00
  1.   18.   0.99943837E+00   0.23655180E-12   0.12115191E-01   0.00000000E+00
  1.   19.   0.99943837E+00   0.26065333E-12   0.10809025E-01   0.00000000E+00
  1.   20.   0.99943837E+00   0.25690784E-12   0.94073376E-02   0.00000000E+00
  1.   21.   0.99943837E+00   0.24132232E-12   0.80056498E-02   0.00000000E+00
  1.   22.   0.99943837E+00   0.22145942E-12   0.66994847E-02   0.00000000E+00
  1.   23.   0.99943837E+00   0.18565035E-12   0.55778553E-02   0.00000000E+00
  1.   24.   0.99943837E+00   0.11975941E-12   0.47171987E-02   0.00000000E+00
  1.   25.   0.99943837E+00   0.53786593E-13   0.41761674E-02   0.00000000E+00
  1.   26.   0.99943837E+00   0.00000000E+00   0.39916317E-02   0.00000000E+00
  1.   27.   0.99943837E+00   0.00000000E+00   0.17831769E-01   0.00000000E+00
  1.   28.   0.99943837E+00   0.27348020E-13   0.17544713E-01   0.00000000E+00
  1.   29.   0.99943837E+00   0.80785089E-13   0.16703109E-01   0.00000000E+00
  1.   30.   0.99943837E+00   0.15883793E-12   0.15364310E-01   0.00000000E+00
  1.   31.   0.99943837E+00   0.22234710E-12   0.13619553E-01   0.00000000E+00
  1.   32.   0.99943837E+00   0.22592333E-12   0.11587741E-01   0.00000000E+00
  1.   33.   0.99943837E+00   0.23893994E-12   0.94073376E-02   0.00000000E+00
  1.   34.   0.99943837E+00   0.24296466E-12   0.72269343E-02   0.00000000E+00
  1.   35.   0.99943837E+00   0.22252847E-12   0.51951219E-02   0.00000000E+00
  1.   36.   0.99943837E+00   0.19486684E-12   0.34503651E-02   0.00000000E+00
  1.   37.   0.99943837E+00   0.11527532E-12   0.21115661E-02   0.00000000E+00
  1.   38.   0.99943837E+00   0.39227484E-13   0.12699618E-02   0.00000000E+00
  1.   39.   0.99943837E+00   0.00000000E+00   0.98290625E-03   0.00000000E+00
  1.   40.   0.99943837E+00   0.00000000E+00   0.20840494E-01   0.00000000E+00
  1.   41.   0.99943837E+00  -0.24408190E-13   0.20450919E-01   0.00000000E+00
  1.   42.   0.99943837E+00  -0.10078973E-13   0.19308742E-01   0.00000000E+00
  1.   43.   0.99943837E+00   0.35672339E-13   0.17491800E-01   0.00000000E+00
  1.   44.   0.99943837E+00   0.13245210E-12   0.15123916E-01   0.00000000E+00
  1.   45.   0.99943837E+00   0.21843380E-12   0.12366456E-01   0.00000000E+00
  1.   46.   0.99943837E+00   0.31563095E-12   0.94073376E-02   0.00000000E+00
  1.   47.   0.99943837E+00   0.30793987E-12   0.64482189E-02   0.00000000E+00
  1.   48.   0.99943837E+00   0.25641258E-12   0.36907592E-02   0.00000000E+00
  1.   49.   0.99943837E+00   0.17505674E-12   0.13228749E-02   0.00000000E+00
  1.   50.   0.99943837E+00   0.10825789E-12  -0.49406665E-03   0.00000000E+00
  1.   51.   0.99943837E+00   0.58807346E-13  -0.16362438E-02   0.00000000E+00
  1.   52.   0.99943837E+00   0.00000000E+00  -0.20258192E-02   0.00000000E+00
  1.   53.   0.99943837E+00   0.00000000E+00   0.23849220E-01   0.00000000E+00
  1.   54.   0.99943837E+00  -0.10147211E-12   0.23357125E-01   0.00000000E+00
  1.   55.   0.99943837E+00  -0.19617284E-12   0.21914375E-01   0.00000000E+00
  1.   56.   0.99943837E+00  -0.17145681E-12   0.19619291E-01   0.00000000E+00
  1.   57.   0.99943837E+00   0.10078981E-14   0.16628279E-01   0.00000000E+00
  1.   58.   0.99943837E+00   0.16813011E-12   0.13145172E-01   0.00000000E+00
  1.   59.   0.99943837E+00   0.31739643E-12   0.94073376E-02   0.00000000E+00
  1.   60.   0.99943837E+00   0.32950169E-12   0.56695034E-02   0.00000000E+00
  1.   61.   0.99943837E+00   0.26358394E-12   0.21863965E-02   0.00000000E+00
  1.   62.   0.99943837E+00   0.14743893E-12  -0.80461530E-03   0.00000000E+00
  1.   63.   0.99943837E+00   0.78876519E-13  -0.30996993E-02   0.00000000E+00
  1.   64.   0.99943837E+00   0.12538148E-12  -0.45424495E-02   0.00000000E+00
  1.   65.   0.99943837E+00   0.00000000E+00  -0.50345447E-02   0.00000000E+00
  1.   66.   0.10000000E+01   0.00000000E+00   0.23849220E-01   0.00000000E+00
  1.   67.   0.10000000E+01  -0.94126142E-13   0.23357125E-01   0.00000000E+00
  1.   68.   0.10000000E+01  -0.84367036E-14   0.21914375E-01   0.00000000E+00
  1.   69.   0.10000000E+01   0.11520443E-13   0.19619291E-01   0.00000000E+00
  1.   70.   0.10000000E+01   0.17555976E-13   0.16628279E-01   0.00000000E+00
  1.   71.   0.10000000E+01   0.42437985E-13   0.13145172E-01   0.00000000E+00
  1.   72.   0.10000000E+01   0.30975582E-13   0.94073376E-02   0.00000000E+00
  1.   73.   0.10000000E+01   0.31439881E-13   0.56695034E-02   0.00000000E+00
  1.   74.   0.10000000E+01   0.44748282E-13   0.21863965E-02   0.00000000E+00
  1.   75.   0.10000000E+01   0.10188634E-12  -0.80461530E-03   0.00000000E+00
  1.   76.   0.10000000E+01   0.33989161E-13  -0.30996993E-02   0.00000000E+00
  1.   77.   0.10000000E+01  -0.48328253E-13  -0.45424495E-02   0.00000000E+00
  1.   78.   0.10000000E+01   0.00000000E+00  -0.50345447E-02   0.00000000E+00
  2.    1.  -0.16275110E-01   0.00000000E+00   0.58387321E+00   0.00000000E+00
  2.    2.  -0.16275110E-01   0.20348486E-11   0.58103737E+00   0.00000000E+00
  2.    3.  -0.16275110E-01   0.38569601E-11   0.57272312E+00   0.00000000E+00
  2.    4.  -0.16275110E-01   0.53243729E-11   0.55949706E+00   0.00000000E+00
  2.    5.  -0.16275110E-01   0.63289103E-11   0.54226053E+00   0.00000000E+00
  2.    6.  -0.16275110E-01   0.68033760E-11   0.52218816E+00   0.00000000E+00
  2.    7.  -0.16275110E-01   0.67659600E-11   0.50064785E+00   0.00000000E+00
  2.    8.  -0.16275110E-01   0.62783389E-11   0.47910754E+00   0.00000000E+00
  2.    9.  -0.16275110E-01   0.54260438E-11   0.45903517E+00   0.00000000E+00
  2.   10.  -0.16275110E-01   0.43063495E-11   0.44179863E+00   0.00000000E+00
  2.   11.  -0.16275110E-01   0.29792147E-11   0.42857257E+00   0.00000000E+00
  2.   12.  -0.16275110E-01   0.15273532E-11   0.42025832E+00   0.00000000E+00
  2.   13.  -0.16275110E-01   0.00000000E+00   0.41742249E+00   0.00000000E+00
  2.   14.  -0.16275110E-01   0.00000000E+00   0.68790491E+00   0.00000000E+00
  2.   15.  -0.16275110E-01   0.25664738E-11   0.68152428E+00   0.00000000E+00
  2.   16.  -0.16275110E-01   0.48619406E-11   0.66281722E+00   0.00000000E+00
  2.   17.  -0.16275110E-01   0.66287354E-11   0.63305858E+00   0.00000000E+00
  2.   18.  -0.16275110E-01   0.77755712E-11   0.59427638E+00   0.00000000E+00
  2.   19.  -0.16275110E-01   0.82567868E-11   0.54911354E+00   0.00000000E+00
  2.   20.  -0.16275110E-01   0.81170491E-11   0.50064785E+00   0.00000000E+00
  2.   21.  -0.16275110E-01   0.74570346E-11   0.45218216E+00   0.00000000E+00
  2.   22.  -0.16275110E-01   0.64180849E-11   0.40701932E+00   0.00000000E+00
  2.   23.  -0.16275110E-01   0.50835346E-11   0.36823711E+00   0.00000000E+00
  2.   24.  -0.16275110E-01   0.35701609E-11   0.33847848E+00   0.00000000E+00
  2.   25.  -0.16275110E-01   0.18377065E-11   0.31977142E+00   0.00000000E+00
  2.   26.  -0.16275110E-01   0.00000000E+00   0.31339079E+00   0.00000000E+00
  2.   27.  -0.16275110E-01   0.00000000E+00   0.79193660E+00   0.00000000E+00
  2.   28.  -0.16275110E-01   0.36190276E-11   0.78201118E+00   0.00000000E+00
  2.   29.  -0.16275110E-01   0.69415469E-11   0.75291131E+00   0.00000000E+00
  2.   30.  -0.16275110E-01   0.93188212E-11   0.70662010E+00   0.00000000E+00
  2.   31.  -0.16275110E-01   0.10732027E-10   0.64629223E+00   0.00000000E+00
  2.   32.  -0.16275110E-01   0.11185280E-10   0.57603893E+00   0.00000000E+00
  2.   33.  -0.16275110E-01   0.10676922E-10   0.50064785E+00   0.00000000E+00
  2.   34.  -0.16275110E-01   0.95898586E-11   0.42525677E+00   0.00000000E+00
  2.   35.  -0.16275110E-01   0.79865606E-11   0.35500347E+00   0.00000000E+00
  2.   36.  -0.16275110E-01   0.61347341E-11   0.29467559E+00   0.00000000E+00
  2.   37.  -0.16275110E-01   0.41937913E-11   0.24838439E+00   0.00000000E+00
  2.   38.  -0.16275110E-01   0.21303558E-11   0.21928452E+00   0.00000000E+00
  2.   39.  -0.16275110E-01   0.00000000E+00   0.20935909E+00   0.00000000E+00
  2.   40.  -0.16275110E-01   0.00000000E+00   0.89596830E+00   0.00000000E+00
  2.   41.  -0.16275110E-01   0.38515874E-11   0.88249808E+00   0.00000000E+00
  2.   42.  -0.16275110E-01   0.82245832E-11   0.84300540E+00   0.00000000E+00
  2.   43.  -0.16275110E-01   0.10723909E-10   0.78018162E+00   0.00000000E+00
  2.   44.  -0.16275110E-01   0.12284461E-10   0.69830807E+00   0.00000000E+00
  2.   45.  -0.16275110E-01   0.12953973E-10   0.60296431E+00   0.00000000E+00
  2.   46.  -0.16275110E-01   0.12384487E-10   0.50064785E+00   0.00000000E+00
  2.   47.  -0.16275110E-01   0.10799928E-10   0.39833139E+00   0.00000000E+00
  2.   48.  -0.16275110E-01   0.88245191E-11   0.30298762E+00   0.00000000E+00
  2.   49.  -0.16275110E-01   0.66318102E-11   0.22111407E+00   0.00000000E+00
  2.   50.  -0.16275110E-01   0.44653544E-11   0.15829029E+00   0.00000000E+00
  2.   51.  -0.16275110E-01   0.21836383E-11   0.11879761E+00   0.00000000E+00
  2.   52.  -0.16275110E-01   0.00000000E+00   0.10532739E+00   0.00000000E+00
  2.   53.  -0.16275110E-01   0.00000000E+00   0.10000000E+01   0.00000000E+00
  2.   54.  -0.16275110E-01   0.31799561E-11   0.98298499E+00   0.00000000E+00
  2.   55.  -0.16275110E-01   0.78568308E-11   0.93309950E+00   0.00000000E+00
  2.   56.  -0.16275110E-01   0.10726855E-10   0.85374314E+00   0.00000000E+00
  2.   57.  -0.16275110E-01   0.12496507E-10   0.75032392E+00   0.00000000E+00
  2.   58.  -0.16275110E-01   0.13457153E-10   0.62988970E+00   0.00000000E+00
  2.   59.  -0.16275110E-01   0.12561913E-10   0.50064785E+00   0.00000000E+00
  2.   60.  -0.16275110E-01   0.10989329E-10   0.37140600E+00   0.00000000E+00
  2.   61.  -0.16275110E-01   0.89489568E-11   0.25097177E+00   0.00000000E+00
  2.   62.  -0.16275110E-01   0.66976658E-11   0.14755256E+00   0.00000000E+00
  2.   63.  -0.16275110E-01   0.44976282E-11   0.68196199E-01   0.00000000E+00
  2.   64.  -0.16275110E-01   0.21871471E-11   0.18310708E-01   0.00000000E+00
  2.   65.  -0.16275110E-01   0.00000000E+00   0.12956953E-02   0.00000000E+00
  2.   66.   0.31441406E-02   0.00000000E+00   0.10000000E+01   0.00000000E+00
  2.   67.   0.31441406E-02  -0.31746918E-11   0.98298499E+00   0.00000000E+00
  2.   68.   0.31441406E-02  -0.78764041E-11   0.93309950E+00   0.00000000E+00
  2.   69.   0.31441406E-02  -0.10734232E-10   0.85374314E+00   0.00000000E+00
  2.   70.   0.31441406E-02  -0.12511939E-10   0.75032392E+00   0.00000000E+00
  2.   71.   0.31441406E-02  -0.13478011E-10   0.62988970E+00   0.00000000E+00
  2.   72.   0.31441406E-02  -0.12599940E-10   0.50064785E+00   0.00000000E+00
  2.   73.   0.31441406E-02  -0.10998487E-10   0.37140600E+00   0.00000000E+00
  2.   74.   0.31441406E-02  -0.89498488E-11   0.25097177E+00   0.00000000E+00
  2.   75.   0.31441406E-02  -0.66981607E-11   0.14755256E+00   0.00000000E+00
  2.   76.   0.31441406E-02  -0.44962746E-11   0.68196199E-01   0.00000000E+00
  2.   77.   0.31441406E-02  -0.21841029E-11   0.18310708E-01   0.00000000E+00
  2.   78.   0.31441406E-02   0.00000000E+00   0.12956953E-02   0.00000000E+00
  3.    1.   0.16511291E-01   0.00000000E+00   0.71436597E-01   0.00000000E+00
  3.    2.   0.16511291E-01  -0.31190386E-12   0.75956601E-01   0.00000000E+00
  3.    3.   0.16511291E-01  -0.55705179E-12   0.89208583E-01   0.00000000E+00
  3.    4.   0.16511291E-01  -0.68582689E-12   0.11028944E+00   0.00000000E+00
  3.    5.   0.16511291E-01  -0.68566779E-12   0.13776255E+00   0.00000000E+00
  3.    6.   0.16511291E-01  -0.58186708E-12   0.16975567E+00   0.00000000E+00
  3.    7.   0.16511291E-01  -0.41500553E-12   0.20408851E+00   0.00000000E+00
  3.    8.   0.16511291E-01  -0.23011235E-12   0.23842135E+00   0.00000000E+00
  3.    9.   0.16511291E-01  -0.69400355E-13   0.27041447E+00   0.00000000E+00
  3.   10.   0.16511291E-01   0.43636956E-13   0.29788758E+00   0.00000000E+00
  3.   11.   0.16511291E-01   0.83899746E-13   0.31896844E+00   0.00000000E+00
  3.   12.   0.16511291E-01   0.65693599E-13   0.33222042E+00   0.00000000E+00
  3.   13.   0.16511291E-01   0.00000000E+00   0.33674043E+00   0.00000000E+00
  3.   14.   0.16511291E-01   0.00000000E+00  -0.94378297E-01   0.00000000E+00
  3.   15.   0.16511291E-01  -0.66650801E-12  -0.84208287E-01   0.00000000E+00
  3.   16.   0.16511291E-01  -0.12044448E-11  -0.54391327E-01   0.00000000E+00
  3.   17.   0.16511291E-01  -0.15162525E-11  -0.69593928E-02   0.00000000E+00
  3.   18.   0.16511291E-01  -0.16018839E-11   0.54855107E-01   0.00000000E+00
  3.   19.   0.16511291E-01  -0.15557516E-11   0.12683962E+00   0.00000000E+00
  3.   20.   0.16511291E-01  -0.14870336E-11   0.20408851E+00   0.00000000E+00
  3.   21.   0.16511291E-01  -0.14763178E-11   0.28133741E+00   0.00000000E+00
  3.   22.   0.16511291E-01  -0.14865008E-11   0.35332192E+00   0.00000000E+00
  3.   23.   0.16511291E-01  -0.14229621E-11   0.41513642E+00   0.00000000E+00
  3.   24.   0.16511291E-01  -0.11109694E-11   0.46256835E+00   0.00000000E+00
  3.   25.   0.16511291E-01  -0.64161062E-12   0.49238531E+00   0.00000000E+00
  3.   26.   0.16511291E-01   0.00000000E+00   0.50255532E+00   0.00000000E+00
  3.   27.   0.16511291E-01   0.00000000E+00  -0.26019319E+00   0.00000000E+00
  3.   28.   0.16511291E-01  -0.99722897E-12  -0.24437318E+00   0.00000000E+00
  3.   29.   0.16511291E-01  -0.18556775E-11  -0.19799124E+00   0.00000000E+00
  3.   30.   0.16511291E-01  -0.22849985E-11  -0.12420823E+00   0.00000000E+00
  3.   31.   0.16511291E-01  -0.23263148E-11  -0.28052340E-01   0.00000000E+00
  3.   32.   0.16511291E-01  -0.21884675E-11   0.83923564E-01   0.00000000E+00
  3.   33.   0.16511291E-01  -0.20714776E-11   0.20408851E+00   0.00000000E+00
  3.   34.   0.16511291E-01  -0.21056975E-11   0.32425346E+00   0.00000000E+00
  3.   35.   0.16511291E-01  -0.23856422E-11   0.43622936E+00   0.00000000E+00
  3.   36.   0.16511291E-01  -0.26028193E-11   0.53238525E+00   0.00000000E+00
  3.   37.   0.16511291E-01  -0.23826588E-11   0.60616826E+00   0.00000000E+00
  3.   38.   0.16511291E-01  -0.15932029E-11   0.65255020E+00   0.00000000E+00
  3.   39.   0.16511291E-01   0.00000000E+00   0.66837021E+00   0.00000000E+00
  3.   40.   0.16511291E-01   0.00000000E+00  -0.42600808E+00   0.00000000E+00
  3.   41.   0.16511291E-01  -0.10092166E-11  -0.40453806E+00   0.00000000E+00
  3.   42.   0.16511291E-01  -0.23276403E-11  -0.34159115E+00   0.00000000E+00
  3.   43.   0.16511291E-01  -0.27855186E-11  -0.24145706E+00   0.00000000E+00
  3.   44.   0.16511291E-01  -0.27754246E-11  -0.11095979E+00   0.00000000E+00
  3.   45.   0.16511291E-01  -0.25542531E-11   0.41007512E-01   0.00000000E+00
  3.   46.   0.16511291E-01  -0.23718946E-11   0.20408851E+00   0.00000000E+00
  3.   47.   0.16511291E-01  -0.26123912E-11   0.36716951E+00   0.00000000E+00
  3.   48.   0.16511291E-01  -0.32593483E-11   0.51913681E+00   0.00000000E+00
  3.   49.   0.16511291E-01  -0.39993191E-11   0.64963409E+00   0.00000000E+00
  3.   50.   0.16511291E-01  -0.40635375E-11   0.74976817E+00   0.00000000E+00
  3.   51.   0.16511291E-01  -0.33867999E-11   0.81271509E+00   0.00000000E+00
  3.   52.   0.16511291E-01   0.00000000E+00   0.83418511E+00   0.00000000E+00
  3.   53.   0.16511291E-01   0.00000000E+00  -0.59182298E+00   0.00000000E+00
  3.   54.   0.16511291E-01  -0.65761304E-12  -0.56470295E+00   0.00000000E+00
  3.   55.   0.16511291E-01  -0.22141101E-11  -0.48519106E+00   0.00000000E+00
  3.   56.   0.16511291E-01  -0.29407459E-11  -0.35870590E+00   0.00000000E+00
  3.   57.   0.16511291E-01  -0.30586897E-11  -0.19386723E+00   0.00000000E+00
  3.   58.   0.16511291E-01  -0.29017374E-11  -0.19085406E-02   0.00000000E+00
  3.   59.   0.16511291E-01  -0.28113854E-11   0.20408851E+00   0.00000000E+00
  3.   60.   0.16511291E-01  -0.31264788E-11   0.41008556E+00   0.00000000E+00
  3.   61.   0.16511291E-01  -0.40308988E-11   0.60204425E+00   0.00000000E+00
  3.   62.   0.16511291E-01  -0.52180014E-11   0.76688292E+00   0.00000000E+00
  3.   63.   0.16511291E-01  -0.56707223E-11   0.89336808E+00   0.00000000E+00
  3.   64.   0.16511291E-01  -0.52067452E-11   0.97287997E+00   0.00000000E+00
  3.   65.   0.16511291E-01   0.00000000E+00   0.10000000E+01   0.00000000E+00
  3.   66.  -0.14440822E-01   0.00000000E+00  -0.59182298E+00   0.00000000E+00
  3.   67.  -0.14440822E-01   0.65375601E-12  -0.56470295E+00   0.00000000E+00
  3.   68.  -0.14440822E-01   0.22224874E-11  -0.48519106E+00   0.00000000E+00
  3.   69.  -0.14440822E-01   0.29406699E-11  -0.35870590E+00   0.00000000E+00
  3.   70.  -0.14440822E-01   0.30626901E-11  -0.19386723E+00   0.00000000E+00
  3.   71.  -0.14440822E-01   0.29061749E-11  -0.19085406E-02   0.00000000E+00
  3.   72.  -0.14440822E-01   0.28032106E-11   0.20408851E+00   0.00000000E+00
  3.   73.  -0.14440822E-01   0.31264388E-11   0.41008556E+00   0.00000000E+00
  3.   74.  -0.14440822E-01   0.40329598E-11   0.60204425E+00   0.00000000E+00
  3.   75.  -0.14440822E-01   0.52142677E-11   0.76688292E+00   0.00000000E+00
  3.   76.  -0.14440822E-01   0.56546892E-11   0.89336808E+00   0.00000000E+00
  3.   77.  -0.14440822E-01   0.52011723E-11   0.97287997E+00   0.00000000E+00
  3.   78.  -0.14440822E-01   0.00000000E+00   0.10000000E+01   0.00000000E+00
  4.    1.  -0.30102619E-02   0.00000000E+00   0.11895814E-01   0.00000000E+00
  4.    2.  -0.29136688E-02   0.80142755E-03   0.10302077E-01   0.00000000E+00
  4.    3.  -0.26269698E-02   0.15397834E-02   0.59479068E-02   0.00000000E+00
  4.    4.  -0.21612472E-02   0.21612472E-02   0.13078433E-11   0.00000000E+00
  4.    5.  -0.15397834E-02   0.26269698E-02  -0.59479068E-02   0.00000000E+00
  4.    6.  -0.80142755E-03   0.29136688E-02  -0.10302077E-01   0.00000000E+00
  4.    7.  -0.23885273E-11   0.30102619E-02  -0.11895814E-01   0.00000000E+00
  4.    8.   0.80142755E-03   0.29136688E-02  -0.10302077E-01   0.00000000E+00
  4.    9.   0.15397834E-02   0.26269698E-02  -0.59479068E-02   0.00000000E+00
  4.   10.   0.21612472E-02   0.21612472E-02  -0.43617374E-10   0.00000000E+00
  4.   11.   0.26269698E-02   0.15397834E-02   0.59479067E-02   0.00000000E+00
  4.   12.   0.29136688E-02   0.80142755E-03   0.10302077E-01   0.00000000E+00
  4.   13.   0.30102619E-02   0.00000000E+00   0.11895814E-01   0.00000000E+00
  4.   14.  -0.50298005E-02   0.00000000E+00   0.53896601E-01   0.00000000E+00
  4.   15.  -0.49300014E-02   0.15689752E-02   0.46675826E-01   0.00000000E+00
  4.   16.  -0.45954704E-02   0.29297878E-02   0.26948301E-01   0.00000000E+00
  4.   17.  -0.39477658E-02   0.39477658E-02   0.55207509E-10   0.00000000E+00
  4.   18.  -0.29297878E-02   0.45954704E-02  -0.26948301E-01   0.00000000E+00
  4.   19.  -0.15689752E-02   0.49300014E-02  -0.46675826E-01   0.00000000E+00
  4.   20.  -0.59359067E-11   0.50298005E-02  -0.53896601E-01   0.00000000E+00
  4.   21.   0.15689752E-02   0.49300014E-02  -0.46675826E-01   0.00000000E+00
  4.   22.   0.29297878E-02   0.45954704E-02  -0.26948301E-01   0.00000000E+00
  4.   23.   0.39477658E-02   0.39477658E-02  -0.17121628E-09   0.00000000E+00
  4.   24.   0.45954704E-02   0.29297878E-02   0.26948300E-01   0.00000000E+00
  4.   25.   0.49300014E-02   0.15689752E-02   0.46675826E-01   0.00000000E+00
  4.   26.   0.50298005E-02   0.00000000E+00   0.53896601E-01   0.00000000E+00
  4.   27.  -0.69747305E-02   0.00000000E+00   0.11878695E+00   0.00000000E+00
  4.   28.  -0.68586309E-02   0.22588561E-02   0.10287252E+00   0.00000000E+00
  4.   29.  -0.64470369E-02   0.41918650E-02   0.59393475E-01   0.00000000E+00
  4.   30.  -0.55960879E-02   0.55960879E-02   0.13969305E-09   0.00000000E+00
  4.   31.  -0.41918650E-02   0.64470369E-02  -0.59393475E-01   0.00000000E+00
  4.   32.  -0.22588561E-02   0.68586309E-02  -0.10287252E+00   0.00000000E+00
  4.   33.  -0.90997082E-11   0.69747305E-02  -0.11878695E+00   0.00000000E+00
  4.   34.   0.22588561E-02   0.68586310E-02  -0.10287252E+00   0.00000000E+00
  4.   35.   0.41918650E-02   0.64470369E-02  -0.59393475E-01   0.00000000E+00
  4.   36.   0.55960879E-02   0.55960879E-02  -0.37188287E-09   0.00000000E+00
  4.   37.   0.64470369E-02   0.41918650E-02   0.59393474E-01   0.00000000E+00
  4.   38.   0.68586310E-02   0.22588561E-02   0.10287252E+00   0.00000000E+00
  4.   39.   0.69747305E-02   0.00000000E+00   0.11878695E+00   0.00000000E+00
  4.   40.  -0.82732829E-02   0.00000000E+00   0.20102901E+00   0.00000000E+00
  4.   41.  -0.81980806E-02   0.29127090E-02   0.17409623E+00   0.00000000E+00
  4.   42.  -0.78565146E-02   0.53345996E-02   0.10051450E+00   0.00000000E+00
  4.   43.  -0.69795402E-02   0.69795402E-02   0.24760513E-09   0.00000000E+00
  4.   44.  -0.53345996E-02   0.78565146E-02  -0.10051450E+00   0.00000000E+00
  4.   45.  -0.29127090E-02   0.81980806E-02  -0.17409623E+00   0.00000000E+00
  4.   46.  -0.12238498E-10   0.82732829E-02  -0.20102901E+00   0.00000000E+00
  4.   47.   0.29127090E-02   0.81980806E-02  -0.17409623E+00   0.00000000E+00
  4.   48.   0.53345996E-02   0.78565147E-02  -0.10051450E+00   0.00000000E+00
  4.   49.   0.69795402E-02   0.69795403E-02  -0.62726634E-09   0.00000000E+00
  4.   50.   0.78565146E-02   0.53345996E-02   0.10051450E+00   0.00000000E+00
  4.   51.   0.81980806E-02   0.29127090E-02   0.17409623E+00   0.00000000E+00
  4.   52.   0.82732829E-02   0.00000000E+00   0.20102901E+00   0.00000000E+00
  4.   53.  -0.91729062E-02   0.00000000E+00   0.29462785E+00   0.00000000E+00
  4.   54.  -0.91397274E-02   0.34167845E-02   0.25515520E+00   0.00000000E+00
  4.   55.  -0.88787947E-02   0.62056173E-02   0.14731392E+00   0.00000000E+00
  4.   56.  -0.80127868E-02   0.80127868E-02   0.37006668E-09   0.00000000E+00
  4.   57.  -0.62056173E-02   0.88787947E-02  -0.14731392E+00   0.00000000E+00
  4.   58.  -0.34167845E-02   0.91397274E-02  -0.25515520E+00   0.00000000E+00
  4.   59.  -0.14739264E-10   0.91729062E-02  -0.29462785E+00   0.00000000E+00
  4.   60.   0.34167845E-02   0.91397274E-02  -0.25515520E+00   0.00000000E+00
  4.   61.   0.62056173E-02   0.88787947E-02  -0.14731392E+00   0.00000000E+00
  4.   62.   0.80127868E-02   0.80127868E-02  -0.91889670E-09   0.00000000E+00
  4.   63.   0.88787947E-02   0.62056173E-02   0.14731392E+00   0.00000000E+00
  4.   64.   0.91397274E-02   0.34167845E-02   0.25515520E+00   0.00000000E+00
  4.   65.   0.91729062E-02   0.00000000E+00   0.29462785E+00   0.00000000E+00
  4.   66.   0.91729062E-02   0.00000000E+00   0.29462785E+00   0.00000000E+00
  4.   67.   0.91397274E-02  -0.34167845E-02   0.25515520E+00   0.00000000E+00
  4.   68.   0.88787947E-02  -0.62056173E-02   0.14731392E+00   0.00000000E+00
  4.   69.   0.80127868E-02  -0.80127868E-02   0.37005529E-09   0.00000000E+00
  4.   70.   0.62056173E-02  -0.88787947E-02  -0.14731392E+00   0.00000000E+00
  4.   71.   0.34167845E-02  -0.91397274E-02  -0.25515520E+00   0.00000000E+00
  4.   72.   0.15534392E-10  -0.91729062E-02  -0.29462785E+00   0.00000000E+00
  4.   73.  -0.34167845E-02  -0.91397274E-02  -0.25515520E+00   0.00000000E+00
  4.   74.  -0.62056173E-02  -0.88787947E-02  -0.14731392E+00   0.00000000E+00
  4.   75.  -0.80127868E-02  -0.80127868E-02  -0.91889538E-09   0.00000000E+00
  4.   76.  -0.88787947E-02  -0.62056173E-02   0.14731392E+00   0.00000000E+00
  4.   77.  -0.91397274E-02  -0.34167845E-02   0.25515520E+00   0.00000000E+00
  4.   78.  -0.91729062E-02   0.00000000E+00   0.29462785E+00   0.00000000E+00
  5.    1.   0.25545018E-02   0.00000000E+00   0.73706379E-01   0.00000000E+00
  5.    2.   0.24674593E-02   0.66115373E-03   0.73706379E-01   0.00000000E+00
  5.    3.   0.22122635E-02   0.12772509E-02   0.73706379E-01   0.00000000E+00
  5.    4.   0.18063056E-02   0.18063056E-02   0.73706379E-01   0.00000000E+00
  5.    5.   0.12772509E-02   0.22122635E-02   0.73706379E-01   0.00000000E+00
  5.    6.   0.66115373E-03   0.24674593E-02   0.73706379E-01   0.00000000E+00
  5.    7.   0.31981821E-11   0.25545018E-02   0.73706379E-01   0.00000000E+00
  5.    8.  -0.66115372E-03   0.24674593E-02   0.73706379E-01   0.00000000E+00
  5.    9.  -0.12772509E-02   0.22122635E-02   0.73706379E-01   0.00000000E+00
  5.   10.  -0.18063056E-02   0.18063056E-02   0.73706379E-01   0.00000000E+00
  5.   11.  -0.22122635E-02   0.12772509E-02   0.73706379E-01   0.00000000E+00
  5.   12.  -0.24674593E-02   0.66115373E-03   0.73706379E-01   0.00000000E+00
  5.   13.  -0.25545018E-02   0.00000000E+00   0.73706379E-01   0.00000000E+00
  5.   14.   0.26576807E-02   0.00000000E+00   0.46817281E-01   0.00000000E+00
  5.   15.   0.25671225E-02   0.68785839E-03   0.46817281E-01   0.00000000E+00
  5.   16.   0.23016190E-02   0.13288404E-02   0.46817281E-01   0.00000000E+00
  5.   17.   0.18792641E-02   0.18792641E-02   0.46817281E-01   0.00000000E+00
  5.   18.   0.13288404E-02   0.23016190E-02   0.46817281E-01   0.00000000E+00
  5.   19.   0.68785839E-03   0.25671225E-02   0.46817281E-01   0.00000000E+00
  5.   20.   0.32518359E-11   0.26576807E-02   0.46817281E-01   0.00000000E+00
  5.   21.  -0.68785839E-03   0.25671225E-02   0.46817281E-01   0.00000000E+00
  5.   22.  -0.13288404E-02   0.23016190E-02   0.46817281E-01   0.00000000E+00
  5.   23.  -0.18792641E-02   0.18792641E-02   0.46817281E-01   0.00000000E+00
  5.   24.  -0.23016190E-02   0.13288404E-02   0.46817281E-01   0.00000000E+00
  5.   25.  -0.25671225E-02   0.68785840E-03   0.46817281E-01   0.00000000E+00
  5.   26.  -0.26576807E-02   0.00000000E+00   0.46817281E-01   0.00000000E+00
  5.   27.   0.30176213E-02   0.00000000E+00   0.16158226E-01   0.00000000E+00
  5.   28.   0.29147983E-02   0.78101786E-03   0.16158226E-01   0.00000000E+00
  5.   29.   0.26133367E-02   0.15088106E-02   0.16158226E-01   0.00000000E+00
  5.   30.   0.21337805E-02   0.21337805E-02   0.16158226E-01   0.00000000E+00
  5.   31.   0.15088106E-02   0.26133367E-02   0.16158226E-01   0.00000000E+00
  5.   32.   0.78101786E-03   0.29147983E-02   0.16158226E-01   0.00000000E+00
  5.   33.   0.36110549E-11   0.30176213E-02   0.16158226E-01   0.00000000E+00
  5.   34.  -0.78101785E-03   0.29147983E-02   0.16158226E-01   0.00000000E+00
  5.   35.  -0.15088106E-02   0.26133367E-02   0.16158226E-01   0.00000000E+00
  5.   36.  -0.21337805E-02   0.21337805E-02   0.16158226E-01   0.00000000E+00
  5.   37.  -0.26133367E-02   0.15088106E-02   0.16158226E-01   0.00000000E+00
  5.   38.  -0.29147983E-02   0.78101786E-03   0.16158226E-01   0.00000000E+00
  5.   39.  -0.30176213E-02   0.00000000E+00   0.16158226E-01   0.00000000E+00
  5.   40.   0.30536758E-02   0.00000000E+00  -0.16696412E-01   0.00000000E+00
  5.   41.   0.29496243E-02   0.79034944E-03  -0.16696412E-01   0.00000000E+00
  5.   42.   0.26445608E-02   0.15268379E-02  -0.16696412E-01   0.00000000E+00
  5.   43.   0.21592748E-02   0.21592748E-02  -0.16696412E-01   0.00000000E+00
  5.   44.   0.15268379E-02   0.26445608E-02  -0.16696412E-01   0.00000000E+00
  5.   45.   0.79034945E-03   0.29496243E-02  -0.16696412E-01   0.00000000E+00
  5.   46.   0.35994401E-11   0.30536758E-02  -0.16696412E-01   0.00000000E+00
  5.   47.  -0.79034944E-03   0.29496243E-02  -0.16696412E-01   0.00000000E+00
  5.   48.  -0.15268379E-02   0.26445608E-02  -0.16696412E-01   0.00000000E+00
  5.   49.  -0.21592748E-02   0.21592748E-02  -0.16696412E-01   0.00000000E+00
  5.   50.  -0.26445608E-02   0.15268379E-02  -0.16696412E-01   0.00000000E+00
  5.   51.  -0.29496243E-02   0.79034945E-03  -0.16696412E-01   0.00000000E+00
  5.   52.  -0.30536758E-02   0.00000000E+00  -0.16696412E-01   0.00000000E+00
  5.   53.   0.28715265E-02   0.00000000E+00  -0.48509899E-01   0.00000000E+00
  5.   54.   0.27736817E-02   0.74320576E-03  -0.48509899E-01   0.00000000E+00
  5.   55.   0.24868149E-02   0.14357633E-02  -0.48509899E-01   0.00000000E+00
  5.   56.   0.20304759E-02   0.20304759E-02  -0.48509899E-01   0.00000000E+00
  5.   57.   0.14357633E-02   0.24868149E-02  -0.48509899E-01   0.00000000E+00
  5.   58.   0.74320576E-03   0.27736816E-02  -0.48509899E-01   0.00000000E+00
  5.   59.   0.33335693E-11   0.28715265E-02  -0.48509899E-01   0.00000000E+00
  5.   60.  -0.74320575E-03   0.27736817E-02  -0.48509899E-01   0.00000000E+00
  5.   61.  -0.14357633E-02   0.24868149E-02  -0.48509899E-01   0.00000000E+00
  5.   62.  -0.20304759E-02   0.20304759E-02  -0.48509899E-01   0.00000000E+00
  5.   63.  -0.24868149E-02   0.14357633E-02  -0.48509899E-01   0.00000000E+00
  5.   64.  -0.27736816E-02   0.74320576E-03  -0.48509899E-01   0.00000000E+00
  5.   65.  -0.28715265E-02   0.00000000E+00  -0.48509899E-01   0.00000000E+00
  5.   66.  -0.28715265E-02   0.00000000E+00  -0.48509899E-01   0.00000000E+00
  5.   67.  -0.27736816E-02  -0.74320576E-03  -0.48509899E-01   0.00000000E+00
  5.   68.  -0.24868149E-02  -0.14357633E-02  -0.48509899E-01   0.00000000E+00
  5.   69.  -0.20304759E-02  -0.20304759E-02  -0.48509899E-01   0.00000000E+00
  5.   70.  -0.14357633E-02  -0.24868149E-02  -0.48509899E-01   0.00000000E+00
  5.   71.  -0.74320576E-03  -0.27736816E-02  -0.48509899E-01   0.00000000E+00
  5.   72.  -0.31356836E-11  -0.28715265E-02  -0.48509899E-01   0.00000000E+00
  5.   73.   0.74320575E-03  -0.27736817E-02  -0.48509899E-01   0.00000000E+00
  5.   74.   0.14357633E-02  -0.24868149E-02  -0.48509899E-01   0.00000000E+00
  5.   75.   0.20304759E-02  -0.20304759E-02  -0.48509899E-01   0.00000000E+00
  5.   76.   0.24868149E-02  -0.14357633E-02  -0.48509899E-01   0.00000000E+00
  5.   77.   0.27736816E-02  -0.74320576E-03  -0.48509899E-01   0.00000000E+00
  5.   78.   0.28715265E-02   0.00000000E+00  -0.48509899E-01   0.00000000E+00
  6.    1.  -0.44847478E-03   0.00000000E+00   0.10723968E-02   0.00000000E+00
  6.    2.  -0.38966200E-03   0.22898249E-03   0.75829905E-03   0.00000000E+00
  6.    3.  -0.22771104E-03   0.39440710E-03   0.41932200E-11   0.00000000E+00
  6.    4.  -0.34736557E-05   0.45194843E-03  -0.75829904E-03   0.00000000E+00
  6.    5.   0.22423739E-03   0.38839055E-03  -0.10723968E-02   0.00000000E+00
  6.    6.   0.39313565E-03   0.22296594E-03  -0.75829905E-03   0.00000000E+00
  6.    7.   0.45542209E-03   0.11784055E-11  -0.17930985E-11   0.00000000E+00
  6.    8.   0.39313565E-03  -0.22296594E-03   0.75829905E-03   0.00000000E+00
  6.    9.   0.22423739E-03  -0.38839055E-03   0.10723968E-02   0.00000000E+00
  6.   10.  -0.34736537E-05  -0.45194843E-03   0.75829905E-03   0.00000000E+00
  6.   11.  -0.22771104E-03  -0.39440710E-03   0.78228231E-11   0.00000000E+00
  6.   12.  -0.38966200E-03  -0.22898249E-03  -0.75829904E-03   0.00000000E+00
  6.   13.  -0.44847478E-03   0.00000000E+00  -0.10723968E-02   0.00000000E+00
  6.   14.  -0.14781989E-02   0.00000000E+00   0.10432643E-01   0.00000000E+00
  6.   15.  -0.13059393E-02   0.83531709E-03   0.73769927E-02   0.00000000E+00
  6.   16.  -0.80953566E-03   0.14021569E-02   0.88197513E-11   0.00000000E+00
  6.   17.  -0.70436196E-04   0.15486351E-02  -0.73769926E-02   0.00000000E+00
  6.   18.   0.73909946E-03   0.12801578E-02  -0.10432643E-01   0.00000000E+00
  6.   19.   0.13763755E-02   0.71331803E-03  -0.73769927E-02   0.00000000E+00
  6.   20.   0.16190713E-02   0.33998890E-11  -0.36033936E-10   0.00000000E+00
  6.   21.   0.13763755E-02  -0.71331802E-03   0.73769926E-02   0.00000000E+00
  6.   22.   0.73909947E-03  -0.12801578E-02   0.10432643E-01   0.00000000E+00
  6.   23.  -0.70436189E-04  -0.15486351E-02   0.73769927E-02   0.00000000E+00
  6.   24.  -0.80953565E-03  -0.14021569E-02   0.66085390E-10   0.00000000E+00
  6.   25.  -0.13059393E-02  -0.83531710E-03  -0.73769926E-02   0.00000000E+00
  6.   26.  -0.14781989E-02   0.00000000E+00  -0.10432643E-01   0.00000000E+00
  6.   27.  -0.29070930E-02   0.00000000E+00   0.34017146E-01   0.00000000E+00
  6.   28.  -0.26070116E-02   0.17871739E-02   0.24053755E-01   0.00000000E+00
  6.   29.  -0.16977787E-02   0.29406390E-02   0.20189386E-10   0.00000000E+00
  6.   30.  -0.24423224E-03   0.31513252E-02  -0.24053755E-01   0.00000000E+00
  6.   31.   0.14535465E-02   0.25176164E-02  -0.34017146E-01   0.00000000E+00
  6.   32.   0.28512438E-02   0.13641513E-02  -0.24053755E-01   0.00000000E+00
  6.   33.   0.33955575E-02   0.63677916E-11  -0.12039390E-09   0.00000000E+00
  6.   34.   0.28512438E-02  -0.13641513E-02   0.24053755E-01   0.00000000E+00
  6.   35.   0.14535465E-02  -0.25176164E-02   0.34017146E-01   0.00000000E+00
  6.   36.  -0.24423223E-03  -0.31513252E-02   0.24053755E-01   0.00000000E+00
  6.   37.  -0.16977787E-02  -0.29406390E-02   0.21598459E-09   0.00000000E+00
  6.   38.  -0.26070116E-02  -0.17871739E-02  -0.24053755E-01   0.00000000E+00
  6.   39.  -0.29070930E-02   0.00000000E+00  -0.34017146E-01   0.00000000E+00
  6.   40.  -0.40520481E-02   0.00000000E+00   0.71727699E-01   0.00000000E+00
  6.   41.  -0.37334838E-02   0.28631499E-02   0.50719143E-01   0.00000000E+00
  6.   42.  -0.26388427E-02   0.45706097E-02   0.37102312E-10   0.00000000E+00
  6.   43.  -0.61281870E-03   0.46648668E-02  -0.50719142E-01   0.00000000E+00
  6.   44.   0.20260240E-02   0.35091766E-02  -0.71727699E-01   0.00000000E+00
  6.   45.   0.43463025E-02   0.18017168E-02  -0.50719143E-01   0.00000000E+00
  6.   46.   0.52776854E-02   0.81893009E-11  -0.25459118E-09   0.00000000E+00
  6.   47.   0.43463025E-02  -0.18017168E-02   0.50719142E-01   0.00000000E+00
  6.   48.   0.20260240E-02  -0.35091765E-02   0.71727699E-01   0.00000000E+00
  6.   49.  -0.61281868E-03  -0.46648667E-02   0.50719143E-01   0.00000000E+00
  6.   50.  -0.26388427E-02  -0.45706097E-02   0.45685902E-09   0.00000000E+00
  6.   51.  -0.37334838E-02  -0.28631500E-02  -0.50719142E-01   0.00000000E+00
  6.   52.  -0.40520481E-02   0.00000000E+00  -0.71727699E-01   0.00000000E+00
  6.   53.  -0.49499520E-02   0.00000000E+00   0.11989464E+00   0.00000000E+00
  6.   54.  -0.46341771E-02   0.37714641E-02   0.84778312E-01   0.00000000E+00
  6.   55.  -0.34240712E-02   0.59306652E-02   0.58806277E-10   0.00000000E+00
  6.   56.  -0.94909519E-03   0.58990472E-02  -0.84778311E-01   0.00000000E+00
  6.   57.   0.24749760E-02   0.42867842E-02  -0.11989464E+00   0.00000000E+00
  6.   58.   0.55832723E-02   0.21275830E-02  -0.84778312E-01   0.00000000E+00
  6.   59.   0.68481424E-02   0.94230657E-11  -0.42518802E-09   0.00000000E+00
  6.   60.   0.55832723E-02  -0.21275830E-02   0.84778311E-01   0.00000000E+00
  6.   61.   0.24749760E-02  -0.42867841E-02   0.11989464E+00   0.00000000E+00
  6.   62.  -0.94909517E-03  -0.58990472E-02   0.84778312E-01   0.00000000E+00
  6.   63.  -0.34240712E-02  -0.59306653E-02   0.76503365E-09   0.00000000E+00
  6.   64.  -0.46341771E-02  -0.37714642E-02  -0.84778311E-01   0.00000000E+00
  6.   65.  -0.49499520E-02   0.00000000E+00  -0.11989464E+00   0.00000000E+00
  6.   66.   0.49499520E-02   0.00000000E+00   0.11989464E+00   0.00000000E+00
  6.   67.   0.46341771E-02  -0.37714641E-02   0.84778312E-01   0.00000000E+00
  6.   68.   0.34240712E-02  -0.59306652E-02   0.58809008E-10   0.00000000E+00
  6.   69.   0.94909520E-03  -0.58990472E-02  -0.84778311E-01   0.00000000E+00
  6.   70.  -0.24749760E-02  -0.42867842E-02  -0.11989464E+00   0.00000000E+00
  6.   71.  -0.55832723E-02  -0.21275830E-02  -0.84778312E-01   0.00000000E+00
  6.   72.  -0.68481424E-02  -0.94449095E-11  -0.42518068E-09   0.00000000E+00
  6.   73.  -0.55832723E-02   0.21275830E-02   0.84778311E-01   0.00000000E+00
  6.   74.  -0.24749760E-02   0.42867841E-02   0.11989464E+00   0.00000000E+00
  6.   75.   0.94909517E-03   0.58990472E-02   0.84778312E-01   0.00000000E+00
  6.   76.   0.34240712E-02   0.59306653E-02   0.76503618E-09   0.00000000E+00
  6.   77.   0.46341771E-02   0.37714642E-02  -0.84778311E-01   0.00000000E+00
  6.   78.   0.49499520E-02   0.00000000E+00  -0.11989464E+00   0.00000000E+00
  7.    1.  -0.84125626E-03   0.00000000E+00   0.22542141E-01   0.00000000E+00
  7.    2.  -0.94910951E-03   0.40251382E-03   0.21774036E-01   0.00000000E+00
  7.    3.  -0.12437701E-02   0.69717439E-03   0.19522067E-01   0.00000000E+00
  7.    4.  -0.16462839E-02   0.80502765E-03   0.15939701E-01   0.00000000E+00
  7.    5.  -0.20487977E-02   0.69717439E-03   0.11271071E-01   0.00000000E+00
  7.    6.  -0.23434583E-02   0.40251382E-03   0.58343355E-02   0.00000000E+00
  7.    7.  -0.24513116E-02   0.20309062E-11   0.27412523E-10   0.00000000E+00
  7.    8.  -0.23434583E-02  -0.40251382E-03  -0.58343355E-02   0.00000000E+00
  7.    9.  -0.20487977E-02  -0.69717439E-03  -0.11271071E-01   0.00000000E+00
  7.   10.  -0.16462839E-02  -0.80502765E-03  -0.15939701E-01   0.00000000E+00
  7.   11.  -0.12437701E-02  -0.69717439E-03  -0.19522067E-01   0.00000000E+00
  7.   12.  -0.94910952E-03  -0.40251383E-03  -0.21774036E-01   0.00000000E+00
  7.   13.  -0.84125626E-03   0.00000000E+00  -0.22542141E-01   0.00000000E+00
  7.   14.   0.35554026E-04   0.00000000E+00   0.28689730E-01   0.00000000E+00
  7.   15.  -0.66040415E-04   0.37915561E-03   0.27712151E-01   0.00000000E+00
  7.   16.  -0.34360159E-03   0.65671679E-03   0.24846035E-01   0.00000000E+00
  7.   17.  -0.72275720E-03   0.75831123E-03   0.20286702E-01   0.00000000E+00
  7.   18.  -0.11019128E-02   0.65671679E-03   0.14344865E-01   0.00000000E+00
  7.   19.  -0.13794740E-02   0.37915562E-03   0.74254485E-02   0.00000000E+00
  7.   20.  -0.14810684E-02   0.19384384E-11   0.34051936E-10   0.00000000E+00
  7.   21.  -0.13794740E-02  -0.37915561E-03  -0.74254484E-02   0.00000000E+00
  7.   22.  -0.11019128E-02  -0.65671679E-03  -0.14344865E-01   0.00000000E+00
  7.   23.  -0.72275720E-03  -0.75831123E-03  -0.20286702E-01   0.00000000E+00
  7.   24.  -0.34360159E-03  -0.65671679E-03  -0.24846035E-01   0.00000000E+00
  7.   25.  -0.66040416E-04  -0.37915562E-03  -0.27712151E-01   0.00000000E+00
  7.   26.   0.35554026E-04   0.00000000E+00  -0.28689730E-01   0.00000000E+00
  7.   27.   0.15267678E-02   0.00000000E+00   0.20022883E-01   0.00000000E+00
  7.   28.   0.13800246E-02   0.54765299E-03   0.19340620E-01   0.00000000E+00
  7.   29.   0.97911479E-03   0.94856281E-03   0.17340326E-01   0.00000000E+00
  7.   30.   0.43146180E-03   0.10953060E-02   0.14158317E-01   0.00000000E+00
  7.   31.  -0.11619119E-03   0.94856281E-03   0.10011442E-01   0.00000000E+00
  7.   32.  -0.51710101E-03   0.54765300E-03   0.51823035E-02   0.00000000E+00
  7.   33.  -0.66384419E-03   0.26376861E-11   0.23647036E-10   0.00000000E+00
  7.   34.  -0.51710101E-03  -0.54765299E-03  -0.51823035E-02   0.00000000E+00
  7.   35.  -0.11619120E-03  -0.94856281E-03  -0.10011442E-01   0.00000000E+00
  7.   36.   0.43146180E-03  -0.10953060E-02  -0.14158317E-01   0.00000000E+00
  7.   37.   0.97911479E-03  -0.94856281E-03  -0.17340326E-01   0.00000000E+00
  7.   38.   0.13800246E-02  -0.54765300E-03  -0.19340620E-01   0.00000000E+00
  7.   39.   0.15267678E-02   0.00000000E+00  -0.20022883E-01   0.00000000E+00
  7.   40.   0.23171839E-02   0.00000000E+00  -0.14737120E-02   0.00000000E+00
  7.   41.   0.21644670E-02   0.56994727E-03  -0.14234964E-02   0.00000000E+00
  7.   42.   0.17472367E-02   0.98717763E-03  -0.12762720E-02   0.00000000E+00
  7.   43.   0.11772894E-02   0.11398945E-02  -0.10420717E-02   0.00000000E+00
  7.   44.   0.60734214E-03   0.98717763E-03  -0.73685598E-03   0.00000000E+00
  7.   45.   0.19011178E-03   0.56994727E-03  -0.38142472E-03   0.00000000E+00
  7.   46.   0.37394867E-04   0.26848996E-11  -0.10565002E-11   0.00000000E+00
  7.   47.   0.19011178E-03  -0.56994726E-03   0.38142472E-03   0.00000000E+00
  7.   48.   0.60734213E-03  -0.98717762E-03   0.73685598E-03   0.00000000E+00
  7.   49.   0.11772894E-02  -0.11398945E-02   0.10420717E-02   0.00000000E+00
  7.   50.   0.17472367E-02  -0.98717763E-03   0.12762720E-02   0.00000000E+00
  7.   51.   0.21644670E-02  -0.56994727E-03   0.14234964E-02   0.00000000E+00
  7.   52.   0.23171839E-02   0.00000000E+00   0.14737120E-02   0.00000000E+00
  7.   53.   0.23281570E-02   0.00000000E+00  -0.26791736E-01   0.00000000E+00
  7.   54.   0.22049603E-02   0.45977628E-03  -0.25878830E-01   0.00000000E+00
  7.   55.   0.18683807E-02   0.79635588E-03  -0.23202324E-01   0.00000000E+00
  7.   56.   0.14086045E-02   0.91955257E-03  -0.18944618E-01   0.00000000E+00
  7.   57.   0.94882817E-03   0.79635588E-03  -0.13395868E-01   0.00000000E+00
  7.   58.   0.61224857E-03   0.45977628E-03  -0.69342115E-02   0.00000000E+00
  7.   59.   0.48905189E-03   0.21344815E-11  -0.29700506E-10   0.00000000E+00
  7.   60.   0.61224857E-03  -0.45977628E-03   0.69342114E-02   0.00000000E+00
  7.   61.   0.94882817E-03  -0.79635588E-03   0.13395868E-01   0.00000000E+00
  7.   62.   0.14086044E-02  -0.91955257E-03   0.18944618E-01   0.00000000E+00
  7.   63.   0.18683807E-02  -0.79635588E-03   0.23202324E-01   0.00000000E+00
  7.   64.   0.22049603E-02  -0.45977629E-03   0.25878830E-01   0.00000000E+00
  7.   65.   0.23281570E-02   0.00000000E+00   0.26791736E-01   0.00000000E+00
  7.   66.  -0.23281570E-02   0.00000000E+00  -0.26791736E-01   0.00000000E+00
  7.   67.  -0.22049603E-02  -0.45977628E-03  -0.25878830E-01   0.00000000E+00
  7.   68.  -0.18683807E-02  -0.79635588E-03  -0.23202324E-01   0.00000000E+00
  7.   69.  -0.14086045E-02  -0.91955257E-03  -0.18944618E-01   0.00000000E+00
  7.   70.  -0.94882817E-03  -0.79635588E-03  -0.13395868E-01   0.00000000E+00
  7.   71.  -0.61224857E-03  -0.45977628E-03  -0.69342115E-02   0.00000000E+00
  7.   72.  -0.48905189E-03  -0.19178843E-11  -0.29704634E-10   0.00000000E+00
  7.   73.  -0.61224857E-03   0.45977628E-03   0.69342114E-02   0.00000000E+00
  7.   74.  -0.94882817E-03   0.79635588E-03   0.13395868E-01   0.00000000E+00
  7.   75.  -0.14086044E-02   0.91955257E-03   0.18944618E-01   0.00000000E+00
  7.   76.  -0.18683807E-02   0.79635588E-03   0.23202324E-01   0.00000000E+00
  7.   77.  -0.22049603E-02   0.45977629E-03   0.25878830E-01   0.00000000E+00
  7.   78.  -0.23281570E-02   0.00000000E+00   0.26791736E-01   0.00000000E+00
  8.    1.  -0.74967210E-04   0.00000000E+00   0.12089222E-03   0.00000000E+00
  8.    2.  -0.53158812E-04   0.53565859E-04   0.60446109E-04   0.00000000E+00
  8.    3.  -0.28782548E-06   0.75465739E-04  -0.60446115E-04   0.00000000E+00
  8.    4.   0.53009823E-04   0.53009823E-04  -0.12089223E-03   0.00000000E+00
  8.    5.   0.75465739E-04  -0.28782555E-06  -0.60446115E-04   0.00000000E+00
  8.    6.   0.53565860E-04  -0.53158812E-04   0.60446110E-04   0.00000000E+00
  8.    7.   0.62406157E-12  -0.74967210E-04   0.12089222E-03   0.00000000E+00
  8.    8.  -0.53565859E-04  -0.53158813E-04   0.60446112E-04   0.00000000E+00
  8.    9.  -0.75465739E-04  -0.28782591E-06  -0.60446111E-04   0.00000000E+00
  8.   10.  -0.53009823E-04   0.53009823E-04  -0.12089222E-03   0.00000000E+00
  8.   11.   0.28782542E-06   0.75465739E-04  -0.60446112E-04   0.00000000E+00
  8.   12.   0.53158812E-04   0.53565860E-04   0.60446112E-04   0.00000000E+00
  8.   13.   0.74967211E-04   0.00000000E+00   0.12089222E-03   0.00000000E+00
  8.   14.  -0.50277680E-03   0.00000000E+00   0.26436368E-02   0.00000000E+00
  8.   15.  -0.36522026E-03   0.39173037E-03   0.13218184E-02   0.00000000E+00
  8.   16.  -0.18745478E-04   0.53524492E-03  -0.13218184E-02   0.00000000E+00
  8.   17.   0.35551689E-03   0.35551689E-03  -0.26436368E-02   0.00000000E+00
  8.   18.   0.53524492E-03  -0.18745477E-04  -0.13218184E-02   0.00000000E+00
  8.   19.   0.39173037E-03  -0.36522026E-03   0.13218184E-02   0.00000000E+00
  8.   20.   0.22297844E-11  -0.50277680E-03   0.26436368E-02   0.00000000E+00
  8.   21.  -0.39173037E-03  -0.36522026E-03   0.13218184E-02   0.00000000E+00
  8.   22.  -0.53524492E-03  -0.18745480E-04  -0.13218184E-02   0.00000000E+00
  8.   23.  -0.35551689E-03   0.35551688E-03  -0.26436368E-02   0.00000000E+00
  8.   24.   0.18745475E-04   0.53524492E-03  -0.13218184E-02   0.00000000E+00
  8.   25.   0.36522026E-03   0.39173037E-03   0.13218184E-02   0.00000000E+00
  8.   26.   0.50277680E-03   0.00000000E+00   0.26436368E-02   0.00000000E+00
  8.   27.  -0.13982781E-02   0.00000000E+00   0.12631824E-01   0.00000000E+00
  8.   28.  -0.10514738E-02   0.12228876E-02   0.63159122E-02   0.00000000E+00
  8.   29.  -0.12120792E-03   0.16082164E-02  -0.63159122E-02   0.00000000E+00
  8.   30.   0.98873192E-03   0.98873192E-03  -0.12631824E-01   0.00000000E+00
  8.   31.   0.16082164E-02  -0.12120792E-03  -0.63159122E-02   0.00000000E+00
  8.   32.   0.12228876E-02  -0.10514738E-02   0.63159121E-02   0.00000000E+00
  8.   33.   0.64321331E-11  -0.13982781E-02   0.12631824E-01   0.00000000E+00
  8.   34.  -0.12228876E-02  -0.10514738E-02   0.63159122E-02   0.00000000E+00
  8.   35.  -0.16082164E-02  -0.12120793E-03  -0.63159121E-02   0.00000000E+00
  8.   36.  -0.98873192E-03   0.98873191E-03  -0.12631824E-01   0.00000000E+00
  8.   37.   0.12120791E-03   0.16082164E-02  -0.63159123E-02   0.00000000E+00
  8.   38.   0.10514737E-02   0.12228877E-02   0.63159121E-02   0.00000000E+00
  8.   39.   0.13982781E-02   0.00000000E+00   0.12631824E-01   0.00000000E+00
  8.   40.  -0.22888333E-02   0.00000000E+00   0.32650687E-01   0.00000000E+00
  8.   41.  -0.18223327E-02   0.23793517E-02   0.16325344E-01   0.00000000E+00
  8.   42.  -0.39387194E-03   0.29710395E-02  -0.16325344E-01   0.00000000E+00
  8.   43.   0.16184495E-02   0.16184495E-02  -0.32650687E-01   0.00000000E+00
  8.   44.   0.29710395E-02  -0.39387194E-03  -0.16325344E-01   0.00000000E+00
  8.   45.   0.23793517E-02  -0.18223327E-02   0.16325344E-01   0.00000000E+00
  8.   46.   0.12504411E-10  -0.22888333E-02   0.32650687E-01   0.00000000E+00
  8.   47.  -0.23793517E-02  -0.18223327E-02   0.16325344E-01   0.00000000E+00
  8.   48.  -0.29710395E-02  -0.39387195E-03  -0.16325343E-01   0.00000000E+00
  8.   49.  -0.16184496E-02   0.16184495E-02  -0.32650687E-01   0.00000000E+00
  8.   50.   0.39387193E-03   0.29710395E-02  -0.16325344E-01   0.00000000E+00
  8.   51.   0.18223327E-02   0.23793517E-02   0.16325343E-01   0.00000000E+00
  8.   52.   0.22888333E-02   0.00000000E+00   0.32650687E-01   0.00000000E+00
  8.   53.  -0.30727764E-02   0.00000000E+00   0.61178187E-01   0.00000000E+00
  8.   54.  -0.25187864E-02   0.34640906E-02   0.30589094E-01   0.00000000E+00
  8.   55.  -0.66843102E-03   0.42305329E-02  -0.30589094E-01   0.00000000E+00
  8.   56.   0.21727810E-02   0.21727810E-02  -0.61178187E-01   0.00000000E+00
  8.   57.   0.42305329E-02  -0.66843101E-03  -0.30589094E-01   0.00000000E+00
  8.   58.   0.34640906E-02  -0.25187864E-02   0.30589093E-01   0.00000000E+00
  8.   59.   0.18272674E-10  -0.30727764E-02   0.61178187E-01   0.00000000E+00
  8.   60.  -0.34640906E-02  -0.25187864E-02   0.30589094E-01   0.00000000E+00
  8.   61.  -0.42305329E-02  -0.66843103E-03  -0.30589093E-01   0.00000000E+00
  8.   62.  -0.21727810E-02   0.21727810E-02  -0.61178187E-01   0.00000000E+00
  8.   63.   0.66843100E-03   0.42305328E-02  -0.30589094E-01   0.00000000E+00
  8.   64.   0.25187864E-02   0.34640906E-02   0.30589093E-01   0.00000000E+00
  8.   65.   0.30727764E-02   0.00000000E+00   0.61178187E-01   0.00000000E+00
  8.   66.   0.30727764E-02   0.00000000E+00   0.61178187E-01   0.00000000E+00
  8.   67.   0.25187864E-02  -0.34640906E-02   0.30589094E-01   0.00000000E+00
  8.   68.   0.66843102E-03  -0.42305329E-02  -0.30589094E-01   0.00000000E+00
  8.   69.  -0.21727810E-02  -0.21727810E-02  -0.61178187E-01   0.00000000E+00
  8.   70.  -0.42305329E-02   0.66843101E-03  -0.30589094E-01   0.00000000E+00
  8.   71.  -0.34640906E-02   0.25187864E-02   0.30589093E-01   0.00000000E+00
  8.   72.  -0.18031389E-10   0.30727764E-02   0.61178187E-01   0.00000000E+00
  8.   73.   0.34640906E-02   0.25187864E-02   0.30589094E-01   0.00000000E+00
  8.   74.   0.42305329E-02   0.66843103E-03  -0.30589093E-01   0.00000000E+00
  8.   75.   0.21727810E-02  -0.21727810E-02  -0.61178187E-01   0.00000000E+00
  8.   76.  -0.66843100E-03  -0.42305328E-02  -0.30589094E-01   0.00000000E+00
  8.   77.  -0.25187864E-02  -0.34640906E-02   0.30589093E-01   0.00000000E+00
  8.   78.  -0.30727764E-02   0.00000000E+00   0.61178187E-01   0.00000000E+00
  9.    1.  -0.14048265E-04   0.00000000E+00   0.16243826E-04   0.00000000E+00
  9.    2.  -0.70291892E-05   0.12185026E-04   0.42042106E-05   0.00000000E+00
  9.    3.   0.70190752E-05   0.12174912E-04  -0.14067569E-04   0.00000000E+00
  9.    4.   0.14058378E-04  -0.10113884E-07  -0.11486121E-04   0.00000000E+00
  9.    5.   0.70393027E-05  -0.12174913E-04   0.81219136E-05   0.00000000E+00
  9.    6.  -0.70291891E-05  -0.12164799E-04   0.15690333E-04   0.00000000E+00
  9.    7.  -0.14068492E-04  -0.22696743E-12   0.23448562E-12   0.00000000E+00
  9.    8.  -0.70291892E-05   0.12164799E-04  -0.15690333E-04   0.00000000E+00
  9.    9.   0.70393025E-05   0.12174912E-04  -0.81219140E-05   0.00000000E+00
  9.   10.   0.14058378E-04   0.10113739E-07   0.11486121E-04   0.00000000E+00
  9.   11.   0.70190751E-05  -0.12174912E-04   0.14067567E-04   0.00000000E+00
  9.   12.  -0.70291893E-05  -0.12185026E-04  -0.42042119E-05   0.00000000E+00
  9.   13.  -0.14048265E-04   0.00000000E+00  -0.16243828E-04   0.00000000E+00
  9.   14.  -0.19369665E-03   0.00000000E+00   0.81634896E-03   0.00000000E+00
  9.   15.  -0.10099493E-03   0.18322156E-03   0.21128666E-03   0.00000000E+00
  9.   16.   0.92701721E-04   0.17492835E-03  -0.70697894E-03   0.00000000E+00
  9.   17.   0.20198986E-03  -0.82932084E-05  -0.57724589E-03   0.00000000E+00
  9.   18.   0.10928814E-03  -0.17492835E-03   0.40817448E-03   0.00000000E+00
  9.   19.  -0.10099493E-03  -0.16663514E-03   0.78853255E-03   0.00000000E+00
  9.   20.  -0.21028307E-03  -0.10536465E-11   0.64249249E-11   0.00000000E+00
  9.   21.  -0.10099493E-03   0.16663514E-03  -0.78853254E-03   0.00000000E+00
  9.   22.   0.10928814E-03   0.17492835E-03  -0.40817449E-03   0.00000000E+00
  9.   23.   0.20198986E-03   0.82932100E-05   0.57724588E-03   0.00000000E+00
  9.   24.   0.92701722E-04  -0.17492835E-03   0.70697894E-03   0.00000000E+00
  9.   25.  -0.10099493E-03  -0.18322156E-03  -0.21128665E-03   0.00000000E+00
  9.   26.  -0.19369665E-03   0.00000000E+00  -0.81634897E-03   0.00000000E+00
  9.   27.  -0.76818082E-03   0.00000000E+00   0.56751409E-02   0.00000000E+00
  9.   28.  -0.42711498E-03   0.82583400E-03   0.14688346E-02   0.00000000E+00
  9.   29.   0.34106584E-03   0.73978485E-03  -0.49148162E-02   0.00000000E+00
  9.   30.   0.85422996E-03  -0.86049145E-04  -0.40129306E-02   0.00000000E+00
  9.   31.   0.51316413E-03  -0.73978485E-03   0.28375704E-02   0.00000000E+00
  9.   32.  -0.42711498E-03  -0.65373570E-03   0.54817652E-02   0.00000000E+00
  9.   33.  -0.94027911E-03  -0.34022631E-11   0.35235135E-10   0.00000000E+00
  9.   34.  -0.42711499E-03   0.65373570E-03  -0.54817652E-02   0.00000000E+00
  9.   35.   0.51316412E-03   0.73978485E-03  -0.28375705E-02   0.00000000E+00
  9.   36.   0.85422997E-03   0.86049152E-04   0.40129306E-02   0.00000000E+00
  9.   37.   0.34106584E-03  -0.73978485E-03   0.49148162E-02   0.00000000E+00
  9.   38.  -0.42711498E-03  -0.82583400E-03  -0.14688345E-02   0.00000000E+00
  9.   39.  -0.76818082E-03   0.00000000E+00  -0.56751409E-02   0.00000000E+00
  9.   40.  -0.14834847E-02   0.00000000E+00   0.17889393E-01   0.00000000E+00
  9.   41.  -0.91740753E-03   0.19403268E-02   0.46301156E-02   0.00000000E+00
  9.   42.   0.56607719E-03   0.15889965E-02  -0.15492669E-01   0.00000000E+00
  9.   43.   0.18348151E-02  -0.35133034E-03  -0.12649711E-01   0.00000000E+00
  9.   44.   0.12687379E-02  -0.15889965E-02   0.89446965E-02   0.00000000E+00
  9.   45.  -0.91740753E-03  -0.12376661E-02   0.17279827E-01   0.00000000E+00
  9.   46.  -0.21861454E-02  -0.60072743E-11   0.10562130E-09   0.00000000E+00
  9.   47.  -0.91740755E-03   0.12376661E-02  -0.17279827E-01   0.00000000E+00
  9.   48.   0.12687379E-02   0.15889965E-02  -0.89446966E-02   0.00000000E+00
  9.   49.   0.18348151E-02   0.35133036E-03   0.12649711E-01   0.00000000E+00
  9.   50.   0.56607720E-03  -0.15889964E-02   0.15492669E-01   0.00000000E+00
  9.   51.  -0.91740752E-03  -0.19403268E-02  -0.46301154E-02   0.00000000E+00
  9.   52.  -0.14834847E-02   0.00000000E+00  -0.17889393E-01   0.00000000E+00
  9.   53.  -0.21809479E-02   0.00000000E+00   0.37238659E-01   0.00000000E+00
  9.   54.  -0.14155242E-02   0.31018602E-02   0.96380741E-02   0.00000000E+00
  9.   55.   0.76542374E-03   0.24517598E-02  -0.32249624E-01   0.00000000E+00
  9.   56.   0.28310483E-02  -0.65010041E-03  -0.26331708E-01   0.00000000E+00
  9.   57.   0.20656246E-02  -0.24517598E-02   0.18619329E-01   0.00000000E+00
  9.   58.  -0.14155242E-02  -0.18016594E-02   0.35969782E-01   0.00000000E+00
  9.   59.  -0.34811487E-02  -0.84927657E-11   0.21703134E-09   0.00000000E+00
  9.   60.  -0.14155242E-02   0.18016593E-02  -0.35969782E-01   0.00000000E+00
  9.   61.   0.20656246E-02   0.24517598E-02  -0.18619330E-01   0.00000000E+00
  9.   62.   0.28310483E-02   0.65010044E-03   0.26331708E-01   0.00000000E+00
  9.   63.   0.76542377E-03  -0.24517598E-02   0.32249625E-01   0.00000000E+00
  9.   64.  -0.14155242E-02  -0.31018602E-02  -0.96380737E-02   0.00000000E+00
  9.   65.  -0.21809479E-02   0.00000000E+00  -0.37238659E-01   0.00000000E+00
  9.   66.   0.21809479E-02   0.00000000E+00   0.37238659E-01   0.00000000E+00
  9.   67.   0.14155242E-02  -0.31018602E-02   0.96380741E-02   0.00000000E+00
  9.   68.  -0.76542374E-03  -0.24517598E-02  -0.32249624E-01   0.00000000E+00
  9.   69.  -0.28310483E-02   0.65010041E-03  -0.26331708E-01   0.00000000E+00
  9.   70.  -0.20656246E-02   0.24517598E-02   0.18619329E-01   0.00000000E+00
  9.   71.   0.14155242E-02   0.18016594E-02   0.35969782E-01   0.00000000E+00
  9.   72.   0.34811487E-02   0.84709074E-11   0.21703461E-09   0.00000000E+00
  9.   73.   0.14155242E-02  -0.18016593E-02  -0.35969782E-01   0.00000000E+00
  9.   74.  -0.20656246E-02  -0.24517598E-02  -0.18619330E-01   0.00000000E+00
  9.   75.  -0.28310483E-02  -0.65010044E-03   0.26331708E-01   0.00000000E+00
  9.   76.  -0.76542377E-03   0.24517598E-02   0.32249625E-01   0.00000000E+00
  9.   77.   0.14155242E-02   0.31018602E-02  -0.96380737E-02   0.00000000E+00
  9.   78.   0.21809479E-02   0.00000000E+00  -0.37238659E-01   0.00000000E+00
 10.    1.  -0.79782288E-03   0.00000000E+00   0.49954486E-02   0.00000000E+00
 10.    2.  -0.82158370E-03   0.39662475E-03   0.43261854E-02   0.00000000E+00
 10.    3.  -0.86140346E-03   0.69417168E-03   0.24977243E-02   0.00000000E+00
 10.    4.  -0.84251999E-03   0.84251999E-03   0.73294220E-11   0.00000000E+00
 10.    5.  -0.69417168E-03   0.86140346E-03  -0.24977243E-02   0.00000000E+00
 10.    6.  -0.39662475E-03   0.82158370E-03  -0.43261854E-02   0.00000000E+00
 10.    7.  -0.18752308E-11   0.79782288E-03  -0.49954486E-02   0.00000000E+00
 10.    8.   0.39662475E-03   0.82158370E-03  -0.43261854E-02   0.00000000E+00
 10.    9.   0.69417168E-03   0.86140346E-03  -0.24977243E-02   0.00000000E+00
 10.   10.   0.84251999E-03   0.84251999E-03  -0.16172566E-10   0.00000000E+00
 10.   11.   0.86140346E-03   0.69417168E-03   0.24977243E-02   0.00000000E+00
 10.   12.   0.82158370E-03   0.39662475E-03   0.43261854E-02   0.00000000E+00
 10.   13.   0.79782288E-03   0.00000000E+00   0.49954486E-02   0.00000000E+00
 10.   14.  -0.65526609E-03   0.00000000E+00   0.14054637E-01   0.00000000E+00
 10.   15.  -0.73529620E-03   0.55159970E-03   0.12171673E-01   0.00000000E+00
 10.   16.  -0.90997282E-03   0.92085306E-03   0.70273186E-02   0.00000000E+00
 10.   17.  -0.10226363E-02   0.10226363E-02   0.19125132E-10   0.00000000E+00
 10.   18.  -0.92085306E-03   0.90997282E-03  -0.70273186E-02   0.00000000E+00
 10.   19.  -0.55159970E-03   0.73529620E-03  -0.12171673E-01   0.00000000E+00
 10.   20.  -0.26578940E-11   0.65526609E-03  -0.14054637E-01   0.00000000E+00
 10.   21.   0.55159970E-03   0.73529619E-03  -0.12171673E-01   0.00000000E+00
 10.   22.   0.92085306E-03   0.90997281E-03  -0.70273187E-02   0.00000000E+00
 10.   23.   0.10226363E-02   0.10226363E-02  -0.45962635E-10   0.00000000E+00
 10.   24.   0.90997282E-03   0.92085307E-03   0.70273186E-02   0.00000000E+00
 10.   25.   0.73529620E-03   0.55159971E-03   0.12171673E-01   0.00000000E+00
 10.   26.   0.65526609E-03   0.00000000E+00   0.14054637E-01   0.00000000E+00
 10.   27.   0.57406672E-03   0.00000000E+00   0.15000170E-01   0.00000000E+00
 10.   28.   0.35184282E-03   0.60776940E-03   0.12990529E-01   0.00000000E+00
 10.   29.  -0.18096742E-03   0.88751148E-03   0.75000852E-02   0.00000000E+00
 10.   30.  -0.70144503E-03   0.70144503E-03   0.20189263E-10   0.00000000E+00
 10.   31.  -0.88751148E-03   0.18096742E-03  -0.75000852E-02   0.00000000E+00
 10.   32.  -0.60776940E-03  -0.35184282E-03  -0.12990529E-01   0.00000000E+00
 10.   33.  -0.30634852E-11  -0.57406672E-03  -0.15000170E-01   0.00000000E+00
 10.   34.   0.60776940E-03  -0.35184283E-03  -0.12990529E-01   0.00000000E+00
 10.   35.   0.88751148E-03   0.18096741E-03  -0.75000852E-02   0.00000000E+00
 10.   36.   0.70144503E-03   0.70144503E-03  -0.49093928E-10   0.00000000E+00
 10.   37.   0.18096742E-03   0.88751148E-03   0.75000851E-02   0.00000000E+00
 10.   38.  -0.35184282E-03   0.60776940E-03   0.12990529E-01   0.00000000E+00
 10.   39.  -0.57406672E-03   0.00000000E+00   0.15000170E-01   0.00000000E+00
 10.   40.   0.16181379E-02   0.00000000E+00   0.24337878E-02   0.00000000E+00
 10.   41.   0.13384787E-02   0.41912447E-03   0.21077221E-02   0.00000000E+00
 10.   42.   0.65008160E-03   0.49216353E-03   0.12168939E-02   0.00000000E+00
 10.   43.  -0.82617465E-04   0.82617469E-04   0.28888807E-11   0.00000000E+00
 10.   44.  -0.49216353E-03  -0.65008160E-03  -0.12168939E-02   0.00000000E+00
 10.   45.  -0.41912447E-03  -0.13384787E-02  -0.21077221E-02   0.00000000E+00
 10.   46.  -0.22649877E-11  -0.16181379E-02  -0.24337878E-02   0.00000000E+00
 10.   47.   0.41912446E-03  -0.13384787E-02  -0.21077221E-02   0.00000000E+00
 10.   48.   0.49216353E-03  -0.65008161E-03  -0.12168939E-02   0.00000000E+00
 10.   49.   0.82617471E-04   0.82617463E-04  -0.74717484E-11   0.00000000E+00
 10.   50.  -0.65008159E-03   0.49216353E-03   0.12168939E-02   0.00000000E+00
 10.   51.  -0.13384787E-02   0.41912447E-03   0.21077221E-02   0.00000000E+00
 10.   52.  -0.16181379E-02   0.00000000E+00   0.24337878E-02   0.00000000E+00
 10.   53.   0.17583695E-02   0.00000000E+00  -0.16264402E-01   0.00000000E+00
 10.   54.   0.15461408E-02   0.11334292E-03  -0.14085385E-01   0.00000000E+00
 10.   55.   0.10131411E-02   0.35576200E-05  -0.81322010E-02   0.00000000E+00
 10.   56.   0.41109751E-03  -0.41109751E-03  -0.22993664E-10   0.00000000E+00
 10.   57.  -0.35576189E-05  -0.10131411E-02   0.81322010E-02   0.00000000E+00
 10.   58.  -0.11334292E-03  -0.15461408E-02   0.14085385E-01   0.00000000E+00
 10.   59.  -0.79047339E-12  -0.17583695E-02   0.16264402E-01   0.00000000E+00
 10.   60.   0.11334292E-03  -0.15461408E-02   0.14085385E-01   0.00000000E+00
 10.   61.   0.35576214E-05  -0.10131411E-02   0.81322010E-02   0.00000000E+00
 10.   62.  -0.41109751E-03  -0.41109751E-03   0.54565504E-10   0.00000000E+00
 10.   63.  -0.10131411E-02   0.35576174E-05  -0.81322009E-02   0.00000000E+00
 10.   64.  -0.15461408E-02   0.11334292E-03  -0.14085385E-01   0.00000000E+00
 10.   65.  -0.17583695E-02   0.00000000E+00  -0.16264402E-01   0.00000000E+00
 10.   66.  -0.17583695E-02   0.00000000E+00  -0.16264402E-01   0.00000000E+00
 10.   67.  -0.15461408E-02  -0.11334292E-03  -0.14085385E-01   0.00000000E+00
 10.   68.  -0.10131411E-02  -0.35576200E-05  -0.81322010E-02   0.00000000E+00
 10.   69.  -0.41109751E-03   0.41109751E-03  -0.22994313E-10   0.00000000E+00
 10.   70.   0.35576189E-05   0.10131411E-02   0.81322010E-02   0.00000000E+00
 10.   71.   0.11334292E-03   0.15461408E-02   0.14085385E-01   0.00000000E+00
 10.   72.   0.90914356E-12   0.17583695E-02   0.16264402E-01   0.00000000E+00
 10.   73.  -0.11334292E-03   0.15461408E-02   0.14085385E-01   0.00000000E+00
 10.   74.  -0.35576214E-05   0.10131411E-02   0.81322010E-02   0.00000000E+00
 10.   75.   0.41109751E-03   0.41109751E-03   0.54568970E-10   0.00000000E+00
 10.   76.   0.10131411E-02  -0.35576174E-05  -0.81322009E-02   0.00000000E+00
 10.   77.   0.15461408E-02  -0.11334292E-03  -0.14085385E-01   0.00000000E+00
 10.   78.   0.17583695E-02   0.00000000E+00  -0.16264402E-01   0.00000000E+00
 11.    1.   0.24859172E-02   0.00000000E+00   0.28259152E-01   0.00000000E+00
 11.    2.   0.24012116E-02   0.64340271E-03   0.28259152E-01   0.00000000E+00
 11.    3.   0.21528674E-02   0.12429586E-02   0.28259152E-01   0.00000000E+00
 11.    4.   0.17578089E-02   0.17578089E-02   0.28259152E-01   0.00000000E+00
 11.    5.   0.12429586E-02   0.21528674E-02   0.28259152E-01   0.00000000E+00
 11.    6.   0.64340272E-03   0.24012116E-02   0.28259152E-01   0.00000000E+00
 11.    7.   0.30467391E-11   0.24859172E-02   0.28259152E-01   0.00000000E+00
 11.    8.  -0.64340271E-03   0.24012116E-02   0.28259152E-01   0.00000000E+00
 11.    9.  -0.12429586E-02   0.21528674E-02   0.28259152E-01   0.00000000E+00
 11.   10.  -0.17578089E-02   0.17578089E-02   0.28259152E-01   0.00000000E+00
 11.   11.  -0.21528674E-02   0.12429586E-02   0.28259152E-01   0.00000000E+00
 11.   12.  -0.24012116E-02   0.64340272E-03   0.28259152E-01   0.00000000E+00
 11.   13.  -0.24859172E-02   0.00000000E+00   0.28259152E-01   0.00000000E+00
 11.   14.   0.19901039E-02   0.00000000E+00   0.38040478E-02   0.00000000E+00
 11.   15.   0.19222928E-02   0.51507679E-03   0.38040478E-02   0.00000000E+00
 11.   16.   0.17234805E-02   0.99505195E-03   0.38040478E-02   0.00000000E+00
 11.   17.   0.14072160E-02   0.14072160E-02   0.38040478E-02   0.00000000E+00
 11.   18.   0.99505195E-03   0.17234805E-02   0.38040478E-02   0.00000000E+00
 11.   19.   0.51507679E-03   0.19222928E-02   0.38040478E-02   0.00000000E+00
 11.   20.   0.25245723E-11   0.19901039E-02   0.38040478E-02   0.00000000E+00
 11.   21.  -0.51507679E-03   0.19222928E-02   0.38040478E-02   0.00000000E+00
 11.   22.  -0.99505195E-03   0.17234805E-02   0.38040478E-02   0.00000000E+00
 11.   23.  -0.14072160E-02   0.14072160E-02   0.38040478E-02   0.00000000E+00
 11.   24.  -0.17234805E-02   0.99505195E-03   0.38040478E-02   0.00000000E+00
 11.   25.  -0.19222928E-02   0.51507680E-03   0.38040478E-02   0.00000000E+00
 11.   26.  -0.19901039E-02   0.00000000E+00   0.38040478E-02   0.00000000E+00
 11.   27.   0.33763434E-03   0.00000000E+00  -0.96785295E-02   0.00000000E+00
 11.   28.   0.32612973E-03   0.87386197E-04  -0.96785295E-02   0.00000000E+00
 11.   29.   0.29239991E-03   0.16881717E-03  -0.96785295E-02   0.00000000E+00
 11.   30.   0.23874353E-03   0.23874353E-03  -0.96785295E-02   0.00000000E+00
 11.   31.   0.16881717E-03   0.29239991E-03  -0.96785295E-02   0.00000000E+00
 11.   32.   0.87386197E-04   0.32612973E-03  -0.96785295E-02   0.00000000E+00
 11.   33.   0.50305457E-12   0.33763434E-03  -0.96785295E-02   0.00000000E+00
 11.   34.  -0.87386196E-04   0.32612973E-03  -0.96785295E-02   0.00000000E+00
 11.   35.  -0.16881717E-03   0.29239991E-03  -0.96785295E-02   0.00000000E+00
 11.   36.  -0.23874353E-03   0.23874353E-03  -0.96785295E-02   0.00000000E+00
 11.   37.  -0.29239991E-03   0.16881717E-03  -0.96785295E-02   0.00000000E+00
 11.   38.  -0.32612973E-03   0.87386198E-04  -0.96785295E-02   0.00000000E+00
 11.   39.  -0.33763434E-03   0.00000000E+00  -0.96785295E-02   0.00000000E+00
 11.   40.  -0.12749530E-02   0.00000000E+00  -0.36804734E-02   0.00000000E+00
 11.   41.  -0.12315100E-02  -0.32998212E-03  -0.36804734E-02   0.00000000E+00
 11.   42.  -0.11041417E-02  -0.63747650E-03  -0.36804734E-02   0.00000000E+00
 11.   43.  -0.90152792E-03  -0.90152792E-03  -0.36804734E-02   0.00000000E+00
 11.   44.  -0.63747650E-03  -0.11041417E-02  -0.36804734E-02   0.00000000E+00
 11.   45.  -0.32998212E-03  -0.12315100E-02  -0.36804734E-02   0.00000000E+00
 11.   46.  -0.16019527E-11  -0.12749530E-02  -0.36804734E-02   0.00000000E+00
 11.   47.   0.32998212E-03  -0.12315100E-02  -0.36804734E-02   0.00000000E+00
 11.   48.   0.63747650E-03  -0.11041417E-02  -0.36804734E-02   0.00000000E+00
 11.   49.   0.90152792E-03  -0.90152792E-03  -0.36804734E-02   0.00000000E+00
 11.   50.   0.11041417E-02  -0.63747651E-03  -0.36804734E-02   0.00000000E+00
 11.   51.   0.12315100E-02  -0.32998212E-03  -0.36804734E-02   0.00000000E+00
 11.   52.   0.12749530E-02   0.00000000E+00  -0.36804734E-02   0.00000000E+00
 11.   53.  -0.15675940E-02   0.00000000E+00   0.12607912E-01   0.00000000E+00
 11.   54.  -0.15141796E-02  -0.40572319E-03   0.12607912E-01   0.00000000E+00
 11.   55.  -0.13575763E-02  -0.78379702E-03   0.12607912E-01   0.00000000E+00
 11.   56.  -0.11084564E-02  -0.11084564E-02   0.12607912E-01   0.00000000E+00
 11.   57.  -0.78379702E-03  -0.13575763E-02   0.12607912E-01   0.00000000E+00
 11.   58.  -0.40572319E-03  -0.15141796E-02   0.12607912E-01   0.00000000E+00
 11.   59.  -0.23468102E-11  -0.15675940E-02   0.12607912E-01   0.00000000E+00
 11.   60.   0.40572319E-03  -0.15141796E-02   0.12607912E-01   0.00000000E+00
 11.   61.   0.78379701E-03  -0.13575763E-02   0.12607912E-01   0.00000000E+00
 11.   62.   0.11084564E-02  -0.11084564E-02   0.12607912E-01   0.00000000E+00
 11.   63.   0.13575763E-02  -0.78379702E-03   0.12607912E-01   0.00000000E+00
 11.   64.   0.15141796E-02  -0.40572319E-03   0.12607912E-01   0.00000000E+00
 11.   65.   0.15675940E-02   0.00000000E+00   0.12607912E-01   0.00000000E+00
 11.   66.   0.15675940E-02   0.00000000E+00   0.12607912E-01   0.00000000E+00
 11.   67.   0.15141796E-02   0.40572319E-03   0.12607912E-01   0.00000000E+00
 11.   68.   0.13575763E-02   0.78379702E-03   0.12607912E-01   0.00000000E+00
 11.   69.   0.11084564E-02   0.11084564E-02   0.12607912E-01   0.00000000E+00
 11.   70.   0.78379702E-03   0.13575763E-02   0.12607912E-01   0.00000000E+00
 11.   71.   0.40572319E-03   0.15141796E-02   0.12607912E-01   0.00000000E+00
 11.   72.   0.15769424E-11   0.15675940E-02   0.12607912E-01   0.00000000E+00
 11.   73.  -0.40572319E-03   0.15141796E-02   0.12607912E-01   0.00000000E+00
 11.   74.  -0.78379701E-03   0.13575763E-02   0.12607912E-01   0.00000000E+00
 11.   75.  -0.11084564E-02   0.11084564E-02   0.12607912E-01   0.00000000E+00
 11.   76.  -0.13575763E-02   0.78379702E-03   0.12607912E-01   0.00000000E+00
 11.   77.  -0.15141796E-02   0.40572319E-03   0.12607912E-01   0.00000000E+00
 11.   78.  -0.15675940E-02   0.00000000E+00   0.12607912E-01   0.00000000E+00
 12.    1.  -0.27853376E-05   0.00000000E+00   0.24041741E-05   0.00000000E+00
 12.    2.  -0.71749630E-06   0.26777328E-05   0.38454439E-12   0.00000000E+00
 12.    3.   0.24121732E-05   0.13926688E-05  -0.24041733E-05   0.00000000E+00
 12.    4.   0.19602365E-05  -0.19602365E-05   0.29604249E-12   0.00000000E+00
 12.    5.  -0.13926688E-05  -0.24121732E-05   0.24041739E-05   0.00000000E+00
 12.    6.  -0.26777328E-05   0.71749632E-06   0.25060137E-12   0.00000000E+00
 12.    7.  -0.44670006E-13   0.27853377E-05  -0.24041735E-05   0.00000000E+00
 12.    8.   0.26777327E-05   0.71749634E-06   0.97412596E-13   0.00000000E+00
 12.    9.   0.13926688E-05  -0.24121732E-05   0.24041737E-05   0.00000000E+00
 12.   10.  -0.19602365E-05  -0.19602365E-05  -0.13089694E-12   0.00000000E+00
 12.   11.  -0.24121732E-05   0.13926688E-05  -0.24041739E-05   0.00000000E+00
 12.   12.   0.71749627E-06   0.26777328E-05  -0.39430851E-12   0.00000000E+00
 12.   13.   0.27853376E-05   0.00000000E+00   0.24041733E-05   0.00000000E+00
 12.   14.  -0.79639265E-04   0.00000000E+00   0.28104382E-03   0.00000000E+00
 12.   15.  -0.22419853E-04   0.83672029E-04   0.28426568E-12   0.00000000E+00
 12.   16.   0.68969626E-04   0.39819632E-04  -0.28104382E-03   0.00000000E+00
 12.   17.   0.61252177E-04  -0.61252176E-04  -0.10869582E-11   0.00000000E+00
 12.   18.  -0.39819632E-04  -0.68969627E-04   0.28104382E-03   0.00000000E+00
 12.   19.  -0.83672029E-04   0.22419852E-04   0.14885371E-11   0.00000000E+00
 12.   20.  -0.52405042E-12   0.79639265E-04  -0.28104381E-03   0.00000000E+00
 12.   21.   0.83672029E-04   0.22419853E-04  -0.24374175E-11   0.00000000E+00
 12.   22.   0.39819633E-04  -0.68969626E-04   0.28104382E-03   0.00000000E+00
 12.   23.  -0.61252176E-04  -0.61252177E-04   0.26829690E-11   0.00000000E+00
 12.   24.  -0.68969627E-04   0.39819632E-04  -0.28104382E-03   0.00000000E+00
 12.   25.   0.22419852E-04   0.83672029E-04  -0.42209212E-11   0.00000000E+00
 12.   26.   0.79639265E-04   0.00000000E+00   0.28104381E-03   0.00000000E+00
 12.   27.  -0.45420358E-03   0.00000000E+00   0.28402308E-02   0.00000000E+00
 12.   28.  -0.14574831E-03   0.54394010E-03   0.19850380E-11   0.00000000E+00
 12.   29.   0.39335184E-03   0.22710179E-03  -0.28402308E-02   0.00000000E+00
 12.   30.   0.39819179E-03  -0.39819179E-03  -0.11813903E-10   0.00000000E+00
 12.   31.  -0.22710179E-03  -0.39335184E-03   0.28402308E-02   0.00000000E+00
 12.   32.  -0.54394010E-03   0.14574831E-03   0.13398244E-10   0.00000000E+00
 12.   33.  -0.34475213E-11   0.45420358E-03  -0.28402308E-02   0.00000000E+00
 12.   34.   0.54394010E-03   0.14574831E-03  -0.25861090E-10   0.00000000E+00
 12.   35.   0.22710179E-03  -0.39335184E-03   0.28402308E-02   0.00000000E+00
 12.   36.  -0.39819179E-03  -0.39819179E-03   0.27991143E-10   0.00000000E+00
 12.   37.  -0.39335184E-03   0.22710178E-03  -0.28402308E-02   0.00000000E+00
 12.   38.   0.14574831E-03   0.54394010E-03  -0.37696973E-10   0.00000000E+00
 12.   39.   0.45420358E-03   0.00000000E+00   0.28402308E-02   0.00000000E+00
 12.   40.  -0.10412036E-02   0.00000000E+00   0.10916474E-01   0.00000000E+00
 12.   41.  -0.41329391E-03   0.15424339E-02   0.78501341E-11   0.00000000E+00
 12.   42.   0.90170879E-03   0.52060182E-03  -0.10916474E-01   0.00000000E+00
 12.   43.   0.11291399E-02  -0.11291399E-02  -0.44729575E-10   0.00000000E+00
 12.   44.  -0.52060181E-03  -0.90170880E-03   0.10916474E-01   0.00000000E+00
 12.   45.  -0.15424339E-02   0.41329390E-03   0.51548118E-10   0.00000000E+00
 12.   46.  -0.10089294E-10   0.10412036E-02  -0.10916474E-01   0.00000000E+00
 12.   47.   0.15424338E-02   0.41329391E-03  -0.10017480E-09   0.00000000E+00
 12.   48.   0.52060183E-03  -0.90170879E-03   0.10916474E-01   0.00000000E+00
 12.   49.  -0.11291399E-02  -0.11291400E-02   0.10709041E-09   0.00000000E+00
 12.   50.  -0.90170880E-03   0.52060180E-03  -0.10916474E-01   0.00000000E+00
 12.   51.   0.41329389E-03   0.15424339E-02  -0.14387547E-09   0.00000000E+00
 12.   52.   0.10412036E-02   0.00000000E+00   0.10916474E-01   0.00000000E+00
 12.   53.  -0.16708818E-02   0.00000000E+00   0.25110034E-01   0.00000000E+00
 12.   54.  -0.72256587E-03   0.26966525E-02   0.17840844E-10   0.00000000E+00
 12.   55.   0.14470261E-02   0.83544093E-03  -0.25110034E-01   0.00000000E+00
 12.   56.   0.19740867E-02  -0.19740867E-02  -0.10289303E-09   0.00000000E+00
 12.   57.  -0.83544091E-03  -0.14470261E-02   0.25110034E-01   0.00000000E+00
 12.   58.  -0.26966525E-02   0.72256587E-03   0.11857152E-09   0.00000000E+00
 12.   59.  -0.17822583E-10   0.16708818E-02  -0.25110034E-01   0.00000000E+00
 12.   60.   0.26966525E-02   0.72256588E-03  -0.23063126E-09   0.00000000E+00
 12.   61.   0.83544094E-03  -0.14470261E-02   0.25110034E-01   0.00000000E+00
 12.   62.  -0.19740867E-02  -0.19740867E-02   0.24581253E-09   0.00000000E+00
 12.   63.  -0.14470261E-02   0.83544090E-03  -0.25110034E-01   0.00000000E+00
 12.   64.   0.72256586E-03   0.26966525E-02  -0.33099526E-09   0.00000000E+00
 12.   65.   0.16708818E-02   0.00000000E+00   0.25110034E-01   0.00000000E+00
 12.   66.   0.16708818E-02   0.00000000E+00   0.25110034E-01   0.00000000E+00
 12.   67.   0.72256587E-03  -0.26966525E-02   0.17841556E-10   0.00000000E+00
 12.   68.  -0.14470261E-02  -0.83544093E-03  -0.25110034E-01   0.00000000E+00
 12.   69.  -0.19740867E-02   0.19740867E-02  -0.10289569E-09   0.00000000E+00
 12.   70.   0.83544091E-03   0.14470261E-02   0.25110034E-01   0.00000000E+00
 12.   71.   0.26966525E-02  -0.72256587E-03   0.11857096E-09   0.00000000E+00
 12.   72.   0.17826276E-10  -0.16708818E-02  -0.25110034E-01   0.00000000E+00
 12.   73.  -0.26966525E-02  -0.72256588E-03  -0.23063081E-09   0.00000000E+00
 12.   74.  -0.83544094E-03   0.14470261E-02   0.25110034E-01   0.00000000E+00
 12.   75.   0.19740867E-02   0.19740867E-02   0.24581154E-09   0.00000000E+00
 12.   76.   0.14470261E-02  -0.83544090E-03  -0.25110034E-01   0.00000000E+00
 12.   77.  -0.72256586E-03  -0.26966525E-02  -0.33099575E-09   0.00000000E+00
 12.   78.  -0.16708818E-02   0.00000000E+00   0.25110034E-01   0.00000000E+00
 13.    1.  -0.33197548E-03   0.00000000E+00   0.10899487E-02   0.00000000E+00
 13.    2.  -0.30487653E-03   0.23084084E-03   0.77071009E-03   0.00000000E+00
 13.    3.  -0.21346350E-03   0.36972963E-03   0.54481425E-12   0.00000000E+00
 13.    4.  -0.47475762E-04   0.37945124E-03  -0.77071009E-03   0.00000000E+00
 13.    5.   0.16598774E-03   0.28749920E-03  -0.10899487E-02   0.00000000E+00
 13.    6.   0.35235229E-03   0.14861041E-03  -0.77071009E-03   0.00000000E+00
 13.    7.   0.42692700E-03   0.67097906E-12  -0.37560851E-11   0.00000000E+00
 13.    8.   0.35235230E-03  -0.14861040E-03   0.77071008E-03   0.00000000E+00
 13.    9.   0.16598774E-03  -0.28749920E-03   0.10899487E-02   0.00000000E+00
 13.   10.  -0.47475760E-04  -0.37945124E-03   0.77071009E-03   0.00000000E+00
 13.   11.  -0.21346350E-03  -0.36972963E-03   0.71749443E-11   0.00000000E+00
 13.   12.  -0.30487653E-03  -0.23084084E-03  -0.77071008E-03   0.00000000E+00
 13.   13.  -0.33197548E-03   0.00000000E+00  -0.10899487E-02   0.00000000E+00
 13.   14.  -0.64247152E-03   0.00000000E+00   0.67477774E-02   0.00000000E+00
 13.   15.  -0.62873954E-03   0.59122309E-03   0.47713991E-02   0.00000000E+00
 13.   16.  -0.51888020E-03   0.89872687E-03   0.33867428E-11   0.00000000E+00
 13.   17.  -0.19764445E-03   0.84011596E-03  -0.47713991E-02   0.00000000E+00
 13.   18.   0.32123576E-03   0.55639666E-03  -0.67477774E-02   0.00000000E+00
 13.   19.   0.82638399E-03   0.24889287E-03  -0.47713991E-02   0.00000000E+00
 13.   20.   0.10377604E-02   0.10699426E-11  -0.23865896E-10   0.00000000E+00
 13.   21.   0.82638399E-03  -0.24889287E-03   0.47713991E-02   0.00000000E+00
 13.   22.   0.32123576E-03  -0.55639665E-03   0.67477774E-02   0.00000000E+00
 13.   23.  -0.19764444E-03  -0.84011596E-03   0.47713992E-02   0.00000000E+00
 13.   24.  -0.51888020E-03  -0.89872687E-03   0.43651517E-10   0.00000000E+00
 13.   25.  -0.62873954E-03  -0.59122309E-03  -0.47713991E-02   0.00000000E+00
 13.   26.  -0.64247152E-03   0.00000000E+00  -0.67477774E-02   0.00000000E+00
 13.   27.   0.78456940E-04   0.00000000E+00   0.10845673E-01   0.00000000E+00
 13.   28.  -0.14263958E-03   0.74668650E-03   0.76690489E-02   0.00000000E+00
 13.   29.  -0.53610122E-03   0.92855455E-03   0.56691354E-11   0.00000000E+00
 13.   30.  -0.57532969E-03   0.49687275E-03  -0.76690488E-02   0.00000000E+00
 13.   31.  -0.39228472E-04  -0.67945702E-04  -0.10845673E-01   0.00000000E+00
 13.   32.   0.71796926E-03  -0.24981375E-03  -0.76690489E-02   0.00000000E+00
 13.   33.   0.10722024E-02  -0.15369822E-11  -0.38324170E-10   0.00000000E+00
 13.   34.   0.71796927E-03   0.24981375E-03   0.76690488E-02   0.00000000E+00
 13.   35.  -0.39228466E-04   0.67945706E-04   0.10845673E-01   0.00000000E+00
 13.   36.  -0.57532969E-03  -0.49687274E-03   0.76690489E-02   0.00000000E+00
 13.   37.  -0.53610122E-03  -0.92855454E-03   0.69854705E-10   0.00000000E+00
 13.   38.  -0.14263958E-03  -0.74668650E-03  -0.76690488E-02   0.00000000E+00
 13.   39.   0.78456940E-04   0.00000000E+00  -0.10845673E-01   0.00000000E+00
 13.   40.   0.11850206E-02   0.00000000E+00   0.35641729E-02   0.00000000E+00
 13.   41.   0.76219140E-03   0.39299956E-03   0.25202508E-02   0.00000000E+00
 13.   42.  -0.12893298E-03   0.22331848E-03   0.19453555E-11   0.00000000E+00
 13.   43.  -0.72144330E-03  -0.46357733E-03  -0.25202508E-02   0.00000000E+00
 13.   44.  -0.59251032E-03  -0.10262580E-02  -0.35641729E-02   0.00000000E+00
 13.   45.  -0.40748097E-04  -0.85657690E-03  -0.25202508E-02   0.00000000E+00
 13.   46.   0.25786597E-03  -0.45198919E-11  -0.12473087E-10   0.00000000E+00
 13.   47.  -0.40748093E-04   0.85657689E-03   0.25202508E-02   0.00000000E+00
 13.   48.  -0.59251032E-03   0.10262580E-02   0.35641729E-02   0.00000000E+00
 13.   49.  -0.72144331E-03   0.46357734E-03   0.25202508E-02   0.00000000E+00
 13.   50.  -0.12893299E-03  -0.22331848E-03   0.22984692E-10   0.00000000E+00
 13.   51.   0.76219139E-03  -0.39299956E-03  -0.25202508E-02   0.00000000E+00
 13.   52.   0.11850206E-02   0.00000000E+00  -0.35641729E-02   0.00000000E+00
 13.   53.   0.14141674E-02   0.00000000E+00  -0.11102797E-01   0.00000000E+00
 13.   54.   0.10727072E-02  -0.13982074E-03  -0.78508634E-02   0.00000000E+00
 13.   55.   0.29181839E-03  -0.50544428E-03  -0.56365887E-11   0.00000000E+00
 13.   56.  -0.41526530E-03  -0.99890208E-03   0.78508633E-02   0.00000000E+00
 13.   57.  -0.70708369E-03  -0.12247049E-02   0.11102797E-01   0.00000000E+00
 13.   58.  -0.65744193E-03  -0.85908134E-03   0.78508634E-02   0.00000000E+00
 13.   59.  -0.58363678E-03  -0.43320575E-11   0.39497855E-10   0.00000000E+00
 13.   60.  -0.65744192E-03   0.85908133E-03  -0.78508633E-02   0.00000000E+00
 13.   61.  -0.70708369E-03   0.12247049E-02  -0.11102797E-01   0.00000000E+00
 13.   62.  -0.41526530E-03   0.99890208E-03  -0.78508634E-02   0.00000000E+00
 13.   63.   0.29181838E-03   0.50544428E-03  -0.71289986E-10   0.00000000E+00
 13.   64.   0.10727072E-02   0.13982074E-03   0.78508633E-02   0.00000000E+00
 13.   65.   0.14141674E-02   0.00000000E+00   0.11102797E-01   0.00000000E+00
 13.   66.  -0.14141674E-02   0.00000000E+00  -0.11102797E-01   0.00000000E+00
 13.   67.  -0.10727072E-02   0.13982074E-03  -0.78508634E-02   0.00000000E+00
 13.   68.  -0.29181839E-03   0.50544428E-03  -0.56378347E-11   0.00000000E+00
 13.   69.   0.41526530E-03   0.99890208E-03   0.78508633E-02   0.00000000E+00
 13.   70.   0.70708369E-03   0.12247049E-02   0.11102797E-01   0.00000000E+00
 13.   71.   0.65744193E-03   0.85908134E-03   0.78508634E-02   0.00000000E+00
 13.   72.   0.58363678E-03   0.43299294E-11   0.39494024E-10   0.00000000E+00
 13.   73.   0.65744192E-03  -0.85908133E-03  -0.78508633E-02   0.00000000E+00
 13.   74.   0.70708369E-03  -0.12247049E-02  -0.11102797E-01   0.00000000E+00
 13.   75.   0.41526530E-03  -0.99890208E-03  -0.78508634E-02   0.00000000E+00
 13.   76.  -0.29181838E-03  -0.50544428E-03  -0.71292706E-10   0.00000000E+00
 13.   77.  -0.10727072E-02  -0.13982074E-03   0.78508633E-02   0.00000000E+00
 13.   78.  -0.14141674E-02   0.00000000E+00   0.11102797E-01   0.00000000E+00
 14.    1.   0.63603114E-03   0.00000000E+00   0.16085665E-01   0.00000000E+00
 14.    2.   0.48451104E-03   0.56548072E-03   0.15537559E-01   0.00000000E+00
 14.    3.   0.70550420E-04   0.97944134E-03   0.13930594E-01   0.00000000E+00
 14.    4.  -0.49493030E-03   0.11309614E-02   0.11374283E-01   0.00000000E+00
 14.    5.  -0.10604110E-02   0.97944134E-03   0.80428325E-02   0.00000000E+00
 14.    6.  -0.14743716E-02   0.56548072E-03   0.41632765E-02   0.00000000E+00
 14.    7.  -0.16258917E-02   0.26586245E-11   0.19298771E-10   0.00000000E+00
 14.    8.  -0.14743716E-02  -0.56548072E-03  -0.41632764E-02   0.00000000E+00
 14.    9.  -0.10604110E-02  -0.97944134E-03  -0.80428325E-02   0.00000000E+00
 14.   10.  -0.49493031E-03  -0.11309614E-02  -0.11374283E-01   0.00000000E+00
 14.   11.   0.70550415E-04  -0.97944134E-03  -0.13930594E-01   0.00000000E+00
 14.   12.   0.48451104E-03  -0.56548073E-03  -0.15537559E-01   0.00000000E+00
 14.   13.   0.63603114E-03   0.00000000E+00  -0.16085665E-01   0.00000000E+00
 14.   14.   0.12122566E-02   0.00000000E+00   0.70518387E-02   0.00000000E+00
 14.   15.   0.11068020E-02   0.39356218E-03   0.68115532E-02   0.00000000E+00
 14.   16.   0.81869447E-03   0.68166968E-03   0.61070715E-02   0.00000000E+00
 14.   17.   0.42513229E-03   0.78712435E-03   0.49864030E-02   0.00000000E+00
 14.   18.   0.31570118E-04   0.68166968E-03   0.35259194E-02   0.00000000E+00
 14.   19.  -0.25653739E-03   0.39356218E-03   0.18251502E-02   0.00000000E+00
 14.   20.  -0.36199206E-03   0.18143496E-11   0.81009468E-11   0.00000000E+00
 14.   21.  -0.25653739E-03  -0.39356217E-03  -0.18251502E-02   0.00000000E+00
 14.   22.   0.31570115E-04  -0.68166968E-03  -0.35259194E-02   0.00000000E+00
 14.   23.   0.42513229E-03  -0.78712435E-03  -0.49864030E-02   0.00000000E+00
 14.   24.   0.81869447E-03  -0.68166969E-03  -0.61070715E-02   0.00000000E+00
 14.   25.   0.11068020E-02  -0.39356218E-03  -0.68115532E-02   0.00000000E+00
 14.   26.   0.12122566E-02   0.00000000E+00  -0.70518387E-02   0.00000000E+00
 14.   27.   0.66070154E-03   0.00000000E+00  -0.48793939E-02   0.00000000E+00
 14.   28.   0.62719199E-03   0.12505936E-03  -0.47131326E-02   0.00000000E+00
 14.   29.   0.53564218E-03   0.21660917E-03  -0.42256791E-02   0.00000000E+00
 14.   30.   0.41058281E-03   0.25011873E-03  -0.34502525E-02   0.00000000E+00
 14.   31.   0.28552345E-03   0.21660917E-03  -0.24396970E-02   0.00000000E+00
 14.   32.   0.19397364E-03   0.12505936E-03  -0.12628801E-02   0.00000000E+00
 14.   33.   0.16046409E-03   0.56095206E-12  -0.57073009E-11   0.00000000E+00
 14.   34.   0.19397364E-03  -0.12505936E-03   0.12628801E-02   0.00000000E+00
 14.   35.   0.28552345E-03  -0.21660917E-03   0.24396969E-02   0.00000000E+00
 14.   36.   0.41058281E-03  -0.25011873E-03   0.34502525E-02   0.00000000E+00
 14.   37.   0.53564218E-03  -0.21660917E-03   0.42256791E-02   0.00000000E+00
 14.   38.   0.62719198E-03  -0.12505936E-03   0.47131326E-02   0.00000000E+00
 14.   39.   0.66070154E-03   0.00000000E+00   0.48793939E-02   0.00000000E+00
 14.   40.  -0.81183500E-03   0.00000000E+00  -0.37375374E-02   0.00000000E+00
 14.   41.  -0.75141715E-03  -0.22548249E-03  -0.36101839E-02   0.00000000E+00
 14.   42.  -0.58635251E-03  -0.39054713E-03  -0.32368023E-02   0.00000000E+00
 14.   43.  -0.36087002E-03  -0.45096499E-03  -0.26428380E-02   0.00000000E+00
 14.   44.  -0.13538752E-03  -0.39054714E-03  -0.18687687E-02   0.00000000E+00
 14.   45.   0.29677119E-04  -0.22548249E-03  -0.96734586E-03   0.00000000E+00
 14.   46.   0.90094972E-04  -0.11215090E-11  -0.45875657E-11   0.00000000E+00
 14.   47.   0.29677120E-04   0.22548249E-03   0.96734585E-03   0.00000000E+00
 14.   48.  -0.13538752E-03   0.39054713E-03   0.18687687E-02   0.00000000E+00
 14.   49.  -0.36087001E-03   0.45096499E-03   0.26428380E-02   0.00000000E+00
 14.   50.  -0.58635251E-03   0.39054714E-03   0.32368023E-02   0.00000000E+00
 14.   51.  -0.75141715E-03   0.22548250E-03   0.36101839E-02   0.00000000E+00
 14.   52.  -0.81183500E-03   0.00000000E+00   0.37375374E-02   0.00000000E+00
 14.   53.  -0.11857371E-02   0.00000000E+00   0.81243621E-02   0.00000000E+00
 14.   54.  -0.11156758E-02  -0.26147248E-03   0.78475312E-02   0.00000000E+00
 14.   55.  -0.92426464E-03  -0.45288361E-03   0.70359040E-02   0.00000000E+00
 14.   56.  -0.66279217E-03  -0.52294495E-03   0.57447916E-02   0.00000000E+00
 14.   57.  -0.40131969E-03  -0.45288361E-03   0.40621811E-02   0.00000000E+00
 14.   58.  -0.20990855E-03  -0.26147248E-03   0.21027397E-02   0.00000000E+00
 14.   59.  -0.13984721E-03  -0.15407421E-11   0.10549413E-10   0.00000000E+00
 14.   60.  -0.20990855E-03   0.26147247E-03  -0.21027396E-02   0.00000000E+00
 14.   61.  -0.40131969E-03   0.45288361E-03  -0.40621810E-02   0.00000000E+00
 14.   62.  -0.66279216E-03   0.52294495E-03  -0.57447915E-02   0.00000000E+00
 14.   63.  -0.92426464E-03   0.45288361E-03  -0.70359040E-02   0.00000000E+00
 14.   64.  -0.11156758E-02   0.26147248E-03  -0.78475312E-02   0.00000000E+00
 14.   65.  -0.11857371E-02   0.00000000E+00  -0.81243621E-02   0.00000000E+00
 14.   66.   0.11857371E-02   0.00000000E+00   0.81243621E-02   0.00000000E+00
 14.   67.   0.11156758E-02   0.26147248E-03   0.78475312E-02   0.00000000E+00
 14.   68.   0.92426464E-03   0.45288361E-03   0.70359040E-02   0.00000000E+00
 14.   69.   0.66279217E-03   0.52294495E-03   0.57447916E-02   0.00000000E+00
 14.   70.   0.40131969E-03   0.45288361E-03   0.40621811E-02   0.00000000E+00
 14.   71.   0.20990855E-03   0.26147248E-03   0.21027397E-02   0.00000000E+00
 14.   72.   0.13984721E-03   0.12954168E-11   0.10543900E-10   0.00000000E+00
 14.   73.   0.20990855E-03  -0.26147247E-03  -0.21027396E-02   0.00000000E+00
 14.   74.   0.40131969E-03  -0.45288361E-03  -0.40621810E-02   0.00000000E+00
 14.   75.   0.66279216E-03  -0.52294495E-03  -0.57447915E-02   0.00000000E+00
 14.   76.   0.92426464E-03  -0.45288361E-03  -0.70359040E-02   0.00000000E+00
 14.   77.   0.11156758E-02  -0.26147248E-03  -0.78475312E-02   0.00000000E+00
 14.   78.   0.11857371E-02   0.00000000E+00  -0.81243621E-02   0.00000000E+00
 15.    1.  -0.56959407E-06   0.00000000E+00   0.37780009E-06   0.00000000E+00
 15.    2.   0.12675164E-08   0.56486493E-06  -0.97781498E-07   0.00000000E+00
 15.    3.   0.56832728E-06   0.21949826E-08  -0.32718410E-06   0.00000000E+00
 15.    4.  -0.25343995E-08  -0.56705988E-06   0.26714466E-06   0.00000000E+00
 15.    5.  -0.56579248E-06  -0.21950339E-08   0.18889980E-06   0.00000000E+00
 15.    6.   0.12673729E-08   0.56925473E-06  -0.36492636E-06   0.00000000E+00
 15.    7.   0.56452546E-06   0.18435167E-13   0.54126209E-12   0.00000000E+00
 15.    8.   0.12673111E-08  -0.56925474E-06   0.36492744E-06   0.00000000E+00
 15.    9.  -0.56579262E-06   0.21950319E-08  -0.18889866E-06   0.00000000E+00
 15.   10.  -0.25345910E-08   0.56705985E-06  -0.26714359E-06   0.00000000E+00
 15.   11.   0.56832704E-06  -0.21950088E-08   0.32718511E-06   0.00000000E+00
 15.   12.   0.12672311E-08  -0.56486494E-06   0.97782500E-07   0.00000000E+00
 15.   13.  -0.56959436E-06   0.00000000E+00  -0.37779908E-06   0.00000000E+00
 15.   14.  -0.34045714E-04   0.00000000E+00   0.10354016E-03   0.00000000E+00
 15.   15.  -0.76579595E-06   0.36903704E-04  -0.26798166E-04   0.00000000E+00
 15.   16.   0.34811510E-04  -0.13263977E-05  -0.89668408E-04   0.00000000E+00
 15.   17.   0.15315922E-05  -0.35577306E-04   0.73213947E-04   0.00000000E+00
 15.   18.  -0.36343102E-04   0.13263972E-05   0.51770080E-04   0.00000000E+00
 15.   19.  -0.76579632E-06   0.34250908E-04  -0.10001211E-03   0.00000000E+00
 15.   20.   0.37108898E-04   0.18959756E-12  -0.10360826E-11   0.00000000E+00
 15.   21.  -0.76579571E-06  -0.34250908E-04   0.10001211E-03   0.00000000E+00
 15.   22.  -0.36343102E-04  -0.13263978E-05  -0.51770078E-04   0.00000000E+00
 15.   23.   0.15315917E-05   0.35577306E-04  -0.73213948E-04   0.00000000E+00
 15.   24.   0.34811510E-04   0.13263981E-05   0.89668407E-04   0.00000000E+00
 15.   25.  -0.76579564E-06  -0.36903704E-04   0.26798167E-04   0.00000000E+00
 15.   26.  -0.34045714E-04   0.00000000E+00  -0.10354016E-03   0.00000000E+00
 15.   27.  -0.28100570E-03   0.00000000E+00   0.15234194E-02   0.00000000E+00
 15.   28.  -0.17564120E-04   0.34655589E-03  -0.39428995E-03   0.00000000E+00
 15.   29.   0.29856982E-03  -0.30421948E-04  -0.13193199E-02   0.00000000E+00
 15.   30.   0.35128241E-04  -0.31613394E-03   0.10772202E-02   0.00000000E+00
 15.   31.  -0.33369806E-03   0.30421947E-04   0.76170970E-03   0.00000000E+00
 15.   32.  -0.17564122E-04   0.28571199E-03  -0.14715101E-02   0.00000000E+00
 15.   33.   0.35126218E-03   0.18381799E-11  -0.12919026E-10   0.00000000E+00
 15.   34.  -0.17564117E-04  -0.28571199E-03   0.14715101E-02   0.00000000E+00
 15.   35.  -0.33369806E-03  -0.30421951E-04  -0.76170968E-03   0.00000000E+00
 15.   36.   0.35128237E-04   0.31613394E-03  -0.10772202E-02   0.00000000E+00
 15.   37.   0.29856982E-03   0.30421952E-04   0.13193199E-02   0.00000000E+00
 15.   38.  -0.17564116E-04  -0.34655589E-03   0.39428997E-03   0.00000000E+00
 15.   39.  -0.28100570E-03   0.00000000E+00  -0.15234194E-02   0.00000000E+00
 15.   40.  -0.76967586E-03   0.00000000E+00   0.71499618E-02   0.00000000E+00
 15.   41.  -0.11173160E-03   0.11866639E-02  -0.18505463E-02   0.00000000E+00
 15.   42.   0.88140746E-03  -0.19352481E-03  -0.61920485E-02   0.00000000E+00
 15.   43.   0.22346320E-03  -0.99313906E-03   0.50557864E-02   0.00000000E+00
 15.   44.  -0.11048707E-02   0.19352480E-03   0.35749809E-02   0.00000000E+00
 15.   45.  -0.11173161E-03   0.79961425E-03  -0.69063327E-02   0.00000000E+00
 15.   46.   0.12166023E-02   0.47899469E-11  -0.59209811E-10   0.00000000E+00
 15.   47.  -0.11173159E-03  -0.79961425E-03   0.69063327E-02   0.00000000E+00
 15.   48.  -0.11048707E-02  -0.19352482E-03  -0.35749808E-02   0.00000000E+00
 15.   49.   0.22346319E-03   0.99313905E-03  -0.50557865E-02   0.00000000E+00
 15.   50.   0.88140746E-03   0.19352482E-03   0.61920485E-02   0.00000000E+00
 15.   51.  -0.11173159E-03  -0.11866639E-02   0.18505464E-02   0.00000000E+00
 15.   52.  -0.76967586E-03   0.00000000E+00  -0.71499618E-02   0.00000000E+00
 15.   53.  -0.13450034E-02   0.00000000E+00   0.18110309E-01   0.00000000E+00
 15.   54.  -0.24578094E-03   0.22622703E-02  -0.46872929E-02   0.00000000E+00
 15.   55.   0.15907843E-02  -0.42570507E-03  -0.15683988E-01   0.00000000E+00
 15.   56.   0.49156188E-03  -0.18365652E-02   0.12805922E-01   0.00000000E+00
 15.   57.  -0.20823462E-02   0.42570506E-03   0.90551547E-02   0.00000000E+00
 15.   58.  -0.24578095E-03   0.14108602E-02  -0.17493215E-01   0.00000000E+00
 15.   59.   0.23281271E-02   0.80842688E-11  -0.14830203E-09   0.00000000E+00
 15.   60.  -0.24578091E-03  -0.14108602E-02   0.17493215E-01   0.00000000E+00
 15.   61.  -0.20823462E-02  -0.42570508E-03  -0.90551544E-02   0.00000000E+00
 15.   62.   0.49156185E-03   0.18365652E-02  -0.12805923E-01   0.00000000E+00
 15.   63.   0.15907843E-02   0.42570510E-03   0.15683988E-01   0.00000000E+00
 15.   64.  -0.24578092E-03  -0.22622703E-02   0.46872932E-02   0.00000000E+00
 15.   65.  -0.13450034E-02   0.00000000E+00  -0.18110309E-01   0.00000000E+00
 15.   66.   0.13450034E-02   0.00000000E+00   0.18110309E-01   0.00000000E+00
 15.   67.   0.24578094E-03  -0.22622703E-02  -0.46872929E-02   0.00000000E+00
 15.   68.  -0.15907843E-02   0.42570507E-03  -0.15683988E-01   0.00000000E+00
 15.   69.  -0.49156188E-03   0.18365652E-02   0.12805922E-01   0.00000000E+00
 15.   70.   0.20823462E-02  -0.42570506E-03   0.90551547E-02   0.00000000E+00
 15.   71.   0.24578095E-03  -0.14108602E-02  -0.17493215E-01   0.00000000E+00
 15.   72.  -0.23281271E-02  -0.83102026E-11  -0.14829330E-09   0.00000000E+00
 15.   73.   0.24578091E-03   0.14108602E-02   0.17493215E-01   0.00000000E+00
 15.   74.   0.20823462E-02   0.42570508E-03  -0.90551544E-02   0.00000000E+00
 15.   75.  -0.49156185E-03  -0.18365652E-02  -0.12805923E-01   0.00000000E+00
 15.   76.  -0.15907843E-02  -0.42570510E-03   0.15683988E-01   0.00000000E+00
 15.   77.   0.24578092E-03   0.22622703E-02   0.46872932E-02   0.00000000E+00
 15.   78.   0.13450034E-02   0.00000000E+00  -0.18110309E-01   0.00000000E+00
 16.    1.  -0.11041341E-03   0.00000000E+00   0.22997975E-03   0.00000000E+00
 16.    2.  -0.82853231E-04   0.95910129E-04   0.11498987E-03   0.00000000E+00
 16.    3.  -0.92326216E-05   0.12640478E-03  -0.11498987E-03   0.00000000E+00
 16.    4.   0.78074074E-04   0.78074074E-04  -0.22997975E-03   0.00000000E+00
 16.    5.   0.12640478E-03  -0.92326211E-05  -0.11498988E-03   0.00000000E+00
 16.    6.   0.95910129E-04  -0.82853231E-04   0.11498987E-03   0.00000000E+00
 16.    7.   0.43517029E-12  -0.11041341E-03   0.22997974E-03   0.00000000E+00
 16.    8.  -0.95910128E-04  -0.82853231E-04   0.11498987E-03   0.00000000E+00
 16.    9.  -0.12640478E-03  -0.92326221E-05  -0.11498987E-03   0.00000000E+00
 16.   10.  -0.78074074E-04   0.78074074E-04  -0.22997975E-03   0.00000000E+00
 16.   11.   0.92326209E-05   0.12640478E-03  -0.11498988E-03   0.00000000E+00
 16.   12.   0.82853231E-04   0.95910129E-04   0.11498987E-03   0.00000000E+00
 16.   13.   0.11041342E-03   0.00000000E+00   0.22997975E-03   0.00000000E+00
 16.   14.  -0.46539496E-03   0.00000000E+00   0.32381415E-02   0.00000000E+00
 16.   15.  -0.37300366E-03   0.49299461E-03   0.16190708E-02   0.00000000E+00
 16.   16.  -0.84846408E-04   0.61235325E-03  -0.16190708E-02   0.00000000E+00
 16.   17.   0.32908393E-03   0.32908393E-03  -0.32381415E-02   0.00000000E+00
 16.   18.   0.61235325E-03  -0.84846407E-04  -0.16190708E-02   0.00000000E+00
 16.   19.   0.49299461E-03  -0.37300366E-03   0.16190708E-02   0.00000000E+00
 16.   20.   0.25628127E-11  -0.46539496E-03   0.32381415E-02   0.00000000E+00
 16.   21.  -0.49299460E-03  -0.37300367E-03   0.16190708E-02   0.00000000E+00
 16.   22.  -0.61235325E-03  -0.84846411E-04  -0.16190707E-02   0.00000000E+00
 16.   23.  -0.32908393E-03   0.32908393E-03  -0.32381415E-02   0.00000000E+00
 16.   24.   0.84846405E-04   0.61235325E-03  -0.16190708E-02   0.00000000E+00
 16.   25.   0.37300366E-03   0.49299461E-03   0.16190707E-02   0.00000000E+00
 16.   26.   0.46539496E-03   0.00000000E+00   0.32381415E-02   0.00000000E+00
 16.   27.  -0.15607252E-03   0.00000000E+00   0.77215706E-02   0.00000000E+00
 16.   28.  -0.30260740E-03   0.82783722E-03   0.38607853E-02   0.00000000E+00
 16.   29.  -0.37139357E-03   0.79934506E-03  -0.38607853E-02   0.00000000E+00
 16.   30.   0.11035994E-03   0.11035994E-03  -0.77215706E-02   0.00000000E+00
 16.   31.   0.79934505E-03  -0.37139357E-03  -0.38607853E-02   0.00000000E+00
 16.   32.   0.82783722E-03  -0.30260740E-03   0.38607853E-02   0.00000000E+00
 16.   33.   0.46711701E-11  -0.15607252E-03   0.77215706E-02   0.00000000E+00
 16.   34.  -0.82783722E-03  -0.30260740E-03   0.38607853E-02   0.00000000E+00
 16.   35.  -0.79934506E-03  -0.37139357E-03  -0.38607852E-02   0.00000000E+00
 16.   36.  -0.11035995E-03   0.11035994E-03  -0.77215706E-02   0.00000000E+00
 16.   37.   0.37139357E-03   0.79934505E-03  -0.38607853E-02   0.00000000E+00
 16.   38.   0.30260740E-03   0.82783722E-03   0.38607852E-02   0.00000000E+00
 16.   39.   0.15607252E-03   0.00000000E+00   0.77215706E-02   0.00000000E+00
 16.   40.   0.88331048E-03   0.00000000E+00   0.36832037E-02   0.00000000E+00
 16.   41.   0.34709933E-03   0.41103247E-03   0.18416019E-02   0.00000000E+00
 16.   42.  -0.53608014E-03   0.45207553E-04  -0.18416019E-02   0.00000000E+00
 16.   43.  -0.62459483E-03  -0.62459483E-03  -0.36832037E-02   0.00000000E+00
 16.   44.   0.45207551E-04  -0.53608014E-03  -0.18416019E-02   0.00000000E+00
 16.   45.   0.41103247E-03   0.34709933E-03   0.18416019E-02   0.00000000E+00
 16.   46.   0.28918343E-11   0.88331048E-03   0.36832037E-02   0.00000000E+00
 16.   47.  -0.41103247E-03   0.34709934E-03   0.18416019E-02   0.00000000E+00
 16.   48.  -0.45207557E-04  -0.53608013E-03  -0.18416019E-02   0.00000000E+00
 16.   49.   0.62459483E-03  -0.62459484E-03  -0.36832037E-02   0.00000000E+00
 16.   50.   0.53608014E-03   0.45207547E-04  -0.18416019E-02   0.00000000E+00
 16.   51.  -0.34709933E-03   0.41103247E-03   0.18416018E-02   0.00000000E+00
 16.   52.  -0.88331048E-03   0.00000000E+00   0.36832037E-02   0.00000000E+00
 16.   53.   0.11679364E-02   0.00000000E+00  -0.81229458E-02   0.00000000E+00
 16.   54.   0.68946709E-03  -0.31684635E-03  -0.40614729E-02   0.00000000E+00
 16.   55.  -0.26348265E-03  -0.71157106E-03   0.40614729E-02   0.00000000E+00
 16.   56.  -0.82585574E-03  -0.82585574E-03   0.81229458E-02   0.00000000E+00
 16.   57.  -0.71157106E-03  -0.26348265E-03   0.40614729E-02   0.00000000E+00
 16.   58.  -0.31684635E-03   0.68946709E-03  -0.40614729E-02   0.00000000E+00
 16.   59.  -0.12449918E-11   0.11679364E-02  -0.81229458E-02   0.00000000E+00
 16.   60.   0.31684635E-03   0.68946709E-03  -0.40614729E-02   0.00000000E+00
 16.   61.   0.71157106E-03  -0.26348264E-03   0.40614729E-02   0.00000000E+00
 16.   62.   0.82585574E-03  -0.82585574E-03   0.81229458E-02   0.00000000E+00
 16.   63.   0.26348266E-03  -0.71157106E-03   0.40614730E-02   0.00000000E+00
 16.   64.  -0.68946708E-03  -0.31684636E-03  -0.40614728E-02   0.00000000E+00
 16.   65.  -0.11679364E-02   0.00000000E+00  -0.81229458E-02   0.00000000E+00
 16.   66.  -0.11679364E-02   0.00000000E+00  -0.81229458E-02   0.00000000E+00
 16.   67.  -0.68946709E-03   0.31684635E-03  -0.40614729E-02   0.00000000E+00
 16.   68.   0.26348265E-03   0.71157106E-03   0.40614729E-02   0.00000000E+00
 16.   69.   0.82585574E-03   0.82585574E-03   0.81229458E-02   0.00000000E+00
 16.   70.   0.71157106E-03   0.26348265E-03   0.40614729E-02   0.00000000E+00
 16.   71.   0.31684635E-03  -0.68946709E-03  -0.40614729E-02   0.00000000E+00
 16.   72.   0.15214906E-11  -0.11679364E-02  -0.81229458E-02   0.00000000E+00
 16.   73.  -0.31684635E-03  -0.68946709E-03  -0.40614729E-02   0.00000000E+00
 16.   74.  -0.71157106E-03   0.26348264E-03   0.40614729E-02   0.00000000E+00
 16.   75.  -0.82585574E-03   0.82585574E-03   0.81229458E-02   0.00000000E+00
 16.   76.  -0.26348266E-03   0.71157106E-03   0.40614730E-02   0.00000000E+00
 16.   77.   0.68946708E-03   0.31684636E-03  -0.40614728E-02   0.00000000E+00
 16.   78.   0.11679364E-02   0.00000000E+00  -0.81229458E-02   0.00000000E+00
 17.    1.   0.11812453E-06   0.00000000E+00  -0.61515002E-07   0.00000000E+00
 17.    2.  -0.30865682E-07  -0.11301576E-06   0.30792020E-07   0.00000000E+00
 17.    3.  -0.10174311E-06   0.58096053E-07   0.30781920E-07   0.00000000E+00
 17.    4.   0.83523480E-07   0.83531796E-07  -0.61542632E-07   0.00000000E+00
 17.    5.   0.58087918E-07  -0.10173680E-06   0.30754268E-07   0.00000000E+00
 17.    6.  -0.11302084E-06  -0.30861780E-07   0.30744135E-07   0.00000000E+00
 17.    7.   0.32007528E-13   0.11812740E-06  -0.61570189E-07   0.00000000E+00
 17.    8.   0.11302082E-06  -0.30861800E-07   0.30744363E-07   0.00000000E+00
 17.    9.  -0.58087940E-07  -0.10173688E-06   0.30754426E-07   0.00000000E+00
 17.   10.  -0.83523396E-07   0.83531501E-07  -0.61542993E-07   0.00000000E+00
 17.   11.   0.10174337E-06   0.58095607E-07   0.30780716E-07   0.00000000E+00
 17.   12.   0.30866174E-07  -0.11301611E-06   0.30789896E-07   0.00000000E+00
 17.   13.  -0.11812390E-06   0.00000000E+00  -0.61517549E-07   0.00000000E+00
 17.   14.   0.14864141E-04   0.00000000E+00  -0.39775540E-04   0.00000000E+00
 17.   15.  -0.35406304E-05  -0.15501492E-04   0.19887817E-04   0.00000000E+00
 17.   16.  -0.13464817E-04   0.84576100E-05   0.19887805E-04   0.00000000E+00
 17.   17.   0.10510531E-04   0.10510536E-04  -0.39775574E-04   0.00000000E+00
 17.   18.   0.84576038E-05  -0.13464816E-04   0.19887771E-04   0.00000000E+00
 17.   19.  -0.15501497E-04  -0.35406332E-05   0.19887758E-04   0.00000000E+00
 17.   20.  -0.19773482E-12   0.14864137E-04  -0.39775609E-04   0.00000000E+00
 17.   21.   0.15501497E-04  -0.35406327E-05   0.19887758E-04   0.00000000E+00
 17.   22.  -0.84576038E-05  -0.13464816E-04   0.19887772E-04   0.00000000E+00
 17.   23.  -0.10510531E-04   0.10510536E-04  -0.39775573E-04   0.00000000E+00
 17.   24.   0.13464817E-04   0.84576103E-05   0.19887806E-04   0.00000000E+00
 17.   25.   0.35406308E-05  -0.15501492E-04   0.19887819E-04   0.00000000E+00
 17.   26.  -0.14864141E-04   0.00000000E+00  -0.39775540E-04   0.00000000E+00
 17.   27.   0.17836473E-03   0.00000000E+00  -0.85363429E-03   0.00000000E+00
 17.   28.  -0.35903727E-04  -0.21057964E-03   0.42681713E-03   0.00000000E+00
 17.   29.  -0.17429006E-03   0.12351452E-03   0.42681714E-03   0.00000000E+00
 17.   30.   0.12612290E-03   0.12612291E-03  -0.85363428E-03   0.00000000E+00
 17.   31.   0.12351452E-03  -0.17429006E-03   0.42681714E-03   0.00000000E+00
 17.   32.  -0.21057964E-03  -0.35903735E-04   0.42681715E-03   0.00000000E+00
 17.   33.  -0.18816850E-11   0.17836472E-03  -0.85363427E-03   0.00000000E+00
 17.   34.   0.21057964E-03  -0.35903732E-04   0.42681714E-03   0.00000000E+00
 17.   35.  -0.12351452E-03  -0.17429006E-03   0.42681715E-03   0.00000000E+00
 17.   36.  -0.12612291E-03   0.12612290E-03  -0.85363428E-03   0.00000000E+00
 17.   37.   0.17429006E-03   0.12351452E-03   0.42681712E-03   0.00000000E+00
 17.   38.   0.35903730E-04  -0.21057964E-03   0.42681715E-03   0.00000000E+00
 17.   39.  -0.17836473E-03   0.00000000E+00  -0.85363429E-03   0.00000000E+00
 17.   40.   0.58740009E-03   0.00000000E+00  -0.49021747E-02   0.00000000E+00
 17.   41.  -0.70738083E-04  -0.87077172E-03   0.24510873E-02   0.00000000E+00
 17.   42.  -0.66574797E-03   0.56570921E-03   0.24510873E-02   0.00000000E+00
 17.   43.   0.41535459E-03   0.41535459E-03  -0.49021746E-02   0.00000000E+00
 17.   44.   0.56570922E-03  -0.66574797E-03   0.24510873E-02   0.00000000E+00
 17.   45.  -0.87077172E-03  -0.70738084E-04   0.24510874E-02   0.00000000E+00
 17.   46.  -0.81078542E-11   0.58740009E-03  -0.49021746E-02   0.00000000E+00
 17.   47.   0.87077172E-03  -0.70738074E-04   0.24510873E-02   0.00000000E+00
 17.   48.  -0.56570921E-03  -0.66574797E-03   0.24510874E-02   0.00000000E+00
 17.   49.  -0.41535460E-03   0.41535458E-03  -0.49021747E-02   0.00000000E+00
 17.   50.   0.66574797E-03   0.56570922E-03   0.24510872E-02   0.00000000E+00
 17.   51.   0.70738093E-04  -0.87077172E-03   0.24510874E-02   0.00000000E+00
 17.   52.  -0.58740009E-03   0.00000000E+00  -0.49021747E-02   0.00000000E+00
 17.   53.   0.11160104E-02   0.00000000E+00  -0.13641896E-01   0.00000000E+00
 17.   54.  -0.93819372E-04  -0.18058280E-02   0.68209480E-02   0.00000000E+00
 17.   55.  -0.13432535E-02   0.12105729E-02   0.68209480E-02   0.00000000E+00
 17.   56.   0.78913854E-03   0.78913856E-03  -0.13641896E-01   0.00000000E+00
 17.   57.   0.12105729E-02  -0.13432535E-02   0.68209479E-02   0.00000000E+00
 17.   58.  -0.18058280E-02  -0.93819370E-04   0.68209480E-02   0.00000000E+00
 17.   59.  -0.17309244E-10   0.11160104E-02  -0.13641896E-01   0.00000000E+00
 17.   60.   0.18058280E-02  -0.93819352E-04   0.68209478E-02   0.00000000E+00
 17.   61.  -0.12105729E-02  -0.13432535E-02   0.68209481E-02   0.00000000E+00
 17.   62.  -0.78913857E-03   0.78913853E-03  -0.13641896E-01   0.00000000E+00
 17.   63.   0.13432535E-02   0.12105729E-02   0.68209478E-02   0.00000000E+00
 17.   64.   0.93819389E-04  -0.18058280E-02   0.68209482E-02   0.00000000E+00
 17.   65.  -0.11160104E-02   0.00000000E+00  -0.13641896E-01   0.00000000E+00
 17.   66.  -0.11160104E-02   0.00000000E+00  -0.13641896E-01   0.00000000E+00
 17.   67.   0.93819372E-04   0.18058280E-02   0.68209480E-02   0.00000000E+00
 17.   68.   0.13432535E-02  -0.12105729E-02   0.68209480E-02   0.00000000E+00
 17.   69.  -0.78913854E-03  -0.78913856E-03  -0.13641896E-01   0.00000000E+00
 17.   70.  -0.12105729E-02   0.13432535E-02   0.68209479E-02   0.00000000E+00
 17.   71.   0.18058280E-02   0.93819370E-04   0.68209480E-02   0.00000000E+00
 17.   72.   0.18057643E-10  -0.11160104E-02  -0.13641896E-01   0.00000000E+00
 17.   73.  -0.18058280E-02   0.93819352E-04   0.68209478E-02   0.00000000E+00
 17.   74.   0.12105729E-02   0.13432535E-02   0.68209481E-02   0.00000000E+00
 17.   75.   0.78913857E-03  -0.78913853E-03  -0.13641896E-01   0.00000000E+00
 17.   76.  -0.13432535E-02  -0.12105729E-02   0.68209478E-02   0.00000000E+00
 17.   77.  -0.93819389E-04   0.18058280E-02   0.68209482E-02   0.00000000E+00
 17.   78.   0.11160104E-02   0.00000000E+00  -0.13641896E-01   0.00000000E+00
 18.    1.  -0.32266071E-03   0.00000000E+00   0.52033511E-02   0.00000000E+00
 18.    2.  -0.41755860E-03   0.47870615E-03   0.45062342E-02   0.00000000E+00
 18.    3.  -0.63375488E-03   0.77503495E-03   0.26016755E-02   0.00000000E+00
 18.    4.  -0.80676182E-03   0.80676182E-03   0.61071817E-11   0.00000000E+00
 18.    5.  -0.77503495E-03   0.63375488E-03  -0.26016755E-02   0.00000000E+00
 18.    6.  -0.47870615E-03   0.41755860E-03  -0.45062342E-02   0.00000000E+00
 18.    7.  -0.22977803E-11   0.32266071E-03  -0.52033511E-02   0.00000000E+00
 18.    8.   0.47870615E-03   0.41755860E-03  -0.45062342E-02   0.00000000E+00
 18.    9.   0.77503495E-03   0.63375488E-03  -0.26016756E-02   0.00000000E+00
 18.   10.   0.80676182E-03   0.80676182E-03  -0.18191454E-10   0.00000000E+00
 18.   11.   0.63375489E-03   0.77503495E-03   0.26016755E-02   0.00000000E+00
 18.   12.   0.41755861E-03   0.47870615E-03   0.45062342E-02   0.00000000E+00
 18.   13.   0.32266071E-03   0.00000000E+00   0.52033511E-02   0.00000000E+00
 18.   14.   0.36753064E-03   0.00000000E+00   0.66444882E-02   0.00000000E+00
 18.   15.   0.21978052E-03   0.40954942E-03   0.57542955E-02   0.00000000E+00
 18.   16.  -0.13418688E-03   0.59994913E-03   0.33222441E-02   0.00000000E+00
 18.   17.  -0.47900966E-03   0.47900967E-03   0.95543776E-11   0.00000000E+00
 18.   18.  -0.59994913E-03   0.13418688E-03  -0.33222441E-02   0.00000000E+00
 18.   19.  -0.40954943E-03  -0.21978052E-03  -0.57542955E-02   0.00000000E+00
 18.   20.  -0.20610994E-11  -0.36753064E-03  -0.66444882E-02   0.00000000E+00
 18.   21.   0.40954942E-03  -0.21978052E-03  -0.57542956E-02   0.00000000E+00
 18.   22.   0.59994913E-03   0.13418688E-03  -0.33222441E-02   0.00000000E+00
 18.   23.   0.47900967E-03   0.47900966E-03  -0.20846817E-10   0.00000000E+00
 18.   24.   0.13418688E-03   0.59994913E-03   0.33222441E-02   0.00000000E+00
 18.   25.  -0.21978051E-03   0.40954943E-03   0.57542955E-02   0.00000000E+00
 18.   26.  -0.36753064E-03   0.00000000E+00   0.66444882E-02   0.00000000E+00
 18.   27.   0.75775742E-03   0.00000000E+00  -0.12844758E-02   0.00000000E+00
 18.   28.   0.64474835E-03   0.12927213E-03  -0.11123886E-02   0.00000000E+00
 18.   29.   0.36449673E-03   0.12643056E-03  -0.64223788E-03   0.00000000E+00
 18.   30.   0.59405257E-04  -0.59405257E-04   0.11166138E-11   0.00000000E+00
 18.   31.  -0.12643056E-03  -0.36449673E-03   0.64223788E-03   0.00000000E+00
 18.   32.  -0.12927213E-03  -0.64474835E-03   0.11123886E-02   0.00000000E+00
 18.   33.  -0.68819739E-12  -0.75775742E-03   0.12844758E-02   0.00000000E+00
 18.   34.   0.12927213E-03  -0.64474835E-03   0.11123886E-02   0.00000000E+00
 18.   35.   0.12643056E-03  -0.36449673E-03   0.64223788E-03   0.00000000E+00
 18.   36.  -0.59405255E-04  -0.59405259E-04   0.63903128E-11   0.00000000E+00
 18.   37.  -0.36449673E-03   0.12643056E-03  -0.64223788E-03   0.00000000E+00
 18.   38.  -0.64474835E-03   0.12927213E-03  -0.11123886E-02   0.00000000E+00
 18.   39.  -0.75775742E-03   0.00000000E+00  -0.12844758E-02   0.00000000E+00
 18.   40.  -0.46753362E-03   0.00000000E+00  -0.33525993E-02   0.00000000E+00
 18.   41.  -0.37025092E-03  -0.18260273E-03  -0.29034362E-02   0.00000000E+00
 18.   42.  -0.13268730E-03  -0.23771247E-03  -0.16762997E-02   0.00000000E+00
 18.   43.   0.11391873E-03  -0.11391874E-03   0.61787467E-11   0.00000000E+00
 18.   44.   0.23771247E-03   0.13268730E-03   0.16762996E-02   0.00000000E+00
 18.   45.   0.18260274E-03   0.37025092E-03   0.29034362E-02   0.00000000E+00
 18.   46.   0.10043381E-11   0.46753361E-03   0.33525993E-02   0.00000000E+00
 18.   47.  -0.18260274E-03   0.37025092E-03   0.29034362E-02   0.00000000E+00
 18.   48.  -0.23771247E-03   0.13268730E-03   0.16762997E-02   0.00000000E+00
 18.   49.  -0.11391873E-03  -0.11391873E-03   0.21096044E-10   0.00000000E+00
 18.   50.   0.13268730E-03  -0.23771247E-03  -0.16762997E-02   0.00000000E+00
 18.   51.   0.37025092E-03  -0.18260273E-03  -0.29034362E-02   0.00000000E+00
 18.   52.   0.46753362E-03   0.00000000E+00  -0.33525993E-02   0.00000000E+00
 18.   53.  -0.93082098E-03   0.00000000E+00   0.54228896E-02   0.00000000E+00
 18.   54.  -0.80216357E-03  -0.12087250E-03   0.46963602E-02   0.00000000E+00
 18.   55.  -0.48174553E-03  -0.96413237E-04   0.27114448E-02   0.00000000E+00
 18.   56.  -0.12849734E-03   0.12849734E-03   0.36233173E-10   0.00000000E+00
 18.   57.   0.96413231E-04   0.48174554E-03  -0.27114448E-02   0.00000000E+00
 18.   58.   0.12087250E-03   0.80216357E-03  -0.46963602E-02   0.00000000E+00
 18.   59.   0.72597562E-12   0.93082097E-03  -0.54228896E-02   0.00000000E+00
 18.   60.  -0.12087250E-03   0.80216357E-03  -0.46963602E-02   0.00000000E+00
 18.   61.  -0.96413232E-04   0.48174554E-03  -0.27114448E-02   0.00000000E+00
 18.   62.   0.12849734E-03   0.12849734E-03   0.11492166E-10   0.00000000E+00
 18.   63.   0.48174553E-03  -0.96413236E-04   0.27114448E-02   0.00000000E+00
 18.   64.   0.80216356E-03  -0.12087250E-03   0.46963601E-02   0.00000000E+00
 18.   65.   0.93082098E-03   0.00000000E+00   0.54228896E-02   0.00000000E+00
 18.   66.   0.93082098E-03   0.00000000E+00   0.54228896E-02   0.00000000E+00
 18.   67.   0.80216357E-03   0.12087250E-03   0.46963602E-02   0.00000000E+00
 18.   68.   0.48174553E-03   0.96413237E-04   0.27114448E-02   0.00000000E+00
 18.   69.   0.12849734E-03  -0.12849734E-03   0.36232265E-10   0.00000000E+00
 18.   70.  -0.96413231E-04  -0.48174554E-03  -0.27114448E-02   0.00000000E+00
 18.   71.  -0.12087250E-03  -0.80216357E-03  -0.46963602E-02   0.00000000E+00
 18.   72.  -0.38939941E-12  -0.93082097E-03  -0.54228896E-02   0.00000000E+00
 18.   73.   0.12087250E-03  -0.80216357E-03  -0.46963602E-02   0.00000000E+00
 18.   74.   0.96413232E-04  -0.48174554E-03  -0.27114448E-02   0.00000000E+00
 18.   75.  -0.12849734E-03  -0.12849734E-03   0.11504788E-10   0.00000000E+00
 18.   76.  -0.48174553E-03   0.96413236E-04   0.27114448E-02   0.00000000E+00
 18.   77.  -0.80216356E-03   0.12087250E-03   0.46963601E-02   0.00000000E+00
 18.   78.  -0.93082098E-03   0.00000000E+00   0.54228896E-02   0.00000000E+00
 19.    1.  -0.33495625E-04   0.00000000E+00   0.48528571E-04   0.00000000E+00
 19.    2.  -0.17913718E-04   0.33359295E-04   0.12560142E-04   0.00000000E+00
 19.    3.   0.15581911E-04   0.31027480E-04  -0.42026917E-04   0.00000000E+00
 19.    4.   0.35827449E-04  -0.23318126E-05  -0.34314828E-04   0.00000000E+00
 19.    5.   0.20245542E-04  -0.31027474E-04   0.24264301E-04   0.00000000E+00
 19.    6.  -0.17913721E-04  -0.28695657E-04   0.46875001E-04   0.00000000E+00
 19.    7.  -0.38159262E-04   0.47341249E-11   0.31394795E-10   0.00000000E+00
 19.    8.  -0.17913724E-04   0.28695666E-04  -0.46874939E-04   0.00000000E+00
 19.    9.   0.20245536E-04   0.31027482E-04  -0.24264239E-04   0.00000000E+00
 19.   10.   0.35827442E-04   0.23318199E-05   0.34314890E-04   0.00000000E+00
 19.   11.   0.15581903E-04  -0.31027475E-04   0.42026980E-04   0.00000000E+00
 19.   12.  -0.17913727E-04  -0.33359293E-04  -0.12560078E-04   0.00000000E+00
 19.   13.  -0.33495634E-04   0.00000000E+00  -0.48528508E-04   0.00000000E+00
 19.   14.  -0.30018589E-03   0.00000000E+00   0.15769017E-02   0.00000000E+00
 19.   15.  -0.17523370E-03   0.35379517E-03   0.40813217E-03   0.00000000E+00
 19.   16.   0.12495220E-03   0.30351367E-03  -0.13656369E-02   0.00000000E+00
 19.   17.   0.35046740E-03  -0.50281500E-04  -0.11150379E-02   0.00000000E+00
 19.   18.   0.22551520E-03  -0.30351367E-03   0.78845081E-03   0.00000000E+00
 19.   19.  -0.17523370E-03  -0.25323216E-03   0.15231700E-02   0.00000000E+00
 19.   20.  -0.40074890E-03   0.53634124E-12  -0.10081725E-11   0.00000000E+00
 19.   21.  -0.17523370E-03   0.25323217E-03  -0.15231700E-02   0.00000000E+00
 19.   22.   0.22551520E-03   0.30351367E-03  -0.78845085E-03   0.00000000E+00
 19.   23.   0.35046739E-03   0.50281506E-04   0.11150378E-02   0.00000000E+00
 19.   24.   0.12495220E-03  -0.30351366E-03   0.13656369E-02   0.00000000E+00
 19.   25.  -0.17523370E-03  -0.35379517E-03  -0.40813218E-03   0.00000000E+00
 19.   26.  -0.30018589E-03   0.00000000E+00  -0.15769017E-02   0.00000000E+00
 19.   27.  -0.25238977E-03   0.00000000E+00   0.55011162E-02   0.00000000E+00
 19.   28.  -0.28779588E-03   0.82167906E-03   0.14237936E-02   0.00000000E+00
 19.   29.  -0.35406112E-04   0.49847707E-03  -0.47641063E-02   0.00000000E+00
 19.   30.   0.57559174E-03  -0.32320198E-03  -0.38898766E-02   0.00000000E+00
 19.   31.   0.61099786E-03  -0.49847708E-03   0.27505581E-02   0.00000000E+00
 19.   32.  -0.28779587E-03  -0.17527509E-03   0.53136702E-02   0.00000000E+00
 19.   33.  -0.89879373E-03  -0.26946053E-11   0.29240509E-10   0.00000000E+00
 19.   34.  -0.28779588E-03   0.17527509E-03  -0.53136702E-02   0.00000000E+00
 19.   35.   0.61099786E-03   0.49847707E-03  -0.27505581E-02   0.00000000E+00
 19.   36.   0.57559175E-03   0.32320199E-03   0.38898765E-02   0.00000000E+00
 19.   37.  -0.35406104E-04  -0.49847707E-03   0.47641064E-02   0.00000000E+00
 19.   38.  -0.28779587E-03  -0.82167906E-03  -0.14237936E-02   0.00000000E+00
 19.   39.  -0.25238976E-03   0.00000000E+00  -0.55011162E-02   0.00000000E+00
 19.   40.   0.66558338E-03   0.00000000E+00   0.34826088E-02   0.00000000E+00
 19.   41.   0.61920001E-04   0.43449480E-03   0.90136549E-03   0.00000000E+00
 19.   42.  -0.60366338E-03  -0.10724858E-03  -0.30160277E-02   0.00000000E+00
 19.   43.  -0.12384000E-03  -0.54174338E-03  -0.24625763E-02   0.00000000E+00
 19.   44.   0.47982338E-03   0.10724858E-03   0.17413044E-02   0.00000000E+00
 19.   45.   0.61920002E-04   0.64899197E-03   0.33639418E-02   0.00000000E+00
 19.   46.  -0.41790338E-03   0.52742464E-11   0.29743900E-10   0.00000000E+00
 19.   47.   0.61919995E-04  -0.64899197E-03  -0.33639418E-02   0.00000000E+00
 19.   48.   0.47982338E-03  -0.10724859E-03  -0.17413044E-02   0.00000000E+00
 19.   49.  -0.12383999E-03   0.54174338E-03   0.24625763E-02   0.00000000E+00
 19.   50.  -0.60366338E-03   0.10724859E-03   0.30160277E-02   0.00000000E+00
 19.   51.   0.61919991E-04  -0.43449480E-03  -0.90136544E-03   0.00000000E+00
 19.   52.   0.66558338E-03   0.00000000E+00  -0.34826088E-02   0.00000000E+00
 19.   53.   0.98508648E-03   0.00000000E+00  -0.62160905E-02   0.00000000E+00
 19.   54.   0.37790557E-03  -0.42527631E-03  -0.16088426E-02   0.00000000E+00
 19.   55.  -0.60718090E-03  -0.65455165E-03   0.53832922E-02   0.00000000E+00
 19.   56.  -0.75581114E-03  -0.22927534E-03   0.43954397E-02   0.00000000E+00
 19.   57.  -0.14863023E-03   0.65455165E-03  -0.31080452E-02   0.00000000E+00
 19.   58.   0.37790557E-03   0.88382699E-03  -0.60042823E-02   0.00000000E+00
 19.   59.   0.52653580E-03   0.79857913E-11  -0.51228271E-10   0.00000000E+00
 19.   60.   0.37790557E-03  -0.88382698E-03   0.60042823E-02   0.00000000E+00
 19.   61.  -0.14863023E-03  -0.65455165E-03   0.31080452E-02   0.00000000E+00
 19.   62.  -0.75581114E-03   0.22927533E-03  -0.43954397E-02   0.00000000E+00
 19.   63.  -0.60718091E-03   0.65455165E-03  -0.53832923E-02   0.00000000E+00
 19.   64.   0.37790556E-03   0.42527631E-03   0.16088425E-02   0.00000000E+00
 19.   65.   0.98508647E-03   0.00000000E+00   0.62160904E-02   0.00000000E+00
 19.   66.  -0.98508648E-03   0.00000000E+00  -0.62160905E-02   0.00000000E+00
 19.   67.  -0.37790557E-03   0.42527631E-03  -0.16088426E-02   0.00000000E+00
 19.   68.   0.60718090E-03   0.65455165E-03   0.53832922E-02   0.00000000E+00
 19.   69.   0.75581114E-03   0.22927534E-03   0.43954397E-02   0.00000000E+00
 19.   70.   0.14863023E-03  -0.65455165E-03  -0.31080452E-02   0.00000000E+00
 19.   71.  -0.37790557E-03  -0.88382699E-03  -0.60042823E-02   0.00000000E+00
 19.   72.  -0.52653580E-03  -0.80095208E-11  -0.51205371E-10   0.00000000E+00
 19.   73.  -0.37790557E-03   0.88382698E-03   0.60042823E-02   0.00000000E+00
 19.   74.   0.14863023E-03   0.65455165E-03   0.31080452E-02   0.00000000E+00
 19.   75.   0.75581114E-03  -0.22927533E-03  -0.43954397E-02   0.00000000E+00
 19.   76.   0.60718091E-03  -0.65455165E-03  -0.53832923E-02   0.00000000E+00
 19.   77.  -0.37790556E-03  -0.42527631E-03   0.16088425E-02   0.00000000E+00
 19.   78.  -0.98508647E-03   0.00000000E+00   0.62160904E-02   0.00000000E+00
 20.    1.  -0.20824928E-02   0.00000000E+00  -0.13329421E-01   0.00000000E+00
 20.    2.  -0.20115336E-02  -0.53898880E-03  -0.13329421E-01   0.00000000E+00
 20.    3.  -0.18034917E-02  -0.10412464E-02  -0.13329421E-01   0.00000000E+00
 20.    4.  -0.14725448E-02  -0.14725448E-02  -0.13329421E-01   0.00000000E+00
 20.    5.  -0.10412464E-02  -0.18034917E-02  -0.13329421E-01   0.00000000E+00
 20.    6.  -0.53898880E-03  -0.20115336E-02  -0.13329421E-01   0.00000000E+00
 20.    7.  -0.22487100E-11  -0.20824928E-02  -0.13329421E-01   0.00000000E+00
 20.    8.   0.53898880E-03  -0.20115336E-02  -0.13329421E-01   0.00000000E+00
 20.    9.   0.10412464E-02  -0.18034917E-02  -0.13329421E-01   0.00000000E+00
 20.   10.   0.14725448E-02  -0.14725448E-02  -0.13329421E-01   0.00000000E+00
 20.   11.   0.18034917E-02  -0.10412464E-02  -0.13329421E-01   0.00000000E+00
 20.   12.   0.20115336E-02  -0.53898881E-03  -0.13329421E-01   0.00000000E+00
 20.   13.   0.20824928E-02   0.00000000E+00  -0.13329421E-01   0.00000000E+00
 20.   14.  -0.79931186E-03   0.00000000E+00   0.42944822E-02   0.00000000E+00
 20.   15.  -0.77207597E-03  -0.20687713E-03   0.42944822E-02   0.00000000E+00
 20.   16.  -0.69222438E-03  -0.39965593E-03   0.42944822E-02   0.00000000E+00
 20.   17.  -0.56519884E-03  -0.56519884E-03   0.42944822E-02   0.00000000E+00
 20.   18.  -0.39965593E-03  -0.69222438E-03   0.42944822E-02   0.00000000E+00
 20.   19.  -0.20687714E-03  -0.77207597E-03   0.42944822E-02   0.00000000E+00
 20.   20.  -0.30653052E-11  -0.79931186E-03   0.42944822E-02   0.00000000E+00
 20.   21.   0.20687713E-03  -0.77207597E-03   0.42944822E-02   0.00000000E+00
 20.   22.   0.39965593E-03  -0.69222438E-03   0.42944822E-02   0.00000000E+00
 20.   23.   0.56519884E-03  -0.56519884E-03   0.42944822E-02   0.00000000E+00
 20.   24.   0.69222438E-03  -0.39965593E-03   0.42944822E-02   0.00000000E+00
 20.   25.   0.77207597E-03  -0.20687714E-03   0.42944822E-02   0.00000000E+00
 20.   26.   0.79931186E-03   0.00000000E+00   0.42944822E-02   0.00000000E+00
 20.   27.   0.93954817E-03   0.00000000E+00   0.13416107E-02   0.00000000E+00
 20.   28.   0.90753384E-03   0.24317296E-03   0.13416107E-02   0.00000000E+00
 20.   29.   0.81367258E-03   0.46977409E-03   0.13416106E-02   0.00000000E+00
 20.   30.   0.66436088E-03   0.66436088E-03   0.13416106E-02   0.00000000E+00
 20.   31.   0.46977409E-03   0.81367258E-03   0.13416107E-02   0.00000000E+00
 20.   32.   0.24317296E-03   0.90753384E-03   0.13416107E-02   0.00000000E+00
 20.   33.  -0.31796892E-11   0.93954817E-03   0.13416107E-02   0.00000000E+00
 20.   34.  -0.24317296E-03   0.90753384E-03   0.13416106E-02   0.00000000E+00
 20.   35.  -0.46977408E-03   0.81367258E-03   0.13416106E-02   0.00000000E+00
 20.   36.  -0.66436088E-03   0.66436088E-03   0.13416107E-02   0.00000000E+00
 20.   37.  -0.81367258E-03   0.46977408E-03   0.13416107E-02   0.00000000E+00
 20.   38.  -0.90753384E-03   0.24317296E-03   0.13416106E-02   0.00000000E+00
 20.   39.  -0.93954817E-03   0.00000000E+00   0.13416106E-02   0.00000000E+00
 20.   40.  -0.32312660E-03   0.00000000E+00  -0.38604075E-02   0.00000000E+00
 20.   41.  -0.31211633E-03  -0.83631317E-04  -0.38604075E-02   0.00000000E+00
 20.   42.  -0.27983585E-03  -0.16156330E-03  -0.38604075E-02   0.00000000E+00
 20.   43.  -0.22848502E-03  -0.22848502E-03  -0.38604075E-02   0.00000000E+00
 20.   44.  -0.16156330E-03  -0.27983585E-03  -0.38604075E-02   0.00000000E+00
 20.   45.  -0.83631319E-04  -0.31211633E-03  -0.38604075E-02   0.00000000E+00
 20.   46.  -0.31186929E-11  -0.32312661E-03  -0.38604075E-02   0.00000000E+00
 20.   47.   0.83631320E-04  -0.31211634E-03  -0.38604075E-02   0.00000000E+00
 20.   48.   0.16156331E-03  -0.27983585E-03  -0.38604075E-02   0.00000000E+00
 20.   49.   0.22848501E-03  -0.22848501E-03  -0.38604075E-02   0.00000000E+00
 20.   50.   0.27983585E-03  -0.16156330E-03  -0.38604075E-02   0.00000000E+00
 20.   51.   0.31211634E-03  -0.83631323E-04  -0.38604075E-02   0.00000000E+00
 20.   52.   0.32312661E-03   0.00000000E+00  -0.38604075E-02   0.00000000E+00
 20.   53.  -0.10731936E-02   0.00000000E+00   0.55569498E-02   0.00000000E+00
 20.   54.  -0.10366254E-02  -0.27776294E-03   0.55569498E-02   0.00000000E+00
 20.   55.  -0.92941293E-03  -0.53659681E-03   0.55569498E-02   0.00000000E+00
 20.   56.  -0.75886248E-03  -0.75886248E-03   0.55569498E-02   0.00000000E+00
 20.   57.  -0.53659680E-03  -0.92941292E-03   0.55569498E-02   0.00000000E+00
 20.   58.  -0.27776294E-03  -0.10366254E-02   0.55569498E-02   0.00000000E+00
 20.   59.  -0.79552656E-12  -0.10731936E-02   0.55569498E-02   0.00000000E+00
 20.   60.   0.27776295E-03  -0.10366254E-02   0.55569498E-02   0.00000000E+00
 20.   61.   0.53659680E-03  -0.92941293E-03   0.55569498E-02   0.00000000E+00
 20.   62.   0.75886247E-03  -0.75886248E-03   0.55569498E-02   0.00000000E+00
 20.   63.   0.92941292E-03  -0.53659680E-03   0.55569498E-02   0.00000000E+00
 20.   64.   0.10366254E-02  -0.27776295E-03   0.55569498E-02   0.00000000E+00
 20.   65.   0.10731936E-02   0.00000000E+00   0.55569498E-02   0.00000000E+00
 20.   66.   0.10731936E-02   0.00000000E+00   0.55569498E-02   0.00000000E+00
 20.   67.   0.10366254E-02   0.27776294E-03   0.55569498E-02   0.00000000E+00
 20.   68.   0.92941293E-03   0.53659681E-03   0.55569498E-02   0.00000000E+00
 20.   69.   0.75886248E-03   0.75886248E-03   0.55569498E-02   0.00000000E+00
 20.   70.   0.53659680E-03   0.92941292E-03   0.55569498E-02   0.00000000E+00
 20.   71.   0.27776294E-03   0.10366254E-02   0.55569498E-02   0.00000000E+00
 20.   72.   0.19473391E-11   0.10731936E-02   0.55569498E-02   0.00000000E+00
 20.   73.  -0.27776294E-03   0.10366254E-02   0.55569498E-02   0.00000000E+00
 20.   74.  -0.53659680E-03   0.92941293E-03   0.55569498E-02   0.00000000E+00
 20.   75.  -0.75886247E-03   0.75886248E-03   0.55569498E-02   0.00000000E+00
 20.   76.  -0.92941292E-03   0.53659680E-03   0.55569498E-02   0.00000000E+00
 20.   77.  -0.10366254E-02   0.27776295E-03   0.55569498E-02   0.00000000E+00
 20.   78.  -0.10731936E-02   0.00000000E+00   0.55569498E-02   0.00000000E+00
 21.    1.   0.24552319E-07   0.00000000E+00  -0.10219500E-07   0.00000000E+00
 21.    2.  -0.12327992E-07  -0.21080449E-07   0.72128937E-08   0.00000000E+00
 21.    3.  -0.12143485E-07   0.21029867E-07  -0.88525504E-11   0.00000000E+00
 21.    4.   0.24417734E-07   0.13404611E-09  -0.72302905E-08   0.00000000E+00
 21.    5.  -0.12278088E-07  -0.21265671E-07   0.10202244E-07   0.00000000E+00
 21.    6.  -0.12093349E-07   0.21213541E-07  -0.72320334E-08   0.00000000E+00
 21.    7.   0.24283893E-07  -0.20010443E-11  -0.12686932E-10   0.00000000E+00
 21.    8.  -0.12091867E-07  -0.21217674E-07   0.72069575E-08   0.00000000E+00
 21.    9.  -0.12275812E-07   0.21262299E-07  -0.10225728E-07   0.00000000E+00
 21.   10.   0.24421058E-07  -0.13716371E-09   0.72065509E-08   0.00000000E+00
 21.   11.  -0.12139714E-07  -0.21032362E-07  -0.14822328E-10   0.00000000E+00
 21.   12.  -0.12323878E-07   0.21078906E-07  -0.72362972E-08   0.00000000E+00
 21.   13.   0.24557321E-07   0.00000000E+00   0.10196325E-07   0.00000000E+00
 21.   14.   0.65417368E-05   0.00000000E+00  -0.15650692E-04   0.00000000E+00
 21.   15.  -0.31585423E-05  -0.60845183E-05   0.11066719E-04   0.00000000E+00
 21.   16.  -0.35777504E-05   0.61968453E-05   0.33380122E-11   0.00000000E+00
 21.   17.   0.68486181E-05  -0.30688157E-06  -0.11066713E-04   0.00000000E+00
 21.   18.  -0.32708685E-05  -0.56653104E-05   0.15650699E-04   0.00000000E+00
 21.   19.  -0.36900766E-05   0.57776363E-05  -0.11066712E-04   0.00000000E+00
 21.   20.   0.71555001E-05  -0.90847754E-12   0.20922828E-11   0.00000000E+00
 21.   21.  -0.36900757E-05  -0.57776378E-05   0.11066720E-04   0.00000000E+00
 21.   22.  -0.32708682E-05   0.56653088E-05  -0.15650691E-04   0.00000000E+00
 21.   23.   0.68486190E-05   0.30688044E-06   0.11066719E-04   0.00000000E+00
 21.   24.  -0.35777491E-05  -0.61968454E-05   0.28522527E-11   0.00000000E+00
 21.   25.  -0.31585414E-05   0.60845175E-05  -0.11066712E-04   0.00000000E+00
 21.   26.   0.65417377E-05   0.00000000E+00   0.15650699E-04   0.00000000E+00
 21.   27.   0.11450531E-03   0.00000000E+00  -0.49074206E-03   0.00000000E+00
 21.   28.  -0.51782843E-04  -0.11957813E-03   0.34700704E-03   0.00000000E+00
 21.   29.  -0.72196461E-04   0.12504794E-03   0.25319813E-11   0.00000000E+00
 21.   30.   0.12944912E-03  -0.14943804E-04  -0.34700704E-03   0.00000000E+00
 21.   31.  -0.57252655E-04  -0.99164509E-04   0.49074206E-03   0.00000000E+00
 21.   32.  -0.77666273E-04   0.10463432E-03  -0.34700704E-03   0.00000000E+00
 21.   33.   0.14439292E-03   0.17617899E-11  -0.44451081E-11   0.00000000E+00
 21.   34.  -0.77666272E-04  -0.10463432E-03   0.34700705E-03   0.00000000E+00
 21.   35.  -0.57252658E-04   0.99164509E-04  -0.49074206E-03   0.00000000E+00
 21.   36.   0.12944912E-03   0.14943807E-04   0.34700703E-03   0.00000000E+00
 21.   37.  -0.72196460E-04  -0.12504794E-03   0.98797344E-11   0.00000000E+00
 21.   38.  -0.51782847E-04   0.11957812E-03  -0.34700704E-03   0.00000000E+00
 21.   39.   0.11450531E-03   0.00000000E+00   0.49074206E-03   0.00000000E+00
 21.   40.   0.45597448E-03   0.00000000E+00  -0.34555389E-02   0.00000000E+00
 21.   41.  -0.17406856E-03  -0.59611272E-03   0.24434350E-02   0.00000000E+00
 21.   42.  -0.37529580E-03   0.65003139E-03   0.27300913E-11   0.00000000E+00
 21.   43.   0.60328304E-03  -0.14730856E-03  -0.24434350E-02   0.00000000E+00
 21.   44.  -0.22798723E-03  -0.39488548E-03   0.34555389E-02   0.00000000E+00
 21.   45.  -0.42921448E-03   0.44880415E-03  -0.24434350E-02   0.00000000E+00
 21.   46.   0.75059160E-03   0.42874044E-11  -0.39574982E-10   0.00000000E+00
 21.   47.  -0.42921447E-03  -0.44880416E-03   0.24434350E-02   0.00000000E+00
 21.   48.  -0.22798725E-03   0.39488548E-03  -0.34555389E-02   0.00000000E+00
 21.   49.   0.60328304E-03   0.14730857E-03   0.24434350E-02   0.00000000E+00
 21.   50.  -0.37529579E-03  -0.65003140E-03   0.61456148E-10   0.00000000E+00
 21.   51.  -0.17406857E-03   0.59611271E-03  -0.24434350E-02   0.00000000E+00
 21.   52.   0.45597448E-03   0.00000000E+00   0.34555389E-02   0.00000000E+00
 21.   53.   0.94104640E-03   0.00000000E+00  -0.10549241E-01   0.00000000E+00
 21.   54.  -0.32943510E-03  -0.13415181E-02   0.74594397E-02   0.00000000E+00
 21.   55.  -0.85598307E-03   0.14826062E-02   0.18707293E-10   0.00000000E+00
 21.   56.   0.13265063E-02  -0.38545986E-03  -0.74594398E-02   0.00000000E+00
 21.   57.  -0.47052319E-03  -0.81497009E-03   0.10549241E-01   0.00000000E+00
 21.   58.  -0.99707118E-03   0.95605819E-03  -0.74594397E-02   0.00000000E+00
 21.   59.   0.17119661E-02   0.77043536E-11  -0.10872385E-09   0.00000000E+00
 21.   60.  -0.99707116E-03  -0.95605820E-03   0.74594398E-02   0.00000000E+00
 21.   61.  -0.47052322E-03   0.81497008E-03  -0.10549241E-01   0.00000000E+00
 21.   62.   0.13265063E-02   0.38545989E-03   0.74594396E-02   0.00000000E+00
 21.   63.  -0.85598306E-03  -0.14826062E-02   0.21069281E-09   0.00000000E+00
 21.   64.  -0.32943511E-03   0.13415180E-02  -0.74594399E-02   0.00000000E+00
 21.   65.   0.94104640E-03   0.00000000E+00   0.10549241E-01   0.00000000E+00
 21.   66.  -0.94104640E-03   0.00000000E+00  -0.10549241E-01   0.00000000E+00
 21.   67.   0.32943510E-03   0.13415181E-02   0.74594397E-02   0.00000000E+00
 21.   68.   0.85598307E-03  -0.14826062E-02   0.18749490E-10   0.00000000E+00
 21.   69.  -0.13265063E-02   0.38545986E-03  -0.74594398E-02   0.00000000E+00
 21.   70.   0.47052319E-03   0.81497009E-03   0.10549241E-01   0.00000000E+00
 21.   71.   0.99707118E-03  -0.95605819E-03  -0.74594397E-02   0.00000000E+00
 21.   72.  -0.17119661E-02  -0.77691289E-11  -0.10844542E-09   0.00000000E+00
 21.   73.   0.99707116E-03   0.95605820E-03   0.74594398E-02   0.00000000E+00
 21.   74.   0.47052322E-03  -0.81497008E-03  -0.10549241E-01   0.00000000E+00
 21.   75.  -0.13265063E-02  -0.38545989E-03   0.74594396E-02   0.00000000E+00
 21.   76.   0.85598305E-03   0.14826062E-02   0.21078443E-09   0.00000000E+00
 21.   77.   0.32943511E-03  -0.13415180E-02  -0.74594399E-02   0.00000000E+00
 21.   78.  -0.94104640E-03   0.00000000E+00   0.10549241E-01   0.00000000E+00
 22.    1.  -0.31356487E-03   0.00000000E+00   0.16541942E-02   0.00000000E+00
 22.    2.  -0.32266243E-03   0.34751743E-03   0.11696920E-02   0.00000000E+00
 22.    3.  -0.29641014E-03   0.51339742E-03   0.17865911E-10   0.00000000E+00
 22.    4.  -0.13962770E-03   0.45319258E-03  -0.11696919E-02   0.00000000E+00
 22.    5.   0.15678244E-03   0.27155515E-03  -0.16541942E-02   0.00000000E+00
 22.    6.   0.46229013E-03   0.10567515E-03  -0.11696919E-02   0.00000000E+00
 22.    7.   0.59282028E-03  -0.17063479E-11  -0.14138032E-10   0.00000000E+00
 22.    8.   0.46229014E-03  -0.10567516E-03   0.11696919E-02   0.00000000E+00
 22.    9.   0.15678244E-03  -0.27155515E-03   0.16541942E-02   0.00000000E+00
 22.   10.  -0.13962770E-03  -0.45319258E-03   0.11696919E-02   0.00000000E+00
 22.   11.  -0.29641014E-03  -0.51339743E-03  -0.14022048E-10   0.00000000E+00
 22.   12.  -0.32266243E-03  -0.34751743E-03  -0.11696920E-02   0.00000000E+00
 22.   13.  -0.31356487E-03   0.00000000E+00  -0.16541942E-02   0.00000000E+00
 22.   14.  -0.77890235E-04   0.00000000E+00   0.52834870E-02   0.00000000E+00
 22.   15.  -0.20019150E-03   0.53432477E-03   0.37359895E-02   0.00000000E+00
 22.   16.  -0.40158819E-03   0.69557115E-03  -0.37620238E-11   0.00000000E+00
 22.   17.  -0.36264307E-03   0.44053331E-03  -0.37359895E-02   0.00000000E+00
 22.   18.   0.38945119E-04   0.67454926E-04  -0.52834870E-02   0.00000000E+00
 22.   19.   0.56283457E-03  -0.93791456E-04  -0.37359895E-02   0.00000000E+00
 22.   20.   0.80317638E-03  -0.24254772E-11  -0.24808560E-10   0.00000000E+00
 22.   21.   0.56283458E-03   0.93791455E-04   0.37359894E-02   0.00000000E+00
 22.   22.   0.38945123E-04  -0.67454926E-04   0.52834870E-02   0.00000000E+00
 22.   23.  -0.36264307E-03  -0.44053331E-03   0.37359895E-02   0.00000000E+00
 22.   24.  -0.40158819E-03  -0.69557115E-03   0.33458005E-10   0.00000000E+00
 22.   25.  -0.20019150E-03  -0.53432477E-03  -0.37359894E-02   0.00000000E+00
 22.   26.  -0.77890238E-04   0.00000000E+00  -0.52834870E-02   0.00000000E+00
 22.   27.   0.72656289E-03   0.00000000E+00   0.67955641E-03   0.00000000E+00
 22.   28.   0.48407418E-03   0.17841728E-03   0.48051896E-03   0.00000000E+00
 22.   29.  -0.33269548E-04   0.57624544E-04  -0.15038908E-11   0.00000000E+00
 22.   30.  -0.39655099E-03  -0.33001190E-03  -0.48051896E-03   0.00000000E+00
 22.   31.  -0.36328145E-03  -0.62922192E-03  -0.67955643E-03   0.00000000E+00
 22.   32.  -0.87523192E-04  -0.50842918E-03  -0.48051896E-03   0.00000000E+00
 22.   33.   0.66539093E-04  -0.31437565E-11  -0.32876838E-11   0.00000000E+00
 22.   34.  -0.87523192E-04   0.50842918E-03   0.48051896E-03   0.00000000E+00
 22.   35.  -0.36328144E-03   0.62922192E-03   0.67955643E-03   0.00000000E+00
 22.   36.  -0.39655099E-03   0.33001190E-03   0.48051896E-03   0.00000000E+00
 22.   37.  -0.33269551E-04  -0.57624540E-04   0.73250264E-11   0.00000000E+00
 22.   38.   0.48407417E-03  -0.17841728E-03  -0.48051894E-03   0.00000000E+00
 22.   39.   0.72656288E-03   0.00000000E+00  -0.67955642E-03   0.00000000E+00
 22.   40.  -0.26916876E-03   0.00000000E+00  -0.30658474E-02   0.00000000E+00
 22.   41.  -0.14359229E-03  -0.19948902E-03  -0.21678815E-02   0.00000000E+00
 22.   42.   0.10997432E-03  -0.19048111E-03  -0.17068682E-11   0.00000000E+00
 22.   43.   0.24455870E-03   0.24610058E-04   0.21678815E-02   0.00000000E+00
 22.   44.   0.13458438E-03   0.23310699E-03   0.30658474E-02   0.00000000E+00
 22.   45.  -0.10096641E-03   0.22409908E-03   0.21678815E-02   0.00000000E+00
 22.   46.  -0.21994864E-03   0.33411820E-11   0.90979337E-11   0.00000000E+00
 22.   47.  -0.10096642E-03  -0.22409908E-03  -0.21678815E-02   0.00000000E+00
 22.   48.   0.13458438E-03  -0.23310699E-03  -0.30658474E-02   0.00000000E+00
 22.   49.   0.24455870E-03  -0.24610062E-04  -0.21678815E-02   0.00000000E+00
 22.   50.   0.10997432E-03   0.19048111E-03  -0.24027036E-10   0.00000000E+00
 22.   51.  -0.14359229E-03   0.19948902E-03   0.21678815E-02   0.00000000E+00
 22.   52.  -0.26916876E-03   0.00000000E+00   0.30658474E-02   0.00000000E+00
 22.   53.  -0.83380446E-03   0.00000000E+00   0.42945520E-02   0.00000000E+00
 22.   54.  -0.60805081E-03  -0.87196499E-05   0.30367068E-02   0.00000000E+00
 22.   55.  -0.10532538E-03   0.18242892E-03  -0.19112946E-11   0.00000000E+00
 22.   56.   0.31157684E-03   0.52222762E-03  -0.30367069E-02   0.00000000E+00
 22.   57.   0.41690223E-03   0.72209585E-03  -0.42945520E-02   0.00000000E+00
 22.   58.   0.29647396E-03   0.53094727E-03  -0.30367069E-02   0.00000000E+00
 22.   59.   0.21065077E-03   0.41871841E-11  -0.20579247E-10   0.00000000E+00
 22.   60.   0.29647396E-03  -0.53094727E-03   0.30367068E-02   0.00000000E+00
 22.   61.   0.41690223E-03  -0.72209585E-03   0.42945520E-02   0.00000000E+00
 22.   62.   0.31157684E-03  -0.52222762E-03   0.30367069E-02   0.00000000E+00
 22.   63.  -0.10532539E-03  -0.18242892E-03   0.36150194E-10   0.00000000E+00
 22.   64.  -0.60805080E-03   0.87196554E-05  -0.30367068E-02   0.00000000E+00
 22.   65.  -0.83380446E-03   0.00000000E+00  -0.42945520E-02   0.00000000E+00
 22.   66.   0.83380446E-03   0.00000000E+00   0.42945520E-02   0.00000000E+00
 22.   67.   0.60805081E-03   0.87196523E-05   0.30367068E-02   0.00000000E+00
 22.   68.   0.10532539E-03  -0.18242892E-03  -0.17402930E-11   0.00000000E+00
 22.   69.  -0.31157685E-03  -0.52222762E-03  -0.30367069E-02   0.00000000E+00
 22.   70.  -0.41690223E-03  -0.72209585E-03  -0.42945520E-02   0.00000000E+00
 22.   71.  -0.29647396E-03  -0.53094727E-03  -0.30367069E-02   0.00000000E+00
 22.   72.  -0.21065077E-03  -0.56960431E-11  -0.19314947E-10   0.00000000E+00
 22.   73.  -0.29647396E-03   0.53094727E-03   0.30367068E-02   0.00000000E+00
 22.   74.  -0.41690223E-03   0.72209585E-03   0.42945520E-02   0.00000000E+00
 22.   75.  -0.31157685E-03   0.52222762E-03   0.30367069E-02   0.00000000E+00
 22.   76.   0.10532538E-03   0.18242892E-03   0.36524934E-10   0.00000000E+00
 22.   77.   0.60805080E-03  -0.87196499E-05  -0.30367068E-02   0.00000000E+00
 22.   78.   0.83380446E-03   0.00000000E+00  -0.42945520E-02   0.00000000E+00
 23.    1.   0.12007131E-02   0.00000000E+00   0.10275196E-01   0.00000000E+00
 23.    2.   0.10560023E-02   0.54006812E-03   0.99250773E-02   0.00000000E+00
 23.    3.   0.66064502E-03   0.93542542E-03   0.88985809E-02   0.00000000E+00
 23.    4.   0.12057690E-03   0.10801362E-02   0.72656609E-02   0.00000000E+00
 23.    5.  -0.41949122E-03   0.93542542E-03   0.51375981E-02   0.00000000E+00
 23.    6.  -0.81484853E-03   0.54006812E-03   0.26594165E-02   0.00000000E+00
 23.    7.  -0.95955935E-03   0.24091272E-12   0.26453936E-11   0.00000000E+00
 23.    8.  -0.81484853E-03  -0.54006812E-03  -0.26594165E-02   0.00000000E+00
 23.    9.  -0.41949123E-03  -0.93542542E-03  -0.51375981E-02   0.00000000E+00
 23.   10.   0.12057689E-03  -0.10801362E-02  -0.72656609E-02   0.00000000E+00
 23.   11.   0.66064501E-03  -0.93542542E-03  -0.88985809E-02   0.00000000E+00
 23.   12.   0.10560023E-02  -0.54006812E-03  -0.99250773E-02   0.00000000E+00
 23.   13.   0.12007131E-02   0.00000000E+00  -0.10275196E-01   0.00000000E+00
 23.   14.   0.82801683E-03   0.00000000E+00  -0.18113425E-02   0.00000000E+00
 23.   15.   0.77866253E-03   0.18419273E-03  -0.17496225E-02   0.00000000E+00
 23.   16.   0.64382409E-03   0.31903117E-03  -0.15686686E-02   0.00000000E+00
 23.   17.   0.45963136E-03   0.36838547E-03  -0.12808125E-02   0.00000000E+00
 23.   18.   0.27543863E-03   0.31903117E-03  -0.90567122E-03   0.00000000E+00
 23.   19.   0.14060018E-03   0.18419273E-03  -0.46880992E-03   0.00000000E+00
 23.   20.   0.91245889E-04   0.47635504E-12  -0.50655403E-11   0.00000000E+00
 23.   21.   0.14060019E-03  -0.18419273E-03   0.46880992E-03   0.00000000E+00
 23.   22.   0.27543862E-03  -0.31903117E-03   0.90567123E-03   0.00000000E+00
 23.   23.   0.45963136E-03  -0.36838547E-03   0.12808125E-02   0.00000000E+00
 23.   24.   0.64382409E-03  -0.31903117E-03   0.15686686E-02   0.00000000E+00
 23.   25.   0.77866253E-03  -0.18419273E-03   0.17496225E-02   0.00000000E+00
 23.   26.   0.82801682E-03   0.00000000E+00   0.18113425E-02   0.00000000E+00
 23.   27.  -0.66425031E-03   0.00000000E+00  -0.18660304E-02   0.00000000E+00
 23.   28.  -0.61568196E-03  -0.18125955E-03  -0.18024470E-02   0.00000000E+00
 23.   29.  -0.48299076E-03  -0.31395075E-03  -0.16160297E-02   0.00000000E+00
 23.   30.  -0.30173120E-03  -0.36251910E-03  -0.13194827E-02   0.00000000E+00
 23.   31.  -0.12047165E-03  -0.31395075E-03  -0.93301520E-03   0.00000000E+00
 23.   32.   0.12219551E-04  -0.18125955E-03  -0.48296421E-03   0.00000000E+00
 23.   33.   0.60787902E-04  -0.57673426E-12  -0.45084591E-11   0.00000000E+00
 23.   34.   0.12219551E-04   0.18125955E-03   0.48296420E-03   0.00000000E+00
 23.   35.  -0.12047165E-03   0.31395075E-03   0.93301519E-03   0.00000000E+00
 23.   36.  -0.30173120E-03   0.36251910E-03   0.13194827E-02   0.00000000E+00
 23.   37.  -0.48299075E-03   0.31395076E-03   0.16160297E-02   0.00000000E+00
 23.   38.  -0.61568196E-03   0.18125955E-03   0.18024470E-02   0.00000000E+00
 23.   39.  -0.66425031E-03   0.00000000E+00   0.18660304E-02   0.00000000E+00
 23.   40.   0.15612127E-03   0.00000000E+00   0.29007877E-02   0.00000000E+00
 23.   41.   0.14102157E-03   0.56352873E-04   0.28019458E-02   0.00000000E+00
 23.   42.   0.99768401E-04   0.97606034E-04   0.25121559E-02   0.00000000E+00
 23.   43.   0.43415533E-04   0.11270574E-03   0.20511667E-02   0.00000000E+00
 23.   44.  -0.12937339E-04   0.97606033E-04   0.14503939E-02   0.00000000E+00
 23.   45.  -0.54190500E-04   0.56352869E-04   0.75077910E-03   0.00000000E+00
 23.   46.  -0.69290206E-04   0.36624648E-11   0.27657460E-11   0.00000000E+00
 23.   47.  -0.54190502E-04  -0.56352870E-04  -0.75077910E-03   0.00000000E+00
 23.   48.  -0.12937340E-04  -0.97606032E-04  -0.14503938E-02   0.00000000E+00
 23.   49.   0.43415533E-04  -0.11270574E-03  -0.20511667E-02   0.00000000E+00
 23.   50.   0.99768400E-04  -0.97606035E-04  -0.25121558E-02   0.00000000E+00
 23.   51.   0.14102157E-03  -0.56352870E-04  -0.28019458E-02   0.00000000E+00
 23.   52.   0.15612127E-03   0.00000000E+00  -0.29007877E-02   0.00000000E+00
 23.   53.   0.82351428E-03   0.00000000E+00  -0.40013603E-02   0.00000000E+00
 23.   54.   0.77268161E-03   0.18971013E-03  -0.38650172E-02   0.00000000E+00
 23.   55.   0.63380416E-03   0.32858758E-03  -0.34652796E-02   0.00000000E+00
 23.   56.   0.44409403E-03   0.37942025E-03  -0.28293890E-02   0.00000000E+00
 23.   57.   0.25438390E-03   0.32858758E-03  -0.20006801E-02   0.00000000E+00
 23.   58.   0.11550645E-03   0.18971013E-03  -0.10356282E-02   0.00000000E+00
 23.   59.   0.64673772E-04   0.18094313E-11  -0.38506910E-11   0.00000000E+00
 23.   60.   0.11550644E-03  -0.18971013E-03   0.10356282E-02   0.00000000E+00
 23.   61.   0.25438390E-03  -0.32858758E-03   0.20006801E-02   0.00000000E+00
 23.   62.   0.44409403E-03  -0.37942026E-03   0.28293890E-02   0.00000000E+00
 23.   63.   0.63380415E-03  -0.32858758E-03   0.34652796E-02   0.00000000E+00
 23.   64.   0.77268161E-03  -0.18971013E-03   0.38650172E-02   0.00000000E+00
 23.   65.   0.82351429E-03   0.00000000E+00   0.40013602E-02   0.00000000E+00
 23.   66.  -0.82351429E-03   0.00000000E+00  -0.40013603E-02   0.00000000E+00
 23.   67.  -0.77268161E-03  -0.18971013E-03  -0.38650172E-02   0.00000000E+00
 23.   68.  -0.63380416E-03  -0.32858758E-03  -0.34652796E-02   0.00000000E+00
 23.   69.  -0.44409403E-03  -0.37942026E-03  -0.28293890E-02   0.00000000E+00
 23.   70.  -0.25438390E-03  -0.32858758E-03  -0.20006801E-02   0.00000000E+00
 23.   71.  -0.11550645E-03  -0.18971013E-03  -0.10356282E-02   0.00000000E+00
 23.   72.  -0.64673772E-04   0.69706988E-12  -0.22250253E-11   0.00000000E+00
 23.   73.  -0.11550645E-03   0.18971013E-03   0.10356282E-02   0.00000000E+00
 23.   74.  -0.25438390E-03   0.32858758E-03   0.20006801E-02   0.00000000E+00
 23.   75.  -0.44409403E-03   0.37942025E-03   0.28293890E-02   0.00000000E+00
 23.   76.  -0.63380416E-03   0.32858758E-03   0.34652796E-02   0.00000000E+00
 23.   77.  -0.77268161E-03   0.18971013E-03   0.38650172E-02   0.00000000E+00
 23.   78.  -0.82351428E-03   0.00000000E+00   0.40013602E-02   0.00000000E+00
 24.    1.  -0.64804956E-01   0.00000000E+00  -0.24282830E-02   0.00000000E+00
 24.    2.  -0.62466516E-01   0.16286604E-01  -0.21029547E-02   0.00000000E+00
 24.    3.  -0.55686866E-01   0.31647524E-01  -0.12141415E-02   0.00000000E+00
 24.    4.  -0.45112247E-01   0.45112247E-01  -0.21265056E-10   0.00000000E+00
 24.    5.  -0.31647524E-01   0.55686865E-01   0.12141415E-02   0.00000000E+00
 24.    6.  -0.16286604E-01   0.62466516E-01   0.21029547E-02   0.00000000E+00
 24.    7.  -0.72592650E-10   0.64804956E-01   0.24282829E-02   0.00000000E+00
 24.    8.   0.16286604E-01   0.62466517E-01   0.21029547E-02   0.00000000E+00
 24.    9.   0.31647524E-01   0.55686866E-01   0.12141415E-02   0.00000000E+00
 24.   10.   0.45112247E-01   0.45112247E-01   0.19961870E-10   0.00000000E+00
 24.   11.   0.55686865E-01   0.31647524E-01  -0.12141414E-02   0.00000000E+00
 24.   12.   0.62466516E-01   0.16286604E-01  -0.21029547E-02   0.00000000E+00
 24.   13.   0.64804956E-01   0.00000000E+00  -0.24282829E-02   0.00000000E+00
 24.   14.  -0.71044742E-01   0.00000000E+00  -0.42747551E-03   0.00000000E+00
 24.   15.  -0.66045325E-01   0.87641671E-02  -0.37020465E-03   0.00000000E+00
 24.   16.  -0.52898299E-01   0.20577799E-01  -0.21373776E-03   0.00000000E+00
 24.   17.  -0.36146342E-01   0.36146341E-01  -0.47831279E-11   0.00000000E+00
 24.   18.  -0.20577799E-01   0.52898299E-01   0.21373776E-03   0.00000000E+00
 24.   19.  -0.87641671E-02   0.66045325E-01   0.37020466E-03   0.00000000E+00
 24.   20.  -0.38576686E-10   0.71044742E-01   0.42747551E-03   0.00000000E+00
 24.   21.   0.87641670E-02   0.66045325E-01   0.37020466E-03   0.00000000E+00
 24.   22.   0.20577799E-01   0.52898299E-01   0.21373777E-03   0.00000000E+00
 24.   23.   0.36146341E-01   0.36146342E-01   0.14640098E-11   0.00000000E+00
 24.   24.   0.52898299E-01   0.20577799E-01  -0.21373777E-03   0.00000000E+00
 24.   25.   0.66045324E-01   0.87641672E-02  -0.37020467E-03   0.00000000E+00
 24.   26.   0.71044742E-01   0.00000000E+00  -0.42747553E-03   0.00000000E+00
 24.   27.  -0.79133643E-01   0.00000000E+00  -0.68959076E-04   0.00000000E+00
 24.   28.  -0.72982410E-01   0.75877312E-02  -0.59720285E-04   0.00000000E+00
 24.   29.  -0.56971693E-01   0.19544224E-01  -0.34479516E-04   0.00000000E+00
 24.   30.  -0.37078450E-01   0.37078450E-01  -0.73524115E-12   0.00000000E+00
 24.   31.  -0.19544224E-01   0.56971693E-01   0.34479520E-04   0.00000000E+00
 24.   32.  -0.75877312E-02   0.72982410E-01   0.59720294E-04   0.00000000E+00
 24.   33.  -0.28947744E-10   0.79133643E-01   0.68959065E-04   0.00000000E+00
 24.   34.   0.75877311E-02   0.72982410E-01   0.59720300E-04   0.00000000E+00
 24.   35.   0.19544224E-01   0.56971693E-01   0.34479513E-04   0.00000000E+00
 24.   36.   0.37078450E-01   0.37078450E-01   0.22285352E-11   0.00000000E+00
 24.   37.   0.56971693E-01   0.19544224E-01  -0.34479522E-04   0.00000000E+00
 24.   38.   0.72982410E-01   0.75877313E-02  -0.59720289E-04   0.00000000E+00
 24.   39.   0.79133643E-01   0.00000000E+00  -0.68959077E-04   0.00000000E+00
 24.   40.  -0.84618940E-01   0.00000000E+00   0.13496045E-03   0.00000000E+00
 24.   41.  -0.76214786E-01   0.12969633E-02   0.11687919E-03   0.00000000E+00
 24.   42.  -0.54809084E-01   0.10313178E-01   0.67480231E-04   0.00000000E+00
 24.   43.  -0.29668233E-01   0.29668233E-01  -0.19156609E-11   0.00000000E+00
 24.   44.  -0.10313178E-01   0.54809084E-01  -0.67480238E-04   0.00000000E+00
 24.   45.  -0.12969633E-02   0.76214786E-01  -0.11687918E-03   0.00000000E+00
 24.   46.   0.25821060E-11   0.84618940E-01  -0.13496046E-03   0.00000000E+00
 24.   47.   0.12969633E-02   0.76214786E-01  -0.11687920E-03   0.00000000E+00
 24.   48.   0.10313178E-01   0.54809084E-01  -0.67480224E-04   0.00000000E+00
 24.   49.   0.29668233E-01   0.29668233E-01  -0.55258178E-11   0.00000000E+00
 24.   50.   0.54809083E-01   0.10313178E-01   0.67480247E-04   0.00000000E+00
 24.   51.   0.76214786E-01   0.12969633E-02   0.11687920E-03   0.00000000E+00
 24.   52.   0.84618940E-01   0.00000000E+00   0.13496046E-03   0.00000000E+00
 24.   53.  -0.84581801E-01   0.00000000E+00   0.31857553E-03   0.00000000E+00
 24.   54.  -0.72977704E-01  -0.10659724E-01   0.27589451E-03   0.00000000E+00
 24.   55.  -0.44065466E-01  -0.82581743E-02   0.15928776E-03   0.00000000E+00
 24.   56.  -0.12150240E-01   0.12150240E-01  -0.18493059E-11   0.00000000E+00
 24.   57.   0.82581742E-02   0.44065466E-01  -0.15928773E-03   0.00000000E+00
 24.   58.   0.10659724E-01   0.72977704E-01  -0.27589450E-03   0.00000000E+00
 24.   59.   0.60118654E-10   0.84581801E-01  -0.31857554E-03   0.00000000E+00
 24.   60.  -0.10659724E-01   0.72977704E-01  -0.27589447E-03   0.00000000E+00
 24.   61.  -0.82581743E-02   0.44065467E-01  -0.15928774E-03   0.00000000E+00
 24.   62.   0.12150240E-01   0.12150240E-01  -0.33969386E-10   0.00000000E+00
 24.   63.   0.44065466E-01  -0.82581742E-02   0.15928773E-03   0.00000000E+00
 24.   64.   0.72977704E-01  -0.10659724E-01   0.27589450E-03   0.00000000E+00
 24.   65.   0.84581801E-01   0.00000000E+00   0.31857548E-03   0.00000000E+00
 24.   66.  -0.84581801E-01   0.00000000E+00  -0.31857551E-03   0.00000000E+00
 24.   67.  -0.72977704E-01  -0.10659724E-01  -0.27589448E-03   0.00000000E+00
 24.   68.  -0.44065466E-01  -0.82581743E-02  -0.15928776E-03   0.00000000E+00
 24.   69.  -0.12150240E-01   0.12150240E-01  -0.41307137E-11   0.00000000E+00
 24.   70.   0.82581742E-02   0.44065466E-01   0.15928779E-03   0.00000000E+00
 24.   71.   0.10659724E-01   0.72977704E-01   0.27589449E-03   0.00000000E+00
 24.   72.   0.59424421E-10   0.84581801E-01   0.31857550E-03   0.00000000E+00
 24.   73.  -0.10659724E-01   0.72977704E-01   0.27589451E-03   0.00000000E+00
 24.   74.  -0.82581743E-02   0.44065467E-01   0.15928778E-03   0.00000000E+00
 24.   75.   0.12150240E-01   0.12150240E-01  -0.31894891E-10   0.00000000E+00
 24.   76.   0.44065466E-01  -0.82581742E-02  -0.15928779E-03   0.00000000E+00
 24.   77.   0.72977704E-01  -0.10659724E-01  -0.27589448E-03   0.00000000E+00
 24.   78.   0.84581801E-01   0.00000000E+00  -0.31857556E-03   0.00000000E+00
