mode k UX UY UZ VOLT
  1.    1.   0.91403875E-03   0.00000000E+00   0.37243595E-01   0.00000000E+00
  1.    2.   0.88289363E-03   0.23657064E-03   0.37243595E-01   0.00000000E+00
  1.    3.   0.79158078E-03   0.45701937E-03   0.37243595E-01   0.00000000E+00
  1.    4.   0.64632300E-03   0.64632300E-03   0.37243595E-01   0.00000000E+00
  1.    5.   0.45701937E-03   0.79158078E-03   0.37243595E-01   0.00000000E+00
  1.    6.   0.23657064E-03   0.88289363E-03   0.37243595E-01   0.00000000E+00
  1.    7.   0.10733367E-11   0.91403875E-03   0.37243595E-01   0.00000000E+00
  1.    8.  -0.23657063E-03   0.88289363E-03   0.37243595E-01   0.00000000E+00
  1.    9.  -0.45701937E-03   0.79158078E-03   0.37243595E-01   0.00000000E+00
  1.   10.  -0.64632300E-03   0.64632300E-03   0.37243595E-01   0.00000000E+00
  1.   11.  -0.79158077E-03   0.45701938E-03   0.37243595E-01   0.00000000E+00
  1.   12.  -0.88289363E-03   0.23657064E-03   0.37243595E-01   0.00000000E+00
  1.   13.  -0.91403875E-03   0.00000000E+00   0.37243595E-01   0.00000000E+00
  1.   14.   0.13346411E-02   0.00000000E+00   0.22545175E-01   0.00000000E+00
  1.   15.   0.12891643E-02   0.34543054E-03   0.22545175E-01   0.00000000E+00
  1.   16.   0.11558331E-02   0.66732055E-03   0.22545175E-01   0.00000000E+00
  1.   17.   0.94373378E-03   0.94373378E-03   0.22545175E-01   0.00000000E+00
  1.   18.   0.66732055E-03   0.11558331E-02   0.22545175E-01   0.00000000E+00
  1.   19.   0.34543054E-03   0.12891643E-02   0.22545175E-01   0.00000000E+00
  1.   20.   0.15744088E-11   0.13346411E-02   0.22545175E-01   0.00000000E+00
  1.   21.  -0.34543053E-03   0.12891643E-02   0.22545175E-01   0.00000000E+00
  1.   22.  -0.66732055E-03   0.11558331E-02   0.22545175E-01   0.00000000E+00
  1.   23.  -0.94373378E-03   0.94373378E-03   0.22545175E-01   0.00000000E+00
  1.   24.  -0.11558331E-02   0.66732056E-03   0.22545175E-01   0.00000000E+00
  1.   25.  -0.12891643E-02   0.34543054E-03   0.22545175E-01   0.00000000E+00
  1.   26.  -0.13346411E-02   0.00000000E+00   0.22545175E-01   0.00000000E+00
  1.   27.   0.10226097E-02   0.00000000E+00   0.70386470E-02   0.00000000E+00
  1.   28.   0.98776509E-03   0.26467086E-03   0.70386470E-02   0.00000000E+00
  1.   29.   0.88560595E-03   0.51130484E-03   0.70386470E-02   0.00000000E+00
  1.   30.   0.72309423E-03   0.72309423E-03   0.70386470E-02   0.00000000E+00
  1.   31.   0.51130484E-03   0.88560595E-03   0.70386470E-02   0.00000000E+00
  1.   32.   0.26467086E-03   0.98776509E-03   0.70386470E-02   0.00000000E+00
  1.   33.   0.12095089E-11   0.10226097E-02   0.70386470E-02   0.00000000E+00
  1.   34.  -0.26467086E-03   0.98776509E-03   0.70386470E-02   0.00000000E+00
  1.   35.  -0.51130483E-03   0.88560595E-03   0.70386470E-02   0.00000000E+00
  1.   36.  -0.72309423E-03   0.72309423E-03   0.70386470E-02   0.00000000E+00
  1.   37.  -0.88560595E-03   0.51130484E-03   0.70386470E-02   0.00000000E+00
  1.   38.  -0.98776509E-03   0.26467086E-03   0.70386470E-02   0.00000000E+00
  1.   39.  -0.10226097E-02   0.00000000E+00   0.70386470E-02   0.00000000E+00
  1.   40.   0.00000000E+00   0.00000000E+00   0.00000000E+00   0.00000000E+00
  1.   41.   0.00000000E+00   0.00000000E+00   0.00000000E+00   0.00000000E+00
  1.   42.   0.00000000E+00   0.00000000E+00   0.00000000E+00   0.00000000E+00
  1.   43.   0.00000000E+00   0.00000000E+00   0.00000000E+00   0.00000000E+00
  1.   44.   0.00000000E+00   0.00000000E+00   0.00000000E+00   0.00000000E+00
  1.   45.   0.00000000E+00   0.00000000E+00   0.00000000E+00   0.00000000E+00
  1.   46.   0.00000000E+00   0.00000000E+00   0.00000000E+00   0.00000000E+00
  1.   47.   0.00000000E+00   0.00000000E+00   0.00000000E+00   0.00000000E+00
  1.   48.   0.00000000E+00   0.00000000E+00   0.00000000E+00   0.00000000E+00
  1.   49.   0.00000000E+00   0.00000000E+00   0.00000000E+00   0.00000000E+00
  1.   50.   0.00000000E+00   0.00000000E+00   0.00000000E+00   0.00000000E+00
  1.   51.   0.00000000E+00   0.00000000E+00   0.00000000E+00   0.00000000E+00
  1.   52.   0.00000000E+00   0.00000000E+00   0.00000000E+00   0.00000000E+00
  1.   53.   0.00000000E+00   0.00000000E+00   0.00000000E+00   0.00000000E+00
  1.   54.   0.00000000E+00   0.00000000E+00   0.00000000E+00   0.00000000E+00
  1.   55.   0.00000000E+00   0.00000000E+00   0.00000000E+00   0.00000000E+00
  1.   56.   0.00000000E+00   0.00000000E+00   0.00000000E+00   0.00000000E+00
  1.   57.   0.00000000E+00   0.00000000E+00   0.00000000E+00   0.00000000E+00
  1.   58.   0.00000000E+00   0.00000000E+00   0.00000000E+00   0.00000000E+00
  1.   59.   0.00000000E+00   0.00000000E+00   0.00000000E+00   0.00000000E+00
  1.   60.   0.00000000E+00   0.00000000E+00   0.00000000E+00   0.00000000E+00
  1.   61.   0.00000000E+00   0.00000000E+00   0.00000000E+00   0.00000000E+00
  1.   62.   0.00000000E+00   0.00000000E+00   0.00000000E+00   0.00000000E+00
  1.   63.   0.00000000E+00   0.00000000E+00   0.00000000E+00   0.00000000E+00
  1.   64.   0.00000000E+00   0.00000000E+00   0.00000000E+00   0.00000000E+00
  1.   65.   0.00000000E+00   0.00000000E+00   0.00000000E+00   0.00000000E+00
  2.    1.  -0.88981986E-03   0.00000000E+00   0.17427856E-01   0.00000000E+00
  2.    2.  -0.92180917E-03   0.11938575E-03   0.16834017E-01   0.00000000E+00
  2.    3.  -0.10092056E-02   0.20678218E-03   0.15092966E-01   0.00000000E+00
  2.    4.  -0.11285914E-02   0.23877149E-03   0.12323355E-01   0.00000000E+00
  2.    5.  -0.12479771E-02   0.20678218E-03   0.87139282E-02   0.00000000E+00
  2.    6.  -0.13353735E-02   0.11938575E-03   0.45106611E-02   0.00000000E+00
  2.    7.  -0.13673628E-02   0.56490323E-12   0.20490761E-10   0.00000000E+00
  2.    8.  -0.13353735E-02  -0.11938575E-03  -0.45106611E-02   0.00000000E+00
  2.    9.  -0.12479771E-02  -0.20678218E-03  -0.87139281E-02   0.00000000E+00
  2.   10.  -0.11285914E-02  -0.23877149E-03  -0.12323355E-01   0.00000000E+00
  2.   11.  -0.10092056E-02  -0.20678218E-03  -0.15092966E-01   0.00000000E+00
  2.   12.  -0.92180917E-03  -0.11938575E-03  -0.16834017E-01   0.00000000E+00
  2.   13.  -0.88981986E-03   0.00000000E+00  -0.17427856E-01   0.00000000E+00
  2.   14.   0.49699792E-03   0.00000000E+00   0.19792083E-01   0.00000000E+00
  2.   15.   0.41115874E-03   0.32035616E-03   0.19117684E-01   0.00000000E+00
  2.   16.   0.17664176E-03   0.55487315E-03   0.17140447E-01   0.00000000E+00
  2.   17.  -0.14371440E-03   0.64071232E-03   0.13995116E-01   0.00000000E+00
  2.   18.  -0.46407057E-03   0.55487315E-03   0.98960415E-02   0.00000000E+00
  2.   19.  -0.69858755E-03   0.32035616E-03   0.51225680E-02   0.00000000E+00
  2.   20.  -0.78442673E-03   0.15113791E-11   0.23263681E-10   0.00000000E+00
  2.   21.  -0.69858755E-03  -0.32035616E-03  -0.51225680E-02   0.00000000E+00
  2.   22.  -0.46407057E-03  -0.55487315E-03  -0.98960414E-02   0.00000000E+00
  2.   23.  -0.14371441E-03  -0.64071232E-03  -0.13995116E-01   0.00000000E+00
  2.   24.   0.17664175E-03  -0.55487315E-03  -0.17140447E-01   0.00000000E+00
  2.   25.   0.41115874E-03  -0.32035616E-03  -0.19117684E-01   0.00000000E+00
  2.   26.   0.49699792E-03   0.00000000E+00  -0.19792083E-01   0.00000000E+00
  2.   27.   0.10704024E-02   0.00000000E+00   0.84788718E-02   0.00000000E+00
  2.   28.   0.98359555E-03   0.32396765E-03   0.81899613E-02   0.00000000E+00
  2.   29.   0.74643477E-03   0.56112843E-03   0.73429184E-02   0.00000000E+00
  2.   30.   0.42246712E-03   0.64793530E-03   0.59954678E-02   0.00000000E+00
  2.   31.   0.98499472E-04   0.56112843E-03   0.42394359E-02   0.00000000E+00
  2.   32.  -0.13866131E-03   0.32396765E-03   0.21944935E-02   0.00000000E+00
  2.   33.  -0.22546818E-03   0.15234319E-11   0.99571348E-11   0.00000000E+00
  2.   34.  -0.13866131E-03  -0.32396765E-03  -0.21944935E-02   0.00000000E+00
  2.   35.   0.98499469E-04  -0.56112843E-03  -0.42394359E-02   0.00000000E+00
  2.   36.   0.42246712E-03  -0.64793530E-03  -0.59954678E-02   0.00000000E+00
  2.   37.   0.74643477E-03  -0.56112843E-03  -0.73429184E-02   0.00000000E+00
  2.   38.   0.98359555E-03  -0.32396765E-03  -0.81899613E-02   0.00000000E+00
  2.   39.   0.10704024E-02   0.00000000E+00  -0.84788718E-02   0.00000000E+00
  2.   40.   0.00000000E+00   0.00000000E+00   0.00000000E+00   0.00000000E+00
  2.   41.   0.00000000E+00   0.00000000E+00   0.00000000E+00   0.00000000E+00
  2.   42.   0.00000000E+00   0.00000000E+00   0.00000000E+00   0.00000000E+00
  2.   43.   0.00000000E+00   0.00000000E+00   0.00000000E+00   0.00000000E+00
  2.   44.   0.00000000E+00   0.00000000E+00   0.00000000E+00   0.00000000E+00
  2.   45.   0.00000000E+00   0.00000000E+00   0.00000000E+00   0.00000000E+00
  2.   46.   0.00000000E+00   0.00000000E+00   0.00000000E+00   0.00000000E+00
  2.   47.   0.00000000E+00   0.00000000E+00   0.00000000E+00   0.00000000E+00
  2.   48.   0.00000000E+00   0.00000000E+00   0.00000000E+00   0.00000000E+00
  2.   49.   0.00000000E+00   0.00000000E+00   0.00000000E+00   0.00000000E+00
  2.   50.   0.00000000E+00   0.00000000E+00   0.00000000E+00   0.00000000E+00
  2.   51.   0.00000000E+00   0.00000000E+00   0.00000000E+00   0.00000000E+00
  2.   52.   0.00000000E+00   0.00000000E+00   0.00000000E+00   0.00000000E+00
  2.   53.   0.00000000E+00   0.00000000E+00   0.00000000E+00   0.00000000E+00
  2.   54.   0.00000000E+00   0.00000000E+00   0.00000000E+00   0.00000000E+00
  2.   55.   0.00000000E+00   0.00000000E+00   0.00000000E+00   0.00000000E+00
  2.   56.   0.00000000E+00   0.00000000E+00   0.00000000E+00   0.00000000E+00
  2.   57.   0.00000000E+00   0.00000000E+00   0.00000000E+00   0.00000000E+00
  2.   58.   0.00000000E+00   0.00000000E+00   0.00000000E+00   0.00000000E+00
  2.   59.   0.00000000E+00   0.00000000E+00   0.00000000E+00   0.00000000E+00
  2.   60.   0.00000000E+00   0.00000000E+00   0.00000000E+00   0.00000000E+00
  2.   61.   0.00000000E+00   0.00000000E+00   0.00000000E+00   0.00000000E+00
  2.   62.   0.00000000E+00   0.00000000E+00   0.00000000E+00   0.00000000E+00
  2.   63.   0.00000000E+00   0.00000000E+00   0.00000000E+00   0.00000000E+00
  2.   64.   0.00000000E+00   0.00000000E+00   0.00000000E+00   0.00000000E+00
  2.   65.   0.00000000E+00   0.00000000E+00   0.00000000E+00   0.00000000E+00
  3.    1.  -0.73718677E-03   0.00000000E+00   0.58439432E-02   0.00000000E+00
  3.    2.  -0.73497342E-03   0.27628314E-03   0.50610033E-02   0.00000000E+00
  3.    3.  -0.71506637E-03   0.50134451E-03   0.29219716E-02   0.00000000E+00
  3.    4.  -0.64642873E-03   0.64642873E-03   0.81501462E-11   0.00000000E+00
  3.    5.  -0.50134451E-03   0.71506637E-03  -0.29219716E-02   0.00000000E+00
  3.    6.  -0.27628314E-03   0.73497342E-03  -0.50610033E-02   0.00000000E+00
  3.    7.  -0.12845667E-11   0.73718677E-03  -0.58439432E-02   0.00000000E+00
  3.    8.   0.27628314E-03   0.73497342E-03  -0.50610033E-02   0.00000000E+00
  3.    9.   0.50134451E-03   0.71506637E-03  -0.29219716E-02   0.00000000E+00
  3.   10.   0.64642873E-03   0.64642873E-03  -0.18899551E-10   0.00000000E+00
  3.   11.   0.71506637E-03   0.50134451E-03   0.29219716E-02   0.00000000E+00
  3.   12.   0.73497342E-03   0.27628314E-03   0.50610033E-02   0.00000000E+00
  3.   13.   0.73718677E-03   0.00000000E+00   0.58439432E-02   0.00000000E+00
  3.   14.  -0.10719278E-03   0.00000000E+00   0.12429916E-01   0.00000000E+00
  3.   15.  -0.21676846E-03   0.45031687E-03   0.10764623E-01   0.00000000E+00
  3.   16.  -0.47170056E-03   0.70981656E-03   0.62149579E-02   0.00000000E+00
  3.   17.  -0.69448705E-03   0.69448705E-03   0.16855797E-10   0.00000000E+00
  3.   18.  -0.70981656E-03   0.47170056E-03  -0.62149579E-02   0.00000000E+00
  3.   19.  -0.45031687E-03   0.21676846E-03  -0.10764623E-01   0.00000000E+00
  3.   20.  -0.21916743E-11   0.10719278E-03  -0.12429916E-01   0.00000000E+00
  3.   21.   0.45031687E-03   0.21676846E-03  -0.10764623E-01   0.00000000E+00
  3.   22.   0.70981656E-03   0.47170056E-03  -0.62149579E-02   0.00000000E+00
  3.   23.   0.69448705E-03   0.69448705E-03  -0.40771971E-10   0.00000000E+00
  3.   24.   0.47170057E-03   0.70981656E-03   0.62149578E-02   0.00000000E+00
  3.   25.   0.21676846E-03   0.45031688E-03   0.10764623E-01   0.00000000E+00
  3.   26.   0.10719278E-03   0.00000000E+00   0.12429916E-01   0.00000000E+00
  3.   27.   0.78371621E-03   0.00000000E+00   0.72811983E-02   0.00000000E+00
  3.   28.   0.60566585E-03   0.36198984E-03   0.63057027E-02   0.00000000E+00
  3.   29.   0.17230496E-03   0.48527527E-03   0.36405991E-02   0.00000000E+00
  3.   30.  -0.27279823E-03   0.27279823E-03   0.98288014E-11   0.00000000E+00
  3.   31.  -0.48527527E-03  -0.17230495E-03  -0.36405991E-02   0.00000000E+00
  3.   32.  -0.36198984E-03  -0.60566585E-03  -0.63057027E-02   0.00000000E+00
  3.   33.  -0.18378386E-11  -0.78371621E-03  -0.72811983E-02   0.00000000E+00
  3.   34.   0.36198984E-03  -0.60566585E-03  -0.63057027E-02   0.00000000E+00
  3.   35.   0.48527527E-03  -0.17230496E-03  -0.36405991E-02   0.00000000E+00
  3.   36.   0.27279823E-03   0.27279823E-03  -0.23945288E-10   0.00000000E+00
  3.   37.  -0.17230495E-03   0.48527527E-03   0.36405991E-02   0.00000000E+00
  3.   38.  -0.60566584E-03   0.36198984E-03   0.63057026E-02   0.00000000E+00
  3.   39.  -0.78371621E-03   0.00000000E+00   0.72811983E-02   0.00000000E+00
  3.   40.   0.00000000E+00   0.00000000E+00   0.00000000E+00   0.00000000E+00
  3.   41.   0.00000000E+00   0.00000000E+00   0.00000000E+00   0.00000000E+00
  3.   42.   0.00000000E+00   0.00000000E+00   0.00000000E+00   0.00000000E+00
  3.   43.   0.00000000E+00   0.00000000E+00   0.00000000E+00   0.00000000E+00
  3.   44.   0.00000000E+00   0.00000000E+00   0.00000000E+00   0.00000000E+00
  3.   45.   0.00000000E+00   0.00000000E+00   0.00000000E+00   0.00000000E+00
  3.   46.   0.00000000E+00   0.00000000E+00   0.00000000E+00   0.00000000E+00
  3.   47.   0.00000000E+00   0.00000000E+00   0.00000000E+00   0.00000000E+00
  3.   48.   0.00000000E+00   0.00000000E+00   0.00000000E+00   0.00000000E+00
  3.   49.   0.00000000E+00   0.00000000E+00   0.00000000E+00   0.00000000E+00
  3.   50.   0.00000000E+00   0.00000000E+00   0.00000000E+00   0.00000000E+00
  3.   51.   0.00000000E+00   0.00000000E+00   0.00000000E+00   0.00000000E+00
  3.   52.   0.00000000E+00   0.00000000E+00   0.00000000E+00   0.00000000E+00
  3.   53.   0.00000000E+00   0.00000000E+00   0.00000000E+00   0.00000000E+00
  3.   54.   0.00000000E+00   0.00000000E+00   0.00000000E+00   0.00000000E+00
  3.   55.   0.00000000E+00   0.00000000E+00   0.00000000E+00   0.00000000E+00
  3.   56.   0.00000000E+00   0.00000000E+00   0.00000000E+00   0.00000000E+00
  3.   57.   0.00000000E+00   0.00000000E+00   0.00000000E+00   0.00000000E+00
  3.   58.   0.00000000E+00   0.00000000E+00   0.00000000E+00   0.00000000E+00
  3.   59.   0.00000000E+00   0.00000000E+00   0.00000000E+00   0.00000000E+00
  3.   60.   0.00000000E+00   0.00000000E+00   0.00000000E+00   0.00000000E+00
  3.   61.   0.00000000E+00   0.00000000E+00   0.00000000E+00   0.00000000E+00
  3.   62.   0.00000000E+00   0.00000000E+00   0.00000000E+00   0.00000000E+00
  3.   63.   0.00000000E+00   0.00000000E+00   0.00000000E+00   0.00000000E+00
  3.   64.   0.00000000E+00   0.00000000E+00   0.00000000E+00   0.00000000E+00
  3.   65.   0.00000000E+00   0.00000000E+00   0.00000000E+00   0.00000000E+00
  4.    1.   0.70862408E-03   0.00000000E+00   0.44505973E-02   0.00000000E+00
  4.    2.   0.68447830E-03   0.18340541E-03   0.44505973E-02   0.00000000E+00
  4.    3.   0.61368645E-03   0.35431204E-03   0.44505973E-02   0.00000000E+00
  4.    4.   0.50107289E-03   0.50107289E-03   0.44505973E-02   0.00000000E+00
  4.    5.   0.35431204E-03   0.61368645E-03   0.44505973E-02   0.00000000E+00
  4.    6.   0.18340541E-03   0.68447830E-03   0.44505973E-02   0.00000000E+00
  4.    7.   0.83518319E-12   0.70862408E-03   0.44505973E-02   0.00000000E+00
  4.    8.  -0.18340541E-03   0.68447830E-03   0.44505973E-02   0.00000000E+00
  4.    9.  -0.35431204E-03   0.61368645E-03   0.44505973E-02   0.00000000E+00
  4.   10.  -0.50107289E-03   0.50107289E-03   0.44505973E-02   0.00000000E+00
  4.   11.  -0.61368645E-03   0.35431204E-03   0.44505973E-02   0.00000000E+00
  4.   12.  -0.68447830E-03   0.18340541E-03   0.44505973E-02   0.00000000E+00
  4.   13.  -0.70862408E-03   0.00000000E+00   0.44505973E-02   0.00000000E+00
  4.   14.   0.35285808E-03   0.00000000E+00  -0.32303990E-02   0.00000000E+00
  4.   15.   0.34083473E-03   0.91326390E-04  -0.32303990E-02   0.00000000E+00
  4.   16.   0.30558406E-03   0.17642904E-03  -0.32303990E-02   0.00000000E+00
  4.   17.   0.24950834E-03   0.24950834E-03  -0.32303990E-02   0.00000000E+00
  4.   18.   0.17642904E-03   0.30558406E-03  -0.32303990E-02   0.00000000E+00
  4.   19.   0.91326391E-04   0.34083473E-03  -0.32303990E-02   0.00000000E+00
  4.   20.   0.41278751E-12   0.35285808E-03  -0.32303990E-02   0.00000000E+00
  4.   21.  -0.91326390E-04   0.34083473E-03  -0.32303990E-02   0.00000000E+00
  4.   22.  -0.17642904E-03   0.30558406E-03  -0.32303990E-02   0.00000000E+00
  4.   23.  -0.24950834E-03   0.24950834E-03  -0.32303990E-02   0.00000000E+00
  4.   24.  -0.30558406E-03   0.17642904E-03  -0.32303990E-02   0.00000000E+00
  4.   25.  -0.34083473E-03   0.91326391E-04  -0.32303990E-02   0.00000000E+00
  4.   26.  -0.35285808E-03   0.00000000E+00  -0.32303990E-02   0.00000000E+00
  4.   27.  -0.29349059E-03   0.00000000E+00  -0.31027491E-02   0.00000000E+00
  4.   28.  -0.28349014E-03  -0.75960955E-04  -0.31027491E-02   0.00000000E+00
  4.   29.  -0.25417031E-03  -0.14674530E-03  -0.31027491E-02   0.00000000E+00
  4.   30.  -0.20752919E-03  -0.20752919E-03  -0.31027491E-02   0.00000000E+00
  4.   31.  -0.14674530E-03  -0.25417031E-03  -0.31027491E-02   0.00000000E+00
  4.   32.  -0.75960955E-04  -0.28349014E-03  -0.31027491E-02   0.00000000E+00
  4.   33.  -0.34854236E-12  -0.29349059E-03  -0.31027491E-02   0.00000000E+00
  4.   34.   0.75960955E-04  -0.28349014E-03  -0.31027491E-02   0.00000000E+00
  4.   35.   0.14674530E-03  -0.25417031E-03  -0.31027491E-02   0.00000000E+00
  4.   36.   0.20752919E-03  -0.20752919E-03  -0.31027491E-02   0.00000000E+00
  4.   37.   0.25417031E-03  -0.14674530E-03  -0.31027491E-02   0.00000000E+00
  4.   38.   0.28349014E-03  -0.75960956E-04  -0.31027491E-02   0.00000000E+00
  4.   39.   0.29349059E-03   0.00000000E+00  -0.31027491E-02   0.00000000E+00
  4.   40.   0.00000000E+00   0.00000000E+00   0.00000000E+00   0.00000000E+00
  4.   41.   0.00000000E+00   0.00000000E+00   0.00000000E+00   0.00000000E+00
  4.   42.   0.00000000E+00   0.00000000E+00   0.00000000E+00   0.00000000E+00
  4.   43.   0.00000000E+00   0.00000000E+00   0.00000000E+00   0.00000000E+00
  4.   44.   0.00000000E+00   0.00000000E+00   0.00000000E+00   0.00000000E+00
  4.   45.   0.00000000E+00   0.00000000E+00   0.00000000E+00   0.00000000E+00
  4.   46.   0.00000000E+00   0.00000000E+00   0.00000000E+00   0.00000000E+00
  4.   47.   0.00000000E+00   0.00000000E+00   0.00000000E+00   0.00000000E+00
  4.   48.   0.00000000E+00   0.00000000E+00   0.00000000E+00   0.00000000E+00
  4.   49.   0.00000000E+00   0.00000000E+00   0.00000000E+00   0.00000000E+00
  4.   50.   0.00000000E+00   0.00000000E+00   0.00000000E+00   0.00000000E+00
  4.   51.   0.00000000E+00   0.00000000E+00   0.00000000E+00   0.00000000E+00
  4.   52.   0.00000000E+00   0.00000000E+00   0.00000000E+00   0.00000000E+00
  4.   53.   0.00000000E+00   0.00000000E+00   0.00000000E+00   0.00000000E+00
  4.   54.   0.00000000E+00   0.00000000E+00   0.00000000E+00   0.00000000E+00
  4.   55.   0.00000000E+00   0.00000000E+00   0.00000000E+00   0.00000000E+00
  4.   56.   0.00000000E+00   0.00000000E+00   0.00000000E+00   0.00000000E+00
  4.   57.   0.00000000E+00   0.00000000E+00   0.00000000E+00   0.00000000E+00
  4.   58.   0.00000000E+00   0.00000000E+00   0.00000000E+00   0.00000000E+00
  4.   59.   0.00000000E+00   0.00000000E+00   0.00000000E+00   0.00000000E+00
  4.   60.   0.00000000E+00   0.00000000E+00   0.00000000E+00   0.00000000E+00
  4.   61.   0.00000000E+00   0.00000000E+00   0.00000000E+00   0.00000000E+00
  4.   62.   0.00000000E+00   0.00000000E+00   0.00000000E+00   0.00000000E+00
  4.   63.   0.00000000E+00   0.00000000E+00   0.00000000E+00   0.00000000E+00
  4.   64.   0.00000000E+00   0.00000000E+00   0.00000000E+00   0.00000000E+00
  4.   65.   0.00000000E+00   0.00000000E+00   0.00000000E+00   0.00000000E+00
  5.    1.  -0.38374521E-03   0.00000000E+00   0.19123725E-02   0.00000000E+00
  5.    2.  -0.34393520E-03   0.23517223E-03   0.13522516E-02   0.00000000E+00
  5.    3.  -0.22357013E-03   0.38723483E-03   0.11004189E-11   0.00000000E+00
  5.    4.  -0.31697529E-04   0.41544274E-03  -0.13522516E-02   0.00000000E+00
  5.    5.   0.19187260E-03   0.33233310E-03  -0.19123725E-02   0.00000000E+00
  5.    6.   0.37563273E-03   0.18027050E-03  -0.13522516E-02   0.00000000E+00
  5.    7.   0.44714026E-03   0.83625059E-12  -0.67590691E-11   0.00000000E+00
  5.    8.   0.37563273E-03  -0.18027050E-03   0.13522516E-02   0.00000000E+00
  5.    9.   0.19187260E-03  -0.33233310E-03   0.19123725E-02   0.00000000E+00
  5.   10.  -0.31697527E-04  -0.41544273E-03   0.13522516E-02   0.00000000E+00
  5.   11.  -0.22357013E-03  -0.38723483E-03   0.12260600E-10   0.00000000E+00
  5.   12.  -0.34393520E-03  -0.23517223E-03  -0.13522516E-02   0.00000000E+00
  5.   13.  -0.38374521E-03   0.00000000E+00  -0.19123725E-02   0.00000000E+00
  5.   14.  -0.32009440E-03   0.00000000E+00   0.76150523E-02   0.00000000E+00
  5.   15.  -0.38321143E-03   0.55565038E-03   0.53846551E-02   0.00000000E+00
  5.   16.  -0.44964883E-03   0.77881461E-03   0.39524120E-11   0.00000000E+00
  5.   17.  -0.28960163E-03   0.60969603E-03  -0.53846551E-02   0.00000000E+00
  5.   18.   0.16004720E-03   0.27720988E-03  -0.76150523E-02   0.00000000E+00
  5.   19.   0.67281306E-03   0.54045647E-04  -0.53846551E-02   0.00000000E+00
  5.   20.   0.89929765E-03   0.73478737E-13  -0.26992125E-10   0.00000000E+00
  5.   21.   0.67281306E-03  -0.54045645E-04   0.53846551E-02   0.00000000E+00
  5.   22.   0.16004720E-03  -0.27720988E-03   0.76150523E-02   0.00000000E+00
  5.   23.  -0.28960163E-03  -0.60969602E-03   0.53846551E-02   0.00000000E+00
  5.   24.  -0.44964883E-03  -0.77881461E-03   0.49049059E-10   0.00000000E+00
  5.   25.  -0.38321143E-03  -0.55565038E-03  -0.53846551E-02   0.00000000E+00
  5.   26.  -0.32009440E-03   0.00000000E+00  -0.76150523E-02   0.00000000E+00
  5.   27.   0.54394905E-03   0.00000000E+00   0.60845491E-02   0.00000000E+00
  5.   28.   0.28338096E-03   0.42850430E-03   0.43024260E-02   0.00000000E+00
  5.   29.  -0.24081156E-03   0.41709786E-03   0.31131244E-11   0.00000000E+00
  5.   30.  -0.51278609E-03  -0.31162958E-04  -0.43024259E-02   0.00000000E+00
  5.   31.  -0.27197453E-03  -0.47107369E-03  -0.60845491E-02   0.00000000E+00
  5.   32.   0.22940513E-03  -0.45966726E-03  -0.43024260E-02   0.00000000E+00
  5.   33.   0.48162313E-03  -0.24958938E-11  -0.21563695E-10   0.00000000E+00
  5.   34.   0.22940513E-03   0.45966726E-03   0.43024259E-02   0.00000000E+00
  5.   35.  -0.27197452E-03   0.47107370E-03   0.60845491E-02   0.00000000E+00
  5.   36.  -0.51278609E-03   0.31162963E-04   0.43024260E-02   0.00000000E+00
  5.   37.  -0.24081157E-03  -0.41709786E-03   0.39240862E-10   0.00000000E+00
  5.   38.   0.28338095E-03  -0.42850430E-03  -0.43024259E-02   0.00000000E+00
  5.   39.   0.54394905E-03   0.00000000E+00  -0.60845491E-02   0.00000000E+00
  5.   40.   0.00000000E+00   0.00000000E+00   0.00000000E+00   0.00000000E+00
  5.   41.   0.00000000E+00   0.00000000E+00   0.00000000E+00   0.00000000E+00
  5.   42.   0.00000000E+00   0.00000000E+00   0.00000000E+00   0.00000000E+00
  5.   43.   0.00000000E+00   0.00000000E+00   0.00000000E+00   0.00000000E+00
  5.   44.   0.00000000E+00   0.00000000E+00   0.00000000E+00   0.00000000E+00
  5.   45.   0.00000000E+00   0.00000000E+00   0.00000000E+00   0.00000000E+00
  5.   46.   0.00000000E+00   0.00000000E+00   0.00000000E+00   0.00000000E+00
  5.   47.   0.00000000E+00   0.00000000E+00   0.00000000E+00   0.00000000E+00
  5.   48.   0.00000000E+00   0.00000000E+00   0.00000000E+00   0.00000000E+00
  5.   49.   0.00000000E+00   0.00000000E+00   0.00000000E+00   0.00000000E+00
  5.   50.   0.00000000E+00   0.00000000E+00   0.00000000E+00   0.00000000E+00
  5.   51.   0.00000000E+00   0.00000000E+00   0.00000000E+00   0.00000000E+00
  5.   52.   0.00000000E+00   0.00000000E+00   0.00000000E+00   0.00000000E+00
  5.   53.   0.00000000E+00   0.00000000E+00   0.00000000E+00   0.00000000E+00
  5.   54.   0.00000000E+00   0.00000000E+00   0.00000000E+00   0.00000000E+00
  5.   55.   0.00000000E+00   0.00000000E+00   0.00000000E+00   0.00000000E+00
  5.   56.   0.00000000E+00   0.00000000E+00   0.00000000E+00   0.00000000E+00
  5.   57.   0.00000000E+00   0.00000000E+00   0.00000000E+00   0.00000000E+00
  5.   58.   0.00000000E+00   0.00000000E+00   0.00000000E+00   0.00000000E+00
  5.   59.   0.00000000E+00   0.00000000E+00   0.00000000E+00   0.00000000E+00
  5.   60.   0.00000000E+00   0.00000000E+00   0.00000000E+00   0.00000000E+00
  5.   61.   0.00000000E+00   0.00000000E+00   0.00000000E+00   0.00000000E+00
  5.   62.   0.00000000E+00   0.00000000E+00   0.00000000E+00   0.00000000E+00
  5.   63.   0.00000000E+00   0.00000000E+00   0.00000000E+00   0.00000000E+00
  5.   64.   0.00000000E+00   0.00000000E+00   0.00000000E+00   0.00000000E+00
  5.   65.   0.00000000E+00   0.00000000E+00   0.00000000E+00   0.00000000E+00
  6.    1.   0.10271462E-03   0.00000000E+00   0.67317380E-02   0.00000000E+00
  6.    2.   0.60769715E-04   0.15654050E-03   0.65023596E-02   0.00000000E+00
  6.    3.  -0.53825886E-04   0.27113610E-03   0.58298561E-02   0.00000000E+00
  6.    4.  -0.21036639E-03   0.31308100E-03   0.47600576E-02   0.00000000E+00
  6.    5.  -0.36690689E-03   0.27113610E-03   0.33658690E-02   0.00000000E+00
  6.    6.  -0.48150249E-03   0.15654050E-03   0.17423020E-02   0.00000000E+00
  6.    7.  -0.52344739E-03   0.73912467E-12   0.79342729E-11   0.00000000E+00
  6.    8.  -0.48150249E-03  -0.15654050E-03  -0.17423020E-02   0.00000000E+00
  6.    9.  -0.36690689E-03  -0.27113610E-03  -0.33658690E-02   0.00000000E+00
  6.   10.  -0.21036639E-03  -0.31308100E-03  -0.47600576E-02   0.00000000E+00
  6.   11.  -0.53825887E-04  -0.27113610E-03  -0.58298561E-02   0.00000000E+00
  6.   12.   0.60769715E-04  -0.15654050E-03  -0.65023596E-02   0.00000000E+00
  6.   13.   0.10271462E-03   0.00000000E+00  -0.67317380E-02   0.00000000E+00
  6.   14.   0.71467556E-03   0.00000000E+00  -0.47377113E-03   0.00000000E+00
  6.   15.   0.66805283E-03   0.17399841E-03  -0.45762777E-03   0.00000000E+00
  6.   16.   0.54067715E-03   0.30137409E-03  -0.41029784E-03   0.00000000E+00
  6.   17.   0.36667874E-03   0.34799682E-03  -0.33500678E-03   0.00000000E+00
  6.   18.   0.19268033E-03   0.30137409E-03  -0.23688557E-03   0.00000000E+00
  6.   19.   0.65304654E-04   0.17399841E-03  -0.12262099E-03   0.00000000E+00
  6.   20.   0.18681920E-04   0.82163229E-12  -0.57427941E-12   0.00000000E+00
  6.   21.   0.65304653E-04  -0.17399841E-03   0.12262099E-03   0.00000000E+00
  6.   22.   0.19268033E-03  -0.30137409E-03   0.23688557E-03   0.00000000E+00
  6.   23.   0.36667874E-03  -0.34799682E-03   0.33500678E-03   0.00000000E+00
  6.   24.   0.54067715E-03  -0.30137409E-03   0.41029783E-03   0.00000000E+00
  6.   25.   0.66805283E-03  -0.17399841E-03   0.45762777E-03   0.00000000E+00
  6.   26.   0.71467556E-03   0.00000000E+00   0.47377113E-03   0.00000000E+00
  6.   27.  -0.23283957E-03   0.00000000E+00  -0.39184892E-02   0.00000000E+00
  6.   28.  -0.21032873E-03  -0.84011617E-04  -0.37849699E-02   0.00000000E+00
  6.   29.  -0.14882795E-03  -0.14551239E-03  -0.33935112E-02   0.00000000E+00
  6.   30.  -0.64816338E-04  -0.16802323E-03  -0.27707903E-02   0.00000000E+00
  6.   31.   0.19195279E-04  -0.14551239E-03  -0.19592446E-02   0.00000000E+00
  6.   32.   0.80696052E-04  -0.84011617E-04  -0.10141796E-02   0.00000000E+00
  6.   33.   0.10320690E-03  -0.39743133E-12  -0.46358927E-11   0.00000000E+00
  6.   34.   0.80696052E-04   0.84011617E-04   0.10141796E-02   0.00000000E+00
  6.   35.   0.19195280E-04   0.14551239E-03   0.19592446E-02   0.00000000E+00
  6.   36.  -0.64816337E-04   0.16802323E-03   0.27707903E-02   0.00000000E+00
  6.   37.  -0.14882795E-03   0.14551239E-03   0.33935112E-02   0.00000000E+00
  6.   38.  -0.21032873E-03   0.84011618E-04   0.37849699E-02   0.00000000E+00
  6.   39.  -0.23283957E-03   0.00000000E+00   0.39184892E-02   0.00000000E+00
  6.   40.   0.00000000E+00   0.00000000E+00   0.00000000E+00   0.00000000E+00
  6.   41.   0.00000000E+00   0.00000000E+00   0.00000000E+00   0.00000000E+00
  6.   42.   0.00000000E+00   0.00000000E+00   0.00000000E+00   0.00000000E+00
  6.   43.   0.00000000E+00   0.00000000E+00   0.00000000E+00   0.00000000E+00
  6.   44.   0.00000000E+00   0.00000000E+00   0.00000000E+00   0.00000000E+00
  6.   45.   0.00000000E+00   0.00000000E+00   0.00000000E+00   0.00000000E+00
  6.   46.   0.00000000E+00   0.00000000E+00   0.00000000E+00   0.00000000E+00
  6.   47.   0.00000000E+00   0.00000000E+00   0.00000000E+00   0.00000000E+00
  6.   48.   0.00000000E+00   0.00000000E+00   0.00000000E+00   0.00000000E+00
  6.   49.   0.00000000E+00   0.00000000E+00   0.00000000E+00   0.00000000E+00
  6.   50.   0.00000000E+00   0.00000000E+00   0.00000000E+00   0.00000000E+00
  6.   51.   0.00000000E+00   0.00000000E+00   0.00000000E+00   0.00000000E+00
  6.   52.   0.00000000E+00   0.00000000E+00   0.00000000E+00   0.00000000E+00
  6.   53.   0.00000000E+00   0.00000000E+00   0.00000000E+00   0.00000000E+00
  6.   54.   0.00000000E+00   0.00000000E+00   0.00000000E+00   0.00000000E+00
  6.   55.   0.00000000E+00   0.00000000E+00   0.00000000E+00   0.00000000E+00
  6.   56.   0.00000000E+00   0.00000000E+00   0.00000000E+00   0.00000000E+00
  6.   57.   0.00000000E+00   0.00000000E+00   0.00000000E+00   0.00000000E+00
  6.   58.   0.00000000E+00   0.00000000E+00   0.00000000E+00   0.00000000E+00
  6.   59.   0.00000000E+00   0.00000000E+00   0.00000000E+00   0.00000000E+00
  6.   60.   0.00000000E+00   0.00000000E+00   0.00000000E+00   0.00000000E+00
  6.   61.   0.00000000E+00   0.00000000E+00   0.00000000E+00   0.00000000E+00
  6.   62.   0.00000000E+00   0.00000000E+00   0.00000000E+00   0.00000000E+00
  6.   63.   0.00000000E+00   0.00000000E+00   0.00000000E+00   0.00000000E+00
  6.   64.   0.00000000E+00   0.00000000E+00   0.00000000E+00   0.00000000E+00
  6.   65.   0.00000000E+00   0.00000000E+00   0.00000000E+00   0.00000000E+00
  7.    1.  -0.17120981E-03   0.00000000E+00   0.62416366E-03   0.00000000E+00
  7.    2.  -0.12612471E-03   0.13995185E-03   0.31208183E-03   0.00000000E+00
  7.    3.  -0.97772664E-05   0.18814453E-03  -0.31208183E-03   0.00000000E+00
  7.    4.   0.12106362E-03   0.12106362E-03  -0.62416366E-03   0.00000000E+00
  7.    5.   0.18814453E-03  -0.97772659E-05  -0.31208183E-03   0.00000000E+00
  7.    6.   0.13995185E-03  -0.12612470E-03   0.31208183E-03   0.00000000E+00
  7.    7.   0.71093879E-12  -0.17120981E-03   0.62416366E-03   0.00000000E+00
  7.    8.  -0.13995185E-03  -0.12612471E-03   0.31208183E-03   0.00000000E+00
  7.    9.  -0.18814453E-03  -0.97772671E-05  -0.31208183E-03   0.00000000E+00
  7.   10.  -0.12106362E-03   0.12106362E-03  -0.62416366E-03   0.00000000E+00
  7.   11.   0.97772652E-05   0.18814453E-03  -0.31208183E-03   0.00000000E+00
  7.   12.   0.12612470E-03   0.13995185E-03   0.31208182E-03   0.00000000E+00
  7.   13.   0.17120981E-03   0.00000000E+00   0.62416366E-03   0.00000000E+00
  7.   14.  -0.34920780E-03   0.00000000E+00   0.46503000E-02   0.00000000E+00
  7.   15.  -0.33211604E-03   0.56485628E-03   0.23251500E-02   0.00000000E+00
  7.   16.  -0.16457220E-03   0.63425521E-03  -0.23251500E-02   0.00000000E+00
  7.   17.   0.24692720E-03   0.24692721E-03  -0.46503000E-02   0.00000000E+00
  7.   18.   0.63425521E-03  -0.16457220E-03  -0.23251500E-02   0.00000000E+00
  7.   19.   0.56485628E-03  -0.33211604E-03   0.23251500E-02   0.00000000E+00
  7.   20.   0.30286012E-11  -0.34920780E-03   0.46503000E-02   0.00000000E+00
  7.   21.  -0.56485628E-03  -0.33211604E-03   0.23251500E-02   0.00000000E+00
  7.   22.  -0.63425521E-03  -0.16457220E-03  -0.23251500E-02   0.00000000E+00
  7.   23.  -0.24692721E-03   0.24692720E-03  -0.46503000E-02   0.00000000E+00
  7.   24.   0.16457220E-03   0.63425521E-03  -0.23251500E-02   0.00000000E+00
  7.   25.   0.33211604E-03   0.56485628E-03   0.23251500E-02   0.00000000E+00
  7.   26.   0.34920780E-03   0.00000000E+00   0.46503000E-02   0.00000000E+00
  7.   27.   0.36168840E-03   0.00000000E+00   0.50584680E-02   0.00000000E+00
  7.   28.   0.55543450E-04   0.49143736E-03   0.25292340E-02   0.00000000E+00
  7.   29.  -0.38677384E-03   0.30822354E-03  -0.25292340E-02   0.00000000E+00
  7.   30.  -0.25575232E-03  -0.25575232E-03  -0.50584680E-02   0.00000000E+00
  7.   31.   0.30822354E-03  -0.38677384E-03  -0.25292340E-02   0.00000000E+00
  7.   32.   0.49143736E-03   0.55543448E-04   0.25292340E-02   0.00000000E+00
  7.   33.   0.29372660E-11   0.36168840E-03   0.50584680E-02   0.00000000E+00
  7.   34.  -0.49143736E-03   0.55543452E-04   0.25292340E-02   0.00000000E+00
  7.   35.  -0.30822354E-03  -0.38677384E-03  -0.25292340E-02   0.00000000E+00
  7.   36.   0.25575232E-03  -0.25575232E-03  -0.50584680E-02   0.00000000E+00
  7.   37.   0.38677384E-03   0.30822354E-03  -0.25292340E-02   0.00000000E+00
  7.   38.  -0.55543445E-04   0.49143736E-03   0.25292340E-02   0.00000000E+00
  7.   39.  -0.36168840E-03   0.00000000E+00   0.50584680E-02   0.00000000E+00
  7.   40.   0.00000000E+00   0.00000000E+00   0.00000000E+00   0.00000000E+00
  7.   41.   0.00000000E+00   0.00000000E+00   0.00000000E+00   0.00000000E+00
  7.   42.   0.00000000E+00   0.00000000E+00   0.00000000E+00   0.00000000E+00
  7.   43.   0.00000000E+00   0.00000000E+00   0.00000000E+00   0.00000000E+00
  7.   44.   0.00000000E+00   0.00000000E+00   0.00000000E+00   0.00000000E+00
  7.   45.   0.00000000E+00   0.00000000E+00   0.00000000E+00   0.00000000E+00
  7.   46.   0.00000000E+00   0.00000000E+00   0.00000000E+00   0.00000000E+00
  7.   47.   0.00000000E+00   0.00000000E+00   0.00000000E+00   0.00000000E+00
  7.   48.   0.00000000E+00   0.00000000E+00   0.00000000E+00   0.00000000E+00
  7.   49.   0.00000000E+00   0.00000000E+00   0.00000000E+00   0.00000000E+00
  7.   50.   0.00000000E+00   0.00000000E+00   0.00000000E+00   0.00000000E+00
  7.   51.   0.00000000E+00   0.00000000E+00   0.00000000E+00   0.00000000E+00
  7.   52.   0.00000000E+00   0.00000000E+00   0.00000000E+00   0.00000000E+00
  7.   53.   0.00000000E+00   0.00000000E+00   0.00000000E+00   0.00000000E+00
  7.   54.   0.00000000E+00   0.00000000E+00   0.00000000E+00   0.00000000E+00
  7.   55.   0.00000000E+00   0.00000000E+00   0.00000000E+00   0.00000000E+00
  7.   56.   0.00000000E+00   0.00000000E+00   0.00000000E+00   0.00000000E+00
  7.   57.   0.00000000E+00   0.00000000E+00   0.00000000E+00   0.00000000E+00
  7.   58.   0.00000000E+00   0.00000000E+00   0.00000000E+00   0.00000000E+00
  7.   59.   0.00000000E+00   0.00000000E+00   0.00000000E+00   0.00000000E+00
  7.   60.   0.00000000E+00   0.00000000E+00   0.00000000E+00   0.00000000E+00
  7.   61.   0.00000000E+00   0.00000000E+00   0.00000000E+00   0.00000000E+00
  7.   62.   0.00000000E+00   0.00000000E+00   0.00000000E+00   0.00000000E+00
  7.   63.   0.00000000E+00   0.00000000E+00   0.00000000E+00   0.00000000E+00
  7.   64.   0.00000000E+00   0.00000000E+00   0.00000000E+00   0.00000000E+00
  7.   65.   0.00000000E+00   0.00000000E+00   0.00000000E+00   0.00000000E+00
  8.    1.  -0.31179009E-03   0.00000000E+00   0.41700254E-02   0.00000000E+00
  8.    2.  -0.34431774E-03   0.24174130E-03   0.36113479E-02   0.00000000E+00
  8.    3.  -0.41440632E-03   0.40598271E-03   0.20850127E-02   0.00000000E+00
  8.    4.  -0.45625380E-03   0.45625380E-03   0.56920350E-11   0.00000000E+00
  8.    5.  -0.40598271E-03   0.41440632E-03  -0.20850127E-02   0.00000000E+00
  8.    6.  -0.24174130E-03   0.34431774E-03  -0.36113479E-02   0.00000000E+00
  8.    7.  -0.11537331E-11   0.31179009E-03  -0.41700254E-02   0.00000000E+00
  8.    8.   0.24174130E-03   0.34431774E-03  -0.36113479E-02   0.00000000E+00
  8.    9.   0.40598271E-03   0.41440632E-03  -0.20850127E-02   0.00000000E+00
  8.   10.   0.45625380E-03   0.45625380E-03  -0.13644781E-10   0.00000000E+00
  8.   11.   0.41440632E-03   0.40598271E-03   0.20850127E-02   0.00000000E+00
  8.   12.   0.34431774E-03   0.24174130E-03   0.36113479E-02   0.00000000E+00
  8.   13.   0.31179009E-03   0.00000000E+00   0.41700254E-02   0.00000000E+00
  8.   14.   0.61148051E-03   0.00000000E+00   0.17445468E-02   0.00000000E+00
  8.   15.   0.49388303E-03   0.20285711E-03   0.15108218E-02   0.00000000E+00
  8.   16.   0.20578640E-03   0.25504801E-03   0.87227338E-03   0.00000000E+00
  8.   17.  -0.96334226E-04   0.96334228E-04   0.23410363E-11   0.00000000E+00
  8.   18.  -0.25504801E-03  -0.20578640E-03  -0.87227338E-03   0.00000000E+00
  8.   19.  -0.20285711E-03  -0.49388303E-03  -0.15108218E-02   0.00000000E+00
  8.   20.  -0.10419046E-11  -0.61148051E-03  -0.17445468E-02   0.00000000E+00
  8.   21.   0.20285711E-03  -0.49388303E-03  -0.15108218E-02   0.00000000E+00
  8.   22.   0.25504801E-03  -0.20578641E-03  -0.87227339E-03   0.00000000E+00
  8.   23.   0.96334229E-04   0.96334225E-04  -0.57524853E-11   0.00000000E+00
  8.   24.  -0.20578640E-03   0.25504801E-03   0.87227338E-03   0.00000000E+00
  8.   25.  -0.49388303E-03   0.20285711E-03   0.15108218E-02   0.00000000E+00
  8.   26.  -0.61148051E-03   0.00000000E+00   0.17445468E-02   0.00000000E+00
  8.   27.  -0.63789087E-04   0.00000000E+00  -0.32667625E-02   0.00000000E+00
  8.   28.  -0.31211225E-04  -0.96960568E-04  -0.28290993E-02   0.00000000E+00
  8.   29.   0.46491806E-04  -0.14431526E-03  -0.16333812E-02   0.00000000E+00
  8.   30.   0.12102650E-03  -0.12102650E-03  -0.43558835E-11   0.00000000E+00
  8.   31.   0.14431526E-03  -0.46491806E-04   0.16333812E-02   0.00000000E+00
  8.   32.   0.96960568E-04   0.31211225E-04   0.28290993E-02   0.00000000E+00
  8.   33.   0.47944804E-12   0.63789087E-04   0.32667625E-02   0.00000000E+00
  8.   34.  -0.96960568E-04   0.31211226E-04   0.28290993E-02   0.00000000E+00
  8.   35.  -0.14431526E-03  -0.46491806E-04   0.16333812E-02   0.00000000E+00
  8.   36.  -0.12102650E-03  -0.12102650E-03   0.10786991E-10   0.00000000E+00
  8.   37.  -0.46491807E-04  -0.14431526E-03  -0.16333812E-02   0.00000000E+00
  8.   38.   0.31211225E-04  -0.96960569E-04  -0.28290993E-02   0.00000000E+00
  8.   39.   0.63789087E-04   0.00000000E+00  -0.32667625E-02   0.00000000E+00
  8.   40.   0.00000000E+00   0.00000000E+00   0.00000000E+00   0.00000000E+00
  8.   41.   0.00000000E+00   0.00000000E+00   0.00000000E+00   0.00000000E+00
  8.   42.   0.00000000E+00   0.00000000E+00   0.00000000E+00   0.00000000E+00
  8.   43.   0.00000000E+00   0.00000000E+00   0.00000000E+00   0.00000000E+00
  8.   44.   0.00000000E+00   0.00000000E+00   0.00000000E+00   0.00000000E+00
  8.   45.   0.00000000E+00   0.00000000E+00   0.00000000E+00   0.00000000E+00
  8.   46.   0.00000000E+00   0.00000000E+00   0.00000000E+00   0.00000000E+00
  8.   47.   0.00000000E+00   0.00000000E+00   0.00000000E+00   0.00000000E+00
  8.   48.   0.00000000E+00   0.00000000E+00   0.00000000E+00   0.00000000E+00
  8.   49.   0.00000000E+00   0.00000000E+00   0.00000000E+00   0.00000000E+00
  8.   50.   0.00000000E+00   0.00000000E+00   0.00000000E+00   0.00000000E+00
  8.   51.   0.00000000E+00   0.00000000E+00   0.00000000E+00   0.00000000E+00
  8.   52.   0.00000000E+00   0.00000000E+00   0.00000000E+00   0.00000000E+00
  8.   53.   0.00000000E+00   0.00000000E+00   0.00000000E+00   0.00000000E+00
  8.   54.   0.00000000E+00   0.00000000E+00   0.00000000E+00   0.00000000E+00
  8.   55.   0.00000000E+00   0.00000000E+00   0.00000000E+00   0.00000000E+00
  8.   56.   0.00000000E+00   0.00000000E+00   0.00000000E+00   0.00000000E+00
  8.   57.   0.00000000E+00   0.00000000E+00   0.00000000E+00   0.00000000E+00
  8.   58.   0.00000000E+00   0.00000000E+00   0.00000000E+00   0.00000000E+00
  8.   59.   0.00000000E+00   0.00000000E+00   0.00000000E+00   0.00000000E+00
  8.   60.   0.00000000E+00   0.00000000E+00   0.00000000E+00   0.00000000E+00
  8.   61.   0.00000000E+00   0.00000000E+00   0.00000000E+00   0.00000000E+00
  8.   62.   0.00000000E+00   0.00000000E+00   0.00000000E+00   0.00000000E+00
  8.   63.   0.00000000E+00   0.00000000E+00   0.00000000E+00   0.00000000E+00
  8.   64.   0.00000000E+00   0.00000000E+00   0.00000000E+00   0.00000000E+00
  8.   65.   0.00000000E+00   0.00000000E+00   0.00000000E+00   0.00000000E+00
  9.    1.   0.42334768E-03   0.00000000E+00   0.24931676E-04   0.00000000E+00
  9.    2.   0.40892245E-03   0.10957044E-03   0.24931676E-04   0.00000000E+00
  9.    3.   0.36662984E-03   0.21167384E-03   0.24931676E-04   0.00000000E+00
  9.    4.   0.29935201E-03   0.29935201E-03   0.24931676E-04   0.00000000E+00
  9.    5.   0.21167384E-03   0.36662984E-03   0.24931676E-04   0.00000000E+00
  9.    6.   0.10957044E-03   0.40892245E-03   0.24931676E-04   0.00000000E+00
  9.    7.   0.49905618E-12   0.42334768E-03   0.24931676E-04   0.00000000E+00
  9.    8.  -0.10957044E-03   0.40892245E-03   0.24931676E-04   0.00000000E+00
  9.    9.  -0.21167384E-03   0.36662984E-03   0.24931676E-04   0.00000000E+00
  9.   10.  -0.29935201E-03   0.29935201E-03   0.24931676E-04   0.00000000E+00
  9.   11.  -0.36662984E-03   0.21167384E-03   0.24931676E-04   0.00000000E+00
  9.   12.  -0.40892245E-03   0.10957044E-03   0.24931676E-04   0.00000000E+00
  9.   13.  -0.42334768E-03   0.00000000E+00   0.24931676E-04   0.00000000E+00
  9.   14.  -0.23572396E-03   0.00000000E+00  -0.11171717E-02   0.00000000E+00
  9.   15.  -0.22769186E-03  -0.61009850E-04  -0.11171717E-02   0.00000000E+00
  9.   16.  -0.20414294E-03  -0.11786198E-03  -0.11171717E-02   0.00000000E+00
  9.   17.  -0.16668201E-03  -0.16668201E-03  -0.11171717E-02   0.00000000E+00
  9.   18.  -0.11786198E-03  -0.20414294E-03  -0.11171717E-02   0.00000000E+00
  9.   19.  -0.61009850E-04  -0.22769186E-03  -0.11171717E-02   0.00000000E+00
  9.   20.  -0.27949789E-12  -0.23572396E-03  -0.11171717E-02   0.00000000E+00
  9.   21.   0.61009849E-04  -0.22769186E-03  -0.11171717E-02   0.00000000E+00
  9.   22.   0.11786198E-03  -0.20414294E-03  -0.11171717E-02   0.00000000E+00
  9.   23.   0.16668201E-03  -0.16668201E-03  -0.11171717E-02   0.00000000E+00
  9.   24.   0.20414294E-03  -0.11786198E-03  -0.11171717E-02   0.00000000E+00
  9.   25.   0.22769186E-03  -0.61009850E-04  -0.11171717E-02   0.00000000E+00
  9.   26.   0.23572396E-03   0.00000000E+00  -0.11171717E-02   0.00000000E+00
  9.   27.   0.13380620E-05   0.00000000E+00   0.14069781E-02   0.00000000E+00
  9.   28.   0.12924686E-05   0.34631592E-06   0.14069781E-02   0.00000000E+00
  9.   29.   0.11587956E-05   0.66903098E-06   0.14069781E-02   0.00000000E+00
  9.   30.   0.94615268E-06   0.94615268E-06   0.14069781E-02   0.00000000E+00
  9.   31.   0.66903097E-06   0.11587956E-05   0.14069781E-02   0.00000000E+00
  9.   32.   0.34631591E-06   0.12924686E-05   0.14069781E-02   0.00000000E+00
  9.   33.  -0.19913528E-15   0.13380619E-05   0.14069781E-02   0.00000000E+00
  9.   34.  -0.34631591E-06   0.12924686E-05   0.14069781E-02   0.00000000E+00
  9.   35.  -0.66903097E-06   0.11587956E-05   0.14069781E-02   0.00000000E+00
  9.   36.  -0.94615267E-06   0.94615268E-06   0.14069781E-02   0.00000000E+00
  9.   37.  -0.11587956E-05   0.66903098E-06   0.14069781E-02   0.00000000E+00
  9.   38.  -0.12924686E-05   0.34631592E-06   0.14069781E-02   0.00000000E+00
  9.   39.  -0.13380620E-05   0.00000000E+00   0.14069781E-02   0.00000000E+00
  9.   40.   0.00000000E+00   0.00000000E+00   0.00000000E+00   0.00000000E+00
  9.   41.   0.00000000E+00   0.00000000E+00   0.00000000E+00   0.00000000E+00
  9.   42.   0.00000000E+00   0.00000000E+00   0.00000000E+00   0.00000000E+00
  9.   43.   0.00000000E+00   0.00000000E+00   0.00000000E+00   0.00000000E+00
  9.   44.   0.00000000E+00   0.00000000E+00   0.00000000E+00   0.00000000E+00
  9.   45.   0.00000000E+00   0.00000000E+00   0.00000000E+00   0.00000000E+00
  9.   46.   0.00000000E+00   0.00000000E+00   0.00000000E+00   0.00000000E+00
  9.   47.   0.00000000E+00   0.00000000E+00   0.00000000E+00   0.00000000E+00
  9.   48.   0.00000000E+00   0.00000000E+00   0.00000000E+00   0.00000000E+00
  9.   49.   0.00000000E+00   0.00000000E+00   0.00000000E+00   0.00000000E+00
  9.   50.   0.00000000E+00   0.00000000E+00   0.00000000E+00   0.00000000E+00
  9.   51.   0.00000000E+00   0.00000000E+00   0.00000000E+00   0.00000000E+00
  9.   52.   0.00000000E+00   0.00000000E+00   0.00000000E+00   0.00000000E+00
  9.   53.   0.00000000E+00   0.00000000E+00   0.00000000E+00   0.00000000E+00
  9.   54.   0.00000000E+00   0.00000000E+00   0.00000000E+00   0.00000000E+00
  9.   55.   0.00000000E+00   0.00000000E+00   0.00000000E+00   0.00000000E+00
  9.   56.   0.00000000E+00   0.00000000E+00   0.00000000E+00   0.00000000E+00
  9.   57.   0.00000000E+00   0.00000000E+00   0.00000000E+00   0.00000000E+00
  9.   58.   0.00000000E+00   0.00000000E+00   0.00000000E+00   0.00000000E+00
  9.   59.   0.00000000E+00   0.00000000E+00   0.00000000E+00   0.00000000E+00
  9.   60.   0.00000000E+00   0.00000000E+00   0.00000000E+00   0.00000000E+00
  9.   61.   0.00000000E+00   0.00000000E+00   0.00000000E+00   0.00000000E+00
  9.   62.   0.00000000E+00   0.00000000E+00   0.00000000E+00   0.00000000E+00
  9.   63.   0.00000000E+00   0.00000000E+00   0.00000000E+00   0.00000000E+00
  9.   64.   0.00000000E+00   0.00000000E+00   0.00000000E+00   0.00000000E+00
  9.   65.   0.00000000E+00   0.00000000E+00   0.00000000E+00   0.00000000E+00
 10.    1.  -0.70662387E-04   0.00000000E+00   0.20369917E-03   0.00000000E+00
 10.    2.  -0.37337602E-04   0.68683441E-04   0.52721225E-04   0.00000000E+00
 10.    3.   0.33324785E-04   0.64670624E-04  -0.17640866E-03   0.00000000E+00
 10.    4.   0.74675204E-04  -0.40128172E-05  -0.14403707E-03   0.00000000E+00
 10.    5.   0.41350420E-04  -0.64670624E-04   0.10184958E-03   0.00000000E+00
 10.    6.  -0.37337602E-04  -0.60657806E-04   0.19675829E-03   0.00000000E+00
 10.    7.  -0.78688021E-04  -0.32781549E-12   0.12018673E-11   0.00000000E+00
 10.    8.  -0.37337602E-04   0.60657806E-04  -0.19675829E-03   0.00000000E+00
 10.    9.   0.41350419E-04   0.64670624E-04  -0.10184959E-03   0.00000000E+00
 10.   10.   0.74675204E-04   0.40128179E-05   0.14403706E-03   0.00000000E+00
 10.   11.   0.33324785E-04  -0.64670623E-04   0.17640866E-03   0.00000000E+00
 10.   12.  -0.37337602E-04  -0.68683442E-04  -0.52721223E-04   0.00000000E+00
 10.   13.  -0.70662387E-04   0.00000000E+00  -0.20369917E-03   0.00000000E+00
 10.   14.  -0.30603029E-03   0.00000000E+00   0.28392024E-02   0.00000000E+00
 10.   15.  -0.21502605E-03   0.49645787E-03   0.73483966E-03   0.00000000E+00
 10.   16.   0.91004234E-04   0.37243605E-03  -0.24588214E-02   0.00000000E+00
 10.   17.   0.43005211E-03  -0.12402182E-03  -0.20076193E-02   0.00000000E+00
 10.   18.   0.33904787E-03  -0.37243605E-03   0.14196012E-02   0.00000000E+00
 10.   19.  -0.21502605E-03  -0.24841423E-03   0.27424589E-02   0.00000000E+00
 10.   20.  -0.55407393E-03  -0.11479035E-11   0.16746752E-10   0.00000000E+00
 10.   21.  -0.21502606E-03   0.24841423E-03  -0.27424589E-02   0.00000000E+00
 10.   22.   0.33904787E-03   0.37243605E-03  -0.14196012E-02   0.00000000E+00
 10.   23.   0.43005211E-03   0.12402182E-03   0.20076193E-02   0.00000000E+00
 10.   24.   0.91004237E-04  -0.37243605E-03   0.24588214E-02   0.00000000E+00
 10.   25.  -0.21502605E-03  -0.49645787E-03  -0.73483963E-03   0.00000000E+00
 10.   26.  -0.30603029E-03   0.00000000E+00  -0.28392024E-02   0.00000000E+00
 10.   27.   0.22638766E-03   0.00000000E+00   0.41987151E-02   0.00000000E+00
 10.   28.  -0.80623080E-04   0.52727709E-03   0.10867074E-02   0.00000000E+00
 10.   29.  -0.30701074E-03   0.13964327E-03  -0.36361939E-02   0.00000000E+00
 10.   30.   0.16124616E-03  -0.38763382E-03  -0.29689399E-02   0.00000000E+00
 10.   31.   0.46825690E-03  -0.13964327E-03   0.20993575E-02   0.00000000E+00
 10.   32.  -0.80623078E-04   0.24799055E-03   0.40556473E-02   0.00000000E+00
 10.   33.  -0.54887998E-03   0.19816947E-11   0.24737015E-10   0.00000000E+00
 10.   34.  -0.80623085E-04  -0.24799055E-03  -0.40556473E-02   0.00000000E+00
 10.   35.   0.46825690E-03   0.13964327E-03  -0.20993576E-02   0.00000000E+00
 10.   36.   0.16124617E-03   0.38763382E-03   0.29689399E-02   0.00000000E+00
 10.   37.  -0.30701074E-03  -0.13964327E-03   0.36361939E-02   0.00000000E+00
 10.   38.  -0.80623085E-04  -0.52727709E-03  -0.10867074E-02   0.00000000E+00
 10.   39.   0.22638766E-03   0.00000000E+00  -0.41987151E-02   0.00000000E+00
 10.   40.   0.00000000E+00   0.00000000E+00   0.00000000E+00   0.00000000E+00
 10.   41.   0.00000000E+00   0.00000000E+00   0.00000000E+00   0.00000000E+00
 10.   42.   0.00000000E+00   0.00000000E+00   0.00000000E+00   0.00000000E+00
 10.   43.   0.00000000E+00   0.00000000E+00   0.00000000E+00   0.00000000E+00
 10.   44.   0.00000000E+00   0.00000000E+00   0.00000000E+00   0.00000000E+00
 10.   45.   0.00000000E+00   0.00000000E+00   0.00000000E+00   0.00000000E+00
 10.   46.   0.00000000E+00   0.00000000E+00   0.00000000E+00   0.00000000E+00
 10.   47.   0.00000000E+00   0.00000000E+00   0.00000000E+00   0.00000000E+00
 10.   48.   0.00000000E+00   0.00000000E+00   0.00000000E+00   0.00000000E+00
 10.   49.   0.00000000E+00   0.00000000E+00   0.00000000E+00   0.00000000E+00
 10.   50.   0.00000000E+00   0.00000000E+00   0.00000000E+00   0.00000000E+00
 10.   51.   0.00000000E+00   0.00000000E+00   0.00000000E+00   0.00000000E+00
 10.   52.   0.00000000E+00   0.00000000E+00   0.00000000E+00   0.00000000E+00
 10.   53.   0.00000000E+00   0.00000000E+00   0.00000000E+00   0.00000000E+00
 10.   54.   0.00000000E+00   0.00000000E+00   0.00000000E+00   0.00000000E+00
 10.   55.   0.00000000E+00   0.00000000E+00   0.00000000E+00   0.00000000E+00
 10.   56.   0.00000000E+00   0.00000000E+00   0.00000000E+00   0.00000000E+00
 10.   57.   0.00000000E+00   0.00000000E+00   0.00000000E+00   0.00000000E+00
 10.   58.   0.00000000E+00   0.00000000E+00   0.00000000E+00   0.00000000E+00
 10.   59.   0.00000000E+00   0.00000000E+00   0.00000000E+00   0.00000000E+00
 10.   60.   0.00000000E+00   0.00000000E+00   0.00000000E+00   0.00000000E+00
 10.   61.   0.00000000E+00   0.00000000E+00   0.00000000E+00   0.00000000E+00
 10.   62.   0.00000000E+00   0.00000000E+00   0.00000000E+00   0.00000000E+00
 10.   63.   0.00000000E+00   0.00000000E+00   0.00000000E+00   0.00000000E+00
 10.   64.   0.00000000E+00   0.00000000E+00   0.00000000E+00   0.00000000E+00
 10.   65.   0.00000000E+00   0.00000000E+00   0.00000000E+00   0.00000000E+00
 11.    1.  -0.32922628E-03   0.00000000E+00   0.21224742E-02   0.00000000E+00
 11.    2.  -0.31452504E-03   0.27436051E-03   0.15008159E-02   0.00000000E+00
 11.    3.  -0.24495379E-03   0.42427242E-03   0.11502671E-11   0.00000000E+00
 11.    4.  -0.80340653E-04   0.40956694E-03  -0.15008159E-02   0.00000000E+00
 11.    5.   0.16461314E-03   0.28511832E-03  -0.21224742E-02   0.00000000E+00
 11.    6.   0.39486570E-03   0.13520642E-03  -0.15008159E-02   0.00000000E+00
 11.    7.   0.48990759E-03   0.58714262E-12  -0.75093920E-11   0.00000000E+00
 11.    8.   0.39486570E-03  -0.13520642E-03   0.15008159E-02   0.00000000E+00
 11.    9.   0.16461314E-03  -0.28511832E-03   0.21224742E-02   0.00000000E+00
 11.   10.  -0.80340651E-04  -0.40956694E-03   0.15008159E-02   0.00000000E+00
 11.   11.  -0.24495379E-03  -0.42427242E-03   0.13629995E-10   0.00000000E+00
 11.   12.  -0.31452504E-03  -0.27436052E-03  -0.15008159E-02   0.00000000E+00
 11.   13.  -0.32922628E-03   0.00000000E+00  -0.21224742E-02   0.00000000E+00
 11.   14.   0.39796120E-03   0.00000000E+00   0.26084770E-02   0.00000000E+00
 11.   15.   0.21617934E-03   0.28045791E-03   0.18444718E-02   0.00000000E+00
 11.   16.  -0.15199275E-03   0.26325916E-03   0.13147981E-11   0.00000000E+00
 11.   17.  -0.35097335E-03  -0.46987847E-04  -0.18444718E-02   0.00000000E+00
 11.   18.  -0.19898060E-03  -0.34464450E-03  -0.26084770E-02   0.00000000E+00
 11.   19.   0.13479400E-03  -0.32744576E-03  -0.18444718E-02   0.00000000E+00
 11.   20.   0.30398550E-03  -0.17648134E-11  -0.92444729E-11   0.00000000E+00
 11.   21.   0.13479401E-03   0.32744576E-03   0.18444718E-02   0.00000000E+00
 11.   22.  -0.19898060E-03   0.34464451E-03   0.26084770E-02   0.00000000E+00
 11.   23.  -0.35097335E-03   0.46987850E-04   0.18444718E-02   0.00000000E+00
 11.   24.  -0.15199275E-03  -0.26325916E-03   0.16831856E-10   0.00000000E+00
 11.   25.   0.21617934E-03  -0.28045791E-03  -0.18444718E-02   0.00000000E+00
 11.   26.   0.39796120E-03   0.00000000E+00  -0.26084770E-02   0.00000000E+00
 11.   27.   0.70412924E-04   0.00000000E+00  -0.25833039E-02   0.00000000E+00
 11.   28.   0.85035350E-04  -0.12498456E-03  -0.18266717E-02   0.00000000E+00
 11.   29.   0.10092859E-03  -0.17481345E-03  -0.13208144E-11   0.00000000E+00
 11.   30.   0.65722131E-04  -0.13613505E-03   0.18266717E-02   0.00000000E+00
 11.   31.  -0.35206462E-04  -0.60979381E-04   0.25833039E-02   0.00000000E+00
 11.   32.  -0.15075748E-03  -0.11150493E-04   0.18266717E-02   0.00000000E+00
 11.   33.  -0.20185719E-03  -0.12138729E-13   0.91168153E-11   0.00000000E+00
 11.   34.  -0.15075748E-03   0.11150493E-04  -0.18266717E-02   0.00000000E+00
 11.   35.  -0.35206463E-04   0.60979381E-04  -0.25833039E-02   0.00000000E+00
 11.   36.   0.65722130E-04   0.13613505E-03  -0.18266717E-02   0.00000000E+00
 11.   37.   0.10092859E-03   0.17481345E-03  -0.16720736E-10   0.00000000E+00
 11.   38.   0.85035351E-04   0.12498456E-03   0.18266717E-02   0.00000000E+00
 11.   39.   0.70412924E-04   0.00000000E+00   0.25833039E-02   0.00000000E+00
 11.   40.   0.00000000E+00   0.00000000E+00   0.00000000E+00   0.00000000E+00
 11.   41.   0.00000000E+00   0.00000000E+00   0.00000000E+00   0.00000000E+00
 11.   42.   0.00000000E+00   0.00000000E+00   0.00000000E+00   0.00000000E+00
 11.   43.   0.00000000E+00   0.00000000E+00   0.00000000E+00   0.00000000E+00
 11.   44.   0.00000000E+00   0.00000000E+00   0.00000000E+00   0.00000000E+00
 11.   45.   0.00000000E+00   0.00000000E+00   0.00000000E+00   0.00000000E+00
 11.   46.   0.00000000E+00   0.00000000E+00   0.00000000E+00   0.00000000E+00
 11.   47.   0.00000000E+00   0.00000000E+00   0.00000000E+00   0.00000000E+00
 11.   48.   0.00000000E+00   0.00000000E+00   0.00000000E+00   0.00000000E+00
 11.   49.   0.00000000E+00   0.00000000E+00   0.00000000E+00   0.00000000E+00
 11.   50.   0.00000000E+00   0.00000000E+00   0.00000000E+00   0.00000000E+00
 11.   51.   0.00000000E+00   0.00000000E+00   0.00000000E+00   0.00000000E+00
 11.   52.   0.00000000E+00   0.00000000E+00   0.00000000E+00   0.00000000E+00
 11.   53.   0.00000000E+00   0.00000000E+00   0.00000000E+00   0.00000000E+00
 11.   54.   0.00000000E+00   0.00000000E+00   0.00000000E+00   0.00000000E+00
 11.   55.   0.00000000E+00   0.00000000E+00   0.00000000E+00   0.00000000E+00
 11.   56.   0.00000000E+00   0.00000000E+00   0.00000000E+00   0.00000000E+00
 11.   57.   0.00000000E+00   0.00000000E+00   0.00000000E+00   0.00000000E+00
 11.   58.   0.00000000E+00   0.00000000E+00   0.00000000E+00   0.00000000E+00
 11.   59.   0.00000000E+00   0.00000000E+00   0.00000000E+00   0.00000000E+00
 11.   60.   0.00000000E+00   0.00000000E+00   0.00000000E+00   0.00000000E+00
 11.   61.   0.00000000E+00   0.00000000E+00   0.00000000E+00   0.00000000E+00
 11.   62.   0.00000000E+00   0.00000000E+00   0.00000000E+00   0.00000000E+00
 11.   63.   0.00000000E+00   0.00000000E+00   0.00000000E+00   0.00000000E+00
 11.   64.   0.00000000E+00   0.00000000E+00   0.00000000E+00   0.00000000E+00
 11.   65.   0.00000000E+00   0.00000000E+00   0.00000000E+00   0.00000000E+00
 12.    1.  -0.27926162E-04   0.00000000E+00   0.66773290E-04   0.00000000E+00
 12.    2.  -0.79691675E-05   0.29741338E-04   0.31580122E-13   0.00000000E+00
 12.    3.   0.24184765E-04   0.13963081E-04  -0.66773290E-04   0.00000000E+00
 12.    4.   0.21772170E-04  -0.21772170E-04  -0.26866788E-12   0.00000000E+00
 12.    5.  -0.13963081E-04  -0.24184766E-04   0.66773290E-04   0.00000000E+00
 12.    6.  -0.29741338E-04   0.79691674E-05   0.33305971E-12   0.00000000E+00
 12.    7.  -0.18891997E-12   0.27926162E-04  -0.66773290E-04   0.00000000E+00
 12.    8.   0.29741338E-04   0.79691677E-05  -0.62036351E-12   0.00000000E+00
 12.    9.   0.13963081E-04  -0.24184765E-04   0.66773290E-04   0.00000000E+00
 12.   10.  -0.21772170E-04  -0.21772171E-04   0.63707474E-12   0.00000000E+00
 12.   11.  -0.24184766E-04   0.13963081E-04  -0.66773290E-04   0.00000000E+00
 12.   12.   0.79691672E-05   0.29741338E-04  -0.86451577E-12   0.00000000E+00
 12.   13.   0.27926162E-04   0.00000000E+00   0.66773290E-04   0.00000000E+00
 12.   14.  -0.24390427E-03   0.00000000E+00   0.17410721E-02   0.00000000E+00
 12.   15.  -0.10501217E-03   0.39191074E-03   0.12243504E-11   0.00000000E+00
 12.   16.   0.21122730E-03   0.12195214E-03  -0.17410721E-02   0.00000000E+00
 12.   17.   0.28689857E-03  -0.28689857E-03  -0.71258498E-11   0.00000000E+00
 12.   18.  -0.12195214E-03  -0.21122730E-03   0.17410721E-02   0.00000000E+00
 12.   19.  -0.39191074E-03   0.10501216E-03   0.82491854E-11   0.00000000E+00
 12.   20.  -0.25842323E-11   0.24390427E-03  -0.17410721E-02   0.00000000E+00
 12.   21.   0.39191074E-03   0.10501217E-03  -0.15981981E-10   0.00000000E+00
 12.   22.   0.12195214E-03  -0.21122730E-03   0.17410721E-02   0.00000000E+00
 12.   23.  -0.28689857E-03  -0.28689857E-03   0.17037137E-10   0.00000000E+00
 12.   24.  -0.21122730E-03   0.12195213E-03  -0.17410721E-02   0.00000000E+00
 12.   25.   0.10501216E-03   0.39191074E-03  -0.22976297E-10   0.00000000E+00
 12.   26.   0.24390427E-03   0.00000000E+00   0.17410721E-02   0.00000000E+00
 12.   27.   0.12809842E-03   0.00000000E+00   0.34969011E-02   0.00000000E+00
 12.   28.  -0.14126143E-03   0.52719482E-03   0.24740307E-11   0.00000000E+00
 12.   29.  -0.11093649E-03  -0.64049212E-04  -0.34969011E-02   0.00000000E+00
 12.   30.   0.38593339E-03  -0.38593340E-03  -0.14316518E-10   0.00000000E+00
 12.   31.   0.64049214E-04   0.11093649E-03   0.34969011E-02   0.00000000E+00
 12.   32.  -0.52719482E-03   0.14126143E-03   0.16497246E-10   0.00000000E+00
 12.   33.  -0.40124643E-11  -0.12809842E-03  -0.34969011E-02   0.00000000E+00
 12.   34.   0.52719482E-03   0.14126142E-03  -0.32070374E-10   0.00000000E+00
 12.   35.  -0.64049207E-04   0.11093649E-03   0.34969011E-02   0.00000000E+00
 12.   36.  -0.38593340E-03  -0.38593339E-03   0.34314250E-10   0.00000000E+00
 12.   37.   0.11093649E-03  -0.64049219E-04  -0.34969011E-02   0.00000000E+00
 12.   38.   0.14126143E-03   0.52719482E-03  -0.46199879E-10   0.00000000E+00
 12.   39.  -0.12809842E-03   0.00000000E+00   0.34969011E-02   0.00000000E+00
 12.   40.   0.00000000E+00   0.00000000E+00   0.00000000E+00   0.00000000E+00
 12.   41.   0.00000000E+00   0.00000000E+00   0.00000000E+00   0.00000000E+00
 12.   42.   0.00000000E+00   0.00000000E+00   0.00000000E+00   0.00000000E+00
 12.   43.   0.00000000E+00   0.00000000E+00   0.00000000E+00   0.00000000E+00
 12.   44.   0.00000000E+00   0.00000000E+00   0.00000000E+00   0.00000000E+00
 12.   45.   0.00000000E+00   0.00000000E+00   0.00000000E+00   0.00000000E+00
 12.   46.   0.00000000E+00   0.00000000E+00   0.00000000E+00   0.00000000E+00
 12.   47.   0.00000000E+00   0.00000000E+00   0.00000000E+00   0.00000000E+00
 12.   48.   0.00000000E+00   0.00000000E+00   0.00000000E+00   0.00000000E+00
 12.   49.   0.00000000E+00   0.00000000E+00   0.00000000E+00   0.00000000E+00
 12.   50.   0.00000000E+00   0.00000000E+00   0.00000000E+00   0.00000000E+00
 12.   51.   0.00000000E+00   0.00000000E+00   0.00000000E+00   0.00000000E+00
 12.   52.   0.00000000E+00   0.00000000E+00   0.00000000E+00   0.00000000E+00
 12.   53.   0.00000000E+00   0.00000000E+00   0.00000000E+00   0.00000000E+00
 12.   54.   0.00000000E+00   0.00000000E+00   0.00000000E+00   0.00000000E+00
 12.   55.   0.00000000E+00   0.00000000E+00   0.00000000E+00   0.00000000E+00
 12.   56.   0.00000000E+00   0.00000000E+00   0.00000000E+00   0.00000000E+00
 12.   57.   0.00000000E+00   0.00000000E+00   0.00000000E+00   0.00000000E+00
 12.   58.   0.00000000E+00   0.00000000E+00   0.00000000E+00   0.00000000E+00
 12.   59.   0.00000000E+00   0.00000000E+00   0.00000000E+00   0.00000000E+00
 12.   60.   0.00000000E+00   0.00000000E+00   0.00000000E+00   0.00000000E+00
 12.   61.   0.00000000E+00   0.00000000E+00   0.00000000E+00   0.00000000E+00
 12.   62.   0.00000000E+00   0.00000000E+00   0.00000000E+00   0.00000000E+00
 12.   63.   0.00000000E+00   0.00000000E+00   0.00000000E+00   0.00000000E+00
 12.   64.   0.00000000E+00   0.00000000E+00   0.00000000E+00   0.00000000E+00
 12.   65.   0.00000000E+00   0.00000000E+00   0.00000000E+00   0.00000000E+00
 13.    1.   0.40447190E-03   0.00000000E+00   0.24170443E-02   0.00000000E+00
 13.    2.   0.36494557E-03   0.14751428E-03   0.23346855E-02   0.00000000E+00
 13.    3.   0.25695762E-03   0.25550222E-03   0.20932218E-02   0.00000000E+00
 13.    4.   0.10944335E-03   0.29502855E-03   0.17091084E-02   0.00000000E+00
 13.    5.  -0.38070930E-04   0.25550222E-03   0.12085222E-02   0.00000000E+00
 13.    6.  -0.14605887E-03   0.14751428E-03   0.62557711E-03   0.00000000E+00
 13.    7.  -0.18558521E-03   0.69607950E-12   0.28523319E-11   0.00000000E+00
 13.    8.  -0.14605888E-03  -0.14751428E-03  -0.62557710E-03   0.00000000E+00
 13.    9.  -0.38070931E-04  -0.25550222E-03  -0.12085222E-02   0.00000000E+00
 13.   10.   0.10944334E-03  -0.29502855E-03  -0.17091084E-02   0.00000000E+00
 13.   11.   0.25695762E-03  -0.25550222E-03  -0.20932218E-02   0.00000000E+00
 13.   12.   0.36494557E-03  -0.14751428E-03  -0.23346855E-02   0.00000000E+00
 13.   13.   0.40447190E-03   0.00000000E+00  -0.24170443E-02   0.00000000E+00
 13.   14.  -0.71072712E-04   0.00000000E+00  -0.19723991E-02   0.00000000E+00
 13.   15.  -0.61189489E-04  -0.36884690E-04  -0.19051912E-02   0.00000000E+00
 13.   16.  -0.34188023E-04  -0.63886157E-04  -0.17081477E-02   0.00000000E+00
 13.   17.   0.26966671E-05  -0.73769379E-04  -0.13946968E-02   0.00000000E+00
 13.   18.   0.39581357E-04  -0.63886157E-04  -0.98619953E-03   0.00000000E+00
 13.   19.   0.66582824E-04  -0.36884690E-04  -0.51049444E-03   0.00000000E+00
 13.   20.   0.76466047E-04  -0.17371099E-12  -0.23282654E-11   0.00000000E+00
 13.   21.   0.66582824E-04   0.36884689E-04   0.51049444E-03   0.00000000E+00
 13.   22.   0.39581357E-04   0.63886156E-04   0.98619953E-03   0.00000000E+00
 13.   23.   0.26966674E-05   0.73769379E-04   0.13946968E-02   0.00000000E+00
 13.   24.  -0.34188022E-04   0.63886157E-04   0.17081477E-02   0.00000000E+00
 13.   25.  -0.61189489E-04   0.36884690E-04   0.19051912E-02   0.00000000E+00
 13.   26.  -0.71072712E-04   0.00000000E+00   0.19723991E-02   0.00000000E+00
 13.   27.  -0.12023483E-03   0.00000000E+00   0.15893879E-02   0.00000000E+00
 13.   28.  -0.11494974E-03  -0.19724228E-04   0.15352308E-02   0.00000000E+00
 13.   29.  -0.10051060E-03  -0.34163365E-04   0.13764503E-02   0.00000000E+00
 13.   30.  -0.80786374E-04  -0.39448456E-04   0.11238670E-02   0.00000000E+00
 13.   31.  -0.61062146E-04  -0.34163365E-04   0.79469396E-03   0.00000000E+00
 13.   32.  -0.46623009E-04  -0.19724228E-04   0.41136386E-03   0.00000000E+00
 13.   33.  -0.41337918E-04  -0.93193637E-13   0.18714746E-11   0.00000000E+00
 13.   34.  -0.46623009E-04   0.19724228E-04  -0.41136386E-03   0.00000000E+00
 13.   35.  -0.61062146E-04   0.34163365E-04  -0.79469396E-03   0.00000000E+00
 13.   36.  -0.80786374E-04   0.39448456E-04  -0.11238670E-02   0.00000000E+00
 13.   37.  -0.10051060E-03   0.34163365E-04  -0.13764503E-02   0.00000000E+00
 13.   38.  -0.11494974E-03   0.19724228E-04  -0.15352308E-02   0.00000000E+00
 13.   39.  -0.12023483E-03   0.00000000E+00  -0.15893879E-02   0.00000000E+00
 13.   40.   0.00000000E+00   0.00000000E+00   0.00000000E+00   0.00000000E+00
 13.   41.   0.00000000E+00   0.00000000E+00   0.00000000E+00   0.00000000E+00
 13.   42.   0.00000000E+00   0.00000000E+00   0.00000000E+00   0.00000000E+00
 13.   43.   0.00000000E+00   0.00000000E+00   0.00000000E+00   0.00000000E+00
 13.   44.   0.00000000E+00   0.00000000E+00   0.00000000E+00   0.00000000E+00
 13.   45.   0.00000000E+00   0.00000000E+00   0.00000000E+00   0.00000000E+00
 13.   46.   0.00000000E+00   0.00000000E+00   0.00000000E+00   0.00000000E+00
 13.   47.   0.00000000E+00   0.00000000E+00   0.00000000E+00   0.00000000E+00
 13.   48.   0.00000000E+00   0.00000000E+00   0.00000000E+00   0.00000000E+00
 13.   49.   0.00000000E+00   0.00000000E+00   0.00000000E+00   0.00000000E+00
 13.   50.   0.00000000E+00   0.00000000E+00   0.00000000E+00   0.00000000E+00
 13.   51.   0.00000000E+00   0.00000000E+00   0.00000000E+00   0.00000000E+00
 13.   52.   0.00000000E+00   0.00000000E+00   0.00000000E+00   0.00000000E+00
 13.   53.   0.00000000E+00   0.00000000E+00   0.00000000E+00   0.00000000E+00
 13.   54.   0.00000000E+00   0.00000000E+00   0.00000000E+00   0.00000000E+00
 13.   55.   0.00000000E+00   0.00000000E+00   0.00000000E+00   0.00000000E+00
 13.   56.   0.00000000E+00   0.00000000E+00   0.00000000E+00   0.00000000E+00
 13.   57.   0.00000000E+00   0.00000000E+00   0.00000000E+00   0.00000000E+00
 13.   58.   0.00000000E+00   0.00000000E+00   0.00000000E+00   0.00000000E+00
 13.   59.   0.00000000E+00   0.00000000E+00   0.00000000E+00   0.00000000E+00
 13.   60.   0.00000000E+00   0.00000000E+00   0.00000000E+00   0.00000000E+00
 13.   61.   0.00000000E+00   0.00000000E+00   0.00000000E+00   0.00000000E+00
 13.   62.   0.00000000E+00   0.00000000E+00   0.00000000E+00   0.00000000E+00
 13.   63.   0.00000000E+00   0.00000000E+00   0.00000000E+00   0.00000000E+00
 13.   64.   0.00000000E+00   0.00000000E+00   0.00000000E+00   0.00000000E+00
 13.   65.   0.00000000E+00   0.00000000E+00   0.00000000E+00   0.00000000E+00
 14.    1.  -0.10715549E-04   0.00000000E+00   0.21955711E-04   0.00000000E+00
 14.    2.  -0.25654073E-06   0.11672972E-04  -0.56825560E-05   0.00000000E+00
 14.    3.   0.10972090E-04  -0.44434153E-06  -0.19014203E-04   0.00000000E+00
 14.    4.   0.51308148E-06  -0.11228630E-04   0.15525032E-04   0.00000000E+00
 14.    5.  -0.11485171E-04   0.44434150E-06   0.10977855E-04   0.00000000E+00
 14.    6.  -0.25654076E-06   0.10784289E-04  -0.21207588E-04   0.00000000E+00
 14.    7.   0.11741712E-04   0.71411106E-13  -0.16383157E-12   0.00000000E+00
 14.    8.  -0.25654061E-06  -0.10784289E-04   0.21207588E-04   0.00000000E+00
 14.    9.  -0.11485171E-04  -0.44434165E-06  -0.10977855E-04   0.00000000E+00
 14.   10.   0.51308131E-06   0.11228630E-04  -0.15525032E-04   0.00000000E+00
 14.   11.   0.10972090E-04   0.44434170E-06   0.19014203E-04   0.00000000E+00
 14.   12.  -0.25654057E-06  -0.11672972E-04   0.56825564E-05   0.00000000E+00
 14.   13.  -0.10715549E-04   0.00000000E+00  -0.21955711E-04   0.00000000E+00
 14.   14.  -0.18415350E-03   0.00000000E+00   0.10708720E-02   0.00000000E+00
 14.   15.  -0.26363948E-04   0.28254509E-03  -0.27716207E-03   0.00000000E+00
 14.   16.   0.21051745E-03  -0.45663697E-04  -0.92740237E-03   0.00000000E+00
 14.   17.   0.52727897E-04  -0.23688140E-03   0.75722086E-03   0.00000000E+00
 14.   18.  -0.26324534E-03   0.45663696E-04   0.53543601E-03   0.00000000E+00
 14.   19.  -0.26363949E-04   0.19121770E-03  -0.10343829E-02   0.00000000E+00
 14.   20.   0.28960929E-03   0.11785555E-11  -0.87802727E-11   0.00000000E+00
 14.   21.  -0.26363945E-04  -0.19121770E-03   0.10343829E-02   0.00000000E+00
 14.   22.  -0.26324534E-03  -0.45663699E-04  -0.53543600E-03   0.00000000E+00
 14.   23.   0.52727894E-04   0.23688140E-03  -0.75722087E-03   0.00000000E+00
 14.   24.   0.21051745E-03   0.45663701E-04   0.92740236E-03   0.00000000E+00
 14.   25.  -0.26363946E-04  -0.28254509E-03   0.27716209E-03   0.00000000E+00
 14.   26.  -0.18415350E-03   0.00000000E+00  -0.10708720E-02   0.00000000E+00
 14.   27.   0.57305323E-04   0.00000000E+00   0.29190473E-02   0.00000000E+00
 14.   28.  -0.14649709E-03   0.48942925E-03  -0.75550502E-03   0.00000000E+00
 14.   29.   0.89191764E-04  -0.25374040E-03  -0.25279691E-02   0.00000000E+00
 14.   30.   0.29299418E-03  -0.23568885E-03   0.20640781E-02   0.00000000E+00
 14.   31.  -0.38218594E-03   0.25374040E-03   0.14595236E-02   0.00000000E+00
 14.   32.  -0.14649709E-03  -0.18051546E-04  -0.28195831E-02   0.00000000E+00
 14.   33.   0.52868303E-03  -0.10929385E-11  -0.24082362E-10   0.00000000E+00
 14.   34.  -0.14649708E-03   0.18051548E-04   0.28195831E-02   0.00000000E+00
 14.   35.  -0.38218594E-03  -0.25374040E-03  -0.14595236E-02   0.00000000E+00
 14.   36.   0.29299417E-03   0.23568885E-03  -0.20640781E-02   0.00000000E+00
 14.   37.   0.89191769E-04   0.25374040E-03   0.25279691E-02   0.00000000E+00
 14.   38.  -0.14649709E-03  -0.48942925E-03   0.75550507E-03   0.00000000E+00
 14.   39.   0.57305323E-04   0.00000000E+00  -0.29190473E-02   0.00000000E+00
 14.   40.   0.00000000E+00   0.00000000E+00   0.00000000E+00   0.00000000E+00
 14.   41.   0.00000000E+00   0.00000000E+00   0.00000000E+00   0.00000000E+00
 14.   42.   0.00000000E+00   0.00000000E+00   0.00000000E+00   0.00000000E+00
 14.   43.   0.00000000E+00   0.00000000E+00   0.00000000E+00   0.00000000E+00
 14.   44.   0.00000000E+00   0.00000000E+00   0.00000000E+00   0.00000000E+00
 14.   45.   0.00000000E+00   0.00000000E+00   0.00000000E+00   0.00000000E+00
 14.   46.   0.00000000E+00   0.00000000E+00   0.00000000E+00   0.00000000E+00
 14.   47.   0.00000000E+00   0.00000000E+00   0.00000000E+00   0.00000000E+00
 14.   48.   0.00000000E+00   0.00000000E+00   0.00000000E+00   0.00000000E+00
 14.   49.   0.00000000E+00   0.00000000E+00   0.00000000E+00   0.00000000E+00
 14.   50.   0.00000000E+00   0.00000000E+00   0.00000000E+00   0.00000000E+00
 14.   51.   0.00000000E+00   0.00000000E+00   0.00000000E+00   0.00000000E+00
 14.   52.   0.00000000E+00   0.00000000E+00   0.00000000E+00   0.00000000E+00
 14.   53.   0.00000000E+00   0.00000000E+00   0.00000000E+00   0.00000000E+00
 14.   54.   0.00000000E+00   0.00000000E+00   0.00000000E+00   0.00000000E+00
 14.   55.   0.00000000E+00   0.00000000E+00   0.00000000E+00   0.00000000E+00
 14.   56.   0.00000000E+00   0.00000000E+00   0.00000000E+00   0.00000000E+00
 14.   57.   0.00000000E+00   0.00000000E+00   0.00000000E+00   0.00000000E+00
 14.   58.   0.00000000E+00   0.00000000E+00   0.00000000E+00   0.00000000E+00
 14.   59.   0.00000000E+00   0.00000000E+00   0.00000000E+00   0.00000000E+00
 14.   60.   0.00000000E+00   0.00000000E+00   0.00000000E+00   0.00000000E+00
 14.   61.   0.00000000E+00   0.00000000E+00   0.00000000E+00   0.00000000E+00
 14.   62.   0.00000000E+00   0.00000000E+00   0.00000000E+00   0.00000000E+00
 14.   63.   0.00000000E+00   0.00000000E+00   0.00000000E+00   0.00000000E+00
 14.   64.   0.00000000E+00   0.00000000E+00   0.00000000E+00   0.00000000E+00
 14.   65.   0.00000000E+00   0.00000000E+00   0.00000000E+00   0.00000000E+00
 15.    1.  -0.22161879E-03   0.00000000E+00   0.95821471E-03   0.00000000E+00
 15.    2.  -0.17273616E-03   0.21652550E-03   0.47910735E-03   0.00000000E+00
 15.    3.  -0.30963738E-04   0.27524956E-03  -0.47910735E-03   0.00000000E+00
 15.    4.   0.15670815E-03   0.15670815E-03  -0.95821471E-03   0.00000000E+00
 15.    5.   0.27524956E-03  -0.30963737E-04  -0.47910736E-03   0.00000000E+00
 15.    6.   0.21652550E-03  -0.17273616E-03   0.47910735E-03   0.00000000E+00
 15.    7.   0.11214526E-11  -0.22161879E-03   0.95821471E-03   0.00000000E+00
 15.    8.  -0.21652550E-03  -0.17273616E-03   0.47910736E-03   0.00000000E+00
 15.    9.  -0.27524956E-03  -0.30963739E-04  -0.47910735E-03   0.00000000E+00
 15.   10.  -0.15670815E-03   0.15670815E-03  -0.95821471E-03   0.00000000E+00
 15.   11.   0.30963736E-04   0.27524956E-03  -0.47910736E-03   0.00000000E+00
 15.   12.   0.17273616E-03   0.21652550E-03   0.47910735E-03   0.00000000E+00
 15.   13.   0.22161879E-03   0.00000000E+00   0.95821471E-03   0.00000000E+00
 15.   14.   0.18922801E-03   0.00000000E+00   0.26406053E-02   0.00000000E+00
 15.   15.  -0.39363511E-07   0.36570735E-03   0.13203027E-02   0.00000000E+00
 15.   16.  -0.25856631E-03   0.25862198E-03  -0.13203027E-02   0.00000000E+00
 15.   17.  -0.13380441E-03  -0.13380441E-03  -0.26406053E-02   0.00000000E+00
 15.   18.   0.25862198E-03  -0.25856631E-03  -0.13203027E-02   0.00000000E+00
 15.   19.   0.36570735E-03  -0.39364607E-07   0.13203027E-02   0.00000000E+00
 15.   20.   0.21434332E-11   0.18922801E-03   0.26406053E-02   0.00000000E+00
 15.   21.  -0.36570735E-03  -0.39361796E-07   0.13203027E-02   0.00000000E+00
 15.   22.  -0.25862198E-03  -0.25856631E-03  -0.13203026E-02   0.00000000E+00
 15.   23.   0.13380441E-03  -0.13380441E-03  -0.26406053E-02   0.00000000E+00
 15.   24.   0.25856631E-03   0.25862198E-03  -0.13203027E-02   0.00000000E+00
 15.   25.   0.39366322E-07   0.36570735E-03   0.13203026E-02   0.00000000E+00
 15.   26.  -0.18922801E-03   0.00000000E+00   0.26406053E-02   0.00000000E+00
 15.   27.   0.16247544E-03   0.00000000E+00  -0.19201385E-02   0.00000000E+00
 15.   28.   0.12303762E-03  -0.14530421E-03  -0.96006927E-03   0.00000000E+00
 15.   29.   0.15744856E-04  -0.18974633E-03   0.96006927E-03   0.00000000E+00
 15.   30.  -0.11488748E-03  -0.11488748E-03   0.19201385E-02   0.00000000E+00
 15.   31.  -0.18974633E-03   0.15744856E-04   0.96006928E-03   0.00000000E+00
 15.   32.  -0.14530421E-03   0.12303762E-03  -0.96006927E-03   0.00000000E+00
 15.   33.  -0.75352910E-12   0.16247544E-03  -0.19201385E-02   0.00000000E+00
 15.   34.   0.14530421E-03   0.12303762E-03  -0.96006928E-03   0.00000000E+00
 15.   35.   0.18974633E-03   0.15744857E-04   0.96006926E-03   0.00000000E+00
 15.   36.   0.11488748E-03  -0.11488748E-03   0.19201385E-02   0.00000000E+00
 15.   37.  -0.15744855E-04  -0.18974633E-03   0.96006929E-03   0.00000000E+00
 15.   38.  -0.12303762E-03  -0.14530421E-03  -0.96006926E-03   0.00000000E+00
 15.   39.  -0.16247544E-03   0.00000000E+00  -0.19201385E-02   0.00000000E+00
 15.   40.   0.00000000E+00   0.00000000E+00   0.00000000E+00   0.00000000E+00
 15.   41.   0.00000000E+00   0.00000000E+00   0.00000000E+00   0.00000000E+00
 15.   42.   0.00000000E+00   0.00000000E+00   0.00000000E+00   0.00000000E+00
 15.   43.   0.00000000E+00   0.00000000E+00   0.00000000E+00   0.00000000E+00
 15.   44.   0.00000000E+00   0.00000000E+00   0.00000000E+00   0.00000000E+00
 15.   45.   0.00000000E+00   0.00000000E+00   0.00000000E+00   0.00000000E+00
 15.   46.   0.00000000E+00   0.00000000E+00   0.00000000E+00   0.00000000E+00
 15.   47.   0.00000000E+00   0.00000000E+00   0.00000000E+00   0.00000000E+00
 15.   48.   0.00000000E+00   0.00000000E+00   0.00000000E+00   0.00000000E+00
 15.   49.   0.00000000E+00   0.00000000E+00   0.00000000E+00   0.00000000E+00
 15.   50.   0.00000000E+00   0.00000000E+00   0.00000000E+00   0.00000000E+00
 15.   51.   0.00000000E+00   0.00000000E+00   0.00000000E+00   0.00000000E+00
 15.   52.   0.00000000E+00   0.00000000E+00   0.00000000E+00   0.00000000E+00
 15.   53.   0.00000000E+00   0.00000000E+00   0.00000000E+00   0.00000000E+00
 15.   54.   0.00000000E+00   0.00000000E+00   0.00000000E+00   0.00000000E+00
 15.   55.   0.00000000E+00   0.00000000E+00   0.00000000E+00   0.00000000E+00
 15.   56.   0.00000000E+00   0.00000000E+00   0.00000000E+00   0.00000000E+00
 15.   57.   0.00000000E+00   0.00000000E+00   0.00000000E+00   0.00000000E+00
 15.   58.   0.00000000E+00   0.00000000E+00   0.00000000E+00   0.00000000E+00
 15.   59.   0.00000000E+00   0.00000000E+00   0.00000000E+00   0.00000000E+00
 15.   60.   0.00000000E+00   0.00000000E+00   0.00000000E+00   0.00000000E+00
 15.   61.   0.00000000E+00   0.00000000E+00   0.00000000E+00   0.00000000E+00
 15.   62.   0.00000000E+00   0.00000000E+00   0.00000000E+00   0.00000000E+00
 15.   63.   0.00000000E+00   0.00000000E+00   0.00000000E+00   0.00000000E+00
 15.   64.   0.00000000E+00   0.00000000E+00   0.00000000E+00   0.00000000E+00
 15.   65.   0.00000000E+00   0.00000000E+00   0.00000000E+00   0.00000000E+00
 16.    1.   0.32771829E-04   0.00000000E+00   0.26199779E-02   0.00000000E+00
 16.    2.  -0.24292981E-04   0.20031932E-03   0.22689675E-02   0.00000000E+00
 16.    3.  -0.15882488E-03   0.30786459E-03   0.13099890E-02   0.00000000E+00
 16.    4.  -0.28253312E-03   0.28253312E-03   0.35078296E-11   0.00000000E+00
 16.    5.  -0.30786459E-03   0.15882488E-03  -0.13099890E-02   0.00000000E+00
 16.    6.  -0.20031932E-03   0.24292981E-04  -0.22689675E-02   0.00000000E+00
 16.    7.  -0.98120518E-12  -0.32771829E-04  -0.26199779E-02   0.00000000E+00
 16.    8.   0.20031932E-03   0.24292980E-04  -0.22689675E-02   0.00000000E+00
 16.    9.   0.30786459E-03   0.15882488E-03  -0.13099890E-02   0.00000000E+00
 16.   10.   0.28253312E-03   0.28253312E-03  -0.86431007E-11   0.00000000E+00
 16.   11.   0.15882488E-03   0.30786459E-03   0.13099890E-02   0.00000000E+00
 16.   12.   0.24292982E-04   0.20031932E-03   0.22689675E-02   0.00000000E+00
 16.   13.  -0.32771829E-04   0.00000000E+00   0.26199779E-02   0.00000000E+00
 16.   14.   0.17609945E-03   0.00000000E+00  -0.15111598E-02   0.00000000E+00
 16.   15.   0.16237033E-03  -0.16734065E-04  -0.13087028E-02   0.00000000E+00
 16.   16.   0.12664593E-03  -0.43257736E-04  -0.75557991E-03   0.00000000E+00
 16.   17.   0.82290823E-04  -0.82290823E-04  -0.19871085E-11   0.00000000E+00
 16.   18.   0.43257736E-04  -0.12664593E-03   0.75557990E-03   0.00000000E+00
 16.   19.   0.16734065E-04  -0.16237033E-03   0.13087028E-02   0.00000000E+00
 16.   20.   0.66296207E-13  -0.17609945E-03   0.15111598E-02   0.00000000E+00
 16.   21.  -0.16734065E-04  -0.16237033E-03   0.13087028E-02   0.00000000E+00
 16.   22.  -0.43257735E-04  -0.12664593E-03   0.75557991E-03   0.00000000E+00
 16.   23.  -0.82290822E-04  -0.82290823E-04   0.50242838E-11   0.00000000E+00
 16.   24.  -0.12664593E-03  -0.43257736E-04  -0.75557990E-03   0.00000000E+00
 16.   25.  -0.16237033E-03  -0.16734065E-04  -0.13087028E-02   0.00000000E+00
 16.   26.  -0.17609945E-03   0.00000000E+00  -0.15111598E-02   0.00000000E+00
 16.   27.  -0.21325038E-03   0.00000000E+00   0.11374014E-02   0.00000000E+00
 16.   28.  -0.18599322E-03  -0.19413521E-04   0.98501848E-03   0.00000000E+00
 16.   29.  -0.11778963E-03  -0.92327456E-05   0.56870069E-03   0.00000000E+00
 16.   30.  -0.41558880E-04   0.41558879E-04   0.14918107E-11   0.00000000E+00
 16.   31.   0.92327455E-05   0.11778963E-03  -0.56870068E-03   0.00000000E+00
 16.   32.   0.19413521E-04   0.18599322E-03  -0.98501848E-03   0.00000000E+00
 16.   33.   0.11357215E-12   0.21325038E-03  -0.11374014E-02   0.00000000E+00
 16.   34.  -0.19413521E-04   0.18599322E-03  -0.98501848E-03   0.00000000E+00
 16.   35.  -0.92327458E-05   0.11778963E-03  -0.56870069E-03   0.00000000E+00
 16.   36.   0.41558879E-04   0.41558880E-04  -0.37860320E-11   0.00000000E+00
 16.   37.   0.11778963E-03  -0.92327453E-05   0.56870068E-03   0.00000000E+00
 16.   38.   0.18599322E-03  -0.19413522E-04   0.98501848E-03   0.00000000E+00
 16.   39.   0.21325038E-03   0.00000000E+00   0.11374014E-02   0.00000000E+00
 16.   40.   0.00000000E+00   0.00000000E+00   0.00000000E+00   0.00000000E+00
 16.   41.   0.00000000E+00   0.00000000E+00   0.00000000E+00   0.00000000E+00
 16.   42.   0.00000000E+00   0.00000000E+00   0.00000000E+00   0.00000000E+00
 16.   43.   0.00000000E+00   0.00000000E+00   0.00000000E+00   0.00000000E+00
 16.   44.   0.00000000E+00   0.00000000E+00   0.00000000E+00   0.00000000E+00
 16.   45.   0.00000000E+00   0.00000000E+00   0.00000000E+00   0.00000000E+00
 16.   46.   0.00000000E+00   0.00000000E+00   0.00000000E+00   0.00000000E+00
 16.   47.   0.00000000E+00   0.00000000E+00   0.00000000E+00   0.00000000E+00
 16.   48.   0.00000000E+00   0.00000000E+00   0.00000000E+00   0.00000000E+00
 16.   49.   0.00000000E+00   0.00000000E+00   0.00000000E+00   0.00000000E+00
 16.   50.   0.00000000E+00   0.00000000E+00   0.00000000E+00   0.00000000E+00
 16.   51.   0.00000000E+00   0.00000000E+00   0.00000000E+00   0.00000000E+00
 16.   52.   0.00000000E+00   0.00000000E+00   0.00000000E+00   0.00000000E+00
 16.   53.   0.00000000E+00   0.00000000E+00   0.00000000E+00   0.00000000E+00
 16.   54.   0.00000000E+00   0.00000000E+00   0.00000000E+00   0.00000000E+00
 16.   55.   0.00000000E+00   0.00000000E+00   0.00000000E+00   0.00000000E+00
 16.   56.   0.00000000E+00   0.00000000E+00   0.00000000E+00   0.00000000E+00
 16.   57.   0.00000000E+00   0.00000000E+00   0.00000000E+00   0.00000000E+00
 16.   58.   0.00000000E+00   0.00000000E+00   0.00000000E+00   0.00000000E+00
 16.   59.   0.00000000E+00   0.00000000E+00   0.00000000E+00   0.00000000E+00
 16.   60.   0.00000000E+00   0.00000000E+00   0.00000000E+00   0.00000000E+00
 16.   61.   0.00000000E+00   0.00000000E+00   0.00000000E+00   0.00000000E+00
 16.   62.   0.00000000E+00   0.00000000E+00   0.00000000E+00   0.00000000E+00
 16.   63.   0.00000000E+00   0.00000000E+00   0.00000000E+00   0.00000000E+00
 16.   64.   0.00000000E+00   0.00000000E+00   0.00000000E+00   0.00000000E+00
 16.   65.   0.00000000E+00   0.00000000E+00   0.00000000E+00   0.00000000E+00
 17.    1.   0.15765649E-03   0.00000000E+00  -0.77378558E-03   0.00000000E+00
 17.    2.   0.15228447E-03   0.40804501E-04  -0.77378558E-03   0.00000000E+00
 17.    3.   0.13653452E-03   0.78828243E-04  -0.77378558E-03   0.00000000E+00
 17.    4.   0.11147997E-03   0.11147997E-03  -0.77378558E-03   0.00000000E+00
 17.    5.   0.78828243E-04   0.13653452E-03  -0.77378558E-03   0.00000000E+00
 17.    6.   0.40804501E-04   0.15228447E-03  -0.77378558E-03   0.00000000E+00
 17.    7.   0.18587045E-12   0.15765649E-03  -0.77378558E-03   0.00000000E+00
 17.    8.  -0.40804501E-04   0.15228447E-03  -0.77378558E-03   0.00000000E+00
 17.    9.  -0.78828242E-04   0.13653452E-03  -0.77378558E-03   0.00000000E+00
 17.   10.  -0.11147997E-03   0.11147997E-03  -0.77378558E-03   0.00000000E+00
 17.   11.  -0.13653452E-03   0.78828243E-04  -0.77378558E-03   0.00000000E+00
 17.   12.  -0.15228447E-03   0.40804501E-04  -0.77378558E-03   0.00000000E+00
 17.   13.  -0.15765649E-03   0.00000000E+00  -0.77378558E-03   0.00000000E+00
 17.   14.  -0.12104226E-03   0.00000000E+00   0.55148137E-03   0.00000000E+00
 17.   15.  -0.11691784E-03  -0.31328042E-04   0.55148137E-03   0.00000000E+00
 17.   16.  -0.10482567E-03  -0.60521129E-04   0.55148137E-03   0.00000000E+00
 17.   17.  -0.85589802E-04  -0.85589802E-04   0.55148137E-03   0.00000000E+00
 17.   18.  -0.60521129E-04  -0.10482567E-03   0.55148137E-03   0.00000000E+00
 17.   19.  -0.31328042E-04  -0.11691784E-03   0.55148137E-03   0.00000000E+00
 17.   20.  -0.14330541E-12  -0.12104226E-03   0.55148137E-03   0.00000000E+00
 17.   21.   0.31328042E-04  -0.11691784E-03   0.55148137E-03   0.00000000E+00
 17.   22.   0.60521129E-04  -0.10482567E-03   0.55148137E-03   0.00000000E+00
 17.   23.   0.85589802E-04  -0.85589802E-04   0.55148137E-03   0.00000000E+00
 17.   24.   0.10482567E-03  -0.60521130E-04   0.55148137E-03   0.00000000E+00
 17.   25.   0.11691784E-03  -0.31328042E-04   0.55148137E-03   0.00000000E+00
 17.   26.   0.12104226E-03   0.00000000E+00   0.55148137E-03   0.00000000E+00
 17.   27.   0.10847466E-03   0.00000000E+00  -0.47008922E-03   0.00000000E+00
 17.   28.   0.10477847E-03   0.28075308E-04  -0.47008922E-03   0.00000000E+00
 17.   29.   0.93941810E-04   0.54237330E-04  -0.47008922E-03   0.00000000E+00
 17.   30.   0.76703167E-04   0.76703167E-04  -0.47008922E-03   0.00000000E+00
 17.   31.   0.54237330E-04   0.93941810E-04  -0.47008922E-03   0.00000000E+00
 17.   32.   0.28075308E-04   0.10477847E-03  -0.47008922E-03   0.00000000E+00
 17.   33.   0.12772692E-12   0.10847466E-03  -0.47008922E-03   0.00000000E+00
 17.   34.  -0.28075308E-04   0.10477847E-03  -0.47008922E-03   0.00000000E+00
 17.   35.  -0.54237329E-04   0.93941811E-04  -0.47008922E-03   0.00000000E+00
 17.   36.  -0.76703167E-04   0.76703167E-04  -0.47008922E-03   0.00000000E+00
 17.   37.  -0.93941810E-04   0.54237330E-04  -0.47008922E-03   0.00000000E+00
 17.   38.  -0.10477847E-03   0.28075308E-04  -0.47008922E-03   0.00000000E+00
 17.   39.  -0.10847466E-03   0.00000000E+00  -0.47008922E-03   0.00000000E+00
 17.   40.   0.00000000E+00   0.00000000E+00   0.00000000E+00   0.00000000E+00
 17.   41.   0.00000000E+00   0.00000000E+00   0.00000000E+00   0.00000000E+00
 17.   42.   0.00000000E+00   0.00000000E+00   0.00000000E+00   0.00000000E+00
 17.   43.   0.00000000E+00   0.00000000E+00   0.00000000E+00   0.00000000E+00
 17.   44.   0.00000000E+00   0.00000000E+00   0.00000000E+00   0.00000000E+00
 17.   45.   0.00000000E+00   0.00000000E+00   0.00000000E+00   0.00000000E+00
 17.   46.   0.00000000E+00   0.00000000E+00   0.00000000E+00   0.00000000E+00
 17.   47.   0.00000000E+00   0.00000000E+00   0.00000000E+00   0.00000000E+00
 17.   48.   0.00000000E+00   0.00000000E+00   0.00000000E+00   0.00000000E+00
 17.   49.   0.00000000E+00   0.00000000E+00   0.00000000E+00   0.00000000E+00
 17.   50.   0.00000000E+00   0.00000000E+00   0.00000000E+00   0.00000000E+00
 17.   51.   0.00000000E+00   0.00000000E+00   0.00000000E+00   0.00000000E+00
 17.   52.   0.00000000E+00   0.00000000E+00   0.00000000E+00   0.00000000E+00
 17.   53.   0.00000000E+00   0.00000000E+00   0.00000000E+00   0.00000000E+00
 17.   54.   0.00000000E+00   0.00000000E+00   0.00000000E+00   0.00000000E+00
 17.   55.   0.00000000E+00   0.00000000E+00   0.00000000E+00   0.00000000E+00
 17.   56.   0.00000000E+00   0.00000000E+00   0.00000000E+00   0.00000000E+00
 17.   57.   0.00000000E+00   0.00000000E+00   0.00000000E+00   0.00000000E+00
 17.   58.   0.00000000E+00   0.00000000E+00   0.00000000E+00   0.00000000E+00
 17.   59.   0.00000000E+00   0.00000000E+00   0.00000000E+00   0.00000000E+00
 17.   60.   0.00000000E+00   0.00000000E+00   0.00000000E+00   0.00000000E+00
 17.   61.   0.00000000E+00   0.00000000E+00   0.00000000E+00   0.00000000E+00
 17.   62.   0.00000000E+00   0.00000000E+00   0.00000000E+00   0.00000000E+00
 17.   63.   0.00000000E+00   0.00000000E+00   0.00000000E+00   0.00000000E+00
 17.   64.   0.00000000E+00   0.00000000E+00   0.00000000E+00   0.00000000E+00
 17.   65.   0.00000000E+00   0.00000000E+00   0.00000000E+00   0.00000000E+00
 18.    1.  -0.40013331E-05   0.00000000E+00   0.71948443E-05   0.00000000E+00
 18.    2.   0.95339495E-06   0.41718635E-05  -0.35974222E-05   0.00000000E+00
 18.    3.   0.36241050E-05  -0.22758009E-05  -0.35974222E-05   0.00000000E+00
 18.    4.  -0.28293697E-05  -0.28293698E-05   0.71948443E-05   0.00000000E+00
 18.    5.  -0.22758010E-05   0.36241050E-05  -0.35974221E-05   0.00000000E+00
 18.    6.   0.41718635E-05   0.95339498E-06  -0.35974222E-05   0.00000000E+00
 18.    7.   0.37131005E-13  -0.40013331E-05   0.71948443E-05   0.00000000E+00
 18.    8.  -0.41718635E-05   0.95339491E-06  -0.35974221E-05   0.00000000E+00
 18.    9.   0.22758009E-05   0.36241050E-05  -0.35974222E-05   0.00000000E+00
 18.   10.   0.28293698E-05  -0.28293697E-05   0.71948443E-05   0.00000000E+00
 18.   11.  -0.36241050E-05  -0.22758010E-05  -0.35974221E-05   0.00000000E+00
 18.   12.  -0.95339501E-06   0.41718635E-05  -0.35974223E-05   0.00000000E+00
 18.   13.   0.40013331E-05   0.00000000E+00   0.71948443E-05   0.00000000E+00
 18.   14.  -0.13348208E-03   0.00000000E+00   0.65629709E-03   0.00000000E+00
 18.   15.   0.19257331E-04   0.18599824E-03  -0.32814854E-03   0.00000000E+00
 18.   16.   0.14513761E-03  -0.11790363E-03  -0.32814854E-03   0.00000000E+00
 18.   17.  -0.94386084E-04  -0.94386085E-04   0.65629709E-03   0.00000000E+00
 18.   18.  -0.11790363E-03   0.14513761E-03  -0.32814854E-03   0.00000000E+00
 18.   19.   0.18599824E-03   0.19257332E-04  -0.32814855E-03   0.00000000E+00
 18.   20.   0.17444108E-11  -0.13348208E-03   0.65629709E-03   0.00000000E+00
 18.   21.  -0.18599824E-03   0.19257330E-04  -0.32814854E-03   0.00000000E+00
 18.   22.   0.11790363E-03   0.14513761E-03  -0.32814855E-03   0.00000000E+00
 18.   23.   0.94386086E-04  -0.94386083E-04   0.65629709E-03   0.00000000E+00
 18.   24.  -0.14513761E-03  -0.11790363E-03  -0.32814853E-03   0.00000000E+00
 18.   25.  -0.19257333E-04   0.18599824E-03  -0.32814855E-03   0.00000000E+00
 18.   26.   0.13348208E-03   0.00000000E+00   0.65629709E-03   0.00000000E+00
 18.   27.   0.70618350E-05   0.00000000E+00   0.24267616E-02   0.00000000E+00
 18.   28.  -0.11536230E-03   0.41689554E-03  -0.12133808E-02   0.00000000E+00
 18.   29.   0.21321620E-03  -0.37636313E-03  -0.12133808E-02   0.00000000E+00
 18.   30.   0.49934733E-05   0.49934695E-05   0.24267616E-02   0.00000000E+00
 18.   31.  -0.37636313E-03   0.21321620E-03  -0.12133808E-02   0.00000000E+00
 18.   32.   0.41689554E-03  -0.11536230E-03  -0.12133808E-02   0.00000000E+00
 18.   33.   0.47162884E-11   0.70618350E-05   0.24267616E-02   0.00000000E+00
 18.   34.  -0.41689554E-03  -0.11536230E-03  -0.12133808E-02   0.00000000E+00
 18.   35.   0.37636312E-03   0.21321620E-03  -0.12133808E-02   0.00000000E+00
 18.   36.  -0.49934668E-05   0.49934761E-05   0.24267616E-02   0.00000000E+00
 18.   37.  -0.21321620E-03  -0.37636313E-03  -0.12133807E-02   0.00000000E+00
 18.   38.   0.11536230E-03   0.41689554E-03  -0.12133808E-02   0.00000000E+00
 18.   39.  -0.70618351E-05   0.00000000E+00   0.24267616E-02   0.00000000E+00
 18.   40.   0.00000000E+00   0.00000000E+00   0.00000000E+00   0.00000000E+00
 18.   41.   0.00000000E+00   0.00000000E+00   0.00000000E+00   0.00000000E+00
 18.   42.   0.00000000E+00   0.00000000E+00   0.00000000E+00   0.00000000E+00
 18.   43.   0.00000000E+00   0.00000000E+00   0.00000000E+00   0.00000000E+00
 18.   44.   0.00000000E+00   0.00000000E+00   0.00000000E+00   0.00000000E+00
 18.   45.   0.00000000E+00   0.00000000E+00   0.00000000E+00   0.00000000E+00
 18.   46.   0.00000000E+00   0.00000000E+00   0.00000000E+00   0.00000000E+00
 18.   47.   0.00000000E+00   0.00000000E+00   0.00000000E+00   0.00000000E+00
 18.   48.   0.00000000E+00   0.00000000E+00   0.00000000E+00   0.00000000E+00
 18.   49.   0.00000000E+00   0.00000000E+00   0.00000000E+00   0.00000000E+00
 18.   50.   0.00000000E+00   0.00000000E+00   0.00000000E+00   0.00000000E+00
 18.   51.   0.00000000E+00   0.00000000E+00   0.00000000E+00   0.00000000E+00
 18.   52.   0.00000000E+00   0.00000000E+00   0.00000000E+00   0.00000000E+00
 18.   53.   0.00000000E+00   0.00000000E+00   0.00000000E+00   0.00000000E+00
 18.   54.   0.00000000E+00   0.00000000E+00   0.00000000E+00   0.00000000E+00
 18.   55.   0.00000000E+00   0.00000000E+00   0.00000000E+00   0.00000000E+00
 18.   56.   0.00000000E+00   0.00000000E+00   0.00000000E+00   0.00000000E+00
 18.   57.   0.00000000E+00   0.00000000E+00   0.00000000E+00   0.00000000E+00
 18.   58.   0.00000000E+00   0.00000000E+00   0.00000000E+00   0.00000000E+00
 18.   59.   0.00000000E+00   0.00000000E+00   0.00000000E+00   0.00000000E+00
 18.   60.   0.00000000E+00   0.00000000E+00   0.00000000E+00   0.00000000E+00
 18.   61.   0.00000000E+00   0.00000000E+00   0.00000000E+00   0.00000000E+00
 18.   62.   0.00000000E+00   0.00000000E+00   0.00000000E+00   0.00000000E+00
 18.   63.   0.00000000E+00   0.00000000E+00   0.00000000E+00   0.00000000E+00
 18.   64.   0.00000000E+00   0.00000000E+00   0.00000000E+00   0.00000000E+00
 18.   65.   0.00000000E+00   0.00000000E+00   0.00000000E+00   0.00000000E+00
 19.    1.  -0.12535230E-03   0.00000000E+00   0.41126311E-03   0.00000000E+00
 19.    2.  -0.70396981E-04   0.13737281E-03   0.10644273E-03   0.00000000E+00
 19.    3.   0.54955320E-04   0.12193115E-03  -0.35616430E-03   0.00000000E+00
 19.    4.   0.14079396E-03  -0.15441660E-04  -0.29080693E-03   0.00000000E+00
 19.    5.   0.85838642E-04  -0.12193115E-03   0.20563155E-03   0.00000000E+00
 19.    6.  -0.70396980E-04  -0.10648949E-03   0.39724966E-03   0.00000000E+00
 19.    7.  -0.15623562E-03  -0.55488771E-12   0.24268355E-11   0.00000000E+00
 19.    8.  -0.70396982E-04   0.10648949E-03  -0.39724966E-03   0.00000000E+00
 19.    9.   0.85838641E-04   0.12193115E-03  -0.20563156E-03   0.00000000E+00
 19.   10.   0.14079396E-03   0.15441662E-04   0.29080693E-03   0.00000000E+00
 19.   11.   0.54955321E-04  -0.12193115E-03   0.35616430E-03   0.00000000E+00
 19.   12.  -0.70396980E-04  -0.13737281E-03  -0.10644272E-03   0.00000000E+00
 19.   13.  -0.12535230E-03   0.00000000E+00  -0.41126311E-03   0.00000000E+00
 19.   14.   0.38760698E-04   0.00000000E+00   0.23381241E-02   0.00000000E+00
 19.   15.  -0.10246658E-03   0.42117117E-03   0.60515105E-03   0.00000000E+00
 19.   16.  -0.14122727E-03   0.17747732E-03  -0.20248749E-02   0.00000000E+00
 19.   17.   0.20493315E-03  -0.24369385E-03  -0.16533034E-02   0.00000000E+00
 19.   18.   0.34616043E-03  -0.17747732E-03   0.11690620E-02   0.00000000E+00
 19.   19.  -0.10246657E-03   0.66216534E-04   0.22584545E-02   0.00000000E+00
 19.   20.  -0.44862700E-03   0.75741887E-12   0.13785498E-10   0.00000000E+00
 19.   21.  -0.10246658E-03  -0.66216535E-04  -0.22584544E-02   0.00000000E+00
 19.   22.   0.34616043E-03   0.17747732E-03  -0.11690621E-02   0.00000000E+00
 19.   23.   0.20493316E-03   0.24369385E-03   0.16533034E-02   0.00000000E+00
 19.   24.  -0.14122727E-03  -0.17747731E-03   0.20248749E-02   0.00000000E+00
 19.   25.  -0.10246658E-03  -0.42117117E-03  -0.60515102E-03   0.00000000E+00
 19.   26.   0.38760698E-04   0.00000000E+00  -0.23381241E-02   0.00000000E+00
 19.   27.   0.22022378E-03   0.00000000E+00  -0.13802562E-02   0.00000000E+00
 19.   28.   0.99437591E-04  -0.15088236E-03  -0.35723659E-03   0.00000000E+00
 19.   29.  -0.12078619E-03  -0.17223096E-03   0.11953369E-02   0.00000000E+00
 19.   30.  -0.19887518E-03  -0.21348597E-04   0.97598851E-03   0.00000000E+00
 19.   31.  -0.78088995E-04   0.17223096E-03  -0.69012809E-03   0.00000000E+00
 19.   32.   0.99437591E-04   0.19357956E-03  -0.13332251E-02   0.00000000E+00
 19.   33.   0.17752659E-03   0.10885114E-11  -0.81272380E-11   0.00000000E+00
 19.   34.   0.99437592E-04  -0.19357956E-03   0.13332251E-02   0.00000000E+00
 19.   35.  -0.78088993E-04  -0.17223096E-03   0.69012810E-03   0.00000000E+00
 19.   36.  -0.19887518E-03   0.21348596E-04  -0.97598850E-03   0.00000000E+00
 19.   37.  -0.12078619E-03   0.17223096E-03  -0.11953369E-02   0.00000000E+00
 19.   38.   0.99437590E-04   0.15088236E-03   0.35723657E-03   0.00000000E+00
 19.   39.   0.22022378E-03   0.00000000E+00   0.13802562E-02   0.00000000E+00
 19.   40.   0.00000000E+00   0.00000000E+00   0.00000000E+00   0.00000000E+00
 19.   41.   0.00000000E+00   0.00000000E+00   0.00000000E+00   0.00000000E+00
 19.   42.   0.00000000E+00   0.00000000E+00   0.00000000E+00   0.00000000E+00
 19.   43.   0.00000000E+00   0.00000000E+00   0.00000000E+00   0.00000000E+00
 19.   44.   0.00000000E+00   0.00000000E+00   0.00000000E+00   0.00000000E+00
 19.   45.   0.00000000E+00   0.00000000E+00   0.00000000E+00   0.00000000E+00
 19.   46.   0.00000000E+00   0.00000000E+00   0.00000000E+00   0.00000000E+00
 19.   47.   0.00000000E+00   0.00000000E+00   0.00000000E+00   0.00000000E+00
 19.   48.   0.00000000E+00   0.00000000E+00   0.00000000E+00   0.00000000E+00
 19.   49.   0.00000000E+00   0.00000000E+00   0.00000000E+00   0.00000000E+00
 19.   50.   0.00000000E+00   0.00000000E+00   0.00000000E+00   0.00000000E+00
 19.   51.   0.00000000E+00   0.00000000E+00   0.00000000E+00   0.00000000E+00
 19.   52.   0.00000000E+00   0.00000000E+00   0.00000000E+00   0.00000000E+00
 19.   53.   0.00000000E+00   0.00000000E+00   0.00000000E+00   0.00000000E+00
 19.   54.   0.00000000E+00   0.00000000E+00   0.00000000E+00   0.00000000E+00
 19.   55.   0.00000000E+00   0.00000000E+00   0.00000000E+00   0.00000000E+00
 19.   56.   0.00000000E+00   0.00000000E+00   0.00000000E+00   0.00000000E+00
 19.   57.   0.00000000E+00   0.00000000E+00   0.00000000E+00   0.00000000E+00
 19.   58.   0.00000000E+00   0.00000000E+00   0.00000000E+00   0.00000000E+00
 19.   59.   0.00000000E+00   0.00000000E+00   0.00000000E+00   0.00000000E+00
 19.   60.   0.00000000E+00   0.00000000E+00   0.00000000E+00   0.00000000E+00
 19.   61.   0.00000000E+00   0.00000000E+00   0.00000000E+00   0.00000000E+00
 19.   62.   0.00000000E+00   0.00000000E+00   0.00000000E+00   0.00000000E+00
 19.   63.   0.00000000E+00   0.00000000E+00   0.00000000E+00   0.00000000E+00
 19.   64.   0.00000000E+00   0.00000000E+00   0.00000000E+00   0.00000000E+00
 19.   65.   0.00000000E+00   0.00000000E+00   0.00000000E+00   0.00000000E+00
 20.    1.  -0.16491440E-03   0.00000000E+00   0.18808146E-02   0.00000000E+00
 20.    2.  -0.19080892E-03   0.26155407E-03   0.13299368E-02   0.00000000E+00
 20.    3.  -0.21356521E-03   0.36990579E-03   0.98938211E-12   0.00000000E+00
 20.    4.  -0.13110801E-03   0.29602241E-03  -0.13299368E-02   0.00000000E+00
 20.    5.   0.82457200E-04   0.14282006E-03  -0.18808146E-02   0.00000000E+00
 20.    6.   0.32191693E-03   0.34468340E-04  -0.13299368E-02   0.00000000E+00
 20.    7.   0.42713041E-03   0.80009325E-13  -0.66561563E-11   0.00000000E+00
 20.    8.   0.32191693E-03  -0.34468340E-04   0.13299368E-02   0.00000000E+00
 20.    9.   0.82457202E-04  -0.14282006E-03   0.18808146E-02   0.00000000E+00
 20.   10.  -0.13110800E-03  -0.29602241E-03   0.13299368E-02   0.00000000E+00
 20.   11.  -0.21356521E-03  -0.36990579E-03   0.12110191E-10   0.00000000E+00
 20.   12.  -0.19080892E-03  -0.26155407E-03  -0.13299368E-02   0.00000000E+00
 20.   13.  -0.16491440E-03   0.00000000E+00  -0.18808146E-02   0.00000000E+00
 20.   14.   0.31217536E-03   0.00000000E+00  -0.72602008E-03   0.00000000E+00
 20.   15.   0.22845976E-03   0.25549930E-06  -0.51337373E-03   0.00000000E+00
 20.   16.   0.41636530E-04  -0.72116584E-04  -0.36036079E-12   0.00000000E+00
 20.   17.  -0.11445115E-03  -0.19772421E-03   0.51337372E-03   0.00000000E+00
 20.   18.  -0.15608768E-03  -0.27035179E-03   0.72602008E-03   0.00000000E+00
 20.   19.  -0.11400861E-03  -0.19797971E-03   0.51337373E-03   0.00000000E+00
 20.   20.  -0.83273059E-04  -0.10066990E-11   0.25689204E-11   0.00000000E+00
 20.   21.  -0.11400861E-03   0.19797971E-03  -0.51337372E-03   0.00000000E+00
 20.   22.  -0.15608768E-03   0.27035179E-03  -0.72602008E-03   0.00000000E+00
 20.   23.  -0.11445115E-03   0.19772421E-03  -0.51337373E-03   0.00000000E+00
 20.   24.   0.41636528E-04   0.72116585E-04  -0.46965005E-11   0.00000000E+00
 20.   25.   0.22845976E-03  -0.25549903E-06   0.51337372E-03   0.00000000E+00
 20.   26.   0.31217536E-03   0.00000000E+00   0.72602008E-03   0.00000000E+00
 20.   27.  -0.26370530E-03   0.00000000E+00   0.68533572E-03   0.00000000E+00
 20.   28.  -0.18977228E-03  -0.12216479E-04   0.48460554E-03   0.00000000E+00
 20.   29.  -0.26386728E-04   0.45703153E-04   0.33382589E-12   0.00000000E+00
 20.   30.   0.10546592E-03   0.15823938E-03  -0.48460554E-03   0.00000000E+00
 20.   31.   0.13185265E-03   0.22837549E-03  -0.68533572E-03   0.00000000E+00
 20.   32.   0.84306359E-04   0.17045586E-03  -0.48460554E-03   0.00000000E+00
 20.   33.   0.52773455E-04   0.87105209E-12  -0.24263757E-11   0.00000000E+00
 20.   34.   0.84306359E-04  -0.17045585E-03   0.48460553E-03   0.00000000E+00
 20.   35.   0.13185265E-03  -0.22837549E-03   0.68533572E-03   0.00000000E+00
 20.   36.   0.10546592E-03  -0.15823938E-03   0.48460554E-03   0.00000000E+00
 20.   37.  -0.26386726E-04  -0.45703154E-04   0.44380146E-11   0.00000000E+00
 20.   38.  -0.18977228E-03   0.12216479E-04  -0.48460553E-03   0.00000000E+00
 20.   39.  -0.26370530E-03   0.00000000E+00  -0.68533572E-03   0.00000000E+00
 20.   40.   0.00000000E+00   0.00000000E+00   0.00000000E+00   0.00000000E+00
 20.   41.   0.00000000E+00   0.00000000E+00   0.00000000E+00   0.00000000E+00
 20.   42.   0.00000000E+00   0.00000000E+00   0.00000000E+00   0.00000000E+00
 20.   43.   0.00000000E+00   0.00000000E+00   0.00000000E+00   0.00000000E+00
 20.   44.   0.00000000E+00   0.00000000E+00   0.00000000E+00   0.00000000E+00
 20.   45.   0.00000000E+00   0.00000000E+00   0.00000000E+00   0.00000000E+00
 20.   46.   0.00000000E+00   0.00000000E+00   0.00000000E+00   0.00000000E+00
 20.   47.   0.00000000E+00   0.00000000E+00   0.00000000E+00   0.00000000E+00
 20.   48.   0.00000000E+00   0.00000000E+00   0.00000000E+00   0.00000000E+00
 20.   49.   0.00000000E+00   0.00000000E+00   0.00000000E+00   0.00000000E+00
 20.   50.   0.00000000E+00   0.00000000E+00   0.00000000E+00   0.00000000E+00
 20.   51.   0.00000000E+00   0.00000000E+00   0.00000000E+00   0.00000000E+00
 20.   52.   0.00000000E+00   0.00000000E+00   0.00000000E+00   0.00000000E+00
 20.   53.   0.00000000E+00   0.00000000E+00   0.00000000E+00   0.00000000E+00
 20.   54.   0.00000000E+00   0.00000000E+00   0.00000000E+00   0.00000000E+00
 20.   55.   0.00000000E+00   0.00000000E+00   0.00000000E+00   0.00000000E+00
 20.   56.   0.00000000E+00   0.00000000E+00   0.00000000E+00   0.00000000E+00
 20.   57.   0.00000000E+00   0.00000000E+00   0.00000000E+00   0.00000000E+00
 20.   58.   0.00000000E+00   0.00000000E+00   0.00000000E+00   0.00000000E+00
 20.   59.   0.00000000E+00   0.00000000E+00   0.00000000E+00   0.00000000E+00
 20.   60.   0.00000000E+00   0.00000000E+00   0.00000000E+00   0.00000000E+00
 20.   61.   0.00000000E+00   0.00000000E+00   0.00000000E+00   0.00000000E+00
 20.   62.   0.00000000E+00   0.00000000E+00   0.00000000E+00   0.00000000E+00
 20.   63.   0.00000000E+00   0.00000000E+00   0.00000000E+00   0.00000000E+00
 20.   64.   0.00000000E+00   0.00000000E+00   0.00000000E+00   0.00000000E+00
 20.   65.   0.00000000E+00   0.00000000E+00   0.00000000E+00   0.00000000E+00
 21.    1.   0.20950991E-01   0.00000000E+00   0.11724286E-03   0.00000000E+00
 21.    2.   0.20898414E-01   0.19622030E-03   0.11324791E-03   0.00000000E+00
 21.    3.   0.20754770E-01   0.33986353E-03   0.10153530E-03   0.00000000E+00
 21.    4.   0.20558550E-01   0.39244060E-03   0.82903225E-04   0.00000000E+00
 21.    5.   0.20362330E-01   0.33986353E-03   0.58621432E-04   0.00000000E+00
 21.    6.   0.20218687E-01   0.19622030E-03   0.30344686E-04   0.00000000E+00
 21.    7.   0.20166109E-01   0.92592194E-12   0.13753793E-12   0.00000000E+00
 21.    8.   0.20218687E-01  -0.19622030E-03  -0.30344686E-04   0.00000000E+00
 21.    9.   0.20362330E-01  -0.33986353E-03  -0.58621432E-04   0.00000000E+00
 21.   10.   0.20558550E-01  -0.39244060E-03  -0.82903225E-04   0.00000000E+00
 21.   11.   0.20754770E-01  -0.33986353E-03  -0.10153530E-03   0.00000000E+00
 21.   12.   0.20898414E-01  -0.19622030E-03  -0.11324791E-03   0.00000000E+00
 21.   13.   0.20950991E-01   0.00000000E+00  -0.11724286E-03   0.00000000E+00
 21.   14.   0.15481825E-01   0.00000000E+00   0.21165950E-03   0.00000000E+00
 21.   15.   0.15331390E-01   0.56143206E-03   0.20444738E-03   0.00000000E+00
 21.   16.   0.14920393E-01   0.97242886E-03   0.18330250E-03   0.00000000E+00
 21.   17.   0.14358961E-01   0.11228641E-02   0.14966587E-03   0.00000000E+00
 21.   18.   0.13797529E-01   0.97242886E-03   0.10582975E-03   0.00000000E+00
 21.   19.   0.13386532E-01   0.56143206E-03   0.54781510E-04   0.00000000E+00
 21.   20.   0.13236097E-01   0.26486585E-11   0.24981607E-12   0.00000000E+00
 21.   21.   0.13386532E-01  -0.56143206E-03  -0.54781509E-04   0.00000000E+00
 21.   22.   0.13797529E-01  -0.97242886E-03  -0.10582975E-03   0.00000000E+00
 21.   23.   0.14358961E-01  -0.11228641E-02  -0.14966587E-03   0.00000000E+00
 21.   24.   0.14920393E-01  -0.97242886E-03  -0.18330250E-03   0.00000000E+00
 21.   25.   0.15331390E-01  -0.56143207E-03  -0.20444738E-03   0.00000000E+00
 21.   26.   0.15481825E-01   0.00000000E+00  -0.21165950E-03   0.00000000E+00
 21.   27.   0.79045744E-02   0.00000000E+00   0.26945776E-03   0.00000000E+00
 21.   28.   0.77371326E-02   0.62490113E-03   0.26027621E-03   0.00000000E+00
 21.   29.   0.72796733E-02   0.10823605E-02   0.23335727E-03   0.00000000E+00
 21.   30.   0.66547721E-02   0.12498023E-02   0.19053541E-03   0.00000000E+00
 21.   31.   0.60298710E-02   0.10823605E-02   0.13472888E-03   0.00000000E+00
 21.   32.   0.55724116E-02   0.62490114E-03   0.69740801E-04   0.00000000E+00
 21.   33.   0.54049699E-02   0.29485973E-11   0.31656104E-12   0.00000000E+00
 21.   34.   0.55724116E-02  -0.62490113E-03  -0.69740800E-04   0.00000000E+00
 21.   35.   0.60298710E-02  -0.10823605E-02  -0.13472888E-03   0.00000000E+00
 21.   36.   0.66547721E-02  -0.12498023E-02  -0.19053541E-03   0.00000000E+00
 21.   37.   0.72796733E-02  -0.10823605E-02  -0.23335727E-03   0.00000000E+00
 21.   38.   0.77371326E-02  -0.62490114E-03  -0.26027621E-03   0.00000000E+00
 21.   39.   0.79045744E-02   0.00000000E+00  -0.26945776E-03   0.00000000E+00
 21.   40.   0.00000000E+00   0.00000000E+00   0.00000000E+00   0.00000000E+00
 21.   41.   0.00000000E+00   0.00000000E+00   0.00000000E+00   0.00000000E+00
 21.   42.   0.00000000E+00   0.00000000E+00   0.00000000E+00   0.00000000E+00
 21.   43.   0.00000000E+00   0.00000000E+00   0.00000000E+00   0.00000000E+00
 21.   44.   0.00000000E+00   0.00000000E+00   0.00000000E+00   0.00000000E+00
 21.   45.   0.00000000E+00   0.00000000E+00   0.00000000E+00   0.00000000E+00
 21.   46.   0.00000000E+00   0.00000000E+00   0.00000000E+00   0.00000000E+00
 21.   47.   0.00000000E+00   0.00000000E+00   0.00000000E+00   0.00000000E+00
 21.   48.   0.00000000E+00   0.00000000E+00   0.00000000E+00   0.00000000E+00
 21.   49.   0.00000000E+00   0.00000000E+00   0.00000000E+00   0.00000000E+00
 21.   50.   0.00000000E+00   0.00000000E+00   0.00000000E+00   0.00000000E+00
 21.   51.   0.00000000E+00   0.00000000E+00   0.00000000E+00   0.00000000E+00
 21.   52.   0.00000000E+00   0.00000000E+00   0.00000000E+00   0.00000000E+00
 21.   53.   0.00000000E+00   0.00000000E+00   0.00000000E+00   0.00000000E+00
 21.   54.   0.00000000E+00   0.00000000E+00   0.00000000E+00   0.00000000E+00
 21.   55.   0.00000000E+00   0.00000000E+00   0.00000000E+00   0.00000000E+00
 21.   56.   0.00000000E+00   0.00000000E+00   0.00000000E+00   0.00000000E+00
 21.   57.   0.00000000E+00   0.00000000E+00   0.00000000E+00   0.00000000E+00
 21.   58.   0.00000000E+00   0.00000000E+00   0.00000000E+00   0.00000000E+00
 21.   59.   0.00000000E+00   0.00000000E+00   0.00000000E+00   0.00000000E+00
 21.   60.   0.00000000E+00   0.00000000E+00   0.00000000E+00   0.00000000E+00
 21.   61.   0.00000000E+00   0.00000000E+00   0.00000000E+00   0.00000000E+00
 21.   62.   0.00000000E+00   0.00000000E+00   0.00000000E+00   0.00000000E+00
 21.   63.   0.00000000E+00   0.00000000E+00   0.00000000E+00   0.00000000E+00
 21.   64.   0.00000000E+00   0.00000000E+00   0.00000000E+00   0.00000000E+00
 21.   65.   0.00000000E+00   0.00000000E+00   0.00000000E+00   0.00000000E+00
 22.    1.  -0.14761404E-05   0.00000000E+00   0.23723502E-05   0.00000000E+00
 22.    2.   0.71388592E-06   0.13686321E-05  -0.16775049E-05   0.00000000E+00
 22.    3.   0.80414291E-06  -0.13928164E-05  -0.20053366E-14   0.00000000E+00
 22.    4.  -0.15422131E-05   0.66072690E-07   0.16775049E-05   0.00000000E+00
 22.    5.   0.73807020E-06   0.12783751E-05  -0.23723502E-05   0.00000000E+00
 22.    6.   0.82832720E-06  -0.13025594E-05   0.16775049E-05   0.00000000E+00
 22.    7.  -0.16082858E-05  -0.14137359E-13   0.25933595E-13   0.00000000E+00
 22.    8.   0.82832717E-06   0.13025594E-05  -0.16775049E-05   0.00000000E+00
 22.    9.   0.73807022E-06  -0.12783751E-05   0.23723502E-05   0.00000000E+00
 22.   10.  -0.15422131E-05  -0.66072718E-07  -0.16775049E-05   0.00000000E+00
 22.   11.   0.80414288E-06   0.13928164E-05  -0.44834343E-13   0.00000000E+00
 22.   12.   0.71388594E-06  -0.13686321E-05   0.16775050E-05   0.00000000E+00
 22.   13.  -0.14761404E-05   0.00000000E+00  -0.23723502E-05   0.00000000E+00
 22.   14.  -0.94792341E-04   0.00000000E+00   0.40454645E-03   0.00000000E+00
 22.   15.   0.39300517E-04   0.11230596E-03  -0.28605754E-03   0.00000000E+00
 22.   16.   0.69513905E-04  -0.12040162E-03  -0.63947590E-12   0.00000000E+00
 22.   17.  -0.11691008E-03   0.22117734E-04   0.28605754E-03   0.00000000E+00
 22.   18.   0.47396170E-04   0.82092575E-04  -0.40454645E-03   0.00000000E+00
 22.   19.   0.77609559E-04  -0.90188228E-04   0.28605754E-03   0.00000000E+00
 22.   20.  -0.13902781E-03  -0.83794300E-12   0.42788030E-11   0.00000000E+00
 22.   21.   0.77609557E-04   0.90188228E-04  -0.28605755E-03   0.00000000E+00
 22.   22.   0.47396172E-04  -0.82092574E-04   0.40454645E-03   0.00000000E+00
 22.   23.  -0.11691008E-03  -0.22117737E-04  -0.28605754E-03   0.00000000E+00
 22.   24.   0.69513904E-04   0.12040162E-03  -0.77857412E-11   0.00000000E+00
 22.   25.   0.39300519E-04  -0.11230596E-03   0.28605755E-03   0.00000000E+00
 22.   26.  -0.94792341E-04   0.00000000E+00  -0.40454645E-03   0.00000000E+00
 22.   27.  -0.27458962E-04   0.00000000E+00   0.20285069E-02   0.00000000E+00
 22.   28.  -0.66691010E-04   0.32391352E-03  -0.14343710E-02   0.00000000E+00
 22.   29.   0.23344235E-03  -0.40433401E-03  -0.31741900E-11   0.00000000E+00
 22.   30.  -0.24717183E-03   0.21971287E-03   0.14343710E-02   0.00000000E+00
 22.   31.   0.13729478E-04   0.23780160E-04  -0.20285069E-02   0.00000000E+00
 22.   32.   0.31386284E-03  -0.10420065E-03   0.14343710E-02   0.00000000E+00
 22.   33.  -0.46688470E-03   0.26032387E-12   0.21446441E-10   0.00000000E+00
 22.   34.   0.31386284E-03   0.10420065E-03  -0.14343710E-02   0.00000000E+00
 22.   35.   0.13729487E-04  -0.23780155E-04   0.20285069E-02   0.00000000E+00
 22.   36.  -0.24717183E-03  -0.21971287E-03  -0.14343710E-02   0.00000000E+00
 22.   37.   0.23344235E-03   0.40433401E-03  -0.39067497E-10   0.00000000E+00
 22.   38.  -0.66691009E-04  -0.32391351E-03   0.14343710E-02   0.00000000E+00
 22.   39.  -0.27458962E-04   0.00000000E+00  -0.20285069E-02   0.00000000E+00
 22.   40.   0.00000000E+00   0.00000000E+00   0.00000000E+00   0.00000000E+00
 22.   41.   0.00000000E+00   0.00000000E+00   0.00000000E+00   0.00000000E+00
 22.   42.   0.00000000E+00   0.00000000E+00   0.00000000E+00   0.00000000E+00
 22.   43.   0.00000000E+00   0.00000000E+00   0.00000000E+00   0.00000000E+00
 22.   44.   0.00000000E+00   0.00000000E+00   0.00000000E+00   0.00000000E+00
 22.   45.   0.00000000E+00   0.00000000E+00   0.00000000E+00   0.00000000E+00
 22.   46.   0.00000000E+00   0.00000000E+00   0.00000000E+00   0.00000000E+00
 22.   47.   0.00000000E+00   0.00000000E+00   0.00000000E+00   0.00000000E+00
 22.   48.   0.00000000E+00   0.00000000E+00   0.00000000E+00   0.00000000E+00
 22.   49.   0.00000000E+00   0.00000000E+00   0.00000000E+00   0.00000000E+00
 22.   50.   0.00000000E+00   0.00000000E+00   0.00000000E+00   0.00000000E+00
 22.   51.   0.00000000E+00   0.00000000E+00   0.00000000E+00   0.00000000E+00
 22.   52.   0.00000000E+00   0.00000000E+00   0.00000000E+00   0.00000000E+00
 22.   53.   0.00000000E+00   0.00000000E+00   0.00000000E+00   0.00000000E+00
 22.   54.   0.00000000E+00   0.00000000E+00   0.00000000E+00   0.00000000E+00
 22.   55.   0.00000000E+00   0.00000000E+00   0.00000000E+00   0.00000000E+00
 22.   56.   0.00000000E+00   0.00000000E+00   0.00000000E+00   0.00000000E+00
 22.   57.   0.00000000E+00   0.00000000E+00   0.00000000E+00   0.00000000E+00
 22.   58.   0.00000000E+00   0.00000000E+00   0.00000000E+00   0.00000000E+00
 22.   59.   0.00000000E+00   0.00000000E+00   0.00000000E+00   0.00000000E+00
 22.   60.   0.00000000E+00   0.00000000E+00   0.00000000E+00   0.00000000E+00
 22.   61.   0.00000000E+00   0.00000000E+00   0.00000000E+00   0.00000000E+00
 22.   62.   0.00000000E+00   0.00000000E+00   0.00000000E+00   0.00000000E+00
 22.   63.   0.00000000E+00   0.00000000E+00   0.00000000E+00   0.00000000E+00
 22.   64.   0.00000000E+00   0.00000000E+00   0.00000000E+00   0.00000000E+00
 22.   65.   0.00000000E+00   0.00000000E+00   0.00000000E+00   0.00000000E+00
 23.    1.   0.38986957E-03   0.00000000E+00   0.36251634E-03   0.00000000E+00
 23.    2.   0.36191999E-03   0.10430924E-03   0.35016389E-03   0.00000000E+00
 23.    3.   0.28556033E-03   0.18066890E-03   0.31394836E-03   0.00000000E+00
 23.    4.   0.18125108E-03   0.20861848E-03   0.25633776E-03   0.00000000E+00
 23.    5.   0.76941845E-04   0.18066890E-03   0.18125817E-03   0.00000000E+00
 23.    6.   0.58218071E-06   0.10430924E-03   0.93826133E-04   0.00000000E+00
 23.    7.  -0.27367396E-04   0.49234110E-12   0.42804999E-12   0.00000000E+00
 23.    8.   0.58218022E-06  -0.10430924E-03  -0.93826132E-04   0.00000000E+00
 23.    9.   0.76941844E-04  -0.18066890E-03  -0.18125817E-03   0.00000000E+00
 23.   10.   0.18125108E-03  -0.20861848E-03  -0.25633776E-03   0.00000000E+00
 23.   11.   0.28556032E-03  -0.18066890E-03  -0.31394836E-03   0.00000000E+00
 23.   12.   0.36191999E-03  -0.10430924E-03  -0.35016389E-03   0.00000000E+00
 23.   13.   0.38986957E-03   0.00000000E+00  -0.36251634E-03   0.00000000E+00
 23.   14.  -0.27597872E-03   0.00000000E+00   0.65624763E-04   0.00000000E+00
 23.   15.  -0.25765979E-03  -0.68367169E-04   0.63388653E-04   0.00000000E+00
 23.   16.  -0.20761155E-03  -0.11841541E-03   0.56832712E-04   0.00000000E+00
 23.   17.  -0.13924438E-03  -0.13673434E-03   0.46403715E-04   0.00000000E+00
 23.   18.  -0.70877211E-04  -0.11841541E-03   0.32812382E-04   0.00000000E+00
 23.   19.  -0.20828970E-04  -0.68367169E-04   0.16984939E-04   0.00000000E+00
 23.   20.  -0.25100423E-05  -0.32259203E-12   0.76628251E-13   0.00000000E+00
 23.   21.  -0.20828970E-04   0.68367169E-04  -0.16984938E-04   0.00000000E+00
 23.   22.  -0.70877211E-04   0.11841541E-03  -0.32812381E-04   0.00000000E+00
 23.   23.  -0.13924438E-03   0.13673434E-03  -0.46403715E-04   0.00000000E+00
 23.   24.  -0.20761155E-03   0.11841541E-03  -0.56832712E-04   0.00000000E+00
 23.   25.  -0.25765979E-03   0.68367169E-04  -0.63388653E-04   0.00000000E+00
 23.   26.  -0.27597872E-03   0.00000000E+00  -0.65624763E-04   0.00000000E+00
 23.   27.   0.21022608E-03   0.00000000E+00  -0.35683673E-03   0.00000000E+00
 23.   28.   0.19675715E-03   0.50266723E-04  -0.34467781E-03   0.00000000E+00
 23.   29.   0.15995936E-03   0.87064519E-04  -0.30902967E-03   0.00000000E+00
 23.   30.   0.10969263E-03   0.10053345E-03  -0.25232167E-03   0.00000000E+00
 23.   31.   0.59425910E-04   0.87064519E-04  -0.17841836E-03   0.00000000E+00
 23.   32.   0.22628115E-04   0.50266723E-04  -0.92356142E-04   0.00000000E+00
 23.   33.   0.91591865E-05   0.23722200E-12  -0.42237886E-12   0.00000000E+00
 23.   34.   0.22628114E-04  -0.50266723E-04   0.92356141E-04   0.00000000E+00
 23.   35.   0.59425909E-04  -0.87064518E-04   0.17841836E-03   0.00000000E+00
 23.   36.   0.10969263E-03  -0.10053345E-03   0.25232167E-03   0.00000000E+00
 23.   37.   0.15995936E-03  -0.87064519E-04   0.30902967E-03   0.00000000E+00
 23.   38.   0.19675715E-03  -0.50266724E-04   0.34467781E-03   0.00000000E+00
 23.   39.   0.21022608E-03   0.00000000E+00   0.35683673E-03   0.00000000E+00
 23.   40.   0.00000000E+00   0.00000000E+00   0.00000000E+00   0.00000000E+00
 23.   41.   0.00000000E+00   0.00000000E+00   0.00000000E+00   0.00000000E+00
 23.   42.   0.00000000E+00   0.00000000E+00   0.00000000E+00   0.00000000E+00
 23.   43.   0.00000000E+00   0.00000000E+00   0.00000000E+00   0.00000000E+00
 23.   44.   0.00000000E+00   0.00000000E+00   0.00000000E+00   0.00000000E+00
 23.   45.   0.00000000E+00   0.00000000E+00   0.00000000E+00   0.00000000E+00
 23.   46.   0.00000000E+00   0.00000000E+00   0.00000000E+00   0.00000000E+00
 23.   47.   0.00000000E+00   0.00000000E+00   0.00000000E+00   0.00000000E+00
 23.   48.   0.00000000E+00   0.00000000E+00   0.00000000E+00   0.00000000E+00
 23.   49.   0.00000000E+00   0.00000000E+00   0.00000000E+00   0.00000000E+00
 23.   50.   0.00000000E+00   0.00000000E+00   0.00000000E+00   0.00000000E+00
 23.   51.   0.00000000E+00   0.00000000E+00   0.00000000E+00   0.00000000E+00
 23.   52.   0.00000000E+00   0.00000000E+00   0.00000000E+00   0.00000000E+00
 23.   53.   0.00000000E+00   0.00000000E+00   0.00000000E+00   0.00000000E+00
 23.   54.   0.00000000E+00   0.00000000E+00   0.00000000E+00   0.00000000E+00
 23.   55.   0.00000000E+00   0.00000000E+00   0.00000000E+00   0.00000000E+00
 23.   56.   0.00000000E+00   0.00000000E+00   0.00000000E+00   0.00000000E+00
 23.   57.   0.00000000E+00   0.00000000E+00   0.00000000E+00   0.00000000E+00
 23.   58.   0.00000000E+00   0.00000000E+00   0.00000000E+00   0.00000000E+00
 23.   59.   0.00000000E+00   0.00000000E+00   0.00000000E+00   0.00000000E+00
 23.   60.   0.00000000E+00   0.00000000E+00   0.00000000E+00   0.00000000E+00
 23.   61.   0.00000000E+00   0.00000000E+00   0.00000000E+00   0.00000000E+00
 23.   62.   0.00000000E+00   0.00000000E+00   0.00000000E+00   0.00000000E+00
 23.   63.   0.00000000E+00   0.00000000E+00   0.00000000E+00   0.00000000E+00
 23.   64.   0.00000000E+00   0.00000000E+00   0.00000000E+00   0.00000000E+00
 23.   65.   0.00000000E+00   0.00000000E+00   0.00000000E+00   0.00000000E+00
 24.    1.  -0.64447892E-04   0.00000000E+00   0.17135064E-03   0.00000000E+00
 24.    2.  -0.20074450E-04   0.74918868E-04   0.12458870E-12   0.00000000E+00
 24.    3.   0.55813512E-04   0.32223946E-04  -0.17135064E-03   0.00000000E+00
 24.    4.   0.54844418E-04  -0.54844418E-04  -0.71541052E-12   0.00000000E+00
 24.    5.  -0.32223946E-04  -0.55813512E-04   0.17135064E-03   0.00000000E+00
 24.    6.  -0.74918868E-04   0.20074450E-04   0.81876499E-12   0.00000000E+00
 24.    7.  -0.47279832E-12   0.64447892E-04  -0.17135064E-03   0.00000000E+00
 24.    8.   0.74918868E-04   0.20074451E-04  -0.15651767E-11   0.00000000E+00
 24.    9.   0.32223947E-04  -0.55813512E-04   0.17135064E-03   0.00000000E+00
 24.   10.  -0.54844417E-04  -0.54844418E-04   0.16666249E-11   0.00000000E+00
 24.   11.  -0.55813512E-04   0.32223945E-04  -0.17135064E-03   0.00000000E+00
 24.   12.   0.20074449E-04   0.74918868E-04  -0.22597468E-11   0.00000000E+00
 24.   13.   0.64447892E-04   0.00000000E+00   0.17135064E-03   0.00000000E+00
 24.   14.  -0.55078364E-04   0.00000000E+00   0.19364323E-02   0.00000000E+00
 24.   15.  -0.11462499E-03   0.42778629E-03   0.13665630E-11   0.00000000E+00
 24.   16.   0.47699262E-04   0.27539182E-04  -0.19364323E-02   0.00000000E+00
 24.   17.   0.31316130E-03  -0.31316130E-03  -0.79248570E-11   0.00000000E+00
 24.   18.  -0.27539180E-04  -0.47699263E-04   0.19364323E-02   0.00000000E+00
 24.   19.  -0.42778629E-03   0.11462499E-03   0.91498454E-11   0.00000000E+00
 24.   20.  -0.30678830E-11   0.55078364E-04  -0.19364323E-02   0.00000000E+00
 24.   21.   0.42778629E-03   0.11462499E-03  -0.17777110E-10   0.00000000E+00
 24.   22.   0.27539185E-04  -0.47699260E-04   0.19364323E-02   0.00000000E+00
 24.   23.  -0.31316130E-03  -0.31316130E-03   0.19001513E-10   0.00000000E+00
 24.   24.  -0.47699265E-04   0.27539177E-04  -0.19364323E-02   0.00000000E+00
 24.   25.   0.11462499E-03   0.42778629E-03  -0.25588554E-10   0.00000000E+00
 24.   26.   0.55078364E-04   0.00000000E+00   0.19364323E-02   0.00000000E+00
 24.   27.   0.25319528E-03   0.00000000E+00  -0.94871579E-03   0.00000000E+00
 24.   28.   0.37648354E-04  -0.14050557E-03  -0.66503713E-12   0.00000000E+00
 24.   29.  -0.21927355E-03  -0.12659764E-03   0.94871579E-03   0.00000000E+00
 24.   30.  -0.10285721E-03   0.10285721E-03   0.38701932E-11   0.00000000E+00
 24.   31.   0.12659764E-03   0.21927355E-03  -0.94871579E-03   0.00000000E+00
 24.   32.   0.14050557E-03  -0.37648352E-04  -0.44739657E-11   0.00000000E+00
 24.   33.   0.73048900E-12  -0.25319528E-03   0.94871579E-03   0.00000000E+00
 24.   34.  -0.14050557E-03  -0.37648355E-04   0.87163619E-11   0.00000000E+00
 24.   35.  -0.12659764E-03   0.21927355E-03  -0.94871579E-03   0.00000000E+00
 24.   36.   0.10285721E-03   0.10285722E-03  -0.93260883E-11   0.00000000E+00
 24.   37.   0.21927355E-03  -0.12659764E-03   0.94871579E-03   0.00000000E+00
 24.   38.  -0.37648350E-04  -0.14050557E-03   0.12542174E-10   0.00000000E+00
 24.   39.  -0.25319528E-03   0.00000000E+00  -0.94871579E-03   0.00000000E+00
 24.   40.   0.00000000E+00   0.00000000E+00   0.00000000E+00   0.00000000E+00
 24.   41.   0.00000000E+00   0.00000000E+00   0.00000000E+00   0.00000000E+00
 24.   42.   0.00000000E+00   0.00000000E+00   0.00000000E+00   0.00000000E+00
 24.   43.   0.00000000E+00   0.00000000E+00   0.00000000E+00   0.00000000E+00
 24.   44.   0.00000000E+00   0.00000000E+00   0.00000000E+00   0.00000000E+00
 24.   45.   0.00000000E+00   0.00000000E+00   0.00000000E+00   0.00000000E+00
 24.   46.   0.00000000E+00   0.00000000E+00   0.00000000E+00   0.00000000E+00
 24.   47.   0.00000000E+00   0.00000000E+00   0.00000000E+00   0.00000000E+00
 24.   48.   0.00000000E+00   0.00000000E+00   0.00000000E+00   0.00000000E+00
 24.   49.   0.00000000E+00   0.00000000E+00   0.00000000E+00   0.00000000E+00
 24.   50.   0.00000000E+00   0.00000000E+00   0.00000000E+00   0.00000000E+00
 24.   51.   0.00000000E+00   0.00000000E+00   0.00000000E+00   0.00000000E+00
 24.   52.   0.00000000E+00   0.00000000E+00   0.00000000E+00   0.00000000E+00
 24.   53.   0.00000000E+00   0.00000000E+00   0.00000000E+00   0.00000000E+00
 24.   54.   0.00000000E+00   0.00000000E+00   0.00000000E+00   0.00000000E+00
 24.   55.   0.00000000E+00   0.00000000E+00   0.00000000E+00   0.00000000E+00
 24.   56.   0.00000000E+00   0.00000000E+00   0.00000000E+00   0.00000000E+00
 24.   57.   0.00000000E+00   0.00000000E+00   0.00000000E+00   0.00000000E+00
 24.   58.   0.00000000E+00   0.00000000E+00   0.00000000E+00   0.00000000E+00
 24.   59.   0.00000000E+00   0.00000000E+00   0.00000000E+00   0.00000000E+00
 24.   60.   0.00000000E+00   0.00000000E+00   0.00000000E+00   0.00000000E+00
 24.   61.   0.00000000E+00   0.00000000E+00   0.00000000E+00   0.00000000E+00
 24.   62.   0.00000000E+00   0.00000000E+00   0.00000000E+00   0.00000000E+00
 24.   63.   0.00000000E+00   0.00000000E+00   0.00000000E+00   0.00000000E+00
 24.   64.   0.00000000E+00   0.00000000E+00   0.00000000E+00   0.00000000E+00
 24.   65.   0.00000000E+00   0.00000000E+00   0.00000000E+00   0.00000000E+00
 25.    1.  -0.19470668E-03   0.00000000E+00   0.11265456E-02   0.00000000E+00
 25.    2.  -0.16990946E-03   0.25796630E-03   0.56327281E-03   0.00000000E+00
 25.    3.  -0.62265593E-04   0.30255385E-03  -0.56327281E-03   0.00000000E+00
 25.    4.   0.13767841E-03   0.13767842E-03  -0.11265456E-02   0.00000000E+00
 25.    5.   0.30255385E-03  -0.62265592E-04  -0.56327281E-03   0.00000000E+00
 25.    6.   0.25796630E-03  -0.16990946E-03   0.56327280E-03   0.00000000E+00
 25.    7.   0.13669429E-11  -0.19470668E-03   0.11265456E-02   0.00000000E+00
 25.    8.  -0.25796630E-03  -0.16990946E-03   0.56327281E-03   0.00000000E+00
 25.    9.  -0.30255385E-03  -0.62265594E-04  -0.56327280E-03   0.00000000E+00
 25.   10.  -0.13767842E-03   0.13767841E-03  -0.11265456E-02   0.00000000E+00
 25.   11.   0.62265592E-04   0.30255385E-03  -0.56327281E-03   0.00000000E+00
 25.   12.   0.16990946E-03   0.25796630E-03   0.56327280E-03   0.00000000E+00
 25.   13.   0.19470668E-03   0.00000000E+00   0.11265456E-02   0.00000000E+00
 25.   14.   0.33942662E-03   0.00000000E+00  -0.14298002E-04   0.00000000E+00
 25.   15.   0.16442294E-03   0.42087107E-04  -0.71490011E-05   0.00000000E+00
 25.   16.  -0.14602466E-03  -0.86504498E-04   0.71490010E-05   0.00000000E+00
 25.   17.  -0.24001087E-03  -0.24001087E-03   0.14298002E-04   0.00000000E+00
 25.   18.  -0.86504499E-04  -0.14602466E-03   0.71490011E-05   0.00000000E+00
 25.   19.   0.42087107E-04   0.16442294E-03  -0.71490010E-05   0.00000000E+00
 25.   20.   0.38998307E-12   0.33942662E-03  -0.14298002E-04   0.00000000E+00
 25.   21.  -0.42087107E-04   0.16442294E-03  -0.71490011E-05   0.00000000E+00
 25.   22.   0.86504497E-04  -0.14602465E-03   0.71490009E-05   0.00000000E+00
 25.   23.   0.24001087E-03  -0.24001087E-03   0.14298002E-04   0.00000000E+00
 25.   24.   0.14602466E-03  -0.86504500E-04   0.71490011E-05   0.00000000E+00
 25.   25.  -0.16442294E-03   0.42087107E-04  -0.71490009E-05   0.00000000E+00
 25.   26.  -0.33942662E-03   0.00000000E+00  -0.14298002E-04   0.00000000E+00
 25.   27.  -0.28029394E-03   0.00000000E+00   0.31102569E-03   0.00000000E+00
 25.   28.  -0.14249193E-03  -0.96991739E-05   0.15551284E-03   0.00000000E+00
 25.   29.   0.10761536E-03   0.93898660E-04  -0.15551284E-03   0.00000000E+00
 25.   30.   0.19819774E-03   0.19819774E-03  -0.31102569E-03   0.00000000E+00
 25.   31.   0.93898660E-04   0.10761536E-03  -0.15551284E-03   0.00000000E+00
 25.   32.  -0.96991738E-05  -0.14249193E-03   0.15551284E-03   0.00000000E+00
 25.   33.  -0.18095960E-12  -0.28029394E-03   0.31102569E-03   0.00000000E+00
 25.   34.   0.96991742E-05  -0.14249193E-03   0.15551285E-03   0.00000000E+00
 25.   35.  -0.93898659E-04   0.10761536E-03  -0.15551284E-03   0.00000000E+00
 25.   36.  -0.19819774E-03   0.19819774E-03  -0.31102569E-03   0.00000000E+00
 25.   37.  -0.10761536E-03   0.93898661E-04  -0.15551285E-03   0.00000000E+00
 25.   38.   0.14249193E-03  -0.96991735E-05   0.15551284E-03   0.00000000E+00
 25.   39.   0.28029394E-03   0.00000000E+00   0.31102569E-03   0.00000000E+00
 25.   40.   0.00000000E+00   0.00000000E+00   0.00000000E+00   0.00000000E+00
 25.   41.   0.00000000E+00   0.00000000E+00   0.00000000E+00   0.00000000E+00
 25.   42.   0.00000000E+00   0.00000000E+00   0.00000000E+00   0.00000000E+00
 25.   43.   0.00000000E+00   0.00000000E+00   0.00000000E+00   0.00000000E+00
 25.   44.   0.00000000E+00   0.00000000E+00   0.00000000E+00   0.00000000E+00
 25.   45.   0.00000000E+00   0.00000000E+00   0.00000000E+00   0.00000000E+00
 25.   46.   0.00000000E+00   0.00000000E+00   0.00000000E+00   0.00000000E+00
 25.   47.   0.00000000E+00   0.00000000E+00   0.00000000E+00   0.00000000E+00
 25.   48.   0.00000000E+00   0.00000000E+00   0.00000000E+00   0.00000000E+00
 25.   49.   0.00000000E+00   0.00000000E+00   0.00000000E+00   0.00000000E+00
 25.   50.   0.00000000E+00   0.00000000E+00   0.00000000E+00   0.00000000E+00
 25.   51.   0.00000000E+00   0.00000000E+00   0.00000000E+00   0.00000000E+00
 25.   52.   0.00000000E+00   0.00000000E+00   0.00000000E+00   0.00000000E+00
 25.   53.   0.00000000E+00   0.00000000E+00   0.00000000E+00   0.00000000E+00
 25.   54.   0.00000000E+00   0.00000000E+00   0.00000000E+00   0.00000000E+00
 25.   55.   0.00000000E+00   0.00000000E+00   0.00000000E+00   0.00000000E+00
 25.   56.   0.00000000E+00   0.00000000E+00   0.00000000E+00   0.00000000E+00
 25.   57.   0.00000000E+00   0.00000000E+00   0.00000000E+00   0.00000000E+00
 25.   58.   0.00000000E+00   0.00000000E+00   0.00000000E+00   0.00000000E+00
 25.   59.   0.00000000E+00   0.00000000E+00   0.00000000E+00   0.00000000E+00
 25.   60.   0.00000000E+00   0.00000000E+00   0.00000000E+00   0.00000000E+00
 25.   61.   0.00000000E+00   0.00000000E+00   0.00000000E+00   0.00000000E+00
 25.   62.   0.00000000E+00   0.00000000E+00   0.00000000E+00   0.00000000E+00
 25.   63.   0.00000000E+00   0.00000000E+00   0.00000000E+00   0.00000000E+00
 25.   64.   0.00000000E+00   0.00000000E+00   0.00000000E+00   0.00000000E+00
 25.   65.   0.00000000E+00   0.00000000E+00   0.00000000E+00   0.00000000E+00
 26.    1.  -0.54226341E-06   0.00000000E+00   0.79040418E-06   0.00000000E+00
 26.    2.   0.37720460E-06   0.40670201E-06  -0.68451008E-06   0.00000000E+00
 26.    3.   0.20857819E-07  -0.57839021E-06   0.39520208E-06   0.00000000E+00
 26.    4.  -0.41749881E-06   0.41749881E-06  -0.28860937E-14   0.00000000E+00
 26.    5.   0.57839021E-06  -0.20857814E-07  -0.39520209E-06   0.00000000E+00
 26.    6.  -0.40670200E-06  -0.37720460E-06   0.68451010E-06   0.00000000E+00
 26.    7.  -0.65977698E-14   0.54226341E-06  -0.79040416E-06   0.00000000E+00
 26.    8.   0.40670201E-06  -0.37720460E-06   0.68451009E-06   0.00000000E+00
 26.    9.  -0.57839022E-06  -0.20857826E-07  -0.39520208E-06   0.00000000E+00
 26.   10.   0.41749880E-06   0.41749882E-06  -0.21246204E-13   0.00000000E+00
 26.   11.  -0.20857808E-07  -0.57839021E-06   0.39520209E-06   0.00000000E+00
 26.   12.  -0.37720461E-06   0.40670200E-06  -0.68451009E-06   0.00000000E+00
 26.   13.   0.54226341E-06   0.00000000E+00   0.79040418E-06   0.00000000E+00
 26.   14.  -0.66657454E-04   0.00000000E+00   0.25179796E-03   0.00000000E+00
 26.   15.   0.43396717E-04   0.61081434E-04  -0.21806343E-03   0.00000000E+00
 26.   16.   0.12504983E-04  -0.88316720E-04   0.12589898E-03   0.00000000E+00
 26.   17.  -0.67554490E-04   0.67554489E-04   0.17253444E-11   0.00000000E+00
 26.   18.   0.88316720E-04  -0.12504983E-04  -0.12589898E-03   0.00000000E+00
 26.   19.  -0.61081433E-04  -0.43396718E-04   0.21806343E-03   0.00000000E+00
 26.   20.  -0.10451896E-11   0.66657454E-04  -0.25179796E-03   0.00000000E+00
 26.   21.   0.61081435E-04  -0.43396716E-04   0.21806343E-03   0.00000000E+00
 26.   22.  -0.88316720E-04  -0.12504984E-04  -0.12589897E-03   0.00000000E+00
 26.   23.   0.67554489E-04   0.67554490E-04  -0.40845603E-11   0.00000000E+00
 26.   24.  -0.12504982E-04  -0.88316720E-04   0.12589898E-03   0.00000000E+00
 26.   25.  -0.43396718E-04   0.61081432E-04  -0.21806343E-03   0.00000000E+00
 26.   26.   0.66657454E-04   0.00000000E+00   0.25179796E-03   0.00000000E+00
 26.   27.  -0.50857392E-04   0.00000000E+00   0.17118047E-02   0.00000000E+00
 26.   28.  -0.13755284E-04   0.22150757E-03  -0.14824663E-02   0.00000000E+00
 26.   29.   0.16635596E-03  -0.33899437E-03   0.85590233E-03   0.00000000E+00
 26.   30.  -0.30761975E-03   0.30761975E-03   0.11681715E-10   0.00000000E+00
 26.   31.   0.33899436E-03  -0.16635596E-03  -0.85590234E-03   0.00000000E+00
 26.   32.  -0.22150757E-03   0.13755283E-04   0.14824663E-02   0.00000000E+00
 26.   33.  -0.50591076E-11   0.50857392E-04  -0.17118047E-02   0.00000000E+00
 26.   34.   0.22150758E-03   0.13755285E-04   0.14824663E-02   0.00000000E+00
 26.   35.  -0.33899437E-03  -0.16635596E-03  -0.85590230E-03   0.00000000E+00
 26.   36.   0.30761975E-03   0.30761975E-03  -0.27844662E-10   0.00000000E+00
 26.   37.  -0.16635596E-03  -0.33899436E-03   0.85590236E-03   0.00000000E+00
 26.   38.   0.13755282E-04   0.22150756E-03  -0.14824663E-02   0.00000000E+00
 26.   39.   0.50857392E-04   0.00000000E+00   0.17118047E-02   0.00000000E+00
 26.   40.   0.00000000E+00   0.00000000E+00   0.00000000E+00   0.00000000E+00
 26.   41.   0.00000000E+00   0.00000000E+00   0.00000000E+00   0.00000000E+00
 26.   42.   0.00000000E+00   0.00000000E+00   0.00000000E+00   0.00000000E+00
 26.   43.   0.00000000E+00   0.00000000E+00   0.00000000E+00   0.00000000E+00
 26.   44.   0.00000000E+00   0.00000000E+00   0.00000000E+00   0.00000000E+00
 26.   45.   0.00000000E+00   0.00000000E+00   0.00000000E+00   0.00000000E+00
 26.   46.   0.00000000E+00   0.00000000E+00   0.00000000E+00   0.00000000E+00
 26.   47.   0.00000000E+00   0.00000000E+00   0.00000000E+00   0.00000000E+00
 26.   48.   0.00000000E+00   0.00000000E+00   0.00000000E+00   0.00000000E+00
 26.   49.   0.00000000E+00   0.00000000E+00   0.00000000E+00   0.00000000E+00
 26.   50.   0.00000000E+00   0.00000000E+00   0.00000000E+00   0.00000000E+00
 26.   51.   0.00000000E+00   0.00000000E+00   0.00000000E+00   0.00000000E+00
 26.   52.   0.00000000E+00   0.00000000E+00   0.00000000E+00   0.00000000E+00
 26.   53.   0.00000000E+00   0.00000000E+00   0.00000000E+00   0.00000000E+00
 26.   54.   0.00000000E+00   0.00000000E+00   0.00000000E+00   0.00000000E+00
 26.   55.   0.00000000E+00   0.00000000E+00   0.00000000E+00   0.00000000E+00
 26.   56.   0.00000000E+00   0.00000000E+00   0.00000000E+00   0.00000000E+00
 26.   57.   0.00000000E+00   0.00000000E+00   0.00000000E+00   0.00000000E+00
 26.   58.   0.00000000E+00   0.00000000E+00   0.00000000E+00   0.00000000E+00
 26.   59.   0.00000000E+00   0.00000000E+00   0.00000000E+00   0.00000000E+00
 26.   60.   0.00000000E+00   0.00000000E+00   0.00000000E+00   0.00000000E+00
 26.   61.   0.00000000E+00   0.00000000E+00   0.00000000E+00   0.00000000E+00
 26.   62.   0.00000000E+00   0.00000000E+00   0.00000000E+00   0.00000000E+00
 26.   63.   0.00000000E+00   0.00000000E+00   0.00000000E+00   0.00000000E+00
 26.   64.   0.00000000E+00   0.00000000E+00   0.00000000E+00   0.00000000E+00
 26.   65.   0.00000000E+00   0.00000000E+00   0.00000000E+00   0.00000000E+00
 27.    1.  -0.30231224E-04   0.00000000E+00   0.67883105E-04   0.00000000E+00
 27.    2.  -0.13356651E-05   0.35215994E-04  -0.17569440E-04   0.00000000E+00
 27.    3.   0.31566889E-04  -0.23134397E-05  -0.58788493E-04   0.00000000E+00
 27.    4.   0.26713302E-05  -0.32902554E-04   0.48000603E-04   0.00000000E+00
 27.    5.  -0.34238219E-04   0.23134396E-05   0.33941553E-04   0.00000000E+00
 27.    6.  -0.13356652E-05   0.30589114E-04  -0.65570044E-04   0.00000000E+00
 27.    7.   0.35573884E-04   0.20890697E-12  -0.54728634E-12   0.00000000E+00
 27.    8.  -0.13356647E-05  -0.30589114E-04   0.65570044E-04   0.00000000E+00
 27.    9.  -0.34238219E-04  -0.23134400E-05  -0.33941552E-04   0.00000000E+00
 27.   10.   0.26713298E-05   0.32902554E-04  -0.48000604E-04   0.00000000E+00
 27.   11.   0.31566889E-04   0.23134402E-05   0.58788493E-04   0.00000000E+00
 27.   12.  -0.13356647E-05  -0.35215994E-04   0.17569441E-04   0.00000000E+00
 27.   13.  -0.30231224E-04   0.00000000E+00  -0.67883105E-04   0.00000000E+00
 27.   14.  -0.10216094E-03   0.00000000E+00   0.14949638E-02   0.00000000E+00
 27.   15.  -0.73480521E-04   0.37639397E-03  -0.38692509E-03   0.00000000E+00
 27.   16.   0.17564146E-03  -0.12727200E-03  -0.12946766E-02   0.00000000E+00
 27.   17.   0.14696104E-03  -0.24912198E-03   0.10570990E-02   0.00000000E+00
 27.   18.  -0.32260250E-03   0.12727200E-03   0.74748189E-03   0.00000000E+00
 27.   19.  -0.73480523E-04   0.12184998E-03  -0.14440241E-02   0.00000000E+00
 27.   20.   0.39608302E-03   0.37117632E-12  -0.12330990E-10   0.00000000E+00
 27.   21.  -0.73480517E-04  -0.12184998E-03   0.14440241E-02   0.00000000E+00
 27.   22.  -0.32260250E-03  -0.12727200E-03  -0.74748187E-03   0.00000000E+00
 27.   23.   0.14696104E-03   0.24912198E-03  -0.10570990E-02   0.00000000E+00
 27.   24.   0.17564146E-03   0.12727200E-03   0.12946766E-02   0.00000000E+00
 27.   25.  -0.73480520E-04  -0.37639397E-03   0.38692512E-03   0.00000000E+00
 27.   26.  -0.10216094E-03   0.00000000E+00  -0.14949638E-02   0.00000000E+00
 27.   27.   0.26034592E-03   0.00000000E+00  -0.58585195E-03   0.00000000E+00
 27.   28.  -0.39063067E-04  -0.11456057E-03   0.15162964E-03   0.00000000E+00
 27.   29.  -0.22128285E-03  -0.67659217E-04   0.50736267E-03   0.00000000E+00
 27.   30.   0.78126134E-04   0.18221979E-03  -0.41425989E-03   0.00000000E+00
 27.   31.   0.14315672E-03   0.67659218E-04  -0.29292598E-03   0.00000000E+00
 27.   32.  -0.39063067E-04  -0.24987900E-03   0.56588953E-03   0.00000000E+00
 27.   33.  -0.10409365E-03  -0.20228478E-11   0.48342249E-11   0.00000000E+00
 27.   34.  -0.39063068E-04   0.24987900E-03  -0.56588953E-03   0.00000000E+00
 27.   35.   0.14315672E-03  -0.67659215E-04   0.29292597E-03   0.00000000E+00
 27.   36.   0.78126137E-04  -0.18221979E-03   0.41425989E-03   0.00000000E+00
 27.   37.  -0.22128285E-03   0.67659216E-04  -0.50736267E-03   0.00000000E+00
 27.   38.  -0.39063071E-04   0.11456057E-03  -0.15162965E-03   0.00000000E+00
 27.   39.   0.26034592E-03   0.00000000E+00   0.58585195E-03   0.00000000E+00
 27.   40.   0.00000000E+00   0.00000000E+00   0.00000000E+00   0.00000000E+00
 27.   41.   0.00000000E+00   0.00000000E+00   0.00000000E+00   0.00000000E+00
 27.   42.   0.00000000E+00   0.00000000E+00   0.00000000E+00   0.00000000E+00
 27.   43.   0.00000000E+00   0.00000000E+00   0.00000000E+00   0.00000000E+00
 27.   44.   0.00000000E+00   0.00000000E+00   0.00000000E+00   0.00000000E+00
 27.   45.   0.00000000E+00   0.00000000E+00   0.00000000E+00   0.00000000E+00
 27.   46.   0.00000000E+00   0.00000000E+00   0.00000000E+00   0.00000000E+00
 27.   47.   0.00000000E+00   0.00000000E+00   0.00000000E+00   0.00000000E+00
 27.   48.   0.00000000E+00   0.00000000E+00   0.00000000E+00   0.00000000E+00
 27.   49.   0.00000000E+00   0.00000000E+00   0.00000000E+00   0.00000000E+00
 27.   50.   0.00000000E+00   0.00000000E+00   0.00000000E+00   0.00000000E+00
 27.   51.   0.00000000E+00   0.00000000E+00   0.00000000E+00   0.00000000E+00
 27.   52.   0.00000000E+00   0.00000000E+00   0.00000000E+00   0.00000000E+00
 27.   53.   0.00000000E+00   0.00000000E+00   0.00000000E+00   0.00000000E+00
 27.   54.   0.00000000E+00   0.00000000E+00   0.00000000E+00   0.00000000E+00
 27.   55.   0.00000000E+00   0.00000000E+00   0.00000000E+00   0.00000000E+00
 27.   56.   0.00000000E+00   0.00000000E+00   0.00000000E+00   0.00000000E+00
 27.   57.   0.00000000E+00   0.00000000E+00   0.00000000E+00   0.00000000E+00
 27.   58.   0.00000000E+00   0.00000000E+00   0.00000000E+00   0.00000000E+00
 27.   59.   0.00000000E+00   0.00000000E+00   0.00000000E+00   0.00000000E+00
 27.   60.   0.00000000E+00   0.00000000E+00   0.00000000E+00   0.00000000E+00
 27.   61.   0.00000000E+00   0.00000000E+00   0.00000000E+00   0.00000000E+00
 27.   62.   0.00000000E+00   0.00000000E+00   0.00000000E+00   0.00000000E+00
 27.   63.   0.00000000E+00   0.00000000E+00   0.00000000E+00   0.00000000E+00
 27.   64.   0.00000000E+00   0.00000000E+00   0.00000000E+00   0.00000000E+00
 27.   65.   0.00000000E+00   0.00000000E+00   0.00000000E+00   0.00000000E+00
 28.    1.   0.23966975E-03   0.00000000E+00   0.12835227E-02   0.00000000E+00
 28.    2.   0.17560727E-03   0.14657536E-03   0.11115632E-02   0.00000000E+00
 28.    3.   0.20528665E-04   0.20411306E-03   0.64176133E-03   0.00000000E+00
 28.    4.  -0.13594894E-03   0.13594894E-03   0.16657059E-11   0.00000000E+00
 28.    5.  -0.20411306E-03  -0.20528664E-04  -0.64176133E-03   0.00000000E+00
 28.    6.  -0.14657536E-03  -0.17560727E-03  -0.11115632E-02   0.00000000E+00
 28.    7.  -0.73459832E-12  -0.23966975E-03  -0.12835227E-02   0.00000000E+00
 28.    8.   0.14657536E-03  -0.17560727E-03  -0.11115632E-02   0.00000000E+00
 28.    9.   0.20411306E-03  -0.20528665E-04  -0.64176134E-03   0.00000000E+00
 28.   10.   0.13594894E-03   0.13594894E-03  -0.42877199E-11   0.00000000E+00
 28.   11.  -0.20528663E-04   0.20411306E-03   0.64176133E-03   0.00000000E+00
 28.   12.  -0.17560727E-03   0.14657536E-03   0.11115632E-02   0.00000000E+00
 28.   13.  -0.23966975E-03   0.00000000E+00   0.12835227E-02   0.00000000E+00
 28.   14.  -0.24803291E-03   0.00000000E+00  -0.54418149E-03   0.00000000E+00
 28.   15.  -0.20215701E-03  -0.75474049E-04  -0.47127499E-03   0.00000000E+00
 28.   16.  -0.89578383E-04  -0.92878600E-04  -0.27209074E-03   0.00000000E+00
 28.   17.   0.29104866E-04  -0.29104866E-04  -0.68414576E-12   0.00000000E+00
 28.   18.   0.92878600E-04   0.89578383E-04   0.27209074E-03   0.00000000E+00
 28.   19.   0.75474049E-04   0.20215701E-03   0.47127499E-03   0.00000000E+00
 28.   20.   0.39216009E-12   0.24803291E-03   0.54418149E-03   0.00000000E+00
 28.   21.  -0.75474049E-04   0.20215701E-03   0.47127499E-03   0.00000000E+00
 28.   22.  -0.92878600E-04   0.89578384E-04   0.27209075E-03   0.00000000E+00
 28.   23.  -0.29104867E-04  -0.29104865E-04   0.18265426E-11   0.00000000E+00
 28.   24.   0.89578382E-04  -0.92878599E-04  -0.27209074E-03   0.00000000E+00
 28.   25.   0.20215701E-03  -0.75474049E-04  -0.47127499E-03   0.00000000E+00
 28.   26.   0.24803291E-03   0.00000000E+00  -0.54418149E-03   0.00000000E+00
 28.   27.   0.23732655E-03   0.00000000E+00  -0.64952538E-04   0.00000000E+00
 28.   28.   0.19896413E-03   0.51565873E-04  -0.56250548E-04   0.00000000E+00
 28.   29.   0.10422630E-03   0.56801292E-04  -0.32476269E-04   0.00000000E+00
 28.   30.   0.23856324E-05  -0.23856320E-05  -0.90138809E-13   0.00000000E+00
 28.   31.  -0.56801292E-04  -0.10422630E-03   0.32476269E-04   0.00000000E+00
 28.   32.  -0.51565873E-04  -0.19896413E-03   0.56250548E-04   0.00000000E+00
 28.   33.  -0.27166105E-12  -0.23732655E-03   0.64952538E-04   0.00000000E+00
 28.   34.   0.51565873E-04  -0.19896413E-03   0.56250548E-04   0.00000000E+00
 28.   35.   0.56801292E-04  -0.10422631E-03   0.32476269E-04   0.00000000E+00
 28.   36.  -0.23856316E-05  -0.23856327E-05   0.22321752E-12   0.00000000E+00
 28.   37.  -0.10422630E-03   0.56801291E-04  -0.32476269E-04   0.00000000E+00
 28.   38.  -0.19896413E-03   0.51565873E-04  -0.56250548E-04   0.00000000E+00
 28.   39.  -0.23732655E-03   0.00000000E+00  -0.64952538E-04   0.00000000E+00
 28.   40.   0.00000000E+00   0.00000000E+00   0.00000000E+00   0.00000000E+00
 28.   41.   0.00000000E+00   0.00000000E+00   0.00000000E+00   0.00000000E+00
 28.   42.   0.00000000E+00   0.00000000E+00   0.00000000E+00   0.00000000E+00
 28.   43.   0.00000000E+00   0.00000000E+00   0.00000000E+00   0.00000000E+00
 28.   44.   0.00000000E+00   0.00000000E+00   0.00000000E+00   0.00000000E+00
 28.   45.   0.00000000E+00   0.00000000E+00   0.00000000E+00   0.00000000E+00
 28.   46.   0.00000000E+00   0.00000000E+00   0.00000000E+00   0.00000000E+00
 28.   47.   0.00000000E+00   0.00000000E+00   0.00000000E+00   0.00000000E+00
 28.   48.   0.00000000E+00   0.00000000E+00   0.00000000E+00   0.00000000E+00
 28.   49.   0.00000000E+00   0.00000000E+00   0.00000000E+00   0.00000000E+00
 28.   50.   0.00000000E+00   0.00000000E+00   0.00000000E+00   0.00000000E+00
 28.   51.   0.00000000E+00   0.00000000E+00   0.00000000E+00   0.00000000E+00
 28.   52.   0.00000000E+00   0.00000000E+00   0.00000000E+00   0.00000000E+00
 28.   53.   0.00000000E+00   0.00000000E+00   0.00000000E+00   0.00000000E+00
 28.   54.   0.00000000E+00   0.00000000E+00   0.00000000E+00   0.00000000E+00
 28.   55.   0.00000000E+00   0.00000000E+00   0.00000000E+00   0.00000000E+00
 28.   56.   0.00000000E+00   0.00000000E+00   0.00000000E+00   0.00000000E+00
 28.   57.   0.00000000E+00   0.00000000E+00   0.00000000E+00   0.00000000E+00
 28.   58.   0.00000000E+00   0.00000000E+00   0.00000000E+00   0.00000000E+00
 28.   59.   0.00000000E+00   0.00000000E+00   0.00000000E+00   0.00000000E+00
 28.   60.   0.00000000E+00   0.00000000E+00   0.00000000E+00   0.00000000E+00
 28.   61.   0.00000000E+00   0.00000000E+00   0.00000000E+00   0.00000000E+00
 28.   62.   0.00000000E+00   0.00000000E+00   0.00000000E+00   0.00000000E+00
 28.   63.   0.00000000E+00   0.00000000E+00   0.00000000E+00   0.00000000E+00
 28.   64.   0.00000000E+00   0.00000000E+00   0.00000000E+00   0.00000000E+00
 28.   65.   0.00000000E+00   0.00000000E+00   0.00000000E+00   0.00000000E+00
 29.    1.  -0.27557475E-04   0.00000000E+00  -0.61174182E-03   0.00000000E+00
 29.    2.  -0.26618477E-04  -0.71323994E-05  -0.61174182E-03   0.00000000E+00
 29.    3.  -0.23865474E-04  -0.13778738E-04  -0.61174182E-03   0.00000000E+00
 29.    4.  -0.19486078E-04  -0.19486078E-04  -0.61174182E-03   0.00000000E+00
 29.    5.  -0.13778738E-04  -0.23865474E-04  -0.61174182E-03   0.00000000E+00
 29.    6.  -0.71323995E-05  -0.26618477E-04  -0.61174182E-03   0.00000000E+00
 29.    7.  -0.32485858E-13  -0.27557475E-04  -0.61174182E-03   0.00000000E+00
 29.    8.   0.71323994E-05  -0.26618477E-04  -0.61174182E-03   0.00000000E+00
 29.    9.   0.13778738E-04  -0.23865474E-04  -0.61174182E-03   0.00000000E+00
 29.   10.   0.19486078E-04  -0.19486078E-04  -0.61174182E-03   0.00000000E+00
 29.   11.   0.23865474E-04  -0.13778738E-04  -0.61174182E-03   0.00000000E+00
 29.   12.   0.26618477E-04  -0.71323995E-05  -0.61174182E-03   0.00000000E+00
 29.   13.   0.27557475E-04   0.00000000E+00  -0.61174182E-03   0.00000000E+00
 29.   14.   0.99607627E-04   0.00000000E+00   0.30367710E-03   0.00000000E+00
 29.   15.   0.96213579E-04   0.25780351E-04   0.30367710E-03   0.00000000E+00
 29.   16.   0.86262735E-04   0.49803813E-04   0.30367710E-03   0.00000000E+00
 29.   17.   0.70433228E-04   0.70433228E-04   0.30367710E-03   0.00000000E+00
 29.   18.   0.49803813E-04   0.86262735E-04   0.30367710E-03   0.00000000E+00
 29.   19.   0.25780351E-04   0.96213579E-04   0.30367710E-03   0.00000000E+00
 29.   20.   0.11745231E-12   0.99607626E-04   0.30367710E-03   0.00000000E+00
 29.   21.  -0.25780351E-04   0.96213579E-04   0.30367710E-03   0.00000000E+00
 29.   22.  -0.49803813E-04   0.86262735E-04   0.30367710E-03   0.00000000E+00
 29.   23.  -0.70433228E-04   0.70433228E-04   0.30367710E-03   0.00000000E+00
 29.   24.  -0.86262735E-04   0.49803813E-04   0.30367710E-03   0.00000000E+00
 29.   25.  -0.96213579E-04   0.25780351E-04   0.30367710E-03   0.00000000E+00
 29.   26.  -0.99607627E-04   0.00000000E+00   0.30367710E-03   0.00000000E+00
 29.   27.  -0.10877342E-03   0.00000000E+00   0.48252232E-05   0.00000000E+00
 29.   28.  -0.10506705E-03  -0.28152632E-04   0.48252232E-05   0.00000000E+00
 29.   29.  -0.94200544E-04  -0.54386709E-04   0.48252232E-05   0.00000000E+00
 29.   30.  -0.76914422E-04  -0.76914422E-04   0.48252231E-05   0.00000000E+00
 29.   31.  -0.54386710E-04  -0.94200544E-04   0.48252231E-05   0.00000000E+00
 29.   32.  -0.28152632E-04  -0.10506705E-03   0.48252231E-05   0.00000000E+00
 29.   33.  -0.12850144E-12  -0.10877342E-03   0.48252231E-05   0.00000000E+00
 29.   34.   0.28152632E-04  -0.10506705E-03   0.48252231E-05   0.00000000E+00
 29.   35.   0.54386709E-04  -0.94200544E-04   0.48252231E-05   0.00000000E+00
 29.   36.   0.76914422E-04  -0.76914422E-04   0.48252231E-05   0.00000000E+00
 29.   37.   0.94200544E-04  -0.54386710E-04   0.48252232E-05   0.00000000E+00
 29.   38.   0.10506705E-03  -0.28152633E-04   0.48252232E-05   0.00000000E+00
 29.   39.   0.10877342E-03   0.00000000E+00   0.48252232E-05   0.00000000E+00
 29.   40.   0.00000000E+00   0.00000000E+00   0.00000000E+00   0.00000000E+00
 29.   41.   0.00000000E+00   0.00000000E+00   0.00000000E+00   0.00000000E+00
 29.   42.   0.00000000E+00   0.00000000E+00   0.00000000E+00   0.00000000E+00
 29.   43.   0.00000000E+00   0.00000000E+00   0.00000000E+00   0.00000000E+00
 29.   44.   0.00000000E+00   0.00000000E+00   0.00000000E+00   0.00000000E+00
 29.   45.   0.00000000E+00   0.00000000E+00   0.00000000E+00   0.00000000E+00
 29.   46.   0.00000000E+00   0.00000000E+00   0.00000000E+00   0.00000000E+00
 29.   47.   0.00000000E+00   0.00000000E+00   0.00000000E+00   0.00000000E+00
 29.   48.   0.00000000E+00   0.00000000E+00   0.00000000E+00   0.00000000E+00
 29.   49.   0.00000000E+00   0.00000000E+00   0.00000000E+00   0.00000000E+00
 29.   50.   0.00000000E+00   0.00000000E+00   0.00000000E+00   0.00000000E+00
 29.   51.   0.00000000E+00   0.00000000E+00   0.00000000E+00   0.00000000E+00
 29.   52.   0.00000000E+00   0.00000000E+00   0.00000000E+00   0.00000000E+00
 29.   53.   0.00000000E+00   0.00000000E+00   0.00000000E+00   0.00000000E+00
 29.   54.   0.00000000E+00   0.00000000E+00   0.00000000E+00   0.00000000E+00
 29.   55.   0.00000000E+00   0.00000000E+00   0.00000000E+00   0.00000000E+00
 29.   56.   0.00000000E+00   0.00000000E+00   0.00000000E+00   0.00000000E+00
 29.   57.   0.00000000E+00   0.00000000E+00   0.00000000E+00   0.00000000E+00
 29.   58.   0.00000000E+00   0.00000000E+00   0.00000000E+00   0.00000000E+00
 29.   59.   0.00000000E+00   0.00000000E+00   0.00000000E+00   0.00000000E+00
 29.   60.   0.00000000E+00   0.00000000E+00   0.00000000E+00   0.00000000E+00
 29.   61.   0.00000000E+00   0.00000000E+00   0.00000000E+00   0.00000000E+00
 29.   62.   0.00000000E+00   0.00000000E+00   0.00000000E+00   0.00000000E+00
 29.   63.   0.00000000E+00   0.00000000E+00   0.00000000E+00   0.00000000E+00
 29.   64.   0.00000000E+00   0.00000000E+00   0.00000000E+00   0.00000000E+00
 29.   65.   0.00000000E+00   0.00000000E+00   0.00000000E+00   0.00000000E+00
 30.    1.  -0.19359903E-06   0.00000000E+00   0.25903716E-06   0.00000000E+00
 30.    2.   0.16650270E-06   0.10112468E-06  -0.25021062E-06   0.00000000E+00
 30.    3.  -0.92474266E-07  -0.17515303E-06   0.22433252E-06   0.00000000E+00
 30.    4.  -0.86502778E-08   0.20224929E-06  -0.18316691E-06   0.00000000E+00
 30.    5.   0.10977501E-06  -0.17515306E-06   0.12951854E-06   0.00000000E+00
 30.    6.  -0.18380347E-06   0.10112461E-06  -0.67043783E-07   0.00000000E+00
 30.    7.   0.21089964E-06  -0.34645998E-13  -0.11617317E-12   0.00000000E+00
 30.    8.  -0.18380336E-06  -0.10112463E-06   0.67043642E-07   0.00000000E+00
 30.    9.   0.10977498E-06   0.17515308E-06  -0.12951849E-06   0.00000000E+00
 30.   10.  -0.86504039E-08  -0.20224928E-06   0.18316697E-06   0.00000000E+00
 30.   11.  -0.92474402E-07   0.17515306E-06  -0.22433260E-06   0.00000000E+00
 30.   12.   0.16650257E-06  -0.10112461E-06   0.25021067E-06   0.00000000E+00
 30.   13.  -0.19359905E-06   0.00000000E+00  -0.25903698E-06   0.00000000E+00
 30.   14.  -0.45367775E-04   0.00000000E+00   0.15400814E-03   0.00000000E+00
 30.   15.   0.38051833E-04   0.27303467E-04  -0.14876044E-03   0.00000000E+00
 30.   16.  -0.18064307E-04  -0.47290993E-04   0.13337496E-03   0.00000000E+00
 30.   17.  -0.92391600E-05   0.54606935E-04  -0.10890020E-03   0.00000000E+00
 30.   18.   0.36542627E-04  -0.47290992E-04   0.77004069E-04   0.00000000E+00
 30.   19.  -0.56530152E-04   0.27303467E-04  -0.39860239E-04   0.00000000E+00
 30.   20.   0.63846094E-04   0.52663166E-12  -0.20003733E-11   0.00000000E+00
 30.   21.  -0.56530152E-04  -0.27303468E-04   0.39860242E-04   0.00000000E+00
 30.   22.   0.36542626E-04   0.47290993E-04  -0.77004073E-04   0.00000000E+00
 30.   23.  -0.92391588E-05  -0.54606934E-04   0.10890020E-03   0.00000000E+00
 30.   24.  -0.18064309E-04   0.47290992E-04  -0.13337496E-03   0.00000000E+00
 30.   25.   0.38051833E-04  -0.27303466E-04   0.14876044E-03   0.00000000E+00
 30.   26.  -0.45367775E-04   0.00000000E+00  -0.15400814E-03   0.00000000E+00
 30.   27.  -0.64737050E-04   0.00000000E+00   0.14193582E-02   0.00000000E+00
 30.   28.   0.33993165E-04   0.11473774E-03  -0.13709947E-02   0.00000000E+00
 30.   29.   0.50000691E-04  -0.19873160E-03   0.12292002E-02   0.00000000E+00
 30.   30.  -0.16473843E-03   0.22947548E-03  -0.10036378E-02   0.00000000E+00
 30.   31.   0.27947617E-03  -0.19873160E-03   0.70967907E-03   0.00000000E+00
 30.   32.  -0.36347003E-03   0.11473774E-03  -0.36735691E-03   0.00000000E+00
 30.   33.   0.39421391E-03   0.43007359E-12  -0.18392283E-10   0.00000000E+00
 30.   34.  -0.36347003E-03  -0.11473774E-03   0.36735695E-03   0.00000000E+00
 30.   35.   0.27947617E-03   0.19873160E-03  -0.70967910E-03   0.00000000E+00
 30.   36.  -0.16473843E-03  -0.22947548E-03   0.10036378E-02   0.00000000E+00
 30.   37.   0.50000686E-04   0.19873159E-03  -0.12292002E-02   0.00000000E+00
 30.   38.   0.33993168E-04  -0.11473773E-03   0.13709947E-02   0.00000000E+00
 30.   39.  -0.64737050E-04   0.00000000E+00  -0.14193582E-02   0.00000000E+00
 30.   40.   0.00000000E+00   0.00000000E+00   0.00000000E+00   0.00000000E+00
 30.   41.   0.00000000E+00   0.00000000E+00   0.00000000E+00   0.00000000E+00
 30.   42.   0.00000000E+00   0.00000000E+00   0.00000000E+00   0.00000000E+00
 30.   43.   0.00000000E+00   0.00000000E+00   0.00000000E+00   0.00000000E+00
 30.   44.   0.00000000E+00   0.00000000E+00   0.00000000E+00   0.00000000E+00
 30.   45.   0.00000000E+00   0.00000000E+00   0.00000000E+00   0.00000000E+00
 30.   46.   0.00000000E+00   0.00000000E+00   0.00000000E+00   0.00000000E+00
 30.   47.   0.00000000E+00   0.00000000E+00   0.00000000E+00   0.00000000E+00
 30.   48.   0.00000000E+00   0.00000000E+00   0.00000000E+00   0.00000000E+00
 30.   49.   0.00000000E+00   0.00000000E+00   0.00000000E+00   0.00000000E+00
 30.   50.   0.00000000E+00   0.00000000E+00   0.00000000E+00   0.00000000E+00
 30.   51.   0.00000000E+00   0.00000000E+00   0.00000000E+00   0.00000000E+00
 30.   52.   0.00000000E+00   0.00000000E+00   0.00000000E+00   0.00000000E+00
 30.   53.   0.00000000E+00   0.00000000E+00   0.00000000E+00   0.00000000E+00
 30.   54.   0.00000000E+00   0.00000000E+00   0.00000000E+00   0.00000000E+00
 30.   55.   0.00000000E+00   0.00000000E+00   0.00000000E+00   0.00000000E+00
 30.   56.   0.00000000E+00   0.00000000E+00   0.00000000E+00   0.00000000E+00
 30.   57.   0.00000000E+00   0.00000000E+00   0.00000000E+00   0.00000000E+00
 30.   58.   0.00000000E+00   0.00000000E+00   0.00000000E+00   0.00000000E+00
 30.   59.   0.00000000E+00   0.00000000E+00   0.00000000E+00   0.00000000E+00
 30.   60.   0.00000000E+00   0.00000000E+00   0.00000000E+00   0.00000000E+00
 30.   61.   0.00000000E+00   0.00000000E+00   0.00000000E+00   0.00000000E+00
 30.   62.   0.00000000E+00   0.00000000E+00   0.00000000E+00   0.00000000E+00
 30.   63.   0.00000000E+00   0.00000000E+00   0.00000000E+00   0.00000000E+00
 30.   64.   0.00000000E+00   0.00000000E+00   0.00000000E+00   0.00000000E+00
 30.   65.   0.00000000E+00   0.00000000E+00   0.00000000E+00   0.00000000E+00
